design_id,design_sha256,protocol_sha256,cell_id,cell_type,replication_seed,n_scenarios,scenario_sha256,copula_family,marginal_family,kendall_tau,alpha,risk_limit_frontier_quantile,risk_limit,risk_reference_low,risk_reference_high,budget_to_max_cost_ratio,budget,dominant_crop_cap_share,contract_minimum_share,solver_method,solver_status,solver_status_code,expected_profit,cvar_loss,var_loss,selected_reversal,possible_reversal,universal_reversal,face_status,face_min_difference,face_max_difference,face_width,lower_tail_dependence,copula_ordering_scope,manuscript_admissible,allocation_Corn,allocation_Soybean,allocation_Winter Wheat,pseudo_diversification_flag,top_ranked_crop_index,top_ranked_allocation_share,max_pairwise_correlation,interpretation,acreage_usage,acreage_slack,budget_usage,budget_slack,min_lower_bound_slack,min_upper_bound_slack,rotation_slack_Corn,cvar_slack,rotation_binds_Corn,contract_slack_Winter Wheat,contract_binds_Winter Wheat,optimizer_var_auxiliary,optimizer_cvar_expression,optimizer_cvar_slack,budget_binds,cvar_binds,land_binds,rotation_binds,contract_binds,lower_bound_binds,upper_bound_binds,kkt_primal_residual,kkt_dual_nonnegativity_violation,kkt_stationarity_residual,kkt_complementarity_residual,risk_dual_eta,tail_weight_sum,tail_weight_min,tail_weight_max,tail_weight_cap,tail_weight_violation,raw_dual_land,raw_dual_budget,raw_dual_cvar,raw_dual_rotation_Corn,raw_dual_contract_Winter Wheat,shadow_price_land,shadow_price_budget,shadow_price_cvar,shadow_price_rotation_Corn,shadow_price_contract_Winter Wheat,lower_bound_slack_Corn,upper_bound_slack_Corn,lower_bound_binds_Corn,upper_bound_binds_Corn,raw_dual_lower_bound_Corn,shadow_price_lower_bound_Corn,raw_dual_upper_bound_Corn,shadow_price_upper_bound_Corn,lower_bound_slack_Soybean,upper_bound_slack_Soybean,lower_bound_binds_Soybean,upper_bound_binds_Soybean,raw_dual_lower_bound_Soybean,shadow_price_lower_bound_Soybean,raw_dual_upper_bound_Soybean,shadow_price_upper_bound_Soybean,lower_bound_slack_Winter Wheat,upper_bound_slack_Winter Wheat,lower_bound_binds_Winter Wheat,upper_bound_binds_Winter Wheat,raw_dual_lower_bound_Winter Wheat,shadow_price_lower_bound_Winter Wheat,raw_dual_upper_bound_Winter Wheat,shadow_price_upper_bound_Winter Wheat
CRR-SIM-FREEZE-2026-07-19,4b5897f5d225af6334e3082ce8d9f065cdd7067f2664f3ef63426b5597055b27,ca4f0b86858a11607abd1c7ff4863214acb59c693318630e5515686ebe037048,LHS-01-001,lhs,2026071901,10000,fadeb46d9a179f49a30d031d955f704c4fff42862948bff3adcab2549f28bf7e,gaussian,gaussian,0.4146433295,0.9082334652,0.4657453392,-118.5021417,-130.3695501,-104.8890838,0.9252671896,402.1766366,0.7168859582,0.08461393969,highs,optimal,0,354.8151565,-118.5021417,-180.4001003,False,False,False,solved,0.3180096186,0.3180106923,1.073730272e-06,0,WITHIN_NAMED_FAMILY_ONLY; scalar tail dependence is not a cross-family order,CONDITIONAL_ON_CONVERGENCE_AUDIT,0.6166983763,0.298687684,0.08461393969,False,0,0.6166983763,0.6081414858,DESCRIPTIVE_ONLY_NOT_WELFARE_OR_EXCLUSION,1,0,353.8431889,48.33344767,0.08461393969,0.3833016237,0.1001875819,-3.0127012e-12,False,0,True,-180.4001003,-118.5021417,-3.0127012e-12,False,True,True,False,True,False,False,3.112177183e-12,0,5.115907697e-13,1.605764524e-13,0.05159617946,1,0,0.001089721871,0.001089721871,0,-381.066632,-0,-0.05159617946,-0,-237.9893639,381.066632,0,0.05159617946,0,237.9893639,0.6166983763,0.3833016237,False,False,0,-0,0,-0,0.298687684,0.701312316,False,False,0,-0,0,-0,0.08461393969,0.9153860603,False,False,0,-0,0,-0
CRR-SIM-FREEZE-2026-07-19,4b5897f5d225af6334e3082ce8d9f065cdd7067f2664f3ef63426b5597055b27,ca4f0b86858a11607abd1c7ff4863214acb59c693318630e5515686ebe037048,LHS-01-001,lhs,2026071902,10000,0b6c1301ed5d9fada950525286429a539091cb83660159b8c9a82e0dd9b7feb0,gaussian,gaussian,0.4146433295,0.9082334652,0.4657453392,-117.3589766,-129.1931032,-103.7840961,0.9252671896,402.1766366,0.7168859582,0.08461393969,highs,optimal,0,355.3943151,-117.3589766,-180.2660794,False,False,False,solved,0.3181085064,0.3181094754,9.690084901e-07,0,WITHIN_NAMED_FAMILY_ONLY; scalar tail dependence is not a cross-family order,CONDITIONAL_ON_CONVERGENCE_AUDIT,0.6167477679,0.2986382924,0.08461393969,False,0,0.6167477679,0.6132743985,DESCRIPTIVE_ONLY_NOT_WELFARE_OR_EXCLUSION,1,0,353.8526277,48.32400894,0.08461393969,0.3832522321,0.1001381904,-2.813749234e-12,False,0,True,-180.2660794,-117.3589766,-2.813749234e-12,False,True,True,False,True,False,False,3.367972568e-12,0,7.958078641e-13,1.415359977e-13,0.05757058041,1,0,0.001089721871,0.001089721871,0,-382.358966,-0,-0.05757058041,-0,-238.8285734,382.358966,0,0.05757058041,0,238.8285734,0.6167477679,0.3832522321,False,False,0,-0,0,-0,0.2986382924,0.7013617076,False,False,0,-0,0,-0,0.08461393969,0.9153860603,False,False,0,-0,0,-0
CRR-SIM-FREEZE-2026-07-19,4b5897f5d225af6334e3082ce8d9f065cdd7067f2664f3ef63426b5597055b27,ca4f0b86858a11607abd1c7ff4863214acb59c693318630e5515686ebe037048,LHS-01-001,lhs,2026071903,10000,ffd6abdde688fb704300e41027163222a5bfed161717b51c28da685c76b63293,gaussian,gaussian,0.4146433295,0.9082334652,0.4657453392,-121.0866405,-132.1700598,-108.3728936,0.9252671896,402.1766366,0.7168859582,0.08461393969,highs,optimal,0,356.9744732,-121.0866405,-183.079413,False,False,False,solved,0.321990845,0.321991586,7.40961501e-07,0,WITHIN_NAMED_FAMILY_ONLY; scalar tail dependence is not a cross-family order,CONDITIONAL_ON_CONVERGENCE_AUDIT,0.6186888231,0.2966972372,0.08461393969,False,0,0.6186888231,0.6038311926,DESCRIPTIVE_ONLY_NOT_WELFARE_OR_EXCLUSION,1,0,354.2235633,47.95307328,0.08461393969,0.3813111769,0.09819713512,-2.913225217e-12,False,0,True,-183.079413,-121.0866405,-2.913225217e-12,False,True,True,False,True,False,False,2.98427949e-12,0,4.547473509e-13,2.377720739e-13,0.0796748678,1,0,0.001089721871,0.001089721871,0,-387.0734991,-0,-0.0796748678,-0,-241.7032458,387.0734991,0,0.0796748678,0,241.7032458,0.6186888231,0.3813111769,False,False,0,-0,0,-0,0.2966972372,0.7033027628,False,False,0,-0,0,-0,0.08461393969,0.9153860603,False,False,0,-0,0,-0
CRR-SIM-FREEZE-2026-07-19,4b5897f5d225af6334e3082ce8d9f065cdd7067f2664f3ef63426b5597055b27,ca4f0b86858a11607abd1c7ff4863214acb59c693318630e5515686ebe037048,LHS-01-001,lhs,2026071904,10000,7d24247af3179980f4ec94f3c38623f833661a06f5055d00f7ce4b82a11528ab,gaussian,gaussian,0.4146433295,0.9082334652,0.4657453392,-120.016123,-130.8748107,-107.5601647,0.9252671896,402.1766366,0.7168859582,0.08461393969,highs,optimal,0,351.9324791,-120.016123,-179.4581171,False,False,False,solved,0.3250942262,0.3250951521,9.258102704e-07,0,WITHIN_NAMED_FAMILY_ONLY; scalar tail dependence is not a cross-family order,CONDITIONAL_ON_CONVERGENCE_AUDIT,0.6202406062,0.2951454541,0.08461393969,False,0,0.6202406062,0.6116312609,DESCRIPTIVE_ONLY_NOT_WELFARE_OR_EXCLUSION,1,0,354.5201091,47.65652754,0.08461393969,0.3797593938,0.09664535207,-3.026912054e-12,False,0,True,-179.4581171,-120.016123,-3.026912054e-12,False,True,True,False,True,False,False,3.154809747e-12,0,7.389644452e-13,1.982317035e-13,0.0628347569,1,0,0.001089721871,0.001089721871,0,-379.5162178,-0,-0.0628347569,-0,-236.8706012,379.5162178,0,0.0628347569,0,236.8706012,0.6202406062,0.3797593938,False,False,0,-0,0,-0,0.2951454541,0.7048545459,False,False,0,-0,0,-0,0.08461393969,0.9153860603,False,False,0,-0,0,-0
CRR-SIM-FREEZE-2026-07-19,4b5897f5d225af6334e3082ce8d9f065cdd7067f2664f3ef63426b5597055b27,ca4f0b86858a11607abd1c7ff4863214acb59c693318630e5515686ebe037048,LHS-01-001,lhs,2026071905,10000,4fc0e24364ba271c76d9bf322907968e0b44fdf6c255117065cb262ef07a6be6,gaussian,gaussian,0.4146433295,0.9082334652,0.4657453392,-119.8917344,-131.4527375,-106.6301529,0.9252671896,402.1766366,0.7168859582,0.08461393969,highs,optimal,0,355.2550631,-119.8917344,-178.8979685,False,False,False,solved,0.3206444334,0.3206454741,1.040638934e-06,0,WITHIN_NAMED_FAMILY_ONLY; scalar tail dependence is not a cross-family order,CONDITIONAL_ON_CONVERGENCE_AUDIT,0.6180157672,0.2973702931,0.08461393969,False,0,0.6180157672,0.6229955249,DESCRIPTIVE_ONLY_NOT_WELFARE_OR_EXCLUSION,1,0,354.0949423,48.08169427,0.08461393969,0.3819842328,0.09887019105,-2.813749234e-12,False,0,True,-178.8979685,-119.8917344,-2.799538379e-12,False,True,True,False,True,False,False,8.210321312e-12,0,5.684341886e-13,1.466973825e-13,0.05404665224,1,0,0.001089721871,0.001089721871,0,-382.0137576,-0,-0.05404665224,-0,-239.6643821,382.0137576,0,0.05404665224,0,239.6643821,0.6180157672,0.3819842328,False,False,0,-0,0,-0,0.2973702931,0.7026297069,False,False,0,-0,0,-0,0.08461393969,0.9153860603,False,False,0,-0,0,-0
CRR-SIM-FREEZE-2026-07-19,4b5897f5d225af6334e3082ce8d9f065cdd7067f2664f3ef63426b5597055b27,ca4f0b86858a11607abd1c7ff4863214acb59c693318630e5515686ebe037048,LHS-01-002,lhs,2026071901,10000,2ca40dc767fab87bb2f20c74775cbe9a6ac8f2711ef46dc9b2dfcde8340073db,gaussian,student_t_df5,0.4271681584,0.9325466288,0.8453226299,-98.9290068,-103.2689139,-98.13488939,0.7685928617,334.0765733,0.6934374775,0.1015538954,highs,optimal,0,350.1365375,-98.9290068,-178.2507534,False,False,False,solved,0.1314676591,0.1314687438,1.084758993e-06,0,WITHIN_NAMED_FAMILY_ONLY; scalar tail dependence is not a cross-family order,CONDITIONAL_ON_CONVERGENCE_AUDIT,0.5149574242,0.3834886804,0.1015538954,False,0,0.5149574242,0.6149780817,DESCRIPTIVE_ONLY_NOT_WELFARE_OR_EXCLUSION,1,0,332.8853834,1.191189924,0.1015538954,0.4850425758,0.1784800533,1.520561455e-12,False,0,True,-178.2507534,-98.9290068,1.520561455e-12,False,True,True,False,True,False,False,2.842170943e-14,0,4.547473509e-13,6.132353213e-14,0.05076776405,1,0,0.001482505591,0.001482505591,0,-379.1941093,-0,-0.05076776405,-0,-236.6740068,379.1941093,0,0.05076776405,0,236.6740068,0.5149574242,0.4850425758,False,False,0,-0,0,-0,0.3834886804,0.6165113196,False,False,0,-0,0,-0,0.1015538954,0.8984461046,False,False,0,-0,0,-0
CRR-SIM-FREEZE-2026-07-19,4b5897f5d225af6334e3082ce8d9f065cdd7067f2664f3ef63426b5597055b27,ca4f0b86858a11607abd1c7ff4863214acb59c693318630e5515686ebe037048,LHS-01-002,lhs,2026071902,10000,e7715bcb27e346c35d38cd885d42842ddff9f9f02bcbd980bc9d89dd0167a3b8,gaussian,student_t_df5,0.4271681584,0.9325466288,0.8453226299,-95.07865747,-99.93953306,-94.1892131,0.7685928617,334.0765733,0.6934374775,0.1015538954,highs,optimal,0,350.3272137,-95.07865747,-175.8191736,False,False,False,solved,0.1310373257,0.1310382802,9.544896844e-07,0,WITHIN_NAMED_FAMILY_ONLY; scalar tail dependence is not a cross-family order,CONDITIONAL_ON_CONVERGENCE_AUDIT,0.5147421924,0.3837039122,0.1015538954,False,0,0.5147421924,0.6102830053,DESCRIPTIVE_ONLY_NOT_WELFARE_OR_EXCLUSION,1,0,332.8442526,1.232320727,0.1015538954,0.4852578076,0.1786952851,1.435296326e-12,False,0,True,-175.8191736,-95.07865747,1.435296326e-12,False,True,True,False,True,False,False,1.136868377e-13,0,6.821210263e-13,8.431736861e-14,0.05345321929,1,0,0.001482505591,0.001482505591,0,-379.451754,-0,-0.05345321929,-0,-236.7440454,379.451754,0,0.05345321929,0,236.7440454,0.5147421924,0.4852578076,False,False,0,-0,0,-0,0.3837039122,0.6162960878,False,False,0,-0,0,-0,0.1015538954,0.8984461046,False,False,0,-0,0,-0
CRR-SIM-FREEZE-2026-07-19,4b5897f5d225af6334e3082ce8d9f065cdd7067f2664f3ef63426b5597055b27,ca4f0b86858a11607abd1c7ff4863214acb59c693318630e5515686ebe037048,LHS-01-002,lhs,2026071903,10000,d1521e076798c8c8b0377d7fa5d4efe8d0cd1ada22f5648e2cb87491b461856d,gaussian,student_t_df5,0.4271681584,0.9325466288,0.8453226299,-100.9016005,-104.8839236,-100.1729139,0.7685928617,334.0765733,0.6934374775,0.1015538954,highs,optimal,0,351.9364632,-100.9016005,-181.1965072,False,False,False,solved,0.1323828603,0.1323836451,7.847888071e-07,0,WITHIN_NAMED_FAMILY_ONLY; scalar tail dependence is not a cross-family order,CONDITIONAL_ON_CONVERGENCE_AUDIT,0.5154148749,0.3830312297,0.1015538954,False,0,0.5154148749,0.6126821197,DESCRIPTIVE_ONLY_NOT_WELFARE_OR_EXCLUSION,1,0,332.9728022,1.103771106,0.1015538954,0.4845851251,0.1780226026,1.520561455e-12,False,0,True,-181.1965072,-100.9016005,1.520561455e-12,False,True,True,False,True,False,False,1.136868377e-13,0,5.684341886e-13,1.159739667e-13,0.07158721396,1,0,0.001482505591,0.001482505591,0,-383.4904472,-0,-0.07158721396,-0,-239.5843053,383.4904472,0,0.07158721396,0,239.5843053,0.5154148749,0.4845851251,False,False,0,-0,0,-0,0.3830312297,0.6169687703,False,False,0,-0,0,-0,0.1015538954,0.8984461046,False,False,0,-0,0,-0
CRR-SIM-FREEZE-2026-07-19,4b5897f5d225af6334e3082ce8d9f065cdd7067f2664f3ef63426b5597055b27,ca4f0b86858a11607abd1c7ff4863214acb59c693318630e5515686ebe037048,LHS-01-002,lhs,2026071904,10000,60c4faa2f28087f840042b4e91707fc2b6beec40fcd4ea7ead8cefce70ab43ce,gaussian,student_t_df5,0.4271681584,0.9325466288,0.8453226299,-103.0991747,-106.261174,-102.5205912,0.7685928617,334.0765733,0.6934374775,0.1015538954,highs,optimal,0,347.5858465,-103.0991747,-178.1514485,False,False,False,solved,0.1337039892,0.1337048919,9.027296234e-07,0,WITHIN_NAMED_FAMILY_ONLY; scalar tail dependence is not a cross-family order,CONDITIONAL_ON_CONVERGENCE_AUDIT,0.5160754982,0.3823706063,0.1015538954,False,0,0.5160754982,0.6153449605,DESCRIPTIVE_ONLY_NOT_WELFARE_OR_EXCLUSION,1,0,333.0990473,0.9775259749,0.1015538954,0.4839245018,0.1773619792,1.605826583e-12,False,0,True,-178.1514485,-103.0991747,1.605826583e-12,False,True,True,False,True,False,False,2.842170943e-14,0,1.449507181e-12,1.068020555e-13,0.06832296837,1,0,0.001482505591,0.001482505591,0,-378.6241796,-0,-0.06832296837,-0,-236.2715023,378.6241796,0,0.06832296837,0,236.2715023,0.5160754982,0.4839245018,False,False,0,-0,0,-0,0.3823706063,0.6176293937,False,False,0,-0,0,-0,0.1015538954,0.8984461046,False,False,0,-0,0,-0
CRR-SIM-FREEZE-2026-07-19,4b5897f5d225af6334e3082ce8d9f065cdd7067f2664f3ef63426b5597055b27,ca4f0b86858a11607abd1c7ff4863214acb59c693318630e5515686ebe037048,LHS-01-002,lhs,2026071905,10000,e3a481aee18fe457563e2b5f9868595d1ada30827fde286d773b12614d397725,gaussian,student_t_df5,0.4271681584,0.9325466288,0.8453226299,-101.7920307,-105.5072853,-101.1122124,0.7685928617,334.0765733,0.6934374775,0.1015538954,highs,optimal,0,350.8092025,-101.7920307,-178.4563859,False,False,False,solved,0.13295609,0.1329571032,1.013234042e-06,0,WITHIN_NAMED_FAMILY_ONLY; scalar tail dependence is not a cross-family order,CONDITIONAL_ON_CONVERGENCE_AUDIT,0.5157016039,0.3827445007,0.1015538954,False,0,0.5157016039,0.62368657,DESCRIPTIVE_ONLY_NOT_WELFARE_OR_EXCLUSION,1,0,333.0275961,1.048977186,0.1015538954,0.4842983961,0.1777358736,1.577404873e-12,False,0,True,-178.4563859,-101.7920307,1.591615728e-12,False,True,True,False,True,False,False,5.684341886e-14,0,5.400124792e-13,9.233503664e-14,0.05601293596,1,0,0.001482505591,0.001482505591,0,-380.7740679,-0,-0.05601293596,-0,-238.9193909,380.7740679,0,0.05601293596,0,238.9193909,0.5157016039,0.4842983961,False,False,0,-0,0,-0,0.3827445007,0.6172554993,False,False,0,-0,0,-0,0.1015538954,0.8984461046,False,False,0,-0,0,-0
CRR-SIM-FREEZE-2026-07-19,4b5897f5d225af6334e3082ce8d9f065cdd7067f2664f3ef63426b5597055b27,ca4f0b86858a11607abd1c7ff4863214acb59c693318630e5515686ebe037048,LHS-01-003,lhs,2026071901,10000,2d7de4ab118b3467b8e175615fcd4cfbd9b4e8335d5e4e1d4ca6e680ee65fdcd,gaussian,empirical_resample,0.1894958887,0.922272115,0.1496230586,-186.3666296,-188.0482654,-176.8091168,0.9072995249,394.3668115,0.4154188274,0.07928939666,highs,optimal,0,353.8674503,-188.0482654,-215.0490407,True,True,True,solved,-0.08987417187,-0.0898729332,1.238664658e-06,0,WITHIN_NAMED_FAMILY_ONLY; scalar tail dependence is not a cross-family order,CONDITIONAL_ON_CONVERGENCE_AUDIT,0.4154188274,0.5052917759,0.07928939666,False,0,0.4154188274,0.2860017105,DESCRIPTIVE_ONLY_NOT_WELFARE_OR_EXCLUSION,1,0,315.8548943,78.51191721,0.07928939666,0.4947082241,0,1.681635792,True,0,True,-203.8453557,-186.3666296,-1.705302566e-13,False,False,True,True,True,False,False,5.684341886e-14,0,0,0,0,,,,0.001286539574,,-369.8230966,-0,-0,-5.78507055,-231.5426066,369.8230966,0,0,5.78507055,231.5426066,0.4154188274,0.5845811726,False,False,0,-0,0,-0,0.5052917759,0.4947082241,False,False,0,-0,0,-0,0.07928939666,0.9207106033,False,False,0,-0,0,-0
CRR-SIM-FREEZE-2026-07-19,4b5897f5d225af6334e3082ce8d9f065cdd7067f2664f3ef63426b5597055b27,ca4f0b86858a11607abd1c7ff4863214acb59c693318630e5515686ebe037048,LHS-01-003,lhs,2026071902,10000,5323de1c2003ee84896005585d6455b610300e84d32ac938b182a1ae7b57f4bc,gaussian,empirical_resample,0.1894958887,0.922272115,0.1496230586,-184.7259202,-186.3510379,-175.4896255,0.9072995249,394.3668115,0.4154188274,0.07928939666,highs,optimal,0,353.9572847,-186.3510379,-215.5746862,True,True,True,solved,-0.08987430308,-0.08987293319,1.369893691e-06,0,WITHIN_NAMED_FAMILY_ONLY; scalar tail dependence is not a cross-family order,CONDITIONAL_ON_CONVERGENCE_AUDIT,0.4154188274,0.5052917759,0.07928939666,False,0,0.4154188274,0.2836490349,DESCRIPTIVE_ONLY_NOT_WELFARE_OR_EXCLUSION,1,0,315.8548943,78.51191721,0.07928939666,0.4947082241,0,1.625117747,True,0,True,-203.5503062,-184.7259202,-3.410605132e-13,False,False,True,True,True,False,False,3.694822226e-13,0,0,0,0,,,,0.001286539574,,-370.1353957,-0,-0,-5.226009802,-231.4192647,370.1353957,0,0,5.226009802,231.4192647,0.4154188274,0.5845811726,False,False,0,-0,0,-0,0.5052917759,0.4947082241,False,False,0,-0,0,-0,0.07928939666,0.9207106033,False,False,0,-0,0,-0
CRR-SIM-FREEZE-2026-07-19,4b5897f5d225af6334e3082ce8d9f065cdd7067f2664f3ef63426b5597055b27,ca4f0b86858a11607abd1c7ff4863214acb59c693318630e5515686ebe037048,LHS-01-003,lhs,2026071903,10000,09b6c316c74b151124acb2b05a7f94f7c78865b6c05f9d0e9427d0aaeeb2855f,gaussian,empirical_resample,0.1894958887,0.922272115,0.1496230586,-185.3608063,-186.9599035,-176.2723983,0.9072995249,394.3668115,0.4154188274,0.07928939666,highs,optimal,0,354.3573548,-186.9599035,-214.8980028,True,True,True,solved,-0.0898738411,-0.08987293309,9.080076117e-07,0,WITHIN_NAMED_FAMILY_ONLY; scalar tail dependence is not a cross-family order,CONDITIONAL_ON_CONVERGENCE_AUDIT,0.4154188274,0.5052917759,0.07928939666,False,0,0.4154188274,0.2804834631,DESCRIPTIVE_ONLY_NOT_WELFARE_OR_EXCLUSION,1,0,315.8548943,78.51191721,0.07928939666,0.4947082241,0,1.599097223,True,0,True,-203.1695563,-185.3608063,-1.705302566e-13,False,False,True,True,True,False,False,2.842170943e-14,0,0,0,0,,,,0.001286539574,,-369.3090708,-0,-0,-7.93978325,-230.1701388,369.3090708,0,0,7.93978325,230.1701388,0.4154188274,0.5845811726,False,False,0,-0,0,-0,0.5052917759,0.4947082241,False,False,0,-0,0,-0,0.07928939666,0.9207106033,False,False,0,-0,0,-0
CRR-SIM-FREEZE-2026-07-19,4b5897f5d225af6334e3082ce8d9f065cdd7067f2664f3ef63426b5597055b27,ca4f0b86858a11607abd1c7ff4863214acb59c693318630e5515686ebe037048,LHS-01-003,lhs,2026071904,10000,c5c9d67adc521986cdac80e35646cbfed5fd2d3b8fda75d2f9d52a039ca58612,gaussian,empirical_resample,0.1894958887,0.922272115,0.1496230586,-183.3817277,-184.9799802,-174.298121,0.9072995249,394.3668115,0.4154188274,0.07928939666,highs,optimal,0,351.3672345,-184.9799802,-212.5594094,True,True,True,solved,-0.08987395652,-0.08987293316,1.023357261e-06,0,WITHIN_NAMED_FAMILY_ONLY; scalar tail dependence is not a cross-family order,CONDITIONAL_ON_CONVERGENCE_AUDIT,0.4154188274,0.5052917759,0.07928939666,False,0,0.4154188274,0.2918647458,DESCRIPTIVE_ONLY_NOT_WELFARE_OR_EXCLUSION,1,0,315.8548943,78.51191721,0.07928939666,0.4947082241,0,1.598252436,True,0,True,-201.5799512,-183.3817277,-2.557953849e-13,False,False,True,True,True,False,False,4.831690603e-13,0,0,0,0,,,,0.001286539574,,-366.650429,-0,-0,-6.971349205,-229.2768642,366.650429,0,0,6.971349205,229.2768642,0.4154188274,0.5845811726,False,False,0,-0,0,-0,0.5052917759,0.4947082241,False,False,0,-0,0,-0,0.07928939666,0.9207106033,False,False,0,-0,0,-0
CRR-SIM-FREEZE-2026-07-19,4b5897f5d225af6334e3082ce8d9f065cdd7067f2664f3ef63426b5597055b27,ca4f0b86858a11607abd1c7ff4863214acb59c693318630e5515686ebe037048,LHS-01-003,lhs,2026071905,10000,1976e5cfab684c9c3212c1dc48e9b5b0056102600e879c1a7a34f492e3eca9c0,gaussian,empirical_resample,0.1894958887,0.922272115,0.1496230586,-183.5286345,-185.1493458,-174.3173835,0.9072995249,394.3668115,0.4154188274,0.07928939666,highs,optimal,0,352.8992342,-185.1493458,-211.923216,True,True,True,solved,-0.08987488505,-0.0898729332,1.951849455e-06,0,WITHIN_NAMED_FAMILY_ONLY; scalar tail dependence is not a cross-family order,CONDITIONAL_ON_CONVERGENCE_AUDIT,0.4154188274,0.5052917759,0.07928939666,False,0,0.4154188274,0.299898785,DESCRIPTIVE_ONLY_NOT_WELFARE_OR_EXCLUSION,1,0,315.8548943,78.51191721,0.07928939666,0.4947082241,0,1.620711324,True,0,True,-200.9277275,-183.5286345,-1.98951966e-13,False,False,True,True,True,False,False,2.557953849e-13,0,0,0,0,,,,0.001286539574,,-369.6913511,-0,-0,-3.644590856,-230.8776374,369.6913511,0,0,3.644590856,230.8776374,0.4154188274,0.5845811726,False,False,0,-0,0,-0,0.5052917759,0.4947082241,False,False,0,-0,0,-0,0.07928939666,0.9207106033,False,False,0,-0,0,-0
CRR-SIM-FREEZE-2026-07-19,4b5897f5d225af6334e3082ce8d9f065cdd7067f2664f3ef63426b5597055b27,ca4f0b86858a11607abd1c7ff4863214acb59c693318630e5515686ebe037048,LHS-01-004,lhs,2026071901,10000,a31230b2e5414f7bfcb64e439a876932ab96243c52a96f04070c9835bf581b5b,gaussian,gaussian,0.1199902153,0.9626166792,0.4667576801,-130.6281319,-133.0887398,-127.8170368,0.7012227855,304.7934959,0.9725841398,0.1450097613,highs,optimal,0,339.189845,-133.0887398,-169.0165,True,True,True,solved,-0.07840139744,-0.07840026313,1.134312267e-06,0,WITHIN_NAMED_FAMILY_ONLY; scalar tail dependence is not a cross-family order,CONDITIONAL_ON_CONVERGENCE_AUDIT,0.3882949712,0.4666952675,0.1450097613,True,0,0.3882949712,0.1887999929,DESCRIPTIVE_ONLY_NOT_WELFARE_OR_EXCLUSION,1,0,304.7934959,0,0.1450097613,0.5333047325,0.5842891686,2.46060783,False,0,True,-154.1704714,-130.6281319,-5.684341886e-14,True,False,True,False,True,False,False,3.552713679e-14,0,0,0,0,,,,0.002674989748,,-362.4090627,-0.03223940775,-0,-0,-227.8852071,362.4090627,0.03223940775,0,0,227.8852071,0.3882949712,0.6117050288,False,False,0,-0,0,-0,0.4666952675,0.5333047325,False,False,0,-0,0,-0,0.1450097613,0.8549902387,False,False,0,-0,0,-0
CRR-SIM-FREEZE-2026-07-19,4b5897f5d225af6334e3082ce8d9f065cdd7067f2664f3ef63426b5597055b27,ca4f0b86858a11607abd1c7ff4863214acb59c693318630e5515686ebe037048,LHS-01-004,lhs,2026071902,10000,7ea19f54935e2d10d3b3adcf588cb98f26ab3343fa3459eba883acc8acf7a4fe,gaussian,gaussian,0.1199902153,0.9626166792,0.4667576801,-128.2403677,-130.4454976,-125.7211407,0.7012227855,304.7934959,0.9725841398,0.1450097613,highs,optimal,0,339.2871016,-130.4454976,-168.4303961,True,True,True,solved,-0.07840131812,-0.07840026305,1.055070263e-06,0,WITHIN_NAMED_FAMILY_ONLY; scalar tail dependence is not a cross-family order,CONDITIONAL_ON_CONVERGENCE_AUDIT,0.3882949712,0.4666952675,0.1450097613,True,0,0.3882949712,0.1948323662,DESCRIPTIVE_ONLY_NOT_WELFARE_OR_EXCLUSION,1,0,304.7934959,0,0.1450097613,0.5333047325,0.5842891686,2.205129833,False,0,True,-153.9715262,-128.2403677,1.421085472e-13,True,False,True,False,True,False,False,3.552713679e-14,0,2.842170943e-14,0,0,,,,0.002674989748,,-361.6397476,-0.03475217528,-0,-0,-227.1907948,361.6397476,0.03475217528,0,0,227.1907948,0.3882949712,0.6117050288,False,False,0,-0,0,-0,0.4666952675,0.5333047325,False,False,0,-0,0,-0,0.1450097613,0.8549902387,False,False,0,-0,0,-0
CRR-SIM-FREEZE-2026-07-19,4b5897f5d225af6334e3082ce8d9f065cdd7067f2664f3ef63426b5597055b27,ca4f0b86858a11607abd1c7ff4863214acb59c693318630e5515686ebe037048,LHS-01-004,lhs,2026071903,10000,b57f6b634a49059bead13de5ffdabab62e2496939972702821973cfc40d67019,gaussian,gaussian,0.1199902153,0.9626166792,0.4667576801,-129.2051124,-131.6218871,-126.4440941,0.7012227855,304.7934959,0.9725841398,0.1450097613,highs,optimal,0,339.8021249,-131.6218871,-169.6949226,True,True,True,solved,-0.07840104671,-0.07840026266,7.840574582e-07,0,WITHIN_NAMED_FAMILY_ONLY; scalar tail dependence is not a cross-family order,CONDITIONAL_ON_CONVERGENCE_AUDIT,0.3882949712,0.4666952675,0.1450097613,True,0,0.3882949712,0.1892048069,DESCRIPTIVE_ONLY_NOT_WELFARE_OR_EXCLUSION,1,0,304.7934959,0,0.1450097613,0.5333047325,0.5842891686,2.416774623,False,0,True,-154.4800886,-129.2051124,-8.526512829e-14,True,False,True,False,True,False,False,2.842170943e-14,0,0,0,0,,,,0.002674989748,,-357.9445215,-0.04739388139,-0,-0,-224.7279291,357.9445215,0.04739388139,0,0,224.7279291,0.3882949712,0.6117050288,False,False,0,-0,0,-0,0.4666952675,0.5333047325,False,False,0,-0,0,-0,0.1450097613,0.8549902387,False,False,0,-0,0,-0
CRR-SIM-FREEZE-2026-07-19,4b5897f5d225af6334e3082ce8d9f065cdd7067f2664f3ef63426b5597055b27,ca4f0b86858a11607abd1c7ff4863214acb59c693318630e5515686ebe037048,LHS-01-004,lhs,2026071904,10000,b777c6d96e0555e626472788ac68030a8e473ed4b313ac4115551db9c5a2ea2c,gaussian,gaussian,0.1199902153,0.9626166792,0.4667576801,-128.2138129,-130.4170739,-125.6967209,0.7012227855,304.7934959,0.9725841398,0.1450097613,highs,optimal,0,336.8851736,-130.4170739,-167.374388,True,True,True,solved,-0.07840108998,-0.07840026275,8.272321566e-07,0,WITHIN_NAMED_FAMILY_ONLY; scalar tail dependence is not a cross-family order,CONDITIONAL_ON_CONVERGENCE_AUDIT,0.3882949712,0.4666952675,0.1450097613,True,0,0.3882949712,0.1990873045,DESCRIPTIVE_ONLY_NOT_WELFARE_OR_EXCLUSION,1,0,304.7934959,0,0.1450097613,0.5333047325,0.5842891686,2.20326102,False,0,True,-153.4148741,-128.2138129,1.705302566e-13,True,False,True,False,True,False,False,2.842170943e-14,0,2.842170943e-14,0,0,,,,0.002674989748,,-355.8401051,-0.04442545198,-0,-0,-224.0919507,355.8401051,0.04442545198,0,0,224.0919507,0.3882949712,0.6117050288,False,False,0,-0,0,-0,0.4666952675,0.5333047325,False,False,0,-0,0,-0,0.1450097613,0.8549902387,False,False,0,-0,0,-0
CRR-SIM-FREEZE-2026-07-19,4b5897f5d225af6334e3082ce8d9f065cdd7067f2664f3ef63426b5597055b27,ca4f0b86858a11607abd1c7ff4863214acb59c693318630e5515686ebe037048,LHS-01-004,lhs,2026071905,10000,98878f72df271011f988cb7ac6cab32af8b4419585d03d1393585d505fb44576,gaussian,gaussian,0.1199902153,0.9626166792,0.4667576801,-128.9985525,-131.4402207,-126.2090948,0.7012227855,304.7934959,0.9725841398,0.1450097613,highs,optimal,0,338.1851433,-131.4402207,-168.7057319,True,True,True,solved,-0.07840208374,-0.07840026348,1.820255332e-06,0,WITHIN_NAMED_FAMILY_ONLY; scalar tail dependence is not a cross-family order,CONDITIONAL_ON_CONVERGENCE_AUDIT,0.3882949712,0.4666952675,0.1450097613,True,0,0.3882949712,0.2082858278,DESCRIPTIVE_ONLY_NOT_WELFARE_OR_EXCLUSION,1,0,304.7934959,0,0.1450097613,0.5333047325,0.5842891686,2.441668186,False,0,True,-153.0741964,-128.9985525,1.136868377e-13,True,False,True,False,True,False,False,1.705302566e-13,0,2.842170943e-14,0,0,,,,0.002674989748,,-365.2181314,-0.01980177089,-0,-0,-228.0428489,365.2181314,0.01980177089,0,0,228.0428489,0.3882949712,0.6117050288,False,False,0,-0,0,-0,0.4666952675,0.5333047325,False,False,0,-0,0,-0,0.1450097613,0.8549902387,False,False,0,-0,0,-0
CRR-SIM-FREEZE-2026-07-19,4b5897f5d225af6334e3082ce8d9f065cdd7067f2664f3ef63426b5597055b27,ca4f0b86858a11607abd1c7ff4863214acb59c693318630e5515686ebe037048,LHS-01-005,lhs,2026071901,10000,26f7c9d9db640f0c75ad588fe1dea5d5f32213c07a2a5678c1c76e8e019d6fa6,gaussian,student_t_df5,0.1580253014,0.9376493661,0.2392486768,-134.9432139,-135.656422,-132.6753893,0.8631352364,375.1703619,0.4835350515,0.0595896592,highs,optimal,0,359.3935295,-135.656422,-200.5505911,False,False,False,solved,0.02665861231,0.02665977769,1.165374925e-06,0,WITHIN_NAMED_FAMILY_ONLY; scalar tail dependence is not a cross-family order,CONDITIONAL_ON_CONVERGENCE_AUDIT,0.4835350515,0.4568752893,0.0595896592,True,0,0.4835350515,0.2398266951,DESCRIPTIVE_ONLY_NOT_WELFARE_OR_EXCLUSION,1,0,330.6338492,44.53651264,0.0595896592,0.5164649485,0,0.7132081415,True,0,True,-190.3530185,-134.9432139,-1.421085472e-13,False,False,True,True,True,False,False,2.557953849e-13,0,0,0,0,,,,0.001603832932,,-370.1196715,-0,-0,-6.251418441,-230.7266412,370.1196715,0,0,6.251418441,230.7266412,0.4835350515,0.5164649485,False,False,0,-0,0,-0,0.4568752893,0.5431247107,False,False,0,-0,0,-0,0.0595896592,0.9404103408,False,False,0,-0,0,-0
CRR-SIM-FREEZE-2026-07-19,4b5897f5d225af6334e3082ce8d9f065cdd7067f2664f3ef63426b5597055b27,ca4f0b86858a11607abd1c7ff4863214acb59c693318630e5515686ebe037048,LHS-01-005,lhs,2026071902,10000,144b63f460870f354cc852996907d845c06d44580756096b1da3f319dc7ca6e7,gaussian,student_t_df5,0.1580253014,0.9376493661,0.2392486768,-133.2979936,-133.933189,-131.2782302,0.8631352364,375.1703619,0.4835350515,0.0595896592,highs,optimal,0,359.4731956,-133.933189,-199.3710975,False,False,False,solved,0.02665872938,0.02665977773,1.048353283e-06,0,WITHIN_NAMED_FAMILY_ONLY; scalar tail dependence is not a cross-family order,CONDITIONAL_ON_CONVERGENCE_AUDIT,0.4835350515,0.4568752893,0.0595896592,True,0,0.4835350515,0.246285069,DESCRIPTIVE_ONLY_NOT_WELFARE_OR_EXCLUSION,1,0,330.6338492,44.53651264,0.0595896592,0.5164649485,0,0.6351953818,True,0,True,-190.6057758,-133.2979936,-2.273736754e-13,False,False,True,True,True,False,False,2.557953849e-13,0,0,0,0,,,,0.001603832932,,-369.8208566,-0,-0,-6.961587648,-230.1377924,369.8208566,0,0,6.961587648,230.1377924,0.4835350515,0.5164649485,False,False,0,-0,0,-0,0.4568752893,0.5431247107,False,False,0,-0,0,-0,0.0595896592,0.9404103408,False,False,0,-0,0,-0
CRR-SIM-FREEZE-2026-07-19,4b5897f5d225af6334e3082ce8d9f065cdd7067f2664f3ef63426b5597055b27,ca4f0b86858a11607abd1c7ff4863214acb59c693318630e5515686ebe037048,LHS-01-005,lhs,2026071903,10000,df41b8daa7161ce44b84f71f03b6196f249c58338b95539e0c4c80be9ac4ede7,gaussian,student_t_df5,0.1580253014,0.9376493661,0.2392486768,-135.9945303,-136.6918216,-133.777317,0.8631352364,375.1703619,0.4835350515,0.0595896592,highs,optimal,0,360.2506825,-136.6918216,-201.1823949,False,False,False,solved,0.02665890377,0.02665977782,8.740497041e-07,0,WITHIN_NAMED_FAMILY_ONLY; scalar tail dependence is not a cross-family order,CONDITIONAL_ON_CONVERGENCE_AUDIT,0.4835350515,0.4568752893,0.0595896592,True,0,0.4835350515,0.2430459954,DESCRIPTIVE_ONLY_NOT_WELFARE_OR_EXCLUSION,1,0,330.6338492,44.53651264,0.0595896592,0.5164649485,0,0.6972913813,True,0,True,-190.2671977,-135.9945303,-2.273736754e-13,False,False,True,True,True,False,False,8.526512829e-14,0,0,0,0,,,,0.001603832932,,-369.854099,-0,-0,-8.394155278,-229.2727455,369.854099,0,0,8.394155278,229.2727455,0.4835350515,0.5164649485,False,False,0,-0,0,-0,0.4568752893,0.5431247107,False,False,0,-0,0,-0,0.0595896592,0.9404103408,False,False,0,-0,0,-0
CRR-SIM-FREEZE-2026-07-19,4b5897f5d225af6334e3082ce8d9f065cdd7067f2664f3ef63426b5597055b27,ca4f0b86858a11607abd1c7ff4863214acb59c693318630e5515686ebe037048,LHS-01-005,lhs,2026071904,10000,143ab12da76c98ecf0208830546a2080062ae17fff757f16d4b507e3bd16c89b,gaussian,student_t_df5,0.1580253014,0.9376493661,0.2392486768,-133.4998414,-134.0477849,-131.7575175,0.8631352364,375.1703619,0.4835350515,0.0595896592,highs,optimal,0,357.3168807,-134.0477849,-198.3855375,False,False,False,solved,0.02665892313,0.02665977777,8.54633311e-07,0,WITHIN_NAMED_FAMILY_ONLY; scalar tail dependence is not a cross-family order,CONDITIONAL_ON_CONVERGENCE_AUDIT,0.4835350515,0.4568752893,0.0595896592,True,0,0.4835350515,0.2487212953,DESCRIPTIVE_ONLY_NOT_WELFARE_OR_EXCLUSION,1,0,330.6338492,44.53651264,0.0595896592,0.5164649485,0,0.5479434309,True,0,True,-189.3829655,-133.4998414,-1.98951966e-13,False,False,True,True,True,False,False,2.557953849e-13,0,0,0,0,,,,0.001603832932,,-366.7957069,-0,-0,-8.517945646,-228.1864284,366.7957069,0,0,8.517945646,228.1864284,0.4835350515,0.5164649485,False,False,0,-0,0,-0,0.4568752893,0.5431247107,False,False,0,-0,0,-0,0.0595896592,0.9404103408,False,False,0,-0,0,-0
CRR-SIM-FREEZE-2026-07-19,4b5897f5d225af6334e3082ce8d9f065cdd7067f2664f3ef63426b5597055b27,ca4f0b86858a11607abd1c7ff4863214acb59c693318630e5515686ebe037048,LHS-01-005,lhs,2026071905,10000,4abf1afd0c36dbae89de816dc18264c4cce26db3e2e868157ea3beacc63abb3c,gaussian,student_t_df5,0.1580253014,0.9376493661,0.2392486768,-133.0180899,-133.5759342,-131.2442836,0.8631352364,375.1703619,0.4835350515,0.0595896592,highs,optimal,0,358.2013116,-133.5759342,-196.3820091,False,False,False,solved,0.02665801039,0.02665977771,1.767325919e-06,0,WITHIN_NAMED_FAMILY_ONLY; scalar tail dependence is not a cross-family order,CONDITIONAL_ON_CONVERGENCE_AUDIT,0.4835350515,0.4568752893,0.0595896592,False,0,0.4835350515,0.2552118552,DESCRIPTIVE_ONLY_NOT_WELFARE_OR_EXCLUSION,1,0,330.6338492,44.53651264,0.0595896592,0.5164649485,0,0.5578443236,True,0,True,-188.7396704,-133.0180899,-1.421085472e-13,False,False,True,True,True,False,False,3.126388037e-13,0,0,0,0,,,,0.001603832932,,-369.9035122,-0,-0,-4.089703874,-229.5652623,369.9035122,0,0,4.089703874,229.5652623,0.4835350515,0.5164649485,False,False,0,-0,0,-0,0.4568752893,0.5431247107,False,False,0,-0,0,-0,0.0595896592,0.9404103408,False,False,0,-0,0,-0
CRR-SIM-FREEZE-2026-07-19,4b5897f5d225af6334e3082ce8d9f065cdd7067f2664f3ef63426b5597055b27,ca4f0b86858a11607abd1c7ff4863214acb59c693318630e5515686ebe037048,LHS-01-006,lhs,2026071901,10000,4f4562697d8d7bf0e71863241303c122ae6ec80645e4a71c5f62ef2acf075992,gaussian,empirical_resample,0.2802971335,0.9816979854,0.661694752,-145.6110812,-146.8332166,-144.986239,1.089451429,473.540958,0.5153009982,0.09571321142,highs,optimal,0,350.6314909,-146.8332166,-154.1618716,False,False,False,solved,0.1263140139,0.1263152229,1.208987613e-06,0,WITHIN_NAMED_FAMILY_ONLY; scalar tail dependence is not a cross-family order,CONDITIONAL_ON_CONVERGENCE_AUDIT,0.5153009982,0.3889857904,0.09571321142,False,0,0.5153009982,0.4141767927,DESCRIPTIVE_ONLY_NOT_WELFARE_OR_EXCLUSION,1,0,333.4734311,140.0675269,0.09571321142,0.4846990018,0,1.222135399,True,0,True,-148.5059009,-145.6110812,-3.126388037e-13,False,False,True,True,True,False,False,1.98951966e-13,0,0,0,0,,,,0.00546387937,,-369.7607088,-0,-0,-5.874008912,-231.4842452,369.7607088,0,0,5.874008912,231.4842452,0.5153009982,0.4846990018,False,False,0,-0,0,-0,0.3889857904,0.6110142096,False,False,0,-0,0,-0,0.09571321142,0.9042867886,False,False,0,-0,0,-0
CRR-SIM-FREEZE-2026-07-19,4b5897f5d225af6334e3082ce8d9f065cdd7067f2664f3ef63426b5597055b27,ca4f0b86858a11607abd1c7ff4863214acb59c693318630e5515686ebe037048,LHS-01-006,lhs,2026071902,10000,28decad77ca5036d7d6261075221b404b3fa0b509fd39706606614c68faa70e3,gaussian,empirical_resample,0.2802971335,0.9816979854,0.661694752,-145.2701613,-146.3526832,-144.7166993,1.089451429,473.540958,0.5153009982,0.09571321142,highs,optimal,0,350.7144655,-146.3526832,-154.2896766,False,False,False,solved,0.1263138961,0.1263152229,1.326821637e-06,0,WITHIN_NAMED_FAMILY_ONLY; scalar tail dependence is not a cross-family order,CONDITIONAL_ON_CONVERGENCE_AUDIT,0.5153009982,0.3889857904,0.09571321142,False,0,0.5153009982,0.4110524563,DESCRIPTIVE_ONLY_NOT_WELFARE_OR_EXCLUSION,1,0,333.4734311,140.0675269,0.09571321142,0.4846990018,0,1.082521963,True,0,True,-149.0870281,-145.2701613,-2.273736754e-13,False,False,True,True,True,False,False,1.136868377e-13,0,0,0,0,,,,0.00546387937,,-370.1066814,-0,-0,-5.347621216,-231.3980498,370.1066814,0,0,5.347621216,231.3980498,0.5153009982,0.4846990018,False,False,0,-0,0,-0,0.3889857904,0.6110142096,False,False,0,-0,0,-0,0.09571321142,0.9042867886,False,False,0,-0,0,-0
CRR-SIM-FREEZE-2026-07-19,4b5897f5d225af6334e3082ce8d9f065cdd7067f2664f3ef63426b5597055b27,ca4f0b86858a11607abd1c7ff4863214acb59c693318630e5515686ebe037048,LHS-01-006,lhs,2026071903,10000,4203b20ff02a49dae2d8d456003758a9c33473cf600c41570b08684a6f583124,gaussian,empirical_resample,0.2802971335,0.9816979854,0.661694752,-144.988693,-146.0141586,-144.4644023,1.089451429,473.540958,0.5153009982,0.09571321142,highs,optimal,0,351.4063437,-146.0141586,-154.8042741,False,False,False,solved,0.1263142995,0.126315223,9.235053366e-07,0,WITHIN_NAMED_FAMILY_ONLY; scalar tail dependence is not a cross-family order,CONDITIONAL_ON_CONVERGENCE_AUDIT,0.5153009982,0.3889857904,0.09571321142,False,0,0.5153009982,0.40538483,DESCRIPTIVE_ONLY_NOT_WELFARE_OR_EXCLUSION,1,0,333.4734311,140.0675269,0.09571321142,0.4846990018,0,1.02546558,True,0,True,-148.8471145,-144.988693,-2.273736754e-13,False,False,True,True,True,False,False,1.98951966e-13,0,0,0,0,,,,0.00546387937,,-369.4664634,-0,-0,-7.738096953,-230.3503195,369.4664634,0,0,7.738096953,230.3503195,0.5153009982,0.4846990018,False,False,0,-0,0,-0,0.3889857904,0.6110142096,False,False,0,-0,0,-0,0.09571321142,0.9042867886,False,False,0,-0,0,-0
CRR-SIM-FREEZE-2026-07-19,4b5897f5d225af6334e3082ce8d9f065cdd7067f2664f3ef63426b5597055b27,ca4f0b86858a11607abd1c7ff4863214acb59c693318630e5515686ebe037048,LHS-01-006,lhs,2026071904,10000,ce342ac2658b0c65ec6dc4be82e5e0abbab7658cf1e9ec3432fa6fbe73de541f,gaussian,empirical_resample,0.2802971335,0.9816979854,0.661694752,-144.6434907,-145.9278953,-143.986812,1.089451429,473.540958,0.5153009982,0.09571321142,highs,optimal,0,348.0971461,-145.9278953,-153.5313821,False,False,False,solved,0.1263141952,0.1263152229,1.027761322e-06,0,WITHIN_NAMED_FAMILY_ONLY; scalar tail dependence is not a cross-family order,CONDITIONAL_ON_CONVERGENCE_AUDIT,0.5153009982,0.3889857904,0.09571321142,False,0,0.5153009982,0.4171714014,DESCRIPTIVE_ONLY_NOT_WELFARE_OR_EXCLUSION,1,0,333.4734311,140.0675269,0.09571321142,0.4846990018,0,1.284404582,True,0,True,-147.6961528,-144.6434907,-2.842170943e-13,False,False,True,True,True,False,False,2.842170943e-13,0,0,0,0,,,,0.00546387937,,-366.4911749,-0,-0,-6.875493957,-229.1948765,366.4911749,0,0,6.875493957,229.1948765,0.5153009982,0.4846990018,False,False,0,-0,0,-0,0.3889857904,0.6110142096,False,False,0,-0,0,-0,0.09571321142,0.9042867886,False,False,0,-0,0,-0
CRR-SIM-FREEZE-2026-07-19,4b5897f5d225af6334e3082ce8d9f065cdd7067f2664f3ef63426b5597055b27,ca4f0b86858a11607abd1c7ff4863214acb59c693318630e5515686ebe037048,LHS-01-006,lhs,2026071905,10000,f3eec6f27e8d1359c02a36f0ce92fe044462141562c5ba56ea52462ba3dd377c,gaussian,empirical_resample,0.2802971335,0.9816979854,0.661694752,-145.1725279,-146.3713367,-144.5596119,1.089451429,473.540958,0.5153009982,0.09571321142,highs,optimal,0,349.55287,-146.3713367,-153.861039,False,False,False,solved,0.1263134921,0.1263152229,1.730818917e-06,0,WITHIN_NAMED_FAMILY_ONLY; scalar tail dependence is not a cross-family order,CONDITIONAL_ON_CONVERGENCE_AUDIT,0.5153009982,0.3889857904,0.09571321142,False,0,0.5153009982,0.42232668,DESCRIPTIVE_ONLY_NOT_WELFARE_OR_EXCLUSION,1,0,333.4734311,140.0675269,0.09571321142,0.4846990018,0,1.1988088,True,0,True,-148.2662031,-145.1725279,-3.410605132e-13,False,False,True,True,True,False,False,4.263256415e-13,0,0,0,0,,,,0.00546387937,,-369.5384824,-0,-0,-4.074826226,-230.7453077,369.5384824,0,0,4.074826226,230.7453077,0.5153009982,0.4846990018,False,False,0,-0,0,-0,0.3889857904,0.6110142096,False,False,0,-0,0,-0,0.09571321142,0.9042867886,False,False,0,-0,0,-0
CRR-SIM-FREEZE-2026-07-19,4b5897f5d225af6334e3082ce8d9f065cdd7067f2664f3ef63426b5597055b27,ca4f0b86858a11607abd1c7ff4863214acb59c693318630e5515686ebe037048,LHS-01-007,lhs,2026071901,10000,0e78305ed31c11dbbe7e3f8e8a0e7e1fe621e4855258fe067fc11634a9806079,gaussian,gaussian,0.3846509038,0.9417741678,0.5153150879,-109.8230641,-110.1309298,-109.5334979,0.7979427613,346.8338006,0.8033357686,0.02418548046,highs,optimal,0,368.3124342,-110.1309298,-166.6571503,False,False,False,solved,0.1276584566,0.1276596139,1.157283301e-06,0,WITHIN_NAMED_FAMILY_ONLY; scalar tail dependence is not a cross-family order,CONDITIONAL_ON_CONVERGENCE_AUDIT,0.5517370486,0.4240774709,0.02418548046,False,0,0.5517370486,0.5701679926,DESCRIPTIVE_ONLY_NOT_WELFARE_OR_EXCLUSION,1,0,346.8338006,0,0.02418548046,0.4482629514,0.25159872,0.3078656749,False,0,True,-160.109568,-109.8230641,1.421085472e-14,True,False,True,False,True,False,False,7.105427358e-14,0,2.842170943e-14,0,0,,,,0.001717450764,,-361.8940501,-0.03438085932,-0,-0,-227.6597325,361.8940501,0.03438085932,0,0,227.6597325,0.5517370486,0.4482629514,False,False,0,-0,0,-0,0.4240774709,0.5759225291,False,False,0,-0,0,-0,0.02418548046,0.9758145195,False,False,0,-0,0,-0
CRR-SIM-FREEZE-2026-07-19,4b5897f5d225af6334e3082ce8d9f065cdd7067f2664f3ef63426b5597055b27,ca4f0b86858a11607abd1c7ff4863214acb59c693318630e5515686ebe037048,LHS-01-007,lhs,2026071902,10000,c5bd140932fe0ef36cfff88df4ad707afa785b00c8b58820df0df00ca8bae82b,gaussian,gaussian,0.3846509038,0.9417741678,0.5153150879,-108.8294884,-108.841112,-108.8185557,0.7979427613,346.8338006,0.8033357686,0.02418548046,highs,optimal,0,368.8499285,-108.8294884,-165.7894885,False,False,False,solved,0.1274820596,0.127483067,1.007427827e-06,0,WITHIN_NAMED_FAMILY_ONLY; scalar tail dependence is not a cross-family order,CONDITIONAL_ON_CONVERGENCE_AUDIT,0.5516487933,0.4241657263,0.02418548046,False,0,0.5516487933,0.5757755513,DESCRIPTIVE_ONLY_NOT_WELFARE_OR_EXCLUSION,1,1.110223025e-16,346.816935,0.01686560312,0.02418548046,0.4483512067,0.2516869754,1.136868377e-13,False,0,True,-165.7894885,-108.8294884,1.136868377e-13,False,True,True,False,True,False,False,2.899014362e-12,0,3.97903932e-13,4.230241274e-14,0.05911231197,1,0,0.001717450764,0.001717450764,0,-381.0262605,-0,-0.05911231197,-0,-237.4635189,381.0262605,0,0.05911231197,0,237.4635189,0.5516487933,0.4483512067,False,False,0,-0,0,-0,0.4241657263,0.5758342737,False,False,0,-0,0,-0,0.02418548046,0.9758145195,False,False,0,-0,0,-0
CRR-SIM-FREEZE-2026-07-19,4b5897f5d225af6334e3082ce8d9f065cdd7067f2664f3ef63426b5597055b27,ca4f0b86858a11607abd1c7ff4863214acb59c693318630e5515686ebe037048,LHS-01-007,lhs,2026071903,10000,95ae3efff107c4c523d049e36e8013a72cae3f230336c68ec0bc7d6eb4e8658e,gaussian,gaussian,0.3846509038,0.9417741678,0.5153150879,-112.1208093,-112.8231064,-111.4602566,0.7979427613,346.8338006,0.8033357686,0.02418548046,highs,optimal,0,370.2419385,-112.8231064,-169.7466042,False,False,False,solved,0.1276588149,0.1276596144,7.995067094e-07,0,WITHIN_NAMED_FAMILY_ONLY; scalar tail dependence is not a cross-family order,CONDITIONAL_ON_CONVERGENCE_AUDIT,0.5517370486,0.4240774709,0.02418548046,False,0,0.5517370486,0.5657469498,DESCRIPTIVE_ONLY_NOT_WELFARE_OR_EXCLUSION,1,0,346.8338006,0,0.02418548046,0.4482629514,0.25159872,0.7022970905,False,0,True,-160.494188,-112.1208093,1.705302566e-13,True,False,True,False,True,False,False,2.842170943e-14,0,0,0,0,,,,0.001717450764,,-358.0879707,-0.05079693539,-0,-0,-225.9258953,358.0879707,0.05079693539,0,0,225.9258953,0.5517370486,0.4482629514,False,False,0,-0,0,-0,0.4240774709,0.5759225291,False,False,0,-0,0,-0,0.02418548046,0.9758145195,False,False,0,-0,0,-0
CRR-SIM-FREEZE-2026-07-19,4b5897f5d225af6334e3082ce8d9f065cdd7067f2664f3ef63426b5597055b27,ca4f0b86858a11607abd1c7ff4863214acb59c693318630e5515686ebe037048,LHS-01-007,lhs,2026071904,10000,5920967e6a8e084ca358ee2364f9600a004010ab7a0ce633908b3365c36d5429,gaussian,gaussian,0.3846509038,0.9417741678,0.5153150879,-111.8506489,-112.6743915,-111.0758693,0.7979427613,346.8338006,0.8033357686,0.02418548046,highs,optimal,0,365.2442897,-112.6743915,-165.3886396,False,False,False,solved,0.1276586272,0.1276596141,9.868928943e-07,0,WITHIN_NAMED_FAMILY_ONLY; scalar tail dependence is not a cross-family order,CONDITIONAL_ON_CONVERGENCE_AUDIT,0.5517370486,0.4240774709,0.02418548046,False,0,0.5517370486,0.5738115583,DESCRIPTIVE_ONLY_NOT_WELFARE_OR_EXCLUSION,1,0,346.8338006,0,0.02418548046,0.4482629514,0.25159872,0.8237425982,False,0,True,-155.066803,-111.8506489,2.842170943e-14,True,False,True,False,True,False,False,2.842170943e-14,0,2.842170943e-14,0,0,,,,0.001717450764,,-356.7268072,-0.04021382738,-0,-0,-224.5161953,356.7268072,0.04021382738,0,0,224.5161953,0.5517370486,0.4482629514,False,False,0,-0,0,-0,0.4240774709,0.5759225291,False,False,0,-0,0,-0,0.02418548046,0.9758145195,False,False,0,-0,0,-0
CRR-SIM-FREEZE-2026-07-19,4b5897f5d225af6334e3082ce8d9f065cdd7067f2664f3ef63426b5597055b27,ca4f0b86858a11607abd1c7ff4863214acb59c693318630e5515686ebe037048,LHS-01-007,lhs,2026071905,10000,6b1cb2d19a78ccd3fa0382fc527c720204ab7ed560265c296acb9e4146e5c128,gaussian,gaussian,0.3846509038,0.9417741678,0.5153150879,-112.4736651,-113.1467915,-111.8405492,0.7979427613,346.8338006,0.8033357686,0.02418548046,highs,optimal,0,368.8430602,-113.1467915,-167.2868502,False,False,False,solved,0.1276584939,0.1276596139,1.120041324e-06,0,WITHIN_NAMED_FAMILY_ONLY; scalar tail dependence is not a cross-family order,CONDITIONAL_ON_CONVERGENCE_AUDIT,0.5517370486,0.4240774709,0.02418548046,False,0,0.5517370486,0.5861331542,DESCRIPTIVE_ONLY_NOT_WELFARE_OR_EXCLUSION,1,0,346.8338006,0,0.02418548046,0.4482629514,0.25159872,0.6731263897,False,0,True,-158.1534855,-112.4736651,3.268496584e-13,True,False,True,False,True,False,False,2.842170943e-14,0,0,0,0,,,,0.001717450764,,-362.0242232,-0.03561465185,-0,-0,-228.7954586,362.0242232,0.03561465185,0,0,228.7954586,0.5517370486,0.4482629514,False,False,0,-0,0,-0,0.4240774709,0.5759225291,False,False,0,-0,0,-0,0.02418548046,0.9758145195,False,False,0,-0,0,-0
CRR-SIM-FREEZE-2026-07-19,4b5897f5d225af6334e3082ce8d9f065cdd7067f2664f3ef63426b5597055b27,ca4f0b86858a11607abd1c7ff4863214acb59c693318630e5515686ebe037048,LHS-01-008,lhs,2026071901,10000,3fb33b23c2703f0ed8f773011bfe55437a1d45e2df457c8af2f084e7792e4b81,gaussian,student_t_df5,0.4657426205,0.9152413826,0.3455303426,-115.6511291,-116.4364873,-114.1635808,0.8143842111,353.9802412,0.9450546338,0.02826771085,highs,optimal,0,367.4744262,-115.6511291,-200.7644645,False,False,False,solved,0.1852703302,0.1852714615,1.131363993e-06,0,WITHIN_NAMED_FAMILY_ONLY; scalar tail dependence is not a cross-family order,CONDITIONAL_ON_CONVERGENCE_AUDIT,0.5785018753,0.3932304138,0.02826771085,False,0,0.5785018753,0.6614011005,DESCRIPTIVE_ONLY_NOT_WELFARE_OR_EXCLUSION,1,1.110223025e-16,351.5834443,2.396796898,0.02826771085,0.4214981247,0.3665527584,-7.105427358e-14,False,0,True,-200.7644645,-115.6511291,-7.105427358e-14,False,True,True,False,True,False,False,1.136868377e-13,0,1.136868377e-13,4.22530335e-14,0.05523853092,1,0,0.001179821039,0.001179821039,2.168404345e-19,-380.5814919,-0,-0.05523853092,-0,-237.6799186,380.5814919,0,0.05523853092,0,237.6799186,0.5785018753,0.4214981247,False,False,0,-0,0,-0,0.3932304138,0.6067695862,False,False,0,-0,0,-0,0.02826771085,0.9717322892,False,False,0,-0,0,-0
CRR-SIM-FREEZE-2026-07-19,4b5897f5d225af6334e3082ce8d9f065cdd7067f2664f3ef63426b5597055b27,ca4f0b86858a11607abd1c7ff4863214acb59c693318630e5515686ebe037048,LHS-01-008,lhs,2026071902,10000,b3c3767c6c0abdf2dd1ceb01a2aac6c530dcae061179d62e49f3280c4f1169b5,gaussian,student_t_df5,0.4657426205,0.9152413826,0.3455303426,-112.0229598,-113.0887207,-110.0043003,0.8143842111,353.9802412,0.9450546338,0.02826771085,highs,optimal,0,367.6687506,-112.0229598,-198.1227145,False,False,False,solved,0.1772017951,0.1772027952,1.000009621e-06,0,WITHIN_NAMED_FAMILY_ONLY; scalar tail dependence is not a cross-family order,CONDITIONAL_ON_CONVERGENCE_AUDIT,0.5744675422,0.397264747,0.02826771085,False,0,0.5744675422,0.6559741602,DESCRIPTIVE_ONLY_NOT_WELFARE_OR_EXCLUSION,1,-2.220446049e-16,350.8124832,3.167757968,0.02826771085,0.4255324578,0.3705870916,-4.263256415e-14,False,0,True,-198.1227145,-112.0229598,-2.842170943e-14,False,True,True,False,True,False,False,5.684341886e-14,0,7.958078641e-13,8.465145734e-14,0.06106672537,1,0,0.001179821039,0.001179821039,0,-381.2362717,-0,-0.06106672537,-0,-237.9621698,381.2362717,0,0.06106672537,0,237.9621698,0.5744675422,0.4255324578,False,False,0,-0,0,-0,0.397264747,0.602735253,False,False,0,-0,0,-0,0.02826771085,0.9717322892,False,False,0,-0,0,-0
CRR-SIM-FREEZE-2026-07-19,4b5897f5d225af6334e3082ce8d9f065cdd7067f2664f3ef63426b5597055b27,ca4f0b86858a11607abd1c7ff4863214acb59c693318630e5515686ebe037048,LHS-01-008,lhs,2026071903,10000,44f03ececa89adeabe0817baef96a80a1a5c7ec08a5056741df3c06fc85a9d94,gaussian,student_t_df5,0.4657426205,0.9152413826,0.3455303426,-117.2747184,-117.8647758,-116.1570895,0.8143842111,353.9802412,0.9450546338,0.02826771085,highs,optimal,0,369.4412214,-117.2747184,-202.8368467,False,False,False,solved,0.1910353572,0.1910361904,8.331927296e-07,0,WITHIN_NAMED_FAMILY_ONLY; scalar tail dependence is not a cross-family order,CONDITIONAL_ON_CONVERGENCE_AUDIT,0.5813842398,0.3903480494,0.02826771085,False,0,0.5813842398,0.6593624066,DESCRIPTIVE_ONLY_NOT_WELFARE_OR_EXCLUSION,1,-2.220446049e-16,352.1342642,1.84597705,0.02826771085,0.4186157602,0.363670394,1.136868377e-13,False,0,True,-202.8368467,-117.2747184,9.947598301e-14,False,True,True,False,True,False,False,8.526512829e-14,0,1.193711796e-12,8.55550839e-14,0.0772370304,1,0,0.001179821039,0.001179821039,0,-385.305844,-0,-0.0772370304,-0,-240.7931655,385.305844,0,0.0772370304,0,240.7931655,0.5813842398,0.4186157602,False,False,0,-0,0,-0,0.3903480494,0.6096519506,False,False,0,-0,0,-0,0.02826771085,0.9717322892,False,False,0,-0,0,-0
CRR-SIM-FREEZE-2026-07-19,4b5897f5d225af6334e3082ce8d9f065cdd7067f2664f3ef63426b5597055b27,ca4f0b86858a11607abd1c7ff4863214acb59c693318630e5515686ebe037048,LHS-01-008,lhs,2026071904,10000,e300a144cef789f8b8d2de7222fc523f83dcbf9ff2810d0abdd577fba66f7b4c,gaussian,student_t_df5,0.4657426205,0.9152413826,0.3455303426,-118.2379762,-118.4208491,-117.8915962,0.8143842111,353.9802412,0.9450546338,0.02826771085,highs,optimal,0,364.8243719,-118.2379762,-198.6461841,False,False,False,solved,0.2038737086,0.2038746675,9.589413374e-07,0,WITHIN_NAMED_FAMILY_ONLY; scalar tail dependence is not a cross-family order,CONDITIONAL_ON_CONVERGENCE_AUDIT,0.5878034783,0.3839288108,0.02826771085,False,0,0.5878034783,0.6614356226,DESCRIPTIVE_ONLY_NOT_WELFARE_OR_EXCLUSION,1,-2.220446049e-16,353.3609807,0.6192605641,0.02826771085,0.4121965217,0.3572511554,1.278976924e-13,False,0,True,-198.6461841,-118.2379762,1.421085472e-13,False,True,True,False,True,False,False,5.684341886e-14,0,8.242295735e-13,8.436804766e-14,0.07128591588,1,0,0.001179821039,0.001179821039,0,-379.959908,-0,-0.07128591588,-0,-237.2612958,379.959908,0,0.07128591588,0,237.2612958,0.5878034783,0.4121965217,False,False,0,-0,0,-0,0.3839288108,0.6160711892,False,False,0,-0,0,-0,0.02826771085,0.9717322892,False,False,0,-0,0,-0
CRR-SIM-FREEZE-2026-07-19,4b5897f5d225af6334e3082ce8d9f065cdd7067f2664f3ef63426b5597055b27,ca4f0b86858a11607abd1c7ff4863214acb59c693318630e5515686ebe037048,LHS-01-008,lhs,2026071905,10000,86cb5d529475a1f84b14464010a26a4b6d3ef681badd985094e5e6e7955e8cdb,gaussian,student_t_df5,0.4657426205,0.9152413826,0.3455303426,-117.3340905,-117.7936956,-116.4635516,0.8143842111,353.9802412,0.9450546338,0.02826771085,highs,optimal,0,368.2383596,-117.3340905,-197.986959,False,False,False,solved,0.1952892589,0.19529032,1.061082611e-06,0,WITHIN_NAMED_FAMILY_ONLY; scalar tail dependence is not a cross-family order,CONDITIONAL_ON_CONVERGENCE_AUDIT,0.5835113046,0.3882209846,0.02826771085,False,0,0.5835113046,0.6704350174,DESCRIPTIVE_ONLY_NOT_WELFARE_OR_EXCLUSION,1,0,352.5407462,1.439494972,0.02826771085,0.4164886954,0.3615433292,1.421085472e-14,False,0,True,-197.986959,-117.3340905,2.842170943e-14,False,True,True,False,True,False,False,5.684341886e-14,0,6.821210263e-13,2.562753345e-15,0.06011257817,1,0,0.001179821039,0.001179821039,0,-382.0685607,-0,-0.06011257817,-0,-239.7416056,382.0685607,0,0.06011257817,0,239.7416056,0.5835113046,0.4164886954,False,False,0,-0,0,-0,0.3882209846,0.6117790154,False,False,0,-0,0,-0,0.02826771085,0.9717322892,False,False,0,-0,0,-0
CRR-SIM-FREEZE-2026-07-19,4b5897f5d225af6334e3082ce8d9f065cdd7067f2664f3ef63426b5597055b27,ca4f0b86858a11607abd1c7ff4863214acb59c693318630e5515686ebe037048,LHS-01-009,lhs,2026071901,10000,07f203b17395ff6a1fe8ad168a2915aeda31db1cda5256227952bc6922eccd3a,gaussian,empirical_resample,0.07528688019,0.9114670988,0.7342379128,-194.4193757,-206.2771042,-190.1273954,1.040930474,452.4508399,0.3933090984,0.05471819398,highs,optimal,0,359.4025898,-206.2771042,-234.8322852,True,True,True,solved,-0.1586648668,-0.1586635937,1.273107515e-06,0,WITHIN_NAMED_FAMILY_ONLY; scalar tail dependence is not a cross-family order,CONDITIONAL_ON_CONVERGENCE_AUDIT,0.3933090984,0.5519727076,0.05471819398,True,0,0.3933090984,0.1166290259,DESCRIPTIVE_ONLY_NOT_WELFARE_OR_EXCLUSION,1,0,313.8273734,138.6234665,0.05471819398,0.4480272924,0,11.85772844,True,0,True,-202.3780358,-194.4193757,-1.364242053e-12,False,False,True,True,True,False,False,1.165290087e-12,0,0,0,0,,,,0.001129523585,,-369.8257359,-0,-0,-5.715747394,-231.571999,369.8257359,0,0,5.715747394,231.571999,0.3933090984,0.6066909016,False,False,0,-0,0,-0,0.5519727076,0.4480272924,False,False,0,-0,0,-0,0.05471819398,0.945281806,False,False,0,-0,0,-0
CRR-SIM-FREEZE-2026-07-19,4b5897f5d225af6334e3082ce8d9f065cdd7067f2664f3ef63426b5597055b27,ca4f0b86858a11607abd1c7ff4863214acb59c693318630e5515686ebe037048,LHS-01-009,lhs,2026071902,10000,8c52f55833352ce184bbc3a45e74635a35a02c7a7024d64a6d6a44ed0725e49a,gaussian,empirical_resample,0.07528688019,0.9114670988,0.7342379128,-192.6832227,-204.3249223,-188.4694354,1.040930474,452.4508399,0.3933090984,0.05471819398,highs,optimal,0,359.5088737,-204.3249223,-235.0232745,True,True,True,solved,-0.1586649967,-0.1586635937,1.403047884e-06,0,WITHIN_NAMED_FAMILY_ONLY; scalar tail dependence is not a cross-family order,CONDITIONAL_ON_CONVERGENCE_AUDIT,0.3933090984,0.5519727076,0.05471819398,True,0,0.3933090984,0.1198001695,DESCRIPTIVE_ONLY_NOT_WELFARE_OR_EXCLUSION,1,0,313.8273734,138.6234665,0.05471819398,0.4480272924,0,11.64169965,True,0,True,-201.4919669,-192.6832227,-1.47792889e-12,False,False,True,True,True,False,False,1.392663762e-12,0,0,0,0,,,,0.001129523585,,-370.1357968,-0,-0,-5.182051368,-231.4599597,370.1357968,0,0,5.182051368,231.4599597,0.3933090984,0.6066909016,False,False,0,-0,0,-0,0.5519727076,0.4480272924,False,False,0,-0,0,-0,0.05471819398,0.945281806,False,False,0,-0,0,-0
CRR-SIM-FREEZE-2026-07-19,4b5897f5d225af6334e3082ce8d9f065cdd7067f2664f3ef63426b5597055b27,ca4f0b86858a11607abd1c7ff4863214acb59c693318630e5515686ebe037048,LHS-01-009,lhs,2026071903,10000,0bea4086211891814616be0501bfc5324966e94ec25e58f451807ce571361c1c,gaussian,empirical_resample,0.07528688019,0.9114670988,0.7342379128,-193.2962477,-204.7004621,-189.1684197,1.040930474,452.4508399,0.3933090984,0.05471819398,highs,optimal,0,359.6442027,-204.7004621,-234.6737796,True,True,True,solved,-0.1586644858,-0.1586635936,8.922451759e-07,0,WITHIN_NAMED_FAMILY_ONLY; scalar tail dependence is not a cross-family order,CONDITIONAL_ON_CONVERGENCE_AUDIT,0.3933090984,0.5519727076,0.05471819398,True,0,0.3933090984,0.1147511865,DESCRIPTIVE_ONLY_NOT_WELFARE_OR_EXCLUSION,1,0,313.8273734,138.6234665,0.05471819398,0.4480272924,0,11.40421441,True,0,True,-201.5613895,-193.2962477,-1.47792889e-12,False,False,True,True,True,False,False,1.421085472e-12,0,0,0,0,,,,0.001129523585,,-368.9963048,-0,-0,-8.205423058,-229.8937286,368.9963048,0,0,8.205423058,229.8937286,0.3933090984,0.6066909016,False,False,0,-0,0,-0,0.5519727076,0.4480272924,False,False,0,-0,0,-0,0.05471819398,0.945281806,False,False,0,-0,0,-0
CRR-SIM-FREEZE-2026-07-19,4b5897f5d225af6334e3082ce8d9f065cdd7067f2664f3ef63426b5597055b27,ca4f0b86858a11607abd1c7ff4863214acb59c693318630e5515686ebe037048,LHS-01-009,lhs,2026071904,10000,3c43c5a621eeb4b36bd781ee4aa6e937c0367a3e24cb264837778210166461ca,gaussian,empirical_resample,0.07528688019,0.9114670988,0.7342379128,-191.3390383,-202.7918511,-187.1936197,1.040930474,452.4508399,0.3933090984,0.05471819398,highs,optimal,0,356.948679,-202.7918511,-233.4420619,True,True,True,solved,-0.1586645872,-0.1586635936,9.935392482e-07,0,WITHIN_NAMED_FAMILY_ONLY; scalar tail dependence is not a cross-family order,CONDITIONAL_ON_CONVERGENCE_AUDIT,0.3933090984,0.5519727076,0.05471819398,True,0,0.3933090984,0.1281223659,DESCRIPTIVE_ONLY_NOT_WELFARE_OR_EXCLUSION,1,0,313.8273734,138.6234665,0.05471819398,0.4480272924,0,11.45281282,True,0,True,-199.5950991,-191.3390383,-1.307398634e-12,False,False,True,True,True,False,False,1.47792889e-12,0,0,0,0,,,,0.001129523585,,-366.6162315,-0,-0,-7.299846621,-229.1495322,366.6162315,0,0,7.299846621,229.1495322,0.3933090984,0.6066909016,False,False,0,-0,0,-0,0.5519727076,0.4480272924,False,False,0,-0,0,-0,0.05471819398,0.945281806,False,False,0,-0,0,-0
CRR-SIM-FREEZE-2026-07-19,4b5897f5d225af6334e3082ce8d9f065cdd7067f2664f3ef63426b5597055b27,ca4f0b86858a11607abd1c7ff4863214acb59c693318630e5515686ebe037048,LHS-01-009,lhs,2026071905,10000,3ee363ec26d1608a35408f52585ba62a60c51a83d8cc7d134a921ad536061e06,gaussian,empirical_resample,0.07528688019,0.9114670988,0.7342379128,-191.5830378,-203.3315895,-187.3305747,1.040930474,452.4508399,0.3933090984,0.05471819398,highs,optimal,0,358.3861814,-203.3315895,-232.8184178,True,True,True,solved,-0.1586659443,-0.1586635937,2.350601412e-06,0,WITHIN_NAMED_FAMILY_ONLY; scalar tail dependence is not a cross-family order,CONDITIONAL_ON_CONVERGENCE_AUDIT,0.3933090984,0.5519727076,0.05471819398,True,0,0.3933090984,0.1362468594,DESCRIPTIVE_ONLY_NOT_WELFARE_OR_EXCLUSION,1,0,313.8273734,138.6234665,0.05471819398,0.4480272924,0,11.74855168,True,0,True,-199.2962976,-191.5830378,-1.278976924e-12,False,False,True,True,True,False,False,1.421085472e-12,0,0,0,0,,,,0.001129523585,,-369.8159027,-0,-0,-3.069579394,-230.9472203,369.8159027,0,0,3.069579394,230.9472203,0.3933090984,0.6066909016,False,False,0,-0,0,-0,0.5519727076,0.4480272924,False,False,0,-0,0,-0,0.05471819398,0.945281806,False,False,0,-0,0,-0
CRR-SIM-FREEZE-2026-07-19,4b5897f5d225af6334e3082ce8d9f065cdd7067f2664f3ef63426b5597055b27,ca4f0b86858a11607abd1c7ff4863214acb59c693318630e5515686ebe037048,LHS-01-010,lhs,2026071901,10000,9ff52d2255e752743eb4207ab4f58994e0879ece61f9206ccbb673224bc7c99a,gaussian,gaussian,0.21782979,0.964959751,0.2970354211,-94.33167281,-106.8993547,-64.58897341,0.8805356848,382.7336407,0.6693997862,0.1412310224,highs,optimal,0,340.993809,-94.33167281,-136.985897,False,False,False,solved,0.1802983911,0.1802994638,1.072713303e-06,0,WITHIN_NAMED_FAMILY_ONLY; scalar tail dependence is not a cross-family order,CONDITIONAL_ON_CONVERGENCE_AUDIT,0.5195342207,0.3392347569,0.1412310224,False,0,0.5195342207,0.3383786751,DESCRIPTIVE_ONLY_NOT_WELFARE_OR_EXCLUSION,1,0,330.2112869,52.52235381,0.1412310224,0.4804657793,0.1498655655,-2.131628207e-13,False,0,True,-136.985897,-94.33167281,-2.415845302e-13,False,True,True,False,True,False,False,2.557953849e-13,0,4.547473509e-13,9.610967838e-15,0.03757287428,1,0,0.002853860999,0.002853860999,0,-377.7763642,-0,-0.03757287428,-0,-235.3466153,377.7763642,0,0.03757287428,0,235.3466153,0.5195342207,0.4804657793,False,False,0,-0,0,-0,0.3392347569,0.6607652431,False,False,0,-0,0,-0,0.1412310224,0.8587689776,False,False,0,-0,0,-0
CRR-SIM-FREEZE-2026-07-19,4b5897f5d225af6334e3082ce8d9f065cdd7067f2664f3ef63426b5597055b27,ca4f0b86858a11607abd1c7ff4863214acb59c693318630e5515686ebe037048,LHS-01-010,lhs,2026071902,10000,8a46a08fddaab98c8655b76884799caad70d8cc29a7ae4b97c61baa3e9cbdd51,gaussian,gaussian,0.21782979,0.964959751,0.2970354211,-92.20759336,-105.4696014,-60.82170042,0.8805356848,382.7336407,0.6693997862,0.1412310224,highs,optimal,0,341.5013614,-92.20759336,-137.6811161,False,False,False,solved,0.1794095628,0.1794105053,9.424639534e-07,0,WITHIN_NAMED_FAMILY_ONLY; scalar tail dependence is not a cross-family order,CONDITIONAL_ON_CONVERGENCE_AUDIT,0.5190897414,0.3396792361,0.1412310224,False,0,0.5190897414,0.3466512477,DESCRIPTIVE_ONLY_NOT_WELFARE_OR_EXCLUSION,1,0,330.1263469,52.6072938,0.1412310224,0.4809102586,0.1503100448,-3.410605132e-13,False,0,True,-137.6811161,-92.20759336,-3.126388037e-13,False,True,True,False,True,False,False,4.746425475e-12,0,3.97903932e-13,1.939249979e-14,0.04135229868,1,0,0.002853860999,0.002853860999,0,-378.6082957,-0,-0.04135229868,-0,-235.7409713,378.6082957,0,0.04135229868,0,235.7409713,0.5190897414,0.4809102586,False,False,0,-0,0,-0,0.3396792361,0.6603207639,False,False,0,-0,0,-0,0.1412310224,0.8587689776,False,False,0,-0,0,-0
CRR-SIM-FREEZE-2026-07-19,4b5897f5d225af6334e3082ce8d9f065cdd7067f2664f3ef63426b5597055b27,ca4f0b86858a11607abd1c7ff4863214acb59c693318630e5515686ebe037048,LHS-01-010,lhs,2026071903,10000,88cc5095ef6d2e31090d6d2d4a9861d68474187f6cf279757bddd72cba737efa,gaussian,gaussian,0.21782979,0.964959751,0.2970354211,-95.92037201,-108.7321732,-65.59993947,0.8805356848,382.7336407,0.6693997862,0.1412310224,highs,optimal,0,342.8358383,-95.92037201,-142.706529,False,False,False,solved,0.181204103,0.1812047836,6.806782311e-07,0,WITHIN_NAMED_FAMILY_ONLY; scalar tail dependence is not a cross-family order,CONDITIONAL_ON_CONVERGENCE_AUDIT,0.5199868806,0.338782097,0.1412310224,False,0,0.5199868806,0.3343450959,DESCRIPTIVE_ONLY_NOT_WELFARE_OR_EXCLUSION,1,0,330.2977902,52.43585051,0.1412310224,0.4800131194,0.1494129056,-3.836930773e-13,False,0,True,-142.706529,-95.92037201,-3.836930773e-13,False,True,True,False,True,False,False,4.689582056e-13,0,7.958078641e-13,2.782168439e-14,0.05932657551,1,0,0.002853860999,0.002853860999,0,-382.0831376,-0,-0.05932657551,-0,-237.6012823,382.0831376,0,0.05932657551,0,237.6012823,0.5199868806,0.4800131194,False,False,0,-0,0,-0,0.338782097,0.661217903,False,False,0,-0,0,-0,0.1412310224,0.8587689776,False,False,0,-0,0,-0
CRR-SIM-FREEZE-2026-07-19,4b5897f5d225af6334e3082ce8d9f065cdd7067f2664f3ef63426b5597055b27,ca4f0b86858a11607abd1c7ff4863214acb59c693318630e5515686ebe037048,LHS-01-010,lhs,2026071904,10000,aa8a90cb22efa9b38265fa43383892f2d2c344a4c44c49a54f7406ceaf0d22ba,gaussian,gaussian,0.21782979,0.964959751,0.2970354211,-98.37031802,-110.0325862,-70.77037251,0.8805356848,382.7336407,0.6693997862,0.1412310224,highs,optimal,0,338.6102876,-98.37031802,-140.9750648,False,False,False,solved,0.184184539,0.1841853709,8.319229212e-07,0,WITHIN_NAMED_FAMILY_ONLY; scalar tail dependence is not a cross-family order,CONDITIONAL_ON_CONVERGENCE_AUDIT,0.5214771742,0.3372918033,0.1412310224,False,0,0.5214771742,0.3424136564,DESCRIPTIVE_ONLY_NOT_WELFARE_OR_EXCLUSION,1,0,330.5825853,52.1510554,0.1412310224,0.4785228258,0.147922612,-3.268496584e-13,False,0,True,-140.9750648,-98.37031802,-3.268496584e-13,False,True,True,False,True,False,False,2.273736754e-13,0,6.821210263e-13,1.175804296e-14,0.05171241983,1,0,0.002853860999,0.002853860999,0,-376.7541247,-0,-0.05171241983,-0,-234.0623847,376.7541247,0,0.05171241983,0,234.0623847,0.5214771742,0.4785228258,False,False,0,-0,0,-0,0.3372918033,0.6627081967,False,False,0,-0,0,-0,0.1412310224,0.8587689776,False,False,0,-0,0,-0
CRR-SIM-FREEZE-2026-07-19,4b5897f5d225af6334e3082ce8d9f065cdd7067f2664f3ef63426b5597055b27,ca4f0b86858a11607abd1c7ff4863214acb59c693318630e5515686ebe037048,LHS-01-010,lhs,2026071905,10000,4b2585204bc6436256176d888881c9ce04f00a2c937e8dbab3d6660ece57104c,gaussian,gaussian,0.21782979,0.964959751,0.2970354211,-97.68457515,-110.2884299,-67.85626912,0.8805356848,382.7336407,0.6693997862,0.1412310224,highs,optimal,0,341.5640937,-97.68457515,-142.2471864,False,False,False,solved,0.1814268173,0.1814278389,1.021585274e-06,0,WITHIN_NAMED_FAMILY_ONLY; scalar tail dependence is not a cross-family order,CONDITIONAL_ON_CONVERGENCE_AUDIT,0.5200984082,0.3386705693,0.1412310224,False,0,0.5200984082,0.3597800804,DESCRIPTIVE_ONLY_NOT_WELFARE_OR_EXCLUSION,1,0,330.3191032,52.41453758,0.1412310224,0.4799015918,0.149301378,-3.268496584e-13,False,0,True,-142.2471864,-97.68457515,-3.268496584e-13,False,True,True,False,True,False,False,1.98951966e-13,0,5.115907697e-13,7.715808223e-15,0.03878226678,1,0,0.002853860999,0.002853860999,0,-378.8776104,-0,-0.03878226678,-0,-237.377644,378.8776104,0,0.03878226678,0,237.377644,0.5200984082,0.4799015918,False,False,0,-0,0,-0,0.3386705693,0.6613294307,False,False,0,-0,0,-0,0.1412310224,0.8587689776,False,False,0,-0,0,-0
CRR-SIM-FREEZE-2026-07-19,4b5897f5d225af6334e3082ce8d9f065cdd7067f2664f3ef63426b5597055b27,ca4f0b86858a11607abd1c7ff4863214acb59c693318630e5515686ebe037048,LHS-01-011,lhs,2026071901,10000,7f4d1082ab143e32108fff56e37ad1c561ec7c885f02bb53576ec042ed32a276,gaussian,student_t_df5,0.008296855769,0.926864837,0.4165745298,-165.1255612,-165.8456612,-164.1170388,1.007008738,437.706418,0.4992255832,0.04675018957,highs,optimal,0,362.3086695,-165.8456612,-225.941173,False,False,False,solved,0.04520018119,0.04520137168,1.190493439e-06,0,WITHIN_NAMED_FAMILY_ONLY; scalar tail dependence is not a cross-family order,CONDITIONAL_ON_CONVERGENCE_AUDIT,0.4992255832,0.4540242272,0.04675018957,True,0,0.4992255832,0.01251575361,DESCRIPTIVE_ONLY_NOT_WELFARE_OR_EXCLUSION,1,0,334.780672,102.925746,0.04675018957,0.5007744168,0,0.7201000755,True,0,True,-216.0904866,-165.1255612,5.115907697e-13,False,False,True,True,True,False,False,5.684341886e-14,0,0,0,0,,,,0.001367331335,,-370.0137384,-0,-0,-6.168072507,-230.6798889,370.0137384,0,0,6.168072507,230.6798889,0.4992255832,0.5007744168,False,False,0,-0,0,-0,0.4540242272,0.5459757728,False,False,0,-0,0,-0,0.04675018957,0.9532498104,False,False,0,-0,0,-0
CRR-SIM-FREEZE-2026-07-19,4b5897f5d225af6334e3082ce8d9f065cdd7067f2664f3ef63426b5597055b27,ca4f0b86858a11607abd1c7ff4863214acb59c693318630e5515686ebe037048,LHS-01-011,lhs,2026071902,10000,20ec33f705dc58eb5c989a46c0f11b1c0d111e7174d41e1acd4f01ade3003658,gaussian,student_t_df5,0.008296855769,0.926864837,0.4165745298,-163.9979885,-164.7709444,-162.9154401,1.007008738,437.706418,0.4992255832,0.04675018957,highs,optimal,0,362.3782506,-164.7709444,-225.430586,False,False,False,solved,0.04520028378,0.04520137173,1.087946734e-06,0,WITHIN_NAMED_FAMILY_ONLY; scalar tail dependence is not a cross-family order,CONDITIONAL_ON_CONVERGENCE_AUDIT,0.4992255832,0.4540242272,0.04675018957,True,0,0.4992255832,0.02165255419,DESCRIPTIVE_ONLY_NOT_WELFARE_OR_EXCLUSION,1,0,334.780672,102.925746,0.04675018957,0.5007744168,0,0.7729558316,True,0,True,-216.0532343,-163.9979885,7.389644452e-13,False,False,True,True,True,False,False,5.684341886e-14,0,0,0,0,,,,0.001367331335,,-369.7598572,-0,-0,-6.759549607,-230.0770714,369.7598572,0,0,6.759549607,230.0770714,0.4992255832,0.5007744168,False,False,0,-0,0,-0,0.4540242272,0.5459757728,False,False,0,-0,0,-0,0.04675018957,0.9532498104,False,False,0,-0,0,-0
CRR-SIM-FREEZE-2026-07-19,4b5897f5d225af6334e3082ce8d9f065cdd7067f2664f3ef63426b5597055b27,ca4f0b86858a11607abd1c7ff4863214acb59c693318630e5515686ebe037048,LHS-01-011,lhs,2026071903,10000,e6a2c512b9f8164a16cf679bdefa6ce5f6760081011bfc9bd1595c5ca26c7242,gaussian,student_t_df5,0.008296855769,0.926864837,0.4165745298,-166.4427454,-167.3001676,-165.2418993,1.007008738,437.706418,0.4992255832,0.04675018957,highs,optimal,0,363.0274452,-167.3001676,-226.2545257,False,False,False,solved,0.04520051258,0.04520137184,8.592630015e-07,0,WITHIN_NAMED_FAMILY_ONLY; scalar tail dependence is not a cross-family order,CONDITIONAL_ON_CONVERGENCE_AUDIT,0.4992255832,0.4540242272,0.04675018957,True,0,0.4992255832,0.0170208417,DESCRIPTIVE_ONLY_NOT_WELFARE_OR_EXCLUSION,1,0,334.780672,102.925746,0.04675018957,0.5007744168,0,0.8574221439,True,0,True,-215.9873569,-166.4427454,5.115907697e-13,False,False,True,True,True,False,False,5.684341886e-14,0,0,0,0,,,,0.001367331335,,-369.4279052,-0,-0,-8.608677087,-228.8361177,369.4279052,0,0,8.608677087,228.8361177,0.4992255832,0.5007744168,False,False,0,-0,0,-0,0.4540242272,0.5459757728,False,False,0,-0,0,-0,0.04675018957,0.9532498104,False,False,0,-0,0,-0
CRR-SIM-FREEZE-2026-07-19,4b5897f5d225af6334e3082ce8d9f065cdd7067f2664f3ef63426b5597055b27,ca4f0b86858a11607abd1c7ff4863214acb59c693318630e5515686ebe037048,LHS-01-011,lhs,2026071904,10000,225901faad2aa4f97ea9a62e5a5efb59e34d9bd89d49a12179e888bf0221b7b6,gaussian,student_t_df5,0.008296855769,0.926864837,0.4165745298,-163.8100064,-164.4274177,-162.9453028,1.007008738,437.706418,0.4992255832,0.04675018957,highs,optimal,0,360.6738796,-164.4274177,-222.6578707,False,False,False,solved,0.04520055088,0.04520137179,8.209095754e-07,0,WITHIN_NAMED_FAMILY_ONLY; scalar tail dependence is not a cross-family order,CONDITIONAL_ON_CONVERGENCE_AUDIT,0.4992255832,0.4540242272,0.04675018957,True,0,0.4992255832,0.02301392403,DESCRIPTIVE_ONLY_NOT_WELFARE_OR_EXCLUSION,1,0,334.780672,102.925746,0.04675018957,0.5007744168,0,0.6174113473,True,0,True,-214.0716701,-163.8100064,4.547473509e-13,False,False,True,True,True,False,False,5.684341886e-14,0,0,0,0,,,,0.001367331335,,-366.8669359,-0,-0,-8.959719585,-228.1483283,366.8669359,0,0,8.959719585,228.1483283,0.4992255832,0.5007744168,False,False,0,-0,0,-0,0.4540242272,0.5459757728,False,False,0,-0,0,-0,0.04675018957,0.9532498104,False,False,0,-0,0,-0
CRR-SIM-FREEZE-2026-07-19,4b5897f5d225af6334e3082ce8d9f065cdd7067f2664f3ef63426b5597055b27,ca4f0b86858a11607abd1c7ff4863214acb59c693318630e5515686ebe037048,LHS-01-011,lhs,2026071905,10000,893677ebd2ff2d8cb9f0f539449a57a446ff223e96a6db27808687dec9e1e51d,gaussian,student_t_df5,0.008296855769,0.926864837,0.4165745298,-163.0843645,-163.6272528,-162.3240328,1.007008738,437.706418,0.4992255832,0.04675018957,highs,optimal,0,360.9440604,-163.6272528,-221.4667783,False,False,False,solved,0.04519943646,0.04520137171,1.93524761e-06,0,WITHIN_NAMED_FAMILY_ONLY; scalar tail dependence is not a cross-family order,CONDITIONAL_ON_CONVERGENCE_AUDIT,0.4992255832,0.4540242272,0.04675018957,True,0,0.4992255832,0.02984597457,DESCRIPTIVE_ONLY_NOT_WELFARE_OR_EXCLUSION,1,0,334.780672,102.925746,0.04675018957,0.5007744168,0,0.5428882562,True,0,True,-214.0748912,-163.0843645,8.242295735e-13,False,False,True,True,True,False,False,1.136868377e-13,0,0,0,0,,,,0.001367331335,,-369.7913043,-0,-0,-3.760786513,-229.4049469,369.7913043,0,0,3.760786513,229.4049469,0.4992255832,0.5007744168,False,False,0,-0,0,-0,0.4540242272,0.5459757728,False,False,0,-0,0,-0,0.04675018957,0.9532498104,False,False,0,-0,0,-0
CRR-SIM-FREEZE-2026-07-19,4b5897f5d225af6334e3082ce8d9f065cdd7067f2664f3ef63426b5597055b27,ca4f0b86858a11607abd1c7ff4863214acb59c693318630e5515686ebe037048,LHS-01-012,lhs,2026071901,10000,58a93dea2957fdaafcdc34587246fcdb000fa9885bcf74076c0d9c30d6c75b1f,gaussian,empirical_resample,0.5642555529,0.9460906447,0.3149617214,-149.9426875,-153.7857988,-141.5839629,0.7304702477,317.5061978,0.3527589664,0.1292401597,highs,optimal,0,342.0301476,-153.7857988,-170.4305877,True,True,True,solved,-0.1652430599,-0.1652418928,1.167148282e-06,0,WITHIN_NAMED_FAMILY_ONLY; scalar tail dependence is not a cross-family order,CONDITIONAL_ON_CONVERGENCE_AUDIT,0.3527589664,0.5180008739,0.1292401597,False,0,0.3527589664,0.7471223167,DESCRIPTIVE_ONLY_NOT_WELFARE_OR_EXCLUSION,1,0,299.4129986,18.09319926,0.1292401597,0.4819991261,0,3.843111243,True,0,True,-153.2957962,-149.9426875,-1.563194019e-12,False,False,True,True,True,False,False,1.676880856e-12,0,0,0,0,,,,0.001854965608,,-369.8742274,-0,-0,-5.936049296,-231.6468385,369.8742274,0,0,5.936049296,231.6468385,0.3527589664,0.6472410336,False,False,0,-0,0,-0,0.5180008739,0.4819991261,False,False,0,-0,0,-0,0.1292401597,0.8707598403,False,False,0,-0,0,-0
CRR-SIM-FREEZE-2026-07-19,4b5897f5d225af6334e3082ce8d9f065cdd7067f2664f3ef63426b5597055b27,ca4f0b86858a11607abd1c7ff4863214acb59c693318630e5515686ebe037048,LHS-01-012,lhs,2026071902,10000,cf4ce1fb1490d36f3db7b40e6051706245e20838c76cadfece77cb2cea43ea3a,gaussian,empirical_resample,0.5642555529,0.9460906447,0.3149617214,-149.5888221,-153.3783483,-141.3466442,0.7304702477,317.5061978,0.3527589664,0.1292401597,highs,optimal,0,342.583858,-153.3783483,-167.8214278,True,True,True,solved,-0.1652430717,-0.1652418928,1.178899039e-06,0,WITHIN_NAMED_FAMILY_ONLY; scalar tail dependence is not a cross-family order,CONDITIONAL_ON_CONVERGENCE_AUDIT,0.3527589664,0.5180008739,0.1292401597,False,0,0.3527589664,0.74892509,DESCRIPTIVE_ONLY_NOT_WELFARE_OR_EXCLUSION,1,0,299.4129986,18.09319926,0.1292401597,0.4819991261,0,3.789526227,True,0,True,-152.3708764,-149.5888221,-1.278976924e-12,False,False,True,True,True,False,False,1.250555215e-12,0,0,0,0,,,,0.001854965608,,-370.487385,-0,-0,-5.885660505,-231.969278,370.487385,0,0,5.885660505,231.969278,0.3527589664,0.6472410336,False,False,0,-0,0,-0,0.5180008739,0.4819991261,False,False,0,-0,0,-0,0.1292401597,0.8707598403,False,False,0,-0,0,-0
CRR-SIM-FREEZE-2026-07-19,4b5897f5d225af6334e3082ce8d9f065cdd7067f2664f3ef63426b5597055b27,ca4f0b86858a11607abd1c7ff4863214acb59c693318630e5515686ebe037048,LHS-01-012,lhs,2026071903,10000,07333a6c97d81053e7e5810c655bbf449c6a39d44ebbafa61d830e99882845f4,gaussian,empirical_resample,0.5642555529,0.9460906447,0.3149617214,-150.1462114,-153.975886,-141.8167111,0.7304702477,317.5061978,0.3527589664,0.1292401597,highs,optimal,0,343.2787028,-153.975886,-169.7559347,True,True,True,solved,-0.1652427404,-0.1652418927,8.476639447e-07,0,WITHIN_NAMED_FAMILY_ONLY; scalar tail dependence is not a cross-family order,CONDITIONAL_ON_CONVERGENCE_AUDIT,0.3527589664,0.5180008739,0.1292401597,False,0,0.3527589664,0.7369458645,DESCRIPTIVE_ONLY_NOT_WELFARE_OR_EXCLUSION,1,0,299.4129986,18.09319926,0.1292401597,0.4819991261,0,3.829674669,True,0,True,-153.2608034,-150.1462114,-1.392663762e-12,False,False,True,True,True,False,False,1.193711796e-12,0,0,0,0,,,,0.001854965608,,-370.299372,-0,-0,-8.243566745,-231.5740037,370.299372,0,0,8.243566745,231.5740037,0.3527589664,0.6472410336,False,False,0,-0,0,-0,0.5180008739,0.4819991261,False,False,0,-0,0,-0,0.1292401597,0.8707598403,False,False,0,-0,0,-0
CRR-SIM-FREEZE-2026-07-19,4b5897f5d225af6334e3082ce8d9f065cdd7067f2664f3ef63426b5597055b27,ca4f0b86858a11607abd1c7ff4863214acb59c693318630e5515686ebe037048,LHS-01-012,lhs,2026071904,10000,c6be078914f216cd67f4ae2e57c1738188bb3137be417c11b7fa4853766af8aa,gaussian,empirical_resample,0.5642555529,0.9460906447,0.3149617214,-149.3770032,-153.1914854,-141.0805464,0.7304702477,317.5061978,0.3527589664,0.1292401597,highs,optimal,0,338.8694746,-153.1914854,-167.7810661,True,True,True,solved,-0.1652429629,-0.1652418928,1.070138897e-06,0,WITHIN_NAMED_FAMILY_ONLY; scalar tail dependence is not a cross-family order,CONDITIONAL_ON_CONVERGENCE_AUDIT,0.3527589664,0.5180008739,0.1292401597,False,0,0.3527589664,0.7499501935,DESCRIPTIVE_ONLY_NOT_WELFARE_OR_EXCLUSION,1,0,299.4129986,18.09319926,0.1292401597,0.4819991261,0,3.814482211,True,0,True,-151.8986682,-149.3770032,-1.392663762e-12,False,False,True,True,True,False,False,1.421085472e-12,0,0,0,0,,,,0.001854965608,,-366.2030136,-0,-0,-6.421980626,-229.0228538,366.2030136,0,0,6.421980626,229.0228538,0.3527589664,0.6472410336,False,False,0,-0,0,-0,0.5180008739,0.4819991261,False,False,0,-0,0,-0,0.1292401597,0.8707598403,False,False,0,-0,0,-0
CRR-SIM-FREEZE-2026-07-19,4b5897f5d225af6334e3082ce8d9f065cdd7067f2664f3ef63426b5597055b27,ca4f0b86858a11607abd1c7ff4863214acb59c693318630e5515686ebe037048,LHS-01-012,lhs,2026071905,10000,31481c0e2545b9db862026f8c01d6afd1ecf6f5e8eb66bbf1b3596cb94e1750d,gaussian,empirical_resample,0.5642555529,0.9460906447,0.3149617214,-149.8404234,-153.7038499,-141.4375134,0.7304702477,317.5061978,0.3527589664,0.1292401597,highs,optimal,0,342.0543133,-153.7038499,-169.3506554,True,True,True,solved,-0.165243016,-0.1652418928,1.123146138e-06,0,WITHIN_NAMED_FAMILY_ONLY; scalar tail dependence is not a cross-family order,CONDITIONAL_ON_CONVERGENCE_AUDIT,0.3527589664,0.5180008739,0.1292401597,False,0,0.3527589664,0.7570560938,DESCRIPTIVE_ONLY_NOT_WELFARE_OR_EXCLUSION,1,0,299.4129986,18.09319926,0.1292401597,0.4819991261,0,3.863426459,True,0,True,-152.6522289,-149.8404234,-1.136868377e-12,False,False,True,True,True,False,False,1.193711796e-12,0,0,0,0,,,,0.001854965608,,-369.8750861,-0,-0,-6.171984844,-232.1104823,369.8750861,0,0,6.171984844,232.1104823,0.3527589664,0.6472410336,False,False,0,-0,0,-0,0.5180008739,0.4819991261,False,False,0,-0,0,-0,0.1292401597,0.8707598403,False,False,0,-0,0,-0
CRR-SIM-FREEZE-2026-07-19,4b5897f5d225af6334e3082ce8d9f065cdd7067f2664f3ef63426b5597055b27,ca4f0b86858a11607abd1c7ff4863214acb59c693318630e5515686ebe037048,LHS-01-013,lhs,2026071901,10000,fafd399d1eaa8430e3fd592477e43a4feda1e21e25e65b108696df8987a01be1,gaussian,gaussian,0.1344653416,0.9561411486,0.1818596176,-119.4688894,-128.7363741,-77.77682173,0.8391471993,364.7437216,0.7369034837,0.1327935571,highs,optimal,0,342.7804931,-119.4688894,-161.7394953,False,False,False,solved,0.1390036383,0.1390047345,1.09619816e-06,0,WITHIN_NAMED_FAMILY_ONLY; scalar tail dependence is not a cross-family order,CONDITIONAL_ON_CONVERGENCE_AUDIT,0.5031055887,0.3641008542,0.1327935571,True,0,0.5031055887,0.2128247645,DESCRIPTIVE_ONLY_NOT_WELFARE_OR_EXCLUSION,1,0,327.8264222,36.91729939,0.1327935571,0.4968944113,0.2337978951,1.435296326e-12,False,0,True,-161.7394953,-119.4688894,1.435296326e-12,False,True,True,False,True,False,False,2.842170943e-14,0,3.410605132e-13,5.113638349e-14,0.03562775334,1,0,0.002280041469,0.002280041469,0,-378.2967844,-0,-0.03562775334,-0,-235.4021077,378.2967844,0,0.03562775334,0,235.4021077,0.5031055887,0.4968944113,False,False,0,-0,0,-0,0.3641008542,0.6358991458,False,False,0,-0,0,-0,0.1327935571,0.8672064429,False,False,0,-0,0,-0
CRR-SIM-FREEZE-2026-07-19,4b5897f5d225af6334e3082ce8d9f065cdd7067f2664f3ef63426b5597055b27,ca4f0b86858a11607abd1c7ff4863214acb59c693318630e5515686ebe037048,LHS-01-013,lhs,2026071902,10000,f43262439d72237f33c797153391a35c2a33f377c2845a552849e12cecbe71bd,gaussian,gaussian,0.1344653416,0.9561411486,0.1818596176,-117.5603641,-127.0667209,-74.79367104,0.8391471993,364.7437216,0.7369034837,0.1327935571,highs,optimal,0,343.2715125,-117.5603641,-162.7113318,False,False,False,solved,0.138670748,0.1386717008,9.527985637e-07,0,WITHIN_NAMED_FAMILY_ONLY; scalar tail dependence is not a cross-family order,CONDITIONAL_ON_CONVERGENCE_AUDIT,0.5029390718,0.364267371,0.1327935571,True,0,0.5029390718,0.2223282405,DESCRIPTIVE_ONLY_NOT_WELFARE_OR_EXCLUSION,1,0,327.7946009,36.94912076,0.1327935571,0.4970609282,0.2339644119,1.548983164e-12,False,0,True,-162.7113318,-117.5603641,1.563194019e-12,False,True,True,False,True,False,False,2.604583216e-12,0,3.97903932e-13,5.911787848e-14,0.04078481242,1,0,0.002280041469,0.002280041469,0,-379.3809919,-0,-0.04078481242,-0,-235.8156731,379.3809919,0,0.04078481242,0,235.8156731,0.5029390718,0.4970609282,False,False,0,-0,0,-0,0.364267371,0.635732629,False,False,0,-0,0,-0,0.1327935571,0.8672064429,False,False,0,-0,0,-0
CRR-SIM-FREEZE-2026-07-19,4b5897f5d225af6334e3082ce8d9f065cdd7067f2664f3ef63426b5597055b27,ca4f0b86858a11607abd1c7ff4863214acb59c693318630e5515686ebe037048,LHS-01-013,lhs,2026071903,10000,901132c62b64a1bbfb339bc06e063ef51f06e249b4bc2b9f49f14786652a9fef,gaussian,gaussian,0.1344653416,0.9561411486,0.1818596176,-121.66139,-130.7526319,-80.76219365,0.8391471993,364.7437216,0.7369034837,0.1327935571,highs,optimal,0,344.5291329,-121.66139,-168.1104662,False,False,False,solved,0.1414757739,0.1414764473,6.73383215e-07,0,WITHIN_NAMED_FAMILY_ONLY; scalar tail dependence is not a cross-family order,CONDITIONAL_ON_CONVERGENCE_AUDIT,0.5043414451,0.3628649978,0.1327935571,True,0,0.5043414451,0.2097276782,DESCRIPTIVE_ONLY_NOT_WELFARE_OR_EXCLUSION,1,0,328.0625944,36.68112724,0.1327935571,0.4956585549,0.2325620387,1.520561455e-12,False,0,True,-168.1104662,-121.66139,1.520561455e-12,False,True,True,False,True,False,False,2.842170943e-14,0,2.273736754e-13,7.717389326e-14,0.0603403328,1,0,0.002280041469,0.002280041469,0,-383.451275,-0,-0.0603403328,-0,-237.8206746,383.451275,0,0.0603403328,0,237.8206746,0.5043414451,0.4956585549,False,False,0,-0,0,-0,0.3628649978,0.6371350022,False,False,0,-0,0,-0,0.1327935571,0.8672064429,False,False,0,-0,0,-0
CRR-SIM-FREEZE-2026-07-19,4b5897f5d225af6334e3082ce8d9f065cdd7067f2664f3ef63426b5597055b27,ca4f0b86858a11607abd1c7ff4863214acb59c693318630e5515686ebe037048,LHS-01-013,lhs,2026071904,10000,0b4e3966ab90bceaaa563fac02e032f421a4a3ca0f64d33fc20327be0a89aa1b,gaussian,gaussian,0.1344653416,0.9561411486,0.1818596176,-122.9444225,-131.4801518,-84.5443373,0.8391471993,364.7437216,0.7369034837,0.1327935571,highs,optimal,0,340.5805982,-122.9444225,-164.7876346,False,False,False,solved,0.1452568426,0.1452576568,8.141573585e-07,0,WITHIN_NAMED_FAMILY_ONLY; scalar tail dependence is not a cross-family order,CONDITIONAL_ON_CONVERGENCE_AUDIT,0.5062320498,0.360974393,0.1327935571,True,0,0.5062320498,0.2167315505,DESCRIPTIVE_ONLY_NOT_WELFARE_OR_EXCLUSION,1,0,328.423889,36.31983267,0.1327935571,0.4937679502,0.2306714339,1.421085472e-12,False,0,True,-164.7876346,-122.9444225,1.435296326e-12,False,True,True,False,True,False,False,6.622258297e-12,0,2.557953849e-13,7.497826626e-14,0.05276126438,1,0,0.002280041469,0.002280041469,4.33680869e-19,-378.1736823,-0,-0.05276126438,-0,-234.2461604,378.1736823,0,0.05276126438,0,234.2461604,0.5062320498,0.4937679502,False,False,0,-0,0,-0,0.360974393,0.639025607,False,False,0,-0,0,-0,0.1327935571,0.8672064429,False,False,0,-0,0,-0
CRR-SIM-FREEZE-2026-07-19,4b5897f5d225af6334e3082ce8d9f065cdd7067f2664f3ef63426b5597055b27,ca4f0b86858a11607abd1c7ff4863214acb59c693318630e5515686ebe037048,LHS-01-013,lhs,2026071905,10000,cdfeb62f6f904bbe8c3b219b8a146f874d32ea7f8324a6562109392befa2bcab,gaussian,gaussian,0.1344653416,0.9561411486,0.1818596176,-123.0171183,-132.1426568,-81.96363051,0.8391471993,364.7437216,0.7369034837,0.1327935571,highs,optimal,0,343.4525699,-123.0171183,-166.5673366,False,False,False,solved,0.1402666847,0.140267721,1.036262997e-06,0,WITHIN_NAMED_FAMILY_ONLY; scalar tail dependence is not a cross-family order,CONDITIONAL_ON_CONVERGENCE_AUDIT,0.5037370819,0.3634693609,0.1327935571,True,0,0.5037370819,0.2361740081,DESCRIPTIVE_ONLY_NOT_WELFARE_OR_EXCLUSION,1,0,327.9471006,36.79662103,0.1327935571,0.4962629181,0.2331664018,1.392663762e-12,False,0,True,-166.5673366,-123.0171183,1.421085472e-12,False,True,True,False,True,False,False,9.521272659e-12,0,1.136868377e-13,5.371148058e-14,0.03705499447,1,0,0.002280041469,0.002280041469,0,-379.5600091,-0,-0.03705499447,-0,-237.5796028,379.5600091,0,0.03705499447,0,237.5796028,0.5037370819,0.4962629181,False,False,0,-0,0,-0,0.3634693609,0.6365306391,False,False,0,-0,0,-0,0.1327935571,0.8672064429,False,False,0,-0,0,-0
CRR-SIM-FREEZE-2026-07-19,4b5897f5d225af6334e3082ce8d9f065cdd7067f2664f3ef63426b5597055b27,ca4f0b86858a11607abd1c7ff4863214acb59c693318630e5515686ebe037048,LHS-01-014,lhs,2026071901,10000,de740979fc96e8a9129e4bf4a4decf6efccfef7be413b318616185712391e1ad,gaussian,student_t_df5,0.2710423462,0.9695072978,0.5638789308,-12.08403392,-68.10878861,31.24721076,1.051279632,456.9492047,0.8891627495,0.06276645372,highs,optimal,0,360.4119298,-12.08403392,-100.1658111,False,False,False,solved,0.5357944892,0.5357956276,1.138466909e-06,0,WITHIN_NAMED_FAMILY_ONLY; scalar tail dependence is not a cross-family order,CONDITIONAL_ON_CONVERGENCE_AUDIT,0.7365145869,0.2007189593,0.06276645372,False,0,0.7365145869,0.407108258,DESCRIPTIVE_ONLY_NOT_WELFARE_OR_EXCLUSION,1,0,378.6941059,78.25509874,0.06276645372,0.2634854131,0.1526481625,-6.536993169e-13,False,0,True,-100.1658111,-12.08403392,-6.679101716e-13,False,True,True,False,True,False,False,6.163958233e-13,0,2.557953849e-13,1.475390875e-14,0.02393577015,1,0,0.003279473206,0.003279473206,0,-375.3896299,-0,-0.02393577015,-0,-234.0176733,375.3896299,0,0.02393577015,0,234.0176733,0.7365145869,0.2634854131,False,False,0,-0,0,-0,0.2007189593,0.7992810407,False,False,0,-0,0,-0,0.06276645372,0.9372335463,False,False,0,-0,0,-0
CRR-SIM-FREEZE-2026-07-19,4b5897f5d225af6334e3082ce8d9f065cdd7067f2664f3ef63426b5597055b27,ca4f0b86858a11607abd1c7ff4863214acb59c693318630e5515686ebe037048,LHS-01-014,lhs,2026071902,10000,b0d582ab5e542e152460a58bade812bfa8edbb60aa377a23305eb84fe9e97a2c,gaussian,student_t_df5,0.2710423462,0.9695072978,0.5638789308,2.17804453,-61.25594869,51.23981903,1.051279632,456.9492047,0.8891627495,0.06276645372,highs,optimal,0,360.7572717,2.17804453,-100.1075432,False,False,False,solved,0.5248587618,0.5248597527,9.909277998e-07,0,WITHIN_NAMED_FAMILY_ONLY; scalar tail dependence is not a cross-family order,CONDITIONAL_ON_CONVERGENCE_AUDIT,0.7310466493,0.206186897,0.06276645372,False,0,0.7310466493,0.4082377371,DESCRIPTIVE_ONLY_NOT_WELFARE_OR_EXCLUSION,1,0,377.6491831,79.30002163,0.06276645372,0.2689533507,0.1581161002,-6.465938895e-13,False,0,True,-100.1075432,2.17804453,-6.323830348e-13,False,True,True,False,True,False,False,5.995204333e-13,0,2.273736754e-13,1.491654732e-14,0.02488079888,1,0,0.003279473206,0.003279473206,0,-375.3895773,-0,-0.02488079888,-0,-233.9864089,375.3895773,0,0.02488079888,0,233.9864089,0.7310466493,0.2689533507,False,False,0,-0,0,-0,0.206186897,0.793813103,False,False,0,-0,0,-0,0.06276645372,0.9372335463,False,False,0,-0,0,-0
CRR-SIM-FREEZE-2026-07-19,4b5897f5d225af6334e3082ce8d9f065cdd7067f2664f3ef63426b5597055b27,ca4f0b86858a11607abd1c7ff4863214acb59c693318630e5515686ebe037048,LHS-01-014,lhs,2026071903,10000,3a6daec06fd54f10817a388da72e533813c916c511be67da7ae7129da5f67fef,gaussian,student_t_df5,0.2710423462,0.9695072978,0.5638789308,-6.596630926,-67.10833835,40.20495909,1.051279632,456.9492047,0.8891627495,0.06276645372,highs,optimal,0,362.9506432,-6.596630926,-113.2034065,False,False,False,solved,0.5342369454,0.5342377153,7.698809168e-07,0,WITHIN_NAMED_FAMILY_ONLY; scalar tail dependence is not a cross-family order,CONDITIONAL_ON_CONVERGENCE_AUDIT,0.7357356308,0.2014979155,0.06276645372,False,0,0.7357356308,0.4043852284,DESCRIPTIVE_ONLY_NOT_WELFARE_OR_EXCLUSION,1,0,378.5452474,78.40395726,0.06276645372,0.2642643692,0.1534271187,-7.673861546e-13,False,0,True,-113.2034065,-6.596630926,-7.815970093e-13,False,True,True,False,True,False,False,7.40740802e-13,0,3.97903932e-13,2.410439165e-14,0.03254092603,1,0,0.003279473206,0.003279473206,0,-377.9625814,-0,-0.03254092603,-0,-235.7513732,377.9625814,0,0.03254092603,0,235.7513732,0.7357356308,0.2642643692,False,False,0,-0,0,-0,0.2014979155,0.7985020845,False,False,0,-0,0,-0,0.06276645372,0.9372335463,False,False,0,-0,0,-0
CRR-SIM-FREEZE-2026-07-19,4b5897f5d225af6334e3082ce8d9f065cdd7067f2664f3ef63426b5597055b27,ca4f0b86858a11607abd1c7ff4863214acb59c693318630e5515686ebe037048,LHS-01-014,lhs,2026071904,10000,c68df8d3ae168467f11532031583bf5dc8e0d6b9a405eafd07da56ddd6f18827,gaussian,student_t_df5,0.2710423462,0.9695072978,0.5638789308,-22.36133254,-74.51895671,17.97895608,1.051279632,456.9492047,0.8891627495,0.06276645372,highs,optimal,0,358.4391748,-22.36133254,-111.9879272,False,False,False,solved,0.5450895706,0.5450904592,8.886660183e-07,0,WITHIN_NAMED_FAMILY_ONLY; scalar tail dependence is not a cross-family order,CONDITIONAL_ON_CONVERGENCE_AUDIT,0.7411620028,0.1960715435,0.06276645372,False,0,0.7411620028,0.4093629483,DESCRIPTIVE_ONLY_NOT_WELFARE_OR_EXCLUSION,1,0,379.5822271,77.36697758,0.06276645372,0.2588379972,0.1480007467,-6.608047443e-13,False,0,True,-111.9879272,-22.36133254,-6.608047443e-13,False,True,True,False,True,False,False,7.069900221e-13,0,2.842170943e-13,2.276160972e-14,0.0321950933,1,0,0.003279473206,0.003279473206,0,-373.7714585,-0,-0.0321950933,-0,-232.8052267,373.7714585,0,0.0321950933,0,232.8052267,0.7411620028,0.2588379972,False,False,0,-0,0,-0,0.1960715435,0.8039284565,False,False,0,-0,0,-0,0.06276645372,0.9372335463,False,False,0,-0,0,-0
CRR-SIM-FREEZE-2026-07-19,4b5897f5d225af6334e3082ce8d9f065cdd7067f2664f3ef63426b5597055b27,ca4f0b86858a11607abd1c7ff4863214acb59c693318630e5515686ebe037048,LHS-01-014,lhs,2026071905,10000,9bbd5bb250f529222d250d339425c227441ea5449e2f6a341b2d6bd0c9a3fa28,gaussian,student_t_df5,0.2710423462,0.9695072978,0.5638789308,-15.08951047,-72.21191905,29.09069301,1.051279632,456.9492047,0.8891627495,0.06276645372,highs,optimal,0,361.4639678,-15.08951047,-112.057373,False,False,False,solved,0.5338409504,0.5338420003,1.049812613e-06,0,WITHIN_NAMED_FAMILY_ONLY; scalar tail dependence is not a cross-family order,CONDITIONAL_ON_CONVERGENCE_AUDIT,0.7355377733,0.201695773,0.06276645372,False,0,0.7355377733,0.4206471415,DESCRIPTIVE_ONLY_NOT_WELFARE_OR_EXCLUSION,1,0,378.5074369,78.44176783,0.06276645372,0.2644622267,0.1536249762,-6.96331881e-13,False,0,True,-112.057373,-15.08951047,-6.96331881e-13,False,True,True,False,True,False,False,6.465938895e-13,0,6.252776075e-13,1.642127326e-14,0.02539657972,1,0,0.003279473206,0.003279473206,0,-376.6726292,-0,-0.02539657972,-0,-236.2000494,376.6726292,0,0.02539657972,0,236.2000494,0.7355377733,0.2644622267,False,False,0,-0,0,-0,0.201695773,0.798304227,False,False,0,-0,0,-0,0.06276645372,0.9372335463,False,False,0,-0,0,-0
CRR-SIM-FREEZE-2026-07-19,4b5897f5d225af6334e3082ce8d9f065cdd7067f2664f3ef63426b5597055b27,ca4f0b86858a11607abd1c7ff4863214acb59c693318630e5515686ebe037048,LHS-01-015,lhs,2026071901,10000,fbafd41b74382f732f45803e9be34aa5d8542c27a51b0c8f760a7e336892a373,gaussian,empirical_resample,0.03408433291,0.9575980175,0.2036136772,-178.2477923,-178.6330176,-176.7410757,0.9434392098,410.0752869,0.5567105078,0.03919553074,highs,optimal,0,363.8842598,-178.6330176,-199.63275,False,False,False,solved,0.1526151988,0.1526165621,1.363242671e-06,0,WITHIN_NAMED_FAMILY_ONLY; scalar tail dependence is not a cross-family order,CONDITIONAL_ON_CONVERGENCE_AUDIT,0.5567105078,0.4040939614,0.03919553074,True,0,0.5567105078,0.05392912007,DESCRIPTIVE_ONLY_NOT_WELFARE_OR_EXCLUSION,1,0,346.4417298,63.63355715,0.03919553074,0.4432894922,0,0.3852252515,True,0,True,-194.2198962,-178.2477923,-7.958078641e-13,False,False,True,True,True,False,False,7.389644452e-13,0,0,0,0,,,,0.002358380294,,-369.9618785,-0,-0,-5.40071018,-231.7675161,369.9618785,0,0,5.40071018,231.7675161,0.5567105078,0.4432894922,False,False,0,-0,0,-0,0.4040939614,0.5959060386,False,False,0,-0,0,-0,0.03919553074,0.9608044693,False,False,0,-0,0,-0
CRR-SIM-FREEZE-2026-07-19,4b5897f5d225af6334e3082ce8d9f065cdd7067f2664f3ef63426b5597055b27,ca4f0b86858a11607abd1c7ff4863214acb59c693318630e5515686ebe037048,LHS-01-015,lhs,2026071902,10000,4838138f90eae44dd751b99c51b1bbd63b9a196c594a0f0d3f4a9d00eba0325d,gaussian,empirical_resample,0.03408433291,0.9575980175,0.2036136772,-177.7565682,-178.1349232,-176.2767231,0.9434392098,410.0752869,0.5567105078,0.03919553074,highs,optimal,0,364.4114198,-178.1349232,-197.5687016,False,False,False,solved,0.1526152694,0.1526165621,1.292643971e-06,0,WITHIN_NAMED_FAMILY_ONLY; scalar tail dependence is not a cross-family order,CONDITIONAL_ON_CONVERGENCE_AUDIT,0.5567105078,0.4040939614,0.03919553074,True,0,0.5567105078,0.06743208708,DESCRIPTIVE_ONLY_NOT_WELFARE_OR_EXCLUSION,1,0,346.4417298,63.63355715,0.03919553074,0.4432894922,0,0.3783549591,True,0,True,-193.305663,-177.7565682,-8.810729923e-13,False,False,True,True,True,False,False,8.810729923e-13,0,0,0,0,,,,0.002358380294,,-370.3308399,-0,-0,-5.707561278,-232.0897116,370.3308399,0,0,5.707561278,232.0897116,0.5567105078,0.4432894922,False,False,0,-0,0,-0,0.4040939614,0.5959060386,False,False,0,-0,0,-0,0.03919553074,0.9608044693,False,False,0,-0,0,-0
CRR-SIM-FREEZE-2026-07-19,4b5897f5d225af6334e3082ce8d9f065cdd7067f2664f3ef63426b5597055b27,ca4f0b86858a11607abd1c7ff4863214acb59c693318630e5515686ebe037048,LHS-01-015,lhs,2026071903,10000,ca6836820bed8e9030054f02f63c7fb276a99cfaf9d0dd9c2c1ba123208623e7,gaussian,empirical_resample,0.03408433291,0.9575980175,0.2036136772,-180.3673314,-180.7954586,-178.6928142,0.9434392098,410.0752869,0.5567105078,0.03919553074,highs,optimal,0,365.3029253,-180.7954586,-201.2516223,False,False,False,solved,0.152615768,0.1526165622,7.94216615e-07,0,WITHIN_NAMED_FAMILY_ONLY; scalar tail dependence is not a cross-family order,CONDITIONAL_ON_CONVERGENCE_AUDIT,0.5567105078,0.4040939614,0.03919553074,True,0,0.5567105078,0.05308825542,DESCRIPTIVE_ONLY_NOT_WELFARE_OR_EXCLUSION,1,0,346.4417298,63.63355715,0.03919553074,0.4432894922,0,0.4281271554,True,0,True,-195.9060318,-180.3673314,-6.821210263e-13,False,False,True,True,True,False,False,7.673861546e-13,0,0,0,0,,,,0.002358380294,,-369.1165819,-0,-0,-9.386281037,-230.6155246,369.1165819,0,0,9.386281037,230.6155246,0.5567105078,0.4432894922,False,False,0,-0,0,-0,0.4040939614,0.5959060386,False,False,0,-0,0,-0,0.03919553074,0.9608044693,False,False,0,-0,0,-0
CRR-SIM-FREEZE-2026-07-19,4b5897f5d225af6334e3082ce8d9f065cdd7067f2664f3ef63426b5597055b27,ca4f0b86858a11607abd1c7ff4863214acb59c693318630e5515686ebe037048,LHS-01-015,lhs,2026071904,10000,67853f5112d2689d17e7f240216db50d3974ef7d5b28fb6ed16a99bf101a570a,gaussian,empirical_resample,0.03408433291,0.9575980175,0.2036136772,-179.3084605,-179.7714203,-177.4977034,0.9434392098,410.0752869,0.5567105078,0.03919553074,highs,optimal,0,361.5263186,-179.7714203,-198.0474875,False,False,False,solved,0.1526155529,0.1526165622,1.009314096e-06,0,WITHIN_NAMED_FAMILY_ONLY; scalar tail dependence is not a cross-family order,CONDITIONAL_ON_CONVERGENCE_AUDIT,0.5567105078,0.4040939614,0.03919553074,True,0,0.5567105078,0.06355579849,DESCRIPTIVE_ONLY_NOT_WELFARE_OR_EXCLUSION,1,0,346.4417298,63.63355715,0.03919553074,0.4432894922,0,0.4629598631,True,0,True,-193.2030481,-179.3084605,-9.094947018e-13,False,False,True,True,True,False,False,1.080024958e-12,0,0,0,0,,,,0.002358380294,,-366.4396378,-0,-0,-7.277774992,-228.7233469,366.4396378,0,0,7.277774992,228.7233469,0.5567105078,0.4432894922,False,False,0,-0,0,-0,0.4040939614,0.5959060386,False,False,0,-0,0,-0,0.03919553074,0.9608044693,False,False,0,-0,0,-0
CRR-SIM-FREEZE-2026-07-19,4b5897f5d225af6334e3082ce8d9f065cdd7067f2664f3ef63426b5597055b27,ca4f0b86858a11607abd1c7ff4863214acb59c693318630e5515686ebe037048,LHS-01-015,lhs,2026071905,10000,3a8f0e1ec658850789759b608bdb1d64852f54b221bc90637dd242be654e879c,gaussian,empirical_resample,0.03408433291,0.9575980175,0.2036136772,-180.3690168,-180.8469189,-178.4998166,0.9434392098,410.0752869,0.5567105078,0.03919553074,highs,optimal,0,364.1753001,-180.8469189,-200.5099028,False,False,False,solved,0.1526150675,0.152616562,1.494477486e-06,0,WITHIN_NAMED_FAMILY_ONLY; scalar tail dependence is not a cross-family order,CONDITIONAL_ON_CONVERGENCE_AUDIT,0.5567105078,0.4040939614,0.03919553074,True,0,0.5567105078,0.0766053147,DESCRIPTIVE_ONLY_NOT_WELFARE_OR_EXCLUSION,1,0,346.4417298,63.63355715,0.03919553074,0.4432894922,0,0.4779021329,True,0,True,-195.4013947,-180.3690168,-8.810729923e-13,False,False,True,True,True,False,False,7.673861546e-13,0,0,0,0,,,,0.002358380294,,-370.5738019,-0,-0,-4.925078304,-233.1986437,370.5738019,0,0,4.925078304,233.1986437,0.5567105078,0.4432894922,False,False,0,-0,0,-0,0.4040939614,0.5959060386,False,False,0,-0,0,-0,0.03919553074,0.9608044693,False,False,0,-0,0,-0
CRR-SIM-FREEZE-2026-07-19,4b5897f5d225af6334e3082ce8d9f065cdd7067f2664f3ef63426b5597055b27,ca4f0b86858a11607abd1c7ff4863214acb59c693318630e5515686ebe037048,LHS-01-016,lhs,2026071901,10000,6ed4b0a75ad2a81acc50f614572166704cad6eab56f6b917a226715ed0f62f00,gaussian,gaussian,0.5776689386,0.9057495332,0.3814538176,-115.5279099,-119.3028642,-109.4066352,1.077627505,468.4015715,0.5727781333,0.1236435494,highs,optimal,0,345.1918148,-115.5279099,-176.0892623,False,False,False,solved,0.1479524171,0.147953429,1.011957314e-06,0,WITHIN_NAMED_FAMILY_ONLY; scalar tail dependence is not a cross-family order,CONDITIONAL_ON_CONVERGENCE_AUDIT,0.5121549398,0.3642015108,0.1236435494,False,0,0.5121549398,0.7890004569,DESCRIPTIVE_ONLY_NOT_WELFARE_OR_EXCLUSION,1,1.110223025e-16,330.3741299,138.0274416,0.1236435494,0.4878450602,0.06062319355,-2.344791028e-12,False,0,True,-176.0892623,-115.5279099,-2.344791028e-12,False,True,True,False,True,False,False,2.586375558e-12,0,1.051603249e-12,1.805824448e-13,0.0698206586,1,0,0.001061002702,0.001061002702,0,-382.9071657,-0,-0.0698206586,-0,-239.7950907,382.9071657,0,0.0698206586,0,239.7950907,0.5121549398,0.4878450602,False,False,0,-0,0,-0,0.3642015108,0.6357984892,False,False,0,-0,0,-0,0.1236435494,0.8763564506,False,False,0,-0,0,-0
CRR-SIM-FREEZE-2026-07-19,4b5897f5d225af6334e3082ce8d9f065cdd7067f2664f3ef63426b5597055b27,ca4f0b86858a11607abd1c7ff4863214acb59c693318630e5515686ebe037048,LHS-01-016,lhs,2026071902,10000,059ed5606b1d62ab9770fd3b2820773e4564913dd7e3701a7a9f1cec8c579039,gaussian,gaussian,0.5776689386,0.9057495332,0.3814538176,-114.5189151,-118.2172189,-108.521933,1.077627505,468.4015715,0.5727781333,0.1236435494,highs,optimal,0,345.6773822,-114.5189151,-173.7907166,False,False,False,solved,0.1485326152,0.1485335496,9.344481551e-07,0,WITHIN_NAMED_FAMILY_ONLY; scalar tail dependence is not a cross-family order,CONDITIONAL_ON_CONVERGENCE_AUDIT,0.5124450001,0.3639114505,0.1236435494,False,0,0.5124450001,0.7917762581,DESCRIPTIVE_ONLY_NOT_WELFARE_OR_EXCLUSION,1,0,330.4295605,137.9720111,0.1236435494,0.4875549999,0.06033313324,-2.572164703e-12,False,0,True,-173.7907166,-114.5189151,-2.572164703e-12,False,True,True,False,True,False,False,2.47268872e-12,0,7.958078641e-13,1.912968415e-13,0.07736389944,1,0,0.001061002702,0.001061002702,0,-384.2921952,-0,-0.07736389944,-0,-240.6529358,384.2921952,0,0.07736389944,0,240.6529358,0.5124450001,0.4875549999,False,False,0,-0,0,-0,0.3639114505,0.6360885495,False,False,0,-0,0,-0,0.1236435494,0.8763564506,False,False,0,-0,0,-0
CRR-SIM-FREEZE-2026-07-19,4b5897f5d225af6334e3082ce8d9f065cdd7067f2664f3ef63426b5597055b27,ca4f0b86858a11607abd1c7ff4863214acb59c693318630e5515686ebe037048,LHS-01-016,lhs,2026071903,10000,151df1d6304eb1a57072be6e0ef1b5a714187961671dcb8df331d33420c7c2a6,gaussian,gaussian,0.5776689386,0.9057495332,0.3814538176,-117.4537911,-121.0355325,-111.6458207,1.077627505,468.4015715,0.5727781333,0.1236435494,highs,optimal,0,347.0107579,-117.4537911,-179.3958997,False,False,False,solved,0.1499428595,0.1499436125,7.530218909e-07,0,WITHIN_NAMED_FAMILY_ONLY; scalar tail dependence is not a cross-family order,CONDITIONAL_ON_CONVERGENCE_AUDIT,0.5131500315,0.363206419,0.1236435494,False,0,0.5131500315,0.7859307629,DESCRIPTIVE_ONLY_NOT_WELFARE_OR_EXCLUSION,1,1.110223025e-16,330.564292,137.8372795,0.1236435494,0.4868499685,0.05962810179,-2.629008122e-12,False,0,True,-179.3958997,-117.4537911,-2.629008122e-12,False,True,True,False,True,False,False,2.955857781e-12,0,4.547473509e-13,2.900567886e-13,0.09812948054,1,0,0.001061002702,0.001061002702,0,-388.6502587,-0,-0.09812948054,-0,-243.5535165,388.6502587,0,0.09812948054,0,243.5535165,0.5131500315,0.4868499685,False,False,0,-0,0,-0,0.363206419,0.636793581,False,False,0,-0,0,-0,0.1236435494,0.8763564506,False,False,0,-0,0,-0
CRR-SIM-FREEZE-2026-07-19,4b5897f5d225af6334e3082ce8d9f065cdd7067f2664f3ef63426b5597055b27,ca4f0b86858a11607abd1c7ff4863214acb59c693318630e5515686ebe037048,LHS-01-016,lhs,2026071904,10000,8a5c0250e90c56d1cdff7da379cef4e3956a9eac347a643f48e1bfeccf486583,gaussian,gaussian,0.5776689386,0.9057495332,0.3814538176,-116.1757622,-119.6262339,-110.580652,1.077627505,468.4015715,0.5727781333,0.1236435494,highs,optimal,0,342.0019805,-116.1757622,-175.8701343,False,False,False,solved,0.1504021855,0.1504031412,9.557589982e-07,0,WITHIN_NAMED_FAMILY_ONLY; scalar tail dependence is not a cross-family order,CONDITIONAL_ON_CONVERGENCE_AUDIT,0.5133797959,0.3629766547,0.1236435494,False,0,0.5133797959,0.7913549859,DESCRIPTIVE_ONLY_NOT_WELFARE_OR_EXCLUSION,1,1.110223025e-16,330.6081999,137.7933716,0.1236435494,0.4866202041,0.05939833744,-2.47268872e-12,False,0,True,-175.8701343,-116.1757622,-2.486899575e-12,False,True,True,False,True,False,False,2.543742994e-12,0,6.252776075e-13,1.984061991e-13,0.0779977378,1,0,0.001061002702,0.001061002702,0,-380.5249647,-0,-0.0779977378,-0,-238.2779986,380.5249647,0,0.0779977378,0,238.2779986,0.5133797959,0.4866202041,False,False,0,-0,0,-0,0.3629766547,0.6370233453,False,False,0,-0,0,-0,0.1236435494,0.8763564506,False,False,0,-0,0,-0
CRR-SIM-FREEZE-2026-07-19,4b5897f5d225af6334e3082ce8d9f065cdd7067f2664f3ef63426b5597055b27,ca4f0b86858a11607abd1c7ff4863214acb59c693318630e5515686ebe037048,LHS-01-016,lhs,2026071905,10000,7e948d9c5825e0ad610d0c7b0f5a520b5a0996d8dc920693d9f1511f9ace21ab,gaussian,gaussian,0.5776689386,0.9057495332,0.3814538176,-116.2830751,-119.9633339,-110.3153538,1.077627505,468.4015715,0.5727781333,0.1236435494,highs,optimal,0,345.365028,-116.2830751,-175.7065813,False,False,False,solved,0.1495109419,0.1495119363,9.94385332e-07,0,WITHIN_NAMED_FAMILY_ONLY; scalar tail dependence is not a cross-family order,CONDITIONAL_ON_CONVERGENCE_AUDIT,0.5129341934,0.3634222571,0.1236435494,False,0,0.5129341934,0.7977430772,DESCRIPTIVE_ONLY_NOT_WELFARE_OR_EXCLUSION,1,1.110223025e-16,330.5230453,137.8785262,0.1236435494,0.4870658066,0.05984393991,-2.572164703e-12,False,0,True,-175.7065813,-116.2830751,-2.572164703e-12,False,True,True,False,True,False,False,1.213429357e-11,0,3.97903932e-13,2.182422742e-13,0.07210063269,1,0,0.001061002702,0.001061002702,0,-383.5501148,-0,-0.07210063269,-0,-241.0235197,383.5501148,0,0.07210063269,0,241.0235197,0.5129341934,0.4870658066,False,False,0,-0,0,-0,0.3634222571,0.6365777429,False,False,0,-0,0,-0,0.1236435494,0.8763564506,False,False,0,-0,0,-0
CRR-SIM-FREEZE-2026-07-19,4b5897f5d225af6334e3082ce8d9f065cdd7067f2664f3ef63426b5597055b27,ca4f0b86858a11607abd1c7ff4863214acb59c693318630e5515686ebe037048,LHS-01-017,lhs,2026071901,10000,fa6731e3c8e5dd0d86911362e243e9659fd47deda42bbcdf76b56118986fe33a,gaussian,student_t_df5,0.2361927081,0.9349849971,0.5967111348,-84.33297211,-124.3858603,-57.26311722,0.9513272228,413.5038906,0.8119897663,0.1127437362,highs,optimal,0,348.5264957,-84.33297211,-166.4224464,False,False,False,solved,0.5010473696,0.5010484749,1.105296093e-06,0,WITHIN_NAMED_FAMILY_ONLY; scalar tail dependence is not a cross-family order,CONDITIONAL_ON_CONVERGENCE_AUDIT,0.6941523693,0.1931038945,0.1127437362,False,0,0.6941523693,0.3548176924,DESCRIPTIVE_ONLY_NOT_WELFARE_OR_EXCLUSION,1,1.110223025e-16,366.128718,47.37517263,0.1127437362,0.3058476307,0.117837397,1.520561455e-12,False,0,True,-166.4224464,-84.33297211,1.5063506e-12,False,True,True,False,True,False,False,5.684341886e-14,0,5.684341886e-13,4.283258508e-14,0.02954975708,1,0,0.001538106521,0.001538106521,0,-377.5682884,-0,-0.02954975708,-0,-235.4877949,377.5682884,0,0.02954975708,0,235.4877949,0.6941523693,0.3058476307,False,False,0,-0,0,-0,0.1931038945,0.8068961055,False,False,0,-0,0,-0,0.1127437362,0.8872562638,False,False,0,-0,0,-0
CRR-SIM-FREEZE-2026-07-19,4b5897f5d225af6334e3082ce8d9f065cdd7067f2664f3ef63426b5597055b27,ca4f0b86858a11607abd1c7ff4863214acb59c693318630e5515686ebe037048,LHS-01-017,lhs,2026071902,10000,e592606e50f83476df36d0648eea23a3446d27986ec1d0ecd91565cfea676d30,gaussian,student_t_df5,0.2361927081,0.9349849971,0.5967111348,-82.54254852,-122.8893914,-55.27402353,0.9513272228,413.5038906,0.8119897663,0.1127437362,highs,optimal,0,348.7942492,-82.54254852,-164.5650771,False,False,False,solved,0.501273289,0.5012742782,9.892428612e-07,0,WITHIN_NAMED_FAMILY_ONLY; scalar tail dependence is not a cross-family order,CONDITIONAL_ON_CONVERGENCE_AUDIT,0.694265271,0.1929909928,0.1127437362,False,0,0.694265271,0.3600290505,DESCRIPTIVE_ONLY_NOT_WELFARE_OR_EXCLUSION,1,0,366.1502935,47.35359712,0.1127437362,0.305734729,0.1177244953,1.449507181e-12,False,0,True,-164.5650771,-82.54254852,1.449507181e-12,False,True,True,False,True,False,False,5.684341886e-14,0,1.98951966e-13,3.527529244e-14,0.03223737701,1,0,0.001538106521,0.001538106521,0,-378.0127928,-0,-0.03223737701,-0,-235.5571071,378.0127928,0,0.03223737701,0,235.5571071,0.694265271,0.305734729,False,False,0,-0,0,-0,0.1929909928,0.8070090072,False,False,0,-0,0,-0,0.1127437362,0.8872562638,False,False,0,-0,0,-0
CRR-SIM-FREEZE-2026-07-19,4b5897f5d225af6334e3082ce8d9f065cdd7067f2664f3ef63426b5597055b27,ca4f0b86858a11607abd1c7ff4863214acb59c693318630e5515686ebe037048,LHS-01-017,lhs,2026071903,10000,15d93af73ba7804855df5cc85bbbbb1792c6eb6d5e00b02e521e824ed739361d,gaussian,student_t_df5,0.2361927081,0.9349849971,0.5967111348,-86.02284311,-125.5708767,-59.29419559,0.9513272228,413.5038906,0.8119897663,0.1127437362,highs,optimal,0,349.9187543,-86.02284311,-170.872616,False,False,False,solved,0.4979547127,0.4979555568,8.440316676e-07,0,WITHIN_NAMED_FAMILY_ONLY; scalar tail dependence is not a cross-family order,CONDITIONAL_ON_CONVERGENCE_AUDIT,0.6926059103,0.1946503535,0.1127437362,False,0,0.6926059103,0.3576783729,DESCRIPTIVE_ONLY_NOT_WELFARE_OR_EXCLUSION,1,0,365.8331897,47.67070095,0.1127437362,0.3073940897,0.119383856,1.492139745e-12,False,0,True,-170.872616,-86.02284311,1.47792889e-12,False,True,True,False,True,False,False,5.684341886e-14,0,1.705302566e-13,5.84454748e-14,0.03992946276,1,0,0.001538106521,0.001538106521,0,-379.9511415,-0,-0.03992946276,-0,-235.9114772,379.9511415,0,0.03992946276,0,235.9114772,0.6926059103,0.3073940897,False,False,0,-0,0,-0,0.1946503535,0.8053496465,False,False,0,-0,0,-0,0.1127437362,0.8872562638,False,False,0,-0,0,-0
CRR-SIM-FREEZE-2026-07-19,4b5897f5d225af6334e3082ce8d9f065cdd7067f2664f3ef63426b5597055b27,ca4f0b86858a11607abd1c7ff4863214acb59c693318630e5515686ebe037048,LHS-01-017,lhs,2026071904,10000,644e55854a804deb28eafd25078e1c92ee656d968077a23a0859a453d3f0774d,gaussian,student_t_df5,0.2361927081,0.9349849971,0.5967111348,-84.57741649,-123.429661,-58.31901997,0.9513272228,413.5038906,0.8119897663,0.1127437362,highs,optimal,0,346.7964037,-84.57741649,-165.3030495,False,False,False,solved,0.4984798019,0.4984806382,8.362041737e-07,0,WITHIN_NAMED_FAMILY_ONLY; scalar tail dependence is not a cross-family order,CONDITIONAL_ON_CONVERGENCE_AUDIT,0.692868451,0.1943878128,0.1127437362,False,0,0.692868451,0.3623859528,DESCRIPTIVE_ONLY_NOT_WELFARE_OR_EXCLUSION,1,0,365.8833612,47.62052943,0.1127437362,0.307131549,0.1191213154,1.463718036e-12,False,0,True,-165.3030495,-84.57741649,1.449507181e-12,False,True,True,False,True,False,False,5.684341886e-14,0,7.389644452e-13,7.033833275e-14,0.03991629148,1,0,0.001538106521,0.001538106521,0,-376.5929606,-0,-0.03991629148,-0,-234.341534,376.5929606,0,0.03991629148,0,234.341534,0.692868451,0.307131549,False,False,0,-0,0,-0,0.1943878128,0.8056121872,False,False,0,-0,0,-0,0.1127437362,0.8872562638,False,False,0,-0,0,-0
CRR-SIM-FREEZE-2026-07-19,4b5897f5d225af6334e3082ce8d9f065cdd7067f2664f3ef63426b5597055b27,ca4f0b86858a11607abd1c7ff4863214acb59c693318630e5515686ebe037048,LHS-01-017,lhs,2026071905,10000,cc6695e3383f21f161fefe125a27d6b6844f254c5064532f8d5a518c23281697,gaussian,student_t_df5,0.2361927081,0.9349849971,0.5967111348,-81.58708697,-122.7695837,-53.75378301,0.9513272228,413.5038906,0.8119897663,0.1127437362,highs,optimal,0,347.0192951,-81.58708697,-162.8113665,False,False,False,solved,0.4959824667,0.4959840825,1.615741876e-06,0,WITHIN_NAMED_FAMILY_ONLY; scalar tail dependence is not a cross-family order,CONDITIONAL_ON_CONVERGENCE_AUDIT,0.6916201731,0.1956360907,0.1127437362,False,0,0.6916201731,0.3700809225,DESCRIPTIVE_ONLY_NOT_WELFARE_OR_EXCLUSION,1,0,365.6448153,47.85907532,0.1127437362,0.3083798269,0.1203695932,1.534772309e-12,False,0,True,-162.8113665,-81.58708697,1.548983164e-12,False,True,True,False,True,False,False,5.684341886e-14,0,9.094947018e-13,3.462886267e-14,0.01981129738,1,0,0.001538106521,0.001538106521,0,-374.8811784,-0,-0.01981129738,-0,-232.7893161,374.8811784,0,0.01981129738,0,232.7893161,0.6916201731,0.3083798269,False,False,0,-0,0,-0,0.1956360907,0.8043639093,False,False,0,-0,0,-0,0.1127437362,0.8872562638,False,False,0,-0,0,-0
CRR-SIM-FREEZE-2026-07-19,4b5897f5d225af6334e3082ce8d9f065cdd7067f2664f3ef63426b5597055b27,ca4f0b86858a11607abd1c7ff4863214acb59c693318630e5515686ebe037048,LHS-01-018,lhs,2026071901,10000,f85eb517e3fc6d044a77825839e129e0743b53cb8dc3acc6d1387219195c63a0,gaussian,empirical_resample,0.3704884149,0.976695917,0.1178091345,-155.8803332,-157.6573919,-142.5731735,0.7520987213,326.9072302,0.8546408887,0.01570115247,highs,optimal,0,368.8288673,-157.6573919,-165.705776,True,True,True,solved,-0.09731379457,-0.097312508,1.286572198e-06,0,WITHIN_NAMED_FAMILY_ONLY; scalar tail dependence is not a cross-family order,CONDITIONAL_ON_CONVERGENCE_AUDIT,0.4434931517,0.5408056958,0.01570115247,False,0,0.4434931517,0.5271843131,DESCRIPTIVE_ONLY_NOT_WELFARE_OR_EXCLUSION,1,0,326.9072302,0,0.01570115247,0.4591943042,0.411147737,1.777058713,False,0,True,-158.3439499,-155.8803332,-4.831690603e-13,True,False,True,False,True,False,False,5.400124792e-13,0,2.842170943e-14,0,0,,,,0.004291093531,,-362.3303126,-0.03086949362,-0,-0,-228.830713,362.3303126,0.03086949362,0,0,228.830713,0.4434931517,0.5565068483,False,False,0,-0,0,-0,0.5408056958,0.4591943042,False,False,0,-0,0,-0,0.01570115247,0.9842988475,False,False,0,-0,0,-0
CRR-SIM-FREEZE-2026-07-19,4b5897f5d225af6334e3082ce8d9f065cdd7067f2664f3ef63426b5597055b27,ca4f0b86858a11607abd1c7ff4863214acb59c693318630e5515686ebe037048,LHS-01-018,lhs,2026071902,10000,99e16141131682a13f8ed437d60ef5018edb74c572ccf922694c8315e4a79476,gaussian,empirical_resample,0.3704884149,0.976695917,0.1178091345,-156.2256264,-157.9477928,-143.3295176,0.7520987213,326.9072302,0.8546408887,0.01570115247,highs,optimal,0,369.346441,-157.9477928,-166.5329031,True,True,True,solved,-0.0973138047,-0.09731250801,1.296689159e-06,0,WITHIN_NAMED_FAMILY_ONLY; scalar tail dependence is not a cross-family order,CONDITIONAL_ON_CONVERGENCE_AUDIT,0.4434931517,0.5408056958,0.01570115247,False,0,0.4434931517,0.5382362499,DESCRIPTIVE_ONLY_NOT_WELFARE_OR_EXCLUSION,1,0,326.9072302,0,0.01570115247,0.4591943042,0.411147737,1.72216634,False,0,True,-158.8321362,-156.2256264,-5.96855898e-13,True,False,True,False,True,False,False,4.831690603e-13,0,2.842170943e-14,0,0,,,,0.004291093531,,-362.9199509,-0.03066451703,-0,-0,-229.1527486,362.9199509,0.03066451703,0,0,229.1527486,0.4434931517,0.5565068483,False,False,0,-0,0,-0,0.5408056958,0.4591943042,False,False,0,-0,0,-0,0.01570115247,0.9842988475,False,False,0,-0,0,-0
CRR-SIM-FREEZE-2026-07-19,4b5897f5d225af6334e3082ce8d9f065cdd7067f2664f3ef63426b5597055b27,ca4f0b86858a11607abd1c7ff4863214acb59c693318630e5515686ebe037048,LHS-01-018,lhs,2026071903,10000,614af6daf906c2573c3049dcf5350efa8e65c28a8fbede015b6fc96b447b8e3b,gaussian,empirical_resample,0.3704884149,0.976695917,0.1178091345,-156.7075688,-158.4786431,-143.4452221,0.7520987213,326.9072302,0.8546408887,0.01570115247,highs,optimal,0,370.106938,-158.4786431,-167.2702275,True,True,True,solved,-0.0973133734,-0.09731250748,8.659220198e-07,0,WITHIN_NAMED_FAMILY_ONLY; scalar tail dependence is not a cross-family order,CONDITIONAL_ON_CONVERGENCE_AUDIT,0.4434931517,0.5408056958,0.01570115247,False,0,0.4434931517,0.5172286563,DESCRIPTIVE_ONLY_NOT_WELFARE_OR_EXCLUSION,1,0,326.9072302,0,0.01570115247,0.4591943042,0.411147737,1.77107432,False,0,True,-159.4025279,-156.7075688,-4.831690603e-13,True,False,True,False,True,False,False,4.547473509e-13,0,2.842170943e-14,0,0,,,,0.004291093531,,-358.400223,-0.04670886312,-0,-0,-226.9100981,358.400223,0.04670886312,0,0,226.9100981,0.4434931517,0.5565068483,False,False,0,-0,0,-0,0.5408056958,0.4591943042,False,False,0,-0,0,-0,0.01570115247,0.9842988475,False,False,0,-0,0,-0
CRR-SIM-FREEZE-2026-07-19,4b5897f5d225af6334e3082ce8d9f065cdd7067f2664f3ef63426b5597055b27,ca4f0b86858a11607abd1c7ff4863214acb59c693318630e5515686ebe037048,LHS-01-018,lhs,2026071904,10000,4991ccd19b484b0ddcc033745a689b675a14aae4a71f7064058d94905e2f08c3,gaussian,empirical_resample,0.3704884149,0.976695917,0.1178091345,-156.4381347,-158.1896621,-143.3221614,0.7520987213,326.9072302,0.8546408887,0.01570115247,highs,optimal,0,365.6606653,-158.1896621,-165.4757273,True,True,True,solved,-0.09731363475,-0.09731250785,1.126895029e-06,0,WITHIN_NAMED_FAMILY_ONLY; scalar tail dependence is not a cross-family order,CONDITIONAL_ON_CONVERGENCE_AUDIT,0.4434931517,0.5408056958,0.01570115247,False,0,0.4434931517,0.5319475331,DESCRIPTIVE_ONLY_NOT_WELFARE_OR_EXCLUSION,1,0,326.9072302,0,0.01570115247,0.4591943042,0.411147737,1.751527398,False,0,True,-158.7213469,-156.4381347,-5.400124792e-13,True,False,True,False,True,False,False,5.115907697e-13,0,0,0,0,,,,0.004291093531,,-357.7368331,-0.0350892959,-0,-0,-225.9141351,357.7368331,0.0350892959,0,0,225.9141351,0.4434931517,0.5565068483,False,False,0,-0,0,-0,0.5408056958,0.4591943042,False,False,0,-0,0,-0,0.01570115247,0.9842988475,False,False,0,-0,0,-0
CRR-SIM-FREEZE-2026-07-19,4b5897f5d225af6334e3082ce8d9f065cdd7067f2664f3ef63426b5597055b27,ca4f0b86858a11607abd1c7ff4863214acb59c693318630e5515686ebe037048,LHS-01-018,lhs,2026071905,10000,c5ab661da32039adf926e13b0287f7079d2dc460eca76be4910f610085c4202d,gaussian,empirical_resample,0.3704884149,0.976695917,0.1178091345,-156.4106945,-158.176693,-143.1863571,0.7520987213,326.9072302,0.8546408887,0.01570115247,highs,optimal,0,369.0130638,-158.176693,-165.6647567,True,True,True,solved,-0.09731381198,-0.09731250802,1.30396701e-06,0,WITHIN_NAMED_FAMILY_ONLY; scalar tail dependence is not a cross-family order,CONDITIONAL_ON_CONVERGENCE_AUDIT,0.4434931517,0.5408056958,0.01570115247,False,0,0.4434931517,0.5435355073,DESCRIPTIVE_ONLY_NOT_WELFARE_OR_EXCLUSION,1,0,326.9072302,0,0.01570115247,0.4591943042,0.411147737,1.765998492,False,0,True,-158.8261053,-156.4106945,-3.410605132e-13,True,False,True,False,True,False,False,1.98951966e-13,0,0,0,0,,,,0.004291093531,,-362.6618088,-0.0304608073,-0,-0,-229.7030825,362.6618088,0.0304608073,0,0,229.7030825,0.4434931517,0.5565068483,False,False,0,-0,0,-0,0.5408056958,0.4591943042,False,False,0,-0,0,-0,0.01570115247,0.9842988475,False,False,0,-0,0,-0
CRR-SIM-FREEZE-2026-07-19,4b5897f5d225af6334e3082ce8d9f065cdd7067f2664f3ef63426b5597055b27,ca4f0b86858a11607abd1c7ff4863214acb59c693318630e5515686ebe037048,LHS-01-019,lhs,2026071901,10000,671b4c85f74bd72c186c995bff46c3b948c7face04d9d20eb29837ca45987d8e,gaussian,gaussian,0.3419170559,0.9257280496,0.8779463867,-128.1580672,-141.3786487,-126.3201193,0.734577579,319.2914905,0.7605661673,0.03746554825,highs,optimal,0,364.3263082,-141.3786487,-195.6797182,True,True,True,solved,-0.1348808437,-0.1348796895,1.154120743e-06,0,WITHIN_NAMED_FAMILY_ONLY; scalar tail dependence is not a cross-family order,CONDITIONAL_ON_CONVERGENCE_AUDIT,0.4138273632,0.5487070885,0.03746554825,False,0,0.4138273632,0.5139031473,DESCRIPTIVE_ONLY_NOT_WELFARE_OR_EXCLUSION,1,0,319.2914905,0,0.03746554825,0.4512929115,0.346738804,13.22058149,False,0,True,-150.7232266,-128.1580672,-1.563194019e-12,True,False,True,False,True,False,False,1.648459147e-12,0,0,0,0,,,,0.001346403312,,-361.9718993,-0.03409281395,-0,-0,-227.7061678,361.9718993,0.03409281395,0,0,227.7061678,0.4138273632,0.5861726368,False,False,0,-0,0,-0,0.5487070885,0.4512929115,False,False,0,-0,0,-0,0.03746554825,0.9625344517,False,False,0,-0,0,-0
CRR-SIM-FREEZE-2026-07-19,4b5897f5d225af6334e3082ce8d9f065cdd7067f2664f3ef63426b5597055b27,ca4f0b86858a11607abd1c7ff4863214acb59c693318630e5515686ebe037048,LHS-01-019,lhs,2026071902,10000,41f41050af032804cebf6c41098a9759d444fc28cee4c3574b67d173abd56c9a,gaussian,gaussian,0.3419170559,0.9257280496,0.8779463867,-127.0381783,-139.5345571,-125.3009103,0.734577579,319.2914905,0.7605661673,0.03746554825,highs,optimal,0,364.7574219,-139.5345571,-193.059345,True,True,True,solved,-0.134880724,-0.1348796894,1.034622899e-06,0,WITHIN_NAMED_FAMILY_ONLY; scalar tail dependence is not a cross-family order,CONDITIONAL_ON_CONVERGENCE_AUDIT,0.4138273632,0.5487070885,0.03746554825,False,0,0.4138273632,0.5201967213,DESCRIPTIVE_ONLY_NOT_WELFARE_OR_EXCLUSION,1,0,319.2914905,0,0.03746554825,0.4512929115,0.346738804,12.49637874,False,0,True,-149.452571,-127.0381783,-1.662670002e-12,True,False,True,False,True,False,False,1.577404873e-12,0,0,0,0,,,,0.001346403312,,-361.072996,-0.03822150349,-0,-0,-227.3922399,361.072996,0.03822150349,0,0,227.3922399,0.4138273632,0.5861726368,False,False,0,-0,0,-0,0.5487070885,0.4512929115,False,False,0,-0,0,-0,0.03746554825,0.9625344517,False,False,0,-0,0,-0
CRR-SIM-FREEZE-2026-07-19,4b5897f5d225af6334e3082ce8d9f065cdd7067f2664f3ef63426b5597055b27,ca4f0b86858a11607abd1c7ff4863214acb59c693318630e5515686ebe037048,LHS-01-019,lhs,2026071903,10000,69c78b14c9ebb84f2845efc45e5eedbd8a0d1d77bc21c36eb8980beadbfd30e2,gaussian,gaussian,0.3419170559,0.9257280496,0.8779463867,-129.9513759,-142.9858622,-128.1392992,0.734577579,319.2914905,0.7605661673,0.03746554825,highs,optimal,0,365.80235,-142.9858622,-196.8557633,True,True,True,solved,-0.1348804713,-0.134879689,7.823068868e-07,0,WITHIN_NAMED_FAMILY_ONLY; scalar tail dependence is not a cross-family order,CONDITIONAL_ON_CONVERGENCE_AUDIT,0.4138273632,0.5487070885,0.03746554825,False,0,0.4138273632,0.5094101243,DESCRIPTIVE_ONLY_NOT_WELFARE_OR_EXCLUSION,1,0,319.2914905,0,0.03746554825,0.4512929115,0.346738804,13.03448633,False,0,True,-152.2388382,-129.9513759,-1.762145985e-12,True,False,True,False,True,False,False,1.591615728e-12,0,2.842170943e-14,0,0,,,,0.001346403312,,-357.8782789,-0.05131674134,-0,-0,-225.8322133,357.8782789,0.05131674134,0,0,225.8322133,0.4138273632,0.5861726368,False,False,0,-0,0,-0,0.5487070885,0.4512929115,False,False,0,-0,0,-0,0.03746554825,0.9625344517,False,False,0,-0,0,-0
CRR-SIM-FREEZE-2026-07-19,4b5897f5d225af6334e3082ce8d9f065cdd7067f2664f3ef63426b5597055b27,ca4f0b86858a11607abd1c7ff4863214acb59c693318630e5515686ebe037048,LHS-01-019,lhs,2026071904,10000,1e30fe0e15228a8e4f4aaafc4e0dbd0a9fa9662ba6e01fe6838fc90d418cbb00,gaussian,gaussian,0.3419170559,0.9257280496,0.8779463867,-129.0525599,-141.7353765,-127.2893729,0.734577579,319.2914905,0.7605661673,0.03746554825,highs,optimal,0,361.209771,-141.7353765,-192.558004,True,True,True,solved,-0.1348806512,-0.1348796893,9.619088575e-07,0,WITHIN_NAMED_FAMILY_ONLY; scalar tail dependence is not a cross-family order,CONDITIONAL_ON_CONVERGENCE_AUDIT,0.4138273632,0.5487070885,0.03746554825,False,0,0.4138273632,0.517725425,DESCRIPTIVE_ONLY_NOT_WELFARE_OR_EXCLUSION,1,0,319.2914905,0,0.03746554825,0.4512929115,0.346738804,12.68281666,False,0,True,-149.8678915,-129.0525599,-1.534772309e-12,True,False,True,False,True,False,False,1.449507181e-12,0,2.842170943e-14,0,0,,,,0.001346403312,,-356.5828381,-0.0408260632,-0,-0,-224.4323662,356.5828381,0.0408260632,0,0,224.4323662,0.4138273632,0.5861726368,False,False,0,-0,0,-0,0.5487070885,0.4512929115,False,False,0,-0,0,-0,0.03746554825,0.9625344517,False,False,0,-0,0,-0
CRR-SIM-FREEZE-2026-07-19,4b5897f5d225af6334e3082ce8d9f065cdd7067f2664f3ef63426b5597055b27,ca4f0b86858a11607abd1c7ff4863214acb59c693318630e5515686ebe037048,LHS-01-019,lhs,2026071905,10000,3e9c14706b680cf9fd274a6e721948dea1e162b4d3b327bc1f7e41e4cd275140,gaussian,gaussian,0.3419170559,0.9257280496,0.8779463867,-129.9907835,-143.3466208,-128.1340321,0.734577579,319.2914905,0.7605661673,0.03746554825,highs,optimal,0,364.8635131,-143.3466208,-194.5840422,True,True,True,solved,-0.1348808023,-0.1348796895,1.112814381e-06,0,WITHIN_NAMED_FAMILY_ONLY; scalar tail dependence is not a cross-family order,CONDITIONAL_ON_CONVERGENCE_AUDIT,0.4138273632,0.5487070885,0.03746554825,False,0,0.4138273632,0.5314021211,DESCRIPTIVE_ONLY_NOT_WELFARE_OR_EXCLUSION,1,0,319.2914905,0,0.03746554825,0.4512929115,0.346738804,13.35583726,False,0,True,-150.9990319,-129.9907835,-1.421085472e-12,True,False,True,False,True,False,False,1.733724275e-12,0,2.842170943e-14,0,0,,,,0.001346403312,,-362.1200646,-0.03545371841,-0,-0,-228.9202324,362.1200646,0.03545371841,0,0,228.9202324,0.4138273632,0.5861726368,False,False,0,-0,0,-0,0.5487070885,0.4512929115,False,False,0,-0,0,-0,0.03746554825,0.9625344517,False,False,0,-0,0,-0
CRR-SIM-FREEZE-2026-07-19,4b5897f5d225af6334e3082ce8d9f065cdd7067f2664f3ef63426b5597055b27,ca4f0b86858a11607abd1c7ff4863214acb59c693318630e5515686ebe037048,LHS-01-020,lhs,2026071901,10000,78a05aef226a5ae5e645384a06830cf356c31b69f44787858f9ab7e90b94fe96,gaussian,student_t_df5,0.5472243731,0.949578353,0.7076373189,-70.38858686,-72.97357178,-69.32059186,0.8976334643,390.1653616,0.451634382,0.0894826972,highs,optimal,0,352.5650998,-72.97357178,-155.9340201,True,True,True,solved,-0.007249608023,-0.007248523471,1.084552805e-06,0,WITHIN_NAMED_FAMILY_ONLY; scalar tail dependence is not a cross-family order,CONDITIONAL_ON_CONVERGENCE_AUDIT,0.451634382,0.4588829208,0.0894826972,False,0,0.451634382,0.7516383965,DESCRIPTIVE_ONLY_NOT_WELFARE_OR_EXCLUSION,1,0,321.863998,68.30136363,0.0894826972,0.5411170792,0,2.584984921,True,0,True,-135.4830231,-70.38858686,1.278976924e-12,False,False,True,True,True,False,False,2.842170943e-14,0,0,0,0,,,,0.00198327516,,-370.2254583,-0,-0,-6.594521196,-230.6442654,370.2254583,0,0,6.594521196,230.6442654,0.451634382,0.548365618,False,False,0,-0,0,-0,0.4588829208,0.5411170792,False,False,0,-0,0,-0,0.0894826972,0.9105173028,False,False,0,-0,0,-0
CRR-SIM-FREEZE-2026-07-19,4b5897f5d225af6334e3082ce8d9f065cdd7067f2664f3ef63426b5597055b27,ca4f0b86858a11607abd1c7ff4863214acb59c693318630e5515686ebe037048,LHS-01-020,lhs,2026071902,10000,3bf7847d595b142c878c34e09e8658536d998fee85b12e22524dee6a648b1e31,gaussian,student_t_df5,0.5472243731,0.949578353,0.7076373189,-66.54923326,-69.00093978,-65.53630266,0.8976334643,390.1653616,0.451634382,0.0894826972,highs,optimal,0,352.69043,-69.00093978,-155.6122843,True,True,True,solved,-0.007249494935,-0.007248523448,9.71486814e-07,0,WITHIN_NAMED_FAMILY_ONLY; scalar tail dependence is not a cross-family order,CONDITIONAL_ON_CONVERGENCE_AUDIT,0.451634382,0.4588829208,0.0894826972,False,0,0.451634382,0.7472973949,DESCRIPTIVE_ONLY_NOT_WELFARE_OR_EXCLUSION,1,0,321.863998,68.30136363,0.0894826972,0.5411170792,0,2.451706525,True,0,True,-136.5394946,-66.54923326,1.193711796e-12,False,False,True,True,True,False,False,5.684341886e-14,0,0,0,0,,,,0.00198327516,,-369.9746931,-0,-0,-7.37708368,-230.3909954,369.9746931,0,0,7.37708368,230.3909954,0.451634382,0.548365618,False,False,0,-0,0,-0,0.4588829208,0.5411170792,False,False,0,-0,0,-0,0.0894826972,0.9105173028,False,False,0,-0,0,-0
CRR-SIM-FREEZE-2026-07-19,4b5897f5d225af6334e3082ce8d9f065cdd7067f2664f3ef63426b5597055b27,ca4f0b86858a11607abd1c7ff4863214acb59c693318630e5515686ebe037048,LHS-01-020,lhs,2026071903,10000,d8fd13ee9b68147a823e058bc4f80b8c237b1dddb0b97459a9498cb2435fc67e,gaussian,student_t_df5,0.5472243731,0.949578353,0.7076373189,-71.54475121,-74.30047667,-70.40621418,0.8976334643,390.1653616,0.451634382,0.0894826972,highs,optimal,0,354.1594574,-74.30047667,-159.0873143,True,True,True,solved,-0.007249355529,-0.007248523421,8.321082425e-07,0,WITHIN_NAMED_FAMILY_ONLY; scalar tail dependence is not a cross-family order,CONDITIONAL_ON_CONVERGENCE_AUDIT,0.451634382,0.4588829208,0.0894826972,False,0,0.451634382,0.7501902394,DESCRIPTIVE_ONLY_NOT_WELFARE_OR_EXCLUSION,1,0,321.863998,68.30136363,0.0894826972,0.5411170792,0,2.755725466,True,0,True,-138.9105022,-71.54475121,1.023181539e-12,False,False,True,True,True,False,False,5.684341886e-14,0,0,0,0,,,,0.00198327516,,-370.9073356,-0,-0,-8.672171837,-230.9332398,370.9073356,0,0,8.672171837,230.9332398,0.451634382,0.548365618,False,False,0,-0,0,-0,0.4588829208,0.5411170792,False,False,0,-0,0,-0,0.0894826972,0.9105173028,False,False,0,-0,0,-0
CRR-SIM-FREEZE-2026-07-19,4b5897f5d225af6334e3082ce8d9f065cdd7067f2664f3ef63426b5597055b27,ca4f0b86858a11607abd1c7ff4863214acb59c693318630e5515686ebe037048,LHS-01-020,lhs,2026071904,10000,25127a64776fb606fa26895f76cc0f5386f51150f4c8352fed00b5cd8aea3f70,gaussian,student_t_df5,0.5472243731,0.949578353,0.7076373189,-73.9384409,-76.81412037,-72.75034448,0.8976334643,390.1653616,0.451634382,0.0894826972,highs,optimal,0,349.7468772,-76.81412037,-156.4079866,True,True,True,solved,-0.00724948265,-0.007248523444,9.592057337e-07,0,WITHIN_NAMED_FAMILY_ONLY; scalar tail dependence is not a cross-family order,CONDITIONAL_ON_CONVERGENCE_AUDIT,0.451634382,0.4588829208,0.0894826972,False,0,0.451634382,0.7511960334,DESCRIPTIVE_ONLY_NOT_WELFARE_OR_EXCLUSION,1,0,321.863998,68.30136363,0.0894826972,0.5411170792,0,2.875679472,True,0,True,-134.4635942,-73.9384409,1.26476607e-12,False,False,True,True,True,False,False,5.684341886e-14,0,0,0,0,,,,0.00198327516,,-366.8383468,-0,-0,-7.410729526,-228.4062785,366.8383468,0,0,7.410729526,228.4062785,0.451634382,0.548365618,False,False,0,-0,0,-0,0.4588829208,0.5411170792,False,False,0,-0,0,-0,0.0894826972,0.9105173028,False,False,0,-0,0,-0
CRR-SIM-FREEZE-2026-07-19,4b5897f5d225af6334e3082ce8d9f065cdd7067f2664f3ef63426b5597055b27,ca4f0b86858a11607abd1c7ff4863214acb59c693318630e5515686ebe037048,LHS-01-020,lhs,2026071905,10000,5ca87cbd95bc7cb5c670996391c4f8138aba27cd4d420d9a70dc764419c2a9b7,gaussian,student_t_df5,0.5472243731,0.949578353,0.7076373189,-72.34723745,-75.29659229,-71.12870182,0.8976334643,390.1653616,0.451634382,0.0894826972,highs,optimal,0,353.0313485,-75.29659229,-157.6063609,True,True,True,solved,-0.007249549999,-0.00724852352,1.026478727e-06,0,WITHIN_NAMED_FAMILY_ONLY; scalar tail dependence is not a cross-family order,CONDITIONAL_ON_CONVERGENCE_AUDIT,0.451634382,0.4588829208,0.0894826972,False,0,0.451634382,0.760379271,DESCRIPTIVE_ONLY_NOT_WELFARE_OR_EXCLUSION,1,0,321.863998,68.30136363,0.0894826972,0.5411170792,0,2.949354843,True,0,True,-134.7514479,-72.34723745,1.193711796e-12,False,False,True,True,True,False,False,2.842170943e-14,0,0,0,0,,,,0.00198327516,,-370.6110667,-0,-0,-6.982133036,-231.699426,370.6110667,0,0,6.982133036,231.699426,0.451634382,0.548365618,False,False,0,-0,0,-0,0.4588829208,0.5411170792,False,False,0,-0,0,-0,0.0894826972,0.9105173028,False,False,0,-0,0,-0
CRR-SIM-FREEZE-2026-07-19,4b5897f5d225af6334e3082ce8d9f065cdd7067f2664f3ef63426b5597055b27,ca4f0b86858a11607abd1c7ff4863214acb59c693318630e5515686ebe037048,LHS-01-021,lhs,2026071901,10000,27ab0e1dbdba03703f346f476c92394f0fa027de30e76b2b8dc846ca855f27c2,gaussian,empirical_resample,0.05802298268,0.9003167632,0.7859426902,-184.0280133,-197.1316101,-180.4591517,0.8262969206,359.1582195,0.9774036998,0.1063857557,highs,optimal,0,348.7477298,-184.0280133,-213.6515725,False,False,False,solved,0.3612177588,0.3612189867,1.227914295e-06,0,WITHIN_NAMED_FAMILY_ONLY; scalar tail dependence is not a cross-family order,CONDITIONAL_ON_CONVERGENCE_AUDIT,0.6274166155,0.2661976288,0.1063857557,True,0,0.6274166155,0.0906795727,DESCRIPTIVE_ONLY_NOT_WELFARE_OR_EXCLUSION,1,0,353.9441732,5.214046267,0.1063857557,0.3725833845,0.3499870843,1.449507181e-12,False,0,True,-213.6515725,-184.0280133,1.449507181e-12,False,True,True,False,True,False,False,5.684341886e-14,0,1.080024958e-12,7.183299932e-14,0.04513212458,1,0,0.001003177698,0.001003177698,0,-382.4466544,-0,-0.04513212458,-0,-238.6912534,382.4466544,0,0.04513212458,0,238.6912534,0.6274166155,0.3725833845,False,False,0,-0,0,-0,0.2661976288,0.7338023712,False,False,0,-0,0,-0,0.1063857557,0.8936142443,False,False,0,-0,0,-0
CRR-SIM-FREEZE-2026-07-19,4b5897f5d225af6334e3082ce8d9f065cdd7067f2664f3ef63426b5597055b27,ca4f0b86858a11607abd1c7ff4863214acb59c693318630e5515686ebe037048,LHS-01-021,lhs,2026071902,10000,cfb3b13a9b7156d51d8800123d101b7907854b9e0097d668884c466e2e672f78,gaussian,empirical_resample,0.05802298268,0.9003167632,0.7859426902,-182.9947374,-195.6311533,-179.553116,0.8262969206,359.1582195,0.9774036998,0.1063857557,highs,optimal,0,348.7404424,-182.9947374,-213.2022116,False,False,False,solved,0.3607111552,0.3607125058,1.350612522e-06,0,WITHIN_NAMED_FAMILY_ONLY; scalar tail dependence is not a cross-family order,CONDITIONAL_ON_CONVERGENCE_AUDIT,0.627163375,0.2664508693,0.1063857557,True,0,0.627163375,0.09443260741,DESCRIPTIVE_ONLY_NOT_WELFARE_OR_EXCLUSION,1,0,353.895779,5.262440518,0.1063857557,0.372836625,0.3502403248,1.5063506e-12,False,0,True,-213.2022116,-182.9947374,1.5063506e-12,False,True,True,False,True,False,False,2.842170943e-14,0,3.97903932e-13,8.23149888e-14,0.04259119404,1,0,0.001003177698,0.001003177698,0,-381.8529462,-0,-0.04259119404,-0,-237.9880581,381.8529462,0,0.04259119404,0,237.9880581,0.627163375,0.372836625,False,False,0,-0,0,-0,0.2664508693,0.7335491307,False,False,0,-0,0,-0,0.1063857557,0.8936142443,False,False,0,-0,0,-0
CRR-SIM-FREEZE-2026-07-19,4b5897f5d225af6334e3082ce8d9f065cdd7067f2664f3ef63426b5597055b27,ca4f0b86858a11607abd1c7ff4863214acb59c693318630e5515686ebe037048,LHS-01-021,lhs,2026071903,10000,6dad74dee6e87b646508237624d0095daa4f28417edc7695f8280eaa6e67ea34,gaussian,empirical_resample,0.05802298268,0.9003167632,0.7859426902,-183.3544012,-196.1611324,-179.8663931,0.8262969206,359.1582195,0.9774036998,0.1063857557,highs,optimal,0,349.668168,-183.3544012,-213.4415277,False,False,False,solved,0.3607685399,0.360769388,8.481215455e-07,0,WITHIN_NAMED_FAMILY_ONLY; scalar tail dependence is not a cross-family order,CONDITIONAL_ON_CONVERGENCE_AUDIT,0.6271918161,0.2664224281,0.1063857557,True,0,0.6271918161,0.08930339216,DESCRIPTIVE_ONLY_NOT_WELFARE_OR_EXCLUSION,1,0,353.9012141,5.25700542,0.1063857557,0.3728081839,0.3502118836,1.534772309e-12,False,0,True,-213.4415277,-183.3544012,1.534772309e-12,False,True,True,False,True,False,False,5.684341886e-14,0,7.389644452e-13,1.013727627e-13,0.06729692459,1,0,0.001003177698,0.001003177698,0,-387.5433864,-0,-0.06729692459,-0,-240.0324261,387.5433864,0,0.06729692459,0,240.0324261,0.6271918161,0.3728081839,False,False,0,-0,0,-0,0.2664224281,0.7335775719,False,False,0,-0,0,-0,0.1063857557,0.8936142443,False,False,0,-0,0,-0
CRR-SIM-FREEZE-2026-07-19,4b5897f5d225af6334e3082ce8d9f065cdd7067f2664f3ef63426b5597055b27,ca4f0b86858a11607abd1c7ff4863214acb59c693318630e5515686ebe037048,LHS-01-021,lhs,2026071904,10000,40595edbab7f7f8fb4cc3baa073aba444b8c9534d646946749c0bfc9758840e3,gaussian,empirical_resample,0.05802298268,0.9003167632,0.7859426902,-181.9791001,-194.3021354,-178.6228303,0.8262969206,359.1582195,0.9774036998,0.1063857557,highs,optimal,0,346.865743,-181.9791001,-211.8701817,False,False,False,solved,0.3609324305,0.3609333758,9.453290127e-07,0,WITHIN_NAMED_FAMILY_ONLY; scalar tail dependence is not a cross-family order,CONDITIONAL_ON_CONVERGENCE_AUDIT,0.62727381,0.2663404342,0.1063857557,True,0,0.62727381,0.1028640321,DESCRIPTIVE_ONLY_NOT_WELFARE_OR_EXCLUSION,1,0,353.9168831,5.241336385,0.1063857557,0.37272619,0.3501298897,1.193711796e-12,False,0,True,-211.8701817,-181.9791001,1.193711796e-12,False,True,True,False,True,False,False,5.684341886e-14,0,6.821210263e-13,6.180426177e-14,0.06212983266,1,0,0.001003177698,0.001003177698,0,-383.5362528,-0,-0.06212983266,-0,-238.4170562,383.5362528,0,0.06212983266,0,238.4170562,0.62727381,0.37272619,False,False,0,-0,0,-0,0.2663404342,0.7336595658,False,False,0,-0,0,-0,0.1063857557,0.8936142443,False,False,0,-0,0,-0
CRR-SIM-FREEZE-2026-07-19,4b5897f5d225af6334e3082ce8d9f065cdd7067f2664f3ef63426b5597055b27,ca4f0b86858a11607abd1c7ff4863214acb59c693318630e5515686ebe037048,LHS-01-021,lhs,2026071905,10000,1d788723dfb1199a3249aed3863bc2d4c2155746a58e1da6ecc975e3f908bf1f,gaussian,empirical_resample,0.05802298268,0.9003167632,0.7859426902,-181.7187688,-194.3232108,-178.2858557,0.8262969206,359.1582195,0.9774036998,0.1063857557,highs,optimal,0,347.1834675,-181.7187688,-210.7984472,False,False,False,solved,0.3613278685,0.3613301603,2.291819785e-06,0,WITHIN_NAMED_FAMILY_ONLY; scalar tail dependence is not a cross-family order,CONDITIONAL_ON_CONVERGENCE_AUDIT,0.6274722023,0.266142042,0.1063857557,True,0,0.6274722023,0.1106041419,DESCRIPTIVE_ONLY_NOT_WELFARE_OR_EXCLUSION,1,0,353.9547959,5.203423628,0.1063857557,0.3725277977,0.3499314975,1.961097951e-12,False,0,True,-210.7984472,-181.7187688,1.98951966e-12,False,True,True,False,True,False,False,2.842170943e-14,0,1.591615728e-12,5.50718973e-14,0.0248419247,1,0,0.001003177698,0.001003177698,0,-376.6747371,-0,-0.0248419247,-0,-234.7779125,376.6747371,0,0.0248419247,0,234.7779125,0.6274722023,0.3725277977,False,False,0,-0,0,-0,0.266142042,0.733857958,False,False,0,-0,0,-0,0.1063857557,0.8936142443,False,False,0,-0,0,-0
CRR-SIM-FREEZE-2026-07-19,4b5897f5d225af6334e3082ce8d9f065cdd7067f2664f3ef63426b5597055b27,ca4f0b86858a11607abd1c7ff4863214acb59c693318630e5515686ebe037048,LHS-01-022,lhs,2026071901,10000,0b7ca37f6c2f9c8b3aa4e77d50d4316fdb03a6509598659c467a3ba997132b4d,gaussian,gaussian,0.5187298941,0.9851058244,0.824434987,22.83137036,-32.12553501,34.53454885,0.9845329581,427.9370956,0.89257245,0.06948556069,highs,optimal,0,359.7923451,22.83137036,-30.21284297,False,False,False,solved,0.726079231,0.7260802978,1.066867129e-06,0,WITHIN_NAMED_FAMILY_ONLY; scalar tail dependence is not a cross-family order,CONDITIONAL_ON_CONVERGENCE_AUDIT,0.8282973686,0.1022170707,0.06948556069,False,0,0.8282973686,0.7289797212,DESCRIPTIVE_ONLY_NOT_WELFARE_OR_EXCLUSION,1,0,395.6328386,32.30425697,0.06948556069,0.1717026314,0.06427508148,-7.460698725e-14,False,0,True,-30.21284297,22.83137036,-6.75015599e-14,False,True,True,False,True,False,False,5.044853424e-13,0,3.126388037e-13,2.118259422e-15,0.03726481384,1,0,0.006714033887,0.006714033887,0,-375.2548068,-0,-0.03726481384,-0,-234.7720629,375.2548068,0,0.03726481384,0,234.7720629,0.8282973686,0.1717026314,False,False,0,-0,0,-0,0.1022170707,0.8977829293,False,False,0,-0,0,-0,0.06948556069,0.9305144393,False,False,0,-0,0,-0
CRR-SIM-FREEZE-2026-07-19,4b5897f5d225af6334e3082ce8d9f065cdd7067f2664f3ef63426b5597055b27,ca4f0b86858a11607abd1c7ff4863214acb59c693318630e5515686ebe037048,LHS-01-022,lhs,2026071902,10000,0d114c6b46536b0c86159ebc1615a623e92d69d6318b4e3b917d08dcf6e3a346,gaussian,gaussian,0.5187298941,0.9851058244,0.824434987,30.1305847,-31.61415552,43.27924566,0.9845329581,427.9370956,0.89257245,0.06948556069,highs,optimal,0,360.4800567,30.1305847,-29.00346492,False,False,False,solved,0.7240021114,0.7240030887,9.773524546e-07,0,WITHIN_NAMED_FAMILY_ONLY; scalar tail dependence is not a cross-family order,CONDITIONAL_ON_CONVERGENCE_AUDIT,0.827258764,0.1032556753,0.06948556069,False,0,0.827258764,0.7325516244,DESCRIPTIVE_ONLY_NOT_WELFARE_OR_EXCLUSION,1,0,395.4343613,32.5027343,0.06948556069,0.172741236,0.06531368602,-8.526512829e-14,False,0,True,-29.00346492,30.1305847,-8.526512829e-14,False,True,True,False,True,False,False,7.105427358e-14,0,3.97903932e-13,2.626506412e-15,0.03696479156,1,0,0.006714033887,0.006714033887,0,-375.7024563,-0,-0.03696479156,-0,-235.101655,375.7024563,0,0.03696479156,0,235.101655,0.827258764,0.172741236,False,False,0,-0,0,-0,0.1032556753,0.8967443247,False,False,0,-0,0,-0,0.06948556069,0.9305144393,False,False,0,-0,0,-0
CRR-SIM-FREEZE-2026-07-19,4b5897f5d225af6334e3082ce8d9f065cdd7067f2664f3ef63426b5597055b27,ca4f0b86858a11607abd1c7ff4863214acb59c693318630e5515686ebe037048,LHS-01-022,lhs,2026071903,10000,aee7fae94be9d03b1f2f6a5b291e3407bb7fb8b35fecd29f8d12e57cbad1eaed,gaussian,gaussian,0.5187298941,0.9851058244,0.824434987,27.73934594,-32.43472783,40.55353045,0.9845329581,427.9370956,0.89257245,0.06948556069,highs,optimal,0,362.4549705,27.73934594,-30.90102158,False,False,False,solved,0.7286123145,0.7286130879,7.73384535e-07,0,WITHIN_NAMED_FAMILY_ONLY; scalar tail dependence is not a cross-family order,CONDITIONAL_ON_CONVERGENCE_AUDIT,0.8295637636,0.1009506757,0.06948556069,False,0,0.8295637636,0.7253646457,DESCRIPTIVE_ONLY_NOT_WELFARE_OR_EXCLUSION,1,0,395.8748467,32.06224888,0.06948556069,0.1704362364,0.06300868643,-2.131628207e-14,False,0,True,-30.90102158,27.73934594,-2.131628207e-14,False,True,True,False,True,False,False,3.907985047e-14,0,1.136868377e-13,1.844368428e-15,0.04719486911,1,0,0.006714033887,0.006714033887,8.67361738e-19,-377.5514602,-0,-0.04719486911,-0,-236.101492,377.5514602,0,0.04719486911,0,236.101492,0.8295637636,0.1704362364,False,False,0,-0,0,-0,0.1009506757,0.8990493243,False,False,0,-0,0,-0,0.06948556069,0.9305144393,False,False,0,-0,0,-0
CRR-SIM-FREEZE-2026-07-19,4b5897f5d225af6334e3082ce8d9f065cdd7067f2664f3ef63426b5597055b27,ca4f0b86858a11607abd1c7ff4863214acb59c693318630e5515686ebe037048,LHS-01-022,lhs,2026071904,10000,854c8825e0f0d8e4b73bc13c639935e18250eee3763e2f0936d1ce8786dd1d1e,gaussian,gaussian,0.5187298941,0.9851058244,0.824434987,17.94095853,-37.87784748,29.82768042,0.9845329581,427.9370956,0.89257245,0.06948556069,highs,optimal,0,356.7430599,17.94095853,-31.91446871,False,False,False,solved,0.7277142593,0.7277152343,9.750244827e-07,0,WITHIN_NAMED_FAMILY_ONLY; scalar tail dependence is not a cross-family order,CONDITIONAL_ON_CONVERGENCE_AUDIT,0.8291148368,0.1013996025,0.06948556069,False,0,0.8291148368,0.7317889967,DESCRIPTIVE_ONLY_NOT_WELFARE_OR_EXCLUSION,1,0,395.7890568,32.14803879,0.06948556069,0.1708851632,0.06345761323,-8.526512829e-14,False,0,True,-31.91446871,17.94095853,-7.105427358e-14,False,True,True,False,True,False,False,7.673861546e-13,0,2.557953849e-13,2.520952278e-15,0.03942138799,1,0,0.006714033887,0.006714033887,0,-372.2145969,-0,-0.03942138799,-0,-232.8367839,372.2145969,0,0.03942138799,0,232.8367839,0.8291148368,0.1708851632,False,False,0,-0,0,-0,0.1013996025,0.8986003975,False,False,0,-0,0,-0,0.06948556069,0.9305144393,False,False,0,-0,0,-0
CRR-SIM-FREEZE-2026-07-19,4b5897f5d225af6334e3082ce8d9f065cdd7067f2664f3ef63426b5597055b27,ca4f0b86858a11607abd1c7ff4863214acb59c693318630e5515686ebe037048,LHS-01-022,lhs,2026071905,10000,2ff4b679b3090acf1a7539c041fbddad37b462a2b9c11796ccd918bb7495aada,gaussian,gaussian,0.5187298941,0.9851058244,0.824434987,22.17282801,-36.45682764,34.65812572,0.9845329581,427.9370956,0.89257245,0.06948556069,highs,optimal,0,360.1314544,22.17282801,-32.38878834,False,False,False,solved,0.7258013981,0.7258024414,1.043363169e-06,0,WITHIN_NAMED_FAMILY_ONLY; scalar tail dependence is not a cross-family order,CONDITIONAL_ON_CONVERGENCE_AUDIT,0.8281584404,0.1023559989,0.06948556069,False,0,0.8281584404,0.7398983209,DESCRIPTIVE_ONLY_NOT_WELFARE_OR_EXCLUSION,1,0,395.6062894,32.33080615,0.06948556069,0.1718415596,0.06441400968,-1.065814104e-13,False,0,True,-32.38878834,22.17282801,-9.237055565e-14,False,True,True,False,True,False,False,7.212008768e-13,0,1.705302566e-13,3.079144672e-15,0.03611259062,1,0,0.006714033887,0.006714033887,8.67361738e-19,-375.7249677,-0,-0.03611259062,-0,-235.9372409,375.7249677,0,0.03611259062,0,235.9372409,0.8281584404,0.1718415596,False,False,0,-0,0,-0,0.1023559989,0.8976440011,False,False,0,-0,0,-0,0.06948556069,0.9305144393,False,False,0,-0,0,-0
CRR-SIM-FREEZE-2026-07-19,4b5897f5d225af6334e3082ce8d9f065cdd7067f2664f3ef63426b5597055b27,ca4f0b86858a11607abd1c7ff4863214acb59c693318630e5515686ebe037048,LHS-01-023,lhs,2026071901,10000,4b23f199caf6a1921ef1e797df2fabb7320041fda0476a4df4e90002fd325dfa,gaussian,student_t_df5,0.4815711268,0.9875366573,0.6947492353,48.73011311,28.05586312,57.81372242,0.9703388699,421.7674932,0.618820019,0.004513985607,highs,optimal,0,372.9632527,48.73011311,-39.66606373,False,False,False,solved,0.1569654839,0.1569666296,1.145675181e-06,0,WITHIN_NAMED_FAMILY_ONLY; scalar tail dependence is not a cross-family order,CONDITIONAL_ON_CONVERGENCE_AUDIT,0.5762263189,0.4192596955,0.004513985607,False,0,0.5762263189,0.6777190876,DESCRIPTIVE_ONLY_NOT_WELFARE_OR_EXCLUSION,1,-4.440892099e-16,353.2731187,68.49437455,0.004513985607,0.4237736811,0.0425937001,0,False,0,True,-39.66606373,48.73011311,2.842170943e-14,False,True,True,False,True,False,False,2.344791028e-13,0,3.97903932e-13,1.654302111e-13,0.03074140599,1,0,0.008023529668,0.008023529668,0,-372.5157186,-0,-0.03074140599,-0,-232.7207403,372.5157186,0,0.03074140599,0,232.7207403,0.5762263189,0.4237736811,False,False,0,-0,0,-0,0.4192596955,0.5807403045,False,False,0,-0,0,-0,0.004513985607,0.9954860144,False,False,0,-0,0,-0
CRR-SIM-FREEZE-2026-07-19,4b5897f5d225af6334e3082ce8d9f065cdd7067f2664f3ef63426b5597055b27,ca4f0b86858a11607abd1c7ff4863214acb59c693318630e5515686ebe037048,LHS-01-023,lhs,2026071902,10000,c0e9df83991410954add2377830d93f3750c7f18ee3ccaf9d4dfd7dab99edf54,gaussian,student_t_df5,0.4815711268,0.9875366573,0.6947492353,64.77807455,42.39879771,74.61081854,0.9703388699,421.7674932,0.618820019,0.004513985607,highs,optimal,0,373.064608,64.77807455,-44.44729912,False,False,False,solved,0.1582359624,0.1582369972,1.034808355e-06,0,WITHIN_NAMED_FAMILY_ONLY; scalar tail dependence is not a cross-family order,CONDITIONAL_ON_CONVERGENCE_AUDIT,0.5768615024,0.418624512,0.004513985607,False,0,0.5768615024,0.6800285103,DESCRIPTIVE_ONLY_NOT_WELFARE_OR_EXCLUSION,1,2.220446049e-16,353.3945022,68.37299098,0.004513985607,0.4231384976,0.04195851661,9.947598301e-14,False,0,True,-44.44729912,64.77807455,1.136868377e-13,False,True,True,False,True,False,False,1.563194019e-12,0,2.273736754e-13,8.259957336e-14,0.0326939433,1,0,0.008023529668,0.008023529668,0,-371.9954078,-0,-0.0326939433,-0,-232.3114367,371.9954078,0,0.0326939433,0,232.3114367,0.5768615024,0.4231384976,False,False,0,-0,0,-0,0.418624512,0.581375488,False,False,0,-0,0,-0,0.004513985607,0.9954860144,False,False,0,-0,0,-0
CRR-SIM-FREEZE-2026-07-19,4b5897f5d225af6334e3082ce8d9f065cdd7067f2664f3ef63426b5597055b27,ca4f0b86858a11607abd1c7ff4863214acb59c693318630e5515686ebe037048,LHS-01-023,lhs,2026071903,10000,1d13a514a642312647278ce95dca190d8ed56e5e7e93d4c3142a3fe3718205e4,gaussian,student_t_df5,0.4815711268,0.9875366573,0.6947492353,55.17476599,34.33593523,64.33068687,0.9703388699,421.7674932,0.618820019,0.004513985607,highs,optimal,0,374.157494,55.17476599,-39.31396486,False,False,False,solved,0.1610607558,0.1610616922,9.364444456e-07,0,WITHIN_NAMED_FAMILY_ONLY; scalar tail dependence is not a cross-family order,CONDITIONAL_ON_CONVERGENCE_AUDIT,0.5782738507,0.4172121637,0.004513985607,False,0,0.5782738507,0.6800470022,DESCRIPTIVE_ONLY_NOT_WELFARE_OR_EXCLUSION,1,3.330669074e-16,353.664402,68.10309121,0.004513985607,0.4217261493,0.04054616827,-2.842170943e-14,False,0,True,-39.31396486,55.17476599,0,False,True,True,False,True,False,False,3.140598892e-12,0,3.97903932e-13,1.243113245e-13,0.0358136433,1,0,0.008023529668,0.008023529668,0,-373.2322897,-0,-0.0358136433,-0,-232.7887521,373.2322897,0,0.0358136433,0,232.7887521,0.5782738507,0.4217261493,False,False,0,-0,0,-0,0.4172121637,0.5827878363,False,False,0,-0,0,-0,0.004513985607,0.9954860144,False,False,0,-0,0,-0
CRR-SIM-FREEZE-2026-07-19,4b5897f5d225af6334e3082ce8d9f065cdd7067f2664f3ef63426b5597055b27,ca4f0b86858a11607abd1c7ff4863214acb59c693318630e5515686ebe037048,LHS-01-023,lhs,2026071904,10000,db087bed371547d7a79deee3918e211c6d824b144db774f4c4641d602729cfb0,gaussian,student_t_df5,0.4815711268,0.9875366573,0.6947492353,60.64288514,38.6899999,70.2882862,0.9703388699,421.7674932,0.618820019,0.004513985607,highs,optimal,0,370.1217026,60.64288514,-46.23795994,False,False,False,solved,0.1469578321,0.1469588142,9.821703177e-07,0,WITHIN_NAMED_FAMILY_ONLY; scalar tail dependence is not a cross-family order,CONDITIONAL_ON_CONVERGENCE_AUDIT,0.5712224094,0.424263605,0.004513985607,False,0,0.5712224094,0.6810006411,DESCRIPTIVE_ONLY_NOT_WELFARE_OR_EXCLUSION,1,-2.220446049e-16,352.3168716,69.45062165,0.004513985607,0.4287775906,0.04759760959,1.421085472e-14,False,0,True,-46.23795994,60.64288514,7.105427358e-15,False,True,True,False,True,False,False,5.684341886e-14,0,1.705302566e-13,8.189447334e-14,0.03857404597,1,0,0.008023529668,0.008023529668,0,-368.8199196,-0,-0.03857404597,-0,-229.8320269,368.8199196,0,0.03857404597,0,229.8320269,0.5712224094,0.4287775906,False,False,0,-0,0,-0,0.424263605,0.575736395,False,False,0,-0,0,-0,0.004513985607,0.9954860144,False,False,0,-0,0,-0
CRR-SIM-FREEZE-2026-07-19,4b5897f5d225af6334e3082ce8d9f065cdd7067f2664f3ef63426b5597055b27,ca4f0b86858a11607abd1c7ff4863214acb59c693318630e5515686ebe037048,LHS-01-023,lhs,2026071905,10000,379a6fda371c95552d7e032ae8e32d67e9e446d0f5cd4e1cb590aa19d5483537,gaussian,student_t_df5,0.4815711268,0.9875366573,0.6947492353,63.86720916,39.83423899,74.42653351,0.9703388699,421.7674932,0.618820019,0.004513985607,highs,optimal,0,371.8284542,63.86720916,-43.24054509,False,False,False,solved,0.1506679137,0.150669385,1.471320898e-06,0,WITHIN_NAMED_FAMILY_ONLY; scalar tail dependence is not a cross-family order,CONDITIONAL_ON_CONVERGENCE_AUDIT,0.5730776956,0.4224083188,0.004513985607,False,0,0.5730776956,0.6879816803,DESCRIPTIVE_ONLY_NOT_WELFARE_OR_EXCLUSION,1,1.110223025e-16,352.6714168,69.09607646,0.004513985607,0.4269223044,0.04574232339,-2.131628207e-14,False,0,True,-43.24054509,63.86720916,-2.842170943e-14,False,True,True,False,True,False,False,5.542233339e-13,0,1.136868377e-13,4.123760568e-14,0.02248830007,1,0,0.008023529668,0.008023529668,0,-371.4353311,-0,-0.02248830007,-0,-231.0910874,371.4353311,0,0.02248830007,0,231.0910874,0.5730776956,0.4269223044,False,False,0,-0,0,-0,0.4224083188,0.5775916812,False,False,0,-0,0,-0,0.004513985607,0.9954860144,False,False,0,-0,0,-0
CRR-SIM-FREEZE-2026-07-19,4b5897f5d225af6334e3082ce8d9f065cdd7067f2664f3ef63426b5597055b27,ca4f0b86858a11607abd1c7ff4863214acb59c693318630e5515686ebe037048,LHS-01-024,lhs,2026071901,10000,9305ab67daef1dbbcd7cf1f4f9c894c2a19e85feee9b96d0312b8f5733f478dd,gaussian,empirical_resample,0.3148667558,0.9739627019,0.6286169651,-147.6577521,-150.3578676,-146.0625405,1.026577725,446.2122741,0.6316130837,0.009945763411,highs,optimal,0,371.2980528,-150.3578676,-160.6713832,False,False,False,solved,0.2731706707,0.2731719469,1.276241608e-06,0,WITHIN_NAMED_FAMILY_ONLY; scalar tail dependence is not a cross-family order,CONDITIONAL_ON_CONVERGENCE_AUDIT,0.6316130837,0.3584411528,0.009945763411,False,0,0.6316130837,0.4558448515,DESCRIPTIVE_ONLY_NOT_WELFARE_OR_EXCLUSION,1,0,363.3717112,82.84056287,0.009945763411,0.3683869163,0,2.700115483,True,0,True,-150.3670212,-147.6577521,6.536993169e-13,False,False,True,True,True,False,False,2.842170943e-14,0,0,0,0,,,,0.003840644277,,-369.8797982,-0,-0,-5.892633416,-231.6171832,369.8797982,0,0,5.892633416,231.6171832,0.6316130837,0.3683869163,False,False,0,-0,0,-0,0.3584411528,0.6415588472,False,False,0,-0,0,-0,0.009945763411,0.9900542366,False,False,0,-0,0,-0
CRR-SIM-FREEZE-2026-07-19,4b5897f5d225af6334e3082ce8d9f065cdd7067f2664f3ef63426b5597055b27,ca4f0b86858a11607abd1c7ff4863214acb59c693318630e5515686ebe037048,LHS-01-024,lhs,2026071902,10000,19174f6a0d8cb3b6eabb67e5efbc075fda5967462268522e73ae9ecd8e04528d,gaussian,empirical_resample,0.3148667558,0.9739627019,0.6286169651,-148.156574,-150.4346129,-146.8107226,1.026577725,446.2122741,0.6316130837,0.009945763411,highs,optimal,0,371.7772989,-150.4346129,-161.6747303,False,False,False,solved,0.2731706252,0.2731719469,1.321728482e-06,0,WITHIN_NAMED_FAMILY_ONLY; scalar tail dependence is not a cross-family order,CONDITIONAL_ON_CONVERGENCE_AUDIT,0.6316130837,0.3584411528,0.009945763411,False,0,0.6316130837,0.4680815007,DESCRIPTIVE_ONLY_NOT_WELFARE_OR_EXCLUSION,1,0,363.3717112,82.84056287,0.009945763411,0.3683869163,0,2.278038944,True,0,True,-151.2711279,-148.156574,7.673861546e-13,False,False,True,True,True,False,False,2.842170943e-14,0,0,0,0,,,,0.003840644277,,-370.4879499,-0,-0,-5.694664239,-232.0058664,370.4879499,0,0,5.694664239,232.0058664,0.6316130837,0.3683869163,False,False,0,-0,0,-0,0.3584411528,0.6415588472,False,False,0,-0,0,-0,0.009945763411,0.9900542366,False,False,0,-0,0,-0
CRR-SIM-FREEZE-2026-07-19,4b5897f5d225af6334e3082ce8d9f065cdd7067f2664f3ef63426b5597055b27,ca4f0b86858a11607abd1c7ff4863214acb59c693318630e5515686ebe037048,LHS-01-024,lhs,2026071903,10000,6ebdee9281a7c51832145e1d8c0458f63ef85f08ac1892e6e92101598468b189,gaussian,empirical_resample,0.3148667558,0.9739627019,0.6286169651,-148.8680098,-151.6830627,-147.2048938,1.026577725,446.2122741,0.6316130837,0.009945763411,highs,optimal,0,373.0738781,-151.6830627,-163.8733072,False,False,False,solved,0.2731711054,0.273171947,8.416882086e-07,0,WITHIN_NAMED_FAMILY_ONLY; scalar tail dependence is not a cross-family order,CONDITIONAL_ON_CONVERGENCE_AUDIT,0.6316130837,0.3584411528,0.009945763411,False,0,0.6316130837,0.4472549195,DESCRIPTIVE_ONLY_NOT_WELFARE_OR_EXCLUSION,1,0,363.3717112,82.84056287,0.009945763411,0.3683869163,0,2.815052913,True,0,True,-152.2747599,-148.8680098,7.105427358e-13,False,False,True,True,True,False,False,4.796163466e-14,0,0,0,0,,,,0.003840644277,,-369.6628309,-0,-0,-9.03830803,-231.019612,369.6628309,0,0,9.03830803,231.019612,0.6316130837,0.3683869163,False,False,0,-0,0,-0,0.3584411528,0.6415588472,False,False,0,-0,0,-0,0.009945763411,0.9900542366,False,False,0,-0,0,-0
CRR-SIM-FREEZE-2026-07-19,4b5897f5d225af6334e3082ce8d9f065cdd7067f2664f3ef63426b5597055b27,ca4f0b86858a11607abd1c7ff4863214acb59c693318630e5515686ebe037048,LHS-01-024,lhs,2026071904,10000,0857a21ed250c4bcd8dab8f63ef98907469488c59aa66c96276e31e0dbe2b048,gaussian,empirical_resample,0.3148667558,0.9739627019,0.6286169651,-148.321535,-151.0713795,-146.6969438,1.026577725,446.2122741,0.6316130837,0.009945763411,highs,optimal,0,368.30389,-151.0713795,-160.9596324,False,False,False,solved,0.2731708332,0.273171947,1.113800193e-06,0,WITHIN_NAMED_FAMILY_ONLY; scalar tail dependence is not a cross-family order,CONDITIONAL_ON_CONVERGENCE_AUDIT,0.6316130837,0.3584411528,0.009945763411,False,0,0.6316130837,0.4611467073,DESCRIPTIVE_ONLY_NOT_WELFARE_OR_EXCLUSION,1,0,363.3717112,82.84056287,0.009945763411,0.3683869163,0,2.749844469,True,0,True,-150.8797868,-148.321535,7.105427358e-13,False,False,True,True,True,False,False,2.842170943e-14,0,0,0,0,,,,0.003840644277,,-366.3436489,-0,-0,-6.710338844,-229.0519715,366.3436489,0,0,6.710338844,229.0519715,0.6316130837,0.3683869163,False,False,0,-0,0,-0,0.3584411528,0.6415588472,False,False,0,-0,0,-0,0.009945763411,0.9900542366,False,False,0,-0,0,-0
CRR-SIM-FREEZE-2026-07-19,4b5897f5d225af6334e3082ce8d9f065cdd7067f2664f3ef63426b5597055b27,ca4f0b86858a11607abd1c7ff4863214acb59c693318630e5515686ebe037048,LHS-01-024,lhs,2026071905,10000,13c298459c9541e4669129e6368cc69e6d28366813c9a5b940cc6d0b2cd679c9,gaussian,empirical_resample,0.3148667558,0.9739627019,0.6286169651,-148.3200236,-151.2528815,-146.5873092,1.026577725,446.2122741,0.6316130837,0.009945763411,highs,optimal,0,371.4124834,-151.2528815,-162.5870162,False,False,False,solved,0.2731706089,0.2731719469,1.337972415e-06,0,WITHIN_NAMED_FAMILY_ONLY; scalar tail dependence is not a cross-family order,CONDITIONAL_ON_CONVERGENCE_AUDIT,0.6316130837,0.3584411528,0.009945763411,False,0,0.6316130837,0.4726965615,DESCRIPTIVE_ONLY_NOT_WELFARE_OR_EXCLUSION,1,0,363.3717112,82.84056287,0.009945763411,0.3683869163,0,2.932857933,True,0,True,-151.0539662,-148.3200236,6.536993169e-13,False,False,True,True,True,False,False,2.842170943e-14,0,0,0,0,,,,0.003840644277,,-370.1765758,-0,-0,-5.618937771,-232.5700775,370.1765758,0,0,5.618937771,232.5700775,0.6316130837,0.3683869163,False,False,0,-0,0,-0,0.3584411528,0.6415588472,False,False,0,-0,0,-0,0.009945763411,0.9900542366,False,False,0,-0,0,-0
CRR-SIM-FREEZE-2026-07-19,4b5897f5d225af6334e3082ce8d9f065cdd7067f2664f3ef63426b5597055b27,ca4f0b86858a11607abd1c7ff4863214acb59c693318630e5515686ebe037048,LHS-02-001,lhs,2026071901,10000,f3a12f0a37671b5ba2ec10b7a6c475fc45793bb4c0a736a29029df2912018f05,student_t_df4,student_t_df5,0.1344300757,0.9126534893,0.8351531975,-100.5169597,-148.1825544,-91.10848124,1.015696733,441.4827422,0.7552081071,0.125916689,highs,optimal,0,345.0346545,-100.5169597,-187.3107197,False,False,False,solved,0.5569795995,0.556980773,1.173508809e-06,0.1304840276,WITHIN_NAMED_FAMILY_ONLY; scalar tail dependence is not a cross-family order,CONDITIONAL_ON_CONVERGENCE_AUDIT,0.715532042,0.158551269,0.125916689,False,0,0.715532042,0.2386914529,DESCRIPTIVE_ONLY_NOT_WELFARE_OR_EXCLUSION,1,0,369.0361846,72.44655762,0.125916689,0.284467958,0.03967606512,2.245315045e-12,False,0,True,-187.3107197,-100.5169597,2.273736754e-12,False,True,True,False,True,False,False,1.051603249e-11,0,5.684341886e-13,5.765056121e-14,0.02535498496,1,0,0.001144865424,0.001144865424,0,-377.1290053,-0,-0.02535498496,-0,-234.6451857,377.1290053,0,0.02535498496,0,234.6451857,0.715532042,0.284467958,False,False,0,-0,0,-0,0.158551269,0.841448731,False,False,0,-0,0,-0,0.125916689,0.874083311,False,False,0,-0,0,-0
CRR-SIM-FREEZE-2026-07-19,4b5897f5d225af6334e3082ce8d9f065cdd7067f2664f3ef63426b5597055b27,ca4f0b86858a11607abd1c7ff4863214acb59c693318630e5515686ebe037048,LHS-02-001,lhs,2026071902,10000,c941c02fb46c65f20ad82ea3237c1e351fffc969ec490c47ef71934c10419327,student_t_df4,student_t_df5,0.1344300757,0.9126534893,0.8351531975,-113.2937215,-156.9941649,-104.6679048,1.015696733,441.4827422,0.7552081071,0.125916689,highs,optimal,0,346.2683705,-113.2937215,-192.5052696,False,False,False,solved,0.5583331663,0.5583342634,1.097040234e-06,0.1304840276,WITHIN_NAMED_FAMILY_ONLY; scalar tail dependence is not a cross-family order,CONDITIONAL_ON_CONVERGENCE_AUDIT,0.7162087872,0.1578745238,0.125916689,False,0,0.7162087872,0.2201799822,DESCRIPTIVE_ONLY_NOT_WELFARE_OR_EXCLUSION,1,0,369.1655106,72.31723162,0.125916689,0.2837912128,0.03899931994,2.174260771e-12,False,0,True,-192.5052696,-113.2937215,2.174260771e-12,False,True,True,False,True,False,False,5.684341886e-14,0,8.526512829e-13,6.008873433e-14,0.02936367204,1,0,0.001144865424,0.001144865424,0,-379.3316761,-0,-0.02936367204,-0,-236.1607996,379.3316761,0,0.02936367204,0,236.1607996,0.7162087872,0.2837912128,False,False,0,-0,0,-0,0.1578745238,0.8421254762,False,False,0,-0,0,-0,0.125916689,0.874083311,False,False,0,-0,0,-0
CRR-SIM-FREEZE-2026-07-19,4b5897f5d225af6334e3082ce8d9f065cdd7067f2664f3ef63426b5597055b27,ca4f0b86858a11607abd1c7ff4863214acb59c693318630e5515686ebe037048,LHS-02-001,lhs,2026071903,10000,48ff0033b2da2a90ab75f33c1fad579ad5f51bfd312620a45777e66b1cd89848,student_t_df4,student_t_df5,0.1344300757,0.9126534893,0.8351531975,-107.9131206,-153.4479934,-98.92521486,1.015696733,441.4827422,0.7552081071,0.125916689,highs,optimal,0,347.0694004,-107.9131206,-190.3870604,False,False,False,solved,0.557952235,0.5579530029,7.678498204e-07,0.1304840276,WITHIN_NAMED_FAMILY_ONLY; scalar tail dependence is not a cross-family order,CONDITIONAL_ON_CONVERGENCE_AUDIT,0.7160181569,0.1580651541,0.125916689,False,0,0.7160181569,0.2085004221,DESCRIPTIVE_ONLY_NOT_WELFARE_OR_EXCLUSION,1,0,369.1290811,72.35366106,0.125916689,0.2839818431,0.03918995019,2.202682481e-12,False,0,True,-190.3870604,-107.9131206,2.216893336e-12,False,True,True,False,True,False,False,5.684341886e-14,0,9.094947018e-13,8.118451773e-14,0.04051668482,1,0,0.001144865424,0.001144865424,0,-381.2416348,-0,-0.04051668482,-0,-236.6640409,381.2416348,0,0.04051668482,0,236.6640409,0.7160181569,0.2839818431,False,False,0,-0,0,-0,0.1580651541,0.8419348459,False,False,0,-0,0,-0,0.125916689,0.874083311,False,False,0,-0,0,-0
CRR-SIM-FREEZE-2026-07-19,4b5897f5d225af6334e3082ce8d9f065cdd7067f2664f3ef63426b5597055b27,ca4f0b86858a11607abd1c7ff4863214acb59c693318630e5515686ebe037048,LHS-02-001,lhs,2026071904,10000,87fe5b5c495abfb2f22be384334fac31f25959480009686f3f530f7a98cfc853,student_t_df4,student_t_df5,0.1344300757,0.9126534893,0.8351531975,-103.8458612,-150.1566703,-94.70479719,1.015696733,441.4827422,0.7552081071,0.125916689,highs,optimal,0,343.8858103,-103.8458612,-188.561832,False,False,False,solved,0.5574971977,0.5574981346,9.368993268e-07,0.1304840276,WITHIN_NAMED_FAMILY_ONLY; scalar tail dependence is not a cross-family order,CONDITIONAL_ON_CONVERGENCE_AUDIT,0.7157907228,0.1582925882,0.125916689,False,0,0.7157907228,0.2724158786,DESCRIPTIVE_ONLY_NOT_WELFARE_OR_EXCLUSION,1,0,369.0856185,72.39712372,0.125916689,0.2842092772,0.03941738433,2.2595259e-12,False,0,True,-188.561832,-103.8458612,2.2595259e-12,False,True,True,False,True,False,False,2.842170943e-14,0,8.526512829e-13,6.944396155e-14,0.03236214811,1,0,0.001144865424,0.001144865424,0,-376.7533539,-0,-0.03236214811,-0,-234.336439,376.7533539,0,0.03236214811,0,234.336439,0.7157907228,0.2842092772,False,False,0,-0,0,-0,0.1582925882,0.8417074118,False,False,0,-0,0,-0,0.125916689,0.874083311,False,False,0,-0,0,-0
CRR-SIM-FREEZE-2026-07-19,4b5897f5d225af6334e3082ce8d9f065cdd7067f2664f3ef63426b5597055b27,ca4f0b86858a11607abd1c7ff4863214acb59c693318630e5515686ebe037048,LHS-02-001,lhs,2026071905,10000,d4863f71dada74091fa6772fc44b63082070ea1011dade9c37e74c733b8d5b6d,student_t_df4,student_t_df5,0.1344300757,0.9126534893,0.8351531975,-103.9279102,-151.0313271,-94.63039725,1.015696733,441.4827422,0.7552081071,0.125916689,highs,optimal,0,344.4198388,-103.9279102,-190.9897883,False,False,False,solved,0.5559786707,0.5559803302,1.659503535e-06,0.1304840276,WITHIN_NAMED_FAMILY_ONLY; scalar tail dependence is not a cross-family order,CONDITIONAL_ON_CONVERGENCE_AUDIT,0.7150318206,0.1590514904,0.125916689,False,0,0.7150318206,0.2381224722,DESCRIPTIVE_ONLY_NOT_WELFARE_OR_EXCLUSION,1,0,368.9405923,72.54214993,0.125916689,0.2849681794,0.04017628649,2.202682481e-12,False,0,True,-190.9897883,-103.9279102,2.202682481e-12,False,True,True,False,True,False,False,2.842170943e-14,0,3.410605132e-13,4.685640201e-14,0.01831792314,1,0,0.001144865424,0.001144865424,0,-375.7380661,-0,-0.01831792314,-0,-233.6027421,375.7380661,0,0.01831792314,0,233.6027421,0.7150318206,0.2849681794,False,False,0,-0,0,-0,0.1590514904,0.8409485096,False,False,0,-0,0,-0,0.125916689,0.874083311,False,False,0,-0,0,-0
CRR-SIM-FREEZE-2026-07-19,4b5897f5d225af6334e3082ce8d9f065cdd7067f2664f3ef63426b5597055b27,ca4f0b86858a11607abd1c7ff4863214acb59c693318630e5515686ebe037048,LHS-02-002,lhs,2026071901,10000,ce5f51492535726698104ec9df8f6e4326dcb85524bff1c95f5e6099960abde9,student_t_df4,empirical_resample,0.1537714994,0.9279437971,0.4910909728,-183.1101658,-191.128714,-174.8006838,0.9853816232,428.3059764,0.4423476296,0.003314971167,highs,optimal,0,372.0436227,-191.128714,-223.8223793,True,True,True,solved,-0.1119909788,-0.1119897536,1.225228654e-06,0.1401500239,WITHIN_NAMED_FAMILY_ONLY; scalar tail dependence is not a cross-family order,CONDITIONAL_ON_CONVERGENCE_AUDIT,0.4423476296,0.5543373992,0.003314971167,False,0,0.4423476296,0.236607706,DESCRIPTIVE_ONLY_NOT_WELFARE_OR_EXCLUSION,1,0,327.796141,100.5098354,0.003314971167,0.4456626008,0,8.018548219,True,0,True,-195.4395199,-183.1101658,-3.637978807e-12,False,False,True,True,True,False,False,3.893774192e-12,0,0,0,0,,,,0.001387805573,,-370.0903887,-0,-0,-6.153617663,-231.9187986,370.0903887,0,0,6.153617663,231.9187986,0.4423476296,0.5576523704,False,False,0,-0,0,-0,0.5543373992,0.4456626008,False,False,0,-0,0,-0,0.003314971167,0.9966850288,False,False,0,-0,0,-0
CRR-SIM-FREEZE-2026-07-19,4b5897f5d225af6334e3082ce8d9f065cdd7067f2664f3ef63426b5597055b27,ca4f0b86858a11607abd1c7ff4863214acb59c693318630e5515686ebe037048,LHS-02-002,lhs,2026071902,10000,474f41a1fe2485473ffba70c1cbb6154335db3fdaa839ca62c79ffeeb31994c8,student_t_df4,empirical_resample,0.1537714994,0.9279437971,0.4910909728,-181.908946,-189.4486036,-174.0957301,0.9853816232,428.3059764,0.4423476296,0.003314971167,highs,optimal,0,372.4743765,-189.4486036,-223.5922022,True,True,True,solved,-0.1119910637,-0.1119897536,1.310147346e-06,0.1401500239,WITHIN_NAMED_FAMILY_ONLY; scalar tail dependence is not a cross-family order,CONDITIONAL_ON_CONVERGENCE_AUDIT,0.4423476296,0.5543373992,0.003314971167,False,0,0.4423476296,0.2371480513,DESCRIPTIVE_ONLY_NOT_WELFARE_OR_EXCLUSION,1,0,327.796141,100.5098354,0.003314971167,0.4456626008,0,7.539657623,True,0,True,-194.3348842,-181.908946,-3.808509064e-12,False,False,True,True,True,False,False,3.751665645e-12,0,0,0,0,,,,0.001387805573,,-370.6982499,-0,-0,-5.756428467,-232.3446771,370.6982499,0,0,5.756428467,232.3446771,0.4423476296,0.5576523704,False,False,0,-0,0,-0,0.5543373992,0.4456626008,False,False,0,-0,0,-0,0.003314971167,0.9966850288,False,False,0,-0,0,-0
CRR-SIM-FREEZE-2026-07-19,4b5897f5d225af6334e3082ce8d9f065cdd7067f2664f3ef63426b5597055b27,ca4f0b86858a11607abd1c7ff4863214acb59c693318630e5515686ebe037048,LHS-02-002,lhs,2026071903,10000,2a4768ac5d59a12ca4b0f08ff3bdbfd26934be1abfb1f25433b9f8b1ac002474,student_t_df4,empirical_resample,0.1537714994,0.9279437971,0.4910909728,-184.2216573,-192.2176966,-175.935501,0.9853816232,428.3059764,0.4423476296,0.003314971167,highs,optimal,0,372.4631238,-192.2176966,-224.6725811,True,True,True,solved,-0.1119906398,-0.1119897535,8.863183282e-07,0.1401500239,WITHIN_NAMED_FAMILY_ONLY; scalar tail dependence is not a cross-family order,CONDITIONAL_ON_CONVERGENCE_AUDIT,0.4423476296,0.5543373992,0.003314971167,False,0,0.4423476296,0.2212704043,DESCRIPTIVE_ONLY_NOT_WELFARE_OR_EXCLUSION,1,0,327.796141,100.5098354,0.003314971167,0.4456626008,0,7.996039276,True,0,True,-195.935678,-184.2216573,-3.808509064e-12,False,False,True,True,True,False,False,3.893774192e-12,0,0,0,0,,,,0.001387805573,,-369.4417057,-0,-0,-8.560548824,-230.8678963,369.4417057,0,0,8.560548824,230.8678963,0.4423476296,0.5576523704,False,False,0,-0,0,-0,0.5543373992,0.4456626008,False,False,0,-0,0,-0,0.003314971167,0.9966850288,False,False,0,-0,0,-0
CRR-SIM-FREEZE-2026-07-19,4b5897f5d225af6334e3082ce8d9f065cdd7067f2664f3ef63426b5597055b27,ca4f0b86858a11607abd1c7ff4863214acb59c693318630e5515686ebe037048,LHS-02-002,lhs,2026071904,10000,90629443e558167cdd0544c0c6c91dec65720b6dd1fa15231d8a62bc79d5a862,student_t_df4,empirical_resample,0.1537714994,0.9279437971,0.4910909728,-181.4344486,-189.1978467,-173.3893742,0.9853816232,428.3059764,0.4423476296,0.003314971167,highs,optimal,0,369.0338257,-189.1978467,-220.3522888,True,True,True,solved,-0.1119908607,-0.1119897535,1.107178209e-06,0.1401500239,WITHIN_NAMED_FAMILY_ONLY; scalar tail dependence is not a cross-family order,CONDITIONAL_ON_CONVERGENCE_AUDIT,0.4423476296,0.5543373992,0.003314971167,False,0,0.4423476296,0.2255749426,DESCRIPTIVE_ONLY_NOT_WELFARE_OR_EXCLUSION,1,0,327.796141,100.5098354,0.003314971167,0.4456626008,0,7.763398151,True,0,True,-191.5128682,-181.4344486,-3.637978807e-12,False,False,True,True,True,False,False,3.49587026e-12,0,0,0,0,,,,0.001387805573,,-366.8019595,-0,-0,-6.764498258,-229.3816459,366.8019595,0,0,6.764498258,229.3816459,0.4423476296,0.5576523704,False,False,0,-0,0,-0,0.5543373992,0.4456626008,False,False,0,-0,0,-0,0.003314971167,0.9966850288,False,False,0,-0,0,-0
CRR-SIM-FREEZE-2026-07-19,4b5897f5d225af6334e3082ce8d9f065cdd7067f2664f3ef63426b5597055b27,ca4f0b86858a11607abd1c7ff4863214acb59c693318630e5515686ebe037048,LHS-02-002,lhs,2026071905,10000,9aa4d71ae60d06f81d0f0e4e75bf20aaa824681f1c3668d50a6350f8054e3bd6,student_t_df4,empirical_resample,0.1537714994,0.9279437971,0.4910909728,-182.9642344,-191.0548833,-174.5800358,0.9853816232,428.3059764,0.4423476296,0.003314971167,highs,optimal,0,371.9033108,-191.0548833,-224.717739,True,True,True,solved,-0.1119910879,-0.1119897536,1.334264219e-06,0.1401500239,WITHIN_NAMED_FAMILY_ONLY; scalar tail dependence is not a cross-family order,CONDITIONAL_ON_CONVERGENCE_AUDIT,0.4423476296,0.5543373992,0.003314971167,False,0,0.4423476296,0.2448826832,DESCRIPTIVE_ONLY_NOT_WELFARE_OR_EXCLUSION,1,0,327.796141,100.5098354,0.003314971167,0.4456626008,0,8.090648873,True,0,True,-195.6150537,-182.9642344,-3.694822226e-12,False,False,True,True,True,False,False,3.666400517e-12,0,0,0,0,,,,0.001387805573,,-370.1782639,-0,-0,-5.642293538,-232.5233598,370.1782639,0,0,5.642293538,232.5233598,0.4423476296,0.5576523704,False,False,0,-0,0,-0,0.5543373992,0.4456626008,False,False,0,-0,0,-0,0.003314971167,0.9966850288,False,False,0,-0,0,-0
CRR-SIM-FREEZE-2026-07-19,4b5897f5d225af6334e3082ce8d9f065cdd7067f2664f3ef63426b5597055b27,ca4f0b86858a11607abd1c7ff4863214acb59c693318630e5515686ebe037048,LHS-02-003,lhs,2026071901,10000,009cdb671d7c62aaf71c7f4cf62505b6118f622a635434d764d462222df27cc0,student_t_df4,gaussian,0.3831595421,0.9406248586,0.2321100145,-119.9162124,-124.4006705,-105.0802715,0.8093399908,351.7877204,0.3866715235,0.01500878745,highs,optimal,0,369.5450199,-124.4006705,-183.4066179,True,True,True,solved,-0.2116492167,-0.2116481496,1.067074305e-06,0.2922265498,WITHIN_NAMED_FAMILY_ONLY; scalar tail dependence is not a cross-family order,CONDITIONAL_ON_CONVERGENCE_AUDIT,0.3866715235,0.5983196891,0.01500878745,False,0,0.3866715235,0.56466488,DESCRIPTIVE_ONLY_NOT_WELFARE_OR_EXCLUSION,1,0,316.1105422,35.67717821,0.01500878745,0.4016803109,0,4.484458103,True,0,True,-159.2228706,-119.9162124,1.151079232e-12,False,False,True,True,True,False,False,2.842170943e-14,0,0,0,0,,,,0.001684206516,,-370.2928947,-0,-0,-7.031747776,-230.9881102,370.2928947,0,0,7.031747776,230.9881102,0.3866715235,0.6133284765,False,False,0,-0,0,-0,0.5983196891,0.4016803109,False,False,0,-0,0,-0,0.01500878745,0.9849912125,False,False,0,-0,0,-0
CRR-SIM-FREEZE-2026-07-19,4b5897f5d225af6334e3082ce8d9f065cdd7067f2664f3ef63426b5597055b27,ca4f0b86858a11607abd1c7ff4863214acb59c693318630e5515686ebe037048,LHS-02-003,lhs,2026071902,10000,7249a5f946c2e1960713397086b13633689cfbcfa51c55672d6aa6e9e51ae4b7,student_t_df4,gaussian,0.3831595421,0.9406248586,0.2321100145,-120.7762763,-124.858517,-107.2709919,0.8093399908,351.7877204,0.3866715235,0.01500878745,highs,optimal,0,370.2964958,-124.858517,-181.2654225,True,True,True,solved,-0.2116492167,-0.2116481496,1.067053982e-06,0.2922265498,WITHIN_NAMED_FAMILY_ONLY; scalar tail dependence is not a cross-family order,CONDITIONAL_ON_CONVERGENCE_AUDIT,0.3866715235,0.5983196891,0.01500878745,False,0,0.3866715235,0.5639979538,DESCRIPTIVE_ONLY_NOT_WELFARE_OR_EXCLUSION,1,0,316.1105422,35.67717821,0.01500878745,0.4016803109,0,4.082240708,True,0,True,-157.6865432,-120.7762763,1.051603249e-12,False,False,True,True,True,False,False,2.842170943e-14,0,0,0,0,,,,0.001684206516,,-371.0434676,-0,-0,-7.046255546,-231.301707,371.0434676,0,0,7.046255546,231.301707,0.3866715235,0.6133284765,False,False,0,-0,0,-0,0.5983196891,0.4016803109,False,False,0,-0,0,-0,0.01500878745,0.9849912125,False,False,0,-0,0,-0
CRR-SIM-FREEZE-2026-07-19,4b5897f5d225af6334e3082ce8d9f065cdd7067f2664f3ef63426b5597055b27,ca4f0b86858a11607abd1c7ff4863214acb59c693318630e5515686ebe037048,LHS-02-003,lhs,2026071903,10000,9fc1f355f2e225e896dbc3899c29af8eae0a5f77aa658f2e56033f0c0bf2ee3d,student_t_df4,gaussian,0.3831595421,0.9406248586,0.2321100145,-123.4716858,-127.9824223,-108.5488078,0.8093399908,351.7877204,0.3866715235,0.01500878745,highs,optimal,0,370.5247962,-127.9824223,-186.7055153,True,True,True,solved,-0.2116489628,-0.2116481495,8.133070972e-07,0.2922265498,WITHIN_NAMED_FAMILY_ONLY; scalar tail dependence is not a cross-family order,CONDITIONAL_ON_CONVERGENCE_AUDIT,0.3866715235,0.5983196891,0.01500878745,False,0,0.3866715235,0.555282482,DESCRIPTIVE_ONLY_NOT_WELFARE_OR_EXCLUSION,1,0,316.1105422,35.67717821,0.01500878745,0.4016803109,0,4.510736561,True,0,True,-160.833138,-123.4716858,1.293187779e-12,False,False,True,True,True,False,False,2.842170943e-14,0,0,0,0,,,,0.001684206516,,-370.3869627,-0,-0,-9.295445024,-230.2951134,370.3869627,0,0,9.295445024,230.2951134,0.3866715235,0.6133284765,False,False,0,-0,0,-0,0.5983196891,0.4016803109,False,False,0,-0,0,-0,0.01500878745,0.9849912125,False,False,0,-0,0,-0
CRR-SIM-FREEZE-2026-07-19,4b5897f5d225af6334e3082ce8d9f065cdd7067f2664f3ef63426b5597055b27,ca4f0b86858a11607abd1c7ff4863214acb59c693318630e5515686ebe037048,LHS-02-003,lhs,2026071904,10000,a3cbb9994c84554bce2be8bab049b87402ec7ef764f76f2dda45f46bc0af12c4,student_t_df4,gaussian,0.3831595421,0.9406248586,0.2321100145,-121.4827546,-125.8047614,-107.1842513,0.8093399908,351.7877204,0.3866715235,0.01500878745,highs,optimal,0,366.3412776,-125.8047614,-179.2467112,True,True,True,solved,-0.2116491298,-0.2116481496,9.802515188e-07,0.2922265498,WITHIN_NAMED_FAMILY_ONLY; scalar tail dependence is not a cross-family order,CONDITIONAL_ON_CONVERGENCE_AUDIT,0.3866715235,0.5983196891,0.01500878745,False,0,0.3866715235,0.5589728767,DESCRIPTIVE_ONLY_NOT_WELFARE_OR_EXCLUSION,1,0,316.1105422,35.67717821,0.01500878745,0.4016803109,0,4.32200688,True,0,True,-154.7222682,-121.4827546,1.136868377e-12,False,False,True,True,True,False,False,2.842170943e-14,0,0,0,0,,,,0.001684206516,,-366.8339404,-0,-0,-7.598665156,-228.5894343,366.8339404,0,0,7.598665156,228.5894343,0.3866715235,0.6133284765,False,False,0,-0,0,-0,0.5983196891,0.4016803109,False,False,0,-0,0,-0,0.01500878745,0.9849912125,False,False,0,-0,0,-0
CRR-SIM-FREEZE-2026-07-19,4b5897f5d225af6334e3082ce8d9f065cdd7067f2664f3ef63426b5597055b27,ca4f0b86858a11607abd1c7ff4863214acb59c693318630e5515686ebe037048,LHS-02-003,lhs,2026071905,10000,f445fac78b657de51cefafa6f8328c3cd30fd6d32bb472093a53c356cad0d815,student_t_df4,gaussian,0.3831595421,0.9406248586,0.2321100145,-122.1608507,-126.5181327,-107.7456465,0.8093399908,351.7877204,0.3866715235,0.01500878745,highs,optimal,0,369.9527684,-126.5181327,-185.3955066,True,True,True,solved,-0.2116492806,-0.2116481497,1.130899111e-06,0.2922265498,WITHIN_NAMED_FAMILY_ONLY; scalar tail dependence is not a cross-family order,CONDITIONAL_ON_CONVERGENCE_AUDIT,0.3866715235,0.5983196891,0.01500878745,False,0,0.3866715235,0.5769328864,DESCRIPTIVE_ONLY_NOT_WELFARE_OR_EXCLUSION,1,0,316.1105422,35.67717821,0.01500878745,0.4016803109,0,4.357282031,True,0,True,-159.4446194,-122.1608507,1.222133506e-12,False,False,True,True,True,False,False,5.684341886e-14,0,0,0,0,,,,0.001684206516,,-370.8660455,-0,-0,-6.636278292,-231.8199875,370.8660455,0,0,6.636278292,231.8199875,0.3866715235,0.6133284765,False,False,0,-0,0,-0,0.5983196891,0.4016803109,False,False,0,-0,0,-0,0.01500878745,0.9849912125,False,False,0,-0,0,-0
CRR-SIM-FREEZE-2026-07-19,4b5897f5d225af6334e3082ce8d9f065cdd7067f2664f3ef63426b5597055b27,ca4f0b86858a11607abd1c7ff4863214acb59c693318630e5515686ebe037048,LHS-02-004,lhs,2026071901,10000,d3a48715ee501550735bde812931158f19f4c84c4c14bd18c0e709d18e009b7d,student_t_df4,student_t_df5,0.1176772091,0.9580076156,0.3647393122,-66.01708951,-100.5618897,-5.850957612,0.9452371486,410.856779,0.9455733161,0.01068747838,highs,optimal,0,371.2453011,-66.01708951,-158.9141757,False,False,False,solved,0.3486597059,0.3486609735,1.267627668e-06,0.1224864065,WITHIN_NAMED_FAMILY_ONLY; scalar tail dependence is not a cross-family order,CONDITIONAL_ON_CONVERGENCE_AUDIT,0.6689867476,0.3203257741,0.01068747838,False,0,0.6689867476,0.2133154915,DESCRIPTIVE_ONLY_NOT_WELFARE_OR_EXCLUSION,1,0,370.4474794,40.4092996,0.01068747838,0.3310132524,0.2765865685,-1.364242053e-12,False,0,True,-158.9141757,-66.01708951,-1.364242053e-12,False,True,True,False,True,False,False,1.193711796e-12,0,4.547473509e-13,2.807580282e-14,0.02351974983,1,0,0.002381384184,0.002381384184,0,-375.2884333,-0,-0.02351974983,-0,-233.0228571,375.2884333,0,0.02351974983,0,233.0228571,0.6689867476,0.3310132524,False,False,0,-0,0,-0,0.3203257741,0.6796742259,False,False,0,-0,0,-0,0.01068747838,0.9893125216,False,False,0,-0,0,-0
CRR-SIM-FREEZE-2026-07-19,4b5897f5d225af6334e3082ce8d9f065cdd7067f2664f3ef63426b5597055b27,ca4f0b86858a11607abd1c7ff4863214acb59c693318630e5515686ebe037048,LHS-02-004,lhs,2026071902,10000,e9e43b222f6308ef46bb8daaf6aea442c8f97dc7bc54ec15dafb1f74e010bf70,student_t_df4,student_t_df5,0.1176772091,0.9580076156,0.3647393122,-83.17397698,-114.9339214,-27.8581844,0.9452371486,410.856779,0.9455733161,0.01068747838,highs,optimal,0,372.6272735,-83.17397698,-160.7795524,False,False,False,solved,0.3777009359,0.3777021213,1.185463964e-06,0.1224864065,WITHIN_NAMED_FAMILY_ONLY; scalar tail dependence is not a cross-family order,CONDITIONAL_ON_CONVERGENCE_AUDIT,0.6835073215,0.3058052001,0.01068747838,False,0,0.6835073215,0.1945363797,DESCRIPTIVE_ONLY_NOT_WELFARE_OR_EXCLUSION,1,-1.33226763e-15,373.2223611,37.63441793,0.01068747838,0.3164926785,0.2620659946,-1.065814104e-12,False,0,True,-160.7795524,-83.17397698,-1.080024958e-12,False,True,True,False,True,False,False,1.335820343e-12,0,1.136868377e-12,5.027213032e-13,0.02656444748,1,0,0.002381384184,0.002381384184,0,-377.342579,-0,-0.02656444748,-0,-234.4645456,377.342579,0,0.02656444748,0,234.4645456,0.6835073215,0.3164926785,False,False,0,-0,0,-0,0.3058052001,0.6941947999,False,False,0,-0,0,-0,0.01068747838,0.9893125216,False,False,0,-0,0,-0
CRR-SIM-FREEZE-2026-07-19,4b5897f5d225af6334e3082ce8d9f065cdd7067f2664f3ef63426b5597055b27,ca4f0b86858a11607abd1c7ff4863214acb59c693318630e5515686ebe037048,LHS-02-004,lhs,2026071903,10000,bcf1ed7162ff353972723753b264cfeded1f035eeebae87fd10590247257e05f,student_t_df4,student_t_df5,0.1176772091,0.9580076156,0.3647393122,-75.73099276,-107.9495257,-19.6164839,0.9452371486,410.856779,0.9455733161,0.01068747838,highs,optimal,0,373.0515155,-75.73099276,-164.3609344,False,False,False,solved,0.3532316436,0.3532324676,8.240925702e-07,0.1224864065,WITHIN_NAMED_FAMILY_ONLY; scalar tail dependence is not a cross-family order,CONDITIONAL_ON_CONVERGENCE_AUDIT,0.6712724946,0.318040027,0.01068747838,False,0,0.6712724946,0.1829779427,DESCRIPTIVE_ONLY_NOT_WELFARE_OR_EXCLUSION,1,0,370.8842857,39.97249333,0.01068747838,0.3287275054,0.2743008214,-1.449507181e-12,False,0,True,-164.3609344,-75.73099276,-1.449507181e-12,False,True,True,False,True,False,False,1.364242053e-12,0,5.684341886e-13,5.362451903e-14,0.03930718814,1,0,0.002381384184,0.002381384184,0,-378.5285503,-0,-0.03930718814,-0,-233.943155,378.5285503,0,0.03930718814,0,233.943155,0.6712724946,0.3287275054,False,False,0,-0,0,-0,0.318040027,0.681959973,False,False,0,-0,0,-0,0.01068747838,0.9893125216,False,False,0,-0,0,-0
CRR-SIM-FREEZE-2026-07-19,4b5897f5d225af6334e3082ce8d9f065cdd7067f2664f3ef63426b5597055b27,ca4f0b86858a11607abd1c7ff4863214acb59c693318630e5515686ebe037048,LHS-02-004,lhs,2026071904,10000,a93f5e702ce8d3159015688750993b1c9342a7bc9a1b0b7fb38b6391ab77cb1c,student_t_df4,student_t_df5,0.1176772091,0.9580076156,0.3647393122,-68.81929792,-103.817553,-7.863390862,0.9452371486,410.856779,0.9455733161,0.01068747838,highs,optimal,0,369.900567,-68.81929792,-162.6567156,False,False,False,solved,0.3465290323,0.3465300368,1.004519003e-06,0.1224864065,WITHIN_NAMED_FAMILY_ONLY; scalar tail dependence is not a cross-family order,CONDITIONAL_ON_CONVERGENCE_AUDIT,0.6679212792,0.3213912424,0.01068747838,False,0,0.6679212792,0.2485835741,DESCRIPTIVE_ONLY_NOT_WELFARE_OR_EXCLUSION,1,0,370.2438684,40.6129106,0.01068747838,0.3320787208,0.2776520368,-1.278976924e-12,False,0,True,-162.6567156,-68.81929792,-1.278976924e-12,False,True,True,False,True,False,False,1.335820343e-12,0,3.97903932e-13,3.894106464e-14,0.02915142357,1,0,0.002381384184,0.002381384184,0,-374.3887221,-0,-0.02915142357,-0,-232.2320063,374.3887221,0,0.02915142357,0,232.2320063,0.6679212792,0.3320787208,False,False,0,-0,0,-0,0.3213912424,0.6786087576,False,False,0,-0,0,-0,0.01068747838,0.9893125216,False,False,0,-0,0,-0
CRR-SIM-FREEZE-2026-07-19,4b5897f5d225af6334e3082ce8d9f065cdd7067f2664f3ef63426b5597055b27,ca4f0b86858a11607abd1c7ff4863214acb59c693318630e5515686ebe037048,LHS-02-004,lhs,2026071905,10000,95a4889637ba6bb01696d77695e4aa7ee9ea4836caf60976d7dcf33e307ed199,student_t_df4,student_t_df5,0.1176772091,0.9580076156,0.3647393122,-69.12527918,-102.253092,-11.42709188,0.9452371486,410.856779,0.9455733161,0.01068747838,highs,optimal,0,370.7222327,-69.12527918,-160.1157653,False,False,False,solved,0.3476940894,0.347695902,1.812610854e-06,0.1224864065,WITHIN_NAMED_FAMILY_ONLY; scalar tail dependence is not a cross-family order,CONDITIONAL_ON_CONVERGENCE_AUDIT,0.6685042118,0.3208083098,0.01068747838,False,0,0.6685042118,0.2126828165,DESCRIPTIVE_ONLY_NOT_WELFARE_OR_EXCLUSION,1,6.661338148e-16,370.3552668,40.50151218,0.01068747838,0.3314957882,0.2770691042,-1.165290087e-12,False,0,True,-160.1157653,-69.12527918,-1.179500941e-12,False,True,True,False,True,False,False,1.307398634e-12,0,1.023181539e-12,2.494182394e-13,0.01765096355,1,0,0.002381384184,0.002381384184,0,-374.42663,-0,-0.01765096355,-0,-232.4467418,374.42663,0,0.01765096355,0,232.4467418,0.6685042118,0.3314957882,False,False,0,-0,0,-0,0.3208083098,0.6791916902,False,False,0,-0,0,-0,0.01068747838,0.9893125216,False,False,0,-0,0,-0
CRR-SIM-FREEZE-2026-07-19,4b5897f5d225af6334e3082ce8d9f065cdd7067f2664f3ef63426b5597055b27,ca4f0b86858a11607abd1c7ff4863214acb59c693318630e5515686ebe037048,LHS-02-005,lhs,2026071901,10000,51b830696429371ce68cd6d6257cdf0e719d0135f35ad0ee7925dc5f7af0ae77,student_t_df4,empirical_resample,0.5059239393,0.98439287,0.7406686478,-136.215132,-137.7875093,-135.6645933,0.7649172508,332.4789322,0.5090444295,0.1001515638,highs,optimal,0,349.8013155,-137.7875093,-143.007529,False,False,False,solved,0.1182392794,0.1182404378,1.158447622e-06,0.4026195945,WITHIN_NAMED_FAMILY_ONLY; scalar tail dependence is not a cross-family order,CONDITIONAL_ON_CONVERGENCE_AUDIT,0.5090444295,0.3908040067,0.1001515638,False,0,0.5090444295,0.681017275,DESCRIPTIVE_ONLY_NOT_WELFARE_OR_EXCLUSION,1,0,331.8808346,0.5980976295,0.1001515638,0.4909555705,0,1.572377318,True,0,True,-137.7512776,-136.215132,5.684341886e-14,False,False,True,True,True,False,False,2.842170943e-14,0,0,0,0,,,,0.006407327919,,-369.8810842,-0,-0,-6.118918519,-231.5946877,369.8810842,0,0,6.118918519,231.5946877,0.5090444295,0.4909555705,False,False,0,-0,0,-0,0.3908040067,0.6091959933,False,False,0,-0,0,-0,0.1001515638,0.8998484362,False,False,0,-0,0,-0
CRR-SIM-FREEZE-2026-07-19,4b5897f5d225af6334e3082ce8d9f065cdd7067f2664f3ef63426b5597055b27,ca4f0b86858a11607abd1c7ff4863214acb59c693318630e5515686ebe037048,LHS-02-005,lhs,2026071902,10000,e3c2aec442bf0758cef399d1a5870f918b74ce917bd3eb1279fc2ccf8207e78b,student_t_df4,empirical_resample,0.5059239393,0.98439287,0.7406686478,-136.6245882,-138.157067,-136.0880192,0.7649172508,332.4789322,0.5090444295,0.1001515638,highs,optimal,0,350.4686212,-138.157067,-143.5767334,False,False,False,solved,0.1182392352,0.1182404378,1.202623138e-06,0.4026195945,WITHIN_NAMED_FAMILY_ONLY; scalar tail dependence is not a cross-family order,CONDITIONAL_ON_CONVERGENCE_AUDIT,0.5090444295,0.3908040067,0.1001515638,False,0,0.5090444295,0.6759544981,DESCRIPTIVE_ONLY_NOT_WELFARE_OR_EXCLUSION,1,0,331.8808346,0.5980976295,0.1001515638,0.4909555705,0,1.532478814,True,0,True,-137.9022375,-136.6245882,0,False,False,True,True,True,False,False,2.842170943e-14,0,0,0,0,,,,0.006407327919,,-370.7232676,-0,-0,-5.902468442,-232.2406576,370.7232676,0,0,5.902468442,232.2406576,0.5090444295,0.4909555705,False,False,0,-0,0,-0,0.3908040067,0.6091959933,False,False,0,-0,0,-0,0.1001515638,0.8998484362,False,False,0,-0,0,-0
CRR-SIM-FREEZE-2026-07-19,4b5897f5d225af6334e3082ce8d9f065cdd7067f2664f3ef63426b5597055b27,ca4f0b86858a11607abd1c7ff4863214acb59c693318630e5515686ebe037048,LHS-02-005,lhs,2026071903,10000,2886eed8955c6e886c4619ea3540d2f2af79d2ac0201ecce76df2f488577a3d7,student_t_df4,empirical_resample,0.5059239393,0.98439287,0.7406686478,-136.7433182,-138.3354516,-136.1858623,0.7649172508,332.4789322,0.5090444295,0.1001515638,highs,optimal,0,351.0653796,-138.3354516,-143.2505586,False,False,False,solved,0.1182395019,0.1182404379,9.360473069e-07,0.4026195945,WITHIN_NAMED_FAMILY_ONLY; scalar tail dependence is not a cross-family order,CONDITIONAL_ON_CONVERGENCE_AUDIT,0.5090444295,0.3908040067,0.1001515638,False,0,0.5090444295,0.6654113655,DESCRIPTIVE_ONLY_NOT_WELFARE_OR_EXCLUSION,1,0,331.8808346,0.5980976295,0.1001515638,0.4909555705,0,1.592133413,True,0,True,-138.02427,-136.7433182,-5.684341886e-14,False,False,True,True,True,False,False,2.842170943e-14,0,0,0,0,,,,0.006407327919,,-370.3658358,-0,-0,-7.624560846,-231.4661455,370.3658358,0,0,7.624560846,231.4661455,0.5090444295,0.4909555705,False,False,0,-0,0,-0,0.3908040067,0.6091959933,False,False,0,-0,0,-0,0.1001515638,0.8998484362,False,False,0,-0,0,-0
CRR-SIM-FREEZE-2026-07-19,4b5897f5d225af6334e3082ce8d9f065cdd7067f2664f3ef63426b5597055b27,ca4f0b86858a11607abd1c7ff4863214acb59c693318630e5515686ebe037048,LHS-02-005,lhs,2026071904,10000,9392cf86a772ffb85557d6cc6a124b754b0c2ea976a0d505631803d143ac9a02,student_t_df4,empirical_resample,0.5059239393,0.98439287,0.7406686478,-136.852618,-138.4463694,-136.2945956,0.7649172508,332.4789322,0.5090444295,0.1001515638,highs,optimal,0,346.983052,-138.4463694,-143.165827,False,False,False,solved,0.1182394037,0.1182404379,1.034158491e-06,0.4026195945,WITHIN_NAMED_FAMILY_ONLY; scalar tail dependence is not a cross-family order,CONDITIONAL_ON_CONVERGENCE_AUDIT,0.5090444295,0.3908040067,0.1001515638,False,0,0.5090444295,0.679114731,DESCRIPTIVE_ONLY_NOT_WELFARE_OR_EXCLUSION,1,0,331.8808346,0.5980976295,0.1001515638,0.4909555705,0,1.593751388,True,0,True,-138.106766,-136.852618,-5.684341886e-14,False,False,True,True,True,False,False,5.684341886e-14,0,0,0,0,,,,0.006407327919,,-366.4921106,-0,-0,-6.810042722,-229.4090278,366.4921106,0,0,6.810042722,229.4090278,0.5090444295,0.4909555705,False,False,0,-0,0,-0,0.3908040067,0.6091959933,False,False,0,-0,0,-0,0.1001515638,0.8998484362,False,False,0,-0,0,-0
CRR-SIM-FREEZE-2026-07-19,4b5897f5d225af6334e3082ce8d9f065cdd7067f2664f3ef63426b5597055b27,ca4f0b86858a11607abd1c7ff4863214acb59c693318630e5515686ebe037048,LHS-02-005,lhs,2026071905,10000,b4305b8c444e2bf10c8d6c10eed323022e464b8cc1dca51d09e91e124a4e1089,student_t_df4,empirical_resample,0.5059239393,0.98439287,0.7406686478,-136.783587,-138.3294714,-136.2423243,0.7649172508,332.4789322,0.5090444295,0.1001515638,highs,optimal,0,350.0024586,-138.3294714,-144.0025801,False,False,False,solved,0.1182392999,0.1182404378,1.137924164e-06,0.4026195945,WITHIN_NAMED_FAMILY_ONLY; scalar tail dependence is not a cross-family order,CONDITIONAL_ON_CONVERGENCE_AUDIT,0.5090444295,0.3908040067,0.1001515638,False,0,0.5090444295,0.6856662092,DESCRIPTIVE_ONLY_NOT_WELFARE_OR_EXCLUSION,1,0,331.8808346,0.5980976295,0.1001515638,0.4909555705,0,1.545884392,True,0,True,-138.3751795,-136.783587,8.526512829e-14,False,False,True,True,True,False,False,2.842170943e-14,0,0,0,0,,,,0.006407327919,,-370.0712827,-0,-0,-6.234221787,-232.071463,370.0712827,0,0,6.234221787,232.071463,0.5090444295,0.4909555705,False,False,0,-0,0,-0,0.3908040067,0.6091959933,False,False,0,-0,0,-0,0.1001515638,0.8998484362,False,False,0,-0,0,-0
CRR-SIM-FREEZE-2026-07-19,4b5897f5d225af6334e3082ce8d9f065cdd7067f2664f3ef63426b5597055b27,ca4f0b86858a11607abd1c7ff4863214acb59c693318630e5515686ebe037048,LHS-02-006,lhs,2026071901,10000,63a0141f7c04d1751261ba0f1ba58e451b4929652fa4fcaac67edc9e83c450b1,student_t_df4,gaussian,0.2792217142,0.902973614,0.8050484058,-143.9065589,-153.8866059,-141.4897774,0.7231448468,314.3221391,0.6130463185,0.06733629049,highs,optimal,0,357.0144116,-153.8866059,-213.1311379,True,True,True,solved,-0.1290574186,-0.1290561714,1.247257186e-06,0.2145755054,WITHIN_NAMED_FAMILY_ONLY; scalar tail dependence is not a cross-family order,CONDITIONAL_ON_CONVERGENCE_AUDIT,0.4018037516,0.5308599579,0.06733629049,False,0,0.4018037516,0.4263903593,DESCRIPTIVE_ONLY_NOT_WELFARE_OR_EXCLUSION,1,0,314.3221391,0,0.06733629049,0.4691400421,0.2112425669,9.980047008,False,0,True,-172.8643149,-143.9065589,-4.746425475e-12,True,False,True,False,True,False,False,4.689582056e-12,0,2.842170943e-14,0,0,,,,0.001030647478,,-362.6544389,-0.03082039529,-0,-0,-227.6270318,362.6544389,0.03082039529,0,0,227.6270318,0.4018037516,0.5981962484,False,False,0,-0,0,-0,0.5308599579,0.4691400421,False,False,0,-0,0,-0,0.06733629049,0.9326637095,False,False,0,-0,0,-0
CRR-SIM-FREEZE-2026-07-19,4b5897f5d225af6334e3082ce8d9f065cdd7067f2664f3ef63426b5597055b27,ca4f0b86858a11607abd1c7ff4863214acb59c693318630e5515686ebe037048,LHS-02-006,lhs,2026071902,10000,df8770a1c734f97b614f8ad2d0b9d7fb8776126d386f9b07196a5321d0fcc092,student_t_df4,gaussian,0.2792217142,0.902973614,0.8050484058,-149.0645048,-158.9188587,-146.6781614,0.7231448468,314.3221391,0.6130463185,0.06733629049,highs,optimal,0,357.8167853,-158.9188587,-214.4457103,True,True,True,solved,-0.129057368,-0.1290561713,1.196686479e-06,0.2145755054,WITHIN_NAMED_FAMILY_ONLY; scalar tail dependence is not a cross-family order,CONDITIONAL_ON_CONVERGENCE_AUDIT,0.4018037516,0.5308599579,0.06733629049,False,0,0.4018037516,0.4263738364,DESCRIPTIVE_ONLY_NOT_WELFARE_OR_EXCLUSION,1,0,314.3221391,0,0.06733629049,0.4691400421,0.2112425669,9.854353867,False,0,True,-176.3190435,-149.0645048,-4.860112313e-12,True,False,True,False,True,False,False,4.774847184e-12,0,0,0,0,,,,0.001030647478,,-363.0349665,-0.0322354458,-0,-0,-227.9676437,363.0349665,0.0322354458,0,0,227.9676437,0.4018037516,0.5981962484,False,False,0,-0,0,-0,0.5308599579,0.4691400421,False,False,0,-0,0,-0,0.06733629049,0.9326637095,False,False,0,-0,0,-0
CRR-SIM-FREEZE-2026-07-19,4b5897f5d225af6334e3082ce8d9f065cdd7067f2664f3ef63426b5597055b27,ca4f0b86858a11607abd1c7ff4863214acb59c693318630e5515686ebe037048,LHS-02-006,lhs,2026071903,10000,309967ee37b0a0061c96f3263a08a7750a3e567abd7c7d51f2daf7174732eadc,student_t_df4,gaussian,0.2792217142,0.902973614,0.8050484058,-147.2956463,-157.4300246,-144.8414918,0.7231448468,314.3221391,0.6130463185,0.06733629049,highs,optimal,0,358.1548727,-157.4300246,-215.635138,True,True,True,solved,-0.1290570007,-0.1290561708,8.298259609e-07,0.2145755054,WITHIN_NAMED_FAMILY_ONLY; scalar tail dependence is not a cross-family order,CONDITIONAL_ON_CONVERGENCE_AUDIT,0.4018037516,0.5308599579,0.06733629049,False,0,0.4018037516,0.4130195162,DESCRIPTIVE_ONLY_NOT_WELFARE_OR_EXCLUSION,1,0,314.3221391,0,0.06733629049,0.4691400421,0.2112425669,10.13437822,False,0,True,-175.6807265,-147.2956463,-4.519051799e-12,True,False,True,False,True,False,False,4.433786671e-12,0,0,0,0,,,,0.001030647478,,-358.5030033,-0.04718644752,-0,-0,-225.4337971,358.5030033,0.04718644752,0,0,225.4337971,0.4018037516,0.5981962484,False,False,0,-0,0,-0,0.5308599579,0.4691400421,False,False,0,-0,0,-0,0.06733629049,0.9326637095,False,False,0,-0,0,-0
CRR-SIM-FREEZE-2026-07-19,4b5897f5d225af6334e3082ce8d9f065cdd7067f2664f3ef63426b5597055b27,ca4f0b86858a11607abd1c7ff4863214acb59c693318630e5515686ebe037048,LHS-02-006,lhs,2026071904,10000,f8de67eca1ca14a0cf0d9bd02fa2e903868008f8e2f0a6278b70d61a50836928,student_t_df4,gaussian,0.2792217142,0.902973614,0.8050484058,-145.0572265,-154.3881308,-142.7976422,0.7231448468,314.3221391,0.6130463185,0.06733629049,highs,optimal,0,354.407183,-154.3881308,-213.3725669,True,True,True,solved,-0.1290571925,-0.1290561711,1.021378617e-06,0.2145755054,WITHIN_NAMED_FAMILY_ONLY; scalar tail dependence is not a cross-family order,CONDITIONAL_ON_CONVERGENCE_AUDIT,0.4018037516,0.5308599579,0.06733629049,False,0,0.4018037516,0.4235509653,DESCRIPTIVE_ONLY_NOT_WELFARE_OR_EXCLUSION,1,0,314.3221391,0,0.06733629049,0.4691400421,0.2112425669,9.330904355,False,0,True,-174.4696232,-145.0572265,-4.433786671e-12,True,False,True,False,True,False,False,4.121147867e-12,0,2.842170943e-14,0,0,,,,0.001030647478,,-357.730203,-0.03760961698,-0,-0,-224.9092606,357.730203,0.03760961698,0,0,224.9092606,0.4018037516,0.5981962484,False,False,0,-0,0,-0,0.5308599579,0.4691400421,False,False,0,-0,0,-0,0.06733629049,0.9326637095,False,False,0,-0,0,-0
CRR-SIM-FREEZE-2026-07-19,4b5897f5d225af6334e3082ce8d9f065cdd7067f2664f3ef63426b5597055b27,ca4f0b86858a11607abd1c7ff4863214acb59c693318630e5515686ebe037048,LHS-02-006,lhs,2026071905,10000,fb185181d34d392053a630be79c2f6ed1ed173e2c6c62ddb60db474cd1f1258c,student_t_df4,gaussian,0.2792217142,0.902973614,0.8050484058,-146.0564776,-156.4543496,-143.538515,0.7231448468,314.3221391,0.6130463185,0.06733629049,highs,optimal,0,356.8131789,-156.4543496,-215.9381156,True,True,True,solved,-0.129057716,-0.1290561716,1.54444424e-06,0.2145755054,WITHIN_NAMED_FAMILY_ONLY; scalar tail dependence is not a cross-family order,CONDITIONAL_ON_CONVERGENCE_AUDIT,0.4018037516,0.5308599579,0.06733629049,False,0,0.4018037516,0.4382768953,DESCRIPTIVE_ONLY_NOT_WELFARE_OR_EXCLUSION,1,0,314.3221391,0,0.06733629049,0.4691400421,0.2112425669,10.39787206,False,0,True,-175.7887703,-146.0564776,-4.575895218e-12,True,False,True,False,True,False,False,4.320099833e-12,0,2.842170943e-14,0,0,,,,0.001030647478,,-364.4010542,-0.02473554963,-0,-0,-228.1504679,364.4010542,0.02473554963,0,0,228.1504679,0.4018037516,0.5981962484,False,False,0,-0,0,-0,0.5308599579,0.4691400421,False,False,0,-0,0,-0,0.06733629049,0.9326637095,False,False,0,-0,0,-0
CRR-SIM-FREEZE-2026-07-19,4b5897f5d225af6334e3082ce8d9f065cdd7067f2664f3ef63426b5597055b27,ca4f0b86858a11607abd1c7ff4863214acb59c693318630e5515686ebe037048,LHS-02-007,lhs,2026071901,10000,5ec42bb64cb8a4ead4ce32d3e1f72cb8605ef1b5f3710af146d54d914827a342,student_t_df4,student_t_df5,0.4512037971,0.9520457676,0.4506585683,-41.86810754,-64.34970806,-14.46360337,0.9550104721,415.1048518,0.7574762892,0.138536284,highs,optimal,0,342.3568094,-41.86810754,-139.8849341,False,False,False,solved,0.3346774893,0.3346784444,9.55063068e-07,0.3509678575,WITHIN_NAMED_FAMILY_ONLY; scalar tail dependence is not a cross-family order,CONDITIONAL_ON_CONVERGENCE_AUDIT,0.5980710802,0.2633926358,0.138536284,False,0,0.5980710802,0.665859132,DESCRIPTIVE_ONLY_NOT_WELFARE_OR_EXCLUSION,1,0,345.4606982,69.64415364,0.138536284,0.4019289198,0.159405209,-8.526512829e-13,False,0,True,-139.8849341,-41.86810754,-8.526512829e-13,False,True,True,False,True,False,False,8.313350008e-13,0,2.842170943e-13,3.798912863e-14,0.04569653459,1,0,0.002085321671,0.002085321671,0,-376.9840835,-0,-0.04569653459,-0,-236.1406394,376.9840835,0,0.04569653459,0,236.1406394,0.5980710802,0.4019289198,False,False,0,-0,0,-0,0.2633926358,0.7366073642,False,False,0,-0,0,-0,0.138536284,0.861463716,False,False,0,-0,0,-0
CRR-SIM-FREEZE-2026-07-19,4b5897f5d225af6334e3082ce8d9f065cdd7067f2664f3ef63426b5597055b27,ca4f0b86858a11607abd1c7ff4863214acb59c693318630e5515686ebe037048,LHS-02-007,lhs,2026071902,10000,6db6d4e2810c7d05c2c16c43f79ce9160f3e38807b80a3476f9bd446528331ac,student_t_df4,student_t_df5,0.4512037971,0.9520457676,0.4506585683,-51.87521582,-73.7941528,-25.15658433,0.9550104721,415.1048518,0.7574762892,0.138536284,highs,optimal,0,343.3806169,-51.87521582,-139.4735704,False,False,False,solved,0.3351051708,0.3351061223,9.515392637e-07,0.3509678575,WITHIN_NAMED_FAMILY_ONLY; scalar tail dependence is not a cross-family order,CONDITIONAL_ON_CONVERGENCE_AUDIT,0.5982849191,0.2631787968,0.138536284,False,0,0.5982849191,0.6569937679,DESCRIPTIVE_ONLY_NOT_WELFARE_OR_EXCLUSION,1,-2.220446049e-16,345.5015628,69.60328901,0.138536284,0.4017150809,0.1591913701,-8.952838471e-13,False,0,True,-139.4735704,-51.87521582,-8.952838471e-13,False,True,True,False,True,False,False,9.73443548e-13,0,6.821210263e-13,8.406249556e-14,0.0468551346,1,0,0.002085321671,0.002085321671,0,-378.5838237,-0,-0.0468551346,-0,-236.5631993,378.5838237,0,0.0468551346,0,236.5631993,0.5982849191,0.4017150809,False,False,0,-0,0,-0,0.2631787968,0.7368212032,False,False,0,-0,0,-0,0.138536284,0.861463716,False,False,0,-0,0,-0
CRR-SIM-FREEZE-2026-07-19,4b5897f5d225af6334e3082ce8d9f065cdd7067f2664f3ef63426b5597055b27,ca4f0b86858a11607abd1c7ff4863214acb59c693318630e5515686ebe037048,LHS-02-007,lhs,2026071903,10000,2c381de5636d4ecd5347e9cfe6c6b3d5a679d7dde573313f95406701fba37cd8,student_t_df4,student_t_df5,0.4512037971,0.9520457676,0.4506585683,-51.11585344,-72.41938591,-25.1473845,0.9550104721,415.1048518,0.7574762892,0.138536284,highs,optimal,0,343.8213592,-51.11585344,-141.5362222,False,False,False,solved,0.3340589304,0.334059686,7.556250152e-07,0.3509678575,WITHIN_NAMED_FAMILY_ONLY; scalar tail dependence is not a cross-family order,CONDITIONAL_ON_CONVERGENCE_AUDIT,0.597761701,0.263702015,0.138536284,False,0,0.597761701,0.64580051,DESCRIPTIVE_ONLY_NOT_WELFARE_OR_EXCLUSION,1,0,345.4015758,69.703276,0.138536284,0.402238299,0.1597145882,-8.881784197e-13,False,0,True,-141.5362222,-51.11585344,-9.023892744e-13,False,True,True,False,True,False,False,9.805489753e-13,0,4.547473509e-13,5.863769527e-14,0.05980088373,1,0,0.002085321671,0.002085321671,0,-379.7688766,-0,-0.05980088373,-0,-237.4160994,379.7688766,0,0.05980088373,0,237.4160994,0.597761701,0.402238299,False,False,0,-0,0,-0,0.263702015,0.736297985,False,False,0,-0,0,-0,0.138536284,0.861463716,False,False,0,-0,0,-0
CRR-SIM-FREEZE-2026-07-19,4b5897f5d225af6334e3082ce8d9f065cdd7067f2664f3ef63426b5597055b27,ca4f0b86858a11607abd1c7ff4863214acb59c693318630e5515686ebe037048,LHS-02-007,lhs,2026071904,10000,7c41c558cf3d23480e7d7f2a41de618ef8b5bad58b8215ef6d8f9ab617e63cd5,student_t_df4,student_t_df5,0.4512037971,0.9520457676,0.4506585683,-53.36398638,-75.15122393,-26.80589315,0.9550104721,415.1048518,0.7574762892,0.138536284,highs,optimal,0,340.0084383,-53.36398638,-136.1202234,False,False,False,solved,0.3403225974,0.3403235302,9.327784476e-07,0.3509678575,WITHIN_NAMED_FAMILY_ONLY; scalar tail dependence is not a cross-family order,CONDITIONAL_ON_CONVERGENCE_AUDIT,0.6008936231,0.2605700929,0.138536284,False,0,0.6008936231,0.6736814139,DESCRIPTIVE_ONLY_NOT_WELFARE_OR_EXCLUSION,1,0,346.0000861,69.10476569,0.138536284,0.3991063769,0.1565826661,-8.242295735e-13,False,0,True,-136.1202234,-53.36398638,-8.242295735e-13,False,True,True,False,True,False,False,7.460698725e-13,0,9.663381206e-13,3.515578081e-14,0.04712129803,1,0,0.002085321671,0.002085321671,0,-375.0492023,-0,-0.04712129803,-0,-234.7845833,375.0492023,0,0.04712129803,0,234.7845833,0.6008936231,0.3991063769,False,False,0,-0,0,-0,0.2605700929,0.7394299071,False,False,0,-0,0,-0,0.138536284,0.861463716,False,False,0,-0,0,-0
CRR-SIM-FREEZE-2026-07-19,4b5897f5d225af6334e3082ce8d9f065cdd7067f2664f3ef63426b5597055b27,ca4f0b86858a11607abd1c7ff4863214acb59c693318630e5515686ebe037048,LHS-02-007,lhs,2026071905,10000,fede10671e40668e64f7720261df0223db726a9e64f2ff5a22bf5f6c0d2019c9,student_t_df4,student_t_df5,0.4512037971,0.9520457676,0.4506585683,-49.68791601,-71.68788537,-22.87050807,0.9550104721,415.1048518,0.7574762892,0.138536284,highs,optimal,0,342.8167252,-49.68791601,-139.2504121,False,False,False,solved,0.3351888371,0.3351898556,1.018488139e-06,0.3509678575,WITHIN_NAMED_FAMILY_ONLY; scalar tail dependence is not a cross-family order,CONDITIONAL_ON_CONVERGENCE_AUDIT,0.5983267858,0.2631369302,0.138536284,False,0,0.5983267858,0.6686950602,DESCRIPTIVE_ONLY_NOT_WELFARE_OR_EXCLUSION,1,1.110223025e-16,345.5095635,69.59528829,0.138536284,0.4016732142,0.1591495034,-8.384404282e-13,False,0,True,-139.2504121,-49.68791601,-8.242295735e-13,False,True,True,False,True,False,False,8.668621376e-13,0,5.115907697e-13,4.194155554e-14,0.04290264388,1,0,0.002085321671,0.002085321671,0,-377.7759478,-0,-0.04290264388,-0,-236.9594358,377.7759478,0,0.04290264388,0,236.9594358,0.5983267858,0.4016732142,False,False,0,-0,0,-0,0.2631369302,0.7368630698,False,False,0,-0,0,-0,0.138536284,0.861463716,False,False,0,-0,0,-0
CRR-SIM-FREEZE-2026-07-19,4b5897f5d225af6334e3082ce8d9f065cdd7067f2664f3ef63426b5597055b27,ca4f0b86858a11607abd1c7ff4863214acb59c693318630e5515686ebe037048,LHS-02-008,lhs,2026071901,10000,9d9cc39b07cf6ee74f62a92ea44dad699424fd79d6f2e45732b837c505533d1c,student_t_df4,empirical_resample,0.0343382567,0.9172742204,0.8804440738,-190.8470154,-202.6875983,-189.2391769,0.8419689622,365.9702291,0.4275160786,0.02734432212,highs,optimal,0,365.8623741,-202.6875983,-237.4160016,True,True,True,solved,-0.1176250018,-0.1176235049,1.496866013e-06,0.08766123172,WITHIN_NAMED_FAMILY_ONLY; scalar tail dependence is not a cross-family order,CONDITIONAL_ON_CONVERGENCE_AUDIT,0.4275160786,0.5451395993,0.02734432212,True,0,0.4275160786,0.06197669263,DESCRIPTIVE_ONLY_NOT_WELFARE_OR_EXCLUSION,1,0,322.8126464,43.15758265,0.02734432212,0.4548604007,0,11.84058291,True,0,True,-200.8264762,-190.8470154,-1.421085472e-13,False,False,True,True,True,False,False,2.557953849e-13,0,0,0,0,,,,0.001208813027,,-370.0863011,-0,-0,-4.940492253,-231.7141701,370.0863011,0,0,4.940492253,231.7141701,0.4275160786,0.5724839214,False,False,0,-0,0,-0,0.5451395993,0.4548604007,False,False,0,-0,0,-0,0.02734432212,0.9726556779,False,False,0,-0,0,-0
CRR-SIM-FREEZE-2026-07-19,4b5897f5d225af6334e3082ce8d9f065cdd7067f2664f3ef63426b5597055b27,ca4f0b86858a11607abd1c7ff4863214acb59c693318630e5515686ebe037048,LHS-02-008,lhs,2026071902,10000,ffe80ff7ac5e3abca8f9b2b84219c287e80c7bc1785af0344ad2a8e0723711c8,student_t_df4,empirical_resample,0.0343382567,0.9172742204,0.8804440738,-191.8469532,-203.4095012,-190.2768692,0.8419689622,365.9702291,0.4275160786,0.02734432212,highs,optimal,0,366.0616406,-203.4095012,-239.3109847,True,True,True,solved,-0.1176251394,-0.1176235049,1.634431087e-06,0.08766123172,WITHIN_NAMED_FAMILY_ONLY; scalar tail dependence is not a cross-family order,CONDITIONAL_ON_CONVERGENCE_AUDIT,0.4275160786,0.5451395993,0.02734432212,True,0,0.4275160786,0.06636721986,DESCRIPTIVE_ONLY_NOT_WELFARE_OR_EXCLUSION,1,0,322.8126464,43.15758265,0.02734432212,0.4548604007,0,11.56254806,True,0,True,-202.3715458,-191.8469532,-1.136868377e-13,False,False,True,True,True,False,False,2.273736754e-13,0,0,0,0,,,,0.001208813027,,-370.4669649,-0,-0,-4.523075427,-231.8218644,370.4669649,0,0,4.523075427,231.8218644,0.4275160786,0.5724839214,False,False,0,-0,0,-0,0.5451395993,0.4548604007,False,False,0,-0,0,-0,0.02734432212,0.9726556779,False,False,0,-0,0,-0
CRR-SIM-FREEZE-2026-07-19,4b5897f5d225af6334e3082ce8d9f065cdd7067f2664f3ef63426b5597055b27,ca4f0b86858a11607abd1c7ff4863214acb59c693318630e5515686ebe037048,LHS-02-008,lhs,2026071903,10000,0d4163e04f8c768123b5b9a4d6b18f2d4b1476bfe1f989a4e2b37307056ffedc,student_t_df4,empirical_resample,0.0343382567,0.9172742204,0.8804440738,-191.3362033,-203.2631886,-189.7166322,0.8419689622,365.9702291,0.4275160786,0.02734432212,highs,optimal,0,366.1498951,-203.2631886,-238.7925223,True,True,True,solved,-0.117624445,-0.1176235048,9.401737877e-07,0.08766123172,WITHIN_NAMED_FAMILY_ONLY; scalar tail dependence is not a cross-family order,CONDITIONAL_ON_CONVERGENCE_AUDIT,0.4275160786,0.5451395993,0.02734432212,True,0,0.4275160786,0.05219241365,DESCRIPTIVE_ONLY_NOT_WELFARE_OR_EXCLUSION,1,0,322.8126464,43.15758265,0.02734432212,0.4548604007,0,11.92698533,True,0,True,-201.8662113,-191.3362033,0,False,False,True,True,True,False,False,2.842170943e-14,0,0,0,0,,,,0.001208813027,,-369.0554649,-0,-0,-7.923064164,-230.1321314,369.0554649,0,0,7.923064164,230.1321314,0.4275160786,0.5724839214,False,False,0,-0,0,-0,0.5451395993,0.4548604007,False,False,0,-0,0,-0,0.02734432212,0.9726556779,False,False,0,-0,0,-0
CRR-SIM-FREEZE-2026-07-19,4b5897f5d225af6334e3082ce8d9f065cdd7067f2664f3ef63426b5597055b27,ca4f0b86858a11607abd1c7ff4863214acb59c693318630e5515686ebe037048,LHS-02-008,lhs,2026071904,10000,3333d58b679afa77eac0dcf66b0fa8d254f06bce9a5bc0671ce982fcd8149762,student_t_df4,empirical_resample,0.0343382567,0.9172742204,0.8804440738,-189.5130826,-201.2237826,-187.922881,0.8419689622,365.9702291,0.4275160786,0.02734432212,highs,optimal,0,363.4589035,-201.2237826,-237.6369182,True,True,True,solved,-0.1176246522,-0.1176235049,1.147292122e-06,0.08766123172,WITHIN_NAMED_FAMILY_ONLY; scalar tail dependence is not a cross-family order,CONDITIONAL_ON_CONVERGENCE_AUDIT,0.4275160786,0.5451395993,0.02734432212,True,0,0.4275160786,0.07096314114,DESCRIPTIVE_ONLY_NOT_WELFARE_OR_EXCLUSION,1,0,322.8126464,43.15758265,0.02734432212,0.4548604007,0,11.71069996,True,0,True,-199.6632667,-189.5130826,5.684341886e-14,False,False,True,True,True,False,False,2.842170943e-14,0,0,0,0,,,,0.001208813027,,-366.9873041,-0,-0,-6.42463473,-229.4822012,366.9873041,0,0,6.42463473,229.4822012,0.4275160786,0.5724839214,False,False,0,-0,0,-0,0.5451395993,0.4548604007,False,False,0,-0,0,-0,0.02734432212,0.9726556779,False,False,0,-0,0,-0
CRR-SIM-FREEZE-2026-07-19,4b5897f5d225af6334e3082ce8d9f065cdd7067f2664f3ef63426b5597055b27,ca4f0b86858a11607abd1c7ff4863214acb59c693318630e5515686ebe037048,LHS-02-008,lhs,2026071905,10000,ac50c210d37999c6e43296341af5ba0b1cf5bb9ee75dd013600e2866cf71ee8a,student_t_df4,empirical_resample,0.0343382567,0.9172742204,0.8804440738,-190.365162,-202.5180488,-188.7149156,0.8419689622,365.9702291,0.4275160786,0.02734432212,highs,optimal,0,365.1624637,-202.5180488,-239.3920458,True,True,True,solved,-0.1176257384,-0.1176235049,2.233449652e-06,0.08766123172,WITHIN_NAMED_FAMILY_ONLY; scalar tail dependence is not a cross-family order,CONDITIONAL_ON_CONVERGENCE_AUDIT,0.4275160786,0.5451395993,0.02734432212,True,0,0.4275160786,0.07509558281,DESCRIPTIVE_ONLY_NOT_WELFARE_OR_EXCLUSION,1,0,322.8126464,43.15758265,0.02734432212,0.4548604007,0,12.15288678,True,0,True,-201.1470344,-190.365162,-2.842170943e-14,False,False,True,True,True,False,False,2.842170943e-14,0,0,0,0,,,,0.001208813027,,-370.0812815,-0,-0,-3.29321245,-231.3723125,370.0812815,0,0,3.29321245,231.3723125,0.4275160786,0.5724839214,False,False,0,-0,0,-0,0.5451395993,0.4548604007,False,False,0,-0,0,-0,0.02734432212,0.9726556779,False,False,0,-0,0,-0
CRR-SIM-FREEZE-2026-07-19,4b5897f5d225af6334e3082ce8d9f065cdd7067f2664f3ef63426b5597055b27,ca4f0b86858a11607abd1c7ff4863214acb59c693318630e5515686ebe037048,LHS-02-009,lhs,2026071901,10000,47af04fd5e96201e45018fd80453878785d9cf03765004df05c9266820ff3e0b,student_t_df4,gaussian,0.1939296389,0.9225766175,0.4168054786,-132.5252607,-141.9153074,-119.3867007,1.029774043,447.6015856,0.6588751465,0.07762306097,highs,optimal,0,356.4272199,-132.5252607,-191.1557919,False,False,False,solved,0.2354031989,0.2354042247,1.025777905e-06,0.1617328518,WITHIN_NAMED_FAMILY_ONLY; scalar tail dependence is not a cross-family order,CONDITIONAL_ON_CONVERGENCE_AUDIT,0.5788905819,0.3434863572,0.07762306097,False,0,0.5788905819,0.3084061605,DESCRIPTIVE_ONLY_NOT_WELFARE_OR_EXCLUSION,1,0,347.2433836,100.358202,0.07762306097,0.4211094181,0.07998456464,-3.49587026e-12,False,0,True,-191.1557919,-132.5252607,-3.49587026e-12,False,True,True,False,True,False,False,3.069544618e-12,0,8.526512829e-13,1.421231509e-13,0.04630105391,1,0,0.001291599472,0.001291599472,0,-380.9944128,-0,-0.04630105391,-0,-237.4440453,380.9944128,0,0.04630105391,0,237.4440453,0.5788905819,0.4211094181,False,False,0,-0,0,-0,0.3434863572,0.6565136428,False,False,0,-0,0,-0,0.07762306097,0.922376939,False,False,0,-0,0,-0
CRR-SIM-FREEZE-2026-07-19,4b5897f5d225af6334e3082ce8d9f065cdd7067f2664f3ef63426b5597055b27,ca4f0b86858a11607abd1c7ff4863214acb59c693318630e5515686ebe037048,LHS-02-009,lhs,2026071902,10000,41a501db8c04e51857c52a585c6d5d084e5173c72fd4270133cc791066a2d8cd,student_t_df4,gaussian,0.1939296389,0.9225766175,0.4168054786,-132.7925059,-141.6902446,-120.3427836,1.029774043,447.6015856,0.6588751465,0.07762306097,highs,optimal,0,357.0445248,-132.7925059,-192.3691964,False,False,False,solved,0.2341401931,0.2341412339,1.040889143e-06,0.1617328518,WITHIN_NAMED_FAMILY_ONLY; scalar tail dependence is not a cross-family order,CONDITIONAL_ON_CONVERGENCE_AUDIT,0.5782590865,0.3441178525,0.07762306097,False,0,0.5782590865,0.3061372003,DESCRIPTIVE_ONLY_NOT_WELFARE_OR_EXCLUSION,1,-2.220446049e-16,347.1227049,100.4788807,0.07762306097,0.4217409135,0.08061606001,-3.865352483e-12,False,0,True,-192.3691964,-132.7925059,-3.865352483e-12,False,True,True,False,True,False,False,3.808509064e-12,0,6.821210263e-13,1.881775892e-13,0.04940977848,1,0,0.001291599472,0.001291599472,2.168404345e-19,-382.0447637,-0,-0.04940977848,-0,-237.5452654,382.0447637,0,0.04940977848,0,237.5452654,0.5782590865,0.4217409135,False,False,0,-0,0,-0,0.3441178525,0.6558821475,False,False,0,-0,0,-0,0.07762306097,0.922376939,False,False,0,-0,0,-0
CRR-SIM-FREEZE-2026-07-19,4b5897f5d225af6334e3082ce8d9f065cdd7067f2664f3ef63426b5597055b27,ca4f0b86858a11607abd1c7ff4863214acb59c693318630e5515686ebe037048,LHS-02-009,lhs,2026071903,10000,a35a44345d655defff40c87e081658b776b672b573afc465fcffe267bc6ab9b3,student_t_df4,gaussian,0.1939296389,0.9225766175,0.4168054786,-136.0693389,-144.8865291,-123.7323201,1.029774043,447.6015856,0.6588751465,0.07762306097,highs,optimal,0,357.6892428,-136.0693389,-194.9459723,False,False,False,solved,0.2391674644,0.2391682045,7.400751553e-07,0.1617328518,WITHIN_NAMED_FAMILY_ONLY; scalar tail dependence is not a cross-family order,CONDITIONAL_ON_CONVERGENCE_AUDIT,0.5807725718,0.3416043673,0.07762306097,False,0,0.5807725718,0.2909809319,DESCRIPTIVE_ONLY_NOT_WELFARE_OR_EXCLUSION,1,-2.220446049e-16,347.6030319,99.99855368,0.07762306097,0.4192274282,0.07810257473,-3.637978807e-12,False,0,True,-194.9459723,-136.0693389,-3.637978807e-12,False,True,True,False,True,False,False,3.552713679e-12,0,3.410605132e-13,2.398161582e-13,0.06750224755,1,0,0.001291599472,0.001291599472,0,-385.4474364,-0,-0.06750224755,-0,-239.27435,385.4474364,0,0.06750224755,0,239.27435,0.5807725718,0.4192274282,False,False,0,-0,0,-0,0.3416043673,0.6583956327,False,False,0,-0,0,-0,0.07762306097,0.922376939,False,False,0,-0,0,-0
CRR-SIM-FREEZE-2026-07-19,4b5897f5d225af6334e3082ce8d9f065cdd7067f2664f3ef63426b5597055b27,ca4f0b86858a11607abd1c7ff4863214acb59c693318630e5515686ebe037048,LHS-02-009,lhs,2026071904,10000,3dc52b08b8875a9ddd38867a5f3c27d80b4815fcc9dd150ed987bb9b55814450,student_t_df4,gaussian,0.1939296389,0.9225766175,0.4168054786,-133.0093085,-142.0802087,-120.3172984,1.029774043,447.6015856,0.6588751465,0.07762306097,highs,optimal,0,353.8139873,-133.0093085,-189.6895304,False,False,False,solved,0.2368566506,0.2368575529,9.023405853e-07,0.1617328518,WITHIN_NAMED_FAMILY_ONLY; scalar tail dependence is not a cross-family order,CONDITIONAL_ON_CONVERGENCE_AUDIT,0.579617246,0.342759693,0.07762306097,False,0,0.579617246,0.2945931347,DESCRIPTIVE_ONLY_NOT_WELFARE_OR_EXCLUSION,1,0,347.3822491,100.2193364,0.07762306097,0.420382754,0.07925790051,-3.211653166e-12,False,0,True,-189.6895304,-133.0093085,-3.211653166e-12,False,True,True,False,True,False,False,3.041122909e-12,0,7.958078641e-13,1.626120839e-13,0.05347106604,1,0,0.001291599472,0.001291599472,0,-379.2302238,-0,-0.05347106604,-0,-235.8073327,379.2302238,0,0.05347106604,0,235.8073327,0.579617246,0.420382754,False,False,0,-0,0,-0,0.342759693,0.657240307,False,False,0,-0,0,-0,0.07762306097,0.922376939,False,False,0,-0,0,-0
CRR-SIM-FREEZE-2026-07-19,4b5897f5d225af6334e3082ce8d9f065cdd7067f2664f3ef63426b5597055b27,ca4f0b86858a11607abd1c7ff4863214acb59c693318630e5515686ebe037048,LHS-02-009,lhs,2026071905,10000,7d7be799c3a9eb685eb73674c13c0cab42267a7ffa4328f57e97aff16a165f85,student_t_df4,gaussian,0.1939296389,0.9225766175,0.4168054786,-133.8330909,-143.1416313,-120.8085746,1.029774043,447.6015856,0.6588751465,0.07762306097,highs,optimal,0,356.7349114,-133.8330909,-192.4747831,False,False,False,solved,0.2356165091,0.235617621,1.111895374e-06,0.1617328518,WITHIN_NAMED_FAMILY_ONLY; scalar tail dependence is not a cross-family order,CONDITIONAL_ON_CONVERGENCE_AUDIT,0.57899728,0.343379659,0.07762306097,False,0,0.57899728,0.3214814565,DESCRIPTIVE_ONLY_NOT_WELFARE_OR_EXCLUSION,1,0,347.2637736,100.3378119,0.07762306097,0.42100272,0.07987786649,-3.552713679e-12,False,0,True,-192.4747831,-133.8330909,-3.552713679e-12,False,True,True,False,True,False,False,3.467448551e-12,0,9.663381206e-13,1.490912466e-13,0.04299739257,1,0,0.001291599472,0.001291599472,0,-380.9828852,-0,-0.04299739257,-0,-238.2474954,380.9828852,0,0.04299739257,0,238.2474954,0.57899728,0.42100272,False,False,0,-0,0,-0,0.343379659,0.656620341,False,False,0,-0,0,-0,0.07762306097,0.922376939,False,False,0,-0,0,-0
CRR-SIM-FREEZE-2026-07-19,4b5897f5d225af6334e3082ce8d9f065cdd7067f2664f3ef63426b5597055b27,ca4f0b86858a11607abd1c7ff4863214acb59c693318630e5515686ebe037048,LHS-02-010,lhs,2026071901,10000,5da70bc26d7e6520fcf683263fa957099830c23985351c100163554b694c2d5b,student_t_df4,student_t_df5,0.09360136271,0.9693117699,0.5381968515,-89.25746232,-94.62336884,-84.65321294,0.7027858101,305.4728802,0.9548473134,0.09651719833,highs,optimal,0,350.4440813,-94.62336884,-172.469978,True,True,True,solved,-0.1651752768,-0.1651742542,1.022607903e-06,0.1115902307,WITHIN_NAMED_FAMILY_ONLY; scalar tail dependence is not a cross-family order,CONDITIONAL_ON_CONVERGENCE_AUDIT,0.3691542565,0.5343285452,0.09651719833,False,0,0.3691542565,0.1782215289,DESCRIPTIVE_ONLY_NOT_WELFARE_OR_EXCLUSION,1,1.110223025e-16,305.4728802,5.684341886e-14,0.09651719833,0.4656714548,0.5856930569,5.365906513,False,0,True,-145.4350963,-89.25746232,-1.023181539e-12,True,False,True,False,True,False,False,1.122657523e-12,0,5.684341886e-14,4.008930161e-14,0,,,,0.003258578282,,-361.0923276,-0.03711580999,-0,-0,-227.7948389,361.0923276,0.03711580999,0,0,227.7948389,0.3691542565,0.6308457435,False,False,0,-0,0,-0,0.5343285452,0.4656714548,False,False,0,-0,0,-0,0.09651719833,0.9034828017,False,False,0,-0,0,-0
CRR-SIM-FREEZE-2026-07-19,4b5897f5d225af6334e3082ce8d9f065cdd7067f2664f3ef63426b5597055b27,ca4f0b86858a11607abd1c7ff4863214acb59c693318630e5515686ebe037048,LHS-02-010,lhs,2026071902,10000,5d7baa6c15ab45bdd885997b85cf8bc22306cdcf60ce356359d2366be50c06af,student_t_df4,student_t_df5,0.09360136271,0.9693117699,0.5381968515,-94.89818673,-99.21766596,-91.19183077,0.7027858101,305.4728802,0.9548473134,0.09651719833,highs,optimal,0,351.1299221,-99.21766596,-168.0294463,True,True,True,solved,-0.1651753201,-0.1651742542,1.065876033e-06,0.1115902307,WITHIN_NAMED_FAMILY_ONLY; scalar tail dependence is not a cross-family order,CONDITIONAL_ON_CONVERGENCE_AUDIT,0.3691542565,0.5343285452,0.09651719833,False,0,0.3691542565,0.1620466885,DESCRIPTIVE_ONLY_NOT_WELFARE_OR_EXCLUSION,1,1.110223025e-16,305.4728802,5.684341886e-14,0.09651719833,0.4656714548,0.5856930569,4.319479228,False,0,True,-144.0173708,-94.89818673,-1.023181539e-12,True,False,True,False,True,False,False,1.080024958e-12,0,2.842170943e-14,4.021954218e-14,0,,,,0.003258578282,,-362.2654304,-0.03562687667,-0,-0,-228.1308746,362.2654304,0.03562687667,0,0,228.1308746,0.3691542565,0.6308457435,False,False,0,-0,0,-0,0.5343285452,0.4656714548,False,False,0,-0,0,-0,0.09651719833,0.9034828017,False,False,0,-0,0,-0
CRR-SIM-FREEZE-2026-07-19,4b5897f5d225af6334e3082ce8d9f065cdd7067f2664f3ef63426b5597055b27,ca4f0b86858a11607abd1c7ff4863214acb59c693318630e5515686ebe037048,LHS-02-010,lhs,2026071903,10000,f3928d5392bfdba7ae46802c32dbcfa9666bef37a7c23a25a718c35bfc0e1600,student_t_df4,student_t_df5,0.09360136271,0.9693117699,0.5381968515,-97.68583107,-102.3970819,-93.64331302,0.7027858101,305.4728802,0.9548473134,0.09651719833,highs,optimal,0,350.9885688,-102.3970819,-179.2072898,True,True,True,solved,-0.1651750075,-0.1651742538,7.537007976e-07,0.1115902307,WITHIN_NAMED_FAMILY_ONLY; scalar tail dependence is not a cross-family order,CONDITIONAL_ON_CONVERGENCE_AUDIT,0.3691542565,0.5343285452,0.09651719833,False,0,0.3691542565,0.1400524808,DESCRIPTIVE_ONLY_NOT_WELFARE_OR_EXCLUSION,1,1.110223025e-16,305.4728802,5.684341886e-14,0.09651719833,0.4656714548,0.5856930569,4.711250865,False,0,True,-150.0914998,-97.68583107,-1.136868377e-12,True,False,True,False,True,False,False,1.080024958e-12,0,0,3.964783116e-14,0,,,,0.003258578282,,-357.1159153,-0.05110253952,-0,-0,-225.2218956,357.1159153,0.05110253952,0,0,225.2218956,0.3691542565,0.6308457435,False,False,0,-0,0,-0,0.5343285452,0.4656714548,False,False,0,-0,0,-0,0.09651719833,0.9034828017,False,False,0,-0,0,-0
CRR-SIM-FREEZE-2026-07-19,4b5897f5d225af6334e3082ce8d9f065cdd7067f2664f3ef63426b5597055b27,ca4f0b86858a11607abd1c7ff4863214acb59c693318630e5515686ebe037048,LHS-02-010,lhs,2026071904,10000,b9cedd4df702067a41332a695dab30ce6687b7ea7b6f3739dfa769b9ab1288ee,student_t_df4,student_t_df5,0.09360136271,0.9693117699,0.5381968515,-103.3338014,-108.4877656,-98.91141045,0.7027858101,305.4728802,0.9548473134,0.09651719833,highs,optimal,0,348.3895472,-108.4877656,-172.430415,True,True,True,solved,-0.1651751828,-0.1651742541,9.28726715e-07,0.1115902307,WITHIN_NAMED_FAMILY_ONLY; scalar tail dependence is not a cross-family order,CONDITIONAL_ON_CONVERGENCE_AUDIT,0.3691542565,0.5343285452,0.09651719833,False,0,0.3691542565,0.2098965524,DESCRIPTIVE_ONLY_NOT_WELFARE_OR_EXCLUSION,1,1.110223025e-16,305.4728802,5.684341886e-14,0.09651719833,0.4656714548,0.5856930569,5.153964197,False,0,True,-144.0831425,-103.3338014,-1.094235813e-12,True,False,True,False,True,False,False,1.193711796e-12,0,0,3.971122903e-14,0,,,,0.003258578282,,-357.6869525,-0.0407774178,-0,-0,-225.3878168,357.6869525,0.0407774178,0,0,225.3878168,0.3691542565,0.6308457435,False,False,0,-0,0,-0,0.5343285452,0.4656714548,False,False,0,-0,0,-0,0.09651719833,0.9034828017,False,False,0,-0,0,-0
CRR-SIM-FREEZE-2026-07-19,4b5897f5d225af6334e3082ce8d9f065cdd7067f2664f3ef63426b5597055b27,ca4f0b86858a11607abd1c7ff4863214acb59c693318630e5515686ebe037048,LHS-02-010,lhs,2026071905,10000,988d7fe50a43ae626c2f9c63e0dc2a028ac5e61a651d5a22d2778af943c9a24a,student_t_df4,student_t_df5,0.09360136271,0.9693117699,0.5381968515,-95.70222622,-100.48863,-91.5952228,0.7027858101,305.4728802,0.9548473134,0.09651719833,highs,optimal,0,351.0984705,-100.48863,-173.4017367,True,True,True,solved,-0.1651754065,-0.1651742543,1.152208885e-06,0.1115902307,WITHIN_NAMED_FAMILY_ONLY; scalar tail dependence is not a cross-family order,CONDITIONAL_ON_CONVERGENCE_AUDIT,0.3691542565,0.5343285452,0.09651719833,False,0,0.3691542565,0.1790690666,DESCRIPTIVE_ONLY_NOT_WELFARE_OR_EXCLUSION,1,1.110223025e-16,305.4728802,5.684341886e-14,0.09651719833,0.4656714548,0.5856930569,4.786403728,False,0,True,-145.1367501,-95.70222622,-1.051603249e-12,True,False,True,False,True,False,False,1.023181539e-12,0,0,4.032549915e-14,0,,,,0.003258578282,,-363.2198059,-0.03286957987,-0,-0,-229.6181514,363.2198059,0.03286957987,0,0,229.6181514,0.3691542565,0.6308457435,False,False,0,-0,0,-0,0.5343285452,0.4656714548,False,False,0,-0,0,-0,0.09651719833,0.9034828017,False,False,0,-0,0,-0
CRR-SIM-FREEZE-2026-07-19,4b5897f5d225af6334e3082ce8d9f065cdd7067f2664f3ef63426b5597055b27,ca4f0b86858a11607abd1c7ff4863214acb59c693318630e5515686ebe037048,LHS-02-011,lhs,2026071901,10000,78746158b6f2a2e97c4a3f088174bf7b2bc59f75f0c1e95079035b2238084142,student_t_df4,empirical_resample,0.4226836012,0.9634893742,0.1239663138,-151.6667647,-153.4573874,-139.0129577,1.049043564,455.9772754,0.352566784,0.1075615822,highs,optimal,0,347.0810447,-153.4573874,-164.4886933,True,True,True,solved,-0.1873060979,-0.1873048348,1.263123001e-06,0.3255947703,WITHIN_NAMED_FAMILY_ONLY; scalar tail dependence is not a cross-family order,CONDITIONAL_ON_CONVERGENCE_AUDIT,0.352566784,0.5398716338,0.1075615822,False,0,0.352566784,0.5853200218,DESCRIPTIVE_ONLY_NOT_WELFARE_OR_EXCLUSION,1,0,301.3152045,154.6620709,0.1075615822,0.4601283662,0,1.790622696,True,0,True,-155.7246659,-151.6667647,-9.094947018e-13,False,False,True,True,True,False,False,8.242295735e-13,0,0,0,0,,,,0.002738928677,,-370.0221835,-0,-0,-5.561611517,-231.5136844,370.0221835,0,0,5.561611517,231.5136844,0.352566784,0.647433216,False,False,0,-0,0,-0,0.5398716338,0.4601283662,False,False,0,-0,0,-0,0.1075615822,0.8924384178,False,False,0,-0,0,-0
CRR-SIM-FREEZE-2026-07-19,4b5897f5d225af6334e3082ce8d9f065cdd7067f2664f3ef63426b5597055b27,ca4f0b86858a11607abd1c7ff4863214acb59c693318630e5515686ebe037048,LHS-02-011,lhs,2026071902,10000,3f476c3b7c391082688f190898a6daeb3bec4ab1cee015b690050e11644f2e78,student_t_df4,empirical_resample,0.4226836012,0.9634893742,0.1239663138,-152.5013749,-154.2617196,-140.0615331,1.049043564,455.9772754,0.352566784,0.1075615822,highs,optimal,0,347.3835859,-154.2617196,-166.2339917,True,True,True,solved,-0.1873062503,-0.1873048348,1.415504182e-06,0.3255947703,WITHIN_NAMED_FAMILY_ONLY; scalar tail dependence is not a cross-family order,CONDITIONAL_ON_CONVERGENCE_AUDIT,0.352566784,0.5398716338,0.1075615822,False,0,0.352566784,0.5796953472,DESCRIPTIVE_ONLY_NOT_WELFARE_OR_EXCLUSION,1,0,301.3152045,154.6620709,0.1075615822,0.4601283662,0,1.760344774,True,0,True,-156.4933095,-152.5013749,-8.526512829e-13,False,False,True,True,True,False,False,1.193711796e-12,0,0,0,0,,,,0.002738928677,,-370.5556719,-0,-0,-4.960812588,-231.691494,370.5556719,0,0,4.960812588,231.691494,0.352566784,0.647433216,False,False,0,-0,0,-0,0.5398716338,0.4601283662,False,False,0,-0,0,-0,0.1075615822,0.8924384178,False,False,0,-0,0,-0
CRR-SIM-FREEZE-2026-07-19,4b5897f5d225af6334e3082ce8d9f065cdd7067f2664f3ef63426b5597055b27,ca4f0b86858a11607abd1c7ff4863214acb59c693318630e5515686ebe037048,LHS-02-011,lhs,2026071903,10000,5b9a7c801585861eaa3cb78639450dc4af9f48b8d9f7a389fc29062bc1c21cb4,student_t_df4,empirical_resample,0.4226836012,0.9634893742,0.1239663138,-151.9546974,-153.7261997,-139.4360089,1.049043564,455.9772754,0.352566784,0.1075615822,highs,optimal,0,347.9378786,-153.7261997,-164.9036423,True,True,True,solved,-0.1873057622,-0.1873048348,9.274916285e-07,0.3255947703,WITHIN_NAMED_FAMILY_ONLY; scalar tail dependence is not a cross-family order,CONDITIONAL_ON_CONVERGENCE_AUDIT,0.352566784,0.5398716338,0.1075615822,False,0,0.352566784,0.5737057366,DESCRIPTIVE_ONLY_NOT_WELFARE_OR_EXCLUSION,1,0,301.3152045,154.6620709,0.1075615822,0.4601283662,0,1.771502282,True,0,True,-155.9176965,-151.9546974,-9.947598301e-13,False,False,True,True,True,False,False,1.023181539e-12,0,0,0,0,,,,0.002738928677,,-370.1003307,-0,-0,-7.626602516,-231.0428903,370.1003307,0,0,7.626602516,231.0428903,0.352566784,0.647433216,False,False,0,-0,0,-0,0.5398716338,0.4601283662,False,False,0,-0,0,-0,0.1075615822,0.8924384178,False,False,0,-0,0,-0
CRR-SIM-FREEZE-2026-07-19,4b5897f5d225af6334e3082ce8d9f065cdd7067f2664f3ef63426b5597055b27,ca4f0b86858a11607abd1c7ff4863214acb59c693318630e5515686ebe037048,LHS-02-011,lhs,2026071904,10000,b7a0a50b4be5bcb4047215005f4704476e05070f6eb9c2408fcaee5963fd4142,student_t_df4,empirical_resample,0.4226836012,0.9634893742,0.1239663138,-151.2401737,-153.0368096,-138.5438733,1.049043564,455.9772754,0.352566784,0.1075615822,highs,optimal,0,344.1453017,-153.0368096,-162.8667724,True,True,True,solved,-0.1873059552,-0.1873048348,1.120435974e-06,0.3255947703,WITHIN_NAMED_FAMILY_ONLY; scalar tail dependence is not a cross-family order,CONDITIONAL_ON_CONVERGENCE_AUDIT,0.352566784,0.5398716338,0.1075615822,False,0,0.352566784,0.5809688298,DESCRIPTIVE_ONLY_NOT_WELFARE_OR_EXCLUSION,1,0,301.3152045,154.6620709,0.1075615822,0.4601283662,0,1.796635889,True,0,True,-154.713162,-151.2401737,-8.242295735e-13,False,False,True,True,True,False,False,8.526512829e-13,0,0,0,0,,,,0.002738928677,,-366.6190167,-0,-0,-6.226448131,-229.3472564,366.6190167,0,0,6.226448131,229.3472564,0.352566784,0.647433216,False,False,0,-0,0,-0,0.5398716338,0.4601283662,False,False,0,-0,0,-0,0.1075615822,0.8924384178,False,False,0,-0,0,-0
CRR-SIM-FREEZE-2026-07-19,4b5897f5d225af6334e3082ce8d9f065cdd7067f2664f3ef63426b5597055b27,ca4f0b86858a11607abd1c7ff4863214acb59c693318630e5515686ebe037048,LHS-02-011,lhs,2026071905,10000,3c8aaed59d6d2c79728084b25ae8d77d26ce5741bddc5d9549ba03cfb167b827,student_t_df4,empirical_resample,0.4226836012,0.9634893742,0.1239663138,-151.80649,-153.5842094,-139.2438669,1.049043564,455.9772754,0.352566784,0.1075615822,highs,optimal,0,346.7019495,-153.5842094,-164.9634439,True,True,True,solved,-0.187306192,-0.1873048348,1.357220172e-06,0.3255947703,WITHIN_NAMED_FAMILY_ONLY; scalar tail dependence is not a cross-family order,CONDITIONAL_ON_CONVERGENCE_AUDIT,0.352566784,0.5398716338,0.1075615822,False,0,0.352566784,0.5887696578,DESCRIPTIVE_ONLY_NOT_WELFARE_OR_EXCLUSION,1,0,301.3152045,154.6620709,0.1075615822,0.4601283662,0,1.777719401,True,0,True,-156.0431556,-151.80649,-8.526512829e-13,False,False,True,True,True,False,False,8.810729923e-13,0,0,0,0,,,,0.002738928677,,-369.7377576,-0,-0,-5.166105836,-231.0974313,369.7377576,0,0,5.166105836,231.0974313,0.352566784,0.647433216,False,False,0,-0,0,-0,0.5398716338,0.4601283662,False,False,0,-0,0,-0,0.1075615822,0.8924384178,False,False,0,-0,0,-0
CRR-SIM-FREEZE-2026-07-19,4b5897f5d225af6334e3082ce8d9f065cdd7067f2664f3ef63426b5597055b27,ca4f0b86858a11607abd1c7ff4863214acb59c693318630e5515686ebe037048,LHS-02-012,lhs,2026071901,10000,5c4761cd79d26e554062b382720e5da54c06ca0b72d253535b63e1ec79e5d8a3,student_t_df4,gaussian,0.4299604474,0.9091324522,0.6548054367,-100.3063169,-123.45869,-88.10105282,0.9180339153,399.0326216,0.9106270451,0.04652427369,highs,optimal,0,364.0575212,-100.3063169,-170.3520779,False,False,False,solved,0.5473004431,0.5473016214,1.178244831e-06,0.3319662317,WITHIN_NAMED_FAMILY_ONLY; scalar tail dependence is not a cross-family order,CONDITIONAL_ON_CONVERGENCE_AUDIT,0.7503886738,0.2030870525,0.04652427369,False,0,0.7503886738,0.6228517787,DESCRIPTIVE_ONLY_NOT_WELFARE_OR_EXCLUSION,1,0,382.7981445,16.23447712,0.04652427369,0.2496113262,0.1602383713,-2.557953849e-12,False,0,True,-170.3520779,-100.3063169,-2.557953849e-12,False,True,True,False,True,False,False,2.458477866e-12,0,5.400124792e-13,1.09057068e-13,0.04435958915,1,0,0.001100502901,0.001100502901,0,-379.5225839,-0,-0.04435958915,-0,-236.7692122,379.5225839,0,0.04435958915,0,236.7692122,0.7503886738,0.2496113262,False,False,0,-0,0,-0,0.2030870525,0.7969129475,False,False,0,-0,0,-0,0.04652427369,0.9534757263,False,False,0,-0,0,-0
CRR-SIM-FREEZE-2026-07-19,4b5897f5d225af6334e3082ce8d9f065cdd7067f2664f3ef63426b5597055b27,ca4f0b86858a11607abd1c7ff4863214acb59c693318630e5515686ebe037048,LHS-02-012,lhs,2026071902,10000,9f8df5c4b6f828edaec4d2f95a626d2ed0c4ba67f11c3cebe10116c483c487d4,student_t_df4,gaussian,0.4299604474,0.9091324522,0.6548054367,-107.3708056,-129.0562449,-95.93886671,0.9180339153,399.0326216,0.9106270451,0.04652427369,highs,optimal,0,365.0375104,-107.3708056,-173.2225282,False,False,False,solved,0.5520332101,0.5520343366,1.126477683e-06,0.3319662317,WITHIN_NAMED_FAMILY_ONLY; scalar tail dependence is not a cross-family order,CONDITIONAL_ON_CONVERGENCE_AUDIT,0.7527550314,0.2007206949,0.04652427369,False,0,0.7527550314,0.6223348898,DESCRIPTIVE_ONLY_NOT_WELFARE_OR_EXCLUSION,1,0,383.2503555,15.78226618,0.04652427369,0.2472449686,0.1578720137,-2.47268872e-12,False,0,True,-173.2225282,-107.3708056,-2.47268872e-12,False,True,True,False,True,False,False,2.415845302e-12,0,1.421085472e-12,1.175116744e-13,0.04864205267,1,0,0.001100502901,0.001100502901,0,-381.3282494,-0,-0.04864205267,-0,-237.8973761,381.3282494,0,0.04864205267,0,237.8973761,0.7527550314,0.2472449686,False,False,0,-0,0,-0,0.2007206949,0.7992793051,False,False,0,-0,0,-0,0.04652427369,0.9534757263,False,False,0,-0,0,-0
CRR-SIM-FREEZE-2026-07-19,4b5897f5d225af6334e3082ce8d9f065cdd7067f2664f3ef63426b5597055b27,ca4f0b86858a11607abd1c7ff4863214acb59c693318630e5515686ebe037048,LHS-02-012,lhs,2026071903,10000,a9368ce41330ce88062a19ac9bd5f66094cb37d452952f65ba21c061f0393d7a,student_t_df4,gaussian,0.4299604474,0.9091324522,0.6548054367,-104.3651691,-127.1150633,-92.37208024,0.9180339153,399.0326216,0.9106270451,0.04652427369,highs,optimal,0,366.3295328,-104.3651691,-173.5628554,False,False,False,solved,0.5478725271,0.5478733529,8.257185209e-07,0.3319662317,WITHIN_NAMED_FAMILY_ONLY; scalar tail dependence is not a cross-family order,CONDITIONAL_ON_CONVERGENCE_AUDIT,0.7506745396,0.2028011867,0.04652427369,False,0,0.7506745396,0.6128492601,DESCRIPTIVE_ONLY_NOT_WELFARE_OR_EXCLUSION,1,0,382.8527735,16.17984817,0.04652427369,0.2493254604,0.1599525055,-2.287947609e-12,False,0,True,-173.5628554,-104.3651691,-2.287947609e-12,False,True,True,False,True,False,False,2.032152224e-12,0,4.831690603e-13,1.318150579e-13,0.06486475586,1,0,0.001100502901,0.001100502901,0,-384.2368744,-0,-0.06486475586,-0,-239.3958994,384.2368744,0,0.06486475586,0,239.3958994,0.7506745396,0.2493254604,False,False,0,-0,0,-0,0.2028011867,0.7971988133,False,False,0,-0,0,-0,0.04652427369,0.9534757263,False,False,0,-0,0,-0
CRR-SIM-FREEZE-2026-07-19,4b5897f5d225af6334e3082ce8d9f065cdd7067f2664f3ef63426b5597055b27,ca4f0b86858a11607abd1c7ff4863214acb59c693318630e5515686ebe037048,LHS-02-012,lhs,2026071904,10000,902ad3ca873a7ad065cad3b63926df7059a25ac99651c4ea3b523042a055d8d7,student_t_df4,gaussian,0.4299604474,0.9091324522,0.6548054367,-102.3145422,-125.1144623,-90.29508111,0.9180339153,399.0326216,0.9106270451,0.04652427369,highs,optimal,0,361.3993792,-102.3145422,-172.2521561,False,False,False,solved,0.5487532953,0.5487543306,1.0353175e-06,0.3319662317,WITHIN_NAMED_FAMILY_ONLY; scalar tail dependence is not a cross-family order,CONDITIONAL_ON_CONVERGENCE_AUDIT,0.7511150284,0.2023606979,0.04652427369,False,0,0.7511150284,0.620249424,DESCRIPTIVE_ONLY_NOT_WELFARE_OR_EXCLUSION,1,0,382.9369509,16.09567075,0.04652427369,0.2488849716,0.1595120167,-2.529532139e-12,False,0,True,-172.2521561,-102.3145422,-2.543742994e-12,False,True,True,False,True,False,False,2.47268872e-12,0,7.958078641e-13,1.254349383e-13,0.05072815565,1,0,0.001100502901,0.001100502901,0,-377.5484854,-0,-0.05072815565,-0,-235.5518379,377.5484854,0,0.05072815565,0,235.5518379,0.7511150284,0.2488849716,False,False,0,-0,0,-0,0.2023606979,0.7976393021,False,False,0,-0,0,-0,0.04652427369,0.9534757263,False,False,0,-0,0,-0
CRR-SIM-FREEZE-2026-07-19,4b5897f5d225af6334e3082ce8d9f065cdd7067f2664f3ef63426b5597055b27,ca4f0b86858a11607abd1c7ff4863214acb59c693318630e5515686ebe037048,LHS-02-012,lhs,2026071905,10000,26f38433a8d31454ff8430ca0d41434c83d09a6c56bd8990563bb2663e6fbe8e,student_t_df4,gaussian,0.4299604474,0.9091324522,0.6548054367,-103.0795987,-126.0272852,-90.98223943,0.9180339153,399.0326216,0.9106270451,0.04652427369,highs,optimal,0,363.6885895,-103.0795987,-174.3895841,False,False,False,solved,0.5440832312,0.5440845963,1.365172822e-06,0.3319662317,WITHIN_NAMED_FAMILY_ONLY; scalar tail dependence is not a cross-family order,CONDITIONAL_ON_CONVERGENCE_AUDIT,0.7487801613,0.204695565,0.04652427369,False,0,0.7487801613,0.6318168118,DESCRIPTIVE_ONLY_NOT_WELFARE_OR_EXCLUSION,1,0,382.4907578,16.54186386,0.04652427369,0.2512198387,0.1618468838,-2.486899575e-12,False,0,True,-174.3895841,-103.0795987,-2.47268872e-12,False,True,True,False,True,False,False,2.188471626e-12,0,3.97903932e-13,8.724306542e-14,0.03986483735,1,0,0.001100502901,0.001100502901,0,-378.7861325,-0,-0.03986483735,-0,-236.1840552,378.7861325,0,0.03986483735,0,236.1840552,0.7487801613,0.2512198387,False,False,0,-0,0,-0,0.204695565,0.795304435,False,False,0,-0,0,-0,0.04652427369,0.9534757263,False,False,0,-0,0,-0
CRR-SIM-FREEZE-2026-07-19,4b5897f5d225af6334e3082ce8d9f065cdd7067f2664f3ef63426b5597055b27,ca4f0b86858a11607abd1c7ff4863214acb59c693318630e5515686ebe037048,LHS-02-013,lhs,2026071901,10000,a5a9db299791f2002cc638065f3284b44d6583e6cd0a4faf4740ac5dc1799ffb,student_t_df4,student_t_df5,0.2508636979,0.9741355282,0.5680049693,-24.33662556,-37.89541982,-14.02451201,0.823264719,357.8402427,0.8521574285,0.02275873595,highs,optimal,0,368.8350022,-24.33662556,-129.873141,False,False,False,solved,0.1403576089,0.140358646,1.037107055e-06,0.1959310771,WITHIN_NAMED_FAMILY_ONLY; scalar tail dependence is not a cross-family order,CONDITIONAL_ON_CONVERGENCE_AUDIT,0.5587999537,0.4184413104,0.02275873595,False,0,0.5587999537,0.409342942,DESCRIPTIVE_ONLY_NOT_WELFARE_OR_EXCLUSION,1,1.110223025e-16,348.3111298,9.529112934,0.02275873595,0.4412000463,0.2933574748,-4.263256415e-13,False,0,True,-129.873141,-24.33662556,-4.121147867e-13,False,True,True,False,True,False,False,3.950617611e-12,0,3.410605132e-13,4.164018821e-14,0.03707251448,1,0,0.003866307449,0.003866307449,0,-375.0614722,-0,-0.03707251448,-0,-233.9431363,375.0614722,0,0.03707251448,0,233.9431363,0.5587999537,0.4412000463,False,False,0,-0,0,-0,0.4184413104,0.5815586896,False,False,0,-0,0,-0,0.02275873595,0.977241264,False,False,0,-0,0,-0
CRR-SIM-FREEZE-2026-07-19,4b5897f5d225af6334e3082ce8d9f065cdd7067f2664f3ef63426b5597055b27,ca4f0b86858a11607abd1c7ff4863214acb59c693318630e5515686ebe037048,LHS-02-013,lhs,2026071902,10000,871f74b8f3194d87e2495f9532a80c023682ca804f36c99ca5b57459f47d8113,student_t_df4,student_t_df5,0.2508636979,0.9741355282,0.5680049693,-36.28984917,-49.9013827,-25.93762486,0.823264719,357.8402427,0.8521574285,0.02275873595,highs,optimal,0,369.6673467,-36.28984917,-129.518028,False,False,False,solved,0.1348081698,0.1348092318,1.062013048e-06,0.1959310771,WITHIN_NAMED_FAMILY_ONLY; scalar tail dependence is not a cross-family order,CONDITIONAL_ON_CONVERGENCE_AUDIT,0.5560252456,0.4212160184,0.02275873595,False,0,0.5560252456,0.3958411872,DESCRIPTIVE_ONLY_NOT_WELFARE_OR_EXCLUSION,1,0,347.7808831,10.05935965,0.02275873595,0.4439747544,0.2961321829,-3.126388037e-13,False,0,True,-129.518028,-36.28984917,-3.126388037e-13,False,True,True,False,True,False,False,3.907985047e-13,0,5.684341886e-13,1.476594258e-14,0.0377840304,1,0,0.003866307449,0.003866307449,4.33680869e-19,-376.3583661,-0,-0.0377840304,-0,-233.7494752,376.3583661,0,0.0377840304,0,233.7494752,0.5560252456,0.4439747544,False,False,0,-0,0,-0,0.4212160184,0.5787839816,False,False,0,-0,0,-0,0.02275873595,0.977241264,False,False,0,-0,0,-0
CRR-SIM-FREEZE-2026-07-19,4b5897f5d225af6334e3082ce8d9f065cdd7067f2664f3ef63426b5597055b27,ca4f0b86858a11607abd1c7ff4863214acb59c693318630e5515686ebe037048,LHS-02-013,lhs,2026071903,10000,6aff69a643482aa1b6f7f2e6ab7baff2bc182bca1ac24672d3534e486133e0c2,student_t_df4,student_t_df5,0.2508636979,0.9741355282,0.5680049693,-37.76576149,-49.62781655,-28.74409951,0.823264719,357.8402427,0.8521574285,0.02275873595,highs,optimal,0,369.9886116,-37.76576149,-131.4534756,False,False,False,solved,0.1446646928,0.1446654742,7.813862134e-07,0.1959310771,WITHIN_NAMED_FAMILY_ONLY; scalar tail dependence is not a cross-family order,CONDITIONAL_ON_CONVERGENCE_AUDIT,0.5609533681,0.4162878959,0.02275873595,False,0,0.5609533681,0.3765822514,DESCRIPTIVE_ONLY_NOT_WELFARE_OR_EXCLUSION,1,1.110223025e-16,348.7226473,9.117595438,0.02275873595,0.4390466319,0.2912040604,-3.339550858e-13,False,0,True,-131.4534756,-37.76576149,-3.339550858e-13,False,True,True,False,True,False,False,5.471179065e-13,0,2.842170943e-13,4.189093147e-14,0.05301679789,1,0,0.003866307449,0.003866307449,0,-377.3199667,-0,-0.05301679789,-0,-234.1577904,377.3199667,0,0.05301679789,0,234.1577904,0.5609533681,0.4390466319,False,False,0,-0,0,-0,0.4162878959,0.5837121041,False,False,0,-0,0,-0,0.02275873595,0.977241264,False,False,0,-0,0,-0
CRR-SIM-FREEZE-2026-07-19,4b5897f5d225af6334e3082ce8d9f065cdd7067f2664f3ef63426b5597055b27,ca4f0b86858a11607abd1c7ff4863214acb59c693318630e5515686ebe037048,LHS-02-013,lhs,2026071904,10000,4c88cf05acd6d95a51ce076a0f59f1c47db763233dd2d820c16804fa083e3fac,student_t_df4,student_t_df5,0.2508636979,0.9741355282,0.5680049693,-45.70116437,-57.77203557,-36.52068768,0.823264719,357.8402427,0.8521574285,0.02275873595,highs,optimal,0,366.518014,-45.70116437,-126.3179185,False,False,False,solved,0.1474521546,0.1474531222,9.676607677e-07,0.1959310771,WITHIN_NAMED_FAMILY_ONLY; scalar tail dependence is not a cross-family order,CONDITIONAL_ON_CONVERGENCE_AUDIT,0.5623471928,0.4148940713,0.02275873595,False,0,0.5623471928,0.4291434151,DESCRIPTIVE_ONLY_NOT_WELFARE_OR_EXCLUSION,1,1.110223025e-16,348.9890072,8.851235549,0.02275873595,0.4376528072,0.2898102357,-4.192202141e-13,False,0,True,-126.3179185,-45.70116437,-4.334310688e-13,False,True,True,False,True,False,False,4.476419235e-13,0,3.97903932e-13,4.14828558e-14,0.04010822205,1,0,0.003866307449,0.003866307449,0,-373.6443478,-0,-0.04010822205,-0,-232.585032,373.6443478,0,0.04010822205,0,232.585032,0.5623471928,0.4376528072,False,False,0,-0,0,-0,0.4148940713,0.5851059287,False,False,0,-0,0,-0,0.02275873595,0.977241264,False,False,0,-0,0,-0
CRR-SIM-FREEZE-2026-07-19,4b5897f5d225af6334e3082ce8d9f065cdd7067f2664f3ef63426b5597055b27,ca4f0b86858a11607abd1c7ff4863214acb59c693318630e5515686ebe037048,LHS-02-013,lhs,2026071905,10000,e19b085a341519b6ff1c0e5165c626cf2228740031647afa8f0024a7da1eaff0,student_t_df4,student_t_df5,0.2508636979,0.9741355282,0.5680049693,-36.24948244,-49.04482777,-26.51800843,0.823264719,357.8402427,0.8521574285,0.02275873595,highs,optimal,0,369.4283326,-36.24948244,-128.2083346,False,False,False,solved,0.1372195624,0.1372207043,1.141922859e-06,0.1959310771,WITHIN_NAMED_FAMILY_ONLY; scalar tail dependence is not a cross-family order,CONDITIONAL_ON_CONVERGENCE_AUDIT,0.5572309829,0.4200102812,0.02275873595,False,0,0.5572309829,0.411637754,DESCRIPTIVE_ONLY_NOT_WELFARE_OR_EXCLUSION,1,0,348.0112995,9.828943254,0.02275873595,0.4427690171,0.2949264456,-3.623767952e-13,False,0,True,-128.2083346,-36.24948244,-3.7658765e-13,False,True,True,False,True,False,False,4.547473509e-13,0,9.094947018e-13,1.221917862e-14,0.03509584713,1,0,0.003866307449,0.003866307449,0,-376.0476341,-0,-0.03509584713,-0,-234.9469327,376.0476341,0,0.03509584713,0,234.9469327,0.5572309829,0.4427690171,False,False,0,-0,0,-0,0.4200102812,0.5799897188,False,False,0,-0,0,-0,0.02275873595,0.977241264,False,False,0,-0,0,-0
CRR-SIM-FREEZE-2026-07-19,4b5897f5d225af6334e3082ce8d9f065cdd7067f2664f3ef63426b5597055b27,ca4f0b86858a11607abd1c7ff4863214acb59c693318630e5515686ebe037048,LHS-02-014,lhs,2026071901,10000,f31ad3dcbc1cee4598759814f8242f95ed66c957575401f16e19d707f9165e6b,student_t_df4,empirical_resample,0.3043991786,0.9435426041,0.6913506001,-146.4738364,-157.0622451,-141.7467038,0.9816270339,426.6740066,0.7126952548,0.1128302963,highs,optimal,0,347.3857803,-146.4738364,-164.822538,False,False,False,solved,0.4244349575,0.4244362955,1.338016172e-06,0.2320386164,WITHIN_NAMED_FAMILY_ONLY; scalar tail dependence is not a cross-family order,CONDITIONAL_ON_CONVERGENCE_AUDIT,0.6558029996,0.2313667041,0.1128302963,False,0,0.6558029996,0.4405509008,DESCRIPTIVE_ONLY_NOT_WELFARE_OR_EXCLUSION,1,-2.220446049e-16,358.7924115,67.88159506,0.1128302963,0.3441970004,0.05689225523,2.01794137e-12,False,0,True,-164.822538,-146.4738364,2.01794137e-12,False,True,True,False,True,False,False,2.842170943e-14,0,2.273736754e-13,1.599829277e-13,0.06469998684,1,0,0.001771247121,0.001771247121,0,-383.9510369,-0,-0.06469998684,-0,-240.080919,383.9510369,0,0.06469998684,0,240.080919,0.6558029996,0.3441970004,False,False,0,-0,0,-0,0.2313667041,0.7686332959,False,False,0,-0,0,-0,0.1128302963,0.8871697037,False,False,0,-0,0,-0
CRR-SIM-FREEZE-2026-07-19,4b5897f5d225af6334e3082ce8d9f065cdd7067f2664f3ef63426b5597055b27,ca4f0b86858a11607abd1c7ff4863214acb59c693318630e5515686ebe037048,LHS-02-014,lhs,2026071902,10000,8bbcea3e39d9b11c915d7aa5c310003a7da4444740ea74340698b68c78e541f6,student_t_df4,empirical_resample,0.3043991786,0.9435426041,0.6913506001,-147.9740138,-158.2037548,-143.4070062,0.9816270339,426.6740066,0.7126952548,0.1128302963,highs,optimal,0,347.5668804,-147.9740138,-167.7067246,False,False,False,solved,0.4273374351,0.4273389085,1.473433443e-06,0.2320386164,WITHIN_NAMED_FAMILY_ONLY; scalar tail dependence is not a cross-family order,CONDITIONAL_ON_CONVERGENCE_AUDIT,0.6572543061,0.2299153976,0.1128302963,False,0,0.6572543061,0.4348456164,DESCRIPTIVE_ONLY_NOT_WELFARE_OR_EXCLUSION,1,0,359.0697562,67.60425039,0.1128302963,0.3427456939,0.05544094875,1.875832822e-12,False,0,True,-167.7067246,-147.9740138,1.875832822e-12,False,True,True,False,True,False,False,2.842170943e-14,0,2.273736754e-13,1.242416275e-13,0.05907248178,1,0,0.001771247121,0.001771247121,0,-383.3080557,-0,-0.05907248178,-0,-239.2972799,383.3080557,0,0.05907248178,0,239.2972799,0.6572543061,0.3427456939,False,False,0,-0,0,-0,0.2299153976,0.7700846024,False,False,0,-0,0,-0,0.1128302963,0.8871697037,False,False,0,-0,0,-0
CRR-SIM-FREEZE-2026-07-19,4b5897f5d225af6334e3082ce8d9f065cdd7067f2664f3ef63426b5597055b27,ca4f0b86858a11607abd1c7ff4863214acb59c693318630e5515686ebe037048,LHS-02-014,lhs,2026071903,10000,8d910871a50b59623e1d4e000ad74c795f3acb965337da4b298510af080ad235,student_t_df4,empirical_resample,0.3043991786,0.9435426041,0.6913506001,-147.2149955,-157.5198922,-142.614435,0.9816270339,426.6740066,0.7126952548,0.1128302963,highs,optimal,0,348.9161894,-147.2149955,-165.88708,False,False,False,solved,0.4254905271,0.4254914103,8.83185244e-07,0.2320386164,WITHIN_NAMED_FAMILY_ONLY; scalar tail dependence is not a cross-family order,CONDITIONAL_ON_CONVERGENCE_AUDIT,0.656330557,0.2308391467,0.1128302963,False,0,0.656330557,0.4267903697,DESCRIPTIVE_ONLY_NOT_WELFARE_OR_EXCLUSION,1,0,358.8932277,67.78077885,0.1128302963,0.343669443,0.05636469788,1.904254532e-12,False,0,True,-165.88708,-147.2149955,1.904254532e-12,False,True,True,False,True,False,False,2.842170943e-14,0,5.684341886e-13,1.865675809e-13,0.09945853311,1,0,0.001771247121,0.001771247121,0,-391.0179579,-0,-0.09945853311,-0,-243.3741809,391.0179579,0,0.09945853311,0,243.3741809,0.656330557,0.343669443,False,False,0,-0,0,-0,0.2308391467,0.7691608533,False,False,0,-0,0,-0,0.1128302963,0.8871697037,False,False,0,-0,0,-0
CRR-SIM-FREEZE-2026-07-19,4b5897f5d225af6334e3082ce8d9f065cdd7067f2664f3ef63426b5597055b27,ca4f0b86858a11607abd1c7ff4863214acb59c693318630e5515686ebe037048,LHS-02-014,lhs,2026071904,10000,dc81100ef45d1a8a8ae568cc8e820ce9de95f4aa16819512c955ac1a824e4985,student_t_df4,empirical_resample,0.3043991786,0.9435426041,0.6913506001,-146.1595901,-155.6914368,-141.9041534,0.9816270339,426.6740066,0.7126952548,0.1128302963,highs,optimal,0,345.1205013,-146.1595901,-164.9114936,False,False,False,solved,0.4263926076,0.4263936951,1.08747191e-06,0.2320386164,WITHIN_NAMED_FAMILY_ONLY; scalar tail dependence is not a cross-family order,CONDITIONAL_ON_CONVERGENCE_AUDIT,0.6567816994,0.2303880043,0.1128302963,False,0,0.6567816994,0.4364318844,DESCRIPTIVE_ONLY_NOT_WELFARE_OR_EXCLUSION,1,1.110223025e-16,358.979441,67.69456553,0.1128302963,0.3432183006,0.05591355545,1.847411113e-12,False,0,True,-164.9114936,-146.1595901,1.847411113e-12,False,True,True,False,True,False,False,2.842170943e-14,0,9.663381206e-13,1.831695009e-13,0.08592938502,1,0,0.001771247121,0.001771247121,2.168404345e-19,-384.7745205,-0,-0.08592938502,-0,-240.1359956,384.7745205,0,0.08592938502,0,240.1359956,0.6567816994,0.3432183006,False,False,0,-0,0,-0,0.2303880043,0.7696119957,False,False,0,-0,0,-0,0.1128302963,0.8871697037,False,False,0,-0,0,-0
CRR-SIM-FREEZE-2026-07-19,4b5897f5d225af6334e3082ce8d9f065cdd7067f2664f3ef63426b5597055b27,ca4f0b86858a11607abd1c7ff4863214acb59c693318630e5515686ebe037048,LHS-02-014,lhs,2026071905,10000,67831fc40d9f4057b3167014ae0b760e54df2b149b6725dbbdc5f39d3c6d60c9,student_t_df4,empirical_resample,0.3043991786,0.9435426041,0.6913506001,-146.5936261,-156.9857877,-141.9541069,0.9816270339,426.6740066,0.7126952548,0.1128302963,highs,optimal,0,346.8779769,-146.5936261,-166.4057793,False,False,False,solved,0.4241813615,0.4241828324,1.47096905e-06,0.2320386164,WITHIN_NAMED_FAMILY_ONLY; scalar tail dependence is not a cross-family order,CONDITIONAL_ON_CONVERGENCE_AUDIT,0.6556762681,0.2314934356,0.1128302963,False,0,0.6556762681,0.4465739792,DESCRIPTIVE_ONLY_NOT_WELFARE_OR_EXCLUSION,1,1.110223025e-16,358.7681931,67.90581346,0.1128302963,0.3443237319,0.05701898679,1.847411113e-12,False,0,True,-166.4057793,-146.5936261,1.847411113e-12,False,True,True,False,True,False,False,2.842170943e-14,0,6.821210263e-13,1.157339447e-13,0.05988273785,1,0,0.001771247121,0.001771247121,0,-382.5957433,-0,-0.05988273785,-0,-238.7597973,382.5957433,0,0.05988273785,0,238.7597973,0.6556762681,0.3443237319,False,False,0,-0,0,-0,0.2314934356,0.7685065644,False,False,0,-0,0,-0,0.1128302963,0.8871697037,False,False,0,-0,0,-0
CRR-SIM-FREEZE-2026-07-19,4b5897f5d225af6334e3082ce8d9f065cdd7067f2664f3ef63426b5597055b27,ca4f0b86858a11607abd1c7ff4863214acb59c693318630e5515686ebe037048,LHS-02-015,lhs,2026071901,10000,a393d0da41b49eaa48b67dc8782445e4f49d3af6f4a322b834260f4182288dff,student_t_df4,gaussian,0.4783528568,0.9552967759,0.5129116425,-50.85091607,-79.88516386,-23.27843985,0.9156369469,397.9907553,0.9858752003,0.1199380739,highs,optimal,0,346.8150491,-50.85091607,-112.0114745,False,False,False,solved,0.4970178886,0.4970189932,1.104659136e-06,0.3761128562,WITHIN_NAMED_FAMILY_ONLY; scalar tail dependence is not a cross-family order,CONDITIONAL_ON_CONVERGENCE_AUDIT,0.6885404597,0.1915214664,0.1199380739,False,0,0.6885404597,0.6793460453,DESCRIPTIVE_ONLY_NOT_WELFARE_OR_EXCLUSION,1,0,364.4128205,33.57793482,0.1199380739,0.3114595403,0.2973347407,-1.278976924e-13,False,0,True,-112.174125,-50.85091607,-1.350031198e-13,False,True,True,False,True,False,False,5.684341886e-14,0,6.252776075e-13,2.454798902e-15,0.04318527899,1,0,0.002236975117,0.002236975117,0,-377.2795368,-0,-0.04318527899,-0,-235.6922682,377.2795368,0,0.04318527899,0,235.6922682,0.6885404597,0.3114595403,False,False,0,-0,0,-0,0.1915214664,0.8084785336,False,False,0,-0,0,-0,0.1199380739,0.8800619261,False,False,0,-0,0,-0
CRR-SIM-FREEZE-2026-07-19,4b5897f5d225af6334e3082ce8d9f065cdd7067f2664f3ef63426b5597055b27,ca4f0b86858a11607abd1c7ff4863214acb59c693318630e5515686ebe037048,LHS-02-015,lhs,2026071902,10000,71738f3c4a5b85ad2869ba58f9c7965fb0fd35600f93f216f62e73196065450e,student_t_df4,gaussian,0.4783528568,0.9552967759,0.5129116425,-59.62183488,-87.68083185,-32.97550906,0.9156369469,397.9907553,0.9858752003,0.1199380739,highs,optimal,0,347.751724,-59.62183488,-113.5972098,False,False,False,solved,0.4991569551,0.4991580109,1.055843973e-06,0.3761128562,WITHIN_NAMED_FAMILY_ONLY; scalar tail dependence is not a cross-family order,CONDITIONAL_ON_CONVERGENCE_AUDIT,0.6896099685,0.1904519576,0.1199380739,False,0,0.6896099685,0.6789072067,DESCRIPTIVE_ONLY_NOT_WELFARE_OR_EXCLUSION,1,1.110223025e-16,364.6172037,33.37355168,0.1199380739,0.3103900315,0.2962652318,-2.415845302e-13,False,0,True,-113.668831,-59.62183488,-2.273736754e-13,False,True,True,False,True,False,False,4.238387419e-12,0,5.115907697e-13,4.20703744e-14,0.04650589658,1,0,0.002236975117,0.002236975117,0,-378.936245,-0,-0.04650589658,-0,-236.8868633,378.936245,0,0.04650589658,0,236.8868633,0.6896099685,0.3103900315,False,False,0,-0,0,-0,0.1904519576,0.8095480424,False,False,0,-0,0,-0,0.1199380739,0.8800619261,False,False,0,-0,0,-0
CRR-SIM-FREEZE-2026-07-19,4b5897f5d225af6334e3082ce8d9f065cdd7067f2664f3ef63426b5597055b27,ca4f0b86858a11607abd1c7ff4863214acb59c693318630e5515686ebe037048,LHS-02-015,lhs,2026071903,10000,15ddbbb76d824493ff38d1ed78fadb9a1b4e524031b604d24fedefcd4e169dad,student_t_df4,gaussian,0.4783528568,0.9552967759,0.5129116425,-55.66399594,-84.05536322,-28.70203349,0.9156369469,397.9907553,0.9858752003,0.1199380739,highs,optimal,0,348.9633882,-55.66399594,-113.5567122,False,False,False,solved,0.4983071861,0.498307978,7.918678688e-07,0.3761128562,WITHIN_NAMED_FAMILY_ONLY; scalar tail dependence is not a cross-family order,CONDITIONAL_ON_CONVERGENCE_AUDIT,0.6891849521,0.190876974,0.1199380739,False,0,0.6891849521,0.6707950292,DESCRIPTIVE_ONLY_NOT_WELFARE_OR_EXCLUSION,1,0,364.535983,33.45477232,0.1199380739,0.3108150479,0.2966902483,-1.065814104e-13,False,0,True,-113.6992171,-55.66399594,-9.947598301e-14,False,True,True,False,True,False,False,1.847411113e-13,0,3.410605132e-13,1.142062134e-14,0.06181959859,1,0,0.002236975117,0.002236975117,0,-380.9260797,-0,-0.06181959859,-0,-237.8024316,380.9260797,0,0.06181959859,0,237.8024316,0.6891849521,0.3108150479,False,False,0,-0,0,-0,0.190876974,0.809123026,False,False,0,-0,0,-0,0.1199380739,0.8800619261,False,False,0,-0,0,-0
CRR-SIM-FREEZE-2026-07-19,4b5897f5d225af6334e3082ce8d9f065cdd7067f2664f3ef63426b5597055b27,ca4f0b86858a11607abd1c7ff4863214acb59c693318630e5515686ebe037048,LHS-02-015,lhs,2026071904,10000,e033d50cbbfcda578a6e7288d2d92ce27786984d882054c9ef4e45ac8ed1db5e,student_t_df4,gaussian,0.4783528568,0.9552967759,0.5129116425,-52.80367642,-82.18265901,-24.90382159,0.9156369469,397.9907553,0.9858752003,0.1199380739,highs,optimal,0,344.1460037,-52.80367642,-112.5312942,False,False,False,solved,0.5024439681,0.5024449628,9.946802583e-07,0.3761128562,WITHIN_NAMED_FAMILY_ONLY; scalar tail dependence is not a cross-family order,CONDITIONAL_ON_CONVERGENCE_AUDIT,0.6912534444,0.1888084817,0.1199380739,False,0,0.6912534444,0.6770280265,DESCRIPTIVE_ONLY_NOT_WELFARE_OR_EXCLUSION,1,1.110223025e-16,364.9312719,33.05948343,0.1199380739,0.3087465556,0.2946217559,-2.273736754e-13,False,0,True,-112.5479296,-52.80367642,-2.415845302e-13,False,True,True,False,True,False,False,2.344791028e-13,0,1.136868377e-12,4.159662629e-14,0.04613923351,1,0,0.002236975117,0.002236975117,0,-374.6691013,-0,-0.04613923351,-0,-234.1773176,374.6691013,0,0.04613923351,0,234.1773176,0.6912534444,0.3087465556,False,False,0,-0,0,-0,0.1888084817,0.8111915183,False,False,0,-0,0,-0,0.1199380739,0.8800619261,False,False,0,-0,0,-0
CRR-SIM-FREEZE-2026-07-19,4b5897f5d225af6334e3082ce8d9f065cdd7067f2664f3ef63426b5597055b27,ca4f0b86858a11607abd1c7ff4863214acb59c693318630e5515686ebe037048,LHS-02-015,lhs,2026071905,10000,62a81dff1644737c25bded94c6ef29c268c0a0263da92224a10a3124e4301ac4,student_t_df4,gaussian,0.4783528568,0.9552967759,0.5129116425,-53.70946909,-83.30115913,-25.60761586,0.9156369469,397.9907553,0.9858752003,0.1199380739,highs,optimal,0,346.5514075,-53.70946909,-112.5413269,False,False,False,solved,0.4900759976,0.4900772537,1.256110902e-06,0.3761128562,WITHIN_NAMED_FAMILY_ONLY; scalar tail dependence is not a cross-family order,CONDITIONAL_ON_CONVERGENCE_AUDIT,0.6850695899,0.1949923362,0.1199380739,False,0,0.6850695899,0.68744972,DESCRIPTIVE_ONLY_NOT_WELFARE_OR_EXCLUSION,1,0,363.7495373,34.24121803,0.1199380739,0.3149304101,0.3008056104,-2.629008122e-13,False,0,True,-112.5718471,-53.70946909,-2.629008122e-13,False,True,True,False,True,False,False,3.836930773e-13,0,3.410605132e-13,1.452642025e-14,0.03785947965,1,0,0.002236975117,0.002236975117,0,-376.7794686,-0,-0.03785947965,-0,-235.0767161,376.7794686,0,0.03785947965,0,235.0767161,0.6850695899,0.3149304101,False,False,0,-0,0,-0,0.1949923362,0.8050076638,False,False,0,-0,0,-0,0.1199380739,0.8800619261,False,False,0,-0,0,-0
CRR-SIM-FREEZE-2026-07-19,4b5897f5d225af6334e3082ce8d9f065cdd7067f2664f3ef63426b5597055b27,ca4f0b86858a11607abd1c7ff4863214acb59c693318630e5515686ebe037048,LHS-02-016,lhs,2026071901,10000,c70cf421797cc3c0b6028f7ae0bca51a858f92ff1fee0f474519fbc6029c4e20,student_t_df4,student_t_df5,0.3446364049,0.9880252299,0.1796210158,63.8058016,51.92668592,118.0610167,0.8700361448,378.1699107,0.8189172316,0.04041817168,highs,optimal,0,363.6418187,63.8058016,-52.8808794,False,False,False,solved,0.05012666989,0.050127857,1.187112664e-06,0.2617341929,WITHIN_NAMED_FAMILY_ONLY; scalar tail dependence is not a cross-family order,CONDITIONAL_ON_CONVERGENCE_AUDIT,0.5048548366,0.4547269917,0.04041817168,False,0,0.5048548366,0.5361651965,DESCRIPTIVE_ONLY_NOT_WELFARE_OR_EXCLUSION,1,2.220446049e-16,336.422758,41.7471527,0.04041817168,0.4951451634,0.3140623949,-1.421085472e-13,False,0,True,-52.8808794,63.8058016,-1.065814104e-13,False,True,True,False,True,False,False,9.094947018e-13,0,2.842170943e-13,8.234104862e-14,0.0335229674,1,0,0.008350891021,0.008350891021,0,-370.8311159,-0,-0.0335229674,-0,-230.7936417,370.8311159,0,0.0335229674,0,230.7936417,0.5048548366,0.4951451634,False,False,0,-0,0,-0,0.4547269917,0.5452730083,False,False,0,-0,0,-0,0.04041817168,0.9595818283,False,False,0,-0,0,-0
CRR-SIM-FREEZE-2026-07-19,4b5897f5d225af6334e3082ce8d9f065cdd7067f2664f3ef63426b5597055b27,ca4f0b86858a11607abd1c7ff4863214acb59c693318630e5515686ebe037048,LHS-02-016,lhs,2026071902,10000,dc38d51ecef917b11f266ae070df96ed965d3dab015c11240d5129477d22dae8,student_t_df4,student_t_df5,0.3446364049,0.9880252299,0.1796210158,25.66342379,15.2728025,73.12027232,0.8700361448,378.1699107,0.8189172316,0.04041817168,highs,optimal,0,365.083167,25.66342379,-67.72978914,False,False,False,solved,0.07953175668,0.0795328605,1.103819097e-06,0.2617341929,WITHIN_NAMED_FAMILY_ONLY; scalar tail dependence is not a cross-family order,CONDITIONAL_ON_CONVERGENCE_AUDIT,0.5195573405,0.4400244878,0.04041817168,False,0,0.5195573405,0.522077301,DESCRIPTIVE_ONLY_NOT_WELFARE_OR_EXCLUSION,1,0,339.2324065,38.93750421,0.04041817168,0.4804426595,0.2993598911,-1.207922651e-13,False,0,True,-67.72978914,25.66342379,-1.207922651e-13,False,True,True,False,True,False,False,9.592326933e-14,0,2.273736754e-13,3.568342509e-15,0.03719996757,1,0,0.008350891021,0.008350891021,0,-373.5282056,-0,-0.03719996757,-0,-232.5616619,373.5282056,0,0.03719996757,0,232.5616619,0.5195573405,0.4804426595,False,False,0,-0,0,-0,0.4400244878,0.5599755122,False,False,0,-0,0,-0,0.04041817168,0.9595818283,False,False,0,-0,0,-0
CRR-SIM-FREEZE-2026-07-19,4b5897f5d225af6334e3082ce8d9f065cdd7067f2664f3ef63426b5597055b27,ca4f0b86858a11607abd1c7ff4863214acb59c693318630e5515686ebe037048,LHS-02-016,lhs,2026071903,10000,a007a0c905669fd49bbc1d290b44478557a0d014a593576c9bba433680b12068,student_t_df4,student_t_df5,0.3446364049,0.9880252299,0.1796210158,45.55094665,35.03426214,93.58356086,0.8700361448,378.1699107,0.8189172316,0.04041817168,highs,optimal,0,365.1273819,45.55094665,-54.59719883,False,False,False,solved,0.05431468325,0.05431552272,8.39467501e-07,0.2617341929,WITHIN_NAMED_FAMILY_ONLY; scalar tail dependence is not a cross-family order,CONDITIONAL_ON_CONVERGENCE_AUDIT,0.5069486693,0.452633159,0.04041817168,False,0,0.5069486693,0.5124184598,DESCRIPTIVE_ONLY_NOT_WELFARE_OR_EXCLUSION,1,0,336.8228894,41.34702128,0.04041817168,0.4930513307,0.3119685623,-7.105427358e-14,False,0,True,-54.59719883,45.55094665,-4.97379915e-14,False,True,True,False,True,False,False,9.947598301e-13,0,2.842170943e-13,3.888144709e-15,0.05472077208,1,0,0.008350891021,0.008350891021,0,-371.9560697,-0,-0.05472077208,-0,-230.6207916,371.9560697,0,0.05472077208,0,230.6207916,0.5069486693,0.4930513307,False,False,0,-0,0,-0,0.452633159,0.547366841,False,False,0,-0,0,-0,0.04041817168,0.9595818283,False,False,0,-0,0,-0
CRR-SIM-FREEZE-2026-07-19,4b5897f5d225af6334e3082ce8d9f065cdd7067f2664f3ef63426b5597055b27,ca4f0b86858a11607abd1c7ff4863214acb59c693318630e5515686ebe037048,LHS-02-016,lhs,2026071904,10000,3779cf26f4bfdf0593f0ba36df0b02b38a5bd6798497f6f932c6eff17177b619,student_t_df4,student_t_df5,0.3446364049,0.9880252299,0.1796210158,48.34404558,36.15723449,104.004591,0.8700361448,378.1699107,0.8189172316,0.04041817168,highs,optimal,0,361.5592759,48.34404558,-54.35758308,False,False,False,solved,0.03964221473,0.03964325266,1.037931086e-06,0.2617341929,WITHIN_NAMED_FAMILY_ONLY; scalar tail dependence is not a cross-family order,CONDITIONAL_ON_CONVERGENCE_AUDIT,0.4996125337,0.4599692946,0.04041817168,False,0,0.4996125337,0.5522196275,DESCRIPTIVE_ONLY_NOT_WELFARE_OR_EXCLUSION,1,-2.220446049e-16,335.4209539,42.74895679,0.04041817168,0.5003874663,0.3193046979,-1.065814104e-13,False,0,True,-54.35758308,48.34404558,-9.947598301e-14,False,True,True,False,True,False,False,1.207922651e-13,0,5.115907697e-13,8.192873416e-14,0.03811317587,1,0,0.008350891021,0.008350891021,0,-368.9742166,-0,-0.03811317587,-0,-229.0426666,368.9742166,0,0.03811317587,0,229.0426666,0.4996125337,0.5003874663,False,False,0,-0,0,-0,0.4599692946,0.5400307054,False,False,0,-0,0,-0,0.04041817168,0.9595818283,False,False,0,-0,0,-0
CRR-SIM-FREEZE-2026-07-19,4b5897f5d225af6334e3082ce8d9f065cdd7067f2664f3ef63426b5597055b27,ca4f0b86858a11607abd1c7ff4863214acb59c693318630e5515686ebe037048,LHS-02-016,lhs,2026071905,10000,c178365eacbc8bd100d17a7720b483851e5df719e048e082c345e19baa57df0f,student_t_df4,student_t_df5,0.3446364049,0.9880252299,0.1796210158,60.36688112,48.85266871,112.9554818,0.8700361448,378.1699107,0.8189172316,0.04041817168,highs,optimal,0,363.6081162,60.36688112,-56.58563742,False,False,False,solved,0.04573649649,0.04573798465,1.488158042e-06,0.2617341929,WITHIN_NAMED_FAMILY_ONLY; scalar tail dependence is not a cross-family order,CONDITIONAL_ON_CONVERGENCE_AUDIT,0.5026599008,0.4569219275,0.04041817168,False,0,0.5026599008,0.5361512679,DESCRIPTIVE_ONLY_NOT_WELFARE_OR_EXCLUSION,1,-2.220446049e-16,336.0033058,42.16660494,0.04041817168,0.4973400992,0.3162573308,-1.847411113e-13,False,0,True,-56.58563742,60.36688112,-1.563194019e-13,False,True,True,False,True,False,False,7.958078641e-13,0,2.842170943e-13,8.247341308e-14,0.02516687906,1,0,0.008350891021,0.008350891021,0,-371.4272324,-0,-0.02516687906,-0,-231.0436588,371.4272324,0,0.02516687906,0,231.0436588,0.5026599008,0.4973400992,False,False,0,-0,0,-0,0.4569219275,0.5430780725,False,False,0,-0,0,-0,0.04041817168,0.9595818283,False,False,0,-0,0,-0
CRR-SIM-FREEZE-2026-07-19,4b5897f5d225af6334e3082ce8d9f065cdd7067f2664f3ef63426b5597055b27,ca4f0b86858a11607abd1c7ff4863214acb59c693318630e5515686ebe037048,LHS-02-017,lhs,2026071901,10000,f4f3ad093aa93f72c05d7f59cde2e902950ec2ec3fad9d46e2624ceed09b8326,student_t_df4,empirical_resample,0.005594821256,0.9364655062,0.7073978933,-180.6091237,-184.5270954,-178.9885269,0.7984585349,347.0579868,0.6269565807,0.08373584086,highs,optimal,0,353.4616643,-180.6091237,-209.0298998,False,False,False,solved,0.2101363617,0.2101378052,1.443552083e-06,0.07746819645,WITHIN_NAMED_FAMILY_ONLY; scalar tail dependence is not a cross-family order,CONDITIONAL_ON_CONVERGENCE_AUDIT,0.5632009822,0.353063177,0.08373584086,True,0,0.5632009822,0.01939243774,DESCRIPTIVE_ONLY_NOT_WELFARE_OR_EXCLUSION,1,0,343.6983741,3.359612694,0.08373584086,0.4367990178,0.06375559856,1.818989404e-12,False,0,True,-209.0298998,-180.6091237,1.818989404e-12,False,True,True,False,True,False,False,2.842170943e-14,0,6.252776075e-13,8.561213265e-14,0.05378944876,1,0,0.001573948167,0.001573948167,2.168404345e-19,-383.054482,-0,-0.05378944876,-0,-237.3888207,383.054482,0,0.05378944876,0,237.3888207,0.5632009822,0.4367990178,False,False,0,-0,0,-0,0.353063177,0.646936823,False,False,0,-0,0,-0,0.08373584086,0.9162641591,False,False,0,-0,0,-0
CRR-SIM-FREEZE-2026-07-19,4b5897f5d225af6334e3082ce8d9f065cdd7067f2664f3ef63426b5597055b27,ca4f0b86858a11607abd1c7ff4863214acb59c693318630e5515686ebe037048,LHS-02-017,lhs,2026071902,10000,860d5be2642a8cf164883444c668c1d60d80129b0f995e5f5bcee738ab29cb0d,student_t_df4,empirical_resample,0.005594821256,0.9364655062,0.7073978933,-181.8967976,-185.1923135,-180.5336681,0.7984585349,347.0579868,0.6269565807,0.08373584086,highs,optimal,0,353.5001183,-181.8967976,-211.3899269,False,False,False,solved,0.2129519407,0.2129535248,1.584063198e-06,0.07746819645,WITHIN_NAMED_FAMILY_ONLY; scalar tail dependence is not a cross-family order,CONDITIONAL_ON_CONVERGENCE_AUDIT,0.564608842,0.3516553172,0.08373584086,True,0,0.564608842,0.0252532433,DESCRIPTIVE_ONLY_NOT_WELFARE_OR_EXCLUSION,1,0,343.9674161,3.090570692,0.08373584086,0.435391158,0.06234773879,1.762145985e-12,False,0,True,-211.3899269,-181.8967976,1.762145985e-12,False,True,True,False,True,False,False,2.842170943e-14,0,7.389644452e-13,1.052519518e-13,0.05366991064,1,0,0.001573948167,0.001573948167,0,-383.1186626,-0,-0.05366991064,-0,-237.1285614,383.1186626,0,0.05366991064,0,237.1285614,0.564608842,0.435391158,False,False,0,-0,0,-0,0.3516553172,0.6483446828,False,False,0,-0,0,-0,0.08373584086,0.9162641591,False,False,0,-0,0,-0
CRR-SIM-FREEZE-2026-07-19,4b5897f5d225af6334e3082ce8d9f065cdd7067f2664f3ef63426b5597055b27,ca4f0b86858a11607abd1c7ff4863214acb59c693318630e5515686ebe037048,LHS-02-017,lhs,2026071903,10000,42cf55a4de21d2463870ad467a272009d608f0b4c3a97809ac3a05825334c4eb,student_t_df4,empirical_resample,0.005594821256,0.9364655062,0.7073978933,-181.0656483,-184.8585682,-179.4967769,0.7984585349,347.0579868,0.6269565807,0.08373584086,highs,optimal,0,354.1730406,-181.0656483,-210.0458067,False,False,False,solved,0.2103261654,0.2103270634,8.980833466e-07,0.07746819645,WITHIN_NAMED_FAMILY_ONLY; scalar tail dependence is not a cross-family order,CONDITIONAL_ON_CONVERGENCE_AUDIT,0.5632956113,0.3529685479,0.08373584086,True,0,0.5632956113,0.01172293056,DESCRIPTIVE_ONLY_NOT_WELFARE_OR_EXCLUSION,1,0,343.7164577,3.341529071,0.08373584086,0.4367043887,0.06366096945,1.563194019e-12,False,0,True,-210.0458067,-181.0656483,1.563194019e-12,False,True,True,False,True,False,False,2.842170943e-14,0,5.684341886e-13,1.298786614e-13,0.08960194413,1,0,0.001573948167,0.001573948167,0,-390.4449621,-0,-0.08960194413,-0,-239.4206253,390.4449621,0,0.08960194413,0,239.4206253,0.5632956113,0.4367043887,False,False,0,-0,0,-0,0.3529685479,0.6470314521,False,False,0,-0,0,-0,0.08373584086,0.9162641591,False,False,0,-0,0,-0
CRR-SIM-FREEZE-2026-07-19,4b5897f5d225af6334e3082ce8d9f065cdd7067f2664f3ef63426b5597055b27,ca4f0b86858a11607abd1c7ff4863214acb59c693318630e5515686ebe037048,LHS-02-017,lhs,2026071904,10000,61883490bfb9a121899209a00357fd345520cf6411d65af58896dfdd0457a6c9,student_t_df4,empirical_resample,0.005594821256,0.9364655062,0.7073978933,-179.7613757,-183.0052348,-178.4196132,0.7984585349,347.0579868,0.6269565807,0.08373584086,highs,optimal,0,351.46011,-179.7613757,-209.374537,False,False,False,solved,0.2132414525,0.2132425285,1.075987113e-06,0.07746819645,WITHIN_NAMED_FAMILY_ONLY; scalar tail dependence is not a cross-family order,CONDITIONAL_ON_CONVERGENCE_AUDIT,0.5647533438,0.3515108153,0.08373584086,True,0,0.5647533438,0.02939365409,DESCRIPTIVE_ONLY_NOT_WELFARE_OR_EXCLUSION,1,0,343.9950304,3.062956382,0.08373584086,0.4352466562,0.06220323691,1.847411113e-12,False,0,True,-209.374537,-179.7613757,1.847411113e-12,False,True,True,False,True,False,False,2.842170943e-14,0,5.96855898e-13,1.549925237e-13,0.07903354529,1,0,0.001573948167,0.001573948167,0,-385.543261,-0,-0.07903354529,-0,-237.3651712,385.543261,0,0.07903354529,0,237.3651712,0.5647533438,0.4352466562,False,False,0,-0,0,-0,0.3515108153,0.6484891847,False,False,0,-0,0,-0,0.08373584086,0.9162641591,False,False,0,-0,0,-0
CRR-SIM-FREEZE-2026-07-19,4b5897f5d225af6334e3082ce8d9f065cdd7067f2664f3ef63426b5597055b27,ca4f0b86858a11607abd1c7ff4863214acb59c693318630e5515686ebe037048,LHS-02-017,lhs,2026071905,10000,96f619768e1c21daede0631d040c5c20255b44804ffcc9621456daaba44cc78e,student_t_df4,empirical_resample,0.005594821256,0.9364655062,0.7073978933,-179.7404624,-183.3941737,-178.229172,0.7984585349,347.0579868,0.6269565807,0.08373584086,highs,optimal,0,352.4442035,-179.7404624,-210.4974092,False,False,False,solved,0.2110710899,0.2110733689,2.279019374e-06,0.07746819645,WITHIN_NAMED_FAMILY_ONLY; scalar tail dependence is not a cross-family order,CONDITIONAL_ON_CONVERGENCE_AUDIT,0.563668764,0.3525953951,0.08373584086,True,0,0.563668764,0.03383537981,DESCRIPTIVE_ONLY_NOT_WELFARE_OR_EXCLUSION,1,0,343.7877672,3.270219586,0.08373584086,0.436331236,0.06328781673,1.904254532e-12,False,0,True,-210.4974092,-179.7404624,1.904254532e-12,False,True,True,False,True,False,False,2.842170943e-14,0,5.115907697e-13,7.158094796e-14,0.03547226349,1,0,0.001573948167,0.001573948167,0,-378.5076479,-0,-0.03547226349,-0,-235.1160889,378.5076479,0,0.03547226349,0,235.1160889,0.563668764,0.436331236,False,False,0,-0,0,-0,0.3525953951,0.6474046049,False,False,0,-0,0,-0,0.08373584086,0.9162641591,False,False,0,-0,0,-0
CRR-SIM-FREEZE-2026-07-19,4b5897f5d225af6334e3082ce8d9f065cdd7067f2664f3ef63426b5597055b27,ca4f0b86858a11607abd1c7ff4863214acb59c693318630e5515686ebe037048,LHS-02-018,lhs,2026071901,10000,cfbf985e1e6f366fcbce9da52dac69f257de302eb217fd9912c18bb9ed5c006e,student_t_df4,gaussian,0.2352898117,0.9759580766,0.2676630925,-67.09933458,-74.87905539,-45.81370782,0.853434611,370.953888,0.8000503756,0.0320771464,highs,optimal,0,366.0059324,-67.09933458,-121.7540067,False,False,False,solved,0.1458410412,0.1458423012,1.259924482e-06,0.1861502296,WITHIN_NAMED_FAMILY_ONLY; scalar tail dependence is not a cross-family order,CONDITIONAL_ON_CONVERGENCE_AUDIT,0.5568825774,0.4110402762,0.0320771464,False,0,0.5568825774,0.3642579911,DESCRIPTIVE_ONLY_NOT_WELFARE_OR_EXCLUSION,1,-2.220446049e-16,347.1112806,23.84260745,0.0320771464,0.4431174226,0.2431677982,6.679101716e-13,False,0,True,-121.7540067,-67.09933458,6.679101716e-13,False,True,True,False,True,False,False,2.570388347e-12,0,1.136868377e-13,8.352152967e-14,0.0394424855,1,0,0.00415940099,0.00415940099,0,-376.1475299,-0,-0.0394424855,-0,-233.6564766,376.1475299,0,0.0394424855,0,233.6564766,0.5568825774,0.4431174226,False,False,0,-0,0,-0,0.4110402762,0.5889597238,False,False,0,-0,0,-0,0.0320771464,0.9679228536,False,False,0,-0,0,-0
CRR-SIM-FREEZE-2026-07-19,4b5897f5d225af6334e3082ce8d9f065cdd7067f2664f3ef63426b5597055b27,ca4f0b86858a11607abd1c7ff4863214acb59c693318630e5515686ebe037048,LHS-02-018,lhs,2026071902,10000,86e776fa84ce240014f391396d002af3e9464fc7b5f4d42814f6588693fb418a,student_t_df4,gaussian,0.2352898117,0.9759580766,0.2676630925,-78.40772218,-85.26099895,-59.65688332,0.853434611,370.953888,0.8000503756,0.0320771464,highs,optimal,0,366.9073602,-78.40772218,-127.1118673,False,False,False,solved,0.1642403643,0.1642415711,1.206835117e-06,0.1861502296,WITHIN_NAMED_FAMILY_ONLY; scalar tail dependence is not a cross-family order,CONDITIONAL_ON_CONVERGENCE_AUDIT,0.5660822124,0.4018406412,0.0320771464,False,0,0.5660822124,0.3647049735,DESCRIPTIVE_ONLY_NOT_WELFARE_OR_EXCLUSION,1,1.110223025e-16,348.8693308,22.08455721,0.0320771464,0.4339177876,0.2339681633,6.252776075e-13,False,0,True,-127.1118673,-78.40772218,6.252776075e-13,False,True,True,False,True,False,False,1.421085472e-14,0,2.273736754e-13,4.195586417e-14,0.0442794216,1,0,0.00415940099,0.00415940099,0,-377.9048285,-0,-0.0442794216,-0,-234.6100113,377.9048285,0,0.0442794216,0,234.6100113,0.5660822124,0.4339177876,False,False,0,-0,0,-0,0.4018406412,0.5981593588,False,False,0,-0,0,-0,0.0320771464,0.9679228536,False,False,0,-0,0,-0
CRR-SIM-FREEZE-2026-07-19,4b5897f5d225af6334e3082ce8d9f065cdd7067f2664f3ef63426b5597055b27,ca4f0b86858a11607abd1c7ff4863214acb59c693318630e5515686ebe037048,LHS-02-018,lhs,2026071903,10000,f066312fa92ecc4802b7f12637c637ff46eca76eade93e9da8e4ffb9b9fd1ad8,student_t_df4,gaussian,0.2352898117,0.9759580766,0.2676630925,-71.08191121,-78.24098556,-51.49439793,0.853434611,370.953888,0.8000503756,0.0320771464,highs,optimal,0,367.5523498,-71.08191121,-125.2889505,False,False,False,solved,0.1454394585,0.1454402717,8.132025917e-07,0.1861502296,WITHIN_NAMED_FAMILY_ONLY; scalar tail dependence is not a cross-family order,CONDITIONAL_ON_CONVERGENCE_AUDIT,0.5566815627,0.4112412909,0.0320771464,False,0,0.5566815627,0.3506557549,DESCRIPTIVE_ONLY_NOT_WELFARE_OR_EXCLUSION,1,0,347.0728667,23.88102137,0.0320771464,0.4433184373,0.243368813,6.394884622e-13,False,0,True,-125.2889505,-71.08191121,6.679101716e-13,False,True,True,False,True,False,False,1.534772309e-12,0,1.705302566e-13,3.584318847e-14,0.06637474106,1,0,0.00415940099,0.00415940099,0,-379.7907041,-0,-0.06637474106,-0,-234.4445104,379.7907041,0,0.06637474106,0,234.4445104,0.5566815627,0.4433184373,False,False,0,-0,0,-0,0.4112412909,0.5887587091,False,False,0,-0,0,-0,0.0320771464,0.9679228536,False,False,0,-0,0,-0
CRR-SIM-FREEZE-2026-07-19,4b5897f5d225af6334e3082ce8d9f065cdd7067f2664f3ef63426b5597055b27,ca4f0b86858a11607abd1c7ff4863214acb59c693318630e5515686ebe037048,LHS-02-018,lhs,2026071904,10000,fee6347540e8b7d39b57c979fc6f03fa149778dfbcc67fff4c54a22d02bd7dde,student_t_df4,gaussian,0.2352898117,0.9759580766,0.2676630925,-68.07435752,-75.73147283,-47.12418433,0.853434611,370.953888,0.8000503756,0.0320771464,highs,optimal,0,363.6304859,-68.07435752,-123.6618141,False,False,False,solved,0.1413651643,0.1413661666,1.002246813e-06,0.1861502296,WITHIN_NAMED_FAMILY_ONLY; scalar tail dependence is not a cross-family order,CONDITIONAL_ON_CONVERGENCE_AUDIT,0.5546445101,0.4132783435,0.0320771464,False,0,0.5546445101,0.3602425515,DESCRIPTIVE_ONLY_NOT_WELFARE_OR_EXCLUSION,1,1.110223025e-16,346.6835859,24.27030211,0.0320771464,0.4453554899,0.2454058655,4.97379915e-13,False,0,True,-123.6618141,-68.07435752,4.97379915e-13,False,True,True,False,True,False,False,1.335820343e-12,0,1.705302566e-13,4.159173722e-14,0.05211013211,1,0,0.00415940099,0.00415940099,0,-374.6250645,-0,-0.05211013211,-0,-232.1657524,374.6250645,0,0.05211013211,0,232.1657524,0.5546445101,0.4453554899,False,False,0,-0,0,-0,0.4132783435,0.5867216565,False,False,0,-0,0,-0,0.0320771464,0.9679228536,False,False,0,-0,0,-0
CRR-SIM-FREEZE-2026-07-19,4b5897f5d225af6334e3082ce8d9f065cdd7067f2664f3ef63426b5597055b27,ca4f0b86858a11607abd1c7ff4863214acb59c693318630e5515686ebe037048,LHS-02-018,lhs,2026071905,10000,98de7e1fd9676515c25d554ff51588ca0d6aafe5d32d933c49c6be2d9af9e4c4,student_t_df4,gaussian,0.2352898117,0.9759580766,0.2676630925,-67.06167006,-74.63348324,-46.34488691,0.853434611,370.953888,0.8000503756,0.0320771464,highs,optimal,0,365.5511414,-67.06167006,-122.5159988,False,False,False,solved,0.1392029725,0.1392045811,1.608598781e-06,0.1861502296,WITHIN_NAMED_FAMILY_ONLY; scalar tail dependence is not a cross-family order,CONDITIONAL_ON_CONVERGENCE_AUDIT,0.5535637173,0.4143591363,0.0320771464,False,0,0.5535637173,0.3770768529,DESCRIPTIVE_ONLY_NOT_WELFARE_OR_EXCLUSION,1,1.110223025e-16,346.4770464,24.47684161,0.0320771464,0.4464362827,0.2464866583,5.96855898e-13,False,0,True,-122.5159988,-67.06167006,6.110667528e-13,False,True,True,False,True,False,False,3.350208999e-12,0,5.684341886e-14,4.165596068e-14,0.03260706984,1,0,0.00415940099,0.00415940099,0,-375.203538,-0,-0.03260706984,-0,-232.7424005,375.203538,0,0.03260706984,0,232.7424005,0.5535637173,0.4464362827,False,False,0,-0,0,-0,0.4143591363,0.5856408637,False,False,0,-0,0,-0,0.0320771464,0.9679228536,False,False,0,-0,0,-0
CRR-SIM-FREEZE-2026-07-19,4b5897f5d225af6334e3082ce8d9f065cdd7067f2664f3ef63426b5597055b27,ca4f0b86858a11607abd1c7ff4863214acb59c693318630e5515686ebe037048,LHS-02-019,lhs,2026071901,10000,a13eb1dba78657f1d744b615715585d75877e5089158d5257549447e23b21a41,student_t_df4,student_t_df5,0.5886869603,0.9223137322,0.3009105599,-91.74547518,-93.76267159,-87.05903044,0.8916457558,387.5627442,0.5663297358,0.09198833308,highs,optimal,0,352.5184917,-91.74547518,-184.6905864,False,False,False,solved,0.1362902731,0.1362912535,9.803611865e-07,0.4878119696,WITHIN_NAMED_FAMILY_ONLY; scalar tail dependence is not a cross-family order,CONDITIONAL_ON_CONVERGENCE_AUDIT,0.5221514602,0.3858602067,0.09198833308,False,0,0.5221514602,0.8070285471,DESCRIPTIVE_ONLY_NOT_WELFARE_OR_EXCLUSION,1,0,335.1157075,52.44703666,0.09198833308,0.4778485398,0.0441782756,-2.23110419e-12,False,0,True,-184.6905864,-91.74547518,-2.202682481e-12,False,True,True,False,True,False,False,2.302158464e-12,0,5.115907697e-13,1.586593294e-13,0.06891764049,1,0,0.001287228784,0.001287228784,0,-380.8224737,-0,-0.06891764049,-0,-238.9553067,380.8224737,0,0.06891764049,0,238.9553067,0.5221514602,0.4778485398,False,False,0,-0,0,-0,0.3858602067,0.6141397933,False,False,0,-0,0,-0,0.09198833308,0.9080116669,False,False,0,-0,0,-0
CRR-SIM-FREEZE-2026-07-19,4b5897f5d225af6334e3082ce8d9f065cdd7067f2664f3ef63426b5597055b27,ca4f0b86858a11607abd1c7ff4863214acb59c693318630e5515686ebe037048,LHS-02-019,lhs,2026071902,10000,5d08fc2490ff29c39bfac1b130caa6f6dbbc5e8cd2223cbf16164f718d2ba49d,student_t_df4,student_t_df5,0.5886869603,0.9223137322,0.3009105599,-98.53257296,-100.5553784,-93.83309714,0.8916457558,387.5627442,0.5663297358,0.09198833308,highs,optimal,0,353.6760813,-98.53257296,-183.1851902,False,False,False,solved,0.1365894027,0.1365903627,9.599971431e-07,0.4878119696,WITHIN_NAMED_FAMILY_ONLY; scalar tail dependence is not a cross-family order,CONDITIONAL_ON_CONVERGENCE_AUDIT,0.5223010148,0.3857106521,0.09198833308,False,0,0.5223010148,0.8012915313,DESCRIPTIVE_ONLY_NOT_WELFARE_OR_EXCLUSION,1,0,335.1442874,52.41845678,0.09198833308,0.4776989852,0.04402872099,-2.458477866e-12,False,0,True,-183.1851902,-98.53257296,-2.458477866e-12,False,True,True,False,True,False,False,2.117417353e-12,0,6.252776075e-13,1.508262638e-13,0.07123124007,1,0,0.001287228784,0.001287228784,0,-382.7327877,-0,-0.07123124007,-0,-239.575045,382.7327877,0,0.07123124007,0,239.575045,0.5223010148,0.4776989852,False,False,0,-0,0,-0,0.3857106521,0.6142893479,False,False,0,-0,0,-0,0.09198833308,0.9080116669,False,False,0,-0,0,-0
CRR-SIM-FREEZE-2026-07-19,4b5897f5d225af6334e3082ce8d9f065cdd7067f2664f3ef63426b5597055b27,ca4f0b86858a11607abd1c7ff4863214acb59c693318630e5515686ebe037048,LHS-02-019,lhs,2026071903,10000,aa141ee0dfef398cfc7a621032abf4164c282ded428617329a1fd2811b5faca3,student_t_df4,student_t_df5,0.5886869603,0.9223137322,0.3009105599,-98.28759723,-100.1471087,-93.96749359,0.8916457558,387.5627442,0.5663297358,0.09198833308,highs,optimal,0,353.9388184,-98.28759723,-186.8414641,False,False,False,solved,0.1415156724,0.1415164765,8.040837358e-07,0.4878119696,WITHIN_NAMED_FAMILY_ONLY; scalar tail dependence is not a cross-family order,CONDITIONAL_ON_CONVERGENCE_AUDIT,0.5247640717,0.3832475952,0.09198833308,False,0,0.5247640717,0.7951428832,DESCRIPTIVE_ONLY_NOT_WELFARE_OR_EXCLUSION,1,0,335.6149776,51.9477666,0.09198833308,0.4752359283,0.04156566409,-2.245315045e-12,False,0,True,-186.8414641,-98.28759723,-2.23110419e-12,False,True,True,False,True,False,False,2.032152224e-12,0,6.821210263e-13,1.76291468e-13,0.08675111338,1,0,0.001287228784,0.001287228784,0,-384.6322813,-0,-0.08675111338,-0,-240.9751718,384.6322813,0,0.08675111338,0,240.9751718,0.5247640717,0.4752359283,False,False,0,-0,0,-0,0.3832475952,0.6167524048,False,False,0,-0,0,-0,0.09198833308,0.9080116669,False,False,0,-0,0,-0
CRR-SIM-FREEZE-2026-07-19,4b5897f5d225af6334e3082ce8d9f065cdd7067f2664f3ef63426b5597055b27,ca4f0b86858a11607abd1c7ff4863214acb59c693318630e5515686ebe037048,LHS-02-019,lhs,2026071904,10000,b8647e00c041af982166dc23acfcc8efa30d74863840f79579f598d1942da229,student_t_df4,student_t_df5,0.5886869603,0.9223137322,0.3009105599,-97.67960895,-99.5251171,-93.3920384,0.8916457558,387.5627442,0.5663297358,0.09198833308,highs,optimal,0,349.9412939,-97.67960895,-179.1566486,False,False,False,solved,0.1415956052,0.1415965987,9.934449338e-07,0.4878119696,WITHIN_NAMED_FAMILY_ONLY; scalar tail dependence is not a cross-family order,CONDITIONAL_ON_CONVERGENCE_AUDIT,0.5248041328,0.3832075341,0.09198833308,False,0,0.5248041328,0.809737522,DESCRIPTIVE_ONLY_NOT_WELFARE_OR_EXCLUSION,1,0,335.6226333,51.94011093,0.09198833308,0.4751958672,0.04152560301,-2.160049917e-12,False,0,True,-179.1566486,-97.67960895,-2.160049917e-12,False,True,True,False,True,False,False,2.103206498e-12,0,3.97903932e-13,1.478023085e-13,0.0702747489,1,0,0.001287228784,0.001287228784,0,-378.6410876,-0,-0.0702747489,-0,-237.3712287,378.6410876,0,0.0702747489,0,237.3712287,0.5248041328,0.4751958672,False,False,0,-0,0,-0,0.3832075341,0.6167924659,False,False,0,-0,0,-0,0.09198833308,0.9080116669,False,False,0,-0,0,-0
CRR-SIM-FREEZE-2026-07-19,4b5897f5d225af6334e3082ce8d9f065cdd7067f2664f3ef63426b5597055b27,ca4f0b86858a11607abd1c7ff4863214acb59c693318630e5515686ebe037048,LHS-02-019,lhs,2026071905,10000,b55675207eb0624ec742d1e9022c5a881c87fa199edb13019f10c1953ed3d0ad,student_t_df4,student_t_df5,0.5886869603,0.9223137322,0.3009105599,-96.71025692,-98.67464739,-92.14649339,0.8916457558,387.5627442,0.5663297358,0.09198833308,highs,optimal,0,353.0559308,-96.71025692,-184.0361857,False,False,False,solved,0.1381860897,0.1381871125,1.022889006e-06,0.4878119696,WITHIN_NAMED_FAMILY_ONLY; scalar tail dependence is not a cross-family order,CONDITIONAL_ON_CONVERGENCE_AUDIT,0.5230993897,0.3849122772,0.09198833308,False,0,0.5230993897,0.8092715734,DESCRIPTIVE_ONLY_NOT_WELFARE_OR_EXCLUSION,1,0,335.2968569,52.26588733,0.09198833308,0.4769006103,0.04323034607,-2.287947609e-12,False,0,True,-184.0361857,-96.71025692,-2.302158464e-12,False,True,True,False,True,False,False,2.245315045e-12,0,3.97903932e-13,1.490753404e-13,0.06639395247,1,0,0.001287228784,0.001287228784,0,-381.5160742,-0,-0.06639395247,-0,-239.586548,381.5160742,0,0.06639395247,0,239.586548,0.5230993897,0.4769006103,False,False,0,-0,0,-0,0.3849122772,0.6150877228,False,False,0,-0,0,-0,0.09198833308,0.9080116669,False,False,0,-0,0,-0
CRR-SIM-FREEZE-2026-07-19,4b5897f5d225af6334e3082ce8d9f065cdd7067f2664f3ef63426b5597055b27,ca4f0b86858a11607abd1c7ff4863214acb59c693318630e5515686ebe037048,LHS-02-020,lhs,2026071901,10000,bb4496c3f1b244146b8d724ed1612d5bb4f846a639988071d2cc2c1e420df680,student_t_df4,empirical_resample,0.3712925384,0.9657569037,0.6213664762,-142.8130362,-144.8773472,-141.5551355,1.07001584,465.0930851,0.6931649904,0.05188812584,highs,optimal,0,362.0877662,-142.8130362,-155.5730044,False,False,False,solved,0.3972594465,0.3972606613,1.214800731e-06,0.2826188791,WITHIN_NAMED_FAMILY_ONLY; scalar tail dependence is not a cross-family order,CONDITIONAL_ON_CONVERGENCE_AUDIT,0.6726862678,0.2754256064,0.05188812584,False,0,0.6726862678,0.5250789315,DESCRIPTIVE_ONLY_NOT_WELFARE_OR_EXCLUSION,1,-2.220446049e-16,367.4694718,97.62361326,0.05188812584,0.3273137322,0.02047872261,-9.663381206e-13,False,0,True,-155.5730044,-142.8130362,-9.663381206e-13,False,True,True,False,True,False,False,1.051603249e-12,0,3.694822226e-13,1.026721366e-13,0.09763390963,1,0,0.002920296669,0.002920296669,0,-388.6568145,-0,-0.09763390963,-0,-243.3245196,388.6568145,0,0.09763390963,0,243.3245196,0.6726862678,0.3273137322,False,False,0,-0,0,-0,0.2754256064,0.7245743936,False,False,0,-0,0,-0,0.05188812584,0.9481118742,False,False,0,-0,0,-0
CRR-SIM-FREEZE-2026-07-19,4b5897f5d225af6334e3082ce8d9f065cdd7067f2664f3ef63426b5597055b27,ca4f0b86858a11607abd1c7ff4863214acb59c693318630e5515686ebe037048,LHS-02-020,lhs,2026071902,10000,9976d973871459f6caa3194a12ab4fbbab108d2834527d1965f785862427eb07,student_t_df4,empirical_resample,0.3712925384,0.9657569037,0.6213664762,-142.737309,-144.9504445,-141.3887212,1.07001584,465.0930851,0.6931649904,0.05188812584,highs,optimal,0,362.5855401,-142.737309,-152.9778521,False,False,False,solved,0.3917017178,0.391702964,1.24615793e-06,0.2826188791,WITHIN_NAMED_FAMILY_ONLY; scalar tail dependence is not a cross-family order,CONDITIONAL_ON_CONVERGENCE_AUDIT,0.6699074191,0.2782044551,0.05188812584,False,0,0.6699074191,0.5250549435,DESCRIPTIVE_ONLY_NOT_WELFARE_OR_EXCLUSION,1,0,366.9384338,98.15465124,0.05188812584,0.3300925809,0.02325757129,-5.96855898e-13,False,0,True,-152.9778521,-142.737309,-5.96855898e-13,False,True,True,False,True,False,False,6.821210263e-13,0,1.98951966e-13,6.869238119e-14,0.1007040958,1,0,0.002920296669,0.002920296669,0,-389.5630702,-0,-0.1007040958,-0,-242.8936925,389.5630702,0,0.1007040958,0,242.8936925,0.6699074191,0.3300925809,False,False,0,-0,0,-0,0.2782044551,0.7217955449,False,False,0,-0,0,-0,0.05188812584,0.9481118742,False,False,0,-0,0,-0
CRR-SIM-FREEZE-2026-07-19,4b5897f5d225af6334e3082ce8d9f065cdd7067f2664f3ef63426b5597055b27,ca4f0b86858a11607abd1c7ff4863214acb59c693318630e5515686ebe037048,LHS-02-020,lhs,2026071903,10000,79bfcc8424b540dcc87437b13d7c914f1244a98598ff4e99f1c710f0eb1ed377,student_t_df4,empirical_resample,0.3712925384,0.9657569037,0.6213664762,-143.0087597,-144.7829326,-141.9276565,1.07001584,465.0930851,0.6931649904,0.05188812584,highs,optimal,0,363.5256671,-143.0087597,-154.9221041,False,False,False,solved,0.4011902736,0.401191166,8.924141166e-07,0.2826188791,WITHIN_NAMED_FAMILY_ONLY; scalar tail dependence is not a cross-family order,CONDITIONAL_ON_CONVERGENCE_AUDIT,0.6746515201,0.2734603541,0.05188812584,False,0,0.6746515201,0.5081623401,DESCRIPTIVE_ONLY_NOT_WELFARE_OR_EXCLUSION,1,0,367.8450315,97.24805354,0.05188812584,0.3253484799,0.01851347027,-6.252776075e-13,False,0,True,-154.9221041,-143.0087597,-6.252776075e-13,False,True,True,False,True,False,False,7.105427358e-13,0,3.410605132e-13,9.941343895e-14,0.1399119771,1,0,0.002920296669,0.002920296669,0,-396.3696509,-0,-0.1399119771,-0,-247.3657552,396.3696509,0,0.1399119771,0,247.3657552,0.6746515201,0.3253484799,False,False,0,-0,0,-0,0.2734603541,0.7265396459,False,False,0,-0,0,-0,0.05188812584,0.9481118742,False,False,0,-0,0,-0
CRR-SIM-FREEZE-2026-07-19,4b5897f5d225af6334e3082ce8d9f065cdd7067f2664f3ef63426b5597055b27,ca4f0b86858a11607abd1c7ff4863214acb59c693318630e5515686ebe037048,LHS-02-020,lhs,2026071904,10000,48495ad0041611fa3a05a04e4e34022c2d748aeed2513b8be4beaad028821d8d,student_t_df4,empirical_resample,0.3712925384,0.9657569037,0.6213664762,-142.5743658,-144.4699404,-141.4192857,1.07001584,465.0930851,0.6931649904,0.05188812584,highs,optimal,0,359.3890237,-142.5743658,-152.5487814,False,False,False,solved,0.3982490061,0.3982500333,1.027186201e-06,0.2826188791,WITHIN_NAMED_FAMILY_ONLY; scalar tail dependence is not a cross-family order,CONDITIONAL_ON_CONVERGENCE_AUDIT,0.6731809537,0.2749309204,0.05188812584,False,0,0.6731809537,0.518065754,DESCRIPTIVE_ONLY_NOT_WELFARE_OR_EXCLUSION,1,0,367.5640063,97.52907877,0.05188812584,0.3268190463,0.01998403666,-7.673861546e-13,False,0,True,-152.5487814,-142.5743658,-7.673861546e-13,False,True,True,False,True,False,False,9.379164112e-13,0,3.410605132e-13,1.139717462e-13,0.1215158887,1,0,0.002920296669,0.002920296669,0,-389.3213338,-0,-0.1215158887,-0,-242.9700266,389.3213338,0,0.1215158887,0,242.9700266,0.6731809537,0.3268190463,False,False,0,-0,0,-0,0.2749309204,0.7250690796,False,False,0,-0,0,-0,0.05188812584,0.9481118742,False,False,0,-0,0,-0
CRR-SIM-FREEZE-2026-07-19,4b5897f5d225af6334e3082ce8d9f065cdd7067f2664f3ef63426b5597055b27,ca4f0b86858a11607abd1c7ff4863214acb59c693318630e5515686ebe037048,LHS-02-020,lhs,2026071905,10000,620ff9faa5bddcbee1a5bec40e25fbe4628cdbc1f0337e9a10839915c3e050a8,student_t_df4,empirical_resample,0.3712925384,0.9657569037,0.6213664762,-142.6079413,-144.8163642,-141.262225,1.07001584,465.0930851,0.6931649904,0.05188812584,highs,optimal,0,362.1563948,-142.6079413,-153.0062537,False,False,False,solved,0.392430101,0.392431278,1.177011029e-06,0.2826188791,WITHIN_NAMED_FAMILY_ONLY; scalar tail dependence is not a cross-family order,CONDITIONAL_ON_CONVERGENCE_AUDIT,0.6702715761,0.2778402981,0.05188812584,False,0,0.6702715761,0.5330634367,DESCRIPTIVE_ONLY_NOT_WELFARE_OR_EXCLUSION,1,0,367.0080242,98.08506083,0.05188812584,0.3297284239,0.02289341426,-4.547473509e-13,False,0,True,-153.0062537,-142.6079413,-4.547473509e-13,False,True,True,False,True,False,False,5.96855898e-13,0,5.400124792e-13,6.274294115e-14,0.105122428,1,0,0.002920296669,0.002920296669,0,-389.7935518,-0,-0.105122428,-0,-243.7140249,389.7935518,0,0.105122428,0,243.7140249,0.6702715761,0.3297284239,False,False,0,-0,0,-0,0.2778402981,0.7221597019,False,False,0,-0,0,-0,0.05188812584,0.9481118742,False,False,0,-0,0,-0
CRR-SIM-FREEZE-2026-07-19,4b5897f5d225af6334e3082ce8d9f065cdd7067f2664f3ef63426b5597055b27,ca4f0b86858a11607abd1c7ff4863214acb59c693318630e5515686ebe037048,LHS-02-021,lhs,2026071901,10000,4cbc46a741f1fa442673e94189ec6f88b17c33a0182f12aedc0b520b4a2dcfb7,student_t_df4,gaussian,0.5586643214,0.9460365471,0.3844614581,-83.23082855,-83.73855095,-82.41794419,0.7782923181,338.292539,0.459578236,0.136948845,highs,optimal,0,341.4536811,-83.23082855,-139.0201789,False,False,False,solved,0.04062858119,0.04062964022,1.059023506e-06,0.4559622959,WITHIN_NAMED_FAMILY_ONLY; scalar tail dependence is not a cross-family order,CONDITIONAL_ON_CONVERGENCE_AUDIT,0.4518403976,0.4112107574,0.136948845,False,0,0.4518403976,0.7648340272,DESCRIPTIVE_ONLY_NOT_WELFARE_OR_EXCLUSION,1,0,317.6579953,20.63454372,0.136948845,0.5481596024,0.007737838355,-1.008970685e-12,False,0,True,-139.0201789,-83.23082855,-1.023181539e-12,False,True,True,False,True,False,False,1.065814104e-12,0,7.958078641e-13,6.547191509e-14,0.06142901925,1,0,0.00185310603,0.00185310603,0,-379.0462674,-0,-0.06142901925,-0,-237.167375,379.0462674,0,0.06142901925,0,237.167375,0.4518403976,0.5481596024,False,False,0,-0,0,-0,0.4112107574,0.5887892426,False,False,0,-0,0,-0,0.136948845,0.863051155,False,False,0,-0,0,-0
CRR-SIM-FREEZE-2026-07-19,4b5897f5d225af6334e3082ce8d9f065cdd7067f2664f3ef63426b5597055b27,ca4f0b86858a11607abd1c7ff4863214acb59c693318630e5515686ebe037048,LHS-02-021,lhs,2026071902,10000,a0dbf80791b5d4be33c9badfa5a74aeba3c54db2e69986af297e70544e1d4d1c,student_t_df4,gaussian,0.5586643214,0.9460365471,0.3844614581,-90.98429987,-91.41112535,-90.30093479,0.7782923181,338.292539,0.459578236,0.136948845,highs,optimal,0,342.337392,-90.98429987,-144.058841,False,False,False,solved,0.04257321565,0.04257422786,1.012214537e-06,0.4559622959,WITHIN_NAMED_FAMILY_ONLY; scalar tail dependence is not a cross-family order,CONDITIONAL_ON_CONVERGENCE_AUDIT,0.4528126914,0.4102384636,0.136948845,False,0,0.4528126914,0.7646073925,DESCRIPTIVE_ONLY_NOT_WELFARE_OR_EXCLUSION,1,0,317.8438006,20.44873837,0.136948845,0.5471873086,0.006765544532,-1.165290087e-12,False,0,True,-144.058841,-90.98429987,-1.165290087e-12,False,True,True,False,True,False,False,1.108446668e-12,0,5.115907697e-13,7.471863651e-14,0.06740841818,1,0,0.00185310603,0.00185310603,0,-381.1260068,-0,-0.06740841818,-0,-238.4504018,381.1260068,0,0.06740841818,0,238.4504018,0.4528126914,0.5471873086,False,False,0,-0,0,-0,0.4102384636,0.5897615364,False,False,0,-0,0,-0,0.136948845,0.863051155,False,False,0,-0,0,-0
CRR-SIM-FREEZE-2026-07-19,4b5897f5d225af6334e3082ce8d9f065cdd7067f2664f3ef63426b5597055b27,ca4f0b86858a11607abd1c7ff4863214acb59c693318630e5515686ebe037048,LHS-02-021,lhs,2026071903,10000,894317eb5d48e49797e09ce67e77836bd9387d0d88d2f253fcf422188365ebe0,student_t_df4,gaussian,0.5586643214,0.9460365471,0.3844614581,-87.78029272,-88.23787719,-87.04768124,0.7782923181,338.292539,0.459578236,0.136948845,highs,optimal,0,343.0775767,-87.78029272,-143.7348449,False,False,False,solved,0.04180371024,0.04180449862,7.883804015e-07,0.4559622959,WITHIN_NAMED_FAMILY_ONLY; scalar tail dependence is not a cross-family order,CONDITIONAL_ON_CONVERGENCE_AUDIT,0.4524278268,0.4106233282,0.136948845,False,0,0.4524278268,0.7588372583,DESCRIPTIVE_ONLY_NOT_WELFARE_OR_EXCLUSION,1,0,317.770253,20.522286,0.136948845,0.5475721732,0.007150409153,-8.526512829e-13,False,0,True,-143.7348449,-87.78029272,-8.526512829e-13,False,True,True,False,True,False,False,7.247535905e-13,0,6.821210263e-13,6.208963973e-14,0.08566999949,1,0,0.00185310603,0.00185310603,0,-383.4310715,-0,-0.08566999949,-0,-239.7490624,383.4310715,0,0.08566999949,0,239.7490624,0.4524278268,0.5475721732,False,False,0,-0,0,-0,0.4106233282,0.5893766718,False,False,0,-0,0,-0,0.136948845,0.863051155,False,False,0,-0,0,-0
CRR-SIM-FREEZE-2026-07-19,4b5897f5d225af6334e3082ce8d9f065cdd7067f2664f3ef63426b5597055b27,ca4f0b86858a11607abd1c7ff4863214acb59c693318630e5515686ebe037048,LHS-02-021,lhs,2026071904,10000,7fab1ac3fd55caebc9c1be547e9916a7a793b25c8643ae86cbde8274c5874382,student_t_df4,gaussian,0.5586643214,0.9460365471,0.3844614581,-85.78997252,-86.28149852,-85.00301925,0.7782923181,338.292539,0.459578236,0.136948845,highs,optimal,0,338.5111137,-85.78997252,-140.9790846,False,False,False,solved,0.04070548695,0.04070648061,9.93657054e-07,0.4559622959,WITHIN_NAMED_FAMILY_ONLY; scalar tail dependence is not a cross-family order,CONDITIONAL_ON_CONVERGENCE_AUDIT,0.4518788178,0.4111723372,0.136948845,False,0,0.4518788178,0.7631874794,DESCRIPTIVE_ONLY_NOT_WELFARE_OR_EXCLUSION,1,0,317.6653374,20.62720162,0.136948845,0.5481211822,0.007699418157,-1.065814104e-12,False,0,True,-140.9790846,-85.78997252,-1.065814104e-12,False,True,True,False,True,False,False,1.193711796e-12,0,1.98951966e-13,7.965256434e-14,0.0667267967,1,0,0.00185310603,0.00185310603,0,-376.4903686,-0,-0.0667267967,-0,-235.524183,376.4903686,0,0.0667267967,0,235.524183,0.4518788178,0.5481211822,False,False,0,-0,0,-0,0.4111723372,0.5888276628,False,False,0,-0,0,-0,0.136948845,0.863051155,False,False,0,-0,0,-0
CRR-SIM-FREEZE-2026-07-19,4b5897f5d225af6334e3082ce8d9f065cdd7067f2664f3ef63426b5597055b27,ca4f0b86858a11607abd1c7ff4863214acb59c693318630e5515686ebe037048,LHS-02-021,lhs,2026071905,10000,e6f145763591092e0d5c8cb8e2897116f923289f110459137dc68faa767b24a3,student_t_df4,gaussian,0.5586643214,0.9460365471,0.3844614581,-87.27183655,-87.80081537,-86.4249198,0.7782923181,338.292539,0.459578236,0.136948845,highs,optimal,0,341.4606638,-87.27183655,-141.4691482,False,False,False,solved,0.04035947191,0.04036064305,1.171141984e-06,0.4559622959,WITHIN_NAMED_FAMILY_ONLY; scalar tail dependence is not a cross-family order,CONDITIONAL_ON_CONVERGENCE_AUDIT,0.451705899,0.411345256,0.136948845,False,0,0.451705899,0.7715061916,DESCRIPTIVE_ONLY_NOT_WELFARE_OR_EXCLUSION,1,0,317.6322926,20.6602464,0.136948845,0.548294101,0.007872336939,-1.037392394e-12,False,0,True,-141.4691482,-87.27183655,-1.051603249e-12,False,True,True,False,True,False,False,9.947598301e-13,0,3.97903932e-13,5.403276972e-14,0.05431740214,1,0,0.00185310603,0.00185310603,0,-378.5939169,-0,-0.05431740214,-0,-236.532653,378.5939169,0,0.05431740214,0,236.532653,0.451705899,0.548294101,False,False,0,-0,0,-0,0.411345256,0.588654744,False,False,0,-0,0,-0,0.136948845,0.863051155,False,False,0,-0,0,-0
CRR-SIM-FREEZE-2026-07-19,4b5897f5d225af6334e3082ce8d9f065cdd7067f2664f3ef63426b5597055b27,ca4f0b86858a11607abd1c7ff4863214acb59c693318630e5515686ebe037048,LHS-02-022,lhs,2026071901,10000,0c70e8a3737c886dd9f325ab4b4cee8c7d9ddc2e32815c12aa0f83907e871e6e,student_t_df4,student_t_df5,0.06323784846,0.9303821224,0.1556721982,-131.9612635,-147.6141532,-47.06383069,1.056365775,459.1599478,0.8873930368,0.1476551469,highs,optimal,0,339.7355382,-131.9612635,-202.9508347,False,False,False,solved,0.2005248089,0.200525768,9.591456856e-07,0.09882745939,WITHIN_NAMED_FAMILY_ONLY; scalar tail dependence is not a cross-family order,CONDITIONAL_ON_CONVERGENCE_AUDIT,0.5264353106,0.3259095425,0.1476551469,True,0,0.5264353106,0.1316557963,DESCRIPTIVE_ONLY_NOT_WELFARE_OR_EXCLUSION,1,0,330.9555115,128.2044363,0.1476551469,0.4735646894,0.3609577262,2.103206498e-12,False,0,True,-202.9508347,-131.9612635,2.103206498e-12,False,True,True,False,True,False,False,5.684341886e-14,0,4.831690603e-13,7.604721268e-14,0.03567564569,1,0,0.00143641265,0.00143641265,0,-379.3400668,-0,-0.03567564569,-0,-236.339376,379.3400668,0,0.03567564569,0,236.339376,0.5264353106,0.4735646894,False,False,0,-0,0,-0,0.3259095425,0.6740904575,False,False,0,-0,0,-0,0.1476551469,0.8523448531,False,False,0,-0,0,-0
CRR-SIM-FREEZE-2026-07-19,4b5897f5d225af6334e3082ce8d9f065cdd7067f2664f3ef63426b5597055b27,ca4f0b86858a11607abd1c7ff4863214acb59c693318630e5515686ebe037048,LHS-02-022,lhs,2026071902,10000,f3d83e30d015d1e65d78fc0c205f1b1ec90276d234a4a49083aa404a0d0751f5,student_t_df4,student_t_df5,0.06323784846,0.9303821224,0.1556721982,-133.914934,-149.2450879,-50.76794107,1.056365775,459.1599478,0.8873930368,0.1476551469,highs,optimal,0,340.35062,-133.914934,-203.5685506,False,False,False,solved,0.2079681703,0.2079691755,1.005230625e-06,0.09882745939,WITHIN_NAMED_FAMILY_ONLY; scalar tail dependence is not a cross-family order,CONDITIONAL_ON_CONVERGENCE_AUDIT,0.5301570143,0.3221878388,0.1476551469,True,0,0.5301570143,0.1151993851,DESCRIPTIVE_ONLY_NOT_WELFARE_OR_EXCLUSION,1,0,331.6667291,127.4932187,0.1476551469,0.4698429857,0.3572360224,2.103206498e-12,False,0,True,-203.5685506,-133.914934,2.103206498e-12,False,True,True,False,True,False,False,5.684341886e-14,0,5.115907697e-13,7.187041512e-14,0.03664804968,1,0,0.00143641265,0.00143641265,0,-380.1371472,-0,-0.03664804968,-0,-236.2180172,380.1371472,0,0.03664804968,0,236.2180172,0.5301570143,0.4698429857,False,False,0,-0,0,-0,0.3221878388,0.6778121612,False,False,0,-0,0,-0,0.1476551469,0.8523448531,False,False,0,-0,0,-0
CRR-SIM-FREEZE-2026-07-19,4b5897f5d225af6334e3082ce8d9f065cdd7067f2664f3ef63426b5597055b27,ca4f0b86858a11607abd1c7ff4863214acb59c693318630e5515686ebe037048,LHS-02-022,lhs,2026071903,10000,d0e020ec20b9d5a5ee2e94e07ed4ed3467d1cc881e0bb2958cd331a79385d99d,student_t_df4,student_t_df5,0.06323784846,0.9303821224,0.1556721982,-137.2710663,-152.6168028,-54.03955735,1.056365775,459.1599478,0.8873930368,0.1476551469,highs,optimal,0,340.7927367,-137.2710663,-205.0725125,False,False,False,solved,0.2120329592,0.2120336538,6.945647881e-07,0.09882745939,WITHIN_NAMED_FAMILY_ONLY; scalar tail dependence is not a cross-family order,CONDITIONAL_ON_CONVERGENCE_AUDIT,0.5321892534,0.3201555997,0.1476551469,True,0,0.5321892534,0.09319614404,DESCRIPTIVE_ONLY_NOT_WELFARE_OR_EXCLUSION,1,0,332.05509,127.1048578,0.1476551469,0.4678107466,0.3552037833,1.847411113e-12,False,0,True,-205.0725125,-137.2710663,1.847411113e-12,False,True,True,False,True,False,False,5.684341886e-14,0,3.97903932e-13,9.395682496e-14,0.0524732046,1,0,0.00143641265,0.00143641265,2.168404345e-19,-383.0711277,-0,-0.0524732046,-0,-237.5490388,383.0711277,0,0.0524732046,0,237.5490388,0.5321892534,0.4678107466,False,False,0,-0,0,-0,0.3201555997,0.6798444003,False,False,0,-0,0,-0,0.1476551469,0.8523448531,False,False,0,-0,0,-0
CRR-SIM-FREEZE-2026-07-19,4b5897f5d225af6334e3082ce8d9f065cdd7067f2664f3ef63426b5597055b27,ca4f0b86858a11607abd1c7ff4863214acb59c693318630e5515686ebe037048,LHS-02-022,lhs,2026071904,10000,ecefbef83f464ac3fb71bf72133f1e8ce304e4ea69278ed4901ed4330e96b105,student_t_df4,student_t_df5,0.06323784846,0.9303821224,0.1556721982,-136.6038388,-152.2043201,-51.9906566,1.056365775,459.1599478,0.8873930368,0.1476551469,highs,optimal,0,337.9790307,-136.6038388,-200.7966721,False,False,False,solved,0.2053430965,0.205343959,8.624615135e-07,0.09882745939,WITHIN_NAMED_FAMILY_ONLY; scalar tail dependence is not a cross-family order,CONDITIONAL_ON_CONVERGENCE_AUDIT,0.528844406,0.3235004471,0.1476551469,True,0,0.528844406,0.1656867246,DESCRIPTIVE_ONLY_NOT_WELFARE_OR_EXCLUSION,1,0,331.4158897,127.7440581,0.1476551469,0.471155594,0.3585486307,2.074784788e-12,False,0,True,-200.7966721,-136.6038388,2.074784788e-12,False,True,True,False,True,False,False,5.684341886e-14,0,7.389644452e-13,1.047864187e-13,0.04142521737,1,0,0.00143641265,0.00143641265,0,-378.3584028,-0,-0.04142521737,-0,-235.1460762,378.3584028,0,0.04142521737,0,235.1460762,0.528844406,0.471155594,False,False,0,-0,0,-0,0.3235004471,0.6764995529,False,False,0,-0,0,-0,0.1476551469,0.8523448531,False,False,0,-0,0,-0
CRR-SIM-FREEZE-2026-07-19,4b5897f5d225af6334e3082ce8d9f065cdd7067f2664f3ef63426b5597055b27,ca4f0b86858a11607abd1c7ff4863214acb59c693318630e5515686ebe037048,LHS-02-022,lhs,2026071905,10000,e8308ff138a655c4c9f3c85a586e325e8f86ffd437fb0d79e2a9aedf913f8869,student_t_df4,student_t_df5,0.06323784846,0.9303821224,0.1556721982,-135.9035189,-150.9793339,-54.13599755,1.056365775,459.1599478,0.8873930368,0.1476551469,highs,optimal,0,340.1785167,-135.9035189,-204.9215045,False,False,False,solved,0.1987249829,0.1987260731,1.090218348e-06,0.09882745939,WITHIN_NAMED_FAMILY_ONLY; scalar tail dependence is not a cross-family order,CONDITIONAL_ON_CONVERGENCE_AUDIT,0.5255354631,0.32680939,0.1476551469,True,0,0.5255354631,0.1321644002,DESCRIPTIVE_ONLY_NOT_WELFARE_OR_EXCLUSION,1,0,330.7835507,128.3763971,0.1476551469,0.4744645369,0.3618575736,2.131628207e-12,False,0,True,-204.9215045,-135.9035189,2.131628207e-12,False,True,True,False,True,False,False,2.273736754e-13,0,5.96855898e-13,6.314142004e-14,0.03219697416,1,0,0.00143641265,0.00143641265,0,-379.6021573,-0,-0.03219697416,-0,-237.3636088,379.6021573,0,0.03219697416,0,237.3636088,0.5255354631,0.4744645369,False,False,0,-0,0,-0,0.32680939,0.67319061,False,False,0,-0,0,-0,0.1476551469,0.8523448531,False,False,0,-0,0,-0
CRR-SIM-FREEZE-2026-07-19,4b5897f5d225af6334e3082ce8d9f065cdd7067f2664f3ef63426b5597055b27,ca4f0b86858a11607abd1c7ff4863214acb59c693318630e5515686ebe037048,LHS-02-023,lhs,2026071901,10000,ac6c257ffbb7c6415ee89634ceaaadff8bed78875cdc4362a2f79836cbf64e94,student_t_df4,empirical_resample,0.2052039981,0.9805425852,0.7947361976,-146.1580803,-153.4787001,-144.2673167,0.7460884315,324.2947976,0.5337771935,0.05839285178,highs,optimal,0,358.8910164,-153.4787001,-162.732371,True,True,True,solved,-0.04200149027,-0.04200005634,1.433930037e-06,0.1681661688,WITHIN_NAMED_FAMILY_ONLY; scalar tail dependence is not a cross-family order,CONDITIONAL_ON_CONVERGENCE_AUDIT,0.4498035284,0.4918036198,0.05839285178,False,0,0.4498035284,0.3060060866,DESCRIPTIVE_ONLY_NOT_WELFARE_OR_EXCLUSION,1,0,324.2947976,0,0.05839285178,0.5081963802,0.08397366508,7.3206198,False,0,True,-146.8316754,-146.1580803,-2.557953849e-13,True,False,True,False,True,False,False,2.842170943e-13,0,2.842170943e-14,0,0,,,,0.005139428892,,-363.5704818,-0.02685012481,-0,-0,-229.254451,363.5704818,0.02685012481,0,0,229.254451,0.4498035284,0.5501964716,False,False,0,-0,0,-0,0.4918036198,0.5081963802,False,False,0,-0,0,-0,0.05839285178,0.9416071482,False,False,0,-0,0,-0
CRR-SIM-FREEZE-2026-07-19,4b5897f5d225af6334e3082ce8d9f065cdd7067f2664f3ef63426b5597055b27,ca4f0b86858a11607abd1c7ff4863214acb59c693318630e5515686ebe037048,LHS-02-023,lhs,2026071902,10000,27ac1765ba832cc29e429daf2f84752f6bdc8c61a8c8d6a8268026c18bf3462a,student_t_df4,empirical_resample,0.2052039981,0.9805425852,0.7947361976,-147.7280913,-154.8391023,-145.8914653,0.7460884315,324.2947976,0.5337771935,0.05839285178,highs,optimal,0,359.1876203,-154.8391023,-164.3657986,True,True,True,solved,-0.04200161179,-0.04200005641,1.555385236e-06,0.1681661688,WITHIN_NAMED_FAMILY_ONLY; scalar tail dependence is not a cross-family order,CONDITIONAL_ON_CONVERGENCE_AUDIT,0.4498035284,0.4918036198,0.05839285178,False,0,0.4498035284,0.3039095623,DESCRIPTIVE_ONLY_NOT_WELFARE_OR_EXCLUSION,1,0,324.2947976,0,0.05839285178,0.5081963802,0.08397366508,7.111011024,False,0,True,-148.4578689,-147.7280913,-3.126388037e-13,True,False,True,False,True,False,False,3.694822226e-13,0,2.842170943e-14,0,0,,,,0.005139428892,,-364.5758641,-0.02472448484,-0,-0,-229.5874439,364.5758641,0.02472448484,0,0,229.5874439,0.4498035284,0.5501964716,False,False,0,-0,0,-0,0.4918036198,0.5081963802,False,False,0,-0,0,-0,0.05839285178,0.9416071482,False,False,0,-0,0,-0
CRR-SIM-FREEZE-2026-07-19,4b5897f5d225af6334e3082ce8d9f065cdd7067f2664f3ef63426b5597055b27,ca4f0b86858a11607abd1c7ff4863214acb59c693318630e5515686ebe037048,LHS-02-023,lhs,2026071903,10000,b607da6f84552e89b76accf259050c5380d71c66e75a52ba3ef1f781875140d8,student_t_df4,empirical_resample,0.2052039981,0.9805425852,0.7947361976,-146.6716348,-153.6386154,-144.8722089,0.7460884315,324.2947976,0.5337771935,0.05839285178,highs,optimal,0,359.6195962,-153.6386154,-162.1292756,True,True,True,solved,-0.04200098397,-0.04200005584,9.281270837e-07,0.1681661688,WITHIN_NAMED_FAMILY_ONLY; scalar tail dependence is not a cross-family order,CONDITIONAL_ON_CONVERGENCE_AUDIT,0.4498035284,0.4918036198,0.05839285178,False,0,0.4498035284,0.2927457993,DESCRIPTIVE_ONLY_NOT_WELFARE_OR_EXCLUSION,1,0,324.2947976,0,0.05839285178,0.5081963802,0.08397366508,6.966980539,False,0,True,-147.349291,-146.6716348,-2.842170943e-13,True,False,True,False,True,False,False,2.557953849e-13,0,0,0,0,,,,0.005139428892,,-359.1786709,-0.04216567706,-0,-0,-226.6233638,359.1786709,0.04216567706,0,0,226.6233638,0.4498035284,0.5501964716,False,False,0,-0,0,-0,0.4918036198,0.5081963802,False,False,0,-0,0,-0,0.05839285178,0.9416071482,False,False,0,-0,0,-0
CRR-SIM-FREEZE-2026-07-19,4b5897f5d225af6334e3082ce8d9f065cdd7067f2664f3ef63426b5597055b27,ca4f0b86858a11607abd1c7ff4863214acb59c693318630e5515686ebe037048,LHS-02-023,lhs,2026071904,10000,0f7cb6e97c05b8566319eb758483e1e95d79bcdb1fade33ca9e8c6f5516be65f,student_t_df4,empirical_resample,0.2052039981,0.9805425852,0.7947361976,-146.1312357,-153.373569,-144.2606918,0.7460884315,324.2947976,0.5337771935,0.05839285178,highs,optimal,0,356.3357316,-153.373569,-161.3455046,True,True,True,solved,-0.04200120346,-0.04200005611,1.147344737e-06,0.1681661688,WITHIN_NAMED_FAMILY_ONLY; scalar tail dependence is not a cross-family order,CONDITIONAL_ON_CONVERGENCE_AUDIT,0.4498035284,0.4918036198,0.05839285178,False,0,0.4498035284,0.3052600221,DESCRIPTIVE_ONLY_NOT_WELFARE_OR_EXCLUSION,1,0,324.2947976,0,0.05839285178,0.5081963802,0.08397366508,7.242333373,False,0,True,-146.4258516,-146.1312357,-2.273736754e-13,True,False,True,False,True,False,False,1.136868377e-13,0,2.842170943e-14,0,0,,,,0.005139428892,,-358.6858017,-0.03353435375,-0,-0,-226.484683,358.6858017,0.03353435375,0,0,226.484683,0.4498035284,0.5501964716,False,False,0,-0,0,-0,0.4918036198,0.5081963802,False,False,0,-0,0,-0,0.05839285178,0.9416071482,False,False,0,-0,0,-0
CRR-SIM-FREEZE-2026-07-19,4b5897f5d225af6334e3082ce8d9f065cdd7067f2664f3ef63426b5597055b27,ca4f0b86858a11607abd1c7ff4863214acb59c693318630e5515686ebe037048,LHS-02-023,lhs,2026071905,10000,b91592ebc948b2304ef5661a13d7a0329fcac53c1d91d2cfe09a29b708de2fd1,student_t_df4,empirical_resample,0.2052039981,0.9805425852,0.7947361976,-145.8394211,-153.0808178,-143.9691192,0.7460884315,324.2947976,0.5337771935,0.05839285178,highs,optimal,0,358.3234993,-153.0808178,-161.7374561,True,True,True,solved,-0.04200184372,-0.04200005651,1.787205006e-06,0.1681661688,WITHIN_NAMED_FAMILY_ONLY; scalar tail dependence is not a cross-family order,CONDITIONAL_ON_CONVERGENCE_AUDIT,0.4498035284,0.4918036198,0.05839285178,False,0,0.4498035284,0.3161646712,DESCRIPTIVE_ONLY_NOT_WELFARE_OR_EXCLUSION,1,0,324.2947976,0,0.05839285178,0.5081963802,0.08397366508,7.241396745,False,0,True,-146.41394,-145.8394211,-2.273736754e-13,True,False,True,False,True,False,False,2.842170943e-13,0,0,0,0,,,,0.005139428892,,-364.7836273,-0.02140057442,-0,-0,-229.483962,364.7836273,0.02140057442,0,0,229.483962,0.4498035284,0.5501964716,False,False,0,-0,0,-0,0.4918036198,0.5081963802,False,False,0,-0,0,-0,0.05839285178,0.9416071482,False,False,0,-0,0,-0
CRR-SIM-FREEZE-2026-07-19,4b5897f5d225af6334e3082ce8d9f065cdd7067f2664f3ef63426b5597055b27,ca4f0b86858a11607abd1c7ff4863214acb59c693318630e5515686ebe037048,LHS-02-024,lhs,2026071901,10000,5f697d6e982a183f4f6675d765e1fd160b4f700d1b41557f51eb91f504c6343b,student_t_df4,gaussian,0.5395362056,0.9058086037,0.2383499308,-119.1119659,-119.7617378,-117.0356117,1.090750653,474.1056789,0.5702703639,0.07324706669,highs,optimal,0,357.1983259,-119.1119659,-185.1143687,False,False,False,solved,0.1718820137,0.1718830214,1.007629003e-06,0.4362238211,WITHIN_NAMED_FAMILY_ONLY; scalar tail dependence is not a cross-family order,CONDITIONAL_ON_CONVERGENCE_AUDIT,0.5493179773,0.377434956,0.07324706669,False,0,0.5493179773,0.7457615506,DESCRIPTIVE_ONLY_NOT_WELFARE_OR_EXCLUSION,1,0,341.9834478,132.1222311,0.07324706669,0.4506820227,0.02095238651,-3.126388037e-12,False,0,True,-185.1143687,-119.1119659,-3.140598892e-12,False,True,True,False,True,False,False,3.367972568e-12,0,1.136868377e-12,2.44357626e-13,0.07255333025,1,0,0.001061668093,0.001061668093,0,-383.4439511,-0,-0.07255333025,-0,-240.3325651,383.4439511,0,0.07255333025,0,240.3325651,0.5493179773,0.4506820227,False,False,0,-0,0,-0,0.377434956,0.622565044,False,False,0,-0,0,-0,0.07324706669,0.9267529333,False,False,0,-0,0,-0
CRR-SIM-FREEZE-2026-07-19,4b5897f5d225af6334e3082ce8d9f065cdd7067f2664f3ef63426b5597055b27,ca4f0b86858a11607abd1c7ff4863214acb59c693318630e5515686ebe037048,LHS-02-024,lhs,2026071902,10000,f969570efa79ca4a961549260af19b2a65c5924e1e67131fbc0af89b352f16f9,student_t_df4,gaussian,0.5395362056,0.9058086037,0.2383499308,-120.4994274,-121.1785123,-118.3294037,1.090750653,474.1056789,0.5702703639,0.07324706669,highs,optimal,0,358.0193575,-120.4994274,-184.4980924,False,False,False,solved,0.1695506703,0.1695516616,9.91384153e-07,0.4362238211,WITHIN_NAMED_FAMILY_ONLY; scalar tail dependence is not a cross-family order,CONDITIONAL_ON_CONVERGENCE_AUDIT,0.5481522975,0.3786006358,0.07324706669,False,0,0.5481522975,0.7438608974,DESCRIPTIVE_ONLY_NOT_WELFARE_OR_EXCLUSION,1,0,341.7606864,132.3449925,0.07324706669,0.4518477025,0.02211806638,-2.941646926e-12,False,0,True,-184.4980924,-120.4994274,-2.955857781e-12,False,True,True,False,True,False,False,3.026912054e-12,0,1.080024958e-12,2.262049913e-13,0.07473127306,1,0,0.001061668093,0.001061668093,0,-384.6540737,-0,-0.07473127306,-0,-240.6873259,384.6540737,0,0.07473127306,0,240.6873259,0.5481522975,0.4518477025,False,False,0,-0,0,-0,0.3786006358,0.6213993642,False,False,0,-0,0,-0,0.07324706669,0.9267529333,False,False,0,-0,0,-0
CRR-SIM-FREEZE-2026-07-19,4b5897f5d225af6334e3082ce8d9f065cdd7067f2664f3ef63426b5597055b27,ca4f0b86858a11607abd1c7ff4863214acb59c693318630e5515686ebe037048,LHS-02-024,lhs,2026071903,10000,8ab7051fe28081fbd39aeb69686152734b1f47bb5dfc55d0169185bfd6abd1d6,student_t_df4,gaussian,0.5395362056,0.9058086037,0.2383499308,-122.1570675,-122.7276718,-120.3336945,1.090750653,474.1056789,0.5702703639,0.07324706669,highs,optimal,0,358.7988285,-122.1570675,-186.5853875,False,False,False,solved,0.1764439105,0.1764447094,7.98867553e-07,0.4362238211,WITHIN_NAMED_FAMILY_ONLY; scalar tail dependence is not a cross-family order,CONDITIONAL_ON_CONVERGENCE_AUDIT,0.5515988214,0.375154112,0.07324706669,False,0,0.5515988214,0.7406607117,DESCRIPTIVE_ONLY_NOT_WELFARE_OR_EXCLUSION,1,2.220446049e-16,342.4193171,131.6863618,0.07324706669,0.4484011786,0.01867154249,-2.813749234e-12,False,0,True,-186.5853875,-122.1570675,-2.799538379e-12,False,True,True,False,True,False,False,1.341504685e-11,0,5.115907697e-13,2.779748029e-13,0.09270491847,1,0,0.001061668093,0.001061668093,0,-387.9039337,-0,-0.09270491847,-0,-242.7475262,387.9039337,0,0.09270491847,0,242.7475262,0.5515988214,0.4484011786,False,False,0,-0,0,-0,0.375154112,0.624845888,False,False,0,-0,0,-0,0.07324706669,0.9267529333,False,False,0,-0,0,-0
CRR-SIM-FREEZE-2026-07-19,4b5897f5d225af6334e3082ce8d9f065cdd7067f2664f3ef63426b5597055b27,ca4f0b86858a11607abd1c7ff4863214acb59c693318630e5515686ebe037048,LHS-02-024,lhs,2026071904,10000,c46acfcf6719f6d0d72ee7e2c7d904245426c6098eb8d540fd0871dc5894e661,student_t_df4,gaussian,0.5395362056,0.9058086037,0.2383499308,-119.4572014,-120.1004984,-117.4015382,1.090750653,474.1056789,0.5702703639,0.07324706669,highs,optimal,0,353.9851465,-119.4572014,-182.4903581,False,False,False,solved,0.1708752631,0.1708762393,9.761932341e-07,0.4362238211,WITHIN_NAMED_FAMILY_ONLY; scalar tail dependence is not a cross-family order,CONDITIONAL_ON_CONVERGENCE_AUDIT,0.5488145863,0.377938347,0.07324706669,False,0,0.5488145863,0.7429085619,DESCRIPTIVE_ONLY_NOT_WELFARE_OR_EXCLUSION,1,0,341.8872498,132.2184291,0.07324706669,0.4511854137,0.02145577756,-2.913225217e-12,False,0,True,-182.4903581,-119.4572014,-2.927436071e-12,False,True,True,False,True,False,False,2.870592652e-12,0,5.115907697e-13,2.191267975e-13,0.0763350374,1,0,0.001061668093,0.001061668093,0,-380.5538792,-0,-0.0763350374,-0,-238.2342877,380.5538792,0,0.0763350374,0,238.2342877,0.5488145863,0.4511854137,False,False,0,-0,0,-0,0.377938347,0.622061653,False,False,0,-0,0,-0,0.07324706669,0.9267529333,False,False,0,-0,0,-0
CRR-SIM-FREEZE-2026-07-19,4b5897f5d225af6334e3082ce8d9f065cdd7067f2664f3ef63426b5597055b27,ca4f0b86858a11607abd1c7ff4863214acb59c693318630e5515686ebe037048,LHS-02-024,lhs,2026071905,10000,c2fe9c3652dc6b65a725021a98ec480bf5da8a36a9a5a5d68c71bd4ffd3c1c60,student_t_df4,gaussian,0.5395362056,0.9058086037,0.2383499308,-120.8729835,-121.5087952,-118.8412398,1.090750653,474.1056789,0.5702703639,0.07324706669,highs,optimal,0,357.4873546,-120.8729835,-184.9719119,False,False,False,solved,0.1727363232,0.1727373752,1.05201958e-06,0.4362238211,WITHIN_NAMED_FAMILY_ONLY; scalar tail dependence is not a cross-family order,CONDITIONAL_ON_CONVERGENCE_AUDIT,0.5497451543,0.3770077791,0.07324706669,False,0,0.5497451543,0.753753612,DESCRIPTIVE_ONLY_NOT_WELFARE_OR_EXCLUSION,1,0,342.0650813,132.0405976,0.07324706669,0.4502548457,0.0205252096,-3.183231456e-12,False,0,True,-184.9719119,-120.8729835,-3.183231456e-12,False,True,True,False,True,False,False,3.112177183e-12,0,2.557953849e-13,2.170704848e-13,0.06974875532,1,0,0.001061668093,0.001061668093,0,-383.5411813,-0,-0.06974875532,-0,-240.5978474,383.5411813,0,0.06974875532,0,240.5978474,0.5497451543,0.4502548457,False,False,0,-0,0,-0,0.3770077791,0.6229922209,False,False,0,-0,0,-0,0.07324706669,0.9267529333,False,False,0,-0,0,-0
CRR-SIM-FREEZE-2026-07-19,4b5897f5d225af6334e3082ce8d9f065cdd7067f2664f3ef63426b5597055b27,ca4f0b86858a11607abd1c7ff4863214acb59c693318630e5515686ebe037048,LHS-03-001,lhs,2026071901,10000,1caaee00ed7062dc9f29f1ab79bc3e1d9f12165a27842ea5bf4931df193a5864,clayton,empirical_resample,0.3824754777,0.914032491,0.1525094732,-160.9639596,-162.3595351,-153.2087886,0.9407878115,408.9228301,0.6081323832,0.002354264432,highs,optimal,0,370.3547889,-162.3595351,-190.4463962,False,False,False,solved,0.2186171916,0.2186190468,1.855227991e-06,0.5714608807,WITHIN_NAMED_FAMILY_ONLY; scalar tail dependence is not a cross-family order,CONDITIONAL_ON_CONVERGENCE_AUDIT,0.6081323832,0.3895133524,0.002354264432,False,0,0.6081323832,0.5086901412,DESCRIPTIVE_ONLY_NOT_WELFARE_OR_EXCLUSION,1,0,359.563533,49.35929712,0.002354264432,0.3918676168,0,1.395575535,True,0,True,-178.5151116,-160.9639596,4.234834705e-12,False,False,True,True,True,False,False,2.842170943e-14,0,0,0,0,,,,0.001163230168,,-368.4484717,-0,-0,-4.027418129,-230.5969593,368.4484717,0,0,4.027418129,230.5969593,0.6081323832,0.3918676168,False,False,0,-0,0,-0,0.3895133524,0.6104866476,False,False,0,-0,0,-0,0.002354264432,0.9976457356,False,False,0,-0,0,-0
CRR-SIM-FREEZE-2026-07-19,4b5897f5d225af6334e3082ce8d9f065cdd7067f2664f3ef63426b5597055b27,ca4f0b86858a11607abd1c7ff4863214acb59c693318630e5515686ebe037048,LHS-03-001,lhs,2026071902,10000,58eaccb79b04528ec54a7acf48138b46ab54aed0c80c8a0dd1242faefaed25ae,clayton,empirical_resample,0.3824754777,0.914032491,0.1525094732,-161.6167972,-162.9900414,-153.9857207,0.9407878115,408.9228301,0.6081323832,0.002354264432,highs,optimal,0,371.9879348,-162.9900414,-191.0770514,False,False,False,solved,0.2186173132,0.2186190468,1.733527141e-06,0.5714608807,WITHIN_NAMED_FAMILY_ONLY; scalar tail dependence is not a cross-family order,CONDITIONAL_ON_CONVERGENCE_AUDIT,0.6081323832,0.3895133524,0.002354264432,False,0,0.6081323832,0.5150496576,DESCRIPTIVE_ONLY_NOT_WELFARE_OR_EXCLUSION,1,0,359.563533,49.35929712,0.002354264432,0.3918676168,0,1.373244195,True,0,True,-179.3562355,-161.6167972,4.263256415e-12,False,False,True,True,True,False,False,2.842170943e-14,0,0,0,0,,,,0.001163230168,,-369.899838,-0,-0,-4.331754911,-231.9975668,369.899838,0,0,4.331754911,231.9975668,0.6081323832,0.3918676168,False,False,0,-0,0,-0,0.3895133524,0.6104866476,False,False,0,-0,0,-0,0.002354264432,0.9976457356,False,False,0,-0,0,-0
CRR-SIM-FREEZE-2026-07-19,4b5897f5d225af6334e3082ce8d9f065cdd7067f2664f3ef63426b5597055b27,ca4f0b86858a11607abd1c7ff4863214acb59c693318630e5515686ebe037048,LHS-03-001,lhs,2026071903,10000,fbe890500cf89202280aa6e8869d537dde50a7bdad24006a629274a6650b95f3,clayton,empirical_resample,0.3824754777,0.914032491,0.1525094732,-162.6416379,-164.0263255,-154.9469708,0.9407878115,408.9228301,0.6081323832,0.002354264432,highs,optimal,0,372.6713196,-164.0263255,-193.0888425,False,False,False,solved,0.2186178223,0.2186190469,1.22457708e-06,0.5714608807,WITHIN_NAMED_FAMILY_ONLY; scalar tail dependence is not a cross-family order,CONDITIONAL_ON_CONVERGENCE_AUDIT,0.6081323832,0.3895133524,0.002354264432,False,0,0.6081323832,0.500916751,DESCRIPTIVE_ONLY_NOT_WELFARE_OR_EXCLUSION,1,0,359.563533,49.35929712,0.002354264432,0.3918676168,0,1.384687608,True,0,True,-180.7921752,-162.6416379,4.177991286e-12,False,False,True,True,True,False,False,2.842170943e-14,0,0,0,0,,,,0.001163230168,,-369.4647563,-0,-0,-6.167727469,-231.1683803,369.4647563,0,0,6.167727469,231.1683803,0.6081323832,0.3918676168,False,False,0,-0,0,-0,0.3895133524,0.6104866476,False,False,0,-0,0,-0,0.002354264432,0.9976457356,False,False,0,-0,0,-0
CRR-SIM-FREEZE-2026-07-19,4b5897f5d225af6334e3082ce8d9f065cdd7067f2664f3ef63426b5597055b27,ca4f0b86858a11607abd1c7ff4863214acb59c693318630e5515686ebe037048,LHS-03-001,lhs,2026071904,10000,e78b368214636f5f39c62e7819ae160465ef93a95f6ba896dedbb368d50591b6,clayton,empirical_resample,0.3824754777,0.914032491,0.1525094732,-160.061576,-161.3744156,-152.7661659,0.9407878115,408.9228301,0.6081323832,0.002354264432,highs,optimal,0,371.3688369,-161.3744156,-188.7911294,False,False,False,solved,0.2186178668,0.2186190469,1.180064568e-06,0.5714608807,WITHIN_NAMED_FAMILY_ONLY; scalar tail dependence is not a cross-family order,CONDITIONAL_ON_CONVERGENCE_AUDIT,0.6081323832,0.3895133524,0.002354264432,False,0,0.6081323832,0.5144472991,DESCRIPTIVE_ONLY_NOT_WELFARE_OR_EXCLUSION,1,0,359.563533,49.35929712,0.002354264432,0.3918676168,0,1.312839631,True,0,True,-176.6810667,-160.061576,4.376943252e-12,False,False,True,True,True,False,False,2.842170943e-14,0,0,0,0,,,,0.001163230168,,-368.0289941,-0,-0,-6.381448245,-229.7628982,368.0289941,0,0,6.381448245,229.7628982,0.6081323832,0.3918676168,False,False,0,-0,0,-0,0.3895133524,0.6104866476,False,False,0,-0,0,-0,0.002354264432,0.9976457356,False,False,0,-0,0,-0
CRR-SIM-FREEZE-2026-07-19,4b5897f5d225af6334e3082ce8d9f065cdd7067f2664f3ef63426b5597055b27,ca4f0b86858a11607abd1c7ff4863214acb59c693318630e5515686ebe037048,LHS-03-001,lhs,2026071905,10000,bed71a2cac2892f2956b7df85c383e43d6928c8f56508eb2653b9dc62acd1223,clayton,empirical_resample,0.3824754777,0.914032491,0.1525094732,-161.6800262,-163.0112056,-154.2827024,0.9407878115,408.9228301,0.6081323832,0.002354264432,highs,optimal,0,373.0628724,-163.0112056,-191.9937072,False,False,False,solved,0.2186177308,0.2186190468,1.316052636e-06,0.5714608807,WITHIN_NAMED_FAMILY_ONLY; scalar tail dependence is not a cross-family order,CONDITIONAL_ON_CONVERGENCE_AUDIT,0.6081323832,0.3895133524,0.002354264432,False,0,0.6081323832,0.5127624746,DESCRIPTIVE_ONLY_NOT_WELFARE_OR_EXCLUSION,1,0,359.563533,49.35929712,0.002354264432,0.3918676168,0,1.331179426,True,0,True,-179.9435187,-161.6800262,4.405364962e-12,False,False,True,True,True,False,False,2.842170943e-14,0,0,0,0,,,,0.001163230168,,-370.1179172,-0,-0,-5.739639999,-231.7096315,370.1179172,0,0,5.739639999,231.7096315,0.6081323832,0.3918676168,False,False,0,-0,0,-0,0.3895133524,0.6104866476,False,False,0,-0,0,-0,0.002354264432,0.9976457356,False,False,0,-0,0,-0
CRR-SIM-FREEZE-2026-07-19,4b5897f5d225af6334e3082ce8d9f065cdd7067f2664f3ef63426b5597055b27,ca4f0b86858a11607abd1c7ff4863214acb59c693318630e5515686ebe037048,LHS-03-002,lhs,2026071901,10000,c1f457f45e42e4cde08b896ba692fa51fcd69478399b7cc2304e767903bba437,clayton,gaussian,0.352660877,0.9798557574,0.1311673801,-30.33963224,-36.85243429,12.80017024,0.8897945441,386.7580966,0.8688879654,0.1116719872,highs,optimal,0,346.391291,-30.33963224,-76.50855658,False,False,False,solved,0.1270595182,0.1270605569,1.038674409e-06,0.5293182671,WITHIN_NAMED_FAMILY_ONLY; scalar tail dependence is not a cross-family order,CONDITIONAL_ON_CONVERGENCE_AUDIT,0.5076942848,0.3806337279,0.1116719872,False,0,0.5076942848,0.5286199614,DESCRIPTIVE_ONLY_NOT_WELFARE_OR_EXCLUSION,1,-2.220446049e-16,330.5924353,56.16566126,0.1116719872,0.4923057152,0.3611936806,-2.842170943e-14,False,0,True,-76.50855658,-30.33963224,-2.842170943e-14,False,True,True,False,True,False,False,4.97379915e-14,0,3.126388037e-13,8.308478084e-14,0.05046230978,1,0,0.004964197568,0.004964197568,0,-374.1805881,-0,-0.05046230978,-0,-235.1376546,374.1805881,0,0.05046230978,0,235.1376546,0.5076942848,0.4923057152,False,False,0,-0,0,-0,0.3806337279,0.6193662721,False,False,0,-0,0,-0,0.1116719872,0.8883280128,False,False,0,-0,0,-0
CRR-SIM-FREEZE-2026-07-19,4b5897f5d225af6334e3082ce8d9f065cdd7067f2664f3ef63426b5597055b27,ca4f0b86858a11607abd1c7ff4863214acb59c693318630e5515686ebe037048,LHS-03-002,lhs,2026071902,10000,8e4d44ae2e23d813b91854f0a22bf9ad1377d9c2947d6a60986d7c702b5b3548,clayton,gaussian,0.352660877,0.9798557574,0.1311673801,-27.94777974,-33.80349144,10.83955693,0.8897945441,386.7580966,0.8688879654,0.1116719872,highs,optimal,0,347.6083307,-27.94777974,-79.41745158,False,False,False,solved,0.1300099702,0.1300107038,7.336504412e-07,0.5293182671,WITHIN_NAMED_FAMILY_ONLY; scalar tail dependence is not a cross-family order,CONDITIONAL_ON_CONVERGENCE_AUDIT,0.5091693583,0.3791586545,0.1116719872,False,0,0.5091693583,0.5313403003,DESCRIPTIVE_ONLY_NOT_WELFARE_OR_EXCLUSION,1,-2.220446049e-16,330.8743218,55.88377472,0.1116719872,0.4908306417,0.3597186071,1.421085472e-14,False,0,True,-79.41745158,-27.94777974,3.552713679e-14,False,True,True,False,True,False,False,7.460698725e-13,0,9.947598301e-13,8.354237853e-14,0.08023081038,1,0,0.004964197568,0.004964197568,0,-376.2414248,-0,-0.08023081038,-0,-236.3244511,376.2414248,0,0.08023081038,0,236.3244511,0.5091693583,0.4908306417,False,False,0,-0,0,-0,0.3791586545,0.6208413455,False,False,0,-0,0,-0,0.1116719872,0.8883280128,False,False,0,-0,0,-0
CRR-SIM-FREEZE-2026-07-19,4b5897f5d225af6334e3082ce8d9f065cdd7067f2664f3ef63426b5597055b27,ca4f0b86858a11607abd1c7ff4863214acb59c693318630e5515686ebe037048,LHS-03-002,lhs,2026071903,10000,a642d8654e77dcaac4862b7613301975bedb9410eeb88913d18154dbda400ad1,clayton,gaussian,0.352660877,0.9798557574,0.1311673801,-32.02503489,-38.15947099,8.608529471,0.8897945441,386.7580966,0.8688879654,0.1116719872,highs,optimal,0,348.3170362,-32.02503489,-84.44549763,False,False,False,solved,0.1275148361,0.1275157899,9.537582338e-07,0.5293182671,WITHIN_NAMED_FAMILY_ONLY; scalar tail dependence is not a cross-family order,CONDITIONAL_ON_CONVERGENCE_AUDIT,0.5079219013,0.3804061115,0.1116719872,False,0,0.5079219013,0.529170568,DESCRIPTIVE_ONLY_NOT_WELFARE_OR_EXCLUSION,1,-2.220446049e-16,330.6359328,56.12216375,0.1116719872,0.4920780987,0.3609660641,2.842170943e-14,False,0,True,-84.44549763,-32.02503489,2.842170943e-14,False,True,True,False,True,False,False,8.881784197e-13,0,1.705302566e-13,8.360521733e-14,0.05793808518,1,0,0.004964197568,0.004964197568,0,-376.5244256,-0,-0.05793808518,-0,-235.9761016,376.5244256,0,0.05793808518,0,235.9761016,0.5079219013,0.4920780987,False,False,0,-0,0,-0,0.3804061115,0.6195938885,False,False,0,-0,0,-0,0.1116719872,0.8883280128,False,False,0,-0,0,-0
CRR-SIM-FREEZE-2026-07-19,4b5897f5d225af6334e3082ce8d9f065cdd7067f2664f3ef63426b5597055b27,ca4f0b86858a11607abd1c7ff4863214acb59c693318630e5515686ebe037048,LHS-03-002,lhs,2026071904,10000,ee92fa0e614cc7f48b70778b184f0b7e1bfcf1cb72f00cb1d2af2e8f7b807b89,clayton,gaussian,0.352660877,0.9798557574,0.1311673801,-24.83314337,-30.90936402,15.41481082,0.8897945441,386.7580966,0.8688879654,0.1116719872,highs,optimal,0,345.7000672,-24.83314337,-75.58966573,False,False,False,solved,0.1290613344,0.129062828,1.493665347e-06,0.5293182671,WITHIN_NAMED_FAMILY_ONLY; scalar tail dependence is not a cross-family order,CONDITIONAL_ON_CONVERGENCE_AUDIT,0.5086954204,0.3796325924,0.1116719872,False,0,0.5086954204,0.5349024356,DESCRIPTIVE_ONLY_NOT_WELFARE_OR_EXCLUSION,1,-2.220446049e-16,330.7837523,55.97434426,0.1116719872,0.4913045796,0.360192545,-1.776356839e-14,False,0,True,-75.58966573,-24.83314337,-3.197442311e-14,False,True,True,False,True,False,False,5.684341886e-14,0,2.273736754e-13,8.27614978e-14,0.03796496835,1,0,0.004964197568,0.004964197568,0,-372.7246507,-0,-0.03796496835,-0,-233.5571764,372.7246507,0,0.03796496835,0,233.5571764,0.5086954204,0.4913045796,False,False,0,-0,0,-0,0.3796325924,0.6203674076,False,False,0,-0,0,-0,0.1116719872,0.8883280128,False,False,0,-0,0,-0
CRR-SIM-FREEZE-2026-07-19,4b5897f5d225af6334e3082ce8d9f065cdd7067f2664f3ef63426b5597055b27,ca4f0b86858a11607abd1c7ff4863214acb59c693318630e5515686ebe037048,LHS-03-002,lhs,2026071905,10000,be2e08b648f569769fffce17e91b3ebf5d5c2baea2cdc3e53011c5a28cd54969,clayton,gaussian,0.352660877,0.9798557574,0.1311673801,-27.17713195,-33.17504354,12.55211499,0.8897945441,386.7580966,0.8688879654,0.1116719872,highs,optimal,0,347.680461,-27.17713195,-77.23896497,False,False,False,solved,0.1282990838,0.1283001298,1.045928865e-06,0.5293182671,WITHIN_NAMED_FAMILY_ONLY; scalar tail dependence is not a cross-family order,CONDITIONAL_ON_CONVERGENCE_AUDIT,0.5083140713,0.3800139415,0.1116719872,False,0,0.5083140713,0.5313656855,DESCRIPTIVE_ONLY_NOT_WELFARE_OR_EXCLUSION,1,-2.220446049e-16,330.7108765,56.04722007,0.1116719872,0.4916859287,0.3605738941,1.065814104e-14,False,0,True,-77.23896497,-27.17713195,1.776356839e-14,False,True,True,False,True,False,False,1.309174991e-12,0,2.557953849e-13,8.335060287e-14,0.05333197784,1,0,0.004964197568,0.004964197568,0,-375.377744,-0,-0.05333197784,-0,-235.0443779,375.377744,0,0.05333197784,0,235.0443779,0.5083140713,0.4916859287,False,False,0,-0,0,-0,0.3800139415,0.6199860585,False,False,0,-0,0,-0,0.1116719872,0.8883280128,False,False,0,-0,0,-0
CRR-SIM-FREEZE-2026-07-19,4b5897f5d225af6334e3082ce8d9f065cdd7067f2664f3ef63426b5597055b27,ca4f0b86858a11607abd1c7ff4863214acb59c693318630e5515686ebe037048,LHS-03-003,lhs,2026071901,10000,884397ce3fb154ea91ee2a1161c07f6b790b430ca8bf3903607f6d8347193c34,clayton,student_t_df5,0.104778407,0.9542014167,0.4693849914,-49.18303704,-100.245284,8.540143499,0.9511079114,413.4085648,0.9410062756,0.0787348788,highs,optimal,0,354.3854758,-49.18303704,-141.9215906,False,False,False,solved,0.5028331222,0.5028345768,1.454568921e-06,0.0517615423,WITHIN_NAMED_FAMILY_ONLY; scalar tail dependence is not a cross-family order,CONDITIONAL_ON_CONVERGENCE_AUDIT,0.712049849,0.2092152722,0.0787348788,True,0,0.712049849,0.1825275024,DESCRIPTIVE_ONLY_NOT_WELFARE_OR_EXCLUSION,1,5.551115123e-16,372.5906786,40.81788619,0.0787348788,0.287950151,0.2289564265,9.73443548e-13,False,0,True,-141.9215906,-49.18303704,9.450218386e-13,False,True,True,False,True,False,False,1.136868377e-13,0,2.842170943e-13,2.074198242e-13,0.01946081378,1,0,0.002183473655,0.002183473655,0,-373.6543371,-0,-0.01946081378,-0,-232.5744276,373.6543371,0,0.01946081378,0,232.5744276,0.712049849,0.287950151,False,False,0,-0,0,-0,0.2092152722,0.7907847278,False,False,0,-0,0,-0,0.0787348788,0.9212651212,False,False,0,-0,0,-0
CRR-SIM-FREEZE-2026-07-19,4b5897f5d225af6334e3082ce8d9f065cdd7067f2664f3ef63426b5597055b27,ca4f0b86858a11607abd1c7ff4863214acb59c693318630e5515686ebe037048,LHS-03-003,lhs,2026071902,10000,221f7ab765060a95dfddeb344e74dd84ec7846a6227422bc083efdc13ead7564,clayton,student_t_df5,0.104778407,0.9542014167,0.4693849914,-51.02867602,-105.289452,10.3102731,0.9511079114,413.4085648,0.9410062756,0.0787348788,highs,optimal,0,355.1700239,-51.02867602,-142.5731478,False,False,False,solved,0.5069352608,0.5069365589,1.298050488e-06,0.0517615423,WITHIN_NAMED_FAMILY_ONLY; scalar tail dependence is not a cross-family order,CONDITIONAL_ON_CONVERGENCE_AUDIT,0.71410084,0.2071642812,0.0787348788,True,0,0.71410084,0.1742775562,DESCRIPTIVE_ONLY_NOT_WELFARE_OR_EXCLUSION,1,1.110223025e-16,372.982623,40.4259418,0.0787348788,0.28589916,0.2269054355,9.379164112e-13,False,0,True,-142.5731478,-51.02867602,9.237055565e-13,False,True,True,False,True,False,False,5.684341886e-14,0,1.705302566e-13,4.157734774e-14,0.02000446227,1,0,0.002183473655,0.002183473655,0,-374.4954556,-0,-0.02000446227,-0,-232.484392,374.4954556,0,0.02000446227,0,232.484392,0.71410084,0.28589916,False,False,0,-0,0,-0,0.2071642812,0.7928357188,False,False,0,-0,0,-0,0.0787348788,0.9212651212,False,False,0,-0,0,-0
CRR-SIM-FREEZE-2026-07-19,4b5897f5d225af6334e3082ce8d9f065cdd7067f2664f3ef63426b5597055b27,ca4f0b86858a11607abd1c7ff4863214acb59c693318630e5515686ebe037048,LHS-03-003,lhs,2026071903,10000,566f1892746ca836de0205d3e90f944a35bb558ce989e37c26b6f4d13ad19467,clayton,student_t_df5,0.104778407,0.9542014167,0.4693849914,-50.30306962,-104.0662003,10.47331774,0.9511079114,413.4085648,0.9410062756,0.0787348788,highs,optimal,0,355.3660807,-50.30306962,-140.8252475,False,False,False,solved,0.5034997075,0.50350079,1.082487547e-06,0.0517615423,WITHIN_NAMED_FAMILY_ONLY; scalar tail dependence is not a cross-family order,CONDITIONAL_ON_CONVERGENCE_AUDIT,0.7123829556,0.2088821656,0.0787348788,True,0,0.7123829556,0.1808189067,DESCRIPTIVE_ONLY_NOT_WELFARE_OR_EXCLUSION,1,1.110223025e-16,372.6543353,40.75422952,0.0787348788,0.2876170444,0.2286233199,8.73967565e-13,False,0,True,-140.8252475,-50.30306962,9.023892744e-13,False,True,True,False,True,False,False,5.684341886e-14,0,2.842170943e-13,4.163636975e-14,0.02416656506,1,0,0.002183473655,0.002183473655,0,-375.0270786,-0,-0.02416656506,-0,-234.2715928,375.0270786,0,0.02416656506,0,234.2715928,0.7123829556,0.2876170444,False,False,0,-0,0,-0,0.2088821656,0.7911178344,False,False,0,-0,0,-0,0.0787348788,0.9212651212,False,False,0,-0,0,-0
CRR-SIM-FREEZE-2026-07-19,4b5897f5d225af6334e3082ce8d9f065cdd7067f2664f3ef63426b5597055b27,ca4f0b86858a11607abd1c7ff4863214acb59c693318630e5515686ebe037048,LHS-03-003,lhs,2026071904,10000,c2e8f699e08fd983c3921f4d0fb6064fdc406514c093b29c249980c831e66aa8,clayton,student_t_df5,0.104778407,0.9542014167,0.4693849914,-58.9986274,-108.8389833,-2.656730355,0.9511079114,413.4085648,0.9410062756,0.0787348788,highs,optimal,0,355.5660545,-58.9986274,-152.2065882,False,False,False,solved,0.5164090849,0.5164106706,1.585709902e-06,0.0517615423,WITHIN_NAMED_FAMILY_ONLY; scalar tail dependence is not a cross-family order,CONDITIONAL_ON_CONVERGENCE_AUDIT,0.7188378959,0.2024272253,0.0787348788,True,0,0.7188378959,0.1946658437,DESCRIPTIVE_ONLY_NOT_WELFARE_OR_EXCLUSION,1,0,373.8878744,39.52069042,0.0787348788,0.2811621041,0.2221683796,9.805489753e-13,False,0,True,-152.2065882,-58.9986274,9.521272659e-13,False,True,True,False,True,False,False,2.842170943e-14,0,3.97903932e-13,1.533224398e-14,0.01783323561,1,0,0.002183473655,0.002183473655,0,-375.0731034,-0,-0.01783323561,-0,-234.3931018,375.0731034,0,0.01783323561,0,234.3931018,0.7188378959,0.2811621041,False,False,0,-0,0,-0,0.2024272253,0.7975727747,False,False,0,-0,0,-0,0.0787348788,0.9212651212,False,False,0,-0,0,-0
CRR-SIM-FREEZE-2026-07-19,4b5897f5d225af6334e3082ce8d9f065cdd7067f2664f3ef63426b5597055b27,ca4f0b86858a11607abd1c7ff4863214acb59c693318630e5515686ebe037048,LHS-03-003,lhs,2026071905,10000,3d6c6ef33e558fb649e5b603cd75d39d5f8870b2e7ab95daf7a0022055ee69f2,clayton,student_t_df5,0.104778407,0.9542014167,0.4693849914,-50.92726445,-102.4016239,7.261787565,0.9511079114,413.4085648,0.9410062756,0.0787348788,highs,optimal,0,354.8720145,-50.92726445,-142.6356993,False,False,False,solved,0.5161131423,0.5161141795,1.037276535e-06,0.0517615423,WITHIN_NAMED_FAMILY_ONLY; scalar tail dependence is not a cross-family order,CONDITIONAL_ON_CONVERGENCE_AUDIT,0.7186896504,0.2025754708,0.0787348788,True,0,0.7186896504,0.1808431511,DESCRIPTIVE_ONLY_NOT_WELFARE_OR_EXCLUSION,1,0,373.8595446,39.54902015,0.0787348788,0.2813103496,0.2223166252,9.876544027e-13,False,0,True,-142.6356993,-50.92726445,9.876544027e-13,False,True,True,False,True,False,False,3.907985047e-13,0,3.97903932e-13,2.689475533e-14,0.02684468308,1,0,0.002183473655,0.002183473655,0,-374.5860183,-0,-0.02684468308,-0,-233.0209655,374.5860183,0,0.02684468308,0,233.0209655,0.7186896504,0.2813103496,False,False,0,-0,0,-0,0.2025754708,0.7974245292,False,False,0,-0,0,-0,0.0787348788,0.9212651212,False,False,0,-0,0,-0
CRR-SIM-FREEZE-2026-07-19,4b5897f5d225af6334e3082ce8d9f065cdd7067f2664f3ef63426b5597055b27,ca4f0b86858a11607abd1c7ff4863214acb59c693318630e5515686ebe037048,LHS-03-004,lhs,2026071901,10000,78181bbcf9e2261497abf904bb861eea7cbdf667b1a91397b801c90c8d04b945,clayton,empirical_resample,0.05663325081,0.9071495629,0.7883988439,-190.4658494,-194.8104025,-189.2997995,0.8615054861,374.4619746,0.5537603439,0.0306718032,highs,optimal,0,364.9521771,-194.8104025,-229.3311713,False,False,False,solved,0.1381914924,0.1381925069,1.014566677e-06,0.003110289009,WITHIN_NAMED_FAMILY_ONLY; scalar tail dependence is not a cross-family order,CONDITIONAL_ON_CONVERGENCE_AUDIT,0.5537603439,0.4155678529,0.0306718032,True,0,0.5537603439,0.09105175526,DESCRIPTIVE_ONLY_NOT_WELFARE_OR_EXCLUSION,1,0,346.6403156,27.82165893,0.0306718032,0.4462396561,0,4.344553102,True,0,True,-205.9826293,-190.4658494,-4.575895218e-12,False,False,True,True,True,False,False,4.575895218e-12,0,0,0,0,,,,0.001077000853,,-367.9558397,-0,-0,-7.308610443,-229.8815365,367.9558397,0,0,7.308610443,229.8815365,0.5537603439,0.4462396561,False,False,0,-0,0,-0,0.4155678529,0.5844321471,False,False,0,-0,0,-0,0.0306718032,0.9693281968,False,False,0,-0,0,-0
CRR-SIM-FREEZE-2026-07-19,4b5897f5d225af6334e3082ce8d9f065cdd7067f2664f3ef63426b5597055b27,ca4f0b86858a11607abd1c7ff4863214acb59c693318630e5515686ebe037048,LHS-03-004,lhs,2026071902,10000,52807be51bc8c9e96ecb668038e40fb198eb7ec4bd9f3294e62be3d1a06e00e1,clayton,empirical_resample,0.05663325081,0.9071495629,0.7883988439,-192.0266492,-196.3832562,-190.857364,0.8615054861,374.4619746,0.5537603439,0.0306718032,highs,optimal,0,365.9138054,-196.3832562,-229.8939163,False,False,False,solved,0.1381916406,0.1381925069,8.663868124e-07,0.003110289009,WITHIN_NAMED_FAMILY_ONLY; scalar tail dependence is not a cross-family order,CONDITIONAL_ON_CONVERGENCE_AUDIT,0.5537603439,0.4155678529,0.0306718032,True,0,0.5537603439,0.08588814943,DESCRIPTIVE_ONLY_NOT_WELFARE_OR_EXCLUSION,1,0,346.6403156,27.82165893,0.0306718032,0.4462396561,0,4.356606971,True,0,True,-207.5288781,-192.0266492,-4.547473509e-12,False,False,True,True,True,False,False,4.462208381e-12,0,0,0,0,,,,0.001077000853,,-368.2146688,-0,-0,-8.604646003,-230.3671263,368.2146688,0,0,8.604646003,230.3671263,0.5537603439,0.4462396561,False,False,0,-0,0,-0,0.4155678529,0.5844321471,False,False,0,-0,0,-0,0.0306718032,0.9693281968,False,False,0,-0,0,-0
CRR-SIM-FREEZE-2026-07-19,4b5897f5d225af6334e3082ce8d9f065cdd7067f2664f3ef63426b5597055b27,ca4f0b86858a11607abd1c7ff4863214acb59c693318630e5515686ebe037048,LHS-03-004,lhs,2026071903,10000,aad4ff8760a256d91f9aa76d0331967ffe648d9a34cd3e3043c9df1b37102fae,clayton,empirical_resample,0.05663325081,0.9071495629,0.7883988439,-191.3769455,-195.5812702,-190.2485319,0.8615054861,374.4619746,0.5537603439,0.0306718032,highs,optimal,0,364.2130286,-195.5812702,-232.0572273,False,False,False,solved,0.138191278,0.1381925069,1.228931247e-06,0.003110289009,WITHIN_NAMED_FAMILY_ONLY; scalar tail dependence is not a cross-family order,CONDITIONAL_ON_CONVERGENCE_AUDIT,0.5537603439,0.4155678529,0.0306718032,True,0,0.5537603439,0.07373501531,DESCRIPTIVE_ONLY_NOT_WELFARE_OR_EXCLUSION,1,0,346.6403156,27.82165893,0.0306718032,0.4462396561,0,4.204324773,True,0,True,-208.8924102,-191.3769455,-4.519051799e-12,False,False,True,True,True,False,False,4.718003765e-12,0,0,0,0,,,,0.001077000853,,-367.9489876,-0,-0,-6.004613725,-230.2139172,367.9489876,0,0,6.004613725,230.2139172,0.5537603439,0.4462396561,False,False,0,-0,0,-0,0.4155678529,0.5844321471,False,False,0,-0,0,-0,0.0306718032,0.9693281968,False,False,0,-0,0,-0
CRR-SIM-FREEZE-2026-07-19,4b5897f5d225af6334e3082ce8d9f065cdd7067f2664f3ef63426b5597055b27,ca4f0b86858a11607abd1c7ff4863214acb59c693318630e5515686ebe037048,LHS-03-004,lhs,2026071904,10000,b3f42414c6d4da046e063d16151a15d32d040bda1c6ce702f3bfca490faf477e,clayton,empirical_resample,0.05663325081,0.9071495629,0.7883988439,-192.5863666,-197.0608421,-191.3854463,0.8615054861,374.4619746,0.5537603439,0.0306718032,highs,optimal,0,365.8853946,-197.0608421,-234.035105,False,False,False,solved,0.1381915413,0.1381925069,9.656048915e-07,0.003110289009,WITHIN_NAMED_FAMILY_ONLY; scalar tail dependence is not a cross-family order,CONDITIONAL_ON_CONVERGENCE_AUDIT,0.5537603439,0.4155678529,0.0306718032,True,0,0.5537603439,0.08152770599,DESCRIPTIVE_ONLY_NOT_WELFARE_OR_EXCLUSION,1,0,346.6403156,27.82165893,0.0306718032,0.4462396561,0,4.474475542,True,0,True,-209.7831558,-192.5863666,-4.49063009e-12,False,False,True,True,True,False,False,4.718003765e-12,0,0,0,0,,,,0.001077000853,,-368.7099985,-0,-0,-7.704642865,-231.193763,368.7099985,0,0,7.704642865,231.193763,0.5537603439,0.4462396561,False,False,0,-0,0,-0,0.4155678529,0.5844321471,False,False,0,-0,0,-0,0.0306718032,0.9693281968,False,False,0,-0,0,-0
CRR-SIM-FREEZE-2026-07-19,4b5897f5d225af6334e3082ce8d9f065cdd7067f2664f3ef63426b5597055b27,ca4f0b86858a11607abd1c7ff4863214acb59c693318630e5515686ebe037048,LHS-03-004,lhs,2026071905,10000,ef6ec85305d6e29e22a1bfa0d9c7836f092b97d733fe8b556fc92700e9b716b9,clayton,empirical_resample,0.05663325081,0.9071495629,0.7883988439,-190.316092,-194.1787632,-189.279376,0.8615054861,374.4619746,0.5537603439,0.0306718032,highs,optimal,0,364.4107022,-194.1787632,-229.4385262,False,False,False,solved,0.1381912304,0.1381925069,1.276415611e-06,0.003110289009,WITHIN_NAMED_FAMILY_ONLY; scalar tail dependence is not a cross-family order,CONDITIONAL_ON_CONVERGENCE_AUDIT,0.5537603439,0.4155678529,0.0306718032,True,0,0.5537603439,0.08468246915,DESCRIPTIVE_ONLY_NOT_WELFARE_OR_EXCLUSION,1,0,346.6403156,27.82165893,0.0306718032,0.4462396561,0,3.862671246,True,0,True,-207.2469543,-190.316092,-4.49063009e-12,False,False,True,True,True,False,False,4.519051799e-12,0,0,0,0,,,,0.001077000853,,-368.2837465,-0,-0,-5.78146747,-230.6545732,368.2837465,0,0,5.78146747,230.6545732,0.5537603439,0.4462396561,False,False,0,-0,0,-0,0.4155678529,0.5844321471,False,False,0,-0,0,-0,0.0306718032,0.9693281968,False,False,0,-0,0,-0
CRR-SIM-FREEZE-2026-07-19,4b5897f5d225af6334e3082ce8d9f065cdd7067f2664f3ef63426b5597055b27,ca4f0b86858a11607abd1c7ff4863214acb59c693318630e5515686ebe037048,LHS-03-005,lhs,2026071901,10000,c18df560182c2632b5102b616169670aa3d8d8336ae21dbf7c42298a61494dac,clayton,gaussian,0.591638047,0.9220771874,0.5652522073,-95.26154287,-96.80284633,-94.07609279,0.8779094582,381.5921251,0.4520277019,0.1145725215,highs,optimal,0,345.0328909,-96.80284633,-155.3411312,False,False,False,solved,0.01862679729,0.01862794026,1.142975095e-06,0.7872472393,WITHIN_NAMED_FAMILY_ONLY; scalar tail dependence is not a cross-family order,CONDITIONAL_ON_CONVERGENCE_AUDIT,0.4520277019,0.4333997766,0.1145725215,False,0,0.4520277019,0.7747383338,DESCRIPTIVE_ONLY_NOT_WELFARE_OR_EXCLUSION,1,0,319.6951275,61.89699761,0.1145725215,0.5479722981,0,1.541303458,True,0,True,-139.8148008,-95.26154287,-2.316369319e-12,False,False,True,True,True,False,False,2.302158464e-12,0,0,0,0,,,,0.001283321234,,-368.6573121,-0,-0,-6.117629815,-230.3323606,368.6573121,0,0,6.117629815,230.3323606,0.4520277019,0.5479722981,False,False,0,-0,0,-0,0.4333997766,0.5666002234,False,False,0,-0,0,-0,0.1145725215,0.8854274785,False,False,0,-0,0,-0
CRR-SIM-FREEZE-2026-07-19,4b5897f5d225af6334e3082ce8d9f065cdd7067f2664f3ef63426b5597055b27,ca4f0b86858a11607abd1c7ff4863214acb59c693318630e5515686ebe037048,LHS-03-005,lhs,2026071902,10000,2508b44e5fb1f0edb6773ee3bf7dd3ce401806c3d118f4eda34325c2f1e3b320,clayton,gaussian,0.591638047,0.9220771874,0.5652522073,-97.81270396,-99.40838558,-96.58543045,0.8779094582,381.5921251,0.4520277019,0.1145725215,highs,optimal,0,346.6217184,-99.40838558,-162.0164549,False,False,False,solved,0.01862670206,0.01862794028,1.238216616e-06,0.7872472393,WITHIN_NAMED_FAMILY_ONLY; scalar tail dependence is not a cross-family order,CONDITIONAL_ON_CONVERGENCE_AUDIT,0.4520277019,0.4333997766,0.1145725215,False,0,0.4520277019,0.7752908481,DESCRIPTIVE_ONLY_NOT_WELFARE_OR_EXCLUSION,1,0,319.6951275,61.89699761,0.1145725215,0.5479722981,0,1.595681615,True,0,True,-145.6541172,-97.81270396,-2.430056156e-12,False,False,True,True,True,False,False,2.572164703e-12,0,0,0,0,,,,0.001283321234,,-370.5405994,-0,-0,-5.667367386,-231.1259956,370.5405994,0,0,5.667367386,231.1259956,0.4520277019,0.5479722981,False,False,0,-0,0,-0,0.4333997766,0.5666002234,False,False,0,-0,0,-0,0.1145725215,0.8854274785,False,False,0,-0,0,-0
CRR-SIM-FREEZE-2026-07-19,4b5897f5d225af6334e3082ce8d9f065cdd7067f2664f3ef63426b5597055b27,ca4f0b86858a11607abd1c7ff4863214acb59c693318630e5515686ebe037048,LHS-03-005,lhs,2026071903,10000,3db9b71bd5dd46c53c44fdf4c5637f8f8bda0849e7a5bbb5cdc248157a1937e7,clayton,gaussian,0.591638047,0.9220771874,0.5652522073,-99.90303498,-101.5208498,-98.65873831,0.8779094582,381.5921251,0.4520277019,0.1145725215,highs,optimal,0,346.0426429,-101.5208498,-163.2696943,False,False,False,solved,0.01862687514,0.01862794032,1.065184881e-06,0.7872472393,WITHIN_NAMED_FAMILY_ONLY; scalar tail dependence is not a cross-family order,CONDITIONAL_ON_CONVERGENCE_AUDIT,0.4520277019,0.4333997766,0.1145725215,False,0,0.4520277019,0.7633377185,DESCRIPTIVE_ONLY_NOT_WELFARE_OR_EXCLUSION,1,0,319.6951275,61.89699761,0.1145725215,0.5479722981,0,1.617814863,True,0,True,-145.1103845,-99.90303498,-2.50111043e-12,False,False,True,True,True,False,False,2.728484105e-12,0,0,0,0,,,,0.001283321234,,-369.427344,-0,-0,-6.590369385,-230.1051798,369.427344,0,0,6.590369385,230.1051798,0.4520277019,0.5479722981,False,False,0,-0,0,-0,0.4333997766,0.5666002234,False,False,0,-0,0,-0,0.1145725215,0.8854274785,False,False,0,-0,0,-0
CRR-SIM-FREEZE-2026-07-19,4b5897f5d225af6334e3082ce8d9f065cdd7067f2664f3ef63426b5597055b27,ca4f0b86858a11607abd1c7ff4863214acb59c693318630e5515686ebe037048,LHS-03-005,lhs,2026071904,10000,92d2daeda7d8b624df0f0a0afa14b09941ea93a36acbfba06619af51e2d5181f,clayton,gaussian,0.591638047,0.9220771874,0.5652522073,-96.61945177,-98.17890542,-95.42004197,0.8779094582,381.5921251,0.4520277019,0.1145725215,highs,optimal,0,345.9743203,-98.17890542,-159.3251744,False,False,False,solved,0.01862666331,0.01862794028,1.276979244e-06,0.7872472393,WITHIN_NAMED_FAMILY_ONLY; scalar tail dependence is not a cross-family order,CONDITIONAL_ON_CONVERGENCE_AUDIT,0.4520277019,0.4333997766,0.1145725215,False,0,0.4520277019,0.7783883093,DESCRIPTIVE_ONLY_NOT_WELFARE_OR_EXCLUSION,1,0,319.6951275,61.89699761,0.1145725215,0.5479722981,0,1.559453654,True,0,True,-143.8615127,-96.61945177,-2.430056156e-12,False,False,True,True,True,False,False,2.543742994e-12,0,0,0,0,,,,0.001283321234,,-369.9186271,-0,-0,-5.483051097,-230.6207229,369.9186271,0,0,5.483051097,230.6207229,0.4520277019,0.5479722981,False,False,0,-0,0,-0,0.4333997766,0.5666002234,False,False,0,-0,0,-0,0.1145725215,0.8854274785,False,False,0,-0,0,-0
CRR-SIM-FREEZE-2026-07-19,4b5897f5d225af6334e3082ce8d9f065cdd7067f2664f3ef63426b5597055b27,ca4f0b86858a11607abd1c7ff4863214acb59c693318630e5515686ebe037048,LHS-03-005,lhs,2026071905,10000,be492885ef4a5fe2d64780dc163a3bdb0ea7b5a00c3c10ac9820ca86ec046662,clayton,gaussian,0.591638047,0.9220771874,0.5652522073,-97.47050642,-99.05003158,-96.25565919,0.8779094582,381.5921251,0.4520277019,0.1145725215,highs,optimal,0,346.6054896,-99.05003158,-161.111771,False,False,False,solved,0.01862688168,0.01862794033,1.058649328e-06,0.7872472393,WITHIN_NAMED_FAMILY_ONLY; scalar tail dependence is not a cross-family order,CONDITIONAL_ON_CONVERGENCE_AUDIT,0.4520277019,0.4333997766,0.1145725215,False,0,0.4520277019,0.7728438807,DESCRIPTIVE_ONLY_NOT_WELFARE_OR_EXCLUSION,1,0,319.6951275,61.89699761,0.1145725215,0.5479722981,0,1.579525161,True,0,True,-145.9264093,-97.47050642,-2.714273251e-12,False,False,True,True,True,False,False,2.771116669e-12,0,0,0,0,,,,0.001283321234,,-369.9872135,-0,-0,-6.642508675,-230.2849023,369.9872135,0,0,6.642508675,230.2849023,0.4520277019,0.5479722981,False,False,0,-0,0,-0,0.4333997766,0.5666002234,False,False,0,-0,0,-0,0.1145725215,0.8854274785,False,False,0,-0,0,-0
CRR-SIM-FREEZE-2026-07-19,4b5897f5d225af6334e3082ce8d9f065cdd7067f2664f3ef63426b5597055b27,ca4f0b86858a11607abd1c7ff4863214acb59c693318630e5515686ebe037048,LHS-03-006,lhs,2026071901,10000,fdab5453b7f28c3db15518ff0102813bd8d179dfaaeb47a07ebf64d459b1bcc6,clayton,student_t_df5,0.4809356048,0.9462518941,0.4342350312,-36.44321622,-57.89646335,-8.491773281,0.9933248149,431.7585641,0.9118480372,0.1244814057,highs,optimal,0,344.3059008,-36.44321622,-125.6242132,False,False,False,solved,0.4213940772,0.4213952834,1.206135726e-06,0.6879424451,WITHIN_NAMED_FAMILY_ONLY; scalar tail dependence is not a cross-family order,CONDITIONAL_ON_CONVERGENCE_AUDIT,0.6484569388,0.2270616555,0.1244814057,False,0,0.6484569388,0.6558158745,DESCRIPTIVE_ONLY_NOT_WELFARE_OR_EXCLUSION,1,0,356.3465041,75.41205997,0.1244814057,0.3515430612,0.2633910984,1.683986284e-12,False,0,True,-125.6242132,-36.44321622,1.683986284e-12,False,True,True,False,True,False,False,2.842170943e-14,0,7.958078641e-13,7.841196427e-14,0.04882965888,1,0,0.001860530678,0.001860530678,0,-375.4847042,-0,-0.04882965888,-0,-236.1741771,375.4847042,0,0.04882965888,0,236.1741771,0.6484569388,0.3515430612,False,False,0,-0,0,-0,0.2270616555,0.7729383445,False,False,0,-0,0,-0,0.1244814057,0.8755185943,False,False,0,-0,0,-0
CRR-SIM-FREEZE-2026-07-19,4b5897f5d225af6334e3082ce8d9f065cdd7067f2664f3ef63426b5597055b27,ca4f0b86858a11607abd1c7ff4863214acb59c693318630e5515686ebe037048,LHS-03-006,lhs,2026071902,10000,bf8f6226cc3e8e3d9f1c61504994b95f27ae96af1254d050b038e8aa3cadc287,clayton,student_t_df5,0.4809356048,0.9462518941,0.4342350312,-38.53953236,-58.7888984,-12.1566265,0.9933248149,431.7585641,0.9118480372,0.1244814057,highs,optimal,0,346.5012847,-38.53953236,-136.162882,False,False,False,solved,0.4219001276,0.42190093,8.024271252e-07,0.6879424451,WITHIN_NAMED_FAMILY_ONLY; scalar tail dependence is not a cross-family order,CONDITIONAL_ON_CONVERGENCE_AUDIT,0.6487097621,0.2268088322,0.1244814057,False,0,0.6487097621,0.652636312,DESCRIPTIVE_ONLY_NOT_WELFARE_OR_EXCLUSION,1,0,356.3948186,75.36374543,0.1244814057,0.3512902379,0.2631382751,1.818989404e-12,False,0,True,-136.162882,-38.53953236,1.790567694e-12,False,True,True,False,True,False,False,5.684341886e-14,0,5.115907697e-13,1.45990257e-13,0.07812282165,1,0,0.001860530678,0.001860530678,0,-379.1768754,-0,-0.07812282165,-0,-238.3068661,379.1768754,0,0.07812282165,0,238.3068661,0.6487097621,0.3512902379,False,False,0,-0,0,-0,0.2268088322,0.7731911678,False,False,0,-0,0,-0,0.1244814057,0.8755185943,False,False,0,-0,0,-0
CRR-SIM-FREEZE-2026-07-19,4b5897f5d225af6334e3082ce8d9f065cdd7067f2664f3ef63426b5597055b27,ca4f0b86858a11607abd1c7ff4863214acb59c693318630e5515686ebe037048,LHS-03-006,lhs,2026071903,10000,8dc32baa4964ce45ca37acc1711a28cfef7ea3591cff5b356e2f9c8262432b6d,clayton,student_t_df5,0.4809356048,0.9462518941,0.4342350312,-47.09878896,-67.87508045,-20.02935176,0.9933248149,431.7585641,0.9118480372,0.1244814057,highs,optimal,0,345.2622252,-47.09878896,-135.5233123,False,False,False,solved,0.4227521937,0.4227531444,9.506816269e-07,0.6879424451,WITHIN_NAMED_FAMILY_ONLY; scalar tail dependence is not a cross-family order,CONDITIONAL_ON_CONVERGENCE_AUDIT,0.6491358693,0.226382725,0.1244814057,False,0,0.6491358693,0.6412056528,DESCRIPTIVE_ONLY_NOT_WELFARE_OR_EXCLUSION,1,0,356.4762477,75.28231635,0.1244814057,0.3508641307,0.2627121679,1.691091711e-12,False,0,True,-135.5233123,-47.09878896,1.676880856e-12,False,True,True,False,True,False,False,1.136868377e-13,0,5.400124792e-13,9.341345404e-14,0.06320564856,1,0,0.001860530678,0.001860530678,0,-377.7311983,-0,-0.06320564856,-0,-236.9194294,377.7311983,0,0.06320564856,0,236.9194294,0.6491358693,0.3508641307,False,False,0,-0,0,-0,0.226382725,0.773617275,False,False,0,-0,0,-0,0.1244814057,0.8755185943,False,False,0,-0,0,-0
CRR-SIM-FREEZE-2026-07-19,4b5897f5d225af6334e3082ce8d9f065cdd7067f2664f3ef63426b5597055b27,ca4f0b86858a11607abd1c7ff4863214acb59c693318630e5515686ebe037048,LHS-03-006,lhs,2026071904,10000,2ef7a670efc26719b6fa208f80628492475fa0b8109205627fffd2f4b99fa9f0,clayton,student_t_df5,0.4809356048,0.9462518941,0.4342350312,-35.88695126,-57.16843302,-8.159301476,0.9933248149,431.7585641,0.9118480372,0.1244814057,highs,optimal,0,344.3662229,-35.88695126,-135.521677,False,False,False,solved,0.417001114,0.4170020407,9.266762594e-07,0.6879424451,WITHIN_NAMED_FAMILY_ONLY; scalar tail dependence is not a cross-family order,CONDITIONAL_ON_CONVERGENCE_AUDIT,0.6462603175,0.2292582768,0.1244814057,False,0,0.6462603175,0.6666208416,DESCRIPTIVE_ONLY_NOT_WELFARE_OR_EXCLUSION,1,1.110223025e-16,355.9267297,75.83183431,0.1244814057,0.3537396825,0.2655877197,1.726618848e-12,False,0,True,-135.521677,-35.88695126,1.712407993e-12,False,True,True,False,True,False,False,2.927436071e-12,0,4.263256415e-13,1.124485453e-13,0.06355713185,1,0,0.001860530678,0.001860530678,0,-375.8988268,-0,-0.06355713185,-0,-234.988768,375.8988268,0,0.06355713185,0,234.988768,0.6462603175,0.3537396825,False,False,0,-0,0,-0,0.2292582768,0.7707417232,False,False,0,-0,0,-0,0.1244814057,0.8755185943,False,False,0,-0,0,-0
CRR-SIM-FREEZE-2026-07-19,4b5897f5d225af6334e3082ce8d9f065cdd7067f2664f3ef63426b5597055b27,ca4f0b86858a11607abd1c7ff4863214acb59c693318630e5515686ebe037048,LHS-03-006,lhs,2026071905,10000,7a1657a4eb3352d22d3eff589a5658a2dff302f2d9ce737bb8e988ac9c46eef7,clayton,student_t_df5,0.4809356048,0.9462518941,0.4342350312,-36.72920833,-57.45525813,-9.725231051,0.9933248149,431.7585641,0.9118480372,0.1244814057,highs,optimal,0,345.3423777,-36.72920833,-132.8245162,False,False,False,solved,0.4226938978,0.4226948019,9.040796822e-07,0.6879424451,WITHIN_NAMED_FAMILY_ONLY; scalar tail dependence is not a cross-family order,CONDITIONAL_ON_CONVERGENCE_AUDIT,0.6491066981,0.2264118962,0.1244814057,False,0,0.6491066981,0.667510478,DESCRIPTIVE_ONLY_NOT_WELFARE_OR_EXCLUSION,1,0,356.4706731,75.28789097,0.1244814057,0.3508933019,0.2627413391,1.691091711e-12,False,0,True,-132.8245162,-36.72920833,1.691091711e-12,False,True,True,False,True,False,False,2.842170943e-14,0,6.252776075e-13,1.097286378e-13,0.06773216179,1,0,0.001860530678,0.001860530678,0,-377.2749438,-0,-0.06773216179,-0,-236.5398854,377.2749438,0,0.06773216179,0,236.5398854,0.6491066981,0.3508933019,False,False,0,-0,0,-0,0.2264118962,0.7735881038,False,False,0,-0,0,-0,0.1244814057,0.8755185943,False,False,0,-0,0,-0
CRR-SIM-FREEZE-2026-07-19,4b5897f5d225af6334e3082ce8d9f065cdd7067f2664f3ef63426b5597055b27,ca4f0b86858a11607abd1c7ff4863214acb59c693318630e5515686ebe037048,LHS-03-007,lhs,2026071901,10000,2de1ab4c3b68a4b9df720959bb3b1149cccfc32e1afe6466faf80773f8e92b02,clayton,empirical_resample,0.3314132857,0.9291628704,0.6983359636,-153.5256534,-160.4928753,-150.5159841,0.7880164953,342.5192499,0.4854379982,0.0466350974,highs,optimal,0,359.2554906,-160.4928753,-184.659349,False,False,False,solved,0.0175100673,0.01751110954,1.042246883e-06,0.4969972343,WITHIN_NAMED_FAMILY_ONLY; scalar tail dependence is not a cross-family order,CONDITIONAL_ON_CONVERGENCE_AUDIT,0.4854379982,0.4679269044,0.0466350974,False,0,0.4854379982,0.4599432587,DESCRIPTIVE_ONLY_NOT_WELFARE_OR_EXCLUSION,1,0,332.1561583,10.36309152,0.0466350974,0.5145620018,0,6.96722192,True,0,True,-157.2354512,-153.5256534,-5.400124792e-13,False,False,True,True,True,False,False,4.263256415e-13,0,0,0,0,,,,0.001411689048,,-366.5332663,-0,-0,-6.99925812,-228.9151754,366.5332663,0,0,6.99925812,228.9151754,0.4854379982,0.5145620018,False,False,0,-0,0,-0,0.4679269044,0.5320730956,False,False,0,-0,0,-0,0.0466350974,0.9533649026,False,False,0,-0,0,-0
CRR-SIM-FREEZE-2026-07-19,4b5897f5d225af6334e3082ce8d9f065cdd7067f2664f3ef63426b5597055b27,ca4f0b86858a11607abd1c7ff4863214acb59c693318630e5515686ebe037048,LHS-03-007,lhs,2026071902,10000,18755df09bdf8b5f1c70837116789fe781bd28ba7aa3c7099f6c665729745213,clayton,empirical_resample,0.3314132857,0.9291628704,0.6983359636,-153.7495759,-160.8732448,-150.6723254,0.7880164953,342.5192499,0.4854379982,0.0466350974,highs,optimal,0,360.902976,-160.8732448,-184.6698536,False,False,False,solved,0.01751020349,0.01751110954,9.060486419e-07,0.4969972343,WITHIN_NAMED_FAMILY_ONLY; scalar tail dependence is not a cross-family order,CONDITIONAL_ON_CONVERGENCE_AUDIT,0.4854379982,0.4679269044,0.0466350974,False,0,0.4854379982,0.4652964609,DESCRIPTIVE_ONLY_NOT_WELFARE_OR_EXCLUSION,1,0,332.1561583,10.36309152,0.0466350974,0.5145620018,0,7.123668857,True,0,True,-157.3189347,-153.7495759,-7.958078641e-13,False,False,True,True,True,False,False,9.663381206e-13,0,0,0,0,,,,0.001411689048,,-367.6952389,-0,-0,-8.106904318,-230.0340924,367.6952389,0,0,8.106904318,230.0340924,0.4854379982,0.5145620018,False,False,0,-0,0,-0,0.4679269044,0.5320730956,False,False,0,-0,0,-0,0.0466350974,0.9533649026,False,False,0,-0,0,-0
CRR-SIM-FREEZE-2026-07-19,4b5897f5d225af6334e3082ce8d9f065cdd7067f2664f3ef63426b5597055b27,ca4f0b86858a11607abd1c7ff4863214acb59c693318630e5515686ebe037048,LHS-03-007,lhs,2026071903,10000,896fca44926204710dc39fa181da443c78f367d79cf4707835288829c05587bf,clayton,empirical_resample,0.3314132857,0.9291628704,0.6983359636,-154.381032,-161.2364785,-151.4196469,0.7880164953,342.5192499,0.4854379982,0.0466350974,highs,optimal,0,360.348515,-161.2364785,-185.3452153,False,False,False,solved,0.01750992419,0.0175111095,1.185311676e-06,0.4969972343,WITHIN_NAMED_FAMILY_ONLY; scalar tail dependence is not a cross-family order,CONDITIONAL_ON_CONVERGENCE_AUDIT,0.4854379982,0.4679269044,0.0466350974,False,0,0.4854379982,0.4550016488,DESCRIPTIVE_ONLY_NOT_WELFARE_OR_EXCLUSION,1,0,332.1561583,10.36309152,0.0466350974,0.5145620018,0,6.855446539,True,0,True,-157.7321719,-154.381032,-7.389644452e-13,False,False,True,True,True,False,False,7.389644452e-13,0,0,0,0,,,,0.001411689048,,-368.096938,-0,-0,-6.16157361,-230.2876067,368.096938,0,0,6.16157361,230.2876067,0.4854379982,0.5145620018,False,False,0,-0,0,-0,0.4679269044,0.5320730956,False,False,0,-0,0,-0,0.0466350974,0.9533649026,False,False,0,-0,0,-0
CRR-SIM-FREEZE-2026-07-19,4b5897f5d225af6334e3082ce8d9f065cdd7067f2664f3ef63426b5597055b27,ca4f0b86858a11607abd1c7ff4863214acb59c693318630e5515686ebe037048,LHS-03-007,lhs,2026071904,10000,ac31f741be4c1f4cfba84f912ea806db9f519655cb2d0edd852d60695001eee4,clayton,empirical_resample,0.3314132857,0.9291628704,0.6983359636,-155.8234092,-162.9211957,-152.7573391,0.7880164953,342.5192499,0.4854379982,0.0466350974,highs,optimal,0,361.1200913,-162.9211957,-189.2365846,False,False,False,solved,0.01750940475,0.01751110943,1.704685171e-06,0.4969972343,WITHIN_NAMED_FAMILY_ONLY; scalar tail dependence is not a cross-family order,CONDITIONAL_ON_CONVERGENCE_AUDIT,0.4854379982,0.4679269044,0.0466350974,False,0,0.4854379982,0.4469964011,DESCRIPTIVE_ONLY_NOT_WELFARE_OR_EXCLUSION,1,0,332.1561583,10.36309152,0.0466350974,0.5145620018,0,7.097786584,True,0,True,-160.5826435,-155.8234092,-7.958078641e-13,False,False,True,True,True,False,False,7.105427358e-13,0,0,0,0,,,,0.001411689048,,-369.8512523,-0,-0,-4.27588343,-231.731846,369.8512523,0,0,4.27588343,231.731846,0.4854379982,0.5145620018,False,False,0,-0,0,-0,0.4679269044,0.5320730956,False,False,0,-0,0,-0,0.0466350974,0.9533649026,False,False,0,-0,0,-0
CRR-SIM-FREEZE-2026-07-19,4b5897f5d225af6334e3082ce8d9f065cdd7067f2664f3ef63426b5597055b27,ca4f0b86858a11607abd1c7ff4863214acb59c693318630e5515686ebe037048,LHS-03-007,lhs,2026071905,10000,cfabceb76d8ec9ad14aa5f90ace67aa733ccbdd71818b44490388d4d537283a4,clayton,empirical_resample,0.3314132857,0.9291628704,0.6983359636,-154.780693,-161.9155523,-151.6986085,0.7880164953,342.5192499,0.4854379982,0.0466350974,highs,optimal,0,358.9299407,-161.9155523,-185.6221921,False,False,False,solved,0.01750986251,0.01751110948,1.246965789e-06,0.4969972343,WITHIN_NAMED_FAMILY_ONLY; scalar tail dependence is not a cross-family order,CONDITIONAL_ON_CONVERGENCE_AUDIT,0.4854379982,0.4679269044,0.0466350974,False,0,0.4854379982,0.4519088095,DESCRIPTIVE_ONLY_NOT_WELFARE_OR_EXCLUSION,1,0,332.1561583,10.36309152,0.0466350974,0.5145620018,0,7.134859272,True,0,True,-158.820489,-154.780693,-6.252776075e-13,False,False,True,True,True,False,False,5.115907697e-13,0,0,0,0,,,,0.001411689048,,-366.810635,-0,-0,-5.829918233,-229.6716153,366.810635,0,0,5.829918233,229.6716153,0.4854379982,0.5145620018,False,False,0,-0,0,-0,0.4679269044,0.5320730956,False,False,0,-0,0,-0,0.0466350974,0.9533649026,False,False,0,-0,0,-0
CRR-SIM-FREEZE-2026-07-19,4b5897f5d225af6334e3082ce8d9f065cdd7067f2664f3ef63426b5597055b27,ca4f0b86858a11607abd1c7ff4863214acb59c693318630e5515686ebe037048,LHS-03-008,lhs,2026071901,10000,288dff2a82f9c2f0bfbfc42f01d09637b0bd26d2c310a17ef681144e062dc2b6,clayton,gaussian,0.0139790846,0.9377875718,0.2860382747,-169.3147979,-172.6717095,-160.935827,1.057665752,459.7249956,0.3649006825,0.08478714568,highs,optimal,0,352.0898425,-172.6717095,-214.3932691,True,True,True,solved,-0.1854129082,-0.185411474,1.434207705e-06,2.417453069e-11,WITHIN_NAMED_FAMILY_ONLY; scalar tail dependence is not a cross-family order,CONDITIONAL_ON_CONVERGENCE_AUDIT,0.3649006825,0.5503121718,0.08478714568,True,0,0.3649006825,0.02255145278,DESCRIPTIVE_ONLY_NOT_WELFARE_OR_EXCLUSION,1,0,305.7091581,154.0158374,0.08478714568,0.4496878282,0,3.356911574,True,0,True,-195.0649726,-169.3147979,-2.046363079e-12,False,False,True,True,True,False,False,1.875832822e-12,0,0,0,0,,,,0.001607395866,,-369.796947,-0,-0,-4.962811598,-230.2004354,369.796947,0,0,4.962811598,230.2004354,0.3649006825,0.6350993175,False,False,0,-0,0,-0,0.5503121718,0.4496878282,False,False,0,-0,0,-0,0.08478714568,0.9152128543,False,False,0,-0,0,-0
CRR-SIM-FREEZE-2026-07-19,4b5897f5d225af6334e3082ce8d9f065cdd7067f2664f3ef63426b5597055b27,ca4f0b86858a11607abd1c7ff4863214acb59c693318630e5515686ebe037048,LHS-03-008,lhs,2026071902,10000,fad7d6a70979e4ffd7a5cd3edac13f5bc9ca439a68047d569d1789a33ad1dd7a,clayton,gaussian,0.0139790846,0.9377875718,0.2860382747,-168.8622454,-171.9695042,-161.1064168,1.057665752,459.7249956,0.3649006825,0.08478714568,highs,optimal,0,352.0270366,-171.9695042,-213.0879095,True,True,True,solved,-0.185412764,-0.1854114739,1.290035202e-06,2.417453069e-11,WITHIN_NAMED_FAMILY_ONLY; scalar tail dependence is not a cross-family order,CONDITIONAL_ON_CONVERGENCE_AUDIT,0.3649006825,0.5503121718,0.08478714568,True,0,0.3649006825,0.03179847293,DESCRIPTIVE_ONLY_NOT_WELFARE_OR_EXCLUSION,1,0,305.7091581,154.0158374,0.08478714568,0.4496878282,0,3.107258781,True,0,True,-194.9779778,-168.8622454,-1.818989404e-12,False,False,True,True,True,False,False,2.074784788e-12,0,0,0,0,,,,0.001607395866,,-369.4608452,-0,-0,-5.523340247,-229.3894795,369.4608452,0,0,5.523340247,229.3894795,0.3649006825,0.6350993175,False,False,0,-0,0,-0,0.5503121718,0.4496878282,False,False,0,-0,0,-0,0.08478714568,0.9152128543,False,False,0,-0,0,-0
CRR-SIM-FREEZE-2026-07-19,4b5897f5d225af6334e3082ce8d9f065cdd7067f2664f3ef63426b5597055b27,ca4f0b86858a11607abd1c7ff4863214acb59c693318630e5515686ebe037048,LHS-03-008,lhs,2026071903,10000,ff0d6b72b5344d86378b7ec49506c503fe0a10c06f0b8c8871b284e9b1363706,clayton,gaussian,0.0139790846,0.9377875718,0.2860382747,-166.9194854,-170.2640818,-158.5712538,1.057665752,459.7249956,0.3649006825,0.08478714568,highs,optimal,0,351.6264866,-170.2640818,-212.8837667,True,True,True,solved,-0.1854125529,-0.185411474,1.078846383e-06,2.417453069e-11,WITHIN_NAMED_FAMILY_ONLY; scalar tail dependence is not a cross-family order,CONDITIONAL_ON_CONVERGENCE_AUDIT,0.3649006825,0.5503121718,0.08478714568,True,0,0.3649006825,0.03460667576,DESCRIPTIVE_ONLY_NOT_WELFARE_OR_EXCLUSION,1,0,305.7091581,154.0158374,0.08478714568,0.4496878282,0,3.344596342,True,0,True,-193.2546187,-166.9194854,-2.103206498e-12,False,False,True,True,True,False,False,2.103206498e-12,0,0,0,0,,,,0.001607395866,,-368.7364273,-0,-0,-6.612160036,-230.2556867,368.7364273,0,0,6.612160036,230.2556867,0.3649006825,0.6350993175,False,False,0,-0,0,-0,0.5503121718,0.4496878282,False,False,0,-0,0,-0,0.08478714568,0.9152128543,False,False,0,-0,0,-0
CRR-SIM-FREEZE-2026-07-19,4b5897f5d225af6334e3082ce8d9f065cdd7067f2664f3ef63426b5597055b27,ca4f0b86858a11607abd1c7ff4863214acb59c693318630e5515686ebe037048,LHS-03-008,lhs,2026071904,10000,2b39c6488b97db9ce9ddaf1138fa19d6859a529d48e9d1e9109996782f0ec20b,clayton,gaussian,0.0139790846,0.9377875718,0.2860382747,-172.5449921,-175.9507344,-164.044138,1.057665752,459.7249956,0.3649006825,0.08478714568,highs,optimal,0,352.0588888,-175.9507344,-213.5778371,True,True,True,solved,-0.1854132286,-0.1854114741,1.754492333e-06,2.417453069e-11,WITHIN_NAMED_FAMILY_ONLY; scalar tail dependence is not a cross-family order,CONDITIONAL_ON_CONVERGENCE_AUDIT,0.3649006825,0.5503121718,0.08478714568,True,0,0.3649006825,0.02285294441,DESCRIPTIVE_ONLY_NOT_WELFARE_OR_EXCLUSION,1,0,305.7091581,154.0158374,0.08478714568,0.4496878282,0,3.405742269,True,0,True,-194.7171083,-172.5449921,-1.961097951e-12,False,False,True,True,True,False,False,2.216893336e-12,0,0,0,0,,,,0.001607395866,,-370.1867788,-0,-0,-4.048360118,-231.2277308,370.1867788,0,0,4.048360118,231.2277308,0.3649006825,0.6350993175,False,False,0,-0,0,-0,0.5503121718,0.4496878282,False,False,0,-0,0,-0,0.08478714568,0.9152128543,False,False,0,-0,0,-0
CRR-SIM-FREEZE-2026-07-19,4b5897f5d225af6334e3082ce8d9f065cdd7067f2664f3ef63426b5597055b27,ca4f0b86858a11607abd1c7ff4863214acb59c693318630e5515686ebe037048,LHS-03-008,lhs,2026071905,10000,853e781e6169ae3ca9141db7fabacc60f6c359734cf861612f212eda910def49,clayton,gaussian,0.0139790846,0.9377875718,0.2860382747,-170.7582624,-174.3090841,-161.895285,1.057665752,459.7249956,0.3649006825,0.08478714568,highs,optimal,0,351.3631841,-174.3090841,-212.5806121,True,True,True,solved,-0.1854126498,-0.185411474,1.175787173e-06,2.417453069e-11,WITHIN_NAMED_FAMILY_ONLY; scalar tail dependence is not a cross-family order,CONDITIONAL_ON_CONVERGENCE_AUDIT,0.3649006825,0.5503121718,0.08478714568,True,0,0.3649006825,0.02867949544,DESCRIPTIVE_ONLY_NOT_WELFARE_OR_EXCLUSION,1,0,305.7091581,154.0158374,0.08478714568,0.4496878282,0,3.55082168,True,0,True,-192.8313492,-170.7582624,-2.131628207e-12,False,False,True,True,True,False,False,1.961097951e-12,0,0,0,0,,,,0.001607395866,,-368.6002262,-0,-0,-6.055543659,-229.3592253,368.6002262,0,0,6.055543659,229.3592253,0.3649006825,0.6350993175,False,False,0,-0,0,-0,0.5503121718,0.4496878282,False,False,0,-0,0,-0,0.08478714568,0.9152128543,False,False,0,-0,0,-0
CRR-SIM-FREEZE-2026-07-19,4b5897f5d225af6334e3082ce8d9f065cdd7067f2664f3ef63426b5597055b27,ca4f0b86858a11607abd1c7ff4863214acb59c693318630e5515686ebe037048,LHS-03-009,lhs,2026071901,10000,6a44ba2bd8ddecf9ad95434f42a70edd6bbb8eef9140f7b9d0dbff937687408c,clayton,student_t_df5,0.2254112115,0.9321701123,0.1802561518,-117.8721409,-120.7942318,-104.5834623,0.8110956068,352.5508165,0.4042868248,0.0107515851,highs,optimal,0,368.0464177,-120.7942318,-207.2058784,True,True,True,solved,-0.1806756165,-0.1806747491,8.673264637e-07,0.3039343664,WITHIN_NAMED_FAMILY_ONLY; scalar tail dependence is not a cross-family order,CONDITIONAL_ON_CONVERGENCE_AUDIT,0.4042868248,0.5849615901,0.0107515851,False,0,0.4042868248,0.371061402,DESCRIPTIVE_ONLY_NOT_WELFARE_OR_EXCLUSION,1,0,319.8575905,32.69322601,0.0107515851,0.4150384099,0,2.922090922,True,0,True,-183.8034726,-117.8721409,-1.932676241e-12,False,False,True,True,True,False,False,2.160049917e-12,0,0,0,0,,,,0.001474276362,,-367.0036802,-0,-0,-8.647730936,-228.1920453,367.0036802,0,0,8.647730936,228.1920453,0.4042868248,0.5957131752,False,False,0,-0,0,-0,0.5849615901,0.4150384099,False,False,0,-0,0,-0,0.0107515851,0.9892484149,False,False,0,-0,0,-0
CRR-SIM-FREEZE-2026-07-19,4b5897f5d225af6334e3082ce8d9f065cdd7067f2664f3ef63426b5597055b27,ca4f0b86858a11607abd1c7ff4863214acb59c693318630e5515686ebe037048,LHS-03-009,lhs,2026071902,10000,8862df3ea00297de38c95b84b39e4269e71b43a586f90d1fe2dbc3cafef72b3f,clayton,student_t_df5,0.2254112115,0.9321701123,0.1802561518,-116.2318597,-119.2381955,-102.560064,0.8110956068,352.5508165,0.4042868248,0.0107515851,highs,optimal,0,369.4207876,-119.2381955,-203.7044173,True,True,True,solved,-0.1806755173,-0.1806747491,7.681822536e-07,0.3039343664,WITHIN_NAMED_FAMILY_ONLY; scalar tail dependence is not a cross-family order,CONDITIONAL_ON_CONVERGENCE_AUDIT,0.4042868248,0.5849615901,0.0107515851,False,0,0.4042868248,0.3709377656,DESCRIPTIVE_ONLY_NOT_WELFARE_OR_EXCLUSION,1,0,319.8575905,32.69322601,0.0107515851,0.4150384099,0,3.006335812,True,0,True,-183.3339848,-116.2318597,-1.833200258e-12,False,False,True,True,True,False,False,1.875832822e-12,0,0,0,0,,,,0.001474276362,,-367.9127182,-0,-0,-9.824224614,-229.150886,367.9127182,0,0,9.824224614,229.150886,0.4042868248,0.5957131752,False,False,0,-0,0,-0,0.5849615901,0.4150384099,False,False,0,-0,0,-0,0.0107515851,0.9892484149,False,False,0,-0,0,-0
CRR-SIM-FREEZE-2026-07-19,4b5897f5d225af6334e3082ce8d9f065cdd7067f2664f3ef63426b5597055b27,ca4f0b86858a11607abd1c7ff4863214acb59c693318630e5515686ebe037048,LHS-03-009,lhs,2026071903,10000,a33c6ef9ad404ee4d7d068051d8d74c4cd28c5e4d59c0ce87f75abc17f2fff19,clayton,student_t_df5,0.2254112115,0.9321701123,0.1802561518,-122.4668911,-125.5545343,-108.4253368,0.8110956068,352.5508165,0.4042868248,0.0107515851,highs,optimal,0,369.3258604,-125.5545343,-203.8508502,True,True,True,solved,-0.1806758464,-0.1806747492,1.097219298e-06,0.3039343664,WITHIN_NAMED_FAMILY_ONLY; scalar tail dependence is not a cross-family order,CONDITIONAL_ON_CONVERGENCE_AUDIT,0.4042868248,0.5849615901,0.0107515851,False,0,0.4042868248,0.367053797,DESCRIPTIVE_ONLY_NOT_WELFARE_OR_EXCLUSION,1,0,319.8575905,32.69322601,0.0107515851,0.4150384099,0,3.08764322,True,0,True,-180.2986727,-122.4668911,-1.904254532e-12,False,False,True,True,True,False,False,1.804778549e-12,0,0,0,0,,,,0.001474276362,,-369.0396598,-0,-0,-6.831896974,-230.2772406,369.0396598,0,0,6.831896974,230.2772406,0.4042868248,0.5957131752,False,False,0,-0,0,-0,0.5849615901,0.4150384099,False,False,0,-0,0,-0,0.0107515851,0.9892484149,False,False,0,-0,0,-0
CRR-SIM-FREEZE-2026-07-19,4b5897f5d225af6334e3082ce8d9f065cdd7067f2664f3ef63426b5597055b27,ca4f0b86858a11607abd1c7ff4863214acb59c693318630e5515686ebe037048,LHS-03-009,lhs,2026071904,10000,48341cc9aa41ce86418cff08c10dee5be0a26f29ff2088647e944ccbe99c4c5f,clayton,student_t_df5,0.2254112115,0.9321701123,0.1802561518,-124.9751477,-128.1951968,-110.3314564,0.8110956068,352.5508165,0.4042868248,0.0107515851,highs,optimal,0,370.0218948,-128.1951968,-207.1865562,True,True,True,solved,-0.180676361,-0.1806747493,1.611734921e-06,0.3039343664,WITHIN_NAMED_FAMILY_ONLY; scalar tail dependence is not a cross-family order,CONDITIONAL_ON_CONVERGENCE_AUDIT,0.4042868248,0.5849615901,0.0107515851,False,0,0.4042868248,0.3601114817,DESCRIPTIVE_ONLY_NOT_WELFARE_OR_EXCLUSION,1,0,319.8575905,32.69322601,0.0107515851,0.4150384099,0,3.220049087,True,0,True,-183.6131549,-124.9751477,-1.932676241e-12,False,False,True,True,True,False,False,1.648459147e-12,0,0,0,0,,,,0.001474276362,,-370.6343546,-0,-0,-4.637618571,-231.3508047,370.6343546,0,0,4.637618571,231.3508047,0.4042868248,0.5957131752,False,False,0,-0,0,-0,0.5849615901,0.4150384099,False,False,0,-0,0,-0,0.0107515851,0.9892484149,False,False,0,-0,0,-0
CRR-SIM-FREEZE-2026-07-19,4b5897f5d225af6334e3082ce8d9f065cdd7067f2664f3ef63426b5597055b27,ca4f0b86858a11607abd1c7ff4863214acb59c693318630e5515686ebe037048,LHS-03-009,lhs,2026071905,10000,e4e665679b443bfe740324a9c46565aad6d1f9983b0de9983ca7818217eab16f,clayton,student_t_df5,0.2254112115,0.9321701123,0.1802561518,-123.3527615,-126.4558344,-109.2410382,0.8110956068,352.5508165,0.4042868248,0.0107515851,highs,optimal,0,368.1621531,-126.4558344,-207.0466153,True,True,True,solved,-0.1806758901,-0.1806747492,1.140863889e-06,0.3039343664,WITHIN_NAMED_FAMILY_ONLY; scalar tail dependence is not a cross-family order,CONDITIONAL_ON_CONVERGENCE_AUDIT,0.4042868248,0.5849615901,0.0107515851,False,0,0.4042868248,0.3629417922,DESCRIPTIVE_ONLY_NOT_WELFARE_OR_EXCLUSION,1,0,319.8575905,32.69322601,0.0107515851,0.4150384099,0,3.103072921,True,0,True,-185.1894233,-123.3527615,-1.890043677e-12,False,False,True,True,True,False,False,1.918465387e-12,0,0,0,0,,,,0.001474276362,,-367.981595,-0,-0,-6.546197849,-229.3599884,367.981595,0,0,6.546197849,229.3599884,0.4042868248,0.5957131752,False,False,0,-0,0,-0,0.5849615901,0.4150384099,False,False,0,-0,0,-0,0.0107515851,0.9892484149,False,False,0,-0,0,-0
CRR-SIM-FREEZE-2026-07-19,4b5897f5d225af6334e3082ce8d9f065cdd7067f2664f3ef63426b5597055b27,ca4f0b86858a11607abd1c7ff4863214acb59c693318630e5515686ebe037048,LHS-03-010,lhs,2026071901,10000,34df0daf73dde5256d0e7c9fb928a1e0db255352bf2bf25ae20154c8064fd4b3,clayton,empirical_resample,0.3089319979,0.9238934017,0.3113995497,-145.2979149,-154.3647008,-125.2484547,1.089644638,473.6249383,0.8520905068,0.1359887584,highs,optimal,0,338.6037778,-145.2979149,-167.9104576,False,False,False,solved,0.3582017303,0.3582044738,2.74348254e-06,0.4605790968,WITHIN_NAMED_FAMILY_ONLY; scalar tail dependence is not a cross-family order,CONDITIONAL_ON_CONVERGENCE_AUDIT,0.6111078577,0.2529033839,0.1359887584,False,0,0.6111078577,0.42357587,DESCRIPTIVE_ONLY_NOT_WELFARE_OR_EXCLUSION,1,0,348.1798771,125.4450612,0.1359887584,0.3888921423,0.2409826491,-3.97903932e-13,False,0,True,-168.0782931,-145.2979149,-3.97903932e-13,False,True,True,False,True,False,False,7.673861546e-13,0,7.389644452e-13,2.622402197e-14,0.0341731758,1,0,0.00131394652,0.00131394652,0,-375.5720772,-0,-0.0341731758,-0,-235.3356893,375.5720772,0,0.0341731758,0,235.3356893,0.6111078577,0.3888921423,False,False,0,-0,0,-0,0.2529033839,0.7470966161,False,False,0,-0,0,-0,0.1359887584,0.8640112416,False,False,0,-0,0,-0
CRR-SIM-FREEZE-2026-07-19,4b5897f5d225af6334e3082ce8d9f065cdd7067f2664f3ef63426b5597055b27,ca4f0b86858a11607abd1c7ff4863214acb59c693318630e5515686ebe037048,LHS-03-010,lhs,2026071902,10000,de7ddad5a8bfc4c728a953e026b08354ac55b370f965614d10f59f9a97269eb0,clayton,empirical_resample,0.3089319979,0.9238934017,0.3113995497,-145.1784863,-154.1523393,-125.3345296,1.089644638,473.6249383,0.8520905068,0.1359887584,highs,optimal,0,341.1915338,-145.1784863,-168.5998008,False,False,False,solved,0.3530126279,0.3530135164,8.88498584e-07,0.4605790968,WITHIN_NAMED_FAMILY_ONLY; scalar tail dependence is not a cross-family order,CONDITIONAL_ON_CONVERGENCE_AUDIT,0.608512379,0.2554988626,0.1359887584,False,0,0.608512379,0.4279143422,DESCRIPTIVE_ONLY_NOT_WELFARE_OR_EXCLUSION,1,0,347.6838811,125.9410572,0.1359887584,0.391487621,0.2435781278,-4.263256415e-13,False,0,True,-168.634698,-145.1784863,-4.263256415e-13,False,True,True,False,True,False,False,2.842170943e-14,0,2.273736754e-13,9.246634158e-15,0.1084456723,1,0,0.00131394652,0.00131394652,0,-390.2218687,-0,-0.1084456723,-0,-244.7728526,390.2218687,0,0.1084456723,0,244.7728526,0.608512379,0.391487621,False,False,0,-0,0,-0,0.2554988626,0.7445011374,False,False,0,-0,0,-0,0.1359887584,0.8640112416,False,False,0,-0,0,-0
CRR-SIM-FREEZE-2026-07-19,4b5897f5d225af6334e3082ce8d9f065cdd7067f2664f3ef63426b5597055b27,ca4f0b86858a11607abd1c7ff4863214acb59c693318630e5515686ebe037048,LHS-03-010,lhs,2026071903,10000,2c8342132be27fb108334c7a556a06fd1c2878b278368beac4ba92355cebbbba,clayton,empirical_resample,0.3089319979,0.9238934017,0.3113995497,-146.1169747,-155.2897427,-125.8331555,1.089644638,473.6249383,0.8520905068,0.1359887584,highs,optimal,0,340.4267632,-146.1169747,-169.5168297,False,False,False,solved,0.3520186184,0.3520198455,1.227080325e-06,0.4605790968,WITHIN_NAMED_FAMILY_ONLY; scalar tail dependence is not a cross-family order,CONDITIONAL_ON_CONVERGENCE_AUDIT,0.6080155436,0.2559956981,0.1359887584,False,0,0.6080155436,0.4109912551,DESCRIPTIVE_ONLY_NOT_WELFARE_OR_EXCLUSION,1,0,347.5889358,126.0360025,0.1359887584,0.3919844564,0.2440749632,-7.673861546e-13,False,0,True,-169.6052252,-146.1169747,-7.673861546e-13,False,True,True,False,True,False,False,1.108446668e-12,0,7.958078641e-13,8.609781044e-14,0.07767429227,1,0,0.00131394652,0.00131394652,0,-384.5381307,-0,-0.07767429227,-0,-240.9157587,384.5381307,0,0.07767429227,0,240.9157587,0.6080155436,0.3919844564,False,False,0,-0,0,-0,0.2559956981,0.7440043019,False,False,0,-0,0,-0,0.1359887584,0.8640112416,False,False,0,-0,0,-0
CRR-SIM-FREEZE-2026-07-19,4b5897f5d225af6334e3082ce8d9f065cdd7067f2664f3ef63426b5597055b27,ca4f0b86858a11607abd1c7ff4863214acb59c693318630e5515686ebe037048,LHS-03-010,lhs,2026071904,10000,fb70f56166b526e9895f22c16f8282bb0611206e3b2559dc2ae2fe9361956b71,clayton,empirical_resample,0.3089319979,0.9238934017,0.3113995497,-146.535709,-155.8259425,-125.9921373,1.089644638,473.6249383,0.8520905068,0.1359887584,highs,optimal,0,341.3654371,-146.535709,-170.1965389,False,False,False,solved,0.358676583,0.3586776468,1.06377263e-06,0.4605790968,WITHIN_NAMED_FAMILY_ONLY; scalar tail dependence is not a cross-family order,CONDITIONAL_ON_CONVERGENCE_AUDIT,0.6113444442,0.2526667974,0.1359887584,False,0,0.6113444442,0.4094382397,DESCRIPTIVE_ONLY_NOT_WELFARE_OR_EXCLUSION,1,0,348.2250887,125.3998496,0.1359887584,0.3886555558,0.2407460626,-6.252776075e-13,False,0,True,-170.2415137,-146.535709,-6.252776075e-13,False,True,True,False,True,False,False,4.263256415e-13,0,7.105427358e-13,3.775023339e-14,0.08854788387,1,0,0.00131394652,0.00131394652,0,-387.4218962,-0,-0.08854788387,-0,-243.2629915,387.4218962,0,0.08854788387,0,243.2629915,0.6113444442,0.3886555558,False,False,0,-0,0,-0,0.2526667974,0.7473332026,False,False,0,-0,0,-0,0.1359887584,0.8640112416,False,False,0,-0,0,-0
CRR-SIM-FREEZE-2026-07-19,4b5897f5d225af6334e3082ce8d9f065cdd7067f2664f3ef63426b5597055b27,ca4f0b86858a11607abd1c7ff4863214acb59c693318630e5515686ebe037048,LHS-03-010,lhs,2026071905,10000,32c492cb685bbb04ad56c4ec2456e9bc8fd1ca1554d86bb72d4042fa75b8927e,clayton,empirical_resample,0.3089319979,0.9238934017,0.3113995497,-145.7549229,-154.7183782,-125.9339586,1.089644638,473.6249383,0.8520905068,0.1359887584,highs,optimal,0,339.4078749,-145.7549229,-168.8341076,False,False,False,solved,0.3667666366,0.3667676549,1.018359835e-06,0.4605790968,WITHIN_NAMED_FAMILY_ONLY; scalar tail dependence is not a cross-family order,CONDITIONAL_ON_CONVERGENCE_AUDIT,0.6153894483,0.2486217933,0.1359887584,False,0,0.6153894483,0.4201494463,DESCRIPTIVE_ONLY_NOT_WELFARE_OR_EXCLUSION,1,0,348.998089,124.6268493,0.1359887584,0.3846105517,0.2367010585,-7.673861546e-13,False,0,True,-168.9017027,-145.7549229,-7.673861546e-13,False,True,True,False,True,False,False,7.958078641e-13,0,6.821210263e-13,7.495272047e-14,0.09418444307,1,0,0.00131394652,0.00131394652,0,-385.9674829,-0,-0.09418444307,-0,-241.4299696,385.9674829,0,0.09418444307,0,241.4299696,0.6153894483,0.3846105517,False,False,0,-0,0,-0,0.2486217933,0.7513782067,False,False,0,-0,0,-0,0.1359887584,0.8640112416,False,False,0,-0,0,-0
CRR-SIM-FREEZE-2026-07-19,4b5897f5d225af6334e3082ce8d9f065cdd7067f2664f3ef63426b5597055b27,ca4f0b86858a11607abd1c7ff4863214acb59c693318630e5515686ebe037048,LHS-03-011,lhs,2026071901,10000,243b0a3e8a6888202e616ebece91e11a88f0e48dee63b774d28960b251ac32a4,clayton,gaussian,0.1455400252,0.9009516987,0.64525282,-151.1758884,-153.4258585,-149.9388996,0.7063803379,307.0352777,0.8019755653,0.1490445388,highs,optimal,0,336.5329928,-153.4258585,-206.6675155,True,True,True,solved,-0.04712822824,-0.04712684378,1.384465498e-06,0.1307170232,WITHIN_NAMED_FAMILY_ONLY; scalar tail dependence is not a cross-family order,CONDITIONAL_ON_CONVERGENCE_AUDIT,0.4019142922,0.449041169,0.1490445388,False,0,0.4019142922,0.2381174229,DESCRIPTIVE_ONLY_NOT_WELFARE_OR_EXCLUSION,1,0,307.0352777,0,0.1490445388,0.550958831,0.4000612731,2.249970094,False,0,True,-188.7537931,-151.1758884,-4.462208381e-12,True,False,True,False,True,False,False,4.291678124e-12,0,5.684341886e-14,0,0,,,,0.001009608431,,-362.4007528,-0.02606022722,-0,-0,-227.241933,362.4007528,0.02606022722,0,0,227.241933,0.4019142922,0.5980857078,False,False,0,-0,0,-0,0.449041169,0.550958831,False,False,0,-0,0,-0,0.1490445388,0.8509554612,False,False,0,-0,0,-0
CRR-SIM-FREEZE-2026-07-19,4b5897f5d225af6334e3082ce8d9f065cdd7067f2664f3ef63426b5597055b27,ca4f0b86858a11607abd1c7ff4863214acb59c693318630e5515686ebe037048,LHS-03-011,lhs,2026071902,10000,c1bfb44955a828c847f4e83feae6285abed1ccd4d223dfec26caedc31414f731,clayton,gaussian,0.1455400252,0.9009516987,0.64525282,-152.706401,-155.0899609,-151.3959672,0.7063803379,307.0352777,0.8019755653,0.1490445388,highs,optimal,0,338.2980206,-155.0899609,-211.8375177,True,True,True,solved,-0.0471282144,-0.04712684379,1.370616836e-06,0.1307170232,WITHIN_NAMED_FAMILY_ONLY; scalar tail dependence is not a cross-family order,CONDITIONAL_ON_CONVERGENCE_AUDIT,0.4019142922,0.449041169,0.1490445388,False,0,0.4019142922,0.2566295269,DESCRIPTIVE_ONLY_NOT_WELFARE_OR_EXCLUSION,1,0,307.0352777,0,0.1490445388,0.550958831,0.4000612731,2.383559838,False,0,True,-192.9571976,-152.706401,-4.49063009e-12,True,False,True,False,True,False,False,4.97379915e-12,0,2.842170943e-14,0,0,,,,0.001009608431,,-364.4054851,-0.02646793421,-0,-0,-229.6900932,364.4054851,0.02646793421,0,0,229.6900932,0.4019142922,0.5980857078,False,False,0,-0,0,-0,0.449041169,0.550958831,False,False,0,-0,0,-0,0.1490445388,0.8509554612,False,False,0,-0,0,-0
CRR-SIM-FREEZE-2026-07-19,4b5897f5d225af6334e3082ce8d9f065cdd7067f2664f3ef63426b5597055b27,ca4f0b86858a11607abd1c7ff4863214acb59c693318630e5515686ebe037048,LHS-03-011,lhs,2026071903,10000,8574c612d0a5db4f4ffab203c32981ad6cabfabe8a195802cbb0450bed9a25b6,clayton,gaussian,0.1455400252,0.9009516987,0.64525282,-149.1173625,-151.4110086,-147.8563615,0.7063803379,307.0352777,0.8019755653,0.1490445388,highs,optimal,0,337.0315047,-151.4110086,-207.5735651,True,True,True,solved,-0.04712792618,-0.04712684356,1.08262226e-06,0.1307170232,WITHIN_NAMED_FAMILY_ONLY; scalar tail dependence is not a cross-family order,CONDITIONAL_ON_CONVERGENCE_AUDIT,0.4019142922,0.449041169,0.1490445388,False,0,0.4019142922,0.2443527574,DESCRIPTIVE_ONLY_NOT_WELFARE_OR_EXCLUSION,1,0,307.0352777,0,0.1490445388,0.550958831,0.4000612731,2.293646073,False,0,True,-189.2611606,-149.1173625,-4.433786671e-12,True,False,True,False,True,False,False,4.519051799e-12,0,0,0,0,,,,0.001009608431,,-360.5579951,-0.03361081235,-0,-0,-227.0877937,360.5579951,0.03361081235,0,0,227.0877937,0.4019142922,0.5980857078,False,False,0,-0,0,-0,0.449041169,0.550958831,False,False,0,-0,0,-0,0.1490445388,0.8509554612,False,False,0,-0,0,-0
CRR-SIM-FREEZE-2026-07-19,4b5897f5d225af6334e3082ce8d9f065cdd7067f2664f3ef63426b5597055b27,ca4f0b86858a11607abd1c7ff4863214acb59c693318630e5515686ebe037048,LHS-03-011,lhs,2026071904,10000,5ccaecdf89d0ed81e0ba278b4ce0e882ce483d5d0e31fa9a39db2a4fb36bd844,clayton,gaussian,0.1455400252,0.9009516987,0.64525282,-151.3977022,-153.5287933,-150.2260707,0.7063803379,307.0352777,0.8019755653,0.1490445388,highs,optimal,0,337.9178127,-153.5287933,-207.3915246,True,True,True,solved,-0.04712833418,-0.04712684384,1.490340392e-06,0.1307170232,WITHIN_NAMED_FAMILY_ONLY; scalar tail dependence is not a cross-family order,CONDITIONAL_ON_CONVERGENCE_AUDIT,0.4019142922,0.449041169,0.1490445388,False,0,0.4019142922,0.241037869,DESCRIPTIVE_ONLY_NOT_WELFARE_OR_EXCLUSION,1,0,307.0352777,0,0.1490445388,0.550958831,0.4000612731,2.131091028,False,0,True,-190.925525,-151.3977022,-4.149569577e-12,True,False,True,False,True,False,False,4.035882739e-12,0,0,0,0,,,,0.001009608431,,-364.6156579,-0.02426538031,-0,-0,-229.1138827,364.6156579,0.02426538031,0,0,229.1138827,0.4019142922,0.5980857078,False,False,0,-0,0,-0,0.449041169,0.550958831,False,False,0,-0,0,-0,0.1490445388,0.8509554612,False,False,0,-0,0,-0
CRR-SIM-FREEZE-2026-07-19,4b5897f5d225af6334e3082ce8d9f065cdd7067f2664f3ef63426b5597055b27,ca4f0b86858a11607abd1c7ff4863214acb59c693318630e5515686ebe037048,LHS-03-011,lhs,2026071905,10000,7fdf20b270eb9c09fdde8dc55de2dc2933894efef1136b91728de20be26e3396,clayton,gaussian,0.1455400252,0.9009516987,0.64525282,-151.8572563,-154.0110697,-150.6731324,0.7063803379,307.0352777,0.8019755653,0.1490445388,highs,optimal,0,336.5414112,-154.0110697,-209.7081981,True,True,True,solved,-0.04712779992,-0.04712684342,9.565067253e-07,0.1307170232,WITHIN_NAMED_FAMILY_ONLY; scalar tail dependence is not a cross-family order,CONDITIONAL_ON_CONVERGENCE_AUDIT,0.4019142922,0.449041169,0.1490445388,False,0,0.4019142922,0.2396505125,DESCRIPTIVE_ONLY_NOT_WELFARE_OR_EXCLUSION,1,0,307.0352777,0,0.1490445388,0.550958831,0.4000612731,2.153813397,False,0,True,-192.8834915,-151.8572563,-4.519051799e-12,True,False,True,False,True,False,False,4.320099833e-12,0,2.842170943e-14,0,0,,,,0.001009608431,,-358.4778771,-0.0381520238,-0,-0,-225.7746805,358.4778771,0.0381520238,0,0,225.7746805,0.4019142922,0.5980857078,False,False,0,-0,0,-0,0.449041169,0.550958831,False,False,0,-0,0,-0,0.1490445388,0.8509554612,False,False,0,-0,0,-0
CRR-SIM-FREEZE-2026-07-19,4b5897f5d225af6334e3082ce8d9f065cdd7067f2664f3ef63426b5597055b27,ca4f0b86858a11607abd1c7ff4863214acb59c693318630e5515686ebe037048,LHS-03-012,lhs,2026071901,10000,c8b540c0c9a6789ef125d22413b4207776cc725c80f373cdcc6cd23a73e543a1,clayton,student_t_df5,0.2193356166,0.9600523292,0.751110564,-46.04404044,-65.0791596,-39.73652687,0.8369831577,363.8030993,0.9880768728,0.06325697208,highs,optimal,0,356.9318405,-46.04404044,-134.86561,False,False,False,solved,0.3062887321,0.3062901736,1.441581319e-06,0.2912618137,WITHIN_NAMED_FAMILY_ONLY; scalar tail dependence is not a cross-family order,CONDITIONAL_ON_CONVERGENCE_AUDIT,0.6215166008,0.3152264271,0.06325697208,False,0,0.6215166008,0.3622565122,DESCRIPTIVE_ONLY_NOT_WELFARE_OR_EXCLUSION,1,0,356.6741188,7.128980482,0.06325697208,0.3784833992,0.366560272,-9.308109838e-13,False,0,True,-134.86561,-46.04404044,-9.308109838e-13,False,True,True,False,True,False,False,9.166001291e-13,0,4.547473509e-13,2.799841053e-14,0.03054593779,1,0,0.002503274861,0.002503274861,0,-373.0561841,-0,-0.03054593779,-0,-232.6681906,373.0561841,0,0.03054593779,0,232.6681906,0.6215166008,0.3784833992,False,False,0,-0,0,-0,0.3152264271,0.6847735729,False,False,0,-0,0,-0,0.06325697208,0.9367430279,False,False,0,-0,0,-0
CRR-SIM-FREEZE-2026-07-19,4b5897f5d225af6334e3082ce8d9f065cdd7067f2664f3ef63426b5597055b27,ca4f0b86858a11607abd1c7ff4863214acb59c693318630e5515686ebe037048,LHS-03-012,lhs,2026071902,10000,2bfa9706210d5280030b01db44a39d3ffd8b83b9bc0346ba0667533995e83352,clayton,student_t_df5,0.2193356166,0.9600523292,0.751110564,-41.41164578,-63.09600638,-34.22627449,0.8369831577,363.8030993,0.9880768728,0.06325697208,highs,optimal,0,357.7113196,-41.41164578,-133.5500357,False,False,False,solved,0.3032747159,0.3032759231,1.207176985e-06,0.2912618137,WITHIN_NAMED_FAMILY_ONLY; scalar tail dependence is not a cross-family order,CONDITIONAL_ON_CONVERGENCE_AUDIT,0.6200094755,0.3167335524,0.06325697208,False,0,0.6200094755,0.3569929255,DESCRIPTIVE_ONLY_NOT_WELFARE_OR_EXCLUSION,1,0,356.3861072,7.416992127,0.06325697208,0.3799905245,0.3680673973,-8.952838471e-13,False,0,True,-133.5500357,-41.41164578,-8.810729923e-13,False,True,True,False,True,False,False,3.240074875e-12,0,5.115907697e-13,3.701900462e-14,0.03276705491,1,0,0.002503274861,0.002503274861,0,-373.7620627,-0,-0.03276705491,-0,-232.2875236,373.7620627,0,0.03276705491,0,232.2875236,0.6200094755,0.3799905245,False,False,0,-0,0,-0,0.3167335524,0.6832664476,False,False,0,-0,0,-0,0.06325697208,0.9367430279,False,False,0,-0,0,-0
CRR-SIM-FREEZE-2026-07-19,4b5897f5d225af6334e3082ce8d9f065cdd7067f2664f3ef63426b5597055b27,ca4f0b86858a11607abd1c7ff4863214acb59c693318630e5515686ebe037048,LHS-03-012,lhs,2026071903,10000,1a19e79e4615f5123f2877c8618d994f9727a2ef8dd16e98c07e10f19e3d542b,clayton,student_t_df5,0.2193356166,0.9600523292,0.751110564,-49.01294345,-71.32565601,-41.61936025,0.8369831577,363.8030993,0.9880768728,0.06325697208,highs,optimal,0,358.2049217,-49.01294345,-136.4833658,False,False,False,solved,0.301965608,0.3019669108,1.302772472e-06,0.2912618137,WITHIN_NAMED_FAMILY_ONLY; scalar tail dependence is not a cross-family order,CONDITIONAL_ON_CONVERGENCE_AUDIT,0.6193549694,0.3173880586,0.06325697208,False,0,0.6193549694,0.3486778214,DESCRIPTIVE_ONLY_NOT_WELFARE_OR_EXCLUSION,1,0,356.2610311,7.542068249,0.06325697208,0.3806450306,0.3687219034,-1.001865257e-12,False,0,True,-136.4833658,-49.01294345,-1.030286967e-12,False,True,True,False,True,False,False,1.136868377e-12,0,1.705302566e-13,3.400810992e-14,0.02991384984,1,0,0.002503274861,0.002503274861,0,-374.4442709,-0,-0.02991384984,-0,-233.5423737,374.4442709,0,0.02991384984,0,233.5423737,0.6193549694,0.3806450306,False,False,0,-0,0,-0,0.3173880586,0.6826119414,False,False,0,-0,0,-0,0.06325697208,0.9367430279,False,False,0,-0,0,-0
CRR-SIM-FREEZE-2026-07-19,4b5897f5d225af6334e3082ce8d9f065cdd7067f2664f3ef63426b5597055b27,ca4f0b86858a11607abd1c7ff4863214acb59c693318630e5515686ebe037048,LHS-03-012,lhs,2026071904,10000,6ea3f5fab4329158fbcfe707087333c991862e4256fa6df14ae6b5538f83c7f5,clayton,student_t_df5,0.2193356166,0.9600523292,0.751110564,-52.58888517,-71.75944466,-46.23649184,0.8369831577,363.8030993,0.9880768728,0.06325697208,highs,optimal,0,358.9480032,-52.58888517,-143.5467176,False,False,False,solved,0.3075760472,0.307577604,1.556779021e-06,0.2912618137,WITHIN_NAMED_FAMILY_ONLY; scalar tail dependence is not a cross-family order,CONDITIONAL_ON_CONVERGENCE_AUDIT,0.6221603159,0.314582712,0.06325697208,False,0,0.6221603159,0.3613484098,DESCRIPTIVE_ONLY_NOT_WELFARE_OR_EXCLUSION,1,0,356.7971328,7.005966517,0.06325697208,0.3778396841,0.3659165569,-9.379164112e-13,False,0,True,-143.5467176,-52.58888517,-9.379164112e-13,False,True,True,False,True,False,False,9.876544027e-13,0,5.115907697e-13,2.710444899e-14,0.02744325233,1,0,0.002503274861,0.002503274861,0,-375.2305338,-0,-0.02744325233,-0,-234.5879051,375.2305338,0,0.02744325233,0,234.5879051,0.6221603159,0.3778396841,False,False,0,-0,0,-0,0.314582712,0.685417288,False,False,0,-0,0,-0,0.06325697208,0.9367430279,False,False,0,-0,0,-0
CRR-SIM-FREEZE-2026-07-19,4b5897f5d225af6334e3082ce8d9f065cdd7067f2664f3ef63426b5597055b27,ca4f0b86858a11607abd1c7ff4863214acb59c693318630e5515686ebe037048,LHS-03-012,lhs,2026071905,10000,2899b229db74f82b290bdc8748b800a5620aa2fd17e52353c6031f0bbe116c81,clayton,student_t_df5,0.2193356166,0.9600523292,0.751110564,-50.25779264,-71.03205581,-43.37399298,0.8369831577,363.8030993,0.9880768728,0.06325697208,highs,optimal,0,357.5307207,-50.25779264,-139.1075295,False,False,False,solved,0.3031192037,0.3031203382,1.134555833e-06,0.2912618137,WITHIN_NAMED_FAMILY_ONLY; scalar tail dependence is not a cross-family order,CONDITIONAL_ON_CONVERGENCE_AUDIT,0.6199316831,0.3168113449,0.06325697208,False,0,0.6199316831,0.3539261765,DESCRIPTIVE_ONLY_NOT_WELFARE_OR_EXCLUSION,1,0,356.3712411,7.431858258,0.06325697208,0.3800683169,0.3681451897,-1.030286967e-12,False,0,True,-139.1075295,-50.25779264,-1.058708676e-12,False,True,True,False,True,False,False,8.313350008e-13,0,8.810729923e-13,3.018020367e-14,0.03630329968,1,0,0.002503274861,0.002503274861,0,-374.1117311,-0,-0.03630329968,-0,-233.278423,374.1117311,0,0.03630329968,0,233.278423,0.6199316831,0.3800683169,False,False,0,-0,0,-0,0.3168113449,0.6831886551,False,False,0,-0,0,-0,0.06325697208,0.9367430279,False,False,0,-0,0,-0
CRR-SIM-FREEZE-2026-07-19,4b5897f5d225af6334e3082ce8d9f065cdd7067f2664f3ef63426b5597055b27,ca4f0b86858a11607abd1c7ff4863214acb59c693318630e5515686ebe037048,LHS-03-013,lhs,2026071901,10000,e29c82fb0c855d68ded959933629e32642b2749d6d2edbb31f2be1e46bbbd143,clayton,empirical_resample,0.4711181404,0.9866991944,0.6257744615,-128.2115116,-133.9934897,-124.7537741,1.040354319,452.2004082,0.7220173678,0.09841171422,highs,optimal,0,349.4680953,-128.2115116,-131.3384262,False,False,False,solved,0.4174244791,0.4174254567,9.775995071e-07,0.677688916,WITHIN_NAMED_FAMILY_ONLY; scalar tail dependence is not a cross-family order,CONDITIONAL_ON_CONVERGENCE_AUDIT,0.6595068713,0.2420814145,0.09841171422,False,0,0.6595068713,0.6179083592,DESCRIPTIVE_ONLY_NOT_WELFARE_OR_EXCLUSION,1,0,360.7898194,91.41058882,0.09841171422,0.3404931287,0.06251049652,0,False,0,True,-131.3616763,-128.2115116,-2.842170943e-14,False,True,True,False,True,False,False,2.842170943e-14,0,4.547473509e-13,7.371953523e-15,0.1296887779,1,0,0.007518341574,0.007518341574,0,-390.2093759,-0,-0.1296887779,-0,-245.0286179,390.2093759,0,0.1296887779,0,245.0286179,0.6595068713,0.3404931287,False,False,0,-0,0,-0,0.2420814145,0.7579185855,False,False,0,-0,0,-0,0.09841171422,0.9015882858,False,False,0,-0,0,-0
CRR-SIM-FREEZE-2026-07-19,4b5897f5d225af6334e3082ce8d9f065cdd7067f2664f3ef63426b5597055b27,ca4f0b86858a11607abd1c7ff4863214acb59c693318630e5515686ebe037048,LHS-03-013,lhs,2026071902,10000,a0a8f482ce8cb82ebc4a2041ff458bc6cfecc1194d9e88002d2ee687d3011c07,clayton,empirical_resample,0.4711181404,0.9866991944,0.6257744615,-127.703148,-133.6256133,-124.1613963,1.040354319,452.2004082,0.7220173678,0.09841171422,highs,optimal,0,351.4080039,-127.703148,-130.9106906,False,False,False,solved,0.415519472,0.4155203963,9.243306304e-07,0.677688916,WITHIN_NAMED_FAMILY_ONLY; scalar tail dependence is not a cross-family order,CONDITIONAL_ON_CONVERGENCE_AUDIT,0.658554341,0.2430339447,0.09841171422,False,0,0.658554341,0.6161388822,DESCRIPTIVE_ONLY_NOT_WELFARE_OR_EXCLUSION,1,0,360.6077909,91.59261734,0.09841171422,0.341445659,0.06346302674,-4.263256415e-14,False,0,True,-130.9969272,-127.703148,-5.684341886e-14,False,True,True,False,True,False,False,2.842170943e-14,0,2.842170943e-13,7.766470146e-15,0.1366291877,1,0,0.007518341574,0.007518341574,0,-393.2340994,-0,-0.1366291877,-0,-247.7156137,393.2340994,0,0.1366291877,0,247.7156137,0.658554341,0.341445659,False,False,0,-0,0,-0,0.2430339447,0.7569660553,False,False,0,-0,0,-0,0.09841171422,0.9015882858,False,False,0,-0,0,-0
CRR-SIM-FREEZE-2026-07-19,4b5897f5d225af6334e3082ce8d9f065cdd7067f2664f3ef63426b5597055b27,ca4f0b86858a11607abd1c7ff4863214acb59c693318630e5515686ebe037048,LHS-03-013,lhs,2026071903,10000,69806830799970c487e03988682304d0f8b850b2ccb96150d96d83079f1f203a,clayton,empirical_resample,0.4711181404,0.9866991944,0.6257744615,-128.213461,-134.1213436,-124.6804301,1.040354319,452.2004082,0.7220173678,0.09841171422,highs,optimal,0,349.4688623,-128.213461,-131.528779,False,False,False,solved,0.4166474572,0.4166488355,1.378318778e-06,0.677688916,WITHIN_NAMED_FAMILY_ONLY; scalar tail dependence is not a cross-family order,CONDITIONAL_ON_CONVERGENCE_AUDIT,0.6591185606,0.2424697251,0.09841171422,False,0,0.6591185606,0.6055575037,DESCRIPTIVE_ONLY_NOT_WELFARE_OR_EXCLUSION,1,0,360.7156132,91.48479498,0.09841171422,0.3408814394,0.06289880715,5.684341886e-14,False,0,True,-131.6598809,-128.213461,5.684341886e-14,False,True,True,False,True,False,False,2.842170943e-14,0,1.705302566e-13,2.570897907e-15,0.09045542856,1,0,0.007518341574,0.007518341574,8.67361738e-19,-384.8842417,-0,-0.09045542856,-0,-242.0217551,384.8842417,0,0.09045542856,0,242.0217551,0.6591185606,0.3408814394,False,False,0,-0,0,-0,0.2424697251,0.7575302749,False,False,0,-0,0,-0,0.09841171422,0.9015882858,False,False,0,-0,0,-0
CRR-SIM-FREEZE-2026-07-19,4b5897f5d225af6334e3082ce8d9f065cdd7067f2664f3ef63426b5597055b27,ca4f0b86858a11607abd1c7ff4863214acb59c693318630e5515686ebe037048,LHS-03-013,lhs,2026071904,10000,798b0705eed8aa71a08940773b70022c4cd561d16d750833ec6d8e4a7d1efa52,clayton,empirical_resample,0.4711181404,0.9866991944,0.6257744615,-127.3147444,-133.1556706,-123.8217546,1.040354319,452.2004082,0.7220173678,0.09841171422,highs,optimal,0,349.8906308,-127.3147444,-131.0295032,False,False,False,solved,0.4159077998,0.4159095937,1.793907157e-06,0.677688916,WITHIN_NAMED_FAMILY_ONLY; scalar tail dependence is not a cross-family order,CONDITIONAL_ON_CONVERGENCE_AUDIT,0.6587489397,0.2428393461,0.09841171422,False,0,0.6587489397,0.6085384952,DESCRIPTIVE_ONLY_NOT_WELFARE_OR_EXCLUSION,1,1.110223025e-16,360.6449787,91.55542954,0.09841171422,0.3412510603,0.06326842807,8.526512829e-14,False,0,True,-131.1114066,-127.3147444,8.526512829e-14,False,True,True,False,True,False,False,1.785238624e-13,0,3.97903932e-13,4.247476897e-14,0.07102275403,1,0,0.007518341574,0.007518341574,0,-382.5787074,-0,-0.07102275403,-0,-240.2745753,382.5787074,0,0.07102275403,0,240.2745753,0.6587489397,0.3412510603,False,False,0,-0,0,-0,0.2428393461,0.7571606539,False,False,0,-0,0,-0,0.09841171422,0.9015882858,False,False,0,-0,0,-0
CRR-SIM-FREEZE-2026-07-19,4b5897f5d225af6334e3082ce8d9f065cdd7067f2664f3ef63426b5597055b27,ca4f0b86858a11607abd1c7ff4863214acb59c693318630e5515686ebe037048,LHS-03-013,lhs,2026071905,10000,03c48dbc3951f581498eb86eed5e5d1eceb73f8f5e46057ffa3224107728906f,clayton,empirical_resample,0.4711181404,0.9866991944,0.6257744615,-127.5687496,-133.3988449,-124.082237,1.040354319,452.2004082,0.7220173678,0.09841171422,highs,optimal,0,350.6510981,-127.5687496,-130.9155221,False,False,False,solved,0.4163443157,0.4163454839,1.168105402e-06,0.677688916,WITHIN_NAMED_FAMILY_ONLY; scalar tail dependence is not a cross-family order,CONDITIONAL_ON_CONVERGENCE_AUDIT,0.6589668848,0.242621401,0.09841171422,False,0,0.6589668848,0.6051404719,DESCRIPTIVE_ONLY_NOT_WELFARE_OR_EXCLUSION,1,0,360.686628,91.51378023,0.09841171422,0.3410331152,0.06305048297,-1.421085472e-14,False,0,True,-130.9160918,-127.5687496,0,False,True,True,False,True,False,False,2.97317726e-12,0,2.273736754e-13,6.178000707e-15,0.1086845378,1,0,0.007518341574,0.007518341574,0,-388.5150373,-0,-0.1086845378,-0,-243.865162,388.5150373,0,0.1086845378,0,243.865162,0.6589668848,0.3410331152,False,False,0,-0,0,-0,0.242621401,0.757378599,False,False,0,-0,0,-0,0.09841171422,0.9015882858,False,False,0,-0,0,-0
CRR-SIM-FREEZE-2026-07-19,4b5897f5d225af6334e3082ce8d9f065cdd7067f2664f3ef63426b5597055b27,ca4f0b86858a11607abd1c7ff4863214acb59c693318630e5515686ebe037048,LHS-03-014,lhs,2026071901,10000,cae8bf47ddca7abec60b8583e25d46a9b6aebd7f1e4d9aa13d43f38819373588,clayton,gaussian,0.5651760575,0.9673475709,0.395161167,-47.16482294,-49.74715987,-43.21226437,1.069259527,464.7643459,0.5363851643,0.102259906,highs,optimal,0,347.6519005,-47.16482294,-96.07747614,False,False,False,solved,0.1031753779,0.1031766458,1.267911496e-06,0.7659488299,WITHIN_NAMED_FAMILY_ONLY; scalar tail dependence is not a cross-family order,CONDITIONAL_ON_CONVERGENCE_AUDIT,0.5004583699,0.3972817241,0.102259906,False,0,0.5004583699,0.7492996449,DESCRIPTIVE_ONLY_NOT_WELFARE_OR_EXCLUSION,1,0,330.0514685,134.7128774,0.102259906,0.4995416301,0.03592679441,-5.75539616e-13,False,0,True,-96.07747614,-47.16482294,-5.75539616e-13,False,True,True,False,True,False,False,5.542233339e-13,0,2.842170943e-13,2.796761077e-14,0.05046270891,1,0,0.003062559288,0.003062559288,0,-373.9980209,-0,-0.05046270891,-0,-234.3641474,373.9980209,0,0.05046270891,0,234.3641474,0.5004583699,0.4995416301,False,False,0,-0,0,-0,0.3972817241,0.6027182759,False,False,0,-0,0,-0,0.102259906,0.897740094,False,False,0,-0,0,-0
CRR-SIM-FREEZE-2026-07-19,4b5897f5d225af6334e3082ce8d9f065cdd7067f2664f3ef63426b5597055b27,ca4f0b86858a11607abd1c7ff4863214acb59c693318630e5515686ebe037048,LHS-03-014,lhs,2026071902,10000,5515550ea9684d634830b898ba8d8f6c91dd4966ea84ed86a810229b49696bd7,clayton,gaussian,0.5651760575,0.9673475709,0.395161167,-46.26082875,-48.97835899,-42.10134155,1.069259527,464.7643459,0.5363851643,0.102259906,highs,optimal,0,349.6990871,-46.26082875,-97.31567601,False,False,False,solved,0.1008123244,0.1008132491,9.246655241e-07,0.7659488299,WITHIN_NAMED_FAMILY_ONLY; scalar tail dependence is not a cross-family order,CONDITIONAL_ON_CONVERGENCE_AUDIT,0.4992766715,0.3984634225,0.102259906,False,0,0.4992766715,0.7482811844,DESCRIPTIVE_ONLY_NOT_WELFARE_OR_EXCLUSION,1,0,329.8256459,134.9386999,0.102259906,0.5007233285,0.03710849277,-5.471179065e-13,False,0,True,-97.31567601,-46.26082875,-5.471179065e-13,False,True,True,False,True,False,False,6.181721801e-13,0,5.115907697e-13,4.187931185e-14,0.06774700188,1,0,0.003062559288,0.003062559288,0,-376.9719908,-0,-0.06774700188,-0,-236.0541116,376.9719908,0,0.06774700188,0,236.0541116,0.4992766715,0.5007233285,False,False,0,-0,0,-0,0.3984634225,0.6015365775,False,False,0,-0,0,-0,0.102259906,0.897740094,False,False,0,-0,0,-0
CRR-SIM-FREEZE-2026-07-19,4b5897f5d225af6334e3082ce8d9f065cdd7067f2664f3ef63426b5597055b27,ca4f0b86858a11607abd1c7ff4863214acb59c693318630e5515686ebe037048,LHS-03-014,lhs,2026071903,10000,6f8ee455e2108ad2c545d673cf2b62da74d602a1b6528ac69f184ed9f8dc1818,clayton,gaussian,0.5651760575,0.9673475709,0.395161167,-53.14686305,-55.53719997,-49.48818221,1.069259527,464.7643459,0.5363851643,0.102259906,highs,optimal,0,348.8764174,-53.14686305,-103.6603711,False,False,False,solved,0.1059661408,0.1059671331,9.923187436e-07,0.7659488299,WITHIN_NAMED_FAMILY_ONLY; scalar tail dependence is not a cross-family order,CONDITIONAL_ON_CONVERGENCE_AUDIT,0.5018536135,0.3958864805,0.102259906,False,0,0.5018536135,0.7412171665,DESCRIPTIVE_ONLY_NOT_WELFARE_OR_EXCLUSION,1,0,330.3180996,134.4462463,0.102259906,0.4981463865,0.03453155077,-6.110667528e-13,False,0,True,-103.6603711,-53.14686305,-6.110667528e-13,False,True,True,False,True,False,False,6.608047443e-13,0,7.958078641e-13,4.397608619e-14,0.06654928945,1,0,0.003062559288,0.003062559288,0,-376.6036199,-0,-0.06654928945,-0,-236.5571942,376.6036199,0,0.06654928945,0,236.5571942,0.5018536135,0.4981463865,False,False,0,-0,0,-0,0.3958864805,0.6041135195,False,False,0,-0,0,-0,0.102259906,0.897740094,False,False,0,-0,0,-0
CRR-SIM-FREEZE-2026-07-19,4b5897f5d225af6334e3082ce8d9f065cdd7067f2664f3ef63426b5597055b27,ca4f0b86858a11607abd1c7ff4863214acb59c693318630e5515686ebe037048,LHS-03-014,lhs,2026071904,10000,91c7c2c4c146de374f7b69086d77ceae5673ccedd405a3e5ede41da5d04325c3,clayton,gaussian,0.5651760575,0.9673475709,0.395161167,-44.67474324,-47.13037652,-40.91611894,1.069259527,464.7643459,0.5363851643,0.102259906,highs,optimal,0,349.776343,-44.67474324,-104.0739925,False,False,False,solved,0.1029539277,0.1029548194,8.916358731e-07,0.7659488299,WITHIN_NAMED_FAMILY_ONLY; scalar tail dependence is not a cross-family order,CONDITIONAL_ON_CONVERGENCE_AUDIT,0.5003474567,0.3973926373,0.102259906,False,0,0.5003474567,0.7511943756,DESCRIPTIVE_ONLY_NOT_WELFARE_OR_EXCLUSION,1,0,330.030273,134.7340729,0.102259906,0.4996525433,0.03603770762,-6.465938895e-13,False,0,True,-104.0739925,-44.67474324,-6.252776075e-13,False,True,True,False,True,False,False,5.826450433e-13,0,3.410605132e-13,4.402835237e-14,0.07556633816,1,0,0.003062559288,0.003062559288,0,-377.4700277,-0,-0.07556633816,-0,-237.8036405,377.4700277,0,0.07556633816,0,237.8036405,0.5003474567,0.4996525433,False,False,0,-0,0,-0,0.3973926373,0.6026073627,False,False,0,-0,0,-0,0.102259906,0.897740094,False,False,0,-0,0,-0
CRR-SIM-FREEZE-2026-07-19,4b5897f5d225af6334e3082ce8d9f065cdd7067f2664f3ef63426b5597055b27,ca4f0b86858a11607abd1c7ff4863214acb59c693318630e5515686ebe037048,LHS-03-014,lhs,2026071905,10000,e10d47abd03f16551e0d0a8f074aa8bca414a53fb7bc8a464a2743e1c57c2452,clayton,gaussian,0.5651760575,0.9673475709,0.395161167,-43.50978476,-46.13310008,-39.49450412,1.069259527,464.7643459,0.5363851643,0.102259906,highs,optimal,0,350.0172174,-43.50978476,-97.89711214,False,False,False,solved,0.1012289335,0.1012299176,9.840965299e-07,0.7659488299,WITHIN_NAMED_FAMILY_ONLY; scalar tail dependence is not a cross-family order,CONDITIONAL_ON_CONVERGENCE_AUDIT,0.4994850058,0.3982550882,0.102259906,False,0,0.4994850058,0.7500497346,DESCRIPTIVE_ONLY_NOT_WELFARE_OR_EXCLUSION,1,0,329.8654586,134.8988873,0.102259906,0.5005149942,0.03690015854,-6.323830348e-13,False,0,True,-97.89711214,-43.50978476,-6.039613254e-13,False,True,True,False,True,False,False,3.49587026e-12,0,7.105427358e-13,3.306153309e-14,0.06553517081,1,0,0.003062559288,0.003062559288,0,-377.1066811,-0,-0.06553517081,-0,-237.0239085,377.1066811,0,0.06553517081,0,237.0239085,0.4994850058,0.5005149942,False,False,0,-0,0,-0,0.3982550882,0.6017449118,False,False,0,-0,0,-0,0.102259906,0.897740094,False,False,0,-0,0,-0
CRR-SIM-FREEZE-2026-07-19,4b5897f5d225af6334e3082ce8d9f065cdd7067f2664f3ef63426b5597055b27,ca4f0b86858a11607abd1c7ff4863214acb59c693318630e5515686ebe037048,LHS-03-015,lhs,2026071901,10000,d3227b42af71c53721c11a01be53ef09b3547ff5b1acfb8e9a909b8d7a4fb519,clayton,student_t_df5,0.1578558429,0.93444736,0.2000872671,-128.9863555,-131.6594134,-118.2999529,1.012457532,440.0747907,0.3856240956,0.05141135781,highs,optimal,0,359.6872894,-131.6594134,-203.6905269,True,True,True,solved,-0.1773415481,-0.1773404354,1.112669749e-06,0.1574049812,WITHIN_NAMED_FAMILY_ONLY; scalar tail dependence is not a cross-family order,CONDITIONAL_ON_CONVERGENCE_AUDIT,0.3856240956,0.5629645466,0.05141135781,False,0,0.3856240956,0.2714957254,DESCRIPTIVE_ONLY_NOT_WELFARE_OR_EXCLUSION,1,0,312.6545328,127.4202578,0.05141135781,0.4370354534,0,2.673057954,True,0,True,-182.1020131,-128.9863555,1.705302566e-12,False,False,True,True,True,False,False,5.684341886e-14,0,0,0,0,,,,0.001525491574,,-369.0144037,-0,-0,-6.557221709,-230.6054058,369.0144037,0,0,6.557221709,230.6054058,0.3856240956,0.6143759044,False,False,0,-0,0,-0,0.5629645466,0.4370354534,False,False,0,-0,0,-0,0.05141135781,0.9485886422,False,False,0,-0,0,-0
CRR-SIM-FREEZE-2026-07-19,4b5897f5d225af6334e3082ce8d9f065cdd7067f2664f3ef63426b5597055b27,ca4f0b86858a11607abd1c7ff4863214acb59c693318630e5515686ebe037048,LHS-03-015,lhs,2026071902,10000,207dcdba979b46db101f80961540b7552110ee9e9e8bcce9bab4ce14be7b6036,clayton,student_t_df5,0.1578558429,0.93444736,0.2000872671,-129.3793697,-132.2172393,-118.0340798,1.012457532,440.0747907,0.3856240956,0.05141135781,highs,optimal,0,360.2986197,-132.2172393,-207.8584118,True,True,True,solved,-0.1773412197,-0.1773404353,7.844310891e-07,0.1574049812,WITHIN_NAMED_FAMILY_ONLY; scalar tail dependence is not a cross-family order,CONDITIONAL_ON_CONVERGENCE_AUDIT,0.3856240956,0.5629645466,0.05141135781,False,0,0.3856240956,0.2697885861,DESCRIPTIVE_ONLY_NOT_WELFARE_OR_EXCLUSION,1,0,312.6545328,127.4202578,0.05141135781,0.4370354534,0,2.837869629,True,0,True,-186.4036731,-129.3793697,1.648459147e-12,False,False,True,True,True,False,False,5.684341886e-14,0,0,0,0,,,,0.001525491574,,-368.4721776,-0,-0,-9.374014978,-229.2957141,368.4721776,0,0,9.374014978,229.2957141,0.3856240956,0.6143759044,False,False,0,-0,0,-0,0.5629645466,0.4370354534,False,False,0,-0,0,-0,0.05141135781,0.9485886422,False,False,0,-0,0,-0
CRR-SIM-FREEZE-2026-07-19,4b5897f5d225af6334e3082ce8d9f065cdd7067f2664f3ef63426b5597055b27,ca4f0b86858a11607abd1c7ff4863214acb59c693318630e5515686ebe037048,LHS-03-015,lhs,2026071903,10000,14e359ca7ff19b4c5c49008ac6a2f0ab82f1e7d152621855d410550d28df3007,clayton,student_t_df5,0.1578558429,0.93444736,0.2000872671,-130.8779421,-133.8174622,-119.1262719,1.012457532,440.0747907,0.3856240956,0.05141135781,highs,optimal,0,359.1427437,-133.8174622,-205.6253564,True,True,True,solved,-0.1773414043,-0.1773404353,9.689888611e-07,0.1574049812,WITHIN_NAMED_FAMILY_ONLY; scalar tail dependence is not a cross-family order,CONDITIONAL_ON_CONVERGENCE_AUDIT,0.3856240956,0.5629645466,0.05141135781,False,0,0.3856240956,0.256303689,DESCRIPTIVE_ONLY_NOT_WELFARE_OR_EXCLUSION,1,0,312.6545328,127.4202578,0.05141135781,0.4370354534,0,2.939520114,True,0,True,-184.8975579,-130.8779421,1.5063506e-12,False,False,True,True,True,False,False,2.842170943e-14,0,0,0,0,,,,0.001525491574,,-368.0047203,-0,-0,-7.534740485,-228.8901645,368.0047203,0,0,7.534740485,228.8901645,0.3856240956,0.6143759044,False,False,0,-0,0,-0,0.5629645466,0.4370354534,False,False,0,-0,0,-0,0.05141135781,0.9485886422,False,False,0,-0,0,-0
CRR-SIM-FREEZE-2026-07-19,4b5897f5d225af6334e3082ce8d9f065cdd7067f2664f3ef63426b5597055b27,ca4f0b86858a11607abd1c7ff4863214acb59c693318630e5515686ebe037048,LHS-03-015,lhs,2026071904,10000,b2b97655e0bf0f1db8a8b605c081ca68bb42a507954b4c267d5d75b34ca83624,clayton,student_t_df5,0.1578558429,0.93444736,0.2000872671,-134.4741899,-137.4643536,-122.5200555,1.012457532,440.0747907,0.3856240956,0.05141135781,highs,optimal,0,360.8677187,-137.4643536,-207.0125272,True,True,True,solved,-0.1773412783,-0.1773404353,8.430051103e-07,0.1574049812,WITHIN_NAMED_FAMILY_ONLY; scalar tail dependence is not a cross-family order,CONDITIONAL_ON_CONVERGENCE_AUDIT,0.3856240956,0.5629645466,0.05141135781,False,0,0.3856240956,0.2866294621,DESCRIPTIVE_ONLY_NOT_WELFARE_OR_EXCLUSION,1,0,312.6545328,127.4202578,0.05141135781,0.4370354534,0,2.990163777,True,0,True,-186.6208355,-134.4741899,1.676880856e-12,False,False,True,True,True,False,False,2.273736754e-13,0,0,0,0,,,,0.001525491574,,-369.3543144,-0,-0,-8.723464085,-230.5049723,369.3543144,0,0,8.723464085,230.5049723,0.3856240956,0.6143759044,False,False,0,-0,0,-0,0.5629645466,0.4370354534,False,False,0,-0,0,-0,0.05141135781,0.9485886422,False,False,0,-0,0,-0
CRR-SIM-FREEZE-2026-07-19,4b5897f5d225af6334e3082ce8d9f065cdd7067f2664f3ef63426b5597055b27,ca4f0b86858a11607abd1c7ff4863214acb59c693318630e5515686ebe037048,LHS-03-015,lhs,2026071905,10000,77a2987752007937e93f6177c7798d6ae83a1d7bda56201105455e869872adb6,clayton,student_t_df5,0.1578558429,0.93444736,0.2000872671,-128.877568,-131.8035009,-117.180217,1.012457532,440.0747907,0.3856240956,0.05141135781,highs,optimal,0,358.8488749,-131.8035009,-203.4933839,True,True,True,solved,-0.1773415389,-0.1773404354,1.103579375e-06,0.1574049812,WITHIN_NAMED_FAMILY_ONLY; scalar tail dependence is not a cross-family order,CONDITIONAL_ON_CONVERGENCE_AUDIT,0.3856240956,0.5629645466,0.05141135781,False,0,0.3856240956,0.2781005975,DESCRIPTIVE_ONLY_NOT_WELFARE_OR_EXCLUSION,1,0,312.6545328,127.4202578,0.05141135781,0.4370354534,0,2.925932915,True,0,True,-182.7152244,-128.877568,1.591615728e-12,False,False,True,True,True,False,False,1.136868377e-13,0,0,0,0,,,,0.001525491574,,-368.1080805,-0,-0,-6.596797216,-229.5813631,368.1080805,0,0,6.596797216,229.5813631,0.3856240956,0.6143759044,False,False,0,-0,0,-0,0.5629645466,0.4370354534,False,False,0,-0,0,-0,0.05141135781,0.9485886422,False,False,0,-0,0,-0
CRR-SIM-FREEZE-2026-07-19,4b5897f5d225af6334e3082ce8d9f065cdd7067f2664f3ef63426b5597055b27,ca4f0b86858a11607abd1c7ff4863214acb59c693318630e5515686ebe037048,LHS-03-016,lhs,2026071901,10000,69069797f20590956d41c7d114ebd19d18c6771a0cd78b90edc8e30ef7c5e41c,clayton,empirical_resample,0.1915579001,0.9727838355,0.3339876793,-150.8296984,-154.3765322,-143.7568777,0.7334234603,318.7898413,0.7408067408,0.05921330182,highs,optimal,0,357.2468919,-154.3765322,-163.6847024,True,True,True,solved,-0.09802622427,-0.09802497831,1.24596513e-06,0.231618618,WITHIN_NAMED_FAMILY_ONLY; scalar tail dependence is not a cross-family order,CONDITIONAL_ON_CONVERGENCE_AUDIT,0.4213808424,0.5194058558,0.05921330182,False,0,0.4213808424,0.268404281,DESCRIPTIVE_ONLY_NOT_WELFARE_OR_EXCLUSION,1,0,318.7898413,0,0.05921330182,0.4805941442,0.3194258984,3.546833748,False,0,True,-152.4986769,-150.8296984,5.684341886e-13,True,False,True,False,True,False,False,2.842170943e-14,0,0,0,0,,,,0.003674287024,,-360.9433224,-0.03087817516,-0,-0,-228.6661715,360.9433224,0.03087817516,0,0,228.6661715,0.4213808424,0.5786191576,False,False,0,-0,0,-0,0.5194058558,0.4805941442,False,False,0,-0,0,-0,0.05921330182,0.9407866982,False,False,0,-0,0,-0
CRR-SIM-FREEZE-2026-07-19,4b5897f5d225af6334e3082ce8d9f065cdd7067f2664f3ef63426b5597055b27,ca4f0b86858a11607abd1c7ff4863214acb59c693318630e5515686ebe037048,LHS-03-016,lhs,2026071902,10000,90e7b4e2e35b7a769b93b80c2e6e9f570bc775be2b80f843cc6eb47cc6e531e5,clayton,empirical_resample,0.1915579001,0.9727838355,0.3339876793,-152.4101863,-155.872894,-145.5051233,0.7334234603,318.7898413,0.7408067408,0.05921330182,highs,optimal,0,357.0845752,-155.872894,-167.2469609,True,True,True,solved,-0.09802667779,-0.09802497856,1.699222082e-06,0.231618618,WITHIN_NAMED_FAMILY_ONLY; scalar tail dependence is not a cross-family order,CONDITIONAL_ON_CONVERGENCE_AUDIT,0.4213808424,0.5194058558,0.05921330182,False,0,0.4213808424,0.2829215905,DESCRIPTIVE_ONLY_NOT_WELFARE_OR_EXCLUSION,1,0,318.7898413,0,0.05921330182,0.4805941442,0.3194258984,3.462707662,False,0,True,-154.6455059,-152.4101863,5.115907697e-13,True,False,True,False,True,False,False,2.842170943e-14,0,0,0,0,,,,0.003674287024,,-363.4494816,-0.02245406017,-0,-0,-228.378292,363.4494816,0.02245406017,0,0,228.378292,0.4213808424,0.5786191576,False,False,0,-0,0,-0,0.5194058558,0.4805941442,False,False,0,-0,0,-0,0.05921330182,0.9407866982,False,False,0,-0,0,-0
CRR-SIM-FREEZE-2026-07-19,4b5897f5d225af6334e3082ce8d9f065cdd7067f2664f3ef63426b5597055b27,ca4f0b86858a11607abd1c7ff4863214acb59c693318630e5515686ebe037048,LHS-03-016,lhs,2026071903,10000,31e23f92570c224cb99bbc746040578999bf82e04463e060520c9b5c9a77b58f,clayton,empirical_resample,0.1915579001,0.9727838355,0.3339876793,-152.8318343,-156.3318514,-145.8523716,0.7334234603,318.7898413,0.7408067408,0.05921330182,highs,optimal,0,357.0717316,-156.3318514,-167.5771504,True,True,True,solved,-0.0980260618,-0.09802497815,1.083652865e-06,0.231618618,WITHIN_NAMED_FAMILY_ONLY; scalar tail dependence is not a cross-family order,CONDITIONAL_ON_CONVERGENCE_AUDIT,0.4213808424,0.5194058558,0.05921330182,False,0,0.4213808424,0.2643419792,DESCRIPTIVE_ONLY_NOT_WELFARE_OR_EXCLUSION,1,0,318.7898413,0,0.05921330182,0.4805941442,0.3194258984,3.500017148,False,0,True,-155.0087869,-152.8318343,5.96855898e-13,True,False,True,False,True,False,False,3.375077995e-14,0,2.842170943e-14,0,0,,,,0.003674287024,,-359.1383414,-0.03564605937,-0,-0,-226.8107165,359.1383414,0.03564605937,0,0,226.8107165,0.4213808424,0.5786191576,False,False,0,-0,0,-0,0.5194058558,0.4805941442,False,False,0,-0,0,-0,0.05921330182,0.9407866982,False,False,0,-0,0,-0
CRR-SIM-FREEZE-2026-07-19,4b5897f5d225af6334e3082ce8d9f065cdd7067f2664f3ef63426b5597055b27,ca4f0b86858a11607abd1c7ff4863214acb59c693318630e5515686ebe037048,LHS-03-016,lhs,2026071904,10000,61d90244d6b521040dbda523604b12dc2e5586a842055220d637a6f6106fbc9e,clayton,empirical_resample,0.1915579001,0.9727838355,0.3339876793,-153.3914762,-156.9764081,-146.2426831,0.7334234603,318.7898413,0.7408067408,0.05921330182,highs,optimal,0,358.5350317,-156.9764081,-168.7702888,True,True,True,solved,-0.09802596743,-0.09802497804,9.893932357e-07,0.231618618,WITHIN_NAMED_FAMILY_ONLY; scalar tail dependence is not a cross-family order,CONDITIONAL_ON_CONVERGENCE_AUDIT,0.4213808424,0.5194058558,0.05921330182,False,0,0.4213808424,0.2650301972,DESCRIPTIVE_ONLY_NOT_WELFARE_OR_EXCLUSION,1,0,318.7898413,0,0.05921330182,0.4805941442,0.3194258984,3.584931883,False,0,True,-156.0986785,-153.3914762,4.831690603e-13,True,False,True,False,True,False,False,2.842170943e-14,0,2.842170943e-14,0,0,,,,0.003674287024,,-359.4762149,-0.03933276019,-0,-0,-227.6526915,359.4762149,0.03933276019,0,0,227.6526915,0.4213808424,0.5786191576,False,False,0,-0,0,-0,0.5194058558,0.4805941442,False,False,0,-0,0,-0,0.05921330182,0.9407866982,False,False,0,-0,0,-0
CRR-SIM-FREEZE-2026-07-19,4b5897f5d225af6334e3082ce8d9f065cdd7067f2664f3ef63426b5597055b27,ca4f0b86858a11607abd1c7ff4863214acb59c693318630e5515686ebe037048,LHS-03-016,lhs,2026071905,10000,dfedbc37c0faeb0f4408b57ec368a43ecfc6de4ec2a99cd94be34903907f74d8,clayton,empirical_resample,0.1915579001,0.9727838355,0.3339876793,-151.5296677,-155.1724534,-144.265507,0.7334234603,318.7898413,0.7408067408,0.05921330182,highs,optimal,0,356.669852,-155.1724534,-164.3207964,True,True,True,solved,-0.09802625272,-0.09802497833,1.274396711e-06,0.231618618,WITHIN_NAMED_FAMILY_ONLY; scalar tail dependence is not a cross-family order,CONDITIONAL_ON_CONVERGENCE_AUDIT,0.4213808424,0.5194058558,0.05921330182,False,0,0.4213808424,0.2759288913,DESCRIPTIVE_ONLY_NOT_WELFARE_OR_EXCLUSION,1,0,318.7898413,0,0.05921330182,0.4805941442,0.3194258984,3.642785732,False,0,True,-153.2064654,-151.5296677,5.400124792e-13,True,False,True,False,True,False,False,2.842170943e-14,0,0,0,0,,,,0.003674287024,,-360.5572523,-0.03012056389,-0,-0,-227.8124957,360.5572523,0.03012056389,0,0,227.8124957,0.4213808424,0.5786191576,False,False,0,-0,0,-0,0.5194058558,0.4805941442,False,False,0,-0,0,-0,0.05921330182,0.9407866982,False,False,0,-0,0,-0
CRR-SIM-FREEZE-2026-07-19,4b5897f5d225af6334e3082ce8d9f065cdd7067f2664f3ef63426b5597055b27,ca4f0b86858a11607abd1c7ff4863214acb59c693318630e5515686ebe037048,LHS-03-017,lhs,2026071901,10000,8b373b5f036cd8fbe529fc4cc9c0d3a6719f3b239d95b366021940a1aeaa4784,clayton,gaussian,0.2937056961,0.9578350841,0.8638846886,-68.09368037,-74.0428498,-67.15631794,0.7547163518,328.0450095,0.6486036392,0.1375925866,highs,optimal,0,339.2525335,-68.09368037,-123.8811906,False,False,False,solved,0.1338690481,0.1338698621,8.139477393e-07,0.4345564739,WITHIN_NAMED_FAMILY_ONLY; scalar tail dependence is not a cross-family order,CONDITIONAL_ON_CONVERGENCE_AUDIT,0.4981386377,0.3642687757,0.1375925866,False,0,0.4981386377,0.4681170828,DESCRIPTIVE_ONLY_NOT_WELFARE_OR_EXCLUSION,1,0,326.4480127,1.596996743,0.1375925866,0.5018613623,0.1504650015,1.278976924e-13,False,0,True,-123.8811906,-68.09368037,1.278976924e-13,False,True,True,False,True,False,False,1.421085472e-14,0,6.821210263e-13,1.056496096e-14,0.07434430351,1,0,0.002371639973,0.002371639973,4.33680869e-19,-376.6778566,-0,-0.07434430351,-0,-235.2084995,376.6778566,0,0.07434430351,0,235.2084995,0.4981386377,0.5018613623,False,False,0,-0,0,-0,0.3642687757,0.6357312243,False,False,0,-0,0,-0,0.1375925866,0.8624074134,False,False,0,-0,0,-0
CRR-SIM-FREEZE-2026-07-19,4b5897f5d225af6334e3082ce8d9f065cdd7067f2664f3ef63426b5597055b27,ca4f0b86858a11607abd1c7ff4863214acb59c693318630e5515686ebe037048,LHS-03-017,lhs,2026071902,10000,a7cf5076d35f6936b83e3b88566fb3c49ccfec6b5fc7cc71cf21dac4a51a366b,clayton,gaussian,0.2937056961,0.9578350841,0.8638846886,-66.85554586,-72.77228234,-65.92329363,0.7547163518,328.0450095,0.6486036392,0.1375925866,highs,optimal,0,340.6410009,-66.85554586,-123.4402866,False,False,False,solved,0.1341117025,0.1341130458,1.343325856e-06,0.4345564739,WITHIN_NAMED_FAMILY_ONLY; scalar tail dependence is not a cross-family order,CONDITIONAL_ON_CONVERGENCE_AUDIT,0.4982602296,0.3641471838,0.1375925866,False,0,0.4982602296,0.4650744605,DESCRIPTIVE_ONLY_NOT_WELFARE_OR_EXCLUSION,1,-2.220446049e-16,326.4712489,1.573760539,0.1375925866,0.5017397704,0.1503434096,1.421085472e-14,False,0,True,-123.4402866,-66.85554586,1.421085472e-14,False,True,True,False,True,False,False,1.421085472e-14,0,4.831690603e-13,8.350766365e-14,0.04499586161,1,0,0.002371639973,0.002371639973,0,-376.0850829,-0,-0.04499586161,-0,-235.7384213,376.0850829,0,0.04499586161,0,235.7384213,0.4982602296,0.5017397704,False,False,0,-0,0,-0,0.3641471838,0.6358528162,False,False,0,-0,0,-0,0.1375925866,0.8624074134,False,False,0,-0,0,-0
CRR-SIM-FREEZE-2026-07-19,4b5897f5d225af6334e3082ce8d9f065cdd7067f2664f3ef63426b5597055b27,ca4f0b86858a11607abd1c7ff4863214acb59c693318630e5515686ebe037048,LHS-03-017,lhs,2026071903,10000,ad867685624bb8cf83c49cc40d719b88f76291a692f9b7dd1d31c452a1a1dbbd,clayton,gaussian,0.2937056961,0.9578350841,0.8638846886,-69.50685391,-75.64262266,-68.54009054,0.7547163518,328.0450095,0.6486036392,0.1375925866,highs,optimal,0,340.7778616,-69.50685391,-125.1654101,False,False,False,solved,0.133833637,0.1338345086,8.715790976e-07,0.4345564739,WITHIN_NAMED_FAMILY_ONLY; scalar tail dependence is not a cross-family order,CONDITIONAL_ON_CONVERGENCE_AUDIT,0.498120961,0.3642864524,0.1375925866,False,0,0.498120961,0.4554625724,DESCRIPTIVE_ONLY_NOT_WELFARE_OR_EXCLUSION,1,0,326.4446347,1.600374772,0.1375925866,0.501879039,0.1504826782,-4.263256415e-14,False,0,True,-125.1654101,-69.50685391,-4.263256415e-14,False,True,True,False,True,False,False,2.842170943e-14,0,7.105427358e-13,6.768178735e-15,0.06803831971,1,0,0.002371639973,0.002371639973,0,-377.9842354,-0,-0.06803831971,-0,-236.0392013,377.9842354,0,0.06803831971,0,236.0392013,0.498120961,0.501879039,False,False,0,-0,0,-0,0.3642864524,0.6357135476,False,False,0,-0,0,-0,0.1375925866,0.8624074134,False,False,0,-0,0,-0
CRR-SIM-FREEZE-2026-07-19,4b5897f5d225af6334e3082ce8d9f065cdd7067f2664f3ef63426b5597055b27,ca4f0b86858a11607abd1c7ff4863214acb59c693318630e5515686ebe037048,LHS-03-017,lhs,2026071904,10000,3d4601711a9080f422e1538692154bb5f2be4082ee8087c7b4a4521fd9f8e2b4,clayton,gaussian,0.2937056961,0.9578350841,0.8638846886,-70.41817865,-76.21693927,-69.50451492,0.7547163518,328.0450095,0.6486036392,0.1375925866,highs,optimal,0,341.475988,-70.41817865,-131.2664274,False,False,False,solved,0.1345208482,0.1345216635,8.152251056e-07,0.4345564739,WITHIN_NAMED_FAMILY_ONLY; scalar tail dependence is not a cross-family order,CONDITIONAL_ON_CONVERGENCE_AUDIT,0.4984645384,0.363942875,0.1375925866,False,0,0.4984645384,0.4611975534,DESCRIPTIVE_ONLY_NOT_WELFARE_OR_EXCLUSION,1,0,326.5102924,1.534717119,0.1375925866,0.5015354616,0.1501391008,1.421085472e-13,False,0,True,-131.2664274,-70.41817865,1.278976924e-13,False,True,True,False,True,False,False,1.085798118e-12,0,6.252776075e-13,3.175575391e-15,0.0744870841,1,0,0.002371639973,0.002371639973,0,-379.4679634,-0,-0.0744870841,-0,-237.9977831,379.4679634,0,0.0744870841,0,237.9977831,0.4984645384,0.5015354616,False,False,0,-0,0,-0,0.363942875,0.636057125,False,False,0,-0,0,-0,0.1375925866,0.8624074134,False,False,0,-0,0,-0
CRR-SIM-FREEZE-2026-07-19,4b5897f5d225af6334e3082ce8d9f065cdd7067f2664f3ef63426b5597055b27,ca4f0b86858a11607abd1c7ff4863214acb59c693318630e5515686ebe037048,LHS-03-017,lhs,2026071905,10000,0a697f252829e27d6a89501e8cf839c4063ed1fc146f9646ec95005bc401c231,clayton,gaussian,0.2937056961,0.9578350841,0.8638846886,-75.11260599,-81.09554544,-74.16992269,0.7547163518,328.0450095,0.6486036392,0.1375925866,highs,optimal,0,339.0411961,-75.11260599,-129.7638694,False,False,False,solved,0.1340217965,0.1340229211,1.124649219e-06,0.4345564739,WITHIN_NAMED_FAMILY_ONLY; scalar tail dependence is not a cross-family order,CONDITIONAL_ON_CONVERGENCE_AUDIT,0.4982151673,0.3641922461,0.1375925866,False,0,0.4982151673,0.4464656375,DESCRIPTIVE_ONLY_NOT_WELFARE_OR_EXCLUSION,1,0,326.4626375,1.582371949,0.1375925866,0.5017848327,0.1503884719,-2.131628207e-13,False,0,True,-129.7638694,-75.11260599,-2.131628207e-13,False,True,True,False,True,False,False,1.705302566e-13,0,3.410605132e-13,9.089117093e-15,0.05329914629,1,0,0.002371639973,0.002371639973,0,-375.3568062,-0,-0.05329914629,-0,-234.8394859,375.3568062,0,0.05329914629,0,234.8394859,0.4982151673,0.5017848327,False,False,0,-0,0,-0,0.3641922461,0.6358077539,False,False,0,-0,0,-0,0.1375925866,0.8624074134,False,False,0,-0,0,-0
CRR-SIM-FREEZE-2026-07-19,4b5897f5d225af6334e3082ce8d9f065cdd7067f2664f3ef63426b5597055b27,ca4f0b86858a11607abd1c7ff4863214acb59c693318630e5515686ebe037048,LHS-03-018,lhs,2026071901,10000,4390e5844e6cf625e172bf7144dea896999410d37f01c7e5ed53f36df132a85e,clayton,student_t_df5,0.08429827565,0.9442794342,0.8251269563,-89.92237126,-129.3097425,-81.57482009,0.9809976087,426.4004206,0.6916012788,0.1277137662,highs,optimal,0,344.7545983,-89.92237126,-163.6274179,False,False,False,solved,0.4432519221,0.4432528662,9.440747724e-07,0.02317447672,WITHIN_NAMED_FAMILY_ONLY; scalar tail dependence is not a cross-family order,CONDITIONAL_ON_CONVERGENCE_AUDIT,0.65776955,0.2145166838,0.1277137662,True,0,0.65776955,0.1464401408,DESCRIPTIVE_ONLY_NOT_WELFARE_OR_EXCLUSION,1,1.110223025e-16,357.8370418,68.56337884,0.1277137662,0.34223045,0.03383172879,-1.193711796e-12,False,0,True,-163.6274179,-89.92237126,-1.207922651e-12,False,True,True,False,True,False,False,1.392663762e-12,0,6.821210263e-13,4.192025741e-14,0.03008529752,1,0,0.001794669502,0.001794669502,0,-377.5841113,-0,-0.03008529752,-0,-235.8725499,377.5841113,0,0.03008529752,0,235.8725499,0.65776955,0.34223045,False,False,0,-0,0,-0,0.2145166838,0.7854833162,False,False,0,-0,0,-0,0.1277137662,0.8722862338,False,False,0,-0,0,-0
CRR-SIM-FREEZE-2026-07-19,4b5897f5d225af6334e3082ce8d9f065cdd7067f2664f3ef63426b5597055b27,ca4f0b86858a11607abd1c7ff4863214acb59c693318630e5515686ebe037048,LHS-03-018,lhs,2026071902,10000,1f9dbaa9c0b6a1e422e5f3392f1bed1f4b8f907746281e6cd937ba4f1999787a,clayton,student_t_df5,0.08429827565,0.9442794342,0.8251269563,-83.84375104,-125.2959547,-75.0585902,0.9809976087,426.4004206,0.6916012788,0.1277137662,highs,optimal,0,343.7801243,-83.84375104,-164.6784446,False,False,False,solved,0.4410183861,0.4410195297,1.14357324e-06,0.02317447672,WITHIN_NAMED_FAMILY_ONLY; scalar tail dependence is not a cross-family order,CONDITIONAL_ON_CONVERGENCE_AUDIT,0.6566528818,0.2156333521,0.1277137662,True,0,0.6566528818,0.143702099,DESCRIPTIVE_ONLY_NOT_WELFARE_OR_EXCLUSION,1,0,357.6236465,68.77677414,0.1277137662,0.3433471182,0.03494839704,-1.23634436e-12,False,0,True,-164.6784446,-83.84375104,-1.250555215e-12,False,True,True,False,True,False,False,2.47268872e-12,0,6.821210263e-13,2.925116975e-14,0.02479961544,1,0,0.001794669502,0.001794669502,2.168404345e-19,-375.6182942,-0,-0.02479961544,-0,-233.0122905,375.6182942,0,0.02479961544,0,233.0122905,0.6566528818,0.3433471182,False,False,0,-0,0,-0,0.2156333521,0.7843666479,False,False,0,-0,0,-0,0.1277137662,0.8722862338,False,False,0,-0,0,-0
CRR-SIM-FREEZE-2026-07-19,4b5897f5d225af6334e3082ce8d9f065cdd7067f2664f3ef63426b5597055b27,ca4f0b86858a11607abd1c7ff4863214acb59c693318630e5515686ebe037048,LHS-03-018,lhs,2026071903,10000,9aaaf5ea20d71e13b7ef9fb05d57269e7659649bf520842e0aa95864d213a39d,clayton,student_t_df5,0.08429827565,0.9442794342,0.8251269563,-80.85766111,-120.8184423,-72.38858445,0.9809976087,426.4004206,0.6916012788,0.1277137662,highs,optimal,0,343.6717974,-80.85766111,-160.3005967,False,False,False,solved,0.4419049567,0.4419059524,9.957116218e-07,0.02317447672,WITHIN_NAMED_FAMILY_ONLY; scalar tail dependence is not a cross-family order,CONDITIONAL_ON_CONVERGENCE_AUDIT,0.6570960931,0.2151901407,0.1277137662,True,0,0.6570960931,0.1463419452,DESCRIPTIVE_ONLY_NOT_WELFARE_OR_EXCLUSION,1,0,357.7083441,68.69207645,0.1277137662,0.3429039069,0.03450518568,-1.151079232e-12,False,0,True,-160.3005967,-80.85766111,-1.165290087e-12,False,True,True,False,True,False,False,1.406874617e-12,0,4.547473509e-13,4.065002871e-14,0.02889385325,1,0,0.001794669502,0.001794669502,0,-375.946545,-0,-0.02889385325,-0,-234.4184116,375.946545,0,0.02889385325,0,234.4184116,0.6570960931,0.3429039069,False,False,0,-0,0,-0,0.2151901407,0.7848098593,False,False,0,-0,0,-0,0.1277137662,0.8722862338,False,False,0,-0,0,-0
CRR-SIM-FREEZE-2026-07-19,4b5897f5d225af6334e3082ce8d9f065cdd7067f2664f3ef63426b5597055b27,ca4f0b86858a11607abd1c7ff4863214acb59c693318630e5515686ebe037048,LHS-03-018,lhs,2026071904,10000,59200df0fe02218e078fcfb938157a887d88148dd91c8f0d20e33c4418c07110,clayton,student_t_df5,0.08429827565,0.9442794342,0.8251269563,-85.67217698,-127.5677477,-76.79305127,0.9809976087,426.4004206,0.6916012788,0.1277137662,highs,optimal,0,343.726982,-85.67217698,-166.7380311,False,False,False,solved,0.44168071,0.4416824965,1.786496674e-06,0.02317447672,WITHIN_NAMED_FAMILY_ONLY; scalar tail dependence is not a cross-family order,CONDITIONAL_ON_CONVERGENCE_AUDIT,0.6569843652,0.2153018687,0.1277137662,True,0,0.6569843652,0.1475996196,DESCRIPTIVE_ONLY_NOT_WELFARE_OR_EXCLUSION,1,0,357.6869929,68.71342766,0.1277137662,0.3430156348,0.03461691364,-1.094235813e-12,False,0,True,-166.7380311,-85.67217698,-1.122657523e-12,False,True,True,False,True,False,False,9.379164112e-13,0,2.273736754e-13,1.452606219e-14,0.01548758718,1,0,0.001794669502,0.001794669502,0,-374.965083,-0,-0.01548758718,-0,-234.2053377,374.965083,0,0.01548758718,0,234.2053377,0.6569843652,0.3430156348,False,False,0,-0,0,-0,0.2153018687,0.7846981313,False,False,0,-0,0,-0,0.1277137662,0.8722862338,False,False,0,-0,0,-0
CRR-SIM-FREEZE-2026-07-19,4b5897f5d225af6334e3082ce8d9f065cdd7067f2664f3ef63426b5597055b27,ca4f0b86858a11607abd1c7ff4863214acb59c693318630e5515686ebe037048,LHS-03-018,lhs,2026071905,10000,c5b29af44816453776ed7233161a3d59afdeb88779dce86bb60b2870a46acd8f,clayton,student_t_df5,0.08429827565,0.9442794342,0.8251269563,-83.85793746,-121.569541,-75.86553962,0.9809976087,426.4004206,0.6916012788,0.1277137662,highs,optimal,0,343.7470949,-83.85793746,-167.1474358,False,False,False,solved,0.4438405324,0.4438414347,9.022629219e-07,0.02317447672,WITHIN_NAMED_FAMILY_ONLY; scalar tail dependence is not a cross-family order,CONDITIONAL_ON_CONVERGENCE_AUDIT,0.6580638343,0.2142223996,0.1277137662,True,0,0.6580638343,0.1476753469,DESCRIPTIVE_ONLY_NOT_WELFARE_OR_EXCLUSION,1,0,357.8932795,68.50714112,0.1277137662,0.3419361657,0.03353744453,-1.165290087e-12,False,0,True,-167.1474358,-83.85793746,-1.193711796e-12,False,True,True,False,True,False,False,1.207922651e-12,0,4.547473509e-13,4.006597452e-14,0.03316932131,1,0,0.001794669502,0.001794669502,0,-376.4486969,-0,-0.03316932131,-0,-234.2745971,376.4486969,0,0.03316932131,0,234.2745971,0.6580638343,0.3419361657,False,False,0,-0,0,-0,0.2142223996,0.7857776004,False,False,0,-0,0,-0,0.1277137662,0.8722862338,False,False,0,-0,0,-0
CRR-SIM-FREEZE-2026-07-19,4b5897f5d225af6334e3082ce8d9f065cdd7067f2664f3ef63426b5597055b27,ca4f0b86858a11607abd1c7ff4863214acb59c693318630e5515686ebe037048,LHS-03-019,lhs,2026071901,10000,23f45550ef95496981bed473d85fa9b6654b2abcf4ca0cf7198e70ef56d4af57,clayton,empirical_resample,0.5223345047,0.9173177068,0.235671631,-151.473775,-152.8348582,-147.059521,0.9097079036,395.4136374,0.5862794341,0.04142437943,highs,optimal,0,361.7752972,-152.8348582,-173.6490256,False,False,False,solved,0.2139817682,0.2139832633,1.495142204e-06,0.7283778759,WITHIN_NAMED_FAMILY_ONLY; scalar tail dependence is not a cross-family order,CONDITIONAL_ON_CONVERGENCE_AUDIT,0.5862794341,0.3722961865,0.04142437943,False,0,0.5862794341,0.6613641175,DESCRIPTIVE_ONLY_NOT_WELFARE_OR_EXCLUSION,1,0,351.8930034,43.52063404,0.04142437943,0.4137205659,0,1.361083139,True,0,True,-161.157323,-151.473775,2.870592652e-12,False,False,True,True,True,False,False,2.842170943e-14,0,0,0,0,,,,0.001209448797,,-368.4447772,-0,-0,-4.890745326,-230.2224799,368.4447772,0,0,4.890745326,230.2224799,0.5862794341,0.4137205659,False,False,0,-0,0,-0,0.3722961865,0.6277038135,False,False,0,-0,0,-0,0.04142437943,0.9585756206,False,False,0,-0,0,-0
CRR-SIM-FREEZE-2026-07-19,4b5897f5d225af6334e3082ce8d9f065cdd7067f2664f3ef63426b5597055b27,ca4f0b86858a11607abd1c7ff4863214acb59c693318630e5515686ebe037048,LHS-03-019,lhs,2026071902,10000,0596c3d0c35f87600da04b5856a0b59a3b6cd718f1f37c21c446955e5fbc720b,clayton,empirical_resample,0.5223345047,0.9173177068,0.235671631,-152.4623099,-153.8391477,-147.9969604,0.9097079036,395.4136374,0.5862794341,0.04142437943,highs,optimal,0,364.6458049,-153.8391477,-176.5741228,False,False,False,solved,0.2139824295,0.2139832634,8.338817042e-07,0.7283778759,WITHIN_NAMED_FAMILY_ONLY; scalar tail dependence is not a cross-family order,CONDITIONAL_ON_CONVERGENCE_AUDIT,0.5862794341,0.3722961865,0.04142437943,False,0,0.5862794341,0.6679175037,DESCRIPTIVE_ONLY_NOT_WELFARE_OR_EXCLUSION,1,0,351.8930034,43.52063404,0.04142437943,0.4137205659,0,1.376837805,True,0,True,-163.7546118,-152.4623099,2.927436071e-12,False,False,True,True,True,False,False,2.842170943e-14,0,0,0,0,,,,0.001209448797,,-368.9915879,-0,-0,-8.914441489,-231.0749563,368.9915879,0,0,8.914441489,231.0749563,0.5862794341,0.4137205659,False,False,0,-0,0,-0,0.3722961865,0.6277038135,False,False,0,-0,0,-0,0.04142437943,0.9585756206,False,False,0,-0,0,-0
CRR-SIM-FREEZE-2026-07-19,4b5897f5d225af6334e3082ce8d9f065cdd7067f2664f3ef63426b5597055b27,ca4f0b86858a11607abd1c7ff4863214acb59c693318630e5515686ebe037048,LHS-03-019,lhs,2026071903,10000,ab1516365b32a25494d39d0405f15b1bdd597826559b8233abaa21922eaa2010,clayton,empirical_resample,0.5223345047,0.9173177068,0.235671631,-153.0330137,-154.4158015,-148.5483672,0.9097079036,395.4136374,0.5862794341,0.04142437943,highs,optimal,0,362.7866499,-154.4158015,-178.3504718,False,False,False,solved,0.2139820002,0.2139832633,1.263137605e-06,0.7283778759,WITHIN_NAMED_FAMILY_ONLY; scalar tail dependence is not a cross-family order,CONDITIONAL_ON_CONVERGENCE_AUDIT,0.5862794341,0.3722961865,0.04142437943,False,0,0.5862794341,0.6669564682,DESCRIPTIVE_ONLY_NOT_WELFARE_OR_EXCLUSION,1,0,351.8930034,43.52063404,0.04142437943,0.4137205659,0,1.382787805,True,0,True,-165.1148841,-153.0330137,2.870592652e-12,False,False,True,True,True,False,False,4.263256415e-14,0,0,0,0,,,,0.001209448797,,-368.9535304,-0,-0,-5.816472701,-231.1913645,368.9535304,0,0,5.816472701,231.1913645,0.5862794341,0.4137205659,False,False,0,-0,0,-0,0.3722961865,0.6277038135,False,False,0,-0,0,-0,0.04142437943,0.9585756206,False,False,0,-0,0,-0
CRR-SIM-FREEZE-2026-07-19,4b5897f5d225af6334e3082ce8d9f065cdd7067f2664f3ef63426b5597055b27,ca4f0b86858a11607abd1c7ff4863214acb59c693318630e5515686ebe037048,LHS-03-019,lhs,2026071904,10000,400452433a5b6517d03226432f68d83a83a2c7d6ada06320c84df3d14f5c0d09,clayton,empirical_resample,0.5223345047,0.9173177068,0.235671631,-152.2243198,-153.6149019,-147.7143952,0.9097079036,395.4136374,0.5862794341,0.04142437943,highs,optimal,0,363.4555675,-153.6149019,-175.9200313,False,False,False,solved,0.2139821515,0.2139832633,1.111836049e-06,0.7283778759,WITHIN_NAMED_FAMILY_ONLY; scalar tail dependence is not a cross-family order,CONDITIONAL_ON_CONVERGENCE_AUDIT,0.5862794341,0.3722961865,0.04142437943,False,0,0.5862794341,0.6508787826,DESCRIPTIVE_ONLY_NOT_WELFARE_OR_EXCLUSION,1,0,351.8930034,43.52063404,0.04142437943,0.4137205659,0,1.390582037,True,0,True,-163.0520675,-152.2243198,3.211653166e-12,False,False,True,True,True,False,False,2.842170943e-14,0,0,0,0,,,,0.001209448797,,-369.1517699,-0,-0,-6.631632884,-231.3659859,369.1517699,0,0,6.631632884,231.3659859,0.5862794341,0.4137205659,False,False,0,-0,0,-0,0.3722961865,0.6277038135,False,False,0,-0,0,-0,0.04142437943,0.9585756206,False,False,0,-0,0,-0
CRR-SIM-FREEZE-2026-07-19,4b5897f5d225af6334e3082ce8d9f065cdd7067f2664f3ef63426b5597055b27,ca4f0b86858a11607abd1c7ff4863214acb59c693318630e5515686ebe037048,LHS-03-019,lhs,2026071905,10000,1c25e0c6c04177ce692c37a16c9e246f16110175ee867bb28915534453a9a17e,clayton,empirical_resample,0.5223345047,0.9173177068,0.235671631,-152.5043469,-153.8703082,-148.0742719,0.9097079036,395.4136374,0.5862794341,0.04142437943,highs,optimal,0,362.8866767,-153.8703082,-177.4376498,False,False,False,solved,0.2139819283,0.2139832633,1.335048604e-06,0.7283778759,WITHIN_NAMED_FAMILY_ONLY; scalar tail dependence is not a cross-family order,CONDITIONAL_ON_CONVERGENCE_AUDIT,0.5862794341,0.3722961865,0.04142437943,False,0,0.5862794341,0.6630321517,DESCRIPTIVE_ONLY_NOT_WELFARE_OR_EXCLUSION,1,0,351.8930034,43.52063404,0.04142437943,0.4137205659,0,1.365961337,True,0,True,-164.2332407,-152.5043469,3.041122909e-12,False,False,True,True,True,False,False,2.842170943e-14,0,0,0,0,,,,0.001209448797,,-369.2270812,-0,-0,-5.501060484,-230.916268,369.2270812,0,0,5.501060484,230.916268,0.5862794341,0.4137205659,False,False,0,-0,0,-0,0.3722961865,0.6277038135,False,False,0,-0,0,-0,0.04142437943,0.9585756206,False,False,0,-0,0,-0
CRR-SIM-FREEZE-2026-07-19,4b5897f5d225af6334e3082ce8d9f065cdd7067f2664f3ef63426b5597055b27,ca4f0b86858a11607abd1c7ff4863214acb59c693318630e5515686ebe037048,LHS-03-020,lhs,2026071901,10000,42628d1fda6a490e6aab8c3d23a8b661c17b772a0161dabc600e6233b3d3fcca,clayton,gaussian,0.4365551882,0.950869747,0.8905812711,-74.67239661,-84.55413339,-73.4583052,0.7250087732,315.1323134,0.810579595,0.07167980479,highs,optimal,0,355.0259913,-84.55413339,-137.908208,True,True,True,solved,-0.1121689327,-0.1121678305,1.10219124e-06,0.6393462807,WITHIN_NAMED_FAMILY_ONLY; scalar tail dependence is not a cross-family order,CONDITIONAL_ON_CONVERGENCE_AUDIT,0.4080761648,0.5202440304,0.07167980479,False,0,0.4080761648,0.6263247468,DESCRIPTIVE_ONLY_NOT_WELFARE_OR_EXCLUSION,1,1.110223025e-16,315.1323134,0,0.07167980479,0.4797559696,0.4025034301,9.881736772,False,0,True,-98.3897148,-74.67239661,-4.405364962e-13,True,False,True,False,True,False,False,4.547473509e-13,0,0,4.000717274e-14,0,,,,0.002035405761,,-360.3525765,-0.03481554972,-0,-0,-227.3735264,360.3525765,0.03481554972,0,0,227.3735264,0.4080761648,0.5919238352,False,False,0,-0,0,-0,0.5202440304,0.4797559696,False,False,0,-0,0,-0,0.07167980479,0.9283201952,False,False,0,-0,0,-0
CRR-SIM-FREEZE-2026-07-19,4b5897f5d225af6334e3082ce8d9f065cdd7067f2664f3ef63426b5597055b27,ca4f0b86858a11607abd1c7ff4863214acb59c693318630e5515686ebe037048,LHS-03-020,lhs,2026071902,10000,631472d342de8d1f4fb34a1d8487891ffb887c44558a4c94beb5f3cd09c32e5f,clayton,gaussian,0.4365551882,0.950869747,0.8905812711,-76.54459291,-86.29510894,-75.34662355,0.7250087732,315.1323134,0.810579595,0.07167980479,highs,optimal,0,356.0935787,-86.29510894,-140.4674378,True,True,True,solved,-0.1121692126,-0.1121678308,1.381784404e-06,0.6393462807,WITHIN_NAMED_FAMILY_ONLY; scalar tail dependence is not a cross-family order,CONDITIONAL_ON_CONVERGENCE_AUDIT,0.4080761648,0.5202440304,0.07167980479,False,0,0.4080761648,0.6296594482,DESCRIPTIVE_ONLY_NOT_WELFARE_OR_EXCLUSION,1,1.110223025e-16,315.1323134,0,0.07167980479,0.4797559696,0.4025034301,9.750516035,False,0,True,-103.0686639,-76.54459291,-4.547473509e-13,True,False,True,False,True,False,False,4.547473509e-13,0,0,4.038722834e-14,0,,,,0.002035405761,,-363.775813,-0.02766634643,-0,-0,-228.8063433,363.775813,0.02766634643,0,0,228.8063433,0.4080761648,0.5919238352,False,False,0,-0,0,-0,0.5202440304,0.4797559696,False,False,0,-0,0,-0,0.07167980479,0.9283201952,False,False,0,-0,0,-0
CRR-SIM-FREEZE-2026-07-19,4b5897f5d225af6334e3082ce8d9f065cdd7067f2664f3ef63426b5597055b27,ca4f0b86858a11607abd1c7ff4863214acb59c693318630e5515686ebe037048,LHS-03-020,lhs,2026071903,10000,37abeda42f2cb670dbfc60c3973350aa32dff6159b98173023f128e372c0a716,clayton,gaussian,0.4365551882,0.950869747,0.8905812711,-80.98388076,-90.60088301,-79.8023152,0.7250087732,315.1323134,0.810579595,0.07167980479,highs,optimal,0,355.8262079,-90.60088301,-147.0512621,True,True,True,solved,-0.1121688166,-0.1121678304,9.862087417e-07,0.6393462807,WITHIN_NAMED_FAMILY_ONLY; scalar tail dependence is not a cross-family order,CONDITIONAL_ON_CONVERGENCE_AUDIT,0.4080761648,0.5202440304,0.07167980479,False,0,0.4080761648,0.6146607772,DESCRIPTIVE_ONLY_NOT_WELFARE_OR_EXCLUSION,1,1.110223025e-16,315.1323134,0,0.07167980479,0.4797559696,0.4025034301,9.617002246,False,0,True,-106.3521785,-80.98388076,-4.547473509e-13,True,False,True,False,True,False,False,3.97903932e-13,0,2.842170943e-14,3.99369416e-14,0,,,,0.002035405761,,-359.7199906,-0.03915433733,-0,-0,-226.4595954,359.7199906,0.03915433733,0,0,226.4595954,0.4080761648,0.5919238352,False,False,0,-0,0,-0,0.5202440304,0.4797559696,False,False,0,-0,0,-0,0.07167980479,0.9283201952,False,False,0,-0,0,-0
CRR-SIM-FREEZE-2026-07-19,4b5897f5d225af6334e3082ce8d9f065cdd7067f2664f3ef63426b5597055b27,ca4f0b86858a11607abd1c7ff4863214acb59c693318630e5515686ebe037048,LHS-03-020,lhs,2026071904,10000,b5c9a30baa357fdce0054e1eb24d2f32637c791cee839e3eae655e099f6c2529,clayton,gaussian,0.4365551882,0.950869747,0.8905812711,-74.67832738,-84.24866764,-73.5024948,0.7250087732,315.1323134,0.810579595,0.07167980479,highs,optimal,0,356.0104367,-84.24866764,-141.9807525,True,True,True,solved,-0.112168701,-0.1121678302,8.7080893e-07,0.6393462807,WITHIN_NAMED_FAMILY_ONLY; scalar tail dependence is not a cross-family order,CONDITIONAL_ON_CONVERGENCE_AUDIT,0.4080761648,0.5202440304,0.07167980479,False,0,0.4080761648,0.6257010969,DESCRIPTIVE_ONLY_NOT_WELFARE_OR_EXCLUSION,1,1.110223025e-16,315.1323134,0,0.07167980479,0.4797559696,0.4025034301,9.570340263,False,0,True,-105.233383,-74.67832738,-5.826450433e-13,True,False,True,False,True,False,False,5.115907697e-13,0,2.842170943e-14,3.976538487e-14,0,,,,0.002035405761,,-358.1747449,-0.04459317551,-0,-0,-226.2430654,358.1747449,0.04459317551,0,0,226.2430654,0.4080761648,0.5919238352,False,False,0,-0,0,-0,0.5202440304,0.4797559696,False,False,0,-0,0,-0,0.07167980479,0.9283201952,False,False,0,-0,0,-0
CRR-SIM-FREEZE-2026-07-19,4b5897f5d225af6334e3082ce8d9f065cdd7067f2664f3ef63426b5597055b27,ca4f0b86858a11607abd1c7ff4863214acb59c693318630e5515686ebe037048,LHS-03-020,lhs,2026071905,10000,b8e2cb31a1110cad43200f3ce53bce2836728a7f5c28e4b610e8c2979fdae093,clayton,gaussian,0.4365551882,0.950869747,0.8905812711,-77.37177028,-87.04681756,-76.18307318,0.7250087732,315.1323134,0.810579595,0.07167980479,highs,optimal,0,356.1375722,-87.04681756,-143.8811281,True,True,True,solved,-0.112168989,-0.1121678306,1.158357348e-06,0.6393462807,WITHIN_NAMED_FAMILY_ONLY; scalar tail dependence is not a cross-family order,CONDITIONAL_ON_CONVERGENCE_AUDIT,0.4080761648,0.5202440304,0.07167980479,False,0,0.4080761648,0.621819837,DESCRIPTIVE_ONLY_NOT_WELFARE_OR_EXCLUSION,1,1.110223025e-16,315.1323134,0,0.07167980479,0.4797559696,0.4025034301,9.67504728,False,0,True,-106.4817061,-77.37177028,-5.96855898e-13,True,False,True,False,True,False,False,5.684341886e-13,0,0,4.018830356e-14,0,,,,0.002035405761,,-361.9840579,-0.03317700126,-0,-0,-227.4229246,361.9840579,0.03317700126,0,0,227.4229246,0.4080761648,0.5919238352,False,False,0,-0,0,-0,0.5202440304,0.4797559696,False,False,0,-0,0,-0,0.07167980479,0.9283201952,False,False,0,-0,0,-0
CRR-SIM-FREEZE-2026-07-19,4b5897f5d225af6334e3082ce8d9f065cdd7067f2664f3ef63426b5597055b27,ca4f0b86858a11607abd1c7ff4863214acb59c693318630e5515686ebe037048,LHS-03-021,lhs,2026071901,10000,018009b88da87f448fc19c2af56c50e803d3363ac221ff873464dde86ed56c1b,clayton,student_t_df5,0.5469445662,0.9837721811,0.5707644415,48.76005119,48.37090682,49.05270187,0.8251180111,358.6457947,0.4815999044,0.01524766916,highs,optimal,0,368.5490893,48.76005119,-53.20897433,True,True,True,solved,-0.02540980613,-0.02540853806,1.268075235e-06,0.7504514128,WITHIN_NAMED_FAMILY_ONLY; scalar tail dependence is not a cross-family order,CONDITIONAL_ON_CONVERGENCE_AUDIT,0.479671893,0.5050804378,0.01524766916,False,0,0.479671893,0.7145022077,DESCRIPTIVE_ONLY_NOT_WELFARE_OR_EXCLUSION,1,2.220446049e-16,333.8615472,24.78424746,0.01524766916,0.4949195622,0.001928011327,2.486899575e-13,False,0,True,-53.20897433,48.76005119,2.486899575e-13,False,True,True,False,True,False,False,1.943334382e-12,0,2.842170943e-13,8.2205626e-14,0.03849797082,1,0,0.006162257567,0.006162257567,0,-370.2212266,-0,-0.03849797082,-0,-232.776583,370.2212266,0,0.03849797082,0,232.776583,0.479671893,0.520328107,False,False,0,-0,0,-0,0.5050804378,0.4949195622,False,False,0,-0,0,-0,0.01524766916,0.9847523308,False,False,0,-0,0,-0
CRR-SIM-FREEZE-2026-07-19,4b5897f5d225af6334e3082ce8d9f065cdd7067f2664f3ef63426b5597055b27,ca4f0b86858a11607abd1c7ff4863214acb59c693318630e5515686ebe037048,LHS-03-021,lhs,2026071902,10000,3ddf975b7474f6117ccc397dc87ad22987e0ea0237536792df9db911b98a465a,clayton,student_t_df5,0.5469445662,0.9837721811,0.5707644415,53.49368115,53.20118782,53.71364675,0.8251180111,358.6457947,0.4815999044,0.01524766916,highs,optimal,0,369.5137543,53.49368115,-55.6064426,True,True,True,solved,-0.02440938012,-0.02440841014,9.699755089e-07,0.7504514128,WITHIN_NAMED_FAMILY_ONLY; scalar tail dependence is not a cross-family order,CONDITIONAL_ON_CONVERGENCE_AUDIT,0.4801719567,0.5045803741,0.01524766916,False,0,0.4801719567,0.7023388067,DESCRIPTIVE_ONLY_NOT_WELFARE_OR_EXCLUSION,1,0,333.9571094,24.68868529,0.01524766916,0.4954196259,0.001427947632,1.918465387e-13,False,0,True,-55.6064426,53.49368115,1.918465387e-13,False,True,True,False,True,False,False,2.273736754e-13,0,4.263256415e-13,7.437664288e-15,0.04984562815,1,0,0.006162257567,0.006162257567,0,-370.3849206,-0,-0.04984562815,-0,-232.0087356,370.3849206,0,0.04984562815,0,232.0087356,0.4801719567,0.5198280433,False,False,0,-0,0,-0,0.5045803741,0.4954196259,False,False,0,-0,0,-0,0.01524766916,0.9847523308,False,False,0,-0,0,-0
CRR-SIM-FREEZE-2026-07-19,4b5897f5d225af6334e3082ce8d9f065cdd7067f2664f3ef63426b5597055b27,ca4f0b86858a11607abd1c7ff4863214acb59c693318630e5515686ebe037048,LHS-03-021,lhs,2026071903,10000,acb54235368b9d8f91f9cdfd2e858fa50392ee1c609fc565755e2af817da678d,clayton,student_t_df5,0.5469445662,0.9837721811,0.5707644415,30.80476018,29.91072887,31.47710414,0.8251180111,358.6457947,0.4815999044,0.01524766916,highs,optimal,0,369.4621837,29.91072887,-58.36091095,True,True,True,solved,-0.02155358559,-0.02155250605,1.079536519e-06,0.7504514128,WITHIN_NAMED_FAMILY_ONLY; scalar tail dependence is not a cross-family order,CONDITIONAL_ON_CONVERGENCE_AUDIT,0.4815999044,0.5031524265,0.01524766916,False,0,0.4815999044,0.7045877313,DESCRIPTIVE_ONLY_NOT_WELFARE_OR_EXCLUSION,1,0,334.2299902,24.4158045,0.01524766916,0.4968475735,0,0.8940313024,True,0,True,-45.32427422,30.80476018,1.953992523e-13,False,False,True,True,True,False,False,1.136868377e-13,0,0,0,0,,,,0.006162257567,,-369.6278358,-0,-0,-6.94807386,-230.3200426,369.6278358,0,0,6.94807386,230.3200426,0.4815999044,0.5184000956,False,False,0,-0,0,-0,0.5031524265,0.4968475735,False,False,0,-0,0,-0,0.01524766916,0.9847523308,False,False,0,-0,0,-0
CRR-SIM-FREEZE-2026-07-19,4b5897f5d225af6334e3082ce8d9f065cdd7067f2664f3ef63426b5597055b27,ca4f0b86858a11607abd1c7ff4863214acb59c693318630e5515686ebe037048,LHS-03-021,lhs,2026071904,10000,ed963adc5128154cf7da46b1dfbef52e2e6ffbb8f534fe1101fcddbf2cad2e16,clayton,student_t_df5,0.5469445662,0.9837721811,0.5707644415,75.34118889,73.89177014,76.43120436,0.8251180111,358.6457947,0.4815999044,0.01524766916,highs,optimal,0,368.6375691,75.34118889,-53.478682,True,True,True,solved,-0.03609479167,-0.03609321457,1.577096637e-06,0.7504514128,WITHIN_NAMED_FAMILY_ONLY; scalar tail dependence is not a cross-family order,CONDITIONAL_ON_CONVERGENCE_AUDIT,0.4743295529,0.5104227779,0.01524766916,False,0,0.4743295529,0.7184305826,DESCRIPTIVE_ONLY_NOT_WELFARE_OR_EXCLUSION,1,1.110223025e-16,332.840626,25.80516866,0.01524766916,0.4895772221,0.007270351461,2.131628207e-13,False,0,True,-53.478682,75.34118889,2.273736754e-13,False,True,True,False,True,False,False,1.136868377e-13,0,1.705302566e-13,4.105739554e-14,0.03138922484,1,0,0.006162257567,0.006162257567,0,-369.8121425,-0,-0.03138922484,-0,-232.1321901,369.8121425,0,0.03138922484,0,232.1321901,0.4743295529,0.5256704471,False,False,0,-0,0,-0,0.5104227779,0.4895772221,False,False,0,-0,0,-0,0.01524766916,0.9847523308,False,False,0,-0,0,-0
CRR-SIM-FREEZE-2026-07-19,4b5897f5d225af6334e3082ce8d9f065cdd7067f2664f3ef63426b5597055b27,ca4f0b86858a11607abd1c7ff4863214acb59c693318630e5515686ebe037048,LHS-03-021,lhs,2026071905,10000,700c46fd499bce39410180cf573ff4b2c079cf5dbc5146af55a0a9d6a3cdf32c,clayton,student_t_df5,0.5469445662,0.9837721811,0.5707644415,57.07085387,56.45146864,57.53665403,0.8251180111,358.6457947,0.4815999044,0.01524766916,highs,optimal,0,369.6149927,57.07085387,-51.43239772,True,True,True,solved,-0.02802913443,-0.0280281411,9.933273677e-07,0.7504514128,WITHIN_NAMED_FAMILY_ONLY; scalar tail dependence is not a cross-family order,CONDITIONAL_ON_CONVERGENCE_AUDIT,0.4783620907,0.5063902401,0.01524766916,False,0,0.4783620907,0.7228051983,DESCRIPTIVE_ONLY_NOT_WELFARE_OR_EXCLUSION,1,-6.661338148e-16,333.611244,25.03455068,0.01524766916,0.4936097599,0.003237813627,2.700062396e-13,False,0,True,-51.43239772,57.07085387,2.557953849e-13,False,True,True,False,True,False,False,1.136868377e-13,0,5.115907697e-13,2.465949882e-13,0.05216284269,1,0,0.006162257567,0.006162257567,0,-370.1883656,-0,-0.05216284269,-0,-232.8454798,370.1883656,0,0.05216284269,0,232.8454798,0.4783620907,0.5216379093,False,False,0,-0,0,-0,0.5063902401,0.4936097599,False,False,0,-0,0,-0,0.01524766916,0.9847523308,False,False,0,-0,0,-0
CRR-SIM-FREEZE-2026-07-19,4b5897f5d225af6334e3082ce8d9f065cdd7067f2664f3ef63426b5597055b27,ca4f0b86858a11607abd1c7ff4863214acb59c693318630e5515686ebe037048,LHS-03-022,lhs,2026071901,10000,77fe8c976e5d52e4bed7bbf205bdc70d22de7bfb14d8a9fe484df0cb5dfc17db,clayton,empirical_resample,0.2527811591,0.90853772,0.7046207903,-149.9172113,-162.801026,-144.5162765,0.9329352011,405.5096145,0.9545910592,0.03328375062,highs,optimal,0,364.3281466,-149.9172113,-177.7300127,False,False,False,solved,0.6504129084,0.6504139305,1.022086165e-06,0.3589872427,WITHIN_NAMED_FAMILY_ONLY; scalar tail dependence is not a cross-family order,CONDITIONAL_ON_CONVERGENCE_AUDIT,0.8085650899,0.1581511594,0.03328375062,False,0,0.8085650899,0.358550143,DESCRIPTIVE_ONLY_NOT_WELFARE_OR_EXCLUSION,1,0,395.09989,10.40972448,0.03328375062,0.1914349101,0.1460259693,-2.131628207e-12,False,0,True,-177.7300127,-149.9172113,-2.131628207e-12,False,True,True,False,True,False,False,1.847411113e-12,0,5.684341886e-13,1.39923857e-13,0.07574050846,1,0,0.001093346896,0.001093346896,0,-383.6459276,-0,-0.07574050846,-0,-239.2451277,383.6459276,0,0.07574050846,0,239.2451277,0.8085650899,0.1914349101,False,False,0,-0,0,-0,0.1581511594,0.8418488406,False,False,0,-0,0,-0,0.03328375062,0.9667162494,False,False,0,-0,0,-0
CRR-SIM-FREEZE-2026-07-19,4b5897f5d225af6334e3082ce8d9f065cdd7067f2664f3ef63426b5597055b27,ca4f0b86858a11607abd1c7ff4863214acb59c693318630e5515686ebe037048,LHS-03-022,lhs,2026071902,10000,68e64053c2da9faec756d903e490ea8436488cbc53771721973a8b390699c153,clayton,empirical_resample,0.2527811591,0.90853772,0.7046207903,-150.9140462,-164.2048924,-145.3424825,0.9329352011,405.5096145,0.9545910592,0.03328375062,highs,optimal,0,365.6298976,-150.9140462,-181.5716556,False,False,False,solved,0.6510531279,0.651055079,1.95111312e-06,0.3589872427,WITHIN_NAMED_FAMILY_ONLY; scalar tail dependence is not a cross-family order,CONDITIONAL_ON_CONVERGENCE_AUDIT,0.8088856642,0.1578305852,0.03328375062,False,0,0.8088856642,0.3520484613,DESCRIPTIVE_ONLY_NOT_WELFARE_OR_EXCLUSION,1,1.110223025e-16,395.1611518,10.34846275,0.03328375062,0.1911143358,0.145705395,-1.790567694e-12,False,0,True,-181.5716556,-150.9140462,-1.790567694e-12,False,True,True,False,True,False,False,1.563194019e-12,0,6.252776075e-13,6.074737686e-14,0.0388610602,1,0,0.001093346896,0.001093346896,0,-379.4293722,-0,-0.0388610602,-0,-238.3984566,379.4293722,0,0.0388610602,0,238.3984566,0.8088856642,0.1911143358,False,False,0,-0,0,-0,0.1578305852,0.8421694148,False,False,0,-0,0,-0,0.03328375062,0.9667162494,False,False,0,-0,0,-0
CRR-SIM-FREEZE-2026-07-19,4b5897f5d225af6334e3082ce8d9f065cdd7067f2664f3ef63426b5597055b27,ca4f0b86858a11607abd1c7ff4863214acb59c693318630e5515686ebe037048,LHS-03-022,lhs,2026071903,10000,190798018cd57333cb0c5b1a1b2ef6a20922dd0bfde689b836cca49d96a08bcf,clayton,empirical_resample,0.2527811591,0.90853772,0.7046207903,-152.3293569,-166.3032357,-146.4714638,0.9329352011,405.5096145,0.9545910592,0.03328375062,highs,optimal,0,365.3859387,-152.3293569,-181.2644584,False,False,False,solved,0.6502923715,0.6502934083,1.036811104e-06,0.3589872427,WITHIN_NAMED_FAMILY_ONLY; scalar tail dependence is not a cross-family order,CONDITIONAL_ON_CONVERGENCE_AUDIT,0.8085048288,0.1582114206,0.03328375062,False,0,0.8085048288,0.3391146733,DESCRIPTIVE_ONLY_NOT_WELFARE_OR_EXCLUSION,1,0,395.0883741,10.42124038,0.03328375062,0.1914951712,0.1460862304,-2.160049917e-12,False,0,True,-181.2644584,-152.3293569,-2.160049917e-12,False,True,True,False,True,False,False,2.245315045e-12,0,1.250555215e-12,1.565998141e-13,0.06974514085,1,0,0.001093346896,0.001093346896,0,-383.9911215,-0,-0.06974514085,-0,-239.7851875,383.9911215,0,0.06974514085,0,239.7851875,0.8085048288,0.1914951712,False,False,0,-0,0,-0,0.1582114206,0.8417885794,False,False,0,-0,0,-0,0.03328375062,0.9667162494,False,False,0,-0,0,-0
CRR-SIM-FREEZE-2026-07-19,4b5897f5d225af6334e3082ce8d9f065cdd7067f2664f3ef63426b5597055b27,ca4f0b86858a11607abd1c7ff4863214acb59c693318630e5515686ebe037048,LHS-03-022,lhs,2026071904,10000,3e2f1d5ef0a255ec5af2dafe4a44348e455fcb83a425fcf6de2733fe7976c2b8,clayton,empirical_resample,0.2527811591,0.90853772,0.7046207903,-152.9816133,-166.1545893,-147.4594611,0.9329352011,405.5096145,0.9545910592,0.03328375062,highs,optimal,0,366.7456774,-152.9816133,-182.0715377,False,False,False,solved,0.6538821633,0.6538831891,1.025841195e-06,0.3589872427,WITHIN_NAMED_FAMILY_ONLY; scalar tail dependence is not a cross-family order,CONDITIONAL_ON_CONVERGENCE_AUDIT,0.8102997193,0.1564165301,0.03328375062,False,0,0.8102997193,0.3432875087,DESCRIPTIVE_ONLY_NOT_WELFARE_OR_EXCLUSION,1,0,395.4313777,10.07823682,0.03328375062,0.1897002807,0.1442913399,-1.932676241e-12,False,0,True,-182.0715377,-152.9816133,-1.932676241e-12,False,True,True,False,True,False,False,1.98951966e-12,0,4.547473509e-13,1.488486582e-13,0.07481637965,1,0,0.001093346896,0.001093346896,0,-386.243493,-0,-0.07481637965,-0,-241.9284196,386.243493,0,0.07481637965,0,241.9284196,0.8102997193,0.1897002807,False,False,0,-0,0,-0,0.1564165301,0.8435834699,False,False,0,-0,0,-0,0.03328375062,0.9667162494,False,False,0,-0,0,-0
CRR-SIM-FREEZE-2026-07-19,4b5897f5d225af6334e3082ce8d9f065cdd7067f2664f3ef63426b5597055b27,ca4f0b86858a11607abd1c7ff4863214acb59c693318630e5515686ebe037048,LHS-03-022,lhs,2026071905,10000,2c6fcae6d924af13ea0c5e082bf603348f59f7290ce370a9e176acba7931a897,clayton,empirical_resample,0.2527811591,0.90853772,0.7046207903,-154.7309119,-167.857823,-149.2280703,0.9329352011,405.5096145,0.9545910592,0.03328375062,highs,optimal,0,364.4170661,-154.7309119,-185.1107271,False,False,False,solved,0.6604871305,0.6604884207,1.290226674e-06,0.3589872427,WITHIN_NAMED_FAMILY_ONLY; scalar tail dependence is not a cross-family order,CONDITIONAL_ON_CONVERGENCE_AUDIT,0.813602335,0.1531139143,0.03328375062,False,0,0.813602335,0.3319939639,DESCRIPTIVE_ONLY_NOT_WELFARE_OR_EXCLUSION,1,0,396.0625076,9.447106943,0.03328375062,0.186397665,0.1409887241,-2.103206498e-12,False,0,True,-185.1107271,-154.7309119,-2.103206498e-12,False,True,True,False,True,False,False,1.932676241e-12,0,1.136868377e-12,1.060497036e-13,0.05487194456,1,0,0.001093346896,0.001093346896,0,-380.8442438,-0,-0.05487194456,-0,-238.4584527,380.8442438,0,0.05487194456,0,238.4584527,0.813602335,0.186397665,False,False,0,-0,0,-0,0.1531139143,0.8468860857,False,False,0,-0,0,-0,0.03328375062,0.9667162494,False,False,0,-0,0,-0
CRR-SIM-FREEZE-2026-07-19,4b5897f5d225af6334e3082ce8d9f065cdd7067f2664f3ef63426b5597055b27,ca4f0b86858a11607abd1c7ff4863214acb59c693318630e5515686ebe037048,LHS-03-023,lhs,2026071901,10000,bebb616068d467a851b134b10d3b8b1dea1a55bcd9ac5e48d6175716a2188bfb,clayton,gaussian,0.4089724453,0.9701556075,0.5144776068,-48.98858274,-53.76659542,-44.47948046,1.021024143,443.7983538,0.6254603285,0.02119057433,highs,optimal,0,366.3323381,-48.98858274,-99.36836231,False,False,False,solved,0.1937600721,0.1937614303,1.358190304e-06,0.6060143018,WITHIN_NAMED_FAMILY_ONLY; scalar tail dependence is not a cross-family order,CONDITIONAL_ON_CONVERGENCE_AUDIT,0.586285428,0.3925239977,0.02119057433,False,0,0.586285428,0.587349304,DESCRIPTIVE_ONLY_NOT_WELFARE_OR_EXCLUSION,1,0,353.7038603,90.09449351,0.02119057433,0.413714572,0.0391749005,8.526512829e-14,False,0,True,-99.36836231,-48.98858274,7.815970093e-14,False,True,True,False,True,False,False,1.421085472e-14,0,3.97903932e-13,2.355329119e-15,0.04735472921,1,0,0.003350713205,0.003350713205,4.33680869e-19,-373.6009079,-0,-0.04735472921,-0,-233.5344289,373.6009079,0,0.04735472921,0,233.5344289,0.586285428,0.413714572,False,False,0,-0,0,-0,0.3925239977,0.6074760023,False,False,0,-0,0,-0,0.02119057433,0.9788094257,False,False,0,-0,0,-0
CRR-SIM-FREEZE-2026-07-19,4b5897f5d225af6334e3082ce8d9f065cdd7067f2664f3ef63426b5597055b27,ca4f0b86858a11607abd1c7ff4863214acb59c693318630e5515686ebe037048,LHS-03-023,lhs,2026071902,10000,6e8ca53b2e21d5f9f164309626a205700b9ddcad1b7f18f2d26dcd1ba371c879,clayton,gaussian,0.4089724453,0.9701556075,0.5144776068,-43.07976765,-48.41314348,-38.0465585,1.021024143,443.7983538,0.6254603285,0.02119057433,highs,optimal,0,368.7704307,-43.07976765,-102.9859845,False,False,False,solved,0.1890919255,0.1890933285,1.402997284e-06,0.6060143018,WITHIN_NAMED_FAMILY_ONLY; scalar tail dependence is not a cross-family order,CONDITIONAL_ON_CONVERGENCE_AUDIT,0.5839513771,0.3948580486,0.02119057433,False,0,0.5839513771,0.6072212213,DESCRIPTIVE_ONLY_NOT_WELFARE_OR_EXCLUSION,1,-2.220446049e-16,353.2578232,90.54053064,0.02119057433,0.4160486229,0.04150895144,7.815970093e-14,False,0,True,-102.9859845,-43.07976765,7.815970093e-14,False,True,True,False,True,False,False,7.815970093e-14,0,3.410605132e-13,8.340979215e-14,0.04359202551,1,0,0.003350713205,0.003350713205,0,-375.6443088,-0,-0.04359202551,-0,-235.7625458,375.6443088,0,0.04359202551,0,235.7625458,0.5839513771,0.4160486229,False,False,0,-0,0,-0,0.3948580486,0.6051419514,False,False,0,-0,0,-0,0.02119057433,0.9788094257,False,False,0,-0,0,-0
CRR-SIM-FREEZE-2026-07-19,4b5897f5d225af6334e3082ce8d9f065cdd7067f2664f3ef63426b5597055b27,ca4f0b86858a11607abd1c7ff4863214acb59c693318630e5515686ebe037048,LHS-03-023,lhs,2026071903,10000,6f2c1733638d32c7c1ee47a765a987586c3f86ddb7256ed29626118b282d44f6,clayton,gaussian,0.4089724453,0.9701556075,0.5144776068,-50.36484923,-55.09864756,-45.89747287,1.021024143,443.7983538,0.6254603285,0.02119057433,highs,optimal,0,368.9814016,-50.36484923,-105.3703522,False,False,False,solved,0.195276064,0.1952770892,1.025174413e-06,0.6060143018,WITHIN_NAMED_FAMILY_ONLY; scalar tail dependence is not a cross-family order,CONDITIONAL_ON_CONVERGENCE_AUDIT,0.5870432574,0.3917661682,0.02119057433,False,0,0.5870432574,0.584773799,DESCRIPTIVE_ONLY_NOT_WELFARE_OR_EXCLUSION,1,-2.220446049e-16,353.8486815,89.9496723,0.02119057433,0.4129567426,0.03841707106,0,False,0,True,-105.3703522,-50.36484923,7.105427358e-15,False,True,True,False,True,False,False,1.918465387e-13,0,2.842170943e-13,8.374819886e-14,0.06300374825,1,0,0.003350713205,0.003350713205,0,-377.1683572,-0,-0.06300374825,-0,-236.6043148,377.1683572,0,0.06300374825,0,236.6043148,0.5870432574,0.4129567426,False,False,0,-0,0,-0,0.3917661682,0.6082338318,False,False,0,-0,0,-0,0.02119057433,0.9788094257,False,False,0,-0,0,-0
CRR-SIM-FREEZE-2026-07-19,4b5897f5d225af6334e3082ce8d9f065cdd7067f2664f3ef63426b5597055b27,ca4f0b86858a11607abd1c7ff4863214acb59c693318630e5515686ebe037048,LHS-03-023,lhs,2026071904,10000,a44eeb8f300fe633afba52a17c881c21266aaa946a3f80e8673885e1ede595ef,clayton,gaussian,0.4089724453,0.9701556075,0.5144776068,-41.88090938,-47.0948951,-36.96037098,1.021024143,443.7983538,0.6254603285,0.02119057433,highs,optimal,0,367.8856334,-41.88090938,-101.059759,False,False,False,solved,0.189487504,0.189489003,1.49905702e-06,0.6060143018,WITHIN_NAMED_FAMILY_ONLY; scalar tail dependence is not a cross-family order,CONDITIONAL_ON_CONVERGENCE_AUDIT,0.5841492143,0.3946602113,0.02119057433,False,0,0.5841492143,0.5987659916,DESCRIPTIVE_ONLY_NOT_WELFARE_OR_EXCLUSION,1,-2.220446049e-16,353.2956299,90.50272394,0.02119057433,0.4158507857,0.04131111416,8.526512829e-14,False,0,True,-101.059759,-41.88090938,1.065814104e-13,False,True,True,False,True,False,False,2.842170943e-14,0,2.842170943e-13,8.317858064e-14,0.04161021241,1,0,0.003350713205,0.003350713205,0,-374.6030248,-0,-0.04161021241,-0,-234.7608796,374.6030248,0,0.04161021241,0,234.7608796,0.5841492143,0.4158507857,False,False,0,-0,0,-0,0.3946602113,0.6053397887,False,False,0,-0,0,-0,0.02119057433,0.9788094257,False,False,0,-0,0,-0
CRR-SIM-FREEZE-2026-07-19,4b5897f5d225af6334e3082ce8d9f065cdd7067f2664f3ef63426b5597055b27,ca4f0b86858a11607abd1c7ff4863214acb59c693318630e5515686ebe037048,LHS-03-023,lhs,2026071905,10000,e355bb51273b12c1674a209bf411959feda451cdb2cee6ec5dcb4000c62ad141,clayton,gaussian,0.4089724453,0.9701556075,0.5144776068,-42.14329025,-47.13404705,-37.43341726,1.021024143,443.7983538,0.6254603285,0.02119057433,highs,optimal,0,369.3467198,-42.14329025,-104.7728498,False,False,False,solved,0.1901743852,0.190175323,9.377846787e-07,0.6060143018,WITHIN_NAMED_FAMILY_ONLY; scalar tail dependence is not a cross-family order,CONDITIONAL_ON_CONVERGENCE_AUDIT,0.5844923743,0.3943170513,0.02119057433,False,0,0.5844923743,0.5953326048,DESCRIPTIVE_ONLY_NOT_WELFARE_OR_EXCLUSION,1,-2.220446049e-16,353.3612078,90.43714607,0.02119057433,0.4155076257,0.04096795416,-4.97379915e-14,False,0,True,-104.7728498,-42.14329025,-5.684341886e-14,False,True,True,False,True,False,False,5.151434834e-13,0,3.410605132e-13,8.377208268e-14,0.06931417996,1,0,0.003350713205,0.003350713205,0,-377.2759203,-0,-0.06931417996,-0,-236.3349298,377.2759203,0,0.06931417996,0,236.3349298,0.5844923743,0.4155076257,False,False,0,-0,0,-0,0.3943170513,0.6056829487,False,False,0,-0,0,-0,0.02119057433,0.9788094257,False,False,0,-0,0,-0
CRR-SIM-FREEZE-2026-07-19,4b5897f5d225af6334e3082ce8d9f065cdd7067f2664f3ef63426b5597055b27,ca4f0b86858a11607abd1c7ff4863214acb59c693318630e5515686ebe037048,LHS-03-024,lhs,2026071901,10000,c2b7c03190fb6d5cbe2bdc84a4fcd81ec89641a894cd07d275f3ba16a1137ec9,clayton,student_t_df5,0.04788874836,0.978725218,0.4096786777,-65.41088201,-72.18082365,-55.65582,0.7723497108,335.7095253,0.7733499645,0.08965437475,highs,optimal,0,351.2330425,-65.41088201,-137.4549437,False,False,False,solved,0.04996706493,0.04996832072,1.255790415e-06,0.001017422129,WITHIN_NAMED_FAMILY_ONLY; scalar tail dependence is not a cross-family order,CONDITIONAL_ON_CONVERGENCE_AUDIT,0.4801569696,0.4301886556,0.08965437475,True,0,0.4801569696,0.08051719297,DESCRIPTIVE_ONLY_NOT_WELFARE_OR_EXCLUSION,1,-2.220446049e-16,327.2993096,8.410215664,0.08965437475,0.5198430304,0.2931929948,-5.258016245e-13,False,0,True,-137.4549437,-65.41088201,-5.400124792e-13,False,True,True,False,True,False,False,5.96855898e-13,0,3.97903932e-13,8.299321859e-14,0.02757253178,1,0,0.004700400694,0.004700400694,0,-373.7682283,-0,-0.02757253178,-0,-231.239605,373.7682283,0,0.02757253178,0,231.239605,0.4801569696,0.5198430304,False,False,0,-0,0,-0,0.4301886556,0.5698113444,False,False,0,-0,0,-0,0.08965437475,0.9103456252,False,False,0,-0,0,-0
CRR-SIM-FREEZE-2026-07-19,4b5897f5d225af6334e3082ce8d9f065cdd7067f2664f3ef63426b5597055b27,ca4f0b86858a11607abd1c7ff4863214acb59c693318630e5515686ebe037048,LHS-03-024,lhs,2026071902,10000,98e97d2cc68c8fe2492dd35e2ba954f84b06620ac278e7ea02a95cefffa3708e,clayton,student_t_df5,0.04788874836,0.978725218,0.4096786777,-74.69808207,-80.90536099,-65.75378181,0.7723497108,335.7095253,0.7733499645,0.08965437475,highs,optimal,0,352.7064999,-74.69808207,-137.1858303,False,False,False,solved,0.05755189965,0.05755309739,1.197734526e-06,0.001017422129,WITHIN_NAMED_FAMILY_ONLY; scalar tail dependence is not a cross-family order,CONDITIONAL_ON_CONVERGENCE_AUDIT,0.4839493594,0.4263962658,0.08965437475,True,0,0.4839493594,0.09890500477,DESCRIPTIVE_ONLY_NOT_WELFARE_OR_EXCLUSION,1,0,328.0240353,7.685489974,0.08965437475,0.5160506406,0.289400605,-5.542233339e-13,False,0,True,-137.1858303,-74.69808207,-5.826450433e-13,False,True,True,False,True,False,False,5.258016245e-13,0,3.410605132e-13,1.494091619e-14,0.02841550024,1,0,0.004700400694,0.004700400694,8.67361738e-19,-375.7965121,-0,-0.02841550024,-0,-233.8695559,375.7965121,0,0.02841550024,0,233.8695559,0.4839493594,0.5160506406,False,False,0,-0,0,-0,0.4263962658,0.5736037342,False,False,0,-0,0,-0,0.08965437475,0.9103456252,False,False,0,-0,0,-0
CRR-SIM-FREEZE-2026-07-19,4b5897f5d225af6334e3082ce8d9f065cdd7067f2664f3ef63426b5597055b27,ca4f0b86858a11607abd1c7ff4863214acb59c693318630e5515686ebe037048,LHS-03-024,lhs,2026071903,10000,5d14e850c94c598c7071f97797390496c871433c43347005768f29d9be68b8d1,clayton,student_t_df5,0.04788874836,0.978725218,0.4096786777,-62.82640539,-70.92576594,-51.15573399,0.7723497108,335.7095253,0.7733499645,0.08965437475,highs,optimal,0,351.0898891,-62.82640539,-131.2179054,False,False,False,solved,0.05014812757,0.05014915666,1.029085175e-06,0.001017422129,WITHIN_NAMED_FAMILY_ONLY; scalar tail dependence is not a cross-family order,CONDITIONAL_ON_CONVERGENCE_AUDIT,0.4802473882,0.4300982371,0.08965437475,True,0,0.4802473882,0.08548034375,DESCRIPTIVE_ONLY_NOT_WELFARE_OR_EXCLUSION,1,1.110223025e-16,327.3165886,8.392936677,0.08965437475,0.5197526118,0.2931025763,-5.044853424e-13,False,0,True,-131.2179054,-62.82640539,-4.902744877e-13,False,True,True,False,True,False,False,1.035616037e-12,0,4.263256415e-13,4.148120259e-14,0.02743347064,1,0,0.004700400694,0.004700400694,8.67361738e-19,-373.6294571,-0,-0.02743347064,-0,-232.1807679,373.6294571,0,0.02743347064,0,232.1807679,0.4802473882,0.5197526118,False,False,0,-0,0,-0,0.4300982371,0.5699017629,False,False,0,-0,0,-0,0.08965437475,0.9103456252,False,False,0,-0,0,-0
CRR-SIM-FREEZE-2026-07-19,4b5897f5d225af6334e3082ce8d9f065cdd7067f2664f3ef63426b5597055b27,ca4f0b86858a11607abd1c7ff4863214acb59c693318630e5515686ebe037048,LHS-03-024,lhs,2026071904,10000,43edc42250cfa36df1ff1b5b64ec8a5573c825b0e0abfab5187f6ea0c40c05af,clayton,student_t_df5,0.04788874836,0.978725218,0.4096786777,-56.03790097,-64.21379368,-44.25695151,0.7723497108,335.7095253,0.7733499645,0.08965437475,highs,optimal,0,351.0783642,-56.03790097,-134.9953779,False,False,False,solved,0.05039500132,0.05039598112,9.797953628e-07,0.001017422129,WITHIN_NAMED_FAMILY_ONLY; scalar tail dependence is not a cross-family order,CONDITIONAL_ON_CONVERGENCE_AUDIT,0.4803708002,0.4299748251,0.08965437475,True,0,0.4803708002,0.09946775781,DESCRIPTIVE_ONLY_NOT_WELFARE_OR_EXCLUSION,1,-2.220446049e-16,327.3401726,8.36935264,0.08965437475,0.5196291998,0.2929791643,-4.97379915e-13,False,0,True,-134.9953779,-56.03790097,-4.97379915e-13,False,True,True,False,True,False,False,2.216893336e-12,0,3.126388037e-13,8.289182513e-14,0.02816778013,1,0,0.004700400694,0.004700400694,0,-373.3115928,-0,-0.02816778013,-0,-230.3821246,373.3115928,0,0.02816778013,0,230.3821246,0.4803708002,0.5196291998,False,False,0,-0,0,-0,0.4299748251,0.5700251749,False,False,0,-0,0,-0,0.08965437475,0.9103456252,False,False,0,-0,0,-0
CRR-SIM-FREEZE-2026-07-19,4b5897f5d225af6334e3082ce8d9f065cdd7067f2664f3ef63426b5597055b27,ca4f0b86858a11607abd1c7ff4863214acb59c693318630e5515686ebe037048,LHS-03-024,lhs,2026071905,10000,c5a249a9712729f158d2255a220bd545896ffa50d958363701320fcc8145a43b,clayton,student_t_df5,0.04788874836,0.978725218,0.4096786777,-78.53742721,-85.2925756,-68.80368136,0.7723497108,335.7095253,0.7733499645,0.08965437475,highs,optimal,0,351.263193,-78.53742721,-143.470288,False,False,False,solved,0.05972192695,0.05972291693,9.89984638e-07,0.001017422129,WITHIN_NAMED_FAMILY_ONLY; scalar tail dependence is not a cross-family order,CONDITIONAL_ON_CONVERGENCE_AUDIT,0.4850342698,0.4253113554,0.08965437475,True,0,0.4850342698,0.08581021969,DESCRIPTIVE_ONLY_NOT_WELFARE_OR_EXCLUSION,1,0,328.2313617,7.47816359,0.08965437475,0.5149657302,0.2883156946,-6.536993169e-13,False,0,True,-143.470288,-78.53742721,-6.394884622e-13,False,True,True,False,True,False,False,3.296918294e-12,0,3.97903932e-13,1.706805439e-14,0.03002643883,1,0,0.004700400694,0.004700400694,0,-374.4524016,-0,-0.03002643883,-0,-232.3479406,374.4524016,0,0.03002643883,0,232.3479406,0.4850342698,0.5149657302,False,False,0,-0,0,-0,0.4253113554,0.5746886446,False,False,0,-0,0,-0,0.08965437475,0.9103456252,False,False,0,-0,0,-0
CRR-SIM-FREEZE-2026-07-19,4b5897f5d225af6334e3082ce8d9f065cdd7067f2664f3ef63426b5597055b27,ca4f0b86858a11607abd1c7ff4863214acb59c693318630e5515686ebe037048,ANCHOR-001,anchor,2026071901,10000,2271f9871ae5e789c05aa623caacccee33351e43b9ce61b5734b087f5ad112e4,gaussian,gaussian,0,0.9,0.9,-90.31632585,-181.8613198,-80.14465986,1.1,478.126,1,0,highs,optimal,0,374.9817255,-90.31632585,-164.9706041,False,False,False,solved,0.9287244748,0.9287256392,1.164355338e-06,0,WITHIN_NAMED_FAMILY_ONLY; scalar tail dependence is not a cross-family order,CONDITIONAL_ON_CONVERGENCE_AUDIT,0.9643628196,0.03563718042,0,False,0,0.9643628196,0.003056569075,DESCRIPTIVE_ONLY_NOT_WELFARE_OR_EXCLUSION,1,0,427.8497348,50.27626518,0,0.03563718042,,3.694822226e-13,,,,-164.9706041,-90.31632585,3.552713679e-13,False,True,True,False,False,True,False,2.555111678e-11,0,5.684341886e-14,8.710767165e-15,0.02270243505,1,0,0.001,0.001,0,-377.032126,-0,-0.02270243505,,,377.032126,0,0.02270243505,,,0.9643628196,0.03563718042,False,False,0,-0,0,-0,0.03563718042,0.9643628196,False,False,0,-0,0,-0,0,1,True,False,234.8952515,-234.8952515,0,-0
CRR-SIM-FREEZE-2026-07-19,4b5897f5d225af6334e3082ce8d9f065cdd7067f2664f3ef63426b5597055b27,ca4f0b86858a11607abd1c7ff4863214acb59c693318630e5515686ebe037048,ANCHOR-001,anchor,2026071902,10000,844b683ffaa1037d61047ede1893249901b8c1c76095a7f12a17b9000140fd4c,gaussian,gaussian,0,0.9,0.9,-89.76371855,-183.7949058,-79.31580886,1.1,478.126,1,0,highs,optimal,0,374.535357,-89.76371855,-166.1108651,False,False,False,solved,0.9284764402,0.928477841,1.400877045e-06,0,WITHIN_NAMED_FAMILY_ONLY; scalar tail dependence is not a cross-family order,CONDITIONAL_ON_CONVERGENCE_AUDIT,0.9642389205,0.03576107948,0,False,0,0.9642389205,0.005590503776,DESCRIPTIVE_ONLY_NOT_WELFARE_OR_EXCLUSION,1,0,427.8260577,50.29994229,0,0.03576107948,,0,,,,-166.1108651,-89.76371855,1.421085472e-14,False,True,True,False,False,True,False,5.972999872e-12,0,7.958078641e-13,4.981889769e-15,0.01845101719,1,0,0.001,0.001,1.301042607e-18,-376.1915889,-0,-0.01845101719,,,376.1915889,0,0.01845101719,,,0.9642389205,0.03576107948,False,False,0,-0,0,-0,0.03576107948,0.9642389205,False,False,0,-0,0,-0,0,1,True,False,234.5944891,-234.5944891,0,-0
CRR-SIM-FREEZE-2026-07-19,4b5897f5d225af6334e3082ce8d9f065cdd7067f2664f3ef63426b5597055b27,ca4f0b86858a11607abd1c7ff4863214acb59c693318630e5515686ebe037048,ANCHOR-001,anchor,2026071903,10000,fa222af00ed417226ec787c3be9631716a10e2be4b49315ebfdbed914d470fa3,gaussian,gaussian,0,0.9,0.9,-92.80057276,-182.7545872,-82.80568226,1.1,478.126,1,0,highs,optimal,0,373.1921961,-92.80057276,-167.6487654,False,False,False,solved,0.9287018485,0.9287050967,3.248185053e-06,0,WITHIN_NAMED_FAMILY_ONLY; scalar tail dependence is not a cross-family order,CONDITIONAL_ON_CONVERGENCE_AUDIT,0.9643525483,0.03564745166,0,False,0,0.9643525483,0.005451855713,DESCRIPTIVE_ONLY_NOT_WELFARE_OR_EXCLUSION,1,0,427.847772,50.27822801,0,0.03564745166,,1.705302566e-13,,,,-167.6487654,-92.80057276,1.847411113e-13,False,True,True,False,False,True,False,8.837958143e-12,0,7.389644452e-13,1.529918982e-15,0.008281421341,1,0,0.001,0.001,1.084202172e-18,-373.9607168,-0,-0.008281421341,,,373.9607168,0,0.008281421341,,,0.9643525483,0.03564745166,False,False,0,-0,0,-0,0.03564745166,0.9643525483,False,False,0,-0,0,-0,0,1,True,False,233.4406871,-233.4406871,0,-0
CRR-SIM-FREEZE-2026-07-19,4b5897f5d225af6334e3082ce8d9f065cdd7067f2664f3ef63426b5597055b27,ca4f0b86858a11607abd1c7ff4863214acb59c693318630e5515686ebe037048,ANCHOR-001,anchor,2026071904,10000,5a382db751523e1757e65aa2a6ffd722728baf241ca30008400907363472dec7,gaussian,gaussian,0,0.9,0.9,-90.99195193,-182.5969463,-80.81361923,1.1,478.126,1,0,highs,optimal,0,379.2878601,-90.99195193,-169.2163119,False,False,False,solved,0.9272840725,0.9272848768,8.042675071e-07,0,WITHIN_NAMED_FAMILY_ONLY; scalar tail dependence is not a cross-family order,CONDITIONAL_ON_CONVERGENCE_AUDIT,0.9636424384,0.03635756161,0,False,0,0.9636424384,0.02017574742,DESCRIPTIVE_ONLY_NOT_WELFARE_OR_EXCLUSION,1,0,427.71207,50.41393002,0,0.03635756161,,1.98951966e-13,,,,-169.2163119,-90.99195193,2.131628207e-13,False,True,True,False,False,True,False,4.376943252e-12,0,6.252776075e-13,9.665388055e-16,0.03400706097,1,0,0.001,0.001,8.023096076e-18,-382.382229,-0,-0.03400706097,,,382.382229,0,0.03400706097,,,0.9636424384,0.03635756161,False,False,0,-0,0,-0,0.03635756161,0.9636424384,False,False,0,-0,0,-0,0,1,True,False,237.8356997,-237.8356997,0,-0
CRR-SIM-FREEZE-2026-07-19,4b5897f5d225af6334e3082ce8d9f065cdd7067f2664f3ef63426b5597055b27,ca4f0b86858a11607abd1c7ff4863214acb59c693318630e5515686ebe037048,ANCHOR-001,anchor,2026071905,10000,e6a80ae65369d84e2e3c4dec1866c7f6ac78d9719f2116f2753c06be0248827c,gaussian,gaussian,0,0.9,0.9,-88.40777469,-182.9837316,-77.89933503,1.1,478.126,1,0,highs,optimal,0,375.4211047,-88.40777469,-166.2015759,False,False,False,solved,0.9285773932,0.9285787501,1.356937716e-06,0,WITHIN_NAMED_FAMILY_ONLY; scalar tail dependence is not a cross-family order,CONDITIONAL_ON_CONVERGENCE_AUDIT,0.9642893751,0.03571062493,0,False,0,0.9642893751,0.003322304762,DESCRIPTIVE_ONLY_NOT_WELFARE_OR_EXCLUSION,1,0,427.8356996,50.29030042,0,0.03571062493,,-5.684341886e-14,,,,-166.2015759,-88.40777469,9.947598301e-14,False,True,True,False,False,True,False,2.987243786e-11,0,1.421085472e-12,9.195581133e-15,0.01903180871,1,0,0.001,0.001,8.67361738e-19,-377.1036646,-0,-0.01903180871,,,377.1036646,0,0.01903180871,,,0.9642893751,0.03571062493,False,False,0,-0,0,-0,0.03571062493,0.9642893751,False,False,0,-0,0,-0,0,1,True,False,236.6283373,-236.6283373,0,-0
CRR-SIM-FREEZE-2026-07-19,4b5897f5d225af6334e3082ce8d9f065cdd7067f2664f3ef63426b5597055b27,ca4f0b86858a11607abd1c7ff4863214acb59c693318630e5515686ebe037048,ANCHOR-002,anchor,2026071901,10000,52a34713240d9b78b390ecd006dadb8a6b2ba1115d35273d891ce87e567ab1e4,student_t_df4,gaussian,0.25,0.9,0.9,-148.1558074,-170.5290337,-145.6698934,0.7,304.262,1,0,highs,optimal,0,372.0147979,-170.5290337,-230.1167167,True,True,True,solved,-0.3647108509,-0.3647095397,1.311171901e-06,0.1953801684,WITHIN_NAMED_FAMILY_ONLY; scalar tail dependence is not a cross-family order,CONDITIONAL_ON_CONVERGENCE_AUDIT,0.3176452119,0.6823547881,0,False,0,0.3176452119,0.3852692168,DESCRIPTIVE_ONLY_NOT_WELFARE_OR_EXCLUSION,1,0,304.262,0,0,0.3176452119,,22.3732263,,,,-167.3354151,-148.1558074,2.842170943e-14,True,False,True,False,False,True,False,1.136868377e-13,0,0,0,0,,,,0.001,,-362.7220404,-0.03054195891,-0,,,362.7220404,0.03054195891,0,,,0.3176452119,0.6823547881,False,False,0,-0,0,-0,0.6823547881,0.3176452119,False,False,0,-0,0,-0,0,1,True,False,227.6491346,-227.6491346,0,-0
CRR-SIM-FREEZE-2026-07-19,4b5897f5d225af6334e3082ce8d9f065cdd7067f2664f3ef63426b5597055b27,ca4f0b86858a11607abd1c7ff4863214acb59c693318630e5515686ebe037048,ANCHOR-002,anchor,2026071902,10000,4712405cbbb0ee462aae1df05a8bb80d2ada23786c6aa81480d92a513a428c33,student_t_df4,gaussian,0.25,0.9,0.9,-152.990249,-174.7563463,-150.5717937,0.7,304.262,1,0,highs,optimal,0,372.8159544,-174.7563463,-232.6464635,True,True,True,solved,-0.3647107973,-0.3647095397,1.257559202e-06,0.1953801684,WITHIN_NAMED_FAMILY_ONLY; scalar tail dependence is not a cross-family order,CONDITIONAL_ON_CONVERGENCE_AUDIT,0.3176452119,0.6823547881,0,False,0,0.3176452119,0.3855469385,DESCRIPTIVE_ONLY_NOT_WELFARE_OR_EXCLUSION,1,0,304.262,0,0,0.3176452119,,21.76609729,,,,-171.2393367,-152.990249,5.684341886e-14,True,False,True,False,False,True,False,1.403321903e-13,0,0,0,0,,,,0.001,,-363.0939983,-0.03195258072,-0,,,363.0939983,0.03195258072,0,,,0.3176452119,0.6823547881,False,False,0,-0,0,-0,0.6823547881,0.3176452119,False,False,0,-0,0,-0,0,1,True,False,227.9900506,-227.9900506,0,-0
CRR-SIM-FREEZE-2026-07-19,4b5897f5d225af6334e3082ce8d9f065cdd7067f2664f3ef63426b5597055b27,ca4f0b86858a11607abd1c7ff4863214acb59c693318630e5515686ebe037048,ANCHOR-002,anchor,2026071903,10000,5fa01bc85f3dd6f78d0bbc90cfd1841b62317aa523a1f71edebac27a2d779119,student_t_df4,gaussian,0.25,0.9,0.9,-151.3623638,-173.5859732,-148.8930739,0.7,304.262,1,0,highs,optimal,0,372.790785,-173.5859732,-231.2285744,True,True,True,solved,-0.3647104015,-0.3647095392,8.623080541e-07,0.1953801684,WITHIN_NAMED_FAMILY_ONLY; scalar tail dependence is not a cross-family order,CONDITIONAL_ON_CONVERGENCE_AUDIT,0.3176452119,0.6823547881,0,False,0,0.3176452119,0.3716967387,DESCRIPTIVE_ONLY_NOT_WELFARE_OR_EXCLUSION,1,0,304.262,0,0,0.3176452119,,22.22360934,,,,-170.7230784,-151.3623638,-8.526512829e-14,True,False,True,False,False,True,False,0,0,5.684341886e-14,0,0,,,,0.001,,-358.4087251,-0.04726866931,-0,,,358.4087251,0.04726866931,0,,,0.3176452119,0.6823547881,False,False,0,-0,0,-0,0.6823547881,0.3176452119,False,False,0,-0,0,-0,0,1,True,False,225.362818,-225.362818,0,-0
CRR-SIM-FREEZE-2026-07-19,4b5897f5d225af6334e3082ce8d9f065cdd7067f2664f3ef63426b5597055b27,ca4f0b86858a11607abd1c7ff4863214acb59c693318630e5515686ebe037048,ANCHOR-002,anchor,2026071904,10000,bc46a48491d84ea6330c99bed92b6ccf898a92e9c4b59e56e7fc1d89d8c7993c,student_t_df4,gaussian,0.25,0.9,0.9,-149.1125425,-169.7817445,-146.8159645,0.7,304.262,1,0,highs,optimal,0,369.2128419,-169.7817445,-229.7867344,True,True,True,solved,-0.3647105971,-0.3647095395,1.057604388e-06,0.1953801684,WITHIN_NAMED_FAMILY_ONLY; scalar tail dependence is not a cross-family order,CONDITIONAL_ON_CONVERGENCE_AUDIT,0.3176452119,0.6823547881,0,False,0,0.3176452119,0.3815843965,DESCRIPTIVE_ONLY_NOT_WELFARE_OR_EXCLUSION,1,0,304.262,0,0,0.3176452119,,20.66920197,,,,-168.830931,-149.1125425,2.842170943e-14,True,False,True,False,False,True,False,7.693845561e-14,0,0,0,0,,,,0.001,,-357.6974109,-0.03784708897,-0,,,357.6974109,0.03784708897,0,,,0.3176452119,0.6823547881,False,False,0,-0,0,-0,0.6823547881,0.3176452119,False,False,0,-0,0,-0,0,1,True,False,224.8965891,-224.8965891,0,-0
CRR-SIM-FREEZE-2026-07-19,4b5897f5d225af6334e3082ce8d9f065cdd7067f2664f3ef63426b5597055b27,ca4f0b86858a11607abd1c7ff4863214acb59c693318630e5515686ebe037048,ANCHOR-002,anchor,2026071905,10000,b56cb9cb36d466c568409bb04066a003b7edbd77d0e985159b52d8cbd1b0b77a,student_t_df4,gaussian,0.25,0.9,0.9,-150.1769669,-173.0856567,-147.631557,0.7,304.262,1,0,highs,optimal,0,371.8877117,-173.0856567,-230.7691228,True,True,True,solved,-0.3647111908,-0.3647095399,1.65085774e-06,0.1953801684,WITHIN_NAMED_FAMILY_ONLY; scalar tail dependence is not a cross-family order,CONDITIONAL_ON_CONVERGENCE_AUDIT,0.3176452119,0.6823547881,0,False,0,0.3176452119,0.3977738951,DESCRIPTIVE_ONLY_NOT_WELFARE_OR_EXCLUSION,1,0,304.262,0,0,0.3176452119,,22.90868978,,,,-170.0313005,-150.1769669,1.136868377e-13,True,False,True,False,False,True,False,1.833255769e-13,0,0,0,0,,,,0.001,,-364.553566,-0.02410470485,-0,,,364.553566,0.02410470485,0,,,0.3176452119,0.6823547881,False,False,0,-0,0,-0,0.6823547881,0.3176452119,False,False,0,-0,0,-0,0,1,True,False,228.1915387,-228.1915387,0,-0
CRR-SIM-FREEZE-2026-07-19,4b5897f5d225af6334e3082ce8d9f065cdd7067f2664f3ef63426b5597055b27,ca4f0b86858a11607abd1c7ff4863214acb59c693318630e5515686ebe037048,ANCHOR-003,anchor,2026071901,10000,4079b3cdaefc02a383f1c47ac9a18998fa2b350d6d88584e236cea1df9a8ca61,clayton,gaussian,0.5,0.9,0.9,-113.2102453,-139.5314476,-110.2856673,1.1,478.126,0.35,0,highs,optimal,0,371.1075375,-139.5314476,-203.5408042,True,True,True,solved,-0.3000012567,-0.2999999839,1.27276619e-06,0.7071067812,WITHIN_NAMED_FAMILY_ONLY; scalar tail dependence is not a cross-family order,CONDITIONAL_ON_CONVERGENCE_AUDIT,0.35,0.65,0,False,0,0.35,0.6901303538,DESCRIPTIVE_ONLY_NOT_WELFARE_OR_EXCLUSION,1,0,310.445,167.681,0,0.35,0,26.32120234,True,,,-131.0912182,-113.2102453,1.705302566e-13,False,False,True,True,False,True,False,0,0,0,0,0,,,,0.001,,-369.0403774,-0,-0,-5.906171621,,369.0403774,0,0,5.906171621,,0.35,0.65,False,False,0,-0,0,-0,0.65,0.35,False,False,0,-0,0,-0,0,1,True,False,230.6581643,-230.6581643,0,-0
CRR-SIM-FREEZE-2026-07-19,4b5897f5d225af6334e3082ce8d9f065cdd7067f2664f3ef63426b5597055b27,ca4f0b86858a11607abd1c7ff4863214acb59c693318630e5515686ebe037048,ANCHOR-003,anchor,2026071902,10000,24d8c527e688f5c0959c81d371f5888acd6ebb0665b0f75bd8976531701c7a82,clayton,gaussian,0.5,0.9,0.9,-114.2719705,-140.1729509,-111.3940838,1.1,478.126,0.35,0,highs,optimal,0,372.8671703,-140.1729509,-207.1628047,True,True,True,solved,-0.3000008403,-0.2999999838,8.564430886e-07,0.7071067812,WITHIN_NAMED_FAMILY_ONLY; scalar tail dependence is not a cross-family order,CONDITIONAL_ON_CONVERGENCE_AUDIT,0.35,0.65,0,False,0,0.35,0.6902231106,DESCRIPTIVE_ONLY_NOT_WELFARE_OR_EXCLUSION,1,0,310.445,167.681,0,0.35,0,25.90098034,True,,,-133.6065424,-114.2719705,-5.684341886e-14,False,False,True,True,False,True,False,2.131628207e-13,0,0,0,0,,,,0.001,,-369.7608837,-0,-0,-8.875104465,,369.7608837,0,0,8.875104465,,0.35,0.65,False,False,0,-0,0,-0,0.65,0.35,False,False,0,-0,0,-0,0,1,True,False,230.3221395,-230.3221395,0,-0
CRR-SIM-FREEZE-2026-07-19,4b5897f5d225af6334e3082ce8d9f065cdd7067f2664f3ef63426b5597055b27,ca4f0b86858a11607abd1c7ff4863214acb59c693318630e5515686ebe037048,ANCHOR-003,anchor,2026071903,10000,31eab9333ff59f90575fec5e9febc0ab375d3a54c07596bf1d76773fe1cc76e9,clayton,gaussian,0.5,0.9,0.9,-115.8356712,-142.0739958,-112.9203018,1.1,478.126,0.35,0,highs,optimal,0,371.6432449,-142.0739958,-207.5178835,True,True,True,solved,-0.3000010648,-0.2999999838,1.080977458e-06,0.7071067812,WITHIN_NAMED_FAMILY_ONLY; scalar tail dependence is not a cross-family order,CONDITIONAL_ON_CONVERGENCE_AUDIT,0.35,0.65,0,False,0,0.35,0.6818714902,DESCRIPTIVE_ONLY_NOT_WELFARE_OR_EXCLUSION,1,0,310.445,167.681,0,0.35,0,26.23832456,True,,,-134.5026424,-115.8356712,-1.136868377e-13,False,False,True,True,False,True,False,8.526512829e-14,0,0,0,0,,,,0.001,,-369.2000796,-0,-0,-6.980472432,,369.2000796,0,0,6.980472432,,0.35,0.65,False,False,0,-0,0,-0,0.65,0.35,False,False,0,-0,0,-0,0,1,True,False,229.8467699,-229.8467699,0,-0
CRR-SIM-FREEZE-2026-07-19,4b5897f5d225af6334e3082ce8d9f065cdd7067f2664f3ef63426b5597055b27,ca4f0b86858a11607abd1c7ff4863214acb59c693318630e5515686ebe037048,ANCHOR-003,anchor,2026071904,10000,ef9ee3bb5ea9e156df8e079a6f4f4227026b090f12dbb159fca1c1ded20be0f7,clayton,gaussian,0.5,0.9,0.9,-112.458174,-138.2173211,-109.5960466,1.1,478.126,0.35,0,highs,optimal,0,372.0543716,-138.2173211,-204.3990722,True,True,True,solved,-0.3000014635,-0.2999999839,1.479639044e-06,0.7071067812,WITHIN_NAMED_FAMILY_ONLY; scalar tail dependence is not a cross-family order,CONDITIONAL_ON_CONVERGENCE_AUDIT,0.35,0.65,0,False,0,0.35,0.6900442419,DESCRIPTIVE_ONLY_NOT_WELFARE_OR_EXCLUSION,1,0,310.445,167.681,0,0.35,0,25.75914703,True,,,-132.8562832,-112.458174,8.526512829e-14,False,False,True,True,False,True,False,2.842170943e-14,0,0,0,0,,,,0.001,,-370.2748622,-0,-0,-5.084312807,,370.2748622,0,0,5.084312807,,0.35,0.65,False,False,0,-0,0,-0,0.65,0.35,False,False,0,-0,0,-0,0,1,True,False,231.0816623,-231.0816623,0,-0
CRR-SIM-FREEZE-2026-07-19,4b5897f5d225af6334e3082ce8d9f065cdd7067f2664f3ef63426b5597055b27,ca4f0b86858a11607abd1c7ff4863214acb59c693318630e5515686ebe037048,ANCHOR-003,anchor,2026071905,10000,a379b0eceadb4456d20d6ef625e518ed42a1fe76b32c7f6af46447a4ebb4af71,clayton,gaussian,0.5,0.9,0.9,-112.9711376,-139.4031162,-110.034251,1.1,478.126,0.35,0,highs,optimal,0,371.7546886,-139.4031162,-204.5778826,True,True,True,solved,-0.3000011106,-0.2999999838,1.126749315e-06,0.7071067812,WITHIN_NAMED_FAMILY_ONLY; scalar tail dependence is not a cross-family order,CONDITIONAL_ON_CONVERGENCE_AUDIT,0.35,0.65,0,False,0,0.35,0.6931929154,DESCRIPTIVE_ONLY_NOT_WELFARE_OR_EXCLUSION,1,0,310.445,167.681,0,0.35,0,26.43197867,True,,,-132.7153375,-112.9711376,0,False,False,True,True,False,True,False,7.105427358e-15,0,0,0,0,,,,0.001,,-369.4115067,-0,-0,-6.694805258,,369.4115067,0,0,6.694805258,,0.35,0.65,False,False,0,-0,0,-0,0.65,0.35,False,False,0,-0,0,-0,0,1,True,False,229.8646647,-229.8646647,0,-0
CRR-SIM-FREEZE-2026-07-19,4b5897f5d225af6334e3082ce8d9f065cdd7067f2664f3ef63426b5597055b27,ca4f0b86858a11607abd1c7ff4863214acb59c693318630e5515686ebe037048,ANCHOR-004,anchor,2026071901,10000,66ff5a1cff25b34ee1c97330406177579c2810484d350909bf976a16de9bc9bf,gaussian,student_t_df5,0,0.95,0.9,-34.29866973,-146.246051,-21.86007181,1.1,478.126,1,0.15,highs,optimal,0,339.5958493,-34.29866973,-125.0285351,False,False,False,solved,0.7820230821,0.7820241822,1.100030161e-06,0,WITHIN_NAMED_FAMILY_ONLY; scalar tail dependence is not a cross-family order,CONDITIONAL_ON_CONVERGENCE_AUDIT,0.8160120911,0.03398790892,0.15,False,0,0.8160120911,0.003084320523,DESCRIPTIVE_ONLY_NOT_WELFARE_OR_EXCLUSION,1,1.110223025e-16,386.0839106,92.04208939,0.03398790892,0.1839879089,,2.273736754e-13,,0,True,-125.0285351,-34.29866973,2.415845302e-13,False,True,True,False,True,False,False,5.684341886e-14,0,4.149569577e-12,4.166414389e-14,0.01701669381,1,0,0.002,0.002,0,-375.2772458,-0,-0.01701669381,,-233.9849772,375.2772458,0,0.01701669381,,233.9849772,0.8160120911,0.1839879089,False,False,0,-0,0,-0,0.03398790892,0.9660120911,False,False,0,-0,0,-0,0.15,0.85,False,False,0,-0,0,-0
CRR-SIM-FREEZE-2026-07-19,4b5897f5d225af6334e3082ce8d9f065cdd7067f2664f3ef63426b5597055b27,ca4f0b86858a11607abd1c7ff4863214acb59c693318630e5515686ebe037048,ANCHOR-004,anchor,2026071902,10000,4bef8d412ec77d7adb255ba1cc44b80a98b4fd30f6aa48aab54fc8abc035eef2,gaussian,student_t_df5,0,0.95,0.9,-35.69665798,-149.0784127,-23.09868524,1.1,478.126,1,0.15,highs,optimal,0,339.5658113,-35.69665798,-122.7546677,False,False,False,solved,0.7823246051,0.7823257497,1.144619687e-06,0,WITHIN_NAMED_FAMILY_ONLY; scalar tail dependence is not a cross-family order,CONDITIONAL_ON_CONVERGENCE_AUDIT,0.8161628749,0.03383712513,0.15,False,0,0.8161628749,0.005038130776,DESCRIPTIVE_ONLY_NOT_WELFARE_OR_EXCLUSION,1,0,386.1127254,92.01327461,0.03383712513,0.1838371251,,2.131628207e-13,,0,True,-122.7546677,-35.69665798,2.131628207e-13,False,True,True,False,True,False,False,5.684341886e-14,0,2.273736754e-13,4.555245107e-15,0.01602734388,1,0,0.002,0.002,0,-375.2419327,-0,-0.01602734388,,-234.0266587,375.2419327,0,0.01602734388,,234.0266587,0.8161628749,0.1838371251,False,False,0,-0,0,-0,0.03383712513,0.9661628749,False,False,0,-0,0,-0,0.15,0.85,False,False,0,-0,0,-0
CRR-SIM-FREEZE-2026-07-19,4b5897f5d225af6334e3082ce8d9f065cdd7067f2664f3ef63426b5597055b27,ca4f0b86858a11607abd1c7ff4863214acb59c693318630e5515686ebe037048,ANCHOR-004,anchor,2026071903,10000,fae1f18376ae01e6a939ed2bc0817dbb7a00bcc4c7998b7d77e69245fe4f99f8,gaussian,student_t_df5,0,0.95,0.9,-31.80628882,-144.8051123,-19.25086399,1.1,478.126,1,0.15,highs,optimal,0,338.3773156,-31.80628882,-127.9334237,False,False,False,solved,0.7827167647,0.7827197315,2.966782784e-06,0,WITHIN_NAMED_FAMILY_ONLY; scalar tail dependence is not a cross-family order,CONDITIONAL_ON_CONVERGENCE_AUDIT,0.8163598657,0.03364013425,0.15,False,0,0.8163598657,0.008442697277,DESCRIPTIVE_ONLY_NOT_WELFARE_OR_EXCLUSION,1,0,386.1503703,91.97562966,0.03364013425,0.1836401343,,2.131628207e-13,,0,True,-127.9334237,-31.80628882,1.98951966e-13,False,True,True,False,True,False,False,1.98951966e-13,0,2.273736754e-13,9.890115339e-16,0.006186266632,1,0,0.002,0.002,0,-373.5808533,-0,-0.006186266632,,-233.3785031,373.5808533,0,0.006186266632,,233.3785031,0.8163598657,0.1836401343,False,False,0,-0,0,-0,0.03364013425,0.9663598657,False,False,0,-0,0,-0,0.15,0.85,False,False,0,-0,0,-0
CRR-SIM-FREEZE-2026-07-19,4b5897f5d225af6334e3082ce8d9f065cdd7067f2664f3ef63426b5597055b27,ca4f0b86858a11607abd1c7ff4863214acb59c693318630e5515686ebe037048,ANCHOR-004,anchor,2026071904,10000,db34afafa8a0701ce5f8861252ebc7dbc8d25bc4a25cb9986e5b3ac5bd7afd65,gaussian,student_t_df5,0,0.95,0.9,-35.09667559,-145.0386474,-22.88090095,1.1,478.126,1,0.15,highs,optimal,0,342.9398222,-35.09667559,-121.9620902,False,False,False,solved,0.7796489023,0.7796496777,7.753800968e-07,0,WITHIN_NAMED_FAMILY_ONLY; scalar tail dependence is not a cross-family order,CONDITIONAL_ON_CONVERGENCE_AUDIT,0.8148248388,0.03517516115,0.15,False,0,0.8148248388,0.02035947959,DESCRIPTIVE_ONLY_NOT_WELFARE_OR_EXCLUSION,1,0,385.8570267,92.2689733,0.03517516115,0.1851751612,,1.98951966e-13,,0,True,-121.9620902,-35.09667559,1.98951966e-13,False,True,True,False,True,False,False,2.842170943e-14,0,1.136868377e-12,5.095393798e-15,0.02561117591,1,0,0.002,0.002,0,-379.2236613,-0,-0.02561117591,,-235.8998135,379.2236613,0,0.02561117591,,235.8998135,0.8148248388,0.1851751612,False,False,0,-0,0,-0,0.03517516115,0.9648248388,False,False,0,-0,0,-0,0.15,0.85,False,False,0,-0,0,-0
CRR-SIM-FREEZE-2026-07-19,4b5897f5d225af6334e3082ce8d9f065cdd7067f2664f3ef63426b5597055b27,ca4f0b86858a11607abd1c7ff4863214acb59c693318630e5515686ebe037048,ANCHOR-004,anchor,2026071905,10000,e14829493b113ad79580680b6fe7d26d7bcb5ac3da99a1c4a59ee81e0e460f5b,gaussian,student_t_df5,0,0.95,0.9,-28.93336042,-145.3627624,-15.9967602,1.1,478.126,1,0.15,highs,optimal,0,339.7678478,-28.93336042,-120.5758744,False,False,False,solved,0.7807203272,0.780721626,1.298791814e-06,0,WITHIN_NAMED_FAMILY_ONLY; scalar tail dependence is not a cross-family order,CONDITIONAL_ON_CONVERGENCE_AUDIT,0.815360813,0.03463918699,0.15,False,0,0.815360813,0.003872879306,DESCRIPTIVE_ONLY_NOT_WELFARE_OR_EXCLUSION,1,0,385.9594514,92.16654863,0.03463918699,0.184639187,,2.415845302e-13,,0,True,-120.5758744,-28.93336042,2.131628207e-13,False,True,True,False,True,False,False,5.684341886e-14,0,9.094947018e-13,3.2969576e-15,0.01406077369,1,0,0.002,0.002,0,-375.5459017,-0,-0.01406077369,,-235.8081896,375.5459017,0,0.01406077369,,235.8081896,0.815360813,0.184639187,False,False,0,-0,0,-0,0.03463918699,0.965360813,False,False,0,-0,0,-0,0.15,0.85,False,False,0,-0,0,-0
CRR-SIM-FREEZE-2026-07-19,4b5897f5d225af6334e3082ce8d9f065cdd7067f2664f3ef63426b5597055b27,ca4f0b86858a11607abd1c7ff4863214acb59c693318630e5515686ebe037048,ANCHOR-005,anchor,2026071901,10000,8b1517c1645253b8b7806c74416a0159cb8cf32aa586085929ee4ddf2e454d7f,student_t_df4,student_t_df5,0.25,0.95,0.5,-40.25150788,-91.93113568,11.42811992,1.1,478.126,1,0,highs,optimal,0,374.6218986,-40.25150788,-145.0757667,False,False,False,solved,0.5925374355,0.5925386746,1.239160409e-06,0.1953801684,WITHIN_NAMED_FAMILY_ONLY; scalar tail dependence is not a cross-family order,CONDITIONAL_ON_CONVERGENCE_AUDIT,0.7962693373,0.2037306627,0,False,0,0.7962693373,0.4077844388,DESCRIPTIVE_ONLY_NOT_WELFARE_OR_EXCLUSION,1,0,395.7270704,82.39892964,0,0.2037306627,,3.410605132e-13,,,,-145.0757667,-40.25150788,3.268496584e-13,False,True,True,False,False,True,False,7.098766019e-12,0,4.547473509e-13,7.82190435e-15,0.02560081796,1,0,0.002,0.002,5.637851297e-18,-375.6523701,-0,-0.02560081796,,,375.6523701,0,0.02560081796,,,0.7962693373,0.2037306627,False,False,0,-0,0,-0,0.2037306627,0.7962693373,False,False,0,-0,0,-0,0,1,True,False,233.7742537,-233.7742537,0,-0
CRR-SIM-FREEZE-2026-07-19,4b5897f5d225af6334e3082ce8d9f065cdd7067f2664f3ef63426b5597055b27,ca4f0b86858a11607abd1c7ff4863214acb59c693318630e5515686ebe037048,ANCHOR-005,anchor,2026071902,10000,ccd24beaef0fa551cc4ad2edea5d37a774a725d2b9efa276c1eae0add851f49a,student_t_df4,student_t_df5,0.25,0.95,0.5,-58.30036204,-105.670912,-10.92981212,1.1,478.126,1,0,highs,optimal,0,376.1670735,-58.30036204,-148.57268,False,False,False,solved,0.6196865901,0.6196877476,1.157476727e-06,0.1953801684,WITHIN_NAMED_FAMILY_ONLY; scalar tail dependence is not a cross-family order,CONDITIONAL_ON_CONVERGENCE_AUDIT,0.8098438738,0.1901561262,0,False,0,0.8098438738,0.3914428947,DESCRIPTIVE_ONLY_NOT_WELFARE_OR_EXCLUSION,1,0,398.3211643,79.80483571,0,0.1901561262,,2.842170943e-13,,,,-148.57268,-58.30036204,3.552713679e-13,False,True,True,False,False,True,False,1.490679802e-11,0,5.115907697e-13,8.238525518e-15,0.02898673473,1,0,0.002,0.002,1.734723476e-18,-377.8570106,-0,-0.02898673473,,,377.8570106,0,0.02898673473,,,0.8098438738,0.1901561262,False,False,0,-0,0,-0,0.1901561262,0.8098438738,False,False,0,-0,0,-0,0,1,True,False,235.304141,-235.304141,0,-0
CRR-SIM-FREEZE-2026-07-19,4b5897f5d225af6334e3082ce8d9f065cdd7067f2664f3ef63426b5597055b27,ca4f0b86858a11607abd1c7ff4863214acb59c693318630e5515686ebe037048,ANCHOR-005,anchor,2026071903,10000,31ed1c0905ca02fc2fa8798c051270ab0d533c7c34d46514d6f0f39791eb9de8,student_t_df4,student_t_df5,0.25,0.95,0.5,-51.00801447,-99.47783661,-2.538192318,1.1,478.126,1,0,highs,optimal,0,376.8859939,-51.00801447,-148.5415324,False,False,False,solved,0.6021464603,0.6021473039,8.436759459e-07,0.1953801684,WITHIN_NAMED_FAMILY_ONLY; scalar tail dependence is not a cross-family order,CONDITIONAL_ON_CONVERGENCE_AUDIT,0.801073652,0.198926348,0,False,0,0.801073652,0.3801925829,DESCRIPTIVE_ONLY_NOT_WELFARE_OR_EXCLUSION,1,0,396.6451749,81.48082511,0,0.198926348,,4.263256415e-13,,,,-148.5415324,-51.00801447,5.115907697e-13,False,True,True,False,False,True,False,2.154809664e-11,0,1.705302566e-13,2.835179774e-14,0.04030465459,1,0,0.002,0.002,1.691355389e-17,-378.9418543,-0,-0.04030465459,,,378.9418543,0,0.04030465459,,,0.801073652,0.198926348,False,False,0,-0,0,-0,0.198926348,0.801073652,False,False,0,-0,0,-0,0,1,True,False,235.2463695,-235.2463695,0,-0
CRR-SIM-FREEZE-2026-07-19,4b5897f5d225af6334e3082ce8d9f065cdd7067f2664f3ef63426b5597055b27,ca4f0b86858a11607abd1c7ff4863214acb59c693318630e5515686ebe037048,ANCHOR-005,anchor,2026071904,10000,85c41527fdd53613a2e9f229db8838e0f96d770fd45c5f1a6ee3be7b704c6005,student_t_df4,student_t_df5,0.25,0.95,0.5,-44.43988279,-96.21772043,7.337954846,1.1,478.126,1,0,highs,optimal,0,373.0393464,-44.43988279,-149.1256615,False,False,False,solved,0.5920842145,0.5920852532,1.038750258e-06,0.1953801684,WITHIN_NAMED_FAMILY_ONLY; scalar tail dependence is not a cross-family order,CONDITIONAL_ON_CONVERGENCE_AUDIT,0.7960426266,0.2039573734,0,False,0,0.7960426266,0.43124195,DESCRIPTIVE_ONLY_NOT_WELFARE_OR_EXCLUSION,1,0,395.6837459,82.44225406,0,0.2039573734,,3.410605132e-13,,,,-149.1256615,-44.43988279,5.400124792e-13,False,True,True,False,False,True,False,2.670319521e-11,0,3.410605132e-13,1.688934074e-14,0.0308696545,1,0,0.002,0.002,4.33680869e-19,-374.4111902,-0,-0.0308696545,,,374.4111902,0,0.0308696545,,,0.7960426266,0.2039573734,False,False,0,-0,0,-0,0.2039573734,0.7960426266,False,False,0,-0,0,-0,0,1,True,False,232.9222405,-232.9222405,0,-0
CRR-SIM-FREEZE-2026-07-19,4b5897f5d225af6334e3082ce8d9f065cdd7067f2664f3ef63426b5597055b27,ca4f0b86858a11607abd1c7ff4863214acb59c693318630e5515686ebe037048,ANCHOR-005,anchor,2026071905,10000,5dab1a4d5981af1bf143f327b6c233e2263e243df6562bd4245ad0fc21a6d11b,student_t_df4,student_t_df5,0.25,0.95,0.5,-44.98462759,-94.99258661,5.02333142,1.1,478.126,1,0,highs,optimal,0,374.081178,-44.98462759,-148.1283357,False,False,False,solved,0.5874515857,0.5874532218,1.636059343e-06,0.1953801684,WITHIN_NAMED_FAMILY_ONLY; scalar tail dependence is not a cross-family order,CONDITIONAL_ON_CONVERGENCE_AUDIT,0.7937266109,0.2062733891,0,False,0,0.7937266109,0.4075770405,DESCRIPTIVE_ONLY_NOT_WELFARE_OR_EXCLUSION,1,3.330669074e-16,395.2411553,82.88484466,0,0.2062733891,,2.486899575e-13,,,,-148.1283357,-44.98462759,2.629008122e-13,False,True,True,False,False,True,False,1.136868377e-13,1.287469751e-15,1.47792889e-12,1.249058956e-13,0.02081271142,1,0,0.002,0.002,6.20926921e-14,-375.0174301,-0,-0.02081271142,,,375.0174301,0,0.02081271142,,,0.7937266109,0.2062733891,False,False,0,-0,0,-0,0.2062733891,0.7937266109,False,False,0,-0,0,-0,0,1,True,False,233.1659278,-233.1659278,0,-0
CRR-SIM-FREEZE-2026-07-19,4b5897f5d225af6334e3082ce8d9f065cdd7067f2664f3ef63426b5597055b27,ca4f0b86858a11607abd1c7ff4863214acb59c693318630e5515686ebe037048,ANCHOR-006,anchor,2026071901,10000,e38b456f0687b2d5799d82279fae492aff62084e04ad3e0af1b64252194db3dc,clayton,student_t_df5,0.5,0.95,0.5,-68.16523852,-81.4742667,-54.85621035,0.7,304.262,1,0,highs,optimal,0,370.9891924,-81.4742667,-165.5557802,True,True,True,solved,-0.3647108462,-0.3647095397,1.306457136e-06,0.7071067812,WITHIN_NAMED_FAMILY_ONLY; scalar tail dependence is not a cross-family order,CONDITIONAL_ON_CONVERGENCE_AUDIT,0.3176452119,0.6823547881,0,False,0,0.3176452119,0.6726494432,DESCRIPTIVE_ONLY_NOT_WELFARE_OR_EXCLUSION,1,0,304.262,0,0,0.3176452119,,13.30902818,,,,-114.8405066,-68.16523852,5.684341886e-14,True,False,True,False,False,True,False,4.263256415e-14,0,0,0,0,,,,0.002,,-361.6876267,-0.03057090819,-0,,,361.6876267,0.03057090819,0,,,0.3176452119,0.6823547881,False,False,0,-0,0,-0,0.6823547881,0.3176452119,False,False,0,-0,0,-0,0,1,True,False,227.9440835,-227.9440835,0,-0
CRR-SIM-FREEZE-2026-07-19,4b5897f5d225af6334e3082ce8d9f065cdd7067f2664f3ef63426b5597055b27,ca4f0b86858a11607abd1c7ff4863214acb59c693318630e5515686ebe037048,ANCHOR-006,anchor,2026071902,10000,185787b9f2af4eb004d3f2d3dddf33f4289f9ce44c0e13e44acd58baae57ebb4,clayton,student_t_df5,0.5,0.95,0.5,-65.63843922,-77.95681213,-53.32006631,0.7,304.262,1,0,highs,optimal,0,372.5348882,-77.95681213,-166.8406083,True,True,True,solved,-0.3647104355,-0.3647095393,8.961724741e-07,0.7071067812,WITHIN_NAMED_FAMILY_ONLY; scalar tail dependence is not a cross-family order,CONDITIONAL_ON_CONVERGENCE_AUDIT,0.3176452119,0.6823547881,0,False,0,0.3176452119,0.6682089077,DESCRIPTIVE_ONLY_NOT_WELFARE_OR_EXCLUSION,1,0,304.262,0,0,0.3176452119,,12.31837291,,,,-117.8223,-65.63843922,5.684341886e-14,True,False,True,False,False,True,False,0,0,0,0,0,,,,0.002,,-358.7300642,-0.04537150227,-0,,,358.7300642,0.04537150227,0,,,0.3176452119,0.6823547881,False,False,0,-0,0,-0,0.6823547881,0.3176452119,False,False,0,-0,0,-0,0,1,True,False,226.4065029,-226.4065029,0,-0
CRR-SIM-FREEZE-2026-07-19,4b5897f5d225af6334e3082ce8d9f065cdd7067f2664f3ef63426b5597055b27,ca4f0b86858a11607abd1c7ff4863214acb59c693318630e5515686ebe037048,ANCHOR-006,anchor,2026071903,10000,923ee0bd1131e63dd4117295278ca4a3286f1efca0fc5ba8f42c5a60ff875682,clayton,student_t_df5,0.5,0.95,0.5,-71.79458577,-85.15321172,-58.43595982,0.7,304.262,1,0,highs,optimal,0,371.5492446,-85.15321172,-169.553394,True,True,True,solved,-0.3647106818,-0.3647095396,1.142222086e-06,0.7071067812,WITHIN_NAMED_FAMILY_ONLY; scalar tail dependence is not a cross-family order,CONDITIONAL_ON_CONVERGENCE_AUDIT,0.3176452119,0.6823547881,0,False,0,0.3176452119,0.6636199805,DESCRIPTIVE_ONLY_NOT_WELFARE_OR_EXCLUSION,1,0,304.262,0,0,0.3176452119,,13.35862595,,,,-118.3451884,-71.79458577,1.136868377e-13,True,False,True,False,False,True,False,1.065814104e-13,0,0,0,0,,,,0.002,,-360.8487413,-0.0351687143,-0,,,360.8487413,0.0351687143,0,,,0.3176452119,0.6823547881,False,False,0,-0,0,-0,0.6823547881,0.3176452119,False,False,0,-0,0,-0,0,1,True,False,226.7891016,-226.7891016,0,-0
CRR-SIM-FREEZE-2026-07-19,4b5897f5d225af6334e3082ce8d9f065cdd7067f2664f3ef63426b5597055b27,ca4f0b86858a11607abd1c7ff4863214acb59c693318630e5515686ebe037048,ANCHOR-006,anchor,2026071904,10000,7ccbd4c32928c2de538ecd9dccc3f95370704e2e229ab41b6fa25f1ff3c868f9,clayton,student_t_df5,0.5,0.95,0.5,-57.60117641,-70.6552957,-44.54705713,0.7,304.262,1,0,highs,optimal,0,371.5945938,-70.6552957,-166.6176163,True,True,True,solved,-0.364711159,-0.3647095399,1.619075994e-06,0.7071067812,WITHIN_NAMED_FAMILY_ONLY; scalar tail dependence is not a cross-family order,CONDITIONAL_ON_CONVERGENCE_AUDIT,0.3176452119,0.6823547881,0,False,0,0.3176452119,0.6868717128,DESCRIPTIVE_ONLY_NOT_WELFARE_OR_EXCLUSION,1,0,304.262,0,0,0.3176452119,,13.05411929,,,,-118.0787692,-57.60117641,7.815970093e-14,True,False,True,False,False,True,False,3.5971226e-14,0,0,0,0,,,,0.002,,-364.1190168,-0.02456953855,-0,,,364.1190168,0.02456953855,0,,,0.3176452119,0.6823547881,False,False,0,-0,0,-0,0.6823547881,0.3176452119,False,False,0,-0,0,-0,0,1,True,False,228.8832672,-228.8832672,0,-0
CRR-SIM-FREEZE-2026-07-19,4b5897f5d225af6334e3082ce8d9f065cdd7067f2664f3ef63426b5597055b27,ca4f0b86858a11607abd1c7ff4863214acb59c693318630e5515686ebe037048,ANCHOR-006,anchor,2026071905,10000,fae291523e672114bb11ad5ca48923f9838a8da4fee28b9935c78888a2c9f1f8,clayton,student_t_df5,0.5,0.95,0.5,-63.23334242,-76.68838855,-49.77829628,0.7,304.262,1,0,highs,optimal,0,371.5230114,-76.68838855,-168.5465113,True,True,True,solved,-0.3647107615,-0.3647095397,1.22188093e-06,0.7071067812,WITHIN_NAMED_FAMILY_ONLY; scalar tail dependence is not a cross-family order,CONDITIONAL_ON_CONVERGENCE_AUDIT,0.3176452119,0.6823547881,0,False,0,0.3176452119,0.682371805,DESCRIPTIVE_ONLY_NOT_WELFARE_OR_EXCLUSION,1,0,304.262,0,0,0.3176452119,,13.45504614,,,,-115.9345277,-63.23334242,1.065814104e-13,True,False,True,False,False,True,False,7.130407376e-14,0,0,0,0,,,,0.002,,-361.5429362,-0.03280092523,-0,,,361.5429362,0.03280092523,0,,,0.3176452119,0.6823547881,False,False,0,-0,0,-0,0.6823547881,0.3176452119,False,False,0,-0,0,-0,0,1,True,False,227.1427357,-227.1427357,0,-0
CRR-SIM-FREEZE-2026-07-19,4b5897f5d225af6334e3082ce8d9f065cdd7067f2664f3ef63426b5597055b27,ca4f0b86858a11607abd1c7ff4863214acb59c693318630e5515686ebe037048,ANCHOR-007,anchor,2026071901,10000,dab09576ee13711147c9d83496ab1ac9ef1edc1e5b4683f29296e691a1c685e8,gaussian,empirical_resample,0,0.99,0.5,-165.0643448,-173.593395,-156.5352946,1.1,478.126,0.35,0,highs,optimal,0,370.3189664,-173.593395,-185.7357474,True,True,True,solved,-0.3000014264,-0.299999984,1.442397747e-06,0,WITHIN_NAMED_FAMILY_ONLY; scalar tail dependence is not a cross-family order,CONDITIONAL_ON_CONVERGENCE_AUDIT,0.35,0.65,0,True,0,0.35,0.0008940467499,DESCRIPTIVE_ONLY_NOT_WELFARE_OR_EXCLUSION,1,0,310.445,167.681,0,0.35,0,8.529050189,True,,,-165.747605,-165.0643448,5.684341886e-14,False,False,True,True,False,True,False,3.552713679e-15,0,0,0,0,,,,0.01,,-368.5015817,-0,-0,-5.192527779,,368.5015817,0,0,5.192527779,,0.35,0.65,False,False,0,-0,0,-0,0.65,0.35,False,False,0,-0,0,-0,0,1,True,False,230.8087122,-230.8087122,0,-0
CRR-SIM-FREEZE-2026-07-19,4b5897f5d225af6334e3082ce8d9f065cdd7067f2664f3ef63426b5597055b27,ca4f0b86858a11607abd1c7ff4863214acb59c693318630e5515686ebe037048,ANCHOR-007,anchor,2026071902,10000,316701f3b6df8d5c334554c15a3843983db352f41be5974d3d8119a89d6157d1,gaussian,empirical_resample,0,0.99,0.5,-163.3183015,-170.6859037,-155.9506994,1.1,478.126,0.35,0,highs,optimal,0,371.0823756,-170.6859037,-181.5160082,True,True,True,solved,-0.3000017243,-0.299999984,1.74027675e-06,0,WITHIN_NAMED_FAMILY_ONLY; scalar tail dependence is not a cross-family order,CONDITIONAL_ON_CONVERGENCE_AUDIT,0.35,0.65,0,True,0,0.35,0.00760599768,DESCRIPTIVE_ONLY_NOT_WELFARE_OR_EXCLUSION,1,0,310.445,167.681,0,0.35,0,7.367602164,True,,,-163.7799613,-163.3183015,0,False,False,True,True,False,True,False,0,0,0,0,0,,,,0.01,,-369.5758864,-0,-0,-4.304254884,,369.5758864,0,0,4.304254884,,0.35,0.65,False,False,0,-0,0,-0,0.65,0.35,False,False,0,-0,0,-0,0,1,True,False,231.6603444,-231.6603444,0,-0
CRR-SIM-FREEZE-2026-07-19,4b5897f5d225af6334e3082ce8d9f065cdd7067f2664f3ef63426b5597055b27,ca4f0b86858a11607abd1c7ff4863214acb59c693318630e5515686ebe037048,ANCHOR-007,anchor,2026071903,10000,d3b9f302b09f5966a3d42bad774cc673e7388d80af756713f409659fc69af1ca,gaussian,empirical_resample,0,0.99,0.5,-164.1914428,-173.1448787,-155.2380068,1.1,478.126,0.35,0,highs,optimal,0,370.7732669,-173.1448787,-184.1855474,True,True,True,solved,-0.3000055012,-0.299999984,5.517175482e-06,0,WITHIN_NAMED_FAMILY_ONLY; scalar tail dependence is not a cross-family order,CONDITIONAL_ON_CONVERGENCE_AUDIT,0.35,0.65,0,True,0,0.35,0.01014852643,DESCRIPTIVE_ONLY_NOT_WELFARE_OR_EXCLUSION,1,0,310.445,167.681,0,0.35,0,8.953435908,True,,,-164.6863894,-164.1914428,2.842170943e-14,False,False,True,True,False,True,False,7.938094626e-15,0,0,0,0,,,,0.01,,-370.3014786,-0,-0,-1.34796672,,370.3014786,0,0,1.34796672,,0.35,0.65,False,False,0,-0,0,-0,0.65,0.35,False,False,0,-0,0,-0,0,1,True,False,232.4223473,-232.4223473,0,-0
CRR-SIM-FREEZE-2026-07-19,4b5897f5d225af6334e3082ce8d9f065cdd7067f2664f3ef63426b5597055b27,ca4f0b86858a11607abd1c7ff4863214acb59c693318630e5515686ebe037048,ANCHOR-007,anchor,2026071904,10000,cdab6d87f9fa508e55949f66b01b37add61e4ffbca4b658179f27df2771f8f50,gaussian,empirical_resample,0,0.99,0.5,-161.0311067,-168.7907973,-153.271416,1.1,478.126,0.35,0,highs,optimal,0,372.9205375,-168.7907973,-179.5611464,True,True,True,solved,-0.3000008798,-0.2999999839,8.959496049e-07,0,WITHIN_NAMED_FAMILY_ONLY; scalar tail dependence is not a cross-family order,CONDITIONAL_ON_CONVERGENCE_AUDIT,0.35,0.65,0,True,0,0.35,0.01945187156,DESCRIPTIVE_ONLY_NOT_WELFARE_OR_EXCLUSION,1,0,310.445,167.681,0,0.35,0,7.759690642,True,,,-161.2948174,-161.0311067,0,False,False,True,True,False,True,False,0,0,0,0,0,,,,0.01,,-369.9535983,-0,-0,-8.476969261,,369.9535983,0,0,8.476969261,,0.35,0.65,False,False,0,-0,0,-0,0.65,0.35,False,False,0,-0,0,-0,0,1,True,False,231.5475819,-231.5475819,0,-0
CRR-SIM-FREEZE-2026-07-19,4b5897f5d225af6334e3082ce8d9f065cdd7067f2664f3ef63426b5597055b27,ca4f0b86858a11607abd1c7ff4863214acb59c693318630e5515686ebe037048,ANCHOR-007,anchor,2026071905,10000,81d8ef22f5b0529d8fe885ef237e36f87610ba612029e1df832040c662604b7f,gaussian,empirical_resample,0,0.99,0.5,-164.1360519,-171.5963696,-156.6757342,1.1,478.126,0.35,0,highs,optimal,0,371.5308201,-171.5963696,-182.9008895,True,True,True,solved,-0.3000014459,-0.2999999841,1.461876807e-06,0,WITHIN_NAMED_FAMILY_ONLY; scalar tail dependence is not a cross-family order,CONDITIONAL_ON_CONVERGENCE_AUDIT,0.35,0.65,0,True,0,0.35,0.001148953121,DESCRIPTIVE_ONLY_NOT_WELFARE_OR_EXCLUSION,1,0,310.445,167.681,0,0.35,0,7.460317696,True,,,-164.7919623,-164.1360519,2.842170943e-14,False,False,True,True,False,True,False,0,0,0,0,0,,,,0.01,,-369.7321769,-0,-0,-5.138980586,,369.7321769,0,0,5.138980586,,0.35,0.65,False,False,0,-0,0,-0,0.65,0.35,False,False,0,-0,0,-0,0,1,True,False,233.01027,-233.01027,0,-0
CRR-SIM-FREEZE-2026-07-19,4b5897f5d225af6334e3082ce8d9f065cdd7067f2664f3ef63426b5597055b27,ca4f0b86858a11607abd1c7ff4863214acb59c693318630e5515686ebe037048,ANCHOR-008,anchor,2026071901,10000,07f0312bc490bea177247913a2ee68e2bb286eb88791989ab84b634abf8a3036,student_t_df4,empirical_resample,0.25,0.99,0.5,-124.3832155,-137.4007044,-111.3657266,1.1,478.126,1,0.15,highs,optimal,0,338.8106001,-124.3832155,-130.7819782,False,False,False,solved,0.4881808515,0.4881821617,1.310268005e-06,0.1953801684,WITHIN_NAMED_FAMILY_ONLY; scalar tail dependence is not a cross-family order,CONDITIONAL_ON_CONVERGENCE_AUDIT,0.6690910809,0.1809089191,0.15,False,0,0.6690910809,0.3677994356,DESCRIPTIVE_ONLY_NOT_WELFARE_OR_EXCLUSION,1,0,358.0073056,120.1186944,0.15,0.3309089191,,1.278976924e-13,,0,True,-130.7819782,-124.3832155,1.278976924e-13,False,True,True,False,True,False,False,2.842170943e-14,0,1.705302566e-13,6.247006446e-15,0.08791879969,1,0,0.01,0.01,0,-386.0289543,-0,-0.08791879969,,-241.8848742,386.0289543,0,0.08791879969,,241.8848742,0.6690910809,0.3309089191,False,False,0,-0,0,-0,0.1809089191,0.8190910809,False,False,0,-0,0,-0,0.15,0.85,False,False,0,-0,0,-0
CRR-SIM-FREEZE-2026-07-19,4b5897f5d225af6334e3082ce8d9f065cdd7067f2664f3ef63426b5597055b27,ca4f0b86858a11607abd1c7ff4863214acb59c693318630e5515686ebe037048,ANCHOR-008,anchor,2026071902,10000,02ced6f992e83eb9afe092650deb3644dc59e848b65dfa1071f9b59318d36d60,student_t_df4,empirical_resample,0.25,0.99,0.5,-125.5473465,-138.8142575,-112.2804355,1.1,478.126,1,0.15,highs,optimal,0,338.9892312,-125.5473465,-132.0103682,False,False,False,solved,0.4926993804,0.4927008187,1.438366815e-06,0.1953801684,WITHIN_NAMED_FAMILY_ONLY; scalar tail dependence is not a cross-family order,CONDITIONAL_ON_CONVERGENCE_AUDIT,0.6713504094,0.1786495906,0.15,False,0,0.6713504094,0.3645652512,DESCRIPTIVE_ONLY_NOT_WELFARE_OR_EXCLUSION,1,0,358.4390632,119.6869368,0.15,0.3286495906,,1.278976924e-13,,0,True,-132.0103682,-125.5473465,1.278976924e-13,False,True,True,False,True,False,False,2.842170943e-14,0,2.842170943e-13,1.363112507e-14,0.07993376276,1,0,0.01,0.01,0,-385.2151574,-0,-0.07993376276,,-241.2696962,385.2151574,0,0.07993376276,,241.2696962,0.6713504094,0.3286495906,False,False,0,-0,0,-0,0.1786495906,0.8213504094,False,False,0,-0,0,-0,0.15,0.85,False,False,0,-0,0,-0
CRR-SIM-FREEZE-2026-07-19,4b5897f5d225af6334e3082ce8d9f065cdd7067f2664f3ef63426b5597055b27,ca4f0b86858a11607abd1c7ff4863214acb59c693318630e5515686ebe037048,ANCHOR-008,anchor,2026071903,10000,a2188a2c5c07e727049fee6520c8a3ffb975d6cad0e037164301f4156246bdd7,student_t_df4,empirical_resample,0.25,0.99,0.5,-125.0054545,-138.1740642,-111.8368448,1.1,478.126,1,0.15,highs,optimal,0,340.3440258,-125.0054545,-131.0382673,False,False,False,solved,0.4863427705,0.4863436169,8.463936851e-07,0.1953801684,WITHIN_NAMED_FAMILY_ONLY; scalar tail dependence is not a cross-family order,CONDITIONAL_ON_CONVERGENCE_AUDIT,0.6681718085,0.1818281915,0.15,False,0,0.6681718085,0.3546478733,DESCRIPTIVE_ONLY_NOT_WELFARE_OR_EXCLUSION,1,0,357.8316326,120.2943674,0.15,0.3318281915,,1.847411113e-13,,0,True,-131.0382673,-125.0054545,1.847411113e-13,False,True,True,False,True,False,False,2.842170943e-14,0,3.97903932e-13,1.551750038e-14,0.1364933768,1,0,0.01,0.01,0,-394.3689968,-0,-0.1364933768,,-246.4170293,394.3689968,0,0.1364933768,,246.4170293,0.6681718085,0.3318281915,False,False,0,-0,0,-0,0.1818281915,0.8181718085,False,False,0,-0,0,-0,0.15,0.85,False,False,0,-0,0,-0
CRR-SIM-FREEZE-2026-07-19,4b5897f5d225af6334e3082ce8d9f065cdd7067f2664f3ef63426b5597055b27,ca4f0b86858a11607abd1c7ff4863214acb59c693318630e5515686ebe037048,ANCHOR-008,anchor,2026071904,10000,0f71870e7b2976052d84dc86c1996692ab76bb0933b496ab54ef87b63aaec979,student_t_df4,empirical_resample,0.25,0.99,0.5,-124.9422034,-138.2929893,-111.5914175,1.1,478.126,1,0.15,highs,optimal,0,336.6825058,-124.9422034,-129.9867945,False,False,False,solved,0.4802906443,0.4802916949,1.050586913e-06,0.1953801684,WITHIN_NAMED_FAMILY_ONLY; scalar tail dependence is not a cross-family order,CONDITIONAL_ON_CONVERGENCE_AUDIT,0.6651458474,0.1848541526,0.15,False,0,0.6651458474,0.3655255476,DESCRIPTIVE_ONLY_NOT_WELFARE_OR_EXCLUSION,1,0,357.2533714,120.8726286,0.15,0.3348541526,,2.273736754e-13,,0,True,-129.9867945,-124.9422034,2.273736754e-13,False,True,True,False,True,False,False,2.842170943e-14,0,2.273736754e-13,3.06492044e-14,0.1027021916,1,0,0.01,0.01,0,-385.7992134,-0,-0.1027021916,,-241.8991298,385.7992134,0,0.1027021916,,241.8991298,0.6651458474,0.3348541526,False,False,0,-0,0,-0,0.1848541526,0.8151458474,False,False,0,-0,0,-0,0.15,0.85,False,False,0,-0,0,-0
CRR-SIM-FREEZE-2026-07-19,4b5897f5d225af6334e3082ce8d9f065cdd7067f2664f3ef63426b5597055b27,ca4f0b86858a11607abd1c7ff4863214acb59c693318630e5515686ebe037048,ANCHOR-008,anchor,2026071905,10000,640fceabc76fc4c5f69d58ed2459300bd456f3d4119b8db9fead4012412a97bc,student_t_df4,empirical_resample,0.25,0.99,0.5,-124.2829394,-137.3197969,-111.2460819,1.1,478.126,1,0.15,highs,optimal,0,338.1458725,-124.2829394,-129.9175248,False,False,False,solved,0.4738670738,0.4738686171,1.543366077e-06,0.1953801684,WITHIN_NAMED_FAMILY_ONLY; scalar tail dependence is not a cross-family order,CONDITIONAL_ON_CONVERGENCE_AUDIT,0.6619343086,0.1880656914,0.15,False,0,0.6619343086,0.3765376214,DESCRIPTIVE_ONLY_NOT_WELFARE_OR_EXCLUSION,1,0,356.6396464,121.4863536,0.15,0.3380656914,,1.421085472e-13,,0,True,-129.9175248,-124.2829394,1.421085472e-13,False,True,True,False,True,False,False,2.842170943e-14,0,2.842170943e-13,1.328760456e-14,0.07192554201,1,0,0.01,0.01,0,-383.0848044,-0,-0.07192554201,,-239.9987611,383.0848044,0,0.07192554201,,239.9987611,0.6619343086,0.3380656914,False,False,0,-0,0,-0,0.1880656914,0.8119343086,False,False,0,-0,0,-0,0.15,0.85,False,False,0,-0,0,-0
CRR-SIM-FREEZE-2026-07-19,4b5897f5d225af6334e3082ce8d9f065cdd7067f2664f3ef63426b5597055b27,ca4f0b86858a11607abd1c7ff4863214acb59c693318630e5515686ebe037048,ANCHOR-009,anchor,2026071901,10000,30911d315b359ac03243e7667c131b50bbced989a746a5191f60f3996b2a84fb,clayton,empirical_resample,0.5,0.99,0.1,-131.6117914,-132.9440501,-119.6214632,1.1,478.126,1,0,highs,optimal,0,372.4720017,-131.6117914,-134.1795689,False,False,False,solved,0.5722948364,0.5722963063,1.469929571e-06,0.7071067812,WITHIN_NAMED_FAMILY_ONLY; scalar tail dependence is not a cross-family order,CONDITIONAL_ON_CONVERGENCE_AUDIT,0.7861481531,0.2138518469,0,False,0,0.7861481531,0.6414024803,DESCRIPTIVE_ONLY_NOT_WELFARE_OR_EXCLUSION,1,0,393.7929121,84.33308793,0,0.2138518469,,5.684341886e-14,,,,-134.1795689,-131.6117914,5.684341886e-14,False,True,True,False,False,True,False,5.703215677e-13,0,1.136868377e-13,1.12886665e-15,0.09117172699,1,0,0.01,0.01,5.377642776e-17,-384.471276,-0,-0.09117172699,,,384.471276,0,0.09117172699,,,0.7861481531,0.2138518469,False,False,0,-0,0,-0,0.2138518469,0.7861481531,False,False,0,-0,0,-0,0,1,True,False,242.0164621,-242.0164621,0,-0
CRR-SIM-FREEZE-2026-07-19,4b5897f5d225af6334e3082ce8d9f065cdd7067f2664f3ef63426b5597055b27,ca4f0b86858a11607abd1c7ff4863214acb59c693318630e5515686ebe037048,ANCHOR-009,anchor,2026071902,10000,bbf8d98e4fb80362e13ae8a46b429ca750901306287776f83026c9b06012d5d0,clayton,empirical_resample,0.5,0.99,0.1,-131.4118699,-132.718133,-119.6555017,1.1,478.126,1,0,highs,optimal,0,375.551196,-131.4118699,-133.8304277,False,False,False,solved,0.5762640265,0.57626503,1.003503905e-06,0.7071067812,WITHIN_NAMED_FAMILY_ONLY; scalar tail dependence is not a cross-family order,CONDITIONAL_ON_CONVERGENCE_AUDIT,0.788132515,0.211867485,0,False,0,0.788132515,0.6442222755,DESCRIPTIVE_ONLY_NOT_WELFARE_OR_EXCLUSION,1,0,394.1721236,83.95387638,0,0.211867485,,8.526512829e-14,,,,-133.8304277,-131.4118699,1.136868377e-13,False,True,True,False,False,True,False,9.383049893e-13,0,1.705302566e-13,3.103794493e-14,0.1365063254,1,0,0.01,0.01,4.683753385e-17,-393.4897474,-0,-0.1365063254,,,393.4897474,0,0.1365063254,,,0.788132515,0.211867485,False,False,0,-0,0,-0,0.211867485,0.788132515,False,False,0,-0,0,-0,0,1,True,False,247.6732213,-247.6732213,0,-0
CRR-SIM-FREEZE-2026-07-19,4b5897f5d225af6334e3082ce8d9f065cdd7067f2664f3ef63426b5597055b27,ca4f0b86858a11607abd1c7ff4863214acb59c693318630e5515686ebe037048,ANCHOR-009,anchor,2026071903,10000,a6a5d5e9aab59094adcc97731df8cc726d3c38bdd5b2ff54cfcea19b176fb364,clayton,empirical_resample,0.5,0.99,0.1,-131.4443321,-132.7655139,-119.5536962,1.1,478.126,1,0,highs,optimal,0,373.8052572,-131.4443321,-134.0079476,False,False,False,solved,0.5718217115,0.5718228817,1.170153511e-06,0.7071067812,WITHIN_NAMED_FAMILY_ONLY; scalar tail dependence is not a cross-family order,CONDITIONAL_ON_CONVERGENCE_AUDIT,0.7859114408,0.2140885592,0,False,0,0.7859114408,0.6314479757,DESCRIPTIVE_ONLY_NOT_WELFARE_OR_EXCLUSION,1,0,393.7476763,84.37832366,0,0.2140885592,,8.526512829e-14,,,,-134.0079476,-131.4443321,1.705302566e-13,False,True,True,False,False,True,False,2.031050675e-12,0,1.452830911e-17,9.861305885e-15,0.1156546185,1,0,0.01,0.01,5.03069808e-17,-389.0074013,-0,-0.1156546185,,,389.0074013,0,0.1156546185,,,0.7859114408,0.2140885592,False,False,0,-0,0,-0,0.2140885592,0.7859114408,False,False,0,-0,0,-0,0,1,True,False,244.2437994,-244.2437994,0,-0
CRR-SIM-FREEZE-2026-07-19,4b5897f5d225af6334e3082ce8d9f065cdd7067f2664f3ef63426b5597055b27,ca4f0b86858a11607abd1c7ff4863214acb59c693318630e5515686ebe037048,ANCHOR-009,anchor,2026071904,10000,ca7e18cd5cbe9a4bc63a42cb26ea22a17712ce73c6ec307fa7bf3d7c9d466a03,clayton,empirical_resample,0.5,0.99,0.1,-130.9795638,-132.3101245,-119.0045173,1.1,478.126,1,0,highs,optimal,0,373.3164115,-130.9795638,-133.4857145,False,False,False,solved,0.5701362915,0.5701380378,1.746302791e-06,0.7071067812,WITHIN_NAMED_FAMILY_ONLY; scalar tail dependence is not a cross-family order,CONDITIONAL_ON_CONVERGENCE_AUDIT,0.7850690189,0.2149309811,0,False,0,0.7850690189,0.6378682405,DESCRIPTIVE_ONLY_NOT_WELFARE_OR_EXCLUSION,1,0,393.5866895,84.53931049,0,0.2149309811,,1.421085472e-13,,,,-133.4857145,-130.9795638,1.421085472e-13,False,True,True,False,False,True,False,2.058353488e-13,0,2.273736754e-13,1.76031835e-14,0.07741961976,1,0,0.01,0.01,5.204170428e-17,-383.4567995,-0,-0.07741961976,,,383.4567995,0,0.07741961976,,,0.7850690189,0.2149309811,False,False,0,-0,0,-0,0.2149309811,0.7850690189,False,False,0,-0,0,-0,0,1,True,False,241.2277136,-241.2277136,0,-0
CRR-SIM-FREEZE-2026-07-19,4b5897f5d225af6334e3082ce8d9f065cdd7067f2664f3ef63426b5597055b27,ca4f0b86858a11607abd1c7ff4863214acb59c693318630e5515686ebe037048,ANCHOR-009,anchor,2026071905,10000,a16fd8614737ebbdf0c682bf927e27fcb848c80ec4b87cea006c3a4fc9cac319,clayton,empirical_resample,0.5,0.99,0.1,-131.2110193,-132.5493597,-119.165955,1.1,478.126,1,0,highs,optimal,0,373.7836239,-131.2110193,-133.7474046,False,False,False,solved,0.5705276983,0.5705289812,1.282940226e-06,0.7071067812,WITHIN_NAMED_FAMILY_ONLY; scalar tail dependence is not a cross-family order,CONDITIONAL_ON_CONVERGENCE_AUDIT,0.7852644906,0.2147355094,0,False,0,0.7852644906,0.6430459829,DESCRIPTIVE_ONLY_NOT_WELFARE_OR_EXCLUSION,1,0,393.6240442,84.50195585,0,0.2147355094,,1.705302566e-13,,,,-133.7474046,-131.2110193,1.421085472e-13,False,True,True,False,False,True,False,3.226863221e-13,0,2.273736754e-13,1.790576838e-14,0.1050005362,1,0,0.01,0.01,4.683753385e-17,-387.5608513,-0,-0.1050005362,,,387.5608513,0,0.1050005362,,,0.7852644906,0.2147355094,False,False,0,-0,0,-0,0.2147355094,0.7852644906,False,False,0,-0,0,-0,0,1,True,False,243.0373262,-243.0373262,0,-0
CRR-SIM-FREEZE-2026-07-19,4b5897f5d225af6334e3082ce8d9f065cdd7067f2664f3ef63426b5597055b27,ca4f0b86858a11607abd1c7ff4863214acb59c693318630e5515686ebe037048,ANCHOR-010,anchor,2026071901,10000,2271f9871ae5e789c05aa623caacccee33351e43b9ce61b5734b087f5ad112e4,gaussian,gaussian,0,0.9,0.1,-200.1138406,-202.1689661,-181.6177106,0.7,304.262,1,0,highs,optimal,0,370.8162052,-202.1689661,-245.6421393,True,True,True,solved,-0.3647107276,-0.3647095396,1.187920708e-06,0,WITHIN_NAMED_FAMILY_ONLY; scalar tail dependence is not a cross-family order,CONDITIONAL_ON_CONVERGENCE_AUDIT,0.3176452119,0.6823547881,0,True,0,0.3176452119,0.003056569075,DESCRIPTIVE_ONLY_NOT_WELFARE_OR_EXCLUSION,1,0,304.262,0,0,0.3176452119,,2.055125558,,,,-230.4226148,-200.1138406,5.684341886e-14,True,False,True,False,False,True,False,3.910760604e-14,0,0,0,0,,,,0.001,,-360.5610652,-0.03370496504,-0,,,360.5610652,0.03370496504,0,,,0.3176452119,0.6823547881,False,False,0,-0,0,-0,0.6823547881,0.3176452119,False,False,0,-0,0,-0,0,1,True,False,226.7603055,-226.7603055,0,-0
CRR-SIM-FREEZE-2026-07-19,4b5897f5d225af6334e3082ce8d9f065cdd7067f2664f3ef63426b5597055b27,ca4f0b86858a11607abd1c7ff4863214acb59c693318630e5515686ebe037048,ANCHOR-010,anchor,2026071902,10000,844b683ffaa1037d61047ede1893249901b8c1c76095a7f12a17b9000140fd4c,gaussian,gaussian,0,0.9,0.1,-200.0474584,-201.8758532,-183.591905,0.7,304.262,1,0,highs,optimal,0,371.07792,-201.8758532,-247.8075261,True,True,True,solved,-0.3647109641,-0.3647095398,1.424268844e-06,0,WITHIN_NAMED_FAMILY_ONLY; scalar tail dependence is not a cross-family order,CONDITIONAL_ON_CONVERGENCE_AUDIT,0.3176452119,0.6823547881,0,True,0,0.3176452119,0.005590503776,DESCRIPTIVE_ONLY_NOT_WELFARE_OR_EXCLUSION,1,0,304.262,0,0,0.3176452119,,1.828394823,,,,-233.418812,-200.0474584,2.273736754e-13,True,False,True,False,False,True,False,9.947598301e-14,0,0,0,0,,,,0.001,,-362.5643869,-0.02798092794,-0,,,362.5643869,0.02798092794,0,,,0.3176452119,0.6823547881,False,False,0,-0,0,-0,0.6823547881,0.3176452119,False,False,0,-0,0,-0,0,1,True,False,227.8839367,-227.8839367,0,-0
CRR-SIM-FREEZE-2026-07-19,4b5897f5d225af6334e3082ce8d9f065cdd7067f2664f3ef63426b5597055b27,ca4f0b86858a11607abd1c7ff4863214acb59c693318630e5515686ebe037048,ANCHOR-010,anchor,2026071903,10000,fa222af00ed417226ec787c3be9631716a10e2be4b49315ebfdbed914d470fa3,gaussian,gaussian,0,0.9,0.1,-200.3626693,-202.3439555,-182.5310935,0.7,304.262,1,0,highs,optimal,0,371.7061593,-202.3439555,-245.8188122,True,True,True,solved,-0.3647128114,-0.3647095403,3.271094001e-06,0,WITHIN_NAMED_FAMILY_ONLY; scalar tail dependence is not a cross-family order,CONDITIONAL_ON_CONVERGENCE_AUDIT,0.3176452119,0.6823547881,0,True,0,0.3176452119,0.005451855713,DESCRIPTIVE_ONLY_NOT_WELFARE_OR_EXCLUSION,1,0,304.262,0,0,0.3176452119,,1.981286198,,,,-231.2914276,-200.3626693,1.421085472e-13,True,False,True,False,False,True,False,0,0,0,0,0,,,,0.001,,-368.0476108,-0.01202433585,-0,,,368.0476108,0.01202433585,0,,,0.3176452119,0.6823547881,False,False,0,-0,0,-0,0.6823547881,0.3176452119,False,False,0,-0,0,-0,0,1,True,False,230.517168,-230.517168,0,-0
CRR-SIM-FREEZE-2026-07-19,4b5897f5d225af6334e3082ce8d9f065cdd7067f2664f3ef63426b5597055b27,ca4f0b86858a11607abd1c7ff4863214acb59c693318630e5515686ebe037048,ANCHOR-010,anchor,2026071904,10000,5a382db751523e1757e65aa2a6ffd722728baf241ca30008400907363472dec7,gaussian,gaussian,0,0.9,0.1,-201.7508337,-203.8911518,-182.487971,0.7,304.262,1,0,highs,optimal,0,373.1948897,-203.8911518,-249.1098493,True,True,True,solved,-0.3647103675,-0.3647095392,8.283258549e-07,0,WITHIN_NAMED_FAMILY_ONLY; scalar tail dependence is not a cross-family order,CONDITIONAL_ON_CONVERGENCE_AUDIT,0.3176452119,0.6823547881,0,True,0,0.3176452119,0.02017574742,DESCRIPTIVE_ONLY_NOT_WELFARE_OR_EXCLUSION,1,0,304.262,0,0,0.3176452119,,2.140318077,,,,-234.2254165,-201.7508337,8.526512829e-14,True,False,True,False,False,True,False,7.438494265e-15,0,0,0,0,,,,0.001,,-358.1778115,-0.0493557468,-0,,,358.1778115,0.0493557468,0,,,0.3176452119,0.6823547881,False,False,0,-0,0,-0,0.6823547881,0.3176452119,False,False,0,-0,0,-0,0,1,True,False,225.9660843,-225.9660843,0,-0
CRR-SIM-FREEZE-2026-07-19,4b5897f5d225af6334e3082ce8d9f065cdd7067f2664f3ef63426b5597055b27,ca4f0b86858a11607abd1c7ff4863214acb59c693318630e5515686ebe037048,ANCHOR-010,anchor,2026071905,10000,e6a80ae65369d84e2e3c4dec1866c7f6ac78d9719f2116f2753c06be0248827c,gaussian,gaussian,0,0.9,0.1,-201.9762601,-204.1007291,-182.8560385,0.7,304.262,1,0,highs,optimal,0,371.8429911,-204.1007291,-249.7962345,True,True,True,solved,-0.3647109201,-0.3647095398,1.380356432e-06,0,WITHIN_NAMED_FAMILY_ONLY; scalar tail dependence is not a cross-family order,CONDITIONAL_ON_CONVERGENCE_AUDIT,0.3176452119,0.6823547881,0,True,0,0.3176452119,0.003322304762,DESCRIPTIVE_ONLY_NOT_WELFARE_OR_EXCLUSION,1,0,304.262,0,0,0.3176452119,,2.124469066,,,,-234.6422103,-201.9762601,-2.842170943e-14,True,False,True,False,False,True,False,1.421085472e-13,0,0,0,0,,,,0.001,,-363.0329935,-0.02895530044,-0,,,363.0329935,0.02895530044,0,,,0.3176452119,0.6823547881,False,False,0,-0,0,-0,0.6823547881,0.3176452119,False,False,0,-0,0,-0,0,1,True,False,229.6112844,-229.6112844,0,-0
CRR-SIM-FREEZE-2026-07-19,4b5897f5d225af6334e3082ce8d9f065cdd7067f2664f3ef63426b5597055b27,ca4f0b86858a11607abd1c7ff4863214acb59c693318630e5515686ebe037048,ANCHOR-011,anchor,2026071901,10000,52a34713240d9b78b390ecd006dadb8a6b2ba1115d35273d891ce87e567ab1e4,student_t_df4,gaussian,0.25,0.9,0.1,-166.436971,-168.9410251,-143.9004843,1.1,478.126,0.35,0,highs,optimal,0,372.2036388,-168.9410251,-229.1011959,True,True,True,solved,-0.3000012754,-0.2999999838,1.291575484e-06,0.1953801684,WITHIN_NAMED_FAMILY_ONLY; scalar tail dependence is not a cross-family order,CONDITIONAL_ON_CONVERGENCE_AUDIT,0.35,0.65,0,False,0,0.35,0.3852692168,DESCRIPTIVE_ONLY_NOT_WELFARE_OR_EXCLUSION,1,0,310.445,167.681,0,0.35,0,2.504054078,True,,,-208.9451927,-166.436971,-2.557953849e-13,False,False,True,True,False,True,False,1.705302566e-13,0,0,0,0,,,,0.001,,-370.1608399,-0,-0,-5.836568349,,370.1608399,0,0,5.836568349,,0.35,0.65,False,False,0,-0,0,-0,0.65,0.35,False,False,0,-0,0,-0,0,1,True,False,230.3808074,-230.3808074,0,-0
CRR-SIM-FREEZE-2026-07-19,4b5897f5d225af6334e3082ce8d9f065cdd7067f2664f3ef63426b5597055b27,ca4f0b86858a11607abd1c7ff4863214acb59c693318630e5515686ebe037048,ANCHOR-011,anchor,2026071902,10000,4712405cbbb0ee462aae1df05a8bb80d2ada23786c6aa81480d92a513a428c33,student_t_df4,gaussian,0.25,0.9,0.1,-170.9730687,-173.4723911,-148.4791674,1.1,478.126,0.35,0,highs,optimal,0,373.0135173,-173.4723911,-232.1743579,True,True,True,solved,-0.3000012218,-0.2999999838,1.237924133e-06,0.1953801684,WITHIN_NAMED_FAMILY_ONLY; scalar tail dependence is not a cross-family order,CONDITIONAL_ON_CONVERGENCE_AUDIT,0.35,0.65,0,False,0,0.35,0.3855469385,DESCRIPTIVE_ONLY_NOT_WELFARE_OR_EXCLUSION,1,0,310.445,167.681,0,0.35,0,2.499322366,True,,,-212.5495296,-170.9730687,-1.421085472e-13,False,False,True,True,False,True,False,5.115907697e-13,0,0,0,0,,,,0.001,,-370.8763689,-0,-0,-6.106138176,,370.8763689,0,0,6.106138176,,0.35,0.65,False,False,0,-0,0,-0,0.65,0.35,False,False,0,-0,0,-0,0,1,True,False,230.8478894,-230.8478894,0,-0
CRR-SIM-FREEZE-2026-07-19,4b5897f5d225af6334e3082ce8d9f065cdd7067f2664f3ef63426b5597055b27,ca4f0b86858a11607abd1c7ff4863214acb59c693318630e5515686ebe037048,ANCHOR-011,anchor,2026071903,10000,5fa01bc85f3dd6f78d0bbc90cfd1841b62317aa523a1f71edebac27a2d779119,student_t_df4,gaussian,0.25,0.9,0.1,-169.7095373,-172.2319087,-147.0081949,1.1,478.126,0.35,0,highs,optimal,0,373.0830472,-172.2319087,-230.3132028,True,True,True,solved,-0.300000826,-0.2999999838,8.422906347e-07,0.1953801684,WITHIN_NAMED_FAMILY_ONLY; scalar tail dependence is not a cross-family order,CONDITIONAL_ON_CONVERGENCE_AUDIT,0.35,0.65,0,False,0,0.35,0.3716967387,DESCRIPTIVE_ONLY_NOT_WELFARE_OR_EXCLUSION,1,0,310.445,167.681,0,0.35,0,2.522371381,True,,,-211.1448004,-169.7095373,1.98951966e-13,False,False,True,True,False,True,False,0,0,0,0,0,,,,0.001,,-369.9214822,-0,-0,-9.033042705,,369.9214822,0,0,9.033042705,,0.35,0.65,False,False,0,-0,0,-0,0.65,0.35,False,False,0,-0,0,-0,0,1,True,False,229.5905278,-229.5905278,0,-0
CRR-SIM-FREEZE-2026-07-19,4b5897f5d225af6334e3082ce8d9f065cdd7067f2664f3ef63426b5597055b27,ca4f0b86858a11607abd1c7ff4863214acb59c693318630e5515686ebe037048,ANCHOR-011,anchor,2026071904,10000,bc46a48491d84ea6330c99bed92b6ccf898a92e9c4b59e56e7fc1d89d8c7993c,student_t_df4,gaussian,0.25,0.9,0.1,-166.1145145,-168.4698639,-144.9163699,1.1,478.126,0.35,0,highs,optimal,0,369.4468504,-168.4698639,-228.7828023,True,True,True,solved,-0.3000010216,-0.2999999838,1.037802417e-06,0.1953801684,WITHIN_NAMED_FAMILY_ONLY; scalar tail dependence is not a cross-family order,CONDITIONAL_ON_CONVERGENCE_AUDIT,0.35,0.65,0,False,0,0.35,0.3815843965,DESCRIPTIVE_ONLY_NOT_WELFARE_OR_EXCLUSION,1,0,310.445,167.681,0,0.35,0,2.355349402,True,,,-209.4996748,-166.1145145,2.557953849e-13,False,False,True,True,False,True,False,3.552713679e-15,0,0,0,0,,,,0.001,,-366.9154479,-0,-0,-7.232578701,,366.9154479,0,0,7.232578701,,0.35,0.65,False,False,0,-0,0,-0,0.65,0.35,False,False,0,-0,0,-0,0,1,True,False,228.2816327,-228.2816327,0,-0
CRR-SIM-FREEZE-2026-07-19,4b5897f5d225af6334e3082ce8d9f065cdd7067f2664f3ef63426b5597055b27,ca4f0b86858a11607abd1c7ff4863214acb59c693318630e5515686ebe037048,ANCHOR-011,anchor,2026071905,10000,b56cb9cb36d466c568409bb04066a003b7edbd77d0e985159b52d8cbd1b0b77a,student_t_df4,gaussian,0.25,0.9,0.1,-169.0279229,-171.5991244,-145.8871097,1.1,478.126,0.35,0,highs,optimal,0,372.0367511,-171.5991244,-230.3149868,True,True,True,solved,-0.3000016153,-0.2999999838,1.631451637e-06,0.1953801684,WITHIN_NAMED_FAMILY_ONLY; scalar tail dependence is not a cross-family order,CONDITIONAL_ON_CONVERGENCE_AUDIT,0.35,0.65,0,False,0,0.35,0.3977738951,DESCRIPTIVE_ONLY_NOT_WELFARE_OR_EXCLUSION,1,0,310.445,167.681,0,0.35,0,2.571201462,True,,,-212.1593641,-169.0279229,4.263256415e-13,False,False,True,True,False,True,False,1.421085472e-14,0,0,0,0,,,,0.001,,-370.4245079,-0,-0,-4.606409098,,370.4245079,0,0,4.606409098,,0.35,0.65,False,False,0,-0,0,-0,0.65,0.35,False,False,0,-0,0,-0,0,1,True,False,230.3474635,-230.3474635,0,-0
CRR-SIM-FREEZE-2026-07-19,4b5897f5d225af6334e3082ce8d9f065cdd7067f2664f3ef63426b5597055b27,ca4f0b86858a11607abd1c7ff4863214acb59c693318630e5515686ebe037048,ANCHOR-012,anchor,2026071901,10000,4079b3cdaefc02a383f1c47ac9a18998fa2b350d6d88584e236cea1df9a8ca61,clayton,gaussian,0.5,0.9,0.1,-109.6949739,-113.6062783,-74.49323461,1.1,478.126,1,0.15,highs,optimal,0,337.2876157,-109.6949739,-172.4587559,False,False,False,solved,0.1137239633,0.1137251055,1.142153107e-06,0.7071067812,WITHIN_NAMED_FAMILY_ONLY; scalar tail dependence is not a cross-family order,CONDITIONAL_ON_CONVERGENCE_AUDIT,0.4818625527,0.3681374473,0.15,False,0,0.4818625527,0.6901303538,DESCRIPTIVE_ONLY_NOT_WELFARE_OR_EXCLUSION,1,0,322.2279338,155.8980662,0.15,0.5181374473,,-2.557953849e-13,,0,True,-172.4587559,-109.6949739,-2.700062396e-13,False,True,True,False,True,False,False,3.97903932e-13,0,8.526512829e-13,2.690019191e-14,0.06760474009,1,0,0.001,0.001,0,-380.6142631,-0,-0.06760474009,,-239.4049811,380.6142631,0,0.06760474009,,239.4049811,0.4818625527,0.5181374473,False,False,0,-0,0,-0,0.3681374473,0.6318625527,False,False,0,-0,0,-0,0.15,0.85,False,False,0,-0,0,-0
CRR-SIM-FREEZE-2026-07-19,4b5897f5d225af6334e3082ce8d9f065cdd7067f2664f3ef63426b5597055b27,ca4f0b86858a11607abd1c7ff4863214acb59c693318630e5515686ebe037048,ANCHOR-012,anchor,2026071902,10000,24d8c527e688f5c0959c81d371f5888acd6ebb0665b0f75bd8976531701c7a82,clayton,gaussian,0.5,0.9,0.1,-111.2765581,-114.959174,-78.13301492,1.1,478.126,1,0.15,highs,optimal,0,339.490994,-111.2765581,-177.5320209,False,False,False,solved,0.1141413873,0.1141421524,7.650411156e-07,0.7071067812,WITHIN_NAMED_FAMILY_ONLY; scalar tail dependence is not a cross-family order,CONDITIONAL_ON_CONVERGENCE_AUDIT,0.4820710762,0.3679289238,0.15,False,0,0.4820710762,0.6902231106,DESCRIPTIVE_ONLY_NOT_WELFARE_OR_EXCLUSION,1,1.110223025e-16,322.2677827,155.8582173,0.15,0.5179289238,,-5.684341886e-14,,0,True,-177.5320209,-111.2765581,-4.263256415e-14,False,True,True,False,True,False,False,2.273736754e-13,0,3.97903932e-13,4.307939171e-14,0.1072766632,1,0,0.001,0.001,0,-388.0246649,-0,-0.1072766632,,-243.9752874,388.0246649,0,0.1072766632,,243.9752874,0.4820710762,0.5179289238,False,False,0,-0,0,-0,0.3679289238,0.6320710762,False,False,0,-0,0,-0,0.15,0.85,False,False,0,-0,0,-0
CRR-SIM-FREEZE-2026-07-19,4b5897f5d225af6334e3082ce8d9f065cdd7067f2664f3ef63426b5597055b27,ca4f0b86858a11607abd1c7ff4863214acb59c693318630e5515686ebe037048,ANCHOR-012,anchor,2026071903,10000,31eab9333ff59f90575fec5e9febc0ab375d3a54c07596bf1d76773fe1cc76e9,clayton,gaussian,0.5,0.9,0.1,-112.6264602,-116.4478938,-78.23355743,1.1,478.126,1,0.15,highs,optimal,0,338.0885999,-112.6264602,-177.1532861,False,False,False,solved,0.1142706839,0.1142716526,9.686696533e-07,0.7071067812,WITHIN_NAMED_FAMILY_ONLY; scalar tail dependence is not a cross-family order,CONDITIONAL_ON_CONVERGENCE_AUDIT,0.4821358263,0.3678641737,0.15,False,0,0.4821358263,0.6818714902,DESCRIPTIVE_ONLY_NOT_WELFARE_OR_EXCLUSION,1,0,322.2801564,155.8458436,0.15,0.5178641737,,1.278976924e-13,,0,True,-177.1532861,-112.6264602,1.136868377e-13,False,True,True,False,True,False,False,2.842170943e-14,0,9.094947018e-13,4.620619264e-15,0.08128679374,1,0,0.001,0.001,0,-383.3023868,-0,-0.08128679374,,-240.3916199,383.3023868,0,0.08128679374,,240.3916199,0.4821358263,0.5178641737,False,False,0,-0,0,-0,0.3678641737,0.6321358263,False,False,0,-0,0,-0,0.15,0.85,False,False,0,-0,0,-0
CRR-SIM-FREEZE-2026-07-19,4b5897f5d225af6334e3082ce8d9f065cdd7067f2664f3ef63426b5597055b27,ca4f0b86858a11607abd1c7ff4863214acb59c693318630e5515686ebe037048,ANCHOR-012,anchor,2026071904,10000,ef9ee3bb5ea9e156df8e079a6f4f4227026b090f12dbb159fca1c1ded20be0f7,clayton,gaussian,0.5,0.9,0.1,-108.7966173,-112.7072731,-73.60071548,1.1,478.126,1,0.15,highs,optimal,0,338.0591133,-108.7966173,-175.1323661,False,False,False,solved,0.1123708182,0.112372148,1.329812404e-06,0.7071067812,WITHIN_NAMED_FAMILY_ONLY; scalar tail dependence is not a cross-family order,CONDITIONAL_ON_CONVERGENCE_AUDIT,0.481186074,0.368813926,0.15,False,0,0.481186074,0.6900442419,DESCRIPTIVE_ONLY_NOT_WELFARE_OR_EXCLUSION,1,1.110223025e-16,322.0986587,156.0273413,0.15,0.518813926,,1.563194019e-13,,0,True,-175.1323661,-108.7966173,1.563194019e-13,False,True,True,False,True,False,False,5.684341886e-14,0,7.105427358e-13,4.22004863e-14,0.05778496496,1,0,0.001,0.001,0,-380.1081888,-0,-0.05778496496,,-238.4151115,380.1081888,0,0.05778496496,,238.4151115,0.481186074,0.518813926,False,False,0,-0,0,-0,0.368813926,0.631186074,False,False,0,-0,0,-0,0.15,0.85,False,False,0,-0,0,-0
CRR-SIM-FREEZE-2026-07-19,4b5897f5d225af6334e3082ce8d9f065cdd7067f2664f3ef63426b5597055b27,ca4f0b86858a11607abd1c7ff4863214acb59c693318630e5515686ebe037048,ANCHOR-012,anchor,2026071905,10000,a379b0eceadb4456d20d6ef625e518ed42a1fe76b32c7f6af46447a4ebb4af71,clayton,gaussian,0.5,0.9,0.1,-109.422707,-113.3808893,-73.79906656,1.1,478.126,1,0.15,highs,optimal,0,338.1580967,-109.422707,-173.0512703,False,False,False,solved,0.1138178148,0.113818825,1.010210402e-06,0.7071067812,WITHIN_NAMED_FAMILY_ONLY; scalar tail dependence is not a cross-family order,CONDITIONAL_ON_CONVERGENCE_AUDIT,0.4819094125,0.3680905875,0.15,False,0,0.4819094125,0.6931929154,DESCRIPTIVE_ONLY_NOT_WELFARE_OR_EXCLUSION,1,1.110223025e-16,322.2368887,155.8891113,0.15,0.5180905875,,1.705302566e-13,,0,True,-173.0512703,-109.422707,1.847411113e-13,False,True,True,False,True,False,False,2.842170943e-14,0,5.684341886e-13,4.245634254e-14,0.07578952485,1,0,0.001,0.001,0,-382.4127369,-0,-0.07578952485,,-239.7436348,382.4127369,0,0.07578952485,,239.7436348,0.4819094125,0.5180905875,False,False,0,-0,0,-0,0.3680905875,0.6319094125,False,False,0,-0,0,-0,0.15,0.85,False,False,0,-0,0,-0
CRR-SIM-FREEZE-2026-07-19,4b5897f5d225af6334e3082ce8d9f065cdd7067f2664f3ef63426b5597055b27,ca4f0b86858a11607abd1c7ff4863214acb59c693318630e5515686ebe037048,ANCHOR-013,anchor,2026071901,10000,66ff5a1cff25b34ee1c97330406177579c2810484d350909bf976a16de9bc9bf,gaussian,student_t_df5,0,0.95,0.9,-16.28566754,-146.246051,-1.845624938,1.1,478.126,1,0,highs,optimal,0,374.9889035,-16.28566754,-122.406999,False,False,False,solved,0.9214671202,0.9214683349,1.214676502e-06,0,WITHIN_NAMED_FAMILY_ONLY; scalar tail dependence is not a cross-family order,CONDITIONAL_ON_CONVERGENCE_AUDIT,0.9607341674,0.03926583257,0,False,0,0.9607341674,0.003084320523,DESCRIPTIVE_ONLY_NOT_WELFARE_OR_EXCLUSION,1,0,427.1562994,50.9697006,0,0.03926583257,,4.263256415e-13,,,,-122.406999,-16.28566754,5.400124792e-13,False,True,True,False,False,True,False,6.073352932e-11,0,9.663381206e-13,9.495190625e-15,0.01702330293,1,0,0.002,0.002,4.33680869e-19,-375.2661393,-0,-0.01702330293,,,375.2661393,0,0.01702330293,,,0.9607341674,0.03926583257,False,False,0,-0,0,-0,0.03926583257,0.9607341674,False,False,0,-0,0,-0,0,1,True,False,233.855917,-233.855917,0,-0
CRR-SIM-FREEZE-2026-07-19,4b5897f5d225af6334e3082ce8d9f065cdd7067f2664f3ef63426b5597055b27,ca4f0b86858a11607abd1c7ff4863214acb59c693318630e5515686ebe037048,ANCHOR-013,anchor,2026071902,10000,4bef8d412ec77d7adb255ba1cc44b80a98b4fd30f6aa48aab54fc8abc035eef2,gaussian,student_t_df5,0,0.95,0.9,-17.2741792,-149.0784127,-2.629264374,1.1,478.126,1,0,highs,optimal,0,374.9561832,-17.2741792,-120.2702878,False,False,False,solved,0.9212084875,0.9212097514,1.263914712e-06,0,WITHIN_NAMED_FAMILY_ONLY; scalar tail dependence is not a cross-family order,CONDITIONAL_ON_CONVERGENCE_AUDIT,0.9606048757,0.03939512429,0,False,0,0.9606048757,0.005038130776,DESCRIPTIVE_ONLY_NOT_WELFARE_OR_EXCLUSION,1,0,427.1315917,50.99440825,0,0.03939512429,,1.847411113e-13,,,,-120.2702878,-17.2741792,1.563194019e-13,False,True,True,False,False,True,False,1.143973805e-12,0,4.547473509e-13,3.99678455e-15,0.01607135483,1,0,0.002,0.002,6.938893904e-18,-375.2338026,-0,-0.01607135483,,,375.2338026,0,0.01607135483,,,0.9606048757,0.03939512429,False,False,0,-0,0,-0,0.03939512429,0.9606048757,False,False,0,-0,0,-0,0,1,True,False,233.89628,-233.89628,0,-0
CRR-SIM-FREEZE-2026-07-19,4b5897f5d225af6334e3082ce8d9f065cdd7067f2664f3ef63426b5597055b27,ca4f0b86858a11607abd1c7ff4863214acb59c693318630e5515686ebe037048,ANCHOR-013,anchor,2026071903,10000,fae1f18376ae01e6a939ed2bc0817dbb7a00bcc4c7998b7d77e69245fe4f99f8,gaussian,student_t_df5,0,0.95,0.9,-14.02082133,-144.8051123,0.5107665583,1.1,478.126,1,0,highs,optimal,0,373.4901966,-14.02082133,-127.5586651,False,False,False,solved,0.9223238038,0.9223270785,3.274641191e-06,0,WITHIN_NAMED_FAMILY_ONLY; scalar tail dependence is not a cross-family order,CONDITIONAL_ON_CONVERGENCE_AUDIT,0.9611635392,0.03883646076,0,False,0,0.9611635392,0.008442697277,DESCRIPTIVE_ONLY_NOT_WELFARE_OR_EXCLUSION,1,0,427.2383523,50.88764765,0,0.03883646076,,2.131628207e-13,,,,-127.5586651,-14.02082133,2.273736754e-13,False,True,True,False,False,True,False,9.594269823e-13,0,2.273736754e-13,1.779175484e-15,0.006182634294,1,0,0.002,0.002,3.77302356e-17,-373.5768822,-0,-0.006182634294,,,373.5768822,0,0.006182634294,,,0.9611635392,0.03883646076,False,False,0,-0,0,-0,0.03883646076,0.9611635392,False,False,0,-0,0,-0,0,1,True,False,233.3321001,-233.3321001,0,-0
CRR-SIM-FREEZE-2026-07-19,4b5897f5d225af6334e3082ce8d9f065cdd7067f2664f3ef63426b5597055b27,ca4f0b86858a11607abd1c7ff4863214acb59c693318630e5515686ebe037048,ANCHOR-013,anchor,2026071904,10000,db34afafa8a0701ce5f8861252ebc7dbc8d25bc4a25cb9986e5b3ac5bd7afd65,gaussian,student_t_df5,0,0.95,0.9,-16.99780808,-145.0386474,-2.771048149,1.1,478.126,1,0,highs,optimal,0,378.7776368,-16.99780808,-119.3223787,False,False,False,solved,0.9185628385,0.9185636949,8.564086804e-07,0,WITHIN_NAMED_FAMILY_ONLY; scalar tail dependence is not a cross-family order,CONDITIONAL_ON_CONVERGENCE_AUDIT,0.9592818474,0.04071815255,0,False,0,0.9592818474,0.02035947959,DESCRIPTIVE_ONLY_NOT_WELFARE_OR_EXCLUSION,1,0,426.878761,51.24723895,0,0.04071815255,,0,,,,-119.3223787,-16.99780808,-8.526512829e-14,False,True,True,False,False,True,False,4.458267089e-12,0,3.410605132e-13,1.280431042e-15,0.02553920761,1,0,0.002,0.002,0,-379.2117474,-0,-0.02553920761,,,379.2117474,0,0.02553920761,,,0.9592818474,0.04071815255,False,False,0,-0,0,-0,0.04071815255,0.9592818474,False,False,0,-0,0,-0,0,1,True,False,235.7829589,-235.7829589,0,-0
CRR-SIM-FREEZE-2026-07-19,4b5897f5d225af6334e3082ce8d9f065cdd7067f2664f3ef63426b5597055b27,ca4f0b86858a11607abd1c7ff4863214acb59c693318630e5515686ebe037048,ANCHOR-013,anchor,2026071905,10000,e14829493b113ad79580680b6fe7d26d7bcb5ac3da99a1c4a59ee81e0e460f5b,gaussian,student_t_df5,0,0.95,0.9,-10.10796478,-145.3627624,4.92034607,1.1,478.126,1,0,highs,optimal,0,375.39337,-10.10796478,-117.1107794,False,False,False,solved,0.9196974868,0.9196989218,1.43497353e-06,0,WITHIN_NAMED_FAMILY_ONLY; scalar tail dependence is not a cross-family order,CONDITIONAL_ON_CONVERGENCE_AUDIT,0.9598494609,0.0401505391,0,False,0,0.9598494609,0.003872879306,DESCRIPTIVE_ONLY_NOT_WELFARE_OR_EXCLUSION,1,5.551115123e-16,426.987232,51.13876802,0,0.0401505391,,2.273736754e-13,,,,-117.1107794,-10.10796478,1.98951966e-13,False,True,True,False,False,True,False,0,0,3.410605132e-13,2.084639426e-13,0.01403681676,1,0,0.002,0.002,0,-375.5352536,-0,-0.01403681676,,,375.5352536,0,0.01403681676,,,0.9598494609,0.0401505391,False,False,0,-0,0,-0,0.0401505391,0.9598494609,False,False,0,-0,0,-0,0,1,True,False,235.6897527,-235.6897527,0,-0
CRR-SIM-FREEZE-2026-07-19,4b5897f5d225af6334e3082ce8d9f065cdd7067f2664f3ef63426b5597055b27,ca4f0b86858a11607abd1c7ff4863214acb59c693318630e5515686ebe037048,ANCHOR-014,anchor,2026071901,10000,8b1517c1645253b8b7806c74416a0159cb8cf32aa586085929ee4ddf2e454d7f,student_t_df4,student_t_df5,0.25,0.95,0.9,-94.69707151,-112.3056053,-92.74056776,0.7,304.262,1,0,highs,optimal,0,371.727954,-112.3056053,-192.8297977,True,True,True,solved,-0.3647108057,-0.3647095397,1.266021813e-06,0.1953801684,WITHIN_NAMED_FAMILY_ONLY; scalar tail dependence is not a cross-family order,CONDITIONAL_ON_CONVERGENCE_AUDIT,0.3176452119,0.6823547881,0,False,0,0.3176452119,0.4077844388,DESCRIPTIVE_ONLY_NOT_WELFARE_OR_EXCLUSION,1,0,304.262,0,0,0.3176452119,,17.60853374,,,,-138.1888038,-94.69707151,1.136868377e-13,True,False,True,False,False,True,False,8.171241461e-14,0,0,0,0,,,,0.002,,-362.1011385,-0.03163988758,-0,,,362.1011385,0.03163988758,0,,,0.3176452119,0.6823547881,False,False,0,-0,0,-0,0.6823547881,0.3176452119,False,False,0,-0,0,-0,0,1,True,False,227.2109147,-227.2109147,0,-0
CRR-SIM-FREEZE-2026-07-19,4b5897f5d225af6334e3082ce8d9f065cdd7067f2664f3ef63426b5597055b27,ca4f0b86858a11607abd1c7ff4863214acb59c693318630e5515686ebe037048,ANCHOR-014,anchor,2026071902,10000,ccd24beaef0fa551cc4ad2edea5d37a774a725d2b9efa276c1eae0add851f49a,student_t_df4,student_t_df5,0.25,0.95,0.9,-108.001187,-125.1441767,-106.0964103,0.7,304.262,1,0,highs,optimal,0,372.9678916,-125.1441767,-196.750832,True,True,True,solved,-0.3647107238,-0.3647095396,1.18413593e-06,0.1953801684,WITHIN_NAMED_FAMILY_ONLY; scalar tail dependence is not a cross-family order,CONDITIONAL_ON_CONVERGENCE_AUDIT,0.3176452119,0.6823547881,0,False,0,0.3176452119,0.3914428947,DESCRIPTIVE_ONLY_NOT_WELFARE_OR_EXCLUSION,1,0,304.262,0,0,0.3176452119,,17.14298972,,,,-142.1596937,-108.001187,7.105427358e-14,True,False,True,False,False,True,False,3.552713679e-15,0,0,0,0,,,,0.002,,-362.6191979,-0.03401244222,-0,,,362.6191979,0.03401244222,0,,,0.3176452119,0.6823547881,False,False,0,-0,0,-0,0.6823547881,0.3176452119,False,False,0,-0,0,-0,0,1,True,False,227.8285401,-227.8285401,0,-0
CRR-SIM-FREEZE-2026-07-19,4b5897f5d225af6334e3082ce8d9f065cdd7067f2664f3ef63426b5597055b27,ca4f0b86858a11607abd1c7ff4863214acb59c693318630e5515686ebe037048,ANCHOR-014,anchor,2026071903,10000,31ed1c0905ca02fc2fa8798c051270ab0d533c7c34d46514d6f0f39791eb9de8,student_t_df4,student_t_df5,0.25,0.95,0.9,-102.1259171,-120.4448766,-100.0904772,0.7,304.262,1,0,highs,optimal,0,372.5668615,-120.4448766,-200.2478068,True,True,True,solved,-0.3647104101,-0.3647095392,8.709065412e-07,0.1953801684,WITHIN_NAMED_FAMILY_ONLY; scalar tail dependence is not a cross-family order,CONDITIONAL_ON_CONVERGENCE_AUDIT,0.3176452119,0.6823547881,0,False,0,0.3176452119,0.3801925829,DESCRIPTIVE_ONLY_NOT_WELFARE_OR_EXCLUSION,1,0,304.262,0,0,0.3176452119,,18.31895948,,,,-142.4706034,-102.1259171,8.526512829e-14,True,False,True,False,False,True,False,5.684341886e-14,0,0,0,0,,,,0.002,,-358.3418918,-0.04675237037,-0,,,358.3418918,0.04675237037,0,,,0.3176452119,0.6823547881,False,False,0,-0,0,-0,0.6823547881,0.3176452119,False,False,0,-0,0,-0,0,1,True,False,225.3055218,-225.3055218,0,-0
CRR-SIM-FREEZE-2026-07-19,4b5897f5d225af6334e3082ce8d9f065cdd7067f2664f3ef63426b5597055b27,ca4f0b86858a11607abd1c7ff4863214acb59c693318630e5515686ebe037048,ANCHOR-014,anchor,2026071904,10000,85c41527fdd53613a2e9f229db8838e0f96d770fd45c5f1a6ee3be7b704c6005,student_t_df4,student_t_df5,0.25,0.95,0.9,-98.89513161,-115.2775737,-97.07486026,0.7,304.262,1,0,highs,optimal,0,369.6032739,-115.2775737,-192.5040346,True,True,True,solved,-0.3647106053,-0.3647095395,1.065805771e-06,0.1953801684,WITHIN_NAMED_FAMILY_ONLY; scalar tail dependence is not a cross-family order,CONDITIONAL_ON_CONVERGENCE_AUDIT,0.3176452119,0.6823547881,0,False,0,0.3176452119,0.43124195,DESCRIPTIVE_ONLY_NOT_WELFARE_OR_EXCLUSION,1,0,304.262,0,0,0.3176452119,,16.38244209,,,,-138.4728691,-98.89513161,4.263256415e-14,True,False,True,False,False,True,False,2.842170943e-14,0,0,0,0,,,,0.002,,-358.1676327,-0.03758484864,-0,,,358.1676327,0.03758484864,0,,,0.3176452119,0.6823547881,False,False,0,-0,0,-0,0.6823547881,0.3176452119,False,False,0,-0,0,-0,0,1,True,False,225.183981,-225.183981,0,-0
CRR-SIM-FREEZE-2026-07-19,4b5897f5d225af6334e3082ce8d9f065cdd7067f2664f3ef63426b5597055b27,ca4f0b86858a11607abd1c7ff4863214acb59c693318630e5515686ebe037048,ANCHOR-014,anchor,2026071905,10000,5dab1a4d5981af1bf143f327b6c233e2263e243df6562bd4245ad0fc21a6d11b,student_t_df4,student_t_df5,0.25,0.95,0.9,-98.07132459,-117.3165594,-95.93296518,0.7,304.262,1,0,highs,optimal,0,371.9040797,-117.3165594,-198.1345858,True,True,True,solved,-0.3647112027,-0.3647095399,1.662736674e-06,0.1953801684,WITHIN_NAMED_FAMILY_ONLY; scalar tail dependence is not a cross-family order,CONDITIONAL_ON_CONVERGENCE_AUDIT,0.3176452119,0.6823547881,0,False,0,0.3176452119,0.4075770405,DESCRIPTIVE_ONLY_NOT_WELFARE_OR_EXCLUSION,1,0,304.262,0,0,0.3176452119,,19.24523477,,,,-139.3631776,-98.07132459,9.947598301e-14,True,False,True,False,False,True,False,1.243449788e-13,0,0,0,0,,,,0.002,,-364.6232002,-0.02392963802,-0,,,364.6232002,0.02392963802,0,,,0.3176452119,0.6823547881,False,False,0,-0,0,-0,0.6823547881,0.3176452119,False,False,0,-0,0,-0,0,1,True,False,228.1951605,-228.1951605,0,-0
CRR-SIM-FREEZE-2026-07-19,4b5897f5d225af6334e3082ce8d9f065cdd7067f2664f3ef63426b5597055b27,ca4f0b86858a11607abd1c7ff4863214acb59c693318630e5515686ebe037048,ANCHOR-015,anchor,2026071901,10000,e38b456f0687b2d5799d82279fae492aff62084e04ad3e0af1b64252194db3dc,clayton,student_t_df5,0.5,0.95,0.9,-57.46870291,-78.23534978,-55.1612977,1.1,478.126,0.35,0,highs,optimal,0,371.1782123,-78.23534978,-163.7774753,True,True,True,solved,-0.3000012707,-0.2999999839,1.286791934e-06,0.7071067812,WITHIN_NAMED_FAMILY_ONLY; scalar tail dependence is not a cross-family order,CONDITIONAL_ON_CONVERGENCE_AUDIT,0.35,0.65,0,False,0,0.35,0.6726494432,DESCRIPTIVE_ONLY_NOT_WELFARE_OR_EXCLUSION,1,0,310.445,167.681,0,0.35,0,20.76664687,True,,,-97.79582393,-57.46870291,1.065814104e-13,False,False,True,True,False,True,False,3.552713679e-15,0,0,0,0,,,,0.002,,-369.1334771,-0,-0,-5.842100554,,369.1334771,0,0,5.842100554,,0.35,0.65,False,False,0,-0,0,-0,0.65,0.35,False,False,0,-0,0,-0,0,1,True,False,230.6783455,-230.6783455,0,-0
CRR-SIM-FREEZE-2026-07-19,4b5897f5d225af6334e3082ce8d9f065cdd7067f2664f3ef63426b5597055b27,ca4f0b86858a11607abd1c7ff4863214acb59c693318630e5515686ebe037048,ANCHOR-015,anchor,2026071902,10000,185787b9f2af4eb004d3f2d3dddf33f4289f9ce44c0e13e44acd58baae57ebb4,clayton,student_t_df5,0.5,0.95,0.9,-55.50751303,-75.02455875,-53.3389524,1.1,478.126,0.35,0,highs,optimal,0,372.8154202,-75.02455875,-165.3789032,True,True,True,solved,-0.30000086,-0.2999999838,8.761401877e-07,0.7071067812,WITHIN_NAMED_FAMILY_ONLY; scalar tail dependence is not a cross-family order,CONDITIONAL_ON_CONVERGENCE_AUDIT,0.35,0.65,0,False,0,0.35,0.6682089077,DESCRIPTIVE_ONLY_NOT_WELFARE_OR_EXCLUSION,1,0,310.445,167.681,0,0.35,0,19.51704572,True,,,-101.2021826,-55.50751303,6.394884622e-14,False,False,True,True,False,True,False,0,0,0,0,0,,,,0.002,,-369.7807473,-0,-0,-8.670494084,,369.7807473,0,0,8.670494084,,0.35,0.65,False,False,0,-0,0,-0,0.65,0.35,False,False,0,-0,0,-0,0,1,True,False,230.4645301,-230.4645301,0,-0
CRR-SIM-FREEZE-2026-07-19,4b5897f5d225af6334e3082ce8d9f065cdd7067f2664f3ef63426b5597055b27,ca4f0b86858a11607abd1c7ff4863214acb59c693318630e5515686ebe037048,ANCHOR-015,anchor,2026071903,10000,923ee0bd1131e63dd4117295278ca4a3286f1efca0fc5ba8f42c5a60ff875682,clayton,student_t_df5,0.5,0.95,0.9,-61.0432506,-81.89350066,-58.72655615,1.1,478.126,0.35,0,highs,optimal,0,371.7666928,-81.89350066,-168.1913949,True,True,True,solved,-0.3000011063,-0.2999999838,1.12249481e-06,0.7071067812,WITHIN_NAMED_FAMILY_ONLY; scalar tail dependence is not a cross-family order,CONDITIONAL_ON_CONVERGENCE_AUDIT,0.35,0.65,0,False,0,0.35,0.6636199805,DESCRIPTIVE_ONLY_NOT_WELFARE_OR_EXCLUSION,1,0,310.445,167.681,0,0.35,0,20.85025006,True,,,-101.4126036,-61.0432506,6.394884622e-14,False,False,True,True,False,True,False,7.105427358e-15,0,0,0,0,,,,0.002,,-369.4144333,-0,-0,-6.720741303,,369.4144333,0,0,6.720741303,,0.35,0.65,False,False,0,-0,0,-0,0.65,0.35,False,False,0,-0,0,-0,0,1,True,False,229.9345914,-229.9345914,0,-0
CRR-SIM-FREEZE-2026-07-19,4b5897f5d225af6334e3082ce8d9f065cdd7067f2664f3ef63426b5597055b27,ca4f0b86858a11607abd1c7ff4863214acb59c693318630e5515686ebe037048,ANCHOR-015,anchor,2026071904,10000,7ccbd4c32928c2de538ecd9dccc3f95370704e2e229ab41b6fa25f1ff3c868f9,clayton,student_t_df5,0.5,0.95,0.9,-47.55114682,-67.23174682,-45.36441349,1.1,478.126,0.35,0,highs,optimal,0,371.7465072,-67.23174682,-164.3924326,True,True,True,solved,-0.3000015835,-0.2999999839,1.599591443e-06,0.7071067812,WITHIN_NAMED_FAMILY_ONLY; scalar tail dependence is not a cross-family order,CONDITIONAL_ON_CONVERGENCE_AUDIT,0.35,0.65,0,False,0,0.35,0.6868717128,DESCRIPTIVE_ONLY_NOT_WELFARE_OR_EXCLUSION,1,0,310.445,167.681,0,0.35,0,19.6806,True,,,-102.6213907,-47.55114682,8.526512829e-14,False,False,True,True,False,True,False,0,0,0,0,0,,,,0.002,,-370.1031736,-0,-0,-4.695238817,,370.1031736,0,0,4.695238817,,0.35,0.65,False,False,0,-0,0,-0,0.65,0.35,False,False,0,-0,0,-0,0,1,True,False,231.0807667,-231.0807667,0,-0
CRR-SIM-FREEZE-2026-07-19,4b5897f5d225af6334e3082ce8d9f065cdd7067f2664f3ef63426b5597055b27,ca4f0b86858a11607abd1c7ff4863214acb59c693318630e5515686ebe037048,ANCHOR-015,anchor,2026071905,10000,fae291523e672114bb11ad5ca48923f9838a8da4fee28b9935c78888a2c9f1f8,clayton,student_t_df5,0.5,0.95,0.9,-52.60243268,-73.36567259,-50.29540602,1.1,478.126,0.35,0,highs,optimal,0,371.7258195,-73.36567259,-166.8275712,True,True,True,solved,-0.3000011861,-0.2999999838,1.202214671e-06,0.7071067812,WITHIN_NAMED_FAMILY_ONLY; scalar tail dependence is not a cross-family order,CONDITIONAL_ON_CONVERGENCE_AUDIT,0.35,0.65,0,False,0,0.35,0.682371805,DESCRIPTIVE_ONLY_NOT_WELFARE_OR_EXCLUSION,1,0,310.445,167.681,0,0.35,0,20.76323991,True,,,-98.7996456,-52.60243268,8.526512829e-14,False,False,True,True,False,True,False,1.421085472e-14,0,0,0,0,,,,0.002,,-369.5319296,-0,-0,-6.268256812,,369.5319296,0,0,6.268256812,,0.35,0.65,False,False,0,-0,0,-0,0.65,0.35,False,False,0,-0,0,-0,0,1,True,False,230.0764504,-230.0764504,0,-0
CRR-SIM-FREEZE-2026-07-19,4b5897f5d225af6334e3082ce8d9f065cdd7067f2664f3ef63426b5597055b27,ca4f0b86858a11607abd1c7ff4863214acb59c693318630e5515686ebe037048,ANCHOR-016,anchor,2026071901,10000,dab09576ee13711147c9d83496ab1ac9ef1edc1e5b4683f29296e691a1c685e8,gaussian,empirical_resample,0,0.99,0.9,-121.3149331,-159.4570896,-117.0769157,1.1,478.126,1,0.15,highs,optimal,0,338.1956523,-121.3149331,-125.7391053,False,False,False,solved,0.8121476818,0.8121489844,1.302624305e-06,0,WITHIN_NAMED_FAMILY_ONLY; scalar tail dependence is not a cross-family order,CONDITIONAL_ON_CONVERGENCE_AUDIT,0.8310744922,0.01892550779,0.15,False,0,0.8310744922,0.0008940467499,DESCRIPTIVE_ONLY_NOT_WELFARE_OR_EXCLUSION,1,0,388.9623355,89.16366454,0.01892550779,0.1689255078,,9.947598301e-14,,0,True,-125.7391053,-121.3149331,9.947598301e-14,False,True,True,False,True,False,False,2.842170943e-14,0,1.705302566e-13,1.741343558e-15,0.02450723187,1,0,0.01,0.01,0,-376.7018446,-0,-0.02450723187,,-236.8873274,376.7018446,0,0.02450723187,,236.8873274,0.8310744922,0.1689255078,False,False,0,-0,0,-0,0.01892550779,0.9810744922,False,False,0,-0,0,-0,0.15,0.85,False,False,0,-0,0,-0
CRR-SIM-FREEZE-2026-07-19,4b5897f5d225af6334e3082ce8d9f065cdd7067f2664f3ef63426b5597055b27,ca4f0b86858a11607abd1c7ff4863214acb59c693318630e5515686ebe037048,ANCHOR-016,anchor,2026071902,10000,316701f3b6df8d5c334554c15a3843983db352f41be5974d3d8119a89d6157d1,gaussian,empirical_resample,0,0.99,0.9,-121.9160397,-158.3458237,-117.8682859,1.1,478.126,1,0.15,highs,optimal,0,338.4112542,-121.9160397,-126.4468938,False,False,False,solved,0.8155222106,0.8155237831,1.572449858e-06,0,WITHIN_NAMED_FAMILY_ONLY; scalar tail dependence is not a cross-family order,CONDITIONAL_ON_CONVERGENCE_AUDIT,0.8327618915,0.01723810846,0.15,False,0,0.8327618915,0.00760599768,DESCRIPTIVE_ONLY_NOT_WELFARE_OR_EXCLUSION,1,0,389.2847975,88.84120253,0.01723810846,0.1672381085,,1.563194019e-13,,0,True,-126.4468938,-121.9160397,1.563194019e-13,False,True,True,False,True,False,False,1.421085472e-14,0,2.842170943e-13,2.284411368e-15,0.0200938949,1,0,0.01,0.01,0,-376.3493154,-0,-0.0200938949,,-236.5886209,376.3493154,0,0.0200938949,,236.5886209,0.8327618915,0.1672381085,False,False,0,-0,0,-0,0.01723810846,0.9827618915,False,False,0,-0,0,-0,0.15,0.85,False,False,0,-0,0,-0
CRR-SIM-FREEZE-2026-07-19,4b5897f5d225af6334e3082ce8d9f065cdd7067f2664f3ef63426b5597055b27,ca4f0b86858a11607abd1c7ff4863214acb59c693318630e5515686ebe037048,ANCHOR-016,anchor,2026071903,10000,d3b9f302b09f5966a3d42bad774cc673e7388d80af756713f409659fc69af1ca,gaussian,empirical_resample,0,0.99,0.9,-120.3419749,-158.2055791,-116.1349078,1.1,478.126,1,0.15,highs,optimal,0,336.5593648,-120.3419749,-125.3455837,False,False,False,solved,0.8135945092,0.8135995028,4.993585765e-06,0,WITHIN_NAMED_FAMILY_ONLY; scalar tail dependence is not a cross-family order,CONDITIONAL_ON_CONVERGENCE_AUDIT,0.8317997514,0.01820024862,0.15,False,0,0.8317997514,0.01014852643,DESCRIPTIVE_ONLY_NOT_WELFARE_OR_EXCLUSION,1,1.110223025e-16,389.1009325,89.02506751,0.01820024862,0.1682002486,,2.131628207e-13,,0,True,-125.3455837,-120.3419749,2.131628207e-13,False,True,True,False,True,False,False,1.421085472e-14,0,3.410605132e-13,4.134544205e-14,0.006215182632,1,0,0.01,0.01,0,-372.4066348,-0,-0.006215182632,,-233.9954843,372.4066348,0,0.006215182632,,233.9954843,0.8317997514,0.1682002486,False,False,0,-0,0,-0,0.01820024862,0.9817997514,False,False,0,-0,0,-0,0.15,0.85,False,False,0,-0,0,-0
CRR-SIM-FREEZE-2026-07-19,4b5897f5d225af6334e3082ce8d9f065cdd7067f2664f3ef63426b5597055b27,ca4f0b86858a11607abd1c7ff4863214acb59c693318630e5515686ebe037048,ANCHOR-016,anchor,2026071904,10000,cdab6d87f9fa508e55949f66b01b37add61e4ffbca4b658179f27df2771f8f50,gaussian,empirical_resample,0,0.99,0.9,-120.6336916,-155.0717066,-116.8072455,1.1,478.126,1,0.15,highs,optimal,0,342.2842954,-120.6336916,-125.3673425,False,False,False,solved,0.8163575754,0.816358383,8.075629048e-07,0,WITHIN_NAMED_FAMILY_ONLY; scalar tail dependence is not a cross-family order,CONDITIONAL_ON_CONVERGENCE_AUDIT,0.8331791915,0.01682080851,0.15,False,0,0.8331791915,0.01945187156,DESCRIPTIVE_ONLY_NOT_WELFARE_OR_EXCLUSION,1,0,389.3645435,88.76145651,0.01682080851,0.1668208085,,1.847411113e-13,,0,True,-125.3673425,-120.6336916,1.847411113e-13,False,True,True,False,True,False,False,1.421085472e-14,0,1.705302566e-13,6.451013548e-15,0.04126815655,1,0,0.01,0.01,0,-383.5190846,-0,-0.04126815655,,-241.7097273,383.5190846,0,0.04126815655,,241.7097273,0.8331791915,0.1668208085,False,False,0,-0,0,-0,0.01682080851,0.9831791915,False,False,0,-0,0,-0,0.15,0.85,False,False,0,-0,0,-0
CRR-SIM-FREEZE-2026-07-19,4b5897f5d225af6334e3082ce8d9f065cdd7067f2664f3ef63426b5597055b27,ca4f0b86858a11607abd1c7ff4863214acb59c693318630e5515686ebe037048,ANCHOR-016,anchor,2026071905,10000,81d8ef22f5b0529d8fe885ef237e36f87610ba612029e1df832040c662604b7f,gaussian,empirical_resample,0,0.99,0.9,-120.5165258,-158.4409335,-116.3027027,1.1,478.126,1,0.15,highs,optimal,0,339.058744,-120.5165258,-124.5461011,False,False,False,solved,0.8149621981,0.8149635177,1.319556435e-06,0,WITHIN_NAMED_FAMILY_ONLY; scalar tail dependence is not a cross-family order,CONDITIONAL_ON_CONVERGENCE_AUDIT,0.8324817588,0.01751824115,0.15,False,0,0.8324817588,0.001148953121,DESCRIPTIVE_ONLY_NOT_WELFARE_OR_EXCLUSION,1,0,389.2312641,88.89473588,0.01751824115,0.1675182412,,1.705302566e-13,,0,True,-124.5461011,-120.5165258,1.705302566e-13,False,True,True,False,True,False,False,1.421085472e-14,0,2.557953849e-13,4.219208349e-15,0.02283849176,1,0,0.01,0.01,0,-377.6686631,-0,-0.02283849176,,-239.0500228,377.6686631,0,0.02283849176,,239.0500228,0.8324817588,0.1675182412,False,False,0,-0,0,-0,0.01751824115,0.9824817588,False,False,0,-0,0,-0,0.15,0.85,False,False,0,-0,0,-0
CRR-SIM-FREEZE-2026-07-19,4b5897f5d225af6334e3082ce8d9f065cdd7067f2664f3ef63426b5597055b27,ca4f0b86858a11607abd1c7ff4863214acb59c693318630e5515686ebe037048,ANCHOR-017,anchor,2026071901,10000,07f0312bc490bea177247913a2ee68e2bb286eb88791989ab84b634abf8a3036,student_t_df4,empirical_resample,0.25,0.99,0.5,-128.2432599,-137.4007044,-119.0858155,1.1,478.126,1,0,highs,optimal,0,374.6574567,-128.2432599,-132.6173276,False,False,False,solved,0.7657051507,0.7657065996,1.448897027e-06,0.1953801684,WITHIN_NAMED_FAMILY_ONLY; scalar tail dependence is not a cross-family order,CONDITIONAL_ON_CONVERGENCE_AUDIT,0.8828532998,0.1171467002,0,False,0,0.8828532998,0.3677994356,DESCRIPTIVE_ONLY_NOT_WELFARE_OR_EXCLUSION,1,0,412.2732656,65.85273441,0,0.1171467002,,1.421085472e-13,,,,-132.6173276,-128.2432599,1.421085472e-13,False,True,True,False,False,True,False,2.842170943e-14,0,1.136868377e-13,4.776890854e-15,0.08403595262,1,0,0.01,0.01,6.938893904e-18,-385.4345012,-0,-0.08403595262,,,385.4345012,0,0.08403595262,,,0.8828532998,0.1171467002,False,False,0,-0,0,-0,0.1171467002,0.8828532998,False,False,0,-0,0,-0,0,1,True,False,239.4242885,-239.4242885,0,-0
CRR-SIM-FREEZE-2026-07-19,4b5897f5d225af6334e3082ce8d9f065cdd7067f2664f3ef63426b5597055b27,ca4f0b86858a11607abd1c7ff4863214acb59c693318630e5515686ebe037048,ANCHOR-017,anchor,2026071902,10000,02ced6f992e83eb9afe092650deb3644dc59e848b65dfa1071f9b59318d36d60,student_t_df4,empirical_resample,0.25,0.99,0.5,-129.1756335,-138.8142575,-119.5370095,1.1,478.126,1,0,highs,optimal,0,374.7698629,-129.1756335,-134.6335851,False,False,False,solved,0.7739116918,0.773913282,1.590187796e-06,0.1953801684,WITHIN_NAMED_FAMILY_ONLY; scalar tail dependence is not a cross-family order,CONDITIONAL_ON_CONVERGENCE_AUDIT,0.886956641,0.113043359,0,False,0,0.886956641,0.3645652512,DESCRIPTIVE_ONLY_NOT_WELFARE_OR_EXCLUSION,1,0,413.0574141,65.0685859,0,0.113043359,,1.421085472e-13,,,,-134.6335851,-129.1756335,1.421085472e-13,False,True,True,False,False,True,False,2.842170943e-14,0,1.136868377e-13,1.270448857e-14,0.07449990885,1,0,0.01,0.01,2.081668171e-17,-384.3934358,-0,-0.07449990885,,,384.3934358,0,0.07449990885,,,0.886956641,0.113043359,False,False,0,-0,0,-0,0.113043359,0.886956641,False,False,0,-0,0,-0,0,1,True,False,239.1857156,-239.1857156,0,-0
CRR-SIM-FREEZE-2026-07-19,4b5897f5d225af6334e3082ce8d9f065cdd7067f2664f3ef63426b5597055b27,ca4f0b86858a11607abd1c7ff4863214acb59c693318630e5515686ebe037048,ANCHOR-017,anchor,2026071903,10000,a2188a2c5c07e727049fee6520c8a3ffb975d6cad0e037164301f4156246bdd7,student_t_df4,empirical_resample,0.25,0.99,0.5,-128.7587647,-138.1740642,-119.3434652,1.1,478.126,1,0,highs,optimal,0,376.6147265,-128.7587647,-133.2013096,False,False,False,solved,0.7588684035,0.7588693401,9.365944416e-07,0.1953801684,WITHIN_NAMED_FAMILY_ONLY; scalar tail dependence is not a cross-family order,CONDITIONAL_ON_CONVERGENCE_AUDIT,0.8794346701,0.1205653299,0,False,0,0.8794346701,0.3546478733,DESCRIPTIVE_ONLY_NOT_WELFARE_OR_EXCLUSION,1,0,411.6199654,66.50603455,0,0.1205653299,,1.98951966e-13,,,,-133.2013096,-128.7587647,1.98951966e-13,False,True,True,False,False,True,False,1.026956298e-14,0,1.136868377e-13,7.486773684e-15,0.1317087155,1,0,0.01,0.01,8.67361738e-18,-393.573378,-0,-0.1317087155,,,393.573378,0,0.1317087155,,,0.8794346701,0.1205653299,False,False,0,-0,0,-0,0.1205653299,0.8794346701,False,False,0,-0,0,-0,0,1,True,False,242.3186347,-242.3186347,0,-0
CRR-SIM-FREEZE-2026-07-19,4b5897f5d225af6334e3082ce8d9f065cdd7067f2664f3ef63426b5597055b27,ca4f0b86858a11607abd1c7ff4863214acb59c693318630e5515686ebe037048,ANCHOR-017,anchor,2026071904,10000,0f71870e7b2976052d84dc86c1996692ab76bb0933b496ab54ef87b63aaec979,student_t_df4,empirical_resample,0.25,0.99,0.5,-128.6351831,-138.2929893,-118.977377,1.1,478.126,1,0,highs,optimal,0,372.4490549,-128.6351831,-132.7723517,False,False,False,solved,0.7486523773,0.7486535395,1.162193162e-06,0.1953801684,WITHIN_NAMED_FAMILY_ONLY; scalar tail dependence is not a cross-family order,CONDITIONAL_ON_CONVERGENCE_AUDIT,0.8743267698,0.1256732302,0,False,0,0.8743267698,0.3655255476,DESCRIPTIVE_ONLY_NOT_WELFARE_OR_EXCLUSION,1,0,410.6438457,67.4821543,0,0.1256732302,,1.705302566e-13,,,,-132.7723517,-128.6351831,1.705302566e-13,False,True,True,False,False,True,False,8.881784197e-16,0,2.842170943e-13,2.577012637e-14,0.1007450794,1,0,0.01,0.01,0,-385.4084166,-0,-0.1007450794,,,385.4084166,0,0.1007450794,,,0.8743267698,0.1256732302,False,False,0,-0,0,-0,0.1256732302,0.8743267698,False,False,0,-0,0,-0,0,1,True,False,239.1280587,-239.1280587,0,-0
CRR-SIM-FREEZE-2026-07-19,4b5897f5d225af6334e3082ce8d9f065cdd7067f2664f3ef63426b5597055b27,ca4f0b86858a11607abd1c7ff4863214acb59c693318630e5515686ebe037048,ANCHOR-017,anchor,2026071905,10000,640fceabc76fc4c5f69d58ed2459300bd456f3d4119b8db9fead4012412a97bc,student_t_df4,empirical_resample,0.25,0.99,0.5,-128.2148892,-137.3197969,-119.1099815,1.1,478.126,1,0,highs,optimal,0,373.7879115,-128.2148892,-132.7209772,False,False,False,solved,0.7535312385,0.7535329445,1.706043548e-06,0.1953801684,WITHIN_NAMED_FAMILY_ONLY; scalar tail dependence is not a cross-family order,CONDITIONAL_ON_CONVERGENCE_AUDIT,0.8767664723,0.1232335277,0,False,0,0.8767664723,0.3765376214,DESCRIPTIVE_ONLY_NOT_WELFARE_OR_EXCLUSION,1,0,411.1100728,67.01592715,0,0.1232335277,,1.421085472e-13,,,,-132.7209772,-128.2148892,1.421085472e-13,False,True,True,False,False,True,False,6.494804694e-15,0,4.547473509e-13,8.082043694e-15,0.07109040814,1,0,0.01,0.01,0,-382.9027603,-0,-0.07109040814,,,382.9027603,0,0.07109040814,,,0.8767664723,0.1232335277,False,False,0,-0,0,-0,0.1232335277,0.8767664723,False,False,0,-0,0,-0,0,1,True,False,238.2535251,-238.2535251,0,-0
CRR-SIM-FREEZE-2026-07-19,4b5897f5d225af6334e3082ce8d9f065cdd7067f2664f3ef63426b5597055b27,ca4f0b86858a11607abd1c7ff4863214acb59c693318630e5515686ebe037048,ANCHOR-018,anchor,2026071901,10000,30911d315b359ac03243e7667c131b50bbced989a746a5191f60f3996b2a84fb,clayton,empirical_resample,0.5,0.99,0.5,-144.3403348,-157.1901427,-131.4905269,0.7,304.262,1,0,highs,optimal,0,370.0976808,-157.1901427,-159.966281,True,True,True,solved,-0.3647110367,-0.3647095399,1.496840935e-06,0.7071067812,WITHIN_NAMED_FAMILY_ONLY; scalar tail dependence is not a cross-family order,CONDITIONAL_ON_CONVERGENCE_AUDIT,0.3176452119,0.6823547881,0,False,0,0.3176452119,0.6414024803,DESCRIPTIVE_ONLY_NOT_WELFARE_OR_EXCLUSION,1,1.110223025e-16,304.262,0,0,0.3176452119,,12.84980794,,,,-154.0128007,-154.0128007,9.672465928,True,False,True,False,False,True,False,2.842170943e-14,0,1.136868377e-13,4.019326924e-14,0,,,,0.01,,-362.0287847,-0.02651956558,-0,,,362.0287847,0.02651956558,0,,,0.3176452119,0.6823547881,False,False,0,-0,0,-0,0.6823547881,0.3176452119,False,False,0,-0,0,-0,0,1,True,False,228.9003932,-228.9003932,0,-0
CRR-SIM-FREEZE-2026-07-19,4b5897f5d225af6334e3082ce8d9f065cdd7067f2664f3ef63426b5597055b27,ca4f0b86858a11607abd1c7ff4863214acb59c693318630e5515686ebe037048,ANCHOR-018,anchor,2026071902,10000,bbf8d98e4fb80362e13ae8a46b429ca750901306287776f83026c9b06012d5d0,clayton,empirical_resample,0.5,0.99,0.5,-144.0644468,-156.8703107,-131.2585829,0.7,304.262,1,0,highs,optimal,0,372.0296936,-156.8703107,-159.6330241,True,True,True,solved,-0.3647105702,-0.3647095395,1.030758916e-06,0.7071067812,WITHIN_NAMED_FAMILY_ONLY; scalar tail dependence is not a cross-family order,CONDITIONAL_ON_CONVERGENCE_AUDIT,0.3176452119,0.6823547881,0,False,0,0.3176452119,0.6442222755,DESCRIPTIVE_ONLY_NOT_WELFARE_OR_EXCLUSION,1,1.110223025e-16,304.262,0,0,0.3176452119,,12.80586388,,,,-153.9977313,-153.9977313,9.933284491,True,False,True,False,False,True,False,0,0,5.684341886e-14,3.998053989e-14,0,,,,0.01,,-360.1126891,-0.03916691704,-0,,,360.1126891,0.03916691704,0,,,0.3176452119,0.6823547881,False,False,0,-0,0,-0,0.6823547881,0.3176452119,False,False,0,-0,0,-0,0,1,True,False,228.1996139,-228.1996139,0,-0
CRR-SIM-FREEZE-2026-07-19,4b5897f5d225af6334e3082ce8d9f065cdd7067f2664f3ef63426b5597055b27,ca4f0b86858a11607abd1c7ff4863214acb59c693318630e5515686ebe037048,ANCHOR-018,anchor,2026071903,10000,a6a5d5e9aab59094adcc97731df8cc726d3c38bdd5b2ff54cfcea19b176fb364,clayton,empirical_resample,0.5,0.99,0.5,-144.1688766,-157.0184033,-131.3193498,0.7,304.262,1,0,highs,optimal,0,370.8135065,-157.0184033,-159.8015436,True,True,True,solved,-0.3647107369,-0.3647095396,1.197279497e-06,0.7071067812,WITHIN_NAMED_FAMILY_ONLY; scalar tail dependence is not a cross-family order,CONDITIONAL_ON_CONVERGENCE_AUDIT,0.3176452119,0.6823547881,0,False,0,0.3176452119,0.6314479757,DESCRIPTIVE_ONLY_NOT_WELFARE_OR_EXCLUSION,1,1.110223025e-16,304.262,0,0,0.3176452119,,12.84952678,,,,-154.0953966,-154.0953966,9.926520035,True,False,True,False,False,True,False,0,0,2.273736754e-13,4.003921598e-14,0,,,,0.01,,-360.6411964,-0.0334327327,-0,,,360.6411964,0.0334327327,0,,,0.3176452119,0.6823547881,False,False,0,-0,0,-0,0.6823547881,0.3176452119,False,False,0,-0,0,-0,0,1,True,False,227.6712962,-227.6712962,0,-0
CRR-SIM-FREEZE-2026-07-19,4b5897f5d225af6334e3082ce8d9f065cdd7067f2664f3ef63426b5597055b27,ca4f0b86858a11607abd1c7ff4863214acb59c693318630e5515686ebe037048,ANCHOR-018,anchor,2026071904,10000,ca7e18cd5cbe9a4bc63a42cb26ea22a17712ce73c6ec307fa7bf3d7c9d466a03,clayton,empirical_resample,0.5,0.99,0.5,-143.7052723,-156.5426128,-130.8679318,0.7,304.262,1,0,highs,optimal,0,371.3179382,-156.5426128,-159.2388678,True,True,True,solved,-0.3647113131,-0.36470954,1.773107441e-06,0.7071067812,WITHIN_NAMED_FAMILY_ONLY; scalar tail dependence is not a cross-family order,CONDITIONAL_ON_CONVERGENCE_AUDIT,0.3176452119,0.6823547881,0,False,0,0.3176452119,0.6378682405,DESCRIPTIVE_ONLY_NOT_WELFARE_OR_EXCLUSION,1,1.110223025e-16,304.262,0,0,0.3176452119,,12.83734051,,,,-153.9970864,-153.9970864,10.29181408,True,False,True,False,False,True,False,0,0,5.684341886e-14,4.04688109e-14,0,,,,0.01,,-364.5106434,-0.02237313497,-0,,,364.5106434,0.02237313497,0,,,0.3176452119,0.6823547881,False,False,0,-0,0,-0,0.6823547881,0.3176452119,False,False,0,-0,0,-0,0,1,True,False,230.1508001,-230.1508001,0,-0
CRR-SIM-FREEZE-2026-07-19,4b5897f5d225af6334e3082ce8d9f065cdd7067f2664f3ef63426b5597055b27,ca4f0b86858a11607abd1c7ff4863214acb59c693318630e5515686ebe037048,ANCHOR-018,anchor,2026071905,10000,a16fd8614737ebbdf0c682bf927e27fcb848c80ec4b87cea006c3a4fc9cac319,clayton,empirical_resample,0.5,0.99,0.5,-143.9572927,-156.8159128,-131.0986726,0.7,304.262,1,0,highs,optimal,0,371.0588137,-156.8159128,-159.3875534,True,True,True,solved,-0.3647108497,-0.3647095397,1.309988284e-06,0.7071067812,WITHIN_NAMED_FAMILY_ONLY; scalar tail dependence is not a cross-family order,CONDITIONAL_ON_CONVERGENCE_AUDIT,0.3176452119,0.6823547881,0,False,0,0.3176452119,0.6430459829,DESCRIPTIVE_ONLY_NOT_WELFARE_OR_EXCLUSION,1,1.110223025e-16,304.262,0,0,0.3176452119,,12.85862007,,,,-154.0285008,-154.0285008,10.07120811,True,False,True,False,False,True,False,2.842170943e-14,0,2.273736754e-13,4.016579465e-14,0,,,,0.01,,-361.7813156,-0.03049180676,-0,,,361.7813156,0.03049180676,0,,,0.3176452119,0.6823547881,False,False,0,-0,0,-0,0.6823547881,0.3176452119,False,False,0,-0,0,-0,0,1,True,False,227.9465567,-227.9465567,0,-0
