lower_bound_specification,lower_bound_Corn,lower_bound_Soybean,lower_bound_Winter_Wheat,strong_reversal_structurally_inadmissible,copula_family,kendall_tau,risk_tolerance,cvar_limit,lower_tail_dependence,solver_status,active_set,pairwise_reversal_count,reversed_pairs,selected_pairwise_reversal,selected_complete_rank_reversal,selected_strong_reversal,strong_reversal_pairs,classification,top_ranked_crop,top_ranked_allocation,acreage_order_tolerance,near_zero_tolerance,expected_profit,cvar_loss,idle_land,allocation_Corn,allocation_Soybean,allocation_Winter_Wheat,possible_pairwise_reversal,universal_pairwise_reversal,possible_complete_rank_reversal,universal_complete_rank_reversal,possible_strong_reversal,universal_strong_reversal,multiple_optima,top_min_allocation,top_max_allocation,face_Winter_Wheat_over_Soybean_selected_difference,face_Winter_Wheat_over_Soybean_min_difference,face_Winter_Wheat_over_Soybean_max_difference,face_Winter_Wheat_over_Soybean_selected_reversal,face_Winter_Wheat_over_Soybean_possible_reversal,face_Winter_Wheat_over_Soybean_universal_reversal,face_Winter_Wheat_over_Soybean_possible_strong_reversal,face_Winter_Wheat_over_Soybean_universal_strong_reversal,face_Winter_Wheat_over_Corn_selected_difference,face_Winter_Wheat_over_Corn_min_difference,face_Winter_Wheat_over_Corn_max_difference,face_Winter_Wheat_over_Corn_selected_reversal,face_Winter_Wheat_over_Corn_possible_reversal,face_Winter_Wheat_over_Corn_universal_reversal,face_Winter_Wheat_over_Corn_possible_strong_reversal,face_Winter_Wheat_over_Corn_universal_strong_reversal,face_Soybean_over_Corn_selected_difference,face_Soybean_over_Corn_min_difference,face_Soybean_over_Corn_max_difference,face_Soybean_over_Corn_selected_reversal,face_Soybean_over_Corn_possible_reversal,face_Soybean_over_Corn_universal_reversal,face_Soybean_over_Corn_possible_strong_reversal,face_Soybean_over_Corn_universal_strong_reversal,active_set_transition
principal_positive_lower_bounds,0.05,0.1,0.05,True,gaussian,0,0,-82.8643896038,0,optimal,land;cvar,1,Soybean<Corn,True,False,False,,selected_pairwise_reversal,Winter Wheat,0.451288473879,0.0001,0.0001,178.887900361,-82.8643896038,0,0.346969468913,0.201742057209,0.451288473879,True,True,False,False,False,False,False,0.451288473879,0.451288473878,0.24954641667,0.24954641667,0.249546416669,False,False,False,False,False,0.104319004966,0.104319004966,0.104319004966,False,False,False,False,False,-0.145227411704,-0.145227411703,-0.145227411704,True,True,True,False,False,True
principal_positive_lower_bounds,0.05,0.1,0.05,True,gaussian,0,0.1,-78.6547628091,0,optimal,land;budget;cvar,3,Winter Wheat<Soybean;Winter Wheat<Corn;Soybean<Corn,True,True,False,,selected_complete_rank_reversal,Winter Wheat,0.301478665501,0.0001,0.0001,190.829883545,-78.6547628091,0,0.387812551002,0.310708783496,0.301478665501,True,True,True,True,False,False,False,0.301478665501,0.301478785786,-0.00923011799486,-0.009230212772,-0.00923007020256,True,True,True,False,False,-0.0863338855008,-0.0863338926912,-0.0863334298704,True,True,True,False,False,-0.077103767506,-0.0771038049475,-0.0771032170984,True,True,True,False,False,True
principal_positive_lower_bounds,0.05,0.1,0.05,True,gaussian,0,0.2,-74.4451360145,0,optimal,land;budget;cvar,2,Winter Wheat<Soybean;Winter Wheat<Corn,True,True,False,,selected_complete_rank_reversal,Winter Wheat,0.260862738576,0.0001,0.0001,194.829023086,-74.4451360145,0,0.368888152163,0.370249109261,0.260862738576,True,True,True,True,False,False,False,0.260862732554,0.26086277329,-0.109386370684,-0.109386370684,-0.10938632189,True,True,True,False,False,-0.108025413587,-0.108025429247,-0.10802533715,True,True,True,False,False,0.00136095709745,0.00136091887121,0.00136100582983,False,False,False,False,False,False
principal_positive_lower_bounds,0.05,0.1,0.05,True,gaussian,0,0.3,-70.2355092198,0,optimal,land;budget;cvar,2,Winter Wheat<Soybean;Winter Wheat<Corn,True,True,False,,selected_complete_rank_reversal,Winter Wheat,0.230915970255,0.0001,0.0001,197.777652217,-70.2355092198,0,0.354934892185,0.414149137561,0.230915970255,True,True,True,True,False,False,False,0.230915963406,0.230916004984,-0.183233167306,-0.183233167306,-0.183233117773,True,True,True,False,False,-0.12401892193,-0.124018938575,-0.124018846588,True,True,True,False,False,0.059214245376,0.0592142065713,0.0592142918734,False,False,False,False,False,False
principal_positive_lower_bounds,0.05,0.1,0.05,True,gaussian,0,0.4,-66.0258824252,0,optimal,land;budget;cvar,2,Winter Wheat<Soybean;Winter Wheat<Corn,True,True,False,,selected_complete_rank_reversal,Winter Wheat,0.203857807438,0.0001,0.0001,200.441862467,-66.0258824252,0,0.342327535816,0.453814656746,0.203857807438,True,True,True,True,False,False,False,0.203857800225,0.203857843491,-0.249956849308,-0.249956849308,-0.249956799109,True,True,True,False,False,-0.138469728377,-0.138469745522,-0.13846964824,True,True,True,False,False,0.111487120931,0.111487081603,0.111487173046,False,False,False,False,False,False
principal_positive_lower_bounds,0.05,0.1,0.05,True,gaussian,0,0.5,-61.8162556305,0,optimal,land;budget;cvar,2,Winter Wheat<Soybean;Winter Wheat<Corn,True,True,False,,selected_complete_rank_reversal,Winter Wheat,0.178448714854,0.0001,0.0001,202.94370139,-61.8162556305,0,0.330488539673,0.491062745473,0.178448714854,True,True,True,True,False,False,False,0.178448706435,0.178448750685,-0.312614030619,-0.312614030619,-0.312613979792,True,True,True,False,False,-0.152039824819,-0.152039843312,-0.15203974665,True,True,True,False,False,0.1605742058,0.160574165982,0.160574254646,False,False,False,False,False,False
principal_positive_lower_bounds,0.05,0.1,0.05,True,gaussian,0,0.6,-57.6066288359,0,optimal,land;budget;cvar,2,Winter Wheat<Soybean;Winter Wheat<Corn,True,True,False,,selected_complete_rank_reversal,Winter Wheat,0.15578191519,0.0001,0.0001,205.175527712,-57.6066288359,0,0.319927274924,0.524290809886,0.15578191519,True,True,True,True,False,False,False,0.155781906508,0.155781951313,-0.368508894697,-0.368508894697,-0.368508843311,True,True,True,False,False,-0.164145359735,-0.164145378604,-0.164145281151,True,True,True,False,False,0.204363534962,0.204363494706,0.204363583758,False,False,False,False,False,False
principal_positive_lower_bounds,0.05,0.1,0.05,True,gaussian,0,0.7,-53.3970020412,0,optimal,land;budget;cvar,2,Winter Wheat<Soybean;Winter Wheat<Corn,True,True,False,,selected_complete_rank_reversal,Winter Wheat,0.133452797793,0.0001,0.0001,207.374105045,-53.3970020412,-2.22044604925e-16,0.309523348304,0.557023853903,0.133452797793,True,True,True,True,False,False,False,0.133452789018,0.133452834304,-0.42357105611,-0.42357105611,-0.423571004174,True,True,True,False,False,-0.176070550511,-0.176070569582,-0.176070471086,True,True,True,False,False,0.247500505598,0.247500464911,0.247500554917,False,False,False,False,False,False
principal_positive_lower_bounds,0.05,0.1,0.05,True,gaussian,0,0.8,-49.1873752466,0,optimal,land;budget;cvar,2,Winter Wheat<Soybean;Winter Wheat<Corn,True,True,False,,selected_complete_rank_reversal,Winter Wheat,0.111429848461,0.0001,0.0001,209.542536351,-49.1873752466,0,0.299262076229,0.589308075311,0.111429848461,True,True,True,True,False,False,False,0.111429839375,0.111429885243,-0.47787822685,-0.47787822685,-0.477878174371,True,True,True,False,False,-0.187832227768,-0.187832247262,-0.187832147998,True,True,True,False,False,0.290045999082,0.290045957969,0.290046048275,False,False,False,False,False,False
principal_positive_lower_bounds,0.05,0.1,0.05,True,gaussian,0,0.9,-44.9777484519,0,optimal,land;budget;cvar,2,Winter Wheat<Soybean;Winter Wheat<Corn,True,True,False,,selected_complete_rank_reversal,Winter Wheat,0.0903139469652,0.0001,0.0001,211.621657598,-44.9777484519,-2.22044604925e-16,0.289423429865,0.62026262317,0.0903139469652,True,True,True,True,False,False,False,0.0903139370038,0.0903139832233,-0.529948676205,-0.529948676205,-0.529948623205,True,True,True,False,False,-0.1991094829,-0.199109503385,-0.199109406263,True,True,True,False,False,0.330839193305,0.330839151784,0.330839237805,False,False,False,False,False,False
principal_positive_lower_bounds,0.05,0.1,0.05,True,gaussian,0,1,-40.7681216572,0,optimal,land;budget;cvar;upper_bound,2,Winter Wheat<Soybean;Winter Wheat<Corn,True,True,False,,selected_complete_rank_reversal,Winter Wheat,0.0700283487798,0.0001,0.0001,213.619025231,-40.7681216572,0,0.27997165122,0.65,0.0700283487798,True,True,True,True,False,False,False,0.0700283387244,0.0700283836561,-0.57997165122,-0.57997165122,-0.57997159772,True,True,True,False,False,-0.20994330244,-0.209943323119,-0.209943232688,True,True,True,False,False,0.37002834878,0.370028306867,0.370028383656,False,False,False,False,False,True
principal_positive_lower_bounds,0.05,0.1,0.05,True,gaussian,0.15,0,-72.6676329191,0,optimal,land;cvar,0,,False,False,False,,no_reversal,Winter Wheat,0.486201172975,0.0001,0.0001,179.677556141,-72.6676329191,0,0.131830623925,0.3819682031,0.486201172975,False,False,False,False,False,False,False,0.486201172975,0.486201172975,0.104232969875,0.104232969875,0.104232969875,False,False,False,False,False,0.35437054905,0.35437054905,0.35437054905,False,False,False,False,False,0.250137579175,0.250137579175,0.250137579175,False,False,False,False,False,True
principal_positive_lower_bounds,0.05,0.1,0.05,True,gaussian,0.15,0.1,-71.5149753401,0,optimal,land;cvar,1,Winter Wheat<Soybean,True,False,False,,selected_pairwise_reversal,Winter Wheat,0.373451878596,0.0001,0.0001,188.874593568,-71.5149753401,0,0.178910582018,0.447637539386,0.373451878596,True,True,False,False,False,False,False,0.373451851021,0.373452013782,-0.0741856607894,-0.0741856765418,-0.0741856004238,True,True,True,False,False,0.194541296578,0.194541153487,0.194541717887,False,False,False,False,False,0.268726957368,0.26872675391,0.268727394429,False,False,False,False,False,False
principal_positive_lower_bounds,0.05,0.1,0.05,True,gaussian,0.15,0.2,-70.362317761,0,optimal,land;cvar,1,Winter Wheat<Soybean,True,False,False,,selected_pairwise_reversal,Winter Wheat,0.320618246156,0.0001,0.0001,193.070117051,-70.362317761,0,0.20384093615,0.475540817694,0.320618246156,True,True,False,False,False,False,False,0.320618099473,0.320618373995,-0.154922571538,-0.1549225828,-0.154922454414,True,True,True,False,False,0.116777310007,0.116776752832,0.116777704785,False,False,False,False,False,0.271699881545,0.271699207247,0.271700287585,False,False,False,False,False,False
principal_positive_lower_bounds,0.05,0.1,0.05,True,gaussian,0.15,0.3,-69.2096601819,0,optimal,land;cvar,1,Winter Wheat<Soybean,True,False,False,,selected_pairwise_reversal,Winter Wheat,0.287484281819,0.0001,0.0001,196.49680176,-69.2096601819,0,0.199482163863,0.513033554318,0.287484281819,True,True,False,False,False,False,False,0.287484132531,0.28748438146,-0.2255492725,-0.2255492725,-0.225549153298,True,True,True,False,False,0.0880021179553,0.0880015508918,0.088002414092,False,False,False,False,False,0.313551390455,0.313550704189,0.313551683805,False,False,False,False,False,False
principal_positive_lower_bounds,0.05,0.1,0.05,True,gaussian,0.15,0.4,-68.0570026028,0,optimal,land;cvar,1,Winter Wheat<Soybean,True,False,False,,selected_pairwise_reversal,Winter Wheat,0.256802384699,0.0001,0.0001,199.600365544,-68.0570026028,0,0.197193457828,0.546004157474,0.256802384699,True,True,False,False,False,False,False,0.256802316425,0.256802445947,-0.289201772775,-0.289201772775,-0.28920169068,True,True,True,False,False,0.0596089268712,0.059608639956,0.0596090890959,False,False,False,False,False,0.348810699646,0.348810330636,0.348810840349,False,False,False,False,False,False
principal_positive_lower_bounds,0.05,0.1,0.05,True,gaussian,0.15,0.5,-66.9043450238,0,optimal,land;cvar,1,Winter Wheat<Soybean,True,False,False,,selected_pairwise_reversal,Winter Wheat,0.223973286807,0.0001,0.0001,202.636633925,-66.9043450238,0,0.2018946577,0.574132055493,0.223973286807,True,True,False,False,False,False,False,0.223973217495,0.223973362413,-0.350158768687,-0.350158768687,-0.350158685343,True,True,True,False,False,0.0220786291063,0.0220783378267,0.0220788403561,False,False,False,False,False,0.372237397793,0.37223702317,0.372237593473,False,False,False,False,False,False
principal_positive_lower_bounds,0.05,0.1,0.05,True,gaussian,0.15,0.6,-65.7516874447,0,optimal,land;cvar,2,Winter Wheat<Soybean;Winter Wheat<Corn,True,True,False,,selected_complete_rank_reversal,Winter Wheat,0.190833494476,0.0001,0.0001,205.608750515,-65.7516874447,0,0.208974866842,0.600191638682,0.190833494476,True,True,True,True,False,False,False,0.190833382247,0.190833604329,-0.409358144206,-0.409358144206,-0.409358040045,True,True,True,False,False,-0.0181413723666,-0.0181418132129,-0.0181410431055,True,True,True,False,False,0.39121677184,0.391216226832,0.391217100801,False,False,False,False,False,False
principal_positive_lower_bounds,0.05,0.1,0.05,True,gaussian,0.15,0.7,-64.5990298656,0,optimal,land;cvar,2,Winter Wheat<Soybean;Winter Wheat<Corn,True,True,False,,selected_complete_rank_reversal,Winter Wheat,0.163127488611,0.0001,0.0001,208.397869463,-64.5990298656,0,0.207245548054,0.629626963335,0.163127488611,True,True,True,True,False,False,False,0.1631163973,0.163127560428,-0.466499474725,-0.466499474725,-0.466494235293,True,True,True,False,False,-0.0441180594436,-0.0441565728082,-0.0441178627804,True,True,True,False,False,0.422381415281,0.422337662484,0.422381593155,False,False,False,False,False,False
principal_positive_lower_bounds,0.05,0.1,0.05,True,gaussian,0.15,0.8,-63.4463722865,0,optimal,land;cvar;upper_bound,2,Winter Wheat<Soybean;Winter Wheat<Corn,True,True,False,,selected_complete_rank_reversal,Winter Wheat,0.135625010736,0.0001,0.0001,210.81452793,-63.4463722865,0,0.214374989264,0.65,0.135625010736,True,True,True,True,False,False,False,0.135624913452,0.135625046836,-0.514374989264,-0.514374989264,-0.514374890784,True,True,True,False,False,-0.0787499785287,-0.0787503688589,-0.0787499063274,True,True,True,False,False,0.435625010736,0.435624521925,0.435625046836,False,False,False,False,False,True
principal_positive_lower_bounds,0.05,0.1,0.05,True,gaussian,0.15,0.9,-62.2937147075,0,optimal,land;cvar;upper_bound,2,Winter Wheat<Soybean;Winter Wheat<Corn,True,True,False,,selected_complete_rank_reversal,Winter Wheat,0.0992746541869,0.0001,0.0001,212.937257147,-62.2937147075,0,0.250725345813,0.65,0.0992746541869,True,True,True,True,False,False,False,0.0992746043514,0.099274690651,-0.550725345813,-0.550725345813,-0.550725268989,True,True,True,False,False,-0.151450691626,-0.151450917957,-0.151450618698,True,True,True,False,False,0.399274654187,0.399274351033,0.399274690651,False,False,False,False,False,False
principal_positive_lower_bounds,0.05,0.1,0.05,True,gaussian,0.15,1,-61.1410571284,0,optimal,land;budget;cvar;upper_bound,2,Winter Wheat<Soybean;Winter Wheat<Corn,True,True,False,,selected_complete_rank_reversal,Winter Wheat,0.0700283487799,0.0001,0.0001,214.645135498,-61.1410571284,0,0.27997165122,0.65,0.0700283487799,True,True,True,True,False,False,False,0.0700283487798,0.0700283855364,-0.57997165122,-0.57997165122,-0.579971605874,True,True,True,False,False,-0.20994330244,-0.209943304723,-0.209943228927,True,True,True,False,False,0.37002834878,0.370028313254,0.370028385536,False,False,False,False,False,True
principal_positive_lower_bounds,0.05,0.1,0.05,True,gaussian,0.3,0,-37.7457700306,0,optimal,land;cvar,0,,False,False,False,,no_reversal,Winter Wheat,0.455473892791,0.0001,0.0001,178.224603098,-37.7457700306,0,0.211690883603,0.332835223606,0.455473892791,False,False,False,False,False,False,False,0.455473892791,0.455473892791,0.122638669185,0.122638669185,0.122638669185,False,False,False,False,False,0.243783009189,0.243783009189,0.243783009189,False,False,False,False,False,0.121144340004,0.121144340004,0.121144340004,False,False,False,False,False,True
principal_positive_lower_bounds,0.05,0.1,0.05,True,gaussian,0.3,0.1,-36.1425813449,0,optimal,land;cvar,1,Winter Wheat<Soybean,True,False,False,,selected_pairwise_reversal,Winter Wheat,0.369422746194,0.0001,0.0001,185.302652251,-36.1425813449,0,0.240259303707,0.390317950099,0.369422746194,True,True,False,False,False,False,False,0.369422698503,0.369423854445,-0.0208952039047,-0.0208963393308,-0.0208950904632,True,True,True,False,False,0.129163442487,0.129163185971,0.129167902665,False,False,False,False,False,0.150058646392,0.150058276435,0.150064241995,False,False,False,False,False,False
principal_positive_lower_bounds,0.05,0.1,0.05,True,gaussian,0.3,0.2,-34.5393926593,0,optimal,land;cvar,1,Winter Wheat<Soybean,True,False,False,,selected_pairwise_reversal,Winter Wheat,0.320552678485,0.0001,0.0001,189.233054116,-34.5393926593,0,0.259469535176,0.419977786338,0.320552678485,True,True,False,False,False,False,False,0.320552652505,0.320552827197,-0.099425107853,-0.09942520529,-0.0994250165542,True,True,True,False,False,0.0610831433094,0.0610829740683,0.0610836868812,False,False,False,False,False,0.160508251162,0.160507990622,0.160508892171,False,False,False,False,False,False
principal_positive_lower_bounds,0.05,0.1,0.05,True,gaussian,0.3,0.3,-32.9362039736,0,optimal,land;cvar,2,Winter Wheat<Soybean;Winter Wheat<Corn,True,True,False,,selected_complete_rank_reversal,Winter Wheat,0.275377449028,0.0001,0.0001,192.759688995,-32.9362039736,0,0.280789507354,0.443833043618,0.275377449028,True,True,True,True,False,False,False,0.275377406985,0.275377855343,-0.168455594589,-0.16845596916,-0.168455484759,True,True,True,False,False,-0.00541205832607,-0.00541229428642,-0.0054104648091,True,True,True,False,False,0.163043536263,0.163043190472,0.163045504351,False,False,False,False,False,False
principal_positive_lower_bounds,0.05,0.1,0.05,True,gaussian,0.3,0.4,-31.3330152879,0,optimal,land;cvar,2,Winter Wheat<Soybean;Winter Wheat<Corn,True,True,False,,selected_complete_rank_reversal,Winter Wheat,0.230939940507,0.0001,0.0001,196.161982278,-31.3330152879,0,0.303991703786,0.465068355708,0.230939940507,True,True,True,True,False,False,False,0.230939897721,0.230941259204,-0.234128415201,-0.234129774364,-0.234128303432,True,True,True,False,False,-0.0730517632792,-0.0730520034044,-0.0730464480238,True,True,True,False,False,0.161076651922,0.161076300027,0.16108332634,False,False,False,False,False,False
principal_positive_lower_bounds,0.05,0.1,0.05,True,gaussian,0.3,0.5,-29.7298266022,0,optimal,land;cvar,2,Winter Wheat<Soybean;Winter Wheat<Corn,True,True,False,,selected_complete_rank_reversal,Winter Wheat,0.188062179561,0.0001,0.0001,199.282673069,-29.7298266022,1.11022302463e-16,0.331798604594,0.480139215845,0.188062179561,True,True,True,True,False,False,False,0.188062106612,0.188062383209,-0.292077036284,-0.292077189715,-0.292076890883,True,True,True,False,False,-0.143736425033,-0.143736789279,-0.143735660658,True,True,True,False,False,0.148340611251,0.148340101604,0.148341529057,False,False,False,False,False,False
principal_positive_lower_bounds,0.05,0.1,0.05,True,gaussian,0.3,0.6,-28.1266379165,0,optimal,land;budget;cvar,2,Winter Wheat<Soybean;Winter Wheat<Corn,True,True,False,,selected_complete_rank_reversal,Winter Wheat,0.160026465128,0.0001,0.0001,202.163379015,-28.1266379165,0,0.321904961069,0.518068573803,0.160026465128,True,True,True,True,False,False,False,0.160026463855,0.16002667172,-0.358042108675,-0.358042264324,-0.358042061704,True,True,True,False,False,-0.161878495941,-0.161878506962,-0.161877720516,True,True,True,False,False,0.196163612734,0.196163575936,0.196164543808,False,False,False,False,False,True
principal_positive_lower_bounds,0.05,0.1,0.05,True,gaussian,0.3,0.7,-26.5234492308,0,optimal,land;budget;cvar,2,Winter Wheat<Soybean;Winter Wheat<Corn,True,True,False,,selected_complete_rank_reversal,Winter Wheat,0.133428724753,0.0001,0.0001,204.98631392,-26.5234492308,0,0.309512131822,0.557059143425,0.133428724753,True,True,True,True,False,False,False,0.133428722488,0.133428808063,-0.423630418672,-0.423630440186,-0.423630371045,True,True,True,False,False,-0.176083407069,-0.176083419259,-0.176083135624,True,True,True,False,False,0.247547011603,0.247546974291,0.247547304562,False,False,False,False,False,False
principal_positive_lower_bounds,0.05,0.1,0.05,True,gaussian,0.3,0.8,-24.9202605452,0,optimal,land;budget;cvar,2,Winter Wheat<Soybean;Winter Wheat<Corn,True,True,False,,selected_complete_rank_reversal,Winter Wheat,0.108171453543,0.0001,0.0001,207.666978951,-24.9202605452,0,0.297743874635,0.594084671823,0.108171453543,True,True,True,True,False,False,False,0.108171450451,0.108171523398,-0.48591321828,-0.485913224363,-0.485913170031,True,True,True,False,False,-0.189572421092,-0.189572434273,-0.189572205442,True,True,True,False,False,0.296340797188,0.296340759389,0.296341018921,False,False,False,False,False,False
principal_positive_lower_bounds,0.05,0.1,0.05,True,gaussian,0.3,0.9,-23.3170718595,0,optimal,land;budget;cvar,2,Winter Wheat<Soybean;Winter Wheat<Corn,True,True,False,,selected_complete_rank_reversal,Winter Wheat,0.0875348695036,0.0001,0.0001,209.857230175,-23.3170718595,1.11022302463e-16,0.28812855925,0.624336571247,0.0875348695036,True,True,True,True,False,False,False,0.0875348632563,0.0875349140167,-0.536801701743,-0.536801701743,-0.536801652985,True,True,True,False,False,-0.200593689746,-0.200593706323,-0.200593578236,True,True,True,False,False,0.336208011997,0.336207973799,0.336208101478,False,False,False,False,False,False
principal_positive_lower_bounds,0.05,0.1,0.05,True,gaussian,0.3,1,-21.7138831738,0,optimal,land;budget;cvar;upper_bound,2,Winter Wheat<Soybean;Winter Wheat<Corn,True,True,False,,selected_complete_rank_reversal,Winter Wheat,0.0700283487798,0.0001,0.0001,211.715274044,-21.7138831738,0,0.27997165122,0.65,0.0700283487798,True,True,True,True,False,False,False,0.0700283409993,0.0700283827838,-0.57997165122,-0.57997165122,-0.57997160203,True,True,True,False,False,-0.20994330244,-0.209943320706,-0.209943234432,True,True,True,False,False,0.37002834878,0.370028310243,0.370028382784,False,False,False,False,False,True
principal_positive_lower_bounds,0.05,0.1,0.05,True,gaussian,0.45,0,-39.5917324582,0,optimal,land;cvar;upper_bound,0,,False,False,False,,no_reversal,Winter Wheat,0.6,0.0001,0.0001,171.672742691,-39.5917324582,0,0.153597226974,0.246402773026,0.6,False,False,False,False,False,False,False,0.6,0.6,0.353597226974,0.353597226974,0.353597226974,False,False,False,False,False,0.446402773026,0.446402773026,0.446402773026,False,False,False,False,False,0.0928055460525,0.0928055460525,0.0928055460525,False,False,False,False,False,True
principal_positive_lower_bounds,0.05,0.1,0.05,True,gaussian,0.45,0.1,-37.0518614909,0,optimal,land;cvar,0,,False,False,False,,no_reversal,Winter Wheat,0.536485004685,0.0001,0.0001,178.284121455,-37.0518614909,0,0.122316340336,0.341198654978,0.536485004685,False,False,False,False,False,False,False,0.536484907116,0.536485108641,0.195286349707,0.195286306832,0.195286505426,False,False,False,False,False,0.414168664349,0.414168215923,0.414169019092,False,False,False,False,False,0.218882314642,0.218881710497,0.21888271226,False,False,False,False,False,True
principal_positive_lower_bounds,0.05,0.1,0.05,True,gaussian,0.45,0.2,-34.5119905235,0,optimal,land;cvar,0,,False,False,False,,no_reversal,Winter Wheat,0.480907090148,0.0001,0.0001,183.718398742,-34.5119905235,0,0.106669458372,0.412423451481,0.480907090148,False,False,False,False,False,False,False,0.480906897296,0.48090722592,0.0684836386673,0.0684835662539,0.0684838900999,False,False,False,False,False,0.374237631776,0.374236801788,0.374238111507,False,False,False,False,False,0.305753993109,0.305752911688,0.305754545253,False,False,False,False,False,False
principal_positive_lower_bounds,0.05,0.1,0.05,True,gaussian,0.45,0.3,-31.9721195562,0,optimal,land;cvar,1,Winter Wheat<Soybean,True,False,False,,selected_pairwise_reversal,Winter Wheat,0.425756632669,0.0001,0.0001,188.370272746,-31.9721195562,0,0.115888425438,0.458354941892,0.425756632669,True,True,False,False,False,False,False,0.425755946743,0.425756852666,-0.0325983092229,-0.0325984630813,-0.0325975703309,True,True,True,False,False,0.309868207231,0.309865410559,0.309869021079,False,False,False,False,False,0.342466516454,0.34246298089,0.34246748416,False,False,False,False,False,False
principal_positive_lower_bounds,0.05,0.1,0.05,True,gaussian,0.45,0.4,-29.4322485888,0,optimal,land;cvar,1,Winter Wheat<Soybean,True,False,False,,selected_pairwise_reversal,Winter Wheat,0.380498776319,0.0001,0.0001,192.670951359,-29.4322485888,0,0.107307731442,0.512193492239,0.380498776319,True,True,False,False,False,False,False,0.380498074731,0.380498912652,-0.131694715921,-0.131694785896,-0.131693960159,True,True,True,False,False,0.273191044877,0.273188184354,0.273191523853,False,False,False,False,False,0.404885760797,0.404882144513,0.404886309749,False,False,False,False,False,False
principal_positive_lower_bounds,0.05,0.1,0.05,True,gaussian,0.45,0.5,-26.8923776215,0,optimal,land;cvar,1,Winter Wheat<Soybean,True,False,False,,selected_pairwise_reversal,Winter Wheat,0.326848926475,0.0001,0.0001,196.948583752,-26.8923776215,1.11022302463e-16,0.124551021962,0.548600051563,0.326848926475,True,True,False,False,False,False,False,0.326848209311,0.326849065836,-0.221751125088,-0.221751196617,-0.221750352547,True,True,True,False,False,0.202297904513,0.202294980481,0.202298394123,False,False,False,False,False,0.4240490296,0.424045333028,0.42404959074,False,False,False,False,False,False
principal_positive_lower_bounds,0.05,0.1,0.05,True,gaussian,0.45,0.6,-24.3525066541,0,optimal,land;cvar,1,Winter Wheat<Soybean,True,False,False,,selected_pairwise_reversal,Winter Wheat,0.273199076631,0.0001,0.0001,201.226216144,-24.3525066541,0,0.141794312483,0.585006610886,0.273199076631,True,True,False,False,False,False,False,0.273198343891,0.273199219019,-0.311807534255,-0.311807607337,-0.311806744935,True,True,True,False,False,0.131404764148,0.131401776608,0.131405264393,False,False,False,False,False,0.443212298403,0.443208521543,0.443212871731,False,False,False,False,False,False
principal_positive_lower_bounds,0.05,0.1,0.05,True,gaussian,0.45,0.7,-21.8126356868,0,optimal,land;cvar,1,Winter Wheat<Soybean,True,False,False,,selected_pairwise_reversal,Winter Wheat,0.223091834638,0.0001,0.0001,205.221387838,-21.8126356868,0,0.157898993733,0.619009171629,0.223091834638,True,True,False,False,False,False,False,0.223091632919,0.223092776307,-0.395917336991,-0.395918196398,-0.395917069636,True,True,True,False,False,0.0651928409049,0.0651919683934,0.0651965253184,False,False,False,False,False,0.461110177896,0.461109038029,0.461114721716,False,False,False,False,False,False
principal_positive_lower_bounds,0.05,0.1,0.05,True,gaussian,0.45,0.8,-19.2727647194,0,optimal,land;cvar;upper_bound,1,Winter Wheat<Soybean,True,False,False,,selected_pairwise_reversal,Winter Wheat,0.177780737141,0.0001,0.0001,208.841421392,-19.2727647194,0,0.172219262859,0.65,0.177780737141,True,True,False,False,False,False,False,0.177780591056,0.177780772286,-0.472219262859,-0.472219262859,-0.472219049119,True,True,True,False,False,0.00556147428266,0.00556082228794,0.00556154457272,False,False,False,False,False,0.477780737141,0.477779871407,0.477780772286,False,False,False,False,False,True
principal_positive_lower_bounds,0.05,0.1,0.05,True,gaussian,0.45,0.9,-16.732893752,0,optimal,land;cvar;upper_bound,2,Winter Wheat<Soybean;Winter Wheat<Corn,True,True,False,,selected_complete_rank_reversal,Winter Wheat,0.122537408013,0.0001,0.0001,212.124131867,-16.732893752,0,0.227462591987,0.65,0.122537408013,True,True,True,True,False,False,False,0.122537351447,0.122537443711,-0.527462591987,-0.527462591987,-0.527462465367,True,True,True,False,False,-0.104925183973,-0.104925480291,-0.104925112578,True,True,True,False,False,0.422537408013,0.422536985076,0.422537443711,False,False,False,False,False,False
principal_positive_lower_bounds,0.05,0.1,0.05,True,gaussian,0.45,1,-14.1930227847,0,optimal,land;budget;cvar;upper_bound,2,Winter Wheat<Soybean;Winter Wheat<Corn,True,True,False,,selected_complete_rank_reversal,Winter Wheat,0.0700283487798,0.0001,0.0001,215.244364509,-14.1930227847,0,0.27997165122,0.65,0.0700283487798,True,True,True,True,False,False,False,0.0700283474755,0.0700283850024,-0.57997165122,-0.57997165122,-0.579971599836,True,True,True,False,False,-0.20994330244,-0.209943313966,-0.209943229995,True,True,True,False,False,0.37002834878,0.370028308525,0.370028385002,False,False,False,False,False,True
principal_positive_lower_bounds,0.05,0.1,0.05,True,gaussian,0.6,0,-31.0921029043,0,optimal,land;cvar;lower_bound,0,,False,False,False,,no_reversal,Winter Wheat,0.518449032739,0.0001,0.0001,179.078161211,-31.0921029043,0,0.05,0.431550967261,0.518449032739,False,False,False,False,False,False,False,0.518449032739,0.518449032739,0.0868980654784,0.0868980654784,0.0868980654784,False,False,False,False,False,0.468449032739,0.468449032739,0.468449032739,False,False,False,False,False,0.381550967261,0.381550967261,0.381550967261,False,False,False,False,False,True
principal_positive_lower_bounds,0.05,0.1,0.05,True,gaussian,0.6,0.1,-29.7587102365,0,optimal,land;cvar;lower_bound,1,Winter Wheat<Soybean,True,False,False,,selected_pairwise_reversal,Winter Wheat,0.348438657991,0.0001,0.0001,194.405729006,-29.7587102365,0,0.05,0.601561342009,0.348438657991,True,True,False,False,False,False,False,0.348438657991,0.348438679554,-0.253122684019,-0.253122684019,-0.253122637303,True,True,True,False,False,0.298438657991,0.298438657991,0.298438679554,False,False,False,False,False,0.551561342009,0.551561302918,0.551561342009,False,False,False,False,False,False
principal_positive_lower_bounds,0.05,0.1,0.05,True,gaussian,0.6,0.2,-28.4253175687,0,optimal,land;cvar;upper_bound,1,Winter Wheat<Soybean,True,False,False,,selected_pairwise_reversal,Winter Wheat,0.284595750991,0.0001,0.0001,199.704800339,-28.4253175687,0,0.0654042490088,0.65,0.284595750991,True,True,False,False,False,False,False,0.284595750991,0.284595783999,-0.365404249009,-0.365404249009,-0.365404199733,True,True,True,False,False,0.219191501982,0.219191501982,0.219191567997,False,False,False,False,False,0.584595750991,0.58459570455,0.584595783999,False,False,False,False,False,True
principal_positive_lower_bounds,0.05,0.1,0.05,True,gaussian,0.6,0.3,-27.0919249008,0,optimal,land;cvar;upper_bound,1,Winter Wheat<Soybean,True,False,False,,selected_pairwise_reversal,Winter Wheat,0.250929644068,0.0001,0.0001,201.74170161,-27.0919249008,0,0.0990703559319,0.65,0.250929644068,True,True,False,False,False,False,False,0.250929643524,0.250929677412,-0.399070355932,-0.399070356476,-0.399070306565,True,True,True,False,False,0.151859288136,0.151859288136,0.151859354824,False,False,False,False,False,0.550929644068,0.55092959916,0.550929677412,False,False,False,False,False,False
principal_positive_lower_bounds,0.05,0.1,0.05,True,gaussian,0.6,0.4,-25.758532233,0,optimal,land;cvar;upper_bound,1,Winter Wheat<Soybean,True,False,False,,selected_pairwise_reversal,Winter Wheat,0.222896413808,0.0001,0.0001,203.43779681,-25.758532233,0,0.127103586192,0.65,0.222896413808,True,True,False,False,False,False,False,0.222896413259,0.222896447432,-0.427103586192,-0.427103586741,-0.42710353641,True,True,True,False,False,0.0957928276158,0.0957928276158,0.0957928948646,False,False,False,False,False,0.522896413808,0.522896368522,0.522896447432,False,False,False,False,False,False
principal_positive_lower_bounds,0.05,0.1,0.05,True,gaussian,0.6,0.5,-24.4251395652,0,optimal,land;cvar;upper_bound,1,Winter Wheat<Soybean,True,False,False,,selected_pairwise_reversal,Winter Wheat,0.194863183548,0.0001,0.0001,205.13389201,-24.4251395652,0,0.155136816452,0.65,0.194863183548,True,True,False,False,False,False,False,0.194863182994,0.194863217452,-0.455136816452,-0.455136817006,-0.455136766255,True,True,True,False,False,0.0397263670954,0.0397263670954,0.0397264349049,False,False,False,False,False,0.494863183548,0.494863137885,0.494863217452,False,False,False,False,False,False
principal_positive_lower_bounds,0.05,0.1,0.05,True,gaussian,0.6,0.6,-23.0917468974,0,optimal,land;cvar;upper_bound,2,Winter Wheat<Soybean;Winter Wheat<Corn,True,True,False,,selected_complete_rank_reversal,Winter Wheat,0.167650712763,0.0001,0.0001,206.78032878,-23.0917468974,0,0.182349287237,0.65,0.167650712763,True,True,True,True,False,False,False,0.167650711348,0.167650746939,-0.482349287237,-0.482349288652,-0.482349237531,True,True,True,False,False,-0.0146985744749,-0.0146985744749,-0.0146985061212,True,True,True,False,False,0.467650712763,0.467650671095,0.467650746939,False,False,False,False,False,False
principal_positive_lower_bounds,0.05,0.1,0.05,True,gaussian,0.6,0.7,-21.7583542296,0,optimal,land;cvar;upper_bound,2,Winter Wheat<Soybean;Winter Wheat<Corn,True,True,False,,selected_complete_rank_reversal,Winter Wheat,0.142225550698,0.0001,0.0001,208.318627967,-21.7583542296,0,0.207774449302,0.65,0.142225550698,True,True,True,True,False,False,False,0.14222554856,0.142225585129,-0.507774449302,-0.50777445144,-0.507774399889,True,True,True,False,False,-0.0655488986035,-0.0655488986035,-0.0655488297413,True,True,True,False,False,0.442225550698,0.442225511963,0.442225585129,False,False,False,False,False,False
principal_positive_lower_bounds,0.05,0.1,0.05,True,gaussian,0.6,0.8,-20.4249615618,0,optimal,land;cvar;upper_bound,2,Winter Wheat<Soybean;Winter Wheat<Corn,True,True,False,,selected_complete_rank_reversal,Winter Wheat,0.118059445726,0.0001,0.0001,209.780750393,-20.4249615618,0,0.231940554274,0.65,0.118059445726,True,True,True,True,False,False,False,0.118059443573,0.118059480399,-0.531940554274,-0.531940556427,-0.531940504514,True,True,True,False,False,-0.113881108548,-0.113881108548,-0.113881039202,True,True,True,False,False,0.418059445726,0.41805940672,0.418059480399,False,False,False,False,False,False
principal_positive_lower_bounds,0.05,0.1,0.05,True,gaussian,0.6,0.9,-19.0915688939,0,optimal,land;cvar;upper_bound,2,Winter Wheat<Soybean;Winter Wheat<Corn,True,True,False,,selected_complete_rank_reversal,Winter Wheat,0.0938933407541,0.0001,0.0001,211.242872819,-19.0915688939,0,0.256106659246,0.65,0.0938933407541,True,True,True,True,False,False,False,0.0938933385861,0.0938933756685,-0.556106659246,-0.556106661414,-0.55610660914,True,True,True,False,False,-0.162213318492,-0.162213318492,-0.162213248663,True,True,True,False,False,0.393893340754,0.393893301476,0.393893375669,False,False,False,False,False,False
principal_positive_lower_bounds,0.05,0.1,0.05,True,gaussian,0.6,1,-17.7581762261,0,optimal,land;budget;cvar;upper_bound,2,Winter Wheat<Soybean;Winter Wheat<Corn,True,True,False,,selected_complete_rank_reversal,Winter Wheat,0.0700283487798,0.0001,0.0001,212.686776999,-17.7581762261,0,0.27997165122,0.65,0.0700283487798,True,True,True,True,False,False,False,0.0700283463217,0.0700283839329,-0.57997165122,-0.579971653678,-0.579971601027,True,True,True,False,False,-0.20994330244,-0.20994330244,-0.209943232134,True,True,True,False,False,0.37002834878,0.370028310481,0.370028383933,False,False,False,False,False,True
principal_positive_lower_bounds,0.05,0.1,0.05,True,student_t,0,0,-79.3685574693,0.0755868184216,optimal,land;cvar,0,,False,False,False,,no_reversal,Winter Wheat,0.50710993471,0.0001,0.0001,175.742351243,-79.3685574693,0,0.226306796059,0.266583269231,0.50710993471,False,False,False,False,False,False,False,0.50710993471,0.507109934709,0.240526665479,0.240526665479,0.240526665478,False,False,False,False,False,0.28080313865,0.28080313865,0.28080313865,False,False,False,False,False,0.0402764731715,0.0402764731716,0.0402764731715,False,False,False,False,False,True
principal_positive_lower_bounds,0.05,0.1,0.05,True,student_t,0,0.1,-76.0997137565,0.0755868184216,optimal,land;cvar,1,Winter Wheat<Soybean,True,False,False,,selected_pairwise_reversal,Winter Wheat,0.346273217796,0.0001,0.0001,189.223327638,-76.0997137565,0,0.287078426838,0.366648355366,0.346273217796,True,True,False,False,False,False,False,0.346272604453,0.346273278627,-0.0203751375694,-0.0203751853151,-0.0203736985245,True,True,True,False,False,0.0591947909579,0.0591915118839,0.0591950211964,False,False,False,False,False,0.0795699285273,0.0795652104083,0.0795702065115,False,False,False,False,False,False
principal_positive_lower_bounds,0.05,0.1,0.05,True,student_t,0,0.2,-72.8308700438,0.0755868184216,optimal,land;cvar,2,Winter Wheat<Soybean;Winter Wheat<Corn,True,True,False,,selected_complete_rank_reversal,Winter Wheat,0.276455953255,0.0001,0.0001,194.53163114,-72.8308700438,2.22044604925e-16,0.338283046928,0.385260999817,0.276455953255,True,True,True,True,False,False,False,0.276455167749,0.276456119008,-0.108805046562,-0.108805323273,-0.108803225415,True,True,True,False,False,-0.0618270936731,-0.0618312713372,-0.061826319704,True,True,True,False,False,0.0469779528893,0.0469719540775,0.0469790035694,False,False,False,False,False,False
principal_positive_lower_bounds,0.05,0.1,0.05,True,student_t,0,0.3,-69.562026331,0.0755868184216,optimal,land;budget;cvar,2,Winter Wheat<Soybean;Winter Wheat<Corn,True,True,False,,selected_complete_rank_reversal,Winter Wheat,0.228976826457,0.0001,0.0001,198.559217422,-69.562026331,0,0.354031376411,0.416991797132,0.228976826457,True,True,True,True,False,False,False,0.228976826457,0.228976892787,-0.188014970675,-0.188015026284,-0.18801492281,True,True,True,False,False,-0.125054549954,-0.125054559372,-0.125054295356,True,True,True,False,False,0.0629604207208,0.0629603832225,0.0629607309281,False,False,False,False,False,True
principal_positive_lower_bounds,0.05,0.1,0.05,True,student_t,0,0.4,-66.2931826183,0.0755868184216,optimal,land;budget;cvar,2,Winter Wheat<Soybean;Winter Wheat<Corn,True,True,False,,selected_complete_rank_reversal,Winter Wheat,0.196099240145,0.0001,0.0001,201.922449838,-66.2931826183,1.11022302463e-16,0.33871254453,0.465188215325,0.196099240145,True,True,True,True,False,False,False,0.196099239268,0.196099289133,-0.26908897518,-0.269088991008,-0.269088926505,True,True,True,False,False,-0.142613304385,-0.142613315335,-0.142613141594,True,True,True,False,False,0.126475670795,0.126475632661,0.126475849415,False,False,False,False,False,False
principal_positive_lower_bounds,0.05,0.1,0.05,True,student_t,0,0.5,-63.0243389056,0.0755868184216,optimal,land;budget;cvar,2,Winter Wheat<Soybean;Winter Wheat<Corn,True,True,False,,selected_complete_rank_reversal,Winter Wheat,0.166739740539,0.0001,0.0001,204.925797463,-63.0243389056,0,0.325032913846,0.508227345615,0.166739740539,True,True,True,True,False,False,False,0.166739737794,0.166739779765,-0.341487605075,-0.341487605075,-0.341487555676,True,True,True,False,False,-0.158293173306,-0.158293186353,-0.158293062701,True,True,True,False,False,0.183194431769,0.183194393069,0.183194535303,False,False,False,False,False,False
principal_positive_lower_bounds,0.05,0.1,0.05,True,student_t,0,0.6,-59.7554951928,0.0755868184216,optimal,land;budget;cvar,2,Winter Wheat<Soybean;Winter Wheat<Corn,True,True,False,,selected_complete_rank_reversal,Winter Wheat,0.143710708173,0.0001,0.0001,207.281566145,-59.7554951928,1.11022302463e-16,0.314302872052,0.541986419775,0.143710708173,True,True,True,True,False,False,False,0.143710699962,0.143710739105,-0.398275711603,-0.398275711603,-0.398275661635,True,True,True,False,False,-0.170592163879,-0.170592182741,-0.170592097519,True,True,True,False,False,0.227683547723,0.227683508578,0.227683587646,False,False,False,False,False,False
principal_positive_lower_bounds,0.05,0.1,0.05,True,student_t,0,0.7,-56.4866514801,0.0755868184216,optimal,land;budget;cvar,2,Winter Wheat<Soybean;Winter Wheat<Corn,True,True,False,,selected_complete_rank_reversal,Winter Wheat,0.123832024721,0.0001,0.0001,209.315067994,-56.4866514801,0,0.305040689393,0.571127285886,0.123832024721,True,True,True,True,False,False,False,0.123832015467,0.123832055177,-0.447295261165,-0.447295261165,-0.447295210707,True,True,True,False,False,-0.181208664672,-0.181208684722,-0.18120860172,True,True,True,False,False,0.266086596492,0.266086556963,0.266086631029,False,False,False,False,False,False
principal_positive_lower_bounds,0.05,0.1,0.05,True,student_t,0,0.8,-53.2178077673,0.0755868184216,optimal,land;budget;cvar,2,Winter Wheat<Soybean;Winter Wheat<Corn,True,True,False,,selected_complete_rank_reversal,Winter Wheat,0.105122135906,0.0001,0.0001,211.229007295,-53.2178077673,1.11022302463e-16,0.296323089551,0.598554774543,0.105122135906,True,True,True,True,False,False,False,0.105122125165,0.105122165896,-0.493432638636,-0.493432638636,-0.493432587717,True,True,True,False,False,-0.191200953644,-0.19120097534,-0.191200893994,True,True,True,False,False,0.302231684992,0.302231645101,0.302231714324,False,False,False,False,False,False
principal_positive_lower_bounds,0.05,0.1,0.05,True,student_t,0,0.9,-49.9489640546,0.0755868184216,optimal,land;budget;cvar,2,Winter Wheat<Soybean;Winter Wheat<Corn,True,True,False,,selected_complete_rank_reversal,Winter Wheat,0.0872206023163,0.0001,0.0001,213.060255413,-49.9489640546,-2.22044604925e-16,0.287982131037,0.624797266647,0.0872206023163,True,True,True,True,False,False,False,0.0872205911863,0.0872206324613,-0.53757666433,-0.53757666433,-0.53757661297,True,True,True,False,False,-0.20076152872,-0.200761550912,-0.200761469099,True,True,True,False,False,0.33681513561,0.336815095373,0.336815164419,False,False,False,False,False,False
principal_positive_lower_bounds,0.05,0.1,0.05,True,student_t,0,1,-46.6801203419,0.0755868184216,optimal,land;budget;cvar;upper_bound,2,Winter Wheat<Soybean;Winter Wheat<Corn,True,True,False,,selected_complete_rank_reversal,Winter Wheat,0.0700283487798,0.0001,0.0001,214.818947302,-46.6801203419,0,0.27997165122,0.65,0.0700283487798,True,True,True,True,False,False,False,0.0700283366636,0.0700283787815,-0.57997165122,-0.57997165122,-0.579971599436,True,True,True,False,False,-0.20994330244,-0.209943325747,-0.209943244367,True,True,True,False,False,0.37002834878,0.370028308211,0.370028374921,False,False,False,False,False,True
principal_positive_lower_bounds,0.05,0.1,0.05,True,student_t,0.15,0,-66.9683928233,0.138228444363,optimal,land;cvar,0,,False,False,False,,no_reversal,Winter Wheat,0.463705600845,0.0001,0.0001,181.076057211,-66.9683928233,0,0.243472131369,0.292822267786,0.463705600845,False,False,False,False,False,False,False,0.463705600845,0.463705600845,0.170883333059,0.170883333059,0.170883333059,False,False,False,False,False,0.220233469477,0.220233469477,0.220233469477,False,False,False,False,False,0.0493501364173,0.0493501364173,0.0493501364172,False,False,False,False,False,True
principal_positive_lower_bounds,0.05,0.1,0.05,True,student_t,0.15,0.1,-65.1930053672,0.138228444363,optimal,land;cvar,1,Winter Wheat<Soybean,True,False,False,,selected_pairwise_reversal,Winter Wheat,0.335005081535,0.0001,0.0001,191.91167345,-65.1930053672,0,0.276380315168,0.388614603296,0.335005081535,True,True,False,False,False,False,False,0.33500432796,0.335005134264,-0.053609521761,-0.0536095221153,-0.0536084415976,True,True,True,False,False,0.0586247663668,0.0586214254779,0.0586249249075,False,False,False,False,False,0.112234288128,0.112229867075,0.112234447023,False,False,False,False,False,False
principal_positive_lower_bounds,0.05,0.1,0.05,True,student_t,0.15,0.2,-63.4176179111,0.138228444363,optimal,land;cvar,2,Winter Wheat<Soybean;Winter Wheat<Corn,True,True,False,,selected_complete_rank_reversal,Winter Wheat,0.283197166751,0.0001,0.0001,196.195636596,-63.4176179111,0,0.292480289311,0.424322543939,0.283197166751,True,True,True,True,False,False,False,0.283197060526,0.283197271785,-0.141125377188,-0.141125446068,-0.141125162963,True,True,True,False,False,-0.00928312255999,-0.00928365545802,-0.00928273857738,True,True,True,False,False,0.131842254628,0.131841507505,0.13184270749,False,False,False,False,False,False
principal_positive_lower_bounds,0.05,0.1,0.05,True,student_t,0.15,0.3,-61.642230455,0.138228444363,optimal,land;cvar,2,Winter Wheat<Soybean;Winter Wheat<Corn,True,True,False,,selected_complete_rank_reversal,Winter Wheat,0.240760852383,0.0001,0.0001,199.753385279,-61.642230455,0,0.303883165812,0.455355981805,0.240760852383,True,True,True,True,False,False,False,0.240760744233,0.240760962287,-0.214595129421,-0.214595203523,-0.214594911311,True,True,True,False,False,-0.0631223134294,-0.0631228559908,-0.0631219096161,True,True,True,False,False,0.151472815992,0.15147205532,0.151473293907,False,False,False,False,False,False
principal_positive_lower_bounds,0.05,0.1,0.05,True,student_t,0.15,0.4,-59.8668429989,0.138228444363,optimal,land;cvar,2,Winter Wheat<Soybean;Winter Wheat<Corn,True,True,False,,selected_complete_rank_reversal,Winter Wheat,0.197871078984,0.0001,0.0001,203.302758583,-59.8668429989,0,0.317107467039,0.485021453977,0.197871078984,True,True,True,True,False,False,False,0.197870968912,0.197871151578,-0.287150374993,-0.287150397796,-0.287150153007,True,True,True,False,False,-0.119236388055,-0.119236940257,-0.119236147471,True,True,True,False,False,0.167913986938,0.16791321275,0.167914250325,False,False,False,False,False,False
principal_positive_lower_bounds,0.05,0.1,0.05,True,student_t,0.15,0.5,-58.0914555428,0.138228444363,optimal,land;budget;cvar,2,Winter Wheat<Soybean;Winter Wheat<Corn,True,True,False,,selected_complete_rank_reversal,Winter Wheat,0.161438845186,0.0001,0.0001,206.47544246,-58.0914555428,0,0.32256303896,0.515998115854,0.161438845186,True,True,True,True,False,False,False,0.161438842275,0.161438883285,-0.354559270667,-0.354559270667,-0.354559221658,True,True,True,False,False,-0.161124193774,-0.161124206674,-0.161124104065,True,True,True,False,False,0.193435076893,0.193435038499,0.193435142015,False,False,False,False,False,True
principal_positive_lower_bounds,0.05,0.1,0.05,True,student_t,0.15,0.6,-56.3160680867,0.138228444363,optimal,land;budget;cvar,2,Winter Wheat<Soybean;Winter Wheat<Corn,True,True,False,,selected_complete_rank_reversal,Winter Wheat,0.141976171225,0.0001,0.0001,208.49742641,-56.3160680867,0,0.313494689856,0.544529138919,0.141976171225,True,True,True,True,False,False,False,0.141976166907,0.14197620705,-0.402552967694,-0.402552967694,-0.402552918205,True,True,True,False,False,-0.171518518632,-0.17151853308,-0.171518439529,True,True,True,False,False,0.231034449062,0.231034410292,0.231034499791,False,False,False,False,False,False
principal_positive_lower_bounds,0.05,0.1,0.05,True,student_t,0.15,0.7,-54.5406806306,0.138228444363,optimal,land;budget;cvar,2,Winter Wheat<Soybean;Winter Wheat<Corn,True,True,False,,selected_complete_rank_reversal,Winter Wheat,0.123175604796,0.0001,0.0001,210.45062378,-54.5406806306,0,0.304734840102,0.572089555101,0.123175604796,True,True,True,True,False,False,False,0.123175600438,0.123175640957,-0.448913950305,-0.448913950305,-0.448913900352,True,True,True,False,False,-0.181559235306,-0.181559249889,-0.181559155462,True,True,True,False,False,0.267354714999,0.267354675865,0.267354766203,False,False,False,False,False,False
principal_positive_lower_bounds,0.05,0.1,0.05,True,student_t,0.15,0.8,-52.7652931745,0.138228444363,optimal,land;budget;cvar,2,Winter Wheat<Soybean;Winter Wheat<Corn,True,True,False,,selected_complete_rank_reversal,Winter Wheat,0.10493132846,0.0001,0.0001,212.346027978,-52.7652931745,1.11022302463e-16,0.296234185604,0.598834485937,0.10493132846,True,True,True,True,False,False,False,0.104931323874,0.104931365689,-0.493903157477,-0.493903157477,-0.493903107075,True,True,True,False,False,-0.191302857144,-0.191302872052,-0.19130277336,True,True,True,False,False,0.302600300333,0.302600260847,0.302600356215,False,False,False,False,False,False
principal_positive_lower_bounds,0.05,0.1,0.05,True,student_t,0.15,0.9,-50.9899057184,0.138228444363,optimal,land;budget;cvar,2,Winter Wheat<Soybean;Winter Wheat<Corn,True,True,False,,selected_complete_rank_reversal,Winter Wheat,0.0873952635498,0.0001,0.0001,214.167855846,-50.9899057184,0,0.288063511891,0.624541224559,0.0873952635498,True,True,True,True,False,False,False,0.0873952589254,0.0873953010983,-0.537145961009,-0.537145961009,-0.537145910174,True,True,True,False,False,-0.200668248342,-0.200668263378,-0.200668163838,True,True,True,False,False,0.336477712667,0.336477672842,0.336477769028,False,False,False,False,False,False
principal_positive_lower_bounds,0.05,0.1,0.05,True,student_t,0.15,1,-49.2145182623,0.138228444363,optimal,land;budget;cvar;upper_bound,2,Winter Wheat<Soybean;Winter Wheat<Corn,True,True,False,,selected_complete_rank_reversal,Winter Wheat,0.0700283487798,0.0001,0.0001,215.972110647,-49.2145182623,0,0.27997165122,0.65,0.0700283487798,True,True,True,True,False,False,False,0.0700283441725,0.0700283825911,-0.57997165122,-0.57997165122,-0.579971599957,True,True,True,False,False,-0.20994330244,-0.209943317545,-0.209943234818,True,True,True,False,False,0.37002834878,0.370028308619,0.370028382591,False,False,False,False,False,True
principal_positive_lower_bounds,0.05,0.1,0.05,True,student_t,0.3,0,-46.6130660996,0.228925401695,optimal,land;cvar,1,Soybean<Corn,True,False,False,,selected_pairwise_reversal,Winter Wheat,0.486181127059,0.0001,0.0001,174.329613239,-46.6130660996,0,0.351840448034,0.161978424907,0.486181127059,True,True,False,False,False,False,False,0.486181127059,0.486181127059,0.324202702152,0.324202702152,0.324202702152,False,False,False,False,False,0.134340679026,0.134340679026,0.134340679026,False,False,False,False,False,-0.189862023126,-0.189862023126,-0.189862023126,True,True,True,False,False,True
principal_positive_lower_bounds,0.05,0.1,0.05,True,student_t,0.3,0.1,-43.6138235732,0.228925401695,optimal,land;budget;cvar,2,Winter Wheat<Corn;Soybean<Corn,True,False,False,,selected_pairwise_reversal,Winter Wheat,0.336858204578,0.0001,0.0001,186.093010574,-43.6138235732,0,0.404297131287,0.258844664135,0.336858204578,True,True,False,False,False,False,False,0.336858199995,0.336858234368,0.0780135404434,0.0780135404434,0.0780135891632,False,False,False,False,False,-0.0674389267087,-0.0674389409556,-0.0674388606896,True,True,True,False,False,-0.145452467152,-0.14545250532,-0.145452424484,True,True,True,False,False,True
principal_positive_lower_bounds,0.05,0.1,0.05,True,student_t,0.3,0.2,-40.6145810467,0.228925401695,optimal,land;budget;cvar,3,Winter Wheat<Soybean;Winter Wheat<Corn;Soybean<Corn,True,True,False,,selected_complete_rank_reversal,Winter Wheat,0.290221814483,0.0001,0.0001,190.485707427,-40.6145810467,0,0.382567585431,0.327210600086,0.290221814483,True,True,True,True,False,False,False,0.290221806978,0.290221843629,-0.0369887856036,-0.0369887856036,-0.0369887357338,True,True,True,False,False,-0.0923457709487,-0.0923457883988,-0.092345710817,True,True,True,False,False,-0.0553569853452,-0.0553570244143,-0.0553569525211,True,True,True,False,False,False
principal_positive_lower_bounds,0.05,0.1,0.05,True,student_t,0.3,0.3,-37.6153385203,0.228925401695,optimal,land;budget;cvar,2,Winter Wheat<Soybean;Winter Wheat<Corn,True,True,False,,selected_complete_rank_reversal,Winter Wheat,0.250307763704,0.0001,0.0001,194.245224939,-37.6153385203,0,0.363970215547,0.385722020748,0.250307763704,True,True,True,True,False,False,False,0.250307754025,0.250307792951,-0.135414257044,-0.135414257044,-0.13541420619,True,True,True,False,False,-0.113662451843,-0.113662471702,-0.113662393154,True,True,True,False,False,0.0217518052012,0.021751765361,0.0217518348412,False,False,False,False,False,False
principal_positive_lower_bounds,0.05,0.1,0.05,True,student_t,0.3,0.4,-34.6160959938,0.228925401695,optimal,land;budget;cvar,2,Winter Wheat<Soybean;Winter Wheat<Corn,True,True,False,,selected_complete_rank_reversal,Winter Wheat,0.215386555839,0.0001,0.0001,197.534464942,-34.6160959938,0,0.347699188006,0.436914256155,0.215386555839,True,True,True,True,False,False,False,0.215386545674,0.215386585544,-0.221527700316,-0.221527700316,-0.221527648601,True,True,True,False,False,-0.132312632168,-0.13231265269,-0.132312572687,True,True,True,False,False,0.0892150681482,0.0892150276333,0.0892150979958,False,False,False,False,False,False
principal_positive_lower_bounds,0.05,0.1,0.05,True,student_t,0.3,0.5,-31.6168534674,0.228925401695,optimal,land;budget;cvar,2,Winter Wheat<Soybean;Winter Wheat<Corn,True,True,False,,selected_complete_rank_reversal,Winter Wheat,0.183989632194,0.0001,0.0001,200.491751461,-31.6168534674,0,0.333070249303,0.482940118503,0.183989632194,True,True,True,True,False,False,False,0.183989620003,0.183989662212,-0.298950486308,-0.298950487345,-0.298950433819,True,True,True,False,False,-0.149080617109,-0.149080639848,-0.149080557468,True,True,True,False,False,0.1498698692,0.149869828078,0.149869898429,False,False,False,False,False,False
principal_positive_lower_bounds,0.05,0.1,0.05,True,student_t,0.3,0.6,-28.617610941,0.228925401695,optimal,land;budget;cvar,2,Winter Wheat<Soybean;Winter Wheat<Corn,True,True,False,,selected_complete_rank_reversal,Winter Wheat,0.159486381058,0.0001,0.0001,202.799720708,-28.617610941,0,0.321653316773,0.51886030217,0.159486381058,True,True,True,True,False,False,False,0.159486366964,0.159486410755,-0.359373921112,-0.359373924979,-0.359373868018,True,True,True,False,False,-0.162166935715,-0.162166960512,-0.16216687907,True,True,True,False,False,0.197206985397,0.197206943802,0.197207009596,False,False,False,False,False,False
principal_positive_lower_bounds,0.05,0.1,0.05,True,student_t,0.3,0.7,-25.6183684145,0.228925401695,optimal,land;budget;cvar,2,Winter Wheat<Soybean;Winter Wheat<Corn,True,True,False,,selected_complete_rank_reversal,Winter Wheat,0.13597158787,0.0001,0.0001,205.014586778,-25.6183684145,0,0.310696941808,0.553331470322,0.13597158787,True,True,True,True,False,False,False,0.135971573057,0.135971617705,-0.417359882452,-0.417359887264,-0.417359828779,True,True,True,False,False,-0.174725353939,-0.174725379582,-0.174725297705,True,True,True,False,False,0.242634528514,0.242634486464,0.242634551477,False,False,False,False,False,False
principal_positive_lower_bounds,0.05,0.1,0.05,True,student_t,0.3,0.8,-22.6191258881,0.228925401695,optimal,land;budget;cvar,2,Winter Wheat<Soybean;Winter Wheat<Corn,True,True,False,,selected_complete_rank_reversal,Winter Wheat,0.113375511823,0.0001,0.0001,207.142918579,-22.6191258881,-2.22044604925e-16,0.300168629698,0.586455858478,0.113375511823,True,True,True,True,False,False,False,0.113375496748,0.113375542001,-0.473080346655,-0.473080351692,-0.473080292424,True,True,True,False,False,-0.186793117875,-0.186793143896,-0.186793060873,True,True,True,False,False,0.28628722878,0.286287186294,0.28628725225,False,False,False,False,False,False
principal_positive_lower_bounds,0.05,0.1,0.05,True,student_t,0.3,0.9,-19.6198833616,0.228925401695,optimal,land;budget;cvar,2,Winter Wheat<Soybean;Winter Wheat<Corn,True,True,False,,selected_complete_rank_reversal,Winter Wheat,0.0915261607096,0.0001,0.0001,209.200916115,-19.6198833616,0,0.289988243181,0.618485596109,0.0915261607096,True,True,True,True,False,False,False,0.0915261455014,0.0915261912298,-0.5269594354,-0.526959440459,-0.52695938063,True,True,True,False,False,-0.198462082472,-0.198462108733,-0.198462024669,True,True,True,False,False,0.328497352928,0.32849731002,0.328497376973,False,False,False,False,False,False
principal_positive_lower_bounds,0.05,0.1,0.05,True,student_t,0.3,1,-16.6206408352,0.228925401695,optimal,land;budget;cvar;upper_bound,2,Winter Wheat<Soybean;Winter Wheat<Corn,True,True,False,,selected_complete_rank_reversal,Winter Wheat,0.0700283487798,0.0001,0.0001,211.225802059,-16.6206408352,0,0.27997165122,0.65,0.0700283487798,True,True,True,True,False,False,False,0.0700283331902,0.0700283795332,-0.57997165122,-0.579971656703,-0.579971595921,True,True,True,False,False,-0.20994330244,-0.209943329195,-0.209943244422,True,True,True,False,False,0.37002834878,0.370028305457,0.370028372556,False,False,False,False,False,True
principal_positive_lower_bounds,0.05,0.1,0.05,True,student_t,0.45,0,-29.3256319831,0.349875190969,optimal,land;cvar;upper_bound,0,,False,False,False,,no_reversal,Winter Wheat,0.6,0.0001,0.0001,169.456073132,-29.3256319831,0,0.171727989018,0.228272010982,0.6,False,False,False,False,False,False,False,0.6,0.6,0.371727989018,0.371727989018,0.371727989018,False,False,False,False,False,0.428272010982,0.428272010982,0.428272010982,False,False,False,False,False,0.0565440219632,0.0565440219634,0.0565440219632,False,False,False,False,False,True
principal_positive_lower_bounds,0.05,0.1,0.05,True,student_t,0.45,0.1,-26.6021991962,0.349875190969,optimal,land;cvar,0,,False,False,False,,no_reversal,Winter Wheat,0.500048945255,0.0001,0.0001,177.89087536,-26.6021991962,0,0.183100720346,0.316850334399,0.500048945255,False,False,False,False,False,False,False,0.500048844195,0.500049042882,0.183198610856,0.18319855519,0.183198802881,False,False,False,False,False,0.316948224909,0.316947729704,0.316948573457,False,False,False,False,False,0.133749614053,0.133748926823,0.133750018268,False,False,False,False,False,True
principal_positive_lower_bounds,0.05,0.1,0.05,True,student_t,0.45,0.2,-23.8787664092,0.349875190969,optimal,land;cvar,0,,False,False,False,,no_reversal,Winter Wheat,0.408288578839,0.0001,0.0001,183.848601703,-23.8787664092,0,0.259839747574,0.331871673586,0.408288578839,False,False,False,False,False,False,False,0.408288458237,0.408288711988,0.0764169052531,0.0764168075169,0.0764171238514,False,False,False,False,False,0.148448831265,0.148448250861,0.148449328447,False,False,False,False,False,0.0720319260118,0.0720311270095,0.0720325209303,False,False,False,False,False,False
principal_positive_lower_bounds,0.05,0.1,0.05,True,student_t,0.45,0.3,-21.1553336223,0.349875190969,optimal,land;cvar,1,Winter Wheat<Soybean,True,False,False,,selected_pairwise_reversal,Winter Wheat,0.33373944815,0.0001,0.0001,188.857187138,-21.1553336223,0,0.315935881604,0.350324670246,0.33373944815,True,True,False,False,False,False,False,0.33373935252,0.333739662327,-0.0165852220966,-0.0165854189865,-0.0165850327709,True,True,True,False,False,0.0178035665453,0.0178030903319,0.0178044059665,False,False,False,False,False,0.0343887886419,0.0343881231028,0.034389824953,False,False,False,False,False,False
principal_positive_lower_bounds,0.05,0.1,0.05,True,student_t,0.45,0.4,-18.4319008353,0.349875190969,optimal,land;cvar,2,Winter Wheat<Soybean;Winter Wheat<Corn,True,True,False,,selected_complete_rank_reversal,Winter Wheat,0.270699645965,0.0001,0.0001,193.450160454,-18.4319008353,1.11022302463e-16,0.350094520583,0.379205833452,0.270699645965,True,True,True,True,False,False,False,0.270699557931,0.27070012158,-0.108506187488,-0.10850670859,-0.108506005925,True,True,True,False,False,-0.0793948746179,-0.0793953202833,-0.0793929266712,True,True,True,False,False,0.0291113128698,0.0291106856416,0.0291137819188,False,False,False,False,False,False
principal_positive_lower_bounds,0.05,0.1,0.05,True,student_t,0.45,0.5,-15.7084680484,0.349875190969,optimal,land;budget;cvar,2,Winter Wheat<Soybean;Winter Wheat<Corn,True,True,False,,selected_complete_rank_reversal,Winter Wheat,0.224468083064,0.0001,0.0001,197.443850763,-15.7084680484,1.11022302463e-16,0.351930593179,0.423601323758,0.224468083064,True,True,True,True,False,False,False,0.224468076225,0.224468139298,-0.199133240694,-0.199133240694,-0.199133192008,True,True,True,False,False,-0.127462510115,-0.127462526698,-0.127462344606,True,True,True,False,False,0.071670730579,0.0716706924374,0.0716708928937,False,False,False,False,False,True
principal_positive_lower_bounds,0.05,0.1,0.05,True,student_t,0.45,0.6,-12.9850352614,0.349875190969,optimal,land;budget;cvar,2,Winter Wheat<Soybean;Winter Wheat<Corn,True,True,False,,selected_complete_rank_reversal,Winter Wheat,0.192771468869,0.0001,0.0001,200.613675144,-12.9850352614,2.22044604925e-16,0.337162018034,0.470066513098,0.192771468869,True,True,True,True,False,False,False,0.19277146192,0.192771526006,-0.277295044229,-0.277295044229,-0.277294994761,True,True,True,False,False,-0.144390549165,-0.144390566015,-0.144390380999,True,True,True,False,False,0.132904495064,0.13290445631,0.132904659984,False,False,False,False,False,False
principal_positive_lower_bounds,0.05,0.1,0.05,True,student_t,0.45,0.7,-10.2616024745,0.349875190969,optimal,land;budget;cvar,2,Winter Wheat<Soybean;Winter Wheat<Corn,True,True,False,,selected_complete_rank_reversal,Winter Wheat,0.161107395451,0.0001,0.0001,203.780245279,-10.2616024745,0,0.322408604789,0.51648399976,0.161107395451,True,True,True,True,False,False,False,0.161107388665,0.161107457432,-0.35537660431,-0.355376605928,-0.355376554061,True,True,True,False,False,-0.161301209339,-0.161301226176,-0.161301021775,True,True,True,False,False,0.194075394971,0.194075355605,0.194075584152,False,False,False,False,False,False
principal_positive_lower_bounds,0.05,0.1,0.05,True,student_t,0.45,0.8,-7.53816968752,0.349875190969,optimal,land;budget;cvar,2,Winter Wheat<Soybean;Winter Wheat<Corn,True,True,False,,selected_complete_rank_reversal,Winter Wheat,0.130345906399,0.0001,0.0001,206.856552338,-7.53816968752,0,0.308075737568,0.561578356034,0.130345906399,True,True,True,True,False,False,False,0.13034589929,0.130345966794,-0.431232449635,-0.431232449635,-0.431232398628,True,True,True,False,False,-0.177729831169,-0.177729848485,-0.177729651484,True,True,True,False,False,0.253502618466,0.253502578506,0.25350279665,False,False,False,False,False,False
principal_positive_lower_bounds,0.05,0.1,0.05,True,student_t,0.45,0.9,-4.81473690057,0.349875190969,optimal,land;budget;cvar,2,Winter Wheat<Soybean;Winter Wheat<Corn,True,True,False,,selected_complete_rank_reversal,Winter Wheat,0.100004037608,0.0001,0.0001,209.890895213,-4.81473690057,1.11022302463e-16,0.293938386287,0.606057576104,0.100004037608,True,True,True,True,False,False,False,0.10000402997,0.100004094149,-0.506053538496,-0.506053538496,-0.506053486741,True,True,True,False,False,-0.193934348679,-0.193934366683,-0.193934186491,True,True,True,False,False,0.312119189817,0.312119149271,0.312119344571,False,False,False,False,False,False
principal_positive_lower_bounds,0.05,0.1,0.05,True,student_t,0.45,1,-2.09130411362,0.349875190969,optimal,land;budget;cvar;upper_bound,2,Winter Wheat<Soybean;Winter Wheat<Corn,True,True,False,,selected_complete_rank_reversal,Winter Wheat,0.0700283487798,0.0001,0.0001,212.888618209,-2.09130411362,2.22044604925e-16,0.27997165122,0.65,0.0700283487798,True,True,True,True,False,False,False,0.0700283403977,0.0700283839579,-0.57997165122,-0.57997165122,-0.579971598726,True,True,True,False,False,-0.20994330244,-0.20994332135,-0.209943232084,True,True,True,False,False,0.37002834878,0.370028307655,0.370028383958,False,False,False,False,False,True
principal_positive_lower_bounds,0.05,0.1,0.05,True,student_t,0.6,0,-44.4615651446,0.500081075747,optimal,land;cvar;upper_bound,0,,False,False,False,,no_reversal,Winter Wheat,0.6,0.0001,0.0001,172.043389989,-44.4615651446,0,0.0866732161894,0.313326783811,0.6,False,False,False,False,False,False,False,0.6,0.6,0.286673216189,0.286673216189,0.286673216189,False,False,False,False,False,0.513326783811,0.513326783811,0.513326783811,False,False,False,False,False,0.226653567621,0.226653567621,0.226653567621,False,False,False,False,False,True
principal_positive_lower_bounds,0.05,0.1,0.05,True,student_t,0.6,0.1,-43.5506429225,0.500081075747,optimal,land;cvar;lower_bound,0,,False,False,False,,no_reversal,Winter Wheat,0.535038083769,0.0001,0.0001,179.125442714,-43.5506429225,0,0.05,0.414961916231,0.535038083769,False,False,False,False,False,False,False,0.535015641645,0.53503810351,0.120076167538,0.120076167538,0.120094234216,False,False,False,False,False,0.485038083769,0.484952690719,0.48503810351,False,False,False,False,False,0.364961916231,0.364858456504,0.364961916231,False,False,False,False,False,True
principal_positive_lower_bounds,0.05,0.1,0.05,True,student_t,0.6,0.2,-42.6397207005,0.500081075747,optimal,land;cvar,0,,False,False,False,,no_reversal,Winter Wheat,0.449600235857,0.0001,0.0001,184.921616459,-42.6397207005,0,0.110427143683,0.439972620459,0.449600235857,False,False,False,False,False,False,False,0.449600196232,0.449600413482,0.00962761539814,0.00962752995652,0.00962770431437,False,False,False,False,False,0.339173092174,0.339172884382,0.339173710489,False,False,False,False,False,0.329545476776,0.329545180067,0.329546180532,False,False,False,False,False,True
principal_positive_lower_bounds,0.05,0.1,0.05,True,student_t,0.6,0.3,-41.7287984785,0.500081075747,optimal,land;cvar,1,Winter Wheat<Soybean,True,False,False,,selected_pairwise_reversal,Winter Wheat,0.3868164631,0.0001,0.0001,189.660019233,-41.7287984785,0,0.140034572562,0.473148964339,0.3868164631,True,True,False,False,False,False,False,0.386816361585,0.386816613603,-0.086332501239,-0.0863325634508,-0.0863323611887,True,True,True,False,False,0.246781890538,0.246781445943,0.24678240426,False,False,False,False,False,0.333114391777,0.333113807132,0.333114967711,False,False,False,False,False,False
principal_positive_lower_bounds,0.05,0.1,0.05,True,student_t,0.6,0.4,-40.8178762564,0.500081075747,optimal,land;cvar,1,Winter Wheat<Soybean,True,False,False,,selected_pairwise_reversal,Winter Wheat,0.347268321808,0.0001,0.0001,193.934944136,-40.8178762564,0,0.118837334007,0.533894344185,0.347268321808,True,True,False,False,False,False,False,0.347268268689,0.347268966155,-0.186626022377,-0.186626479611,-0.186625919847,True,True,True,False,False,0.228430987801,0.228430725913,0.228433378075,False,False,False,False,False,0.415057010178,0.415056645759,0.415059857686,False,False,False,False,False,False
principal_positive_lower_bounds,0.05,0.1,0.05,True,student_t,0.6,0.5,-39.9069540344,0.500081075747,optimal,land;cvar,1,Winter Wheat<Soybean,True,False,False,,selected_pairwise_reversal,Winter Wheat,0.315074750135,0.0001,0.0001,198.177615621,-39.9069540344,1.11022302463e-16,0.0780245727229,0.606900677142,0.315074750135,True,True,False,False,False,False,False,0.315074695853,0.315075408578,-0.291825927007,-0.291826394245,-0.291825822234,True,True,True,False,False,0.237050177412,0.237049909795,0.237052619978,False,False,False,False,False,0.528876104419,0.528875732029,0.528879014222,False,False,False,False,False,False
principal_positive_lower_bounds,0.05,0.1,0.05,True,student_t,0.6,0.6,-38.9960318124,0.500081075747,optimal,land;cvar;upper_bound,1,Winter Wheat<Soybean,True,False,False,,selected_pairwise_reversal,Winter Wheat,0.272674632486,0.0001,0.0001,202.047653734,-38.9960318124,0,0.0773253675142,0.65,0.272674632486,True,True,False,False,False,False,False,0.272674577144,0.272674667105,-0.377325367514,-0.377325367514,-0.377325260695,True,True,True,False,False,0.195349264972,0.195348992128,0.19534933421,False,False,False,False,False,0.572674632486,0.572674252823,0.572674667105,False,False,False,False,False,True
principal_positive_lower_bounds,0.05,0.1,0.05,True,student_t,0.6,0.7,-38.0851095903,0.500081075747,optimal,land;cvar;upper_bound,1,Winter Wheat<Soybean,True,False,False,,selected_pairwise_reversal,Winter Wheat,0.215669259841,0.0001,0.0001,205.374644574,-38.0851095903,0,0.134330740159,0.65,0.215669259841,True,True,False,False,False,False,False,0.215669224387,0.215669295031,-0.434330740159,-0.434330740159,-0.434330648273,True,True,True,False,False,0.081338519683,0.081338321434,0.0813385900616,False,False,False,False,False,0.515669259841,0.515668969707,0.515669295031,False,False,False,False,False,False
principal_positive_lower_bounds,0.05,0.1,0.05,True,student_t,0.6,0.8,-37.1741873683,0.500081075747,optimal,land;cvar;upper_bound,2,Winter Wheat<Soybean;Winter Wheat<Corn,True,True,False,,selected_complete_rank_reversal,Winter Wheat,0.161764615162,0.0001,0.0001,208.520668375,-37.1741873683,0,0.188235384838,0.65,0.161764615162,True,True,True,True,False,False,False,0.161764579164,0.16176465089,-0.488235384838,-0.488235384838,-0.488235291545,True,True,True,False,False,-0.0264707696767,-0.0264709709626,-0.02647069822,True,True,True,False,False,0.461764615162,0.461764320582,0.46176465089,False,False,False,False,False,False
principal_positive_lower_bounds,0.05,0.1,0.05,True,student_t,0.6,0.9,-36.2632651462,0.500081075747,optimal,land;cvar;upper_bound,2,Winter Wheat<Soybean;Winter Wheat<Corn,True,True,False,,selected_complete_rank_reversal,Winter Wheat,0.108609557208,0.0001,0.0001,211.622944226,-36.2632651462,0,0.241390442792,0.65,0.108609557208,True,True,True,True,False,False,False,0.10860955231,0.108609593468,-0.541390442792,-0.541390442792,-0.541390373499,True,True,True,False,False,-0.132780885583,-0.132780969571,-0.132780813063,True,True,True,False,False,0.408609557208,0.408609403928,0.408609593468,False,False,False,False,False,False
principal_positive_lower_bounds,0.05,0.1,0.05,True,student_t,0.6,1,-35.3523429242,0.500081075747,optimal,land;budget;cvar;upper_bound,2,Winter Wheat<Soybean;Winter Wheat<Corn,True,True,False,,selected_complete_rank_reversal,Winter Wheat,0.0700283487798,0.0001,0.0001,213.874650006,-35.3523429242,0,0.27997165122,0.65,0.0700283487798,True,True,True,True,False,False,False,0.0700283487798,0.0700283854256,-0.57997165122,-0.57997165122,-0.579971601384,True,True,True,False,False,-0.20994330244,-0.209943303326,-0.209943229149,True,True,True,False,False,0.37002834878,0.370028309737,0.370028385426,False,False,False,False,False,True
principal_positive_lower_bounds,0.05,0.1,0.05,True,clayton,0,0,-78.1028053441,0,optimal,land;cvar,0,,False,False,False,,no_reversal,Winter Wheat,0.518833080428,0.0001,0.0001,174.698228813,-78.1028053441,0,0.223695884646,0.257471034926,0.518833080428,False,False,False,False,False,False,False,0.518833080428,0.518833080428,0.261362045503,0.261362045503,0.261362045503,False,False,False,False,False,0.295137195783,0.295137195783,0.295137195782,False,False,False,False,False,0.0337751502799,0.03377515028,0.0337751502799,False,False,False,False,False,True
principal_positive_lower_bounds,0.05,0.1,0.05,True,clayton,0,0.1,-75.0791868157,0,optimal,land;cvar,0,,False,False,False,,no_reversal,Winter Wheat,0.423474484283,0.0001,0.0001,183.601467857,-75.0791868157,0,0.235357163199,0.341168352518,0.423474484283,False,False,False,False,False,False,False,0.423473774619,0.423474725394,0.082306131765,0.0823060606835,0.082306524405,False,False,False,False,False,0.188117321085,0.188114799453,0.1881181155,False,False,False,False,False,0.10581118932,0.105808275048,0.105812054816,False,False,False,False,False,False
principal_positive_lower_bounds,0.05,0.1,0.05,True,clayton,0,0.2,-72.0555682872,0,optimal,land;cvar,1,Winter Wheat<Soybean,True,False,False,,selected_pairwise_reversal,Winter Wheat,0.378412077902,0.0001,0.0001,187.973170474,-72.0555682872,0,0.236702391899,0.384885530199,0.378412077902,True,True,False,False,False,False,False,0.378411996925,0.378414643083,-0.00647345229729,-0.00647465578919,-0.00647336517926,True,True,True,False,False,0.141709686003,0.141709355955,0.141718585037,False,False,False,False,False,0.1481831383,0.148182721135,0.148193240826,False,False,False,False,False,False
principal_positive_lower_bounds,0.05,0.1,0.05,True,clayton,0,0.3,-69.0319497588,0,optimal,land;cvar,1,Winter Wheat<Soybean,True,False,False,,selected_pairwise_reversal,Winter Wheat,0.337447825909,0.0001,0.0001,191.842990049,-69.0319497588,0,0.240567815914,0.421984358177,0.337447825909,True,True,False,False,False,False,False,0.337447708107,0.337450443899,-0.0845365322686,-0.0845377605368,-0.0845364262092,True,True,True,False,False,0.0968800099946,0.0968795505289,0.0968890922338,False,False,False,False,False,0.181416542263,0.181415976738,0.181426852771,False,False,False,False,False,False
principal_positive_lower_bounds,0.05,0.1,0.05,True,clayton,0,0.4,-66.0083312303,0,optimal,land;cvar,1,Winter Wheat<Soybean,True,False,False,,selected_pairwise_reversal,Winter Wheat,0.297195858238,0.0001,0.0001,195.67175291,-66.0083312303,0,0.243701448112,0.45910269365,0.297195858238,True,True,False,False,False,False,False,0.297195731082,0.297196559653,-0.161906835413,-0.16190712794,-0.161906723821,True,True,True,False,False,0.0534944101259,0.053493917068,0.0534968068995,False,False,False,False,False,0.215401245538,0.215400640889,0.21540393484,False,False,False,False,False,False
principal_positive_lower_bounds,0.05,0.1,0.05,True,clayton,0,0.5,-62.9847127019,0,optimal,land;cvar,1,Winter Wheat<Soybean,True,False,False,,selected_pairwise_reversal,Winter Wheat,0.259700152616,0.0001,0.0001,199.476369901,-62.9847127019,0,0.240589984852,0.499709862532,0.259700152616,True,True,False,False,False,False,True,0.259655155133,0.259700359042,-0.240009709915,-0.240009760058,-0.239987712762,True,True,True,False,False,0.0191101677647,0.0189531781618,0.0191108371852,False,False,False,False,False,0.25911987768,0.258940890923,0.259120597243,False,False,False,False,False,False
principal_positive_lower_bounds,0.05,0.1,0.05,True,clayton,0,0.6,-59.9610941734,0,optimal,land;cvar,2,Winter Wheat<Soybean;Winter Wheat<Corn,True,True,False,,selected_complete_rank_reversal,Winter Wheat,0.222110224451,0.0001,0.0001,203.254520146,-59.9610941734,0,0.238383461539,0.539506314009,0.222110224451,True,True,True,True,False,False,True,0.2220643747,0.222110460142,-0.317396089558,-0.317396153016,-0.31737367577,True,True,True,False,False,-0.0162732370877,-0.0164332001286,-0.0162724665567,True,True,True,False,False,0.30112285247,0.300940475642,0.30112368646,False,False,False,False,False,False
principal_positive_lower_bounds,0.05,0.1,0.05,True,clayton,0,0.7,-56.937475645,0,optimal,land;cvar,2,Winter Wheat<Soybean;Winter Wheat<Corn,True,True,False,,selected_complete_rank_reversal,Winter Wheat,0.177752667998,0.0001,0.0001,206.740537966,-56.937475645,0,0.260414196268,0.561833135734,0.177752667998,True,True,True,True,False,False,False,0.177752538838,0.177756007879,-0.384080467737,-0.384082044318,-0.384080352364,True,True,True,False,False,-0.0826615282701,-0.0826620311227,-0.0826499320459,True,True,True,False,False,0.301418939467,0.301418321241,0.301432112272,False,False,False,False,False,False
principal_positive_lower_bounds,0.05,0.1,0.05,True,clayton,0,0.8,-53.9138571165,0,optimal,land;cvar,2,Winter Wheat<Soybean;Winter Wheat<Corn,True,True,False,,selected_complete_rank_reversal,Winter Wheat,0.141353370418,0.0001,0.0001,210.192591287,-53.9138571165,0,0.263507429398,0.595139200184,0.141353370418,True,True,True,True,False,False,False,0.141353282934,0.141356766067,-0.453785829765,-0.453787432672,-0.453785733844,True,True,True,False,False,-0.12215405898,-0.122154417355,-0.122142269127,True,True,True,False,False,0.331631770786,0.331631316488,0.331645163544,False,False,False,False,False,False
principal_positive_lower_bounds,0.05,0.1,0.05,True,clayton,0,0.9,-50.8902385881,0,optimal,land;cvar,2,Winter Wheat<Soybean;Winter Wheat<Corn,True,True,False,,selected_complete_rank_reversal,Winter Wheat,0.104547716237,0.0001,0.0001,213.460559058,-50.8902385881,0,0.272275408224,0.623176875539,0.104547716237,True,True,True,True,False,False,False,0.104547410575,0.10454827087,-0.518629159302,-0.518629375732,-0.518628956141,True,True,True,False,False,-0.167727691988,-0.167728812135,-0.167725811657,True,True,True,False,False,0.350901467314,0.350900144006,0.350903564076,False,False,False,False,False,False
principal_positive_lower_bounds,0.05,0.1,0.05,True,clayton,0,1,-47.8666200596,0,optimal,land;budget;cvar;upper_bound,2,Winter Wheat<Soybean;Winter Wheat<Corn,True,True,False,,selected_complete_rank_reversal,Winter Wheat,0.0700283487798,0.0001,0.0001,216.546332416,-47.8666200596,0,0.27997165122,0.65,0.0700283487798,True,True,True,True,False,False,False,0.0700283472984,0.0700283856564,-0.57997165122,-0.57997165122,-0.579971605417,True,True,True,False,False,-0.20994330244,-0.209943313653,-0.209943228687,True,True,True,False,False,0.37002834878,0.370028312897,0.370028385656,False,False,False,False,False,True
principal_positive_lower_bounds,0.05,0.1,0.05,True,clayton,0.15,0,-33.6104880805,0.140307756039,optimal,land;cvar,1,Soybean<Corn,True,False,False,,selected_pairwise_reversal,Winter Wheat,0.433596198816,0.0001,0.0001,178.992031738,-33.6104880805,0,0.283851582325,0.282552218859,0.433596198816,True,True,False,False,False,False,False,0.433596198816,0.433596198815,0.151043979957,0.151043979957,0.151043979956,False,False,False,False,False,0.149744616491,0.149744616491,0.14974461649,False,False,False,False,False,-0.0012993634662,-0.00129936346614,-0.00129936346643,True,True,True,False,False,True
principal_positive_lower_bounds,0.05,0.1,0.05,True,clayton,0.15,0.1,-32.4141993877,0.140307756039,optimal,land;cvar,1,Winter Wheat<Soybean,True,False,False,,selected_pairwise_reversal,Winter Wheat,0.346496111733,0.0001,0.0001,186.63666319,-32.4141993877,0,0.288951132021,0.364552756245,0.346496111733,True,True,False,False,False,False,False,0.346492636234,0.346496186054,-0.0180566445117,-0.0180566499842,-0.0180535216292,True,True,True,False,False,0.0575449797121,0.0575314303308,0.0575452081469,False,False,False,False,False,0.0756016242238,0.07558495196,0.0756018581311,False,False,False,False,False,False
principal_positive_lower_bounds,0.05,0.1,0.05,True,clayton,0.15,0.2,-31.217910695,0.140307756039,optimal,land;cvar,2,Winter Wheat<Soybean;Winter Wheat<Corn,True,True,False,,selected_complete_rank_reversal,Winter Wheat,0.293773280174,0.0001,0.0001,190.854619027,-31.217910695,0,0.30520599354,0.401020726285,0.293773280174,True,True,True,True,False,False,False,0.293772857656,0.293773434326,-0.107247446111,-0.107247520579,-0.107247012377,True,True,True,False,False,-0.0114327133662,-0.0114344146554,-0.0114321764443,True,True,True,False,False,0.0958147327447,0.0958125977214,0.0958153441349,False,False,False,False,False,False
principal_positive_lower_bounds,0.05,0.1,0.05,True,clayton,0.15,0.3,-30.0216220022,0.140307756039,optimal,land;cvar,2,Winter Wheat<Soybean;Winter Wheat<Corn,True,True,False,,selected_complete_rank_reversal,Winter Wheat,0.254128885495,0.0001,0.0001,194.129591659,-30.0216220022,-2.22044604925e-16,0.314105667202,0.431765447302,0.254128885495,True,True,True,True,False,False,False,0.254128455727,0.254129042292,-0.177636561807,-0.177636637553,-0.17763612063,True,True,True,False,False,-0.0599767817069,-0.0599785121894,-0.0599762355717,True,True,True,False,False,0.1176597801,0.117657608441,0.117660401981,False,False,False,False,False,False
principal_positive_lower_bounds,0.05,0.1,0.05,True,clayton,0.15,0.4,-28.8253333094,0.140307756039,optimal,land;cvar,2,Winter Wheat<Soybean;Winter Wheat<Corn,True,True,False,,selected_complete_rank_reversal,Winter Wheat,0.21765228571,0.0001,0.0001,197.204547857,-28.8253333094,0,0.32031080436,0.46203690993,0.21765228571,True,True,True,True,False,False,False,0.217652022415,0.217652486775,-0.244384624221,-0.244384737991,-0.244384328763,True,True,True,False,False,-0.10265851865,-0.102659603993,-0.102657801683,True,True,True,False,False,0.141726105571,0.14172472477,0.141726936308,False,False,False,False,False,False
principal_positive_lower_bounds,0.05,0.1,0.05,True,clayton,0.15,0.5,-27.6290446167,0.140307756039,optimal,land;cvar,2,Winter Wheat<Soybean;Winter Wheat<Corn,True,True,False,,selected_complete_rank_reversal,Winter Wheat,0.184672614147,0.0001,0.0001,200.169695728,-27.6290446167,0,0.319971894395,0.495355491458,0.184672614147,True,True,True,True,False,False,False,0.184672415484,0.184672978842,-0.310682877311,-0.310683134328,-0.310682637858,True,True,True,False,False,-0.135299280247,-0.135300115689,-0.135297929147,True,True,True,False,False,0.175383597064,0.175382522169,0.175385205182,False,False,False,False,False,False
principal_positive_lower_bounds,0.05,0.1,0.05,True,clayton,0.15,0.6,-26.4327559239,0.140307756039,optimal,land;budget;cvar,2,Winter Wheat<Soybean;Winter Wheat<Corn,True,True,False,,selected_complete_rank_reversal,Winter Wheat,0.155720094861,0.0001,0.0001,202.765800868,-26.4327559239,1.11022302463e-16,0.319898470644,0.524381434494,0.155720094861,True,True,True,True,False,False,False,0.155720092476,0.155720174336,-0.368661339633,-0.36866134446,-0.368661291591,True,True,True,False,False,-0.164178375783,-0.164178387903,-0.16417813253,True,True,True,False,False,0.20448296385,0.204482926213,0.20448321193,False,False,False,False,False,True
principal_positive_lower_bounds,0.05,0.1,0.05,True,clayton,0.15,0.7,-25.2364672312,0.140307756039,optimal,land;budget;cvar,2,Winter Wheat<Soybean;Winter Wheat<Corn,True,True,False,,selected_complete_rank_reversal,Winter Wheat,0.134148615022,0.0001,0.0001,205.010882583,-25.2364672312,0,0.309847554195,0.556003830784,0.134148615022,True,True,True,True,False,False,False,0.13414861261,0.134148695377,-0.421855215762,-0.421855220643,-0.421855167188,True,True,True,False,False,-0.175698939173,-0.175698951428,-0.175698693227,True,True,True,False,False,0.246156276589,0.246156238535,0.246156527415,False,False,False,False,False,False
principal_positive_lower_bounds,0.05,0.1,0.05,True,clayton,0.15,0.8,-24.0401785384,0.140307756039,optimal,land;budget;cvar,2,Winter Wheat<Soybean;Winter Wheat<Corn,True,True,False,,selected_complete_rank_reversal,Winter Wheat,0.112657358383,0.0001,0.0001,207.247614956,-24.0401785384,-2.22044604925e-16,0.299834016576,0.587508625041,0.112657358383,True,True,True,True,False,False,False,0.112657355335,0.112657422862,-0.474851266658,-0.474851266658,-0.474851217554,True,True,True,False,False,-0.187176658193,-0.18717667121,-0.187176474587,True,True,True,False,False,0.287674608465,0.287674569996,0.287674782242,False,False,False,False,False,False
principal_positive_lower_bounds,0.05,0.1,0.05,True,clayton,0.15,0.9,-22.8438898457,0.140307756039,optimal,land;budget;cvar,2,Winter Wheat<Soybean;Winter Wheat<Corn,True,True,False,,selected_complete_rank_reversal,Winter Wheat,0.0913428535814,0.0001,0.0001,209.465951637,-22.8438898457,0,0.289902833898,0.618754312521,0.0913428535814,True,True,True,True,False,False,False,0.0913428505007,0.0913429187502,-0.527411458939,-0.527411458939,-0.527411409309,True,True,True,False,False,-0.198559980317,-0.198559993473,-0.198559794745,True,True,True,False,False,0.328851478623,0.328851439741,0.328851654259,False,False,False,False,False,False
principal_positive_lower_bounds,0.05,0.1,0.05,True,clayton,0.15,1,-21.6476011529,0.140307756039,optimal,land;budget;cvar;upper_bound,2,Winter Wheat<Soybean;Winter Wheat<Corn,True,True,False,,selected_complete_rank_reversal,Winter Wheat,0.0700283487798,0.0001,0.0001,211.684288318,-21.6476011529,0,0.27997165122,0.65,0.0700283487798,True,True,True,True,False,False,False,0.0700283456665,0.0700283849681,-0.57997165122,-0.57997165122,-0.579971601065,True,True,True,False,False,-0.20994330244,-0.209943315736,-0.209943230064,True,True,True,False,False,0.37002834878,0.370028309487,0.370028384968,False,False,False,False,False,True
principal_positive_lower_bounds,0.05,0.1,0.05,True,clayton,0.3,0,-29.1117913795,0.44544935907,optimal,land;cvar;upper_bound,1,Soybean<Corn,True,False,False,,selected_pairwise_reversal,Winter Wheat,0.6,0.0001,0.0001,166.858268399,-29.1117913795,0,0.248860672555,0.151139327445,0.6,True,True,False,False,False,False,False,0.6,0.6,0.448860672555,0.448860672555,0.448860672555,False,False,False,False,False,0.351139327445,0.351139327445,0.351139327445,False,False,False,False,False,-0.0977213451094,-0.0977213451093,-0.0977213451094,True,True,True,False,False,True
principal_positive_lower_bounds,0.05,0.1,0.05,True,clayton,0.3,0.1,-27.6095009217,0.44544935907,optimal,land;cvar,1,Soybean<Corn,True,False,False,,selected_pairwise_reversal,Winter Wheat,0.494047313839,0.0001,0.0001,175.540975787,-27.6095009217,0,0.28044073327,0.225511952891,0.494047313839,True,True,False,False,False,False,False,0.494047264133,0.494047368366,0.268535360947,0.268535360947,0.268535449679,False,False,False,False,False,0.213606580568,0.213606342719,0.213606732026,False,False,False,False,False,-0.0549287803789,-0.0549291069603,-0.0549286410464,True,True,True,False,False,True
principal_positive_lower_bounds,0.05,0.1,0.05,True,clayton,0.3,0.2,-26.1072104639,0.44544935907,optimal,land;cvar,0,,False,False,False,,no_reversal,Winter Wheat,0.410395211036,0.0001,0.0001,183.203198799,-26.1072104639,0,0.281375625005,0.308229163959,0.410395211036,False,False,False,False,False,False,False,0.410395034867,0.410395254881,0.102166047077,0.102166047077,0.102166231032,False,False,False,False,False,0.129019586031,0.12901887357,0.12901969531,False,False,False,False,False,0.0268535389542,0.0268526425389,0.0268536259785,False,False,False,False,False,False
principal_positive_lower_bounds,0.05,0.1,0.05,True,clayton,0.3,0.3,-24.604920006,0.44544935907,optimal,land;cvar,1,Winter Wheat<Soybean,True,False,False,,selected_pairwise_reversal,Winter Wheat,0.325644215973,0.0001,0.0001,190.437116593,-24.604920006,0,0.298052354431,0.376303429596,0.325644215973,True,True,False,False,False,False,False,0.325644032848,0.325644261549,-0.0506592136224,-0.0506592136224,-0.0506590224041,True,True,True,False,False,0.0275918615419,0.0275911209492,0.027591975136,False,False,False,False,False,0.0782510751642,0.0782501433533,0.0782511656248,False,False,False,False,False,False
principal_positive_lower_bounds,0.05,0.1,0.05,True,clayton,0.3,0.4,-23.1026295482,0.44544935907,optimal,land;budget;cvar,2,Winter Wheat<Soybean;Winter Wheat<Corn,True,True,False,,selected_complete_rank_reversal,Winter Wheat,0.230819231032,0.0001,0.0001,197.247019795,-23.1026295482,0,0.354889817954,0.414290951013,0.230819231032,True,True,True,True,False,False,False,0.230819229392,0.230819312306,-0.183471719981,-0.183471721059,-0.183471674794,True,True,True,False,False,-0.124070586922,-0.124070597779,-0.124070342022,True,True,True,False,False,0.059401133059,0.0594010976583,0.0594013790373,False,False,False,False,False,True
principal_positive_lower_bounds,0.05,0.1,0.05,True,clayton,0.3,0.5,-21.6003390904,0.44544935907,optimal,land;budget;cvar,2,Winter Wheat<Soybean;Winter Wheat<Corn,True,True,False,,selected_complete_rank_reversal,Winter Wheat,0.192993122739,0.0001,0.0001,201.318651847,-21.6003390904,1.11022302463e-16,0.337265294422,0.469741582839,0.192993122739,True,True,True,True,False,False,False,0.192993120003,0.192993189454,-0.276748460101,-0.276748460101,-0.276748413981,True,True,True,False,False,-0.144272171683,-0.144272183862,-0.144271982371,True,True,True,False,False,0.132476288417,0.132476252286,0.132476466896,False,False,False,False,False,False
principal_positive_lower_bounds,0.05,0.1,0.05,True,clayton,0.3,0.6,-20.0980486326,0.44544935907,optimal,land;budget;cvar,2,Winter Wheat<Soybean;Winter Wheat<Corn,True,True,False,,selected_complete_rank_reversal,Winter Wheat,0.159993775776,0.0001,0.0001,204.870727512,-20.0980486326,0,0.321889729942,0.518116494282,0.159993775776,True,True,True,True,False,False,False,0.159993770375,0.159993822496,-0.358122718505,-0.358122718505,-0.358122671572,True,True,True,False,False,-0.161895954166,-0.161895969265,-0.161895840592,True,True,True,False,False,0.196226764339,0.19622672757,0.196226851329,False,False,False,False,False,False
principal_positive_lower_bounds,0.05,0.1,0.05,True,clayton,0.3,0.7,-18.5957581747,0.44544935907,optimal,land;budget;cvar,2,Winter Wheat<Soybean;Winter Wheat<Corn,True,True,False,,selected_complete_rank_reversal,Winter Wheat,0.134201813387,0.0001,0.0001,207.646994632,-18.5957581747,1.11022302463e-16,0.309872341197,0.555925845415,0.134201813387,True,True,True,True,False,False,False,0.134201802651,0.134201848599,-0.421724032028,-0.421724032028,-0.421723984458,True,True,True,False,False,-0.17567052781,-0.175670548555,-0.175670458044,True,True,True,False,False,0.246053504218,0.246053466951,0.246053538115,False,False,False,False,False,False
principal_positive_lower_bounds,0.05,0.1,0.05,True,clayton,0.3,0.8,-17.0934677169,0.44544935907,optimal,land;budget;cvar,2,Winter Wheat<Soybean;Winter Wheat<Corn,True,True,False,,selected_complete_rank_reversal,Winter Wheat,0.112156631393,0.0001,0.0001,210.019955363,-17.0934677169,1.11022302463e-16,0.299600710137,0.58824265847,0.112156631393,True,True,True,True,False,False,False,0.112156619487,0.112156665752,-0.476086027077,-0.476086028346,-0.476085978963,True,True,True,False,False,-0.187444078744,-0.187444100809,-0.187444012867,True,True,True,False,False,0.288641948333,0.28864191064,0.288641977009,False,False,False,False,False,False
principal_positive_lower_bounds,0.05,0.1,0.05,True,clayton,0.3,0.9,-15.5911772591,0.44544935907,optimal,land;budget;cvar,2,Winter Wheat<Soybean;Winter Wheat<Corn,True,True,False,,selected_complete_rank_reversal,Winter Wheat,0.0910087960615,0.0001,0.0001,212.296324993,-15.5911772591,0,0.289747184668,0.61924401927,0.0910087960615,True,True,True,True,False,False,False,0.0910087854146,0.0910088329941,-0.528235223209,-0.528235223209,-0.528235174574,True,True,True,False,False,-0.198738388607,-0.198738409475,-0.198738313795,True,True,True,False,False,0.329496834602,0.3294967965,0.329496873427,False,False,False,False,False,False
principal_positive_lower_bounds,0.05,0.1,0.05,True,clayton,0.3,1,-14.0888868012,0.44544935907,optimal,land;budget;cvar;upper_bound,2,Winter Wheat<Soybean;Winter Wheat<Corn,True,True,False,,selected_complete_rank_reversal,Winter Wheat,0.0700283487798,0.0001,0.0001,214.554676843,-14.0888868012,0,0.27997165122,0.65,0.0700283487798,True,True,True,True,False,False,False,0.0700283380197,0.0700283855541,-0.57997165122,-0.57997165122,-0.579971602068,True,True,True,False,False,-0.20994330244,-0.209943323531,-0.209943228892,True,True,True,False,False,0.37002834878,0.370028310273,0.370028385554,False,False,False,False,False,True
principal_positive_lower_bounds,0.05,0.1,0.05,True,clayton,0.45,0,-23.763630579,0.654692287587,optimal,land;cvar;upper_bound,0,,False,False,False,,no_reversal,Winter Wheat,0.6,0.0001,0.0001,169.640989378,-23.763630579,0,0.163765133911,0.236234866089,0.6,False,False,False,False,False,False,False,0.6,0.6,0.363765133911,0.363765133911,0.363765133911,False,False,False,False,False,0.436234866089,0.436234866089,0.436234866089,False,False,False,False,False,0.0724697321781,0.0724697321782,0.0724697321781,False,False,False,False,False,True
principal_positive_lower_bounds,0.05,0.1,0.05,True,clayton,0.45,0.1,-21.7552702971,0.654692287587,optimal,land;cvar,0,,False,False,False,,no_reversal,Winter Wheat,0.546120197356,0.0001,0.0001,176.980818119,-21.7552702971,0,0.0630423538329,0.390837448811,0.546120197356,False,False,False,False,False,False,False,0.546120130357,0.546120466849,0.155282748544,0.155282449635,0.155282907706,False,False,False,False,False,0.483077843523,0.483077483364,0.483078950912,False,False,False,False,False,0.327795094979,0.327794575658,0.327796501277,False,False,False,False,False,True
principal_positive_lower_bounds,0.05,0.1,0.05,True,clayton,0.45,0.2,-19.7469100152,0.654692287587,optimal,land;cvar,0,,False,False,False,,no_reversal,Winter Wheat,0.475845470547,0.0001,0.0001,181.990246065,-19.7469100152,0,0.106909081808,0.417245447644,0.475845470547,False,False,False,False,False,False,False,0.475845374975,0.475845787518,0.0586000229032,0.0585996612864,0.0586002228858,False,False,False,False,False,0.368936388739,0.36893590204,0.368937701269,False,False,False,False,False,0.310336365836,0.310335679154,0.310338039982,False,False,False,False,False,False
principal_positive_lower_bounds,0.05,0.1,0.05,True,clayton,0.45,0.3,-17.7385497333,0.654692287587,optimal,land;cvar,1,Winter Wheat<Soybean,True,False,False,,selected_pairwise_reversal,Winter Wheat,0.41044388037,0.0001,0.0001,186.620681359,-17.7385497333,0,0.148947974697,0.440608144934,0.41044388037,True,True,False,False,False,False,False,0.410443782366,0.410444380433,-0.030164264564,-0.0301648736478,-0.0301640594931,True,True,True,False,False,0.261495905673,0.261495406591,0.261498014946,False,False,False,False,False,0.291660170237,0.291659466084,0.291662888594,False,False,False,False,False,False
principal_positive_lower_bounds,0.05,0.1,0.05,True,clayton,0.45,0.4,-15.7301894515,0.654692287587,optimal,land;cvar,1,Winter Wheat<Soybean,True,False,False,,selected_pairwise_reversal,Winter Wheat,0.343107509905,0.0001,0.0001,191.178793648,-15.7301894515,0,0.200267272469,0.456625217626,0.343107509905,True,True,False,False,False,False,False,0.343106400705,0.343107676632,-0.11351770772,-0.113517861281,-0.113516124347,True,True,True,False,False,0.142840237436,0.142835326464,0.142840891178,False,False,False,False,False,0.256357945156,0.256351450811,0.256358752459,False,False,False,False,False,False
principal_positive_lower_bounds,0.05,0.1,0.05,True,clayton,0.45,0.5,-13.7218291696,0.654692287587,optimal,land;cvar,1,Winter Wheat<Soybean,True,False,False,,selected_pairwise_reversal,Winter Wheat,0.281448643413,0.0001,0.0001,195.310617224,-13.7218291696,0,0.24887104722,0.469680309366,0.281448643413,True,True,False,False,False,False,False,0.281448295701,0.281449349643,-0.188231665953,-0.188232552357,-0.188231117615,True,True,True,False,False,0.032577596193,0.0325760047187,0.0325806012873,False,False,False,False,False,0.220809262146,0.220807122333,0.220813153644,False,False,False,False,False,False
principal_positive_lower_bounds,0.05,0.1,0.05,True,clayton,0.45,0.6,-11.7134688877,0.654692287587,optimal,land;cvar,2,Winter Wheat<Soybean;Winter Wheat<Corn,True,True,False,,selected_complete_rank_reversal,Winter Wheat,0.217835552326,0.0001,0.0001,198.968140909,-11.7134688877,0,0.322255408313,0.459909039361,0.217835552326,True,True,True,True,False,False,False,0.217835485853,0.217836271782,-0.242073487034,-0.242074390038,-0.242073320144,True,True,True,False,False,-0.104419855987,-0.104420222298,-0.104416794617,True,True,True,False,False,0.137653631048,0.137653097846,0.137657595421,False,False,False,False,False,False
principal_positive_lower_bounds,0.05,0.1,0.05,True,clayton,0.45,0.7,-9.70510860582,0.654692287587,optimal,land;budget;cvar,2,Winter Wheat<Soybean;Winter Wheat<Corn,True,True,False,,selected_complete_rank_reversal,Winter Wheat,0.174764770116,0.0001,0.0001,202.568854049,-9.70510860582,0,0.328772059346,0.496463170539,0.174764770116,True,True,True,True,False,False,False,0.174764766333,0.174765502591,-0.321698400423,-0.321699319768,-0.321698350308,True,True,True,False,False,-0.15400728923,-0.154007302994,-0.154004172459,True,True,True,False,False,0.167691111193,0.167691071932,0.167695147309,False,False,False,False,False,True
principal_positive_lower_bounds,0.05,0.1,0.05,True,clayton,0.45,0.8,-7.69674832394,0.654692287587,optimal,land;budget;cvar,2,Winter Wheat<Soybean;Winter Wheat<Corn,True,True,False,,selected_complete_rank_reversal,Winter Wheat,0.139519684352,0.0001,0.0001,206.081904442,-7.69674832394,0,0.312350125622,0.548130190026,0.139519684352,True,True,True,True,False,False,False,0.139519680217,0.139519964733,-0.408610505674,-0.408610808229,-0.40861045469,True,True,True,False,False,-0.172830441269,-0.172830455566,-0.172829297573,True,True,True,False,False,0.235780064405,0.235780024463,0.235781510657,False,False,False,False,False,False
principal_positive_lower_bounds,0.05,0.1,0.05,True,clayton,0.45,0.9,-5.68838804206,0.654692287587,optimal,land;budget;cvar,2,Winter Wheat<Soybean;Winter Wheat<Corn,True,True,False,,selected_complete_rank_reversal,Winter Wheat,0.104774016566,0.0001,0.0001,209.545175399,-5.68838804206,0,0.296160888421,0.599065095013,0.104774016566,True,True,True,True,False,False,False,0.104774012361,0.104774301658,-0.494291078447,-0.494291386087,-0.494291026606,True,True,True,False,False,-0.191386871855,-0.191386886391,-0.191385708938,True,True,True,False,False,0.302904206592,0.302904165979,0.302905677149,False,False,False,False,False,False
principal_positive_lower_bounds,0.05,0.1,0.05,True,clayton,0.45,1,-3.68002776018,0.654692287587,optimal,land;budget;cvar;upper_bound,2,Winter Wheat<Soybean;Winter Wheat<Corn,True,True,False,,selected_complete_rank_reversal,Winter Wheat,0.0700283487798,0.0001,0.0001,213.008446356,-3.68002776018,0,0.27997165122,0.65,0.0700283487798,True,True,True,True,False,False,False,0.0700283445055,0.0700283834172,-0.57997165122,-0.57997165122,-0.579971598522,True,True,True,False,False,-0.20994330244,-0.209943317217,-0.209943233166,True,True,True,False,False,0.37002834878,0.370028307495,0.370028383417,False,False,False,False,False,True
principal_positive_lower_bounds,0.05,0.1,0.05,True,clayton,0.6,0,-18.1717496393,0.793700525984,optimal,land;cvar;lower_bound;upper_bound,0,,False,False,False,,no_reversal,Winter Wheat,0.6,0.0001,0.0001,171.540968812,-18.1717496393,0,0.05,0.35,0.6,False,False,False,False,False,False,False,0.6,0.6,0.25,0.25,0.25,False,False,False,False,False,0.55,0.55,0.55,False,False,False,False,False,0.3,0.3,0.3,False,False,False,False,False,True
principal_positive_lower_bounds,0.05,0.1,0.05,True,clayton,0.6,0.1,-16.6264006436,0.793700525984,optimal,land;cvar;lower_bound,0,,False,False,False,,no_reversal,Winter Wheat,0.534742629321,0.0001,0.0001,177.633701873,-16.6264006436,0,0.05,0.415257370679,0.534742629321,False,False,False,False,False,False,False,0.534742629321,0.534742648347,0.119485258642,0.119485258642,0.119485303625,False,False,False,False,False,0.484742629321,0.484742615169,0.484742648347,False,False,False,False,False,0.365257370679,0.365257311544,0.365257370679,False,False,False,False,False,True
principal_positive_lower_bounds,0.05,0.1,0.05,True,clayton,0.6,0.2,-15.0810516478,0.793700525984,optimal,land;cvar;lower_bound,1,Winter Wheat<Soybean,True,False,False,,selected_pairwise_reversal,Winter Wheat,0.471203178906,0.0001,0.0001,183.566041871,-15.0810516478,0,0.05,0.478796821094,0.471203178906,True,True,False,False,False,False,False,0.471203178906,0.471203198567,-0.00759364218757,-0.00759364218757,-0.00759359483462,True,True,True,False,False,0.421203178906,0.421203160128,0.421203198567,False,False,False,False,False,0.428796821094,0.428796754963,0.428796821094,False,False,False,False,False,False
principal_positive_lower_bounds,0.05,0.1,0.05,True,clayton,0.6,0.3,-13.5357026521,0.793700525984,optimal,land;cvar;lower_bound,1,Winter Wheat<Soybean,True,False,False,,selected_pairwise_reversal,Winter Wheat,0.412900599911,0.0001,0.0001,189.009443082,-13.5357026521,0,0.05,0.537099400089,0.412900599911,True,True,False,False,False,False,False,0.412900599911,0.412900620155,-0.124198800179,-0.124198800179,-0.124198749317,True,True,True,False,False,0.362900599911,0.362900570504,0.362900620155,False,False,False,False,False,0.487099400089,0.487099319821,0.487099400089,False,False,False,False,False,False
principal_positive_lower_bounds,0.05,0.1,0.05,True,clayton,0.6,0.4,-11.9903536564,0.793700525984,optimal,land;cvar;lower_bound,1,Winter Wheat<Soybean,True,False,False,,selected_pairwise_reversal,Winter Wheat,0.3560216532,0.0001,0.0001,194.319927331,-11.9903536564,0,0.05,0.5939783468,0.3560216532,True,True,False,False,False,False,False,0.3560216532,0.356021674013,-0.237956693601,-0.237956693601,-0.23795664131,True,True,True,False,False,0.3060216532,0.306021622967,0.306021674013,False,False,False,False,False,0.5439783468,0.543978264277,0.5439783468,False,False,False,False,False,False
principal_positive_lower_bounds,0.05,0.1,0.05,True,clayton,0.6,0.5,-10.4450046606,0.793700525984,optimal,land;cvar;upper_bound,1,Winter Wheat<Soybean,True,False,False,,selected_pairwise_reversal,Winter Wheat,0.299282970216,0.0001,0.0001,199.593340722,-10.4450046606,0,0.0507170297836,0.65,0.299282970216,True,True,False,False,False,False,False,0.299282969337,0.299283003522,-0.350717029784,-0.350717030663,-0.350716976074,True,True,True,False,False,0.248565940433,0.248565909379,0.248566007044,False,False,False,False,False,0.599282970216,0.599282885453,0.599283003522,False,False,False,False,False,True
principal_positive_lower_bounds,0.05,0.1,0.05,True,clayton,0.6,0.6,-8.89965566487,0.793700525984,optimal,land;cvar;upper_bound,1,Winter Wheat<Soybean,True,False,False,,selected_pairwise_reversal,Winter Wheat,0.251710116444,0.0001,0.0001,202.444280681,-8.89965566487,0,0.0982898835561,0.65,0.251710116444,True,True,False,False,False,False,False,0.251710115552,0.251710150225,-0.398289883556,-0.398289884448,-0.398289829079,True,True,True,False,False,0.153420232888,0.153420201391,0.15342030045,False,False,False,False,False,0.551710116444,0.55171003047,0.551710150225,False,False,False,False,False,False
principal_positive_lower_bounds,0.05,0.1,0.05,True,clayton,0.6,0.7,-7.35430666912,0.793700525984,optimal,land;cvar;upper_bound,1,Winter Wheat<Soybean,True,False,False,,selected_pairwise_reversal,Winter Wheat,0.204137262671,0.0001,0.0001,205.29522064,-7.35430666912,0,0.145862737329,0.65,0.204137262671,True,True,False,False,False,False,False,0.204137261766,0.204137296928,-0.445862737329,-0.445862738234,-0.445862682085,True,True,True,False,False,0.0582745253428,0.058274493402,0.0582745938569,False,False,False,False,False,0.504137262671,0.504137175487,0.504137296928,False,False,False,False,False,False
principal_positive_lower_bounds,0.05,0.1,0.05,True,clayton,0.6,0.8,-5.80895767338,0.793700525984,optimal,land;cvar;upper_bound,2,Winter Wheat<Soybean;Winter Wheat<Corn,True,True,False,,selected_complete_rank_reversal,Winter Wheat,0.157984139367,0.0001,0.0001,208.061079171,-5.80895767338,0,0.192015860633,0.65,0.157984139367,True,True,True,True,False,False,False,0.157984137668,0.157984174086,-0.492015860633,-0.492015862332,-0.492015806961,True,True,True,False,False,-0.0340317212659,-0.0340317425493,-0.0340316518287,True,True,True,False,False,0.457984139367,0.457984064412,0.457984174086,False,False,False,False,False,False
principal_positive_lower_bounds,0.05,0.1,0.05,True,clayton,0.6,0.9,-4.26360867764,0.793700525984,optimal,land;cvar;upper_bound,2,Winter Wheat<Soybean;Winter Wheat<Corn,True,True,False,,selected_complete_rank_reversal,Winter Wheat,0.112965802523,0.0001,0.0001,210.758932363,-4.26360867764,0,0.237034197477,0.65,0.112965802523,True,True,True,True,False,False,False,0.112965800802,0.112965837692,-0.537034197477,-0.537034199198,-0.537034143109,True,True,True,False,False,-0.124068394954,-0.124068416513,-0.124068324616,True,True,True,False,False,0.412965802523,0.412965726596,0.412965837692,False,False,False,False,False,False
principal_positive_lower_bounds,0.05,0.1,0.05,True,clayton,0.6,1,-2.71825968189,0.793700525984,optimal,land;budget;cvar;upper_bound,2,Winter Wheat<Soybean;Winter Wheat<Corn,True,True,False,,selected_complete_rank_reversal,Winter Wheat,0.0700283487798,0.0001,0.0001,213.332082656,-2.71825968189,0,0.27997165122,0.65,0.0700283487798,True,True,True,True,False,False,False,0.0700283463979,0.070028384378,-0.57997165122,-0.579971653602,-0.579971602933,True,True,True,False,False,-0.20994330244,-0.20994330657,-0.209943231244,True,True,True,False,False,0.37002834878,0.37002831095,0.370028384378,False,False,False,False,False,True
