policy,mechanism_stage,status,expected_profit,var_loss,cvar_loss,worst_decile_profit,budget_usage,acreage_usage,cvar_violation,budget_violation,acreage_violation,lower_bound_violation,upper_bound_violation,rotation_violation,contract_violation,acres_Corn,acres_Soybean,acres_Winter Wheat,selected_reversal,cell_id,replication_seed,scenario_sha256,copula_family,marginal_family,kendall_tau,alpha,risk_limit
ranking_proportional_repaired,ranking,repaired,336.75375285722197,-184.4139963285603,-130.36955014814404,130.38925178582667,310.75119901298854,1.0,False,False,False,False,False,False,False,0.4252761109743977,0.41731036270383504,0.15741352632176728,False,LHS-01-001,2026071901,fadeb46d9a179f49a30d031d955f704c4fff42862948bff3adcab2549f28bf7e,gaussian,gaussian,0.41464332945773824,0.9082334652395776,-118.50214169200552
expected_profit,economic_plus_operational,optimal,355.4772980576782,-171.1037276015036,-104.8890837687357,104.91322199225867,372.9890358551444,1.0,True,False,False,False,False,False,False,0.7168859582485827,0.19850010205821747,0.08461393969319983,False,LHS-01-001,2026071901,fadeb46d9a179f49a30d031d955f704c4fff42862948bff3adcab2549f28bf7e,gaussian,gaussian,0.41464332945773824,0.9082334652395776,-118.50214169200552
mean_variance,variance_penalty,optimal,355.47729806204825,-171.1037276044379,-104.88908377049746,104.91322199402084,372.9890358591767,1.0000000000129794,True,False,False,False,False,False,False,0.7168859582540983,0.19850010206363522,0.08461393969524585,False,LHS-01-001,2026071901,fadeb46d9a179f49a30d031d955f704c4fff42862948bff3adcab2549f28bf7e,gaussian,gaussian,0.41464332945773824,0.9082334652395776,-118.50214169200552
loss_CVaR,economic_operational_plus_CVaR,optimal,354.8151564960303,-180.400100287818,-118.50214169200251,118.52470628910244,353.8431889452969,1.0,False,False,False,False,False,False,False,0.616698376302756,0.29868768400404416,0.08461393969319983,False,LHS-01-001,2026071901,fadeb46d9a179f49a30d031d955f704c4fff42862948bff3adcab2549f28bf7e,gaussian,gaussian,0.41464332945773824,0.9082334652395776,-118.50214169200552
ranking_proportional_repaired,ranking,repaired,337.1884387070553,-182.2801742989213,-129.19310322075341,129.21245585203994,310.75119901298854,1.0,False,False,False,False,False,False,False,0.4252761109743977,0.41731036270383504,0.15741352632176728,False,LHS-01-001,2026071902,0b6c1301ed5d9fada950525286429a539091cb83660159b8c9a82e0dd9b7feb0,gaussian,gaussian,0.41464332945773824,0.9082334652395776,-117.35897658694779
expected_profit,economic_plus_operational,optimal,356.12885036207,-169.77914954090582,-103.78409611218193,103.80815428510054,372.9890358551444,1.0,True,False,False,False,False,False,False,0.7168859582485827,0.19850010205821747,0.08461393969319983,False,LHS-01-001,2026071902,0b6c1301ed5d9fada950525286429a539091cb83660159b8c9a82e0dd9b7feb0,gaussian,gaussian,0.41464332945773824,0.9082334652395776,-117.35897658694779
mean_variance,variance_penalty,optimal,356.12885036207,-169.77914954090582,-103.78409611218193,103.80815428510054,372.9890358551444,1.0,True,False,False,False,False,False,False,0.7168859582485827,0.19850010205821747,0.08461393969319983,False,LHS-01-001,2026071902,0b6c1301ed5d9fada950525286429a539091cb83660159b8c9a82e0dd9b7feb0,gaussian,gaussian,0.41464332945773824,0.9082334652395776,-117.35897658694779
loss_CVaR,economic_operational_plus_CVaR,optimal,355.39431514034874,-180.266079437876,-117.35897658694498,117.38190906263166,353.8526276745756,1.0,False,False,False,False,False,False,False,0.6167477678740731,0.298638292432727,0.08461393969319983,False,LHS-01-001,2026071902,0b6c1301ed5d9fada950525286429a539091cb83660159b8c9a82e0dd9b7feb0,gaussian,gaussian,0.41464332945773824,0.9082334652395776,-117.35897658694779
ranking_proportional_repaired,ranking,repaired,338.33043840791885,-187.79745082371298,-132.17005977219878,132.19033846466738,310.75119901298854,1.0,False,False,False,False,False,False,False,0.4252761109743977,0.41731036270383504,0.15741352632176728,False,LHS-01-001,2026071903,ffd6abdde688fb704300e41027163222a5bfed161717b51c28da685c76b63293,gaussian,gaussian,0.41464332945773824,0.9082334652395776,-121.08664054354433
expected_profit,economic_plus_operational,optimal,357.9206457153031,-174.3446249646471,-108.37289360332572,108.39694327429909,372.9890358551444,1.0,True,False,False,False,False,False,False,0.7168859582485827,0.19850010205821747,0.08461393969319983,False,LHS-01-001,2026071903,ffd6abdde688fb704300e41027163222a5bfed161717b51c28da685c76b63293,gaussian,gaussian,0.41464332945773824,0.9082334652395776,-121.08664054354433
mean_variance,variance_penalty,optimal,357.9206457183961,-174.344624966409,-108.37289360458003,108.3969432755536,372.98903585798786,1.0000000000091405,True,False,False,False,False,False,False,0.716885958252485,0.19850010206201837,0.08461393969463706,False,LHS-01-001,2026071903,ffd6abdde688fb704300e41027163222a5bfed161717b51c28da685c76b63293,gaussian,gaussian,0.41464332945773824,0.9082334652395776,-121.08664054354433
loss_CVaR,economic_operational_plus_CVaR,optimal,356.97447319922026,-183.079413020299,-121.08664054354142,121.10923970457642,354.22356333383436,1.0,False,False,False,False,False,False,False,0.6186888231292209,0.29669723717757923,0.08461393969319983,False,LHS-01-001,2026071903,ffd6abdde688fb704300e41027163222a5bfed161717b51c28da685c76b63293,gaussian,gaussian,0.41464332945773824,0.9082334652395776,-121.08664054354433
ranking_proportional_repaired,ranking,repaired,333.84209038069287,-183.5352411139229,-130.87481065542653,130.89400775696848,310.75119901298854,1.0,False,False,False,False,False,False,False,0.4252761109743977,0.41731036270383504,0.15741352632176728,False,LHS-01-001,2026071904,7d24247af3179980f4ec94f3c38623f833661a06f5055d00f7ce4b82a11528ab,gaussian,gaussian,0.41464332945773824,0.9082334652395776,-120.01612295910617
expected_profit,economic_plus_operational,optimal,352.66724388724174,-169.60819736838695,-107.56016468253355,107.58278398840666,372.9890358551444,1.0,True,False,False,False,False,False,False,0.7168859582485827,0.19850010205821747,0.08461393969319983,False,LHS-01-001,2026071904,7d24247af3179980f4ec94f3c38623f833661a06f5055d00f7ce4b82a11528ab,gaussian,gaussian,0.41464332945773824,0.9082334652395776,-120.01612295910617
mean_variance,variance_penalty,optimal,352.66724389396074,-169.60819737132556,-107.56016468527419,107.58278399114737,372.9890358614005,1.0000000000201243,True,False,False,False,False,False,False,0.7168859582571531,0.19850010206660587,0.08461393969636546,False,LHS-01-001,2026071904,7d24247af3179980f4ec94f3c38623f833661a06f5055d00f7ce4b82a11528ab,gaussian,gaussian,0.41464332945773824,0.9082334652395776,-120.01612295910617
loss_CVaR,economic_operational_plus_CVaR,optimal,351.9324791297069,-179.45811708963157,-120.01612295910314,120.03779224640756,354.5201090748988,1.0,False,False,False,False,False,False,False,0.620240606180317,0.2951454541264832,0.08461393969319983,False,LHS-01-001,2026071904,7d24247af3179980f4ec94f3c38623f833661a06f5055d00f7ce4b82a11528ab,gaussian,gaussian,0.41464332945773824,0.9082334652395776,-120.01612295910617
ranking_proportional_repaired,ranking,repaired,337.0567442246616,-183.3776886192088,-131.45273747365346,131.47166645982057,310.75119901298854,1.0,False,False,False,False,False,False,False,0.4252761109743977,0.41731036270383504,0.15741352632176728,False,LHS-01-001,2026071905,4fc0e24364ba271c76d9bf322907968e0b44fdf6c255117065cb262ef07a6be6,gaussian,gaussian,0.41464332945773824,0.9082334652395776,-119.89173439543336
expected_profit,economic_plus_operational,optimal,355.93011254473464,-168.7765024832023,-106.63015288531818,106.65280803213918,372.9890358551444,1.0,True,False,False,False,False,False,False,0.7168859582485827,0.19850010205821747,0.08461393969319983,False,LHS-01-001,2026071905,4fc0e24364ba271c76d9bf322907968e0b44fdf6c255117065cb262ef07a6be6,gaussian,gaussian,0.41464332945773824,0.9082334652395776,-119.89173439543336
mean_variance,variance_penalty,optimal,355.93011254473464,-168.7765024832023,-106.63015288531818,106.65280803213918,372.9890358551444,1.0,True,False,False,False,False,False,False,0.7168859582485827,0.19850010205821747,0.08461393969319983,False,LHS-01-001,2026071905,4fc0e24364ba271c76d9bf322907968e0b44fdf6c255117065cb262ef07a6be6,gaussian,gaussian,0.41464332945773824,0.9082334652395776,-119.89173439543336
loss_CVaR,economic_operational_plus_CVaR,optimal,355.25506311312057,-178.8979684568187,-119.89173439543055,119.91324482853986,354.09494234533355,1.0,False,False,False,False,False,False,False,0.6180157671977672,0.29737029310903296,0.08461393969319983,False,LHS-01-001,2026071905,4fc0e24364ba271c76d9bf322907968e0b44fdf6c255117065cb262ef07a6be6,gaussian,gaussian,0.41464332945773824,0.9082334652395776,-119.89173439543336
ranking_proportional_repaired,ranking,repaired,336.6714912275559,-176.64114060381578,-103.26891388669122,103.31959916053783,310.75119901298854,1.0,False,False,False,False,False,False,False,0.4252761109743977,0.41731036270383504,0.15741352632176728,False,LHS-01-002,2026071901,2ca40dc767fab87bb2f20c74775cbe9a6ac8f2711ef46dc9b2dfcde8340073db,gaussian,student_t_df5,0.42716815838081795,0.9325466287604687,-98.92900679781663
expected_profit,economic_plus_operational,optimal,350.1767771288198,-177.5144055660838,-98.13488939072137,98.18972447880817,334.0765732847353,1.0,True,False,False,False,False,False,False,0.5211907571428336,0.37725534744951594,0.10155389540765052,False,LHS-01-002,2026071901,2ca40dc767fab87bb2f20c74775cbe9a6ac8f2711ef46dc9b2dfcde8340073db,gaussian,student_t_df5,0.42716815838081795,0.9325466287604687,-98.92900679781663
mean_variance,variance_penalty,optimal,350.1767771319486,-177.51440556770496,-98.1348893916836,98.18972447977089,334.07657328762633,1.0000000000092921,True,False,False,False,False,False,False,0.5211907571468032,0.3772553474533773,0.10155389540911172,False,LHS-01-002,2026071901,2ca40dc767fab87bb2f20c74775cbe9a6ac8f2711ef46dc9b2dfcde8340073db,gaussian,student_t_df5,0.42716815838081795,0.9325466287604687,-98.92900679781663
loss_CVaR,economic_operational_plus_CVaR,optimal,350.13653745101357,-178.25075343900016,-98.92900679781815,98.98380197891575,332.8853833608867,1.0,False,False,False,False,False,False,False,0.5149574242079902,0.3834886803843593,0.10155389540765052,False,LHS-01-002,2026071901,2ca40dc767fab87bb2f20c74775cbe9a6ac8f2711ef46dc9b2dfcde8340073db,gaussian,student_t_df5,0.42716815838081795,0.9325466287604687,-98.92900679781663
ranking_proportional_repaired,ranking,repaired,336.799876379309,-173.7952313207761,-99.93953306441583,99.99055231868608,310.75119901298854,1.0,False,False,False,False,False,False,False,0.4252761109743977,0.41731036270383504,0.15741352632176728,False,LHS-01-002,2026071902,e7715bcb27e346c35d38cd885d42842ddff9f9f02bcbd980bc9d89dd0167a3b8,gaussian,student_t_df5,0.42716815838081795,0.9325466287604687,-95.0786574735662
expected_profit,economic_plus_operational,optimal,350.37455014101045,-175.11456983460394,-94.18921310497278,94.2451160542289,334.0765732847353,1.0,True,False,False,False,False,False,False,0.5211907571428336,0.37725534744951594,0.10155389540765052,False,LHS-01-002,2026071902,e7715bcb27e346c35d38cd885d42842ddff9f9f02bcbd980bc9d89dd0167a3b8,gaussian,student_t_df5,0.42716815838081795,0.9325466287604687,-95.0786574735662
mean_variance,variance_penalty,optimal,350.37455014101045,-175.11456983460394,-94.18921310497278,94.2451160542289,334.0765732847353,1.0,True,False,False,False,False,False,False,0.5211907571428336,0.37725534744951594,0.10155389540765052,False,LHS-01-002,2026071902,e7715bcb27e346c35d38cd885d42842ddff9f9f02bcbd980bc9d89dd0167a3b8,gaussian,student_t_df5,0.42716815838081795,0.9325466287604687,-95.0786574735662
loss_CVaR,economic_operational_plus_CVaR,optimal,350.32721368967293,-175.8191736301379,-95.07865747356763,95.13443273561181,332.84425255731503,1.0,False,False,False,False,False,False,False,0.5147421923734968,0.3837039122188527,0.10155389540765052,False,LHS-01-002,2026071902,e7715bcb27e346c35d38cd885d42842ddff9f9f02bcbd980bc9d89dd0167a3b8,gaussian,student_t_df5,0.42716815838081795,0.9325466287604687,-95.0786574735662
ranking_proportional_repaired,ranking,repaired,338.23138944440933,-177.75585585330398,-104.88392364568078,104.93426331785557,310.75119901298854,1.0,False,False,False,False,False,False,False,0.4252761109743977,0.41731036270383504,0.15741352632176728,False,LHS-01-002,2026071903,d1521e076798c8c8b0377d7fa5d4efe8d0cd1ada22f5648e2cb87491b461856d,gaussian,student_t_df5,0.42716815838081795,0.9325466287604687,-100.90160049663109
expected_profit,economic_plus_operational,optimal,351.9882667961139,-180.54772918433028,-100.17291389837517,100.22843653555567,334.0765732847353,1.0,True,False,False,False,False,False,False,0.5211907571428336,0.37725534744951594,0.10155389540765052,False,LHS-01-002,2026071903,d1521e076798c8c8b0377d7fa5d4efe8d0cd1ada22f5648e2cb87491b461856d,gaussian,student_t_df5,0.42716815838081795,0.9325466287604687,-100.90160049663109
mean_variance,variance_penalty,optimal,351.9882667967859,-180.54772918467972,-100.1729138985864,100.22843653576699,334.0765732853503,1.0000000000019855,True,False,False,False,False,False,False,0.5211907571436667,0.37725534745035805,0.10155389540796073,False,LHS-01-002,2026071903,d1521e076798c8c8b0377d7fa5d4efe8d0cd1ada22f5648e2cb87491b461856d,gaussian,student_t_df5,0.42716815838081795,0.9325466287604687,-100.90160049663109
loss_CVaR,economic_operational_plus_CVaR,optimal,351.9364632136188,-181.1965072081672,-100.90160049663261,100.95706793325346,332.9728021791683,1.0,False,False,False,False,False,False,False,0.5154148748531059,0.38303122973924364,0.10155389540765052,False,LHS-01-002,2026071903,d1521e076798c8c8b0377d7fa5d4efe8d0cd1ada22f5648e2cb87491b461856d,gaussian,student_t_df5,0.42716815838081795,0.9325466287604687,-100.90160049663109
ranking_proportional_repaired,ranking,repaired,334.1345290867367,-175.3596795123563,-106.26117395558141,106.30890695801624,310.75119901298854,1.0,False,False,False,False,False,False,False,0.4252761109743977,0.41731036270383504,0.15741352632176728,False,LHS-01-002,2026071904,60c4faa2f28087f840042b4e91707fc2b6beec40fcd4ea7ead8cefce70ab43ce,gaussian,student_t_df5,0.42716815838081795,0.9325466287604687,-103.09917469323086
expected_profit,economic_plus_operational,optimal,347.62523793964,-177.46808749739856,-102.52059118809272,102.5723646525836,334.0765732847353,1.0,True,False,False,False,False,False,False,0.5211907571428336,0.37725534744951594,0.10155389540765052,False,LHS-01-002,2026071904,60c4faa2f28087f840042b4e91707fc2b6beec40fcd4ea7ead8cefce70ab43ce,gaussian,student_t_df5,0.42716815838081795,0.9325466287604687,-103.09917469323086
mean_variance,variance_penalty,optimal,347.62523793964,-177.46808749739856,-102.52059118809272,102.5723646525836,334.0765732847353,1.0,True,False,False,False,False,False,False,0.5211907571428336,0.37725534744951594,0.10155389540765052,False,LHS-01-002,2026071904,60c4faa2f28087f840042b4e91707fc2b6beec40fcd4ea7ead8cefce70ab43ce,gaussian,student_t_df5,0.42716815838081795,0.9325466287604687,-103.09917469323086
loss_CVaR,economic_operational_plus_CVaR,optimal,347.5858464864657,-178.151448481063,-103.09917469323247,103.15102053763368,333.0990473098449,1.0,False,False,False,False,False,False,False,0.516075498247541,0.38237060634480863,0.10155389540765052,False,LHS-01-002,2026071904,60c4faa2f28087f840042b4e91707fc2b6beec40fcd4ea7ead8cefce70ab43ce,gaussian,student_t_df5,0.42716815838081795,0.9325466287604687,-103.09917469323086
ranking_proportional_repaired,ranking,repaired,337.2221286989352,-176.19441107774142,-105.50728529222287,105.55611570787431,310.75119901298854,1.0,False,False,False,False,False,False,False,0.4252761109743977,0.41731036270383504,0.15741352632176728,False,LHS-01-002,2026071905,e3a481aee18fe457563e2b5f9868595d1ada30827fde286d773b12614d397725,gaussian,student_t_df5,0.42716815838081795,0.9325466287604687,-101.79203074970683
expected_profit,economic_plus_operational,optimal,350.84721243080656,-178.19915043678188,-101.11221243941051,101.16546382262744,334.0765732847353,1.0,True,False,False,False,False,False,False,0.5211907571428336,0.37725534744951594,0.10155389540765052,False,LHS-01-002,2026071905,e3a481aee18fe457563e2b5f9868595d1ada30827fde286d773b12614d397725,gaussian,student_t_df5,0.42716815838081795,0.9325466287604687,-101.79203074970683
mean_variance,variance_penalty,optimal,350.8472124310382,-178.19915043689943,-101.1122124394766,101.16546382269357,334.0765732849588,1.0000000000006852,True,False,False,False,False,False,False,0.5211907571431798,0.37725534744974837,0.10155389540775717,False,LHS-01-002,2026071905,e3a481aee18fe457563e2b5f9868595d1ada30827fde286d773b12614d397725,gaussian,student_t_df5,0.42716815838081795,0.9325466287604687,-101.79203074970683
loss_CVaR,economic_operational_plus_CVaR,optimal,350.809202545192,-178.4563858557671,-101.7920307497084,101.8449902141636,333.0275960986224,1.0,False,False,False,False,False,False,False,0.5157016038926351,0.38274450069971444,0.10155389540765052,False,LHS-01-002,2026071905,e3a481aee18fe457563e2b5f9868595d1ada30827fde286d773b12614d397725,gaussian,student_t_df5,0.42716815838081795,0.9325466287604687,-101.79203074970683
ranking_proportional_repaired,ranking,repaired,333.4960045140028,-201.99854681317495,-176.80911676661975,176.83246556416898,307.98583668612287,1.0,True,False,False,False,False,False,False,0.41541882742529357,0.41731036270383487,0.16727080987087156,True,LHS-01-003,2026071901,2d7de4ab118b3467b8e175615fcd4cfbd9b4e8335d5e4e1d4ca6e680ee65fdcd,gaussian,empirical_resample,0.18949588867668168,0.9222721150278499,-186.36662959139704
expected_profit,economic_plus_operational,optimal,353.8674502563594,-215.04904065563102,-188.04826538312898,188.07329316797146,315.8548942834087,1.0,False,False,False,False,False,False,False,0.41541882742529357,0.5052917759114143,0.07928939666329214,True,LHS-01-003,2026071901,2d7de4ab118b3467b8e175615fcd4cfbd9b4e8335d5e4e1d4ca6e680ee65fdcd,gaussian,empirical_resample,0.18949588867668168,0.9222721150278499,-186.36662959139704
mean_variance,variance_penalty,optimal,353.8674502608389,-215.04904065844,-188.0482653854994,188.0732931703423,315.8548942875505,1.0000000000133293,False,False,False,False,False,False,False,0.4154188274309542,0.5052917759169981,0.079289396665377,True,LHS-01-003,2026071901,2d7de4ab118b3467b8e175615fcd4cfbd9b4e8335d5e4e1d4ca6e680ee65fdcd,gaussian,empirical_resample,0.18949588867668168,0.9222721150278499,-186.36662959139704
loss_CVaR,economic_operational_plus_CVaR,optimal,353.8674502563594,-215.04904065563102,-188.04826538312898,188.07329316797146,315.8548942834087,1.0,False,False,False,False,False,False,False,0.41541882742529357,0.5052917759114143,0.07928939666329214,True,LHS-01-003,2026071901,2d7de4ab118b3467b8e175615fcd4cfbd9b4e8335d5e4e1d4ca6e680ee65fdcd,gaussian,empirical_resample,0.18949588867668168,0.9222721150278499,-186.36662959139704
ranking_proportional_repaired,ranking,repaired,333.59669072484695,-202.60042918249908,-175.48962550696652,175.5147552802582,307.98583668612287,1.0,True,False,False,False,False,False,False,0.41541882742529357,0.41731036270383487,0.16727080987087156,True,LHS-01-003,2026071902,5323de1c2003ee84896005585d6455b610300e84d32ac938b182a1ae7b57f4bc,gaussian,empirical_resample,0.18949588867668168,0.9222721150278499,-184.72592018431817
expected_profit,economic_plus_operational,optimal,353.95728467982764,-215.5746861954229,-186.35103793170447,186.37812616060438,315.8548942834087,1.0,False,False,False,False,False,False,False,0.41541882742529357,0.5052917759114143,0.07928939666329214,True,LHS-01-003,2026071902,5323de1c2003ee84896005585d6455b610300e84d32ac938b182a1ae7b57f4bc,gaussian,empirical_resample,0.18949588867668168,0.9222721150278499,-184.72592018431817
mean_variance,variance_penalty,optimal,353.95728468687366,-215.57468619955569,-186.3510379354042,186.37812616430452,315.8548942899229,1.0000000000209703,False,False,False,False,False,False,False,0.4154188274341961,0.5052917759201879,0.07928939666658628,True,LHS-01-003,2026071902,5323de1c2003ee84896005585d6455b610300e84d32ac938b182a1ae7b57f4bc,gaussian,empirical_resample,0.18949588867668168,0.9222721150278499,-184.72592018431817
loss_CVaR,economic_operational_plus_CVaR,optimal,353.95728467982764,-215.5746861954229,-186.35103793170447,186.37812616060438,315.8548942834087,1.0,False,False,False,False,False,False,False,0.41541882742529357,0.5052917759114143,0.07928939666329214,True,LHS-01-003,2026071902,5323de1c2003ee84896005585d6455b610300e84d32ac938b182a1ae7b57f4bc,gaussian,empirical_resample,0.18949588867668168,0.9222721150278499,-184.72592018431817
ranking_proportional_repaired,ranking,repaired,334.1066606807764,-202.3998653838681,-176.27239829676023,176.2966165874625,307.98583668612287,1.0,True,False,False,False,False,False,False,0.41541882742529357,0.41731036270383487,0.16727080987087156,True,LHS-01-003,2026071903,09b6c316c74b151124acb2b05a7f94f7c78865b6c05f9d0e9427d0aaeeb2855f,gaussian,empirical_resample,0.18949588867668168,0.9222721150278499,-185.36080631916477
expected_profit,economic_plus_operational,optimal,354.35735476755684,-214.8980028059362,-186.95990354252584,186.98580015957538,315.8548942834087,1.0,False,False,False,False,False,False,False,0.41541882742529357,0.5052917759114143,0.07928939666329214,True,LHS-01-003,2026071903,09b6c316c74b151124acb2b05a7f94f7c78865b6c05f9d0e9427d0aaeeb2855f,gaussian,empirical_resample,0.18949588867668168,0.9222721150278499,-185.36080631916477
mean_variance,variance_penalty,optimal,354.35735476755684,-214.8980028059362,-186.95990354252584,186.98580015957538,315.8548942834087,1.0,False,False,False,False,False,False,False,0.41541882742529357,0.5052917759114143,0.07928939666329214,True,LHS-01-003,2026071903,09b6c316c74b151124acb2b05a7f94f7c78865b6c05f9d0e9427d0aaeeb2855f,gaussian,empirical_resample,0.18949588867668168,0.9222721150278499,-185.36080631916477
loss_CVaR,economic_operational_plus_CVaR,optimal,354.35735476755684,-214.8980028059362,-186.95990354252584,186.98580015957538,315.8548942834087,1.0,False,False,False,False,False,False,False,0.41541882742529357,0.5052917759114143,0.07928939666329214,True,LHS-01-003,2026071903,09b6c316c74b151124acb2b05a7f94f7c78865b6c05f9d0e9427d0aaeeb2855f,gaussian,empirical_resample,0.18949588867668168,0.9222721150278499,-185.36080631916477
ranking_proportional_repaired,ranking,repaired,331.1951319276116,-200.22236908540197,-174.2981210200149,174.32215094123885,307.98583668612287,1.0,True,False,False,False,False,False,False,0.41541882742529357,0.41731036270383487,0.16727080987087156,True,LHS-01-003,2026071904,c5c9d67adc521986cdac80e35646cbfed5fd2d3b8fda75d2f9d52a039ca58612,gaussian,empirical_resample,0.18949588867668168,0.9222721150278499,-183.38172772556314
expected_profit,economic_plus_operational,optimal,351.36723445813453,-212.55940944706455,-184.9799801615385,185.00554431720698,315.8548942834087,1.0,False,False,False,False,False,False,False,0.41541882742529357,0.5052917759114143,0.07928939666329214,True,LHS-01-003,2026071904,c5c9d67adc521986cdac80e35646cbfed5fd2d3b8fda75d2f9d52a039ca58612,gaussian,empirical_resample,0.18949588867668168,0.9222721150278499,-183.38172772556314
mean_variance,variance_penalty,optimal,351.36723446056175,-212.55940944848575,-184.9799801628128,185.00554431848147,315.8548942856701,1.0000000000072715,False,False,False,False,False,False,False,0.415418827428391,0.505291775914452,0.07928939666442855,True,LHS-01-003,2026071904,c5c9d67adc521986cdac80e35646cbfed5fd2d3b8fda75d2f9d52a039ca58612,gaussian,empirical_resample,0.18949588867668168,0.9222721150278499,-183.38172772556314
loss_CVaR,economic_operational_plus_CVaR,optimal,351.36723445813453,-212.55940944706455,-184.9799801615385,185.00554431720698,315.8548942834087,1.0,False,False,False,False,False,False,False,0.41541882742529357,0.5052917759114143,0.07928939666329214,True,LHS-01-003,2026071904,c5c9d67adc521986cdac80e35646cbfed5fd2d3b8fda75d2f9d52a039ca58612,gaussian,empirical_resample,0.18949588867668168,0.9222721150278499,-183.38172772556314
ranking_proportional_repaired,ranking,repaired,332.58629337148835,-199.2735587382778,-174.3173835371183,174.34051612413188,307.98583668612287,1.0,True,False,False,False,False,False,False,0.41541882742529357,0.41731036270383487,0.16727080987087156,True,LHS-01-003,2026071905,1976e5cfab684c9c3212c1dc48e9b5b0056102600e879c1a7a34f492e3eca9c0,gaussian,empirical_resample,0.18949588867668168,0.9222721150278499,-183.52863447415825
expected_profit,economic_plus_operational,optimal,352.8992341862839,-211.92321600086285,-185.14934579794468,185.17416325803893,315.8548942834087,1.0,False,False,False,False,False,False,False,0.41541882742529357,0.5052917759114143,0.07928939666329214,True,LHS-01-003,2026071905,1976e5cfab684c9c3212c1dc48e9b5b0056102600e879c1a7a34f492e3eca9c0,gaussian,empirical_resample,0.18949588867668168,0.9222721150278499,-183.52863447415825
mean_variance,variance_penalty,optimal,352.8992341862839,-211.92321600086285,-185.14934579794468,185.17416325803893,315.8548942834087,1.0,False,False,False,False,False,False,False,0.41541882742529357,0.5052917759114143,0.07928939666329214,True,LHS-01-003,2026071905,1976e5cfab684c9c3212c1dc48e9b5b0056102600e879c1a7a34f492e3eca9c0,gaussian,empirical_resample,0.18949588867668168,0.9222721150278499,-183.52863447415825
loss_CVaR,economic_operational_plus_CVaR,optimal,352.8992341862839,-211.92321600086285,-185.14934579794468,185.17416325803893,315.8548942834087,1.0,False,False,False,False,False,False,False,0.41541882742529357,0.5052917759114143,0.07928939666329214,True,LHS-01-003,2026071905,1976e5cfab684c9c3212c1dc48e9b5b0056102600e879c1a7a34f492e3eca9c0,gaussian,empirical_resample,0.18949588867668168,0.9222721150278499,-183.52863447415825
ranking_proportional_repaired,ranking,repaired,331.52371376521296,-163.58465755134867,-127.81703682860007,127.83298800214118,304.79349593592707,1.0000000000000002,True,False,False,False,False,False,False,0.40403955619767606,0.41731036270383487,0.17865008109848923,True,LHS-01-004,2026071901,a31230b2e5414f7bfcb64e439a876932ab96243c52a96f04070c9835bf581b5b,gaussian,gaussian,0.11999021525050914,0.9626166791606035,-130.6281319294414
expected_profit,economic_plus_operational,optimal,339.1898450027545,-169.01650000257803,-133.08873975940259,133.10476234986297,304.79349593592707,1.0,False,False,False,False,False,False,False,0.3882949711620366,0.4666952675103905,0.14500976132757287,True,LHS-01-004,2026071901,a31230b2e5414f7bfcb64e439a876932ab96243c52a96f04070c9835bf581b5b,gaussian,gaussian,0.11999021525050914,0.9626166791606035,-130.6281319294414
mean_variance,variance_penalty,optimal,339.1898450027545,-169.01650000257803,-133.08873975940259,133.10476234986297,304.79349593592707,1.0,False,False,False,False,False,False,False,0.3882949711620366,0.4666952675103905,0.14500976132757287,True,LHS-01-004,2026071901,a31230b2e5414f7bfcb64e439a876932ab96243c52a96f04070c9835bf581b5b,gaussian,gaussian,0.11999021525050914,0.9626166791606035,-130.6281319294414
loss_CVaR,economic_operational_plus_CVaR,optimal,339.1898450027545,-169.01650000257803,-133.08873975940259,133.10476234986297,304.79349593592707,1.0,False,False,False,False,False,False,False,0.3882949711620366,0.4666952675103905,0.14500976132757287,True,LHS-01-004,2026071901,a31230b2e5414f7bfcb64e439a876932ab96243c52a96f04070c9835bf581b5b,gaussian,gaussian,0.11999021525050914,0.9626166791606035,-130.6281319294414
ranking_proportional_repaired,ranking,repaired,331.64433064632016,-163.3192780541579,-125.72114072971806,125.73790825300216,304.79349593592707,1.0000000000000002,True,False,False,False,False,False,False,0.40403955619767606,0.41731036270383487,0.17865008109848923,True,LHS-01-004,2026071902,7ea19f54935e2d10d3b3adcf588cb98f26ab3343fa3459eba883acc8acf7a4fe,gaussian,gaussian,0.11999021525050914,0.9626166791606035,-128.24036772539498
expected_profit,economic_plus_operational,optimal,339.28710163250423,-168.43039605507292,-130.44549755866063,130.46243756461058,304.79349593592707,1.0,False,False,False,False,False,False,False,0.3882949711620366,0.4666952675103905,0.14500976132757287,True,LHS-01-004,2026071902,7ea19f54935e2d10d3b3adcf588cb98f26ab3343fa3459eba883acc8acf7a4fe,gaussian,gaussian,0.11999021525050914,0.9626166791606035,-128.24036772539498
mean_variance,variance_penalty,optimal,339.28710163250423,-168.43039605507292,-130.44549755866063,130.46243756461058,304.79349593592707,1.0,False,False,False,False,False,False,False,0.3882949711620366,0.4666952675103905,0.14500976132757287,True,LHS-01-004,2026071902,7ea19f54935e2d10d3b3adcf588cb98f26ab3343fa3459eba883acc8acf7a4fe,gaussian,gaussian,0.11999021525050914,0.9626166791606035,-128.24036772539498
loss_CVaR,economic_operational_plus_CVaR,optimal,339.28710163250423,-168.43039605507292,-130.44549755866063,130.46243756461058,304.79349593592707,1.0,False,False,False,False,False,False,False,0.3882949711620366,0.4666952675103905,0.14500976132757287,True,LHS-01-004,2026071902,7ea19f54935e2d10d3b3adcf588cb98f26ab3343fa3459eba883acc8acf7a4fe,gaussian,gaussian,0.11999021525050914,0.9626166791606035,-128.24036772539498
ranking_proportional_repaired,ranking,repaired,332.2422055351411,-164.80743492467386,-126.44409411463036,126.46120289331098,304.79349593592707,1.0000000000000002,True,False,False,False,False,False,False,0.40403955619767606,0.41731036270383487,0.17865008109848923,True,LHS-01-004,2026071903,b57f6b634a49059bead13de5ffdabab62e2496939972702821973cfc40d67019,gaussian,gaussian,0.11999021525050914,0.9626166791606035,-129.20511243645913
expected_profit,economic_plus_operational,optimal,339.8021249315969,-169.69492256477375,-131.62188705903412,131.63886637116943,304.79349593592707,1.0,False,False,False,False,False,False,False,0.3882949711620366,0.4666952675103905,0.14500976132757287,True,LHS-01-004,2026071903,b57f6b634a49059bead13de5ffdabab62e2496939972702821973cfc40d67019,gaussian,gaussian,0.11999021525050914,0.9626166791606035,-129.20511243645913
mean_variance,variance_penalty,optimal,339.8021249315969,-169.69492256477375,-131.62188705903412,131.63886637116943,304.79349593592707,1.0,False,False,False,False,False,False,False,0.3882949711620366,0.4666952675103905,0.14500976132757287,True,LHS-01-004,2026071903,b57f6b634a49059bead13de5ffdabab62e2496939972702821973cfc40d67019,gaussian,gaussian,0.11999021525050914,0.9626166791606035,-129.20511243645913
loss_CVaR,economic_operational_plus_CVaR,optimal,339.8021249315969,-169.69492256477375,-131.62188705903412,131.63886637116943,304.79349593592707,1.0,False,False,False,False,False,False,False,0.3882949711620366,0.4666952675103905,0.14500976132757287,True,LHS-01-004,2026071903,b57f6b634a49059bead13de5ffdabab62e2496939972702821973cfc40d67019,gaussian,gaussian,0.11999021525050914,0.9626166791606035,-129.20511243645913
ranking_proportional_repaired,ranking,repaired,329.34664876718244,-162.84067347943943,-125.69672091907007,125.71328589100058,304.79349593592707,1.0000000000000002,True,False,False,False,False,False,False,0.40403955619767606,0.41731036270383487,0.17865008109848923,True,LHS-01-004,2026071904,b777c6d96e0555e626472788ac68030a8e473ed4b313ac4115551db9c5a2ea2c,gaussian,gaussian,0.11999021525050914,0.9626166791606035,-128.2138129094713
expected_profit,economic_plus_operational,optimal,336.88517364558436,-167.37438797622733,-130.4170739298687,130.43355566720697,304.79349593592707,1.0,False,False,False,False,False,False,False,0.3882949711620366,0.4666952675103905,0.14500976132757287,True,LHS-01-004,2026071904,b777c6d96e0555e626472788ac68030a8e473ed4b313ac4115551db9c5a2ea2c,gaussian,gaussian,0.11999021525050914,0.9626166791606035,-128.2138129094713
mean_variance,variance_penalty,optimal,336.88517364558436,-167.37438797622733,-130.4170739298687,130.43355566720697,304.79349593592707,1.0,False,False,False,False,False,False,False,0.3882949711620366,0.4666952675103905,0.14500976132757287,True,LHS-01-004,2026071904,b777c6d96e0555e626472788ac68030a8e473ed4b313ac4115551db9c5a2ea2c,gaussian,gaussian,0.11999021525050914,0.9626166791606035,-128.2138129094713
loss_CVaR,economic_operational_plus_CVaR,optimal,336.88517364558436,-167.37438797622733,-130.4170739298687,130.43355566720697,304.79349593592707,1.0,False,False,False,False,False,False,False,0.3882949711620366,0.4666952675103905,0.14500976132757287,True,LHS-01-004,2026071904,b777c6d96e0555e626472788ac68030a8e473ed4b313ac4115551db9c5a2ea2c,gaussian,gaussian,0.11999021525050914,0.9626166791606035,-128.2138129094713
ranking_proportional_repaired,ranking,repaired,330.5137089517267,-162.61932957416067,-126.20909475763278,126.22533251576421,304.79349593592707,1.0000000000000002,True,False,False,False,False,False,False,0.40403955619767606,0.41731036270383487,0.17865008109848923,True,LHS-01-004,2026071905,98878f72df271011f988cb7ac6cab32af8b4419585d03d1393585d505fb44576,gaussian,gaussian,0.11999021525050914,0.9626166791606035,-128.99855246490284
expected_profit,economic_plus_operational,optimal,338.18514331110174,-168.70573192505395,-131.44022065101294,131.4568398341014,304.79349593592707,1.0,False,False,False,False,False,False,False,0.3882949711620366,0.4666952675103905,0.14500976132757287,True,LHS-01-004,2026071905,98878f72df271011f988cb7ac6cab32af8b4419585d03d1393585d505fb44576,gaussian,gaussian,0.11999021525050914,0.9626166791606035,-128.99855246490284
mean_variance,variance_penalty,optimal,338.1851433138575,-168.70573192631866,-131.44022065204783,131.4568398351364,304.79349593848286,1.00000000000822,False,False,False,False,False,False,False,0.3882949711655437,0.46669526751380136,0.1450097613288749,True,LHS-01-004,2026071905,98878f72df271011f988cb7ac6cab32af8b4419585d03d1393585d505fb44576,gaussian,gaussian,0.11999021525050914,0.9626166791606035,-128.99855246490284
loss_CVaR,economic_operational_plus_CVaR,optimal,338.18514331110174,-168.70573192505395,-131.44022065101294,131.4568398341014,304.79349593592707,1.0,False,False,False,False,False,False,False,0.3882949711620366,0.4666952675103905,0.14500976132757287,True,LHS-01-004,2026071905,98878f72df271011f988cb7ac6cab32af8b4419585d03d1393585d505fb44576,gaussian,gaussian,0.11999021525050914,0.9626166791606035,-128.99855246490284
ranking_proportional_repaired,ranking,repaired,336.4587561876598,-191.77442194800977,-132.67538928961724,132.72214389822238,310.75119901298854,1.0,True,False,False,False,False,False,False,0.4252761109743977,0.41731036270383504,0.15741352632176728,False,LHS-01-005,2026071901,26f7c9d9db640f0c75ad588fe1dea5d5f32213c07a2a5678c1c76e8e019d6fa6,gaussian,student_t_df5,0.15802530141905927,0.9376493660800478,-134.94321390034662
expected_profit,economic_plus_operational,optimal,359.39352949511954,-200.5505910780659,-135.6564220417996,135.70776131653162,330.63384921319874,1.0,False,False,False,False,False,False,False,0.48353505145194353,0.4568752893433638,0.05958965920469269,False,LHS-01-005,2026071901,26f7c9d9db640f0c75ad588fe1dea5d5f32213c07a2a5678c1c76e8e019d6fa6,gaussian,student_t_df5,0.15802530141905927,0.9376493660800478,-134.94321390034662
mean_variance,variance_penalty,optimal,359.39352949511954,-200.5505910780659,-135.6564220417996,135.70776131653162,330.63384921319874,1.0,False,False,False,False,False,False,False,0.48353505145194353,0.4568752893433638,0.05958965920469269,False,LHS-01-005,2026071901,26f7c9d9db640f0c75ad588fe1dea5d5f32213c07a2a5678c1c76e8e019d6fa6,gaussian,student_t_df5,0.15802530141905927,0.9376493660800478,-134.94321390034662
loss_CVaR,economic_operational_plus_CVaR,optimal,359.39352949511954,-200.55059107806588,-135.65642204179957,135.70776131653162,330.63384921319874,1.0,False,False,False,False,False,False,False,0.48353505145194353,0.45687528934336374,0.05958965920469269,False,LHS-01-005,2026071901,26f7c9d9db640f0c75ad588fe1dea5d5f32213c07a2a5678c1c76e8e019d6fa6,gaussian,student_t_df5,0.15802530141905927,0.9376493660800478,-134.94321390034662
ranking_proportional_repaired,ranking,repaired,336.55465206954216,-189.68443629361664,-131.27823021674638,131.32443671425406,310.75119901298854,1.0,True,False,False,False,False,False,False,0.4252761109743977,0.41731036270383504,0.15741352632176728,False,LHS-01-005,2026071902,144b63f460870f354cc852996907d845c06d44580756096b1da3f319dc7ca6e7,gaussian,student_t_df5,0.15802530141905927,0.9376493660800478,-133.2979936429786
expected_profit,economic_plus_operational,optimal,359.4731956157964,-199.37109748816917,-133.9331890247478,133.98495846428892,330.63384921319874,1.0,False,False,False,False,False,False,False,0.48353505145194353,0.4568752893433638,0.05958965920469269,False,LHS-01-005,2026071902,144b63f460870f354cc852996907d845c06d44580756096b1da3f319dc7ca6e7,gaussian,student_t_df5,0.15802530141905927,0.9376493660800478,-133.2979936429786
mean_variance,variance_penalty,optimal,359.4731956226296,-199.37109749205885,-133.93318902741865,133.98495846696073,330.633849219508,1.0000000000203066,False,False,False,False,False,False,False,0.4835350514605765,0.4568752893518361,0.059589659207894,False,LHS-01-005,2026071902,144b63f460870f354cc852996907d845c06d44580756096b1da3f319dc7ca6e7,gaussian,student_t_df5,0.15802530141905927,0.9376493660800478,-133.2979936429786
loss_CVaR,economic_operational_plus_CVaR,optimal,359.4731956157964,-199.37109748816914,-133.93318902474778,133.9849584642889,330.63384921319874,1.0,False,False,False,False,False,False,False,0.48353505145194353,0.45687528934336374,0.05958965920469269,False,LHS-01-005,2026071902,144b63f460870f354cc852996907d845c06d44580756096b1da3f319dc7ca6e7,gaussian,student_t_df5,0.15802530141905927,0.9376493660800478,-133.2979936429786
ranking_proportional_repaired,ranking,repaired,337.3333013642143,-193.1039713574324,-133.77731698060984,133.82425166600942,310.75119901298854,1.0,True,False,False,False,False,False,False,0.4252761109743977,0.41731036270383504,0.15741352632176728,False,LHS-01-005,2026071903,df41b8daa7161ce44b84f71f03b6196f249c58338b95539e0c4c80be9ac4ede7,gaussian,student_t_df5,0.15802530141905927,0.9376493660800478,-135.9945302503928
expected_profit,economic_plus_operational,optimal,360.25068254456613,-201.18239489505402,-136.69182163168628,136.74284161248832,330.63384921319874,1.0,False,False,False,False,False,False,False,0.48353505145194353,0.4568752893433638,0.05958965920469269,False,LHS-01-005,2026071903,df41b8daa7161ce44b84f71f03b6196f249c58338b95539e0c4c80be9ac4ede7,gaussian,student_t_df5,0.15802530141905927,0.9376493660800478,-135.9945302503928
mean_variance,variance_penalty,optimal,360.25068255742895,-201.18239490237698,-136.6918216367962,136.7428416176,330.6338492250536,1.0000000000381521,False,False,False,False,False,False,False,0.48353505146817877,0.45687528935924343,0.0595896592107299,False,LHS-01-005,2026071903,df41b8daa7161ce44b84f71f03b6196f249c58338b95539e0c4c80be9ac4ede7,gaussian,student_t_df5,0.15802530141905927,0.9376493660800478,-135.9945302503928
loss_CVaR,economic_operational_plus_CVaR,optimal,360.25068254456613,-201.18239489505402,-136.69182163168625,136.7428416124883,330.63384921319874,1.0,False,False,False,False,False,False,False,0.48353505145194353,0.45687528934336374,0.05958965920469269,False,LHS-01-005,2026071903,df41b8daa7161ce44b84f71f03b6196f249c58338b95539e0c4c80be9ac4ede7,gaussian,student_t_df5,0.15802530141905927,0.9376493660800478,-135.9945302503928
ranking_proportional_repaired,ranking,repaired,334.49855533444776,-189.4990334414557,-131.7575175285752,131.8031981743546,310.75119901298854,1.0,True,False,False,False,False,False,False,0.4252761109743977,0.41731036270383504,0.15741352632176728,False,LHS-01-005,2026071904,143ab12da76c98ecf0208830546a2080062ae17fff757f16d4b507e3bd16c89b,gaussian,student_t_df5,0.15802530141905927,0.9376493660800478,-133.49984143877705
expected_profit,economic_plus_operational,optimal,357.3168806679653,-198.38553754524966,-134.0477848696425,134.09868395055082,330.63384921319874,1.0,False,False,False,False,False,False,False,0.48353505145194353,0.4568752893433638,0.05958965920469269,False,LHS-01-005,2026071904,143ab12da76c98ecf0208830546a2080062ae17fff757f16d4b507e3bd16c89b,gaussian,student_t_df5,0.15802530141905927,0.9376493660800478,-133.49984143877705
mean_variance,variance_penalty,optimal,357.316880679718,-198.38553755170355,-134.04778487427953,134.09868395518927,330.6338492241219,1.000000000035134,False,False,False,False,False,False,False,0.4835350514669122,0.4568752893579994,0.05958965921022224,False,LHS-01-005,2026071904,143ab12da76c98ecf0208830546a2080062ae17fff757f16d4b507e3bd16c89b,gaussian,student_t_df5,0.15802530141905927,0.9376493660800478,-133.49984143877705
loss_CVaR,economic_operational_plus_CVaR,optimal,357.3168806679653,-198.38553754524966,-134.0477848696425,134.09868395055082,330.63384921319874,1.0,False,False,False,False,False,False,False,0.48353505145194353,0.45687528934336374,0.05958965920469269,False,LHS-01-005,2026071904,143ab12da76c98ecf0208830546a2080062ae17fff757f16d4b507e3bd16c89b,gaussian,student_t_df5,0.15802530141905927,0.9376493660800478,-133.49984143877705
ranking_proportional_repaired,ranking,repaired,335.5060880984647,-188.7037281163034,-131.2442835914036,131.28974108399842,310.75119901298854,1.0,True,False,False,False,False,False,False,0.4252761109743977,0.41731036270383504,0.15741352632176728,False,LHS-01-005,2026071905,4abf1afd0c36dbae89de816dc18264c4cce26db3e2e868157ea3beacc63abb3c,gaussian,student_t_df5,0.15802530141905927,0.9376493660800478,-133.0180898795597
expected_profit,economic_plus_operational,optimal,358.2013116301842,-196.38200911122257,-133.57593420318514,133.62562153846395,330.63384921319874,1.0,False,False,False,False,False,False,False,0.48353505145194353,0.4568752893433638,0.05958965920469269,False,LHS-01-005,2026071905,4abf1afd0c36dbae89de816dc18264c4cce26db3e2e868157ea3beacc63abb3c,gaussian,student_t_df5,0.15802530141905927,0.9376493660800478,-133.0180898795597
mean_variance,variance_penalty,optimal,358.2013116301842,-196.38200911122257,-133.57593420318514,133.62562153846395,330.63384921319874,1.0,False,False,False,False,False,False,False,0.48353505145194353,0.4568752893433638,0.05958965920469269,False,LHS-01-005,2026071905,4abf1afd0c36dbae89de816dc18264c4cce26db3e2e868157ea3beacc63abb3c,gaussian,student_t_df5,0.15802530141905927,0.9376493660800478,-133.0180898795597
loss_CVaR,economic_operational_plus_CVaR,optimal,358.2013116301842,-196.38200911122254,-133.5759342031851,133.62562153846395,330.63384921319874,1.0,False,False,False,False,False,False,False,0.48353505145194353,0.45687528934336374,0.05958965920469269,False,LHS-01-005,2026071905,4abf1afd0c36dbae89de816dc18264c4cce26db3e2e868157ea3beacc63abb3c,gaussian,student_t_df5,0.15802530141905927,0.9376493660800478,-133.0180898795597
ranking_proportional_repaired,ranking,repaired,335.8200330975444,-152.98008869074113,-144.9862390134601,145.02880860909002,310.75119901298854,1.0,True,False,False,False,False,False,False,0.4252761109743977,0.41731036270383504,0.15741352632176728,False,LHS-01-006,2026071901,4f4562697d8d7bf0e71863241303c122ae6ec80645e4a71c5f62ef2acf075992,gaussian,empirical_resample,0.2802971334578478,0.9816979854001778,-145.61108123576108
expected_profit,economic_plus_operational,optimal,350.6314909104537,-154.16187156704015,-146.8332166348638,146.87224387324935,333.4734311197052,1.0,False,False,False,False,False,False,False,0.5153009981639087,0.388985790415946,0.09571321142014527,False,LHS-01-006,2026071901,4f4562697d8d7bf0e71863241303c122ae6ec80645e4a71c5f62ef2acf075992,gaussian,empirical_resample,0.2802971334578478,0.9816979854001778,-145.61108123576108
mean_variance,variance_penalty,optimal,350.6314909104537,-154.16187156704015,-146.8332166348638,146.87224387324935,333.4734311197052,1.0,False,False,False,False,False,False,False,0.5153009981639087,0.388985790415946,0.09571321142014527,False,LHS-01-006,2026071901,4f4562697d8d7bf0e71863241303c122ae6ec80645e4a71c5f62ef2acf075992,gaussian,empirical_resample,0.2802971334578478,0.9816979854001778,-145.61108123576108
loss_CVaR,economic_operational_plus_CVaR,optimal,350.6314909104537,-154.16187156704015,-146.83321663486376,146.87224387324935,333.47343111970514,1.0,False,False,False,False,False,False,False,0.5153009981639087,0.38898579041594594,0.09571321142014527,False,LHS-01-006,2026071901,4f4562697d8d7bf0e71863241303c122ae6ec80645e4a71c5f62ef2acf075992,gaussian,empirical_resample,0.2802971334578478,0.9816979854001778,-145.61108123576108
ranking_proportional_repaired,ranking,repaired,335.9557139682492,-153.71756264617363,-144.7166993374621,144.7646315762257,310.75119901298854,1.0,True,False,False,False,False,False,False,0.4252761109743977,0.41731036270383504,0.15741352632176728,False,LHS-01-006,2026071902,28decad77ca5036d7d6261075221b404b3fa0b509fd39706606614c68faa70e3,gaussian,empirical_resample,0.2802971334578478,0.9816979854001778,-145.27016127748215
expected_profit,economic_plus_operational,optimal,350.7144655068641,-154.28967662539054,-146.35268324032853,146.3949500595157,333.4734311197052,1.0,False,False,False,False,False,False,False,0.5153009981639087,0.388985790415946,0.09571321142014527,False,LHS-01-006,2026071902,28decad77ca5036d7d6261075221b404b3fa0b509fd39706606614c68faa70e3,gaussian,empirical_resample,0.2802971334578478,0.9816979854001778,-145.27016127748215
mean_variance,variance_penalty,optimal,350.7144655157075,-154.28967662936108,-146.3526832441455,146.39495006333354,333.47343112787934,1.0000000000263112,False,False,False,False,False,False,False,0.5153009981750789,0.38898579042696335,0.0957132114242689,False,LHS-01-006,2026071902,28decad77ca5036d7d6261075221b404b3fa0b509fd39706606614c68faa70e3,gaussian,empirical_resample,0.2802971334578478,0.9816979854001778,-145.27016127748215
loss_CVaR,economic_operational_plus_CVaR,optimal,350.7144655068641,-154.2896766253905,-146.35268324032853,146.3949500595157,333.47343111970514,1.0,False,False,False,False,False,False,False,0.5153009981639087,0.38898579041594594,0.09571321142014527,False,LHS-01-006,2026071902,28decad77ca5036d7d6261075221b404b3fa0b509fd39706606614c68faa70e3,gaussian,empirical_resample,0.2802971334578478,0.9816979854001778,-145.27016127748215
ranking_proportional_repaired,ranking,repaired,336.49703510461336,-153.61005676429053,-144.46440234292695,144.51310563685985,310.75119901298854,1.0,True,False,False,False,False,False,False,0.4252761109743977,0.41731036270383504,0.15741352632176728,False,LHS-01-006,2026071903,4203b20ff02a49dae2d8d456003758a9c33473cf600c41570b08684a6f583124,gaussian,empirical_resample,0.2802971334578478,0.9816979854001778,-144.988693016962
expected_profit,economic_plus_operational,optimal,351.40634365762213,-154.80427409284883,-146.01415859737384,146.06096854217998,333.4734311197052,1.0,False,False,False,False,False,False,False,0.5153009981639087,0.388985790415946,0.09571321142014527,False,LHS-01-006,2026071903,4203b20ff02a49dae2d8d456003758a9c33473cf600c41570b08684a6f583124,gaussian,empirical_resample,0.2802971334578478,0.9816979854001778,-144.988693016962
mean_variance,variance_penalty,optimal,351.4063436588301,-154.8042740933957,-146.01415859789282,146.06096854269913,333.4734311208209,1.0000000000035905,False,False,False,False,False,False,False,0.5153009981654362,0.38898579041744297,0.09571321142071121,False,LHS-01-006,2026071903,4203b20ff02a49dae2d8d456003758a9c33473cf600c41570b08684a6f583124,gaussian,empirical_resample,0.2802971334578478,0.9816979854001778,-144.988693016962
loss_CVaR,economic_operational_plus_CVaR,optimal,351.40634365762213,-154.8042740928488,-146.0141585973738,146.06096854217998,333.47343111970514,1.0,False,False,False,False,False,False,False,0.5153009981639087,0.38898579041594594,0.09571321142014527,False,LHS-01-006,2026071903,4203b20ff02a49dae2d8d456003758a9c33473cf600c41570b08684a6f583124,gaussian,empirical_resample,0.2802971334578478,0.9816979854001778,-144.988693016962
ranking_proportional_repaired,ranking,repaired,333.33678448922245,-152.5191898818384,-143.9868120325376,144.03224944873503,310.75119901298854,1.0,True,False,False,False,False,False,False,0.4252761109743977,0.41731036270383504,0.15741352632176728,False,LHS-01-006,2026071904,ce342ac2658b0c65ec6dc4be82e5e0abbab7658cf1e9ec3432fa6fbe73de541f,gaussian,empirical_resample,0.2802971334578478,0.9816979854001778,-144.64349067382733
expected_profit,economic_plus_operational,optimal,348.0971461133266,-153.53138207599204,-145.92789525583436,145.9683860546833,333.4734311197052,1.0,False,False,False,False,False,False,False,0.5153009981639087,0.388985790415946,0.09571321142014527,False,LHS-01-006,2026071904,ce342ac2658b0c65ec6dc4be82e5e0abbab7658cf1e9ec3432fa6fbe73de541f,gaussian,empirical_resample,0.2802971334578478,0.9816979854001778,-144.64349067382733
mean_variance,variance_penalty,optimal,348.0971461158909,-153.53138207715955,-145.9278952569426,145.96838605579183,333.4734311220961,1.0000000000076854,False,False,False,False,False,False,False,0.5153009981671861,0.38898579041915476,0.09571321142134456,False,LHS-01-006,2026071904,ce342ac2658b0c65ec6dc4be82e5e0abbab7658cf1e9ec3432fa6fbe73de541f,gaussian,empirical_resample,0.2802971334578478,0.9816979854001778,-144.64349067382733
loss_CVaR,economic_operational_plus_CVaR,optimal,348.0971461133265,-153.53138207599204,-145.92789525583436,145.96838605468326,333.47343111970514,1.0,False,False,False,False,False,False,False,0.5153009981639087,0.38898579041594594,0.09571321142014527,False,LHS-01-006,2026071904,ce342ac2658b0c65ec6dc4be82e5e0abbab7658cf1e9ec3432fa6fbe73de541f,gaussian,empirical_resample,0.2802971334578478,0.9816979854001778,-144.64349067382733
ranking_proportional_repaired,ranking,repaired,334.94897613198265,-152.75069924689205,-144.55961189255788,144.60323183670496,310.75119901298854,1.0,True,False,False,False,False,False,False,0.4252761109743977,0.41731036270383504,0.15741352632176728,False,LHS-01-006,2026071905,f3eec6f27e8d1359c02a36f0ce92fe044462141562c5ba56ea52462ba3dd377c,gaussian,empirical_resample,0.2802971334578478,0.9816979854001778,-145.17252790440224
expected_profit,economic_plus_operational,optimal,349.5528700483785,-153.86103902832457,-146.37133670447568,146.41122156748736,333.4734311197052,1.0,False,False,False,False,False,False,False,0.5153009981639087,0.388985790415946,0.09571321142014527,False,LHS-01-006,2026071905,f3eec6f27e8d1359c02a36f0ce92fe044462141562c5ba56ea52462ba3dd377c,gaussian,empirical_resample,0.2802971334578478,0.9816979854001778,-145.17252790440224
mean_variance,variance_penalty,optimal,349.5528700483785,-153.86103902832457,-146.37133670447568,146.41122156748736,333.4734311197052,1.0,False,False,False,False,False,False,False,0.5153009981639087,0.388985790415946,0.09571321142014527,False,LHS-01-006,2026071905,f3eec6f27e8d1359c02a36f0ce92fe044462141562c5ba56ea52462ba3dd377c,gaussian,empirical_resample,0.2802971334578478,0.9816979854001778,-145.17252790440224
loss_CVaR,economic_operational_plus_CVaR,optimal,349.5528700483784,-153.86103902832457,-146.37133670447568,146.41122156748736,333.47343111970514,1.0,False,False,False,False,False,False,False,0.5153009981639087,0.38898579041594594,0.09571321142014527,False,LHS-01-006,2026071905,f3eec6f27e8d1359c02a36f0ce92fe044462141562c5ba56ea52462ba3dd377c,gaussian,empirical_resample,0.2802971334578478,0.9816979854001778,-145.17252790440224
ranking_proportional_repaired,ranking,repaired,336.74122208232075,-159.87308093942772,-109.53349788127207,109.59753862434194,310.75119901298854,1.0,True,False,False,False,False,False,False,0.4252761109743977,0.41731036270383504,0.15741352632176728,False,LHS-01-007,2026071901,0e78305ed31c11dbbe7e3f8e8a0e7e1fe621e4855258fe067fc11634a9806079,gaussian,gaussian,0.38465090382122014,0.9417741677839616,-109.82306411192737
expected_profit,economic_plus_operational,optimal,368.3124342087664,-166.65715032676903,-110.13092978682695,110.20284101346799,346.83380062394866,1.0,False,False,False,False,False,False,False,0.5517370486442618,0.42407747089990466,0.02418548045583357,False,LHS-01-007,2026071901,0e78305ed31c11dbbe7e3f8e8a0e7e1fe621e4855258fe067fc11634a9806079,gaussian,gaussian,0.38465090382122014,0.9417741677839616,-109.82306411192737
mean_variance,variance_penalty,optimal,368.3124342087664,-166.65715032676903,-110.13092978682695,110.20284101346799,346.83380062394866,1.0,False,False,False,False,False,False,False,0.5517370486442618,0.42407747089990466,0.02418548045583357,False,LHS-01-007,2026071901,0e78305ed31c11dbbe7e3f8e8a0e7e1fe621e4855258fe067fc11634a9806079,gaussian,gaussian,0.38465090382122014,0.9417741677839616,-109.82306411192737
loss_CVaR,economic_operational_plus_CVaR,optimal,368.3124342087664,-166.65715032676903,-110.13092978682695,110.20284101346799,346.83380062394866,1.0,False,False,False,False,False,False,False,0.5517370486442618,0.42407747089990466,0.02418548045583357,False,LHS-01-007,2026071901,0e78305ed31c11dbbe7e3f8e8a0e7e1fe621e4855258fe067fc11634a9806079,gaussian,gaussian,0.38465090382122014,0.9417741677839616,-109.82306411192737
ranking_proportional_repaired,ranking,repaired,337.1756768606775,-159.04554180989774,-108.84111204308275,108.90498084755721,310.75119901298854,1.0,False,False,False,False,False,False,False,0.4252761109743977,0.41731036270383504,0.15741352632176728,False,LHS-01-007,2026071902,c5bd140932fe0ef36cfff88df4ad707afa785b00c8b58820df0df00ca8bae82b,gaussian,gaussian,0.38465090382122014,0.9417741677839616,-108.82948839737597
expected_profit,economic_plus_operational,optimal,368.85057478316014,-165.78606632180245,-108.81855565771644,108.89102828248083,346.83380062394866,1.0,True,False,False,False,False,False,False,0.5517370486442618,0.42407747089990466,0.02418548045583357,False,LHS-01-007,2026071902,c5bd140932fe0ef36cfff88df4ad707afa785b00c8b58820df0df00ca8bae82b,gaussian,gaussian,0.38465090382122014,0.9417741677839616,-108.82948839737597
mean_variance,variance_penalty,optimal,368.85057478316014,-165.78606632180245,-108.81855565771644,108.89102828248083,346.83380062394866,1.0,True,False,False,False,False,False,False,0.5517370486442618,0.42407747089990466,0.02418548045583357,False,LHS-01-007,2026071902,c5bd140932fe0ef36cfff88df4ad707afa785b00c8b58820df0df00ca8bae82b,gaussian,gaussian,0.38465090382122014,0.9417741677839616,-108.82948839737597
loss_CVaR,economic_operational_plus_CVaR,optimal,368.8499285236427,-165.7894885016186,-108.82948839737608,108.90195146739642,346.8169350208243,0.9999999999999999,False,False,False,False,False,False,False,0.5516487932642287,0.4241657262799377,0.02418548045583357,False,LHS-01-007,2026071902,c5bd140932fe0ef36cfff88df4ad707afa785b00c8b58820df0df00ca8bae82b,gaussian,gaussian,0.38465090382122014,0.9417741677839616,-108.82948839737597
ranking_proportional_repaired,ranking,repaired,338.30938741126147,-161.43664245787676,-111.46025657202439,111.5238352648471,310.75119901298854,1.0,True,False,False,False,False,False,False,0.4252761109743977,0.41731036270383504,0.15741352632176728,False,LHS-01-007,2026071903,95ae3efff107c4c523d049e36e8013a72cae3f230336c68ec0bc7d6eb4e8658e,gaussian,gaussian,0.38465090382122014,0.9417741677839616,-112.12080933217446
expected_profit,economic_plus_operational,optimal,370.24193854022906,-169.7466042196067,-112.82310642272324,112.89552305543232,346.83380062394866,1.0,False,False,False,False,False,False,False,0.5517370486442618,0.42407747089990466,0.02418548045583357,False,LHS-01-007,2026071903,95ae3efff107c4c523d049e36e8013a72cae3f230336c68ec0bc7d6eb4e8658e,gaussian,gaussian,0.38465090382122014,0.9417741677839616,-112.12080933217446
mean_variance,variance_penalty,optimal,370.24193854022906,-169.7466042196067,-112.82310642272324,112.89552305543232,346.83380062394866,1.0,False,False,False,False,False,False,False,0.5517370486442618,0.42407747089990466,0.02418548045583357,False,LHS-01-007,2026071903,95ae3efff107c4c523d049e36e8013a72cae3f230336c68ec0bc7d6eb4e8658e,gaussian,gaussian,0.38465090382122014,0.9417741677839616,-112.12080933217446
loss_CVaR,economic_operational_plus_CVaR,optimal,370.24193854022906,-169.7466042196067,-112.82310642272324,112.89552305543232,346.83380062394866,1.0,False,False,False,False,False,False,False,0.5517370486442618,0.42407747089990466,0.02418548045583357,False,LHS-01-007,2026071903,95ae3efff107c4c523d049e36e8013a72cae3f230336c68ec0bc7d6eb4e8658e,gaussian,gaussian,0.38465090382122014,0.9417741677839616,-112.12080933217446
ranking_proportional_repaired,ranking,repaired,333.88141624453664,-158.42018270771885,-111.0758693206394,111.13609955746793,310.75119901298854,1.0,True,False,False,False,False,False,False,0.4252761109743977,0.41731036270383504,0.15741352632176728,False,LHS-01-007,2026071904,5920967e6a8e084ca358ee2364f9600a004010ab7a0ce633908b3365c36d5429,gaussian,gaussian,0.38465090382122014,0.9417741677839616,-111.85064890358578
expected_profit,economic_plus_operational,optimal,365.2442897179981,-165.38863959623,-112.6743915018246,112.7414532336319,346.83380062394866,1.0,False,False,False,False,False,False,False,0.5517370486442618,0.42407747089990466,0.02418548045583357,False,LHS-01-007,2026071904,5920967e6a8e084ca358ee2364f9600a004010ab7a0ce633908b3365c36d5429,gaussian,gaussian,0.38465090382122014,0.9417741677839616,-111.85064890358578
mean_variance,variance_penalty,optimal,365.2442897179981,-165.38863959623,-112.6743915018246,112.7414532336319,346.83380062394866,1.0,False,False,False,False,False,False,False,0.5517370486442618,0.42407747089990466,0.02418548045583357,False,LHS-01-007,2026071904,5920967e6a8e084ca358ee2364f9600a004010ab7a0ce633908b3365c36d5429,gaussian,gaussian,0.38465090382122014,0.9417741677839616,-111.85064890358578
loss_CVaR,economic_operational_plus_CVaR,optimal,365.2442897179981,-165.38863959623,-112.6743915018246,112.7414532336319,346.83380062394866,1.0,False,False,False,False,False,False,False,0.5517370486442618,0.42407747089990466,0.02418548045583357,False,LHS-01-007,2026071904,5920967e6a8e084ca358ee2364f9600a004010ab7a0ce633908b3365c36d5429,gaussian,gaussian,0.38465090382122014,0.9417741677839616,-111.85064890358578
ranking_proportional_repaired,ranking,repaired,337.0760190556611,-159.79895939908957,-111.84054917622792,111.90156065150327,310.75119901298854,1.0,True,False,False,False,False,False,False,0.4252761109743977,0.41731036270383504,0.15741352632176728,False,LHS-01-007,2026071905,6b1cb2d19a78ccd3fa0382fc527c720204ab7ed560265c296acb9e4146e5c128,gaussian,gaussian,0.38465090382122014,0.9417741677839616,-112.47366513335926
expected_profit,economic_plus_operational,optimal,368.8430601997978,-167.28685021447157,-113.14679152310038,113.21566713505048,346.83380062394866,1.0,False,False,False,False,False,False,False,0.5517370486442618,0.42407747089990466,0.02418548045583357,False,LHS-01-007,2026071905,6b1cb2d19a78ccd3fa0382fc527c720204ab7ed560265c296acb9e4146e5c128,gaussian,gaussian,0.38465090382122014,0.9417741677839616,-112.47366513335926
mean_variance,variance_penalty,optimal,368.8430601997978,-167.28685021447157,-113.14679152310038,113.21566713505048,346.83380062394866,1.0,False,False,False,False,False,False,False,0.5517370486442618,0.42407747089990466,0.02418548045583357,False,LHS-01-007,2026071905,6b1cb2d19a78ccd3fa0382fc527c720204ab7ed560265c296acb9e4146e5c128,gaussian,gaussian,0.38465090382122014,0.9417741677839616,-112.47366513335926
loss_CVaR,economic_operational_plus_CVaR,optimal,368.8430601997978,-167.28685021447157,-113.14679152310038,113.21566713505048,346.83380062394866,1.0,False,False,False,False,False,False,False,0.5517370486442618,0.42407747089990466,0.02418548045583357,False,LHS-01-007,2026071905,6b1cb2d19a78ccd3fa0382fc527c720204ab7ed560265c296acb9e4146e5c128,gaussian,gaussian,0.38465090382122014,0.9417741677839616,-112.47366513335926
ranking_proportional_repaired,ranking,repaired,336.68829649576713,-190.53065023024175,-116.43648731555209,116.47264546225968,310.75119901298854,1.0,False,False,False,False,False,False,False,0.4252761109743977,0.41731036270383504,0.15741352632176728,False,LHS-01-008,2026071901,3fb33b23c2703f0ed8f773011bfe55437a1d45e2df457c8af2f084e7792e4b81,gaussian,student_t_df5,0.4657426204948747,0.9152413826234104,-115.65112913959247
expected_profit,economic_plus_operational,optimal,367.55590136311275,-199.81964051280198,-114.16358077436186,114.20538115717993,353.9802412155859,1.0,True,False,False,False,False,False,False,0.5910439836420999,0.3806883055079515,0.02826771084994866,False,LHS-01-008,2026071901,3fb33b23c2703f0ed8f773011bfe55437a1d45e2df457c8af2f084e7792e4b81,gaussian,student_t_df5,0.4657426204948747,0.9152413826234104,-115.65112913959247
mean_variance,variance_penalty,optimal,367.5559013692292,-199.81964051619835,-114.16358077649149,114.20538115931018,353.98024122123894,1.0000000000181655,True,False,False,False,False,False,False,0.5910439836498672,0.38068830551549054,0.028267710852807697,False,LHS-01-008,2026071901,3fb33b23c2703f0ed8f773011bfe55437a1d45e2df457c8af2f084e7792e4b81,gaussian,student_t_df5,0.4657426204948747,0.9152413826234104,-115.65112913959247
loss_CVaR,economic_operational_plus_CVaR,optimal,367.47442618677684,-200.76446445378295,-115.6511291395924,115.6926646714616,351.5834443177843,0.9999999999999999,False,False,False,False,False,False,False,0.5785018753333526,0.3932304138166987,0.02826771084994866,False,LHS-01-008,2026071901,3fb33b23c2703f0ed8f773011bfe55437a1d45e2df457c8af2f084e7792e4b81,gaussian,student_t_df5,0.4657426204948747,0.9152413826234104,-115.65112913959247
ranking_proportional_repaired,ranking,repaired,336.8160577167177,-186.13513237544998,-113.0887206685414,113.12436750989923,310.75119901298854,1.0,False,False,False,False,False,False,False,0.4252761109743977,0.41731036270383504,0.15741352632176728,False,LHS-01-008,2026071902,b3c3767c6c0abdf2dd1ceb01a2aac6c530dcae061179d62e49f3280c4f1169b5,gaussian,student_t_df5,0.4657426204948747,0.9152413826234104,-112.02295983462353
expected_profit,economic_plus_operational,optimal,367.79064220108586,-197.26466315230502,-110.00430027933946,110.0468835663138,353.9802412155859,1.0,True,False,False,False,False,False,False,0.5910439836420999,0.3806883055079515,0.02826771084994866,False,LHS-01-008,2026071902,b3c3767c6c0abdf2dd1ceb01a2aac6c530dcae061179d62e49f3280c4f1169b5,gaussian,student_t_df5,0.4657426204948747,0.9152413826234104,-112.02295983462353
mean_variance,variance_penalty,optimal,367.79064220177605,-197.26466315266532,-110.00430027957903,110.04688356655342,353.98024121621467,1.0000000000020492,True,False,False,False,False,False,False,0.5910439836429285,0.380688305508851,0.02826771085026974,False,LHS-01-008,2026071902,b3c3767c6c0abdf2dd1ceb01a2aac6c530dcae061179d62e49f3280c4f1169b5,gaussian,student_t_df5,0.4657426204948747,0.9152413826234104,-112.02295983462353
loss_CVaR,economic_operational_plus_CVaR,optimal,367.6687505835106,-198.1227144776956,-112.02295983462349,112.06497674172395,350.8124832472366,1.0000000000000002,False,False,False,False,False,False,False,0.5744675421541393,0.39726474699591213,0.02826771084994866,False,LHS-01-008,2026071902,b3c3767c6c0abdf2dd1ceb01a2aac6c530dcae061179d62e49f3280c4f1169b5,gaussian,student_t_df5,0.4657426204948747,0.9152413826234104,-112.02295983462353
ranking_proportional_repaired,ranking,repaired,338.23730948414766,-193.30789886283466,-117.86477579868611,117.90159224150058,310.75119901298854,1.0,False,False,False,False,False,False,False,0.4252761109743977,0.41731036270383504,0.15741352632176728,False,LHS-01-008,2026071903,44f03ececa89adeabe0817baef96a80a1a5c7ec08a5056741df3c06fc85a9d94,gaussian,student_t_df5,0.4657426204948747,0.9152413826234104,-117.2747183668851
expected_profit,economic_plus_operational,optimal,369.52688481956477,-202.40704226359773,-116.15708950029149,116.19917970447034,353.9802412155859,1.0,True,False,False,False,False,False,False,0.5910439836420999,0.3806883055079515,0.02826771084994866,False,LHS-01-008,2026071903,44f03ececa89adeabe0817baef96a80a1a5c7ec08a5056741df3c06fc85a9d94,gaussian,student_t_df5,0.4657426204948747,0.9152413826234104,-117.2747183668851
mean_variance,variance_penalty,optimal,369.52688481956477,-202.40704226359773,-116.15708950029149,116.19917970447034,353.9802412155859,1.0,True,False,False,False,False,False,False,0.5910439836420999,0.3806883055079515,0.02826771084994866,False,LHS-01-008,2026071903,44f03ececa89adeabe0817baef96a80a1a5c7ec08a5056741df3c06fc85a9d94,gaussian,student_t_df5,0.4657426204948747,0.9152413826234104,-117.2747183668851
loss_CVaR,economic_operational_plus_CVaR,optimal,369.441221384728,-202.8368467317348,-117.27471836688521,117.31647291094548,352.13426416596104,1.0000000000000002,False,False,False,False,False,False,False,0.5813842397926762,0.39034804935737527,0.02826771084994866,False,LHS-01-008,2026071903,44f03ececa89adeabe0817baef96a80a1a5c7ec08a5056741df3c06fc85a9d94,gaussian,student_t_df5,0.4657426204948747,0.9152413826234104,-117.2747183668851
ranking_proportional_repaired,ranking,repaired,334.1005214296301,-188.6083995029655,-118.42084907922124,118.45510078874108,310.75119901298854,1.0,False,False,False,False,False,False,False,0.4252761109743977,0.41731036270383504,0.15741352632176728,False,LHS-01-008,2026071904,e300a144cef789f8b8d2de7222fc523f83dcbf9ff2810d0abdd577fba66f7b4c,gaussian,student_t_df5,0.4657426204948747,0.9152413826234104,-118.23797616078623
expected_profit,economic_plus_operational,optimal,364.8490285504248,-198.3869681151727,-117.89159622970504,117.93087818325473,353.9802412155859,1.0,True,False,False,False,False,False,False,0.5910439836420999,0.3806883055079515,0.02826771084994866,False,LHS-01-008,2026071904,e300a144cef789f8b8d2de7222fc523f83dcbf9ff2810d0abdd577fba66f7b4c,gaussian,student_t_df5,0.4657426204948747,0.9152413826234104,-118.23797616078623
mean_variance,variance_penalty,optimal,364.8490285504248,-198.3869681151727,-117.89159622970504,117.93087818325473,353.9802412155859,1.0,True,False,False,False,False,False,False,0.5910439836420999,0.3806883055079515,0.02826771084994866,False,LHS-01-008,2026071904,e300a144cef789f8b8d2de7222fc523f83dcbf9ff2810d0abdd577fba66f7b4c,gaussian,student_t_df5,0.4657426204948747,0.9152413826234104,-118.23797616078623
loss_CVaR,economic_operational_plus_CVaR,optimal,364.8243718741879,-198.6461841063588,-118.23797616078636,118.27721557810375,353.3609806515022,1.0000000000000002,False,False,False,False,False,False,False,0.5878034783355394,0.3839288108145121,0.02826771084994866,False,LHS-01-008,2026071904,e300a144cef789f8b8d2de7222fc523f83dcbf9ff2810d0abdd577fba66f7b4c,gaussian,student_t_df5,0.4657426204948747,0.9152413826234104,-118.23797616078623
ranking_proportional_repaired,ranking,repaired,337.18776335848406,-188.94595155216788,-117.79369559823954,117.82841808659968,310.75119901298854,1.0,False,False,False,False,False,False,False,0.4252761109743977,0.41731036270383504,0.15741352632176728,False,LHS-01-008,2026071905,86cb5d529475a1f84b14464010a26a4b6d3ef681badd985094e5e6e7955e8cdb,gaussian,student_t_df5,0.4657426204948747,0.9152413826234104,-117.33409049787306
expected_profit,economic_plus_operational,optimal,368.29064244364537,-196.99611196356173,-116.46355163213016,116.50285173373945,353.9802412155859,1.0,True,False,False,False,False,False,False,0.5910439836420999,0.3806883055079515,0.02826771084994866,False,LHS-01-008,2026071905,86cb5d529475a1f84b14464010a26a4b6d3ef681badd985094e5e6e7955e8cdb,gaussian,student_t_df5,0.4657426204948747,0.9152413826234104,-117.33409049787306
mean_variance,variance_penalty,optimal,368.2906424476004,-196.99611196590521,-116.46355163351902,116.5028517351288,353.9802412192377,1.0000000000117168,True,False,False,False,False,False,False,0.5910439836471311,0.38068830551280963,0.028267710851776068,False,LHS-01-008,2026071905,86cb5d529475a1f84b14464010a26a4b6d3ef681badd985094e5e6e7955e8cdb,gaussian,student_t_df5,0.4657426204948747,0.9152413826234104,-117.33409049787306
loss_CVaR,economic_operational_plus_CVaR,optimal,368.23835958885036,-197.98695901626888,-117.33409049787308,117.37344931019456,352.540746243895,1.0,False,False,False,False,False,False,False,0.5835113045647011,0.38822098458535026,0.02826771084994866,False,LHS-01-008,2026071905,86cb5d529475a1f84b14464010a26a4b6d3ef681badd985094e5e6e7955e8cdb,gaussian,student_t_df5,0.4657426204948747,0.9152413826234104,-117.33409049787306
ranking_proportional_repaired,ranking,repaired,328.21856144531546,-216.6323057279643,-190.12739543772457,190.14746820144092,301.7831733053963,1.0,True,False,False,False,False,False,False,0.39330909840010453,0.41731036270383487,0.1893805388960606,True,LHS-01-009,2026071901,07f203b17395ff6a1fe8ad168a2915aeda31db1cda5256227952bc6922eccd3a,gaussian,empirical_resample,0.07528688019010969,0.9114670987694655,-194.4193757396152
expected_profit,economic_plus_operational,optimal,359.4025898408066,-234.8322852468963,-206.277104175071,206.29872965488804,313.8273734345231,1.0,False,False,False,False,False,False,False,0.39330909840010453,0.5519727076180432,0.05471819398185227,True,LHS-01-009,2026071901,07f203b17395ff6a1fe8ad168a2915aeda31db1cda5256227952bc6922eccd3a,gaussian,empirical_resample,0.07528688019010969,0.9114670987694655,-194.4193757396152
mean_variance,variance_penalty,optimal,359.40258984783605,-234.83228525148002,-206.2771041791196,206.29872965893696,313.8273734410249,1.0000000000209197,False,False,False,False,False,False,False,0.39330909840899736,0.5519727076267964,0.05471819398512599,True,LHS-01-009,2026071901,07f203b17395ff6a1fe8ad168a2915aeda31db1cda5256227952bc6922eccd3a,gaussian,empirical_resample,0.07528688019010969,0.9114670987694655,-194.4193757396152
loss_CVaR,economic_operational_plus_CVaR,optimal,359.4025898408066,-234.8322852468963,-206.277104175071,206.29872965488804,313.8273734345231,1.0,False,False,False,False,False,False,False,0.39330909840010453,0.5519727076180432,0.05471819398185227,True,LHS-01-009,2026071901,07f203b17395ff6a1fe8ad168a2915aeda31db1cda5256227952bc6922eccd3a,gaussian,empirical_resample,0.07528688019010969,0.9114670987694655,-194.4193757396152
ranking_proportional_repaired,ranking,repaired,328.339932806491,-217.70904721907198,-188.46943535283333,188.49157916745943,301.7831733053963,1.0,True,False,False,False,False,False,False,0.39330909840010453,0.41731036270383487,0.1893805388960606,True,LHS-01-009,2026071902,8c52f55833352ce184bbc3a45e74635a35a02c7a7024d64a6d6a44ed0725e49a,gaussian,empirical_resample,0.07528688019010969,0.9114670987694655,-192.68322266110658
expected_profit,economic_plus_operational,optimal,359.50887373500143,-235.02327452900218,-204.3249223129584,204.34817086440668,313.8273734345231,1.0,False,False,False,False,False,False,False,0.39330909840010453,0.5519727076180432,0.05471819398185227,True,LHS-01-009,2026071902,8c52f55833352ce184bbc3a45e74635a35a02c7a7024d64a6d6a44ed0725e49a,gaussian,empirical_resample,0.07528688019010969,0.9114670987694655,-192.68322266110658
mean_variance,variance_penalty,optimal,359.50887373500143,-235.02327452900218,-204.3249223129584,204.34817086440668,313.8273734345231,1.0,False,False,False,False,False,False,False,0.39330909840010453,0.5519727076180432,0.05471819398185227,True,LHS-01-009,2026071902,8c52f55833352ce184bbc3a45e74635a35a02c7a7024d64a6d6a44ed0725e49a,gaussian,empirical_resample,0.07528688019010969,0.9114670987694655,-192.68322266110658
loss_CVaR,economic_operational_plus_CVaR,optimal,359.50887373500143,-235.02327452900218,-204.3249223129584,204.34817086440668,313.8273734345231,1.0,False,False,False,False,False,False,False,0.39330909840010453,0.5519727076180432,0.05471819398185227,True,LHS-01-009,2026071902,8c52f55833352ce184bbc3a45e74635a35a02c7a7024d64a6d6a44ed0725e49a,gaussian,empirical_resample,0.07528688019010969,0.9114670987694655,-192.68322266110658
ranking_proportional_repaired,ranking,repaired,328.6861741096137,-217.48344564323904,-189.1684196816712,189.18986328663064,301.7831733053963,1.0,True,False,False,False,False,False,False,0.39330909840010453,0.41731036270383487,0.1893805388960606,True,LHS-01-009,2026071903,0bea4086211891814616be0501bfc5324966e94ec25e58f451807ce571361c1c,gaussian,empirical_resample,0.07528688019010969,0.9114670987694655,-193.29624769619994
expected_profit,economic_plus_operational,optimal,359.6442026813897,-234.673779596054,-204.70046211046173,204.72316157682837,313.8273734345231,1.0,False,False,False,False,False,False,False,0.39330909840010453,0.5519727076180432,0.05471819398185227,True,LHS-01-009,2026071903,0bea4086211891814616be0501bfc5324966e94ec25e58f451807ce571361c1c,gaussian,empirical_resample,0.07528688019010969,0.9114670987694655,-193.29624769619994
mean_variance,variance_penalty,optimal,359.6442026813897,-234.673779596054,-204.70046211046173,204.72316157682837,313.8273734345231,1.0,False,False,False,False,False,False,False,0.39330909840010453,0.5519727076180432,0.05471819398185227,True,LHS-01-009,2026071903,0bea4086211891814616be0501bfc5324966e94ec25e58f451807ce571361c1c,gaussian,empirical_resample,0.07528688019010969,0.9114670987694655,-193.29624769619994
loss_CVaR,economic_operational_plus_CVaR,optimal,359.6442026813897,-234.673779596054,-204.70046211046173,204.72316157682837,313.8273734345231,1.0,False,False,False,False,False,False,False,0.39330909840010453,0.5519727076180432,0.05471819398185227,True,LHS-01-009,2026071903,0bea4086211891814616be0501bfc5324966e94ec25e58f451807ce571361c1c,gaussian,empirical_resample,0.07528688019010969,0.9114670987694655,-193.29624769619994
ranking_proportional_repaired,ranking,repaired,326.0908656786082,-215.46876256338325,-187.1936197409088,187.21503314147145,301.7831733053963,1.0,True,False,False,False,False,False,False,0.39330909840010453,0.41731036270383487,0.1893805388960606,True,LHS-01-009,2026071904,3c43c5a621eeb4b36bd781ee4aa6e937c0367a3e24cb264837778210166461ca,gaussian,empirical_resample,0.07528688019010969,0.9114670987694655,-191.33903825612106
expected_profit,economic_plus_operational,optimal,356.94867902679835,-233.4420618919337,-202.7918510714653,202.8150631643537,313.8273734345231,1.0,False,False,False,False,False,False,False,0.39330909840010453,0.5519727076180432,0.05471819398185227,True,LHS-01-009,2026071904,3c43c5a621eeb4b36bd781ee4aa6e937c0367a3e24cb264837778210166461ca,gaussian,empirical_resample,0.07528688019010969,0.9114670987694655,-191.33903825612106
mean_variance,variance_penalty,optimal,356.94867902679835,-233.4420618919337,-202.7918510714653,202.8150631643537,313.8273734345231,1.0,False,False,False,False,False,False,False,0.39330909840010453,0.5519727076180432,0.05471819398185227,True,LHS-01-009,2026071904,3c43c5a621eeb4b36bd781ee4aa6e937c0367a3e24cb264837778210166461ca,gaussian,empirical_resample,0.07528688019010969,0.9114670987694655,-191.33903825612106
loss_CVaR,economic_operational_plus_CVaR,optimal,356.94867902679835,-233.4420618919337,-202.7918510714653,202.8150631643537,313.8273734345231,1.0,False,False,False,False,False,False,False,0.39330909840010453,0.5519727076180432,0.05471819398185227,True,LHS-01-009,2026071904,3c43c5a621eeb4b36bd781ee4aa6e937c0367a3e24cb264837778210166461ca,gaussian,empirical_resample,0.07528688019010969,0.9114670987694655,-191.33903825612106
ranking_proportional_repaired,ranking,repaired,327.28628718213577,-214.9189942703066,-187.33057471808183,187.35146804769192,301.7831733053963,1.0,True,False,False,False,False,False,False,0.39330909840010453,0.41731036270383487,0.1893805388960606,True,LHS-01-009,2026071905,3ee363ec26d1608a35408f52585ba62a60c51a83d8cc7d134a921ad536061e06,gaussian,empirical_resample,0.07528688019010969,0.9114670987694655,-191.58303780003422
expected_profit,economic_plus_operational,optimal,358.3861814162829,-232.81841776001687,-203.33158948499442,203.353920522158,313.8273734345231,1.0,False,False,False,False,False,False,False,0.39330909840010453,0.5519727076180432,0.05471819398185227,True,LHS-01-009,2026071905,3ee363ec26d1608a35408f52585ba62a60c51a83d8cc7d134a921ad536061e06,gaussian,empirical_resample,0.07528688019010969,0.9114670987694655,-191.58303780003422
mean_variance,variance_penalty,optimal,358.3861814162829,-232.81841776001687,-203.33158948499442,203.353920522158,313.8273734345231,1.0,False,False,False,False,False,False,False,0.39330909840010453,0.5519727076180432,0.05471819398185227,True,LHS-01-009,2026071905,3ee363ec26d1608a35408f52585ba62a60c51a83d8cc7d134a921ad536061e06,gaussian,empirical_resample,0.07528688019010969,0.9114670987694655,-191.58303780003422
loss_CVaR,economic_operational_plus_CVaR,optimal,358.3861814162829,-232.81841776001687,-203.33158948499442,203.353920522158,313.8273734345231,1.0,False,False,False,False,False,False,False,0.39330909840010453,0.5519727076180432,0.05471819398185227,True,LHS-01-009,2026071905,3ee363ec26d1608a35408f52585ba62a60c51a83d8cc7d134a921ad536061e06,gaussian,empirical_resample,0.07528688019010969,0.9114670987694655,-191.58303780003422
ranking_proportional_repaired,ranking,repaired,336.6594902855199,-148.86052116356893,-106.89935474643292,106.97078557061769,310.75119901298854,1.0,False,False,False,False,False,False,False,0.4252761109743977,0.41731036270383504,0.15741352632176728,False,LHS-01-010,2026071901,9ff52d2255e752743eb4207ab4f58994e0879ece61f9206ccbb673224bc7c99a,gaussian,gaussian,0.21782979001236108,0.9649597510065369,-94.33167280619956
expected_profit,economic_plus_operational,optimal,341.946593513174,-110.44460178889007,-64.58897340572858,64.66703380320077,358.85059649693034,1.0,True,False,False,False,False,False,False,0.6693997862044103,0.1893691913589557,0.141231022436634,False,LHS-01-010,2026071901,9ff52d2255e752743eb4207ab4f58994e0879ece61f9206ccbb673224bc7c99a,gaussian,gaussian,0.21782979001236108,0.9649597510065369,-94.33167280619956
mean_variance,variance_penalty,optimal,341.9465935226101,-110.44460179198505,-64.5889734090052,64.66703380647708,358.8505965056376,1.00000000002803,True,False,False,False,False,False,False,0.6693997862163159,0.18936919137066613,0.14123102244104796,False,LHS-01-010,2026071901,9ff52d2255e752743eb4207ab4f58994e0879ece61f9206ccbb673224bc7c99a,gaussian,gaussian,0.21782979001236108,0.9649597510065369,-94.33167280619956
loss_CVaR,economic_operational_plus_CVaR,optimal,340.9938090235989,-136.98589699529566,-94.33167280619935,94.40428342808957,330.21128692940886,1.0,False,False,False,False,False,False,False,0.5195342207019432,0.3392347568614228,0.141231022436634,False,LHS-01-010,2026071901,9ff52d2255e752743eb4207ab4f58994e0879ece61f9206ccbb673224bc7c99a,gaussian,gaussian,0.21782979001236108,0.9649597510065369,-94.33167280619956
ranking_proportional_repaired,ranking,repaired,337.08596087303033,-147.94473819689978,-105.46960144210416,105.54190720204406,310.75119901298854,1.0,False,False,False,False,False,False,False,0.4252761109743977,0.41731036270383504,0.15741352632176728,False,LHS-01-010,2026071902,8a46a08fddaab98c8655b76884799caad70d8cc29a7ae4b97c61baa3e9cbdd51,gaussian,gaussian,0.21782979001236108,0.9649597510065369,-92.20759335905217
expected_profit,economic_plus_operational,optimal,342.59065685837606,-111.52160078758352,-60.821700420588144,60.90800726042422,358.85059649693034,1.0,True,False,False,False,False,False,False,0.6693997862044103,0.1893691913589557,0.141231022436634,False,LHS-01-010,2026071902,8a46a08fddaab98c8655b76884799caad70d8cc29a7ae4b97c61baa3e9cbdd51,gaussian,gaussian,0.21782979001236108,0.9649597510065369,-92.20759335905217
mean_variance,variance_penalty,optimal,342.5906568660717,-111.5216007920983,-60.82170042323769,60.908007263076925,358.8505965040256,1.0000000000228282,True,False,False,False,False,False,False,0.6693997862141248,0.1893691913684782,0.1412310224402253,False,LHS-01-010,2026071902,8a46a08fddaab98c8655b76884799caad70d8cc29a7ae4b97c61baa3e9cbdd51,gaussian,gaussian,0.21782979001236108,0.9649597510065369,-92.20759335905217
loss_CVaR,economic_operational_plus_CVaR,optimal,341.5013613857686,-137.68111606701706,-92.20759335905183,92.28500329502272,330.1263469416399,1.0,False,False,False,False,False,False,False,0.5190897414357529,0.339679236127613,0.141231022436634,False,LHS-01-010,2026071902,8a46a08fddaab98c8655b76884799caad70d8cc29a7ae4b97c61baa3e9cbdd51,gaussian,gaussian,0.21782979001236108,0.9649597510065369,-92.20759335905217
ranking_proportional_repaired,ranking,repaired,338.1553090891743,-152.42399039400317,-108.73217323612678,108.80655016070249,310.75119901298854,1.0,False,False,False,False,False,False,False,0.4252761109743977,0.41731036270383504,0.15741352632176728,False,LHS-01-010,2026071903,88cc5095ef6d2e31090d6d2d4a9861d68474187f6cf279757bddd72cba737efa,gaussian,gaussian,0.21782979001236108,0.9649597510065369,-95.92037201326029
expected_profit,economic_plus_operational,optimal,344.3409282963278,-121.26830102341275,-65.59993946551957,65.69470415598515,358.85059649693034,1.0,True,False,False,False,False,False,False,0.6693997862044103,0.1893691913589557,0.141231022436634,False,LHS-01-010,2026071903,88cc5095ef6d2e31090d6d2d4a9861d68474187f6cf279757bddd72cba737efa,gaussian,gaussian,0.21782979001236108,0.9649597510065369,-95.92037201326029
mean_variance,variance_penalty,optimal,344.3409282982998,-121.26830102445663,-65.59993946621243,65.69470415667861,358.850596498745,1.0000000000058304,True,False,False,False,False,False,False,0.6693997862069049,0.18936919136137506,0.14123102243755048,False,LHS-01-010,2026071903,88cc5095ef6d2e31090d6d2d4a9861d68474187f6cf279757bddd72cba737efa,gaussian,gaussian,0.21782979001236108,0.9649597510065369,-95.92037201326029
loss_CVaR,economic_operational_plus_CVaR,optimal,342.835838337778,-142.70652901572387,-95.92037201325991,96.00001645693195,330.2977902364089,1.0,False,False,False,False,False,False,False,0.5199868806025192,0.3387820969608468,0.141231022436634,False,LHS-01-010,2026071903,88cc5095ef6d2e31090d6d2d4a9861d68474187f6cf279757bddd72cba737efa,gaussian,gaussian,0.21782979001236108,0.9649597510065369,-95.92037201326029
ranking_proportional_repaired,ranking,repaired,334.1372962950499,-148.33674449854246,-110.03258619334925,110.09779166381314,310.75119901298854,1.0,False,False,False,False,False,False,False,0.4252761109743977,0.41731036270383504,0.15741352632176728,False,LHS-01-010,2026071904,aa8a90cb22efa9b38265fa43383892f2d2c344a4c44c49a54f7406ceaf0d22ba,gaussian,gaussian,0.21782979001236108,0.9649597510065369,-98.37031801679913
expected_profit,economic_plus_operational,optimal,339.8144404289288,-120.06389354001227,-70.77037250955561,70.8542852587669,358.85059649693034,1.0,True,False,False,False,False,False,False,0.6693997862044103,0.1893691913589557,0.141231022436634,False,LHS-01-010,2026071904,aa8a90cb22efa9b38265fa43383892f2d2c344a4c44c49a54f7406ceaf0d22ba,gaussian,gaussian,0.21782979001236108,0.9649597510065369,-98.37031801679913
mean_variance,variance_penalty,optimal,339.8144404363103,-120.06389354349939,-70.77037251221192,70.85428526142461,358.8505965037986,1.0000000000220892,True,False,False,False,False,False,False,0.6693997862138246,0.18936919136815572,0.14123102244010904,False,LHS-01-010,2026071904,aa8a90cb22efa9b38265fa43383892f2d2c344a4c44c49a54f7406ceaf0d22ba,gaussian,gaussian,0.21782979001236108,0.9649597510065369,-98.37031801679913
loss_CVaR,economic_operational_plus_CVaR,optimal,338.61028757123916,-140.9750648320038,-98.3703180167988,98.44284441296567,330.58258534655425,1.0,False,False,False,False,False,False,False,0.5214771742191876,0.3372918033441784,0.141231022436634,False,LHS-01-010,2026071904,aa8a90cb22efa9b38265fa43383892f2d2c344a4c44c49a54f7406ceaf0d22ba,gaussian,gaussian,0.21782979001236108,0.9649597510065369,-98.37031801679913
ranking_proportional_repaired,ranking,repaired,337.1692613950735,-151.45035264112425,-110.28842990016143,110.35850016553935,310.75119901298854,1.0,False,False,False,False,False,False,False,0.4252761109743977,0.41731036270383504,0.15741352632176728,False,LHS-01-010,2026071905,4b2585204bc6436256176d888881c9ce04f00a2c937e8dbab3d6660ece57104c,gaussian,gaussian,0.21782979001236108,0.9649597510065369,-97.6845751536282
expected_profit,economic_plus_operational,optimal,342.56246347530725,-118.68933640012551,-67.85626912264533,67.94280265356228,358.85059649693034,1.0,True,False,False,False,False,False,False,0.6693997862044103,0.1893691913589557,0.141231022436634,False,LHS-01-010,2026071905,4b2585204bc6436256176d888881c9ce04f00a2c937e8dbab3d6660ece57104c,gaussian,gaussian,0.21782979001236108,0.9649597510065369,-97.6845751536282
mean_variance,variance_penalty,optimal,342.56246347755587,-118.68933640105399,-67.85626912344725,67.94280265436443,358.85059649900234,1.0000000000066598,True,False,False,False,False,False,False,0.6693997862072496,0.18936919136174094,0.1412310224376693,False,LHS-01-010,2026071905,4b2585204bc6436256176d888881c9ce04f00a2c937e8dbab3d6660ece57104c,gaussian,gaussian,0.21782979001236108,0.9649597510065369,-97.6845751536282
loss_CVaR,economic_operational_plus_CVaR,optimal,341.5640937484103,-142.247186448375,-97.68457515362788,97.76043443792337,330.3191031652996,1.0,False,False,False,False,False,False,False,0.5200984082262278,0.3386705693371382,0.141231022436634,False,LHS-01-010,2026071905,4b2585204bc6436256176d888881c9ce04f00a2c937e8dbab3d6660ece57104c,gaussian,gaussian,0.21782979001236108,0.9649597510065369,-97.6845751536282
ranking_proportional_repaired,ranking,repaired,336.3247375215211,-215.71649242769084,-164.11703881366975,164.1627431163326,310.75119901298854,1.0,True,False,False,False,False,False,False,0.4252761109743977,0.41731036270383504,0.15741352632176728,False,LHS-01-011,2026071901,7f4d1082ab143e32108fff56e37ad1c561ec7c885f02bb53576ec042ed32a276,gaussian,student_t_df5,0.00829685576913844,0.9268648370228868,-165.125561167118
expected_profit,economic_plus_operational,optimal,362.3086694544912,-225.9411729787396,-165.84566124261744,165.89889094302492,334.78067199497116,1.0,False,False,False,False,False,False,False,0.49922558320347743,0.45402422722571123,0.04675018957081131,False,LHS-01-011,2026071901,7f4d1082ab143e32108fff56e37ad1c561ec7c885f02bb53576ec042ed32a276,gaussian,student_t_df5,0.00829685576913844,0.9268648370228868,-165.125561167118
mean_variance,variance_penalty,optimal,362.3086694544912,-225.9411729787396,-165.84566124261744,165.89889094302492,334.78067199497116,1.0,False,False,False,False,False,False,False,0.49922558320347743,0.45402422722571123,0.04675018957081131,False,LHS-01-011,2026071901,7f4d1082ab143e32108fff56e37ad1c561ec7c885f02bb53576ec042ed32a276,gaussian,student_t_df5,0.00829685576913844,0.9268648370228868,-165.125561167118
loss_CVaR,economic_operational_plus_CVaR,optimal,362.3086694544912,-225.9411729787396,-165.84566124261744,165.89889094302492,334.78067199497116,1.0,False,False,False,False,False,False,False,0.49922558320347743,0.45402422722571123,0.04675018957081131,False,LHS-01-011,2026071901,7f4d1082ab143e32108fff56e37ad1c561ec7c885f02bb53576ec042ed32a276,gaussian,student_t_df5,0.00829685576913844,0.9268648370228868,-165.125561167118
ranking_proportional_repaired,ranking,repaired,336.4172890162693,-215.52484639081797,-162.91544005283697,162.96203892282054,310.75119901298854,1.0,True,False,False,False,False,False,False,0.4252761109743977,0.41731036270383504,0.15741352632176728,False,LHS-01-011,2026071902,20ec33f705dc58eb5c989a46c0f11b1c0d111e7174d41e1acd4f01ade3003658,gaussian,student_t_df5,0.00829685576913844,0.9268648370228868,-163.99798852207144
expected_profit,economic_plus_operational,optimal,362.3782505726149,-225.4305859906463,-164.77094435370196,164.82467373311616,334.78067199497116,1.0,False,False,False,False,False,False,False,0.49922558320347743,0.45402422722571123,0.04675018957081131,False,LHS-01-011,2026071902,20ec33f705dc58eb5c989a46c0f11b1c0d111e7174d41e1acd4f01ade3003658,gaussian,student_t_df5,0.00829685576913844,0.9268648370228868,-163.99798852207144
mean_variance,variance_penalty,optimal,362.3782505726149,-225.4305859906463,-164.77094435370196,164.82467373311616,334.78067199497116,1.0,False,False,False,False,False,False,False,0.49922558320347743,0.45402422722571123,0.04675018957081131,False,LHS-01-011,2026071902,20ec33f705dc58eb5c989a46c0f11b1c0d111e7174d41e1acd4f01ade3003658,gaussian,student_t_df5,0.00829685576913844,0.9268648370228868,-163.99798852207144
loss_CVaR,economic_operational_plus_CVaR,optimal,362.3782505726149,-225.4305859906463,-164.77094435370196,164.82467373311616,334.78067199497116,1.0,False,False,False,False,False,False,False,0.49922558320347743,0.45402422722571123,0.04675018957081131,False,LHS-01-011,2026071902,20ec33f705dc58eb5c989a46c0f11b1c0d111e7174d41e1acd4f01ade3003658,gaussian,student_t_df5,0.00829685576913844,0.9268648370228868,-163.99798852207144
ranking_proportional_repaired,ranking,repaired,337.06706969557536,-216.82981857717857,-165.24189930493975,165.28759339103996,310.75119901298854,1.0,True,False,False,False,False,False,False,0.4252761109743977,0.41731036270383504,0.15741352632176728,False,LHS-01-011,2026071903,e6a2c512b9f8164a16cf679bdefa6ce5f6760081011bfc9bd1595c5ca26c7242,gaussian,student_t_df5,0.00829685576913844,0.9268648370228868,-166.4427454482158
expected_profit,economic_plus_operational,optimal,363.02744517112717,-226.25452573461848,-167.30016759208763,167.35238651378387,334.78067199497116,1.0,False,False,False,False,False,False,False,0.49922558320347743,0.45402422722571123,0.04675018957081131,False,LHS-01-011,2026071903,e6a2c512b9f8164a16cf679bdefa6ce5f6760081011bfc9bd1595c5ca26c7242,gaussian,student_t_df5,0.00829685576913844,0.9268648370228868,-166.4427454482158
mean_variance,variance_penalty,optimal,363.02744517569187,-226.2545257377147,-167.3001675943339,167.35238651603086,334.7806719991822,1.0000000000135496,False,False,False,False,False,False,False,0.49922558320924715,0.45402422723134744,0.046750189572954966,False,LHS-01-011,2026071903,e6a2c512b9f8164a16cf679bdefa6ce5f6760081011bfc9bd1595c5ca26c7242,gaussian,student_t_df5,0.00829685576913844,0.9268648370228868,-166.4427454482158
loss_CVaR,economic_operational_plus_CVaR,optimal,363.02744517112717,-226.25452573461848,-167.30016759208763,167.35238651378387,334.78067199497116,1.0,False,False,False,False,False,False,False,0.49922558320347743,0.45402422722571123,0.04675018957081131,False,LHS-01-011,2026071903,e6a2c512b9f8164a16cf679bdefa6ce5f6760081011bfc9bd1595c5ca26c7242,gaussian,student_t_df5,0.00829685576913844,0.9268648370228868,-166.4427454482158
ranking_proportional_repaired,ranking,repaired,334.76365773779594,-213.86673302677448,-162.94530275129267,162.99040649364514,310.75119901298854,1.0,True,False,False,False,False,False,False,0.4252761109743977,0.41731036270383504,0.15741352632176728,False,LHS-01-011,2026071904,225901faad2aa4f97ea9a62e5a5efb59e34d9bd89d49a12179e888bf0221b7b6,gaussian,student_t_df5,0.00829685576913844,0.9268648370228868,-163.8100063753833
expected_profit,economic_plus_operational,optimal,360.6738795567932,-222.6578706720084,-164.4274177226512,164.47899544410728,334.78067199497116,1.0,False,False,False,False,False,False,False,0.49922558320347743,0.45402422722571123,0.04675018957081131,False,LHS-01-011,2026071904,225901faad2aa4f97ea9a62e5a5efb59e34d9bd89d49a12179e888bf0221b7b6,gaussian,student_t_df5,0.00829685576913844,0.9268648370228868,-163.8100063753833
mean_variance,variance_penalty,optimal,360.6738795567932,-222.6578706720084,-164.4274177226512,164.47899544410728,334.78067199497116,1.0,False,False,False,False,False,False,False,0.49922558320347743,0.45402422722571123,0.04675018957081131,False,LHS-01-011,2026071904,225901faad2aa4f97ea9a62e5a5efb59e34d9bd89d49a12179e888bf0221b7b6,gaussian,student_t_df5,0.00829685576913844,0.9268648370228868,-163.8100063753833
loss_CVaR,economic_operational_plus_CVaR,optimal,360.6738795567932,-222.6578706720084,-164.4274177226512,164.47899544410728,334.78067199497116,1.0,False,False,False,False,False,False,False,0.49922558320347743,0.45402422722571123,0.04675018957081131,False,LHS-01-011,2026071904,225901faad2aa4f97ea9a62e5a5efb59e34d9bd89d49a12179e888bf0221b7b6,gaussian,student_t_df5,0.00829685576913844,0.9268648370228868,-163.8100063753833
ranking_proportional_repaired,ranking,repaired,335.27923531190606,-213.51493477381956,-162.32403279571668,162.3693752230821,310.75119901298854,1.0,True,False,False,False,False,False,False,0.4252761109743977,0.41731036270383504,0.15741352632176728,False,LHS-01-011,2026071905,893677ebd2ff2d8cb9f0f539449a57a446ff223e96a6db27808687dec9e1e51d,gaussian,student_t_df5,0.00829685576913844,0.9268648370228868,-163.08436453359224
expected_profit,economic_plus_operational,optimal,360.9440603831704,-221.46677825488416,-163.6272527898384,163.678484246619,334.78067199497116,1.0,False,False,False,False,False,False,False,0.49922558320347743,0.45402422722571123,0.04675018957081131,False,LHS-01-011,2026071905,893677ebd2ff2d8cb9f0f539449a57a446ff223e96a6db27808687dec9e1e51d,gaussian,student_t_df5,0.00829685576913844,0.9268648370228868,-163.08436453359224
mean_variance,variance_penalty,optimal,360.94406039042866,-221.46677825950434,-163.6272527933788,163.67848425016035,334.7806720016907,1.0000000000216722,False,False,False,False,False,False,False,0.49922558321263044,0.4540242272347853,0.046750189574256446,False,LHS-01-011,2026071905,893677ebd2ff2d8cb9f0f539449a57a446ff223e96a6db27808687dec9e1e51d,gaussian,student_t_df5,0.00829685576913844,0.9268648370228868,-163.08436453359224
loss_CVaR,economic_operational_plus_CVaR,optimal,360.9440603831704,-221.46677825488416,-163.6272527898384,163.678484246619,334.78067199497116,1.0,False,False,False,False,False,False,False,0.49922558320347743,0.45402422722571123,0.04675018957081131,False,LHS-01-011,2026071905,893677ebd2ff2d8cb9f0f539449a57a446ff223e96a6db27808687dec9e1e51d,gaussian,student_t_df5,0.00829685576913844,0.9268648370228868,-163.08436453359224
ranking_proportional_repaired,ranking,repaired,318.7055089609347,-157.807314797961,-141.5839628741678,141.61119549052688,290.40723926243965,1.0,True,False,False,False,False,False,False,0.35275896635848236,0.41731036270383487,0.22993067093768277,True,LHS-01-012,2026071901,58a93dea2957fdaafcdc34587246fcdb000fa9885bcf74076c0d9c30d6c75b1f,gaussian,empirical_resample,0.5642555528585989,0.9460906447255966,-149.94268754415137
expected_profit,economic_plus_operational,optimal,342.03014755410277,-170.4305876726304,-153.785798786899,153.81373882988345,299.4129985853032,1.0,False,False,False,False,False,False,False,0.35275896635848236,0.5180008739165314,0.12924015972498631,True,LHS-01-012,2026071901,58a93dea2957fdaafcdc34587246fcdb000fa9885bcf74076c0d9c30d6c75b1f,gaussian,empirical_resample,0.5642555528585989,0.9460906447255966,-149.94268754415137
mean_variance,variance_penalty,optimal,342.03014755410277,-170.4305876726304,-153.785798786899,153.81373882988345,299.4129985853032,1.0,False,False,False,False,False,False,False,0.35275896635848236,0.5180008739165314,0.12924015972498631,True,LHS-01-012,2026071901,58a93dea2957fdaafcdc34587246fcdb000fa9885bcf74076c0d9c30d6c75b1f,gaussian,empirical_resample,0.5642555528585989,0.9460906447255966,-149.94268754415137
loss_CVaR,economic_operational_plus_CVaR,optimal,342.0301475541027,-170.43058767263037,-153.78579878689897,153.81373882988345,299.41299858530317,1.0,False,False,False,False,False,False,False,0.35275896635848236,0.5180008739165313,0.12924015972498631,True,LHS-01-012,2026071901,58a93dea2957fdaafcdc34587246fcdb000fa9885bcf74076c0d9c30d6c75b1f,gaussian,empirical_resample,0.5642555528585989,0.9460906447255966,-149.94268754415137
ranking_proportional_repaired,ranking,repaired,319.2267528064298,-155.88434877231697,-141.34664424153902,141.37104732002044,290.40723926243965,1.0,True,False,False,False,False,False,False,0.35275896635848236,0.41731036270383487,0.22993067093768277,True,LHS-01-012,2026071902,cf4ce1fb1490d36f3db7b40e6051706245e20838c76cadfece77cb2cea43ea3a,gaussian,empirical_resample,0.5642555528585989,0.9460906447255966,-149.5888220914413
expected_profit,economic_plus_operational,optimal,342.5838579925026,-167.82142779689576,-153.37834831826308,153.40259255856142,299.4129985853032,1.0,False,False,False,False,False,False,False,0.35275896635848236,0.5180008739165314,0.12924015972498631,True,LHS-01-012,2026071902,cf4ce1fb1490d36f3db7b40e6051706245e20838c76cadfece77cb2cea43ea3a,gaussian,empirical_resample,0.5642555528585989,0.9460906447255966,-149.5888220914413
mean_variance,variance_penalty,optimal,342.5838580004899,-167.8214278007594,-153.3783483217373,153.4025925620363,299.41299859267605,1.0000000000237224,False,False,False,False,False,False,False,0.35275896636856585,0.518000873926459,0.12924015972869762,True,LHS-01-012,2026071902,cf4ce1fb1490d36f3db7b40e6051706245e20838c76cadfece77cb2cea43ea3a,gaussian,empirical_resample,0.5642555528585989,0.9460906447255966,-149.5888220914413
loss_CVaR,economic_operational_plus_CVaR,optimal,342.58385799250254,-167.82142779689573,-153.37834831826305,153.40259255856137,299.41299858530317,1.0,False,False,False,False,False,False,False,0.35275896635848236,0.5180008739165313,0.12924015972498631,True,LHS-01-012,2026071902,cf4ce1fb1490d36f3db7b40e6051706245e20838c76cadfece77cb2cea43ea3a,gaussian,empirical_resample,0.5642555528585989,0.9460906447255966,-149.5888220914413
ranking_proportional_repaired,ranking,repaired,319.9613980205752,-157.32586873388746,-141.8167110980035,141.8427448635246,290.40723926243965,1.0,True,False,False,False,False,False,False,0.35275896635848236,0.41731036270383487,0.22993067093768277,True,LHS-01-012,2026071903,07333a6c97d81053e7e5810c655bbf449c6a39d44ebbafa61d830e99882845f4,gaussian,empirical_resample,0.5642555528585989,0.9460906447255966,-150.14621136849246
expected_profit,economic_plus_operational,optimal,343.27870284001983,-169.75593467241103,-153.97588603775614,154.0023745225411,299.4129985853032,1.0,False,False,False,False,False,False,False,0.35275896635848236,0.5180008739165314,0.12924015972498631,True,LHS-01-012,2026071903,07333a6c97d81053e7e5810c655bbf449c6a39d44ebbafa61d830e99882845f4,gaussian,empirical_resample,0.5642555528585989,0.9460906447255966,-150.14621136849246
mean_variance,variance_penalty,optimal,343.27870284001983,-169.75593467241103,-153.97588603775614,154.0023745225411,299.4129985853032,1.0,False,False,False,False,False,False,False,0.35275896635848236,0.5180008739165314,0.12924015972498631,True,LHS-01-012,2026071903,07333a6c97d81053e7e5810c655bbf449c6a39d44ebbafa61d830e99882845f4,gaussian,empirical_resample,0.5642555528585989,0.9460906447255966,-150.14621136849246
loss_CVaR,economic_operational_plus_CVaR,optimal,343.27870284001983,-169.755934672411,-153.9758860377561,154.0023745225411,299.41299858530317,1.0,False,False,False,False,False,False,False,0.35275896635848236,0.5180008739165313,0.12924015972498631,True,LHS-01-012,2026071903,07333a6c97d81053e7e5810c655bbf449c6a39d44ebbafa61d830e99882845f4,gaussian,empirical_resample,0.5642555528585989,0.9460906447255966,-150.14621136849246
ranking_proportional_repaired,ranking,repaired,315.8090464162752,-154.87003754886578,-141.0805463688395,141.10369349187891,290.40723926243965,1.0,True,False,False,False,False,False,False,0.35275896635848236,0.41731036270383487,0.22993067093768277,True,LHS-01-012,2026071904,c6be078914f216cd67f4ae2e57c1738188bb3137be417c11b7fa4853766af8aa,gaussian,empirical_resample,0.5642555528585989,0.9460906447255966,-149.37700321029416
expected_profit,economic_plus_operational,optimal,338.86947464934485,-167.78106610514894,-153.19148542154133,153.2159755796457,299.4129985853032,1.0,False,False,False,False,False,False,False,0.35275896635848236,0.5180008739165314,0.12924015972498631,True,LHS-01-012,2026071904,c6be078914f216cd67f4ae2e57c1738188bb3137be417c11b7fa4853766af8aa,gaussian,empirical_resample,0.5642555528585989,0.9460906447255966,-149.37700321029416
mean_variance,variance_penalty,optimal,338.86947464934485,-167.78106610514894,-153.19148542154133,153.2159755796457,299.4129985853032,1.0,False,False,False,False,False,False,False,0.35275896635848236,0.5180008739165314,0.12924015972498631,True,LHS-01-012,2026071904,c6be078914f216cd67f4ae2e57c1738188bb3137be417c11b7fa4853766af8aa,gaussian,empirical_resample,0.5642555528585989,0.9460906447255966,-149.37700321029416
loss_CVaR,economic_operational_plus_CVaR,optimal,338.86947464934474,-167.7810661051489,-153.1914854215413,153.21597557964566,299.41299858530317,1.0,False,False,False,False,False,False,False,0.35275896635848236,0.5180008739165313,0.12924015972498631,True,LHS-01-012,2026071904,c6be078914f216cd67f4ae2e57c1738188bb3137be417c11b7fa4853766af8aa,gaussian,empirical_resample,0.5642555528585989,0.9460906447255966,-149.37700321029416
ranking_proportional_repaired,ranking,repaired,318.68299021542293,-156.20024777413528,-141.43751336487085,141.46229417986314,290.40723926243965,1.0,True,False,False,False,False,False,False,0.35275896635848236,0.41731036270383487,0.22993067093768277,True,LHS-01-012,2026071905,31481c0e2545b9db862026f8c01d6afd1ecf6f5e8eb66bbf1b3596cb94e1750d,gaussian,empirical_resample,0.5642555528585989,0.9460906447255966,-149.84042340620246
expected_profit,economic_plus_operational,optimal,342.0543133346373,-169.3506554212428,-153.70384986497848,153.7301146871287,299.4129985853032,1.0,False,False,False,False,False,False,False,0.35275896635848236,0.5180008739165314,0.12924015972498631,True,LHS-01-012,2026071905,31481c0e2545b9db862026f8c01d6afd1ecf6f5e8eb66bbf1b3596cb94e1750d,gaussian,empirical_resample,0.5642555528585989,0.9460906447255966,-149.84042340620246
mean_variance,variance_penalty,optimal,342.054313334936,-169.35065542138702,-153.70384986510874,153.73011468725895,299.41299858558,1.0000000000008904,False,False,False,False,False,False,False,0.3527589663588623,0.5180008739168998,0.12924015972512848,True,LHS-01-012,2026071905,31481c0e2545b9db862026f8c01d6afd1ecf6f5e8eb66bbf1b3596cb94e1750d,gaussian,empirical_resample,0.5642555528585989,0.9460906447255966,-149.84042340620246
loss_CVaR,economic_operational_plus_CVaR,optimal,342.0543133346373,-169.3506554212428,-153.70384986497845,153.73011468712863,299.41299858530317,1.0,False,False,False,False,False,False,False,0.35275896635848236,0.5180008739165313,0.12924015972498631,True,LHS-01-012,2026071905,31481c0e2545b9db862026f8c01d6afd1ecf6f5e8eb66bbf1b3596cb94e1750d,gaussian,empirical_resample,0.5642555528585989,0.9460906447255966,-149.84042340620246
ranking_proportional_repaired,ranking,repaired,336.6105102104144,-170.486278207977,-128.7363741473574,128.77550739927258,310.75119901298854,1.0,False,False,False,False,False,False,False,0.4252761109743977,0.41731036270383504,0.15741352632176728,False,LHS-01-013,2026071901,fafd399d1eaa8430e3fd592477e43a4feda1e21e25e65b108696df8987a01be1,gaussian,gaussian,0.13446534164717058,0.9561411485917808,-119.46888943490163
expected_profit,economic_plus_operational,optimal,343.9886581134024,-126.4533749280736,-77.77682173478932,77.82244751193389,364.74372163425426,1.0,True,False,False,False,False,False,False,0.6962887356640834,0.17091770718976163,0.13279355714615487,False,LHS-01-013,2026071901,fafd399d1eaa8430e3fd592477e43a4feda1e21e25e65b108696df8987a01be1,gaussian,gaussian,0.13446534164717058,0.9561411485917808,-119.46888943490163
mean_variance,variance_penalty,optimal,343.9886581134024,-126.4533749280736,-77.77682173478932,77.82244751193389,364.74372163425426,1.0,True,False,False,False,False,False,False,0.6962887356640834,0.17091770718976163,0.13279355714615487,False,LHS-01-013,2026071901,fafd399d1eaa8430e3fd592477e43a4feda1e21e25e65b108696df8987a01be1,gaussian,gaussian,0.13446534164717058,0.9561411485917808,-119.46888943490163
loss_CVaR,economic_operational_plus_CVaR,optimal,342.7804930654156,-161.73949529035994,-119.46888943490306,119.50851075391613,327.82642224335603,1.0,False,False,False,False,False,False,False,0.5031055886682793,0.36410085418556576,0.13279355714615487,False,LHS-01-013,2026071901,fafd399d1eaa8430e3fd592477e43a4feda1e21e25e65b108696df8987a01be1,gaussian,gaussian,0.13446534164717058,0.9561411485917808,-119.46888943490163
ranking_proportional_repaired,ranking,repaired,337.02841154290576,-168.5308609276969,-127.06672092333238,127.1055863212955,310.75119901298854,1.0,False,False,False,False,False,False,False,0.4252761109743977,0.41731036270383504,0.15741352632176728,False,LHS-01-013,2026071902,f43262439d72237f33c797153391a35c2a33f377c2845a552849e12cecbe71bd,gaussian,gaussian,0.13446534164717058,0.9561411485917808,-117.56036406382087
expected_profit,economic_plus_operational,optimal,344.66470163140815,-128.67158105896337,-74.79367104349258,74.84417218529734,364.74372163425426,1.0,True,False,False,False,False,False,False,0.6962887356640834,0.17091770718976163,0.13279355714615487,False,LHS-01-013,2026071902,f43262439d72237f33c797153391a35c2a33f377c2845a552849e12cecbe71bd,gaussian,gaussian,0.13446534164717058,0.9561411485917808,-117.56036406382087
mean_variance,variance_penalty,optimal,344.66470163140815,-128.67158105896337,-74.79367104349258,74.84417218529734,364.74372163425426,1.0,True,False,False,False,False,False,False,0.6962887356640834,0.17091770718976163,0.13279355714615487,False,LHS-01-013,2026071902,f43262439d72237f33c797153391a35c2a33f377c2845a552849e12cecbe71bd,gaussian,gaussian,0.13446534164717058,0.9561411485917808,-117.56036406382087
loss_CVaR,economic_operational_plus_CVaR,optimal,343.2715124722763,-162.71133176381474,-117.56036406382242,117.6026852195945,327.79460087476775,1.0,False,False,False,False,False,False,False,0.5029390718258496,0.3642673710279954,0.13279355714615487,False,LHS-01-013,2026071902,f43262439d72237f33c797153391a35c2a33f377c2845a552849e12cecbe71bd,gaussian,gaussian,0.13446534164717058,0.9561411485917808,-117.56036406382087
ranking_proportional_repaired,ranking,repaired,338.0531726323446,-172.65945406742813,-130.7526319464846,130.79191228170745,310.75119901298854,1.0,False,False,False,False,False,False,False,0.4252761109743977,0.41731036270383504,0.15741352632176728,False,LHS-01-013,2026071903,901132c62b64a1bbfb339bc06e063ef51f06e249b4bc2b9f49f14786652a9fef,gaussian,gaussian,0.13446534164717058,0.9561411485917808,-121.66138995571684
expected_profit,economic_plus_operational,optimal,346.4932873684471,-136.46427949057818,-80.76219364544266,80.81440463386589,364.74372163425426,1.0,True,False,False,False,False,False,False,0.6962887356640834,0.17091770718976163,0.13279355714615487,False,LHS-01-013,2026071903,901132c62b64a1bbfb339bc06e063ef51f06e249b4bc2b9f49f14786652a9fef,gaussian,gaussian,0.13446534164717058,0.9561411485917808,-121.66138995571684
mean_variance,variance_penalty,optimal,346.4932873684471,-136.46427949057818,-80.76219364544266,80.81440463386589,364.74372163425426,1.0,True,False,False,False,False,False,False,0.6962887356640834,0.17091770718976163,0.13279355714615487,False,LHS-01-013,2026071903,901132c62b64a1bbfb339bc06e063ef51f06e249b4bc2b9f49f14786652a9fef,gaussian,gaussian,0.13446534164717058,0.9561411485917808,-121.66138995571684
loss_CVaR,economic_operational_plus_CVaR,optimal,344.529132861133,-168.1104661724633,-121.66138995571836,121.70492786177391,328.06259439917875,1.0,False,False,False,False,False,False,False,0.5043414450566763,0.36286499779716874,0.13279355714615487,False,LHS-01-013,2026071903,901132c62b64a1bbfb339bc06e063ef51f06e249b4bc2b9f49f14786652a9fef,gaussian,gaussian,0.13446534164717058,0.9561411485917808,-121.66138995571684
ranking_proportional_repaired,ranking,repaired,334.2902759817028,-169.85216161768045,-131.4801517880698,131.51611885340662,310.75119901298854,1.0,False,False,False,False,False,False,False,0.4252761109743977,0.41731036270383504,0.15741352632176728,False,LHS-01-013,2026071904,0b4e3966ab90bceaaa563fac02e032f421a4a3ca0f64d33fc20327be0a89aa1b,gaussian,gaussian,0.13446534164717058,0.9561411485917808,-122.9444225151769
expected_profit,economic_plus_operational,optimal,342.17069909402346,-132.86518952023715,-84.54433729712645,84.5896296666624,364.74372163425426,1.0,True,False,False,False,False,False,False,0.6962887356640834,0.17091770718976163,0.13279355714615487,False,LHS-01-013,2026071904,0b4e3966ab90bceaaa563fac02e032f421a4a3ca0f64d33fc20327be0a89aa1b,gaussian,gaussian,0.13446534164717058,0.9561411485917808,-122.9444225151769
mean_variance,variance_penalty,optimal,342.17069910144414,-132.86518952481865,-84.54433730037081,84.58962966990804,364.74372164115556,1.0000000000222018,True,False,False,False,False,False,False,0.6962887356735386,0.17091770719900762,0.13279355714965577,False,LHS-01-013,2026071904,0b4e3966ab90bceaaa563fac02e032f421a4a3ca0f64d33fc20327be0a89aa1b,gaussian,gaussian,0.13446534164717058,0.9561411485917808,-122.9444225151769
loss_CVaR,economic_operational_plus_CVaR,optimal,340.580598192627,-164.78763455479566,-122.94442251517832,122.98364322704654,328.4238889665268,1.0,False,False,False,False,False,False,False,0.5062320498047038,0.36097439304914136,0.13279355714615487,False,LHS-01-013,2026071904,0b4e3966ab90bceaaa563fac02e032f421a4a3ca0f64d33fc20327be0a89aa1b,gaussian,gaussian,0.13446534164717058,0.9561411485917808,-122.9444225151769
ranking_proportional_repaired,ranking,repaired,337.20616302642514,-171.3377351840362,-132.14265679415627,132.1793953426866,310.75119901298854,1.0,False,False,False,False,False,False,False,0.4252761109743977,0.41731036270383504,0.15741352632176728,False,LHS-01-013,2026071905,cdfeb62f6f904bbe8c3b219b8a146f874d32ea7f8324a6562109392befa2bcab,gaussian,gaussian,0.13446534164717058,0.9561411485917808,-123.01711826486918
expected_profit,economic_plus_operational,optimal,344.7289323642344,-132.64690948998125,-81.9636305098079,82.01113724231057,364.74372163425426,1.0,True,False,False,False,False,False,False,0.6962887356640834,0.17091770718976163,0.13279355714615487,False,LHS-01-013,2026071905,cdfeb62f6f904bbe8c3b219b8a146f874d32ea7f8324a6562109392befa2bcab,gaussian,gaussian,0.13446534164717058,0.9561411485917808,-123.01711826486918
mean_variance,variance_penalty,optimal,344.7289323642344,-132.64690948998125,-81.9636305098079,82.01113724231057,364.74372163425426,1.0,True,False,False,False,False,False,False,0.6962887356640834,0.17091770718976163,0.13279355714615487,False,LHS-01-013,2026071905,cdfeb62f6f904bbe8c3b219b8a146f874d32ea7f8324a6562109392befa2bcab,gaussian,gaussian,0.13446534164717058,0.9561411485917808,-123.01711826486918
loss_CVaR,economic_operational_plus_CVaR,optimal,343.45256988400723,-166.56733663771547,-123.01711826487058,123.05793899739425,327.94710060351053,1.0,False,False,False,False,False,False,False,0.5037370819186952,0.3634693609351499,0.13279355714615487,False,LHS-01-013,2026071905,cdfeb62f6f904bbe8c3b219b8a146f874d32ea7f8324a6562109392befa2bcab,gaussian,gaussian,0.13446534164717058,0.9561411485917808,-123.01711826486918
ranking_proportional_repaired,ranking,repaired,336.60453062627187,-135.3088721796596,-68.10878861255867,68.1248676144823,310.75119901298854,1.0,False,False,False,False,False,False,False,0.4252761109743977,0.41731036270383504,0.15741352632176728,False,LHS-01-014,2026071901,de740979fc96e8a9129e4bf4a4decf6efccfef7be413b318616185712391e1ad,gaussian,student_t_df5,0.27104234619739276,0.9695072977522146,-12.084033917731915
expected_profit,economic_plus_operational,optimal,361.37842640724267,-67.74564026571551,31.247210760196538,-31.223524684858837,407.8651698051008,1.0,True,False,False,False,False,False,False,0.889162749481252,0.04807079679819187,0.06276645372055617,False,LHS-01-014,2026071901,de740979fc96e8a9129e4bf4a4decf6efccfef7be413b318616185712391e1ad,gaussian,student_t_df5,0.27104234619739276,0.9695072977522146,-12.084033917731915
mean_variance,variance_penalty,optimal,361.37842640776427,-67.74564026591642,31.24721076005349,-31.223524684715777,407.8651698055822,1.0000000000015492,True,False,False,False,False,False,False,0.8891627494819108,0.048070796798838744,0.0627664537207998,False,LHS-01-014,2026071901,de740979fc96e8a9129e4bf4a4decf6efccfef7be413b318616185712391e1ad,gaussian,student_t_df5,0.27104234619739276,0.9695072977522146,-12.084033917731915
loss_CVaR,economic_operational_plus_CVaR,optimal,360.4119298145527,-100.16581106135136,-12.084033917731261,12.105109294262803,378.69410594509355,1.0,False,False,False,False,False,False,False,0.7365145869485087,0.20071895933093517,0.06276645372055617,False,LHS-01-014,2026071901,de740979fc96e8a9129e4bf4a4decf6efccfef7be413b318616185712391e1ad,gaussian,student_t_df5,0.27104234619739276,0.9695072977522146,-12.084033917731915
ranking_proportional_repaired,ranking,repaired,336.719855320486,-137.14347294582683,-61.255948688968616,61.274106339729364,310.75119901298854,1.0,False,False,False,False,False,False,False,0.4252761109743977,0.41731036270383504,0.15741352632176728,False,LHS-01-014,2026071902,b0d582ab5e542e152460a58bade812bfa8edbb60aa377a23305eb84fe9e97a2c,gaussian,student_t_df5,0.27104234619739276,0.9695072977522146,2.1780445302459626
expected_profit,economic_plus_operational,optimal,361.9090013354235,-68.37388670159432,51.23981902711225,-51.211198988231146,407.8651698051008,1.0,True,False,False,False,False,False,False,0.889162749481252,0.04807079679819187,0.06276645372055617,False,LHS-01-014,2026071902,b0d582ab5e542e152460a58bade812bfa8edbb60aa377a23305eb84fe9e97a2c,gaussian,student_t_df5,0.27104234619739276,0.9695072977522146,2.1780445302459626
mean_variance,variance_penalty,optimal,361.9090013354235,-68.37388670159432,51.23981902711225,-51.211198988231146,407.8651698051008,1.0,True,False,False,False,False,False,False,0.889162749481252,0.04807079679819187,0.06276645372055617,False,LHS-01-014,2026071902,b0d582ab5e542e152460a58bade812bfa8edbb60aa377a23305eb84fe9e97a2c,gaussian,student_t_df5,0.27104234619739276,0.9695072977522146,2.1780445302459626
loss_CVaR,economic_operational_plus_CVaR,optimal,360.75727170828884,-100.10754316689012,2.178044530246609,-2.153570599947107,377.6491830580478,1.0,False,False,False,False,False,False,False,0.7310466492873591,0.2061868969920848,0.06276645372055617,False,LHS-01-014,2026071902,b0d582ab5e542e152460a58bade812bfa8edbb60aa377a23305eb84fe9e97a2c,gaussian,student_t_df5,0.27104234619739276,0.9695072977522146,2.1780445302459626
ranking_proportional_repaired,ranking,repaired,338.1843328249717,-141.1655142402939,-67.10833834786509,67.1260580501396,310.75119901298854,1.0,False,False,False,False,False,False,False,0.4252761109743977,0.41731036270383504,0.15741352632176728,False,LHS-01-014,2026071903,3a6daec06fd54f10817a388da72e533813c916c511be67da7ae7129da5f67fef,gaussian,student_t_df5,0.27104234619739276,0.9695072977522146,-6.5966309259547415
expected_profit,economic_plus_operational,optimal,364.3972688202885,-85.76804669371273,40.20495909368228,-40.17481746148688,407.8651698051008,1.0,True,False,False,False,False,False,False,0.889162749481252,0.04807079679819187,0.06276645372055617,False,LHS-01-014,2026071903,3a6daec06fd54f10817a388da72e533813c916c511be67da7ae7129da5f67fef,gaussian,student_t_df5,0.27104234619739276,0.9695072977522146,-6.5966309259547415
mean_variance,variance_penalty,optimal,364.3972688202885,-85.76804669371273,40.20495909368228,-40.17481746148688,407.8651698051008,1.0,True,False,False,False,False,False,False,0.889162749481252,0.04807079679819187,0.06276645372055617,False,LHS-01-014,2026071903,3a6daec06fd54f10817a388da72e533813c916c511be67da7ae7129da5f67fef,gaussian,student_t_df5,0.27104234619739276,0.9695072977522146,-6.5966309259547415
loss_CVaR,economic_operational_plus_CVaR,optimal,362.9506432494224,-113.20340654729677,-6.596630925953974,6.622138789327013,378.5452474211915,1.0,False,False,False,False,False,False,False,0.7357356307794768,0.20149791549996707,0.06276645372055617,False,LHS-01-014,2026071903,3a6daec06fd54f10817a388da72e533813c916c511be67da7ae7129da5f67fef,gaussian,student_t_df5,0.27104234619739276,0.9695072977522146,-6.5966309259547415
ranking_proportional_repaired,ranking,repaired,334.2971031764453,-136.2196873976918,-74.51895671062492,74.53371987928104,310.75119901298854,1.0,False,False,False,False,False,False,False,0.4252761109743977,0.41731036270383504,0.15741352632176728,False,LHS-01-014,2026071904,c68df8d3ae168467f11532031583bf5dc8e0d6b9a405eafd07da56ddd6f18827,gaussian,student_t_df5,0.27104234619739276,0.9695072977522146,-22.36133254361173
expected_profit,economic_plus_operational,optimal,359.6330825952477,-81.34265421843334,17.978956082568956,-17.95519134481397,407.8651698051008,1.0,True,False,False,False,False,False,False,0.889162749481252,0.04807079679819187,0.06276645372055617,False,LHS-01-014,2026071904,c68df8d3ae168467f11532031583bf5dc8e0d6b9a405eafd07da56ddd6f18827,gaussian,student_t_df5,0.27104234619739276,0.9695072977522146,-22.36133254361173
mean_variance,variance_penalty,optimal,359.6330825952477,-81.34265421843334,17.978956082568956,-17.95519134481397,407.8651698051008,1.0,True,False,False,False,False,False,False,0.889162749481252,0.04807079679819187,0.06276645372055617,False,LHS-01-014,2026071904,c68df8d3ae168467f11532031583bf5dc8e0d6b9a405eafd07da56ddd6f18827,gaussian,student_t_df5,0.27104234619739276,0.9695072977522146,-22.36133254361173
loss_CVaR,economic_operational_plus_CVaR,optimal,358.4391747726408,-111.98792720391867,-22.36133254361107,22.382777549501736,379.5822271049181,1.0,False,False,False,False,False,False,False,0.741162002750835,0.1960715435286089,0.06276645372055617,False,LHS-01-014,2026071904,c68df8d3ae168467f11532031583bf5dc8e0d6b9a405eafd07da56ddd6f18827,gaussian,student_t_df5,0.27104234619739276,0.9695072977522146,-22.36133254361173
ranking_proportional_repaired,ranking,repaired,337.33344972650474,-139.33776160440647,-72.21191904774359,72.22798028597875,310.75119901298854,1.0,False,False,False,False,False,False,False,0.4252761109743977,0.41731036270383504,0.15741352632176728,False,LHS-01-014,2026071905,9bbd5bb250f529222d250d339425c227441ea5449e2f6a341b2d6bd0c9a3fa28,gaussian,student_t_df5,0.27104234619739276,0.9695072977522146,-15.089510471005411
expected_profit,economic_plus_operational,optimal,362.52186887811035,-83.97357372521017,29.090693014290636,-29.06364006337309,407.8651698051008,1.0,True,False,False,False,False,False,False,0.889162749481252,0.04807079679819187,0.06276645372055617,False,LHS-01-014,2026071905,9bbd5bb250f529222d250d339425c227441ea5449e2f6a341b2d6bd0c9a3fa28,gaussian,student_t_df5,0.27104234619739276,0.9695072977522146,-15.089510471005411
mean_variance,variance_penalty,optimal,362.52186887811035,-83.97357372521017,29.090693014290636,-29.06364006337309,407.8651698051008,1.0,True,False,False,False,False,False,False,0.889162749481252,0.04807079679819187,0.06276645372055617,False,LHS-01-014,2026071905,9bbd5bb250f529222d250d339425c227441ea5449e2f6a341b2d6bd0c9a3fa28,gaussian,student_t_df5,0.27104234619739276,0.9695072977522146,-15.089510471005411
loss_CVaR,economic_operational_plus_CVaR,optimal,361.4639678134489,-112.05737295127778,-15.089510471004715,15.112712026190167,378.5074368510043,1.0,False,False,False,False,False,False,False,0.7355377732693397,0.20169577301010413,0.06276645372055617,False,LHS-01-014,2026071905,9bbd5bb250f529222d250d339425c227441ea5449e2f6a341b2d6bd0c9a3fa28,gaussian,student_t_df5,0.27104234619739276,0.9695072977522146,-15.089510471005411
ranking_proportional_repaired,ranking,repaired,335.7753295255177,-197.89342109008507,-176.74107566357665,176.78987964523057,310.75119901298854,1.0,True,False,False,False,False,False,False,0.4252761109743977,0.41731036270383504,0.15741352632176728,False,LHS-01-015,2026071901,fbafd41b74382f732f45803e9be34aa5d8542c27a51b0c8f760a7e336892a373,gaussian,empirical_resample,0.034084332908541584,0.9575980174836762,-178.24779233280123
expected_profit,economic_plus_operational,optimal,363.8842598059312,-199.6327499784664,-178.63301758426186,178.68180016098344,346.44172977463984,1.0,False,False,False,False,False,False,False,0.5567105078196404,0.4040939614369177,0.03919553074344192,False,LHS-01-015,2026071901,fbafd41b74382f732f45803e9be34aa5d8542c27a51b0c8f760a7e336892a373,gaussian,empirical_resample,0.034084332908541584,0.9575980174836762,-178.24779233280123
mean_variance,variance_penalty,optimal,363.88425981055747,-199.63274998124564,-178.63301758670988,178.68180016343248,346.4417297789194,1.0000000000137697,False,False,False,False,False,False,False,0.5567105078254941,0.4040939614426782,0.03919553074559732,False,LHS-01-015,2026071901,fbafd41b74382f732f45803e9be34aa5d8542c27a51b0c8f760a7e336892a373,gaussian,empirical_resample,0.034084332908541584,0.9575980174836762,-178.24779233280123
loss_CVaR,economic_operational_plus_CVaR,optimal,363.8842598059312,-199.6327499784664,-178.63301758426184,178.68180016098344,346.4417297746398,1.0,False,False,False,False,False,False,False,0.5567105078196404,0.40409396143691767,0.03919553074344192,False,LHS-01-015,2026071901,fbafd41b74382f732f45803e9be34aa5d8542c27a51b0c8f760a7e336892a373,gaussian,empirical_resample,0.034084332908541584,0.9575980174836762,-178.24779233280123
ranking_proportional_repaired,ranking,repaired,336.22406943226235,-195.90412114245265,-176.2767230874323,176.3220856516816,310.75119901298854,1.0,True,False,False,False,False,False,False,0.4252761109743977,0.41731036270383504,0.15741352632176728,False,LHS-01-015,2026071902,4838138f90eae44dd751b99c51b1bbd63b9a196c594a0f0d3f4a9d00eba0325d,gaussian,empirical_resample,0.034084332908541584,0.9575980174836762,-177.7565682471161
expected_profit,economic_plus_operational,optimal,364.41141980936084,-197.56870156122602,-178.1349232062176,178.17981296234416,346.44172977463984,1.0,False,False,False,False,False,False,False,0.5567105078196404,0.4040939614369177,0.03919553074344192,False,LHS-01-015,2026071902,4838138f90eae44dd751b99c51b1bbd63b9a196c594a0f0d3f4a9d00eba0325d,gaussian,empirical_resample,0.034084332908541584,0.9575980174836762,-177.7565682471161
mean_variance,variance_penalty,optimal,364.4114198115415,-197.5687015624684,-178.134923207367,178.17981296349393,346.44172977665494,1.00000000000648,False,False,False,False,False,False,False,0.5567105078223997,0.4040939614396265,0.03919553074445374,False,LHS-01-015,2026071902,4838138f90eae44dd751b99c51b1bbd63b9a196c594a0f0d3f4a9d00eba0325d,gaussian,empirical_resample,0.034084332908541584,0.9575980174836762,-177.7565682471161
loss_CVaR,economic_operational_plus_CVaR,optimal,364.41141980936084,-197.56870156122602,-178.13492320621756,178.17981296234416,346.4417297746398,1.0,False,False,False,False,False,False,False,0.5567105078196404,0.40409396143691767,0.03919553074344192,False,LHS-01-015,2026071902,4838138f90eae44dd751b99c51b1bbd63b9a196c594a0f0d3f4a9d00eba0325d,gaussian,empirical_resample,0.034084332908541584,0.9575980174836762,-177.7565682471161
ranking_proportional_repaired,ranking,repaired,336.806340065542,-198.59681771014667,-178.69281421466513,178.7387514419615,310.75119901298854,1.0,True,False,False,False,False,False,False,0.4252761109743977,0.41731036270383504,0.15741352632176728,False,LHS-01-015,2026071903,ca6836820bed8e9030054f02f63c7fb276a99cfaf9d0dd9c2c1ba123208623e7,gaussian,empirical_resample,0.034084332908541584,0.9575980174836762,-180.36733144609522
expected_profit,economic_plus_operational,optimal,365.30292532232477,-201.25162233684878,-180.7954586014713,180.84283347237854,346.44172977463984,1.0,False,False,False,False,False,False,False,0.5567105078196404,0.4040939614369177,0.03919553074344192,False,LHS-01-015,2026071903,ca6836820bed8e9030054f02f63c7fb276a99cfaf9d0dd9c2c1ba123208623e7,gaussian,empirical_resample,0.034084332908541584,0.9575980174836762,-180.36733144609522
mean_variance,variance_penalty,optimal,365.3029253227143,-201.25162233708082,-180.79545860167852,180.84283347258585,346.44172977499994,1.000000000001154,False,False,False,False,False,False,False,0.5567105078201374,0.40409396143739645,0.03919553074361994,False,LHS-01-015,2026071903,ca6836820bed8e9030054f02f63c7fb276a99cfaf9d0dd9c2c1ba123208623e7,gaussian,empirical_resample,0.034084332908541584,0.9575980174836762,-180.36733144609522
loss_CVaR,economic_operational_plus_CVaR,optimal,365.30292532232477,-201.25162233684878,-180.7954586014713,180.84283347237852,346.4417297746398,1.0,False,False,False,False,False,False,False,0.5567105078196404,0.40409396143691767,0.03919553074344192,False,LHS-01-015,2026071903,ca6836820bed8e9030054f02f63c7fb276a99cfaf9d0dd9c2c1ba123208623e7,gaussian,empirical_resample,0.034084332908541584,0.9575980174836762,-180.36733144609522
ranking_proportional_repaired,ranking,repaired,333.5305530631971,-196.3179744885519,-177.49770340844395,177.54123837217168,310.75119901298854,1.0,True,False,False,False,False,False,False,0.4252761109743977,0.41731036270383504,0.15741352632176728,False,LHS-01-015,2026071904,67853f5112d2689d17e7f240216db50d3974ef7d5b28fb6ed16a99bf101a570a,gaussian,empirical_resample,0.034084332908541584,0.9575980174836762,-179.30846046602582
expected_profit,economic_plus_operational,optimal,361.5263186409997,-198.0474875005161,-179.771420329077,179.8136133421356,346.44172977463984,1.0,False,False,False,False,False,False,False,0.5567105078196404,0.4040939614369177,0.03919553074344192,False,LHS-01-015,2026071904,67853f5112d2689d17e7f240216db50d3974ef7d5b28fb6ed16a99bf101a570a,gaussian,empirical_resample,0.034084332908541584,0.9575980174836762,-179.30846046602582
mean_variance,variance_penalty,optimal,361.5263186409997,-198.0474875005161,-179.771420329077,179.8136133421356,346.44172977463984,1.0,False,False,False,False,False,False,False,0.5567105078196404,0.4040939614369177,0.03919553074344192,False,LHS-01-015,2026071904,67853f5112d2689d17e7f240216db50d3974ef7d5b28fb6ed16a99bf101a570a,gaussian,empirical_resample,0.034084332908541584,0.9575980174836762,-179.30846046602582
loss_CVaR,economic_operational_plus_CVaR,optimal,361.52631864099965,-198.04748750051607,-179.77142032907696,179.81361334213557,346.4417297746398,1.0,False,False,False,False,False,False,False,0.5567105078196404,0.40409396143691767,0.03919553074344192,False,LHS-01-015,2026071904,67853f5112d2689d17e7f240216db50d3974ef7d5b28fb6ed16a99bf101a570a,gaussian,empirical_resample,0.034084332908541584,0.9575980174836762,-179.30846046602582
ranking_proportional_repaired,ranking,repaired,335.95969915698146,-198.35917885701483,-178.4998166073363,178.54562917393667,310.75119901298854,1.0,True,False,False,False,False,False,False,0.4252761109743977,0.41731036270383504,0.15741352632176728,False,LHS-01-015,2026071905,3a8f0e1ec658850789759b608bdb1d64852f54b221bc90637dd242be654e879c,gaussian,empirical_resample,0.034084332908541584,0.9575980174836762,-180.36901678864635
expected_profit,economic_plus_operational,optimal,364.1753000888181,-200.5099028103186,-180.8469189215311,180.89255468044956,346.44172977463984,1.0,False,False,False,False,False,False,False,0.5567105078196404,0.4040939614369177,0.03919553074344192,False,LHS-01-015,2026071905,3a8f0e1ec658850789759b608bdb1d64852f54b221bc90637dd242be654e879c,gaussian,empirical_resample,0.034084332908541584,0.9575980174836762,-180.36901678864635
mean_variance,variance_penalty,optimal,364.1753000952277,-200.5099028141013,-180.84691892496284,180.89255468388242,346.44172978056247,1.0000000000190532,False,False,False,False,False,False,False,0.5567105078277355,0.4040939614449136,0.039195530746404104,False,LHS-01-015,2026071905,3a8f0e1ec658850789759b608bdb1d64852f54b221bc90637dd242be654e879c,gaussian,empirical_resample,0.034084332908541584,0.9575980174836762,-180.36901678864635
loss_CVaR,economic_operational_plus_CVaR,optimal,364.17530008881806,-200.50990281031858,-180.8469189215311,180.89255468044956,346.4417297746398,1.0,False,False,False,False,False,False,False,0.5567105078196404,0.40409396143691767,0.03919553074344192,False,LHS-01-015,2026071905,3a8f0e1ec658850789759b608bdb1d64852f54b221bc90637dd242be654e879c,gaussian,empirical_resample,0.034084332908541584,0.9575980174836762,-180.36901678864635
ranking_proportional_repaired,ranking,repaired,336.81079601809427,-176.28769732998015,-119.30286417036749,119.33279672608464,310.75119901298854,1.0,False,False,False,False,False,False,False,0.4252761109743977,0.41731036270383504,0.15741352632176728,False,LHS-01-016,2026071901,6ed4b0a75ad2a81acc50f614572166704cad6eab56f6b917a226715ed0f62f00,gaussian,gaussian,0.5776689386219479,0.9057495331801046,-115.52790985781172
expected_profit,economic_plus_operational,optimal,345.6054019731904,-171.51058332322586,-109.40663522142968,109.43925670654671,341.9592222198877,1.0,True,False,False,False,False,False,False,0.572778133336532,0.3035783172367731,0.12364354942669488,False,LHS-01-016,2026071901,6ed4b0a75ad2a81acc50f614572166704cad6eab56f6b917a226715ed0f62f00,gaussian,gaussian,0.5776689386219479,0.9057495331801046,-115.52790985781172
mean_variance,variance_penalty,optimal,345.6054019731904,-171.51058332322586,-109.40663522142968,109.43925670654671,341.9592222198877,1.0,True,False,False,False,False,False,False,0.572778133336532,0.3035783172367731,0.12364354942669488,False,LHS-01-016,2026071901,6ed4b0a75ad2a81acc50f614572166704cad6eab56f6b917a226715ed0f62f00,gaussian,gaussian,0.5776689386219479,0.9057495331801046,-115.52790985781172
loss_CVaR,economic_operational_plus_CVaR,optimal,345.1918147648868,-176.089262260476,-115.52790985780938,115.55972106009932,330.37412993342855,0.9999999999999999,False,False,False,False,False,False,False,0.5121549397914819,0.3642015107818232,0.12364354942669488,False,LHS-01-016,2026071901,6ed4b0a75ad2a81acc50f614572166704cad6eab56f6b917a226715ed0f62f00,gaussian,gaussian,0.5776689386219479,0.9057495331801046,-115.52790985781172
ranking_proportional_repaired,ranking,repaired,337.2407358173047,-174.07673759549084,-118.21721892591356,118.24656038507388,310.75119901298854,1.0,False,False,False,False,False,False,False,0.4252761109743977,0.41731036270383504,0.15741352632176728,False,LHS-01-016,2026071902,059ed5606b1d62ab9770fd3b2820773e4564913dd7e3701a7a9f1cec8c579039,gaussian,gaussian,0.5776689386219479,0.9057495331801046,-114.51891510701198
expected_profit,economic_plus_operational,optimal,346.1237590135096,-169.37497426978,-108.52193302726062,108.55389744562522,341.9592222198877,1.0,True,False,False,False,False,False,False,0.572778133336532,0.3035783172367731,0.12364354942669488,False,LHS-01-016,2026071902,059ed5606b1d62ab9770fd3b2820773e4564913dd7e3701a7a9f1cec8c579039,gaussian,gaussian,0.5776689386219479,0.9057495331801046,-114.51891510701198
mean_variance,variance_penalty,optimal,346.1237590135096,-169.37497426978,-108.52193302726062,108.55389744562522,341.9592222198877,1.0,True,False,False,False,False,False,False,0.572778133336532,0.3035783172367731,0.12364354942669488,False,LHS-01-016,2026071902,059ed5606b1d62ab9770fd3b2820773e4564913dd7e3701a7a9f1cec8c579039,gaussian,gaussian,0.5776689386219479,0.9057495331801046,-114.51891510701198
loss_CVaR,economic_operational_plus_CVaR,optimal,345.67738219414184,-173.79071662049628,-114.5189151070094,114.55004894390754,330.4295604583275,1.0,False,False,False,False,False,False,False,0.5124450000996918,0.3639114504736133,0.12364354942669488,False,LHS-01-016,2026071902,059ed5606b1d62ab9770fd3b2820773e4564913dd7e3701a7a9f1cec8c579039,gaussian,gaussian,0.5776689386219479,0.9057495331801046,-114.51891510701198
ranking_proportional_repaired,ranking,repaired,338.4112528270973,-179.3732853836022,-121.03553251396846,121.0661757209652,310.75119901298854,1.0,False,False,False,False,False,False,False,0.4252761109743977,0.41731036270383504,0.15741352632176728,False,LHS-01-016,2026071903,151df1d6304eb1a57072be6e0ef1b5a714187961671dcb8df331d33420c7c2a6,gaussian,gaussian,0.5776689386219479,0.9057495331801046,-117.45379110560232
expected_profit,economic_plus_operational,optimal,347.56031940675786,-174.29428430484828,-111.64582072456022,111.67872822858781,341.9592222198877,1.0,True,False,False,False,False,False,False,0.572778133336532,0.3035783172367731,0.12364354942669488,False,LHS-01-016,2026071903,151df1d6304eb1a57072be6e0ef1b5a714187961671dcb8df331d33420c7c2a6,gaussian,gaussian,0.5776689386219479,0.9057495331801046,-117.45379110560232
mean_variance,variance_penalty,optimal,347.56031941983724,-174.2942843119689,-111.64582072927047,111.67872823329934,341.95922223190615,1.0000000000386453,True,False,False,False,False,False,False,0.5727781333530141,0.30357831725285694,0.12364354943277436,False,LHS-01-016,2026071903,151df1d6304eb1a57072be6e0ef1b5a714187961671dcb8df331d33420c7c2a6,gaussian,gaussian,0.5776689386219479,0.9057495331801046,-117.45379110560232
loss_CVaR,economic_operational_plus_CVaR,optimal,347.0107578901419,-179.39589974926693,-117.45379110559969,117.48632758092852,330.5642919675427,0.9999999999999999,False,False,False,False,False,False,False,0.513150031545088,0.3632064190282171,0.12364354942669488,False,LHS-01-016,2026071903,151df1d6304eb1a57072be6e0ef1b5a714187961671dcb8df331d33420c7c2a6,gaussian,gaussian,0.5776689386219479,0.9057495331801046,-117.45379110560232
ranking_proportional_repaired,ranking,repaired,333.66251232670584,-175.36198558856327,-119.62623394646093,119.65551039422716,310.75119901298854,1.0,False,False,False,False,False,False,False,0.4252761109743977,0.41731036270383504,0.15741352632176728,False,LHS-01-016,2026071904,8a5c0250e90c56d1cdff7da379cef4e3956a9eac347a643f48e1bfeccf486583,gaussian,gaussian,0.5776689386219479,0.9057495331801046,-116.17576218724008
expected_profit,economic_plus_operational,optimal,342.4270740944798,-171.9190725040373,-110.58065201782154,110.61287139246922,341.9592222198877,1.0,True,False,False,False,False,False,False,0.572778133336532,0.3035783172367731,0.12364354942669488,False,LHS-01-016,2026071904,8a5c0250e90c56d1cdff7da379cef4e3956a9eac347a643f48e1bfeccf486583,gaussian,gaussian,0.5776689386219479,0.9057495331801046,-116.17576218724008
mean_variance,variance_penalty,optimal,342.42707409573666,-171.91907250474137,-110.58065201827523,110.61287139292305,341.95922222105855,1.0000000000037663,True,False,False,False,False,False,False,0.5727781333381361,0.3035783172383427,0.12364354942728754,False,LHS-01-016,2026071904,8a5c0250e90c56d1cdff7da379cef4e3956a9eac347a643f48e1bfeccf486583,gaussian,gaussian,0.5776689386219479,0.9057495331801046,-116.17576218724008
loss_CVaR,economic_operational_plus_CVaR,optimal,342.00198054061207,-175.8701343432887,-116.17576218723761,116.20711798879898,330.60819993477145,0.9999999999999999,False,False,False,False,False,False,False,0.5133797958947937,0.3629766546785114,0.12364354942669488,False,LHS-01-016,2026071904,8a5c0250e90c56d1cdff7da379cef4e3956a9eac347a643f48e1bfeccf486583,gaussian,gaussian,0.5776689386219479,0.9057495331801046,-116.17576218724008
ranking_proportional_repaired,ranking,repaired,336.93992810894827,-175.17505325859256,-119.96333391341733,119.99233510152139,310.75119901298854,1.0,False,False,False,False,False,False,False,0.4252761109743977,0.41731036270383504,0.15741352632176728,False,LHS-01-016,2026071905,7e948d9c5825e0ad610d0c7b0f5a520b5a0996d8dc920693d9f1511f9ace21ab,gaussian,gaussian,0.5776689386219479,0.9057495331801046,-116.28307508362964
expected_profit,economic_plus_operational,optimal,345.7807220646502,-171.17980513632125,-110.31535384388613,110.34732425563415,341.9592222198877,1.0,True,False,False,False,False,False,False,0.572778133336532,0.3035783172367731,0.12364354942669488,False,LHS-01-016,2026071905,7e948d9c5825e0ad610d0c7b0f5a520b5a0996d8dc920693d9f1511f9ace21ab,gaussian,gaussian,0.5776689386219479,0.9057495331801046,-116.28307508362964
mean_variance,variance_penalty,optimal,345.7807220756474,-171.17980514205965,-110.31535384783422,110.34732425958317,341.9592222300288,1.0000000000326208,True,False,False,False,False,False,False,0.5727781333504147,0.30357831725040146,0.12364354943180464,False,LHS-01-016,2026071905,7e948d9c5825e0ad610d0c7b0f5a520b5a0996d8dc920693d9f1511f9ace21ab,gaussian,gaussian,0.5776689386219479,0.9057495331801046,-116.28307508362964
loss_CVaR,economic_operational_plus_CVaR,optimal,345.36502799574754,-175.7065813199052,-116.28307508362707,116.31428860681743,330.5230453027625,0.9999999999999999,False,False,False,False,False,False,False,0.5129341934248359,0.3634222571484691,0.12364354942669488,False,LHS-01-016,2026071905,7e948d9c5825e0ad610d0c7b0f5a520b5a0996d8dc920693d9f1511f9ace21ab,gaussian,gaussian,0.5776689386219479,0.9057495331801046,-116.28307508362964
ranking_proportional_repaired,ranking,repaired,336.52369861767346,-186.85382571362723,-124.38586029492004,124.46742086227596,310.75119901298854,1.0,False,False,False,False,False,False,False,0.4252761109743977,0.41731036270383504,0.15741352632176728,False,LHS-01-017,2026071901,fa6731e3c8e5dd0d86911362e243e9659fd47deda42bbcdf76b56118986fe33a,gaussian,student_t_df5,0.23619270808840165,0.9349849970524777,-84.33297210515306
expected_profit,economic_plus_operational,optimal,349.2696351652718,-150.2271799319717,-57.263117218644396,57.38449465822945,388.6474445800188,1.0,True,False,False,False,False,False,False,0.8119897663336518,0.07526649745948259,0.11274373620686558,False,LHS-01-017,2026071901,fa6731e3c8e5dd0d86911362e243e9659fd47deda42bbcdf76b56118986fe33a,gaussian,student_t_df5,0.23619270808840165,0.9349849970524777,-84.33297210515306
mean_variance,variance_penalty,optimal,349.2696351652718,-150.2271799319717,-57.263117218644396,57.38449465822945,388.6474445800188,1.0,True,False,False,False,False,False,False,0.8119897663336518,0.07526649745948259,0.11274373620686558,False,LHS-01-017,2026071901,fa6731e3c8e5dd0d86911362e243e9659fd47deda42bbcdf76b56118986fe33a,gaussian,student_t_df5,0.23619270808840165,0.9349849970524777,-84.33297210515306
loss_CVaR,economic_operational_plus_CVaR,optimal,348.5264957245729,-166.42244638093933,-84.33297210515458,84.44015126572121,366.1287180127555,0.9999999999999999,False,False,False,False,False,False,False,0.6941523693307041,0.1931038944624302,0.11274373620686558,False,LHS-01-017,2026071901,fa6731e3c8e5dd0d86911362e243e9659fd47deda42bbcdf76b56118986fe33a,gaussian,student_t_df5,0.23619270808840165,0.9349849970524777,-84.33297210515306
ranking_proportional_repaired,ranking,repaired,336.6159566796313,-184.95890694553248,-122.8893914259985,122.97043176191065,310.75119901298854,1.0,False,False,False,False,False,False,False,0.4252761109743977,0.41731036270383504,0.15741352632176728,False,LHS-01-017,2026071902,e592606e50f83476df36d0648eea23a3446d27986ec1d0ecd91565cfea676d30,gaussian,student_t_df5,0.23619270808840165,0.9349849970524777,-82.54254852021293
expected_profit,economic_plus_operational,optimal,349.62441188250176,-149.3421327045852,-55.27402352861404,55.39684245353125,388.6474445800188,1.0,True,False,False,False,False,False,False,0.8119897663336518,0.07526649745948259,0.11274373620686558,False,LHS-01-017,2026071902,e592606e50f83476df36d0648eea23a3446d27986ec1d0ecd91565cfea676d30,gaussian,student_t_df5,0.23619270808840165,0.9349849970524777,-82.54254852021293
mean_variance,variance_penalty,optimal,349.6244118853641,-149.3421327065497,-55.274023529804765,55.396842454722965,388.64744458266125,1.0000000000085023,True,False,False,False,False,False,False,0.8119897663372685,0.07526649746303167,0.11274373620820215,False,LHS-01-017,2026071902,e592606e50f83476df36d0648eea23a3446d27986ec1d0ecd91565cfea676d30,gaussian,student_t_df5,0.23619270808840165,0.9349849970524777,-82.54254852021293
loss_CVaR,economic_operational_plus_CVaR,optimal,348.7942491684911,-164.5650770540553,-82.54254852021438,82.6496402738572,366.15029352436756,1.0,False,False,False,False,False,False,False,0.6942652710136556,0.19299099277947876,0.11274373620686558,False,LHS-01-017,2026071902,e592606e50f83476df36d0648eea23a3446d27986ec1d0ecd91565cfea676d30,gaussian,student_t_df5,0.23619270808840165,0.9349849970524777,-82.54254852021293
ranking_proportional_repaired,ranking,repaired,337.45111700777187,-188.8300040911439,-125.57087671487861,125.65347025357745,310.75119901298854,1.0,False,False,False,False,False,False,False,0.4252761109743977,0.41731036270383504,0.15741352632176728,False,LHS-01-017,2026071903,15d93af73ba7804855df5cc85bbbbb1792c6eb6d5e00b02e521e824ed739361d,gaussian,student_t_df5,0.23619270808840165,0.9349849970524777,-86.02284311214504
expected_profit,economic_plus_operational,optimal,350.90863774817166,-154.8814716101364,-59.294195589885206,59.418997997198495,388.6474445800188,1.0,True,False,False,False,False,False,False,0.8119897663336518,0.07526649745948259,0.11274373620686558,False,LHS-01-017,2026071903,15d93af73ba7804855df5cc85bbbbb1792c6eb6d5e00b02e521e824ed739361d,gaussian,student_t_df5,0.23619270808840165,0.9349849970524777,-86.02284311214504
mean_variance,variance_penalty,optimal,350.9086377556213,-154.88147161533047,-59.29419559304007,59.41899800035605,388.64744458688233,1.0000000000220857,True,False,False,False,False,False,False,0.8119897663430531,0.07526649746867597,0.11274373621035651,False,LHS-01-017,2026071903,15d93af73ba7804855df5cc85bbbbb1792c6eb6d5e00b02e521e824ed739361d,gaussian,student_t_df5,0.23619270808840165,0.9349849970524777,-86.02284311214504
loss_CVaR,economic_operational_plus_CVaR,optimal,349.9187542700818,-170.8726160160234,-86.02284311214653,86.13362622428531,365.8331896893346,1.0,False,False,False,False,False,False,False,0.6926059102861152,0.19465035350701929,0.11274373620686558,False,LHS-01-017,2026071903,15d93af73ba7804855df5cc85bbbbb1792c6eb6d5e00b02e521e824ed739361d,gaussian,student_t_df5,0.23619270808840165,0.9349849970524777,-86.02284311214504
ranking_proportional_repaired,ranking,repaired,334.38249287349623,-184.96265301912368,-123.4296609735784,123.51000080390111,310.75119901298854,1.0,False,False,False,False,False,False,False,0.4252761109743977,0.41731036270383504,0.15741352632176728,False,LHS-01-017,2026071904,644e55854a804deb28eafd25078e1c92ee656d968077a23a0859a453d3f0774d,gaussian,student_t_df5,0.23619270808840165,0.9349849970524777,-84.57741649474889
expected_profit,economic_plus_operational,optimal,347.78446008593903,-148.91561128683338,-58.319019969781834,58.43730634806876,388.6474445800188,1.0,True,False,False,False,False,False,False,0.8119897663336518,0.07526649745948259,0.11274373620686558,False,LHS-01-017,2026071904,644e55854a804deb28eafd25078e1c92ee656d968077a23a0859a453d3f0774d,gaussian,student_t_df5,0.23619270808840165,0.9349849970524777,-84.57741649474889
mean_variance,variance_penalty,optimal,347.7844600880212,-148.91561128806708,-58.31901997065802,58.43730634894543,388.64744458195463,1.0000000000062272,True,False,False,False,False,False,False,0.811989766336304,0.07526649746207689,0.11274373620784627,False,LHS-01-017,2026071904,644e55854a804deb28eafd25078e1c92ee656d968077a23a0859a453d3f0774d,gaussian,student_t_df5,0.23619270808840165,0.9349849970524777,-84.57741649474889
loss_CVaR,economic_operational_plus_CVaR,optimal,346.79640368880166,-165.30304946949235,-84.57741649475035,84.68281497189709,365.8833612145079,1.0,False,False,False,False,False,False,False,0.692868450972527,0.19438781282060733,0.11274373620686558,False,LHS-01-017,2026071904,644e55854a804deb28eafd25078e1c92ee656d968077a23a0859a453d3f0774d,gaussian,student_t_df5,0.23619270808840165,0.9349849970524777,-84.57741649474889
ranking_proportional_repaired,ranking,repaired,335.6171696708603,-184.0588645462671,-122.76958373265693,122.84960536426425,310.75119901298854,1.0,False,False,False,False,False,False,False,0.4252761109743977,0.41731036270383504,0.15741352632176728,False,LHS-01-017,2026071905,cc6695e3383f21f161fefe125a27d6b6844f254c5064532f8d5a518c23281697,gaussian,student_t_df5,0.23619270808840165,0.9349849970524777,-81.58708696755727
expected_profit,economic_plus_operational,optimal,347.53634023774333,-143.06289571280044,-53.75378301170974,53.87038840862211,388.6474445800188,1.0,True,False,False,False,False,False,False,0.8119897663336518,0.07526649745948259,0.11274373620686558,False,LHS-01-017,2026071905,cc6695e3383f21f161fefe125a27d6b6844f254c5064532f8d5a518c23281697,gaussian,student_t_df5,0.23619270808840165,0.9349849970524777,-81.58708696755727
mean_variance,variance_penalty,optimal,347.5363402502664,-143.06289572160816,-53.753783016955495,53.870388413872504,388.6474445916048,1.0000000000373424,True,False,False,False,False,False,False,0.8119897663494564,0.07526649747510174,0.11274373621278416,False,LHS-01-017,2026071905,cc6695e3383f21f161fefe125a27d6b6844f254c5064532f8d5a518c23281697,gaussian,student_t_df5,0.23619270808840165,0.9349849970524777,-81.58708696755727
loss_CVaR,economic_operational_plus_CVaR,optimal,347.0192951280956,-162.81136647228672,-81.5870869675588,81.69313649670674,365.644815320898,1.0,False,False,False,False,False,False,False,0.6916201731409732,0.19563609065216114,0.11274373620686558,False,LHS-01-017,2026071905,cc6695e3383f21f161fefe125a27d6b6844f254c5064532f8d5a518c23281697,gaussian,student_t_df5,0.23619270808840165,0.9349849970524777,-81.58708696755727
ranking_proportional_repaired,ranking,repaired,335.90199525779775,-150.9947987312094,-142.5731735313777,142.60769390063305,310.75119901298854,1.0,True,False,False,False,False,False,False,0.4252761109743977,0.41731036270383504,0.15741352632176728,False,LHS-01-018,2026071901,f85eb517e3fc6d044a77825839e129e0743b53cb8dc3acc6d1387219195c63a0,gaussian,empirical_resample,0.3704884149284229,0.9766959169544367,-155.88033320198377
expected_profit,economic_plus_operational,optimal,368.8288673136094,-165.7057760224982,-157.65739191466216,157.690382363028,326.9072302136307,1.0,False,False,False,False,False,False,False,0.4434931517025752,0.5408056958294976,0.01570115246792721,True,LHS-01-018,2026071901,f85eb517e3fc6d044a77825839e129e0743b53cb8dc3acc6d1387219195c63a0,gaussian,empirical_resample,0.3704884149284229,0.9766959169544367,-155.88033320198377
mean_variance,variance_penalty,optimal,368.82886732116174,-165.70577602592388,-157.6573919178791,157.69038236624579,326.90723022061087,1.0000000000224663,False,False,False,False,False,False,False,0.44349315171211084,0.5408056958389174,0.01570115247143808,True,LHS-01-018,2026071901,f85eb517e3fc6d044a77825839e129e0743b53cb8dc3acc6d1387219195c63a0,gaussian,empirical_resample,0.3704884149284229,0.9766959169544367,-155.88033320198377
loss_CVaR,economic_operational_plus_CVaR,optimal,368.8288673136094,-165.7057760224982,-157.65739191466216,157.690382363028,326.9072302136307,1.0,False,False,False,False,False,False,False,0.4434931517025752,0.5408056958294976,0.01570115246792721,True,LHS-01-018,2026071901,f85eb517e3fc6d044a77825839e129e0743b53cb8dc3acc6d1387219195c63a0,gaussian,empirical_resample,0.3704884149284229,0.9766959169544367,-155.88033320198377
ranking_proportional_repaired,ranking,repaired,336.3772441173399,-152.14040935026668,-143.32951764811548,143.36563362666,310.75119901298854,1.0,True,False,False,False,False,False,False,0.4252761109743977,0.41731036270383504,0.15741352632176728,False,LHS-01-018,2026071902,99e16141131682a13f8ed437d60ef5018edb74c572ccf922694c8315e4a79476,gaussian,empirical_resample,0.3704884149284229,0.9766959169544367,-156.22562642452513
expected_profit,economic_plus_operational,optimal,369.3464409937033,-166.53290313859557,-157.94779276415267,157.98298326161503,326.9072302136307,1.0,False,False,False,False,False,False,False,0.4434931517025752,0.5408056958294976,0.01570115246792721,True,LHS-01-018,2026071902,99e16141131682a13f8ed437d60ef5018edb74c572ccf922694c8315e4a79476,gaussian,empirical_resample,0.3704884149284229,0.9766959169544367,-156.22562642452513
mean_variance,variance_penalty,optimal,369.3464409986848,-166.5329031409208,-157.94779276628668,157.98298326374984,326.9072302182271,1.000000000014797,False,False,False,False,False,False,False,0.44349315170884984,0.5408056958357089,0.01570115247023828,True,LHS-01-018,2026071902,99e16141131682a13f8ed437d60ef5018edb74c572ccf922694c8315e4a79476,gaussian,empirical_resample,0.3704884149284229,0.9766959169544367,-156.22562642452513
loss_CVaR,economic_operational_plus_CVaR,optimal,369.3464409937033,-166.53290313859557,-157.94779276415267,157.98298326161503,326.9072302136307,1.0,False,False,False,False,False,False,False,0.4434931517025752,0.5408056958294976,0.01570115246792721,True,LHS-01-018,2026071902,99e16141131682a13f8ed437d60ef5018edb74c572ccf922694c8315e4a79476,gaussian,empirical_resample,0.3704884149284229,0.9766959169544367,-156.22562642452513
ranking_proportional_repaired,ranking,repaired,337.196339475227,-152.44571448495915,-143.44522208482005,143.4821152394975,310.75119901298854,1.0,True,False,False,False,False,False,False,0.4252761109743977,0.41731036270383504,0.15741352632176728,False,LHS-01-018,2026071903,614af6daf906c2573c3049dcf5350efa8e65c28a8fbede015b6fc96b447b8e3b,gaussian,empirical_resample,0.3704884149284229,0.9766959169544367,-156.70756879471426
expected_profit,economic_plus_operational,optimal,370.1069379743394,-167.2702274656762,-158.4786431152124,158.5146799526299,326.9072302136307,1.0,False,False,False,False,False,False,False,0.4434931517025752,0.5408056958294976,0.01570115246792721,True,LHS-01-018,2026071903,614af6daf906c2573c3049dcf5350efa8e65c28a8fbede015b6fc96b447b8e3b,gaussian,empirical_resample,0.3704884149284229,0.9766959169544367,-156.70756879471426
mean_variance,variance_penalty,optimal,370.1069379762438,-167.27022746652253,-158.47864311602711,158.51467995344473,326.90723021537934,1.0000000000056446,False,False,False,False,False,False,False,0.4434931517049447,0.5408056958318899,0.01570115246880989,True,LHS-01-018,2026071903,614af6daf906c2573c3049dcf5350efa8e65c28a8fbede015b6fc96b447b8e3b,gaussian,empirical_resample,0.3704884149284229,0.9766959169544367,-156.70756879471426
loss_CVaR,economic_operational_plus_CVaR,optimal,370.1069379743394,-167.2702274656762,-158.4786431152124,158.5146799526299,326.9072302136307,1.0,False,False,False,False,False,False,False,0.4434931517025752,0.5408056958294976,0.01570115246792721,True,LHS-01-018,2026071903,614af6daf906c2573c3049dcf5350efa8e65c28a8fbede015b6fc96b447b8e3b,gaussian,empirical_resample,0.3704884149284229,0.9766959169544367,-156.70756879471426
ranking_proportional_repaired,ranking,repaired,333.0789331787289,-151.24731686897348,-143.3221613688006,143.3546467012371,310.75119901298854,1.0,True,False,False,False,False,False,False,0.4252761109743977,0.41731036270383504,0.15741352632176728,False,LHS-01-018,2026071904,4991ccd19b484b0ddcc033745a689b675a14aae4a71f7064058d94905e2f08c3,gaussian,empirical_resample,0.3704884149284229,0.9766959169544367,-156.43813474243842
expected_profit,economic_plus_operational,optimal,365.66066531588484,-165.47572730221282,-158.18966214090835,158.2195278323656,326.9072302136307,1.0,False,False,False,False,False,False,False,0.4434931517025752,0.5408056958294976,0.01570115246792721,True,LHS-01-018,2026071904,4991ccd19b484b0ddcc033745a689b675a14aae4a71f7064058d94905e2f08c3,gaussian,empirical_resample,0.3704884149284229,0.9766959169544367,-156.43813474243842
mean_variance,variance_penalty,optimal,365.66066531588484,-165.47572730221282,-158.18966214090835,158.2195278323656,326.9072302136307,1.0,False,False,False,False,False,False,False,0.4434931517025752,0.5408056958294976,0.01570115246792721,True,LHS-01-018,2026071904,4991ccd19b484b0ddcc033745a689b675a14aae4a71f7064058d94905e2f08c3,gaussian,empirical_resample,0.3704884149284229,0.9766959169544367,-156.43813474243842
loss_CVaR,economic_operational_plus_CVaR,optimal,365.66066531588484,-165.47572730221282,-158.18966214090835,158.2195278323656,326.9072302136307,1.0,False,False,False,False,False,False,False,0.4434931517025752,0.5408056958294976,0.01570115246792721,True,LHS-01-018,2026071904,4991ccd19b484b0ddcc033745a689b675a14aae4a71f7064058d94905e2f08c3,gaussian,empirical_resample,0.3704884149284229,0.9766959169544367,-156.43813474243842
ranking_proportional_repaired,ranking,repaired,335.9691689309382,-151.5025130259138,-143.18635713919775,143.2204451881411,310.75119901298854,1.0,True,False,False,False,False,False,False,0.4252761109743977,0.41731036270383504,0.15741352632176728,False,LHS-01-018,2026071905,c5ab661da32039adf926e13b0287f7079d2dc460eca76be4910f610085c4202d,gaussian,empirical_resample,0.3704884149284229,0.9766959169544367,-156.4106944945135
expected_profit,economic_plus_operational,optimal,369.01306378699223,-165.66475665495466,-158.17669298693198,158.20738667332793,326.9072302136307,1.0,False,False,False,False,False,False,False,0.4434931517025752,0.5408056958294976,0.01570115246792721,True,LHS-01-018,2026071905,c5ab661da32039adf926e13b0287f7079d2dc460eca76be4910f610085c4202d,gaussian,empirical_resample,0.3704884149284229,0.9766959169544367,-156.4106944945135
mean_variance,variance_penalty,optimal,369.0130637920102,-165.66475665718744,-158.17669298907578,158.20738667547207,326.90723021827165,1.0000000000149187,False,False,False,False,False,False,False,0.44349315170893416,0.5408056958357328,0.015701152470251813,True,LHS-01-018,2026071905,c5ab661da32039adf926e13b0287f7079d2dc460eca76be4910f610085c4202d,gaussian,empirical_resample,0.3704884149284229,0.9766959169544367,-156.4106944945135
loss_CVaR,economic_operational_plus_CVaR,optimal,369.01306378699223,-165.66475665495466,-158.17669298693198,158.20738667332793,326.9072302136307,1.0,False,False,False,False,False,False,False,0.4434931517025752,0.5408056958294976,0.01570115246792721,True,LHS-01-018,2026071905,c5ab661da32039adf926e13b0287f7079d2dc460eca76be4910f610085c4202d,gaussian,empirical_resample,0.3704884149284229,0.9766959169544367,-156.4106944945135
ranking_proportional_repaired,ranking,repaired,336.72225122890706,-176.85281748637135,-126.32011929225018,126.33919631361277,310.75119901298854,1.0,True,False,False,False,False,False,False,0.4252761109743977,0.41731036270383504,0.15741352632176728,False,LHS-01-019,2026071901,671b4c85f74bd72c186c995bff46c3b948c7face04d9d20eb29837ca45987d8e,gaussian,gaussian,0.34191705587605314,0.9257280496141685,-128.15806721893767
expected_profit,economic_plus_operational,optimal,364.3263082179627,-195.67971815305023,-141.37864871270182,141.39914836339818,319.291490480676,1.0,False,False,False,False,False,False,False,0.4138273632466102,0.5487070885003569,0.037465548253032985,True,LHS-01-019,2026071901,671b4c85f74bd72c186c995bff46c3b948c7face04d9d20eb29837ca45987d8e,gaussian,gaussian,0.34191705587605314,0.9257280496141685,-128.15806721893767
mean_variance,variance_penalty,optimal,364.3263082179627,-195.67971815305023,-141.37864871270182,141.39914836339818,319.291490480676,1.0,False,False,False,False,False,False,False,0.4138273632466102,0.5487070885003569,0.037465548253032985,True,LHS-01-019,2026071901,671b4c85f74bd72c186c995bff46c3b948c7face04d9d20eb29837ca45987d8e,gaussian,gaussian,0.34191705587605314,0.9257280496141685,-128.15806721893767
loss_CVaR,economic_operational_plus_CVaR,optimal,364.3263082179627,-195.67971815305023,-141.37864871270182,141.39914836339818,319.291490480676,1.0,False,False,False,False,False,False,False,0.4138273632466102,0.5487070885003569,0.037465548253032985,True,LHS-01-019,2026071901,671b4c85f74bd72c186c995bff46c3b948c7face04d9d20eb29837ca45987d8e,gaussian,gaussian,0.34191705587605314,0.9257280496141685,-128.15806721893767
ranking_proportional_repaired,ranking,repaired,337.15575968442124,-175.40611722312283,-125.3009103316491,125.31982596719611,310.75119901298854,1.0,True,False,False,False,False,False,False,0.4252761109743977,0.41731036270383504,0.15741352632176728,False,LHS-01-019,2026071902,41f41050af032804cebf6c41098a9759d444fc28cee4c3574b67d173abd56c9a,gaussian,gaussian,0.34191705587605314,0.9257280496141685,-127.03817834853231
expected_profit,economic_plus_operational,optimal,364.75742186790325,-193.05934497594095,-139.5345570871338,139.55476367729176,319.291490480676,1.0,False,False,False,False,False,False,False,0.4138273632466102,0.5487070885003569,0.037465548253032985,True,LHS-01-019,2026071902,41f41050af032804cebf6c41098a9759d444fc28cee4c3574b67d173abd56c9a,gaussian,gaussian,0.34191705587605314,0.9257280496141685,-127.03817834853231
mean_variance,variance_penalty,optimal,364.7574218700697,-193.05934497709856,-139.53455708794758,139.55476367810567,319.2914904826663,1.000000000006425,False,False,False,False,False,False,False,0.41382736324930885,0.5487070885030743,0.037465548254042004,True,LHS-01-019,2026071902,41f41050af032804cebf6c41098a9759d444fc28cee4c3574b67d173abd56c9a,gaussian,gaussian,0.34191705587605314,0.9257280496141685,-127.03817834853231
loss_CVaR,economic_operational_plus_CVaR,optimal,364.75742186790325,-193.05934497594095,-139.5345570871338,139.55476367729176,319.291490480676,1.0,False,False,False,False,False,False,False,0.4138273632466102,0.5487070885003569,0.037465548253032985,True,LHS-01-019,2026071902,41f41050af032804cebf6c41098a9759d444fc28cee4c3574b67d173abd56c9a,gaussian,gaussian,0.34191705587605314,0.9257280496141685,-127.03817834853231
ranking_proportional_repaired,ranking,repaired,338.27597270970966,-178.67566715004958,-128.13929923569782,128.15837764244716,310.75119901298854,1.0,True,False,False,False,False,False,False,0.4252761109743977,0.41731036270383504,0.15741352632176728,False,LHS-01-019,2026071903,69c78b14c9ebb84f2845efc45e5eedbd8a0d1d77bc21c36eb8980beadbfd30e2,gaussian,gaussian,0.34191705587605314,0.9257280496141685,-129.95137589386925
expected_profit,economic_plus_operational,optimal,365.8023500120183,-196.8557633281042,-142.98586222748366,143.00619910421543,319.291490480676,1.0,False,False,False,False,False,False,False,0.4138273632466102,0.5487070885003569,0.037465548253032985,True,LHS-01-019,2026071903,69c78b14c9ebb84f2845efc45e5eedbd8a0d1d77bc21c36eb8980beadbfd30e2,gaussian,gaussian,0.34191705587605314,0.9257280496141685,-129.95137589386925
mean_variance,variance_penalty,optimal,365.8023500120183,-196.8557633281042,-142.98586222748366,143.00619910421543,319.291490480676,1.0,False,False,False,False,False,False,False,0.4138273632466102,0.5487070885003569,0.037465548253032985,True,LHS-01-019,2026071903,69c78b14c9ebb84f2845efc45e5eedbd8a0d1d77bc21c36eb8980beadbfd30e2,gaussian,gaussian,0.34191705587605314,0.9257280496141685,-129.95137589386925
loss_CVaR,economic_operational_plus_CVaR,optimal,365.8023500120183,-196.8557633281042,-142.98586222748366,143.00619910421543,319.291490480676,1.0,False,False,False,False,False,False,False,0.4138273632466102,0.5487070885003569,0.037465548253032985,True,LHS-01-019,2026071903,69c78b14c9ebb84f2845efc45e5eedbd8a0d1d77bc21c36eb8980beadbfd30e2,gaussian,gaussian,0.34191705587605314,0.9257280496141685,-129.95137589386925
ranking_proportional_repaired,ranking,repaired,333.9408959685471,-175.80109669875648,-127.28937292835568,127.30768699476764,310.75119901298854,1.0,True,False,False,False,False,False,False,0.4252761109743977,0.41731036270383504,0.15741352632176728,False,LHS-01-019,2026071904,1e30fe0e15228a8e4f4aaafc4e0dbd0a9fa9662ba6e01fe6838fc90d418cbb00,gaussian,gaussian,0.34191705587605314,0.9257280496141685,-129.05255986437496
expected_profit,economic_plus_operational,optimal,361.2097709874062,-192.55800400000044,-141.73537651979305,141.75456299478432,319.291490480676,1.0,False,False,False,False,False,False,False,0.4138273632466102,0.5487070885003569,0.037465548253032985,True,LHS-01-019,2026071904,1e30fe0e15228a8e4f4aaafc4e0dbd0a9fa9662ba6e01fe6838fc90d418cbb00,gaussian,gaussian,0.34191705587605314,0.9257280496141685,-129.05255986437496
mean_variance,variance_penalty,optimal,361.20977099380104,-192.5580040037698,-141.735376522242,141.7545629972338,319.2914904866408,1.0000000000191478,False,False,False,False,False,False,False,0.41382736325483,0.5487070885082709,0.03746554825604678,True,LHS-01-019,2026071904,1e30fe0e15228a8e4f4aaafc4e0dbd0a9fa9662ba6e01fe6838fc90d418cbb00,gaussian,gaussian,0.34191705587605314,0.9257280496141685,-129.05255986437496
loss_CVaR,economic_operational_plus_CVaR,optimal,361.2097709874062,-192.55800400000044,-141.73537651979305,141.75456299478432,319.291490480676,1.0,False,False,False,False,False,False,False,0.4138273632466102,0.5487070885003569,0.037465548253032985,True,LHS-01-019,2026071904,1e30fe0e15228a8e4f4aaafc4e0dbd0a9fa9662ba6e01fe6838fc90d418cbb00,gaussian,gaussian,0.34191705587605314,0.9257280496141685,-129.05255986437496
ranking_proportional_repaired,ranking,repaired,337.1022090390983,-176.77724721199203,-128.13403212743975,128.15239583423707,310.75119901298854,1.0,True,False,False,False,False,False,False,0.4252761109743977,0.41731036270383504,0.15741352632176728,False,LHS-01-019,2026071905,3e9c14706b680cf9fd274a6e721948dea1e162b4d3b327bc1f7e41e4cd275140,gaussian,gaussian,0.34191705587605314,0.9257280496141685,-129.9907835431093
expected_profit,economic_plus_operational,optimal,364.8635131492413,-194.5840422098245,-143.34662080492024,143.3659638722338,319.291490480676,1.0,False,False,False,False,False,False,False,0.4138273632466102,0.5487070885003569,0.037465548253032985,True,LHS-01-019,2026071905,3e9c14706b680cf9fd274a6e721948dea1e162b4d3b327bc1f7e41e4cd275140,gaussian,gaussian,0.34191705587605314,0.9257280496141685,-129.9907835431093
mean_variance,variance_penalty,optimal,364.8635131492413,-194.5840422098245,-143.34662080492024,143.3659638722338,319.291490480676,1.0,False,False,False,False,False,False,False,0.4138273632466102,0.5487070885003569,0.037465548253032985,True,LHS-01-019,2026071905,3e9c14706b680cf9fd274a6e721948dea1e162b4d3b327bc1f7e41e4cd275140,gaussian,gaussian,0.34191705587605314,0.9257280496141685,-129.9907835431093
loss_CVaR,economic_operational_plus_CVaR,optimal,364.8635131492413,-194.5840422098245,-143.34662080492024,143.3659638722338,319.291490480676,1.0,False,False,False,False,False,False,False,0.4138273632466102,0.5487070885003569,0.037465548253032985,True,LHS-01-019,2026071905,3e9c14706b680cf9fd274a6e721948dea1e162b4d3b327bc1f7e41e4cd275140,gaussian,gaussian,0.34191705587605314,0.9257280496141685,-129.9907835431093
ranking_proportional_repaired,ranking,repaired,336.7234234368536,-148.5752704371205,-69.32059185538016,69.44355902851765,310.75119901298854,1.0,True,False,False,False,False,False,False,0.4252761109743977,0.41731036270383504,0.15741352632176728,False,LHS-01-020,2026071901,78a05aef226a5ae5e645384a06830cf356c31b69f44787858f9ab7e90b94fe96,gaussian,student_t_df5,0.5472243730509674,0.9495783530052051,-70.38858686020939
expected_profit,economic_plus_operational,optimal,352.56509979700235,-155.9340201462274,-72.97357178078637,73.10228862123378,321.86399796661766,1.0,False,False,False,False,False,False,False,0.45163438202122513,0.45888292077798704,0.08948269720078779,True,LHS-01-020,2026071901,78a05aef226a5ae5e645384a06830cf356c31b69f44787858f9ab7e90b94fe96,gaussian,student_t_df5,0.5472243730509674,0.9495783530052051,-70.38858686020939
mean_variance,variance_penalty,optimal,352.5650997974851,-155.93402014644363,-72.97357178088579,73.10228862133341,321.86399796706337,1.0000000000014366,False,False,False,False,False,False,False,0.45163438202183437,0.458882920778584,0.08948269720101831,True,LHS-01-020,2026071901,78a05aef226a5ae5e645384a06830cf356c31b69f44787858f9ab7e90b94fe96,gaussian,student_t_df5,0.5472243730509674,0.9495783530052051,-70.38858686020939
loss_CVaR,economic_operational_plus_CVaR,optimal,352.56509979700235,-155.9340201462274,-72.97357178078637,73.10228862123378,321.86399796661766,1.0,False,False,False,False,False,False,False,0.45163438202122513,0.45888292077798704,0.08948269720078779,True,LHS-01-020,2026071901,78a05aef226a5ae5e645384a06830cf356c31b69f44787858f9ab7e90b94fe96,gaussian,student_t_df5,0.5472243730509674,0.9495783530052051,-70.38858686020939
ranking_proportional_repaired,ranking,repaired,336.8453315302372,-148.7194220998493,-65.5363026611224,65.66536498568395,310.75119901298854,1.0,True,False,False,False,False,False,False,0.4252761109743977,0.41731036270383504,0.15741352632176728,False,LHS-01-020,2026071902,3bf7847d595b142c878c34e09e8658536d998fee85b12e22524dee6a648b1e31,gaussian,student_t_df5,0.5472243730509674,0.9495783530052051,-66.54923325920558
expected_profit,economic_plus_operational,optimal,352.6904300392981,-155.61228431363315,-69.000939783858,69.13532115274438,321.86399796661766,1.0,False,False,False,False,False,False,False,0.45163438202122513,0.45888292077798704,0.08948269720078779,True,LHS-01-020,2026071902,3bf7847d595b142c878c34e09e8658536d998fee85b12e22524dee6a648b1e31,gaussian,student_t_df5,0.5472243730509674,0.9495783530052051,-66.54923325920558
mean_variance,variance_penalty,optimal,352.69043004200745,-155.61228431480762,-69.00093978438628,69.13532115327365,321.8639979691165,1.0000000000080407,False,False,False,False,False,False,False,0.4516343820246435,0.4588829207813475,0.08948269720204971,True,LHS-01-020,2026071902,3bf7847d595b142c878c34e09e8658536d998fee85b12e22524dee6a648b1e31,gaussian,student_t_df5,0.5472243730509674,0.9495783530052051,-66.54923325920558
loss_CVaR,economic_operational_plus_CVaR,optimal,352.6904300392981,-155.61228431363315,-69.000939783858,69.13532115274438,321.86399796661766,1.0,False,False,False,False,False,False,False,0.45163438202122513,0.45888292077798704,0.08948269720078779,True,LHS-01-020,2026071902,3bf7847d595b142c878c34e09e8658536d998fee85b12e22524dee6a648b1e31,gaussian,student_t_df5,0.5472243730509674,0.9495783530052051,-66.54923325920558
ranking_proportional_repaired,ranking,repaired,338.24338752173975,-151.64940533144627,-70.4062141840208,70.53226662320601,310.75119901298854,1.0,True,False,False,False,False,False,False,0.4252761109743977,0.41731036270383504,0.15741352632176728,False,LHS-01-020,2026071903,d8fd13ee9b68147a823e058bc4f80b8c237b1dddb0b97459a9498cb2435fc67e,gaussian,student_t_df5,0.5472243730509674,0.9495783530052051,-71.54475120579254
expected_profit,economic_plus_operational,optimal,354.15945742777956,-159.0873142812558,-74.30047667219505,74.43202723711596,321.86399796661766,1.0,False,False,False,False,False,False,False,0.45163438202122513,0.45888292077798704,0.08948269720078779,True,LHS-01-020,2026071903,d8fd13ee9b68147a823e058bc4f80b8c237b1dddb0b97459a9498cb2435fc67e,gaussian,student_t_df5,0.5472243730509674,0.9495783530052051,-71.54475120579254
mean_variance,variance_penalty,optimal,354.15945742777956,-159.0873142812558,-74.30047667219505,74.43202723711596,321.86399796661766,1.0,False,False,False,False,False,False,False,0.45163438202122513,0.45888292077798704,0.08948269720078779,True,LHS-01-020,2026071903,d8fd13ee9b68147a823e058bc4f80b8c237b1dddb0b97459a9498cb2435fc67e,gaussian,student_t_df5,0.5472243730509674,0.9495783530052051,-71.54475120579254
loss_CVaR,economic_operational_plus_CVaR,optimal,354.15945742777956,-159.0873142812558,-74.30047667219505,74.43202723711596,321.86399796661766,1.0,False,False,False,False,False,False,False,0.45163438202122513,0.45888292077798704,0.08948269720078779,True,LHS-01-020,2026071903,d8fd13ee9b68147a823e058bc4f80b8c237b1dddb0b97459a9498cb2435fc67e,gaussian,student_t_df5,0.5472243730509674,0.9495783530052051,-71.54475120579254
ranking_proportional_repaired,ranking,repaired,334.03571526955085,-148.79837686483415,-72.75034448277565,72.86833640113345,310.75119901298854,1.0,True,False,False,False,False,False,False,0.4252761109743977,0.41731036270383504,0.15741352632176728,False,LHS-01-020,2026071904,25127a64776fb606fa26895f76cc0f5386f51150f4c8352fed00b5cd8aea3f70,gaussian,student_t_df5,0.5472243730509674,0.9495783530052051,-73.93844089580101
expected_profit,economic_plus_operational,optimal,349.7468771586381,-156.40798658120886,-76.81412036805965,76.93761380595457,321.86399796661766,1.0,False,False,False,False,False,False,False,0.45163438202122513,0.45888292077798704,0.08948269720078779,True,LHS-01-020,2026071904,25127a64776fb606fa26895f76cc0f5386f51150f4c8352fed00b5cd8aea3f70,gaussian,student_t_df5,0.5472243730509674,0.9495783530052051,-73.93844089580101
mean_variance,variance_penalty,optimal,349.746877161348,-156.40798658240692,-76.81412036865048,76.93761380654632,321.86399796913884,1.000000000008114,False,False,False,False,False,False,False,0.45163438202467515,0.4588829207813721,0.08948269720206659,True,LHS-01-020,2026071904,25127a64776fb606fa26895f76cc0f5386f51150f4c8352fed00b5cd8aea3f70,gaussian,student_t_df5,0.5472243730509674,0.9495783530052051,-73.93844089580101
loss_CVaR,economic_operational_plus_CVaR,optimal,349.7468771586381,-156.40798658120886,-76.81412036805965,76.93761380595457,321.86399796661766,1.0,False,False,False,False,False,False,False,0.45163438202122513,0.45888292077798704,0.08948269720078779,True,LHS-01-020,2026071904,25127a64776fb606fa26895f76cc0f5386f51150f4c8352fed00b5cd8aea3f70,gaussian,student_t_df5,0.5472243730509674,0.9495783530052051,-73.93844089580101
ranking_proportional_repaired,ranking,repaired,337.10777743697423,-148.8714162526279,-71.1287018176966,71.24932311093976,310.75119901298854,1.0,True,False,False,False,False,False,False,0.4252761109743977,0.41731036270383504,0.15741352632176728,False,LHS-01-020,2026071905,5ca87cbd95bc7cb5c670996391c4f8138aba27cd4d420d9a70dc764419c2a9b7,gaussian,student_t_df5,0.5472243730509674,0.9495783530052051,-72.34723745185408
expected_profit,economic_plus_operational,optimal,353.031348504434,-157.60636089201722,-75.29659229456375,75.42429957629342,321.86399796661766,1.0,False,False,False,False,False,False,False,0.45163438202122513,0.45888292077798704,0.08948269720078779,True,LHS-01-020,2026071905,5ca87cbd95bc7cb5c670996391c4f8138aba27cd4d420d9a70dc764419c2a9b7,gaussian,student_t_df5,0.5472243730509674,0.9495783530052051,-72.34723745185408
mean_variance,variance_penalty,optimal,353.031348504434,-157.60636089201722,-75.29659229456375,75.42429957629342,321.86399796661766,1.0,False,False,False,False,False,False,False,0.45163438202122513,0.45888292077798704,0.08948269720078779,True,LHS-01-020,2026071905,5ca87cbd95bc7cb5c670996391c4f8138aba27cd4d420d9a70dc764419c2a9b7,gaussian,student_t_df5,0.5472243730509674,0.9495783530052051,-72.34723745185408
loss_CVaR,economic_operational_plus_CVaR,optimal,353.031348504434,-157.60636089201722,-75.29659229456375,75.42429957629342,321.86399796661766,1.0,False,False,False,False,False,False,False,0.45163438202122513,0.45888292077798704,0.08948269720078779,True,LHS-01-020,2026071905,5ca87cbd95bc7cb5c670996391c4f8138aba27cd4d420d9a70dc764419c2a9b7,gaussian,student_t_df5,0.5472243730509674,0.9495783530052051,-72.34723745185408
ranking_proportional_repaired,ranking,repaired,335.7824864297032,-226.56339318613132,-197.13161006135206,197.1365586173984,310.75119901298854,1.0,False,False,False,False,False,False,False,0.4252761109743977,0.41731036270383504,0.15741352632176728,False,LHS-01-021,2026071901,27ab0e1dbdba03703f346f476c92394f0fa027de30e76b2b8dc846ca855f27c2,gaussian,empirical_resample,0.05802298267729399,0.9003167632058081,-184.02801329771117
expected_profit,economic_plus_operational,optimal,348.9027140229183,-208.56502340919886,-180.45915171636685,180.46387733834882,359.1582194935799,1.0,True,False,False,False,False,False,False,0.654701002014486,0.23891324226784383,0.1063857557176702,False,LHS-01-021,2026071901,27ab0e1dbdba03703f346f476c92394f0fa027de30e76b2b8dc846ca855f27c2,gaussian,empirical_resample,0.05802298267729399,0.9003167632058081,-184.02801329771117
mean_variance,variance_penalty,optimal,348.9027140229183,-208.56502340919886,-180.45915171636685,180.46387733834882,359.1582194935799,1.0,True,False,False,False,False,False,False,0.654701002014486,0.23891324226784383,0.1063857557176702,False,LHS-01-021,2026071901,27ab0e1dbdba03703f346f476c92394f0fa027de30e76b2b8dc846ca855f27c2,gaussian,empirical_resample,0.05802298267729399,0.9003167632058081,-184.02801329771117
loss_CVaR,economic_operational_plus_CVaR,optimal,348.74772978936323,-213.65157246191305,-184.02801329771262,184.0329940983048,353.9441732263237,1.0,False,False,False,False,False,False,False,0.6274166154773004,0.26619762880502934,0.1063857557176702,False,LHS-01-021,2026071901,27ab0e1dbdba03703f346f476c92394f0fa027de30e76b2b8dc846ca855f27c2,gaussian,empirical_resample,0.05802298267729399,0.9003167632058081,-184.02801329771117
ranking_proportional_repaired,ranking,repaired,335.88755277452395,-227.3803218462138,-195.63115327105027,195.63649146410003,310.75119901298854,1.0,False,False,False,False,False,False,False,0.4252761109743977,0.41731036270383504,0.15741352632176728,False,LHS-01-021,2026071902,cfb3b13a9b7156d51d8800123d101b7907854b9e0097d668884c466e2e672f78,gaussian,empirical_resample,0.05802298267729399,0.9003167632058081,-182.99473738785593
expected_profit,economic_plus_operational,optimal,348.8826517615552,-207.71176301711702,-179.5531159777286,179.5578504731709,359.1582194935799,1.0,True,False,False,False,False,False,False,0.654701002014486,0.23891324226784383,0.1063857557176702,False,LHS-01-021,2026071902,cfb3b13a9b7156d51d8800123d101b7907854b9e0097d668884c466e2e672f78,gaussian,empirical_resample,0.05802298267729399,0.9003167632058081,-182.99473738785593
mean_variance,variance_penalty,optimal,348.8826517615552,-207.71176301711702,-179.5531159777286,179.5578504731709,359.1582194935799,1.0,True,False,False,False,False,False,False,0.654701002014486,0.23891324226784383,0.1063857557176702,False,LHS-01-021,2026071902,cfb3b13a9b7156d51d8800123d101b7907854b9e0097d668884c466e2e672f78,gaussian,empirical_resample,0.05802298267729399,0.9003167632058081,-182.99473738785593
loss_CVaR,economic_operational_plus_CVaR,optimal,348.7404424447562,-213.20221160647313,-182.99473738785744,182.99981636586418,353.8957789757908,1.0,False,False,False,False,False,False,False,0.6271633750244856,0.2664508692578442,0.1063857557176702,False,LHS-01-021,2026071902,cfb3b13a9b7156d51d8800123d101b7907854b9e0097d668884c466e2e672f78,gaussian,empirical_resample,0.05802298267729399,0.9003167632058081,-182.99473738785593
ranking_proportional_repaired,ranking,repaired,336.2739717620766,-226.7281754659071,-196.16113244577676,196.16627188041156,310.75119901298854,1.0,False,False,False,False,False,False,False,0.4252761109743977,0.41731036270383504,0.15741352632176728,False,LHS-01-021,2026071903,6dad74dee6e87b646508237624d0095daa4f28417edc7695f8280eaa6e67ea34,gaussian,empirical_resample,0.05802298267729399,0.9003167632058081,-183.35440116514135
expected_profit,economic_plus_operational,optimal,349.89500076910076,-208.45168065818388,-179.86639309571714,179.8711993249899,359.1582194935799,1.0,True,False,False,False,False,False,False,0.654701002014486,0.23891324226784383,0.1063857557176702,False,LHS-01-021,2026071903,6dad74dee6e87b646508237624d0095daa4f28417edc7695f8280eaa6e67ea34,gaussian,empirical_resample,0.05802298267729399,0.9003167632058081,-183.35440116514135
mean_variance,variance_penalty,optimal,349.8950007694478,-208.4516806584665,-179.86639309593266,179.87119932520545,359.15821949389067,1.000000000001032,True,False,False,False,False,False,False,0.6547010020148724,0.2389132422683287,0.10638575571783111,False,LHS-01-021,2026071903,6dad74dee6e87b646508237624d0095daa4f28417edc7695f8280eaa6e67ea34,gaussian,empirical_resample,0.05802298267729399,0.9003167632058081,-183.35440116514135
loss_CVaR,economic_operational_plus_CVaR,optimal,349.66816802809575,-213.441527694075,-183.3544011651429,183.3594599083142,353.90121407351245,1.0,False,False,False,False,False,False,False,0.6271918161428617,0.2664224281394681,0.1063857557176702,False,LHS-01-021,2026071903,6dad74dee6e87b646508237624d0095daa4f28417edc7695f8280eaa6e67ea34,gaussian,empirical_resample,0.05802298267729399,0.9003167632058081,-183.35440116514135
ranking_proportional_repaired,ranking,repaired,333.6908980508645,-225.88049800389723,-194.30213543065761,194.30744490498958,310.75119901298854,1.0,False,False,False,False,False,False,False,0.4252761109743977,0.41731036270383504,0.15741352632176728,False,LHS-01-021,2026071904,40595edbab7f7f8fb4cc3baa073aba444b8c9534d646946749c0bfc9758840e3,gaussian,empirical_resample,0.05802298267729399,0.9003167632058081,-181.97910014663768
expected_profit,economic_plus_operational,optimal,347.0670180155081,-207.69471427351684,-178.62283026257649,178.62771830645715,359.1582194935799,1.0,True,False,False,False,False,False,False,0.654701002014486,0.23891324226784383,0.1063857557176702,False,LHS-01-021,2026071904,40595edbab7f7f8fb4cc3baa073aba444b8c9534d646946749c0bfc9758840e3,gaussian,empirical_resample,0.05802298267729399,0.9003167632058081,-181.97910014663768
mean_variance,variance_penalty,optimal,347.06701801759806,-207.6947142748971,-178.62283026383216,178.62771830771285,359.15821949551935,1.0000000000062583,True,False,False,False,False,False,False,0.6547010020171158,0.23891324227049535,0.10638575571864718,False,LHS-01-021,2026071904,40595edbab7f7f8fb4cc3baa073aba444b8c9534d646946749c0bfc9758840e3,gaussian,empirical_resample,0.05802298267729399,0.9003167632058081,-181.97910014663768
loss_CVaR,economic_operational_plus_CVaR,optimal,346.8657430484633,-211.87018165400508,-181.97910014663887,181.98412592749278,353.9168831088227,1.0,False,False,False,False,False,False,False,0.6272738100482003,0.2663404342341296,0.1063857557176702,False,LHS-01-021,2026071904,40595edbab7f7f8fb4cc3baa073aba444b8c9534d646946749c0bfc9758840e3,gaussian,empirical_resample,0.05802298267729399,0.9003167632058081,-181.97910014663768
ranking_proportional_repaired,ranking,repaired,334.7846637089721,-224.0517299328055,-194.32321079616764,194.3282092443588,310.75119901298854,1.0,False,False,False,False,False,False,False,0.4252761109743977,0.41731036270383504,0.15741352632176728,False,LHS-01-021,2026071905,1d788723dfb1199a3249aed3863bc2d4c2155746a58e1da6ecc975e3f908bf1f,gaussian,empirical_resample,0.05802298267729399,0.9003167632058081,-181.718768778509
expected_profit,economic_plus_operational,optimal,347.26596425108613,-205.98153735262343,-178.28585568735514,178.29051234143486,359.1582194935799,1.0,True,False,False,False,False,False,False,0.654701002014486,0.23891324226784383,0.1063857557176702,False,LHS-01-021,2026071905,1d788723dfb1199a3249aed3863bc2d4c2155746a58e1da6ecc975e3f908bf1f,gaussian,empirical_resample,0.05802298267729399,0.9003167632058081,-181.718768778509
mean_variance,variance_penalty,optimal,347.2659642539126,-205.9815373544785,-178.28585568904606,178.29051234312587,359.158219496204,1.0000000000084412,True,False,False,False,False,False,False,0.6547010020180801,0.23891324227136426,0.10638575571899685,False,LHS-01-021,2026071905,1d788723dfb1199a3249aed3863bc2d4c2155746a58e1da6ecc975e3f908bf1f,gaussian,empirical_resample,0.05802298267729399,0.9003167632058081,-181.718768778509
loss_CVaR,economic_operational_plus_CVaR,optimal,347.18346745637143,-210.79844719963896,-181.71876877851096,181.72365813291628,353.9547958655359,1.0,False,False,False,False,False,False,False,0.6274722022863646,0.26614204199596525,0.1063857557176702,False,LHS-01-021,2026071905,1d788723dfb1199a3249aed3863bc2d4c2155746a58e1da6ecc975e3f908bf1f,gaussian,empirical_resample,0.05802298267729399,0.9003167632058081,-181.718768778509
ranking_proportional_repaired,ranking,repaired,336.792311712899,-73.26913542032244,-32.12553501486604,32.1416178936654,310.75119901298854,1.0,False,False,False,False,False,False,False,0.4252761109743977,0.41731036270383504,0.15741352632176728,False,LHS-01-022,2026071901,0b7ca37f6c2f9c8b3aa4e77d50d4316fdb03a6509598659c467a3ba997132b4d,gaussian,gaussian,0.5187298940603636,0.9851058243540125,22.831370361802854
expected_profit,economic_plus_operational,optimal,360.22587018504527,-20.528072986190384,34.534548854037666,-34.513025082060885,407.9158066553803,1.0,True,False,False,False,False,False,False,0.8925724500454251,0.0379419892624865,0.06948556069208843,False,LHS-01-022,2026071901,0b7ca37f6c2f9c8b3aa4e77d50d4316fdb03a6509598659c467a3ba997132b4d,gaussian,gaussian,0.5187298940603636,0.9851058243540125,22.831370361802854
mean_variance,variance_penalty,optimal,360.2258701979121,-20.52807298894453,34.53454885243626,-34.513025080459016,407.91580666725037,1.0000000000382039,True,False,False,False,False,False,False,0.892572450061662,0.037941989278440405,0.0694855606981015,False,LHS-01-022,2026071901,0b7ca37f6c2f9c8b3aa4e77d50d4316fdb03a6509598659c467a3ba997132b4d,gaussian,gaussian,0.5187298940603636,0.9851058243540125,22.831370361802854
loss_CVaR,economic_operational_plus_CVaR,optimal,359.79234512091153,-30.212842973471407,22.83137036180293,-22.810635578126455,395.63283858503763,1.0,False,False,False,False,False,False,False,0.8282973685679647,0.10221707073994699,0.06948556069208843,False,LHS-01-022,2026071901,0b7ca37f6c2f9c8b3aa4e77d50d4316fdb03a6509598659c467a3ba997132b4d,gaussian,gaussian,0.5187298940603636,0.9851058243540125,22.831370361802854
ranking_proportional_repaired,ranking,repaired,337.22511321209976,-74.71074336842773,-31.614155519140994,31.63100181339369,310.75119901298854,1.0,False,False,False,False,False,False,False,0.4252761109743977,0.41731036270383504,0.15741352632176728,False,LHS-01-022,2026071902,0d114c6b46536b0c86159ebc1615a623e92d69d6318b4e3b917d08dcf6e3a346,gaussian,gaussian,0.5187298940603636,0.9851058243540125,30.130584704226997
expected_profit,economic_plus_operational,optimal,360.9618538612623,-20.196088542618345,43.27924565662333,-43.25443338699658,407.9158066553803,1.0,True,False,False,False,False,False,False,0.8925724500454251,0.0379419892624865,0.06948556069208843,False,LHS-01-022,2026071902,0d114c6b46536b0c86159ebc1615a623e92d69d6318b4e3b917d08dcf6e3a346,gaussian,gaussian,0.5187298940603636,0.9851058243540125,30.130584704226997
mean_variance,variance_penalty,optimal,360.9618538612623,-20.196088542618345,43.27924565662333,-43.25443338699658,407.9158066553803,1.0,True,False,False,False,False,False,False,0.8925724500454251,0.0379419892624865,0.06948556069208843,False,LHS-01-022,2026071902,0d114c6b46536b0c86159ebc1615a623e92d69d6318b4e3b917d08dcf6e3a346,gaussian,gaussian,0.5187298940603636,0.9851058243540125,30.130584704226997
loss_CVaR,economic_operational_plus_CVaR,optimal,360.480056715501,-29.003464922147366,30.130584704227083,-30.107469426427276,395.4343612567149,1.0,False,False,False,False,False,False,False,0.8272587640241512,0.10325567528376042,0.06948556069208843,False,LHS-01-022,2026071902,0d114c6b46536b0c86159ebc1615a623e92d69d6318b4e3b917d08dcf6e3a346,gaussian,gaussian,0.5187298940603636,0.9851058243540125,30.130584704226997
ranking_proportional_repaired,ranking,repaired,338.3884938639298,-78.27890306504747,-32.434727828715296,32.45264814455339,310.75119901298854,1.0,False,False,False,False,False,False,False,0.4252761109743977,0.41731036270383504,0.15741352632176728,False,LHS-01-022,2026071903,aee7fae94be9d03b1f2f6a5b291e3407bb7fb8b35fecd29f8d12e57cbad1eaed,gaussian,gaussian,0.5187298940603636,0.9851058243540125,27.739345935774992
expected_profit,economic_plus_operational,optimal,363.0455644110526,-19.9598606138012,40.55353045078779,-40.52987599360274,407.9158066553803,1.0,True,False,False,False,False,False,False,0.8925724500454251,0.0379419892624865,0.06948556069208843,False,LHS-01-022,2026071903,aee7fae94be9d03b1f2f6a5b291e3407bb7fb8b35fecd29f8d12e57cbad1eaed,gaussian,gaussian,0.5187298940603636,0.9851058243540125,27.739345935774992
mean_variance,variance_penalty,optimal,363.0455644110526,-19.9598606138012,40.55353045078779,-40.52987599360274,407.9158066553803,1.0,True,False,False,False,False,False,False,0.8925724500454251,0.0379419892624865,0.06948556069208843,False,LHS-01-022,2026071903,aee7fae94be9d03b1f2f6a5b291e3407bb7fb8b35fecd29f8d12e57cbad1eaed,gaussian,gaussian,0.5187298940603636,0.9851058243540125,27.739345935774992
loss_CVaR,economic_operational_plus_CVaR,optimal,362.4549704607922,-30.90102158260114,27.739345935775013,-27.716423636456202,395.87484667921143,1.0,False,False,False,False,False,False,False,0.8295637636185861,0.10095067568932564,0.06948556069208843,False,LHS-01-022,2026071903,aee7fae94be9d03b1f2f6a5b291e3407bb7fb8b35fecd29f8d12e57cbad1eaed,gaussian,gaussian,0.5187298940603636,0.9851058243540125,27.739345935774992
ranking_proportional_repaired,ranking,repaired,333.72083011475536,-78.15135115776086,-37.87784747512175,37.89359023638159,310.75119901298854,1.0,False,False,False,False,False,False,False,0.4252761109743977,0.41731036270383504,0.15741352632176728,False,LHS-01-022,2026071904,854c8825e0f0d8e4b73bc13c639935e18250eee3763e2f0936d1ce8786dd1d1e,gaussian,gaussian,0.5187298940603636,0.9851058243540125,17.94095853078626
expected_profit,economic_plus_operational,optimal,357.20741872703337,-21.488004956505936,29.827680416474916,-29.807621307883874,407.9158066553803,1.0,True,False,False,False,False,False,False,0.8925724500454251,0.0379419892624865,0.06948556069208843,False,LHS-01-022,2026071904,854c8825e0f0d8e4b73bc13c639935e18250eee3763e2f0936d1ce8786dd1d1e,gaussian,gaussian,0.5187298940603636,0.9851058243540125,17.94095853078626
mean_variance,variance_penalty,optimal,357.2074187273952,-21.488004956592885,29.82768041642277,-29.807621307831702,407.9158066557175,1.0000000000010836,True,False,False,False,False,False,False,0.8925724500458876,0.037941989262937466,0.06948556069225847,False,LHS-01-022,2026071904,854c8825e0f0d8e4b73bc13c639935e18250eee3763e2f0936d1ce8786dd1d1e,gaussian,gaussian,0.5187298940603636,0.9851058243540125,17.94095853078626
loss_CVaR,economic_operational_plus_CVaR,optimal,356.74305986200653,-31.91446870794146,17.940958530786347,-17.921470231612982,395.78905676705256,1.0,False,False,False,False,False,False,False,0.829114836815034,0.1013996024928776,0.06948556069208843,False,LHS-01-022,2026071904,854c8825e0f0d8e4b73bc13c639935e18250eee3763e2f0936d1ce8786dd1d1e,gaussian,gaussian,0.5187298940603636,0.9851058243540125,17.94095853078626
ranking_proportional_repaired,ranking,repaired,336.9844190830173,-78.0053820860791,-36.45682763781993,36.47306881163298,310.75119901298854,1.0,False,False,False,False,False,False,False,0.4252761109743977,0.41731036270383504,0.15741352632176728,False,LHS-01-022,2026071905,2ff4b679b3090acf1a7539c041fbddad37b462a2b9c11796ccd918bb7495aada,gaussian,gaussian,0.5187298940603636,0.9851058243540125,22.17282800530608
expected_profit,economic_plus_operational,optimal,360.57612245347036,-22.385497253913126,34.658125716793705,-34.635827578918715,407.9158066553803,1.0,True,False,False,False,False,False,False,0.8925724500454251,0.0379419892624865,0.06948556069208843,False,LHS-01-022,2026071905,2ff4b679b3090acf1a7539c041fbddad37b462a2b9c11796ccd918bb7495aada,gaussian,gaussian,0.5187298940603636,0.9851058243540125,22.17282800530608
mean_variance,variance_penalty,optimal,360.57612245347036,-22.385497253913126,34.658125716793705,-34.635827578918715,407.9158066553803,1.0,True,False,False,False,False,False,False,0.8925724500454251,0.0379419892624865,0.06948556069208843,False,LHS-01-022,2026071905,2ff4b679b3090acf1a7539c041fbddad37b462a2b9c11796ccd918bb7495aada,gaussian,gaussian,0.5187298940603636,0.9851058243540125,22.17282800530608
loss_CVaR,economic_operational_plus_CVaR,optimal,360.13145444788654,-32.38878834245087,22.172828005306187,-22.15150007449385,395.60628940592244,1.0,False,False,False,False,False,False,False,0.8281584403674667,0.1023559989404449,0.06948556069208843,False,LHS-01-022,2026071905,2ff4b679b3090acf1a7539c041fbddad37b462a2b9c11796ccd918bb7495aada,gaussian,gaussian,0.5187298940603636,0.9851058243540125,22.17282800530608
ranking_proportional_repaired,ranking,repaired,336.6979660873657,-45.811750200237874,28.055863124241988,-27.839240200711128,310.75119901298854,1.0,False,False,False,False,False,False,False,0.4252761109743977,0.41731036270383504,0.15741352632176728,False,LHS-01-023,2026071901,4b23f199caf6a1921ef1e797df2fabb7320041fda0476a4df4e90002fd325dfa,gaussian,student_t_df5,0.48157112677550035,0.9875366572902828,48.73011311304789
expected_profit,economic_plus_operational,optimal,373.24208916646586,-32.35918258541764,57.81372241820877,-57.54928286985959,361.4127747543845,0.9999999999999999,True,False,False,False,False,False,False,0.6188200189797989,0.37666599541359175,0.00451398560660936,False,LHS-01-023,2026071901,4b23f199caf6a1921ef1e797df2fabb7320041fda0476a4df4e90002fd325dfa,gaussian,student_t_df5,0.48157112677550035,0.9875366572902828,48.73011311304789
mean_variance,variance_penalty,optimal,373.24208916646586,-32.35918258541764,57.81372241820877,-57.54928286985959,361.4127747543845,0.9999999999999999,True,False,False,False,False,False,False,0.6188200189797989,0.37666599541359175,0.00451398560660936,False,LHS-01-023,2026071901,4b23f199caf6a1921ef1e797df2fabb7320041fda0476a4df4e90002fd325dfa,gaussian,student_t_df5,0.48157112677550035,0.9875366572902828,48.73011311304789
loss_CVaR,economic_operational_plus_CVaR,optimal,372.96325273584114,-39.66606372939394,48.73011311304789,-48.47088396789537,353.2731186656665,1.0000000000000004,False,False,False,False,False,False,False,0.5762263188818497,0.41925969551154135,0.00451398560660936,False,LHS-01-023,2026071901,4b23f199caf6a1921ef1e797df2fabb7320041fda0476a4df4e90002fd325dfa,gaussian,student_t_df5,0.48157112677550035,0.9875366572902828,48.73011311304789
ranking_proportional_repaired,ranking,repaired,336.7617965781237,-52.68102111197757,42.398797709988344,-42.11996822850063,310.75119901298854,1.0,False,False,False,False,False,False,False,0.4252761109743977,0.41731036270383504,0.15741352632176728,False,LHS-01-023,2026071902,c0e9df83991410954add2377830d93f3750c7f18ee3ccaf9d4dfd7dab99edf54,gaussian,student_t_df5,0.48157112677550035,0.9875366572902828,64.77807455206256
expected_profit,economic_plus_operational,optimal,373.3691617874532,-37.25378601989006,74.61081854400933,-74.28276628145944,361.4127747543845,0.9999999999999999,True,False,False,False,False,False,False,0.6188200189797989,0.37666599541359175,0.00451398560660936,False,LHS-01-023,2026071902,c0e9df83991410954add2377830d93f3750c7f18ee3ccaf9d4dfd7dab99edf54,gaussian,student_t_df5,0.48157112677550035,0.9875366572902828,64.77807455206256
mean_variance,variance_penalty,optimal,373.3691617874532,-37.25378601989006,74.61081854400933,-74.28276628145944,361.4127747543845,0.9999999999999999,True,False,False,False,False,False,False,0.6188200189797989,0.37666599541359175,0.00451398560660936,False,LHS-01-023,2026071902,c0e9df83991410954add2377830d93f3750c7f18ee3ccaf9d4dfd7dab99edf54,gaussian,student_t_df5,0.48157112677550035,0.9875366572902828,64.77807455206256
loss_CVaR,economic_operational_plus_CVaR,optimal,373.06460803985937,-44.44729912098919,64.77807455206246,-64.4577620537437,353.3945022303871,0.9999999999999998,False,False,False,False,False,False,False,0.5768615023707075,0.4186245120226829,0.00451398560660936,False,LHS-01-023,2026071902,c0e9df83991410954add2377830d93f3750c7f18ee3ccaf9d4dfd7dab99edf54,gaussian,student_t_df5,0.48157112677550035,0.9875366572902828,64.77807455206256
ranking_proportional_repaired,ranking,repaired,337.7505709272911,-49.18917381145495,34.33593522688382,-34.090990893449884,310.75119901298854,1.0,False,False,False,False,False,False,False,0.4252761109743977,0.41731036270383504,0.15741352632176728,False,LHS-01-023,2026071903,1d13a514a642312647278ce95dca190d8ed56e5e7e93d4c3142a3fe3718205e4,gaussian,student_t_df5,0.48157112677550035,0.9875366572902828,55.174765992237226
expected_profit,economic_plus_operational,optimal,374.4833065374944,-30.909367221200903,64.33068686730303,-64.05138748256098,361.4127747543845,0.9999999999999999,True,False,False,False,False,False,False,0.6188200189797989,0.37666599541359175,0.00451398560660936,False,LHS-01-023,2026071903,1d13a514a642312647278ce95dca190d8ed56e5e7e93d4c3142a3fe3718205e4,gaussian,student_t_df5,0.48157112677550035,0.9875366572902828,55.174765992237226
mean_variance,variance_penalty,optimal,374.4833065374944,-30.909367221200903,64.33068686730303,-64.05138748256098,361.4127747543845,0.9999999999999999,True,False,False,False,False,False,False,0.6188200189797989,0.37666599541359175,0.00451398560660936,False,LHS-01-023,2026071903,1d13a514a642312647278ce95dca190d8ed56e5e7e93d4c3142a3fe3718205e4,gaussian,student_t_df5,0.48157112677550035,0.9875366572902828,55.174765992237226
loss_CVaR,economic_operational_plus_CVaR,optimal,374.1574939986251,-39.31396485982417,55.174765992237255,-54.897669925413176,353.6644019977645,0.9999999999999997,False,False,False,False,False,False,False,0.5782738507086327,0.4172121636847577,0.00451398560660936,False,LHS-01-023,2026071903,1d13a514a642312647278ce95dca190d8ed56e5e7e93d4c3142a3fe3718205e4,gaussian,student_t_df5,0.48157112677550035,0.9875366572902828,55.174765992237226
ranking_proportional_repaired,ranking,repaired,334.0951197221101,-54.4043252110489,38.689999901809884,-38.41699304586214,310.75119901298854,1.0,False,False,False,False,False,False,False,0.4252761109743977,0.41731036270383504,0.15741352632176728,False,LHS-01-023,2026071904,db087bed371547d7a79deee3918e211c6d824b144db774f4c4641d602729cfb0,gaussian,student_t_df5,0.48157112677550035,0.9875366572902828,60.64288514259848
expected_profit,economic_plus_operational,optimal,370.48407391306756,-41.558576476647076,70.28828619735634,-69.9602859643751,361.4127747543845,0.9999999999999999,True,False,False,False,False,False,False,0.6188200189797989,0.37666599541359175,0.00451398560660936,False,LHS-01-023,2026071904,db087bed371547d7a79deee3918e211c6d824b144db774f4c4641d602729cfb0,gaussian,student_t_df5,0.48157112677550035,0.9875366572902828,60.64288514259848
mean_variance,variance_penalty,optimal,370.48407391306756,-41.558576476647076,70.28828619735634,-69.9602859643751,361.4127747543845,0.9999999999999999,True,False,False,False,False,False,False,0.6188200189797989,0.37666599541359175,0.00451398560660936,False,LHS-01-023,2026071904,db087bed371547d7a79deee3918e211c6d824b144db774f4c4641d602729cfb0,gaussian,student_t_df5,0.48157112677550035,0.9875366572902828,60.64288514259848
loss_CVaR,economic_operational_plus_CVaR,optimal,370.1217026066166,-46.23795994414784,60.642885142598466,-60.32944816947687,352.31687156126736,1.0000000000000002,False,False,False,False,False,False,False,0.5712224093873491,0.42426360500604166,0.00451398560660936,False,LHS-01-023,2026071904,db087bed371547d7a79deee3918e211c6d824b144db774f4c4641d602729cfb0,gaussian,student_t_df5,0.48157112677550035,0.9875366572902828,60.64288514259848
ranking_proportional_repaired,ranking,repaired,335.9339387919142,-55.15204676400708,39.83423899379899,-39.55568380580601,310.75119901298854,1.0,False,False,False,False,False,False,False,0.4252761109743977,0.41731036270383504,0.15741352632176728,False,LHS-01-023,2026071905,379a6fda371c95552d7e032ae8e32d67e9e446d0f5cd4e1cb590aa19d5483537,gaussian,student_t_df5,0.48157112677550035,0.9875366572902828,63.867209157647636
expected_profit,economic_plus_operational,optimal,372.0609483379902,-32.78552258791325,74.42653351181727,-74.11212523483586,361.4127747543845,0.9999999999999999,True,False,False,False,False,False,False,0.6188200189797989,0.37666599541359175,0.00451398560660936,False,LHS-01-023,2026071905,379a6fda371c95552d7e032ae8e32d67e9e446d0f5cd4e1cb590aa19d5483537,gaussian,student_t_df5,0.48157112677550035,0.9875366572902828,63.867209157647636
mean_variance,variance_penalty,optimal,372.0609483379902,-32.78552258791325,74.42653351181727,-74.11212523483586,361.4127747543845,0.9999999999999999,True,False,False,False,False,False,False,0.6188200189797989,0.37666599541359175,0.00451398560660936,False,LHS-01-023,2026071905,379a6fda371c95552d7e032ae8e32d67e9e446d0f5cd4e1cb590aa19d5483537,gaussian,student_t_df5,0.48157112677550035,0.9875366572902828,63.867209157647636
loss_CVaR,economic_operational_plus_CVaR,optimal,371.82845423197614,-43.24054509486381,63.86720915764766,-63.553106754513486,352.6714167550983,0.9999999999999999,False,False,False,False,False,False,False,0.5730776955926394,0.42240831880075114,0.00451398560660936,False,LHS-01-023,2026071905,379a6fda371c95552d7e032ae8e32d67e9e446d0f5cd4e1cb590aa19d5483537,gaussian,student_t_df5,0.48157112677550035,0.9875366572902828,63.867209157647636
ranking_proportional_repaired,ranking,repaired,335.9261168459228,-158.22818804532656,-146.0625405095236,146.09176690742675,310.75119901298854,1.0,True,False,False,False,False,False,False,0.4252761109743977,0.41731036270383504,0.15741352632176728,False,LHS-01-024,2026071901,9305ab67daef1dbbcd7cf1f4f9c894c2a19e85feee9b96d0312b8f5733f478dd,gaussian,empirical_resample,0.31486675575784995,0.9739627018810981,-147.65775212200558
expected_profit,economic_plus_operational,optimal,371.2980528421379,-160.67138316275228,-150.35786760470455,150.3826444945982,363.371711223452,1.0,False,False,False,False,False,False,False,0.6316130837410213,0.35844115284823186,0.00994576341074682,False,LHS-01-024,2026071901,9305ab67daef1dbbcd7cf1f4f9c894c2a19e85feee9b96d0312b8f5733f478dd,gaussian,empirical_resample,0.31486675575784995,0.9739627018810981,-147.65775212200558
mean_variance,variance_penalty,optimal,371.2980528421379,-160.67138316275228,-150.35786760470455,150.3826444945982,363.371711223452,1.0,False,False,False,False,False,False,False,0.6316130837410213,0.35844115284823186,0.00994576341074682,False,LHS-01-024,2026071901,9305ab67daef1dbbcd7cf1f4f9c894c2a19e85feee9b96d0312b8f5733f478dd,gaussian,empirical_resample,0.31486675575784995,0.9739627018810981,-147.65775212200558
loss_CVaR,economic_operational_plus_CVaR,optimal,371.2980528421379,-160.67138316275228,-150.35786760470455,150.3826444945982,363.371711223452,1.0,False,False,False,False,False,False,False,0.6316130837410213,0.35844115284823186,0.00994576341074682,False,LHS-01-024,2026071901,9305ab67daef1dbbcd7cf1f4f9c894c2a19e85feee9b96d0312b8f5733f478dd,gaussian,empirical_resample,0.31486675575784995,0.9739627018810981,-147.65775212200558
ranking_proportional_repaired,ranking,repaired,336.38889299100924,-158.4907700510539,-146.81072258244586,146.83878238886723,310.75119901298854,1.0,True,False,False,False,False,False,False,0.4252761109743977,0.41731036270383504,0.15741352632176728,False,LHS-01-024,2026071902,19174f6a0d8cb3b6eabb67e5efbc075fda5967462268522e73ae9ecd8e04528d,gaussian,empirical_resample,0.31486675575784995,0.9739627018810981,-148.15657397328263
expected_profit,economic_plus_operational,optimal,371.77729887198035,-161.67473034594042,-150.4346129176934,150.4616158489775,363.371711223452,1.0,False,False,False,False,False,False,False,0.6316130837410213,0.35844115284823186,0.00994576341074682,False,LHS-01-024,2026071902,19174f6a0d8cb3b6eabb67e5efbc075fda5967462268522e73ae9ecd8e04528d,gaussian,empirical_resample,0.31486675575784995,0.9739627018810981,-148.15657397328263
mean_variance,variance_penalty,optimal,371.77729887551527,-161.67473034762406,-150.43461291924132,150.46161585052573,363.37171122671504,1.0000000000105,False,False,False,False,False,False,False,0.6316130837454814,0.3584411528526314,0.00994576341238721,False,LHS-01-024,2026071902,19174f6a0d8cb3b6eabb67e5efbc075fda5967462268522e73ae9ecd8e04528d,gaussian,empirical_resample,0.31486675575784995,0.9739627018810981,-148.15657397328263
loss_CVaR,economic_operational_plus_CVaR,optimal,371.77729887198035,-161.67473034594042,-150.4346129176934,150.4616158489775,363.371711223452,1.0,False,False,False,False,False,False,False,0.6316130837410213,0.35844115284823186,0.00994576341074682,False,LHS-01-024,2026071902,19174f6a0d8cb3b6eabb67e5efbc075fda5967462268522e73ae9ecd8e04528d,gaussian,empirical_resample,0.31486675575784995,0.9739627018810981,-148.15657397328263
ranking_proportional_repaired,ranking,repaired,337.14099564886146,-159.74916904086294,-147.20489383955535,147.23502984155286,310.75119901298854,1.0,True,False,False,False,False,False,False,0.4252761109743977,0.41731036270383504,0.15741352632176728,False,LHS-01-024,2026071903,6ebdee9281a7c51832145e1d8c0458f63ef85f08ac1892e6e92101598468b189,gaussian,empirical_resample,0.31486675575784995,0.9739627018810981,-148.86800977871036
expected_profit,economic_plus_operational,optimal,373.0738781335137,-163.87330716996166,-151.68306269187775,151.7123481807598,363.371711223452,1.0,False,False,False,False,False,False,False,0.6316130837410213,0.35844115284823186,0.00994576341074682,False,LHS-01-024,2026071903,6ebdee9281a7c51832145e1d8c0458f63ef85f08ac1892e6e92101598468b189,gaussian,empirical_resample,0.31486675575784995,0.9739627018810981,-148.86800977871036
mean_variance,variance_penalty,optimal,373.0738781466659,-163.87330717609515,-151.68306269764548,151.71234818652843,363.37171123558045,1.0000000000389757,False,False,False,False,False,False,False,0.631613083757661,0.35844115286448186,0.009945763416832844,False,LHS-01-024,2026071903,6ebdee9281a7c51832145e1d8c0458f63ef85f08ac1892e6e92101598468b189,gaussian,empirical_resample,0.31486675575784995,0.9739627018810981,-148.86800977871036
loss_CVaR,economic_operational_plus_CVaR,optimal,373.0738781335137,-163.87330716996166,-151.68306269187775,151.7123481807598,363.371711223452,1.0,False,False,False,False,False,False,False,0.6316130837410213,0.35844115284823186,0.00994576341074682,False,LHS-01-024,2026071903,6ebdee9281a7c51832145e1d8c0458f63ef85f08ac1892e6e92101598468b189,gaussian,empirical_resample,0.31486675575784995,0.9739627018810981,-148.86800977871036
ranking_proportional_repaired,ranking,repaired,333.14151713828556,-157.44635536153694,-146.69694380100225,146.72276787477787,310.75119901298854,1.0,True,False,False,False,False,False,False,0.4252761109743977,0.41731036270383504,0.15741352632176728,False,LHS-01-024,2026071904,0857a21ed250c4bcd8dab8f63ef98907469488c59aa66c96276e31e0dbe2b048,gaussian,empirical_resample,0.31486675575784995,0.9739627018810981,-148.3215349924633
expected_profit,economic_plus_operational,optimal,368.30388996215805,-160.95963243755548,-151.07137946124527,151.09513471267783,363.371711223452,1.0,False,False,False,False,False,False,False,0.6316130837410213,0.35844115284823186,0.00994576341074682,False,LHS-01-024,2026071904,0857a21ed250c4bcd8dab8f63ef98907469488c59aa66c96276e31e0dbe2b048,gaussian,empirical_resample,0.31486675575784995,0.9739627018810981,-148.3215349924633
mean_variance,variance_penalty,optimal,368.30388996215805,-160.95963243755548,-151.07137946124527,151.09513471267783,363.371711223452,1.0,False,False,False,False,False,False,False,0.6316130837410213,0.35844115284823186,0.00994576341074682,False,LHS-01-024,2026071904,0857a21ed250c4bcd8dab8f63ef98907469488c59aa66c96276e31e0dbe2b048,gaussian,empirical_resample,0.31486675575784995,0.9739627018810981,-148.3215349924633
loss_CVaR,economic_operational_plus_CVaR,optimal,368.30388996215805,-160.95963243755548,-151.07137946124527,151.09513471267783,363.371711223452,1.0,False,False,False,False,False,False,False,0.6316130837410213,0.35844115284823186,0.00994576341074682,False,LHS-01-024,2026071904,0857a21ed250c4bcd8dab8f63ef98907469488c59aa66c96276e31e0dbe2b048,gaussian,empirical_resample,0.31486675575784995,0.9739627018810981,-148.3215349924633
ranking_proportional_repaired,ranking,repaired,335.95649978509016,-158.03967021432217,-146.58730918344256,146.6148220025863,310.75119901298854,1.0,True,False,False,False,False,False,False,0.4252761109743977,0.41731036270383504,0.15741352632176728,False,LHS-01-024,2026071905,13c298459c9541e4669129e6368cc69e6d28366813c9a5b940cc6d0b2cd679c9,gaussian,empirical_resample,0.31486675575784995,0.9739627018810981,-148.32002360336276
expected_profit,economic_plus_operational,optimal,371.41248343873264,-162.58701623184416,-151.25288153626292,151.28011033189634,363.371711223452,1.0,False,False,False,False,False,False,False,0.6316130837410213,0.35844115284823186,0.00994576341074682,False,LHS-01-024,2026071905,13c298459c9541e4669129e6368cc69e6d28366813c9a5b940cc6d0b2cd679c9,gaussian,empirical_resample,0.31486675575784995,0.9739627018810981,-148.32002360336276
mean_variance,variance_penalty,optimal,371.41248344261305,-162.58701623366596,-151.25288153796217,151.2801103335959,363.37171122703944,1.0000000000115379,False,False,False,False,False,False,False,0.6316130837459304,0.3584411528530626,0.009945763412544767,False,LHS-01-024,2026071905,13c298459c9541e4669129e6368cc69e6d28366813c9a5b940cc6d0b2cd679c9,gaussian,empirical_resample,0.31486675575784995,0.9739627018810981,-148.32002360336276
loss_CVaR,economic_operational_plus_CVaR,optimal,371.41248343873264,-162.58701623184416,-151.25288153626292,151.28011033189634,363.371711223452,1.0,False,False,False,False,False,False,False,0.6316130837410213,0.35844115284823186,0.00994576341074682,False,LHS-01-024,2026071905,13c298459c9541e4669129e6368cc69e6d28366813c9a5b940cc6d0b2cd679c9,gaussian,empirical_resample,0.31486675575784995,0.9739627018810981,-148.32002360336276
ranking_proportional_repaired,ranking,repaired,336.08344008823855,-214.51086634793464,-148.18255443130576,148.22314773328807,310.75119901298854,1.0,False,False,False,False,False,False,False,0.4252761109743977,0.41731036270383504,0.15741352632176728,False,LHS-02-001,2026071901,f3a12f0a37671b5ba2ec10b7a6c475fc45793bb4c0a736a29029df2912018f05,student_t_df4,student_t_df5,0.1344300757120586,0.9126534892942506,-100.51695970956689
expected_profit,economic_plus_operational,optimal,345.26796530688864,-181.75574500384099,-91.1084812387575,91.16395787679575,376.6182806035676,1.0,True,False,False,False,False,False,False,0.7552081071082861,0.11887520388426867,0.1259166890074452,False,LHS-02-001,2026071901,f3a12f0a37671b5ba2ec10b7a6c475fc45793bb4c0a736a29029df2912018f05,student_t_df4,student_t_df5,0.1344300757120586,0.9126534892942506,-100.51695970956689
mean_variance,variance_penalty,optimal,345.2679653094519,-181.75574500539437,-91.10848124001583,91.16395787805426,376.6182806059382,1.0000000000076317,True,False,False,False,False,False,False,0.7552081071115297,0.11887520388744849,0.12591668900865344,False,LHS-02-001,2026071901,f3a12f0a37671b5ba2ec10b7a6c475fc45793bb4c0a736a29029df2912018f05,student_t_df4,student_t_df5,0.1344300757120586,0.9126534892942506,-100.51695970956689
loss_CVaR,economic_operational_plus_CVaR,optimal,345.0346544522982,-187.31071966173948,-100.51695970956914,100.57007798148216,369.0361845587,1.0,False,False,False,False,False,False,False,0.7155320419860066,0.15855126900654817,0.1259166890074452,False,LHS-02-001,2026071901,f3a12f0a37671b5ba2ec10b7a6c475fc45793bb4c0a736a29029df2912018f05,student_t_df4,student_t_df5,0.1344300757120586,0.9126534892942506,-100.51695970956689
ranking_proportional_repaired,ranking,repaired,337.1611693795974,-218.24673688336094,-156.99416488953256,157.03165180997863,310.75119901298854,1.0,False,False,False,False,False,False,False,0.4252761109743977,0.41731036270383504,0.15741352632176728,False,LHS-02-001,2026071902,c941c02fb46c65f20ad82ea3237c1e351fffc969ec490c47ef71934c10419327,student_t_df4,student_t_df5,0.1344300757120586,0.9126534892942506,-113.29372146886257
expected_profit,economic_plus_operational,optimal,346.51456437858667,-187.6798780423693,-104.66790480826225,104.71870860531764,376.6182806035676,1.0,True,False,False,False,False,False,False,0.7552081071082861,0.11887520388426867,0.1259166890074452,False,LHS-02-001,2026071902,c941c02fb46c65f20ad82ea3237c1e351fffc969ec490c47ef71934c10419327,student_t_df4,student_t_df5,0.1344300757120586,0.9126534892942506,-113.29372146886257
mean_variance,variance_penalty,optimal,346.51456437858667,-187.6798780423693,-104.66790480826225,104.71870860531764,376.6182806035676,1.0,True,False,False,False,False,False,False,0.7552081071082861,0.11887520388426867,0.1259166890074452,False,LHS-02-001,2026071902,c941c02fb46c65f20ad82ea3237c1e351fffc969ec490c47ef71934c10419327,student_t_df4,student_t_df5,0.1344300757120586,0.9126534892942506,-113.29372146886257
loss_CVaR,economic_operational_plus_CVaR,optimal,346.26837047346066,-192.50526956983262,-113.29372146886475,113.34219938424714,369.1655105637809,1.0,False,False,False,False,False,False,False,0.7162087871721969,0.15787452382035783,0.1259166890074452,False,LHS-02-001,2026071902,c941c02fb46c65f20ad82ea3237c1e351fffc969ec490c47ef71934c10419327,student_t_df4,student_t_df5,0.1344300757120586,0.9126534892942506,-113.29372146886257
ranking_proportional_repaired,ranking,repaired,337.2202382035122,-218.62485179571493,-153.4479933881454,153.48788199406866,310.75119901298854,1.0,False,False,False,False,False,False,False,0.4252761109743977,0.41731036270383504,0.15741352632176728,False,LHS-02-001,2026071903,48ff0033b2da2a90ab75f33c1fad579ad5f51bfd312620a45777e66b1cd89848,student_t_df4,student_t_df5,0.1344300757120586,0.9126534892942506,-107.91312056029459
expected_profit,economic_plus_operational,optimal,347.4236788814439,-184.2944498061346,-98.92521485655035,98.97746131110605,376.6182806035676,1.0,True,False,False,False,False,False,False,0.7552081071082861,0.11887520388426867,0.1259166890074452,False,LHS-02-001,2026071903,48ff0033b2da2a90ab75f33c1fad579ad5f51bfd312620a45777e66b1cd89848,student_t_df4,student_t_df5,0.1344300757120586,0.9126534892942506,-107.91312056029459
mean_variance,variance_penalty,optimal,347.42367888689427,-184.2944498094617,-98.92521485929626,98.9774613138523,376.61828060859455,1.0000000000161666,True,False,False,False,False,False,False,0.7552081071151809,0.1188752038909888,0.12591668900999692,False,LHS-02-001,2026071903,48ff0033b2da2a90ab75f33c1fad579ad5f51bfd312620a45777e66b1cd89848,student_t_df4,student_t_df5,0.1344300757120586,0.9126534892942506,-107.91312056029459
loss_CVaR,economic_operational_plus_CVaR,optimal,347.0694004216367,-190.387060400126,-107.91312056029679,107.96359507787231,369.12908112300795,1.0,False,False,False,False,False,False,False,0.7160181569222075,0.1580651540703472,0.1259166890074452,False,LHS-02-001,2026071903,48ff0033b2da2a90ab75f33c1fad579ad5f51bfd312620a45777e66b1cd89848,student_t_df4,student_t_df5,0.1344300757120586,0.9126534892942506,-107.91312056029459
ranking_proportional_repaired,ranking,repaired,334.5546764922893,-215.49542013303244,-150.15667031282746,150.19665799721074,310.75119901298854,1.0,False,False,False,False,False,False,False,0.4252761109743977,0.41731036270383504,0.15741352632176728,False,LHS-02-001,2026071904,87fe5b5c495abfb2f22be384334fac31f25959480009686f3f530f7a98cfc853,student_t_df4,student_t_df5,0.1344300757120586,0.9126534892942506,-103.8458611703737
expected_profit,economic_plus_operational,optimal,344.17517068203284,-182.42660472661092,-94.70479719485546,94.75848343713531,376.6182806035676,1.0,True,False,False,False,False,False,False,0.7552081071082861,0.11887520388426867,0.1259166890074452,False,LHS-02-001,2026071904,87fe5b5c495abfb2f22be384334fac31f25959480009686f3f530f7a98cfc853,student_t_df4,student_t_df5,0.1344300757120586,0.9126534892942506,-103.8458611703737
mean_variance,variance_penalty,optimal,344.17517068345524,-182.42660472768614,-94.70479719556533,94.75848343784544,376.6182806048881,1.000000000004252,True,False,False,False,False,False,False,0.7552081071100905,0.11887520388604671,0.12591668900811473,False,LHS-02-001,2026071904,87fe5b5c495abfb2f22be384334fac31f25959480009686f3f530f7a98cfc853,student_t_df4,student_t_df5,0.1344300757120586,0.9126534892942506,-103.8458611703737
loss_CVaR,economic_operational_plus_CVaR,optimal,343.8858102555355,-188.56183200723854,-103.84586117037595,103.89770782360043,369.08561845877426,1.0,False,False,False,False,False,False,False,0.7157907227817903,0.1582925882107644,0.1259166890074452,False,LHS-02-001,2026071904,87fe5b5c495abfb2f22be384334fac31f25959480009686f3f530f7a98cfc853,student_t_df4,student_t_df5,0.1344300757120586,0.9126534892942506,-103.8458611703737
ranking_proportional_repaired,ranking,repaired,335.96346292036645,-219.48408394525094,-151.03132713759243,151.0732206118619,310.75119901298854,1.0,False,False,False,False,False,False,False,0.4252761109743977,0.41731036270383504,0.15741352632176728,False,LHS-02-001,2026071905,d4863f71dada74091fa6772fc44b63082070ea1011dade9c37e74c733b8d5b6d,student_t_df4,student_t_df5,0.1344300757120586,0.9126534892942506,-103.92791020303275
expected_profit,economic_plus_operational,optimal,344.5866056175761,-184.14310001111244,-94.630397254385,94.68517953467016,376.6182806035676,1.0,True,False,False,False,False,False,False,0.7552081071082861,0.11887520388426867,0.1259166890074452,False,LHS-02-001,2026071905,d4863f71dada74091fa6772fc44b63082070ea1011dade9c37e74c733b8d5b6d,student_t_df4,student_t_df5,0.1344300757120586,0.9126534892942506,-103.92791020303275
mean_variance,variance_penalty,optimal,344.5866056175761,-184.14310001111244,-94.630397254385,94.68517953467016,376.6182806035676,1.0,True,False,False,False,False,False,False,0.7552081071082861,0.11887520388426867,0.1259166890074452,False,LHS-02-001,2026071905,d4863f71dada74091fa6772fc44b63082070ea1011dade9c37e74c733b8d5b6d,student_t_df4,student_t_df5,0.1344300757120586,0.9126534892942506,-103.92791020303275
loss_CVaR,economic_operational_plus_CVaR,optimal,344.419838752418,-190.98978827296062,-103.92791020303495,103.98119256475225,368.94059225522506,1.0,False,False,False,False,False,False,False,0.7150318206177444,0.1590514903748104,0.1259166890074452,False,LHS-02-001,2026071905,d4863f71dada74091fa6772fc44b63082070ea1011dade9c37e74c733b8d5b6d,student_t_df4,student_t_df5,0.1344300757120586,0.9126534892942506,-103.92791020303275
ranking_proportional_repaired,ranking,repaired,336.20021934896334,-203.506853116934,-174.80068380132593,174.81812133787756,310.75119901298854,1.0,True,False,False,False,False,False,False,0.4252761109743977,0.41731036270383504,0.15741352632176728,False,LHS-02-002,2026071901,ce5f51492535726698104ec9df8f6e4326dcb85524bff1c95f5e6099960abde9,student_t_df4,empirical_resample,0.15377149944859766,0.9279437970796991,-183.11016575041634
expected_profit,economic_plus_operational,optimal,372.04362272251154,-223.82237930940718,-191.12871396908258,191.14857370648295,327.7961409988986,1.0,False,False,False,False,False,False,False,0.44234762961821505,0.5543373992151667,0.0033149711666182434,True,LHS-02-002,2026071901,ce5f51492535726698104ec9df8f6e4326dcb85524bff1c95f5e6099960abde9,student_t_df4,empirical_resample,0.15377149944859766,0.9279437970796991,-183.11016575041634
mean_variance,variance_penalty,optimal,372.04362272251154,-223.82237930940718,-191.12871396908258,191.14857370648295,327.7961409988986,1.0,False,False,False,False,False,False,False,0.44234762961821505,0.5543373992151667,0.0033149711666182434,True,LHS-02-002,2026071901,ce5f51492535726698104ec9df8f6e4326dcb85524bff1c95f5e6099960abde9,student_t_df4,empirical_resample,0.15377149944859766,0.9279437970796991,-183.11016575041634
loss_CVaR,economic_operational_plus_CVaR,optimal,372.04362272251154,-223.82237930940718,-191.12871396908258,191.14857370648295,327.7961409988986,1.0,False,False,False,False,False,False,False,0.44234762961821505,0.5543373992151667,0.0033149711666182434,True,LHS-02-002,2026071901,ce5f51492535726698104ec9df8f6e4326dcb85524bff1c95f5e6099960abde9,student_t_df4,empirical_resample,0.15377149944859766,0.9279437970796991,-183.11016575041634
ranking_proportional_repaired,ranking,repaired,336.57212648048164,-203.2842726311306,-174.09573005456954,174.11346060832165,310.75119901298854,1.0,True,False,False,False,False,False,False,0.4252761109743977,0.41731036270383504,0.15741352632176728,False,LHS-02-002,2026071902,474f41a1fe2485473ffba70c1cbb6154335db3fdaa839ca62c79ffeeb31994c8,student_t_df4,empirical_resample,0.15377149944859766,0.9279437970796991,-181.9089460145405
expected_profit,economic_plus_operational,optimal,372.4743764883239,-223.59220218162773,-189.4486036372083,189.46934413522027,327.7961409988986,1.0,False,False,False,False,False,False,False,0.44234762961821505,0.5543373992151667,0.0033149711666182434,True,LHS-02-002,2026071902,474f41a1fe2485473ffba70c1cbb6154335db3fdaa839ca62c79ffeeb31994c8,student_t_df4,empirical_resample,0.15377149944859766,0.9279437970796991,-181.9089460145405
mean_variance,variance_penalty,optimal,372.47437649100766,-223.59220218316804,-189.44860363860315,189.4693441366152,327.79614100137485,1.000000000007966,False,False,False,False,False,False,False,0.44234762962160185,0.554337399218503,0.0033149711678613354,True,LHS-02-002,2026071902,474f41a1fe2485473ffba70c1cbb6154335db3fdaa839ca62c79ffeeb31994c8,student_t_df4,empirical_resample,0.15377149944859766,0.9279437970796991,-181.9089460145405
loss_CVaR,economic_operational_plus_CVaR,optimal,372.4743764883239,-223.59220218162773,-189.4486036372083,189.46934413522027,327.7961409988986,1.0,False,False,False,False,False,False,False,0.44234762961821505,0.5543373992151667,0.0033149711666182434,True,LHS-02-002,2026071902,474f41a1fe2485473ffba70c1cbb6154335db3fdaa839ca62c79ffeeb31994c8,student_t_df4,empirical_resample,0.15377149944859766,0.9279437970796991,-181.9089460145405
ranking_proportional_repaired,ranking,repaired,336.7405729816455,-205.17721602627358,-175.93550095395742,175.95326380729392,310.75119901298854,1.0,True,False,False,False,False,False,False,0.4252761109743977,0.41731036270383504,0.15741352632176728,False,LHS-02-002,2026071903,2a4768ac5d59a12ca4b0f08ff3bdbfd26934be1abfb1f25433b9f8b1ac002474,student_t_df4,empirical_resample,0.15377149944859766,0.9279437970796991,-184.22165727779847
expected_profit,economic_plus_operational,optimal,372.4631238021743,-224.6725811429169,-192.21769655403747,192.23741124428662,327.7961409988986,1.0,False,False,False,False,False,False,False,0.44234762961821505,0.5543373992151667,0.0033149711666182434,True,LHS-02-002,2026071903,2a4768ac5d59a12ca4b0f08ff3bdbfd26934be1abfb1f25433b9f8b1ac002474,student_t_df4,empirical_resample,0.15377149944859766,0.9279437970796991,-184.22165727779847
mean_variance,variance_penalty,optimal,372.4631238088813,-224.67258114735841,-192.21769655755804,192.23741124780773,327.79614100509013,1.0000000000199005,False,False,False,False,False,False,False,0.4423476296267065,0.5543373992234665,0.003314971169727561,True,LHS-02-002,2026071903,2a4768ac5d59a12ca4b0f08ff3bdbfd26934be1abfb1f25433b9f8b1ac002474,student_t_df4,empirical_resample,0.15377149944859766,0.9279437970796991,-184.22165727779847
loss_CVaR,economic_operational_plus_CVaR,optimal,372.4631238021743,-224.6725811429169,-192.21769655403747,192.23741124428662,327.7961409988986,1.0,False,False,False,False,False,False,False,0.44234762961821505,0.5543373992151667,0.0033149711666182434,True,LHS-02-002,2026071903,2a4768ac5d59a12ca4b0f08ff3bdbfd26934be1abfb1f25433b9f8b1ac002474,student_t_df4,empirical_resample,0.15377149944859766,0.9279437970796991,-184.22165727779847
ranking_proportional_repaired,ranking,repaired,333.57096523715455,-201.4456660623188,-173.38937420317137,173.40641697225064,310.75119901298854,1.0,True,False,False,False,False,False,False,0.4252761109743977,0.41731036270383504,0.15741352632176728,False,LHS-02-002,2026071904,90629443e558167cdd0544c0c6c91dec65720b6dd1fa15231d8a62bc79d5a862,student_t_df4,empirical_resample,0.15377149944859766,0.9279437970796991,-181.43444857853606
expected_profit,economic_plus_operational,optimal,369.0338257053173,-220.35228876498053,-189.19784672981064,189.21677146740836,327.7961409988986,1.0,False,False,False,False,False,False,False,0.44234762961821505,0.5543373992151667,0.0033149711666182434,True,LHS-02-002,2026071904,90629443e558167cdd0544c0c6c91dec65720b6dd1fa15231d8a62bc79d5a862,student_t_df4,empirical_resample,0.15377149944859766,0.9279437970796991,-181.43444857853606
mean_variance,variance_penalty,optimal,369.0338257053173,-220.35228876498053,-189.19784672981064,189.21677146740836,327.7961409988986,1.0,False,False,False,False,False,False,False,0.44234762961821505,0.5543373992151667,0.0033149711666182434,True,LHS-02-002,2026071904,90629443e558167cdd0544c0c6c91dec65720b6dd1fa15231d8a62bc79d5a862,student_t_df4,empirical_resample,0.15377149944859766,0.9279437970796991,-181.43444857853606
loss_CVaR,economic_operational_plus_CVaR,optimal,369.0338257053173,-220.35228876498053,-189.19784672981064,189.21677146740836,327.7961409988986,1.0,False,False,False,False,False,False,False,0.44234762961821505,0.5543373992151667,0.0033149711666182434,True,LHS-02-002,2026071904,90629443e558167cdd0544c0c6c91dec65720b6dd1fa15231d8a62bc79d5a862,student_t_df4,empirical_resample,0.15377149944859766,0.9279437970796991,-181.43444857853606
ranking_proportional_repaired,ranking,repaired,335.9754745267772,-203.2373036843371,-174.5800358095008,174.5974436409165,310.75119901298854,1.0,True,False,False,False,False,False,False,0.4252761109743977,0.41731036270383504,0.15741352632176728,False,LHS-02-002,2026071905,9aa4d71ae60d06f81d0f0e4e75bf20aaa824681f1c3668d50a6350f8054e3bd6,student_t_df4,empirical_resample,0.15377149944859766,0.9279437970796991,-182.96423441148193
expected_profit,economic_plus_operational,optimal,371.9033108304287,-224.71773902114836,-191.05488328426983,191.07533175549878,327.7961409988986,1.0,False,False,False,False,False,False,False,0.44234762961821505,0.5543373992151667,0.0033149711666182434,True,LHS-02-002,2026071905,9aa4d71ae60d06f81d0f0e4e75bf20aaa824681f1c3668d50a6350f8054e3bd6,student_t_df4,empirical_resample,0.15377149944859766,0.9279437970796991,-182.96423441148193
mean_variance,variance_penalty,optimal,371.9033108304287,-224.71773902114836,-191.05488328426983,191.07533175549878,327.7961409988986,1.0,False,False,False,False,False,False,False,0.44234762961821505,0.5543373992151667,0.0033149711666182434,True,LHS-02-002,2026071905,9aa4d71ae60d06f81d0f0e4e75bf20aaa824681f1c3668d50a6350f8054e3bd6,student_t_df4,empirical_resample,0.15377149944859766,0.9279437970796991,-182.96423441148193
loss_CVaR,economic_operational_plus_CVaR,optimal,371.9033108304287,-224.71773902114836,-191.05488328426983,191.07533175549878,327.7961409988986,1.0,False,False,False,False,False,False,False,0.44234762961821505,0.5543373992151667,0.0033149711666182434,True,LHS-02-002,2026071905,9aa4d71ae60d06f81d0f0e4e75bf20aaa824681f1c3668d50a6350f8054e3bd6,student_t_df4,empirical_resample,0.15377149944859766,0.9279437970796991,-182.96423441148193
ranking_proportional_repaired,ranking,repaired,327.73401764625714,-159.91962098541538,-105.08027145062727,105.10322146336489,299.92106803304375,1.0,True,False,False,False,False,False,False,0.386671523464792,0.41731036270383487,0.1960181138313732,True,LHS-02-003,2026071901,009cdb671d7c62aaf71c7f4cf62505b6118f622a635434d764d462222df27cc0,student_t_df4,gaussian,0.383159542132026,0.940624858623747,-119.91621239261676
expected_profit,economic_plus_operational,optimal,369.5450198706913,-183.40661789827536,-124.4006704952217,124.42536420978952,316.11054218446543,1.0,False,False,False,False,False,False,False,0.386671523464792,0.598319689083773,0.015008787451435062,True,LHS-02-003,2026071901,009cdb671d7c62aaf71c7f4cf62505b6118f622a635434d764d462222df27cc0,student_t_df4,gaussian,0.383159542132026,0.940624858623747,-119.91621239261676
mean_variance,variance_penalty,optimal,369.5450198706913,-183.40661789827536,-124.4006704952217,124.42536420978952,316.11054218446543,1.0,False,False,False,False,False,False,False,0.386671523464792,0.598319689083773,0.015008787451435062,True,LHS-02-003,2026071901,009cdb671d7c62aaf71c7f4cf62505b6118f622a635434d764d462222df27cc0,student_t_df4,gaussian,0.383159542132026,0.940624858623747,-119.91621239261676
loss_CVaR,economic_operational_plus_CVaR,optimal,369.5450198706913,-183.40661789827536,-124.4006704952217,124.42536420978952,316.11054218446543,1.0,False,False,False,False,False,False,False,0.386671523464792,0.598319689083773,0.015008787451435062,True,LHS-02-003,2026071901,009cdb671d7c62aaf71c7f4cf62505b6118f622a635434d764d462222df27cc0,student_t_df4,gaussian,0.383159542132026,0.940624858623747,-119.91621239261676
ranking_proportional_repaired,ranking,repaired,328.4287296146564,-157.56593935490187,-107.27099187342407,107.29204007503715,299.92106803304375,1.0,True,False,False,False,False,False,False,0.386671523464792,0.41731036270383487,0.1960181138313732,True,LHS-02-003,2026071902,7249a5f946c2e1960713397086b13633689cfbcfa51c55672d6aa6e9e51ae4b7,student_t_df4,gaussian,0.383159542132026,0.940624858623747,-120.77627627388918
expected_profit,economic_plus_operational,optimal,370.29649579011544,-181.26542245317484,-124.85851698207634,124.88212300968304,316.11054218446543,1.0,False,False,False,False,False,False,False,0.386671523464792,0.598319689083773,0.015008787451435062,True,LHS-02-003,2026071902,7249a5f946c2e1960713397086b13633689cfbcfa51c55672d6aa6e9e51ae4b7,student_t_df4,gaussian,0.383159542132026,0.940624858623747,-120.77627627388918
mean_variance,variance_penalty,optimal,370.29649579011544,-181.26542245317484,-124.85851698207634,124.88212300968304,316.11054218446543,1.0,False,False,False,False,False,False,False,0.386671523464792,0.598319689083773,0.015008787451435062,True,LHS-02-003,2026071902,7249a5f946c2e1960713397086b13633689cfbcfa51c55672d6aa6e9e51ae4b7,student_t_df4,gaussian,0.383159542132026,0.940624858623747,-120.77627627388918
loss_CVaR,economic_operational_plus_CVaR,optimal,370.29649579011544,-181.26542245317484,-124.85851698207634,124.88212300968304,316.11054218446543,1.0,False,False,False,False,False,False,False,0.386671523464792,0.598319689083773,0.015008787451435062,True,LHS-02-003,2026071902,7249a5f946c2e1960713397086b13633689cfbcfa51c55672d6aa6e9e51ae4b7,student_t_df4,gaussian,0.383159542132026,0.940624858623747,-120.77627627388918
ranking_proportional_repaired,ranking,repaired,328.8392328752938,-161.88785076939092,-108.54880775166754,108.57112989310531,299.92106803304375,1.0,True,False,False,False,False,False,False,0.386671523464792,0.41731036270383487,0.1960181138313732,True,LHS-02-003,2026071903,9fc1f355f2e225e896dbc3899c29af8eae0a5f77aa658f2e56033f0c0bf2ee3d,student_t_df4,gaussian,0.383159542132026,0.940624858623747,-123.47168576648342
expected_profit,economic_plus_operational,optimal,370.5247962209967,-186.70551530655337,-127.98242232774344,128.00699766905018,316.11054218446543,1.0,False,False,False,False,False,False,False,0.386671523464792,0.598319689083773,0.015008787451435062,True,LHS-02-003,2026071903,9fc1f355f2e225e896dbc3899c29af8eae0a5f77aa658f2e56033f0c0bf2ee3d,student_t_df4,gaussian,0.383159542132026,0.940624858623747,-123.47168576648342
mean_variance,variance_penalty,optimal,370.5247962209967,-186.70551530655337,-127.98242232774344,128.00699766905018,316.11054218446543,1.0,False,False,False,False,False,False,False,0.386671523464792,0.598319689083773,0.015008787451435062,True,LHS-02-003,2026071903,9fc1f355f2e225e896dbc3899c29af8eae0a5f77aa658f2e56033f0c0bf2ee3d,student_t_df4,gaussian,0.383159542132026,0.940624858623747,-123.47168576648342
loss_CVaR,economic_operational_plus_CVaR,optimal,370.5247962209967,-186.70551530655337,-127.98242232774344,128.00699766905018,316.11054218446543,1.0,False,False,False,False,False,False,False,0.386671523464792,0.598319689083773,0.015008787451435062,True,LHS-02-003,2026071903,9fc1f355f2e225e896dbc3899c29af8eae0a5f77aa658f2e56033f0c0bf2ee3d,student_t_df4,gaussian,0.383159542132026,0.940624858623747,-123.47168576648342
ranking_proportional_repaired,ranking,repaired,324.9644580856898,-158.11149275430685,-107.18425129181531,107.20556410551886,299.92106803304375,1.0,True,False,False,False,False,False,False,0.386671523464792,0.41731036270383487,0.1960181138313732,True,LHS-02-003,2026071904,a3cbb9994c84554bce2be8bab049b87402ec7ef764f76f2dda45f46bc0af12c4,student_t_df4,gaussian,0.383159542132026,0.940624858623747,-121.48275455830539
expected_profit,economic_plus_operational,optimal,366.3412776043441,-179.2467112043863,-125.80476143870864,125.82712664614183,316.11054218446543,1.0,False,False,False,False,False,False,False,0.386671523464792,0.598319689083773,0.015008787451435062,True,LHS-02-003,2026071904,a3cbb9994c84554bce2be8bab049b87402ec7ef764f76f2dda45f46bc0af12c4,student_t_df4,gaussian,0.383159542132026,0.940624858623747,-121.48275455830539
mean_variance,variance_penalty,optimal,366.3412776043441,-179.2467112043863,-125.80476143870864,125.82712664614183,316.11054218446543,1.0,False,False,False,False,False,False,False,0.386671523464792,0.598319689083773,0.015008787451435062,True,LHS-02-003,2026071904,a3cbb9994c84554bce2be8bab049b87402ec7ef764f76f2dda45f46bc0af12c4,student_t_df4,gaussian,0.383159542132026,0.940624858623747,-121.48275455830539
loss_CVaR,economic_operational_plus_CVaR,optimal,366.3412776043441,-179.2467112043863,-125.80476143870864,125.82712664614183,316.11054218446543,1.0,False,False,False,False,False,False,False,0.386671523464792,0.598319689083773,0.015008787451435062,True,LHS-02-003,2026071904,a3cbb9994c84554bce2be8bab049b87402ec7ef764f76f2dda45f46bc0af12c4,student_t_df4,gaussian,0.383159542132026,0.940624858623747,-121.48275455830539
ranking_proportional_repaired,ranking,repaired,327.99118861790316,-160.94239132710476,-107.74564654060454,107.76790913089431,299.92106803304375,1.0,True,False,False,False,False,False,False,0.386671523464792,0.41731036270383487,0.1960181138313732,True,LHS-02-003,2026071905,f445fac78b657de51cefafa6f8328c3cd30fd6d32bb472093a53c356cad0d815,student_t_df4,gaussian,0.383159542132026,0.940624858623747,-122.16085065135552
expected_profit,economic_plus_operational,optimal,369.9527683988749,-185.39550655842677,-126.51813268206254,126.5427725892074,316.11054218446543,1.0,False,False,False,False,False,False,False,0.386671523464792,0.598319689083773,0.015008787451435062,True,LHS-02-003,2026071905,f445fac78b657de51cefafa6f8328c3cd30fd6d32bb472093a53c356cad0d815,student_t_df4,gaussian,0.383159542132026,0.940624858623747,-122.16085065135552
mean_variance,variance_penalty,optimal,369.9527684006125,-185.39550655937092,-126.518132682626,126.542772589771,316.1105421860664,1.0000000000051503,False,False,False,False,False,False,False,0.38667152346698297,0.5983196890859258,0.015008787452241637,True,LHS-02-003,2026071905,f445fac78b657de51cefafa6f8328c3cd30fd6d32bb472093a53c356cad0d815,student_t_df4,gaussian,0.383159542132026,0.940624858623747,-122.16085065135552
loss_CVaR,economic_operational_plus_CVaR,optimal,369.9527683988749,-185.39550655842677,-126.51813268206254,126.5427725892074,316.11054218446543,1.0,False,False,False,False,False,False,False,0.386671523464792,0.598319689083773,0.015008787451435062,True,LHS-02-003,2026071905,f445fac78b657de51cefafa6f8328c3cd30fd6d32bb472093a53c356cad0d815,student_t_df4,gaussian,0.383159542132026,0.940624858623747,-122.16085065135552
ranking_proportional_repaired,ranking,repaired,336.07105557691466,-171.56118711313235,-100.56188974753877,100.57476366063531,310.75119901298854,1.0,False,False,False,False,False,False,False,0.4252761109743977,0.41731036270383504,0.15741352632176728,False,LHS-02-004,2026071901,d3a48715ee501550735bde812931158f19f4c84c4c14bd18c0e709d18e009b7d,student_t_df4,student_t_df5,0.11767720906131404,0.9580076156295924,-66.01708950717992
expected_profit,economic_plus_operational,optimal,372.48386922238285,-116.56580582063366,-5.850957612045832,5.8710329281013225,410.8567789916734,1.0,True,False,False,False,False,False,False,0.880443051063238,0.10886947055447882,0.010687478382283214,False,LHS-02-004,2026071901,d3a48715ee501550735bde812931158f19f4c84c4c14bd18c0e709d18e009b7d,student_t_df4,student_t_df5,0.11767720906131404,0.9580076156295924,-66.01708950717992
mean_variance,variance_penalty,optimal,372.48386922639787,-116.56580582228392,-5.850957613515746,5.871032929571278,410.8567789953825,1.0000000000119518,True,False,False,False,False,False,False,0.8804430510682982,0.1088694705594824,0.010687478384171067,False,LHS-02-004,2026071901,d3a48715ee501550735bde812931158f19f4c84c4c14bd18c0e709d18e009b7d,student_t_df4,student_t_df5,0.11767720906131404,0.9580076156295924,-66.01708950717992
loss_CVaR,economic_operational_plus_CVaR,optimal,371.2453011366722,-158.91417570935107,-66.01708950717855,66.03393402619582,370.4474793923067,1.0,False,False,False,False,False,False,False,0.6689867475605342,0.3203257740571825,0.010687478382283214,False,LHS-02-004,2026071901,d3a48715ee501550735bde812931158f19f4c84c4c14bd18c0e709d18e009b7d,student_t_df4,student_t_df5,0.11767720906131404,0.9580076156295924,-66.01708950717992
ranking_proportional_repaired,ranking,repaired,337.135155964463,-176.47743248947015,-114.93392139642214,114.94508074366732,310.75119901298854,1.0,False,False,False,False,False,False,False,0.4252761109743977,0.41731036270383504,0.15741352632176728,False,LHS-02-004,2026071902,e9e43b222f6308ef46bb8daaf6aea442c8f97dc7bc54ec15dafb1f74e010bf70,student_t_df4,student_t_df5,0.11767720906131404,0.9580076156295924,-83.17397697904114
expected_profit,economic_plus_operational,optimal,373.86533073580944,-123.40435970877739,-27.858184399473956,27.875509263286386,410.8567789916734,1.0,True,False,False,False,False,False,False,0.880443051063238,0.10886947055447882,0.010687478382283214,False,LHS-02-004,2026071902,e9e43b222f6308ef46bb8daaf6aea442c8f97dc7bc54ec15dafb1f74e010bf70,student_t_df4,student_t_df5,0.11767720906131404,0.9580076156295924,-83.17397697904114
mean_variance,variance_penalty,optimal,373.8653307436136,-123.40435971233379,-27.858184402766767,27.875509266579247,410.8567789988807,1.0000000000231524,True,False,False,False,False,False,False,0.880443051073154,0.10886947056406297,0.010687478385935319,False,LHS-02-004,2026071902,e9e43b222f6308ef46bb8daaf6aea442c8f97dc7bc54ec15dafb1f74e010bf70,student_t_df4,student_t_df5,0.11767720906131404,0.9580076156295924,-83.17397697904114
loss_CVaR,economic_operational_plus_CVaR,optimal,372.6272734625469,-160.77955240926443,-83.17397697904008,83.1880487722967,373.22236106667134,1.0000000000000013,False,False,False,False,False,False,False,0.6835073214713888,0.3058052001463292,0.010687478382283214,False,LHS-02-004,2026071902,e9e43b222f6308ef46bb8daaf6aea442c8f97dc7bc54ec15dafb1f74e010bf70,student_t_df4,student_t_df5,0.11767720906131404,0.9580076156295924,-83.17397697904114
ranking_proportional_repaired,ranking,repaired,337.19146659114955,-177.1548802460821,-107.94952565101889,107.96207427831422,310.75119901298854,1.0,False,False,False,False,False,False,False,0.4252761109743977,0.41731036270383504,0.15741352632176728,False,LHS-02-004,2026071903,bcf1ed7162ff353972723753b264cfeded1f035eeebae87fd10590247257e05f,student_t_df4,student_t_df5,0.11767720906131404,0.9580076156295924,-75.73099276258648
expected_profit,economic_plus_operational,optimal,374.94526860993125,-121.51832454779371,-19.616483900311366,19.634961202053056,410.8567789916734,1.0,True,False,False,False,False,False,False,0.880443051063238,0.10886947055447882,0.010687478382283214,False,LHS-02-004,2026071903,bcf1ed7162ff353972723753b264cfeded1f035eeebae87fd10590247257e05f,student_t_df4,student_t_df5,0.11767720906131404,0.9580076156295924,-75.73099276258648
mean_variance,variance_penalty,optimal,374.9452686121365,-121.51832454841866,-19.616483901191884,19.634961202933507,410.8567789937015,1.000000000006545,True,False,False,False,False,False,False,0.8804430510659944,0.10886947055723083,0.01068747838331969,False,LHS-02-004,2026071903,bcf1ed7162ff353972723753b264cfeded1f035eeebae87fd10590247257e05f,student_t_df4,student_t_df5,0.11767720906131404,0.9580076156295924,-75.73099276258648
loss_CVaR,economic_operational_plus_CVaR,optimal,373.0515155045697,-164.36093444591683,-75.73099276258503,75.74706354369582,370.8842856574467,1.0,False,False,False,False,False,False,False,0.6712724946308639,0.31804002698685285,0.010687478382283214,False,LHS-02-004,2026071903,bcf1ed7162ff353972723753b264cfeded1f035eeebae87fd10590247257e05f,student_t_df4,student_t_df5,0.11767720906131404,0.9580076156295924,-75.73099276258648
ranking_proportional_repaired,ranking,repaired,334.5797176312376,-173.3162116865651,-103.8175530273348,103.83015483784703,310.75119901298854,1.0,False,False,False,False,False,False,False,0.4252761109743977,0.41731036270383504,0.15741352632176728,False,LHS-02-004,2026071904,a93f5e702ce8d3159015688750993b1c9342a7bc9a1b0b7fb38b6391ab77cb1c,student_t_df4,student_t_df5,0.11767720906131404,0.9580076156295924,-68.81929792121034
expected_profit,economic_plus_operational,optimal,371.4657325087814,-123.50156767383243,-7.863390862453528,7.8843588986757,410.8567789916734,1.0,True,False,False,False,False,False,False,0.880443051063238,0.10886947055447882,0.010687478382283214,False,LHS-02-004,2026071904,a93f5e702ce8d3159015688750993b1c9342a7bc9a1b0b7fb38b6391ab77cb1c,student_t_df4,student_t_df5,0.11767720906131404,0.9580076156295924,-68.81929792121034
mean_variance,variance_penalty,optimal,371.4657325087814,-123.50156767383243,-7.863390862453528,7.8843588986757,410.8567789916734,1.0,True,False,False,False,False,False,False,0.880443051063238,0.10886947055447882,0.010687478382283214,False,LHS-02-004,2026071904,a93f5e702ce8d3159015688750993b1c9342a7bc9a1b0b7fb38b6391ab77cb1c,student_t_df4,student_t_df5,0.11767720906131404,0.9580076156295924,-68.81929792121034
loss_CVaR,economic_operational_plus_CVaR,optimal,369.90056702727395,-162.65671563467328,-68.81929792120906,68.83631294538068,370.24386839239787,1.0,False,False,False,False,False,False,False,0.6679212792198286,0.32139124239788813,0.010687478382283214,False,LHS-02-004,2026071904,a93f5e702ce8d3159015688750993b1c9342a7bc9a1b0b7fb38b6391ab77cb1c,student_t_df4,student_t_df5,0.11767720906131404,0.9580076156295924,-68.81929792121034
ranking_proportional_repaired,ranking,repaired,335.93754858215704,-173.24828146919532,-102.25309197732649,102.26596514556479,310.75119901298854,1.0,False,False,False,False,False,False,False,0.4252761109743977,0.41731036270383504,0.15741352632176728,False,LHS-02-004,2026071905,95a4889637ba6bb01696d77695e4aa7ee9ea4836caf60976d7dcf33e307ed199,student_t_df4,student_t_df5,0.11767720906131404,0.9580076156295924,-69.12527917567076
expected_profit,economic_plus_operational,optimal,371.58916385242554,-119.96309159200554,-11.427091878205985,11.446772115616849,410.8567789916734,1.0,True,False,False,False,False,False,False,0.880443051063238,0.10886947055447882,0.010687478382283214,False,LHS-02-004,2026071905,95a4889637ba6bb01696d77695e4aa7ee9ea4836caf60976d7dcf33e307ed199,student_t_df4,student_t_df5,0.11767720906131404,0.9580076156295924,-69.12527917567076
mean_variance,variance_penalty,optimal,371.58916385242554,-119.96309159200554,-11.427091878205985,11.446772115616849,410.8567789916734,1.0,True,False,False,False,False,False,False,0.880443051063238,0.10886947055447882,0.010687478382283214,False,LHS-02-004,2026071905,95a4889637ba6bb01696d77695e4aa7ee9ea4836caf60976d7dcf33e307ed199,student_t_df4,student_t_df5,0.11767720906131404,0.9580076156295924,-69.12527917567076
loss_CVaR,economic_operational_plus_CVaR,optimal,370.72223266190804,-160.1157652674057,-69.12527917566959,69.14177798134821,370.3552668141555,0.9999999999999993,False,False,False,False,False,False,False,0.6685042118297599,0.3208083097879561,0.010687478382283214,False,LHS-02-004,2026071905,95a4889637ba6bb01696d77695e4aa7ee9ea4836caf60976d7dcf33e307ed199,student_t_df4,student_t_df5,0.11767720906131404,0.9580076156295924,-69.12527917567076
ranking_proportional_repaired,ranking,repaired,336.0271776463644,-140.68371056001055,-135.66459331343074,135.69428282012169,310.75119901298854,1.0,True,False,False,False,False,False,False,0.4252761109743977,0.41731036270383504,0.15741352632176728,False,LHS-02-005,2026071901,51b830696429371ce68cd6d6257cdf0e719d0135f35ad0ee7925dc5f7af0ae77,student_t_df4,empirical_resample,0.5059239392954629,0.9843928699673963,-136.21513198867368
expected_profit,economic_plus_operational,optimal,349.80131548065793,-143.00752896143055,-137.78750930711675,137.8183872087157,331.88083460052576,1.0,False,False,False,False,False,False,False,0.5090444294567247,0.39080400671663945,0.10015156382663588,False,LHS-02-005,2026071901,51b830696429371ce68cd6d6257cdf0e719d0135f35ad0ee7925dc5f7af0ae77,student_t_df4,empirical_resample,0.5059239392954629,0.9843928699673963,-136.21513198867368
mean_variance,variance_penalty,optimal,349.8013154853841,-143.00752896340018,-137.78750930902666,137.81838721062599,331.8808346048927,1.0000000000140519,False,False,False,False,False,False,False,0.5090444294626931,0.39080400672252985,0.10015156382882884,False,LHS-02-005,2026071901,51b830696429371ce68cd6d6257cdf0e719d0135f35ad0ee7925dc5f7af0ae77,student_t_df4,empirical_resample,0.5059239392954629,0.9843928699673963,-136.21513198867368
loss_CVaR,economic_operational_plus_CVaR,optimal,349.80131548065793,-143.00752896143052,-137.78750930711675,137.8183872087157,331.88083460052576,1.0,False,False,False,False,False,False,False,0.5090444294567247,0.3908040067166394,0.10015156382663588,False,LHS-02-005,2026071901,51b830696429371ce68cd6d6257cdf0e719d0135f35ad0ee7925dc5f7af0ae77,student_t_df4,empirical_resample,0.5059239392954629,0.9843928699673963,-136.21513198867368
ranking_proportional_repaired,ranking,repaired,336.67562554303623,-141.45460210025232,-136.08801920766982,136.11976407252737,310.75119901298854,1.0,True,False,False,False,False,False,False,0.4252761109743977,0.41731036270383504,0.15741352632176728,False,LHS-02-005,2026071902,e3c2aec442bf0758cef399d1a5870f918b74ce917bd3eb1279fc2ccf8207e78b,student_t_df4,empirical_resample,0.5059239392954629,0.9843928699673963,-136.62458816354757
expected_profit,economic_plus_operational,optimal,350.46862122716,-143.57673342542097,-138.15706697737576,138.1891258465687,331.88083460052576,1.0,False,False,False,False,False,False,False,0.5090444294567247,0.39080400671663945,0.10015156382663588,False,LHS-02-005,2026071902,e3c2aec442bf0758cef399d1a5870f918b74ce917bd3eb1279fc2ccf8207e78b,student_t_df4,empirical_resample,0.5059239392954629,0.9843928699673963,-136.62458816354757
mean_variance,variance_penalty,optimal,350.46862122716,-143.57673342542097,-138.15706697737576,138.1891258465687,331.88083460052576,1.0,False,False,False,False,False,False,False,0.5090444294567247,0.39080400671663945,0.10015156382663588,False,LHS-02-005,2026071902,e3c2aec442bf0758cef399d1a5870f918b74ce917bd3eb1279fc2ccf8207e78b,student_t_df4,empirical_resample,0.5059239392954629,0.9843928699673963,-136.62458816354757
loss_CVaR,economic_operational_plus_CVaR,optimal,350.46862122716,-143.57673342542094,-138.15706697737573,138.1891258465687,331.88083460052576,1.0,False,False,False,False,False,False,False,0.5090444294567247,0.3908040067166394,0.10015156382663588,False,LHS-02-005,2026071902,e3c2aec442bf0758cef399d1a5870f918b74ce917bd3eb1279fc2ccf8207e78b,student_t_df4,empirical_resample,0.5059239392954629,0.9843928699673963,-136.62458816354757
ranking_proportional_repaired,ranking,repaired,337.17247724936453,-140.81899787778426,-136.18586232942414,136.21326864454,310.75119901298854,1.0,True,False,False,False,False,False,False,0.4252761109743977,0.41731036270383504,0.15741352632176728,False,LHS-02-005,2026071903,2886eed8955c6e886c4619ea3540d2f2af79d2ac0201ecce76df2f488577a3d7,student_t_df4,empirical_resample,0.5059239392954629,0.9843928699673963,-136.74331823381598
expected_profit,economic_plus_operational,optimal,351.0653796312385,-143.25055859024474,-138.33545164698822,138.36452590313914,331.88083460052576,1.0,False,False,False,False,False,False,False,0.5090444294567247,0.39080400671663945,0.10015156382663588,False,LHS-02-005,2026071903,2886eed8955c6e886c4619ea3540d2f2af79d2ac0201ecce76df2f488577a3d7,student_t_df4,empirical_resample,0.5059239392954629,0.9843928699673963,-136.74331823381598
mean_variance,variance_penalty,optimal,351.0653796312385,-143.25055859024474,-138.33545164698822,138.36452590313914,331.88083460052576,1.0,False,False,False,False,False,False,False,0.5090444294567247,0.39080400671663945,0.10015156382663588,False,LHS-02-005,2026071903,2886eed8955c6e886c4619ea3540d2f2af79d2ac0201ecce76df2f488577a3d7,student_t_df4,empirical_resample,0.5059239392954629,0.9843928699673963,-136.74331823381598
loss_CVaR,economic_operational_plus_CVaR,optimal,351.0653796312385,-143.25055859024474,-138.33545164698822,138.36452590313914,331.88083460052576,1.0,False,False,False,False,False,False,False,0.5090444294567247,0.3908040067166394,0.10015156382663588,False,LHS-02-005,2026071903,2886eed8955c6e886c4619ea3540d2f2af79d2ac0201ecce76df2f488577a3d7,student_t_df4,empirical_resample,0.5059239392954629,0.9843928699673963,-136.74331823381598
ranking_proportional_repaired,ranking,repaired,333.27617501316047,-141.229589015655,-136.29459556215636,136.32378745267405,310.75119901298854,1.0,True,False,False,False,False,False,False,0.4252761109743977,0.41731036270383504,0.15741352632176728,False,LHS-02-005,2026071904,9392cf86a772ffb85557d6cc6a124b754b0c2ea976a0d505631803d143ac9a02,student_t_df4,empirical_resample,0.5059239392954629,0.9843928699673963,-136.85261797047076
expected_profit,economic_plus_operational,optimal,346.9830519878942,-143.1658270105506,-138.4463693588348,138.47428629375474,331.88083460052576,1.0,False,False,False,False,False,False,False,0.5090444294567247,0.39080400671663945,0.10015156382663588,False,LHS-02-005,2026071904,9392cf86a772ffb85557d6cc6a124b754b0c2ea976a0d505631803d143ac9a02,student_t_df4,empirical_resample,0.5059239392954629,0.9843928699673963,-136.85261797047076
mean_variance,variance_penalty,optimal,346.9830519878942,-143.1658270105506,-138.4463693588348,138.47428629375474,331.88083460052576,1.0,False,False,False,False,False,False,False,0.5090444294567247,0.39080400671663945,0.10015156382663588,False,LHS-02-005,2026071904,9392cf86a772ffb85557d6cc6a124b754b0c2ea976a0d505631803d143ac9a02,student_t_df4,empirical_resample,0.5059239392954629,0.9843928699673963,-136.85261797047076
loss_CVaR,economic_operational_plus_CVaR,optimal,346.98305198789416,-143.16582701055057,-138.4463693588348,138.47428629375474,331.88083460052576,1.0,False,False,False,False,False,False,False,0.5090444294567247,0.3908040067166394,0.10015156382663588,False,LHS-02-005,2026071904,9392cf86a772ffb85557d6cc6a124b754b0c2ea976a0d505631803d143ac9a02,student_t_df4,empirical_resample,0.5059239392954629,0.9843928699673963,-136.85261797047076
ranking_proportional_repaired,ranking,repaired,336.19136090588177,-141.97628445119065,-136.24232429318022,136.2762422990991,310.75119901298854,1.0,True,False,False,False,False,False,False,0.4252761109743977,0.41731036270383504,0.15741352632176728,False,LHS-02-005,2026071905,b4305b8c444e2bf10c8d6c10eed323022e464b8cc1dca51d09e91e124a4e1089,student_t_df4,empirical_resample,0.5059239392954629,0.9843928699673963,-136.78358696307708
expected_profit,economic_plus_operational,optimal,350.0024585912409,-144.0025800607982,-138.32947135546817,138.36302940772927,331.88083460052576,1.0,False,False,False,False,False,False,False,0.5090444294567247,0.39080400671663945,0.10015156382663588,False,LHS-02-005,2026071905,b4305b8c444e2bf10c8d6c10eed323022e464b8cc1dca51d09e91e124a4e1089,student_t_df4,empirical_resample,0.5059239392954629,0.9843928699673963,-136.78358696307708
mean_variance,variance_penalty,optimal,350.00245859358927,-144.0025800617873,-138.32947135642016,138.3630294086815,331.8808346026957,1.000000000006977,False,False,False,False,False,False,False,0.5090444294596955,0.3908040067195592,0.10015156382772229,False,LHS-02-005,2026071905,b4305b8c444e2bf10c8d6c10eed323022e464b8cc1dca51d09e91e124a4e1089,student_t_df4,empirical_resample,0.5059239392954629,0.9843928699673963,-136.78358696307708
loss_CVaR,economic_operational_plus_CVaR,optimal,350.0024585912409,-144.0025800607982,-138.32947135546814,138.36302940772927,331.88083460052576,1.0,False,False,False,False,False,False,False,0.5090444294567247,0.3908040067166394,0.10015156382663588,False,LHS-02-005,2026071905,b4305b8c444e2bf10c8d6c10eed323022e464b8cc1dca51d09e91e124a4e1089,student_t_df4,empirical_resample,0.5059239392954629,0.9843928699673963,-136.78358696307708
ranking_proportional_repaired,ranking,repaired,336.400339952658,-198.60405987438955,-141.48977742945462,141.5330772313442,310.75119901298854,1.0,True,False,False,False,False,False,False,0.4252761109743977,0.41731036270383504,0.15741352632176728,False,LHS-02-006,2026071901,63a0141f7c04d1751261ba0f1ba58e451b4929652fa4fcaac67edc9e83c450b1,student_t_df4,gaussian,0.2792217142476454,0.9029736139995724,-143.9065589048374
expected_profit,economic_plus_operational,optimal,357.01441156276456,-213.13113794522155,-153.8866059130087,153.93152071172847,314.322139110575,1.0,False,False,False,False,False,False,False,0.40180375160535975,0.530859957907059,0.06733629048758126,True,LHS-02-006,2026071901,63a0141f7c04d1751261ba0f1ba58e451b4929652fa4fcaac67edc9e83c450b1,student_t_df4,gaussian,0.2792217142476454,0.9029736139995724,-143.9065589048374
mean_variance,variance_penalty,optimal,357.01441156516,-213.13113794670244,-153.88660591402436,153.93152071274451,314.3221391127809,1.0000000000071214,False,False,False,False,False,False,False,0.4018037516083513,0.5308599579100679,0.06733629048870227,True,LHS-02-006,2026071901,63a0141f7c04d1751261ba0f1ba58e451b4929652fa4fcaac67edc9e83c450b1,student_t_df4,gaussian,0.2792217142476454,0.9029736139995724,-143.9065589048374
loss_CVaR,economic_operational_plus_CVaR,optimal,357.01441156276456,-213.13113794522155,-153.8866059130087,153.93152071172847,314.322139110575,1.0,False,False,False,False,False,False,False,0.40180375160535975,0.530859957907059,0.06733629048758126,True,LHS-02-006,2026071901,63a0141f7c04d1751261ba0f1ba58e451b4929652fa4fcaac67edc9e83c450b1,student_t_df4,gaussian,0.2792217142476454,0.9029736139995724,-143.9065589048374
ranking_proportional_repaired,ranking,repaired,337.1669792789525,-200.6672476457654,-146.6781613802353,146.71909189077357,310.75119901298854,1.0,True,False,False,False,False,False,False,0.4252761109743977,0.41731036270383504,0.15741352632176728,False,LHS-02-006,2026071902,df8770a1c734f97b614f8ad2d0b9d7fb8776126d386f9b07196a5321d0fcc092,student_t_df4,gaussian,0.2792217142476454,0.9029736139995724,-149.06450483717697
expected_profit,economic_plus_operational,optimal,357.81678533150574,-214.4457102954166,-158.9188587042959,158.9609550341547,314.322139110575,1.0,False,False,False,False,False,False,False,0.40180375160535975,0.530859957907059,0.06733629048758126,True,LHS-02-006,2026071902,df8770a1c734f97b614f8ad2d0b9d7fb8776126d386f9b07196a5321d0fcc092,student_t_df4,gaussian,0.2792217142476454,0.9029736139995724,-149.06450483717697
mean_variance,variance_penalty,optimal,357.81678533150574,-214.4457102954166,-158.9188587042959,158.9609550341547,314.322139110575,1.0,False,False,False,False,False,False,False,0.40180375160535975,0.530859957907059,0.06733629048758126,True,LHS-02-006,2026071902,df8770a1c734f97b614f8ad2d0b9d7fb8776126d386f9b07196a5321d0fcc092,student_t_df4,gaussian,0.2792217142476454,0.9029736139995724,-149.06450483717697
loss_CVaR,economic_operational_plus_CVaR,optimal,357.81678533150574,-214.4457102954166,-158.9188587042959,158.9609550341547,314.322139110575,1.0,False,False,False,False,False,False,False,0.40180375160535975,0.530859957907059,0.06733629048758126,True,LHS-02-006,2026071902,df8770a1c734f97b614f8ad2d0b9d7fb8776126d386f9b07196a5321d0fcc092,student_t_df4,gaussian,0.2792217142476454,0.9029736139995724,-149.06450483717697
ranking_proportional_repaired,ranking,repaired,337.67991944034145,-201.58633972241878,-144.84149180063258,144.8845115247382,310.75119901298854,1.0,True,False,False,False,False,False,False,0.4252761109743977,0.41731036270383504,0.15741352632176728,False,LHS-02-006,2026071903,309967ee37b0a0061c96f3263a08a7750a3e567abd7c7d51f2daf7174732eadc,student_t_df4,gaussian,0.2792217142476454,0.9029736139995724,-147.29564632894883
expected_profit,economic_plus_operational,optimal,358.1548727262352,-215.63513795688547,-157.43002455362193,157.47415134242914,314.322139110575,1.0,False,False,False,False,False,False,False,0.40180375160535975,0.530859957907059,0.06733629048758126,True,LHS-02-006,2026071903,309967ee37b0a0061c96f3263a08a7750a3e567abd7c7d51f2daf7174732eadc,student_t_df4,gaussian,0.2792217142476454,0.9029736139995724,-147.29564632894883
mean_variance,variance_penalty,optimal,358.1548727262352,-215.63513795688547,-157.43002455362193,157.47415134242914,314.322139110575,1.0,False,False,False,False,False,False,False,0.40180375160535975,0.530859957907059,0.06733629048758126,True,LHS-02-006,2026071903,309967ee37b0a0061c96f3263a08a7750a3e567abd7c7d51f2daf7174732eadc,student_t_df4,gaussian,0.2792217142476454,0.9029736139995724,-147.29564632894883
loss_CVaR,economic_operational_plus_CVaR,optimal,358.1548727262352,-215.63513795688547,-157.43002455362193,157.47415134242914,314.322139110575,1.0,False,False,False,False,False,False,False,0.40180375160535975,0.530859957907059,0.06733629048758126,True,LHS-02-006,2026071903,309967ee37b0a0061c96f3263a08a7750a3e567abd7c7d51f2daf7174732eadc,student_t_df4,gaussian,0.2792217142476454,0.9029736139995724,-147.29564632894883
ranking_proportional_repaired,ranking,repaired,334.01367677498047,-198.24705942564606,-142.79764224220713,142.83967986705608,310.75119901298854,1.0,True,False,False,False,False,False,False,0.4252761109743977,0.41731036270383504,0.15741352632176728,False,LHS-02-006,2026071904,f8de67eca1ca14a0cf0d9bd02fa2e903868008f8e2f0a6278b70d61a50836928,student_t_df4,gaussian,0.2792217142476454,0.9029736139995724,-145.0572264681773
expected_profit,economic_plus_operational,optimal,354.4071829734351,-213.3725669109305,-154.3881308233313,154.4328484366468,314.322139110575,1.0,False,False,False,False,False,False,False,0.40180375160535975,0.530859957907059,0.06733629048758126,True,LHS-02-006,2026071904,f8de67eca1ca14a0cf0d9bd02fa2e903868008f8e2f0a6278b70d61a50836928,student_t_df4,gaussian,0.2792217142476454,0.9029736139995724,-145.0572264681773
mean_variance,variance_penalty,optimal,354.4071829734351,-213.3725669109305,-154.3881308233313,154.4328484366468,314.322139110575,1.0,False,False,False,False,False,False,False,0.40180375160535975,0.530859957907059,0.06733629048758126,True,LHS-02-006,2026071904,f8de67eca1ca14a0cf0d9bd02fa2e903868008f8e2f0a6278b70d61a50836928,student_t_df4,gaussian,0.2792217142476454,0.9029736139995724,-145.0572264681773
loss_CVaR,economic_operational_plus_CVaR,optimal,354.4071829734351,-213.3725669109305,-154.3881308233313,154.4328484366468,314.322139110575,1.0,False,False,False,False,False,False,False,0.40180375160535975,0.530859957907059,0.06733629048758126,True,LHS-02-006,2026071904,f8de67eca1ca14a0cf0d9bd02fa2e903868008f8e2f0a6278b70d61a50836928,student_t_df4,gaussian,0.2792217142476454,0.9029736139995724,-145.0572264681773
ranking_proportional_repaired,ranking,repaired,336.1736861839066,-200.7593164141065,-143.53851500464663,143.58189556129432,310.75119901298854,1.0,True,False,False,False,False,False,False,0.4252761109743977,0.41731036270383504,0.15741352632176728,False,LHS-02-006,2026071905,fb185181d34d392053a630be79c2f6ed1ed173e2c6c62ddb60db474cd1f1258c,student_t_df4,gaussian,0.2792217142476454,0.9029736139995724,-146.05647755177833
expected_profit,economic_plus_operational,optimal,356.8131788523594,-215.93811557230148,-156.45434961474967,156.499445782842,314.322139110575,1.0,False,False,False,False,False,False,False,0.40180375160535975,0.530859957907059,0.06733629048758126,True,LHS-02-006,2026071905,fb185181d34d392053a630be79c2f6ed1ed173e2c6c62ddb60db474cd1f1258c,student_t_df4,gaussian,0.2792217142476454,0.9029736139995724,-146.05647755177833
mean_variance,variance_penalty,optimal,356.8131788523594,-215.93811557230148,-156.45434961474967,156.499445782842,314.322139110575,1.0,False,False,False,False,False,False,False,0.40180375160535975,0.530859957907059,0.06733629048758126,True,LHS-02-006,2026071905,fb185181d34d392053a630be79c2f6ed1ed173e2c6c62ddb60db474cd1f1258c,student_t_df4,gaussian,0.2792217142476454,0.9029736139995724,-146.05647755177833
loss_CVaR,economic_operational_plus_CVaR,optimal,356.8131788523594,-215.93811557230148,-156.45434961474967,156.499445782842,314.322139110575,1.0,False,False,False,False,False,False,False,0.40180375160535975,0.530859957907059,0.06733629048758126,True,LHS-02-006,2026071905,fb185181d34d392053a630be79c2f6ed1ed173e2c6c62ddb60db474cd1f1258c,student_t_df4,gaussian,0.2792217142476454,0.9029736139995724,-146.05647755177833
ranking_proportional_repaired,ranking,repaired,336.76092530785985,-153.13968420268228,-64.34970806419688,64.4343685915937,310.75119901298854,1.0,False,False,False,False,False,False,False,0.4252761109743977,0.41731036270383504,0.15741352632176728,False,LHS-02-007,2026071901,5ec42bb64cb8a4ead4ce32d3e1f72cb8605ef1b5f3710af146d54d914827a342,student_t_df4,student_t_df5,0.4512037970931643,0.9520457676135503,-41.86810754363185
expected_profit,economic_plus_operational,optimal,343.49963357699835,-119.681208644205,-14.46360337114416,14.563927510661362,375.9230336203457,1.0,True,False,False,False,False,False,False,0.7574762891859539,0.10398742679022974,0.13853628402381638,False,LHS-02-007,2026071901,5ec42bb64cb8a4ead4ce32d3e1f72cb8605ef1b5f3710af146d54d914827a342,student_t_df4,student_t_df5,0.4512037970931643,0.9520457676135503,-41.86810754363185
mean_variance,variance_penalty,optimal,343.4996335888115,-119.68120864873184,-14.463603373763576,14.563927513282616,375.92303363124705,1.0000000000350686,True,False,False,False,False,False,False,0.757476289200881,0.10398742680486536,0.13853628402932233,False,LHS-02-007,2026071901,5ec42bb64cb8a4ead4ce32d3e1f72cb8605ef1b5f3710af146d54d914827a342,student_t_df4,student_t_df5,0.4512037970931643,0.9520457676135503,-41.86810754363185
loss_CVaR,economic_operational_plus_CVaR,optimal,342.3568093863521,-139.88493414074975,-41.868107543631,41.96156579865441,345.46069817610913,1.0,False,False,False,False,False,False,False,0.5980710801632613,0.2633926358129224,0.13853628402381638,False,LHS-02-007,2026071901,5ec42bb64cb8a4ead4ce32d3e1f72cb8605ef1b5f3710af146d54d914827a342,student_t_df4,student_t_df5,0.4512037970931643,0.9520457676135503,-41.86810754363185
ranking_proportional_repaired,ranking,repaired,337.76739254910984,-152.68179187911053,-73.79415279778793,73.8693715265248,310.75119901298854,1.0,False,False,False,False,False,False,False,0.4252761109743977,0.41731036270383504,0.15741352632176728,False,LHS-02-007,2026071902,6db6d4e2810c7d05c2c16c43f79ce9160f3e38807b80a3476f9bd446528331ac,student_t_df4,student_t_df5,0.4512037970931643,0.9520457676135503,-51.875215824506085
expected_profit,economic_plus_operational,optimal,344.52956013915417,-118.36385894071444,-25.156584328882445,25.24545671480975,375.9230336203457,1.0,True,False,False,False,False,False,False,0.7574762891859539,0.10398742679022974,0.13853628402381638,False,LHS-02-007,2026071902,6db6d4e2810c7d05c2c16c43f79ce9160f3e38807b80a3476f9bd446528331ac,student_t_df4,student_t_df5,0.4512037970931643,0.9520457676135503,-51.875215824506085
mean_variance,variance_penalty,optimal,344.52956013915417,-118.36385894071444,-25.156584328882445,25.24545671480975,375.9230336203457,1.0,True,False,False,False,False,False,False,0.7574762891859539,0.10398742679022974,0.13853628402381638,False,LHS-02-007,2026071902,6db6d4e2810c7d05c2c16c43f79ce9160f3e38807b80a3476f9bd446528331ac,student_t_df4,student_t_df5,0.4512037970931643,0.9520457676135503,-51.875215824506085
loss_CVaR,economic_operational_plus_CVaR,optimal,343.38061691393136,-139.47357044549497,-51.87521582450519,51.95874015037887,345.50156280335597,1.0000000000000002,False,False,False,False,False,False,False,0.5982849191336788,0.263178796842505,0.13853628402381638,False,LHS-02-007,2026071902,6db6d4e2810c7d05c2c16c43f79ce9160f3e38807b80a3476f9bd446528331ac,student_t_df4,student_t_df5,0.4512037970931643,0.9520457676135503,-51.875215824506085
ranking_proportional_repaired,ranking,repaired,337.90482221916795,-155.91770002643082,-72.41938591453447,72.49900088479231,310.75119901298854,1.0,False,False,False,False,False,False,False,0.4252761109743977,0.41731036270383504,0.15741352632176728,False,LHS-02-007,2026071903,2c381de5636d4ecd5347e9cfe6c6b3d5a679d7dde573313f95406701fba37cd8,student_t_df4,student_t_df5,0.4512037970931643,0.9520457676135503,-51.115853437038275
expected_profit,economic_plus_operational,optimal,345.27481257309285,-122.21494792823968,-25.14738450466713,25.23993764489712,375.9230336203457,1.0,True,False,False,False,False,False,False,0.7574762891859539,0.10398742679022974,0.13853628402381638,False,LHS-02-007,2026071903,2c381de5636d4ecd5347e9cfe6c6b3d5a679d7dde573313f95406701fba37cd8,student_t_df4,student_t_df5,0.4512037970931643,0.9520457676135503,-51.115853437038275
mean_variance,variance_penalty,optimal,345.2748125780484,-122.2149479309218,-25.1473845058389,25.239937646070356,375.923033624906,1.0000000000146645,True,False,False,False,False,False,False,0.7574762891922072,0.10398742679633359,0.13853628402612375,False,LHS-02-007,2026071903,2c381de5636d4ecd5347e9cfe6c6b3d5a679d7dde573313f95406701fba37cd8,student_t_df4,student_t_df5,0.4512037970931643,0.9520457676135503,-51.115853437038275
loss_CVaR,economic_operational_plus_CVaR,optimal,343.82135919642207,-141.53622219392525,-51.11585343703739,51.20206853066951,345.4015758140376,1.0,False,False,False,False,False,False,False,0.5977617009792138,0.2637020149969699,0.13853628402381638,False,LHS-02-007,2026071903,2c381de5636d4ecd5347e9cfe6c6b3d5a679d7dde573313f95406701fba37cd8,student_t_df4,student_t_df5,0.4512037970931643,0.9520457676135503,-51.115853437038275
ranking_proportional_repaired,ranking,repaired,334.40642520037125,-149.36150851824794,-75.15122393072235,75.22198283960694,310.75119901298854,1.0,False,False,False,False,False,False,False,0.4252761109743977,0.41731036270383504,0.15741352632176728,False,LHS-02-007,2026071904,7c41c558cf3d23480e7d7f2a41de618ef8b5bad58b8215ef6d8f9ab617e63cd5,student_t_df4,student_t_df5,0.4512037970931643,0.9520457676135503,-53.363986376959204
expected_profit,economic_plus_operational,optimal,341.14996180796373,-118.28401417426389,-26.80589315299524,26.893116804895424,375.9230336203457,1.0,True,False,False,False,False,False,False,0.7574762891859539,0.10398742679022974,0.13853628402381638,False,LHS-02-007,2026071904,7c41c558cf3d23480e7d7f2a41de618ef8b5bad58b8215ef6d8f9ab617e63cd5,student_t_df4,student_t_df5,0.4512037970931643,0.9520457676135503,-53.363986376959204
mean_variance,variance_penalty,optimal,341.1499618148155,-118.28401417666792,-26.805893154736225,26.893116806637074,375.9230336267127,1.0000000000204878,True,False,False,False,False,False,False,0.7574762891946679,0.10398742679878112,0.13853628402703877,False,LHS-02-007,2026071904,7c41c558cf3d23480e7d7f2a41de618ef8b5bad58b8215ef6d8f9ab617e63cd5,student_t_df4,student_t_df5,0.4512037970931643,0.9520457676135503,-53.363986376959204
loss_CVaR,economic_operational_plus_CVaR,optimal,340.00843825713156,-136.12022339081145,-53.36398637695838,53.442893782677736,346.0000861266534,1.0,False,False,False,False,False,False,False,0.6008936230755808,0.26057009290060285,0.13853628402381638,False,LHS-02-007,2026071904,7c41c558cf3d23480e7d7f2a41de618ef8b5bad58b8215ef6d8f9ab617e63cd5,student_t_df4,student_t_df5,0.4512037970931643,0.9520457676135503,-53.363986376959204
ranking_proportional_repaired,ranking,repaired,337.2764011549381,-151.71280444449536,-71.68788536930563,71.76418848536038,310.75119901298854,1.0,False,False,False,False,False,False,False,0.4252761109743977,0.41731036270383504,0.15741352632176728,False,LHS-02-007,2026071905,fede10671e40668e64f7720261df0223db726a9e64f2ff5a22bf5f6c0d2019c9,student_t_df4,student_t_df5,0.4512037970931643,0.9520457676135503,-49.68791600789581
expected_profit,economic_plus_operational,optimal,343.8880996892633,-121.4419513385268,-22.870508074334467,22.964495151884716,375.9230336203457,1.0,True,False,False,False,False,False,False,0.7574762891859539,0.10398742679022974,0.13853628402381638,False,LHS-02-007,2026071905,fede10671e40668e64f7720261df0223db726a9e64f2ff5a22bf5f6c0d2019c9,student_t_df4,student_t_df5,0.4512037970931643,0.9520457676135503,-49.68791600789581
mean_variance,variance_penalty,optimal,343.8880996892633,-121.4419513385268,-22.870508074334467,22.964495151884716,375.9230336203457,1.0,True,False,False,False,False,False,False,0.7574762891859539,0.10398742679022974,0.13853628402381638,False,LHS-02-007,2026071905,fede10671e40668e64f7720261df0223db726a9e64f2ff5a22bf5f6c0d2019c9,student_t_df4,student_t_df5,0.4512037970931643,0.9520457676135503,-49.68791600789581
loss_CVaR,economic_operational_plus_CVaR,optimal,342.81672517620467,-139.25041206685168,-49.68791600789497,49.773313126816376,345.50956352029664,0.9999999999999999,False,False,False,False,False,False,False,0.5983267857843368,0.2631369301918467,0.13853628402381638,False,LHS-02-007,2026071905,fede10671e40668e64f7720261df0223db726a9e64f2ff5a22bf5f6c0d2019c9,student_t_df4,student_t_df5,0.4512037970931643,0.9520457676135503,-49.68791600789581
ranking_proportional_repaired,ranking,repaired,335.71242984917944,-219.71836590023335,-189.23917691088215,189.26649790832866,310.75119901298854,1.0,True,False,False,False,False,False,False,0.4252761109743977,0.41731036270383504,0.15741352632176728,False,LHS-02-008,2026071901,9d9cc39b07cf6ee74f62a92ea44dad699424fd79d6f2e45732b837c505533d1c,student_t_df4,empirical_resample,0.0343382566987337,0.9172742204324846,-190.84701538513363
expected_profit,economic_plus_operational,optimal,365.86237409368636,-237.41600157319016,-202.68759829811412,202.71872821490857,322.8126464460655,1.0,False,False,False,False,False,False,False,0.4275160785794839,0.5451395992998331,0.02734432212068297,True,LHS-02-008,2026071901,9d9cc39b07cf6ee74f62a92ea44dad699424fd79d6f2e45732b837c505533d1c,student_t_df4,empirical_resample,0.0343382566987337,0.9172742204324846,-190.84701538513363
mean_variance,variance_penalty,optimal,365.86237409368636,-237.41600157319016,-202.68759829811412,202.71872821490857,322.8126464460655,1.0,False,False,False,False,False,False,False,0.4275160785794839,0.5451395992998331,0.02734432212068297,True,LHS-02-008,2026071901,9d9cc39b07cf6ee74f62a92ea44dad699424fd79d6f2e45732b837c505533d1c,student_t_df4,empirical_resample,0.0343382566987337,0.9172742204324846,-190.84701538513363
loss_CVaR,economic_operational_plus_CVaR,optimal,365.86237409368636,-237.41600157319016,-202.68759829811412,202.71872821490857,322.8126464460655,1.0,False,False,False,False,False,False,False,0.4275160785794839,0.5451395992998331,0.02734432212068297,True,LHS-02-008,2026071901,9d9cc39b07cf6ee74f62a92ea44dad699424fd79d6f2e45732b837c505533d1c,student_t_df4,empirical_resample,0.0343382566987337,0.9172742204324846,-190.84701538513363
ranking_proportional_repaired,ranking,repaired,335.89862362207805,-222.1321388651685,-190.27686916379636,190.30542365527157,310.75119901298854,1.0,True,False,False,False,False,False,False,0.4252761109743977,0.41731036270383504,0.15741352632176728,False,LHS-02-008,2026071902,ffe80ff7ac5e3abca8f9b2b84219c287e80c7bc1785af0344ad2a8e0723711c8,student_t_df4,empirical_resample,0.0343382566987337,0.9172742204324846,-191.84695315130622
expected_profit,economic_plus_operational,optimal,366.06164058639223,-239.3109847133086,-203.40950121329888,203.44168265813235,322.8126464460655,1.0,False,False,False,False,False,False,False,0.4275160785794839,0.5451395992998331,0.02734432212068297,True,LHS-02-008,2026071902,ffe80ff7ac5e3abca8f9b2b84219c287e80c7bc1785af0344ad2a8e0723711c8,student_t_df4,empirical_resample,0.0343382566987337,0.9172742204324846,-191.84695315130622
mean_variance,variance_penalty,optimal,366.06164059724443,-239.3109847201655,-203.4095012194764,203.44168266431046,322.81264645609525,1.0000000000322975,False,False,False,False,False,False,False,0.42751607859317664,0.5451395993133701,0.02734432212575071,True,LHS-02-008,2026071902,ffe80ff7ac5e3abca8f9b2b84219c287e80c7bc1785af0344ad2a8e0723711c8,student_t_df4,empirical_resample,0.0343382566987337,0.9172742204324846,-191.84695315130622
loss_CVaR,economic_operational_plus_CVaR,optimal,366.06164058639223,-239.3109847133086,-203.40950121329888,203.44168265813235,322.8126464460655,1.0,False,False,False,False,False,False,False,0.4275160785794839,0.5451395992998331,0.02734432212068297,True,LHS-02-008,2026071902,ffe80ff7ac5e3abca8f9b2b84219c287e80c7bc1785af0344ad2a8e0723711c8,student_t_df4,empirical_resample,0.0343382566987337,0.9172742204324846,-191.84695315130622
ranking_proportional_repaired,ranking,repaired,336.1990444768288,-222.09196551650206,-189.71663219061625,189.74565285778147,310.75119901298854,1.0,True,False,False,False,False,False,False,0.4252761109743977,0.41731036270383504,0.15741352632176728,False,LHS-02-008,2026071903,0d4163e04f8c768123b5b9a4d6b18f2d4b1476bfe1f989a4e2b37307056ffedc,student_t_df4,empirical_resample,0.0343382566987337,0.9172742204324846,-191.33620329127112
expected_profit,economic_plus_operational,optimal,366.14989507518663,-238.7925223002084,-203.2631886246075,203.2950364810241,322.8126464460655,1.0,False,False,False,False,False,False,False,0.4275160785794839,0.5451395992998331,0.02734432212068297,True,LHS-02-008,2026071903,0d4163e04f8c768123b5b9a4d6b18f2d4b1476bfe1f989a4e2b37307056ffedc,student_t_df4,empirical_resample,0.0343382566987337,0.9172742204324846,-191.33620329127112
mean_variance,variance_penalty,optimal,366.14989508722994,-238.79252230781955,-203.26318863143985,203.29503648785715,322.8126464571999,1.000000000035808,False,False,False,False,False,False,False,0.4275160785947398,0.5451395993147679,0.027344322126300332,True,LHS-02-008,2026071903,0d4163e04f8c768123b5b9a4d6b18f2d4b1476bfe1f989a4e2b37307056ffedc,student_t_df4,empirical_resample,0.0343382566987337,0.9172742204324846,-191.33620329127112
loss_CVaR,economic_operational_plus_CVaR,optimal,366.14989507518663,-238.7925223002084,-203.2631886246075,203.2950364810241,322.8126464460655,1.0,False,False,False,False,False,False,False,0.4275160785794839,0.5451395992998331,0.02734432212068297,True,LHS-02-008,2026071903,0d4163e04f8c768123b5b9a4d6b18f2d4b1476bfe1f989a4e2b37307056ffedc,student_t_df4,empirical_resample,0.0343382566987337,0.9172742204324846,-191.33620329127112
ranking_proportional_repaired,ranking,repaired,333.59594522449885,-220.50981206057924,-187.92288102477573,187.95209136432675,310.75119901298854,1.0,True,False,False,False,False,False,False,0.4252761109743977,0.41731036270383504,0.15741352632176728,False,LHS-02-008,2026071904,3333d58b679afa77eac0dcf66b0fa8d254f06bce9a5bc0671ce982fcd8149762,student_t_df4,empirical_resample,0.0343382566987337,0.9172742204324846,-189.51308263022023
expected_profit,economic_plus_operational,optimal,363.45890348272144,-237.63691823739097,-201.22378259116377,201.2564226717892,322.8126464460655,1.0,False,False,False,False,False,False,False,0.4275160785794839,0.5451395992998331,0.02734432212068297,True,LHS-02-008,2026071904,3333d58b679afa77eac0dcf66b0fa8d254f06bce9a5bc0671ce982fcd8149762,student_t_df4,empirical_resample,0.0343382566987337,0.9172742204324846,-189.51308263022023
mean_variance,variance_penalty,optimal,363.45890348787924,-237.6369182409122,-201.22378259407998,201.25642267470593,322.8126464508682,1.0000000000154516,False,False,False,False,False,False,False,0.42751607858605434,0.5451395993062956,0.02734432212310178,True,LHS-02-008,2026071904,3333d58b679afa77eac0dcf66b0fa8d254f06bce9a5bc0671ce982fcd8149762,student_t_df4,empirical_resample,0.0343382566987337,0.9172742204324846,-189.51308263022023
loss_CVaR,economic_operational_plus_CVaR,optimal,363.45890348272144,-237.63691823739097,-201.22378259116377,201.2564226717892,322.8126464460655,1.0,False,False,False,False,False,False,False,0.4275160785794839,0.5451395992998331,0.02734432212068297,True,LHS-02-008,2026071904,3333d58b679afa77eac0dcf66b0fa8d254f06bce9a5bc0671ce982fcd8149762,student_t_df4,empirical_resample,0.0343382566987337,0.9172742204324846,-189.51308263022023
ranking_proportional_repaired,ranking,repaired,335.0606744941709,-220.75172288951487,-188.71491564154957,188.74363286002026,310.75119901298854,1.0,True,False,False,False,False,False,False,0.4252761109743977,0.41731036270383504,0.15741352632176728,False,LHS-02-008,2026071905,ac50c210d37999c6e43296341af5ba0b1cf5bb9ee75dd013600e2866cf71ee8a,student_t_df4,empirical_resample,0.0343382566987337,0.9172742204324846,-190.36516200917066
expected_profit,economic_plus_operational,optimal,365.16246374157396,-239.3920458187863,-202.51804879200446,202.55110198049195,322.8126464460655,1.0,False,False,False,False,False,False,False,0.4275160785794839,0.5451395992998331,0.02734432212068297,True,LHS-02-008,2026071905,ac50c210d37999c6e43296341af5ba0b1cf5bb9ee75dd013600e2866cf71ee8a,student_t_df4,empirical_resample,0.0343382566987337,0.9172742204324846,-190.36516200917066
mean_variance,variance_penalty,optimal,365.16246374738915,-239.39204582275588,-202.51804879529612,202.55110198378426,322.81264645145194,1.0000000000173535,False,False,False,False,False,False,False,0.42751607858682994,0.5451395993071129,0.02734432212341054,True,LHS-02-008,2026071905,ac50c210d37999c6e43296341af5ba0b1cf5bb9ee75dd013600e2866cf71ee8a,student_t_df4,empirical_resample,0.0343382566987337,0.9172742204324846,-190.36516200917066
loss_CVaR,economic_operational_plus_CVaR,optimal,365.16246374157396,-239.3920458187863,-202.51804879200446,202.55110198049195,322.8126464460655,1.0,False,False,False,False,False,False,False,0.4275160785794839,0.5451395992998331,0.02734432212068297,True,LHS-02-008,2026071905,ac50c210d37999c6e43296341af5ba0b1cf5bb9ee75dd013600e2866cf71ee8a,student_t_df4,empirical_resample,0.0343382566987337,0.9172742204324846,-190.36516200917066
ranking_proportional_repaired,ranking,repaired,336.913969377668,-195.44785952022067,-141.9153074390056,141.96823040344276,310.75119901298854,1.0,False,False,False,False,False,False,False,0.4252761109743977,0.41731036270383504,0.15741352632176728,False,LHS-02-009,2026071901,47af04fd5e96201e45018fd80453878785d9cf03765004df05c9266820ff3e0b,student_t_df4,gaussian,0.19392963892748283,0.9225766174894419,-132.5252607401542
expected_profit,economic_plus_operational,optimal,356.9830649124976,-181.2485218437453,-119.38670073861262,119.4478581247465,362.52843392193995,1.0,True,False,False,False,False,False,False,0.6588751464961757,0.26350179253021855,0.07762306097360575,False,LHS-02-009,2026071901,47af04fd5e96201e45018fd80453878785d9cf03765004df05c9266820ff3e0b,student_t_df4,gaussian,0.19392963892748283,0.9225766174894419,-132.5252607401542
mean_variance,variance_penalty,optimal,356.9830649124976,-181.2485218437453,-119.38670073861262,119.4478581247465,362.52843392193995,1.0,True,False,False,False,False,False,False,0.6588751464961757,0.26350179253021855,0.07762306097360575,False,LHS-02-009,2026071901,47af04fd5e96201e45018fd80453878785d9cf03765004df05c9266820ff3e0b,student_t_df4,gaussian,0.19392963892748283,0.9225766174894419,-132.5252607401542
loss_CVaR,economic_operational_plus_CVaR,optimal,356.4272199070745,-191.15579192250118,-132.5252607401507,132.5832236318131,347.2433836187382,1.0,False,False,False,False,False,False,False,0.5788905818535715,0.34348635717282283,0.07762306097360575,False,LHS-02-009,2026071901,47af04fd5e96201e45018fd80453878785d9cf03765004df05c9266820ff3e0b,student_t_df4,gaussian,0.19392963892748283,0.9225766174894419,-132.5252607401542
ranking_proportional_repaired,ranking,repaired,337.5298790662181,-195.3105204813137,-141.6902445889831,141.74325427829987,310.75119901298854,1.0,False,False,False,False,False,False,False,0.4252761109743977,0.41731036270383504,0.15741352632176728,False,LHS-02-009,2026071902,41a501db8c04e51857c52a585c6d5d084e5173c72fd4270133cc791066a2d8cd,student_t_df4,gaussian,0.19392963892748283,0.9225766174894419,-132.7925058766569
expected_profit,economic_plus_operational,optimal,357.59758123480503,-181.67488184481496,-120.34278355906321,120.4034172544549,362.52843392193995,1.0,True,False,False,False,False,False,False,0.6588751464961757,0.26350179253021855,0.07762306097360575,False,LHS-02-009,2026071902,41a501db8c04e51857c52a585c6d5d084e5173c72fd4270133cc791066a2d8cd,student_t_df4,gaussian,0.19392963892748283,0.9225766174894419,-132.7925058766569
mean_variance,variance_penalty,optimal,357.5975812385156,-181.67488184697567,-120.34278356069453,120.40341725608675,362.52843392535635,1.0000000000109914,True,False,False,False,False,False,False,0.6588751465008531,0.2635017925348051,0.07762306097533325,False,LHS-02-009,2026071902,41a501db8c04e51857c52a585c6d5d084e5173c72fd4270133cc791066a2d8cd,student_t_df4,gaussian,0.19392963892748283,0.9225766174894419,-132.7925058766569
loss_CVaR,economic_operational_plus_CVaR,optimal,357.0445247826796,-192.36919640024777,-132.79250587665302,132.85140415351978,347.12270485382135,1.0000000000000002,False,False,False,False,False,False,False,0.5782590864850896,0.3441178525413048,0.07762306097360575,False,LHS-02-009,2026071902,41a501db8c04e51857c52a585c6d5d084e5173c72fd4270133cc791066a2d8cd,student_t_df4,gaussian,0.19392963892748283,0.9225766174894419,-132.7925058766569
ranking_proportional_repaired,ranking,repaired,337.8328547415167,-197.44765517056393,-144.88652907541444,144.93849167571955,310.75119901298854,1.0,False,False,False,False,False,False,False,0.4252761109743977,0.41731036270383504,0.15741352632176728,False,LHS-02-009,2026071903,a35a44345d655defff40c87e081658b776b672b573afc465fcffe267bc6ab9b3,student_t_df4,gaussian,0.19392963892748283,0.9225766174894419,-136.06933889304156
expected_profit,economic_plus_operational,optimal,358.44420527913627,-184.719695362311,-123.73232013569287,123.79261303346722,362.52843392193995,1.0,True,False,False,False,False,False,False,0.6588751464961757,0.26350179253021855,0.07762306097360575,False,LHS-02-009,2026071903,a35a44345d655defff40c87e081658b776b672b573afc465fcffe267bc6ab9b3,student_t_df4,gaussian,0.19392963892748283,0.9225766174894419,-136.06933889304156
mean_variance,variance_penalty,optimal,358.44420527913627,-184.719695362311,-123.73232013569287,123.79261303346722,362.52843392193995,1.0,True,False,False,False,False,False,False,0.6588751464961757,0.26350179253021855,0.07762306097360575,False,LHS-02-009,2026071903,a35a44345d655defff40c87e081658b776b672b573afc465fcffe267bc6ab9b3,student_t_df4,gaussian,0.19392963892748283,0.9225766174894419,-136.06933889304156
loss_CVaR,economic_operational_plus_CVaR,optimal,357.6892427546066,-194.94597228136368,-136.06933889303792,136.12754508448313,347.60303189030765,1.0000000000000002,False,False,False,False,False,False,False,0.5807725717623594,0.341604367264035,0.07762306097360575,False,LHS-02-009,2026071903,a35a44345d655defff40c87e081658b776b672b573afc465fcffe267bc6ab9b3,student_t_df4,gaussian,0.19392963892748283,0.9225766174894419,-136.06933889304156
ranking_proportional_repaired,ranking,repaired,334.35897640758054,-192.88815471975118,-142.08020867017194,142.1304380543012,310.75119901298854,1.0,False,False,False,False,False,False,False,0.4252761109743977,0.41731036270383504,0.15741352632176728,False,LHS-02-009,2026071904,3dc52b08b8875a9ddd38867a5f3c27d80b4815fcc9dd150ed987bb9b55814450,student_t_df4,gaussian,0.19392963892748283,0.9225766174894419,-133.0093084528431
expected_profit,economic_plus_operational,optimal,354.4355387047696,-178.45317326380857,-120.31729843462348,120.37477230269985,362.52843392193995,1.0,True,False,False,False,False,False,False,0.6588751464961757,0.26350179253021855,0.07762306097360575,False,LHS-02-009,2026071904,3dc52b08b8875a9ddd38867a5f3c27d80b4815fcc9dd150ed987bb9b55814450,student_t_df4,gaussian,0.19392963892748283,0.9225766174894419,-133.0093084528431
mean_variance,variance_penalty,optimal,354.4355387059243,-178.45317326462887,-120.31729843513533,120.374772303212,362.52843392301423,1.0000000000034521,True,False,False,False,False,False,False,0.6588751464976512,0.26350179253165323,0.07762306097414777,False,LHS-02-009,2026071904,3dc52b08b8875a9ddd38867a5f3c27d80b4815fcc9dd150ed987bb9b55814450,student_t_df4,gaussian,0.19392963892748283,0.9225766174894419,-133.0093084528431
loss_CVaR,economic_operational_plus_CVaR,optimal,353.813987281209,-189.6895303585872,-133.0093084528399,133.06534324385183,347.38224913367037,1.0,False,False,False,False,False,False,False,0.5796172459819448,0.3427596930444496,0.07762306097360575,False,LHS-02-009,2026071904,3dc52b08b8875a9ddd38867a5f3c27d80b4815fcc9dd150ed987bb9b55814450,student_t_df4,gaussian,0.19392963892748283,0.9225766174894419,-133.0093084528431
ranking_proportional_repaired,ranking,repaired,337.21425844442695,-196.91936302863422,-143.14163128621055,143.19479663839098,310.75119901298854,1.0,False,False,False,False,False,False,False,0.4252761109743977,0.41731036270383504,0.15741352632176728,False,LHS-02-009,2026071905,7d7be799c3a9eb685eb73674c13c0cab42267a7ffa4328f57e97aff16a165f85,student_t_df4,gaussian,0.19392963892748283,0.9225766174894419,-133.8330909108976
expected_profit,economic_plus_operational,optimal,357.2474636395105,-181.1767447671475,-120.80857461506471,120.868255358797,362.52843392193995,1.0,True,False,False,False,False,False,False,0.6588751464961757,0.26350179253021855,0.07762306097360575,False,LHS-02-009,2026071905,7d7be799c3a9eb685eb73674c13c0cab42267a7ffa4328f57e97aff16a165f85,student_t_df4,gaussian,0.19392963892748283,0.9225766174894419,-133.8330909108976
mean_variance,variance_penalty,optimal,357.2474636395105,-181.1767447671475,-120.80857461506471,120.868255358797,362.52843392193995,1.0,True,False,False,False,False,False,False,0.6588751464961757,0.26350179253021855,0.07762306097360575,False,LHS-02-009,2026071905,7d7be799c3a9eb685eb73674c13c0cab42267a7ffa4328f57e97aff16a165f85,student_t_df4,gaussian,0.19392963892748283,0.9225766174894419,-133.8330909108976
loss_CVaR,economic_operational_plus_CVaR,optimal,356.7349114024303,-192.47478310935503,-133.83309091089404,133.89106483647947,347.26377363567366,1.0,False,False,False,False,False,False,False,0.578997280006033,0.3433796590203613,0.07762306097360575,False,LHS-02-009,2026071905,7d7be799c3a9eb685eb73674c13c0cab42267a7ffa4328f57e97aff16a165f85,student_t_df4,gaussian,0.19392963892748283,0.9225766174894419,-133.8330909108976
ranking_proportional_repaired,ranking,repaired,332.28628569784826,-162.62062879463775,-84.65321294021415,84.68310452595749,305.4728802029754,1.0,True,False,False,False,False,False,False,0.4064612581547887,0.41731036270383487,0.17622837914137648,True,LHS-02-010,2026071901,5da70bc26d7e6520fcf683263fa957099830c23985351c100163554b694c2d5b,student_t_df4,student_t_df5,0.0936013627103764,0.9693117699384065,-89.25746232493651
expected_profit,economic_plus_operational,optimal,350.44408128934924,-172.46997802279117,-94.62336883833233,94.65321410853612,305.4728802029754,0.9999999999999999,False,False,False,False,False,False,False,0.36915425652104156,0.5343285451538733,0.09651719832508505,True,LHS-02-010,2026071901,5da70bc26d7e6520fcf683263fa957099830c23985351c100163554b694c2d5b,student_t_df4,student_t_df5,0.0936013627103764,0.9693117699384065,-89.25746232493651
mean_variance,variance_penalty,optimal,350.44408128934924,-172.46997802279117,-94.62336883833233,94.65321410853612,305.4728802029754,0.9999999999999999,False,False,False,False,False,False,False,0.36915425652104156,0.5343285451538733,0.09651719832508505,True,LHS-02-010,2026071901,5da70bc26d7e6520fcf683263fa957099830c23985351c100163554b694c2d5b,student_t_df4,student_t_df5,0.0936013627103764,0.9693117699384065,-89.25746232493651
loss_CVaR,economic_operational_plus_CVaR,optimal,350.44408128934924,-172.46997802279117,-94.62336883833233,94.65321410853612,305.4728802029754,0.9999999999999999,False,False,False,False,False,False,False,0.36915425652104156,0.5343285451538733,0.09651719832508505,True,LHS-02-010,2026071901,5da70bc26d7e6520fcf683263fa957099830c23985351c100163554b694c2d5b,student_t_df4,student_t_df5,0.0936013627103764,0.9693117699384065,-89.25746232493651
ranking_proportional_repaired,ranking,repaired,332.9453407441475,-159.9039000603128,-91.19183076957589,91.21817398857706,305.4728802029754,1.0,True,False,False,False,False,False,False,0.4064612581547887,0.41731036270383487,0.17622837914137648,True,LHS-02-010,2026071902,5d7baa6c15ab45bdd885997b85cf8bc22306cdcf60ce356359d2366be50c06af,student_t_df4,student_t_df5,0.0936013627103764,0.9693117699384065,-94.89818672773546
expected_profit,economic_plus_operational,optimal,351.1299221375822,-168.02944632484005,-99.21766595552084,99.24404740231527,305.4728802029754,0.9999999999999999,False,False,False,False,False,False,False,0.36915425652104156,0.5343285451538733,0.09651719832508505,True,LHS-02-010,2026071902,5d7baa6c15ab45bdd885997b85cf8bc22306cdcf60ce356359d2366be50c06af,student_t_df4,student_t_df5,0.0936013627103764,0.9693117699384065,-94.89818672773546
mean_variance,variance_penalty,optimal,351.1299221375822,-168.02944632484005,-99.21766595552084,99.24404740231527,305.4728802029754,0.9999999999999999,False,False,False,False,False,False,False,0.36915425652104156,0.5343285451538733,0.09651719832508505,True,LHS-02-010,2026071902,5d7baa6c15ab45bdd885997b85cf8bc22306cdcf60ce356359d2366be50c06af,student_t_df4,student_t_df5,0.0936013627103764,0.9693117699384065,-94.89818672773546
loss_CVaR,economic_operational_plus_CVaR,optimal,351.1299221375822,-168.02944632484005,-99.21766595552084,99.24404740231527,305.4728802029754,0.9999999999999999,False,False,False,False,False,False,False,0.36915425652104156,0.5343285451538733,0.09651719832508505,True,LHS-02-010,2026071902,5d7baa6c15ab45bdd885997b85cf8bc22306cdcf60ce356359d2366be50c06af,student_t_df4,student_t_df5,0.0936013627103764,0.9693117699384065,-94.89818672773546
ranking_proportional_repaired,ranking,repaired,333.03586557894647,-163.581490920926,-93.64331302499203,93.6701263163959,305.4728802029754,1.0,True,False,False,False,False,False,False,0.4064612581547887,0.41731036270383487,0.17622837914137648,True,LHS-02-010,2026071903,f3928d5392bfdba7ae46802c32dbcfa9666bef37a7c23a25a718c35bfc0e1600,student_t_df4,student_t_df5,0.0936013627103764,0.9693117699384065,-97.68583106779201
expected_profit,economic_plus_operational,optimal,350.9885688205787,-179.2072897785823,-102.39708193277714,102.42652986161546,305.4728802029754,0.9999999999999999,False,False,False,False,False,False,False,0.36915425652104156,0.5343285451538733,0.09651719832508505,True,LHS-02-010,2026071903,f3928d5392bfdba7ae46802c32dbcfa9666bef37a7c23a25a718c35bfc0e1600,student_t_df4,student_t_df5,0.0936013627103764,0.9693117699384065,-97.68583106779201
mean_variance,variance_penalty,optimal,350.9885688205787,-179.2072897785823,-102.39708193277714,102.42652986161546,305.4728802029754,0.9999999999999999,False,False,False,False,False,False,False,0.36915425652104156,0.5343285451538733,0.09651719832508505,True,LHS-02-010,2026071903,f3928d5392bfdba7ae46802c32dbcfa9666bef37a7c23a25a718c35bfc0e1600,student_t_df4,student_t_df5,0.0936013627103764,0.9693117699384065,-97.68583106779201
loss_CVaR,economic_operational_plus_CVaR,optimal,350.9885688205787,-179.2072897785823,-102.39708193277714,102.42652986161546,305.4728802029754,0.9999999999999999,False,False,False,False,False,False,False,0.36915425652104156,0.5343285451538733,0.09651719832508505,True,LHS-02-010,2026071903,f3928d5392bfdba7ae46802c32dbcfa9666bef37a7c23a25a718c35bfc0e1600,student_t_df4,student_t_df5,0.0936013627103764,0.9693117699384065,-97.68583106779201
ranking_proportional_repaired,ranking,repaired,330.4236181511368,-160.50917838795507,-98.91141045311943,98.93502615131395,305.4728802029754,1.0,True,False,False,False,False,False,False,0.4064612581547887,0.41731036270383487,0.17622837914137648,True,LHS-02-010,2026071904,b9cedd4df702067a41332a695dab30ce6687b7ea7b6f3739dfa769b9ab1288ee,student_t_df4,student_t_df5,0.0936013627103764,0.9693117699384065,-103.33380141799492
expected_profit,economic_plus_operational,optimal,348.389547172364,-172.4304149654903,-108.48776561505788,108.51228030705799,305.4728802029754,0.9999999999999999,False,False,False,False,False,False,False,0.36915425652104156,0.5343285451538733,0.09651719832508505,True,LHS-02-010,2026071904,b9cedd4df702067a41332a695dab30ce6687b7ea7b6f3739dfa769b9ab1288ee,student_t_df4,student_t_df5,0.0936013627103764,0.9693117699384065,-103.33380141799492
mean_variance,variance_penalty,optimal,348.38954717671174,-172.4304149680115,-108.48776561635782,108.51228030835841,305.4728802070204,1.0000000000129796,False,False,False,False,False,False,False,0.36915425652662065,0.5343285451592336,0.09651719832712537,True,LHS-02-010,2026071904,b9cedd4df702067a41332a695dab30ce6687b7ea7b6f3739dfa769b9ab1288ee,student_t_df4,student_t_df5,0.0936013627103764,0.9693117699384065,-103.33380141799492
loss_CVaR,economic_operational_plus_CVaR,optimal,348.389547172364,-172.4304149654903,-108.48776561505788,108.51228030705799,305.4728802029754,0.9999999999999999,False,False,False,False,False,False,False,0.36915425652104156,0.5343285451538733,0.09651719832508505,True,LHS-02-010,2026071904,b9cedd4df702067a41332a695dab30ce6687b7ea7b6f3739dfa769b9ab1288ee,student_t_df4,student_t_df5,0.0936013627103764,0.9693117699384065,-103.33380141799492
ranking_proportional_repaired,ranking,repaired,332.79533649518083,-161.16984725905476,-91.59522280063334,91.62189671087867,305.4728802029754,1.0,True,False,False,False,False,False,False,0.4064612581547887,0.41731036270383487,0.17622837914137648,True,LHS-02-010,2026071905,988d7fe50a43ae626c2f9c63e0dc2a028ac5e61a651d5a22d2778af943c9a24a,student_t_df4,student_t_df5,0.0936013627103764,0.9693117699384065,-95.70222622393032
expected_profit,economic_plus_operational,optimal,351.09847048140506,-173.40173671569954,-100.48862995191543,100.51658378825537,305.4728802029754,0.9999999999999999,False,False,False,False,False,False,False,0.36915425652104156,0.5343285451538733,0.09651719832508505,True,LHS-02-010,2026071905,988d7fe50a43ae626c2f9c63e0dc2a028ac5e61a651d5a22d2778af943c9a24a,student_t_df4,student_t_df5,0.0936013627103764,0.9693117699384065,-95.70222622393032
mean_variance,variance_penalty,optimal,351.09847048140506,-173.40173671569954,-100.48862995191543,100.51658378825537,305.4728802029754,0.9999999999999999,False,False,False,False,False,False,False,0.36915425652104156,0.5343285451538733,0.09651719832508505,True,LHS-02-010,2026071905,988d7fe50a43ae626c2f9c63e0dc2a028ac5e61a651d5a22d2778af943c9a24a,student_t_df4,student_t_df5,0.0936013627103764,0.9693117699384065,-95.70222622393032
loss_CVaR,economic_operational_plus_CVaR,optimal,351.09847048140506,-173.40173671569954,-100.48862995191543,100.51658378825537,305.4728802029754,0.9999999999999999,False,False,False,False,False,False,False,0.36915425652104156,0.5343285451538733,0.09651719832508505,True,LHS-02-010,2026071905,988d7fe50a43ae626c2f9c63e0dc2a028ac5e61a651d5a22d2778af943c9a24a,student_t_df4,student_t_df5,0.0936013627103764,0.9693117699384065,-95.70222622393032
ranking_proportional_repaired,ranking,repaired,318.706433310969,-150.7782199226203,-139.01295774702172,139.04168755446824,290.3533244154884,1.0,True,False,False,False,False,False,False,0.3525667839711177,0.41731036270383487,0.2301228533250474,True,LHS-02-011,2026071901,78746158b6f2a2e97c4a3f088174bf7b2bc59f75f0c1e95079035b2238084142,student_t_df4,empirical_resample,0.4226836011684112,0.9634893742049134,-151.66676467862538
expected_profit,economic_plus_operational,optimal,347.08104474064766,-164.48869331904032,-153.45738737422388,153.48432492061664,301.3152045013267,0.9999999999999999,False,False,False,False,False,False,False,0.3525667839711177,0.53987163378879,0.10756158224009224,True,LHS-02-011,2026071901,78746158b6f2a2e97c4a3f088174bf7b2bc59f75f0c1e95079035b2238084142,student_t_df4,empirical_resample,0.4226836011684112,0.9634893742049134,-151.66676467862538
mean_variance,variance_penalty,optimal,347.08104474064766,-164.48869331904032,-153.45738737422388,153.48432492061664,301.3152045013267,0.9999999999999999,False,False,False,False,False,False,False,0.3525667839711177,0.53987163378879,0.10756158224009224,True,LHS-02-011,2026071901,78746158b6f2a2e97c4a3f088174bf7b2bc59f75f0c1e95079035b2238084142,student_t_df4,empirical_resample,0.4226836011684112,0.9634893742049134,-151.66676467862538
loss_CVaR,economic_operational_plus_CVaR,optimal,347.0810447406477,-164.48869331904035,-153.4573873742239,153.48432492061667,301.3152045013268,1.0,False,False,False,False,False,False,False,0.3525667839711177,0.5398716337887901,0.10756158224009224,True,LHS-02-011,2026071901,78746158b6f2a2e97c4a3f088174bf7b2bc59f75f0c1e95079035b2238084142,student_t_df4,empirical_resample,0.4226836011684112,0.9634893742049134,-151.66676467862538
ranking_proportional_repaired,ranking,repaired,318.9871819288831,-153.08414916594032,-140.0615331388128,140.09333330147172,290.3533244154884,1.0,True,False,False,False,False,False,False,0.3525667839711177,0.41731036270383487,0.2301228533250474,True,LHS-02-011,2026071902,3f476c3b7c391082688f190898a6daeb3bec4ab1cee015b690050e11644f2e78,student_t_df4,empirical_resample,0.4226836011684112,0.9634893742049134,-152.50137485063783
expected_profit,economic_plus_operational,optimal,347.3835859336611,-166.23399172543873,-154.26171962428958,154.29095493303404,301.3152045013267,0.9999999999999999,False,False,False,False,False,False,False,0.3525667839711177,0.53987163378879,0.10756158224009224,True,LHS-02-011,2026071902,3f476c3b7c391082688f190898a6daeb3bec4ab1cee015b690050e11644f2e78,student_t_df4,empirical_resample,0.4226836011684112,0.9634893742049134,-152.50137485063783
mean_variance,variance_penalty,optimal,347.38358593689094,-166.23399172697847,-154.26171962568154,154.29095493442637,301.3152045043093,1.0000000000096028,False,False,False,False,False,False,False,0.3525667839751907,0.5398716337928146,0.10756158224159759,True,LHS-02-011,2026071902,3f476c3b7c391082688f190898a6daeb3bec4ab1cee015b690050e11644f2e78,student_t_df4,empirical_resample,0.4226836011684112,0.9634893742049134,-152.50137485063783
loss_CVaR,economic_operational_plus_CVaR,optimal,347.38358593366115,-166.23399172543876,-154.26171962428958,154.29095493303404,301.3152045013268,1.0,False,False,False,False,False,False,False,0.3525667839711177,0.5398716337887901,0.10756158224009224,True,LHS-02-011,2026071902,3f476c3b7c391082688f190898a6daeb3bec4ab1cee015b690050e11644f2e78,student_t_df4,empirical_resample,0.4226836011684112,0.9634893742049134,-152.50137485063783
ranking_proportional_repaired,ranking,repaired,319.62096828785207,-152.30549638898404,-139.4360088705174,139.46743510588917,290.3533244154884,1.0,True,False,False,False,False,False,False,0.3525667839711177,0.41731036270383487,0.2301228533250474,True,LHS-02-011,2026071903,5b9a7c801585861eaa3cb78639450dc4af9f48b8d9f7a389fc29062bc1c21cb4,student_t_df4,empirical_resample,0.4226836011684112,0.9634893742049134,-151.9546974330749
expected_profit,economic_plus_operational,optimal,347.93787860132346,-164.90364227906056,-153.72619971538478,153.75349411544198,301.3152045013267,0.9999999999999999,False,False,False,False,False,False,False,0.3525667839711177,0.53987163378879,0.10756158224009224,True,LHS-02-011,2026071903,5b9a7c801585861eaa3cb78639450dc4af9f48b8d9f7a389fc29062bc1c21cb4,student_t_df4,empirical_resample,0.4226836011684112,0.9634893742049134,-151.9546974330749
mean_variance,variance_penalty,optimal,347.93787860972026,-164.90364228300794,-153.7261997189787,153.7534941190368,301.315204509071,1.0000000000249072,False,False,False,False,False,False,False,0.3525667839817256,0.539871633799184,0.10756158224399755,True,LHS-02-011,2026071903,5b9a7c801585861eaa3cb78639450dc4af9f48b8d9f7a389fc29062bc1c21cb4,student_t_df4,empirical_resample,0.4226836011684112,0.9634893742049134,-151.9546974330749
loss_CVaR,economic_operational_plus_CVaR,optimal,347.9378786013235,-164.9036422790606,-153.7261997153848,153.753494115442,301.3152045013268,1.0,False,False,False,False,False,False,False,0.3525667839711177,0.5398716337887901,0.10756158224009224,True,LHS-02-011,2026071903,5b9a7c801585861eaa3cb78639450dc4af9f48b8d9f7a389fc29062bc1c21cb4,student_t_df4,empirical_resample,0.4226836011684112,0.9634893742049134,-151.9546974330749
ranking_proportional_repaired,ranking,repaired,316.0362104447346,-149.6995114090652,-138.5438733315039,138.57111448679035,290.3533244154884,1.0,True,False,False,False,False,False,False,0.3525667839711177,0.41731036270383487,0.2301228533250474,True,LHS-02-011,2026071904,b7a0a50b4be5bcb4047215005f4704476e05070f6eb9c2408fcaee5963fd4142,student_t_df4,empirical_resample,0.4226836011684112,0.9634893742049134,-151.24017373890607
expected_profit,economic_plus_operational,optimal,344.145301705702,-162.86677237724567,-153.03680962741882,153.06081359203887,301.3152045013267,0.9999999999999999,False,False,False,False,False,False,False,0.3525667839711177,0.53987163378879,0.10756158224009224,True,LHS-02-011,2026071904,b7a0a50b4be5bcb4047215005f4704476e05070f6eb9c2408fcaee5963fd4142,student_t_df4,empirical_resample,0.4226836011684112,0.9634893742049134,-151.24017373890607
mean_variance,variance_penalty,optimal,344.145301710006,-162.86677237924337,-153.03680962927024,153.06081359389066,301.3152045053408,1.0000000000129101,False,False,False,False,False,False,False,0.3525667839766139,0.5398716337941838,0.10756158224211235,True,LHS-02-011,2026071904,b7a0a50b4be5bcb4047215005f4704476e05070f6eb9c2408fcaee5963fd4142,student_t_df4,empirical_resample,0.4226836011684112,0.9634893742049134,-151.24017373890607
loss_CVaR,economic_operational_plus_CVaR,optimal,344.145301705702,-162.86677237724567,-153.03680962741885,153.0608135920389,301.3152045013268,1.0,False,False,False,False,False,False,False,0.3525667839711177,0.5398716337887901,0.10756158224009224,True,LHS-02-011,2026071904,b7a0a50b4be5bcb4047215005f4704476e05070f6eb9c2408fcaee5963fd4142,student_t_df4,empirical_resample,0.4226836011684112,0.9634893742049134,-151.24017373890607
ranking_proportional_repaired,ranking,repaired,318.3783545853843,-152.64691700685526,-139.2438668787029,139.27659603030452,290.3533244154884,1.0,True,False,False,False,False,False,False,0.3525667839711177,0.41731036270383487,0.2301228533250474,True,LHS-02-011,2026071905,3c8aaed59d6d2c79728084b25ae8d77d26ce5741bddc5d9549ba03cfb167b827,student_t_df4,empirical_resample,0.4226836011684112,0.9634893742049134,-151.80648999939092
expected_profit,economic_plus_operational,optimal,346.70194951523246,-164.96344386213195,-153.58420940018024,153.61199655953982,301.3152045013267,0.9999999999999999,False,False,False,False,False,False,False,0.3525667839711177,0.53987163378879,0.10756158224009224,True,LHS-02-011,2026071905,3c8aaed59d6d2c79728084b25ae8d77d26ce5741bddc5d9549ba03cfb167b827,student_t_df4,empirical_resample,0.4226836011684112,0.9634893742049134,-151.80648999939092
mean_variance,variance_penalty,optimal,346.7019495172865,-164.96344386310008,-153.58420940106234,153.6119965604221,301.3152045032273,1.0000000000061189,False,False,False,False,False,False,False,0.3525667839737134,0.5398716337913536,0.10756158224105185,True,LHS-02-011,2026071905,3c8aaed59d6d2c79728084b25ae8d77d26ce5741bddc5d9549ba03cfb167b827,student_t_df4,empirical_resample,0.4226836011684112,0.9634893742049134,-151.80648999939092
loss_CVaR,economic_operational_plus_CVaR,optimal,346.7019495152325,-164.96344386213198,-153.58420940018027,153.61199655953985,301.3152045013268,1.0,False,False,False,False,False,False,False,0.3525667839711177,0.5398716337887901,0.10756158224009224,True,LHS-02-011,2026071905,3c8aaed59d6d2c79728084b25ae8d77d26ce5741bddc5d9549ba03cfb167b827,student_t_df4,empirical_resample,0.4226836011684112,0.9634893742049134,-151.80648999939092
ranking_proportional_repaired,ranking,repaired,336.5013351706437,-182.30012426978305,-123.45868998332233,123.47969693731123,310.75119901298854,1.0,False,False,False,False,False,False,False,0.4252761109743977,0.41731036270383504,0.15741352632176728,False,LHS-02-012,2026071901,5c4761cd79d26e554062b382720e5da54c06ca0b72d253535b63e1ec79e5d8a3,student_t_df4,gaussian,0.4299604474453502,0.909132452168115,-100.3063169434076
expected_profit,economic_plus_operational,optimal,364.58250042208317,-161.33896378814006,-88.10105282472894,88.12719945838103,399.0326216454746,1.0,True,False,False,False,False,False,False,0.8353414583186338,0.11813426798708626,0.04652427369427987,False,LHS-02-012,2026071901,5c4761cd79d26e554062b382720e5da54c06ca0b72d253535b63e1ec79e5d8a3,student_t_df4,gaussian,0.4299604474453502,0.909132452168115,-100.3063169434076
mean_variance,variance_penalty,optimal,364.5825004221561,-161.3389637881844,-88.10105282476529,88.12719945841738,399.03262164553223,1.0000000000002138,True,False,False,False,False,False,False,0.8353414583186762,0.1181342679872294,0.04652427369430817,False,LHS-02-012,2026071901,5c4761cd79d26e554062b382720e5da54c06ca0b72d253535b63e1ec79e5d8a3,student_t_df4,gaussian,0.4299604474453502,0.909132452168115,-100.3063169434076
loss_CVaR,economic_operational_plus_CVaR,optimal,364.0575212419023,-170.35207790888137,-100.30631694340504,100.33132394902216,382.79814452939377,1.0,False,False,False,False,False,False,False,0.7503886738284151,0.203087052477305,0.04652427369427987,False,LHS-02-012,2026071901,5c4761cd79d26e554062b382720e5da54c06ca0b72d253535b63e1ec79e5d8a3,student_t_df4,gaussian,0.4299604474453502,0.909132452168115,-100.3063169434076
ranking_proportional_repaired,ranking,repaired,337.3173686503412,-184.01365296527004,-129.05624492623636,129.07586524576163,310.75119901298854,1.0,False,False,False,False,False,False,False,0.4252761109743977,0.41731036270383504,0.15741352632176728,False,LHS-02-012,2026071902,9f8df5c4b6f828edaec4d2f95a626d2ed0c4ba67f11c3cebe10116c483c487d4,student_t_df4,gaussian,0.4299604474453502,0.909132452168115,-107.37080562119024
expected_profit,economic_plus_operational,optimal,365.5727565856896,-165.02724638936277,-95.93886670972918,95.96353192108403,399.0326216454746,1.0,True,False,False,False,False,False,False,0.8353414583186338,0.11813426798708626,0.04652427369427987,False,LHS-02-012,2026071902,9f8df5c4b6f828edaec4d2f95a626d2ed0c4ba67f11c3cebe10116c483c487d4,student_t_df4,gaussian,0.4299604474453502,0.909132452168115,-107.37080562119024
mean_variance,variance_penalty,optimal,365.57275658876927,-165.02724639077903,-95.93886671099965,95.96353192235456,399.03262164829727,1.0000000000091331,True,False,False,False,False,False,False,0.8353414583224384,0.11813426799097454,0.04652427369572007,False,LHS-02-012,2026071902,9f8df5c4b6f828edaec4d2f95a626d2ed0c4ba67f11c3cebe10116c483c487d4,student_t_df4,gaussian,0.4299604474453502,0.909132452168115,-107.37080562119024
loss_CVaR,economic_operational_plus_CVaR,optimal,365.03751041133444,-173.2225281557454,-107.37080562118777,107.39431531503104,383.25035547006047,1.0,False,False,False,False,False,False,False,0.7527550314457189,0.20072069486000124,0.04652427369427987,False,LHS-02-012,2026071902,9f8df5c4b6f828edaec4d2f95a626d2ed0c4ba67f11c3cebe10116c483c487d4,student_t_df4,gaussian,0.4299604474453502,0.909132452168115,-107.37080562119024
ranking_proportional_repaired,ranking,repaired,337.94005855132144,-184.57852331196415,-127.11506331208815,127.1355783160968,310.75119901298854,1.0,False,False,False,False,False,False,False,0.4252761109743977,0.41731036270383504,0.15741352632176728,False,LHS-02-012,2026071903,a9368ce41330ce88062a19ac9bd5f66094cb37d452952f65ba21c061f0393d7a,student_t_df4,gaussian,0.4299604474453502,0.909132452168115,-104.36516910919411
expected_profit,economic_plus_operational,optimal,367.0807814129694,-164.57085767818054,-92.37208023922743,92.39785589228734,399.0326216454746,1.0,True,False,False,False,False,False,False,0.8353414583186338,0.11813426798708626,0.04652427369427987,False,LHS-02-012,2026071903,a9368ce41330ce88062a19ac9bd5f66094cb37d452952f65ba21c061f0393d7a,student_t_df4,gaussian,0.4299604474453502,0.909132452168115,-104.36516910919411
mean_variance,variance_penalty,optimal,367.0807814129694,-164.57085767818054,-92.37208023922743,92.39785589228734,399.0326216454746,1.0,True,False,False,False,False,False,False,0.8353414583186338,0.11813426798708626,0.04652427369427987,False,LHS-02-012,2026071903,a9368ce41330ce88062a19ac9bd5f66094cb37d452952f65ba21c061f0393d7a,student_t_df4,gaussian,0.4299604474453502,0.909132452168115,-104.36516910919411
loss_CVaR,economic_operational_plus_CVaR,optimal,366.32953283522784,-173.5628553942621,-104.36516910919183,104.38987334404872,382.8527734752262,1.0,False,False,False,False,False,False,False,0.7506745395836867,0.20280118672203337,0.04652427369427987,False,LHS-02-012,2026071903,a9368ce41330ce88062a19ac9bd5f66094cb37d452952f65ba21c061f0393d7a,student_t_df4,gaussian,0.4299604474453502,0.909132452168115,-104.36516910919411
ranking_proportional_repaired,ranking,repaired,333.8089289943606,-182.88680046176896,-125.11446225064063,125.13508752712053,310.75119901298854,1.0,False,False,False,False,False,False,False,0.4252761109743977,0.41731036270383504,0.15741352632176728,False,LHS-02-012,2026071904,902ad3ca873a7ad065cad3b63926df7059a25ac99651c4ea3b523042a055d8d7,student_t_df4,gaussian,0.4299604474453502,0.909132452168115,-102.31454218077094
expected_profit,economic_plus_operational,optimal,361.9873994009374,-162.99528396527987,-90.29508111482457,90.32103578154513,399.0326216454746,1.0,True,False,False,False,False,False,False,0.8353414583186338,0.11813426798708626,0.04652427369427987,False,LHS-02-012,2026071904,902ad3ca873a7ad065cad3b63926df7059a25ac99651c4ea3b523042a055d8d7,student_t_df4,gaussian,0.4299604474453502,0.909132452168115,-102.31454218077094
mean_variance,variance_penalty,optimal,361.9873994009374,-162.99528396527987,-90.29508111482457,90.32103578154513,399.0326216454746,1.0,True,False,False,False,False,False,False,0.8353414583186338,0.11813426798708626,0.04652427369427987,False,LHS-02-012,2026071904,902ad3ca873a7ad065cad3b63926df7059a25ac99651c4ea3b523042a055d8d7,student_t_df4,gaussian,0.4299604474453502,0.909132452168115,-102.31454218077094
loss_CVaR,economic_operational_plus_CVaR,optimal,361.39937922004543,-172.25215608122596,-102.31454218076841,102.33951057685047,382.9369508954295,1.0,False,False,False,False,False,False,False,0.7511150284387541,0.20236069786696592,0.04652427369427987,False,LHS-02-012,2026071904,902ad3ca873a7ad065cad3b63926df7059a25ac99651c4ea3b523042a055d8d7,student_t_df4,gaussian,0.4299604474453502,0.909132452168115,-102.31454218077094
ranking_proportional_repaired,ranking,repaired,336.41237309531516,-184.0725271300612,-126.02728519796459,126.04800790367916,310.75119901298854,1.0,False,False,False,False,False,False,False,0.4252761109743977,0.41731036270383504,0.15741352632176728,False,LHS-02-012,2026071905,26f38433a8d31454ff8430ca0d41434c83d09a6c56bd8990563bb2663e6fbe8e,student_t_df4,gaussian,0.4299604474453502,0.909132452168115,-103.07959869849677
expected_profit,economic_plus_operational,optimal,364.1497963815132,-165.3411541568845,-90.98223942755818,91.00878627026056,399.0326216454746,1.0,True,False,False,False,False,False,False,0.8353414583186338,0.11813426798708626,0.04652427369427987,False,LHS-02-012,2026071905,26f38433a8d31454ff8430ca0d41434c83d09a6c56bd8990563bb2663e6fbe8e,student_t_df4,gaussian,0.4299604474453502,0.909132452168115,-103.07959869849677
mean_variance,variance_penalty,optimal,364.1497963815132,-165.3411541568845,-90.98223942755818,91.00878627026056,399.0326216454746,1.0,True,False,False,False,False,False,False,0.8353414583186338,0.11813426798708626,0.04652427369427987,False,LHS-02-012,2026071905,26f38433a8d31454ff8430ca0d41434c83d09a6c56bd8990563bb2663e6fbe8e,student_t_df4,gaussian,0.4299604474453502,0.909132452168115,-103.07959869849677
loss_CVaR,economic_operational_plus_CVaR,optimal,363.688589485404,-174.3895841485696,-103.07959869849428,103.105057044326,382.4907577900043,1.0,False,False,False,False,False,False,False,0.748780161325069,0.20469556498065106,0.04652427369427987,False,LHS-02-012,2026071905,26f38433a8d31454ff8430ca0d41434c83d09a6c56bd8990563bb2663e6fbe8e,student_t_df4,gaussian,0.4299604474453502,0.909132452168115,-103.07959869849677
ranking_proportional_repaired,ranking,repaired,336.77857228970487,-126.3803041927585,-37.895419819494094,38.01679851713769,310.75119901298854,1.0,False,False,False,False,False,False,False,0.4252761109743977,0.41731036270383504,0.15741352632176728,False,LHS-02-013,2026071901,a5a9db299791f2002cc638065f3284b44d6583e6cd0a4faf4740ac5dc1799ffb,student_t_df4,student_t_df5,0.2508636978624054,0.9741355281954792,-24.336625563113245
expected_profit,economic_plus_operational,optimal,369.1906091301301,-119.14416679884854,-14.024512011843882,14.168709372615332,357.8402427402782,1.0,True,False,False,False,False,False,False,0.608664490234607,0.3685767738132998,0.022758735952093174,False,LHS-02-013,2026071901,a5a9db299791f2002cc638065f3284b44d6583e6cd0a4faf4740ac5dc1799ffb,student_t_df4,student_t_df5,0.2508636978624054,0.9741355281954792,-24.336625563113245
mean_variance,variance_penalty,optimal,369.19060913384567,-119.1441668004481,-14.024512012289264,14.168709373062304,357.84024274371126,1.000000000011029,True,False,False,False,False,False,False,0.6086644902393257,0.36857677381787857,0.022758735953824657,False,LHS-02-013,2026071901,a5a9db299791f2002cc638065f3284b44d6583e6cd0a4faf4740ac5dc1799ffb,student_t_df4,student_t_df5,0.2508636978624054,0.9741355281954792,-24.336625563113245
loss_CVaR,economic_operational_plus_CVaR,optimal,368.835002218696,-129.87314098195682,-24.33662556311282,24.481394750371354,348.3111298060298,0.9999999999999999,False,False,False,False,False,False,False,0.5587999536869964,0.4184413103609103,0.022758735952093174,False,LHS-02-013,2026071901,a5a9db299791f2002cc638065f3284b44d6583e6cd0a4faf4740ac5dc1799ffb,student_t_df4,student_t_df5,0.2508636978624054,0.9741355281954792,-24.336625563113245
ranking_proportional_repaired,ranking,repaired,337.6085557350775,-127.35830901460622,-49.90138270193894,50.00763385326154,310.75119901298854,1.0,False,False,False,False,False,False,False,0.4252761109743977,0.41731036270383504,0.15741352632176728,False,LHS-02-013,2026071902,871f74b8f3194d87e2495f9532a80c023682ca804f36c99ca5b57459f47d8113,student_t_df4,student_t_df5,0.2508636978624054,0.9741355281954792,-36.28984916535333
expected_profit,economic_plus_operational,optimal,370.03542984408523,-121.9641927213269,-25.937624861180723,26.069348825432975,357.8402427402782,1.0,True,False,False,False,False,False,False,0.608664490234607,0.3685767738132998,0.022758735952093174,False,LHS-02-013,2026071902,871f74b8f3194d87e2495f9532a80c023682ca804f36c99ca5b57459f47d8113,student_t_df4,student_t_df5,0.2508636978624054,0.9741355281954792,-36.28984916535333
mean_variance,variance_penalty,optimal,370.03542985172595,-121.96419272432382,-25.937624862396902,26.069348826651613,357.84024274730336,1.0000000000226257,True,False,False,False,False,False,False,0.6086644902441939,0.3685767738227875,0.022758735955644194,False,LHS-02-013,2026071902,871f74b8f3194d87e2495f9532a80c023682ca804f36c99ca5b57459f47d8113,student_t_df4,student_t_df5,0.2508636978624054,0.9741355281954792,-36.28984916535333
loss_CVaR,economic_operational_plus_CVaR,optimal,369.6673467402498,-129.51802802226092,-36.28984916535302,36.41773445348428,347.78088309030755,1.0,False,False,False,False,False,False,False,0.5560252455984447,0.4212160184494621,0.022758735952093174,False,LHS-02-013,2026071902,871f74b8f3194d87e2495f9532a80c023682ca804f36c99ca5b57459f47d8113,student_t_df4,student_t_df5,0.2508636978624054,0.9741355281954792,-36.28984916535333
ranking_proportional_repaired,ranking,repaired,337.7287403437434,-128.35488217955503,-49.62781654763809,49.73581000622016,310.75119901298854,1.0,False,False,False,False,False,False,False,0.4252761109743977,0.41731036270383504,0.15741352632176728,False,LHS-02-013,2026071903,6aff69a643482aa1b6f7f2e6ab7baff2bc182bca1ac24672d3534e486133e0c2,student_t_df4,student_t_df5,0.2508636978624054,0.9741355281954792,-37.76576149280019
expected_profit,economic_plus_operational,optimal,370.44159189416433,-127.38891063631189,-28.744099509889622,28.879415036249092,357.8402427402782,1.0,True,False,False,False,False,False,False,0.608664490234607,0.3685767738132998,0.022758735952093174,False,LHS-02-013,2026071903,6aff69a643482aa1b6f7f2e6ab7baff2bc182bca1ac24672d3534e486133e0c2,student_t_df4,student_t_df5,0.2508636978624054,0.9741355281954792,-37.76576149280019
mean_variance,variance_penalty,optimal,370.44159189571917,-127.38891063682476,-28.744099510143656,28.879415036503474,357.8402427416995,1.0000000000046012,True,False,False,False,False,False,False,0.6086644902365166,0.3685767738152728,0.022758735952811842,False,LHS-02-013,2026071903,6aff69a643482aa1b6f7f2e6ab7baff2bc182bca1ac24672d3534e486133e0c2,student_t_df4,student_t_df5,0.2508636978624054,0.9741355281954792,-37.76576149280019
loss_CVaR,economic_operational_plus_CVaR,optimal,369.9886116492832,-131.45347557626448,-37.765761492799854,37.894277146080086,348.72264730199913,0.9999999999999999,False,False,False,False,False,False,False,0.5609533681086046,0.4162878959393021,0.022758735952093174,False,LHS-02-013,2026071903,6aff69a643482aa1b6f7f2e6ab7baff2bc182bca1ac24672d3534e486133e0c2,student_t_df4,student_t_df5,0.2508636978624054,0.9741355281954792,-37.76576149280019
ranking_proportional_repaired,ranking,repaired,334.6461155100705,-128.5819322487226,-57.772035570229534,57.86916869189194,310.75119901298854,1.0,False,False,False,False,False,False,False,0.4252761109743977,0.41731036270383504,0.15741352632176728,False,LHS-02-013,2026071904,4c88cf05acd6d95a51ce076a0f59f1c47db763233dd2d820c16804fa083e3fac,student_t_df4,student_t_df5,0.2508636978624054,0.9741355281954792,-45.70116436529569
expected_profit,economic_plus_operational,optimal,366.869157448484,-121.24842445475288,-36.52068768172582,36.63691253093753,357.8402427402782,1.0,True,False,False,False,False,False,False,0.608664490234607,0.3685767738132998,0.022758735952093174,False,LHS-02-013,2026071904,4c88cf05acd6d95a51ce076a0f59f1c47db763233dd2d820c16804fa083e3fac,student_t_df4,student_t_df5,0.2508636978624054,0.9741355281954792,-45.70116436529569
mean_variance,variance_penalty,optimal,366.86915745313297,-121.24842445675387,-36.520687682569886,36.63691253178318,357.8402427446019,1.0000000000138871,True,False,False,False,False,False,False,0.6086644902405532,0.36857677381906057,0.02275873595427332,False,LHS-02-013,2026071904,4c88cf05acd6d95a51ce076a0f59f1c47db763233dd2d820c16804fa083e3fac,student_t_df4,student_t_df5,0.2508636978624054,0.9741355281954792,-45.70116436529569
loss_CVaR,economic_operational_plus_CVaR,optimal,366.5180140382173,-126.31791846098506,-45.70116436529527,45.81174999457755,348.9890071915456,0.9999999999999999,False,False,False,False,False,False,False,0.5623471927530134,0.4148940712948933,0.022758735952093174,False,LHS-02-013,2026071904,4c88cf05acd6d95a51ce076a0f59f1c47db763233dd2d820c16804fa083e3fac,student_t_df4,student_t_df5,0.2508636978624054,0.9741355281954792,-45.70116436529569
ranking_proportional_repaired,ranking,repaired,337.3013818840767,-129.611778878669,-49.044827774896845,49.15534508717405,310.75119901298854,1.0,False,False,False,False,False,False,False,0.4252761109743977,0.41731036270383504,0.15741352632176728,False,LHS-02-013,2026071905,e19b085a341519b6ff1c0e5165c626cf2228740031647afa8f0024a7da1eaff0,student_t_df4,student_t_df5,0.2508636978624054,0.9741355281954792,-36.249482442289
expected_profit,economic_plus_operational,optimal,369.76187023343175,-120.89963640437504,-26.518008426045895,26.647475952241283,357.8402427402782,1.0,True,False,False,False,False,False,False,0.608664490234607,0.3685767738132998,0.022758735952093174,False,LHS-02-013,2026071905,e19b085a341519b6ff1c0e5165c626cf2228740031647afa8f0024a7da1eaff0,student_t_df4,student_t_df5,0.2508636978624054,0.9741355281954792,-36.249482442289
mean_variance,variance_penalty,optimal,369.7618702342626,-120.89963640476178,-26.518008426184764,26.64747595238052,357.8402427410316,1.0000000000024638,True,False,False,False,False,False,False,0.6086644902355903,0.36857677381439324,0.022758735952480128,False,LHS-02-013,2026071905,e19b085a341519b6ff1c0e5165c626cf2228740031647afa8f0024a7da1eaff0,student_t_df4,student_t_df5,0.2508636978624054,0.9741355281954792,-36.249482442289
loss_CVaR,economic_operational_plus_CVaR,optimal,369.428332624051,-128.20833461403333,-36.24948244228864,36.37562653788717,348.0112994863053,1.0,False,False,False,False,False,False,False,0.55723098288781,0.42001028116009675,0.022758735952093174,False,LHS-02-013,2026071905,e19b085a341519b6ff1c0e5165c626cf2228740031647afa8f0024a7da1eaff0,student_t_df4,student_t_df5,0.2508636978624054,0.9741355281954792,-36.249482442289
ranking_proportional_repaired,ranking,repaired,335.861432567247,-178.49642230417416,-157.06224506878385,157.07840760526827,310.75119901298854,1.0,False,False,False,False,False,False,False,0.4252761109743977,0.41731036270383504,0.15741352632176728,False,LHS-02-014,2026071901,f31ad3dcbc1cee4598759814f8242f95ed66c957575401f16e19d707f9165e6b,student_t_df4,empirical_resample,0.3043991785800868,0.943542604075787,-146.47383642595605
expected_profit,economic_plus_operational,optimal,347.6811962112242,-158.60611773316165,-141.7467038054661,141.7594167213723,369.6645214958594,1.0,True,False,False,False,False,False,False,0.7126952548396737,0.17447444882756366,0.11283029633276268,False,LHS-02-014,2026071901,f31ad3dcbc1cee4598759814f8242f95ed66c957575401f16e19d707f9165e6b,student_t_df4,empirical_resample,0.3043991785800868,0.943542604075787,-146.47383642595605
mean_variance,variance_penalty,optimal,347.6811962235253,-158.60611773901326,-141.74670381134072,141.7594167272469,369.6645215072327,1.0000000000366074,True,False,False,False,False,False,False,0.7126952548552165,0.17447444884289282,0.11283029633849824,False,LHS-02-014,2026071901,f31ad3dcbc1cee4598759814f8242f95ed66c957575401f16e19d707f9165e6b,student_t_df4,empirical_resample,0.3043991785800868,0.943542604075787,-146.47383642595605
loss_CVaR,economic_operational_plus_CVaR,optimal,347.38578034421585,-164.82253799860592,-146.47383642595807,146.48767234582348,358.7924115207935,1.0000000000000002,False,False,False,False,False,False,False,0.6558029996064666,0.23136670406077084,0.11283029633276268,False,LHS-02-014,2026071901,f31ad3dcbc1cee4598759814f8242f95ed66c957575401f16e19d707f9165e6b,student_t_df4,empirical_resample,0.3043991785800868,0.943542604075787,-146.47383642595605
ranking_proportional_repaired,ranking,repaired,336.1400972012341,-181.18995362729282,-158.20375483181883,158.2210876770496,310.75119901298854,1.0,False,False,False,False,False,False,False,0.4252761109743977,0.41731036270383504,0.15741352632176728,False,LHS-02-014,2026071902,8bbcea3e39d9b11c915d7aa5c310003a7da4444740ea74340698b68c78e541f6,student_t_df4,empirical_resample,0.3043991785800868,0.943542604075787,-147.97401380304484
expected_profit,economic_plus_operational,optimal,347.82843871809376,-161.68390325616713,-143.40700622452292,143.42078799985546,369.6645214958594,1.0,True,False,False,False,False,False,False,0.7126952548396737,0.17447444882756366,0.11283029633276268,False,LHS-02-014,2026071902,8bbcea3e39d9b11c915d7aa5c310003a7da4444740ea74340698b68c78e541f6,student_t_df4,empirical_resample,0.3043991785800868,0.943542604075787,-147.97401380304484
mean_variance,variance_penalty,optimal,347.8284387256992,-161.68390326066964,-143.40700622818926,143.4207880035224,369.66452150288575,1.0000000000226172,True,False,False,False,False,False,False,0.7126952548492762,0.17447444883703056,0.1128302963363104,False,LHS-02-014,2026071902,8bbcea3e39d9b11c915d7aa5c310003a7da4444740ea74340698b68c78e541f6,student_t_df4,empirical_resample,0.3043991785800868,0.943542604075787,-147.97401380304484
loss_CVaR,economic_operational_plus_CVaR,optimal,347.5668804166936,-167.70672462906808,-147.97401380304672,147.98889334123285,359.0697561902147,1.0,False,False,False,False,False,False,False,0.6572543060921872,0.22991539757505017,0.11283029633276268,False,LHS-02-014,2026071902,8bbcea3e39d9b11c915d7aa5c310003a7da4444740ea74340698b68c78e541f6,student_t_df4,empirical_resample,0.3043991785800868,0.943542604075787,-147.97401380304484
ranking_proportional_repaired,ranking,repaired,336.8056816082888,-180.15752625533557,-157.51989222389324,157.5369622323165,310.75119901298854,1.0,False,False,False,False,False,False,False,0.4252761109743977,0.41731036270383504,0.15741352632176728,False,LHS-02-014,2026071903,8d910871a50b59623e1d4e000ad74c795f3acb965337da4b298510af080ad235,student_t_df4,empirical_resample,0.3043991785800868,0.943542604075787,-147.21499545436166
expected_profit,economic_plus_operational,optimal,349.3615445929344,-159.75206666479775,-142.61443503841755,142.62735774561438,369.6645214958594,1.0,True,False,False,False,False,False,False,0.7126952548396737,0.17447444882756366,0.11283029633276268,False,LHS-02-014,2026071903,8d910871a50b59623e1d4e000ad74c795f3acb965337da4b298510af080ad235,student_t_df4,empirical_resample,0.3043991785800868,0.943542604075787,-147.21499545436166
mean_variance,variance_penalty,optimal,349.3615445929344,-159.75206666479775,-142.61443503841755,142.62735774561438,369.6645214958594,1.0,True,False,False,False,False,False,False,0.7126952548396737,0.17447444882756366,0.11283029633276268,False,LHS-02-014,2026071903,8d910871a50b59623e1d4e000ad74c795f3acb965337da4b298510af080ad235,student_t_df4,empirical_resample,0.3043991785800868,0.943542604075787,-147.21499545436166
loss_CVaR,economic_operational_plus_CVaR,optimal,348.9161894280619,-165.8870799665123,-147.21499545436356,147.22907522256992,358.89322773111564,1.0,False,False,False,False,False,False,False,0.6563305569603239,0.2308391467069134,0.11283029633276268,False,LHS-02-014,2026071903,8d910871a50b59623e1d4e000ad74c795f3acb965337da4b298510af080ad235,student_t_df4,empirical_resample,0.3043991785800868,0.943542604075787,-147.21499545436166
ranking_proportional_repaired,ranking,repaired,333.41768236786703,-178.36860041904166,-155.69143675378754,155.70853656970667,310.75119901298854,1.0,False,False,False,False,False,False,False,0.4252761109743977,0.41731036270383504,0.15741352632176728,False,LHS-02-014,2026071904,dc81100ef45d1a8a8ae568cc8e820ce9de95f4aa16819512c955ac1a824e4985,student_t_df4,empirical_resample,0.3043991785800868,0.943542604075787,-146.15959012297324
expected_profit,economic_plus_operational,optimal,345.4753962245796,-159.29260907282213,-141.90415338437037,141.91726522656455,369.6645214958594,1.0,True,False,False,False,False,False,False,0.7126952548396737,0.17447444882756366,0.11283029633276268,False,LHS-02-014,2026071904,dc81100ef45d1a8a8ae568cc8e820ce9de95f4aa16819512c955ac1a824e4985,student_t_df4,empirical_resample,0.3043991785800868,0.943542604075787,-146.15959012297324
mean_variance,variance_penalty,optimal,345.475396230383,-159.29260907618394,-141.9041533871328,141.91726522932743,369.66452150126764,1.000000000017391,True,False,False,False,False,False,False,0.712695254847081,0.174474448834831,0.11283029633547906,False,LHS-02-014,2026071904,dc81100ef45d1a8a8ae568cc8e820ce9de95f4aa16819512c955ac1a824e4985,student_t_df4,empirical_resample,0.3043991785800868,0.943542604075787,-146.15959012297324
loss_CVaR,economic_operational_plus_CVaR,optimal,345.1205012710236,-164.91149355172078,-146.1595901229751,146.17373007898976,358.97944104919105,0.9999999999999999,False,False,False,False,False,False,False,0.6567816993887666,0.23038800427847067,0.11283029633276268,False,LHS-02-014,2026071904,dc81100ef45d1a8a8ae568cc8e820ce9de95f4aa16819512c955ac1a824e4985,student_t_df4,empirical_resample,0.3043991785800868,0.943542604075787,-146.15959012297324
ranking_proportional_repaired,ranking,repaired,335.481789621907,-179.99036222426133,-156.9857877136939,157.00313441521416,310.75119901298854,1.0,False,False,False,False,False,False,False,0.4252761109743977,0.41731036270383504,0.15741352632176728,False,LHS-02-014,2026071905,67831fc40d9f4057b3167014ae0b760e54df2b149b6725dbbdc5f39d3c6d60c9,student_t_df4,empirical_resample,0.3043991785800868,0.943542604075787,-146.59362613182748
expected_profit,economic_plus_operational,optimal,347.14689667612527,-159.8724013082971,-141.95410685483785,141.96761822430454,369.6645214958594,1.0,True,False,False,False,False,False,False,0.7126952548396737,0.17447444882756366,0.11283029633276268,False,LHS-02-014,2026071905,67831fc40d9f4057b3167014ae0b760e54df2b149b6725dbbdc5f39d3c6d60c9,student_t_df4,empirical_resample,0.3043991785800868,0.943542604075787,-146.59362613182748
mean_variance,variance_penalty,optimal,347.14689667612527,-159.8724013082971,-141.95410685483785,141.96761822430454,369.6645214958594,1.0,True,False,False,False,False,False,False,0.7126952548396737,0.17447444882756366,0.11283029633276268,False,LHS-02-014,2026071905,67831fc40d9f4057b3167014ae0b760e54df2b149b6725dbbdc5f39d3c6d60c9,student_t_df4,empirical_resample,0.3043991785800868,0.943542604075787,-146.59362613182748
loss_CVaR,economic_operational_plus_CVaR,optimal,346.8779769350626,-166.4057792863728,-146.59362613182932,146.60856557385588,358.7681931205801,0.9999999999999999,False,False,False,False,False,False,False,0.65567626805119,0.2314934356160473,0.11283029633276268,False,LHS-02-014,2026071905,67831fc40d9f4057b3167014ae0b760e54df2b149b6725dbbdc5f39d3c6d60c9,student_t_df4,empirical_resample,0.3043991785800868,0.943542604075787,-146.59362613182748
ranking_proportional_repaired,ranking,repaired,336.52844407538845,-132.1214202597618,-79.88516385989499,79.99855557695984,310.75119901298854,1.0,False,False,False,False,False,False,False,0.4252761109743977,0.41731036270383504,0.15741352632176728,False,LHS-02-015,2026071901,a393d0da41b49eaa48b67dc8782445e4f49d3af6f4a322b834260f4182288dff,student_t_df4,gaussian,0.47835285679197875,0.9552967758758188,-50.850916067716284
expected_profit,economic_plus_operational,optimal,347.9183473343196,-88.10356354274542,-23.27843984652918,23.418516389704468,397.9907553309161,1.0,True,False,False,False,False,False,False,0.8642491714325001,0.01581275466505483,0.11993807390244507,False,LHS-02-015,2026071901,a393d0da41b49eaa48b67dc8782445e4f49d3af6f4a322b834260f4182288dff,student_t_df4,gaussian,0.47835285679197875,0.9552967758758188,-50.850916067716284
mean_variance,variance_penalty,optimal,347.918347339863,-88.1035635443003,-23.27843984804703,23.41851639122282,397.99075533603,1.000000000016477,True,False,False,False,False,False,False,0.8642491714394772,0.015812754671954782,0.11993807390504496,False,LHS-02-015,2026071901,a393d0da41b49eaa48b67dc8782445e4f49d3af6f4a322b834260f4182288dff,student_t_df4,gaussian,0.47835285679197875,0.9552967758758188,-50.850916067716284
loss_CVaR,economic_operational_plus_CVaR,optimal,346.81504907847534,-112.01147447762239,-50.850916067716156,50.98338497953912,364.4128205103763,1.0,False,False,False,False,False,False,False,0.6885404596557352,0.1915214664418198,0.11993807390244507,False,LHS-02-015,2026071901,a393d0da41b49eaa48b67dc8782445e4f49d3af6f4a322b834260f4182288dff,student_t_df4,gaussian,0.47835285679197875,0.9552967758758188,-50.850916067716284
ranking_proportional_repaired,ranking,repaired,337.35996247202297,-137.70458270498537,-87.68083185276622,87.78955986134449,310.75119901298854,1.0,False,False,False,False,False,False,False,0.4252761109743977,0.41731036270383504,0.15741352632176728,False,LHS-02-015,2026071902,71738f3c4a5b85ad2869ba58f9c7965fb0fd35600f93f216f62e73196065450e,student_t_df4,gaussian,0.47835285679197875,0.9552967758758188,-59.62183488381848
expected_profit,economic_plus_operational,optimal,348.90210386872104,-92.53984586517338,-32.97550906011033,33.10532327339921,397.9907553309161,1.0,True,False,False,False,False,False,False,0.8642491714325001,0.01581275466505483,0.11993807390244507,False,LHS-02-015,2026071902,71738f3c4a5b85ad2869ba58f9c7965fb0fd35600f93f216f62e73196065450e,student_t_df4,gaussian,0.47835285679197875,0.9552967758758188,-59.62183488381848
mean_variance,variance_penalty,optimal,348.9021038720038,-92.53984586623926,-32.9755090610729,33.10532327436208,397.9907553339446,1.0000000000097296,True,False,False,False,False,False,False,0.8642491714366637,0.015812754669090094,0.11993807390397578,False,LHS-02-015,2026071902,71738f3c4a5b85ad2869ba58f9c7965fb0fd35600f93f216f62e73196065450e,student_t_df4,gaussian,0.47835285679197875,0.9552967758758188,-59.62183488381848
loss_CVaR,economic_operational_plus_CVaR,optimal,347.7517239757677,-113.59720979186393,-59.62183488381824,59.738585896865445,364.6172036516616,0.9999999999999999,False,False,False,False,False,False,False,0.6896099685059984,0.19045195759155648,0.11993807390244507,False,LHS-02-015,2026071902,71738f3c4a5b85ad2869ba58f9c7965fb0fd35600f93f216f62e73196065450e,student_t_df4,gaussian,0.47835285679197875,0.9552967758758188,-59.62183488381848
ranking_proportional_repaired,ranking,repaired,338.0149121693767,-137.17101108201672,-84.05536321546137,84.17044050196077,310.75119901298854,1.0,False,False,False,False,False,False,False,0.4252761109743977,0.41731036270383504,0.15741352632176728,False,LHS-02-015,2026071903,15ddbbb76d824493ff38d1ed78fadb9a1b4e524031b604d24fedefcd4e169dad,student_t_df4,gaussian,0.47835285679197875,0.9552967758758188,-55.66399594472381
expected_profit,economic_plus_operational,optimal,350.5063477252113,-90.64526955694448,-28.702033487054123,28.83587342023481,397.9907553309161,1.0,True,False,False,False,False,False,False,0.8642491714325001,0.01581275466505483,0.11993807390244507,False,LHS-02-015,2026071903,15ddbbb76d824493ff38d1ed78fadb9a1b4e524031b604d24fedefcd4e169dad,student_t_df4,gaussian,0.47835285679197875,0.9552967758758188,-55.66399594472381
mean_variance,variance_penalty,optimal,350.5063477252113,-90.64526955694448,-28.702033487054123,28.83587342023481,397.9907553309161,1.0,True,False,False,False,False,False,False,0.8642491714325001,0.01581275466505483,0.11993807390244507,False,LHS-02-015,2026071903,15ddbbb76d824493ff38d1ed78fadb9a1b4e524031b604d24fedefcd4e169dad,student_t_df4,gaussian,0.47835285679197875,0.9552967758758188,-55.66399594472381
loss_CVaR,economic_operational_plus_CVaR,optimal,348.9633882230292,-113.55671222367161,-55.6639959447237,55.78936222507246,364.5359830081214,1.0,False,False,False,False,False,False,False,0.6891849520562848,0.19087697404127013,0.11993807390244507,False,LHS-02-015,2026071903,15ddbbb76d824493ff38d1ed78fadb9a1b4e524031b604d24fedefcd4e169dad,student_t_df4,gaussian,0.47835285679197875,0.9552967758758188,-55.66399594472381
ranking_proportional_repaired,ranking,repaired,333.74946913574195,-132.48215098312792,-82.18265900541192,82.29148353931487,310.75119901298854,1.0,False,False,False,False,False,False,False,0.4252761109743977,0.41731036270383504,0.15741352632176728,False,LHS-02-015,2026071904,e033d50cbbfcda578a6e7288d2d92ce27786984d882054c9ef4e45ac8ed1db5e,student_t_df4,gaussian,0.47835285679197875,0.9552967758758188,-52.80367642407418
expected_profit,economic_plus_operational,optimal,345.34308765394496,-90.51553063317539,-24.903821589714823,25.04600236215831,397.9907553309161,1.0,True,False,False,False,False,False,False,0.8642491714325001,0.01581275466505483,0.11993807390244507,False,LHS-02-015,2026071904,e033d50cbbfcda578a6e7288d2d92ce27786984d882054c9ef4e45ac8ed1db5e,student_t_df4,gaussian,0.47835285679197875,0.9552967758758188,-52.80367642407418
mean_variance,variance_penalty,optimal,345.34308765394496,-90.51553063317539,-24.903821589714823,25.04600236215831,397.9907553309161,1.0,True,False,False,False,False,False,False,0.8642491714325001,0.01581275466505483,0.11993807390244507,False,LHS-02-015,2026071904,e033d50cbbfcda578a6e7288d2d92ce27786984d882054c9ef4e45ac8ed1db5e,student_t_df4,gaussian,0.47835285679197875,0.9552967758758188,-52.80367642407418
loss_CVaR,economic_operational_plus_CVaR,optimal,344.14600371477326,-112.53129418796372,-52.803676424073956,52.93273451400393,364.93127190352726,0.9999999999999999,False,False,False,False,False,False,False,0.6912534444445945,0.18880848165296035,0.11993807390244507,False,LHS-02-015,2026071904,e033d50cbbfcda578a6e7288d2d92ce27786984d882054c9ef4e45ac8ed1db5e,student_t_df4,gaussian,0.47835285679197875,0.9552967758758188,-52.80367642407418
ranking_proportional_repaired,ranking,repaired,336.4817354559464,-136.97621533348007,-83.30115913385546,83.41721141600847,310.75119901298854,1.0,False,False,False,False,False,False,False,0.4252761109743977,0.41731036270383504,0.15741352632176728,False,LHS-02-015,2026071905,62a81dff1644737c25bded94c6ef29c268c0a0263da92224a10a3124e4301ac4,student_t_df4,gaussian,0.47835285679197875,0.9552967758758188,-53.709469091615304
expected_profit,economic_plus_operational,optimal,347.5400930921158,-90.42910888786174,-25.60761586384892,25.749714608849185,397.9907553309161,1.0,True,False,False,False,False,False,False,0.8642491714325001,0.01581275466505483,0.11993807390244507,False,LHS-02-015,2026071905,62a81dff1644737c25bded94c6ef29c268c0a0263da92224a10a3124e4301ac4,student_t_df4,gaussian,0.47835285679197875,0.9552967758758188,-53.709469091615304
mean_variance,variance_penalty,optimal,347.5400930921158,-90.42910888786174,-25.60761586384892,25.749714608849185,397.9907553309161,1.0,True,False,False,False,False,False,False,0.8642491714325001,0.01581275466505483,0.11993807390244507,False,LHS-02-015,2026071905,62a81dff1644737c25bded94c6ef29c268c0a0263da92224a10a3124e4301ac4,student_t_df4,gaussian,0.47835285679197875,0.9552967758758188,-53.709469091615304
loss_CVaR,economic_operational_plus_CVaR,optimal,346.5514075367413,-112.54132690698351,-53.70946909161504,53.83662217604662,363.74953730168147,1.0,False,False,False,False,False,False,False,0.6850695899085094,0.19499233618904555,0.11993807390244507,False,LHS-02-015,2026071905,62a81dff1644737c25bded94c6ef29c268c0a0263da92224a10a3124e4301ac4,student_t_df4,gaussian,0.47835285679197875,0.9552967758758188,-53.709469091615304
ranking_proportional_repaired,ranking,repaired,336.2322977527099,-55.835653006955695,51.92668591859815,-51.700116379105566,310.75119901298854,1.0,False,False,False,False,False,False,False,0.4252761109743977,0.41731036270383504,0.15741352632176728,False,LHS-02-016,2026071901,c70cf421797cc3c0b6028f7ae0bca51a858f92ff1fee0f474519fbc6029c4e20,student_t_df4,student_t_df5,0.34463640489093195,0.988025229913354,63.80580160094172
expected_profit,economic_plus_operational,optimal,364.99393704256374,-11.460732864826094,118.06101673688573,-117.78869819356046,378.16991070663806,1.0,True,False,False,False,False,False,False,0.7233119412962341,0.23626988702361928,0.040418171680146574,False,LHS-02-016,2026071901,c70cf421797cc3c0b6028f7ae0bca51a858f92ff1fee0f474519fbc6029c4e20,student_t_df4,student_t_df5,0.34463640489093195,0.988025229913354,63.80580160094172
mean_variance,variance_penalty,optimal,364.99393704256374,-11.460732864826094,118.06101673688573,-117.78869819356046,378.16991070663806,1.0,True,False,False,False,False,False,False,0.7233119412962341,0.23626988702361928,0.040418171680146574,False,LHS-02-016,2026071901,c70cf421797cc3c0b6028f7ae0bca51a858f92ff1fee0f474519fbc6029c4e20,student_t_df4,student_t_df5,0.34463640489093195,0.988025229913354,63.80580160094172
loss_CVaR,economic_operational_plus_CVaR,optimal,363.64181866995904,-52.88087939829974,63.80580160094186,-63.560468696677596,336.4227580045979,0.9999999999999998,False,False,False,False,False,False,False,0.5048548366283112,0.45472699169154196,0.040418171680146574,False,LHS-02-016,2026071901,c70cf421797cc3c0b6028f7ae0bca51a858f92ff1fee0f474519fbc6029c4e20,student_t_df4,student_t_df5,0.34463640489093195,0.988025229913354,63.80580160094172
ranking_proportional_repaired,ranking,repaired,337.4424488247088,-66.51511008357247,15.272802501914597,-15.100844006253539,310.75119901298854,1.0,False,False,False,False,False,False,False,0.4252761109743977,0.41731036270383504,0.15741352632176728,False,LHS-02-016,2026071902,dc38d51ecef917b11f266ae070df96ed965d3dab015c11240d5129477d22dae8,student_t_df4,student_t_df5,0.34463640489093195,0.988025229913354,25.66342379334987
expected_profit,economic_plus_operational,optimal,366.44058011073577,-28.80037241170338,73.12027231961345,-72.90598489998426,378.16991070663806,1.0,True,False,False,False,False,False,False,0.7233119412962341,0.23626988702361928,0.040418171680146574,False,LHS-02-016,2026071902,dc38d51ecef917b11f266ae070df96ed965d3dab015c11240d5129477d22dae8,student_t_df4,student_t_df5,0.34463640489093195,0.988025229913354,25.66342379334987
mean_variance,variance_penalty,optimal,366.4405801206852,-28.800372412294234,73.12027231965337,-72.90598490002286,378.16991071580634,1.0000000000294882,True,False,False,False,False,False,False,0.7233119413088023,0.23626988703589175,0.040418171684794245,False,LHS-02-016,2026071902,dc38d51ecef917b11f266ae070df96ed965d3dab015c11240d5129477d22dae8,student_t_df4,student_t_df5,0.34463640489093195,0.988025229913354,25.66342379334987
loss_CVaR,economic_operational_plus_CVaR,optimal,365.0831669753762,-67.72978914374545,25.663423793349992,-25.467065237495806,339.23240649632345,1.0,False,False,False,False,False,False,False,0.5195573405096586,0.4400244878101947,0.040418171680146574,False,LHS-02-016,2026071902,dc38d51ecef917b11f266ae070df96ed965d3dab015c11240d5129477d22dae8,student_t_df4,student_t_df5,0.34463640489093195,0.988025229913354,25.66342379334987
ranking_proportional_repaired,ranking,repaired,337.5355513775851,-59.6802785611004,35.03426214009617,-34.83512550215861,310.75119901298854,1.0,False,False,False,False,False,False,False,0.4252761109743977,0.41731036270383504,0.15741352632176728,False,LHS-02-016,2026071903,a007a0c905669fd49bbc1d290b44478557a0d014a593576c9bba433680b12068,student_t_df4,student_t_df5,0.34463640489093195,0.988025229913354,45.550946652234295
expected_profit,economic_plus_operational,optimal,367.03782727342315,-23.814862248233332,93.58356086197625,-93.3367315250628,378.16991070663806,1.0,True,False,False,False,False,False,False,0.7233119412962341,0.23626988702361928,0.040418171680146574,False,LHS-02-016,2026071903,a007a0c905669fd49bbc1d290b44478557a0d014a593576c9bba433680b12068,student_t_df4,student_t_df5,0.34463640489093195,0.988025229913354,45.550946652234295
mean_variance,variance_penalty,optimal,367.0378272767596,-23.81486224896083,93.58356086221389,-93.33673152529842,378.1699107097177,1.0000000000098854,True,False,False,False,False,False,False,0.72331194130048,0.2362698870276999,0.0404181716817054,False,LHS-02-016,2026071903,a007a0c905669fd49bbc1d290b44478557a0d014a593576c9bba433680b12068,student_t_df4,student_t_df5,0.34463640489093195,0.988025229913354,45.550946652234295
loss_CVaR,economic_operational_plus_CVaR,optimal,365.1273819339477,-54.59719882718178,45.550946652234366,-45.34038589948397,336.82288942846225,1.0,False,False,False,False,False,False,False,0.5069486693015938,0.45263315901825973,0.040418171680146574,False,LHS-02-016,2026071903,a007a0c905669fd49bbc1d290b44478557a0d014a593576c9bba433680b12068,student_t_df4,student_t_df5,0.34463640489093195,0.988025229913354,45.550946652234295
ranking_proportional_repaired,ranking,repaired,334.2945467706723,-55.466619914657684,36.15723448611995,-35.964595993812715,310.75119901298854,1.0,False,False,False,False,False,False,False,0.4252761109743977,0.41731036270383504,0.15741352632176728,False,LHS-02-016,2026071904,3779cf26f4bfdf0593f0ba36df0b02b38a5bd6798497f6f932c6eff17177b619,student_t_df4,student_t_df5,0.34463640489093195,0.988025229913354,48.344045583809134
expected_profit,economic_plus_operational,optimal,363.1384764500616,-11.817048608024384,104.00459099873453,-103.76107683775193,378.16991070663806,1.0,True,False,False,False,False,False,False,0.7233119412962341,0.23626988702361928,0.040418171680146574,False,LHS-02-016,2026071904,3779cf26f4bfdf0593f0ba36df0b02b38a5bd6798497f6f932c6eff17177b619,student_t_df4,student_t_df5,0.34463640489093195,0.988025229913354,48.344045583809134
mean_variance,variance_penalty,optimal,363.13847645538476,-11.817048609120329,104.00459099915193,-103.76107683816615,378.16991071158225,1.000000000015925,True,False,False,False,False,False,False,0.7233119413029838,0.23626988703028626,0.04041817168265492,False,LHS-02-016,2026071904,3779cf26f4bfdf0593f0ba36df0b02b38a5bd6798497f6f932c6eff17177b619,student_t_df4,student_t_df5,0.34463640489093195,0.988025229913354,48.344045583809134
loss_CVaR,economic_operational_plus_CVaR,optimal,361.5592759380037,-54.357583076844584,48.34404558380924,-48.128116151107726,335.4209539126857,1.0000000000000002,False,False,False,False,False,False,False,0.4996125336879016,0.459969294631952,0.040418171680146574,False,LHS-02-016,2026071904,3779cf26f4bfdf0593f0ba36df0b02b38a5bd6798497f6f932c6eff17177b619,student_t_df4,student_t_df5,0.34463640489093195,0.988025229913354,48.344045583809134
ranking_proportional_repaired,ranking,repaired,336.27557160807964,-61.45548731294818,48.8526687111582,-48.62074660959801,310.75119901298854,1.0,False,False,False,False,False,False,False,0.4252761109743977,0.41731036270383504,0.15741352632176728,False,LHS-02-016,2026071905,c178365eacbc8bd100d17a7720b483851e5df719e048e082c345e19baa57df0f,student_t_df4,student_t_df5,0.34463640489093195,0.988025229913354,60.36688112218707
expected_profit,economic_plus_operational,optimal,364.69469081641927,-20.17277820313541,112.95548183847225,-112.6755806329879,378.16991070663806,1.0,True,False,False,False,False,False,False,0.7233119412962341,0.23626988702361928,0.040418171680146574,False,LHS-02-016,2026071905,c178365eacbc8bd100d17a7720b483851e5df719e048e082c345e19baa57df0f,student_t_df4,student_t_df5,0.34463640489093195,0.988025229913354,60.36688112218707
mean_variance,variance_penalty,optimal,364.6946908213169,-20.17277820430058,112.95548183902113,-112.67558063353314,378.16991071116473,1.0000000000145701,True,False,False,False,False,False,False,0.7233119413024295,0.23626988702969168,0.04041817168244893,False,LHS-02-016,2026071905,c178365eacbc8bd100d17a7720b483851e5df719e048e082c345e19baa57df0f,student_t_df4,student_t_df5,0.34463640489093195,0.988025229913354,60.36688112218707
loss_CVaR,economic_operational_plus_CVaR,optimal,363.60811615013256,-56.58563742147392,60.36688112218725,-60.12098929640531,336.0033057659497,1.0000000000000002,False,False,False,False,False,False,False,0.5026599007902772,0.45692192752957633,0.040418171680146574,False,LHS-02-016,2026071905,c178365eacbc8bd100d17a7720b483851e5df719e048e082c345e19baa57df0f,student_t_df4,student_t_df5,0.34463640489093195,0.988025229913354,60.36688112218707
ranking_proportional_repaired,ranking,repaired,335.7103345751235,-212.35316420884118,-184.52709537251133,184.5557554517335,310.75119901298854,1.0,False,False,False,False,False,False,False,0.4252761109743977,0.41731036270383504,0.15741352632176728,False,LHS-02-017,2026071901,f4f3ad093aa93f72c05d7f59cde2e902950ec2ec3fad9d46e2624ceed09b8326,student_t_df4,empirical_resample,0.005594821255596463,0.9364655062362295,-180.60912370461983
expected_profit,economic_plus_operational,optimal,353.5477574003629,-207.46296747360915,-178.98852690240724,179.01785478653554,347.0579867824092,1.0,True,False,False,False,False,False,False,0.5807813730437663,0.33548278609918336,0.08373584085705034,False,LHS-02-017,2026071901,f4f3ad093aa93f72c05d7f59cde2e902950ec2ec3fad9d46e2624ceed09b8326,student_t_df4,empirical_resample,0.005594821255596463,0.9364655062362295,-180.60912370461983
mean_variance,variance_penalty,optimal,353.5477574003629,-207.46296747360915,-178.98852690240724,179.01785478653554,347.0579867824092,1.0,True,False,False,False,False,False,False,0.5807813730437663,0.33548278609918336,0.08373584085705034,False,LHS-02-017,2026071901,f4f3ad093aa93f72c05d7f59cde2e902950ec2ec3fad9d46e2624ceed09b8326,student_t_df4,empirical_resample,0.005594821255596463,0.9364655062362295,-180.60912370461983
loss_CVaR,economic_operational_plus_CVaR,optimal,353.4616642929835,-209.02989976845933,-180.60912370462165,180.63839631579563,343.6983740885465,1.0,False,False,False,False,False,False,False,0.5632009821810625,0.3530631769618871,0.08373584085705034,False,LHS-02-017,2026071901,f4f3ad093aa93f72c05d7f59cde2e902950ec2ec3fad9d46e2624ceed09b8326,student_t_df4,empirical_resample,0.005594821255596463,0.9364655062362295,-180.60912370461983
ranking_proportional_repaired,ranking,repaired,335.80404685923855,-213.74172290136212,-185.19231349127017,185.22171859122346,310.75119901298854,1.0,False,False,False,False,False,False,False,0.4252761109743977,0.41731036270383504,0.15741352632176728,False,LHS-02-017,2026071902,860d5be2642a8cf164883444c668c1d60d80129b0f995e5f5bcee738ab29cb0d,student_t_df4,empirical_resample,0.005594821255596463,0.9364655062362295,-181.89679755830548
expected_profit,economic_plus_operational,optimal,353.5722996129167,-209.67757606861227,-180.53366810375346,180.56368552073135,347.0579867824092,1.0,True,False,False,False,False,False,False,0.5807813730437663,0.33548278609918336,0.08373584085705034,False,LHS-02-017,2026071902,860d5be2642a8cf164883444c668c1d60d80129b0f995e5f5bcee738ab29cb0d,student_t_df4,empirical_resample,0.005594821255596463,0.9364655062362295,-181.89679755830548
mean_variance,variance_penalty,optimal,353.57229961584767,-209.67757607047886,-180.53366810537378,180.56368552235196,347.057986785134,1.0000000000087248,True,False,False,False,False,False,False,0.5807813730475464,0.335482786102758,0.08373584085842044,False,LHS-02-017,2026071902,860d5be2642a8cf164883444c668c1d60d80129b0f995e5f5bcee738ab29cb0d,student_t_df4,empirical_resample,0.005594821255596463,0.9364655062362295,-181.89679755830548
loss_CVaR,economic_operational_plus_CVaR,optimal,353.5001182544257,-211.3899269268371,-181.89679755830724,181.92717466364624,343.967416090556,1.0,False,False,False,False,False,False,False,0.5646088419508664,0.3516553171920833,0.08373584085705034,False,LHS-02-017,2026071902,860d5be2642a8cf164883444c668c1d60d80129b0f995e5f5bcee738ab29cb0d,student_t_df4,empirical_resample,0.005594821255596463,0.9364655062362295,-181.89679755830548
ranking_proportional_repaired,ranking,repaired,336.13134207628667,-213.2190742764025,-184.85856819218776,184.8877787269541,310.75119901298854,1.0,False,False,False,False,False,False,False,0.4252761109743977,0.41731036270383504,0.15741352632176728,False,LHS-02-017,2026071903,42cf55a4de21d2463870ad467a272009d608f0b4c3a97809ac3a05825334c4eb,student_t_df4,empirical_resample,0.005594821255596463,0.9364655062362295,-181.06564832085976
expected_profit,economic_plus_operational,optimal,354.3109561994998,-208.3674211994822,-179.4967768905488,179.52651285353934,347.0579867824092,1.0,True,False,False,False,False,False,False,0.5807813730437663,0.33548278609918336,0.08373584085705034,False,LHS-02-017,2026071903,42cf55a4de21d2463870ad467a272009d608f0b4c3a97809ac3a05825334c4eb,student_t_df4,empirical_resample,0.005594821255596463,0.9364655062362295,-181.06564832085976
mean_variance,variance_penalty,optimal,354.3109561994998,-208.3674211994822,-179.4967768905488,179.52651285353934,347.0579867824092,1.0,True,False,False,False,False,False,False,0.5807813730437663,0.33548278609918336,0.08373584085705034,False,LHS-02-017,2026071903,42cf55a4de21d2463870ad467a272009d608f0b4c3a97809ac3a05825334c4eb,student_t_df4,empirical_resample,0.005594821255596463,0.9364655062362295,-181.06564832085976
loss_CVaR,economic_operational_plus_CVaR,optimal,354.1730405937061,-210.0458066692039,-181.06564832086133,181.0954970802754,343.7164577116624,1.0,False,False,False,False,False,False,False,0.5632956112920823,0.3529685478508674,0.08373584085705034,False,LHS-02-017,2026071903,42cf55a4de21d2463870ad467a272009d608f0b4c3a97809ac3a05825334c4eb,student_t_df4,empirical_resample,0.005594821255596463,0.9364655062362295,-181.06564832085976
ranking_proportional_repaired,ranking,repaired,333.6430065776389,-211.6332833925948,-183.005234755672,183.0347208518481,310.75119901298854,1.0,False,False,False,False,False,False,False,0.4252761109743977,0.41731036270383504,0.15741352632176728,False,LHS-02-017,2026071904,61883490bfb9a121899209a00357fd345520cf6411d65af58896dfdd0457a6c9,student_t_df4,empirical_resample,0.005594821255596463,0.9364655062362295,-179.7613757090287
expected_profit,economic_plus_operational,optimal,351.56481782980563,-207.84401562543414,-178.41961317386273,178.44991949238326,347.0579867824092,1.0,True,False,False,False,False,False,False,0.5807813730437663,0.33548278609918336,0.08373584085705034,False,LHS-02-017,2026071904,61883490bfb9a121899209a00357fd345520cf6411d65af58896dfdd0457a6c9,student_t_df4,empirical_resample,0.005594821255596463,0.9364655062362295,-179.7613757090287
mean_variance,variance_penalty,optimal,351.5648178312663,-207.8440156263337,-178.41961317467027,178.4499194931909,347.05798678376715,1.000000000004378,True,False,False,False,False,False,False,0.5807813730456148,0.33548278610102417,0.0837358408577392,False,LHS-02-017,2026071904,61883490bfb9a121899209a00357fd345520cf6411d65af58896dfdd0457a6c9,student_t_df4,empirical_resample,0.005594821255596463,0.9364655062362295,-179.7613757090287
loss_CVaR,economic_operational_plus_CVaR,optimal,351.46011001723923,-209.3745369812553,-179.76137570903055,179.79187644390163,343.9950304001511,1.0,False,False,False,False,False,False,False,0.5647533438325779,0.35151081531037176,0.08373584085705034,False,LHS-02-017,2026071904,61883490bfb9a121899209a00357fd345520cf6411d65af58896dfdd0457a6c9,student_t_df4,empirical_resample,0.005594821255596463,0.9364655062362295,-179.7613757090287
ranking_proportional_repaired,ranking,repaired,334.9694000659089,-213.04261377142657,-183.39417367500548,183.4247107460871,310.75119901298854,1.0,False,False,False,False,False,False,False,0.4252761109743977,0.41731036270383504,0.15741352632176728,False,LHS-02-017,2026071905,96f619768e1c21daede0631d040c5c20255b44804ffcc9621456daaba44cc78e,student_t_df4,empirical_resample,0.005594821255596463,0.9364655062362295,-179.74046236385027
expected_profit,economic_plus_operational,optimal,352.4971318513135,-208.9487161537214,-178.22917198990717,178.2608122684741,347.0579867824092,1.0,True,False,False,False,False,False,False,0.5807813730437663,0.33548278609918336,0.08373584085705034,False,LHS-02-017,2026071905,96f619768e1c21daede0631d040c5c20255b44804ffcc9621456daaba44cc78e,student_t_df4,empirical_resample,0.005594821255596463,0.9364655062362295,-179.74046236385027
mean_variance,variance_penalty,optimal,352.4971318513135,-208.9487161537214,-178.22917198990717,178.2608122684741,347.0579867824092,1.0,True,False,False,False,False,False,False,0.5807813730437663,0.33548278609918336,0.08373584085705034,False,LHS-02-017,2026071905,96f619768e1c21daede0631d040c5c20255b44804ffcc9621456daaba44cc78e,student_t_df4,empirical_resample,0.005594821255596463,0.9364655062362295,-179.74046236385027
loss_CVaR,economic_operational_plus_CVaR,optimal,352.44420347401905,-210.497409198716,-179.74046236385217,179.77214116613305,343.78776719655133,1.0,False,False,False,False,False,False,False,0.5636687640125895,0.3525953951303602,0.08373584085705034,False,LHS-02-017,2026071905,96f619768e1c21daede0631d040c5c20255b44804ffcc9621456daaba44cc78e,student_t_df4,empirical_resample,0.005594821255596463,0.9364655062362295,-179.74046236385027
ranking_proportional_repaired,ranking,repaired,336.3664018261391,-125.45175397710203,-74.87905539050854,75.00092635832387,310.75119901298854,1.0,False,False,False,False,False,False,False,0.4252761109743977,0.41731036270383504,0.15741352632176728,False,LHS-02-018,2026071901,cfbf985e1e6f366fcbce9da52dac69f257de302eb217fd9912c18bb9ed5c006e,student_t_df4,gaussian,0.23528981165352494,0.9759580765987664,-67.09933457538959
expected_profit,economic_plus_operational,optimal,366.7308132939313,-100.23667753190556,-45.81370781658871,45.944857234673115,370.95388801807917,1.0,True,False,False,False,False,False,False,0.6816476608696804,0.2862751927291932,0.03207714640112636,False,LHS-02-018,2026071901,cfbf985e1e6f366fcbce9da52dac69f257de302eb217fd9912c18bb9ed5c006e,student_t_df4,gaussian,0.23528981165352494,0.9759580765987664,-67.09933457538959
mean_variance,variance_penalty,optimal,366.7308132939313,-100.23667753190556,-45.81370781658871,45.944857234673115,370.95388801807917,1.0,True,False,False,False,False,False,False,0.6816476608696804,0.2862751927291932,0.03207714640112636,False,LHS-02-018,2026071901,cfbf985e1e6f366fcbce9da52dac69f257de302eb217fd9912c18bb9ed5c006e,student_t_df4,gaussian,0.23528981165352494,0.9759580765987664,-67.09933457538959
loss_CVaR,economic_operational_plus_CVaR,optimal,366.0059323834665,-121.75400666035728,-67.09933457539026,67.23104235387116,347.1112805631196,1.0000000000000002,False,False,False,False,False,False,False,0.5568825773795724,0.41104027621930134,0.03207714640112636,False,LHS-02-018,2026071901,cfbf985e1e6f366fcbce9da52dac69f257de302eb217fd9912c18bb9ed5c006e,student_t_df4,gaussian,0.23528981165352494,0.9759580765987664,-67.09933457538959
ranking_proportional_repaired,ranking,repaired,337.1178322338103,-130.0539666428927,-85.26099895123694,85.36894182311188,310.75119901298854,1.0,False,False,False,False,False,False,False,0.4252761109743977,0.41731036270383504,0.15741352632176728,False,LHS-02-018,2026071902,86e776fa84ce240014f391396d002af3e9464fc7b5f4d42814f6588693fb418a,student_t_df4,gaussian,0.23528981165352494,0.9759580765987664,-78.40772218293026
expected_profit,economic_plus_operational,optimal,367.61005463594114,-111.97689376625976,-59.656883324877136,59.782964995161784,370.95388801807917,1.0,True,False,False,False,False,False,False,0.6816476608696804,0.2862751927291932,0.03207714640112636,False,LHS-02-018,2026071902,86e776fa84ce240014f391396d002af3e9464fc7b5f4d42814f6588693fb418a,student_t_df4,gaussian,0.23528981165352494,0.9759580765987664,-78.40772218293026
mean_variance,variance_penalty,optimal,367.61005463594114,-111.97689376625976,-59.656883324877136,59.782964995161784,370.95388801807917,1.0,True,False,False,False,False,False,False,0.6816476608696804,0.2862751927291932,0.03207714640112636,False,LHS-02-018,2026071902,86e776fa84ce240014f391396d002af3e9464fc7b5f4d42814f6588693fb418a,student_t_df4,gaussian,0.23528981165352494,0.9759580765987664,-78.40772218293026
loss_CVaR,economic_operational_plus_CVaR,optimal,366.9073602355096,-127.11186726046151,-78.40772218293088,78.52509027803171,348.86933080804346,0.9999999999999999,False,False,False,False,False,False,False,0.5660822123608592,0.4018406412380144,0.03207714640112636,False,LHS-02-018,2026071902,86e776fa84ce240014f391396d002af3e9464fc7b5f4d42814f6588693fb418a,student_t_df4,gaussian,0.23528981165352494,0.9759580765987664,-78.40772218293026
ranking_proportional_repaired,ranking,repaired,337.5924875069428,-125.89538575686302,-78.24098556495524,78.35582396659011,310.75119901298854,1.0,False,False,False,False,False,False,False,0.4252761109743977,0.41731036270383504,0.15741352632176728,False,LHS-02-018,2026071903,f066312fa92ecc4802b7f12637c637ff46eca76eade93e9da8e4ffb9b9fd1ad8,student_t_df4,gaussian,0.23528981165352494,0.9759580765987664,-71.08191120544551
expected_profit,economic_plus_operational,optimal,368.6819965208029,-106.33726215983062,-51.494397928763036,51.626559215947665,370.95388801807917,1.0,True,False,False,False,False,False,False,0.6816476608696804,0.2862751927291932,0.03207714640112636,False,LHS-02-018,2026071903,f066312fa92ecc4802b7f12637c637ff46eca76eade93e9da8e4ffb9b9fd1ad8,student_t_df4,gaussian,0.23528981165352494,0.9759580765987664,-71.08191120544551
mean_variance,variance_penalty,optimal,368.6819965278314,-106.33726216227487,-51.49439793054576,51.62655921773199,370.95388802455557,1.0000000000208238,True,False,False,False,False,False,False,0.6816476608785682,0.2862751927378439,0.032077146404411505,False,LHS-02-018,2026071903,f066312fa92ecc4802b7f12637c637ff46eca76eade93e9da8e4ffb9b9fd1ad8,student_t_df4,gaussian,0.23528981165352494,0.9759580765987664,-71.08191120544551
loss_CVaR,economic_operational_plus_CVaR,optimal,367.55234977639105,-125.28895051135046,-71.08191120544615,71.21254027067792,347.0728666512504,1.0,False,False,False,False,False,False,False,0.5566815626654483,0.4112412909334253,0.03207714640112636,False,LHS-02-018,2026071903,f066312fa92ecc4802b7f12637c637ff46eca76eade93e9da8e4ffb9b9fd1ad8,student_t_df4,gaussian,0.23528981165352494,0.9759580765987664,-71.08191120544551
ranking_proportional_repaired,ranking,repaired,334.07935099120255,-125.12395890642162,-75.73147283201635,75.8504997032122,310.75119901298854,1.0,False,False,False,False,False,False,False,0.4252761109743977,0.41731036270383504,0.15741352632176728,False,LHS-02-018,2026071904,fee6347540e8b7d39b57c979fc6f03fa149778dfbcc67fff4c54a22d02bd7dde,student_t_df4,gaussian,0.23528981165352494,0.9759580765987664,-68.07435752361108
expected_profit,economic_plus_operational,optimal,364.5520596829428,-103.29815890674617,-47.12418432625545,47.25955334628977,370.95388801807917,1.0,True,False,False,False,False,False,False,0.6816476608696804,0.2862751927291932,0.03207714640112636,False,LHS-02-018,2026071904,fee6347540e8b7d39b57c979fc6f03fa149778dfbcc67fff4c54a22d02bd7dde,student_t_df4,gaussian,0.23528981165352494,0.9759580765987664,-68.07435752361108
mean_variance,variance_penalty,optimal,364.5520596829428,-103.29815890674617,-47.12418432625545,47.25955334628977,370.95388801807917,1.0,True,False,False,False,False,False,False,0.6816476608696804,0.2862751927291932,0.03207714640112636,False,LHS-02-018,2026071904,fee6347540e8b7d39b57c979fc6f03fa149778dfbcc67fff4c54a22d02bd7dde,student_t_df4,gaussian,0.23528981165352494,0.9759580765987664,-68.07435752361108
loss_CVaR,economic_operational_plus_CVaR,optimal,363.63048593317757,-123.66181405184578,-68.07435752361158,68.20831314225211,346.6835859052923,0.9999999999999999,False,False,False,False,False,False,False,0.5546445100963323,0.4132783435025413,0.03207714640112636,False,LHS-02-018,2026071904,fee6347540e8b7d39b57c979fc6f03fa149778dfbcc67fff4c54a22d02bd7dde,student_t_df4,gaussian,0.23528981165352494,0.9759580765987664,-68.07435752361108
ranking_proportional_repaired,ranking,repaired,336.0981250171111,-126.026412378375,-74.63348323576743,74.75733080942912,310.75119901298854,1.0,False,False,False,False,False,False,False,0.4252761109743977,0.41731036270383504,0.15741352632176728,False,LHS-02-018,2026071905,98de7e1fd9676515c25d554ff51588ca0d6aafe5d32d933c49c6be2d9af9e4c4,student_t_df4,gaussian,0.23528981165352494,0.9759580765987664,-67.0616700612271
expected_profit,economic_plus_operational,optimal,366.1332782489034,-103.80274183017036,-46.34488690784961,46.48334984504063,370.95388801807917,1.0,True,False,False,False,False,False,False,0.6816476608696804,0.2862751927291932,0.03207714640112636,False,LHS-02-018,2026071905,98de7e1fd9676515c25d554ff51588ca0d6aafe5d32d933c49c6be2d9af9e4c4,student_t_df4,gaussian,0.23528981165352494,0.9759580765987664,-67.0616700612271
mean_variance,variance_penalty,optimal,366.13327825303907,-103.80274183188178,-46.344886908856445,46.48334984604915,370.9538880218938,1.0000000000123108,True,False,False,False,False,False,False,0.6816476608748621,0.28627519273437696,0.03207714640307187,False,LHS-02-018,2026071905,98de7e1fd9676515c25d554ff51588ca0d6aafe5d32d933c49c6be2d9af9e4c4,student_t_df4,gaussian,0.23528981165352494,0.9759580765987664,-67.0616700612271
loss_CVaR,economic_operational_plus_CVaR,optimal,365.5511413892182,-122.51599877688858,-67.0616700612277,67.19530486615224,346.4770464090031,0.9999999999999999,False,False,False,False,False,False,False,0.5535637173371002,0.4143591362617734,0.03207714640112636,False,LHS-02-018,2026071905,98de7e1fd9676515c25d554ff51588ca0d6aafe5d32d933c49c6be2d9af9e4c4,student_t_df4,gaussian,0.23528981165352494,0.9759580765987664,-67.0616700612271
ranking_proportional_repaired,ranking,repaired,336.73009745542964,-179.82018512019704,-93.76267158950094,93.77788089068821,310.75119901298854,1.0,False,False,False,False,False,False,False,0.4252761109743977,0.41731036270383504,0.15741352632176728,False,LHS-02-019,2026071901,a13eb1dba78657f1d744b615715585d75877e5089158d5257549447e23b21a41,student_t_df4,student_t_df5,0.5886869602651238,0.9223137322431681,-91.74547517825269
expected_profit,economic_plus_operational,optimal,352.8362043586463,-180.93327510830204,-87.05903044231044,87.07562122680183,343.55817600133605,1.0,True,False,False,False,False,False,False,0.5663297358038549,0.34168193111496575,0.0919883330811793,False,LHS-02-019,2026071901,a13eb1dba78657f1d744b615715585d75877e5089158d5257549447e23b21a41,student_t_df4,student_t_df5,0.5886869602651238,0.9223137322431681,-91.74547517825269
mean_variance,variance_penalty,optimal,352.8362043586463,-180.93327510830204,-87.05903044231044,87.07562122680183,343.55817600133605,1.0,True,False,False,False,False,False,False,0.5663297358038549,0.34168193111496575,0.0919883330811793,False,LHS-02-019,2026071901,a13eb1dba78657f1d744b615715585d75877e5089158d5257549447e23b21a41,student_t_df4,student_t_df5,0.5886869602651238,0.9223137322431681,-91.74547517825269
loss_CVaR,economic_operational_plus_CVaR,optimal,352.51849167382886,-184.6905863664618,-91.74547517825046,91.76190175312983,335.1157075334062,1.0,False,False,False,False,False,False,False,0.5221514601998265,0.38586020671899424,0.0919883330811793,False,LHS-02-019,2026071901,a13eb1dba78657f1d744b615715585d75877e5089158d5257549447e23b21a41,student_t_df4,student_t_df5,0.5886869602651238,0.9223137322431681,-91.74547517825269
ranking_proportional_repaired,ranking,repaired,337.83970684825675,-178.68295397226458,-100.55537836278374,100.56918617316221,310.75119901298854,1.0,False,False,False,False,False,False,False,0.4252761109743977,0.41731036270383504,0.15741352632176728,False,LHS-02-019,2026071902,5d08fc2490ff29c39bfac1b130caa6f6dbbc5e8cd2223cbf16164f718d2ba49d,student_t_df4,student_t_df5,0.5886869602651238,0.9223137322431681,-98.5325729565074
expected_profit,economic_plus_operational,optimal,354.00049693820665,-179.97632416529729,-93.83309714184779,93.848321591536,343.55817600133605,1.0,True,False,False,False,False,False,False,0.5663297358038549,0.34168193111496575,0.0919883330811793,False,LHS-02-019,2026071902,5d08fc2490ff29c39bfac1b130caa6f6dbbc5e8cd2223cbf16164f718d2ba49d,student_t_df4,student_t_df5,0.5886869602651238,0.9223137322431681,-98.5325729565074
mean_variance,variance_penalty,optimal,354.00049694435694,-179.9763241685637,-93.83309714369051,93.84832159337896,343.5581760069941,1.000000000018204,True,False,False,False,False,False,False,0.566329735811602,0.3416819311225579,0.09198833308404433,False,LHS-02-019,2026071902,5d08fc2490ff29c39bfac1b130caa6f6dbbc5e8cd2223cbf16164f718d2ba49d,student_t_df4,student_t_df5,0.5886869602651238,0.9223137322431681,-98.5325729565074
loss_CVaR,economic_operational_plus_CVaR,optimal,353.6760812761237,-183.18519023994008,-98.53257295650494,98.54753396455325,335.1442874199342,1.0,False,False,False,False,False,False,False,0.5223010148127413,0.38571065210607947,0.0919883330811793,False,LHS-02-019,2026071902,5d08fc2490ff29c39bfac1b130caa6f6dbbc5e8cd2223cbf16164f718d2ba49d,student_t_df4,student_t_df5,0.5886869602651238,0.9223137322431681,-98.5325729565074
ranking_proportional_repaired,ranking,repaired,337.98658828500373,-182.28488446024846,-100.14710865648199,100.16162520616832,310.75119901298854,1.0,False,False,False,False,False,False,False,0.4252761109743977,0.41731036270383504,0.15741352632176728,False,LHS-02-019,2026071903,aa141ee0dfef398cfc7a621032abf4164c282ded428617329a1fd2811b5faca3,student_t_df4,student_t_df5,0.5886869602651238,0.9223137322431681,-98.28759722569046
expected_profit,economic_plus_operational,optimal,354.3047430404498,-183.8264032141905,-93.96749358696506,93.98337472464623,343.55817600133605,1.0,True,False,False,False,False,False,False,0.5663297358038549,0.34168193111496575,0.0919883330811793,False,LHS-02-019,2026071903,aa141ee0dfef398cfc7a621032abf4164c282ded428617329a1fd2811b5faca3,student_t_df4,student_t_df5,0.5886869602651238,0.9223137322431681,-98.28759722569046
mean_variance,variance_penalty,optimal,354.3047430404498,-183.8264032141905,-93.96749358696506,93.98337472464623,343.55817600133605,1.0,True,False,False,False,False,False,False,0.5663297358038549,0.34168193111496575,0.0919883330811793,False,LHS-02-019,2026071903,aa141ee0dfef398cfc7a621032abf4164c282ded428617329a1fd2811b5faca3,student_t_df4,student_t_df5,0.5886869602651238,0.9223137322431681,-98.28759722569046
loss_CVaR,economic_operational_plus_CVaR,optimal,353.93881842024655,-186.84146406964567,-98.28759722568822,98.30324771774718,335.61497759358605,1.0,False,False,False,False,False,False,False,0.5247640717130647,0.3832475952057561,0.0919883330811793,False,LHS-02-019,2026071903,aa141ee0dfef398cfc7a621032abf4164c282ded428617329a1fd2811b5faca3,student_t_df4,student_t_df5,0.5886869602651238,0.9223137322431681,-98.28759722569046
ranking_proportional_repaired,ranking,repaired,334.26199220192694,-176.0311030979447,-99.52511710233773,99.53863832246012,310.75119901298854,1.0,False,False,False,False,False,False,False,0.4252761109743977,0.41731036270383504,0.15741352632176728,False,LHS-02-019,2026071904,b8647e00c041af982166dc23acfcc8efa30d74863840f79579f598d1942da229,student_t_df4,student_t_df5,0.5886869602651238,0.9223137322431681,-97.67960895459561
expected_profit,economic_plus_operational,optimal,350.233842080808,-177.36424192017068,-93.39203839582555,93.40687915152904,343.55817600133605,1.0,True,False,False,False,False,False,False,0.5663297358038549,0.34168193111496575,0.0919883330811793,False,LHS-02-019,2026071904,b8647e00c041af982166dc23acfcc8efa30d74863840f79579f598d1942da229,student_t_df4,student_t_df5,0.5886869602651238,0.9223137322431681,-97.67960895459561
mean_variance,variance_penalty,optimal,350.233842080808,-177.36424192017068,-93.39203839582555,93.40687915152904,343.55817600133605,1.0,True,False,False,False,False,False,False,0.5663297358038549,0.34168193111496575,0.0919883330811793,False,LHS-02-019,2026071904,b8647e00c041af982166dc23acfcc8efa30d74863840f79579f598d1942da229,student_t_df4,student_t_df5,0.5886869602651238,0.9223137322431681,-97.67960895459561
loss_CVaR,economic_operational_plus_CVaR,optimal,349.9412939415908,-179.15664858372224,-97.67960895459345,97.69400872963601,335.62263326545644,1.0,False,False,False,False,False,False,False,0.5248041327903563,0.3832075341284644,0.0919883330811793,False,LHS-02-019,2026071904,b8647e00c041af982166dc23acfcc8efa30d74863840f79579f598d1942da229,student_t_df4,student_t_df5,0.5886869602651238,0.9223137322431681,-97.67960895459561
ranking_proportional_repaired,ranking,repaired,337.23797458897855,-180.16242028671982,-98.6746473928987,98.68904906487565,310.75119901298854,1.0,False,False,False,False,False,False,False,0.4252761109743977,0.41731036270383504,0.15741352632176728,False,LHS-02-019,2026071905,b55675207eb0624ec742d1e9022c5a881c87fa199edb13019f10c1953ed3d0ad,student_t_df4,student_t_df5,0.5886869602651238,0.9223137322431681,-96.71025691560283
expected_profit,economic_plus_operational,optimal,353.35435479756705,-181.56991244062206,-92.14649338701238,92.16229755863877,343.55817600133605,1.0,True,False,False,False,False,False,False,0.5663297358038549,0.34168193111496575,0.0919883330811793,False,LHS-02-019,2026071905,b55675207eb0624ec742d1e9022c5a881c87fa199edb13019f10c1953ed3d0ad,student_t_df4,student_t_df5,0.5886869602651238,0.9223137322431681,-96.71025691560283
mean_variance,variance_penalty,optimal,353.35435479756705,-181.56991244062206,-92.14649338701238,92.16229755863877,343.55817600133605,1.0,True,False,False,False,False,False,False,0.5663297358038549,0.34168193111496575,0.0919883330811793,False,LHS-02-019,2026071905,b55675207eb0624ec742d1e9022c5a881c87fa199edb13019f10c1953ed3d0ad,student_t_df4,student_t_df5,0.5886869602651238,0.9223137322431681,-96.71025691560283
loss_CVaR,economic_operational_plus_CVaR,optimal,353.05593082340016,-184.03618568402092,-96.71025691560054,96.725690389072,335.2968568670277,1.0,False,False,False,False,False,False,False,0.5230993897321212,0.38491227718669946,0.0919883330811793,False,LHS-02-019,2026071905,b55675207eb0624ec742d1e9022c5a881c87fa199edb13019f10c1953ed3d0ad,student_t_df4,student_t_df5,0.5886869602651238,0.9223137322431681,-96.71025691560283
ranking_proportional_repaired,ranking,repaired,336.1453934347759,-159.87933840863036,-144.87734717989542,144.90223549354795,310.75119901298854,1.0,False,False,False,False,False,False,False,0.4252761109743977,0.41731036270383504,0.15741352632176728,False,LHS-02-020,2026071901,bb4496c3f1b244146b8d724ed1612d5bb4f846a639988071d2cc2c1e420df680,student_t_df4,empirical_resample,0.37129253841499055,0.9657569037233302,-142.81303624249966
expected_profit,economic_plus_operational,optimal,362.20984534796884,-153.92839070068075,-141.5551355439424,141.5756627826635,371.38295568368744,1.0,True,False,False,False,False,False,False,0.6931649903657895,0.25494688379325686,0.051888125840953626,False,LHS-02-020,2026071901,bb4496c3f1b244146b8d724ed1612d5bb4f846a639988071d2cc2c1e420df680,student_t_df4,empirical_resample,0.37129253841499055,0.9657569037233302,-142.81303624249966
mean_variance,variance_penalty,optimal,362.2098453501525,-153.92839070176456,-141.55513554488832,141.57566278360963,371.38295568570555,1.0000000000064915,True,False,False,False,False,False,False,0.6931649903685513,0.2549468837959713,0.05188812584196893,False,LHS-02-020,2026071901,bb4496c3f1b244146b8d724ed1612d5bb4f846a639988071d2cc2c1e420df680,student_t_df4,empirical_resample,0.37129253841499055,0.9657569037233302,-142.81303624249966
loss_CVaR,economic_operational_plus_CVaR,optimal,362.0877661525203,-155.57300439913334,-142.8130362424987,142.83420503834964,367.4694717925106,1.0000000000000002,False,False,False,False,False,False,False,0.6726862677536655,0.27542560640538105,0.051888125840953626,False,LHS-02-020,2026071901,bb4496c3f1b244146b8d724ed1612d5bb4f846a639988071d2cc2c1e420df680,student_t_df4,empirical_resample,0.37129253841499055,0.9657569037233302,-142.81303624249966
ranking_proportional_repaired,ranking,repaired,336.65349164451607,-156.99703735199225,-144.95044445410397,144.97042975991545,310.75119901298854,1.0,False,False,False,False,False,False,False,0.4252761109743977,0.41731036270383504,0.15741352632176728,False,LHS-02-020,2026071902,9976d973871459f6caa3194a12ab4fbbab108d2834527d1965f785862427eb07,student_t_df4,empirical_resample,0.37129253841499055,0.9657569037233302,-142.73730900166274
expected_profit,economic_plus_operational,optimal,362.7208818642365,-151.72555814270882,-141.38872115997853,141.4058699795638,371.38295568368744,1.0,True,False,False,False,False,False,False,0.6931649903657895,0.25494688379325686,0.051888125840953626,False,LHS-02-020,2026071902,9976d973871459f6caa3194a12ab4fbbab108d2834527d1965f785862427eb07,student_t_df4,empirical_resample,0.37129253841499055,0.9657569037233302,-142.73730900166274
mean_variance,variance_penalty,optimal,362.72088186843587,-151.72555814465179,-141.38872116179655,141.40586998138204,371.3829556875632,1.000000000012465,True,False,False,False,False,False,False,0.6931649903710959,0.2549468837984659,0.051888125842903206,False,LHS-02-020,2026071902,9976d973871459f6caa3194a12ab4fbbab108d2834527d1965f785862427eb07,student_t_df4,empirical_resample,0.37129253841499055,0.9657569037233302,-142.73730900166274
loss_CVaR,economic_operational_plus_CVaR,optimal,362.5855401254845,-152.9778521024254,-142.73730900166214,142.75429806963172,366.9384338102426,1.0,False,False,False,False,False,False,False,0.669907419076177,0.2782044550828694,0.051888125840953626,False,LHS-02-020,2026071902,9976d973871459f6caa3194a12ab4fbbab108d2834527d1965f785862427eb07,student_t_df4,empirical_resample,0.37129253841499055,0.9657569037233302,-142.73730900166274
ranking_proportional_repaired,ranking,repaired,337.0892792815516,-158.29985306980913,-144.7829326029006,144.80535718314917,310.75119901298854,1.0,False,False,False,False,False,False,False,0.4252761109743977,0.41731036270383504,0.15741352632176728,False,LHS-02-020,2026071903,79bfcc8424b540dcc87437b13d7c914f1244a98598ff4e99f1c710f0eb1ed377,student_t_df4,empirical_resample,0.37129253841499055,0.9657569037233302,-143.0087597475172
expected_profit,economic_plus_operational,optimal,363.6764967028814,-153.8194203407351,-141.92765649232464,141.94738493663772,371.38295568368744,1.0,True,False,False,False,False,False,False,0.6931649903657895,0.25494688379325686,0.051888125840953626,False,LHS-02-020,2026071903,79bfcc8424b540dcc87437b13d7c914f1244a98598ff4e99f1c710f0eb1ed377,student_t_df4,empirical_resample,0.37129253841499055,0.9657569037233302,-143.0087597475172
mean_variance,variance_penalty,optimal,363.6764967090744,-153.8194203438875,-141.92765649499708,141.94738493931092,371.38295568939725,1.0000000000183604,True,False,False,False,False,False,False,0.6931649903736122,0.2549468838009208,0.051888125843827466,False,LHS-02-020,2026071903,79bfcc8424b540dcc87437b13d7c914f1244a98598ff4e99f1c710f0eb1ed377,student_t_df4,empirical_resample,0.37129253841499055,0.9657569037233302,-143.0087597475172
loss_CVaR,economic_operational_plus_CVaR,optimal,363.5256671356113,-154.92210412305724,-143.00875974751656,143.02852399393885,367.8450315150747,1.0,False,False,False,False,False,False,False,0.6746515200957068,0.2734603540633396,0.051888125840953626,False,LHS-02-020,2026071903,79bfcc8424b540dcc87437b13d7c914f1244a98598ff4e99f1c710f0eb1ed377,student_t_df4,empirical_resample,0.37129253841499055,0.9657569037233302,-143.0087597475172
ranking_proportional_repaired,ranking,repaired,333.4489514047807,-155.50063934002418,-144.46994043485046,144.488240371837,310.75119901298854,1.0,False,False,False,False,False,False,False,0.4252761109743977,0.41731036270383504,0.15741352632176728,False,LHS-02-020,2026071904,48495ad0041611fa3a05a04e4e34022c2d748aeed2513b8be4beaad028821d8d,student_t_df4,empirical_resample,0.37129253841499055,0.9657569037233302,-142.57436584278324
expected_profit,economic_plus_operational,optimal,359.52886288368734,-151.0639530369258,-141.4192856848799,141.43528619457706,371.38295568368744,1.0,True,False,False,False,False,False,False,0.6931649903657895,0.25494688379325686,0.051888125840953626,False,LHS-02-020,2026071904,48495ad0041611fa3a05a04e4e34022c2d748aeed2513b8be4beaad028821d8d,student_t_df4,empirical_resample,0.37129253841499055,0.9657569037233302,-142.57436584278324
mean_variance,variance_penalty,optimal,359.5288628848957,-151.0639530374707,-141.4192856854057,141.4352861951029,371.3829556848142,1.0000000000036213,True,False,False,False,False,False,False,0.6931649903673349,0.2549468837947665,0.051888125841519875,False,LHS-02-020,2026071904,48495ad0041611fa3a05a04e4e34022c2d748aeed2513b8be4beaad028821d8d,student_t_df4,empirical_resample,0.37129253841499055,0.9657569037233302,-142.57436584278324
loss_CVaR,economic_operational_plus_CVaR,optimal,359.38902370956896,-152.5487814401883,-142.57436584278247,142.59091340504298,367.56400627869226,1.0,False,False,False,False,False,False,False,0.6731809537096136,0.27493092044943274,0.051888125840953626,False,LHS-02-020,2026071904,48495ad0041611fa3a05a04e4e34022c2d748aeed2513b8be4beaad028821d8d,student_t_df4,empirical_resample,0.37129253841499055,0.9657569037233302,-142.57436584278324
ranking_proportional_repaired,ranking,repaired,336.14692883017597,-157.0083125525253,-144.81636419462066,144.83659064523917,310.75119901298854,1.0,False,False,False,False,False,False,False,0.4252761109743977,0.41731036270383504,0.15741352632176728,False,LHS-02-020,2026071905,620ff9faa5bddcbee1a5bec40e25fbe4628cdbc1f0337e9a10839915c3e050a8,student_t_df4,empirical_resample,0.37129253841499055,0.9657569037233302,-142.60794127074928
expected_profit,economic_plus_operational,optimal,362.2972770109683,-151.5285867609515,-141.26222503763557,141.27925693871754,371.38295568368744,1.0,True,False,False,False,False,False,False,0.6931649903657895,0.25494688379325686,0.051888125840953626,False,LHS-02-020,2026071905,620ff9faa5bddcbee1a5bec40e25fbe4628cdbc1f0337e9a10839915c3e050a8,student_t_df4,empirical_resample,0.37129253841499055,0.9657569037233302,-142.60794127074928
mean_variance,variance_penalty,optimal,362.2972770109683,-151.5285867609515,-141.26222503763557,141.27925693871754,371.38295568368744,1.0,True,False,False,False,False,False,False,0.6931649903657895,0.25494688379325686,0.051888125840953626,False,LHS-02-020,2026071905,620ff9faa5bddcbee1a5bec40e25fbe4628cdbc1f0337e9a10839915c3e050a8,student_t_df4,empirical_resample,0.37129253841499055,0.9657569037233302,-142.60794127074928
loss_CVaR,economic_operational_plus_CVaR,optimal,362.15639479065203,-153.00625369553342,-142.60794127074882,142.62519207813426,367.0080242178902,1.0,False,False,False,False,False,False,False,0.6702715761020672,0.2778402980569792,0.051888125840953626,False,LHS-02-020,2026071905,620ff9faa5bddcbee1a5bec40e25fbe4628cdbc1f0337e9a10839915c3e050a8,student_t_df4,empirical_resample,0.37129253841499055,0.9657569037233302,-142.60794127074928
ranking_proportional_repaired,ranking,repaired,336.56805449718587,-139.08193369635276,-83.73855095038934,83.77600722570931,310.75119901298854,1.0,False,False,False,False,False,False,False,0.4252761109743977,0.41731036270383504,0.15741352632176728,False,LHS-02-021,2026071901,4cbc46a741f1fa442673e94189ec6f88b17c33a0182f12aedc0b520b4a2dcfb7,student_t_df4,gaussian,0.5586643213603801,0.946036547076939,-83.23082854999063
expected_profit,economic_plus_operational,optimal,341.50357830464895,-138.62912706271808,-82.41794419072858,82.45598779119622,319.1366961980148,1.0,True,False,False,False,False,False,False,0.4595782359693058,0.4034729190427743,0.13694884498791987,False,LHS-02-021,2026071901,4cbc46a741f1fa442673e94189ec6f88b17c33a0182f12aedc0b520b4a2dcfb7,student_t_df4,gaussian,0.5586643213603801,0.946036547076939,-83.23082854999063
mean_variance,variance_penalty,optimal,341.50357831274476,-138.62912706610803,-82.41794419274433,82.4559877932129,319.136696205488,1.000000000024055,True,False,False,False,False,False,False,0.4595782359795262,0.40347291905282134,0.13694884499170756,False,LHS-02-021,2026071901,4cbc46a741f1fa442673e94189ec6f88b17c33a0182f12aedc0b520b4a2dcfb7,student_t_df4,gaussian,0.5586643213603801,0.946036547076939,-83.23082854999063
loss_CVaR,economic_operational_plus_CVaR,optimal,341.4536811425658,-139.02017886049947,-83.23082854998962,83.268586655141,317.6579952884424,1.0,False,False,False,False,False,False,False,0.4518403976146624,0.4112107573974177,0.13694884498791987,False,LHS-02-021,2026071901,4cbc46a741f1fa442673e94189ec6f88b17c33a0182f12aedc0b520b4a2dcfb7,student_t_df4,gaussian,0.5586643213603801,0.946036547076939,-83.23082854999063
ranking_proportional_repaired,ranking,repaired,337.4275294521352,-143.7923370937067,-91.41112534833047,91.44657683306777,310.75119901298854,1.0,False,False,False,False,False,False,False,0.4252761109743977,0.41731036270383504,0.15741352632176728,False,LHS-02-021,2026071902,a0dbf80791b5d4be33c9badfa5a74aeba3c54db2e69986af297e70544e1d4d1c,student_t_df4,gaussian,0.5586643213603801,0.946036547076939,-90.98429986792178
expected_profit,economic_plus_operational,optimal,342.38315496747487,-143.3543637382261,-90.30093479108788,90.3368412308954,319.1366961980148,1.0,True,False,False,False,False,False,False,0.4595782359693058,0.4034729190427743,0.13694884498791987,False,LHS-02-021,2026071902,a0dbf80791b5d4be33c9badfa5a74aeba3c54db2e69986af297e70544e1d4d1c,student_t_df4,gaussian,0.5586643213603801,0.946036547076939,-90.98429986792178
mean_variance,variance_penalty,optimal,342.383154978759,-143.35436374311564,-90.30093479414614,90.33684123395491,319.13669620840676,1.0000000000334421,True,False,False,False,False,False,False,0.4595782359835272,0.4034729190567299,0.13694884499318513,False,LHS-02-021,2026071902,a0dbf80791b5d4be33c9badfa5a74aeba3c54db2e69986af297e70544e1d4d1c,student_t_df4,gaussian,0.5586643213603801,0.946036547076939,-90.98429986792178
loss_CVaR,economic_operational_plus_CVaR,optimal,342.33739196356703,-144.05884103564276,-90.98429986792061,91.02022059643092,317.84380063791895,1.0,False,False,False,False,False,False,False,0.4528126914371454,0.4102384635749346,0.13694884498791987,False,LHS-02-021,2026071902,a0dbf80791b5d4be33c9badfa5a74aeba3c54db2e69986af297e70544e1d4d1c,student_t_df4,gaussian,0.5586643213603801,0.946036547076939,-90.98429986792178
ranking_proportional_repaired,ranking,repaired,338.1291704486083,-143.2296949524914,-88.23787719486856,88.2750955318056,310.75119901298854,1.0,False,False,False,False,False,False,False,0.4252761109743977,0.41731036270383504,0.15741352632176728,False,LHS-02-021,2026071903,894317eb5d48e49797e09ce67e77836bd9387d0d88d2f253fcf422188365ebe0,student_t_df4,gaussian,0.5586643213603801,0.946036547076939,-87.78029272085328
expected_profit,economic_plus_operational,optimal,343.13980919101135,-143.39769126719145,-87.0476812353721,87.08581879374513,319.1366961980148,1.0,True,False,False,False,False,False,False,0.4595782359693058,0.4034729190427743,0.13694884498791987,False,LHS-02-021,2026071903,894317eb5d48e49797e09ce67e77836bd9387d0d88d2f253fcf422188365ebe0,student_t_df4,gaussian,0.5586643213603801,0.946036547076939,-87.78029272085328
mean_variance,variance_penalty,optimal,343.13980919101135,-143.39769126719145,-87.0476812353721,87.08581879374513,319.1366961980148,1.0,True,False,False,False,False,False,False,0.4595782359693058,0.4034729190427743,0.13694884498791987,False,LHS-02-021,2026071903,894317eb5d48e49797e09ce67e77836bd9387d0d88d2f253fcf422188365ebe0,student_t_df4,gaussian,0.5586643213603801,0.946036547076939,-87.78029272085328
loss_CVaR,economic_operational_plus_CVaR,optimal,343.0775766684131,-143.73484494566736,-87.78029272085243,87.81816263428288,317.7702530088053,1.0,False,False,False,False,False,False,False,0.4524278268159332,0.41062332819614694,0.13694884498791987,False,LHS-02-021,2026071903,894317eb5d48e49797e09ce67e77836bd9387d0d88d2f253fcf422188365ebe0,student_t_df4,gaussian,0.5586643213603801,0.946036547076939,-87.78029272085328
ranking_proportional_repaired,ranking,repaired,333.6569526619961,-140.188619993819,-86.28149852230399,86.31798273926654,310.75119901298854,1.0,False,False,False,False,False,False,False,0.4252761109743977,0.41731036270383504,0.15741352632176728,False,LHS-02-021,2026071904,7fab1ac3fd55caebc9c1be547e9916a7a793b25c8643ae86cbde8274c5874382,student_t_df4,gaussian,0.5586643213603801,0.946036547076939,-85.78997251681496
expected_profit,economic_plus_operational,optimal,338.5635732642852,-140.65270647987919,-85.00301924920487,85.04068283070207,319.1366961980148,1.0,True,False,False,False,False,False,False,0.4595782359693058,0.4034729190427743,0.13694884498791987,False,LHS-02-021,2026071904,7fab1ac3fd55caebc9c1be547e9916a7a793b25c8643ae86cbde8274c5874382,student_t_df4,gaussian,0.5586643213603801,0.946036547076939,-85.78997251681496
mean_variance,variance_penalty,optimal,338.5635732642852,-140.65270647987919,-85.00301924920487,85.04068283070207,319.1366961980148,1.0,True,False,False,False,False,False,False,0.4595782359693058,0.4034729190427743,0.13694884498791987,False,LHS-02-021,2026071904,7fab1ac3fd55caebc9c1be547e9916a7a793b25c8643ae86cbde8274c5874382,student_t_df4,gaussian,0.5586643213603801,0.946036547076939,-85.78997251681496
loss_CVaR,economic_operational_plus_CVaR,optimal,338.511113743407,-140.97908456162926,-85.78997251681389,85.8273243820749,317.6653373881474,1.0,False,False,False,False,False,False,False,0.45187881781196737,0.41117233720011265,0.13694884498791987,False,LHS-02-021,2026071904,7fab1ac3fd55caebc9c1be547e9916a7a793b25c8643ae86cbde8274c5874382,student_t_df4,gaussian,0.5586643213603801,0.946036547076939,-85.78997251681496
ranking_proportional_repaired,ranking,repaired,336.59013399829826,-141.27746358952842,-87.80081537348391,87.83700824712815,310.75119901298854,1.0,False,False,False,False,False,False,False,0.4252761109743977,0.41731036270383504,0.15741352632176728,False,LHS-02-021,2026071905,e6f145763591092e0d5c8cb8e2897116f923289f110459137dc68faa767b24a3,student_t_df4,gaussian,0.5586643213603801,0.946036547076939,-87.2718365537621
expected_profit,economic_plus_operational,optimal,341.5065693049687,-140.956320743865,-86.4249197965044,86.46182652439352,319.1366961980148,1.0,True,False,False,False,False,False,False,0.4595782359693058,0.4034729190427743,0.13694884498791987,False,LHS-02-021,2026071905,e6f145763591092e0d5c8cb8e2897116f923289f110459137dc68faa767b24a3,student_t_df4,gaussian,0.5586643213603801,0.946036547076939,-87.2718365537621
mean_variance,variance_penalty,optimal,341.506569306923,-140.95632074468077,-86.42491979701481,86.46182652490413,319.13669619981846,1.0000000000058067,True,False,False,False,False,False,False,0.45957823597177155,0.4034729190452002,0.13694884498883503,False,LHS-02-021,2026071905,e6f145763591092e0d5c8cb8e2897116f923289f110459137dc68faa767b24a3,student_t_df4,gaussian,0.5586643213603801,0.946036547076939,-87.2718365537621
loss_CVaR,economic_operational_plus_CVaR,optimal,341.46066379750874,-141.46914821590804,-87.27183655376106,87.3085171707833,317.6322926089781,1.0,False,False,False,False,False,False,False,0.45170589903033836,0.4113452559817417,0.13694884498791987,False,LHS-02-021,2026071905,e6f145763591092e0d5c8cb8e2897116f923289f110459137dc68faa767b24a3,student_t_df4,gaussian,0.5586643213603801,0.946036547076939,-87.2718365537621
ranking_proportional_repaired,ranking,repaired,336.76340609912734,-213.2699479482035,-147.6141532325288,147.6915106531251,310.75119901298854,1.0,False,False,False,False,False,False,False,0.4252761109743977,0.41731036270383504,0.15741352632176728,False,LHS-02-022,2026071901,0c70e8a3737c886dd9f325ab4b4cee8c7d9ddc2e32815c12aa0f83907e871e6e,student_t_df4,student_t_df5,0.06323784845900456,0.9303821224118741,-131.96126349807292
expected_profit,economic_plus_operational,optimal,342.04432317708887,-144.24773674183595,-47.06383069346657,47.17833538155897,393.236825088488,1.0,True,False,False,False,False,False,False,0.8523448530993367,0.0,0.14765514690066334,False,LHS-02-022,2026071901,0c70e8a3737c886dd9f325ab4b4cee8c7d9ddc2e32815c12aa0f83907e871e6e,student_t_df4,student_t_df5,0.06323784845900456,0.9303821224118741,-131.96126349807292
mean_variance,variance_penalty,optimal,342.04432317708887,-144.24773674183595,-47.06383069346657,47.17833538155897,393.236825088488,1.0,True,False,False,False,False,False,False,0.8523448530993367,0.0,0.14765514690066334,False,LHS-02-022,2026071901,0c70e8a3737c886dd9f325ab4b4cee8c7d9ddc2e32815c12aa0f83907e871e6e,student_t_df4,student_t_df5,0.06323784845900456,0.9303821224118741,-131.96126349807292
loss_CVaR,economic_operational_plus_CVaR,optimal,339.73553823520894,-202.95083473340281,-131.96126349807503,132.04490531741155,330.9555115108782,1.0,False,False,False,False,False,False,False,0.5264353105686733,0.32590954253066334,0.14765514690066334,False,LHS-02-022,2026071901,0c70e8a3737c886dd9f325ab4b4cee8c7d9ddc2e32815c12aa0f83907e871e6e,student_t_df4,student_t_df5,0.06323784845900456,0.9303821224118741,-131.96126349807292
ranking_proportional_repaired,ranking,repaired,337.38312932435974,-212.31394564871496,-149.24508793542645,149.31939735737134,310.75119901298854,1.0,False,False,False,False,False,False,False,0.4252761109743977,0.41731036270383504,0.15741352632176728,False,LHS-02-022,2026071902,f3d83e30d015d1e65d78fc0c205f1b1ec90276d234a4a49083aa404a0d0751f5,student_t_df4,student_t_df5,0.06323784845900456,0.9303821224118741,-133.91493401479235
expected_profit,economic_plus_operational,optimal,342.53234483804584,-146.2290263105857,-50.7679410671321,50.880415881483806,393.236825088488,1.0,True,False,False,False,False,False,False,0.8523448530993367,0.0,0.14765514690066334,False,LHS-02-022,2026071902,f3d83e30d015d1e65d78fc0c205f1b1ec90276d234a4a49083aa404a0d0751f5,student_t_df4,student_t_df5,0.06323784845900456,0.9303821224118741,-133.91493401479235
mean_variance,variance_penalty,optimal,342.53234483804584,-146.2290263105857,-50.7679410671321,50.880415881483806,393.236825088488,1.0,True,False,False,False,False,False,False,0.8523448530993367,0.0,0.14765514690066334,False,LHS-02-022,2026071902,f3d83e30d015d1e65d78fc0c205f1b1ec90276d234a4a49083aa404a0d0751f5,student_t_df4,student_t_df5,0.06323784845900456,0.9303821224118741,-133.91493401479235
loss_CVaR,economic_operational_plus_CVaR,optimal,340.3506200228805,-203.5685506036947,-133.91493401479445,133.99700177648796,331.6667290951575,1.0,False,False,False,False,False,False,False,0.5301570143063987,0.32218783879293805,0.14765514690066334,False,LHS-02-022,2026071902,f3d83e30d015d1e65d78fc0c205f1b1ec90276d234a4a49083aa404a0d0751f5,student_t_df4,student_t_df5,0.06323784845900456,0.9303821224118741,-133.91493401479235
ranking_proportional_repaired,ranking,repaired,337.5016044109239,-214.46938392230678,-152.616802813398,152.68967918558312,310.75119901298854,1.0,False,False,False,False,False,False,False,0.4252761109743977,0.41731036270383504,0.15741352632176728,False,LHS-02-022,2026071903,d0e020ec20b9d5a5ee2e94e07ed4ed3467d1cc881e0bb2958cd331a79385d99d,student_t_df4,student_t_df5,0.06323784845900456,0.9303821224118741,-137.27106632376197
expected_profit,economic_plus_operational,optimal,343.93446530435233,-148.57927052116725,-54.03955734569402,54.150946574730725,393.236825088488,1.0,True,False,False,False,False,False,False,0.8523448530993367,0.0,0.14765514690066334,False,LHS-02-022,2026071903,d0e020ec20b9d5a5ee2e94e07ed4ed3467d1cc881e0bb2958cd331a79385d99d,student_t_df4,student_t_df5,0.06323784845900456,0.9303821224118741,-137.27106632376197
mean_variance,variance_penalty,optimal,343.93446530435233,-148.57927052116725,-54.03955734569402,54.150946574730725,393.236825088488,1.0,True,False,False,False,False,False,False,0.8523448530993367,0.0,0.14765514690066334,False,LHS-02-022,2026071903,d0e020ec20b9d5a5ee2e94e07ed4ed3467d1cc881e0bb2958cd331a79385d99d,student_t_df4,student_t_df5,0.06323784845900456,0.9303821224118741,-137.27106632376197
loss_CVaR,economic_operational_plus_CVaR,optimal,340.7927367363133,-205.07251250680122,-137.27106632376382,137.35095180854296,332.0550899933449,1.0,False,False,False,False,False,False,False,0.5321892534387243,0.3201555996606125,0.14765514690066334,False,LHS-02-022,2026071903,d0e020ec20b9d5a5ee2e94e07ed4ed3467d1cc881e0bb2958cd331a79385d99d,student_t_df4,student_t_df5,0.06323784845900456,0.9303821224118741,-137.27106632376197
ranking_proportional_repaired,ranking,repaired,334.9321601628281,-209.29238555243347,-152.20432011254232,152.27158280440963,310.75119901298854,1.0,False,False,False,False,False,False,False,0.4252761109743977,0.41731036270383504,0.15741352632176728,False,LHS-02-022,2026071904,ecefbef83f464ac3fb71bf72133f1e8ce304e4ea69278ed4901ed4330e96b105,student_t_df4,student_t_df5,0.06323784845900456,0.9303821224118741,-136.60383882862791
expected_profit,economic_plus_operational,optimal,340.5144798991738,-146.84064321548823,-51.99065659907323,52.102411400610805,393.236825088488,1.0,True,False,False,False,False,False,False,0.8523448530993367,0.0,0.14765514690066334,False,LHS-02-022,2026071904,ecefbef83f464ac3fb71bf72133f1e8ce304e4ea69278ed4901ed4330e96b105,student_t_df4,student_t_df5,0.06323784845900456,0.9303821224118741,-136.60383882862791
mean_variance,variance_penalty,optimal,340.51447989981943,-146.84064321593576,-51.990656599423716,52.1024114009614,393.23682508908803,1.0000000000019276,True,False,False,False,False,False,False,0.8523448531001622,7.988015028865099e-13,0.14765514690096665,False,LHS-02-022,2026071904,ecefbef83f464ac3fb71bf72133f1e8ce304e4ea69278ed4901ed4330e96b105,student_t_df4,student_t_df5,0.06323784845900456,0.9303821224118741,-136.60383882862791
loss_CVaR,economic_operational_plus_CVaR,optimal,337.97903068406384,-200.7966721322279,-136.60383882863,136.67947254880107,331.4158896565992,1.0,False,False,False,False,False,False,False,0.5288444060460201,0.32350044705331665,0.14765514690066334,False,LHS-02-022,2026071904,ecefbef83f464ac3fb71bf72133f1e8ce304e4ea69278ed4901ed4330e96b105,student_t_df4,student_t_df5,0.06323784845900456,0.9303821224118741,-136.60383882862791
ranking_proportional_repaired,ranking,repaired,337.2828752576542,-214.79525434578514,-150.97933391979075,151.05452355108702,310.75119901298854,1.0,False,False,False,False,False,False,False,0.4252761109743977,0.41731036270383504,0.15741352632176728,False,LHS-02-022,2026071905,e8308ff138a655c4c9f3c85a586e325e8f86ffd437fb0d79e2a9aedf913f8869,student_t_df4,student_t_df5,0.06323784845900456,0.9303821224118741,-135.90351887026011
expected_profit,economic_plus_operational,optimal,342.21798953841596,-148.47498862921947,-54.13599754639688,54.24715027927339,393.236825088488,1.0,True,False,False,False,False,False,False,0.8523448530993367,0.0,0.14765514690066334,False,LHS-02-022,2026071905,e8308ff138a655c4c9f3c85a586e325e8f86ffd437fb0d79e2a9aedf913f8869,student_t_df4,student_t_df5,0.06323784845900456,0.9303821224118741,-135.90351887026011
mean_variance,variance_penalty,optimal,342.21798953841596,-148.47498862921947,-54.13599754639688,54.24715027927339,393.236825088488,1.0,True,False,False,False,False,False,False,0.8523448530993367,0.0,0.14765514690066334,False,LHS-02-022,2026071905,e8308ff138a655c4c9f3c85a586e325e8f86ffd437fb0d79e2a9aedf913f8869,student_t_df4,student_t_df5,0.06323784845900456,0.9303821224118741,-135.90351887026011
loss_CVaR,economic_operational_plus_CVaR,optimal,340.17851668282646,-204.92150449229464,-135.90351887026225,135.98483771447994,330.78355066362354,1.0,False,False,False,False,False,False,False,0.5255354631209778,0.3268093899783589,0.14765514690066334,False,LHS-02-022,2026071905,e8308ff138a655c4c9f3c85a586e325e8f86ffd437fb0d79e2a9aedf913f8869,student_t_df4,student_t_df5,0.06323784845900456,0.9303821224118741,-135.90351887026011
ranking_proportional_repaired,ranking,repaired,335.82643872334853,-155.38835081240848,-144.26731672594988,144.29160344322466,310.75119901298854,1.0,True,False,False,False,False,False,False,0.4252761109743977,0.41731036270383504,0.15741352632176728,False,LHS-02-023,2026071901,ac6c257ffbb7c6415ee89634ceaaadff8bed78875cdc4362a2f79836cbf64e94,student_t_df4,empirical_resample,0.20520399809297982,0.9805425851573852,-146.15808030278632
expected_profit,economic_plus_operational,optimal,358.891016410357,-162.73237095574453,-153.47870010256804,153.49890877075643,324.2947976179927,1.0,False,False,False,False,False,False,False,0.4498035284222079,0.4918036197945714,0.058392851783220755,True,LHS-02-023,2026071901,ac6c257ffbb7c6415ee89634ceaaadff8bed78875cdc4362a2f79836cbf64e94,student_t_df4,empirical_resample,0.20520399809297982,0.9805425851573852,-146.15808030278632
mean_variance,variance_penalty,optimal,358.89101641264733,-162.73237095679426,-153.47870010355862,153.49890877174715,324.2947976201043,1.0000000000068165,False,False,False,False,False,False,False,0.44980352842506904,0.49180361979745985,0.058392851784287596,True,LHS-02-023,2026071901,ac6c257ffbb7c6415ee89634ceaaadff8bed78875cdc4362a2f79836cbf64e94,student_t_df4,empirical_resample,0.20520399809297982,0.9805425851573852,-146.15808030278632
loss_CVaR,economic_operational_plus_CVaR,optimal,358.891016410357,-162.73237095574453,-153.47870010256804,153.49890877075643,324.2947976179927,1.0,False,False,False,False,False,False,False,0.4498035284222079,0.4918036197945714,0.058392851783220755,True,LHS-02-023,2026071901,ac6c257ffbb7c6415ee89634ceaaadff8bed78875cdc4362a2f79836cbf64e94,student_t_df4,empirical_resample,0.20520399809297982,0.9805425851573852,-146.15808030278632
ranking_proportional_repaired,ranking,repaired,336.11885827219265,-157.03149354700082,-145.89146527592212,145.91579347372723,310.75119901298854,1.0,True,False,False,False,False,False,False,0.4252761109743977,0.41731036270383504,0.15741352632176728,False,LHS-02-023,2026071902,27ac1765ba832cc29e429daf2f84752f6bdc8c61a8c8d6a8268026c18bf3462a,student_t_df4,empirical_resample,0.20520399809297982,0.9805425851573852,-147.72809127307664
expected_profit,economic_plus_operational,optimal,359.1876203273074,-164.36579864905917,-154.83910229755367,154.8599072136301,324.2947976179927,1.0,False,False,False,False,False,False,False,0.4498035284222079,0.4918036197945714,0.058392851783220755,True,LHS-02-023,2026071902,27ac1765ba832cc29e429daf2f84752f6bdc8c61a8c8d6a8268026c18bf3462a,student_t_df4,empirical_resample,0.20520399809297982,0.9805425851573852,-147.72809127307664
mean_variance,variance_penalty,optimal,359.18762033248714,-164.36579865139112,-154.83910229981436,154.85990721589093,324.2947976227713,1.0000000000154052,False,False,False,False,False,False,False,0.44980352842871035,0.49180361980105797,0.05839285178563683,True,LHS-02-023,2026071902,27ac1765ba832cc29e429daf2f84752f6bdc8c61a8c8d6a8268026c18bf3462a,student_t_df4,empirical_resample,0.20520399809297982,0.9805425851573852,-147.72809127307664
loss_CVaR,economic_operational_plus_CVaR,optimal,359.1876203273074,-164.36579864905917,-154.83910229755367,154.8599072136301,324.2947976179927,1.0,False,False,False,False,False,False,False,0.4498035284222079,0.4918036197945714,0.058392851783220755,True,LHS-02-023,2026071902,27ac1765ba832cc29e429daf2f84752f6bdc8c61a8c8d6a8268026c18bf3462a,student_t_df4,empirical_resample,0.20520399809297982,0.9805425851573852,-147.72809127307664
ranking_proportional_repaired,ranking,repaired,336.6081228063215,-155.76873767895043,-144.87220890240283,144.89600533280807,310.75119901298854,1.0,True,False,False,False,False,False,False,0.4252761109743977,0.41731036270383504,0.15741352632176728,False,LHS-02-023,2026071903,b607da6f84552e89b76accf259050c5380d71c66e75a52ba3ef1f781875140d8,student_t_df4,empirical_resample,0.20520399809297982,0.9805425851573852,-146.6716348259279
expected_profit,economic_plus_operational,optimal,359.6195961581609,-162.12927563031496,-153.6386153651017,153.657157729394,324.2947976179927,1.0,False,False,False,False,False,False,False,0.4498035284222079,0.4918036197945714,0.058392851783220755,True,LHS-02-023,2026071903,b607da6f84552e89b76accf259050c5380d71c66e75a52ba3ef1f781875140d8,student_t_df4,empirical_resample,0.20520399809297982,0.9805425851573852,-146.6716348259279
mean_variance,variance_penalty,optimal,359.6195961581609,-162.12927563031496,-153.6386153651017,153.657157729394,324.2947976179927,1.0,False,False,False,False,False,False,False,0.4498035284222079,0.4918036197945714,0.058392851783220755,True,LHS-02-023,2026071903,b607da6f84552e89b76accf259050c5380d71c66e75a52ba3ef1f781875140d8,student_t_df4,empirical_resample,0.20520399809297982,0.9805425851573852,-146.6716348259279
loss_CVaR,economic_operational_plus_CVaR,optimal,359.6195961581609,-162.12927563031496,-153.6386153651017,153.657157729394,324.2947976179927,1.0,False,False,False,False,False,False,False,0.4498035284222079,0.4918036197945714,0.058392851783220755,True,LHS-02-023,2026071903,b607da6f84552e89b76accf259050c5380d71c66e75a52ba3ef1f781875140d8,student_t_df4,empirical_resample,0.20520399809297982,0.9805425851573852,-146.6716348259279
ranking_proportional_repaired,ranking,repaired,333.4548897073946,-153.39721728224788,-144.26069184333278,144.28064468301332,310.75119901298854,1.0,True,False,False,False,False,False,False,0.4252761109743977,0.41731036270383504,0.15741352632176728,False,LHS-02-023,2026071904,0f7cb6e97c05b8566319eb758483e1e95d79bcdb1fade33ca9e8c6f5516be65f,student_t_df4,empirical_resample,0.20520399809297982,0.9805425851573852,-146.13123566723837
expected_profit,economic_plus_operational,optimal,356.33573161480473,-161.34550461911763,-153.3735690405914,153.39097858578504,324.2947976179927,1.0,False,False,False,False,False,False,False,0.4498035284222079,0.4918036197945714,0.058392851783220755,True,LHS-02-023,2026071904,0f7cb6e97c05b8566319eb758483e1e95d79bcdb1fade33ca9e8c6f5516be65f,student_t_df4,empirical_resample,0.20520399809297982,0.9805425851573852,-146.13123566723837
mean_variance,variance_penalty,optimal,356.3357316168474,-161.34550462008954,-153.37356904148342,153.39097858667728,324.29479761988614,1.000000000006121,False,False,False,False,False,False,False,0.44980352842476196,0.4918036197971827,0.05839285178417649,True,LHS-02-023,2026071904,0f7cb6e97c05b8566319eb758483e1e95d79bcdb1fade33ca9e8c6f5516be65f,student_t_df4,empirical_resample,0.20520399809297982,0.9805425851573852,-146.13123566723837
loss_CVaR,economic_operational_plus_CVaR,optimal,356.33573161480473,-161.34550461911763,-153.3735690405914,153.39097858578504,324.2947976179927,1.0,False,False,False,False,False,False,False,0.4498035284222079,0.4918036197945714,0.058392851783220755,True,LHS-02-023,2026071904,0f7cb6e97c05b8566319eb758483e1e95d79bcdb1fade33ca9e8c6f5516be65f,student_t_df4,empirical_resample,0.20520399809297982,0.9805425851573852,-146.13123566723837
ranking_proportional_repaired,ranking,repaired,335.3100018174528,-154.94076941498625,-143.96911918004892,143.99307966476843,310.75119901298854,1.0,True,False,False,False,False,False,False,0.4252761109743977,0.41731036270383504,0.15741352632176728,False,LHS-02-023,2026071905,b91592ebc948b2304ef5661a13d7a0329fcac53c1d91d2cfe09a29b708de2fd1,student_t_df4,empirical_resample,0.20520399809297982,0.9805425851573852,-145.8394210924445
expected_profit,economic_plus_operational,optimal,358.3234993182168,-161.73745611365385,-153.0808178377538,153.09972267382594,324.2947976179927,1.0,False,False,False,False,False,False,False,0.4498035284222079,0.4918036197945714,0.058392851783220755,True,LHS-02-023,2026071905,b91592ebc948b2304ef5661a13d7a0329fcac53c1d91d2cfe09a29b708de2fd1,student_t_df4,empirical_resample,0.20520399809297982,0.9805425851573852,-145.8394210924445
mean_variance,variance_penalty,optimal,358.32349931992667,-161.73745611442223,-153.0808178384946,153.09972267456678,324.2947976195686,1.0000000000050988,False,False,False,False,False,False,False,0.4498035284243313,0.4918036197967452,0.05839285178402234,True,LHS-02-023,2026071905,b91592ebc948b2304ef5661a13d7a0329fcac53c1d91d2cfe09a29b708de2fd1,student_t_df4,empirical_resample,0.20520399809297982,0.9805425851573852,-145.8394210924445
loss_CVaR,economic_operational_plus_CVaR,optimal,358.3234993182168,-161.73745611365385,-153.0808178377538,153.09972267382594,324.2947976179927,1.0,False,False,False,False,False,False,False,0.4498035284222079,0.4918036197945714,0.058392851783220755,True,LHS-02-023,2026071905,b91592ebc948b2304ef5661a13d7a0329fcac53c1d91d2cfe09a29b708de2fd1,student_t_df4,empirical_resample,0.20520399809297982,0.9805425851573852,-145.8394210924445
ranking_proportional_repaired,ranking,repaired,336.8916983993142,-181.18325658921788,-119.76173784102721,119.76734776342286,310.75119901298854,1.0,False,False,False,False,False,False,False,0.4252761109743977,0.41731036270383504,0.15741352632176728,False,LHS-02-024,2026071901,5f697d6e982a183f4f6675d765e1fd160b4f700d1b41557f51eb91f504c6343b,student_t_df4,gaussian,0.5395362055702176,0.9058086037385665,-119.11196587218431
expected_profit,economic_plus_operational,optimal,357.3468757705629,-183.38006873600946,-117.03561173498996,117.04167129298754,345.98744888804123,1.0,True,False,False,False,False,False,False,0.570270363854646,0.3564825694572767,0.0732470666880773,False,LHS-02-024,2026071901,5f697d6e982a183f4f6675d765e1fd160b4f700d1b41557f51eb91f504c6343b,student_t_df4,gaussian,0.5395362055702176,0.9058086037385665,-119.11196587218431
mean_variance,variance_penalty,optimal,357.3468757705629,-183.38006873600946,-117.03561173498996,117.04167129298754,345.98744888804123,1.0,True,False,False,False,False,False,False,0.570270363854646,0.3564825694572767,0.0732470666880773,False,LHS-02-024,2026071901,5f697d6e982a183f4f6675d765e1fd160b4f700d1b41557f51eb91f504c6343b,student_t_df4,gaussian,0.5395362055702176,0.9058086037385665,-119.11196587218431
loss_CVaR,economic_operational_plus_CVaR,optimal,357.198325910202,-185.11436866070275,-119.11196587218119,119.11799418872425,341.983447825369,1.0,False,False,False,False,False,False,False,0.5493179773414476,0.37743495597047505,0.0732470666880773,False,LHS-02-024,2026071901,5f697d6e982a183f4f6675d765e1fd160b4f700d1b41557f51eb91f504c6343b,student_t_df4,gaussian,0.5395362055702176,0.9058086037385665,-119.11196587218431
ranking_proportional_repaired,ranking,repaired,337.6753399379728,-180.59409075306127,-121.17851225255612,121.18393896279176,310.75119901298854,1.0,False,False,False,False,False,False,False,0.4252761109743977,0.41731036270383504,0.15741352632176728,False,LHS-02-024,2026071902,f969570efa79ca4a961549260af19b2a65c5924e1e67131fbc0af89b352f16f9,student_t_df4,gaussian,0.5395362055702176,0.9058086037385665,-120.49942743103533
expected_profit,economic_plus_operational,optimal,358.17910779853463,-183.25730567583133,-118.3294037207458,118.33533389796548,345.98744888804123,1.0,True,False,False,False,False,False,False,0.570270363854646,0.3564825694572767,0.0732470666880773,False,LHS-02-024,2026071902,f969570efa79ca4a961549260af19b2a65c5924e1e67131fbc0af89b352f16f9,student_t_df4,gaussian,0.5395362055702176,0.9058086037385665,-120.49942743103533
mean_variance,variance_penalty,optimal,358.17910779853463,-183.25730567583133,-118.3294037207458,118.33533389796548,345.98744888804123,1.0,True,False,False,False,False,False,False,0.570270363854646,0.3564825694572767,0.0732470666880773,False,LHS-02-024,2026071902,f969570efa79ca4a961549260af19b2a65c5924e1e67131fbc0af89b352f16f9,student_t_df4,gaussian,0.5395362055702176,0.9058086037385665,-120.49942743103533
loss_CVaR,economic_operational_plus_CVaR,optimal,358.01935749605985,-184.49809236819686,-120.49942743103239,120.50527273657089,341.76068640322995,1.0,False,False,False,False,False,False,False,0.5481522974767744,0.3786006358351482,0.0732470666880773,False,LHS-02-024,2026071902,f969570efa79ca4a961549260af19b2a65c5924e1e67131fbc0af89b352f16f9,student_t_df4,gaussian,0.5395362055702176,0.9058086037385665,-120.49942743103533
ranking_proportional_repaired,ranking,repaired,338.2623589878934,-181.06387366675105,-122.7276717873444,122.73299991292757,310.75119901298854,1.0,False,False,False,False,False,False,False,0.4252761109743977,0.41731036270383504,0.15741352632176728,False,LHS-02-024,2026071903,8ab7051fe28081fbd39aeb69686152734b1f47bb5dfc55d0169185bfd6abd1d6,student_t_df4,gaussian,0.5395362055702176,0.9058086037385665,-122.15706747543881
expected_profit,economic_plus_operational,optimal,358.96654909040944,-184.80921067767412,-120.33369453764347,120.33958339629326,345.98744888804123,1.0,True,False,False,False,False,False,False,0.570270363854646,0.3564825694572767,0.0732470666880773,False,LHS-02-024,2026071903,8ab7051fe28081fbd39aeb69686152734b1f47bb5dfc55d0169185bfd6abd1d6,student_t_df4,gaussian,0.5395362055702176,0.9058086037385665,-122.15706747543881
mean_variance,variance_penalty,optimal,358.96654909040944,-184.80921067767412,-120.33369453764347,120.33958339629326,345.98744888804123,1.0,True,False,False,False,False,False,False,0.570270363854646,0.3564825694572767,0.0732470666880773,False,LHS-02-024,2026071903,8ab7051fe28081fbd39aeb69686152734b1f47bb5dfc55d0169185bfd6abd1d6,student_t_df4,gaussian,0.5395362055702176,0.9058086037385665,-122.15706747543881
loss_CVaR,economic_operational_plus_CVaR,optimal,358.79882847946004,-186.58538752668298,-122.157067475436,122.16295202344027,342.41931711762095,0.9999999999999998,False,False,False,False,False,False,False,0.5515988213616045,0.3751541119503179,0.0732470666880773,False,LHS-02-024,2026071903,8ab7051fe28081fbd39aeb69686152734b1f47bb5dfc55d0169185bfd6abd1d6,student_t_df4,gaussian,0.5395362055702176,0.9058086037385665,-122.15706747543881
ranking_proportional_repaired,ranking,repaired,333.85107166072584,-177.28584818328716,-120.10049842252795,120.10572143525806,310.75119901298854,1.0,False,False,False,False,False,False,False,0.4252761109743977,0.41731036270383504,0.15741352632176728,False,LHS-02-024,2026071904,c46acfcf6719f6d0d72ee7e2c7d904245426c6098eb8d540fd0871dc5894e661,student_t_df4,gaussian,0.5395362055702176,0.9058086037385665,-119.45720144836167
expected_profit,economic_plus_operational,optimal,354.1407514667034,-180.21340016459487,-117.40153823449081,117.40727514360889,345.98744888804123,1.0,True,False,False,False,False,False,False,0.570270363854646,0.3564825694572767,0.0732470666880773,False,LHS-02-024,2026071904,c46acfcf6719f6d0d72ee7e2c7d904245426c6098eb8d540fd0871dc5894e661,student_t_df4,gaussian,0.5395362055702176,0.9058086037385665,-119.45720144836167
mean_variance,variance_penalty,optimal,354.1407514697663,-180.21340016606965,-117.40153823559768,117.40727514471583,345.98744889089204,1.0000000000091713,True,False,False,False,False,False,False,0.5702703638585485,0.35648256946110624,0.0732470666895167,False,LHS-02-024,2026071904,c46acfcf6719f6d0d72ee7e2c7d904245426c6098eb8d540fd0871dc5894e661,student_t_df4,gaussian,0.5395362055702176,0.9058086037385665,-119.45720144836167
loss_CVaR,economic_operational_plus_CVaR,optimal,353.9851464807163,-182.49035812406444,-119.45720144835876,119.46295856938913,341.887249796697,1.0,False,False,False,False,False,False,False,0.5488145862965914,0.3779383470153312,0.0732470666880773,False,LHS-02-024,2026071904,c46acfcf6719f6d0d72ee7e2c7d904245426c6098eb8d540fd0871dc5894e661,student_t_df4,gaussian,0.5395362055702176,0.9058086037385665,-119.45720144836167
ranking_proportional_repaired,ranking,repaired,337.1619507508373,-180.76155797305145,-121.50879515616501,121.51420699566206,310.75119901298854,1.0,False,False,False,False,False,False,False,0.4252761109743977,0.41731036270383504,0.15741352632176728,False,LHS-02-024,2026071905,c2fe9c3652dc6b65a725021a98ec480bf5da8a36a9a5a5d68c71bd4ffd3c1c60,student_t_df4,gaussian,0.5395362055702176,0.9058086037385665,-120.87298352957683
expected_profit,economic_plus_operational,optimal,357.6268482475875,-183.401411060171,-118.84123983387141,118.84713642447694,345.98744888804123,1.0,True,False,False,False,False,False,False,0.570270363854646,0.3564825694572767,0.0732470666880773,False,LHS-02-024,2026071905,c2fe9c3652dc6b65a725021a98ec480bf5da8a36a9a5a5d68c71bd4ffd3c1c60,student_t_df4,gaussian,0.5395362055702176,0.9058086037385665,-120.87298352957683
mean_variance,variance_penalty,optimal,357.6268482475875,-183.401411060171,-118.84123983387141,118.84713642447694,345.98744888804123,1.0,True,False,False,False,False,False,False,0.570270363854646,0.3564825694572767,0.0732470666880773,False,LHS-02-024,2026071905,c2fe9c3652dc6b65a725021a98ec480bf5da8a36a9a5a5d68c71bd4ffd3c1c60,student_t_df4,gaussian,0.5395362055702176,0.9058086037385665,-120.87298352957683
loss_CVaR,economic_operational_plus_CVaR,optimal,357.48735459051267,-184.9719119487249,-120.87298352957365,120.87883799265765,342.0650813332143,1.0,False,False,False,False,False,False,False,0.5497451542532494,0.3770077790586732,0.0732470666880773,False,LHS-02-024,2026071905,c2fe9c3652dc6b65a725021a98ec480bf5da8a36a9a5a5d68c71bd4ffd3c1c60,student_t_df4,gaussian,0.5395362055702176,0.9058086037385665,-120.87298352957683
ranking_proportional_repaired,ranking,repaired,333.86215592801904,-180.359038783395,-153.20878855240232,153.21904596725284,310.75119901298854,1.0,True,False,False,False,False,False,False,0.4252761109743977,0.41731036270383504,0.15741352632176728,False,LHS-03-001,2026071901,1caaee00ed7062dc9f29f1ab79bc3e1d9f12165a27842ea5bf4931df193a5864,clayton,empirical_resample,0.3824754776947153,0.9140324909593702,-160.96395956423518
expected_profit,economic_plus_operational,optimal,370.3547889010153,-190.44639620845095,-162.35953509907964,162.37014636725573,359.5635330099391,1.0,False,False,False,False,False,False,False,0.608132383154111,0.3895133524137381,0.002354264432150924,False,LHS-03-001,2026071901,1caaee00ed7062dc9f29f1ab79bc3e1d9f12165a27842ea5bf4931df193a5864,clayton,empirical_resample,0.3824754776947153,0.9140324909593702,-160.96395956423518
mean_variance,variance_penalty,optimal,370.35478890280837,-190.44639620935928,-162.35953509990566,162.37014636808175,359.56353301160686,1.0000000000053706,False,False,False,False,False,False,False,0.6081323831563891,0.3895133524159855,0.0023542644329961147,False,LHS-03-001,2026071901,1caaee00ed7062dc9f29f1ab79bc3e1d9f12165a27842ea5bf4931df193a5864,clayton,empirical_resample,0.3824754776947153,0.9140324909593702,-160.96395956423518
loss_CVaR,economic_operational_plus_CVaR,optimal,370.3547889010153,-190.44639620845095,-162.35953509907964,162.37014636725573,359.5635330099391,1.0,False,False,False,False,False,False,False,0.608132383154111,0.3895133524137381,0.002354264432150924,False,LHS-03-001,2026071901,1caaee00ed7062dc9f29f1ab79bc3e1d9f12165a27842ea5bf4931df193a5864,clayton,empirical_resample,0.3824754776947153,0.9140324909593702,-160.96395956423518
ranking_proportional_repaired,ranking,repaired,335.2224748099874,-180.62058158063326,-153.985720743382,153.9957834431645,310.75119901298854,1.0,True,False,False,False,False,False,False,0.4252761109743977,0.41731036270383504,0.15741352632176728,False,LHS-03-001,2026071902,58eaccb79b04528ec54a7acf48138b46ab54aed0c80c8a0dd1242faefaed25ae,clayton,empirical_resample,0.3824754776947153,0.9140324909593702,-161.61679717337384
expected_profit,economic_plus_operational,optimal,371.9879348256228,-191.07705140651575,-162.99004136798612,163.00065269242793,359.5635330099391,1.0,False,False,False,False,False,False,False,0.608132383154111,0.3895133524137381,0.002354264432150924,False,LHS-03-001,2026071902,58eaccb79b04528ec54a7acf48138b46ab54aed0c80c8a0dd1242faefaed25ae,clayton,empirical_resample,0.3824754776947153,0.9140324909593702,-161.61679717337384
mean_variance,variance_penalty,optimal,371.98793483303695,-191.07705141064676,-162.99004137140756,163.00065269584962,359.56353301680434,1.0000000000221005,False,False,False,False,False,False,False,0.6081323831634854,0.38951335242300994,0.002354264435605207,False,LHS-03-001,2026071902,58eaccb79b04528ec54a7acf48138b46ab54aed0c80c8a0dd1242faefaed25ae,clayton,empirical_resample,0.3824754776947153,0.9140324909593702,-161.61679717337384
loss_CVaR,economic_operational_plus_CVaR,optimal,371.9879348256228,-191.07705140651575,-162.99004136798612,163.00065269242793,359.5635330099391,1.0,False,False,False,False,False,False,False,0.608132383154111,0.3895133524137381,0.002354264432150924,False,LHS-03-001,2026071902,58eaccb79b04528ec54a7acf48138b46ab54aed0c80c8a0dd1242faefaed25ae,clayton,empirical_resample,0.3824754776947153,0.9140324909593702,-161.61679717337384
ranking_proportional_repaired,ranking,repaired,335.6987135307563,-182.68410252983352,-154.94697075741675,154.95744989720123,310.75119901298854,1.0,True,False,False,False,False,False,False,0.4252761109743977,0.41731036270383504,0.15741352632176728,False,LHS-03-001,2026071903,fbe890500cf89202280aa6e8869d537dde50a7bdad24006a629274a6650b95f3,clayton,empirical_resample,0.3824754776947153,0.9140324909593702,-162.6416378917005
expected_profit,economic_plus_operational,optimal,372.6713196005407,-193.08884248053835,-164.02632550013536,164.03730537290753,359.5635330099391,1.0,False,False,False,False,False,False,False,0.608132383154111,0.3895133524137381,0.002354264432150924,False,LHS-03-001,2026071903,fbe890500cf89202280aa6e8869d537dde50a7bdad24006a629274a6650b95f3,clayton,empirical_resample,0.3824754776947153,0.9140324909593702,-162.6416378917005
mean_variance,variance_penalty,optimal,372.6713196033242,-193.08884248208906,-164.02632550142494,164.03730537419716,359.5635330125144,1.000000000008288,False,False,False,False,False,False,False,0.6081323831576323,0.3895133524172059,0.0023542644334497865,False,LHS-03-001,2026071903,fbe890500cf89202280aa6e8869d537dde50a7bdad24006a629274a6650b95f3,clayton,empirical_resample,0.3824754776947153,0.9140324909593702,-162.6416378917005
loss_CVaR,economic_operational_plus_CVaR,optimal,372.6713196005407,-193.08884248053835,-164.02632550013536,164.03730537290753,359.5635330099391,1.0,False,False,False,False,False,False,False,0.608132383154111,0.3895133524137381,0.002354264432150924,False,LHS-03-001,2026071903,fbe890500cf89202280aa6e8869d537dde50a7bdad24006a629274a6650b95f3,clayton,empirical_resample,0.3824754776947153,0.9140324909593702,-162.6416378917005
ranking_proportional_repaired,ranking,repaired,334.5750836087981,-178.87236321548227,-152.76616590675783,152.7760288764796,310.75119901298854,1.0,True,False,False,False,False,False,False,0.4252761109743977,0.41731036270383504,0.15741352632176728,False,LHS-03-001,2026071904,e78b368214636f5f39c62e7819ae160465ef93a95f6ba896dedbb368d50591b6,clayton,empirical_resample,0.3824754776947153,0.9140324909593702,-160.0615760065706
expected_profit,economic_plus_operational,optimal,371.368836852888,-188.7911294144616,-161.37441563788514,161.384773723157,359.5635330099391,1.0,False,False,False,False,False,False,False,0.608132383154111,0.3895133524137381,0.002354264432150924,False,LHS-03-001,2026071904,e78b368214636f5f39c62e7819ae160465ef93a95f6ba896dedbb368d50591b6,clayton,empirical_resample,0.3824754776947153,0.9140324909593702,-160.0615760065706
mean_variance,variance_penalty,optimal,371.3688368595434,-188.79112941799536,-161.37441564093592,161.38477372620795,359.5635330161189,1.000000000019886,False,False,False,False,False,False,False,0.6081323831625652,0.3895133524220485,0.0023542644352724006,False,LHS-03-001,2026071904,e78b368214636f5f39c62e7819ae160465ef93a95f6ba896dedbb368d50591b6,clayton,empirical_resample,0.3824754776947153,0.9140324909593702,-160.0615760065706
loss_CVaR,economic_operational_plus_CVaR,optimal,371.368836852888,-188.7911294144616,-161.37441563788514,161.384773723157,359.5635330099391,1.0,False,False,False,False,False,False,False,0.608132383154111,0.3895133524137381,0.002354264432150924,False,LHS-03-001,2026071904,e78b368214636f5f39c62e7819ae160465ef93a95f6ba896dedbb368d50591b6,clayton,empirical_resample,0.3824754776947153,0.9140324909593702,-160.0615760065706
ranking_proportional_repaired,ranking,repaired,336.0846188265672,-181.6871063211158,-154.2827024090388,154.29305584362103,310.75119901298854,1.0,True,False,False,False,False,False,False,0.4252761109743977,0.41731036270383504,0.15741352632176728,False,LHS-03-001,2026071905,bed71a2cac2892f2956b7df85c383e43d6928c8f56508eb2653b9dc62acd1223,clayton,empirical_resample,0.3824754776947153,0.9140324909593702,-161.68002619429464
expected_profit,economic_plus_operational,optimal,373.06287242666355,-191.9937071806397,-163.0112056205477,163.0221552633458,359.5635330099391,1.0,False,False,False,False,False,False,False,0.608132383154111,0.3895133524137381,0.002354264432150924,False,LHS-03-001,2026071905,bed71a2cac2892f2956b7df85c383e43d6928c8f56508eb2653b9dc62acd1223,clayton,empirical_resample,0.3824754776947153,0.9140324909593702,-161.68002619429464
mean_variance,variance_penalty,optimal,373.06287242666355,-191.9937071806397,-163.0112056205477,163.0221552633458,359.5635330099391,1.0,False,False,False,False,False,False,False,0.608132383154111,0.3895133524137381,0.002354264432150924,False,LHS-03-001,2026071905,bed71a2cac2892f2956b7df85c383e43d6928c8f56508eb2653b9dc62acd1223,clayton,empirical_resample,0.3824754776947153,0.9140324909593702,-161.68002619429464
loss_CVaR,economic_operational_plus_CVaR,optimal,373.06287242666355,-191.9937071806397,-163.0112056205477,163.0221552633458,359.5635330099391,1.0,False,False,False,False,False,False,False,0.608132383154111,0.3895133524137381,0.002354264432150924,False,LHS-03-001,2026071905,bed71a2cac2892f2956b7df85c383e43d6928c8f56508eb2653b9dc62acd1223,clayton,empirical_resample,0.3824754776947153,0.9140324909593702,-161.68002619429464
ranking_proportional_repaired,ranking,repaired,335.29247343408133,-79.67852919543257,-36.852434289233805,36.970645814467275,310.75119901298854,1.0,False,False,False,False,False,False,False,0.4252761109743977,0.41731036270383504,0.15741352632176728,False,LHS-03-002,2026071901,c1f457f45e42e4cde08b896ba692fa51fcd69478399b7cc2304e767903bba437,clayton,gaussian,0.3526608770445039,0.9798557574258159,-30.339632236530797
expected_profit,economic_plus_operational,optimal,348.3516143342695,-34.383624713367176,12.800170243439958,-12.669930295567891,386.7580965582449,1.0,True,False,False,False,False,False,False,0.8016014604674001,0.08672655231127524,0.1116719872213247,False,LHS-03-002,2026071901,c1f457f45e42e4cde08b896ba692fa51fcd69478399b7cc2304e767903bba437,clayton,gaussian,0.3526608770445039,0.9798557574258159,-30.339632236530797
mean_variance,variance_penalty,optimal,348.35161433866705,-34.383624714544545,12.800170242874223,-12.669930295000478,386.7580965623269,1.0000000000131073,True,False,False,False,False,False,False,0.8016014604730161,0.08672655231671414,0.11167198722337701,False,LHS-03-002,2026071901,c1f457f45e42e4cde08b896ba692fa51fcd69478399b7cc2304e767903bba437,clayton,gaussian,0.3526608770445039,0.9798557574258159,-30.339632236530797
loss_CVaR,economic_operational_plus_CVaR,optimal,346.3912909743685,-76.5085565790557,-30.33963223653077,30.467070868908348,330.59243529656845,1.0000000000000002,False,False,False,False,False,False,False,0.5076942848437661,0.3806337279349093,0.1116719872213247,False,LHS-03-002,2026071901,c1f457f45e42e4cde08b896ba692fa51fcd69478399b7cc2304e767903bba437,clayton,gaussian,0.3526608770445039,0.9798557574258159,-30.339632236530797
ranking_proportional_repaired,ranking,repaired,336.3206647258202,-81.30988724421869,-33.80349143569153,33.93462184856646,310.75119901298854,1.0,False,False,False,False,False,False,False,0.4252761109743977,0.41731036270383504,0.15741352632176728,False,LHS-03-002,2026071902,8e4d44ae2e23d813b91854f0a22bf9ad1377d9c2947d6a60986d7c702b5b3548,clayton,gaussian,0.3526608770445039,0.9798557574258159,-27.9477797413118
expected_profit,economic_plus_operational,optimal,350.37945517261903,-43.587447552716355,10.839556927450296,-10.689323775733293,386.7580965582449,1.0,True,False,False,False,False,False,False,0.8016014604674001,0.08672655231127524,0.1116719872213247,False,LHS-03-002,2026071902,8e4d44ae2e23d813b91854f0a22bf9ad1377d9c2947d6a60986d7c702b5b3548,clayton,gaussian,0.3526608770445039,0.9798557574258159,-27.9477797413118
mean_variance,variance_penalty,optimal,350.37945517447014,-43.58744755328856,10.839556927225054,-10.689323775507086,386.7580965599577,1.0000000000054985,True,False,False,False,False,False,False,0.8016014604697566,0.08672655231355933,0.11167198722218273,False,LHS-03-002,2026071902,8e4d44ae2e23d813b91854f0a22bf9ad1377d9c2947d6a60986d7c702b5b3548,clayton,gaussian,0.3526608770445039,0.9798557574258159,-27.9477797413118
loss_CVaR,economic_operational_plus_CVaR,optimal,347.60833071334866,-79.41745157776192,-27.947779741311813,28.08984986057857,330.8743218342976,1.0000000000000002,False,False,False,False,False,False,False,0.5091693583012707,0.37915865447740466,0.1116719872213247,False,LHS-03-002,2026071902,8e4d44ae2e23d813b91854f0a22bf9ad1377d9c2947d6a60986d7c702b5b3548,clayton,gaussian,0.3526608770445039,0.9798557574258159,-27.9477797413118
ranking_proportional_repaired,ranking,repaired,337.15300741360824,-88.11448593409706,-38.15947098500591,38.29736024441951,310.75119901298854,1.0,False,False,False,False,False,False,False,0.4252761109743977,0.41731036270383504,0.15741352632176728,False,LHS-03-002,2026071903,a642d8654e77dcaac4862b7613301975bedb9410eeb88913d18154dbda400ad1,clayton,gaussian,0.3526608770445039,0.9798557574258159,-32.0250348917699
expected_profit,economic_plus_operational,optimal,350.4620995563783,-44.83683770101184,8.6085294706495,-8.461005901576431,386.7580965582449,1.0,True,False,False,False,False,False,False,0.8016014604674001,0.08672655231127524,0.1116719872213247,False,LHS-03-002,2026071903,a642d8654e77dcaac4862b7613301975bedb9410eeb88913d18154dbda400ad1,clayton,gaussian,0.3526608770445039,0.9798557574258159,-32.0250348917699
mean_variance,variance_penalty,optimal,350.4620995621865,-44.83683770231757,8.608529469915325,-8.461005900840672,386.7580965635929,1.000000000017224,True,False,False,False,False,False,False,0.8016014604746999,0.08672655231849326,0.11167198722403072,False,LHS-03-002,2026071903,a642d8654e77dcaac4862b7613301975bedb9410eeb88913d18154dbda400ad1,clayton,gaussian,0.3526608770445039,0.9798557574258159,-32.0250348917699
loss_CVaR,economic_operational_plus_CVaR,optimal,348.3170362204464,-84.44549763246664,-32.02503489176993,32.169729449319355,330.6359328044523,1.0000000000000002,False,False,False,False,False,False,False,0.5079219013162086,0.3804061114624669,0.1116719872213247,False,LHS-03-002,2026071903,a642d8654e77dcaac4862b7613301975bedb9410eeb88913d18154dbda400ad1,clayton,gaussian,0.3526608770445039,0.9798557574258159,-32.0250348917699
ranking_proportional_repaired,ranking,repaired,334.78130416200764,-80.75401490276043,-30.909364020754857,31.046948645699,310.75119901298854,1.0,False,False,False,False,False,False,False,0.4252761109743977,0.41731036270383504,0.15741352632176728,False,LHS-03-002,2026071904,ee92fa0e614cc7f48b70778b184f0b7e1bfcf1cb72f00cb1d2af2e8f7b807b89,clayton,gaussian,0.3526608770445039,0.9798557574258159,-24.833143371242034
expected_profit,economic_plus_operational,optimal,347.0558947622922,-42.281071062642326,15.414810815529584,-15.255554684158115,386.7580965582449,1.0,True,False,False,False,False,False,False,0.8016014604674001,0.08672655231127524,0.1116719872213247,False,LHS-03-002,2026071904,ee92fa0e614cc7f48b70778b184f0b7e1bfcf1cb72f00cb1d2af2e8f7b807b89,clayton,gaussian,0.3526608770445039,0.9798557574258159,-24.833143371242034
mean_variance,variance_penalty,optimal,347.05589476369636,-42.28107106296803,15.414810815377926,-15.25555468400597,386.7580965595482,1.0000000000041924,True,False,False,False,False,False,False,0.8016014604691845,0.08672655231302621,0.11167198722198186,False,LHS-03-002,2026071904,ee92fa0e614cc7f48b70778b184f0b7e1bfcf1cb72f00cb1d2af2e8f7b807b89,clayton,gaussian,0.3526608770445039,0.9798557574258159,-24.833143371242034
loss_CVaR,economic_operational_plus_CVaR,optimal,345.7000671519388,-75.5896657277421,-24.833143371242016,24.973245006388765,330.78375230097936,1.0000000000000002,False,False,False,False,False,False,False,0.5086954203979834,0.37963259238069197,0.1116719872213247,False,LHS-03-002,2026071904,ee92fa0e614cc7f48b70778b184f0b7e1bfcf1cb72f00cb1d2af2e8f7b807b89,clayton,gaussian,0.3526608770445039,0.9798557574258159,-24.833143371242034
ranking_proportional_repaired,ranking,repaired,336.5996477586518,-81.76312490405195,-33.17504353741043,33.30915969297164,310.75119901298854,1.0,False,False,False,False,False,False,False,0.4252761109743977,0.41731036270383504,0.15741352632176728,False,LHS-03-002,2026071905,be2e08b648f569769fffce17e91b3ebf5d5c2baea2cdc3e53011c5a28cd54969,clayton,gaussian,0.3526608770445039,0.9798557574258159,-27.17713195346003
expected_profit,economic_plus_operational,optimal,349.63031247658597,-42.313260953034145,12.552114986658516,-12.400671811964568,386.7580965582449,1.0,True,False,False,False,False,False,False,0.8016014604674001,0.08672655231127524,0.1116719872213247,False,LHS-03-002,2026071905,be2e08b648f569769fffce17e91b3ebf5d5c2baea2cdc3e53011c5a28cd54969,clayton,gaussian,0.3526608770445039,0.9798557574258159,-27.17713195346003
mean_variance,variance_penalty,optimal,349.6303124768722,-42.313260953087415,12.552114986632674,-12.400671811938649,386.758096558517,1.0000000000008524,True,False,False,False,False,False,False,0.8016014604678023,0.08672655231158714,0.11167198722146301,False,LHS-03-002,2026071905,be2e08b648f569769fffce17e91b3ebf5d5c2baea2cdc3e53011c5a28cd54969,clayton,gaussian,0.3526608770445039,0.9798557574258159,-27.17713195346003
loss_CVaR,economic_operational_plus_CVaR,optimal,347.6804610446365,-77.23896497338563,-27.17713195346004,27.31531605944099,330.71087648388055,1.0000000000000002,False,False,False,False,False,False,False,0.508314071276587,0.3800139415020884,0.1116719872213247,False,LHS-03-002,2026071905,be2e08b648f569769fffce17e91b3ebf5d5c2baea2cdc3e53011c5a28cd54969,clayton,gaussian,0.3526608770445039,0.9798557574258159,-27.17713195346003
ranking_proportional_repaired,ranking,repaired,334.9123548472171,-166.88254795184648,-100.24528398919195,100.24734527027786,310.75119901298854,1.0,False,False,False,False,False,False,False,0.4252761109743977,0.41731036270383504,0.15741352632176728,False,LHS-03-003,2026071901,884397ce3fb154ea91ee2a1161c07f6b790b430ca8bf3903607f6d8347193c34,clayton,student_t_df5,0.10477840699151345,0.9542014167249392,-49.183037038643654
expected_profit,economic_plus_operational,optimal,355.4049236550662,-98.33610235757467,8.540143498523847,-8.536837510687366,412.5717171011942,1.0,True,False,False,False,False,False,False,0.9212651211990953,0.0,0.07873487880090467,False,LHS-03-003,2026071901,884397ce3fb154ea91ee2a1161c07f6b790b430ca8bf3903607f6d8347193c34,clayton,student_t_df5,0.10477840699151345,0.9542014167249392,-49.183037038643654
mean_variance,variance_penalty,optimal,355.4049236598736,-98.33610236104994,8.540143496704175,-8.536837508867624,412.57171710565274,1.0000000000143572,True,False,False,False,False,False,False,0.9212651212051874,6.000816468311453e-12,0.07873487880316887,False,LHS-03-003,2026071901,884397ce3fb154ea91ee2a1161c07f6b790b430ca8bf3903607f6d8347193c34,clayton,student_t_df5,0.10477840699151345,0.9542014167249392,-49.183037038643654
loss_CVaR,economic_operational_plus_CVaR,optimal,354.38547582200124,-141.92159056236318,-49.18303703864463,49.18590570723853,372.59067858433986,0.9999999999999994,False,False,False,False,False,False,False,0.7120498490020559,0.2092152721970389,0.07873487880090467,False,LHS-03-003,2026071901,884397ce3fb154ea91ee2a1161c07f6b790b430ca8bf3903607f6d8347193c34,clayton,student_t_df5,0.10477840699151345,0.9542014167249392,-49.183037038643654
ranking_proportional_repaired,ranking,repaired,335.55685515605836,-170.8957797133469,-105.28945200717007,105.29148139845019,310.75119901298854,1.0,False,False,False,False,False,False,False,0.4252761109743977,0.41731036270383504,0.15741352632176728,False,LHS-03-003,2026071902,221f7ab765060a95dfddeb344e74dd84ec7846a6227422bc083efdc13ead7564,clayton,student_t_df5,0.10477840699151345,0.9542014167249392,-51.028676024779884
expected_profit,economic_plus_operational,optimal,356.30370160747736,-98.77729318386456,10.31027310434142,-10.306898714041921,412.5717171011942,1.0,True,False,False,False,False,False,False,0.9212651211990953,0.0,0.07873487880090467,False,LHS-03-003,2026071902,221f7ab765060a95dfddeb344e74dd84ec7846a6227422bc083efdc13ead7564,clayton,student_t_df5,0.10477840699151345,0.9542014167249392,-51.028676024779884
mean_variance,variance_penalty,optimal,356.3037016187324,-98.77729319070906,10.31027309997441,-10.306898709674869,412.5717171116148,1.000000000033564,True,False,False,False,False,False,False,0.9212651212133348,1.4008646539359024e-11,0.07873487880622057,False,LHS-03-003,2026071902,221f7ab765060a95dfddeb344e74dd84ec7846a6227422bc083efdc13ead7564,clayton,student_t_df5,0.10477840699151345,0.9542014167249392,-51.028676024779884
loss_CVaR,economic_operational_plus_CVaR,optimal,355.17002393328636,-142.57314784584878,-51.02867602478082,51.03150775701386,372.98262296941886,0.9999999999999999,False,False,False,False,False,False,False,0.7141008400281096,0.20716428117098565,0.07873487880090467,False,LHS-03-003,2026071902,221f7ab765060a95dfddeb344e74dd84ec7846a6227422bc083efdc13ead7564,clayton,student_t_df5,0.10477840699151345,0.9542014167249392,-51.028676024779884
ranking_proportional_repaired,ranking,repaired,335.3609709128944,-170.7037921806699,-104.06620032958695,104.06826162081539,310.75119901298854,1.0,False,False,False,False,False,False,False,0.4252761109743977,0.41731036270383504,0.15741352632176728,False,LHS-03-003,2026071903,566f1892746ca836de0205d3e90f944a35bb558ce989e37c26b6f4d13ad19467,clayton,student_t_df5,0.10477840699151345,0.9542014167249392,-50.30306961967565
expected_profit,economic_plus_operational,optimal,356.73754476471595,-99.39568764645698,10.473317741754812,-10.469919179309901,412.5717171011942,1.0,True,False,False,False,False,False,False,0.9212651211990953,0.0,0.07873487880090467,False,LHS-03-003,2026071903,566f1892746ca836de0205d3e90f944a35bb558ce989e37c26b6f4d13ad19467,clayton,student_t_df5,0.10477840699151345,0.9542014167249392,-50.30306961967565
mean_variance,variance_penalty,optimal,356.7375447657218,-99.39568764653406,10.473317741375453,-10.469919178930567,412.57171710212714,1.000000000002996,True,False,False,False,False,False,False,0.9212651212003772,1.2469624117538148e-12,0.0787348788013718,False,LHS-03-003,2026071903,566f1892746ca836de0205d3e90f944a35bb558ce989e37c26b6f4d13ad19467,clayton,student_t_df5,0.10477840699151345,0.9542014167249392,-50.30306961967565
loss_CVaR,economic_operational_plus_CVaR,optimal,355.3660807368479,-140.825247492307,-50.30306961967652,50.305869729435095,372.6543352559208,0.9999999999999999,False,False,False,False,False,False,False,0.7123829556037348,0.2088821655953605,0.07873487880090467,False,LHS-03-003,2026071903,566f1892746ca836de0205d3e90f944a35bb558ce989e37c26b6f4d13ad19467,clayton,student_t_df5,0.10477840699151345,0.9542014167249392,-50.30306961967565
ranking_proportional_repaired,ranking,repaired,336.02774230494714,-177.84637135696056,-108.83898328338027,108.84111787918098,310.75119901298854,1.0,False,False,False,False,False,False,False,0.4252761109743977,0.41731036270383504,0.15741352632176728,False,LHS-03-003,2026071904,c2e8f699e08fd983c3921f4d0fb6064fdc406514c093b29c249980c831e66aa8,clayton,student_t_df5,0.10477840699151345,0.9542014167249392,-58.998627401302386
expected_profit,economic_plus_operational,optimal,356.47386553293336,-114.09851758151416,-2.6567303554465127,2.660177568530145,412.5717171011942,1.0,True,False,False,False,False,False,False,0.9212651211990953,0.0,0.07873487880090467,False,LHS-03-003,2026071904,c2e8f699e08fd983c3921f4d0fb6064fdc406514c093b29c249980c831e66aa8,clayton,student_t_df5,0.10477840699151345,0.9542014167249392,-58.998627401302386
mean_variance,variance_penalty,optimal,356.47386553293336,-114.09851758151416,-2.6567303554465127,2.660177568530145,412.5717171011942,1.0,True,False,False,False,False,False,False,0.9212651211990953,0.0,0.07873487880090467,False,LHS-03-003,2026071904,c2e8f699e08fd983c3921f4d0fb6064fdc406514c093b29c249980c831e66aa8,clayton,student_t_df5,0.10477840699151345,0.9542014167249392,-58.998627401302386
loss_CVaR,economic_operational_plus_CVaR,optimal,355.5660544739589,-152.2065882025326,-58.99862740130337,59.00151059000637,373.88787435042155,1.0,False,False,False,False,False,False,False,0.7188378959203269,0.2024272252787684,0.07873487880090467,False,LHS-03-003,2026071904,c2e8f699e08fd983c3921f4d0fb6064fdc406514c093b29c249980c831e66aa8,clayton,student_t_df5,0.10477840699151345,0.9542014167249392,-58.998627401302386
ranking_proportional_repaired,ranking,repaired,334.8553938971119,-170.49390298253394,-102.40162391013024,102.4037301989933,310.75119901298854,1.0,False,False,False,False,False,False,False,0.4252761109743977,0.41731036270383504,0.15741352632176728,False,LHS-03-003,2026071905,3d6c6ef33e558fb649e5b603cd75d39d5f8870b2e7ab95daf7a0022055ee69f2,clayton,student_t_df5,0.10477840699151345,0.9542014167249392,-50.927264452954795
expected_profit,economic_plus_operational,optimal,356.2581129118181,-100.98880696390766,7.261787565440358,-7.258439065070233,412.5717171011942,1.0,True,False,False,False,False,False,False,0.9212651211990953,0.0,0.07873487880090467,False,LHS-03-003,2026071905,3d6c6ef33e558fb649e5b603cd75d39d5f8870b2e7ab95daf7a0022055ee69f2,clayton,student_t_df5,0.10477840699151345,0.9542014167249392,-50.927264452954795
mean_variance,variance_penalty,optimal,356.2581129187072,-100.98880696903741,7.261787562696895,-7.258439062326705,412.5717171075868,1.0000000000205753,True,False,False,False,False,False,False,0.9212651212078404,8.588246550183672e-12,0.0787348788041466,False,LHS-03-003,2026071905,3d6c6ef33e558fb649e5b603cd75d39d5f8870b2e7ab95daf7a0022055ee69f2,clayton,student_t_df5,0.10477840699151345,0.9542014167249392,-50.927264452954795
loss_CVaR,economic_operational_plus_CVaR,optimal,354.8720145397895,-142.63569933122932,-50.92726445295578,50.930101257034934,373.8595446259464,1.0,False,False,False,False,False,False,False,0.7186896503710062,0.20257547082808924,0.07873487880090467,False,LHS-03-003,2026071905,3d6c6ef33e558fb649e5b603cd75d39d5f8870b2e7ab95daf7a0022055ee69f2,clayton,student_t_df5,0.10477840699151345,0.9542014167249392,-50.927264452954795
ranking_proportional_repaired,ranking,repaired,334.87755386184733,-221.01700305040387,-189.29979945757975,189.31672082803428,310.75119901298854,1.0,True,False,False,False,False,False,False,0.4252761109743977,0.41731036270383504,0.15741352632176728,False,LHS-03-004,2026071901,78181bbcf9e2261497abf904bb861eea7cbdf667b1a91397b801c90c8d04b945,clayton,empirical_resample,0.05663325081341501,0.9071495628598096,-190.46584944125084
expected_profit,economic_plus_operational,optimal,364.95217711426557,-229.33117125945094,-194.81040254281115,194.82881963668007,346.64031564773603,1.0,False,False,False,False,False,False,False,0.5537603439338611,0.41556785286818676,0.030671803197952135,False,LHS-03-004,2026071901,78181bbcf9e2261497abf904bb861eea7cbdf667b1a91397b801c90c8d04b945,clayton,empirical_resample,0.05663325081341501,0.9071495628598096,-190.46584944125084
mean_variance,variance_penalty,optimal,364.9521771185215,-229.33117126225946,-194.81040254522702,194.82881963909614,346.6403156516849,1.000000000012701,False,False,False,False,False,False,False,0.553760343939268,0.4155678528734929,0.03067180319994002,False,LHS-03-004,2026071901,78181bbcf9e2261497abf904bb861eea7cbdf667b1a91397b801c90c8d04b945,clayton,empirical_resample,0.05663325081341501,0.9071495628598096,-190.46584944125084
loss_CVaR,economic_operational_plus_CVaR,optimal,364.95217711426557,-229.33117125945094,-194.81040254281115,194.82881963668007,346.64031564773603,1.0,False,False,False,False,False,False,False,0.5537603439338611,0.41556785286818676,0.030671803197952135,False,LHS-03-004,2026071901,78181bbcf9e2261497abf904bb861eea7cbdf667b1a91397b801c90c8d04b945,clayton,empirical_resample,0.05663325081341501,0.9071495628598096,-190.46584944125084
ranking_proportional_repaired,ranking,repaired,335.61111752042024,-221.3552851937248,-190.85736404341995,190.8736349173754,310.75119901298854,1.0,True,False,False,False,False,False,False,0.4252761109743977,0.41731036270383504,0.15741352632176728,False,LHS-03-004,2026071902,52807be51bc8c9e96ecb668038e40fb198eb7ec4bd9f3294e62be3d1a06e00e1,clayton,empirical_resample,0.05663325081341501,0.9071495628598096,-192.02664920783246
expected_profit,economic_plus_operational,optimal,365.91380539941736,-229.89391630995163,-196.38325617905627,196.4011343722769,346.64031564773603,1.0,False,False,False,False,False,False,False,0.5537603439338611,0.41556785286818676,0.030671803197952135,False,LHS-03-004,2026071902,52807be51bc8c9e96ecb668038e40fb198eb7ec4bd9f3294e62be3d1a06e00e1,clayton,empirical_resample,0.05663325081341501,0.9071495628598096,-192.02664920783246
mean_variance,variance_penalty,optimal,365.91380539941736,-229.89391630995163,-196.38325617905627,196.4011343722769,346.64031564773603,1.0,False,False,False,False,False,False,False,0.5537603439338611,0.41556785286818676,0.030671803197952135,False,LHS-03-004,2026071902,52807be51bc8c9e96ecb668038e40fb198eb7ec4bd9f3294e62be3d1a06e00e1,clayton,empirical_resample,0.05663325081341501,0.9071495628598096,-192.02664920783246
loss_CVaR,economic_operational_plus_CVaR,optimal,365.91380539941736,-229.89391630995163,-196.38325617905627,196.4011343722769,346.64031564773603,1.0,False,False,False,False,False,False,False,0.5537603439338611,0.41556785286818676,0.030671803197952135,False,LHS-03-004,2026071902,52807be51bc8c9e96ecb668038e40fb198eb7ec4bd9f3294e62be3d1a06e00e1,clayton,empirical_resample,0.05663325081341501,0.9071495628598096,-192.02664920783246
ranking_proportional_repaired,ranking,repaired,334.26382187669117,-222.1260571484,-190.2485318525027,190.26553875581075,310.75119901298854,1.0,True,False,False,False,False,False,False,0.4252761109743977,0.41731036270383504,0.15741352632176728,False,LHS-03-004,2026071903,aad4ff8760a256d91f9aa76d0331967ffe648d9a34cd3e3043c9df1b37102fae,clayton,empirical_resample,0.05663325081341501,0.9071495628598096,-191.37694545865844
expected_profit,economic_plus_operational,optimal,364.21302861614544,-232.05722731411555,-195.58127023128287,195.60073043308395,346.64031564773603,1.0,False,False,False,False,False,False,False,0.5537603439338611,0.41556785286818676,0.030671803197952135,False,LHS-03-004,2026071903,aad4ff8760a256d91f9aa76d0331967ffe648d9a34cd3e3043c9df1b37102fae,clayton,empirical_resample,0.05663325081341501,0.9071495628598096,-191.37694545865844
mean_variance,variance_penalty,optimal,364.2130286180868,-232.05722731541385,-195.58127023239268,195.60073043419388,346.6403156495393,1.0000000000058045,False,False,False,False,False,False,False,0.5537603439363247,0.41556785287061876,0.030671803198861043,False,LHS-03-004,2026071903,aad4ff8760a256d91f9aa76d0331967ffe648d9a34cd3e3043c9df1b37102fae,clayton,empirical_resample,0.05663325081341501,0.9071495628598096,-191.37694545865844
loss_CVaR,economic_operational_plus_CVaR,optimal,364.21302861614544,-232.05722731411555,-195.58127023128287,195.60073043308395,346.64031564773603,1.0,False,False,False,False,False,False,False,0.5537603439338611,0.41556785286818676,0.030671803197952135,False,LHS-03-004,2026071903,aad4ff8760a256d91f9aa76d0331967ffe648d9a34cd3e3043c9df1b37102fae,clayton,empirical_resample,0.05663325081341501,0.9071495628598096,-191.37694545865844
ranking_proportional_repaired,ranking,repaired,335.59357358713913,-224.02205629235144,-191.38544626540752,191.40285814621942,310.75119901298854,1.0,True,False,False,False,False,False,False,0.4252761109743977,0.41731036270383504,0.15741352632176728,False,LHS-03-004,2026071904,b3f42414c6d4da046e063d16151a15d32d040bda1c6ce702f3bfca490faf477e,clayton,empirical_resample,0.05663325081341501,0.9071495628598096,-192.58636659268944
expected_profit,economic_plus_operational,optimal,365.88539461717244,-234.0351050283686,-197.06084213463254,197.08056818639105,346.64031564773603,1.0,False,False,False,False,False,False,False,0.5537603439338611,0.41556785286818676,0.030671803197952135,False,LHS-03-004,2026071904,b3f42414c6d4da046e063d16151a15d32d040bda1c6ce702f3bfca490faf477e,clayton,empirical_resample,0.05663325081341501,0.9071495628598096,-192.58636659268944
mean_variance,variance_penalty,optimal,365.88539461717244,-234.0351050283686,-197.06084213463254,197.08056818639105,346.64031564773603,1.0,False,False,False,False,False,False,False,0.5537603439338611,0.41556785286818676,0.030671803197952135,False,LHS-03-004,2026071904,b3f42414c6d4da046e063d16151a15d32d040bda1c6ce702f3bfca490faf477e,clayton,empirical_resample,0.05663325081341501,0.9071495628598096,-192.58636659268944
loss_CVaR,economic_operational_plus_CVaR,optimal,365.88539461717244,-234.0351050283686,-197.06084213463254,197.08056818639105,346.64031564773603,1.0,False,False,False,False,False,False,False,0.5537603439338611,0.41556785286818676,0.030671803197952135,False,LHS-03-004,2026071904,b3f42414c6d4da046e063d16151a15d32d040bda1c6ce702f3bfca490faf477e,clayton,empirical_resample,0.05663325081341501,0.9071495628598096,-192.58636659268944
ranking_proportional_repaired,ranking,repaired,334.43431674430406,-220.27337505470186,-189.27937595036002,189.2959114856942,310.75119901298854,1.0,True,False,False,False,False,False,False,0.4252761109743977,0.41731036270383504,0.15741352632176728,False,LHS-03-004,2026071905,ef6ec85305d6e29e22a1bfa0d9c7836f092b97d733fe8b556fc92700e9b716b9,clayton,empirical_resample,0.05663325081341501,0.9071495628598096,-190.31609195741714
expected_profit,economic_plus_operational,optimal,364.4107022136582,-229.43852615211833,-194.17876320390775,194.19757455684555,346.64031564773603,1.0,False,False,False,False,False,False,False,0.5537603439338611,0.41556785286818676,0.030671803197952135,False,LHS-03-004,2026071905,ef6ec85305d6e29e22a1bfa0d9c7836f092b97d733fe8b556fc92700e9b716b9,clayton,empirical_resample,0.05663325081341501,0.9071495628598096,-190.31609195741714
mean_variance,variance_penalty,optimal,364.4107022136582,-229.43852615211833,-194.17876320390775,194.19757455684555,346.64031564773603,1.0,False,False,False,False,False,False,False,0.5537603439338611,0.41556785286818676,0.030671803197952135,False,LHS-03-004,2026071905,ef6ec85305d6e29e22a1bfa0d9c7836f092b97d733fe8b556fc92700e9b716b9,clayton,empirical_resample,0.05663325081341501,0.9071495628598096,-190.31609195741714
loss_CVaR,economic_operational_plus_CVaR,optimal,364.4107022136582,-229.43852615211833,-194.17876320390775,194.19757455684555,346.64031564773603,1.0,False,False,False,False,False,False,False,0.5537603439338611,0.41556785286818676,0.030671803197952135,False,LHS-03-004,2026071905,ef6ec85305d6e29e22a1bfa0d9c7836f092b97d733fe8b556fc92700e9b716b9,clayton,empirical_resample,0.05663325081341501,0.9071495628598096,-190.31609195741714
ranking_proportional_repaired,ranking,repaired,335.00156478359435,-150.78528619227774,-94.07609278603847,94.13221118025986,310.75119901298854,1.0,True,False,False,False,False,False,False,0.4252761109743977,0.41731036270383504,0.15741352632176728,False,LHS-03-005,2026071901,c18df560182c2632b5102b616169670aa3d8d8336ae21dbf7c42298a61494dac,clayton,gaussian,0.5916380469908239,0.9220771873921378,-95.2615428696375
expected_profit,economic_plus_operational,optimal,345.032890892614,-155.34113119175294,-96.80284632770142,96.86077475781526,319.69512751563065,1.0,False,False,False,False,False,False,False,0.4520277019107696,0.43339977662772056,0.11457252146150987,False,LHS-03-005,2026071901,c18df560182c2632b5102b616169670aa3d8d8336ae21dbf7c42298a61494dac,clayton,gaussian,0.5916380469908239,0.9220771873921378,-95.2615428696375
mean_variance,variance_penalty,optimal,345.032890902387,-155.34113119620073,-96.80284633044755,96.86077476056307,319.695127524693,1.0000000000291578,False,False,False,False,False,False,False,0.4520277019231672,0.43339977663991336,0.11457252146607731,False,LHS-03-005,2026071901,c18df560182c2632b5102b616169670aa3d8d8336ae21dbf7c42298a61494dac,clayton,gaussian,0.5916380469908239,0.9220771873921378,-95.2615428696375
loss_CVaR,economic_operational_plus_CVaR,optimal,345.032890892614,-155.34113119175294,-96.80284632770142,96.86077475781526,319.69512751563065,1.0,False,False,False,False,False,False,False,0.4520277019107696,0.43339977662772056,0.11457252146150987,False,LHS-03-005,2026071901,c18df560182c2632b5102b616169670aa3d8d8336ae21dbf7c42298a61494dac,clayton,gaussian,0.5916380469908239,0.9220771873921378,-95.2615428696375
ranking_proportional_repaired,ranking,repaired,336.56843737703025,-157.63699915643565,-96.58543045336728,96.64584598380463,310.75119901298854,1.0,True,False,False,False,False,False,False,0.4252761109743977,0.41731036270383504,0.15741352632176728,False,LHS-03-005,2026071902,2508b44e5fb1f0edb6773ee3bf7dd3ce401806c3d118f4eda34325c2f1e3b320,clayton,gaussian,0.5916380469908239,0.9220771873921378,-97.81270396302286
expected_profit,economic_plus_operational,optimal,346.6217183703415,-162.01645490571565,-99.40838557846422,99.4703413938252,319.69512751563065,1.0,False,False,False,False,False,False,False,0.4520277019107696,0.43339977662772056,0.11457252146150987,False,LHS-03-005,2026071902,2508b44e5fb1f0edb6773ee3bf7dd3ce401806c3d118f4eda34325c2f1e3b320,clayton,gaussian,0.5916380469908239,0.9220771873921378,-97.81270396302286
mean_variance,variance_penalty,optimal,346.6217183703415,-162.01645490571565,-99.40838557846422,99.4703413938252,319.69512751563065,1.0,False,False,False,False,False,False,False,0.4520277019107696,0.43339977662772056,0.11457252146150987,False,LHS-03-005,2026071902,2508b44e5fb1f0edb6773ee3bf7dd3ce401806c3d118f4eda34325c2f1e3b320,clayton,gaussian,0.5916380469908239,0.9220771873921378,-97.81270396302286
loss_CVaR,economic_operational_plus_CVaR,optimal,346.6217183703415,-162.01645490571565,-99.40838557846422,99.4703413938252,319.69512751563065,1.0,False,False,False,False,False,False,False,0.4520277019107696,0.43339977662772056,0.11457252146150987,False,LHS-03-005,2026071902,2508b44e5fb1f0edb6773ee3bf7dd3ce401806c3d118f4eda34325c2f1e3b320,clayton,gaussian,0.5916380469908239,0.9220771873921378,-97.81270396302286
ranking_proportional_repaired,ranking,repaired,336.008402906542,-158.73833770152493,-98.65873830865816,98.71819199580973,310.75119901298854,1.0,True,False,False,False,False,False,False,0.4252761109743977,0.41731036270383504,0.15741352632176728,False,LHS-03-005,2026071903,3db9b71bd5dd46c53c44fdf4c5637f8f8bda0849e7a5bbb5cdc248157a1937e7,clayton,gaussian,0.5916380469908239,0.9220771873921378,-99.90303498153301
expected_profit,economic_plus_operational,optimal,346.0426428975501,-163.26969432635786,-101.52084984467503,101.58195538663743,319.69512751563065,1.0,False,False,False,False,False,False,False,0.4520277019107696,0.43339977662772056,0.11457252146150987,False,LHS-03-005,2026071903,3db9b71bd5dd46c53c44fdf4c5637f8f8bda0849e7a5bbb5cdc248157a1937e7,clayton,gaussian,0.5916380469908239,0.9220771873921378,-99.90303498153301
mean_variance,variance_penalty,optimal,346.0426428975501,-163.26969432635786,-101.52084984467503,101.58195538663743,319.69512751563065,1.0,False,False,False,False,False,False,False,0.4520277019107696,0.43339977662772056,0.11457252146150987,False,LHS-03-005,2026071903,3db9b71bd5dd46c53c44fdf4c5637f8f8bda0849e7a5bbb5cdc248157a1937e7,clayton,gaussian,0.5916380469908239,0.9220771873921378,-99.90303498153301
loss_CVaR,economic_operational_plus_CVaR,optimal,346.0426428975501,-163.26969432635786,-101.52084984467503,101.58195538663743,319.69512751563065,1.0,False,False,False,False,False,False,False,0.4520277019107696,0.43339977662772056,0.11457252146150987,False,LHS-03-005,2026071903,3db9b71bd5dd46c53c44fdf4c5637f8f8bda0849e7a5bbb5cdc248157a1937e7,clayton,gaussian,0.5916380469908239,0.9220771873921378,-99.90303498153301
ranking_proportional_repaired,ranking,repaired,335.9476164855907,-155.20651330733742,-95.42004197382599,95.47920558674083,310.75119901298854,1.0,True,False,False,False,False,False,False,0.4252761109743977,0.41731036270383504,0.15741352632176728,False,LHS-03-005,2026071904,92d2daeda7d8b624df0f0a0afa14b09941ea93a36acbfba06619af51e2d5181f,clayton,gaussian,0.5916380469908239,0.9220771873921378,-96.61945176889411
expected_profit,economic_plus_operational,optimal,345.9743203363871,-159.3251743659833,-98.17890542312283,98.2394146672082,319.69512751563065,1.0,False,False,False,False,False,False,False,0.4520277019107696,0.43339977662772056,0.11457252146150987,False,LHS-03-005,2026071904,92d2daeda7d8b624df0f0a0afa14b09941ea93a36acbfba06619af51e2d5181f,clayton,gaussian,0.5916380469908239,0.9220771873921378,-96.61945176889411
mean_variance,variance_penalty,optimal,345.9743203396358,-159.32517436746704,-98.17890542404643,98.23941466813235,319.695127518634,1.000000000009671,False,False,False,False,False,False,False,0.45202770191487307,0.4333997766317648,0.11457252146303308,False,LHS-03-005,2026071904,92d2daeda7d8b624df0f0a0afa14b09941ea93a36acbfba06619af51e2d5181f,clayton,gaussian,0.5916380469908239,0.9220771873921378,-96.61945176889411
loss_CVaR,economic_operational_plus_CVaR,optimal,345.9743203363871,-159.3251743659833,-98.17890542312283,98.2394146672082,319.69512751563065,1.0,False,False,False,False,False,False,False,0.4520277019107696,0.43339977662772056,0.11457252146150987,False,LHS-03-005,2026071904,92d2daeda7d8b624df0f0a0afa14b09941ea93a36acbfba06619af51e2d5181f,clayton,gaussian,0.5916380469908239,0.9220771873921378,-96.61945176889411
ranking_proportional_repaired,ranking,repaired,336.5621552565074,-156.5285090670905,-96.25565919144424,96.31530411578547,310.75119901298854,1.0,True,False,False,False,False,False,False,0.4252761109743977,0.41731036270383504,0.15741352632176728,False,LHS-03-005,2026071905,be492885ef4a5fe2d64780dc163a3bdb0ea7b5a00c3c10ac9820ca86ec046662,clayton,gaussian,0.5916380469908239,0.9220771873921378,-97.470506419648
expected_profit,economic_plus_operational,optimal,346.6054895505803,-161.1117710039356,-99.05003158039125,99.1114467575405,319.69512751563065,1.0,False,False,False,False,False,False,False,0.4520277019107696,0.43339977662772056,0.11457252146150987,False,LHS-03-005,2026071905,be492885ef4a5fe2d64780dc163a3bdb0ea7b5a00c3c10ac9820ca86ec046662,clayton,gaussian,0.5916380469908239,0.9220771873921378,-97.470506419648
mean_variance,variance_penalty,optimal,346.6054895550495,-161.11177100601347,-99.05003158166934,99.11144675881938,319.6951275197574,1.0000000000132807,False,False,False,False,False,False,False,0.45202770191641745,0.4333997766332602,0.11457252146360315,False,LHS-03-005,2026071905,be492885ef4a5fe2d64780dc163a3bdb0ea7b5a00c3c10ac9820ca86ec046662,clayton,gaussian,0.5916380469908239,0.9220771873921378,-97.470506419648
loss_CVaR,economic_operational_plus_CVaR,optimal,346.6054895505803,-161.1117710039356,-99.05003158039125,99.1114467575405,319.69512751563065,1.0,False,False,False,False,False,False,False,0.4520277019107696,0.43339977662772056,0.11457252146150987,False,LHS-03-005,2026071905,be492885ef4a5fe2d64780dc163a3bdb0ea7b5a00c3c10ac9820ca86ec046662,clayton,gaussian,0.5916380469908239,0.9220771873921378,-97.470506419648
ranking_proportional_repaired,ranking,repaired,335.4235830106516,-139.55177733163944,-57.89646334834647,57.97522591645042,310.75119901298854,1.0,False,False,False,False,False,False,False,0.4252761109743977,0.41731036270383504,0.15741352632176728,False,LHS-03-006,2026071901,fdab5453b7f28c3db15518ff0102813bd8d179dfaaeb47a07ebf64d459b1bcc6,clayton,student_t_df5,0.4809356047961745,0.9462518940649087,-36.443216216642845
expected_profit,economic_plus_operational,optimal,345.60225021455625,-104.43499999842643,-8.491773281284807,8.584317594199526,399.73798644501903,1.0,True,False,False,False,False,False,False,0.8755185943003456,0.0,0.12448140569965441,False,LHS-03-006,2026071901,fdab5453b7f28c3db15518ff0102813bd8d179dfaaeb47a07ebf64d459b1bcc6,clayton,student_t_df5,0.4809356047961745,0.9462518940649087,-36.443216216642845
mean_variance,variance_penalty,optimal,345.60225021671084,-104.43499999945598,-8.491773281688381,8.584317594603705,399.73798644701264,1.0000000000064209,True,False,False,False,False,False,False,0.8755185943030659,2.6942090843079164e-12,0.12448140570066082,False,LHS-03-006,2026071901,fdab5453b7f28c3db15518ff0102813bd8d179dfaaeb47a07ebf64d459b1bcc6,clayton,student_t_df5,0.4809356047961745,0.9462518940649087,-36.443216216642845
loss_CVaR,economic_operational_plus_CVaR,optimal,344.30590077321733,-125.62421315147625,-36.44321621664453,36.52923786057689,356.3465040869911,1.0,False,False,False,False,False,False,False,0.6484569388423242,0.22706165545802137,0.12448140569965441,False,LHS-03-006,2026071901,fdab5453b7f28c3db15518ff0102813bd8d179dfaaeb47a07ebf64d459b1bcc6,clayton,student_t_df5,0.4809356047961745,0.9462518940649087,-36.443216216642845
ranking_proportional_repaired,ranking,repaired,336.9870566394646,-145.1610823370647,-58.788898398936894,58.87221073573231,310.75119901298854,1.0,False,False,False,False,False,False,False,0.4252761109743977,0.41731036270383504,0.15741352632176728,False,LHS-03-006,2026071902,bf8f6226cc3e8e3d9f1c61504994b95f27ae96af1254d050b038e8aa3cadc287,clayton,student_t_df5,0.4809356047961745,0.9462518940649087,-38.53953235576249
expected_profit,economic_plus_operational,optimal,348.4600807225951,-115.80337033553491,-12.156626497351326,12.256601420256839,399.73798644501903,1.0,True,False,False,False,False,False,False,0.8755185943003456,0.0,0.12448140569965441,False,LHS-03-006,2026071902,bf8f6226cc3e8e3d9f1c61504994b95f27ae96af1254d050b038e8aa3cadc287,clayton,student_t_df5,0.4809356047961745,0.9462518940649087,-38.53953235576249
mean_variance,variance_penalty,optimal,348.46008072940987,-115.80337033905306,-12.156626498635973,12.256601421543643,399.73798645130466,1.0000000000202194,True,False,False,False,False,False,False,0.875518594308955,8.432170908151845e-12,0.12448140570283228,False,LHS-03-006,2026071902,bf8f6226cc3e8e3d9f1c61504994b95f27ae96af1254d050b038e8aa3cadc287,clayton,student_t_df5,0.4809356047961745,0.9462518940649087,-38.53953235576249
loss_CVaR,economic_operational_plus_CVaR,optimal,346.50128469754196,-136.16288200555476,-38.53953235576431,38.633697271067895,356.3948186202724,1.0,False,False,False,False,False,False,False,0.6487097621457324,0.22680883215461317,0.12448140569965441,False,LHS-03-006,2026071902,bf8f6226cc3e8e3d9f1c61504994b95f27ae96af1254d050b038e8aa3cadc287,clayton,student_t_df5,0.4809356047961745,0.9462518940649087,-38.53953235576249
ranking_proportional_repaired,ranking,repaired,336.0663286694858,-148.3672729843784,-67.87508044920231,67.95272110095075,310.75119901298854,1.0,False,False,False,False,False,False,False,0.4252761109743977,0.41731036270383504,0.15741352632176728,False,LHS-03-006,2026071903,8dc32baa4964ce45ca37acc1711a28cfef7ea3591cff5b356e2f9c8262432b6d,clayton,student_t_df5,0.4809356047961745,0.9462518940649087,-47.098788959262436
expected_profit,economic_plus_operational,optimal,346.90654855760306,-115.95702199129911,-20.029351758251508,20.121881065790856,399.73798644501903,1.0,True,False,False,False,False,False,False,0.8755185943003456,0.0,0.12448140569965441,False,LHS-03-006,2026071903,8dc32baa4964ce45ca37acc1711a28cfef7ea3591cff5b356e2f9c8262432b6d,clayton,student_t_df5,0.4809356047961745,0.9462518940649087,-47.098788959262436
mean_variance,variance_penalty,optimal,346.90654855760306,-115.95702199129911,-20.029351758251508,20.121881065790856,399.73798644501903,1.0,True,False,False,False,False,False,False,0.8755185943003456,0.0,0.12448140569965441,False,LHS-03-006,2026071903,8dc32baa4964ce45ca37acc1711a28cfef7ea3591cff5b356e2f9c8262432b6d,clayton,student_t_df5,0.4809356047961745,0.9462518940649087,-47.098788959262436
loss_CVaR,economic_operational_plus_CVaR,optimal,345.26222515017747,-135.5233122796615,-47.09878895926413,47.18408092864538,356.4762477031818,1.0,False,False,False,False,False,False,False,0.6491358693299785,0.2263827249703672,0.12448140569965441,False,LHS-03-006,2026071903,8dc32baa4964ce45ca37acc1711a28cfef7ea3591cff5b356e2f9c8262432b6d,clayton,student_t_df5,0.4809356047961745,0.9462518940649087,-47.098788959262436
ranking_proportional_repaired,ranking,repaired,335.20620719446055,-147.21214523251055,-57.168433019762304,57.25528681615989,310.75119901298854,1.0,False,False,False,False,False,False,False,0.4252761109743977,0.41731036270383504,0.15741352632176728,False,LHS-03-006,2026071904,2ef7a670efc26719b6fa208f80628492475fa0b8109205627fffd2f4b99fa9f0,clayton,student_t_df5,0.4809356047961745,0.9462518940649087,-35.88695125568422
expected_profit,economic_plus_operational,optimal,346.07013638917323,-114.69340988408106,-8.15930147583228,8.262061474656274,399.73798644501903,1.0,True,False,False,False,False,False,False,0.8755185943003456,0.0,0.12448140569965441,False,LHS-03-006,2026071904,2ef7a670efc26719b6fa208f80628492475fa0b8109205627fffd2f4b99fa9f0,clayton,student_t_df5,0.4809356047961745,0.9462518940649087,-35.88695125568422
mean_variance,variance_penalty,optimal,346.07013638917323,-114.69340988408106,-8.15930147583228,8.262061474656274,399.73798644501903,1.0,True,False,False,False,False,False,False,0.8755185943003456,0.0,0.12448140569965441,False,LHS-03-006,2026071904,2ef7a670efc26719b6fa208f80628492475fa0b8109205627fffd2f4b99fa9f0,clayton,student_t_df5,0.4809356047961745,0.9462518940649087,-35.88695125568422
loss_CVaR,economic_operational_plus_CVaR,optimal,344.3662229025396,-135.52167698835189,-35.88695125568594,35.98305629145424,355.92672974629943,0.9999999999999999,False,False,False,False,False,False,False,0.6462603174886263,0.22925827681171915,0.12448140569965441,False,LHS-03-006,2026071904,2ef7a670efc26719b6fa208f80628492475fa0b8109205627fffd2f4b99fa9f0,clayton,student_t_df5,0.4809356047961745,0.9462518940649087,-35.88695125568422
ranking_proportional_repaired,ranking,repaired,336.079982335931,-146.93464903612102,-57.45525812516027,57.54156759207339,310.75119901298854,1.0,False,False,False,False,False,False,False,0.4252761109743977,0.41731036270383504,0.15741352632176728,False,LHS-03-006,2026071905,7a1657a4eb3352d22d3eff589a5658a2dff302f2d9ce737bb8e988ac9c46eef7,clayton,student_t_df5,0.4809356047961745,0.9462518940649087,-36.72920833033764
expected_profit,economic_plus_operational,optimal,347.0720841584323,-113.45166407698089,-9.725231050867905,9.825282839868033,399.73798644501903,1.0,True,False,False,False,False,False,False,0.8755185943003456,0.0,0.12448140569965441,False,LHS-03-006,2026071905,7a1657a4eb3352d22d3eff589a5658a2dff302f2d9ce737bb8e988ac9c46eef7,clayton,student_t_df5,0.4809356047961745,0.9462518940649087,-36.72920833033764
mean_variance,variance_penalty,optimal,347.0720841687098,-113.45166408073177,-9.725231052782064,9.825282841783983,399.7379864545246,1.000000000030586,True,False,False,False,False,False,False,0.8755185943133623,1.2746430229450375e-11,0.12448140570447723,False,LHS-03-006,2026071905,7a1657a4eb3352d22d3eff589a5658a2dff302f2d9ce737bb8e988ac9c46eef7,clayton,student_t_df5,0.4809356047961745,0.9462518940649087,-36.72920833033764
loss_CVaR,economic_operational_plus_CVaR,optimal,345.3423776785821,-132.82451616321313,-36.72920833033933,36.821899336698124,356.4706730780666,1.0,False,False,False,False,False,False,False,0.6491066980839544,0.2264118962163912,0.12448140569965441,False,LHS-03-006,2026071905,7a1657a4eb3352d22d3eff589a5658a2dff302f2d9ce737bb8e988ac9c46eef7,clayton,student_t_df5,0.4809356047961745,0.9462518940649087,-36.72920833033764
ranking_proportional_repaired,ranking,repaired,333.4755385573057,-173.50358002620808,-150.5159841086471,150.53636831492898,310.75119901298854,1.0,True,False,False,False,False,False,False,0.4252761109743977,0.41731036270383504,0.15741352632176728,False,LHS-03-007,2026071901,2de1ab4c3b68a4b9df720959bb3b1149cccfc32e1afe6466faf80773f8e92b02,clayton,empirical_resample,0.3314132857207557,0.9291628704380644,-153.52565337429422
expected_profit,economic_plus_operational,optimal,359.2554906244152,-184.65934900563914,-160.49287529414875,160.51430486803753,332.156158348836,1.0,False,False,False,False,False,False,False,0.4854379982236239,0.4679269043736646,0.046635097402711545,False,LHS-03-007,2026071901,2de1ab4c3b68a4b9df720959bb3b1149cccfc32e1afe6466faf80773f8e92b02,clayton,empirical_resample,0.3314132857207557,0.9291628704380644,-153.52565337429422
mean_variance,variance_penalty,optimal,359.2554906244152,-184.65934900563914,-160.49287529414875,160.51430486803753,332.156158348836,1.0,False,False,False,False,False,False,False,0.4854379982236239,0.4679269043736646,0.046635097402711545,False,LHS-03-007,2026071901,2de1ab4c3b68a4b9df720959bb3b1149cccfc32e1afe6466faf80773f8e92b02,clayton,empirical_resample,0.3314132857207557,0.9291628704380644,-153.52565337429422
loss_CVaR,economic_operational_plus_CVaR,optimal,359.2554906244152,-184.65934900563914,-160.49287529414875,160.51430486803753,332.156158348836,1.0,False,False,False,False,False,False,False,0.4854379982236239,0.4679269043736646,0.046635097402711545,False,LHS-03-007,2026071901,2de1ab4c3b68a4b9df720959bb3b1149cccfc32e1afe6466faf80773f8e92b02,clayton,empirical_resample,0.3314132857207557,0.9291628704380644,-153.52565337429422
ranking_proportional_repaired,ranking,repaired,334.93243399107865,-173.1969225532802,-150.67232543101005,150.69229907400447,310.75119901298854,1.0,True,False,False,False,False,False,False,0.4252761109743977,0.41731036270383504,0.15741352632176728,False,LHS-03-007,2026071902,18755df09bdf8b5f1c70837116789fe781bd28ba7aa3c7099f6c665729745213,clayton,empirical_resample,0.3314132857207557,0.9291628704380644,-153.74957594260076
expected_profit,economic_plus_operational,optimal,360.90297600533677,-184.66985360753856,-160.8732447994937,160.8943463963937,332.156158348836,1.0,False,False,False,False,False,False,False,0.4854379982236239,0.4679269043736646,0.046635097402711545,False,LHS-03-007,2026071902,18755df09bdf8b5f1c70837116789fe781bd28ba7aa3c7099f6c665729745213,clayton,empirical_resample,0.3314132857207557,0.9291628704380644,-153.74957594260076
mean_variance,variance_penalty,optimal,360.90297600533677,-184.66985360753856,-160.8732447994937,160.8943463963937,332.156158348836,1.0,False,False,False,False,False,False,False,0.4854379982236239,0.4679269043736646,0.046635097402711545,False,LHS-03-007,2026071902,18755df09bdf8b5f1c70837116789fe781bd28ba7aa3c7099f6c665729745213,clayton,empirical_resample,0.3314132857207557,0.9291628704380644,-153.74957594260076
loss_CVaR,economic_operational_plus_CVaR,optimal,360.90297600533677,-184.66985360753856,-160.8732447994937,160.8943463963937,332.156158348836,1.0,False,False,False,False,False,False,False,0.4854379982236239,0.4679269043736646,0.046635097402711545,False,LHS-03-007,2026071902,18755df09bdf8b5f1c70837116789fe781bd28ba7aa3c7099f6c665729745213,clayton,empirical_resample,0.3314132857207557,0.9291628704380644,-153.74957594260076
ranking_proportional_repaired,ranking,repaired,334.46692385923546,-174.58087834216101,-151.41964694629078,151.4401851234977,310.75119901298854,1.0,True,False,False,False,False,False,False,0.4252761109743977,0.41731036270383504,0.15741352632176728,False,LHS-03-007,2026071903,896fca44926204710dc39fa181da443c78f367d79cf4707835288829c05587bf,clayton,empirical_resample,0.3314132857207557,0.9291628704380644,-154.38103198435493
expected_profit,economic_plus_operational,optimal,360.3485150220527,-185.3452153408246,-161.23647852322682,161.25785689903648,332.156158348836,1.0,False,False,False,False,False,False,False,0.4854379982236239,0.4679269043736646,0.046635097402711545,False,LHS-03-007,2026071903,896fca44926204710dc39fa181da443c78f367d79cf4707835288829c05587bf,clayton,empirical_resample,0.3314132857207557,0.9291628704380644,-154.38103198435493
mean_variance,variance_penalty,optimal,360.3485150220527,-185.3452153408246,-161.23647852322682,161.25785689903648,332.156158348836,1.0,False,False,False,False,False,False,False,0.4854379982236239,0.4679269043736646,0.046635097402711545,False,LHS-03-007,2026071903,896fca44926204710dc39fa181da443c78f367d79cf4707835288829c05587bf,clayton,empirical_resample,0.3314132857207557,0.9291628704380644,-154.38103198435493
loss_CVaR,economic_operational_plus_CVaR,optimal,360.3485150220527,-185.3452153408246,-161.23647852322682,161.25785689903648,332.156158348836,1.0,False,False,False,False,False,False,False,0.4854379982236239,0.4679269043736646,0.046635097402711545,False,LHS-03-007,2026071903,896fca44926204710dc39fa181da443c78f367d79cf4707835288829c05587bf,clayton,empirical_resample,0.3314132857207557,0.9291628704380644,-154.38103198435493
ranking_proportional_repaired,ranking,repaired,335.19195628246604,-177.17929531773882,-152.7573391474928,152.77899526995844,310.75119901298854,1.0,True,False,False,False,False,False,False,0.4252761109743977,0.41731036270383504,0.15741352632176728,False,LHS-03-007,2026071904,ac31f741be4c1f4cfba84f912ea806db9f519655cb2d0edd852d60695001eee4,clayton,empirical_resample,0.3314132857207557,0.9291628704380644,-155.82340915076657
expected_profit,economic_plus_operational,optimal,361.1200913337414,-189.23658463193433,-162.92119573431145,162.94453085459114,332.156158348836,1.0,False,False,False,False,False,False,False,0.4854379982236239,0.4679269043736646,0.046635097402711545,False,LHS-03-007,2026071904,ac31f741be4c1f4cfba84f912ea806db9f519655cb2d0edd852d60695001eee4,clayton,empirical_resample,0.3314132857207557,0.9291628704380644,-155.82340915076657
mean_variance,variance_penalty,optimal,361.1200913337414,-189.23658463193433,-162.92119573431145,162.94453085459114,332.156158348836,1.0,False,False,False,False,False,False,False,0.4854379982236239,0.4679269043736646,0.046635097402711545,False,LHS-03-007,2026071904,ac31f741be4c1f4cfba84f912ea806db9f519655cb2d0edd852d60695001eee4,clayton,empirical_resample,0.3314132857207557,0.9291628704380644,-155.82340915076657
loss_CVaR,economic_operational_plus_CVaR,optimal,361.1200913337414,-189.23658463193433,-162.92119573431145,162.94453085459114,332.156158348836,1.0,False,False,False,False,False,False,False,0.4854379982236239,0.4679269043736646,0.046635097402711545,False,LHS-03-007,2026071904,ac31f741be4c1f4cfba84f912ea806db9f519655cb2d0edd852d60695001eee4,clayton,empirical_resample,0.3314132857207557,0.9291628704380644,-155.82340915076657
ranking_proportional_repaired,ranking,repaired,333.1365411277268,-174.07855730993182,-151.69860854323707,151.71845391958152,310.75119901298854,1.0,True,False,False,False,False,False,False,0.4252761109743977,0.41731036270383504,0.15741352632176728,False,LHS-03-007,2026071905,cfabceb76d8ec9ad14aa5f90ace67aa733ccbdd71818b44490388d4d537283a4,clayton,empirical_resample,0.3314132857207557,0.9291628704380644,-154.7806930400762
expected_profit,economic_plus_operational,optimal,358.92994071589976,-185.62219208989896,-161.91555231193183,161.93657412896818,332.156158348836,1.0,False,False,False,False,False,False,False,0.4854379982236239,0.4679269043736646,0.046635097402711545,False,LHS-03-007,2026071905,cfabceb76d8ec9ad14aa5f90ace67aa733ccbdd71818b44490388d4d537283a4,clayton,empirical_resample,0.3314132857207557,0.9291628704380644,-154.7806930400762
mean_variance,variance_penalty,optimal,358.92994072469753,-185.62219209444214,-161.9155523159425,161.93657413297933,332.1561583570394,1.0000000000263891,False,False,False,False,False,False,False,0.4854379982348484,0.46792690438470363,0.04663509740683713,False,LHS-03-007,2026071905,cfabceb76d8ec9ad14aa5f90ace67aa733ccbdd71818b44490388d4d537283a4,clayton,empirical_resample,0.3314132857207557,0.9291628704380644,-154.7806930400762
loss_CVaR,economic_operational_plus_CVaR,optimal,358.92994071589976,-185.62219208989896,-161.91555231193183,161.93657412896818,332.156158348836,1.0,False,False,False,False,False,False,False,0.4854379982236239,0.4679269043736646,0.046635097402711545,False,LHS-03-007,2026071905,cfabceb76d8ec9ad14aa5f90ace67aa733ccbdd71818b44490388d4d537283a4,clayton,empirical_resample,0.3314132857207557,0.9291628704380644,-154.7806930400762
ranking_proportional_repaired,ranking,repaired,321.47276812237,-198.6780707163174,-160.9358270137273,160.98887925170055,293.81347631398097,1.0,True,False,False,False,False,False,False,0.3649006825185356,0.41731036270383487,0.21778895477762955,True,LHS-03-008,2026071901,288dff2a82f9c2f0bfbfc42f01d09637b0bd26d2c310a17ef681144e062dc2b6,clayton,gaussian,0.013979084598079238,0.9377875717525375,-169.31479790912692
expected_profit,economic_plus_operational,optimal,352.0898424854992,-214.39326907449805,-172.67170948277393,172.73035523063982,305.7091581198026,1.0,False,False,False,False,False,False,False,0.3649006825185356,0.5503121718029139,0.08478714567855047,True,LHS-03-008,2026071901,288dff2a82f9c2f0bfbfc42f01d09637b0bd26d2c310a17ef681144e062dc2b6,clayton,gaussian,0.013979084598079238,0.9377875717525375,-169.31479790912692
mean_variance,variance_penalty,optimal,352.0898424953466,-214.39326908047073,-172.67170948758815,172.73035523545568,305.709158128913,1.0000000000293476,False,False,False,False,False,False,False,0.36490068253097413,0.550312171815188,0.08478714568318545,True,LHS-03-008,2026071901,288dff2a82f9c2f0bfbfc42f01d09637b0bd26d2c310a17ef681144e062dc2b6,clayton,gaussian,0.013979084598079238,0.9377875717525375,-169.31479790912692
loss_CVaR,economic_operational_plus_CVaR,optimal,352.0898424854992,-214.39326907449805,-172.67170948277393,172.73035523063982,305.7091581198026,1.0,False,False,False,False,False,False,False,0.3649006825185356,0.5503121718029139,0.08478714567855047,True,LHS-03-008,2026071901,288dff2a82f9c2f0bfbfc42f01d09637b0bd26d2c310a17ef681144e062dc2b6,clayton,gaussian,0.013979084598079238,0.9377875717525375,-169.31479790912692
ranking_proportional_repaired,ranking,repaired,321.5178208696632,-196.46358569990002,-161.1064167524499,161.15611641937593,293.81347631398097,1.0,True,False,False,False,False,False,False,0.3649006825185356,0.41731036270383487,0.21778895477762955,True,LHS-03-008,2026071902,fad7d6a70979e4ffd7a5cd3edac13f5bc9ca439a68047d569d1789a33ad1dd7a,clayton,gaussian,0.013979084598079238,0.9377875717525375,-168.86224538155585
expected_profit,economic_plus_operational,optimal,352.027036637353,-213.08790948784625,-171.96950416229265,172.02730208871165,305.7091581198026,1.0,False,False,False,False,False,False,False,0.3649006825185356,0.5503121718029139,0.08478714567855047,True,LHS-03-008,2026071902,fad7d6a70979e4ffd7a5cd3edac13f5bc9ca439a68047d569d1789a33ad1dd7a,clayton,gaussian,0.013979084598079238,0.9377875717525375,-168.86224538155585
mean_variance,variance_penalty,optimal,352.027036637353,-213.08790948784625,-171.96950416229265,172.02730208871165,305.7091581198026,1.0,False,False,False,False,False,False,False,0.3649006825185356,0.5503121718029139,0.08478714567855047,True,LHS-03-008,2026071902,fad7d6a70979e4ffd7a5cd3edac13f5bc9ca439a68047d569d1789a33ad1dd7a,clayton,gaussian,0.013979084598079238,0.9377875717525375,-168.86224538155585
loss_CVaR,economic_operational_plus_CVaR,optimal,352.027036637353,-213.08790948784625,-171.96950416229265,172.02730208871165,305.7091581198026,1.0,False,False,False,False,False,False,False,0.3649006825185356,0.5503121718029139,0.08478714567855047,True,LHS-03-008,2026071902,fad7d6a70979e4ffd7a5cd3edac13f5bc9ca439a68047d569d1789a33ad1dd7a,clayton,gaussian,0.013979084598079238,0.9377875717525375,-168.86224538155585
ranking_proportional_repaired,ranking,repaired,321.00206371892534,-195.47448771126838,-158.57125380013542,158.62312668726057,293.81347631398097,1.0,True,False,False,False,False,False,False,0.3649006825185356,0.41731036270383487,0.21778895477762955,True,LHS-03-008,2026071903,ff0d6b72b5344d86378b7ec49506c503fe0a10c06f0b8c8871b284e9b1363706,clayton,gaussian,0.013979084598079238,0.9377875717525375,-166.91948543889868
expected_profit,economic_plus_operational,optimal,351.6264866073087,-212.88376665005444,-170.2640817810386,170.32398997520514,305.7091581198026,1.0,False,False,False,False,False,False,False,0.3649006825185356,0.5503121718029139,0.08478714567855047,True,LHS-03-008,2026071903,ff0d6b72b5344d86378b7ec49506c503fe0a10c06f0b8c8871b284e9b1363706,clayton,gaussian,0.013979084598079238,0.9377875717525375,-166.91948543889868
mean_variance,variance_penalty,optimal,351.626486622739,-212.88376666055873,-170.26408178848453,170.32398998265535,305.70915813409977,1.0000000000460012,False,False,False,False,False,False,False,0.3649006825380986,0.5503121718221365,0.084787145685766,True,LHS-03-008,2026071903,ff0d6b72b5344d86378b7ec49506c503fe0a10c06f0b8c8871b284e9b1363706,clayton,gaussian,0.013979084598079238,0.9377875717525375,-166.91948543889868
loss_CVaR,economic_operational_plus_CVaR,optimal,351.6264866073087,-212.88376665005444,-170.2640817810386,170.32398997520514,305.7091581198026,1.0,False,False,False,False,False,False,False,0.3649006825185356,0.5503121718029139,0.08478714567855047,True,LHS-03-008,2026071903,ff0d6b72b5344d86378b7ec49506c503fe0a10c06f0b8c8871b284e9b1363706,clayton,gaussian,0.013979084598079238,0.9377875717525375,-166.91948543889868
ranking_proportional_repaired,ranking,repaired,321.30518232842786,-198.01619796456012,-164.04413804203386,164.09189073584966,293.81347631398097,1.0,True,False,False,False,False,False,False,0.3649006825185356,0.41731036270383487,0.21778895477762955,True,LHS-03-008,2026071904,2b39c6488b97db9ce9ddaf1138fa19d6859a529d48e9d1e9109996782f0ec20b,clayton,gaussian,0.013979084598079238,0.9377875717525375,-172.5449920940778
expected_profit,economic_plus_operational,optimal,352.05888883926116,-213.57783713488644,-175.95073436355602,176.00362475412734,305.7091581198026,1.0,False,False,False,False,False,False,False,0.3649006825185356,0.5503121718029139,0.08478714567855047,True,LHS-03-008,2026071904,2b39c6488b97db9ce9ddaf1138fa19d6859a529d48e9d1e9109996782f0ec20b,clayton,gaussian,0.013979084598079238,0.9377875717525375,-172.5449920940778
mean_variance,variance_penalty,optimal,352.05888884474376,-213.57783713813603,-175.95073436629573,176.00362475686777,305.7091581248747,1.0000000000163367,False,False,False,False,False,False,False,0.3649006825254564,0.550312171809765,0.08478714568111542,True,LHS-03-008,2026071904,2b39c6488b97db9ce9ddaf1138fa19d6859a529d48e9d1e9109996782f0ec20b,clayton,gaussian,0.013979084598079238,0.9377875717525375,-172.5449920940778
loss_CVaR,economic_operational_plus_CVaR,optimal,352.05888883926116,-213.57783713488644,-175.95073436355602,176.00362475412734,305.7091581198026,1.0,False,False,False,False,False,False,False,0.3649006825185356,0.5503121718029139,0.08478714567855047,True,LHS-03-008,2026071904,2b39c6488b97db9ce9ddaf1138fa19d6859a529d48e9d1e9109996782f0ec20b,clayton,gaussian,0.013979084598079238,0.9377875717525375,-172.5449920940778
ranking_proportional_repaired,ranking,repaired,320.8579922457893,-196.1357800150412,-161.89528499930333,161.94341501786317,293.81347631398097,1.0,True,False,False,False,False,False,False,0.3649006825185356,0.41731036270383487,0.21778895477762955,True,LHS-03-008,2026071905,853e781e6169ae3ca9141db7fabacc60f6c359734cf861612f212eda910def49,clayton,gaussian,0.013979084598079238,0.9377875717525375,-170.75826242864161
expected_profit,economic_plus_operational,optimal,351.3631841462046,-212.5806121355376,-174.30908410840814,174.36288033283228,305.7091581198026,1.0,False,False,False,False,False,False,False,0.3649006825185356,0.5503121718029139,0.08478714567855047,True,LHS-03-008,2026071905,853e781e6169ae3ca9141db7fabacc60f6c359734cf861612f212eda910def49,clayton,gaussian,0.013979084598079238,0.9377875717525375,-170.75826242864161
mean_variance,variance_penalty,optimal,351.3631841462046,-212.5806121355376,-174.30908410840814,174.36288033283228,305.7091581198026,1.0,False,False,False,False,False,False,False,0.3649006825185356,0.5503121718029139,0.08478714567855047,True,LHS-03-008,2026071905,853e781e6169ae3ca9141db7fabacc60f6c359734cf861612f212eda910def49,clayton,gaussian,0.013979084598079238,0.9377875717525375,-170.75826242864161
loss_CVaR,economic_operational_plus_CVaR,optimal,351.3631841462046,-212.5806121355376,-174.30908410840814,174.36288033283228,305.7091581198026,1.0,False,False,False,False,False,False,False,0.3649006825185356,0.5503121718029139,0.08478714567855047,True,LHS-03-008,2026071905,853e781e6169ae3ca9141db7fabacc60f6c359734cf861612f212eda910def49,clayton,gaussian,0.013979084598079238,0.9377875717525375,-170.75826242864161
ranking_proportional_repaired,ranking,repaired,329.78974124616303,-181.72949714878405,-104.5834623297067,104.66312196457866,304.862864674187,1.0,True,False,False,False,False,False,False,0.40428682481626854,0.41731036270383487,0.1784028124798966,True,LHS-03-009,2026071901,6a44ba2bd8ddecf9ad95434f42a70edd6bbb8eef9140f7b9d0dbff937687408c,clayton,student_t_df5,0.2254112115275804,0.932170112342397,-117.87214087808454
expected_profit,economic_plus_operational,optimal,368.0464177210929,-207.2058784355002,-120.79423180048492,120.88345894269351,319.8575904507849,1.0,False,False,False,False,False,False,False,0.40428682481626854,0.584961590080824,0.010751585102907463,True,LHS-03-009,2026071901,6a44ba2bd8ddecf9ad95434f42a70edd6bbb8eef9140f7b9d0dbff937687408c,clayton,student_t_df5,0.2254112115275804,0.932170112342397,-117.87214087808454
mean_variance,variance_penalty,optimal,368.0464177210929,-207.2058784355002,-120.79423180048492,120.88345894269351,319.8575904507849,1.0,False,False,False,False,False,False,False,0.40428682481626854,0.584961590080824,0.010751585102907463,True,LHS-03-009,2026071901,6a44ba2bd8ddecf9ad95434f42a70edd6bbb8eef9140f7b9d0dbff937687408c,clayton,student_t_df5,0.2254112115275804,0.932170112342397,-117.87214087808454
loss_CVaR,economic_operational_plus_CVaR,optimal,368.0464177210929,-207.2058784355002,-120.79423180048492,120.88345894269351,319.8575904507849,1.0,False,False,False,False,False,False,False,0.40428682481626854,0.584961590080824,0.010751585102907463,True,LHS-03-009,2026071901,6a44ba2bd8ddecf9ad95434f42a70edd6bbb8eef9140f7b9d0dbff937687408c,clayton,student_t_df5,0.2254112115275804,0.932170112342397,-117.87214087808454
ranking_proportional_repaired,ranking,repaired,331.0033602754512,-180.63873296487193,-102.5600639796708,102.64068663613311,304.862864674187,1.0,True,False,False,False,False,False,False,0.40428682481626854,0.41731036270383487,0.1784028124798966,True,LHS-03-009,2026071902,8862df3ea00297de38c95b84b39e4269e71b43a586f90d1fe2dbc3cafef72b3f,clayton,student_t_df5,0.2254112115275804,0.932170112342397,-116.23185971773019
expected_profit,economic_plus_operational,optimal,369.4207875610471,-203.70441731763032,-119.23819553010277,119.32541386092676,319.8575904507849,1.0,False,False,False,False,False,False,False,0.40428682481626854,0.584961590080824,0.010751585102907463,True,LHS-03-009,2026071902,8862df3ea00297de38c95b84b39e4269e71b43a586f90d1fe2dbc3cafef72b3f,clayton,student_t_df5,0.2254112115275804,0.932170112342397,-116.23185971773019
mean_variance,variance_penalty,optimal,369.4207875610471,-203.70441731763032,-119.23819553010277,119.32541386092676,319.8575904507849,1.0,False,False,False,False,False,False,False,0.40428682481626854,0.584961590080824,0.010751585102907463,True,LHS-03-009,2026071902,8862df3ea00297de38c95b84b39e4269e71b43a586f90d1fe2dbc3cafef72b3f,clayton,student_t_df5,0.2254112115275804,0.932170112342397,-116.23185971773019
loss_CVaR,economic_operational_plus_CVaR,optimal,369.4207875610471,-203.70441731763032,-119.23819553010277,119.32541386092676,319.8575904507849,1.0,False,False,False,False,False,False,False,0.40428682481626854,0.584961590080824,0.010751585102907463,True,LHS-03-009,2026071902,8862df3ea00297de38c95b84b39e4269e71b43a586f90d1fe2dbc3cafef72b3f,clayton,student_t_df5,0.2254112115275804,0.932170112342397,-116.23185971773019
ranking_proportional_repaired,ranking,repaired,330.7195983702677,-179.7062310009676,-108.42533682466005,108.49894021875215,304.862864674187,1.0,True,False,False,False,False,False,False,0.40428682481626854,0.41731036270383487,0.1784028124798966,True,LHS-03-009,2026071903,a33c6ef9ad404ee4d7d068051d8d74c4cd28c5e4d59c0ce87f75abc17f2fff19,clayton,student_t_df5,0.2254112115275804,0.932170112342397,-122.46689107690722
expected_profit,economic_plus_operational,optimal,369.32586039644053,-203.85085017080488,-125.5545342964727,125.63538169127395,319.8575904507849,1.0,False,False,False,False,False,False,False,0.40428682481626854,0.584961590080824,0.010751585102907463,True,LHS-03-009,2026071903,a33c6ef9ad404ee4d7d068051d8d74c4cd28c5e4d59c0ce87f75abc17f2fff19,clayton,student_t_df5,0.2254112115275804,0.932170112342397,-122.46689107690722
mean_variance,variance_penalty,optimal,369.3258603994074,-203.85085017235394,-125.55453429744264,125.63538169224448,319.85759045353143,1.0000000000088367,False,False,False,False,False,False,False,0.4042868248200284,0.5849615900845117,0.010751585104296682,True,LHS-03-009,2026071903,a33c6ef9ad404ee4d7d068051d8d74c4cd28c5e4d59c0ce87f75abc17f2fff19,clayton,student_t_df5,0.2254112115275804,0.932170112342397,-122.46689107690722
loss_CVaR,economic_operational_plus_CVaR,optimal,369.32586039644053,-203.85085017080488,-125.5545342964727,125.63538169127395,319.8575904507849,1.0,False,False,False,False,False,False,False,0.40428682481626854,0.584961590080824,0.010751585102907463,True,LHS-03-009,2026071903,a33c6ef9ad404ee4d7d068051d8d74c4cd28c5e4d59c0ce87f75abc17f2fff19,clayton,student_t_df5,0.2254112115275804,0.932170112342397,-122.46689107690722
ranking_proportional_repaired,ranking,repaired,331.23564843378597,-183.5441561714389,-110.33145643918905,110.40705458162553,304.862864674187,1.0,True,False,False,False,False,False,False,0.40428682481626854,0.41731036270383487,0.1784028124798966,True,LHS-03-009,2026071904,48341cc9aa41ce86418cff08c10dee5be0a26f29ff2088647e944ccbe99c4c5f,clayton,student_t_df5,0.2254112115275804,0.932170112342397,-124.97514767431954
expected_profit,economic_plus_operational,optimal,370.02189479904797,-207.1865562348819,-128.19519676143005,128.27676184599275,319.8575904507849,1.0,False,False,False,False,False,False,False,0.40428682481626854,0.584961590080824,0.010751585102907463,True,LHS-03-009,2026071904,48341cc9aa41ce86418cff08c10dee5be0a26f29ff2088647e944ccbe99c4c5f,clayton,student_t_df5,0.2254112115275804,0.932170112342397,-124.97514767431954
mean_variance,variance_penalty,optimal,370.02189479904797,-207.1865562348819,-128.19519676143005,128.27676184599275,319.8575904507849,1.0,False,False,False,False,False,False,False,0.40428682481626854,0.584961590080824,0.010751585102907463,True,LHS-03-009,2026071904,48341cc9aa41ce86418cff08c10dee5be0a26f29ff2088647e944ccbe99c4c5f,clayton,student_t_df5,0.2254112115275804,0.932170112342397,-124.97514767431954
loss_CVaR,economic_operational_plus_CVaR,optimal,370.02189479904797,-207.1865562348819,-128.19519676143005,128.27676184599275,319.8575904507849,1.0,False,False,False,False,False,False,False,0.40428682481626854,0.584961590080824,0.010751585102907463,True,LHS-03-009,2026071904,48341cc9aa41ce86418cff08c10dee5be0a26f29ff2088647e944ccbe99c4c5f,clayton,student_t_df5,0.2254112115275804,0.932170112342397,-124.97514767431954
ranking_proportional_repaired,ranking,repaired,329.7096695486036,-183.1864088624583,-109.24103818263653,109.3173928681708,304.862864674187,1.0,True,False,False,False,False,False,False,0.40428682481626854,0.41731036270383487,0.1784028124798966,True,LHS-03-009,2026071905,e4e665679b443bfe740324a9c46565aad6d1f9983b0de9983ca7818217eab16f,clayton,student_t_df5,0.2254112115275804,0.932170112342397,-123.35276148579965
expected_profit,economic_plus_operational,optimal,368.1621531184268,-207.04661526195764,-126.45583440711978,126.5390510259907,319.8575904507849,1.0,False,False,False,False,False,False,False,0.40428682481626854,0.584961590080824,0.010751585102907463,True,LHS-03-009,2026071905,e4e665679b443bfe740324a9c46565aad6d1f9983b0de9983ca7818217eab16f,clayton,student_t_df5,0.2254112115275804,0.932170112342397,-123.35276148579965
mean_variance,variance_penalty,optimal,368.1621531184268,-207.04661526195764,-126.45583440711978,126.5390510259907,319.8575904507849,1.0,False,False,False,False,False,False,False,0.40428682481626854,0.584961590080824,0.010751585102907463,True,LHS-03-009,2026071905,e4e665679b443bfe740324a9c46565aad6d1f9983b0de9983ca7818217eab16f,clayton,student_t_df5,0.2254112115275804,0.932170112342397,-123.35276148579965
loss_CVaR,economic_operational_plus_CVaR,optimal,368.1621531184268,-207.04661526195764,-126.45583440711978,126.5390510259907,319.8575904507849,1.0,False,False,False,False,False,False,False,0.40428682481626854,0.584961590080824,0.010751585102907463,True,LHS-03-009,2026071905,e4e665679b443bfe740324a9c46565aad6d1f9983b0de9983ca7818217eab16f,clayton,student_t_df5,0.2254112115275804,0.932170112342397,-123.35276148579965
ranking_proportional_repaired,ranking,repaired,333.20104266206454,-180.0836202503345,-154.36470082798346,154.39625139855826,310.75119901298854,1.0,False,False,False,False,False,False,False,0.4252761109743977,0.41731036270383504,0.15741352632176728,False,LHS-03-010,2026071901,34df0daf73dde5256d0e7c9fb928a1e0db255352bf2bf25ae20154c8064fd4b3,clayton,empirical_resample,0.308931997943791,0.9238934016821838,-145.29791489597378
expected_profit,economic_plus_operational,optimal,339.19862490440767,-138.5950999586393,-125.24845470280833,125.26496661883998,394.2316612998134,1.0,True,False,False,False,False,False,False,0.8520905067968533,0.01192073482808792,0.1359887583750588,False,LHS-03-010,2026071901,34df0daf73dde5256d0e7c9fb928a1e0db255352bf2bf25ae20154c8064fd4b3,clayton,empirical_resample,0.308931997943791,0.9238934016821838,-145.29791489597378
mean_variance,variance_penalty,optimal,339.19862490440767,-138.5950999586393,-125.24845470280833,125.26496661883998,394.2316612998134,1.0,True,False,False,False,False,False,False,0.8520905067968533,0.01192073482808792,0.1359887583750588,False,LHS-03-010,2026071901,34df0daf73dde5256d0e7c9fb928a1e0db255352bf2bf25ae20154c8064fd4b3,clayton,empirical_resample,0.308931997943791,0.9238934016821838,-145.29791489597378
loss_CVaR,economic_operational_plus_CVaR,optimal,338.60377777619806,-167.91045763584586,-145.29791489597338,145.3258378047077,348.17987706051895,1.0,False,False,False,False,False,False,False,0.6111078577162959,0.25290338390864536,0.1359887583750588,False,LHS-03-010,2026071901,34df0daf73dde5256d0e7c9fb928a1e0db255352bf2bf25ae20154c8064fd4b3,clayton,empirical_resample,0.308931997943791,0.9238934016821838,-145.29791489597378
ranking_proportional_repaired,ranking,repaired,334.84415033638834,-181.2647001610483,-154.15233930364877,154.18577769088822,310.75119901298854,1.0,False,False,False,False,False,False,False,0.4252761109743977,0.41731036270383504,0.15741352632176728,False,LHS-03-010,2026071902,de7ddad5a8bfc4c728a953e026b08354ac55b370f965614d10f59f9a97269eb0,clayton,empirical_resample,0.308931997943791,0.9238934016821838,-145.17848632421718
expected_profit,economic_plus_operational,optimal,343.0622581160846,-139.74516128573418,-125.33452955280666,125.35220838576393,394.2316612998134,1.0,True,False,False,False,False,False,False,0.8520905067968533,0.01192073482808792,0.1359887583750588,False,LHS-03-010,2026071902,de7ddad5a8bfc4c728a953e026b08354ac55b370f965614d10f59f9a97269eb0,clayton,empirical_resample,0.308931997943791,0.9238934016821838,-145.17848632421718
mean_variance,variance_penalty,optimal,343.0622581160846,-139.74516128573418,-125.33452955280666,125.35220838576393,394.2316612998134,1.0,True,False,False,False,False,False,False,0.8520905067968533,0.01192073482808792,0.1359887583750588,False,LHS-03-010,2026071902,de7ddad5a8bfc4c728a953e026b08354ac55b370f965614d10f59f9a97269eb0,clayton,empirical_resample,0.308931997943791,0.9238934016821838,-145.17848632421718
loss_CVaR,economic_operational_plus_CVaR,optimal,341.19153384136104,-168.5998008231463,-145.17848632421675,145.20723763166913,347.683881082292,1.0,False,False,False,False,False,False,False,0.6085123790233239,0.2554988626016174,0.1359887583750588,False,LHS-03-010,2026071902,de7ddad5a8bfc4c728a953e026b08354ac55b370f965614d10f59f9a97269eb0,clayton,empirical_resample,0.308931997943791,0.9238934016821838,-145.17848632421718
ranking_proportional_repaired,ranking,repaired,334.469026933257,-181.4040795563151,-155.28974272001795,155.3217639213405,310.75119901298854,1.0,False,False,False,False,False,False,False,0.4252761109743977,0.41731036270383504,0.15741352632176728,False,LHS-03-010,2026071903,2c8342132be27fb108334c7a556a06fd1c2878b278368beac4ba92355cebbbba,clayton,empirical_resample,0.308931997943791,0.9238934016821838,-146.11697472142959
expected_profit,economic_plus_operational,optimal,341.7810290597077,-141.20957709745753,-125.83315549067426,125.8520204789347,394.2316612998134,1.0,True,False,False,False,False,False,False,0.8520905067968533,0.01192073482808792,0.1359887583750588,False,LHS-03-010,2026071903,2c8342132be27fb108334c7a556a06fd1c2878b278368beac4ba92355cebbbba,clayton,empirical_resample,0.308931997943791,0.9238934016821838,-146.11697472142959
mean_variance,variance_penalty,optimal,341.78102906420963,-141.2095770999221,-125.83315549291594,125.85202048117634,394.23166130399244,1.0000000000134515,True,False,False,False,False,False,False,0.8520905068025627,0.01192073483372499,0.13598875837716376,False,LHS-03-010,2026071903,2c8342132be27fb108334c7a556a06fd1c2878b278368beac4ba92355cebbbba,clayton,empirical_resample,0.308931997943791,0.9238934016821838,-146.11697472142959
loss_CVaR,economic_operational_plus_CVaR,optimal,340.42676318832025,-169.51682970305356,-146.11697472142882,146.14576530030126,347.5889358248347,1.0,False,False,False,False,False,False,False,0.6080155435578228,0.2559956980671184,0.1359887583750588,False,LHS-03-010,2026071903,2c8342132be27fb108334c7a556a06fd1c2878b278368beac4ba92355cebbbba,clayton,empirical_resample,0.308931997943791,0.9238934016821838,-146.11697472142959
ranking_proportional_repaired,ranking,repaired,335.21503539146784,-181.6329453466084,-155.8259424788859,155.85764153230724,310.75119901298854,1.0,False,False,False,False,False,False,False,0.4252761109743977,0.41731036270383504,0.15741352632176728,False,LHS-03-010,2026071904,fb70f56166b526e9895f22c16f8282bb0611206e3b2559dc2ae2fe9361956b71,clayton,empirical_resample,0.308931997943791,0.9238934016821838,-146.53570898048616
expected_profit,economic_plus_operational,optimal,342.91054892028336,-140.30523062242307,-125.9921372993919,126.0096948095283,394.2316612998134,1.0,True,False,False,False,False,False,False,0.8520905067968533,0.01192073482808792,0.1359887583750588,False,LHS-03-010,2026071904,fb70f56166b526e9895f22c16f8282bb0611206e3b2559dc2ae2fe9361956b71,clayton,empirical_resample,0.308931997943791,0.9238934016821838,-146.53570898048616
mean_variance,variance_penalty,optimal,342.91054892028336,-140.30523062242307,-125.9921372993919,126.0096948095283,394.2316612998134,1.0,True,False,False,False,False,False,False,0.8520905067968533,0.01192073482808792,0.1359887583750588,False,LHS-03-010,2026071904,fb70f56166b526e9895f22c16f8282bb0611206e3b2559dc2ae2fe9361956b71,clayton,empirical_resample,0.308931997943791,0.9238934016821838,-146.53570898048616
loss_CVaR,economic_operational_plus_CVaR,optimal,341.3654370640467,-170.19653887880386,-146.53570898048554,146.564766225089,348.2250887395088,1.0,False,False,False,False,False,False,False,0.6113444442102253,0.2526667974147159,0.1359887583750588,False,LHS-03-010,2026071904,fb70f56166b526e9895f22c16f8282bb0611206e3b2559dc2ae2fe9361956b71,clayton,empirical_resample,0.308931997943791,0.9238934016821838,-146.53570898048616
ranking_proportional_repaired,ranking,repaired,333.2299091162701,-178.86251334189203,-154.71837823090587,154.74812821032515,310.75119901298854,1.0,False,False,False,False,False,False,False,0.4252761109743977,0.41731036270383504,0.15741352632176728,False,LHS-03-010,2026071905,32c492cb685bbb04ad56c4ec2456e9bc8fd1ca1554d86bb72d4042fa75b8927e,clayton,empirical_resample,0.308931997943791,0.9238934016821838,-145.75492290744086
expected_profit,economic_plus_operational,optimal,340.98567084477776,-140.05663025060664,-125.93395856035438,125.95149994588307,394.2316612998134,1.0,True,False,False,False,False,False,False,0.8520905067968533,0.01192073482808792,0.1359887583750588,False,LHS-03-010,2026071905,32c492cb685bbb04ad56c4ec2456e9bc8fd1ca1554d86bb72d4042fa75b8927e,clayton,empirical_resample,0.308931997943791,0.9238934016821838,-145.75492290744086
mean_variance,variance_penalty,optimal,340.98567084477776,-140.05663025060664,-125.93395856035438,125.95149994588307,394.2316612998134,1.0,True,False,False,False,False,False,False,0.8520905067968533,0.01192073482808792,0.1359887583750588,False,LHS-03-010,2026071905,32c492cb685bbb04ad56c4ec2456e9bc8fd1ca1554d86bb72d4042fa75b8927e,clayton,empirical_resample,0.308931997943791,0.9238934016821838,-145.75492290744086
loss_CVaR,economic_operational_plus_CVaR,optimal,339.4078748664027,-168.83410756128634,-145.7549229074401,145.78329493067224,348.9980890173705,1.0,False,False,False,False,False,False,False,0.6153894482806684,0.24862179334427287,0.1359887583750588,False,LHS-03-010,2026071905,32c492cb685bbb04ad56c4ec2456e9bc8fd1ca1554d86bb72d4042fa75b8927e,clayton,empirical_resample,0.308931997943791,0.9238934016821838,-145.75492290744086
ranking_proportional_repaired,ranking,repaired,331.6212515922903,-203.20070016435028,-149.93889958509436,149.96668532631375,307.0352776892432,1.0,True,False,False,False,False,False,False,0.41203050848011746,0.41731036270383487,0.1706591288160478,True,LHS-03-011,2026071901,243b0a3e8a6888202e616ebece91e11a88f0e48dee63b774d28960b251ac32a4,clayton,gaussian,0.1455400251760266,0.900951698720751,-151.17588843854523
expected_profit,economic_plus_operational,optimal,336.5329928006806,-206.66751549109642,-153.4258585326519,153.45363376529986,307.0352776892432,1.0,False,False,False,False,False,False,False,0.4019142922159821,0.4490411689509341,0.1490445388330838,True,LHS-03-011,2026071901,243b0a3e8a6888202e616ebece91e11a88f0e48dee63b774d28960b251ac32a4,clayton,gaussian,0.1455400251760266,0.900951698720751,-151.17588843854523
mean_variance,variance_penalty,optimal,336.5329928006806,-206.66751549109642,-153.4258585326519,153.45363376529986,307.0352776892432,1.0,False,False,False,False,False,False,False,0.4019142922159821,0.4490411689509341,0.1490445388330838,True,LHS-03-011,2026071901,243b0a3e8a6888202e616ebece91e11a88f0e48dee63b774d28960b251ac32a4,clayton,gaussian,0.1455400251760266,0.900951698720751,-151.17588843854523
loss_CVaR,economic_operational_plus_CVaR,optimal,336.5329928006806,-206.66751549109642,-153.4258585326519,153.45363376529986,307.0352776892432,1.0,False,False,False,False,False,False,False,0.4019142922159821,0.4490411689509341,0.1490445388330838,True,LHS-03-011,2026071901,243b0a3e8a6888202e616ebece91e11a88f0e48dee63b774d28960b251ac32a4,clayton,gaussian,0.1455400251760266,0.900951698720751,-151.17588843854523
ranking_proportional_repaired,ranking,repaired,333.33336345164184,-207.4741287733377,-151.3959672050473,151.4252221920821,307.0352776892432,1.0,True,False,False,False,False,False,False,0.41203050848011746,0.41731036270383487,0.1706591288160478,True,LHS-03-011,2026071902,c1bfb44955a828c847f4e83feae6285abed1ccd4d223dfec26caedc31414f731,clayton,gaussian,0.1455400251760266,0.900951698720751,-152.70640104551003
expected_profit,economic_plus_operational,optimal,338.298020638385,-211.8375176697615,-155.08996088367766,155.11956508238183,307.0352776892432,1.0,False,False,False,False,False,False,False,0.4019142922159821,0.4490411689509341,0.1490445388330838,True,LHS-03-011,2026071902,c1bfb44955a828c847f4e83feae6285abed1ccd4d223dfec26caedc31414f731,clayton,gaussian,0.1455400251760266,0.900951698720751,-152.70640104551003
mean_variance,variance_penalty,optimal,338.29802063847364,-211.83751766980376,-155.08996088371023,155.1195650824144,307.03527768933964,1.0000000000002618,False,False,False,False,False,False,False,0.40191429221617225,0.44904116895096513,0.14904453883312446,True,LHS-03-011,2026071902,c1bfb44955a828c847f4e83feae6285abed1ccd4d223dfec26caedc31414f731,clayton,gaussian,0.1455400251760266,0.900951698720751,-152.70640104551003
loss_CVaR,economic_operational_plus_CVaR,optimal,338.298020638385,-211.8375176697615,-155.08996088367766,155.11956508238183,307.0352776892432,1.0,False,False,False,False,False,False,False,0.4019142922159821,0.4490411689509341,0.1490445388330838,True,LHS-03-011,2026071902,c1bfb44955a828c847f4e83feae6285abed1ccd4d223dfec26caedc31414f731,clayton,gaussian,0.1455400251760266,0.900951698720751,-152.70640104551003
ranking_proportional_repaired,ranking,repaired,332.1230951377588,-203.6652514067869,-147.85636150051823,147.88547601327994,307.0352776892432,1.0,True,False,False,False,False,False,False,0.41203050848011746,0.41731036270383487,0.1706591288160478,True,LHS-03-011,2026071903,8574c612d0a5db4f4ffab203c32981ad6cabfabe8a195802cbb0450bed9a25b6,clayton,gaussian,0.1455400251760266,0.900951698720751,-149.11736253910848
expected_profit,economic_plus_operational,optimal,337.0315046888493,-207.5735650640447,-151.41100861162593,151.4403076259821,307.0352776892432,1.0,False,False,False,False,False,False,False,0.4019142922159821,0.4490411689509341,0.1490445388330838,True,LHS-03-011,2026071903,8574c612d0a5db4f4ffab203c32981ad6cabfabe8a195802cbb0450bed9a25b6,clayton,gaussian,0.1455400251760266,0.900951698720751,-149.11736253910848
mean_variance,variance_penalty,optimal,337.0315046942744,-207.57356506724744,-151.41100861401958,151.44030762837613,307.0352776942833,1.0000000000161764,False,False,False,False,False,False,False,0.40191429222292785,0.44904116895762514,0.1490445388356233,True,LHS-03-011,2026071903,8574c612d0a5db4f4ffab203c32981ad6cabfabe8a195802cbb0450bed9a25b6,clayton,gaussian,0.1455400251760266,0.900951698720751,-149.11736253910848
loss_CVaR,economic_operational_plus_CVaR,optimal,337.0315046888493,-207.5735650640447,-151.41100861162593,151.4403076259821,307.0352776892432,1.0,False,False,False,False,False,False,False,0.4019142922159821,0.4490411689509341,0.1490445388330838,True,LHS-03-011,2026071903,8574c612d0a5db4f4ffab203c32981ad6cabfabe8a195802cbb0450bed9a25b6,clayton,gaussian,0.1455400251760266,0.900951698720751,-149.11736253910848
ranking_proportional_repaired,ranking,repaired,332.96561009200633,-203.50385746413733,-150.22607074100526,150.25386482191374,307.0352776892432,1.0,True,False,False,False,False,False,False,0.41203050848011746,0.41731036270383487,0.1706591288160478,True,LHS-03-011,2026071904,5ccaecdf89d0ed81e0ba278b4ce0e882ce483d5d0e31fa9a39db2a4fb36bd844,clayton,gaussian,0.1455400251760266,0.900951698720751,-151.3977022460797
expected_profit,economic_plus_operational,optimal,337.9178127262863,-207.39152456554194,-153.52879327440752,153.55689251057208,307.0352776892432,1.0,False,False,False,False,False,False,False,0.4019142922159821,0.4490411689509341,0.1490445388330838,True,LHS-03-011,2026071904,5ccaecdf89d0ed81e0ba278b4ce0e882ce483d5d0e31fa9a39db2a4fb36bd844,clayton,gaussian,0.1455400251760266,0.900951698720751,-151.3977022460797
mean_variance,variance_penalty,optimal,337.9178127262863,-207.39152456554194,-153.52879327440752,153.55689251057208,307.0352776892432,1.0,False,False,False,False,False,False,False,0.4019142922159821,0.4490411689509341,0.1490445388330838,True,LHS-03-011,2026071904,5ccaecdf89d0ed81e0ba278b4ce0e882ce483d5d0e31fa9a39db2a4fb36bd844,clayton,gaussian,0.1455400251760266,0.900951698720751,-151.3977022460797
loss_CVaR,economic_operational_plus_CVaR,optimal,337.9178127262863,-207.39152456554194,-153.52879327440752,153.55689251057208,307.0352776892432,1.0,False,False,False,False,False,False,False,0.4019142922159821,0.4490411689509341,0.1490445388330838,True,LHS-03-011,2026071904,5ccaecdf89d0ed81e0ba278b4ce0e882ce483d5d0e31fa9a39db2a4fb36bd844,clayton,gaussian,0.1455400251760266,0.900951698720751,-151.3977022460797
ranking_proportional_repaired,ranking,repaired,331.66138401302527,-205.6260849311008,-150.6731324452393,150.70180043055726,307.0352776892432,1.0,True,False,False,False,False,False,False,0.41203050848011746,0.41731036270383487,0.1706591288160478,True,LHS-03-011,2026071905,7fdf20b270eb9c09fdde8dc55de2dc2933894efef1136b91728de20be26e3396,clayton,gaussian,0.1455400251760266,0.900951698720751,-151.8572562570492
expected_profit,economic_plus_operational,optimal,336.54141116062476,-209.7081981031357,-154.0110696538791,154.04012586266145,307.0352776892432,1.0,False,False,False,False,False,False,False,0.4019142922159821,0.4490411689509341,0.1490445388330838,True,LHS-03-011,2026071905,7fdf20b270eb9c09fdde8dc55de2dc2933894efef1136b91728de20be26e3396,clayton,gaussian,0.1455400251760266,0.900951698720751,-151.8572562570492
mean_variance,variance_penalty,optimal,336.5414111654506,-209.70819810612707,-154.0110696560606,154.04012586484333,307.0352776937183,1.0000000000144136,False,False,False,False,False,False,False,0.4019142922220905,0.4490411689569723,0.1490445388353507,True,LHS-03-011,2026071905,7fdf20b270eb9c09fdde8dc55de2dc2933894efef1136b91728de20be26e3396,clayton,gaussian,0.1455400251760266,0.900951698720751,-151.8572562570492
loss_CVaR,economic_operational_plus_CVaR,optimal,336.54141116062476,-209.7081981031357,-154.0110696538791,154.04012586266145,307.0352776892432,1.0,False,False,False,False,False,False,False,0.4019142922159821,0.4490411689509341,0.1490445388330838,True,LHS-03-011,2026071905,7fdf20b270eb9c09fdde8dc55de2dc2933894efef1136b91728de20be26e3396,clayton,gaussian,0.1455400251760266,0.900951698720751,-151.8572562570492
ranking_proportional_repaired,ranking,repaired,334.3663704260854,-143.34978716205566,-65.07915960219783,65.18155563999863,310.75119901298854,1.0,False,False,False,False,False,False,False,0.4252761109743977,0.41731036270383504,0.15741352632176728,False,LHS-03-012,2026071901,c8b540c0c9a6789ef125d22413b4207776cc725c80f373cdcc6cd23a73e543a1,clayton,student_t_df5,0.21933561659235346,0.9600523292279585,-46.04404043768418
expected_profit,economic_plus_operational,optimal,357.1165727819036,-128.96022753444333,-39.736526868743596,39.85325205302942,363.80309930915485,1.0,True,False,False,False,False,False,False,0.6588215745265326,0.27792145339312835,0.06325697208033906,False,LHS-03-012,2026071901,c8b540c0c9a6789ef125d22413b4207776cc725c80f373cdcc6cd23a73e543a1,clayton,student_t_df5,0.21933561659235346,0.9600523292279585,-46.04404043768418
mean_variance,variance_penalty,optimal,357.1165727819036,-128.96022753444333,-39.736526868743596,39.85325205302942,363.80309930915485,1.0,True,False,False,False,False,False,False,0.6588215745265326,0.27792145339312835,0.06325697208033906,False,LHS-03-012,2026071901,c8b540c0c9a6789ef125d22413b4207776cc725c80f373cdcc6cd23a73e543a1,clayton,student_t_df5,0.21933561659235346,0.9600523292279585,-46.04404043768418
loss_CVaR,economic_operational_plus_CVaR,optimal,356.931840467023,-134.8656100369341,-46.04404043768325,46.16023954176295,356.67411882673633,1.0,False,False,False,False,False,False,False,0.6215166007828459,0.3152264271368151,0.06325697208033906,False,LHS-03-012,2026071901,c8b540c0c9a6789ef125d22413b4207776cc725c80f373cdcc6cd23a73e543a1,clayton,student_t_df5,0.21933561659235346,0.9600523292279585,-46.04404043768418
ranking_proportional_repaired,ranking,repaired,335.0218302975301,-140.91955908966295,-63.09600637973212,63.197817540489496,310.75119901298854,1.0,False,False,False,False,False,False,False,0.4252761109743977,0.41731036270383504,0.15741352632176728,False,LHS-03-012,2026071902,2bfa9706210d5280030b01db44a39d3ffd8b83b9bc0346ba0667533995e83352,clayton,student_t_df5,0.21933561659235346,0.9600523292279585,-41.41164578113738
expected_profit,economic_plus_operational,optimal,357.9413360794129,-128.4129172865958,-34.22627449308054,34.349492350615165,363.80309930915485,1.0,True,False,False,False,False,False,False,0.6588215745265326,0.27792145339312835,0.06325697208033906,False,LHS-03-012,2026071902,2bfa9706210d5280030b01db44a39d3ffd8b83b9bc0346ba0667533995e83352,clayton,student_t_df5,0.21933561659235346,0.9600523292279585,-41.41164578113738
mean_variance,variance_penalty,optimal,357.94133608571013,-128.4129172892661,-34.22627449436095,34.34949235189738,363.8030993149888,1.0000000000188076,True,False,False,False,False,False,False,0.6588215745344828,0.27792145340100993,0.06325697208331485,False,LHS-03-012,2026071902,2bfa9706210d5280030b01db44a39d3ffd8b83b9bc0346ba0667533995e83352,clayton,student_t_df5,0.21933561659235346,0.9600523292279585,-41.41164578113738
loss_CVaR,economic_operational_plus_CVaR,optimal,357.711319644791,-133.550035742648,-41.411645781136485,41.532184051437035,356.38610718263374,1.0,False,False,False,False,False,False,False,0.6200094754866524,0.3167335524330085,0.06325697208033906,False,LHS-03-012,2026071902,2bfa9706210d5280030b01db44a39d3ffd8b83b9bc0346ba0667533995e83352,clayton,student_t_df5,0.21933561659235346,0.9600523292279585,-41.41164578113738
ranking_proportional_repaired,ranking,repaired,335.46715632634465,-146.6486564502236,-71.32565601386385,71.42419587537259,310.75119901298854,1.0,False,False,False,False,False,False,False,0.4252761109743977,0.41731036270383504,0.15741352632176728,False,LHS-03-012,2026071903,1a19e79e4615f5123f2877c8618d994f9727a2ef8dd16e98c07e10f19e3d542b,clayton,student_t_df5,0.21933561659235346,0.9600523292279585,-49.012943449213275
expected_profit,economic_plus_operational,optimal,358.42195317807796,-132.37100564164786,-41.61936024938882,41.738084337872245,363.80309930915485,1.0,True,False,False,False,False,False,False,0.6588215745265326,0.27792145339312835,0.06325697208033906,False,LHS-03-012,2026071903,1a19e79e4615f5123f2877c8618d994f9727a2ef8dd16e98c07e10f19e3d542b,clayton,student_t_df5,0.21933561659235346,0.9600523292279585,-49.012943449213275
mean_variance,variance_penalty,optimal,358.4219531795729,-132.37100564205292,-41.61936024973399,41.73808433821748,363.8030993105305,1.0000000000044604,True,False,False,False,False,False,False,0.6588215745283773,0.2779214533950372,0.06325697208104578,False,LHS-03-012,2026071903,1a19e79e4615f5123f2877c8618d994f9727a2ef8dd16e98c07e10f19e3d542b,clayton,student_t_df5,0.21933561659235346,0.9600523292279585,-49.012943449213275
loss_CVaR,economic_operational_plus_CVaR,optimal,358.2049216959239,-136.48336580203477,-49.01294344921227,49.127374940985376,356.26103106000085,1.0,False,False,False,False,False,False,False,0.619354969350426,0.31738805856923485,0.06325697208033906,False,LHS-03-012,2026071903,1a19e79e4615f5123f2877c8618d994f9727a2ef8dd16e98c07e10f19e3d542b,clayton,student_t_df5,0.21933561659235346,0.9600523292279585,-49.012943449213275
ranking_proportional_repaired,ranking,repaired,336.24814949813333,-152.53005697179944,-71.75944466296703,71.86511125756336,310.75119901298854,1.0,False,False,False,False,False,False,False,0.4252761109743977,0.41731036270383504,0.15741352632176728,False,LHS-03-012,2026071904,6ea3f5fab4329158fbcfe707087333c991862e4256fa6df14ae6b5538f83c7f5,clayton,student_t_df5,0.21933561659235346,0.9600523292279585,-52.58888517141126
expected_profit,economic_plus_operational,optimal,359.11706365442194,-137.66868777992312,-46.236491836117935,46.3561062417251,363.80309930915485,1.0,True,False,False,False,False,False,False,0.6588215745265326,0.27792145339312835,0.06325697208033906,False,LHS-03-012,2026071904,6ea3f5fab4329158fbcfe707087333c991862e4256fa6df14ae6b5538f83c7f5,clayton,student_t_df5,0.21933561659235346,0.9600523292279585,-52.58888517141126
mean_variance,variance_penalty,optimal,359.11706365442194,-137.66868777992312,-46.236491836117935,46.3561062417251,363.80309930915485,1.0,True,False,False,False,False,False,False,0.6588215745265326,0.27792145339312835,0.06325697208033906,False,LHS-03-012,2026071904,6ea3f5fab4329158fbcfe707087333c991862e4256fa6df14ae6b5538f83c7f5,clayton,student_t_df5,0.21933561659235346,0.9600523292279585,-52.58888517141126
loss_CVaR,economic_operational_plus_CVaR,optimal,358.9480032372602,-143.54671763897775,-52.588885171410325,52.70787900015541,356.7971327925397,1.0,False,False,False,False,False,False,False,0.6221603159361865,0.31458271198347443,0.06325697208033906,False,LHS-03-012,2026071904,6ea3f5fab4329158fbcfe707087333c991862e4256fa6df14ae6b5538f83c7f5,clayton,student_t_df5,0.21933561659235346,0.9600523292279585,-52.58888517141126
ranking_proportional_repaired,ranking,repaired,334.70566145550913,-148.13083547243016,-71.03205580728155,71.13291879769197,310.75119901298854,1.0,False,False,False,False,False,False,False,0.4252761109743977,0.41731036270383504,0.15741352632176728,False,LHS-03-012,2026071905,2899b229db74f82b290bdc8748b800a5620aa2fd17e52353c6031f0bbe116c81,clayton,student_t_df5,0.21933561659235346,0.9600523292279585,-50.2577926380337
expected_profit,economic_plus_operational,optimal,357.77582687141944,-135.03220508721878,-43.37399297845214,43.49390306534476,363.80309930915485,1.0,True,False,False,False,False,False,False,0.6588215745265326,0.27792145339312835,0.06325697208033906,False,LHS-03-012,2026071905,2899b229db74f82b290bdc8748b800a5620aa2fd17e52353c6031f0bbe116c81,clayton,student_t_df5,0.21933561659235346,0.9600523292279585,-50.2577926380337
mean_variance,variance_penalty,optimal,357.77582687812355,-135.03220508992865,-43.37399297996953,43.49390306686373,363.8030993153638,1.000000000020031,True,False,False,False,False,False,False,0.6588215745349691,0.2779214534015697,0.06325697208349222,False,LHS-03-012,2026071905,2899b229db74f82b290bdc8748b800a5620aa2fd17e52353c6031f0bbe116c81,clayton,student_t_df5,0.21933561659235346,0.9600523292279585,-50.2577926380337
loss_CVaR,economic_operational_plus_CVaR,optimal,357.53072071570966,-139.10752953206438,-50.25779263803267,50.374028591432086,356.37124105136513,1.0,False,False,False,False,False,False,False,0.6199316830676646,0.3168113448519964,0.06325697208033906,False,LHS-03-012,2026071905,2899b229db74f82b290bdc8748b800a5620aa2fd17e52353c6031f0bbe116c81,clayton,student_t_df5,0.21933561659235346,0.9600523292279585,-50.2577926380337
ranking_proportional_repaired,ranking,repaired,334.2395718844035,-137.21874063720722,-133.99348965578784,134.01813985085855,310.75119901298854,1.0,False,False,False,False,False,False,False,0.4252761109743977,0.41731036270383504,0.15741352632176728,False,LHS-03-013,2026071901,e29c82fb0c855d68ded959933629e32642b2749d6d2edbb31f2be1e46bbbd143,clayton,empirical_resample,0.47111814039047795,0.9866991943605875,-128.21151164769844
expected_profit,economic_plus_operational,optimal,349.91501500491245,-127.68935858130281,-124.7537741289928,124.77574379610337,372.73557526494847,1.0,True,False,False,False,False,False,False,0.7220173677894155,0.17957091799313388,0.09841171421745062,False,LHS-03-013,2026071901,e29c82fb0c855d68ded959933629e32642b2749d6d2edbb31f2be1e46bbbd143,clayton,empirical_resample,0.47111814039047795,0.9866991943605875,-128.21151164769844
mean_variance,variance_penalty,optimal,349.91501500491245,-127.68935858130281,-124.7537741289928,124.77574379610337,372.73557526494847,1.0,True,False,False,False,False,False,False,0.7220173677894155,0.17957091799313388,0.09841171421745062,False,LHS-03-013,2026071901,e29c82fb0c855d68ded959933629e32642b2749d6d2edbb31f2be1e46bbbd143,clayton,empirical_resample,0.47111814039047795,0.9866991943605875,-128.21151164769844
loss_CVaR,economic_operational_plus_CVaR,optimal,349.46809530469693,-131.33842624029913,-128.21151164769844,128.23483094396894,360.7898193790228,1.0,False,False,False,False,False,False,False,0.6595068712644245,0.24208141451812487,0.09841171421745062,False,LHS-03-013,2026071901,e29c82fb0c855d68ded959933629e32642b2749d6d2edbb31f2be1e46bbbd143,clayton,empirical_resample,0.47111814039047795,0.9866991943605875,-128.21151164769844
ranking_proportional_repaired,ranking,repaired,335.9737026536178,-137.3239498791244,-133.62561328186348,133.65334994743708,310.75119901298854,1.0,False,False,False,False,False,False,False,0.4252761109743977,0.41731036270383504,0.15741352632176728,False,LHS-03-013,2026071902,a0a8f482ce8cb82ebc4a2041ff458bc6cfecc1194d9e88002d2ee687d3011c07,clayton,empirical_resample,0.47111814039047795,0.9866991943605875,-127.7031479776458
expected_profit,economic_plus_operational,optimal,351.8905458485157,-127.16992054500936,-124.16139626967055,124.1837965435935,372.73557526494847,1.0,True,False,False,False,False,False,False,0.7220173677894155,0.17957091799313388,0.09841171421745062,False,LHS-03-013,2026071902,a0a8f482ce8cb82ebc4a2041ff458bc6cfecc1194d9e88002d2ee687d3011c07,clayton,empirical_resample,0.47111814039047795,0.9866991943605875,-127.7031479776458
mean_variance,variance_penalty,optimal,351.8905458485157,-127.16992054500936,-124.16139626967055,124.1837965435935,372.73557526494847,1.0,True,False,False,False,False,False,False,0.7220173677894155,0.17957091799313388,0.09841171421745062,False,LHS-03-013,2026071902,a0a8f482ce8cb82ebc4a2041ff458bc6cfecc1194d9e88002d2ee687d3011c07,clayton,empirical_resample,0.47111814039047795,0.9866991943605875,-127.7031479776458
loss_CVaR,economic_operational_plus_CVaR,optimal,351.40800388907155,-130.91069056147612,-127.70314797764576,127.72753038964709,360.6077908542358,1.0,False,False,False,False,False,False,False,0.6585543410457594,0.24303394473679005,0.09841171421745062,False,LHS-03-013,2026071902,a0a8f482ce8cb82ebc4a2041ff458bc6cfecc1194d9e88002d2ee687d3011c07,clayton,empirical_resample,0.47111814039047795,0.9866991943605875,-127.7031479776458
ranking_proportional_repaired,ranking,repaired,334.6392049009154,-137.70730997418715,-134.12134363494258,134.148422350201,310.75119901298854,1.0,False,False,False,False,False,False,False,0.4252761109743977,0.41731036270383504,0.15741352632176728,False,LHS-03-013,2026071903,69806830799970c487e03988682304d0f8b850b2ccb96150d96d83079f1f203a,clayton,empirical_resample,0.47111814039047795,0.9866991943605875,-128.21346103328491
expected_profit,economic_plus_operational,optimal,349.78781865978846,-127.96946517897086,-124.68043007064898,124.7048133537776,372.73557526494847,1.0,True,False,False,False,False,False,False,0.7220173677894155,0.17957091799313388,0.09841171421745062,False,LHS-03-013,2026071903,69806830799970c487e03988682304d0f8b850b2ccb96150d96d83079f1f203a,clayton,empirical_resample,0.47111814039047795,0.9866991943605875,-128.21346103328491
mean_variance,variance_penalty,optimal,349.78781865978846,-127.96946517897086,-124.68043007064898,124.7048133537776,372.73557526494847,1.0,True,False,False,False,False,False,False,0.7220173677894155,0.17957091799313388,0.09841171421745062,False,LHS-03-013,2026071903,69806830799970c487e03988682304d0f8b850b2ccb96150d96d83079f1f203a,clayton,empirical_resample,0.47111814039047795,0.9866991943605875,-128.21346103328491
loss_CVaR,economic_operational_plus_CVaR,optimal,349.4688623359025,-131.52877901099498,-128.21346103328497,128.23897337762915,360.71561321872554,1.0,False,False,False,False,False,False,False,0.6591185606401588,0.2424697251423905,0.09841171421745062,False,LHS-03-013,2026071903,69806830799970c487e03988682304d0f8b850b2ccb96150d96d83079f1f203a,clayton,empirical_resample,0.47111814039047795,0.9866991943605875,-128.21346103328491
ranking_proportional_repaired,ranking,repaired,335.29688633973115,-136.56640542190857,-133.15567063442683,133.18131379929906,310.75119901298854,1.0,False,False,False,False,False,False,False,0.4252761109743977,0.41731036270383504,0.15741352632176728,False,LHS-03-013,2026071904,798b0705eed8aa71a08940773b70022c4cd561d16d750833ec6d8e4a7d1efa52,clayton,empirical_resample,0.47111814039047795,0.9866991943605875,-127.31474436792229
expected_profit,economic_plus_operational,optimal,350.13743317547807,-127.17766276940742,-123.82175462160541,123.84748179828102,372.73557526494847,1.0,True,False,False,False,False,False,False,0.7220173677894155,0.17957091799313388,0.09841171421745062,False,LHS-03-013,2026071904,798b0705eed8aa71a08940773b70022c4cd561d16d750833ec6d8e4a7d1efa52,clayton,empirical_resample,0.47111814039047795,0.9866991943605875,-127.31474436792229
mean_variance,variance_penalty,optimal,350.13743317547807,-127.17766276940742,-123.82175462160541,123.84748179828102,372.73557526494847,1.0,True,False,False,False,False,False,False,0.7220173677894155,0.17957091799313388,0.09841171421745062,False,LHS-03-013,2026071904,798b0705eed8aa71a08940773b70022c4cd561d16d750833ec6d8e4a7d1efa52,clayton,empirical_resample,0.47111814039047795,0.9866991943605875,-127.31474436792229
loss_CVaR,economic_operational_plus_CVaR,optimal,349.8906307683772,-131.02950318096237,-127.31474436792237,127.34284940413066,360.64497866124,0.9999999999999999,False,False,False,False,False,False,False,0.658748939721867,0.24283934606068228,0.09841171421745062,False,LHS-03-013,2026071904,798b0705eed8aa71a08940773b70022c4cd561d16d750833ec6d8e4a7d1efa52,clayton,empirical_resample,0.47111814039047795,0.9866991943605875,-127.31474436792229
ranking_proportional_repaired,ranking,repaired,335.61781520895585,-136.86215485847111,-133.39884494381351,133.42454679381714,310.75119901298854,1.0,False,False,False,False,False,False,False,0.4252761109743977,0.41731036270383504,0.15741352632176728,False,LHS-03-013,2026071905,03c48dbc3951f581498eb86eed5e5d1eceb73f8f5e46057ffa3224107728906f,clayton,empirical_resample,0.47111814039047795,0.9866991943605875,-127.56874962791991
expected_profit,economic_plus_operational,optimal,351.02963794195904,-127.44398186964968,-124.08223700487093,124.10728885464029,372.73557526494847,1.0,True,False,False,False,False,False,False,0.7220173677894155,0.17957091799313388,0.09841171421745062,False,LHS-03-013,2026071905,03c48dbc3951f581498eb86eed5e5d1eceb73f8f5e46057ffa3224107728906f,clayton,empirical_resample,0.47111814039047795,0.9866991943605875,-127.56874962791991
mean_variance,variance_penalty,optimal,351.02963794653454,-127.44398187150664,-124.08223700669166,124.10728885646128,372.73557526918347,1.000000000013628,True,False,False,False,False,False,False,0.7220173677952078,0.17957091799883196,0.09841171421958818,False,LHS-03-013,2026071905,03c48dbc3951f581498eb86eed5e5d1eceb73f8f5e46057ffa3224107728906f,clayton,empirical_resample,0.47111814039047795,0.9866991943605875,-127.56874962791991
loss_CVaR,economic_operational_plus_CVaR,optimal,350.65109810579395,-130.91552208517697,-127.5687496279199,127.59352854303978,360.6866279690165,1.0,False,False,False,False,False,False,False,0.6589668848175054,0.24262140096504392,0.09841171421745062,False,LHS-03-013,2026071905,03c48dbc3951f581498eb86eed5e5d1eceb73f8f5e46057ffa3224107728906f,clayton,empirical_resample,0.47111814039047795,0.9866991943605875,-127.56874962791991
ranking_proportional_repaired,ranking,repaired,334.5938706199162,-95.07707870244478,-49.747159870951805,49.813104375243775,310.75119901298854,1.0,False,False,False,False,False,False,False,0.4252761109743977,0.41731036270383504,0.15741352632176728,False,LHS-03-014,2026071901,cae8bf47ddca7abec60b8583e25d46a9b6aebd7f1e4d9aa13d43f38819373588,clayton,gaussian,0.5651760574818363,0.9673475709056167,-47.164822938266205
expected_profit,economic_plus_operational,optimal,347.84891772220686,-92.63135625213432,-43.212264369272376,43.28415767066761,336.91707890736524,1.0,True,False,False,False,False,False,False,0.5363851643138192,0.3613549296820934,0.10225990600408742,False,LHS-03-014,2026071901,cae8bf47ddca7abec60b8583e25d46a9b6aebd7f1e4d9aa13d43f38819373588,clayton,gaussian,0.5651760574818363,0.9673475709056167,-47.164822938266205
mean_variance,variance_penalty,optimal,347.8489177317169,-92.63135625474231,-43.21226437069366,43.284157672090636,336.9170789161928,1.000000000028428,True,False,False,False,False,False,False,0.5363851643258783,0.36135492969398003,0.10225990600856953,False,LHS-03-014,2026071901,cae8bf47ddca7abec60b8583e25d46a9b6aebd7f1e4d9aa13d43f38819373588,clayton,gaussian,0.5651760574818363,0.9673475709056167,-47.164822938266205
loss_CVaR,economic_operational_plus_CVaR,optimal,347.65190052699836,-96.07747614261626,-47.16482293826563,47.23597948900107,330.05146849591324,1.0,False,False,False,False,False,False,False,0.5004583699053837,0.3972817240905289,0.10225990600408742,False,LHS-03-014,2026071901,cae8bf47ddca7abec60b8583e25d46a9b6aebd7f1e4d9aa13d43f38819373588,clayton,gaussian,0.5651760574818363,0.9673475709056167,-47.164822938266205
ranking_proportional_repaired,ranking,repaired,336.493795089178,-97.47098334805452,-48.978358994731764,49.04890450103819,310.75119901298854,1.0,False,False,False,False,False,False,False,0.4252761109743977,0.41731036270383504,0.15741352632176728,False,LHS-03-014,2026071902,5515550ea9684d634830b898ba8d8f6c91dd4966ea84ed86a810229b49696bd7,clayton,gaussian,0.5651760574818363,0.9673475709056167,-46.260828754272644
expected_profit,economic_plus_operational,optimal,349.97976813661523,-93.29517610910358,-42.10134154620493,42.17581668602604,336.91707890736524,1.0,True,False,False,False,False,False,False,0.5363851643138192,0.3613549296820934,0.10225990600408742,False,LHS-03-014,2026071902,5515550ea9684d634830b898ba8d8f6c91dd4966ea84ed86a810229b49696bd7,clayton,gaussian,0.5651760574818363,0.9673475709056167,-46.260828754272644
mean_variance,variance_penalty,optimal,349.97976814316075,-93.2951761109689,-42.10134154715791,42.17581668698035,336.9170789134117,1.0000000000194604,True,False,False,False,False,False,False,0.5363851643220962,0.3613549296902007,0.1022599060071637,False,LHS-03-014,2026071902,5515550ea9684d634830b898ba8d8f6c91dd4966ea84ed86a810229b49696bd7,clayton,gaussian,0.5651760574818363,0.9673475709056167,-46.260828754272644
loss_CVaR,economic_operational_plus_CVaR,optimal,349.69908705015047,-97.31567600629022,-46.2608287542721,46.33510169983487,329.82564593822667,1.0,False,False,False,False,False,False,False,0.499276671539677,0.39846342245623556,0.10225990600408742,False,LHS-03-014,2026071902,5515550ea9684d634830b898ba8d8f6c91dd4966ea84ed86a810229b49696bd7,clayton,gaussian,0.5651760574818363,0.9673475709056167,-46.260828754272644
ranking_proportional_repaired,ranking,repaired,335.6685751146997,-103.30402045409207,-55.53719997269034,55.6066896029268,310.75119901298854,1.0,False,False,False,False,False,False,False,0.4252761109743977,0.41731036270383504,0.15741352632176728,False,LHS-03-014,2026071903,6f8ee455e2108ad2c545d673cf2b62da74d602a1b6528ac69f184ed9f8dc1818,clayton,gaussian,0.5651760574818363,0.9673475709056167,-53.14686305470997
expected_profit,economic_plus_operational,optimal,349.1192274051293,-99.99808533125818,-49.48818221087451,49.561662389285836,336.91707890736524,1.0,True,False,False,False,False,False,False,0.5363851643138192,0.3613549296820934,0.10225990600408742,False,LHS-03-014,2026071903,6f8ee455e2108ad2c545d673cf2b62da74d602a1b6528ac69f184ed9f8dc1818,clayton,gaussian,0.5651760574818363,0.9673475709056167,-53.14686305470997
mean_variance,variance_penalty,optimal,349.11922741429595,-99.99808533417378,-49.48818221239285,49.56166239080622,336.91707891585213,1.000000000027309,True,False,False,False,False,False,False,0.5363851643254361,0.3613549296934858,0.10225990600838704,False,LHS-03-014,2026071903,6f8ee455e2108ad2c545d673cf2b62da74d602a1b6528ac69f184ed9f8dc1818,clayton,gaussian,0.5651760574818363,0.9673475709056167,-53.14686305470997
loss_CVaR,economic_operational_plus_CVaR,optimal,348.87641744685465,-103.6603711197631,-53.14686305470936,53.220348477477955,330.31809955558674,1.0,False,False,False,False,False,False,False,0.5018536135457473,0.39588648045016533,0.10225990600408742,False,LHS-03-014,2026071903,6f8ee455e2108ad2c545d673cf2b62da74d602a1b6528ac69f184ed9f8dc1818,clayton,gaussian,0.5651760574818363,0.9673475709056167,-53.14686305470997
ranking_proportional_repaired,ranking,repaired,336.4740252094555,-102.9119240129726,-47.130376516226285,47.21152571289673,310.75119901298854,1.0,False,False,False,False,False,False,False,0.4252761109743977,0.41731036270383504,0.15741352632176728,False,LHS-03-014,2026071904,91c7c2c4c146de374f7b69086d77ceae5673ccedd405a3e5ede41da5d04325c3,clayton,gaussian,0.5651760574818363,0.9673475709056167,-44.67474323842645
expected_profit,economic_plus_operational,optimal,350.05908481165494,-101.18604179001237,-40.91611893513695,41.0037976755546,336.91707890736524,1.0,True,False,False,False,False,False,False,0.5363851643138192,0.3613549296820934,0.10225990600408742,False,LHS-03-014,2026071904,91c7c2c4c146de374f7b69086d77ceae5673ccedd405a3e5ede41da5d04325c3,clayton,gaussian,0.5651760574818363,0.9673475709056167,-44.67474323842645
mean_variance,variance_penalty,optimal,350.0590848144006,-101.186041790823,-40.91611893552207,41.00379767594035,336.9170789099011,1.0000000000081564,True,False,False,False,False,False,False,0.5363851643172921,0.36135492968549776,0.10225990600536644,False,LHS-03-014,2026071904,91c7c2c4c146de374f7b69086d77ceae5673ccedd405a3e5ede41da5d04325c3,clayton,gaussian,0.5651760574818363,0.9673475709056167,-44.67474323842645
loss_CVaR,economic_operational_plus_CVaR,optimal,349.77634299342316,-104.07399249680002,-44.674743238425805,44.761155350969396,330.03027298041513,1.0,False,False,False,False,False,False,False,0.5003474566897997,0.39739263730611285,0.10225990600408742,False,LHS-03-014,2026071904,91c7c2c4c146de374f7b69086d77ceae5673ccedd405a3e5ede41da5d04325c3,clayton,gaussian,0.5651760574818363,0.9673475709056167,-44.67474323842645
ranking_proportional_repaired,ranking,repaired,336.7696259519464,-97.7410051624533,-46.13310008448319,46.208177600738274,310.75119901298854,1.0,False,False,False,False,False,False,False,0.4252761109743977,0.41731036270383504,0.15741352632176728,False,LHS-03-014,2026071905,e10d47abd03f16551e0d0a8f074aa8bca414a53fb7bc8a464a2743e1c57c2452,clayton,gaussian,0.5651760574818363,0.9673475709056167,-43.5097847565597
expected_profit,economic_plus_operational,optimal,350.27970564775205,-94.46178765347764,-39.494504121676215,39.574468753385695,336.91707890736524,1.0,True,False,False,False,False,False,False,0.5363851643138192,0.3613549296820934,0.10225990600408742,False,LHS-03-014,2026071905,e10d47abd03f16551e0d0a8f074aa8bca414a53fb7bc8a464a2743e1c57c2452,clayton,gaussian,0.5651760574818363,0.9673475709056167,-43.5097847565597
mean_variance,variance_penalty,optimal,350.27970565219374,-94.46178765472108,-39.4945041222853,39.574468753995696,336.9170789114645,1.0000000000131881,True,False,False,False,False,False,False,0.5363851643194325,0.36135492968759353,0.102259906006162,False,LHS-03-014,2026071905,e10d47abd03f16551e0d0a8f074aa8bca414a53fb7bc8a464a2743e1c57c2452,clayton,gaussian,0.5651760574818363,0.9673475709056167,-43.5097847565597
loss_CVaR,economic_operational_plus_CVaR,optimal,350.01721735391726,-97.89711213755629,-43.509784756559064,43.58890568676054,329.86545861043476,1.0,False,False,False,False,False,False,False,0.49948500577415145,0.39825508822176114,0.10225990600408742,False,LHS-03-014,2026071905,e10d47abd03f16551e0d0a8f074aa8bca414a53fb7bc8a464a2743e1c57c2452,clayton,gaussian,0.5651760574818363,0.9673475709056167,-43.5097847565597
ranking_proportional_repaired,ranking,repaired,326.09864718190477,-183.938236144097,-118.29995288196537,118.34734052025931,299.6272226204288,1.0,True,False,False,False,False,False,False,0.3856240956020455,0.41731036270383487,0.19706554169411955,True,LHS-03-015,2026071901,d3227b42af71c53721c11a01be53ef09b3547ff5b1acfb8e9a909b8d7a4fb519,clayton,student_t_df5,0.15785584290000232,0.9344473599996463,-128.98635549136216
expected_profit,economic_plus_operational,optimal,359.68728936880643,-203.69052685972375,-131.65941344501854,131.7114163948028,312.65453282675145,1.0,False,False,False,False,False,False,False,0.3856240956020455,0.5629645465849014,0.0514113578130531,True,LHS-03-015,2026071901,d3227b42af71c53721c11a01be53ef09b3547ff5b1acfb8e9a909b8d7a4fb519,clayton,student_t_df5,0.15785584290000232,0.9344473599996463,-128.98635549136216
mean_variance,variance_penalty,optimal,359.68728937343855,-203.69052686231706,-131.65941344667672,131.71141639646163,312.6545328310397,1.0000000000137976,False,False,False,False,False,False,False,0.38562409560791083,0.5629645465906747,0.05141135781521196,True,LHS-03-015,2026071901,d3227b42af71c53721c11a01be53ef09b3547ff5b1acfb8e9a909b8d7a4fb519,clayton,student_t_df5,0.15785584290000232,0.9344473599996463,-128.98635549136216
loss_CVaR,economic_operational_plus_CVaR,optimal,359.68728936880643,-203.69052685972375,-131.65941344501854,131.7114163948028,312.65453282675145,1.0,False,False,False,False,False,False,False,0.3856240956020455,0.5629645465849014,0.0514113578130531,True,LHS-03-015,2026071901,d3227b42af71c53721c11a01be53ef09b3547ff5b1acfb8e9a909b8d7a4fb519,clayton,student_t_df5,0.15785584290000232,0.9344473599996463,-128.98635549136216
ranking_proportional_repaired,ranking,repaired,326.9007395706947,-186.93515681876906,-118.03407975650015,118.08382297273953,299.6272226204288,1.0,True,False,False,False,False,False,False,0.3856240956020455,0.41731036270383487,0.19706554169411955,True,LHS-03-015,2026071902,207dcdba979b46db101f80961540b7552110ee9e9e8bcce9bab4ce14be7b6036,clayton,student_t_df5,0.15785584290000232,0.9344473599996463,-129.37936965891132
expected_profit,economic_plus_operational,optimal,360.2986196805503,-207.85841184892195,-132.2172392880708,132.27184852443867,312.65453282675145,1.0,False,False,False,False,False,False,False,0.3856240956020455,0.5629645465849014,0.0514113578130531,True,LHS-03-015,2026071902,207dcdba979b46db101f80961540b7552110ee9e9e8bcce9bab4ce14be7b6036,clayton,student_t_df5,0.15785584290000232,0.9344473599996463,-129.37936965891132
mean_variance,variance_penalty,optimal,360.2986196884286,-207.8584118538209,-132.21723929086824,132.27184852723758,312.65453283403576,1.0000000000234173,False,False,False,False,False,False,False,0.38562409561204036,0.5629645465946426,0.05141135781673444,True,LHS-03-015,2026071902,207dcdba979b46db101f80961540b7552110ee9e9e8bcce9bab4ce14be7b6036,clayton,student_t_df5,0.15785584290000232,0.9344473599996463,-129.37936965891132
loss_CVaR,economic_operational_plus_CVaR,optimal,360.2986196805503,-207.85841184892195,-132.2172392880708,132.27184852443867,312.65453282675145,1.0,False,False,False,False,False,False,False,0.3856240956020455,0.5629645465849014,0.0514113578130531,True,LHS-03-015,2026071902,207dcdba979b46db101f80961540b7552110ee9e9e8bcce9bab4ce14be7b6036,clayton,student_t_df5,0.15785584290000232,0.9344473599996463,-129.37936965891132
ranking_proportional_repaired,ranking,repaired,325.80393354423535,-185.30604935110918,-119.12627192938973,119.17405050004959,299.6272226204288,1.0,True,False,False,False,False,False,False,0.3856240956020455,0.41731036270383487,0.19706554169411955,True,LHS-03-015,2026071903,14e359ca7ff19b4c5c49008ac6a2f0ab82f1e7d152621855d410550d28df3007,clayton,student_t_df5,0.15785584290000232,0.9344473599996463,-130.87794209958875
expected_profit,economic_plus_operational,optimal,359.1427436528061,-205.62535636787376,-133.8174622136424,133.86930401001052,312.65453282675145,1.0,False,False,False,False,False,False,False,0.3856240956020455,0.5629645465849014,0.0514113578130531,True,LHS-03-015,2026071903,14e359ca7ff19b4c5c49008ac6a2f0ab82f1e7d152621855d410550d28df3007,clayton,student_t_df5,0.15785584290000232,0.9344473599996463,-130.87794209958875
mean_variance,variance_penalty,optimal,359.1427436528061,-205.62535636787376,-133.8174622136424,133.86930401001052,312.65453282675145,1.0,False,False,False,False,False,False,False,0.3856240956020455,0.5629645465849014,0.0514113578130531,True,LHS-03-015,2026071903,14e359ca7ff19b4c5c49008ac6a2f0ab82f1e7d152621855d410550d28df3007,clayton,student_t_df5,0.15785584290000232,0.9344473599996463,-130.87794209958875
loss_CVaR,economic_operational_plus_CVaR,optimal,359.1427436528061,-205.62535636787376,-133.8174622136424,133.86930401001052,312.65453282675145,1.0,False,False,False,False,False,False,False,0.3856240956020455,0.5629645465849014,0.0514113578130531,True,LHS-03-015,2026071903,14e359ca7ff19b4c5c49008ac6a2f0ab82f1e7d152621855d410550d28df3007,clayton,student_t_df5,0.15785584290000232,0.9344473599996463,-130.87794209958875
ranking_proportional_repaired,ranking,repaired,327.29370509518867,-186.38996816813238,-122.52005548335163,122.5661664443602,299.6272226204288,1.0,True,False,False,False,False,False,False,0.3856240956020455,0.41731036270383487,0.19706554169411955,True,LHS-03-015,2026071904,b2b97655e0bf0f1db8a8b605c081ca68bb42a507954b4c267d5d75b34ca83624,clayton,student_t_df5,0.15785584290000232,0.9344473599996463,-134.47418986354094
expected_profit,economic_plus_operational,optimal,360.86771871016055,-207.01252717994367,-137.46435364007175,137.51456402839878,312.65453282675145,1.0,False,False,False,False,False,False,False,0.3856240956020455,0.5629645465849014,0.0514113578130531,True,LHS-03-015,2026071904,b2b97655e0bf0f1db8a8b605c081ca68bb42a507954b4c267d5d75b34ca83624,clayton,student_t_df5,0.15785584290000232,0.9344473599996463,-134.47418986354094
mean_variance,variance_penalty,optimal,360.86771871255087,-207.01252718139304,-137.46435364095615,137.51456402928358,312.65453282895845,1.0000000000070937,False,False,False,False,False,False,False,0.38562409560507377,0.5629645465878553,0.05141135781416457,True,LHS-03-015,2026071904,b2b97655e0bf0f1db8a8b605c081ca68bb42a507954b4c267d5d75b34ca83624,clayton,student_t_df5,0.15785584290000232,0.9344473599996463,-134.47418986354094
loss_CVaR,economic_operational_plus_CVaR,optimal,360.86771871016055,-207.01252717994367,-137.46435364007175,137.51456402839878,312.65453282675145,1.0,False,False,False,False,False,False,False,0.3856240956020455,0.5629645465849014,0.0514113578130531,True,LHS-03-015,2026071904,b2b97655e0bf0f1db8a8b605c081ca68bb42a507954b4c267d5d75b34ca83624,clayton,student_t_df5,0.15785584290000232,0.9344473599996463,-134.47418986354094
ranking_proportional_repaired,ranking,repaired,325.4093887864638,-183.3641788112334,-117.18021696522385,117.22799855683391,299.6272226204288,1.0,True,False,False,False,False,False,False,0.3856240956020455,0.41731036270383487,0.19706554169411955,True,LHS-03-015,2026071905,77a2987752007937e93f6177c7798d6ae83a1d7bda56201105455e869872adb6,clayton,student_t_df5,0.15785584290000232,0.9344473599996463,-128.87756797048922
expected_profit,economic_plus_operational,optimal,358.8488748685066,-203.49338392496784,-131.8035008858223,131.8552574839226,312.65453282675145,1.0,False,False,False,False,False,False,False,0.3856240956020455,0.5629645465849014,0.0514113578130531,True,LHS-03-015,2026071905,77a2987752007937e93f6177c7798d6ae83a1d7bda56201105455e869872adb6,clayton,student_t_df5,0.15785584290000232,0.9344473599996463,-128.87756797048922
mean_variance,variance_penalty,optimal,358.8488748711183,-203.49338392643202,-131.80350088675442,131.8552574848551,312.65453282917406,1.0000000000077978,False,False,False,False,False,False,False,0.3856240956053563,0.5629645465881665,0.05141135781427487,True,LHS-03-015,2026071905,77a2987752007937e93f6177c7798d6ae83a1d7bda56201105455e869872adb6,clayton,student_t_df5,0.15785584290000232,0.9344473599996463,-128.87756797048922
loss_CVaR,economic_operational_plus_CVaR,optimal,358.8488748685066,-203.49338392496784,-131.8035008858223,131.8552574839226,312.65453282675145,1.0,False,False,False,False,False,False,False,0.3856240956020455,0.5629645465849014,0.0514113578130531,True,LHS-03-015,2026071905,77a2987752007937e93f6177c7798d6ae83a1d7bda56201105455e869872adb6,clayton,student_t_df5,0.15785584290000232,0.9344473599996463,-128.87756797048922
ranking_proportional_repaired,ranking,repaired,334.5436039514894,-155.36814041433593,-143.7568777022204,143.79253470649468,310.75119901298854,1.0,True,False,False,False,False,False,False,0.4252761109743977,0.41731036270383504,0.15741352632176728,False,LHS-03-016,2026071901,69069797f20590956d41c7d114ebd19d18c6771a0cd78b90edc8e30ef7c5e41c,clayton,empirical_resample,0.19155790008141343,0.9727838355173613,-150.8296984137387
expected_profit,economic_plus_operational,optimal,357.2468919364963,-163.68470239909843,-154.37653216159345,154.40511660362816,318.78984126269614,1.0,False,False,False,False,False,False,False,0.4213808423731696,0.5194058558064307,0.05921330182039976,True,LHS-03-016,2026071901,69069797f20590956d41c7d114ebd19d18c6771a0cd78b90edc8e30ef7c5e41c,clayton,empirical_resample,0.19155790008141343,0.9727838355173613,-150.8296984137387
mean_variance,variance_penalty,optimal,357.2468919364963,-163.68470239909843,-154.37653216159345,154.40511660362816,318.78984126269614,1.0,False,False,False,False,False,False,False,0.4213808423731696,0.5194058558064307,0.05921330182039976,True,LHS-03-016,2026071901,69069797f20590956d41c7d114ebd19d18c6771a0cd78b90edc8e30ef7c5e41c,clayton,empirical_resample,0.19155790008141343,0.9727838355173613,-150.8296984137387
loss_CVaR,economic_operational_plus_CVaR,optimal,357.2468919364963,-163.68470239909843,-154.37653216159345,154.40511660362816,318.78984126269614,1.0,False,False,False,False,False,False,False,0.4213808423731696,0.5194058558064307,0.05921330182039976,True,LHS-03-016,2026071901,69069797f20590956d41c7d114ebd19d18c6771a0cd78b90edc8e30ef7c5e41c,clayton,empirical_resample,0.19155790008141343,0.9727838355173613,-150.8296984137387
ranking_proportional_repaired,ranking,repaired,334.4772754622247,-158.62061893640777,-145.50512331096996,145.54539966119734,310.75119901298854,1.0,True,False,False,False,False,False,False,0.4252761109743977,0.41731036270383504,0.15741352632176728,False,LHS-03-016,2026071902,90e7b4e2e35b7a769b93b80c2e6e9f570bc775be2b80f843cc6eb47cc6e531e5,clayton,empirical_resample,0.19155790008141343,0.9727838355173613,-152.4101863091265
expected_profit,economic_plus_operational,optimal,357.0845751599008,-167.24696091666058,-155.87289397157863,155.90782257182929,318.78984126269614,1.0,False,False,False,False,False,False,False,0.4213808423731696,0.5194058558064307,0.05921330182039976,True,LHS-03-016,2026071902,90e7b4e2e35b7a769b93b80c2e6e9f570bc775be2b80f843cc6eb47cc6e531e5,clayton,empirical_resample,0.19155790008141343,0.9727838355173613,-152.4101863091265
mean_variance,variance_penalty,optimal,357.084575160049,-167.24696091672766,-155.87289397164034,155.907822571891,318.7898412628441,1.0000000000004443,False,False,False,False,False,False,False,0.42138084237341156,0.5194058558065604,0.05921330182047244,True,LHS-03-016,2026071902,90e7b4e2e35b7a769b93b80c2e6e9f570bc775be2b80f843cc6eb47cc6e531e5,clayton,empirical_resample,0.19155790008141343,0.9727838355173613,-152.4101863091265
loss_CVaR,economic_operational_plus_CVaR,optimal,357.0845751599008,-167.24696091666058,-155.87289397157863,155.90782257182929,318.78984126269614,1.0,False,False,False,False,False,False,False,0.4213808423731696,0.5194058558064307,0.05921330182039976,True,LHS-03-016,2026071902,90e7b4e2e35b7a769b93b80c2e6e9f570bc775be2b80f843cc6eb47cc6e531e5,clayton,empirical_resample,0.19155790008141343,0.9727838355173613,-152.4101863091265
ranking_proportional_repaired,ranking,repaired,334.51232235461515,-159.18997792917912,-145.8523716034759,145.89333003302443,310.75119901298854,1.0,True,False,False,False,False,False,False,0.4252761109743977,0.41731036270383504,0.15741352632176728,False,LHS-03-016,2026071903,31e23f92570c224cb99bbc746040578999bf82e04463e060520c9b5c9a77b58f,clayton,empirical_resample,0.19155790008141343,0.9727838355173613,-152.83183428404303
expected_profit,economic_plus_operational,optimal,357.0717315531804,-167.57715044566163,-156.33185143236605,156.36638459942327,318.78984126269614,1.0,False,False,False,False,False,False,False,0.4213808423731696,0.5194058558064307,0.05921330182039976,True,LHS-03-016,2026071903,31e23f92570c224cb99bbc746040578999bf82e04463e060520c9b5c9a77b58f,clayton,empirical_resample,0.19155790008141343,0.9727838355173613,-152.83183428404303
mean_variance,variance_penalty,optimal,357.0717315560917,-167.57715044700956,-156.33185143363934,156.3663846006968,318.78984126540206,1.0000000000086993,False,False,False,False,False,False,False,0.4213808423768804,0.5194058558100549,0.05921330182176401,True,LHS-03-016,2026071903,31e23f92570c224cb99bbc746040578999bf82e04463e060520c9b5c9a77b58f,clayton,empirical_resample,0.19155790008141343,0.9727838355173613,-152.83183428404303
loss_CVaR,economic_operational_plus_CVaR,optimal,357.0717315531804,-167.57715044566163,-156.33185143236605,156.36638459942327,318.78984126269614,1.0,False,False,False,False,False,False,False,0.4213808423731696,0.5194058558064307,0.05921330182039976,True,LHS-03-016,2026071903,31e23f92570c224cb99bbc746040578999bf82e04463e060520c9b5c9a77b58f,clayton,empirical_resample,0.19155790008141343,0.9727838355173613,-152.83183428404303
ranking_proportional_repaired,ranking,repaired,335.8633043097345,-159.83986579289126,-146.24268311354277,146.28443867561523,310.75119901298854,1.0,True,False,False,False,False,False,False,0.4252761109743977,0.41731036270383504,0.15741352632176728,False,LHS-03-016,2026071904,61d90244d6b521040dbda523604b12dc2e5586a842055220d637a6f6106fbc9e,clayton,empirical_resample,0.19155790008141343,0.9727838355173613,-153.39147616985866
expected_profit,economic_plus_operational,optimal,358.5350317146783,-168.77028884776,-156.97640805244953,157.01262585824333,318.78984126269614,1.0,False,False,False,False,False,False,False,0.4213808423731696,0.5194058558064307,0.05921330182039976,True,LHS-03-016,2026071904,61d90244d6b521040dbda523604b12dc2e5586a842055220d637a6f6106fbc9e,clayton,empirical_resample,0.19155790008141343,0.9727838355173613,-153.39147616985866
mean_variance,variance_penalty,optimal,358.5350317146783,-168.77028884776,-156.97640805244953,157.01262585824333,318.78984126269614,1.0,False,False,False,False,False,False,False,0.4213808423731696,0.5194058558064307,0.05921330182039976,True,LHS-03-016,2026071904,61d90244d6b521040dbda523604b12dc2e5586a842055220d637a6f6106fbc9e,clayton,empirical_resample,0.19155790008141343,0.9727838355173613,-153.39147616985866
loss_CVaR,economic_operational_plus_CVaR,optimal,358.5350317146783,-168.77028884776,-156.97640805244953,157.01262585824333,318.78984126269614,1.0,False,False,False,False,False,False,False,0.4213808423731696,0.5194058558064307,0.05921330182039976,True,LHS-03-016,2026071904,61d90244d6b521040dbda523604b12dc2e5586a842055220d637a6f6106fbc9e,clayton,empirical_resample,0.19155790008141343,0.9727838355173613,-153.39147616985866
ranking_proportional_repaired,ranking,repaired,334.056485341426,-155.68440060148012,-144.26550699251032,144.30057325087668,310.75119901298854,1.0,True,False,False,False,False,False,False,0.4252761109743977,0.41731036270383504,0.15741352632176728,False,LHS-03-016,2026071905,dfedbc37c0faeb0f4408b57ec368a43ecfc6de4ec2a99cd94be34903907f74d8,clayton,empirical_resample,0.19155790008141343,0.9727838355173613,-151.52966770822627
expected_profit,economic_plus_operational,optimal,356.6698520040538,-164.32079642075973,-155.17245344071108,155.20054706952905,318.78984126269614,1.0,False,False,False,False,False,False,False,0.4213808423731696,0.5194058558064307,0.05921330182039976,True,LHS-03-016,2026071905,dfedbc37c0faeb0f4408b57ec368a43ecfc6de4ec2a99cd94be34903907f74d8,clayton,empirical_resample,0.19155790008141343,0.9727838355173613,-151.52966770822627
mean_variance,variance_penalty,optimal,356.6698520040538,-164.32079642075973,-155.17245344071108,155.20054706952905,318.78984126269614,1.0,False,False,False,False,False,False,False,0.4213808423731696,0.5194058558064307,0.05921330182039976,True,LHS-03-016,2026071905,dfedbc37c0faeb0f4408b57ec368a43ecfc6de4ec2a99cd94be34903907f74d8,clayton,empirical_resample,0.19155790008141343,0.9727838355173613,-151.52966770822627
loss_CVaR,economic_operational_plus_CVaR,optimal,356.6698520040538,-164.32079642075973,-155.17245344071108,155.20054706952905,318.78984126269614,1.0,False,False,False,False,False,False,False,0.4213808423731696,0.5194058558064307,0.05921330182039976,True,LHS-03-016,2026071905,dfedbc37c0faeb0f4408b57ec368a43ecfc6de4ec2a99cd94be34903907f74d8,clayton,empirical_resample,0.19155790008141343,0.9727838355173613,-151.52966770822627
ranking_proportional_repaired,ranking,repaired,334.13072618341766,-129.50571864426945,-74.04284980424409,74.08896035807344,310.75119901298854,1.0,False,False,False,False,False,False,False,0.4252761109743977,0.41731036270383504,0.15741352632176728,False,LHS-03-017,2026071901,8b373b5f036cd8fbe529fc4cc9c0d3a6719f3b239d95b366021940a1aeaa4784,clayton,gaussian,0.293705696063108,0.9578350841096448,-68.09368036562226
expected_profit,economic_plus_operational,optimal,339.32219618679824,-123.42300826788276,-67.15631793613746,67.2030967686718,328.0450094698223,1.0,True,False,False,False,False,False,False,0.5064955019104184,0.3559119114923246,0.13759258659725707,False,LHS-03-017,2026071901,8b373b5f036cd8fbe529fc4cc9c0d3a6719f3b239d95b366021940a1aeaa4784,clayton,gaussian,0.293705696063108,0.9578350841096448,-68.09368036562226
mean_variance,variance_penalty,optimal,339.32219618679824,-123.42300826788276,-67.15631793613746,67.2030967686718,328.0450094698223,1.0,True,False,False,False,False,False,False,0.5064955019104184,0.3559119114923246,0.13759258659725707,False,LHS-03-017,2026071901,8b373b5f036cd8fbe529fc4cc9c0d3a6719f3b239d95b366021940a1aeaa4784,clayton,gaussian,0.293705696063108,0.9578350841096448,-68.09368036562226
loss_CVaR,economic_operational_plus_CVaR,optimal,339.2525335476782,-123.88119055859158,-68.09368036562239,68.14006081880771,326.4480127263455,1.0,False,False,False,False,False,False,False,0.49813863773733225,0.3642687756654107,0.13759258659725707,False,LHS-03-017,2026071901,8b373b5f036cd8fbe529fc4cc9c0d3a6719f3b239d95b366021940a1aeaa4784,clayton,gaussian,0.293705696063108,0.9578350841096448,-68.09368036562226
ranking_proportional_repaired,ranking,repaired,335.6873123811418,-126.87989635133678,-72.77228234097285,72.8172661670998,310.75119901298854,1.0,False,False,False,False,False,False,False,0.4252761109743977,0.41731036270383504,0.15741352632176728,False,LHS-03-017,2026071902,a7cf5076d35f6936b83e3b88566fb3c49ccfec6b5fc7cc71cf21dac4a51a366b,clayton,gaussian,0.293705696063108,0.9578350841096448,-66.85554585844575
expected_profit,economic_plus_operational,optimal,340.6827669104962,-123.50861092047728,-65.92329362708759,65.97116873575708,328.0450094698223,1.0,True,False,False,False,False,False,False,0.5064955019104184,0.3559119114923246,0.13759258659725707,False,LHS-03-017,2026071902,a7cf5076d35f6936b83e3b88566fb3c49ccfec6b5fc7cc71cf21dac4a51a366b,clayton,gaussian,0.293705696063108,0.9578350841096448,-66.85554585844575
mean_variance,variance_penalty,optimal,340.6827669104962,-123.50861092047728,-65.92329362708759,65.97116873575708,328.0450094698223,1.0,True,False,False,False,False,False,False,0.5064955019104184,0.3559119114923246,0.13759258659725707,False,LHS-03-017,2026071902,a7cf5076d35f6936b83e3b88566fb3c49ccfec6b5fc7cc71cf21dac4a51a366b,clayton,gaussian,0.293705696063108,0.9578350841096448,-66.85554585844575
loss_CVaR,economic_operational_plus_CVaR,optimal,340.641000850084,-123.44028660321472,-66.85554585844577,66.90258911078017,326.4712489304304,1.0000000000000002,False,False,False,False,False,False,False,0.49826022959544264,0.3641471838073004,0.13759258659725707,False,LHS-03-017,2026071902,a7cf5076d35f6936b83e3b88566fb3c49ccfec6b5fc7cc71cf21dac4a51a366b,clayton,gaussian,0.293705696063108,0.9578350841096448,-66.85554585844575
ranking_proportional_repaired,ranking,repaired,335.6625541353507,-131.05179910446654,-75.64262266033782,75.68868857554382,310.75119901298854,1.0,False,False,False,False,False,False,False,0.4252761109743977,0.41731036270383504,0.15741352632176728,False,LHS-03-017,2026071903,ad867685624bb8cf83c49cc40d719b88f76291a692f9b7dd1d31c452a1a1dbbd,clayton,gaussian,0.293705696063108,0.9578350841096448,-69.50685391357477
expected_profit,economic_plus_operational,optimal,340.8433486495047,-124.86567793358302,-68.54009054289574,68.5869183410906,328.0450094698223,1.0,True,False,False,False,False,False,False,0.5064955019104184,0.3559119114923246,0.13759258659725707,False,LHS-03-017,2026071903,ad867685624bb8cf83c49cc40d719b88f76291a692f9b7dd1d31c452a1a1dbbd,clayton,gaussian,0.293705696063108,0.9578350841096448,-69.50685391357477
mean_variance,variance_penalty,optimal,340.8433486495047,-124.86567793358302,-68.54009054289574,68.5869183410906,328.0450094698223,1.0,True,False,False,False,False,False,False,0.5064955019104184,0.3559119114923246,0.13759258659725707,False,LHS-03-017,2026071903,ad867685624bb8cf83c49cc40d719b88f76291a692f9b7dd1d31c452a1a1dbbd,clayton,gaussian,0.293705696063108,0.9578350841096448,-69.50685391357477
loss_CVaR,economic_operational_plus_CVaR,optimal,340.77786157736193,-125.16541009169754,-69.50685391357473,69.5531271573573,326.4446346975365,1.0,False,False,False,False,False,False,False,0.49812096097747366,0.3642864524252693,0.13759258659725707,False,LHS-03-017,2026071903,ad867685624bb8cf83c49cc40d719b88f76291a692f9b7dd1d31c452a1a1dbbd,clayton,gaussian,0.293705696063108,0.9578350841096448,-69.50685391357477
ranking_proportional_repaired,ranking,repaired,336.2998345304486,-134.28949617128427,-76.21693927265386,76.26521946112746,310.75119901298854,1.0,False,False,False,False,False,False,False,0.4252761109743977,0.41731036270383504,0.15741352632176728,False,LHS-03-017,2026071904,3d4601711a9080f422e1538692154bb5f2be4082ee8087c7b4a4521fd9f8e2b4,clayton,gaussian,0.293705696063108,0.9578350841096448,-70.41817865331939
expected_profit,economic_plus_operational,optimal,341.54326712507674,-130.6110867556627,-69.50451492290807,69.55531752163316,328.0450094698223,1.0,True,False,False,False,False,False,False,0.5064955019104184,0.3559119114923246,0.13759258659725707,False,LHS-03-017,2026071904,3d4601711a9080f422e1538692154bb5f2be4082ee8087c7b4a4521fd9f8e2b4,clayton,gaussian,0.293705696063108,0.9578350841096448,-70.41817865331939
mean_variance,variance_penalty,optimal,341.5432671304884,-130.61108675790305,-69.50451492413714,69.55531752286305,328.0450094748312,1.0000000000160825,True,False,False,False,False,False,False,0.5064955019173114,0.3559119114989941,0.13759258659977683,False,LHS-03-017,2026071904,3d4601711a9080f422e1538692154bb5f2be4082ee8087c7b4a4521fd9f8e2b4,clayton,gaussian,0.293705696063108,0.9578350841096448,-70.41817865331939
loss_CVaR,economic_operational_plus_CVaR,optimal,341.475988010598,-131.2664273754966,-70.41817865331953,70.4687664881504,326.5102923503446,1.0,False,False,False,False,False,False,False,0.4984645384385313,0.3639428749642117,0.13759258659725707,False,LHS-03-017,2026071904,3d4601711a9080f422e1538692154bb5f2be4082ee8087c7b4a4521fd9f8e2b4,clayton,gaussian,0.293705696063108,0.9578350841096448,-70.41817865331939
ranking_proportional_repaired,ranking,repaired,334.05437664185524,-133.1399963574194,-81.09554543924841,81.13881399902132,310.75119901298854,1.0,False,False,False,False,False,False,False,0.4252761109743977,0.41731036270383504,0.15741352632176728,False,LHS-03-017,2026071905,0a697f252829e27d6a89501e8cf839c4063ed1fc146f9646ec95005bc401c231,clayton,gaussian,0.293705696063108,0.9578350841096448,-75.11260599027388
expected_profit,economic_plus_operational,optimal,339.09112054975003,-128.97773796030464,-74.16992269385554,74.21548865120624,328.0450094698223,1.0,True,False,False,False,False,False,False,0.5064955019104184,0.3559119114923246,0.13759258659725707,False,LHS-03-017,2026071905,0a697f252829e27d6a89501e8cf839c4063ed1fc146f9646ec95005bc401c231,clayton,gaussian,0.293705696063108,0.9578350841096448,-75.11260599027388
mean_variance,variance_penalty,optimal,339.09112054975003,-128.97773796030464,-74.16992269385554,74.21548865120624,328.0450094698223,1.0,True,False,False,False,False,False,False,0.5064955019104184,0.3559119114923246,0.13759258659725707,False,LHS-03-017,2026071905,0a697f252829e27d6a89501e8cf839c4063ed1fc146f9646ec95005bc401c231,clayton,gaussian,0.293705696063108,0.9578350841096448,-75.11260599027388
loss_CVaR,economic_operational_plus_CVaR,optimal,339.04119610197984,-129.7638694429311,-75.11260599027366,75.15804179404616,326.4626375210626,1.0,False,False,False,False,False,False,False,0.4982151672753601,0.3641922461273829,0.13759258659725707,False,LHS-03-017,2026071905,0a697f252829e27d6a89501e8cf839c4063ed1fc146f9646ec95005bc401c231,clayton,gaussian,0.293705696063108,0.9578350841096448,-75.11260599027388
ranking_proportional_repaired,ranking,repaired,336.19932356892036,-187.6924571240524,-129.30974248343534,129.39285335976552,310.75119901298854,1.0,False,False,False,False,False,False,False,0.4252761109743977,0.41731036270383504,0.15741352632176728,False,LHS-03-018,2026071901,4390e5844e6cf625e172bf7144dea896999410d37f01c7e5ed53f36df132a85e,clayton,student_t_df5,0.08429827564750904,0.944279434245697,-89.92237126038555
expected_profit,economic_plus_operational,optimal,345.00168983059467,-158.86476848954038,-81.57482008866374,81.6848464103696,364.3022851308097,1.0,True,False,False,False,False,False,False,0.6916012787898393,0.18068495504369608,0.12771376616646457,False,LHS-03-018,2026071901,4390e5844e6cf625e172bf7144dea896999410d37f01c7e5ed53f36df132a85e,clayton,student_t_df5,0.08429827564750904,0.944279434245697,-89.92237126038555
mean_variance,variance_penalty,optimal,345.00168983059467,-158.86476848954038,-81.57482008866374,81.6848464103696,364.3022851308097,1.0,True,False,False,False,False,False,False,0.6916012787898393,0.18068495504369608,0.12771376616646457,False,LHS-03-018,2026071901,4390e5844e6cf625e172bf7144dea896999410d37f01c7e5ed53f36df132a85e,clayton,student_t_df5,0.08429827564750904,0.944279434245697,-89.92237126038555
loss_CVaR,economic_operational_plus_CVaR,optimal,344.7545982996596,-163.62741792262472,-89.92237126038435,90.02729428521732,357.8370417588624,0.9999999999999999,False,False,False,False,False,False,False,0.6577695499989062,0.21451668383462913,0.12771376616646457,False,LHS-03-018,2026071901,4390e5844e6cf625e172bf7144dea896999410d37f01c7e5ed53f36df132a85e,clayton,student_t_df5,0.08429827564750904,0.944279434245697,-89.92237126038555
ranking_proportional_repaired,ranking,repaired,335.5876215232815,-189.60959541640065,-125.29595472733,125.38750858998529,310.75119901298854,1.0,False,False,False,False,False,False,False,0.4252761109743977,0.41731036270383504,0.15741352632176728,False,LHS-03-018,2026071902,1f9dbaa9c0b6a1e422e5f3392f1bed1f4b8f907746281e6cd937ba4f1999787a,clayton,student_t_df5,0.08429827564750904,0.944279434245697,-83.84375104155816
expected_profit,economic_plus_operational,optimal,343.9902474879493,-157.51003051346981,-75.05859019677655,75.17596417470114,364.3022851308097,1.0,True,False,False,False,False,False,False,0.6916012787898393,0.18068495504369608,0.12771376616646457,False,LHS-03-018,2026071902,1f9dbaa9c0b6a1e422e5f3392f1bed1f4b8f907746281e6cd937ba4f1999787a,clayton,student_t_df5,0.08429827564750904,0.944279434245697,-83.84375104155816
mean_variance,variance_penalty,optimal,343.9902474928295,-157.51003051561693,-75.05859019879243,75.1759641767172,364.30228513532717,1.00000000001455,True,False,False,False,False,False,False,0.6916012787960116,0.1806849550497725,0.12771376616876579,False,LHS-03-018,2026071902,1f9dbaa9c0b6a1e422e5f3392f1bed1f4b8f907746281e6cd937ba4f1999787a,clayton,student_t_df5,0.08429827564750904,0.944279434245697,-83.84375104155816
loss_CVaR,economic_operational_plus_CVaR,optimal,343.78012427393384,-164.67844458014798,-83.84375104155693,83.95882349509438,357.6236464572455,1.0,False,False,False,False,False,False,False,0.6566528817539199,0.2156333520796155,0.12771376616646457,False,LHS-03-018,2026071902,1f9dbaa9c0b6a1e422e5f3392f1bed1f4b8f907746281e6cd937ba4f1999787a,clayton,student_t_df5,0.08429827564750904,0.944279434245697,-83.84375104155816
ranking_proportional_repaired,ranking,repaired,335.2415319044459,-190.50899067181754,-120.81844232283898,120.9176504973966,310.75119901298854,1.0,False,False,False,False,False,False,False,0.4252761109743977,0.41731036270383504,0.15741352632176728,False,LHS-03-018,2026071903,9aaaf5ea20d71e13b7ef9fb05d57269e7659649bf520842e0aa95864d213a39d,clayton,student_t_df5,0.08429827564750904,0.944279434245697,-80.8576611068969
expected_profit,economic_plus_operational,optimal,343.90998807709974,-154.9285315623931,-72.38858445354448,72.50608442556,364.3022851308097,1.0,True,False,False,False,False,False,False,0.6916012787898393,0.18068495504369608,0.12771376616646457,False,LHS-03-018,2026071903,9aaaf5ea20d71e13b7ef9fb05d57269e7659649bf520842e0aa95864d213a39d,clayton,student_t_df5,0.08429827564750904,0.944279434245697,-80.8576611068969
mean_variance,variance_penalty,optimal,343.90998808615177,-154.92853156560935,-72.38858445718864,72.50608442920353,364.30228513919906,1.0000000000269937,True,False,False,False,False,False,False,0.6916012788013189,0.18068495505497267,0.1277137661707021,False,LHS-03-018,2026071903,9aaaf5ea20d71e13b7ef9fb05d57269e7659649bf520842e0aa95864d213a39d,clayton,student_t_df5,0.08429827564750904,0.944279434245697,-80.8576611068969
loss_CVaR,economic_operational_plus_CVaR,optimal,343.67179744124405,-160.30059671055793,-80.85766110689575,80.97075231954156,357.7083441467824,1.0,False,False,False,False,False,False,False,0.6570960931068077,0.21519014072672768,0.12771376616646457,False,LHS-03-018,2026071903,9aaaf5ea20d71e13b7ef9fb05d57269e7659649bf520842e0aa95864d213a39d,clayton,student_t_df5,0.08429827564750904,0.944279434245697,-80.8576611068969
ranking_proportional_repaired,ranking,repaired,335.95491519084766,-192.6156100925749,-127.56774772592792,127.66034679190102,310.75119901298854,1.0,False,False,False,False,False,False,False,0.4252761109743977,0.41731036270383504,0.15741352632176728,False,LHS-03-018,2026071904,59200df0fe02218e078fcfb938157a887d88148dd91c8f0d20e33c4418c07110,clayton,student_t_df5,0.08429827564750904,0.944279434245697,-85.67217698400594
expected_profit,economic_plus_operational,optimal,343.8601897902264,-159.78432288285788,-76.7930512699237,76.9111937261963,364.3022851308097,1.0,True,False,False,False,False,False,False,0.6916012787898393,0.18068495504369608,0.12771376616646457,False,LHS-03-018,2026071904,59200df0fe02218e078fcfb938157a887d88148dd91c8f0d20e33c4418c07110,clayton,student_t_df5,0.08429827564750904,0.944279434245697,-85.67217698400594
mean_variance,variance_penalty,optimal,343.860189791051,-159.7843228832466,-76.79305127027435,76.91119372654703,364.30228513157056,1.0000000000024518,True,False,False,False,False,False,False,0.6916012787908744,0.18068495504473076,0.12771376616684665,False,LHS-03-018,2026071904,59200df0fe02218e078fcfb938157a887d88148dd91c8f0d20e33c4418c07110,clayton,student_t_df5,0.08429827564750904,0.944279434245697,-85.67217698400594
loss_CVaR,economic_operational_plus_CVaR,optimal,343.7269819587223,-166.7380310911716,-85.67217698400485,85.78757850681471,357.68699293445184,1.0,False,False,False,False,False,False,False,0.6569843651511272,0.21530186868240817,0.12771376616646457,False,LHS-03-018,2026071904,59200df0fe02218e078fcfb938157a887d88148dd91c8f0d20e33c4418c07110,clayton,student_t_df5,0.08429827564750904,0.944279434245697,-85.67217698400594
ranking_proportional_repaired,ranking,repaired,335.1643961634608,-186.55819674495697,-121.5695410161507,121.6620557983493,310.75119901298854,1.0,False,False,False,False,False,False,False,0.4252761109743977,0.41731036270383504,0.15741352632176728,False,LHS-03-018,2026071905,c5b29af44816453776ed7233161a3d59afdeb88779dce86bb60b2870a46acd8f,clayton,student_t_df5,0.08429827564750904,0.944279434245697,-83.85793745601325
expected_profit,economic_plus_operational,optimal,344.0026390014046,-161.98803054506038,-75.86553962110239,75.98813953336213,364.3022851308097,1.0,True,False,False,False,False,False,False,0.6916012787898393,0.18068495504369608,0.12771376616646457,False,LHS-03-018,2026071905,c5b29af44816453776ed7233161a3d59afdeb88779dce86bb60b2870a46acd8f,clayton,student_t_df5,0.08429827564750904,0.944279434245697,-83.85793745601325
mean_variance,variance_penalty,optimal,344.0026390087233,-161.98803054934703,-75.86553962406671,75.98813953632836,364.3022851375977,1.000000000021833,True,False,False,False,False,False,False,0.69160127879914,0.18068495505279603,0.12771376616989688,False,LHS-03-018,2026071905,c5b29af44816453776ed7233161a3d59afdeb88779dce86bb60b2870a46acd8f,clayton,student_t_df5,0.08429827564750904,0.944279434245697,-83.85793745601325
loss_CVaR,economic_operational_plus_CVaR,optimal,343.7470948853735,-167.14743583350926,-83.85793745601208,83.97650445382752,357.8932794808803,1.0,False,False,False,False,False,False,False,0.6580638342585498,0.21422239957498565,0.12771376616646457,False,LHS-03-018,2026071905,c5b29af44816453776ed7233161a3d59afdeb88779dce86bb60b2870a46acd8f,clayton,student_t_df5,0.08429827564750904,0.944279434245697,-83.85793745601325
ranking_proportional_repaired,ranking,repaired,334.28456193329066,-166.92812305952344,-147.05952097509615,147.06377501893667,310.75119901298854,1.0,True,False,False,False,False,False,False,0.4252761109743977,0.41731036270383504,0.15741352632176728,False,LHS-03-019,2026071901,23f45550ef95496981bed473d85fa9b6654b2abcf4ca0cf7198e70ef56d4af57,clayton,empirical_resample,0.5223345047014919,0.9173177068031317,-151.47377504287368
expected_profit,economic_plus_operational,optimal,361.7752972209237,-173.649025627562,-152.83485818228598,152.83931468005267,351.89300335789346,1.0,False,False,False,False,False,False,False,0.5862794340890702,0.3722961864774783,0.04142437943345146,False,LHS-03-019,2026071901,23f45550ef95496981bed473d85fa9b6654b2abcf4ca0cf7198e70ef56d4af57,clayton,empirical_resample,0.5223345047014919,0.9173177068031317,-151.47377504287368
mean_variance,variance_penalty,optimal,361.7752972238777,-173.6490256289812,-152.8348581835872,152.83931468135387,351.8930033606382,1.0000000000088352,False,False,False,False,False,False,False,0.5862794340928223,0.37229618648117324,0.04142437943483957,False,LHS-03-019,2026071901,23f45550ef95496981bed473d85fa9b6654b2abcf4ca0cf7198e70ef56d4af57,clayton,empirical_resample,0.5223345047014919,0.9173177068031317,-151.47377504287368
loss_CVaR,economic_operational_plus_CVaR,optimal,361.7752972209237,-173.649025627562,-152.83485818228598,152.83931468005267,351.89300335789346,1.0,False,False,False,False,False,False,False,0.5862794340890702,0.3722961864774783,0.04142437943345146,False,LHS-03-019,2026071901,23f45550ef95496981bed473d85fa9b6654b2abcf4ca0cf7198e70ef56d4af57,clayton,empirical_resample,0.5223345047014919,0.9173177068031317,-151.47377504287368
ranking_proportional_repaired,ranking,repaired,336.40836316247453,-168.55700471682377,-147.9969603853188,148.001362473074,310.75119901298854,1.0,True,False,False,False,False,False,False,0.4252761109743977,0.41731036270383504,0.15741352632176728,False,LHS-03-019,2026071902,0596c3d0c35f87600da04b5856a0b59a3b6cd718f1f37c21c446955e5fbc720b,clayton,empirical_resample,0.5223345047014919,0.9173177068031317,-152.46230985912902
expected_profit,economic_plus_operational,optimal,364.64580491476187,-176.57412282958992,-153.83914766390146,153.84401542362895,351.89300335789346,1.0,False,False,False,False,False,False,False,0.5862794340890702,0.3722961864774783,0.04142437943345146,False,LHS-03-019,2026071902,0596c3d0c35f87600da04b5856a0b59a3b6cd718f1f37c21c446955e5fbc720b,clayton,empirical_resample,0.5223345047014919,0.9173177068031317,-152.46230985912902
mean_variance,variance_penalty,optimal,364.64580491476187,-176.57412282958992,-153.83914766390146,153.84401542362895,351.89300335789346,1.0,False,False,False,False,False,False,False,0.5862794340890702,0.3722961864774783,0.04142437943345146,False,LHS-03-019,2026071902,0596c3d0c35f87600da04b5856a0b59a3b6cd718f1f37c21c446955e5fbc720b,clayton,empirical_resample,0.5223345047014919,0.9173177068031317,-152.46230985912902
loss_CVaR,economic_operational_plus_CVaR,optimal,364.64580491476187,-176.57412282958992,-153.83914766390146,153.84401542362895,351.89300335789346,1.0,False,False,False,False,False,False,False,0.5862794340890702,0.3722961864774783,0.04142437943345146,False,LHS-03-019,2026071902,0596c3d0c35f87600da04b5856a0b59a3b6cd718f1f37c21c446955e5fbc720b,clayton,empirical_resample,0.5223345047014919,0.9173177068031317,-152.46230985912902
ranking_proportional_repaired,ranking,repaired,335.0344893677349,-170.48662474334392,-148.5483672173631,148.5530643927811,310.75119901298854,1.0,True,False,False,False,False,False,False,0.4252761109743977,0.41731036270383504,0.15741352632176728,False,LHS-03-019,2026071903,ab1516365b32a25494d39d0405f15b1bdd597826559b8233abaa21922eaa2010,clayton,empirical_resample,0.5223345047014919,0.9173177068031317,-153.03301368329764
expected_profit,economic_plus_operational,optimal,362.78664994118697,-178.35047182204747,-154.4158014878251,154.4209261129234,351.89300335789346,1.0,False,False,False,False,False,False,False,0.5862794340890702,0.3722961864774783,0.04142437943345146,False,LHS-03-019,2026071903,ab1516365b32a25494d39d0405f15b1bdd597826559b8233abaa21922eaa2010,clayton,empirical_resample,0.5223345047014919,0.9173177068031317,-153.03301368329764
mean_variance,variance_penalty,optimal,362.78664994236055,-178.35047182265725,-154.41580148834657,154.42092611344495,351.89300335898054,1.0000000000035025,False,False,False,False,False,False,False,0.5862794340905526,0.3722961864789476,0.04142437943400243,False,LHS-03-019,2026071903,ab1516365b32a25494d39d0405f15b1bdd597826559b8233abaa21922eaa2010,clayton,empirical_resample,0.5223345047014919,0.9173177068031317,-153.03301368329764
loss_CVaR,economic_operational_plus_CVaR,optimal,362.78664994118697,-178.35047182204747,-154.4158014878251,154.4209261129234,351.89300335789346,1.0,False,False,False,False,False,False,False,0.5862794340890702,0.3722961864774783,0.04142437943345146,False,LHS-03-019,2026071903,ab1516365b32a25494d39d0405f15b1bdd597826559b8233abaa21922eaa2010,clayton,empirical_resample,0.5223345047014919,0.9173177068031317,-153.03301368329764
ranking_proportional_repaired,ranking,repaired,335.55190920484876,-168.9271730837683,-147.7143951593418,147.7189370031457,310.75119901298854,1.0,True,False,False,False,False,False,False,0.4252761109743977,0.41731036270383504,0.15741352632176728,False,LHS-03-019,2026071904,400452433a5b6517d03226432f68d83a83a2c7d6ada06320c84df3d14f5c0d09,clayton,empirical_resample,0.5223345047014919,0.9173177068031317,-152.22431981718665
expected_profit,economic_plus_operational,optimal,363.4555674584833,-175.9200312896321,-153.61490185382573,153.61967757977186,351.89300335789346,1.0,False,False,False,False,False,False,False,0.5862794340890702,0.3722961864774783,0.04142437943345146,False,LHS-03-019,2026071904,400452433a5b6517d03226432f68d83a83a2c7d6ada06320c84df3d14f5c0d09,clayton,empirical_resample,0.5223345047014919,0.9173177068031317,-152.22431981718665
mean_variance,variance_penalty,optimal,363.4555674584833,-175.9200312896321,-153.61490185382573,153.61967757977186,351.89300335789346,1.0,False,False,False,False,False,False,False,0.5862794340890702,0.3722961864774783,0.04142437943345146,False,LHS-03-019,2026071904,400452433a5b6517d03226432f68d83a83a2c7d6ada06320c84df3d14f5c0d09,clayton,empirical_resample,0.5223345047014919,0.9173177068031317,-152.22431981718665
loss_CVaR,economic_operational_plus_CVaR,optimal,363.4555674584833,-175.9200312896321,-153.61490185382573,153.61967757977186,351.89300335789346,1.0,False,False,False,False,False,False,False,0.5862794340890702,0.3722961864774783,0.04142437943345146,False,LHS-03-019,2026071904,400452433a5b6517d03226432f68d83a83a2c7d6ada06320c84df3d14f5c0d09,clayton,empirical_resample,0.5223345047014919,0.9173177068031317,-152.22431981718665
ranking_proportional_repaired,ranking,repaired,335.2172067664378,-169.14203982678725,-148.07427189168223,148.07878268756193,310.75119901298854,1.0,True,False,False,False,False,False,False,0.4252761109743977,0.41731036270383504,0.15741352632176728,False,LHS-03-019,2026071905,1c25e0c6c04177ce692c37a16c9e246f16110175ee867bb28915534453a9a17e,clayton,empirical_resample,0.5223345047014919,0.9173177068031317,-152.5043468901366
expected_profit,economic_plus_operational,optimal,362.88667671774385,-177.43764980162612,-153.87030822678523,153.8753542035398,351.89300335789346,1.0,False,False,False,False,False,False,False,0.5862794340890702,0.3722961864774783,0.04142437943345146,False,LHS-03-019,2026071905,1c25e0c6c04177ce692c37a16c9e246f16110175ee867bb28915534453a9a17e,clayton,empirical_resample,0.5223345047014919,0.9173177068031317,-152.5043468901366
mean_variance,variance_penalty,optimal,362.88667671774385,-177.43764980162612,-153.87030822678523,153.8753542035398,351.89300335789346,1.0,False,False,False,False,False,False,False,0.5862794340890702,0.3722961864774783,0.04142437943345146,False,LHS-03-019,2026071905,1c25e0c6c04177ce692c37a16c9e246f16110175ee867bb28915534453a9a17e,clayton,empirical_resample,0.5223345047014919,0.9173177068031317,-152.5043468901366
loss_CVaR,economic_operational_plus_CVaR,optimal,362.88667671774385,-177.43764980162612,-153.87030822678523,153.8753542035398,351.89300335789346,1.0,False,False,False,False,False,False,False,0.5862794340890702,0.3722961864774783,0.04142437943345146,False,LHS-03-019,2026071905,1c25e0c6c04177ce692c37a16c9e246f16110175ee867bb28915534453a9a17e,clayton,empirical_resample,0.5223345047014919,0.9173177068031317,-152.5043468901366
ranking_proportional_repaired,ranking,repaired,335.3798817535267,-125.27860797523483,-73.45830519846004,73.53176678762249,310.75119901298854,1.0,True,False,False,False,False,False,False,0.4252761109743977,0.41731036270383504,0.15741352632176728,False,LHS-03-020,2026071901,42628d1fda6a490e6aab8c3d23a8b661c17b772a0161dabc600e6233b3d3fcca,clayton,gaussian,0.4365551882388344,0.9508697469909113,-74.67239661469863
expected_profit,economic_plus_operational,optimal,355.0259912558093,-137.90820803436813,-84.55413338668498,84.62976928423646,315.13231336179246,0.9999999999999999,False,False,False,False,False,False,False,0.40807616484801007,0.5202440303592542,0.07167980479273571,True,LHS-03-020,2026071901,42628d1fda6a490e6aab8c3d23a8b661c17b772a0161dabc600e6233b3d3fcca,clayton,gaussian,0.4365551882388344,0.9508697469909113,-74.67239661469863
mean_variance,variance_penalty,optimal,355.025991257822,-137.90820803512898,-84.5541333871277,84.62976928467967,315.1323133636548,1.0000000000059979,False,False,False,False,False,False,False,0.40807616485055076,0.5202440303617724,0.07167980479367475,True,LHS-03-020,2026071901,42628d1fda6a490e6aab8c3d23a8b661c17b772a0161dabc600e6233b3d3fcca,clayton,gaussian,0.4365551882388344,0.9508697469909113,-74.67239661469863
loss_CVaR,economic_operational_plus_CVaR,optimal,355.0259912558093,-137.90820803436813,-84.55413338668498,84.62976928423646,315.13231336179246,0.9999999999999999,False,False,False,False,False,False,False,0.40807616484801007,0.5202440303592542,0.07167980479273571,True,LHS-03-020,2026071901,42628d1fda6a490e6aab8c3d23a8b661c17b772a0161dabc600e6233b3d3fcca,clayton,gaussian,0.4365551882388344,0.9508697469909113,-74.67239661469863
ranking_proportional_repaired,ranking,repaired,336.3559499532125,-128.20696460901368,-75.3466235506283,75.42155952069675,310.75119901298854,1.0,True,False,False,False,False,False,False,0.4252761109743977,0.41731036270383504,0.15741352632176728,False,LHS-03-020,2026071902,631472d342de8d1f4fb34a1d8487891ffb887c44558a4c94beb5f3cd09c32e5f,clayton,gaussian,0.4365551882388344,0.9508697469909113,-76.54459290508939
expected_profit,economic_plus_operational,optimal,356.09357869764733,-140.4674378493292,-86.29510893984286,86.37190481244642,315.13231336179246,0.9999999999999999,False,False,False,False,False,False,False,0.40807616484801007,0.5202440303592542,0.07167980479273571,True,LHS-03-020,2026071902,631472d342de8d1f4fb34a1d8487891ffb887c44558a4c94beb5f3cd09c32e5f,clayton,gaussian,0.4365551882388344,0.9508697469909113,-76.54459290508939
mean_variance,variance_penalty,optimal,356.09357869764733,-140.4674378493292,-86.29510893984286,86.37190481244642,315.13231336179246,0.9999999999999999,False,False,False,False,False,False,False,0.40807616484801007,0.5202440303592542,0.07167980479273571,True,LHS-03-020,2026071902,631472d342de8d1f4fb34a1d8487891ffb887c44558a4c94beb5f3cd09c32e5f,clayton,gaussian,0.4365551882388344,0.9508697469909113,-76.54459290508939
loss_CVaR,economic_operational_plus_CVaR,optimal,356.09357869764733,-140.4674378493292,-86.29510893984286,86.37190481244642,315.13231336179246,0.9999999999999999,False,False,False,False,False,False,False,0.40807616484801007,0.5202440303592542,0.07167980479273571,True,LHS-03-020,2026071902,631472d342de8d1f4fb34a1d8487891ffb887c44558a4c94beb5f3cd09c32e5f,clayton,gaussian,0.4365551882388344,0.9508697469909113,-76.54459290508939
ranking_proportional_repaired,ranking,repaired,336.2394443976432,-133.24385458855798,-79.80231520039281,79.87807508986423,310.75119901298854,1.0,True,False,False,False,False,False,False,0.4252761109743977,0.41731036270383504,0.15741352632176728,False,LHS-03-020,2026071903,37abeda42f2cb670dbfc60c3973350aa32dff6159b98173023f128e372c0a716,clayton,gaussian,0.4365551882388344,0.9508697469909113,-80.98388076382565
expected_profit,economic_plus_operational,optimal,355.82620791817106,-147.0512621106982,-90.60088300971954,90.68090829585968,315.13231336179246,0.9999999999999999,False,False,False,False,False,False,False,0.40807616484801007,0.5202440303592542,0.07167980479273571,True,LHS-03-020,2026071903,37abeda42f2cb670dbfc60c3973350aa32dff6159b98173023f128e372c0a716,clayton,gaussian,0.4365551882388344,0.9508697469909113,-80.98388076382565
mean_variance,variance_penalty,optimal,355.82620792109606,-147.05126211187303,-90.6008830104135,90.68090829655434,315.1323133644989,1.0000000000087013,False,False,False,False,False,False,False,0.40807616485172526,0.5202440303628667,0.07167980479410939,True,LHS-03-020,2026071903,37abeda42f2cb670dbfc60c3973350aa32dff6159b98173023f128e372c0a716,clayton,gaussian,0.4365551882388344,0.9508697469909113,-80.98388076382565
loss_CVaR,economic_operational_plus_CVaR,optimal,355.82620791817106,-147.0512621106982,-90.60088300971954,90.68090829585968,315.13231336179246,0.9999999999999999,False,False,False,False,False,False,False,0.40807616484801007,0.5202440303592542,0.07167980479273571,True,LHS-03-020,2026071903,37abeda42f2cb670dbfc60c3973350aa32dff6159b98173023f128e372c0a716,clayton,gaussian,0.4365551882388344,0.9508697469909113,-80.98388076382565
ranking_proportional_repaired,ranking,repaired,336.4184089713211,-128.97275240379355,-73.5024948042239,73.58113064878987,310.75119901298854,1.0,True,False,False,False,False,False,False,0.4252761109743977,0.41731036270383504,0.15741352632176728,False,LHS-03-020,2026071904,b5c9a30baa357fdce0054e1eb24d2f32637c791cee839e3eae655e099f6c2529,clayton,gaussian,0.4365551882388344,0.9508697469909113,-74.67832737619109
expected_profit,economic_plus_operational,optimal,356.01043673850995,-141.9807524894738,-84.2486676394519,84.33050989956016,315.13231336179246,0.9999999999999999,False,False,False,False,False,False,False,0.40807616484801007,0.5202440303592542,0.07167980479273571,True,LHS-03-020,2026071904,b5c9a30baa357fdce0054e1eb24d2f32637c791cee839e3eae655e099f6c2529,clayton,gaussian,0.4365551882388344,0.9508697469909113,-74.67832737619109
mean_variance,variance_penalty,optimal,356.01043674322375,-141.98075249130613,-84.248667640492,84.33050990060138,315.13231336613086,1.0000000000140055,False,False,False,False,False,False,False,0.4080761648538885,0.5202440303651886,0.07167980479492825,True,LHS-03-020,2026071904,b5c9a30baa357fdce0054e1eb24d2f32637c791cee839e3eae655e099f6c2529,clayton,gaussian,0.4365551882388344,0.9508697469909113,-74.67832737619109
loss_CVaR,economic_operational_plus_CVaR,optimal,356.01043673850995,-141.9807524894738,-84.2486676394519,84.33050989956016,315.13231336179246,0.9999999999999999,False,False,False,False,False,False,False,0.40807616484801007,0.5202440303592542,0.07167980479273571,True,LHS-03-020,2026071904,b5c9a30baa357fdce0054e1eb24d2f32637c791cee839e3eae655e099f6c2529,clayton,gaussian,0.4365551882388344,0.9508697469909113,-74.67832737619109
ranking_proportional_repaired,ranking,repaired,336.49440627479174,-132.00106001069892,-76.18307317684786,76.26220196994518,310.75119901298854,1.0,True,False,False,False,False,False,False,0.4252761109743977,0.41731036270383504,0.15741352632176728,False,LHS-03-020,2026071905,b8e2cb31a1110cad43200f3ce53bce2836728a7f5c28e4b610e8c2979fdae093,clayton,gaussian,0.4365551882388344,0.9508697469909113,-77.37177027786763
expected_profit,economic_plus_operational,optimal,356.1375721968393,-143.88112813797434,-87.04681755749709,87.12738711325945,315.13231336179246,0.9999999999999999,False,False,False,False,False,False,False,0.40807616484801007,0.5202440303592542,0.07167980479273571,True,LHS-03-020,2026071905,b8e2cb31a1110cad43200f3ce53bce2836728a7f5c28e4b610e8c2979fdae093,clayton,gaussian,0.4365551882388344,0.9508697469909113,-77.37177027786763
mean_variance,variance_penalty,optimal,356.1375721968393,-143.88112813797434,-87.04681755749709,87.12738711325945,315.13231336179246,0.9999999999999999,False,False,False,False,False,False,False,0.40807616484801007,0.5202440303592542,0.07167980479273571,True,LHS-03-020,2026071905,b8e2cb31a1110cad43200f3ce53bce2836728a7f5c28e4b610e8c2979fdae093,clayton,gaussian,0.4365551882388344,0.9508697469909113,-77.37177027786763
loss_CVaR,economic_operational_plus_CVaR,optimal,356.1375721968393,-143.88112813797434,-87.04681755749709,87.12738711325945,315.13231336179246,0.9999999999999999,False,False,False,False,False,False,False,0.40807616484801007,0.5202440303592542,0.07167980479273571,True,LHS-03-020,2026071905,b8e2cb31a1110cad43200f3ce53bce2836728a7f5c28e4b610e8c2979fdae093,clayton,gaussian,0.4365551882388344,0.9508697469909113,-77.37177027786763
ranking_proportional_repaired,ranking,repaired,335.43901060953243,-46.02666752729729,48.370906818310644,-47.95288731305099,310.75119901298854,1.0,False,False,False,False,False,False,False,0.4252761109743977,0.41731036270383504,0.15741352632176728,False,LHS-03-021,2026071901,018009b88da87f448fc19c2af56c50e803d3363ac221ff873464dde86ed56c1b,clayton,student_t_df5,0.5469445661896135,0.983772181070149,48.7600511927885
expected_profit,economic_plus_operational,optimal,368.5603557608147,-52.97340778803303,49.052701874480746,-48.600901029169336,334.2299901952606,1.0,True,False,False,False,False,False,False,0.4815999043707263,0.5031524264657539,0.015247669163519804,True,LHS-03-021,2026071901,018009b88da87f448fc19c2af56c50e803d3363ac221ff873464dde86ed56c1b,clayton,student_t_df5,0.5469445661896135,0.983772181070149,48.7600511927885
mean_variance,variance_penalty,optimal,368.56035576440536,-52.973407788442884,49.052701874997254,-48.600901029681765,334.22999019858605,1.0000000000106986,True,False,False,False,False,False,False,0.4815999043752767,0.5031524264702262,0.015247669165195656,True,LHS-03-021,2026071901,018009b88da87f448fc19c2af56c50e803d3363ac221ff873464dde86ed56c1b,clayton,student_t_df5,0.5469445661896135,0.983772181070149,48.7600511927885
loss_CVaR,economic_operational_plus_CVaR,optimal,368.549089303411,-53.20897433138448,48.760051192788254,-48.308503132396716,333.8615472305964,0.9999999999999998,False,False,False,False,False,False,False,0.4796718930433369,0.505080437793143,0.015247669163519804,True,LHS-03-021,2026071901,018009b88da87f448fc19c2af56c50e803d3363ac221ff873464dde86ed56c1b,clayton,student_t_df5,0.5469445661896135,0.983772181070149,48.7600511927885
ranking_proportional_repaired,ranking,repaired,336.5127214244997,-48.165613931635384,53.20118781769089,-52.75230657671883,310.75119901298854,1.0,False,False,False,False,False,False,False,0.4252761109743977,0.41731036270383504,0.15741352632176728,False,LHS-03-021,2026071902,3ddf975b7474f6117ccc397dc87ad22987e0ea0237536792df9db911b98a465a,clayton,student_t_df5,0.5469445661896135,0.983772181070149,53.49368115340433
expected_profit,economic_plus_operational,optimal,369.5247153749181,-55.39202327082494,53.713646748954396,-53.230495582000565,334.2299901952606,1.0,True,False,False,False,False,False,False,0.4815999043707263,0.5031524264657539,0.015247669163519804,True,LHS-03-021,2026071902,3ddf975b7474f6117ccc397dc87ad22987e0ea0237536792df9db911b98a465a,clayton,student_t_df5,0.5469445661896135,0.983772181070149,53.49368115340433
mean_variance,variance_penalty,optimal,369.5247153751307,-55.392023270856996,53.71364674898754,-53.230495582033406,334.22999019545637,1.0000000000006313,True,False,False,False,False,False,False,0.48159990437099254,0.5031524264660202,0.015247669163618503,True,LHS-03-021,2026071902,3ddf975b7474f6117ccc397dc87ad22987e0ea0237536792df9db911b98a465a,clayton,student_t_df5,0.5469445661896135,0.983772181070149,53.49368115340433
loss_CVaR,economic_operational_plus_CVaR,optimal,369.5137542747791,-55.6064426016285,53.49368115340414,-53.01055454689968,333.95710940287813,1.0,False,False,False,False,False,False,False,0.48017195673921137,0.504580374097269,0.015247669163519804,True,LHS-03-021,2026071902,3ddf975b7474f6117ccc397dc87ad22987e0ea0237536792df9db911b98a465a,clayton,student_t_df5,0.5469445661896135,0.983772181070149,53.49368115340433
ranking_proportional_repaired,ranking,repaired,336.32719555010146,-49.62256650877896,31.477104135896255,-31.117971558236054,310.75119901298854,1.0,True,False,False,False,False,False,False,0.4252761109743977,0.41731036270383504,0.15741352632176728,False,LHS-03-021,2026071903,acb54235368b9d8f91f9cdfd2e858fa50392ee1c609fc565755e2af817da678d,clayton,student_t_df5,0.5469445661896135,0.983772181070149,30.804760175000506
expected_profit,economic_plus_operational,optimal,369.46218370523036,-58.3609109482141,29.910728872616986,-29.51983676058804,334.2299901952606,1.0,False,False,False,False,False,False,False,0.4815999043707263,0.5031524264657539,0.015247669163519804,True,LHS-03-021,2026071903,acb54235368b9d8f91f9cdfd2e858fa50392ee1c609fc565755e2af817da678d,clayton,student_t_df5,0.5469445661896135,0.983772181070149,30.804760175000506
mean_variance,variance_penalty,optimal,369.46218370523036,-58.3609109482141,29.910728872616986,-29.51983676058804,334.2299901952606,1.0,False,False,False,False,False,False,False,0.4815999043707263,0.5031524264657539,0.015247669163519804,True,LHS-03-021,2026071903,acb54235368b9d8f91f9cdfd2e858fa50392ee1c609fc565755e2af817da678d,clayton,student_t_df5,0.5469445661896135,0.983772181070149,30.804760175000506
loss_CVaR,economic_operational_plus_CVaR,optimal,369.46218370523036,-58.3609109482141,29.910728872616986,-29.51983676058804,334.2299901952606,1.0,False,False,False,False,False,False,False,0.4815999043707263,0.5031524264657539,0.015247669163519804,True,LHS-03-021,2026071903,acb54235368b9d8f91f9cdfd2e858fa50392ee1c609fc565755e2af817da678d,clayton,student_t_df5,0.5469445661896135,0.983772181070149,30.804760175000506
ranking_proportional_repaired,ranking,repaired,335.5876939680606,-45.78008131721476,73.89177014091425,-73.36182889521143,310.75119901298854,1.0,False,False,False,False,False,False,False,0.4252761109743977,0.41731036270383504,0.15741352632176728,False,LHS-03-021,2026071904,ed963adc5128154cf7da46b1dfbef52e2e6ffbb8f534fe1101fcddbf2cad2e16,clayton,student_t_df5,0.5469445661896135,0.983772181070149,75.34118889436108
expected_profit,economic_plus_operational,optimal,368.6717838864778,-53.19541985878976,76.43120435924575,-75.85718052759812,334.2299901952606,1.0,True,False,False,False,False,False,False,0.4815999043707263,0.5031524264657539,0.015247669163519804,True,LHS-03-021,2026071904,ed963adc5128154cf7da46b1dfbef52e2e6ffbb8f534fe1101fcddbf2cad2e16,clayton,student_t_df5,0.5469445661896135,0.983772181070149,75.34118889436108
mean_variance,variance_penalty,optimal,368.67178388805473,-53.1954198590005,76.43120435959105,-75.85718052794101,334.2299901967191,1.0000000000047,True,False,False,False,False,False,False,0.481599904372715,0.5031524264677243,0.015247669164260676,True,LHS-03-021,2026071904,ed963adc5128154cf7da46b1dfbef52e2e6ffbb8f534fe1101fcddbf2cad2e16,clayton,student_t_df5,0.5469445661896135,0.983772181070149,75.34118889436108
loss_CVaR,economic_operational_plus_CVaR,optimal,368.6375691459714,-53.47868199611538,75.34118889436087,-74.77073759759236,332.84062603099864,0.9999999999999999,False,False,False,False,False,False,False,0.4743295529093872,0.5104227779270929,0.015247669163519804,True,LHS-03-021,2026071904,ed963adc5128154cf7da46b1dfbef52e2e6ffbb8f534fe1101fcddbf2cad2e16,clayton,student_t_df5,0.5469445661896135,0.983772181070149,75.34118889436108
ranking_proportional_repaired,ranking,repaired,336.4792119930358,-43.54242864484019,56.45146864386344,-56.00866701719693,310.75119901298854,1.0,False,False,False,False,False,False,False,0.4252761109743977,0.41731036270383504,0.15741352632176728,False,LHS-03-021,2026071905,700c46fd499bce39410180cf573ff4b2c079cf5dbc5146af55a0a9d6a3cdf32c,clayton,student_t_df5,0.5469445661896135,0.983772181070149,57.07085387197729
expected_profit,economic_plus_operational,optimal,369.6392902044243,-51.0198993939836,57.53665402514881,-57.05593450383123,334.2299901952606,1.0,True,False,False,False,False,False,False,0.4815999043707263,0.5031524264657539,0.015247669163519804,True,LHS-03-021,2026071905,700c46fd499bce39410180cf573ff4b2c079cf5dbc5146af55a0a9d6a3cdf32c,clayton,student_t_df5,0.5469445661896135,0.983772181070149,57.07085387197729
mean_variance,variance_penalty,optimal,369.6392902054148,-51.01989939410924,57.536654025314924,-57.05593450399608,334.2299901961754,1.0000000000029434,True,False,False,False,False,False,False,0.48159990437197825,0.5031524264669824,0.01524766916398278,True,LHS-03-021,2026071905,700c46fd499bce39410180cf573ff4b2c079cf5dbc5146af55a0a9d6a3cdf32c,clayton,student_t_df5,0.5469445661896135,0.983772181070149,57.07085387197729
loss_CVaR,economic_operational_plus_CVaR,optimal,369.61499274430776,-51.432397715370485,57.07085387197702,-56.59037038644224,333.6112440111813,1.0000000000000007,False,False,False,False,False,False,False,0.4783620907439369,0.5063902400925441,0.015247669163519804,True,LHS-03-021,2026071905,700c46fd499bce39410180cf573ff4b2c079cf5dbc5146af55a0a9d6a3cdf32c,clayton,student_t_df5,0.5469445661896135,0.983772181070149,57.07085387197729
ranking_proportional_repaired,ranking,repaired,333.23148866734107,-193.0215022223304,-162.8010259816063,162.81348407483756,310.75119901298854,1.0,False,False,False,False,False,False,False,0.4252761109743977,0.41731036270383504,0.15741352632176728,False,LHS-03-022,2026071901,77fe8c976e5d52e4bed7bbf205bdc70d22de7bfb14d8a9fe484df0cb5dfc17db,clayton,empirical_resample,0.2527811591258751,0.9085377199724313,-149.91721132696097
expected_profit,economic_plus_operational,optimal,364.71648803636543,-169.25341592153953,-144.516276465498,144.52647410722818,405.50961451261753,1.0,True,False,False,False,False,False,False,0.8630377455176748,0.10367850385833055,0.03328375062399464,False,LHS-03-022,2026071901,77fe8c976e5d52e4bed7bbf205bdc70d22de7bfb14d8a9fe484df0cb5dfc17db,clayton,empirical_resample,0.2527811591258751,0.9085377199724313,-149.91721132696097
mean_variance,variance_penalty,optimal,364.71648804455447,-169.25341592551885,-144.51627646971616,144.5264741114462,405.509614520249,1.0000000000245644,True,False,False,False,False,False,False,0.8630377455281036,0.10367850386861475,0.033283750627845894,False,LHS-03-022,2026071901,77fe8c976e5d52e4bed7bbf205bdc70d22de7bfb14d8a9fe484df0cb5dfc17db,clayton,empirical_resample,0.2527811591258751,0.9085377199724313,-149.91721132696097
loss_CVaR,economic_operational_plus_CVaR,optimal,364.3281465797108,-177.73001266140497,-149.91721132695884,149.92867687995962,395.0998900293105,1.0,False,False,False,False,False,False,False,0.808565089927371,0.1581511594486343,0.03328375062399464,False,LHS-03-022,2026071901,77fe8c976e5d52e4bed7bbf205bdc70d22de7bfb14d8a9fe484df0cb5dfc17db,clayton,empirical_resample,0.2527811591258751,0.9085377199724313,-149.91721132696097
ranking_proportional_repaired,ranking,repaired,335.3037760375404,-194.8260502022843,-164.20489238909676,164.2175156593539,310.75119901298854,1.0,False,False,False,False,False,False,False,0.4252761109743977,0.41731036270383504,0.15741352632176728,False,LHS-03-022,2026071902,68e64053c2da9faec756d903e490ea8436488cbc53771721973a8b390699c153,clayton,empirical_resample,0.2527811591258751,0.9085377199724313,-150.91404623792016
expected_profit,economic_plus_operational,optimal,365.8328548005641,-173.14653363733612,-145.34248251705057,145.35394446286188,405.50961451261753,1.0,True,False,False,False,False,False,False,0.8630377455176748,0.10367850385833055,0.03328375062399464,False,LHS-03-022,2026071902,68e64053c2da9faec756d903e490ea8436488cbc53771721973a8b390699c153,clayton,empirical_resample,0.2527811591258751,0.9085377199724313,-150.91404623792016
mean_variance,variance_penalty,optimal,365.8328548005641,-173.14653363733612,-145.34248251705057,145.35394446286188,405.50961451261753,1.0,True,False,False,False,False,False,False,0.8630377455176748,0.10367850385833055,0.03328375062399464,False,LHS-03-022,2026071902,68e64053c2da9faec756d903e490ea8436488cbc53771721973a8b390699c153,clayton,empirical_resample,0.2527811591258751,0.9085377199724313,-150.91404623792016
loss_CVaR,economic_operational_plus_CVaR,optimal,365.62989762592974,-181.57165563160606,-150.91404623791837,150.92668453498,395.1611517671213,0.9999999999999999,False,False,False,False,False,False,False,0.8088856641702322,0.157830585205773,0.03328375062399464,False,LHS-03-022,2026071902,68e64053c2da9faec756d903e490ea8436488cbc53771721973a8b390699c153,clayton,empirical_resample,0.2527811591258751,0.9085377199724313,-150.91404623792016
ranking_proportional_repaired,ranking,repaired,334.2119437859625,-197.30443295228838,-166.30323571870974,166.31601565646915,310.75119901298854,1.0,False,False,False,False,False,False,False,0.4252761109743977,0.41731036270383504,0.15741352632176728,False,LHS-03-022,2026071903,190798018cd57333cb0c5b1a1b2ef6a20922dd0bfde689b836cca49d96a08bcf,clayton,empirical_resample,0.2527811591258751,0.9085377199724313,-152.32935691554383
expected_profit,economic_plus_operational,optimal,365.77030108096716,-171.9731378186014,-146.471463799186,146.48197661274847,405.50961451261753,1.0,True,False,False,False,False,False,False,0.8630377455176748,0.10367850385833055,0.03328375062399464,False,LHS-03-022,2026071903,190798018cd57333cb0c5b1a1b2ef6a20922dd0bfde689b836cca49d96a08bcf,clayton,empirical_resample,0.2527811591258751,0.9085377199724313,-152.32935691554383
mean_variance,variance_penalty,optimal,365.77030108096716,-171.9731378186014,-146.471463799186,146.48197661274847,405.50961451261753,1.0,True,False,False,False,False,False,False,0.8630377455176748,0.10367850385833055,0.03328375062399464,False,LHS-03-022,2026071903,190798018cd57333cb0c5b1a1b2ef6a20922dd0bfde689b836cca49d96a08bcf,clayton,empirical_resample,0.2527811591258751,0.9085377199724313,-152.32935691554383
loss_CVaR,economic_operational_plus_CVaR,optimal,365.3859386669151,-181.2644583700832,-152.32935691554167,152.34128512569643,395.0883741318901,1.0,False,False,False,False,False,False,False,0.808504828821037,0.15821142055496834,0.03328375062399464,False,LHS-03-022,2026071903,190798018cd57333cb0c5b1a1b2ef6a20922dd0bfde689b836cca49d96a08bcf,clayton,empirical_resample,0.2527811591258751,0.9085377199724313,-152.32935691554383
ranking_proportional_repaired,ranking,repaired,335.3146232432689,-197.68535420604172,-166.1545893099594,166.16758755676395,310.75119901298854,1.0,False,False,False,False,False,False,False,0.4252761109743977,0.41731036270383504,0.15741352632176728,False,LHS-03-022,2026071904,3e2f1d5ef0a255ec5af2dafe4a44348e455fcb83a425fcf6de2733fe7976c2b8,clayton,empirical_resample,0.2527811591258751,0.9085377199724313,-152.98161331442046
expected_profit,economic_plus_operational,optimal,367.12276190139477,-174.3407258053377,-147.45946112653033,147.47054266273364,405.50961451261753,1.0,True,False,False,False,False,False,False,0.8630377455176748,0.10367850385833055,0.03328375062399464,False,LHS-03-022,2026071904,3e2f1d5ef0a255ec5af2dafe4a44348e455fcb83a425fcf6de2733fe7976c2b8,clayton,empirical_resample,0.2527811591258751,0.9085377199724313,-152.98161331442046
mean_variance,variance_penalty,optimal,367.12276190139477,-174.3407258053377,-147.45946112653033,147.47054266273364,405.50961451261753,1.0,True,False,False,False,False,False,False,0.8630377455176748,0.10367850385833055,0.03328375062399464,False,LHS-03-022,2026071904,3e2f1d5ef0a255ec5af2dafe4a44348e455fcb83a425fcf6de2733fe7976c2b8,clayton,empirical_resample,0.2527811591258751,0.9085377199724313,-152.98161331442046
loss_CVaR,economic_operational_plus_CVaR,optimal,366.74567735710656,-182.0715376957328,-152.98161331441852,152.99360534879767,395.4313776943928,1.0,False,False,False,False,False,False,False,0.810299719257995,0.15641653011801027,0.03328375062399464,False,LHS-03-022,2026071904,3e2f1d5ef0a255ec5af2dafe4a44348e455fcb83a425fcf6de2733fe7976c2b8,clayton,empirical_resample,0.2527811591258751,0.9085377199724313,-152.98161331442046
ranking_proportional_repaired,ranking,repaired,333.66896982729907,-198.45055490495247,-167.8578229844872,167.87043453645046,310.75119901298854,1.0,False,False,False,False,False,False,False,0.4252761109743977,0.41731036270383504,0.15741352632176728,False,LHS-03-022,2026071905,2c6fcae6d924af13ea0c5e082bf603348f59f7290ce370a9e176acba7931a897,clayton,empirical_resample,0.2527811591258751,0.9085377199724313,-154.73091191496127
expected_profit,economic_plus_operational,optimal,364.69632100215375,-176.85096073734863,-149.2280702862078,149.23945755032028,405.50961451261753,1.0,True,False,False,False,False,False,False,0.8630377455176748,0.10367850385833055,0.03328375062399464,False,LHS-03-022,2026071905,2c6fcae6d924af13ea0c5e082bf603348f59f7290ce370a9e176acba7931a897,clayton,empirical_resample,0.2527811591258751,0.9085377199724313,-154.73091191496127
mean_variance,variance_penalty,optimal,364.69632100431056,-176.85096073862127,-149.22807028737003,149.23945755148253,405.5096145146362,1.0000000000064575,True,False,False,False,False,False,False,0.8630377455204801,0.10367850386097391,0.03328375062500362,False,LHS-03-022,2026071905,2c6fcae6d924af13ea0c5e082bf603348f59f7290ce370a9e176acba7931a897,clayton,empirical_resample,0.2527811591258751,0.9085377199724313,-154.73091191496127
loss_CVaR,economic_operational_plus_CVaR,optimal,364.41706608998874,-185.11072714547987,-154.73091191495917,154.74343569411724,396.0625075699967,1.0,False,False,False,False,False,False,False,0.8136023350382351,0.15311391433777033,0.03328375062399464,False,LHS-03-022,2026071905,2c6fcae6d924af13ea0c5e082bf603348f59f7290ce370a9e176acba7931a897,clayton,empirical_resample,0.2527811591258751,0.9085377199724313,-154.73091191496127
ranking_proportional_repaired,ranking,repaired,334.2639843918504,-98.8935089766663,-53.766595415838495,53.85052168248477,310.75119901298854,1.0,False,False,False,False,False,False,False,0.4252761109743977,0.41731036270383504,0.15741352632176728,False,LHS-03-023,2026071901,bebb616068d467a851b134b10d3b8b1dea1a55bcd9ac5e48d6175716a2188bfb,clayton,gaussian,0.40897244532763505,0.9701556075116757,-48.988582736830374
expected_profit,economic_plus_operational,optimal,366.54366393996065,-95.69623550753337,-44.47948045595237,44.57473250627089,361.1901838086138,1.0,True,False,False,False,False,False,False,0.6254603285027236,0.3533490971652474,0.02119057433202898,False,LHS-03-023,2026071901,bebb616068d467a851b134b10d3b8b1dea1a55bcd9ac5e48d6175716a2188bfb,clayton,gaussian,0.40897244532763505,0.9701556075116757,-48.988582736830374
mean_variance,variance_penalty,optimal,366.54366393996065,-95.69623550753337,-44.47948045595237,44.57473250627089,361.1901838086138,1.0,True,False,False,False,False,False,False,0.6254603285027236,0.3533490971652474,0.02119057433202898,False,LHS-03-023,2026071901,bebb616068d467a851b134b10d3b8b1dea1a55bcd9ac5e48d6175716a2188bfb,clayton,gaussian,0.40897244532763505,0.9701556075116757,-48.988582736830374
loss_CVaR,economic_operational_plus_CVaR,optimal,366.3323381392972,-99.36836231319005,-48.98858273683046,49.08227819438943,353.70386032328037,1.0,False,False,False,False,False,False,False,0.5862854280038567,0.3925239976641143,0.02119057433202898,False,LHS-03-023,2026071901,bebb616068d467a851b134b10d3b8b1dea1a55bcd9ac5e48d6175716a2188bfb,clayton,gaussian,0.40897244532763505,0.9701556075116757,-48.988582736830374
ranking_proportional_repaired,ranking,repaired,336.4043934328822,-101.24365024681639,-48.413143476895314,48.511396755224524,310.75119901298854,1.0,False,False,False,False,False,False,False,0.4252761109743977,0.41731036270383504,0.15741352632176728,False,LHS-03-023,2026071902,6e8ca53b2e21d5f9f164309626a205700b9ddcad1b7f18f2d26dcd1ba371c879,clayton,gaussian,0.40897244532763505,0.9701556075116757,-43.079767648218755
expected_profit,economic_plus_operational,optimal,368.98863892033154,-99.4394744399511,-38.046558502600206,38.1607360039311,361.1901838086138,1.0,True,False,False,False,False,False,False,0.6254603285027236,0.3533490971652474,0.02119057433202898,False,LHS-03-023,2026071902,6e8ca53b2e21d5f9f164309626a205700b9ddcad1b7f18f2d26dcd1ba371c879,clayton,gaussian,0.40897244532763505,0.9701556075116757,-43.079767648218755
mean_variance,variance_penalty,optimal,368.9886389211308,-99.43947444019669,-38.046558502716415,38.16073600404755,361.19018380935205,1.0000000000023752,True,False,False,False,False,False,False,0.625460328503734,0.35334909716623947,0.02119057433240161,False,LHS-03-023,2026071902,6e8ca53b2e21d5f9f164309626a205700b9ddcad1b7f18f2d26dcd1ba371c879,clayton,gaussian,0.40897244532763505,0.9701556075116757,-43.079767648218755
loss_CVaR,economic_operational_plus_CVaR,optimal,368.7704307441069,-102.9859845307244,-43.079767648218834,43.19118021192261,353.2578231884645,1.0000000000000002,False,False,False,False,False,False,False,0.583951377062905,0.39485804860506607,0.02119057433202898,False,LHS-03-023,2026071902,6e8ca53b2e21d5f9f164309626a205700b9ddcad1b7f18f2d26dcd1ba371c879,clayton,gaussian,0.40897244532763505,0.9701556075116757,-43.079767648218755
ranking_proportional_repaired,ranking,repaired,336.43483441886445,-103.99066725812575,-55.09864756074611,55.18957610777528,310.75119901298854,1.0,False,False,False,False,False,False,False,0.4252761109743977,0.41731036270383504,0.15741352632176728,False,LHS-03-023,2026071903,6f2c1733638d32c7c1ee47a765a987586c3f86ddb7256ed29626118b282d44f6,clayton,gaussian,0.40897244532763505,0.9701556075116757,-50.36484922762686
expected_profit,economic_plus_operational,optimal,369.2579434723796,-101.63957044280991,-45.89747287367471,46.001141079072895,361.1901838086138,1.0,True,False,False,False,False,False,False,0.6254603285027236,0.3533490971652474,0.02119057433202898,False,LHS-03-023,2026071903,6f2c1733638d32c7c1ee47a765a987586c3f86ddb7256ed29626118b282d44f6,clayton,gaussian,0.40897244532763505,0.9701556075116757,-50.36484922762686
mean_variance,variance_penalty,optimal,369.2579434789841,-101.63957044510667,-45.897472874767594,46.00114108016801,361.1901838147143,1.0000000000196285,True,False,False,False,False,False,False,0.6254603285110746,0.35334909717343826,0.021190574335115737,False,LHS-03-023,2026071903,6f2c1733638d32c7c1ee47a765a987586c3f86ddb7256ed29626118b282d44f6,clayton,gaussian,0.40897244532763505,0.9701556075116757,-50.36484922762686
loss_CVaR,economic_operational_plus_CVaR,optimal,368.9814015584196,-105.37035216766897,-50.36484922762686,50.46714752685656,353.848681528641,1.0000000000000002,False,False,False,False,False,False,False,0.5870432574405944,0.39176616822737675,0.02119057433202898,False,LHS-03-023,2026071903,6f2c1733638d32c7c1ee47a765a987586c3f86ddb7256ed29626118b282d44f6,clayton,gaussian,0.40897244532763505,0.9701556075116757,-50.36484922762686
ranking_proportional_repaired,ranking,repaired,335.6736899381821,-100.063624241618,-47.09489509680579,47.19340543875793,310.75119901298854,1.0,False,False,False,False,False,False,False,0.4252761109743977,0.41731036270383504,0.15741352632176728,False,LHS-03-023,2026071904,a44eeb8f300fe633afba52a17c881c21266aaa946a3f80e8673885e1ede595ef,clayton,gaussian,0.40897244532763505,0.9701556075116757,-41.88090938098556
expected_profit,economic_plus_operational,optimal,368.0883976933653,-97.5296015784238,-36.96037097660633,37.073016601953505,361.1901838086138,1.0,True,False,False,False,False,False,False,0.6254603285027236,0.3533490971652474,0.02119057433202898,False,LHS-03-023,2026071904,a44eeb8f300fe633afba52a17c881c21266aaa946a3f80e8673885e1ede595ef,clayton,gaussian,0.40897244532763505,0.9701556075116757,-41.88090938098556
mean_variance,variance_penalty,optimal,368.0883976975305,-97.52960157964364,-36.960370977199126,37.07301660254748,361.1901838124668,1.0000000000124096,True,False,False,False,False,False,False,0.6254603285079847,0.3533490971704409,0.021190574333983875,False,LHS-03-023,2026071904,a44eeb8f300fe633afba52a17c881c21266aaa946a3f80e8673885e1ede595ef,clayton,gaussian,0.40897244532763505,0.9701556075116757,-41.88090938098556
loss_CVaR,economic_operational_plus_CVaR,optimal,367.88563335422185,-101.05975903659689,-41.88090938098564,41.99096919948668,353.2956298924159,1.0000000000000002,False,False,False,False,False,False,False,0.5841492143415621,0.394660211326409,0.02119057433202898,False,LHS-03-023,2026071904,a44eeb8f300fe633afba52a17c881c21266aaa946a3f80e8673885e1ede595ef,clayton,gaussian,0.40897244532763505,0.9701556075116757,-41.88090938098556
ranking_proportional_repaired,ranking,repaired,336.7713526261726,-104.6519441423291,-47.13404705345977,47.24101786061471,310.75119901298854,1.0,False,False,False,False,False,False,False,0.4252761109743977,0.41731036270383504,0.15741352632176728,False,LHS-03-023,2026071905,e355bb51273b12c1674a209bf411959feda451cdb2cee6ec5dcb4000c62ad141,clayton,gaussian,0.40897244532763505,0.9701556075116757,-42.1432902544326
expected_profit,economic_plus_operational,optimal,369.669424593445,-101.48515886157996,-37.433417263791554,37.55253960388354,361.1901838086138,1.0,True,False,False,False,False,False,False,0.6254603285027236,0.3533490971652474,0.02119057433202898,False,LHS-03-023,2026071905,e355bb51273b12c1674a209bf411959feda451cdb2cee6ec5dcb4000c62ad141,clayton,gaussian,0.40897244532763505,0.9701556075116757,-42.1432902544326
mean_variance,variance_penalty,optimal,369.669424593445,-101.48515886157996,-37.433417263791554,37.55253960388354,361.1901838086138,1.0,True,False,False,False,False,False,False,0.6254603285027236,0.3533490971652474,0.02119057433202898,False,LHS-03-023,2026071905,e355bb51273b12c1674a209bf411959feda451cdb2cee6ec5dcb4000c62ad141,clayton,gaussian,0.40897244532763505,0.9701556075116757,-42.1432902544326
loss_CVaR,economic_operational_plus_CVaR,optimal,369.3467198261944,-104.77284983418114,-42.14329025443255,42.25976764458562,353.3612077677231,1.0000000000000002,False,False,False,False,False,False,False,0.5844923743379369,0.39431705133003425,0.02119057433202898,False,LHS-03-023,2026071905,e355bb51273b12c1674a209bf411959feda451cdb2cee6ec5dcb4000c62ad141,clayton,gaussian,0.40897244532763505,0.9701556075116757,-42.1432902544326
ranking_proportional_repaired,ranking,repaired,335.3617332779789,-139.80931302733345,-72.18082365443833,72.26089202519185,310.75119901298854,1.0,False,False,False,False,False,False,False,0.4252761109743977,0.41731036270383504,0.15741352632176728,False,LHS-03-024,2026071901,c2b7c03190fb6d5cbe2bdc84a4fcd81ec89641a894cd07d275f3ba16a1137ec9,clayton,student_t_df5,0.04788874835668879,0.9787252180155562,-65.41088200827824
expected_profit,economic_plus_operational,optimal,351.4805527546764,-129.32698804044685,-55.65582000159071,55.74304256786534,335.7095252792042,1.0,True,False,False,False,False,False,False,0.5241664707335951,0.3861791545125379,0.08965437475386696,False,LHS-03-024,2026071901,c2b7c03190fb6d5cbe2bdc84a4fcd81ec89641a894cd07d275f3ba16a1137ec9,clayton,student_t_df5,0.04788874835668879,0.9787252180155562,-65.41088200827824
mean_variance,variance_penalty,optimal,351.4805527546764,-129.32698804044685,-55.65582000159071,55.74304256786534,335.7095252792042,1.0,True,False,False,False,False,False,False,0.5241664707335951,0.3861791545125379,0.08965437475386696,False,LHS-03-024,2026071901,c2b7c03190fb6d5cbe2bdc84a4fcd81ec89641a894cd07d275f3ba16a1137ec9,clayton,student_t_df5,0.04788874835668879,0.9787252180155562,-65.41088200827824
loss_CVaR,economic_operational_plus_CVaR,optimal,351.2330425104415,-137.45494370745584,-65.41088200827771,65.49617817112578,327.2993096151188,1.0000000000000002,False,False,False,False,False,False,False,0.48015696961331555,0.43018865563281766,0.08965437475386696,False,LHS-03-024,2026071901,c2b7c03190fb6d5cbe2bdc84a4fcd81ec89641a894cd07d275f3ba16a1137ec9,clayton,student_t_df5,0.04788874835668879,0.9787252180155562,-65.41088200827824
ranking_proportional_repaired,ranking,repaired,336.6626036929796,-139.14615831757592,-80.90536099217658,80.97431485757373,310.75119901298854,1.0,False,False,False,False,False,False,False,0.4252761109743977,0.41731036270383504,0.15741352632176728,False,LHS-03-024,2026071902,98e97d2cc68c8fe2492dd35e2ba954f84b06620ac278e7ea02a95cefffa3708e,clayton,student_t_df5,0.04788874835668879,0.9787252180155562,-74.69808206706914
expected_profit,economic_plus_operational,optimal,352.94411741453797,-127.74540524771191,-65.75378180983233,65.82717644477187,335.7095252792042,1.0,True,False,False,False,False,False,False,0.5241664707335951,0.3861791545125379,0.08965437475386696,False,LHS-03-024,2026071902,98e97d2cc68c8fe2492dd35e2ba954f84b06620ac278e7ea02a95cefffa3708e,clayton,student_t_df5,0.04788874835668879,0.9787252180155562,-74.69808206706914
mean_variance,variance_penalty,optimal,352.94411741453797,-127.74540524771191,-65.75378180983233,65.82717644477187,335.7095252792042,1.0,True,False,False,False,False,False,False,0.5241664707335951,0.3861791545125379,0.08965437475386696,False,LHS-03-024,2026071902,98e97d2cc68c8fe2492dd35e2ba954f84b06620ac278e7ea02a95cefffa3708e,clayton,student_t_df5,0.04788874835668879,0.9787252180155562,-74.69808206706914
loss_CVaR,economic_operational_plus_CVaR,optimal,352.7064999364125,-137.18583034226262,-74.69808206706858,74.77206408622715,328.02403530516386,1.0,False,False,False,False,False,False,False,0.48394935940946987,0.42639626583666324,0.08965437475386696,False,LHS-03-024,2026071902,98e97d2cc68c8fe2492dd35e2ba954f84b06620ac278e7ea02a95cefffa3708e,clayton,student_t_df5,0.04788874835668879,0.9787252180155562,-74.69808206706914
ranking_proportional_repaired,ranking,repaired,335.12738327435864,-135.92321836524167,-70.92576594183734,71.00271931114855,310.75119901298854,1.0,False,False,False,False,False,False,False,0.4252761109743977,0.41731036270383504,0.15741352632176728,False,LHS-03-024,2026071903,5d14e850c94c598c7071f97797390496c871433c43347005768f29d9be68b8d1,clayton,student_t_df5,0.04788874835668879,0.9787252180155562,-62.826405392879344
expected_profit,economic_plus_operational,optimal,351.39119138035034,-122.30723457247326,-51.15573398991117,51.23997341003043,335.7095252792042,1.0,True,False,False,False,False,False,False,0.5241664707335951,0.3861791545125379,0.08965437475386696,False,LHS-03-024,2026071903,5d14e850c94c598c7071f97797390496c871433c43347005768f29d9be68b8d1,clayton,student_t_df5,0.04788874835668879,0.9787252180155562,-62.826405392879344
mean_variance,variance_penalty,failed,351.39119138035034,-122.30723457247326,-51.15573398991117,51.23997341003043,335.7095252792042,1.0,True,False,False,False,False,False,False,0.5241664707335951,0.3861791545125379,0.08965437475386696,False,LHS-03-024,2026071903,5d14e850c94c598c7071f97797390496c871433c43347005768f29d9be68b8d1,clayton,student_t_df5,0.04788874835668879,0.9787252180155562,-62.826405392879344
loss_CVaR,economic_operational_plus_CVaR,optimal,351.08988913925987,-131.2179053931294,-62.82640539287884,62.907377125785885,327.31658860201446,0.9999999999999999,False,False,False,False,False,False,False,0.48024738817373297,0.43009823707239997,0.08965437475386696,False,LHS-03-024,2026071903,5d14e850c94c598c7071f97797390496c871433c43347005768f29d9be68b8d1,clayton,student_t_df5,0.04788874835668879,0.9787252180155562,-62.826405392879344
ranking_proportional_repaired,ranking,repaired,335.21913457240544,-136.21738380652204,-64.21379367782365,64.2990419245828,310.75119901298854,1.0,False,False,False,False,False,False,False,0.4252761109743977,0.41731036270383504,0.15741352632176728,False,LHS-03-024,2026071904,43edc42250cfa36df1ff1b5b64ec8a5573c825b0e0abfab5187f6ea0c40c05af,clayton,student_t_df5,0.04788874835668879,0.9787252180155562,-56.03790096639655
expected_profit,economic_plus_operational,optimal,351.3941451414295,-127.12673913511195,-44.2569515094343,44.355064729785774,335.7095252792042,1.0,True,False,False,False,False,False,False,0.5241664707335951,0.3861791545125379,0.08965437475386696,False,LHS-03-024,2026071904,43edc42250cfa36df1ff1b5b64ec8a5573c825b0e0abfab5187f6ea0c40c05af,clayton,student_t_df5,0.04788874835668879,0.9787252180155562,-56.03790096639655
mean_variance,variance_penalty,optimal,351.3941451414295,-127.12673913511195,-44.2569515094343,44.355064729785774,335.7095252792042,1.0,True,False,False,False,False,False,False,0.5241664707335951,0.3861791545125379,0.08965437475386696,False,LHS-03-024,2026071904,43edc42250cfa36df1ff1b5b64ec8a5573c825b0e0abfab5187f6ea0c40c05af,clayton,student_t_df5,0.04788874835668879,0.9787252180155562,-56.03790096639655
loss_CVaR,economic_operational_plus_CVaR,optimal,351.0783641768553,-134.99537786253683,-56.03790096639605,56.13138222839827,327.3401726393264,1.0000000000000002,False,False,False,False,False,False,False,0.48037080019524975,0.4299748250508834,0.08965437475386696,False,LHS-03-024,2026071904,43edc42250cfa36df1ff1b5b64ec8a5573c825b0e0abfab5187f6ea0c40c05af,clayton,student_t_df5,0.04788874835668879,0.9787252180155562,-56.03790096639655
ranking_proportional_repaired,ranking,repaired,335.29562051614306,-147.60020408870616,-85.2925755973776,85.36634436472815,310.75119901298854,1.0,False,False,False,False,False,False,False,0.4252761109743977,0.41731036270383504,0.15741352632176728,False,LHS-03-024,2026071905,c5a249a9712729f158d2255a220bd545896ffa50d958363701320fcc8145a43b,clayton,student_t_df5,0.04788874835668879,0.9787252180155562,-78.53742720782579
expected_profit,economic_plus_operational,optimal,351.54158970814666,-135.73772815115814,-68.80368135761893,68.88292754697484,335.7095252792042,1.0,True,False,False,False,False,False,False,0.5241664707335951,0.3861791545125379,0.08965437475386696,False,LHS-03-024,2026071905,c5a249a9712729f158d2255a220bd545896ffa50d958363701320fcc8145a43b,clayton,student_t_df5,0.04788874835668879,0.9787252180155562,-78.53742720782579
mean_variance,variance_penalty,optimal,351.54158970814666,-135.73772815115814,-68.80368135761893,68.88292754697484,335.7095252792042,1.0,True,False,False,False,False,False,False,0.5241664707335951,0.3861791545125379,0.08965437475386696,False,LHS-03-024,2026071905,c5a249a9712729f158d2255a220bd545896ffa50d958363701320fcc8145a43b,clayton,student_t_df5,0.04788874835668879,0.9787252180155562,-78.53742720782579
loss_CVaR,economic_operational_plus_CVaR,optimal,351.26319303813807,-143.47028796774975,-78.53742720782513,78.61430410419858,328.23136168877835,1.0,False,False,False,False,False,False,False,0.4850342698417802,0.42531135540435283,0.08965437475386696,False,LHS-03-024,2026071905,c5a249a9712729f158d2255a220bd545896ffa50d958363701320fcc8145a43b,clayton,student_t_df5,0.04788874835668879,0.9787252180155562,-78.53742720782579
ranking_proportional_repaired,ranking,repaired,335.33978415497273,-222.63452836756437,-181.8613197946891,181.86131979468914,310.75119901298854,1.0,False,False,False,False,False,,,0.4252761109743977,0.417310362703835,0.15741352632176728,False,ANCHOR-001,2026071901,2271f9871ae5e789c05aa623caacccee33351e43b9ce61b5734b087f5ad112e4,gaussian,gaussian,0.0,0.9,-90.31632585021222
expected_profit,economic_plus_operational,optimal,375.21126527147044,-158.28149546864594,-80.14465985638147,80.1446598563815,434.66,1.0,True,False,False,False,False,,,1.0,0.0,0.0,False,ANCHOR-001,2026071901,2271f9871ae5e789c05aa623caacccee33351e43b9ce61b5734b087f5ad112e4,gaussian,gaussian,0.0,0.9,-90.31632585021222
mean_variance,variance_penalty,optimal,375.211265272089,-158.28149546952883,-80.14465985699778,80.14465985699778,434.66000000044306,1.0000000000020224,True,False,False,False,False,,,1.0,1.468511193743284e-12,5.538857295829997e-13,False,ANCHOR-001,2026071901,2271f9871ae5e789c05aa623caacccee33351e43b9ce61b5734b087f5ad112e4,gaussian,gaussian,0.0,0.9,-90.31632585021222
loss_CVaR,economic_operational_plus_CVaR,optimal,374.9817255217113,-164.97060412183453,-90.31632585021259,90.3163258502126,427.8497348208259,1.0,False,False,False,False,False,,,0.964362819575227,0.03563718042477304,0.0,False,ANCHOR-001,2026071901,2271f9871ae5e789c05aa623caacccee33351e43b9ce61b5734b087f5ad112e4,gaussian,gaussian,0.0,0.9,-90.31632585021222
ranking_proportional_repaired,ranking,repaired,335.3874797240925,-224.1687110982985,-183.79490575706063,183.79490575706066,310.75119901298854,1.0,False,False,False,False,False,,,0.4252761109743977,0.417310362703835,0.15741352632176728,False,ANCHOR-001,2026071902,844b683ffaa1037d61047ede1893249901b8c1c76095a7f12a17b9000140fd4c,gaussian,gaussian,0.0,0.9,-89.76371855158065
expected_profit,economic_plus_operational,optimal,374.7265770270503,-158.3491042577634,-79.31580886208287,79.3158088620829,434.66,1.0,True,False,False,False,False,,,1.0,0.0,0.0,False,ANCHOR-001,2026071902,844b683ffaa1037d61047ede1893249901b8c1c76095a7f12a17b9000140fd4c,gaussian,gaussian,0.0,0.9,-89.76371855158065
mean_variance,variance_penalty,optimal,374.7265770270503,-158.3491042577634,-79.31580886208287,79.3158088620829,434.66,1.0,True,False,False,False,False,,,1.0,0.0,0.0,False,ANCHOR-001,2026071902,844b683ffaa1037d61047ede1893249901b8c1c76095a7f12a17b9000140fd4c,gaussian,gaussian,0.0,0.9,-89.76371855158065
loss_CVaR,economic_operational_plus_CVaR,optimal,374.53535698031874,-166.110865100597,-89.76371855158065,89.76371855158067,427.8260577120888,1.0,False,False,False,False,False,,,0.9642389205237506,0.0357610794762494,0.0,False,ANCHOR-001,2026071902,844b683ffaa1037d61047ede1893249901b8c1c76095a7f12a17b9000140fd4c,gaussian,gaussian,0.0,0.9,-89.76371855158065
ranking_proportional_repaired,ranking,repaired,335.49766730362785,-223.7404242757734,-182.75458723008887,182.7545872300889,310.75119901298854,1.0,False,False,False,False,False,,,0.4252761109743977,0.417310362703835,0.15741352632176728,False,ANCHOR-001,2026071903,fa222af00ed417226ec787c3be9631716a10e2be4b49315ebfdbed914d470fa3,gaussian,gaussian,0.0,0.9,-92.80057276126078
expected_profit,economic_plus_operational,optimal,373.2741086395717,-161.47367430684122,-82.80568226472433,82.80568226472435,434.66,1.0,True,False,False,False,False,,,1.0,0.0,0.0,False,ANCHOR-001,2026071903,fa222af00ed417226ec787c3be9631716a10e2be4b49315ebfdbed914d470fa3,gaussian,gaussian,0.0,0.9,-92.80057276126078
mean_variance,variance_penalty,optimal,373.27410864206945,-161.47367430977647,-82.80568226719107,82.80568226719109,434.66000000177866,1.0000000000081166,True,False,False,False,False,,,1.0,5.899948740047375e-12,2.216647359609872e-12,False,ANCHOR-001,2026071903,fa222af00ed417226ec787c3be9631716a10e2be4b49315ebfdbed914d470fa3,gaussian,gaussian,0.0,0.9,-92.80057276126078
loss_CVaR,economic_operational_plus_CVaR,optimal,373.192196122037,-167.64876535378525,-92.80057276126095,92.80057276126097,427.8477719881065,1.0,False,False,False,False,False,,,0.9643525483417398,0.03564745165826022,0.0,False,ANCHOR-001,2026071903,fa222af00ed417226ec787c3be9631716a10e2be4b49315ebfdbed914d470fa3,gaussian,gaussian,0.0,0.9,-92.80057276126078
ranking_proportional_repaired,ranking,repaired,337.94505084178303,-227.15069609425856,-182.5969462945551,182.5969462945551,310.75119901298854,1.0,False,False,False,False,False,,,0.4252761109743977,0.417310362703835,0.15741352632176728,False,ANCHOR-001,2026071904,5a382db751523e1757e65aa2a6ffd722728baf241ca30008400907363472dec7,gaussian,gaussian,0.0,0.9,-90.99195193388535
expected_profit,economic_plus_operational,optimal,379.63078041065893,-161.3639583131063,-80.81361922714426,80.81361922714429,434.66,1.0,True,False,False,False,False,,,1.0,0.0,0.0,False,ANCHOR-001,2026071904,5a382db751523e1757e65aa2a6ffd722728baf241ca30008400907363472dec7,gaussian,gaussian,0.0,0.9,-90.99195193388535
mean_variance,variance_penalty,optimal,379.6307804109914,-161.36395831329614,-80.81361922747084,80.81361922747087,434.66000000023706,1.0000000000010816,True,False,False,False,False,,,1.0,7.865715298820769e-13,2.9520061367066877e-13,False,ANCHOR-001,2026071904,5a382db751523e1757e65aa2a6ffd722728baf241ca30008400907363472dec7,gaussian,gaussian,0.0,0.9,-90.99195193388535
loss_CVaR,economic_operational_plus_CVaR,optimal,379.2878601355499,-169.2163119036776,-90.99195193388555,90.99195193388557,427.7120699754518,1.0,False,False,False,False,False,,,0.9636424383854097,0.036357561614590236,0.0,False,ANCHOR-001,2026071904,5a382db751523e1757e65aa2a6ffd722728baf241ca30008400907363472dec7,gaussian,gaussian,0.0,0.9,-90.99195193388535
ranking_proportional_repaired,ranking,repaired,335.88696587072576,-222.7512659560316,-182.98373159956094,182.98373159956094,310.75119901298854,1.0,False,False,False,False,False,,,0.4252761109743977,0.417310362703835,0.15741352632176728,False,ANCHOR-001,2026071905,e6a80ae65369d84e2e3c4dec1866c7f6ac78d9719f2116f2753c06be0248827c,gaussian,gaussian,0.0,0.9,-88.40777468713071
expected_profit,economic_plus_operational,optimal,375.6187043924495,-158.31646116292143,-77.89933503019402,77.89933503019404,434.66,1.0,True,False,False,False,False,,,1.0,0.0,0.0,False,ANCHOR-001,2026071905,e6a80ae65369d84e2e3c4dec1866c7f6ac78d9719f2116f2753c06be0248827c,gaussian,gaussian,0.0,0.9,-88.40777468713071
mean_variance,variance_penalty,optimal,375.6187043924495,-158.31646116292143,-77.89933503019402,77.89933503019404,434.66,1.0,True,False,False,False,False,,,1.0,0.0,0.0,False,ANCHOR-001,2026071905,e6a80ae65369d84e2e3c4dec1866c7f6ac78d9719f2116f2753c06be0248827c,gaussian,gaussian,0.0,0.9,-88.40777468713071
loss_CVaR,economic_operational_plus_CVaR,optimal,375.42110472335145,-166.20157588002536,-88.40777468713065,88.40777468713065,427.83569957525276,1.0,False,False,False,False,False,,,0.9642893750667334,0.0357106249332666,0.0,False,ANCHOR-001,2026071905,e6a80ae65369d84e2e3c4dec1866c7f6ac78d9719f2116f2753c06be0248827c,gaussian,gaussian,0.0,0.9,-88.40777468713071
ranking_proportional_repaired,ranking,repaired,330.9139697840859,-201.03372470532798,-145.66989336279747,145.66989336279744,304.262,1.0,True,False,False,False,False,,,0.4021450101938013,0.41731036270383476,0.18054462710236394,True,ANCHOR-002,2026071901,52a34713240d9b78b390ecd006dadb8a6b2ba1115d35273d891ce87e567ab1e4,student_t_df4,gaussian,0.25,0.9,-148.15580739578388
expected_profit,economic_plus_operational,optimal,372.0147978995524,-230.11671665122805,-170.52903369266153,170.52903369266156,304.262,0.9999999999999999,False,False,False,False,False,,,0.3176452119309262,0.6823547880690737,0.0,True,ANCHOR-002,2026071901,52a34713240d9b78b390ecd006dadb8a6b2ba1115d35273d891ce87e567ab1e4,student_t_df4,gaussian,0.25,0.9,-148.15580739578388
mean_variance,variance_penalty,optimal,372.01479790535717,-230.1167166555708,-170.5290336952703,170.5290336952703,304.26200000536295,1.0000000000172609,False,False,False,False,False,,,0.3176452119382648,0.6823547880762731,2.7228565279032715e-12,True,ANCHOR-002,2026071901,52a34713240d9b78b390ecd006dadb8a6b2ba1115d35273d891ce87e567ab1e4,student_t_df4,gaussian,0.25,0.9,-148.15580739578388
loss_CVaR,economic_operational_plus_CVaR,optimal,372.01479789955243,-230.11671665122807,-170.52903369266156,170.52903369266156,304.262,1.0,False,False,False,False,False,,,0.31764521193092615,0.6823547880690739,0.0,True,ANCHOR-002,2026071901,52a34713240d9b78b390ecd006dadb8a6b2ba1115d35273d891ce87e567ab1e4,student_t_df4,gaussian,0.25,0.9,-148.15580739578388
ranking_proportional_repaired,ranking,repaired,331.6535757838544,-203.15493585459615,-150.5717937462739,150.5717937462739,304.262,1.0,True,False,False,False,False,,,0.4021450101938013,0.41731036270383476,0.18054462710236394,True,ANCHOR-002,2026071902,4712405cbbb0ee462aae1df05a8bb80d2ada23786c6aa81480d92a513a428c33,student_t_df4,gaussian,0.25,0.9,-152.99024900040052
expected_profit,economic_plus_operational,optimal,372.8159544480226,-232.64646345692364,-174.75634628754005,174.75634628754008,304.262,0.9999999999999999,False,False,False,False,False,,,0.3176452119309262,0.6823547880690737,0.0,True,ANCHOR-002,2026071902,4712405cbbb0ee462aae1df05a8bb80d2ada23786c6aa81480d92a513a428c33,student_t_df4,gaussian,0.25,0.9,-152.99024900040052
mean_variance,variance_penalty,optimal,372.8159544480226,-232.64646345692364,-174.75634628754005,174.75634628754008,304.262,0.9999999999999999,False,False,False,False,False,,,0.3176452119309262,0.6823547880690737,0.0,True,ANCHOR-002,2026071902,4712405cbbb0ee462aae1df05a8bb80d2ada23786c6aa81480d92a513a428c33,student_t_df4,gaussian,0.25,0.9,-152.99024900040052
loss_CVaR,economic_operational_plus_CVaR,optimal,372.8159544480226,-232.64646345692367,-174.7563462875401,174.7563462875401,304.262,1.0,False,False,False,False,False,,,0.31764521193092615,0.6823547880690739,0.0,True,ANCHOR-002,2026071902,4712405cbbb0ee462aae1df05a8bb80d2ada23786c6aa81480d92a513a428c33,student_t_df4,gaussian,0.25,0.9,-152.99024900040052
ranking_proportional_repaired,ranking,repaired,332.1027390466843,-203.38090338926185,-148.89307390154505,148.89307390154505,304.262,1.0,True,False,False,False,False,,,0.4021450101938013,0.41731036270383476,0.18054462710236394,True,ANCHOR-002,2026071903,5fa01bc85f3dd6f78d0bbc90cfd1841b62317aa523a1f71edebac27a2d779119,student_t_df4,gaussian,0.25,0.9,-151.36236382853158
expected_profit,economic_plus_operational,optimal,372.7907849907692,-231.22857442890657,-173.5859731714105,173.5859731714105,304.262,0.9999999999999999,False,False,False,False,False,,,0.3176452119309262,0.6823547880690737,0.0,True,ANCHOR-002,2026071903,5fa01bc85f3dd6f78d0bbc90cfd1841b62317aa523a1f71edebac27a2d779119,student_t_df4,gaussian,0.25,0.9,-151.36236382853158
mean_variance,variance_penalty,optimal,372.7907849926161,-231.22857443004855,-173.58597317225986,173.58597317225988,304.2620000017032,1.0000000000054718,False,False,False,False,False,,,0.31764521193326956,0.6823547880713378,8.64494830533953e-13,True,ANCHOR-002,2026071903,5fa01bc85f3dd6f78d0bbc90cfd1841b62317aa523a1f71edebac27a2d779119,student_t_df4,gaussian,0.25,0.9,-151.36236382853158
loss_CVaR,economic_operational_plus_CVaR,optimal,372.79078499076934,-231.2285744289066,-173.58597317141053,173.58597317141056,304.262,1.0,False,False,False,False,False,,,0.31764521193092615,0.6823547880690739,0.0,True,ANCHOR-002,2026071903,5fa01bc85f3dd6f78d0bbc90cfd1841b62317aa523a1f71edebac27a2d779119,student_t_df4,gaussian,0.25,0.9,-151.36236382853158
ranking_proportional_repaired,ranking,repaired,328.6089710784812,-199.97670068912845,-146.8159645349524,146.8159645349524,304.262,1.0,True,False,False,False,False,,,0.4021450101938013,0.41731036270383476,0.18054462710236394,True,ANCHOR-002,2026071904,bc46a48491d84ea6330c99bed92b6ccf898a92e9c4b59e56e7fc1d89d8c7993c,student_t_df4,gaussian,0.25,0.9,-149.1125425313504
expected_profit,economic_plus_operational,optimal,369.21284188918514,-229.78673437924573,-169.78174449893268,169.7817444989327,304.262,0.9999999999999999,False,False,False,False,False,,,0.3176452119309262,0.6823547880690737,0.0,True,ANCHOR-002,2026071904,bc46a48491d84ea6330c99bed92b6ccf898a92e9c4b59e56e7fc1d89d8c7993c,student_t_df4,gaussian,0.25,0.9,-149.1125425313504
mean_variance,variance_penalty,optimal,369.21284189148287,-229.78673438088762,-169.7817444999796,169.7817444999796,304.2620000021311,1.0000000000068783,False,False,False,False,False,,,0.317645211933818,0.6823547880719781,1.0821120901889385e-12,True,ANCHOR-002,2026071904,bc46a48491d84ea6330c99bed92b6ccf898a92e9c4b59e56e7fc1d89d8c7993c,student_t_df4,gaussian,0.25,0.9,-149.1125425313504
loss_CVaR,economic_operational_plus_CVaR,optimal,369.2128418891852,-229.78673437924573,-169.7817444989327,169.78174449893274,304.262,1.0,False,False,False,False,False,,,0.3176452119309262,0.6823547880690738,0.0,True,ANCHOR-002,2026071904,bc46a48491d84ea6330c99bed92b6ccf898a92e9c4b59e56e7fc1d89d8c7993c,student_t_df4,gaussian,0.25,0.9,-149.1125425313504
ranking_proportional_repaired,ranking,repaired,330.6889554364049,-203.03837637377845,-147.63155696719062,147.63155696719062,304.262,1.0,True,False,False,False,False,,,0.4021450101938013,0.41731036270383476,0.18054462710236394,True,ANCHOR-002,2026071905,b56cb9cb36d466c568409bb04066a003b7edbd77d0e985159b52d8cbd1b0b77a,student_t_df4,gaussian,0.25,0.9,-150.17696694288853
expected_profit,economic_plus_operational,optimal,371.8877116954129,-230.76912279921305,-173.08565672416958,173.08565672416958,304.262,0.9999999999999999,False,False,False,False,False,,,0.3176452119309262,0.6823547880690737,0.0,True,ANCHOR-002,2026071905,b56cb9cb36d466c568409bb04066a003b7edbd77d0e985159b52d8cbd1b0b77a,student_t_df4,gaussian,0.25,0.9,-150.17696694288853
mean_variance,variance_penalty,optimal,371.8877116954129,-230.76912279921305,-173.08565672416958,173.08565672416958,304.262,0.9999999999999999,False,False,False,False,False,,,0.3176452119309262,0.6823547880690737,0.0,True,ANCHOR-002,2026071905,b56cb9cb36d466c568409bb04066a003b7edbd77d0e985159b52d8cbd1b0b77a,student_t_df4,gaussian,0.25,0.9,-150.17696694288853
loss_CVaR,economic_operational_plus_CVaR,optimal,371.88771169541303,-230.7691227992131,-173.08565672416964,173.08565672416964,304.262,1.0,False,False,False,False,False,,,0.31764521193092615,0.6823547880690739,0.0,True,ANCHOR-002,2026071905,b56cb9cb36d466c568409bb04066a003b7edbd77d0e985159b52d8cbd1b0b77a,student_t_df4,gaussian,0.25,0.9,-150.17696694288853
ranking_proportional_repaired,ranking,repaired,317.43577291327324,-167.5731130581215,-110.28566726205642,110.28566726205644,289.633238840231,1.0,True,False,False,False,False,False,,0.35,0.41731036270383487,0.23268963729616515,True,ANCHOR-003,2026071901,4079b3cdaefc02a383f1c47ac9a18998fa2b350d6d88584e236cea1df9a8ca61,clayton,gaussian,0.5,0.9,-113.21024529963833
expected_profit,economic_plus_operational,optimal,371.10753750805577,-203.54080423687594,-139.53144763787546,139.53144763787546,310.445,1.0,False,False,False,False,False,False,,0.35,0.65,0.0,True,ANCHOR-003,2026071901,4079b3cdaefc02a383f1c47ac9a18998fa2b350d6d88584e236cea1df9a8ca61,clayton,gaussian,0.5,0.9,-113.21024529963833
mean_variance,variance_penalty,optimal,371.1075375170498,-203.5408042414422,-139.53144764094264,139.53144764094267,310.44500000833233,1.0000000000268146,False,False,False,False,False,False,,0.35000000001139225,0.6500000000112217,4.200710950247032e-12,True,ANCHOR-003,2026071901,4079b3cdaefc02a383f1c47ac9a18998fa2b350d6d88584e236cea1df9a8ca61,clayton,gaussian,0.5,0.9,-113.21024529963833
loss_CVaR,economic_operational_plus_CVaR,optimal,371.10753750805577,-203.54080423687594,-139.53144763787546,139.53144763787546,310.445,1.0,False,False,False,False,False,False,,0.35,0.65,0.0,True,ANCHOR-003,2026071901,4079b3cdaefc02a383f1c47ac9a18998fa2b350d6d88584e236cea1df9a8ca61,clayton,gaussian,0.5,0.9,-113.21024529963833
ranking_proportional_repaired,ranking,repaired,319.2735951895498,-172.07880002726446,-111.39408384340494,111.39408384340496,289.633238840231,1.0,True,False,False,False,False,False,,0.35,0.41731036270383487,0.23268963729616515,True,ANCHOR-003,2026071902,24d8c527e688f5c0959c81d371f5888acd6ebb0665b0f75bd8976531701c7a82,clayton,gaussian,0.5,0.9,-114.27197054775922
expected_profit,economic_plus_operational,optimal,372.867170286428,-207.1628047001348,-140.17295088694777,140.17295088694777,310.445,1.0,False,False,False,False,False,False,,0.35,0.65,0.0,True,ANCHOR-003,2026071902,24d8c527e688f5c0959c81d371f5888acd6ebb0665b0f75bd8976531701c7a82,clayton,gaussian,0.5,0.9,-114.27197054775922
mean_variance,variance_penalty,optimal,372.867170286428,-207.1628047001348,-140.17295088694777,140.17295088694777,310.445,1.0,False,False,False,False,False,False,,0.35,0.65,0.0,True,ANCHOR-003,2026071902,24d8c527e688f5c0959c81d371f5888acd6ebb0665b0f75bd8976531701c7a82,clayton,gaussian,0.5,0.9,-114.27197054775922
loss_CVaR,economic_operational_plus_CVaR,optimal,372.867170286428,-207.1628047001348,-140.17295088694777,140.17295088694777,310.445,1.0,False,False,False,False,False,False,,0.35,0.65,0.0,True,ANCHOR-003,2026071902,24d8c527e688f5c0959c81d371f5888acd6ebb0665b0f75bd8976531701c7a82,clayton,gaussian,0.5,0.9,-114.27197054775922
ranking_proportional_repaired,ranking,repaired,318.16028341422555,-170.88682448098058,-112.92030183192887,112.92030183192888,289.633238840231,1.0,True,False,False,False,False,False,,0.35,0.41731036270383487,0.23268963729616515,True,ANCHOR-003,2026071903,31eab9333ff59f90575fec5e9febc0ab375d3a54c07596bf1d76773fe1cc76e9,clayton,gaussian,0.5,0.9,-115.83567122699003
expected_profit,economic_plus_operational,optimal,371.64324493832277,-207.51788351688052,-142.07399578254058,142.07399578254058,310.445,1.0,False,False,False,False,False,False,,0.35,0.65,0.0,True,ANCHOR-003,2026071903,31eab9333ff59f90575fec5e9febc0ab375d3a54c07596bf1d76773fe1cc76e9,clayton,gaussian,0.5,0.9,-115.83567122699003
mean_variance,variance_penalty,optimal,371.64324494348904,-207.51788351949247,-142.0739957843406,142.07399578434064,310.4450000047787,1.0000000000153761,False,False,False,False,False,False,,0.3500000000065419,0.6500000000064139,2.4202013220822134e-12,True,ANCHOR-003,2026071903,31eab9333ff59f90575fec5e9febc0ab375d3a54c07596bf1d76773fe1cc76e9,clayton,gaussian,0.5,0.9,-115.83567122699003
loss_CVaR,economic_operational_plus_CVaR,optimal,371.64324493832277,-207.51788351688052,-142.07399578254058,142.07399578254058,310.445,1.0,False,False,False,False,False,False,,0.35,0.65,0.0,True,ANCHOR-003,2026071903,31eab9333ff59f90575fec5e9febc0ab375d3a54c07596bf1d76773fe1cc76e9,clayton,gaussian,0.5,0.9,-115.83567122699003
ranking_proportional_repaired,ranking,repaired,318.2840634519415,-169.70747142649594,-109.59604659497793,109.59604659497793,289.633238840231,1.0,True,False,False,False,False,False,,0.35,0.41731036270383487,0.23268963729616515,True,ANCHOR-003,2026071904,ef9ee3bb5ea9e156df8e079a6f4f4227026b090f12dbb159fca1c1ded20be0f7,clayton,gaussian,0.5,0.9,-112.45817404316247
expected_profit,economic_plus_operational,optimal,372.05437164375184,-204.39907224558806,-138.2173210768234,138.21732107682342,310.445,1.0,False,False,False,False,False,False,,0.35,0.65,0.0,True,ANCHOR-003,2026071904,ef9ee3bb5ea9e156df8e079a6f4f4227026b090f12dbb159fca1c1ded20be0f7,clayton,gaussian,0.5,0.9,-112.45817404316247
mean_variance,variance_penalty,optimal,372.05437164375184,-204.39907224558806,-138.2173210768234,138.21732107682342,310.445,1.0,False,False,False,False,False,False,,0.35,0.65,0.0,True,ANCHOR-003,2026071904,ef9ee3bb5ea9e156df8e079a6f4f4227026b090f12dbb159fca1c1ded20be0f7,clayton,gaussian,0.5,0.9,-112.45817404316247
loss_CVaR,economic_operational_plus_CVaR,optimal,372.05437164375184,-204.39907224558806,-138.2173210768234,138.21732107682342,310.445,1.0,False,False,False,False,False,False,,0.35,0.65,0.0,True,ANCHOR-003,2026071904,ef9ee3bb5ea9e156df8e079a6f4f4227026b090f12dbb159fca1c1ded20be0f7,clayton,gaussian,0.5,0.9,-112.45817404316247
ranking_proportional_repaired,ranking,repaired,318.2675631037948,-168.78119747878506,-110.03425104749297,110.03425104749299,289.633238840231,1.0,True,False,False,False,False,False,,0.35,0.41731036270383487,0.23268963729616515,True,ANCHOR-003,2026071905,a379b0eceadb4456d20d6ef625e518ed42a1fe76b32c7f6af46447a4ebb4af71,clayton,gaussian,0.5,0.9,-112.97113756589296
expected_profit,economic_plus_operational,optimal,371.754688569823,-204.57788260513252,-139.4031162314929,139.40311623149293,310.445,1.0,False,False,False,False,False,False,,0.35,0.65,0.0,True,ANCHOR-003,2026071905,a379b0eceadb4456d20d6ef625e518ed42a1fe76b32c7f6af46447a4ebb4af71,clayton,gaussian,0.5,0.9,-112.97113756589296
mean_variance,variance_penalty,optimal,371.7546885779756,-204.57788260929428,-139.40311623425964,139.40311623425964,310.44500000753794,1.0000000000242617,False,False,False,False,False,False,,0.3500000000103128,0.6500000000101246,3.824205869889877e-12,True,ANCHOR-003,2026071905,a379b0eceadb4456d20d6ef625e518ed42a1fe76b32c7f6af46447a4ebb4af71,clayton,gaussian,0.5,0.9,-112.97113756589296
loss_CVaR,economic_operational_plus_CVaR,optimal,371.754688569823,-204.57788260513252,-139.4031162314929,139.40311623149293,310.445,1.0,False,False,False,False,False,False,,0.35,0.65,0.0,True,ANCHOR-003,2026071905,a379b0eceadb4456d20d6ef625e518ed42a1fe76b32c7f6af46447a4ebb4af71,clayton,gaussian,0.5,0.9,-112.97113756589296
ranking_proportional_repaired,ranking,repaired,335.4782416263367,-195.40714542991077,-146.24605098049156,146.34428139310072,310.75119901298854,1.0,False,False,False,False,False,,False,0.4252761109743977,0.41731036270383504,0.15741352632176728,False,ANCHOR-004,2026071901,66ff5a1cff25b34ee1c97330406177579c2810484d350909bf976a16de9bc9bf,gaussian,student_t_df5,0.0,0.95,-34.29866972882513
expected_profit,economic_plus_operational,optimal,339.805700857546,-115.80353634938085,-21.860071811973313,22.048131217099574,392.579,1.0,True,False,False,False,False,,False,0.85,0.0,0.15,False,ANCHOR-004,2026071901,66ff5a1cff25b34ee1c97330406177579c2810484d350909bf976a16de9bc9bf,gaussian,student_t_df5,0.0,0.95,-34.29866972882513
mean_variance,variance_penalty,optimal,339.805700857546,-115.80353634938085,-21.860071811973313,22.048131217099574,392.579,1.0,True,False,False,False,False,,False,0.85,0.0,0.15,False,ANCHOR-004,2026071901,66ff5a1cff25b34ee1c97330406177579c2810484d350909bf976a16de9bc9bf,gaussian,student_t_df5,0.0,0.95,-34.29866972882513
loss_CVaR,economic_operational_plus_CVaR,optimal,339.5958492833158,-125.02853514029619,-34.29866972882536,34.479832922958344,386.08391060580436,0.9999999999999999,False,False,False,False,False,,False,0.8160120910821788,0.033987908917821066,0.15,False,ANCHOR-004,2026071901,66ff5a1cff25b34ee1c97330406177579c2810484d350909bf976a16de9bc9bf,gaussian,student_t_df5,0.0,0.95,-34.29866972882513
ranking_proportional_repaired,ranking,repaired,335.53982203526135,-197.45648006772566,-149.07841266338144,149.17547676197617,310.75119901298854,1.0,False,False,False,False,False,,False,0.4252761109743977,0.41731036270383504,0.15741352632176728,False,ANCHOR-004,2026071902,4bef8d412ec77d7adb255ba1cc44b80a98b4fd30f6aa48aab54fc8abc035eef2,gaussian,student_t_df5,0.0,0.95,-35.696657983176024
expected_profit,economic_plus_operational,optimal,339.7665754861671,-112.74076427297697,-23.098685240930976,23.277635518467626,392.579,1.0,True,False,False,False,False,,False,0.85,0.0,0.15,False,ANCHOR-004,2026071902,4bef8d412ec77d7adb255ba1cc44b80a98b4fd30f6aa48aab54fc8abc035eef2,gaussian,student_t_df5,0.0,0.95,-35.696657983176024
mean_variance,variance_penalty,optimal,339.7665754861671,-112.74076427297697,-23.098685240930976,23.277635518467626,392.579,1.0,True,False,False,False,False,,False,0.85,0.0,0.15,False,ANCHOR-004,2026071902,4bef8d412ec77d7adb255ba1cc44b80a98b4fd30f6aa48aab54fc8abc035eef2,gaussian,student_t_df5,0.0,0.95,-35.696657983176024
loss_CVaR,economic_operational_plus_CVaR,optimal,339.5658113191082,-122.75466773693185,-35.69665798317624,35.87061399580315,386.11272538833623,1.0,False,False,False,False,False,,False,0.8161628748735543,0.03383712512644569,0.15,False,ANCHOR-004,2026071902,4bef8d412ec77d7adb255ba1cc44b80a98b4fd30f6aa48aab54fc8abc035eef2,gaussian,student_t_df5,0.0,0.95,-35.696657983176024
ranking_proportional_repaired,ranking,repaired,335.76613550130276,-199.20931434273564,-144.80511232319327,144.91374994726323,310.75119901298854,1.0,False,False,False,False,False,,False,0.4252761109743977,0.41731036270383504,0.15741352632176728,False,ANCHOR-004,2026071903,fae1f18376ae01e6a939ed2bc0817dbb7a00bcc4c7998b7d77e69245fe4f99f8,gaussian,student_t_df5,0.0,0.95,-31.80628882476283
expected_profit,economic_plus_operational,optimal,338.45405232524166,-119.30109365882963,-19.250863991603893,19.4505972287627,392.579,1.0,True,False,False,False,False,,False,0.85,0.0,0.15,False,ANCHOR-004,2026071903,fae1f18376ae01e6a939ed2bc0817dbb7a00bcc4c7998b7d77e69245fe4f99f8,gaussian,student_t_df5,0.0,0.95,-31.80628882476283
mean_variance,variance_penalty,optimal,338.45405232524166,-119.30109365882963,-19.250863991603893,19.4505972287627,392.579,1.0,True,False,False,False,False,,False,0.85,0.0,0.15,False,ANCHOR-004,2026071903,fae1f18376ae01e6a939ed2bc0817dbb7a00bcc4c7998b7d77e69245fe4f99f8,gaussian,student_t_df5,0.0,0.95,-31.80628882476283
loss_CVaR,economic_operational_plus_CVaR,optimal,338.3773156102961,-127.9334237008825,-31.806288824763044,31.999443250496835,386.15037034481884,1.0,False,False,False,False,False,,False,0.8163598657499676,0.03364013425003246,0.15,False,ANCHOR-004,2026071903,fae1f18376ae01e6a939ed2bc0817dbb7a00bcc4c7998b7d77e69245fe4f99f8,gaussian,student_t_df5,0.0,0.95,-31.80628882476283
ranking_proportional_repaired,ranking,repaired,337.7859066859739,-196.30432393738823,-145.0386474188264,145.1413088122688,310.75119901298854,1.0,False,False,False,False,False,,False,0.4252761109743977,0.41731036270383504,0.15741352632176728,False,ANCHOR-004,2026071904,db34afafa8a0701ce5f8861252ebc7dbc8d25bc4a25cb9986e5b3ac5bd7afd65,gaussian,student_t_df5,0.0,0.95,-35.096675593187555
expected_profit,economic_plus_operational,optimal,343.2509718751043,-113.70414924988053,-22.880900945894354,23.062337591357576,392.579,1.0,True,False,False,False,False,,False,0.85,0.0,0.15,False,ANCHOR-004,2026071904,db34afafa8a0701ce5f8861252ebc7dbc8d25bc4a25cb9986e5b3ac5bd7afd65,gaussian,student_t_df5,0.0,0.95,-35.096675593187555
mean_variance,variance_penalty,optimal,343.2509718751043,-113.70414924988053,-22.880900945894354,23.062337591357576,392.579,1.0,True,False,False,False,False,,False,0.85,0.0,0.15,False,ANCHOR-004,2026071904,db34afafa8a0701ce5f8861252ebc7dbc8d25bc4a25cb9986e5b3ac5bd7afd65,gaussian,student_t_df5,0.0,0.95,-35.096675593187555
loss_CVaR,economic_operational_plus_CVaR,optimal,342.93982218978573,-121.96209020333374,-35.096675593187754,35.27036703169819,385.85702670383705,1.0,False,False,False,False,False,,False,0.8148248388479175,0.03517516115208249,0.15,False,ANCHOR-004,2026071904,db34afafa8a0701ce5f8861252ebc7dbc8d25bc4a25cb9986e5b3ac5bd7afd65,gaussian,student_t_df5,0.0,0.95,-35.096675593187555
ranking_proportional_repaired,ranking,repaired,336.00352573658085,-198.39111359733118,-145.36276240198902,145.46861939024163,310.75119901298854,1.0,False,False,False,False,False,,False,0.4252761109743977,0.41731036270383504,0.15741352632176728,False,ANCHOR-004,2026071905,e14829493b113ad79580680b6fe7d26d7bcb5ac3da99a1c4a59ee81e0e460f5b,gaussian,student_t_df5,0.0,0.95,-28.933360424115875
expected_profit,economic_plus_operational,optimal,339.9490821153474,-111.20520950795732,-15.996760204352213,16.18689633067531,392.579,1.0,True,False,False,False,False,,False,0.85,0.0,0.15,False,ANCHOR-004,2026071905,e14829493b113ad79580680b6fe7d26d7bcb5ac3da99a1c4a59ee81e0e460f5b,gaussian,student_t_df5,0.0,0.95,-28.933360424115875
mean_variance,variance_penalty,optimal,339.9490821153474,-111.20520950795732,-15.996760204352213,16.18689633067531,392.579,1.0,True,False,False,False,False,,False,0.85,0.0,0.15,False,ANCHOR-004,2026071905,e14829493b113ad79580680b6fe7d26d7bcb5ac3da99a1c4a59ee81e0e460f5b,gaussian,student_t_df5,0.0,0.95,-28.933360424115875
loss_CVaR,economic_operational_plus_CVaR,optimal,339.7678478065286,-120.5758743598775,-28.933360424116117,29.116524564521455,385.95945136671236,1.0,False,False,False,False,False,,False,0.8153608130126236,0.03463918698737642,0.15,False,ANCHOR-004,2026071905,e14829493b113ad79580680b6fe7d26d7bcb5ac3da99a1c4a59ee81e0e460f5b,gaussian,student_t_df5,0.0,0.95,-28.933360424115875
ranking_proportional_repaired,ranking,repaired,336.16720025530526,-168.71072102755497,-91.93113567956294,92.08449433247488,310.75119901298854,1.0,False,False,False,False,False,,,0.4252761109743977,0.417310362703835,0.15741352632176728,False,ANCHOR-005,2026071901,8b1517c1645253b8b7806c74416a0159cb8cf32aa586085929ee4ddf2e454d7f,student_t_df4,student_t_df5,0.25,0.95,-40.25150787957166
expected_profit,economic_plus_operational,optimal,375.8537320834881,-108.84030669420144,11.428119920419618,-11.187319385648355,434.66,1.0,True,False,False,False,False,,,1.0,0.0,0.0,False,ANCHOR-005,2026071901,8b1517c1645253b8b7806c74416a0159cb8cf32aa586085929ee4ddf2e454d7f,student_t_df4,student_t_df5,0.25,0.95,-40.25150787957166
mean_variance,variance_penalty,optimal,375.85373208498106,-108.8403066949024,11.428119919380364,-11.187319384608612,434.6600000010661,1.000000000004867,True,False,False,False,False,,,1.0,3.5328071063585876e-12,1.334250686835159e-12,False,ANCHOR-005,2026071901,8b1517c1645253b8b7806c74416a0159cb8cf32aa586085929ee4ddf2e454d7f,student_t_df4,student_t_df5,0.25,0.95,-40.25150787957166
loss_CVaR,economic_operational_plus_CVaR,optimal,374.62189856662263,-145.07576671214298,-40.251507879572,40.46076451111306,395.7270703612027,1.0,False,False,False,False,False,,,0.7962693373166023,0.20373066268339768,0.0,False,ANCHOR-005,2026071901,8b1517c1645253b8b7806c74416a0159cb8cf32aa586085929ee4ddf2e454d7f,student_t_df4,student_t_df5,0.25,0.95,-40.25150787957166
ranking_proportional_repaired,ranking,repaired,337.3253112116944,-171.70288240763347,-105.67091196249966,105.8028410914077,310.75119901298854,1.0,False,False,False,False,False,,,0.4252761109743977,0.417310362703835,0.15741352632176728,False,ANCHOR-005,2026071902,ccd24beaef0fa551cc4ad2edea5d37a774a725d2b9efa276c1eae0add851f49a,student_t_df4,student_t_df5,0.25,0.95,-58.300362039875566
expected_profit,economic_plus_operational,optimal,377.4030460375549,-117.10193901788648,-10.929812117251473,11.142284733740333,434.66,1.0,True,False,False,False,False,,,1.0,0.0,0.0,False,ANCHOR-005,2026071902,ccd24beaef0fa551cc4ad2edea5d37a774a725d2b9efa276c1eae0add851f49a,student_t_df4,student_t_df5,0.25,0.95,-58.300362039875566
mean_variance,variance_penalty,optimal,377.4030460375549,-117.10193901788648,-10.929812117251473,11.142284733740333,434.66,1.0,True,False,False,False,False,,,1.0,0.0,0.0,False,ANCHOR-005,2026071902,ccd24beaef0fa551cc4ad2edea5d37a774a725d2b9efa276c1eae0add851f49a,student_t_df4,student_t_df5,0.25,0.95,-58.300362039875566
loss_CVaR,economic_operational_plus_CVaR,optimal,376.1670734876223,-148.57267998844802,-58.30036203987585,58.48076173557707,398.3211642851058,1.0,False,False,False,False,False,,,0.8098438738100772,0.19015612618992284,0.0,False,ANCHOR-005,2026071902,ccd24beaef0fa551cc4ad2edea5d37a774a725d2b9efa276c1eae0add851f49a,student_t_df4,student_t_df5,0.25,0.95,-58.300362039875566
ranking_proportional_repaired,ranking,repaired,337.40411025335715,-172.26533685442786,-99.477836614886,99.62337421623478,310.75119901298854,1.0,False,False,False,False,False,,,0.4252761109743977,0.417310362703835,0.15741352632176728,False,ANCHOR-005,2026071903,31ed1c0905ca02fc2fa8798c051270ab0d533c7c34d46514d6f0f39791eb9de8,student_t_df4,student_t_df5,0.25,0.95,-51.00801446631115
expected_profit,economic_plus_operational,optimal,378.66327708986273,-111.903957500574,-2.5381923177363035,2.757291232439551,434.66,1.0,True,False,False,False,False,,,1.0,0.0,0.0,False,ANCHOR-005,2026071903,31ed1c0905ca02fc2fa8798c051270ab0d533c7c34d46514d6f0f39791eb9de8,student_t_df4,student_t_df5,0.25,0.95,-51.00801446631115
mean_variance,variance_penalty,optimal,378.66327708986273,-111.903957500574,-2.5381923177363035,2.757291232439551,434.66,1.0,True,False,False,False,False,,,1.0,0.0,0.0,False,ANCHOR-005,2026071903,31ed1c0905ca02fc2fa8798c051270ab0d533c7c34d46514d6f0f39791eb9de8,student_t_df4,student_t_df5,0.25,0.95,-51.00801446631115
loss_CVaR,economic_operational_plus_CVaR,optimal,376.8859939067649,-148.5415323518231,-51.00801446631158,51.20319407874531,396.6451748911877,1.0,False,False,False,False,False,,,0.8010736519685382,0.1989263480314618,0.0,False,ANCHOR-005,2026071903,31ed1c0905ca02fc2fa8798c051270ab0d533c7c34d46514d6f0f39791eb9de8,student_t_df4,student_t_df5,0.25,0.95,-51.00801446631115
ranking_proportional_repaired,ranking,repaired,334.4001649627106,-169.87207620405363,-96.21772042754802,96.36483507465609,310.75119901298854,1.0,False,False,False,False,False,,,0.4252761109743977,0.417310362703835,0.15741352632176728,False,ANCHOR-005,2026071904,85c41527fdd53613a2e9f229db8838e0f96d770fd45c5f1a6ee3be7b704c6005,student_t_df4,student_t_df5,0.25,0.95,-44.43988279098963
expected_profit,economic_plus_operational,optimal,374.5042630172005,-115.45388410101555,7.33795484556876,-7.092574598513292,434.66,1.0,True,False,False,False,False,,,1.0,0.0,0.0,False,ANCHOR-005,2026071904,85c41527fdd53613a2e9f229db8838e0f96d770fd45c5f1a6ee3be7b704c6005,student_t_df4,student_t_df5,0.25,0.95,-44.43988279098963
mean_variance,variance_penalty,optimal,374.5042630172005,-115.45388410101555,7.33795484556876,-7.092574598513292,434.66,1.0,True,False,False,False,False,,,1.0,0.0,0.0,False,ANCHOR-005,2026071904,85c41527fdd53613a2e9f229db8838e0f96d770fd45c5f1a6ee3be7b704c6005,student_t_df4,student_t_df5,0.25,0.95,-44.43988279098963
loss_CVaR,economic_operational_plus_CVaR,optimal,373.0393464079447,-149.12566147386025,-44.43988279098997,44.64933493407234,395.6837459444598,1.0,False,False,False,False,False,,,0.7960426266062783,0.20395737339372166,0.0,False,ANCHOR-005,2026071904,85c41527fdd53613a2e9f229db8838e0f96d770fd45c5f1a6ee3be7b704c6005,student_t_df4,student_t_df5,0.25,0.95,-44.43988279098963
ranking_proportional_repaired,ranking,repaired,336.1383590144905,-172.25239141462373,-94.99258660540421,95.1473375297459,310.75119901298854,1.0,False,False,False,False,False,,,0.4252761109743977,0.417310362703835,0.15741352632176728,False,ANCHOR-005,2026071905,5dab1a4d5981af1bf143f327b6c233e2263e243df6562bd4245ad0fc21a6d11b,student_t_df4,student_t_df5,0.25,0.95,-44.984627592861635
expected_profit,economic_plus_operational,optimal,375.0244566723044,-111.55806396160483,5.023331419680943,-4.7886686657163775,434.66,1.0,True,False,False,False,False,,,1.0,0.0,0.0,False,ANCHOR-005,2026071905,5dab1a4d5981af1bf143f327b6c233e2263e243df6562bd4245ad0fc21a6d11b,student_t_df4,student_t_df5,0.25,0.95,-44.984627592861635
mean_variance,variance_penalty,optimal,375.0244566723044,-111.55806396160483,5.023331419680943,-4.7886686657163775,434.66,1.0,True,False,False,False,False,,,1.0,0.0,0.0,False,ANCHOR-005,2026071905,5dab1a4d5981af1bf143f327b6c233e2263e243df6562bd4245ad0fc21a6d11b,student_t_df4,student_t_df5,0.25,0.95,-44.984627592861635
loss_CVaR,economic_operational_plus_CVaR,optimal,374.0811779884014,-148.12833572457586,-44.984627592861884,45.190787944771756,395.241155338542,0.9999999999999997,False,False,False,False,False,,,0.7937266108767245,0.2062733891232752,0.0,False,ANCHOR-005,2026071905,5dab1a4d5981af1bf143f327b6c233e2263e243df6562bd4245ad0fc21a6d11b,student_t_df4,student_t_df5,0.25,0.95,-44.984627592861635
ranking_proportional_repaired,ranking,repaired,329.83511284933473,-134.47533883993322,-54.856210346121784,55.01587625689995,304.262,1.0,True,False,False,False,False,,,0.4021450101938013,0.41731036270383476,0.18054462710236394,True,ANCHOR-006,2026071901,e38b456f0687b2d5799d82279fae492aff62084e04ad3e0af1b64252194db3dc,clayton,student_t_df5,0.5,0.95,-68.16523852409348
expected_profit,economic_plus_operational,optimal,370.989192407175,-165.5557801765736,-81.47426670206518,81.6421612103578,304.262,0.9999999999999999,False,False,False,False,False,,,0.3176452119309262,0.6823547880690737,0.0,True,ANCHOR-006,2026071901,e38b456f0687b2d5799d82279fae492aff62084e04ad3e0af1b64252194db3dc,clayton,student_t_df5,0.5,0.95,-68.16523852409348
mean_variance,variance_penalty,optimal,370.98919240831765,-165.55578017706856,-81.47426670225082,81.64216121054402,304.262000001066,1.0000000000034073,False,False,False,False,False,,,0.3176452119324124,0.6823547880704585,5.365318281176955e-13,True,ANCHOR-006,2026071901,e38b456f0687b2d5799d82279fae492aff62084e04ad3e0af1b64252194db3dc,clayton,student_t_df5,0.5,0.95,-68.16523852409348
loss_CVaR,economic_operational_plus_CVaR,optimal,370.989192407175,-165.55578017657362,-81.47426670206518,81.64216121035781,304.262,1.0,False,False,False,False,False,,,0.3176452119309262,0.6823547880690738,0.0,True,ANCHOR-006,2026071901,e38b456f0687b2d5799d82279fae492aff62084e04ad3e0af1b64252194db3dc,clayton,student_t_df5,0.5,0.95,-68.16523852409348
ranking_proportional_repaired,ranking,repaired,331.65841057926093,-137.57206329870087,-53.32006631243377,53.48840315560434,304.262,1.0,True,False,False,False,False,,,0.4021450101938013,0.41731036270383476,0.18054462710236394,True,ANCHOR-006,2026071902,185787b9f2af4eb004d3f2d3dddf33f4289f9ce44c0e13e44acd58baae57ebb4,clayton,student_t_df5,0.5,0.95,-65.63843921934773
expected_profit,economic_plus_operational,optimal,372.5348882277967,-166.8406082995767,-77.95681212626168,78.13430450325913,304.262,0.9999999999999999,False,False,False,False,False,,,0.3176452119309262,0.6823547880690737,0.0,True,ANCHOR-006,2026071902,185787b9f2af4eb004d3f2d3dddf33f4289f9ce44c0e13e44acd58baae57ebb4,clayton,student_t_df5,0.5,0.95,-65.63843921934773
mean_variance,variance_penalty,optimal,372.5348882277967,-166.8406082995767,-77.95681212626168,78.13430450325913,304.262,0.9999999999999999,False,False,False,False,False,,,0.3176452119309262,0.6823547880690737,0.0,True,ANCHOR-006,2026071902,185787b9f2af4eb004d3f2d3dddf33f4289f9ce44c0e13e44acd58baae57ebb4,clayton,student_t_df5,0.5,0.95,-65.63843921934773
loss_CVaR,economic_operational_plus_CVaR,optimal,372.53488822779684,-166.84060829957673,-77.9568121262617,78.13430450325914,304.262,1.0,False,False,False,False,False,,,0.31764521193092615,0.6823547880690739,0.0,True,ANCHOR-006,2026071902,185787b9f2af4eb004d3f2d3dddf33f4289f9ce44c0e13e44acd58baae57ebb4,clayton,student_t_df5,0.5,0.95,-65.63843921934773
ranking_proportional_repaired,ranking,repaired,330.6036908293386,-138.14225668100875,-58.43595981648561,58.59528794414443,304.262,1.0,True,False,False,False,False,,,0.4021450101938013,0.41731036270383476,0.18054462710236394,True,ANCHOR-006,2026071903,923ee0bd1131e63dd4117295278ca4a3286f1efca0fc5ba8f42c5a60ff875682,clayton,student_t_df5,0.5,0.95,-71.79458576839559
expected_profit,economic_plus_operational,optimal,371.5492446063717,-169.55339404169212,-85.15321172030556,85.32189902925006,304.262,0.9999999999999999,False,False,False,False,False,,,0.3176452119309262,0.6823547880690737,0.0,True,ANCHOR-006,2026071903,923ee0bd1131e63dd4117295278ca4a3286f1efca0fc5ba8f42c5a60ff875682,clayton,student_t_df5,0.5,0.95,-71.79458576839559
mean_variance,variance_penalty,optimal,371.5492446112155,-169.5533940438087,-85.15321172116049,85.32189903010722,304.26200000447534,1.0000000000144154,False,False,False,False,False,,,0.31764521193703593,0.6823547880751067,2.2725805347366888e-12,True,ANCHOR-006,2026071903,923ee0bd1131e63dd4117295278ca4a3286f1efca0fc5ba8f42c5a60ff875682,clayton,student_t_df5,0.5,0.95,-71.79458576839559
loss_CVaR,economic_operational_plus_CVaR,optimal,371.54924460637176,-169.55339404169214,-85.15321172030559,85.32189902925008,304.262,1.0,False,False,False,False,False,,,0.31764521193092615,0.6823547880690739,0.0,True,ANCHOR-006,2026071903,923ee0bd1131e63dd4117295278ca4a3286f1efca0fc5ba8f42c5a60ff875682,clayton,student_t_df5,0.5,0.95,-71.79458576839559
ranking_proportional_repaired,ranking,repaired,330.2709496380483,-137.66874513166266,-44.547057125725814,44.73305619699605,304.262,1.0,True,False,False,False,False,,,0.4021450101938013,0.41731036270383476,0.18054462710236394,True,ANCHOR-006,2026071904,7ccbd4c32928c2de538ecd9dccc3f95370704e2e229ab41b6fa25f1ff3c868f9,clayton,student_t_df5,0.5,0.95,-57.60117641443095
expected_profit,economic_plus_operational,optimal,371.59459375684804,-166.61761625547848,-70.65529570313609,70.84692192934702,304.262,0.9999999999999999,False,False,False,False,False,,,0.3176452119309262,0.6823547880690737,0.0,True,ANCHOR-006,2026071904,7ccbd4c32928c2de538ecd9dccc3f95370704e2e229ab41b6fa25f1ff3c868f9,clayton,student_t_df5,0.5,0.95,-57.60117641443095
mean_variance,variance_penalty,optimal,371.59459376338106,-166.6176162580622,-70.65529570402029,70.84692193023471,304.26200000603194,1.000000000019457,False,False,False,False,False,,,0.31764521193912315,0.6823547880772758,3.058285475108104e-12,True,ANCHOR-006,2026071904,7ccbd4c32928c2de538ecd9dccc3f95370704e2e229ab41b6fa25f1ff3c868f9,clayton,student_t_df5,0.5,0.95,-57.60117641443095
loss_CVaR,economic_operational_plus_CVaR,optimal,371.5945937568482,-166.61761625547854,-70.6552957031361,70.84692192934705,304.262,1.0,False,False,False,False,False,,,0.31764521193092615,0.6823547880690739,0.0,True,ANCHOR-006,2026071904,7ccbd4c32928c2de538ecd9dccc3f95370704e2e229ab41b6fa25f1ff3c868f9,clayton,student_t_df5,0.5,0.95,-57.60117641443095
ranking_proportional_repaired,ranking,repaired,330.5136108485007,-137.82731172677353,-49.77829628074356,49.95429007803656,304.262,1.0,True,False,False,False,False,,,0.4021450101938013,0.41731036270383476,0.18054462710236394,True,ANCHOR-006,2026071905,fae291523e672114bb11ad5ca48923f9838a8da4fee28b9935c78888a2c9f1f8,clayton,student_t_df5,0.5,0.95,-63.23334241666219
expected_profit,economic_plus_operational,optimal,371.5230113576045,-168.54651130169145,-76.68838855258082,76.87195959472655,304.262,0.9999999999999999,False,False,False,False,False,,,0.3176452119309262,0.6823547880690737,0.0,True,ANCHOR-006,2026071905,fae291523e672114bb11ad5ca48923f9838a8da4fee28b9935c78888a2c9f1f8,clayton,student_t_df5,0.5,0.95,-63.23334241666219
mean_variance,variance_penalty,optimal,371.52301135942173,-168.5465113024787,-76.68838855286035,76.87195959500693,304.26200000167097,1.0000000000054117,False,False,False,False,False,,,0.3176452119331728,0.6823547880713839,8.549450940580197e-13,True,ANCHOR-006,2026071905,fae291523e672114bb11ad5ca48923f9838a8da4fee28b9935c78888a2c9f1f8,clayton,student_t_df5,0.5,0.95,-63.23334241666219
loss_CVaR,economic_operational_plus_CVaR,optimal,371.5230113576046,-168.54651130169145,-76.68838855258082,76.87195959472656,304.262,1.0,False,False,False,False,False,,,0.3176452119309262,0.6823547880690738,0.0,True,ANCHOR-006,2026071905,fae291523e672114bb11ad5ca48923f9838a8da4fee28b9935c78888a2c9f1f8,clayton,student_t_df5,0.5,0.95,-63.23334241666219
ranking_proportional_repaired,ranking,repaired,316.61217089650876,-165.8742767929214,-156.53529459905093,156.62846249218472,289.633238840231,1.0,True,False,False,False,False,False,,0.35,0.41731036270383487,0.23268963729616515,True,ANCHOR-007,2026071901,dab09576ee13711147c9d83496ab1ac9ef1edc1e5b4683f29296e691a1c685e8,gaussian,empirical_resample,0.0,0.99,-165.06434478826566
expected_profit,economic_plus_operational,optimal,370.31896643284404,-185.73574743556583,-173.59339497748036,173.7143002591931,310.445,1.0,False,False,False,False,False,False,,0.35,0.65,0.0,True,ANCHOR-007,2026071901,dab09576ee13711147c9d83496ab1ac9ef1edc1e5b4683f29296e691a1c685e8,gaussian,empirical_resample,0.0,0.99,-165.06434478826566
mean_variance,variance_penalty,optimal,370.31896643284404,-185.73574743556583,-173.59339497748036,173.7143002591931,310.445,1.0,False,False,False,False,False,False,,0.35,0.65,0.0,True,ANCHOR-007,2026071901,dab09576ee13711147c9d83496ab1ac9ef1edc1e5b4683f29296e691a1c685e8,gaussian,empirical_resample,0.0,0.99,-165.06434478826566
loss_CVaR,economic_operational_plus_CVaR,optimal,370.31896643284404,-185.73574743556583,-173.59339497748036,173.7143002591931,310.445,1.0,False,False,False,False,False,False,,0.35,0.65,0.0,True,ANCHOR-007,2026071901,dab09576ee13711147c9d83496ab1ac9ef1edc1e5b4683f29296e691a1c685e8,gaussian,empirical_resample,0.0,0.99,-165.06434478826566
ranking_proportional_repaired,ranking,repaired,317.17741413826246,-169.06173538655938,-155.95069937894723,156.0830726523278,289.633238840231,1.0,True,False,False,False,False,False,,0.35,0.41731036270383487,0.23268963729616515,True,ANCHOR-007,2026071902,316701f3b6df8d5c334554c15a3843983db352f41be5974d3d8119a89d6157d1,gaussian,empirical_resample,0.0,0.99,-163.31830154315077
expected_profit,economic_plus_operational,optimal,371.08237564799526,-181.51600816838544,-170.68590370735427,170.79328796139322,310.445,1.0,False,False,False,False,False,False,,0.35,0.65,0.0,True,ANCHOR-007,2026071902,316701f3b6df8d5c334554c15a3843983db352f41be5974d3d8119a89d6157d1,gaussian,empirical_resample,0.0,0.99,-163.31830154315077
mean_variance,variance_penalty,optimal,371.0823756544616,-181.51600817174906,-170.6859037104506,170.79328796449101,310.44500000599436,1.0000000000192952,False,False,False,False,False,False,,0.3500000000081895,0.6500000000080843,3.0212850098353054e-12,True,ANCHOR-007,2026071902,316701f3b6df8d5c334554c15a3843983db352f41be5974d3d8119a89d6157d1,gaussian,empirical_resample,0.0,0.99,-163.31830154315077
loss_CVaR,economic_operational_plus_CVaR,optimal,371.08237564799526,-181.51600816838544,-170.68590370735427,170.79328796139322,310.445,1.0,False,False,False,False,False,False,,0.35,0.65,0.0,True,ANCHOR-007,2026071902,316701f3b6df8d5c334554c15a3843983db352f41be5974d3d8119a89d6157d1,gaussian,empirical_resample,0.0,0.99,-163.31830154315077
ranking_proportional_repaired,ranking,repaired,316.69099520550935,-166.01564160995554,-155.2380068482932,155.3449896526931,289.633238840231,1.0,True,False,False,False,False,False,,0.35,0.41731036270383487,0.23268963729616515,True,ANCHOR-007,2026071903,d3b9f302b09f5966a3d42bad774cc673e7388d80af756713f409659fc69af1ca,gaussian,empirical_resample,0.0,0.99,-164.191442756741
expected_profit,economic_plus_operational,optimal,370.7732669053764,-184.1855474070325,-173.1448786651888,173.25428972296274,310.445,1.0,False,False,False,False,False,False,,0.35,0.65,0.0,True,ANCHOR-007,2026071903,d3b9f302b09f5966a3d42bad774cc673e7388d80af756713f409659fc69af1ca,gaussian,empirical_resample,0.0,0.99,-164.191442756741
mean_variance,variance_penalty,optimal,370.7732669053764,-184.1855474070325,-173.1448786651888,173.25428972296274,310.445,1.0,False,False,False,False,False,False,,0.35,0.65,0.0,True,ANCHOR-007,2026071903,d3b9f302b09f5966a3d42bad774cc673e7388d80af756713f409659fc69af1ca,gaussian,empirical_resample,0.0,0.99,-164.191442756741
loss_CVaR,economic_operational_plus_CVaR,optimal,370.7732669053764,-184.1855474070325,-173.1448786651888,173.25428972296274,310.445,1.0,False,False,False,False,False,False,,0.35,0.65,0.0,True,ANCHOR-007,2026071903,d3b9f302b09f5966a3d42bad774cc673e7388d80af756713f409659fc69af1ca,gaussian,empirical_resample,0.0,0.99,-164.191442756741
ranking_proportional_repaired,ranking,repaired,319.0418146895154,-164.36494049787115,-153.2714160434394,153.38144563946113,289.633238840231,1.0,True,False,False,False,False,False,,0.35,0.41731036270383487,0.23268963729616515,True,ANCHOR-007,2026071904,cdab6d87f9fa508e55949f66b01b37add61e4ffbca4b658179f27df2771f8f50,gaussian,empirical_resample,0.0,0.99,-161.03110668556135
expected_profit,economic_plus_operational,optimal,372.92053754336536,-179.561146405737,-168.79079732768332,168.90741339210192,310.445,1.0,False,False,False,False,False,False,,0.35,0.65,0.0,True,ANCHOR-007,2026071904,cdab6d87f9fa508e55949f66b01b37add61e4ffbca4b658179f27df2771f8f50,gaussian,empirical_resample,0.0,0.99,-161.03110668556135
mean_variance,variance_penalty,optimal,372.92053754336536,-179.561146405737,-168.79079732768332,168.90741339210192,310.445,1.0,False,False,False,False,False,False,,0.35,0.65,0.0,True,ANCHOR-007,2026071904,cdab6d87f9fa508e55949f66b01b37add61e4ffbca4b658179f27df2771f8f50,gaussian,empirical_resample,0.0,0.99,-161.03110668556135
loss_CVaR,economic_operational_plus_CVaR,optimal,372.92053754336536,-179.561146405737,-168.79079732768332,168.90741339210192,310.445,1.0,False,False,False,False,False,False,,0.35,0.65,0.0,True,ANCHOR-007,2026071904,cdab6d87f9fa508e55949f66b01b37add61e4ffbca4b658179f27df2771f8f50,gaussian,empirical_resample,0.0,0.99,-161.03110668556135
ranking_proportional_repaired,ranking,repaired,317.31174488222473,-167.86358611265376,-156.67573422258093,156.78760566966528,289.633238840231,1.0,True,False,False,False,False,False,,0.35,0.41731036270383487,0.23268963729616515,True,ANCHOR-007,2026071905,81d8ef22f5b0529d8fe885ef237e36f87610ba612029e1df832040c662604b7f,gaussian,empirical_resample,0.0,0.99,-164.13605191865565
expected_profit,economic_plus_operational,optimal,371.5308200849534,-182.90088951362267,-171.59636961473035,171.70873673934847,310.445,1.0,False,False,False,False,False,False,,0.35,0.65,0.0,True,ANCHOR-007,2026071905,81d8ef22f5b0529d8fe885ef237e36f87610ba612029e1df832040c662604b7f,gaussian,empirical_resample,0.0,0.99,-164.13605191865565
mean_variance,variance_penalty,optimal,371.5308200871694,-182.90088951484537,-171.59636961579272,171.7087367404124,310.44500000205187,1.0000000000065996,False,False,False,False,False,False,,0.350000000002805,0.6500000000027709,1.0235719222318566e-12,True,ANCHOR-007,2026071905,81d8ef22f5b0529d8fe885ef237e36f87610ba612029e1df832040c662604b7f,gaussian,empirical_resample,0.0,0.99,-164.13605191865565
loss_CVaR,economic_operational_plus_CVaR,optimal,371.5308200849534,-182.90088951362267,-171.59636961473035,171.70873673934847,310.445,1.0,False,False,False,False,False,False,,0.35,0.65,0.0,True,ANCHOR-007,2026071905,81d8ef22f5b0529d8fe885ef237e36f87610ba612029e1df832040c662604b7f,gaussian,empirical_resample,0.0,0.99,-164.13605191865565
ranking_proportional_repaired,ranking,repaired,335.83264116852246,-143.59792811352696,-137.40070435553795,137.4625057602688,310.75119901298854,1.0,False,False,False,False,False,,False,0.4252761109743977,0.41731036270383504,0.15741352632176728,False,ANCHOR-008,2026071901,07f0312bc490bea177247913a2ee68e2bb286eb88791989ab84b634abf8a3036,student_t_df4,empirical_resample,0.25,0.99,-124.38321548353449
expected_profit,economic_plus_operational,optimal,339.7461928381009,-114.90400576975205,-111.365726611531,111.40082360844137,392.579,1.0,True,False,False,False,False,,False,0.85,0.0,0.15,False,ANCHOR-008,2026071901,07f0312bc490bea177247913a2ee68e2bb286eb88791989ab84b634abf8a3036,student_t_df4,empirical_resample,0.25,0.99,-124.38321548353449
mean_variance,variance_penalty,optimal,339.7461928381009,-114.90400576975205,-111.365726611531,111.40082360844137,392.579,1.0,True,False,False,False,False,,False,0.85,0.0,0.15,False,ANCHOR-008,2026071901,07f0312bc490bea177247913a2ee68e2bb286eb88791989ab84b634abf8a3036,student_t_df4,empirical_resample,0.25,0.99,-124.38321548353449
loss_CVaR,economic_operational_plus_CVaR,optimal,338.81060012234985,-130.78197822826684,-124.38321548353461,124.44761950146943,358.00730555306023,1.0,False,False,False,False,False,,False,0.6690910808637376,0.1809089191362624,0.15,False,ANCHOR-008,2026071901,07f0312bc490bea177247913a2ee68e2bb286eb88791989ab84b634abf8a3036,student_t_df4,empirical_resample,0.25,0.99,-124.38321548353449
ranking_proportional_repaired,ranking,repaired,336.1111757631579,-144.7269177687843,-138.814257475215,138.87518898538656,310.75119901298854,1.0,False,False,False,False,False,,False,0.4252761109743977,0.41731036270383504,0.15741352632176728,False,ANCHOR-008,2026071902,02ced6f992e83eb9afe092650deb3644dc59e848b65dfa1071f9b59318d36d60,student_t_df4,empirical_resample,0.25,0.99,-125.54734649143083
expected_profit,economic_plus_operational,optimal,339.8313013261185,-116.10581823896774,-112.28043550764666,112.31915525109183,392.579,1.0,True,False,False,False,False,,False,0.85,0.0,0.15,False,ANCHOR-008,2026071902,02ced6f992e83eb9afe092650deb3644dc59e848b65dfa1071f9b59318d36d60,student_t_df4,empirical_resample,0.25,0.99,-125.54734649143083
mean_variance,variance_penalty,optimal,339.8313013328282,-116.10581824338995,-112.28043551101855,112.31915525446534,392.57900000619946,1.0000000000199556,True,False,False,False,False,,False,0.8500000000084726,8.35228218201339e-12,0.15000000000313074,False,ANCHOR-008,2026071902,02ced6f992e83eb9afe092650deb3644dc59e848b65dfa1071f9b59318d36d60,student_t_df4,empirical_resample,0.25,0.99,-125.54734649143083
loss_CVaR,economic_operational_plus_CVaR,optimal,338.9892311825048,-132.01036820982688,-125.54734649143096,125.61283518277723,358.4390632293967,1.0,False,False,False,False,False,,False,0.6713504093636669,0.17864959063633312,0.15,False,ANCHOR-008,2026071902,02ced6f992e83eb9afe092650deb3644dc59e848b65dfa1071f9b59318d36d60,student_t_df4,empirical_resample,0.25,0.99,-125.54734649143083
ranking_proportional_repaired,ranking,repaired,336.68195257876573,-144.1086652533644,-138.17406415597003,138.23320525609253,310.75119901298854,1.0,False,False,False,False,False,,False,0.4252761109743977,0.41731036270383504,0.15741352632176728,False,ANCHOR-008,2026071903,a2188a2c5c07e727049fee6520c8a3ffb975d6cad0e037164301f4156246bdd7,student_t_df4,empirical_resample,0.25,0.99,-125.00545450284238
expected_profit,economic_plus_operational,optimal,341.8063273627925,-115.5704761198862,-111.83684484971475,111.87407538997132,392.579,1.0,True,False,False,False,False,,False,0.85,0.0,0.15,False,ANCHOR-008,2026071903,a2188a2c5c07e727049fee6520c8a3ffb975d6cad0e037164301f4156246bdd7,student_t_df4,empirical_resample,0.25,0.99,-125.00545450284238
mean_variance,variance_penalty,optimal,341.8063273627925,-115.5704761198862,-111.83684484971475,111.87407538997132,392.579,1.0,True,False,False,False,False,,False,0.85,0.0,0.15,False,ANCHOR-008,2026071903,a2188a2c5c07e727049fee6520c8a3ffb975d6cad0e037164301f4156246bdd7,student_t_df4,empirical_resample,0.25,0.99,-125.00545450284238
loss_CVaR,economic_operational_plus_CVaR,optimal,340.3440258399521,-131.03826728712914,-125.00545450284257,125.0674861830189,357.8316325967586,1.0,False,False,False,False,False,,False,0.6681718084602752,0.18182819153972474,0.15,False,ANCHOR-008,2026071903,a2188a2c5c07e727049fee6520c8a3ffb975d6cad0e037164301f4156246bdd7,student_t_df4,empirical_resample,0.25,0.99,-125.00545450284238
ranking_proportional_repaired,ranking,repaired,333.44363562717655,-143.3944736296803,-138.29298925268785,138.3435472895405,310.75119901298854,1.0,False,False,False,False,False,,False,0.4252761109743977,0.41731036270383504,0.15741352632176728,False,ANCHOR-008,2026071904,0f71870e7b2976052d84dc86c1996692ab76bb0933b496ab54ef87b63aaec979,student_t_df4,empirical_resample,0.25,0.99,-124.94220335520487
expected_profit,economic_plus_operational,optimal,337.8673132264334,-114.79099056338801,-111.5914174577219,111.623384023131,392.579,1.0,True,False,False,False,False,,False,0.85,0.0,0.15,False,ANCHOR-008,2026071904,0f71870e7b2976052d84dc86c1996692ab76bb0933b496ab54ef87b63aaec979,student_t_df4,empirical_resample,0.25,0.99,-124.94220335520487
mean_variance,variance_penalty,optimal,337.8673132264334,-114.79099056338801,-111.5914174577219,111.623384023131,392.579,1.0,True,False,False,False,False,,False,0.85,0.0,0.15,False,ANCHOR-008,2026071904,0f71870e7b2976052d84dc86c1996692ab76bb0933b496ab54ef87b63aaec979,student_t_df4,empirical_resample,0.25,0.99,-124.94220335520487
loss_CVaR,economic_operational_plus_CVaR,optimal,336.68250578913256,-129.9867945236808,-124.9422033552051,124.99218602600025,357.25337144528623,1.0,False,False,False,False,False,,False,0.6651458474373954,0.18485415256260462,0.15,False,ANCHOR-008,2026071904,0f71870e7b2976052d84dc86c1996692ab76bb0933b496ab54ef87b63aaec979,student_t_df4,empirical_resample,0.25,0.99,-124.94220335520487
ranking_proportional_repaired,ranking,repaired,335.39382517647863,-143.58465950736917,-137.31979688684802,137.38241550747392,310.75119901298854,1.0,False,False,False,False,False,,False,0.4252761109743977,0.41731036270383504,0.15741352632176728,False,ANCHOR-008,2026071905,640fceabc76fc4c5f69d58ed2459300bd456f3d4119b8db9fead4012412a97bc,student_t_df4,empirical_resample,0.25,0.99,-124.282939389824
expected_profit,economic_plus_operational,optimal,338.96996260793077,-114.51721539650352,-111.24608189279996,111.27865265450968,392.579,1.0,True,False,False,False,False,,False,0.85,0.0,0.15,False,ANCHOR-008,2026071905,640fceabc76fc4c5f69d58ed2459300bd456f3d4119b8db9fead4012412a97bc,student_t_df4,empirical_resample,0.25,0.99,-124.282939389824
mean_variance,variance_penalty,optimal,338.9699626085726,-114.51721539676643,-111.24608189311301,111.27865265482397,392.579000000593,1.000000000001915,True,False,False,False,False,,False,0.8500000000008044,8.069575232334501e-13,0.1500000000003035,False,ANCHOR-008,2026071905,640fceabc76fc4c5f69d58ed2459300bd456f3d4119b8db9fead4012412a97bc,student_t_df4,empirical_resample,0.25,0.99,-124.282939389824
loss_CVaR,economic_operational_plus_CVaR,optimal,338.14587249018535,-129.91752483182321,-124.28293938982414,124.34089527767279,356.6396463666607,1.0,False,False,False,False,False,,False,0.6619343085644203,0.18806569143557972,0.15,False,ANCHOR-008,2026071905,640fceabc76fc4c5f69d58ed2459300bd456f3d4119b8db9fead4012412a97bc,student_t_df4,empirical_resample,0.25,0.99,-124.282939389824
ranking_proportional_repaired,ranking,repaired,334.2377534455565,-135.35930801986356,-132.94405005004884,132.96809855397723,310.75119901298854,1.0,False,False,False,False,False,,,0.4252761109743977,0.417310362703835,0.15741352632176728,False,ANCHOR-009,2026071901,30911d315b359ac03243e7667c131b50bbced989a746a5191f60f3996b2a84fb,clayton,empirical_resample,0.5,0.99,-131.61179136250433
expected_profit,economic_plus_operational,optimal,373.5557790904394,-121.88451833434881,-119.62146317460375,119.64405802047402,434.66,1.0,True,False,False,False,False,,,1.0,0.0,0.0,False,ANCHOR-009,2026071901,30911d315b359ac03243e7667c131b50bbced989a746a5191f60f3996b2a84fb,clayton,empirical_resample,0.5,0.99,-131.61179136250433
mean_variance,variance_penalty,optimal,373.5557790933404,-121.88451833614072,-119.62146317597431,119.64405802184423,434.66000000208066,1.0000000000094873,True,False,False,False,False,,,1.0,6.9147108969398225e-12,2.572697360395294e-12,False,ANCHOR-009,2026071901,30911d315b359ac03243e7667c131b50bbced989a746a5191f60f3996b2a84fb,clayton,empirical_resample,0.5,0.99,-131.61179136250433
loss_CVaR,economic_operational_plus_CVaR,optimal,372.4720016719122,-134.17956887323987,-131.6117913625044,131.63798590173795,393.79291206528865,1.0,False,False,False,False,False,,,0.7861481531412277,0.21385184685877234,0.0,False,ANCHOR-009,2026071901,30911d315b359ac03243e7667c131b50bbced989a746a5191f60f3996b2a84fb,clayton,empirical_resample,0.5,0.99,-131.61179136250433
ranking_proportional_repaired,ranking,repaired,336.36214959784036,-135.14704150115674,-132.71813297991807,132.74326835076408,310.75119901298854,1.0,False,False,False,False,False,,,0.4252761109743977,0.417310362703835,0.15741352632176728,False,ANCHOR-009,2026071902,bbf8d98e4fb80362e13ae8a46b429ca750901306287776f83026c9b06012d5d0,clayton,empirical_resample,0.5,0.99,-131.41186985073756
expected_profit,economic_plus_operational,optimal,377.1369812483711,-121.61173969203189,-119.65550168811306,119.67529290968749,434.66,1.0,True,False,False,False,False,,,1.0,0.0,0.0,False,ANCHOR-009,2026071902,bbf8d98e4fb80362e13ae8a46b429ca750901306287776f83026c9b06012d5d0,clayton,empirical_resample,0.5,0.99,-131.41186985073756
mean_variance,variance_penalty,optimal,377.1369812503161,-121.61173969292624,-119.6555016890263,119.67529291060094,434.66000000139053,1.000000000006342,True,False,False,False,False,,,1.0,4.6184592742194195e-12,1.7234646423345361e-12,False,ANCHOR-009,2026071902,bbf8d98e4fb80362e13ae8a46b429ca750901306287776f83026c9b06012d5d0,clayton,empirical_resample,0.5,0.99,-131.41186985073756
loss_CVaR,economic_operational_plus_CVaR,optimal,375.5511959528858,-133.8304277037884,-131.41186985073765,131.43623871351545,394.1721236162906,1.0,False,False,False,False,False,,,0.7881325149989044,0.21186748500109565,0.0,False,ANCHOR-009,2026071902,bbf8d98e4fb80362e13ae8a46b429ca750901306287776f83026c9b06012d5d0,clayton,empirical_resample,0.5,0.99,-131.41186985073756
ranking_proportional_repaired,ranking,repaired,335.19191655833737,-135.171447907819,-132.76551392114249,132.790737135293,310.75119901298854,1.0,False,False,False,False,False,,,0.4252761109743977,0.417310362703835,0.15741352632176728,False,ANCHOR-009,2026071903,a6a5d5e9aab59094adcc97731df8cc726d3c38bdd5b2ff54cfcea19b176fb364,clayton,empirical_resample,0.5,0.99,-131.44433214669675
expected_profit,economic_plus_operational,optimal,375.17306796153275,-121.48691140073404,-119.55369617668528,119.57286402669268,434.66,1.0,True,False,False,False,False,,,1.0,0.0,0.0,False,ANCHOR-009,2026071903,a6a5d5e9aab59094adcc97731df8cc726d3c38bdd5b2ff54cfcea19b176fb364,clayton,empirical_resample,0.5,0.99,-131.44433214669675
mean_variance,variance_penalty,optimal,375.17306796153275,-121.48691140073404,-119.55369617668528,119.57286402669268,434.66,1.0,True,False,False,False,False,,,1.0,0.0,0.0,False,ANCHOR-009,2026071903,a6a5d5e9aab59094adcc97731df8cc726d3c38bdd5b2ff54cfcea19b176fb364,clayton,empirical_resample,0.5,0.99,-131.44433214669675
loss_CVaR,economic_operational_plus_CVaR,optimal,373.8052571806504,-134.007947634908,-131.44433214669684,131.4698365270648,393.74767634275224,1.0,False,False,False,False,False,,,0.7859114408307286,0.2140885591692714,0.0,False,ANCHOR-009,2026071903,a6a5d5e9aab59094adcc97731df8cc726d3c38bdd5b2ff54cfcea19b176fb364,clayton,empirical_resample,0.5,0.99,-131.44433214669675
ranking_proportional_repaired,ranking,repaired,335.23427285418336,-134.62120460873285,-132.3101244727755,132.33360639181285,310.75119901298854,1.0,False,False,False,False,False,,,0.4252761109743977,0.417310362703835,0.15741352632176728,False,ANCHOR-009,2026071904,ca7e18cd5cbe9a4bc63a42cb26ea22a17712ce73c6ec307fa7bf3d7c9d466a03,clayton,empirical_resample,0.5,0.99,-130.97956375855864
expected_profit,economic_plus_operational,optimal,374.23535020926784,-121.1039022666304,-119.00451733060699,119.02635665942259,434.66,1.0,True,False,False,False,False,,,1.0,0.0,0.0,False,ANCHOR-009,2026071904,ca7e18cd5cbe9a4bc63a42cb26ea22a17712ce73c6ec307fa7bf3d7c9d466a03,clayton,empirical_resample,0.5,0.99,-130.97956375855864
mean_variance,variance_penalty,optimal,374.23535020926784,-121.1039022666304,-119.00451733060699,119.02635665942259,434.66,1.0,True,False,False,False,False,,,1.0,0.0,0.0,False,ANCHOR-009,2026071904,ca7e18cd5cbe9a4bc63a42cb26ea22a17712ce73c6ec307fa7bf3d7c9d466a03,clayton,empirical_resample,0.5,0.99,-130.97956375855864
loss_CVaR,economic_operational_plus_CVaR,optimal,373.31641148994817,-133.48571447493808,-130.97956375855878,131.00482414599117,393.5866895098794,1.0,False,False,False,False,False,,,0.7850690188900021,0.21493098110999787,0.0,False,ANCHOR-009,2026071904,ca7e18cd5cbe9a4bc63a42cb26ea22a17712ce73c6ec307fa7bf3d7c9d466a03,clayton,empirical_resample,0.5,0.99,-130.97956375855864
ranking_proportional_repaired,ranking,repaired,335.3748098120333,-134.68181893310614,-132.54935972877715,132.57049386487597,310.75119901298854,1.0,False,False,False,False,False,,,0.4252761109743977,0.417310362703835,0.15741352632176728,False,ANCHOR-009,2026071905,a16fd8614737ebbdf0c682bf927e27fcb848c80ec4b87cea006c3a4fc9cac319,clayton,empirical_resample,0.5,0.99,-131.21101925154727
expected_profit,economic_plus_operational,optimal,375.03488433660937,-121.10172037970324,-119.16595495647827,119.18551243569075,434.66,1.0,True,False,False,False,False,,,1.0,0.0,0.0,False,ANCHOR-009,2026071905,a16fd8614737ebbdf0c682bf927e27fcb848c80ec4b87cea006c3a4fc9cac319,clayton,empirical_resample,0.5,0.99,-131.21101925154727
mean_variance,variance_penalty,optimal,375.03488433660937,-121.10172037970324,-119.16595495647827,119.18551243569075,434.66,1.0,True,False,False,False,False,,,1.0,0.0,0.0,False,ANCHOR-009,2026071905,a16fd8614737ebbdf0c682bf927e27fcb848c80ec4b87cea006c3a4fc9cac319,clayton,empirical_resample,0.5,0.99,-131.21101925154727
loss_CVaR,economic_operational_plus_CVaR,optimal,373.7836239007962,-133.7474045839101,-131.21101925154744,131.23655861303496,393.6240441542264,1.0,False,False,False,False,False,,,0.7852644906029637,0.21473550939703634,0.0,False,ANCHOR-009,2026071905,a16fd8614737ebbdf0c682bf927e27fcb848c80ec4b87cea006c3a4fc9cac319,clayton,empirical_resample,0.5,0.99,-131.21101925154727
ranking_proportional_repaired,ranking,repaired,329.8758504506102,-220.57937326340297,-181.6177105537648,181.61771055376482,304.262,1.0,True,False,False,False,False,,,0.4021450101938013,0.41731036270383476,0.18054462710236394,True,ANCHOR-010,2026071901,2271f9871ae5e789c05aa623caacccee33351e43b9ce61b5734b087f5ad112e4,gaussian,gaussian,0.0,0.9,-200.11384058002136
expected_profit,economic_plus_operational,optimal,370.8162052405302,-245.64213928446117,-202.1689661384943,202.1689661384943,304.262,0.9999999999999999,False,False,False,False,False,,,0.3176452119309262,0.6823547880690737,0.0,True,ANCHOR-010,2026071901,2271f9871ae5e789c05aa623caacccee33351e43b9ce61b5734b087f5ad112e4,gaussian,gaussian,0.0,0.9,-200.11384058002136
mean_variance,variance_penalty,optimal,370.8162052459041,-245.64213928767217,-202.16896614160558,202.16896614160558,304.2620000049928,1.0000000000160256,False,False,False,False,False,,,0.3176452119378099,0.6823547880756903,2.5253076711867036e-12,True,ANCHOR-010,2026071901,2271f9871ae5e789c05aa623caacccee33351e43b9ce61b5734b087f5ad112e4,gaussian,gaussian,0.0,0.9,-200.11384058002136
loss_CVaR,economic_operational_plus_CVaR,optimal,370.8162052405302,-245.64213928446125,-202.16896613849434,202.16896613849437,304.262,1.0,False,False,False,False,False,,,0.31764521193092615,0.6823547880690739,0.0,True,ANCHOR-010,2026071901,2271f9871ae5e789c05aa623caacccee33351e43b9ce61b5734b087f5ad112e4,gaussian,gaussian,0.0,0.9,-200.11384058002136
ranking_proportional_repaired,ranking,repaired,329.934699607586,-222.90053823728726,-183.5919049742483,183.5919049742483,304.262,1.0,True,False,False,False,False,,,0.4021450101938013,0.41731036270383476,0.18054462710236394,True,ANCHOR-010,2026071902,844b683ffaa1037d61047ede1893249901b8c1c76095a7f12a17b9000140fd4c,gaussian,gaussian,0.0,0.9,-200.04745838006463
expected_profit,economic_plus_operational,optimal,371.0779199850074,-247.8075260981228,-201.87585320293311,201.8758532029331,304.262,0.9999999999999999,False,False,False,False,False,,,0.3176452119309262,0.6823547880690737,0.0,True,ANCHOR-010,2026071902,844b683ffaa1037d61047ede1893249901b8c1c76095a7f12a17b9000140fd4c,gaussian,gaussian,0.0,0.9,-200.04745838006463
mean_variance,variance_penalty,optimal,371.0779199895764,-247.80752610193906,-201.8758532055981,201.87585320559813,304.2620000042269,1.0000000000136224,False,False,False,False,False,,,0.31764521193668566,0.6823547880747937,2.1431638449949576e-12,True,ANCHOR-010,2026071902,844b683ffaa1037d61047ede1893249901b8c1c76095a7f12a17b9000140fd4c,gaussian,gaussian,0.0,0.9,-200.04745838006463
loss_CVaR,economic_operational_plus_CVaR,optimal,371.0779199850075,-247.80752609812282,-201.87585320293314,201.87585320293311,304.262,1.0,False,False,False,False,False,,,0.31764521193092615,0.6823547880690739,0.0,True,ANCHOR-010,2026071902,844b683ffaa1037d61047ede1893249901b8c1c76095a7f12a17b9000140fd4c,gaussian,gaussian,0.0,0.9,-200.04745838006463
ranking_proportional_repaired,ranking,repaired,330.08752314987834,-222.28955701237285,-182.53109348858973,182.53109348858973,304.262,1.0,True,False,False,False,False,,,0.4021450101938013,0.41731036270383476,0.18054462710236394,True,ANCHOR-010,2026071903,fa222af00ed417226ec787c3be9631716a10e2be4b49315ebfdbed914d470fa3,gaussian,gaussian,0.0,0.9,-200.36266926775855
expected_profit,economic_plus_operational,optimal,371.7061592927722,-245.81881217823042,-202.34395546544397,202.34395546544397,304.262,0.9999999999999999,False,False,False,False,False,,,0.3176452119309262,0.6823547880690737,0.0,True,ANCHOR-010,2026071903,fa222af00ed417226ec787c3be9631716a10e2be4b49315ebfdbed914d470fa3,gaussian,gaussian,0.0,0.9,-200.36266926775855
mean_variance,variance_penalty,optimal,371.70615929828534,-245.81881218220298,-202.3439554686345,202.34395546863453,304.26200000509397,1.0000000000164355,False,False,False,False,False,,,0.3176452119378475,0.6823547880759974,2.590499608208371e-12,True,ANCHOR-010,2026071903,fa222af00ed417226ec787c3be9631716a10e2be4b49315ebfdbed914d470fa3,gaussian,gaussian,0.0,0.9,-200.36266926775855
loss_CVaR,economic_operational_plus_CVaR,optimal,371.7061592927723,-245.81881217823044,-202.343955465444,202.343955465444,304.262,1.0,False,False,False,False,False,,,0.31764521193092615,0.6823547880690739,0.0,True,ANCHOR-010,2026071903,fa222af00ed417226ec787c3be9631716a10e2be4b49315ebfdbed914d470fa3,gaussian,gaussian,0.0,0.9,-200.36266926775855
ranking_proportional_repaired,ranking,repaired,332.39792730914354,-225.42277865578103,-182.48797098254974,182.48797098254974,304.262,1.0,True,False,False,False,False,,,0.4021450101938013,0.41731036270383476,0.18054462710236394,True,ANCHOR-010,2026071904,5a382db751523e1757e65aa2a6ffd722728baf241ca30008400907363472dec7,gaussian,gaussian,0.0,0.9,-201.75083367487375
expected_profit,economic_plus_operational,optimal,373.1948897388069,-249.1098493094267,-203.89115175179865,203.89115175179867,304.262,0.9999999999999999,False,False,False,False,False,,,0.3176452119309262,0.6823547880690737,0.0,True,ANCHOR-010,2026071904,5a382db751523e1757e65aa2a6ffd722728baf241ca30008400907363472dec7,gaussian,gaussian,0.0,0.9,-201.75083367487375
mean_variance,variance_penalty,optimal,373.1948897390302,-249.1098493095617,-203.89115175192748,203.8911517519275,304.2620000002018,1.0000000000006601,False,False,False,False,False,,,0.31764521193118855,0.6823547880693692,1.0242065482285942e-13,True,ANCHOR-010,2026071904,5a382db751523e1757e65aa2a6ffd722728baf241ca30008400907363472dec7,gaussian,gaussian,0.0,0.9,-201.75083367487375
loss_CVaR,economic_operational_plus_CVaR,optimal,373.194889738807,-249.10984930942675,-203.8911517517987,203.8911517517987,304.262,1.0,False,False,False,False,False,,,0.31764521193092615,0.6823547880690739,0.0,True,ANCHOR-010,2026071904,5a382db751523e1757e65aa2a6ffd722728baf241ca30008400907363472dec7,gaussian,gaussian,0.0,0.9,-201.75083367487375
ranking_proportional_repaired,ranking,repaired,330.38790740369006,-221.9101564526503,-182.85603848562036,182.85603848562033,304.262,1.0,True,False,False,False,False,,,0.4021450101938013,0.41731036270383476,0.18054462710236394,True,ANCHOR-010,2026071905,e6a80ae65369d84e2e3c4dec1866c7f6ac78d9719f2116f2753c06be0248827c,gaussian,gaussian,0.0,0.9,-201.97626007762577
expected_profit,economic_plus_operational,optimal,371.8429911255467,-249.79623448004844,-204.10072914340415,204.10072914340418,304.262,0.9999999999999999,False,False,False,False,False,,,0.3176452119309262,0.6823547880690737,0.0,True,ANCHOR-010,2026071905,e6a80ae65369d84e2e3c4dec1866c7f6ac78d9719f2116f2753c06be0248827c,gaussian,gaussian,0.0,0.9,-201.97626007762577
mean_variance,variance_penalty,optimal,371.8429911255467,-249.79623448004844,-204.10072914340415,204.10072914340418,304.262,0.9999999999999999,False,False,False,False,False,,,0.3176452119309262,0.6823547880690737,0.0,True,ANCHOR-010,2026071905,e6a80ae65369d84e2e3c4dec1866c7f6ac78d9719f2116f2753c06be0248827c,gaussian,gaussian,0.0,0.9,-201.97626007762577
loss_CVaR,economic_operational_plus_CVaR,optimal,371.8429911255467,-249.79623448004847,-204.10072914340418,204.10072914340424,304.262,1.0,False,False,False,False,False,,,0.31764521193092615,0.6823547880690739,0.0,True,ANCHOR-010,2026071905,e6a80ae65369d84e2e3c4dec1866c7f6ac78d9719f2116f2753c06be0248827c,gaussian,gaussian,0.0,0.9,-201.97626007762577
ranking_proportional_repaired,ranking,repaired,318.59641231775674,-196.80773362806545,-143.90048429995915,143.90048429995915,289.633238840231,1.0,True,False,False,False,False,False,,0.35,0.41731036270383487,0.23268963729616515,True,ANCHOR-011,2026071901,52a34713240d9b78b390ecd006dadb8a6b2ba1115d35273d891ce87e567ab1e4,student_t_df4,gaussian,0.25,0.9,-166.4369710058941
expected_profit,economic_plus_operational,optimal,372.2036388315201,-229.10119588609885,-168.9410250843313,168.94102508433127,310.445,1.0,False,False,False,False,False,False,,0.35,0.65,0.0,True,ANCHOR-011,2026071901,52a34713240d9b78b390ecd006dadb8a6b2ba1115d35273d891ce87e567ab1e4,student_t_df4,gaussian,0.25,0.9,-166.4369710058941
mean_variance,variance_penalty,optimal,372.2036388315201,-229.10119588609885,-168.9410250843313,168.94102508433127,310.445,1.0,False,False,False,False,False,False,,0.35,0.65,0.0,True,ANCHOR-011,2026071901,52a34713240d9b78b390ecd006dadb8a6b2ba1115d35273d891ce87e567ab1e4,student_t_df4,gaussian,0.25,0.9,-166.4369710058941
loss_CVaR,economic_operational_plus_CVaR,optimal,372.2036388315201,-229.10119588609885,-168.9410250843313,168.94102508433127,310.445,1.0,False,False,False,False,False,False,,0.35,0.65,0.0,True,ANCHOR-011,2026071901,52a34713240d9b78b390ecd006dadb8a6b2ba1115d35273d891ce87e567ab1e4,student_t_df4,gaussian,0.25,0.9,-166.4369710058941
ranking_proportional_repaired,ranking,repaired,319.2976056006853,-197.62329885432217,-148.47916743975034,148.47916743975034,289.633238840231,1.0,True,False,False,False,False,False,,0.35,0.41731036270383487,0.23268963729616515,True,ANCHOR-011,2026071902,4712405cbbb0ee462aae1df05a8bb80d2ada23786c6aa81480d92a513a428c33,student_t_df4,gaussian,0.25,0.9,-170.97306872937844
expected_profit,economic_plus_operational,optimal,373.0135172546327,-232.17435791709565,-173.47239109489266,173.47239109489266,310.445,1.0,False,False,False,False,False,False,,0.35,0.65,0.0,True,ANCHOR-011,2026071902,4712405cbbb0ee462aae1df05a8bb80d2ada23786c6aa81480d92a513a428c33,student_t_df4,gaussian,0.25,0.9,-170.97306872937844
mean_variance,variance_penalty,optimal,373.0135172546327,-232.17435791709565,-173.47239109489266,173.47239109489266,310.445,1.0,False,False,False,False,False,False,,0.35,0.65,0.0,True,ANCHOR-011,2026071902,4712405cbbb0ee462aae1df05a8bb80d2ada23786c6aa81480d92a513a428c33,student_t_df4,gaussian,0.25,0.9,-170.97306872937844
loss_CVaR,economic_operational_plus_CVaR,optimal,373.0135172546327,-232.17435791709565,-173.47239109489266,173.47239109489266,310.445,1.0,False,False,False,False,False,False,,0.35,0.65,0.0,True,ANCHOR-011,2026071902,4712405cbbb0ee462aae1df05a8bb80d2ada23786c6aa81480d92a513a428c33,student_t_df4,gaussian,0.25,0.9,-170.97306872937844
ranking_proportional_repaired,ranking,repaired,319.65971052953296,-199.01082060503762,-147.0081949123141,147.0081949123141,289.633238840231,1.0,True,False,False,False,False,False,,0.35,0.41731036270383487,0.23268963729616515,True,ANCHOR-011,2026071903,5fa01bc85f3dd6f78d0bbc90cfd1841b62317aa523a1f71edebac27a2d779119,student_t_df4,gaussian,0.25,0.9,-169.70953734117893
expected_profit,economic_plus_operational,optimal,373.0830471730971,-230.3132027997077,-172.2319087221639,172.23190872216392,310.445,1.0,False,False,False,False,False,False,,0.35,0.65,0.0,True,ANCHOR-011,2026071903,5fa01bc85f3dd6f78d0bbc90cfd1841b62317aa523a1f71edebac27a2d779119,student_t_df4,gaussian,0.25,0.9,-169.70953734117893
mean_variance,variance_penalty,optimal,373.0830471730971,-230.3132027997077,-172.2319087221639,172.23190872216392,310.445,1.0,False,False,False,False,False,False,,0.35,0.65,0.0,True,ANCHOR-011,2026071903,5fa01bc85f3dd6f78d0bbc90cfd1841b62317aa523a1f71edebac27a2d779119,student_t_df4,gaussian,0.25,0.9,-169.70953734117893
loss_CVaR,economic_operational_plus_CVaR,optimal,373.0830471730971,-230.3132027997077,-172.2319087221639,172.23190872216392,310.445,1.0,False,False,False,False,False,False,,0.35,0.65,0.0,True,ANCHOR-011,2026071903,5fa01bc85f3dd6f78d0bbc90cfd1841b62317aa523a1f71edebac27a2d779119,student_t_df4,gaussian,0.25,0.9,-169.70953734117893
ranking_proportional_repaired,ranking,repaired,316.3280801236671,-195.76771870142792,-144.91636990794018,144.91636990794018,289.633238840231,1.0,True,False,False,False,False,False,,0.35,0.41731036270383487,0.23268963729616515,True,ANCHOR-011,2026071904,bc46a48491d84ea6330c99bed92b6ccf898a92e9c4b59e56e7fc1d89d8c7993c,student_t_df4,gaussian,0.25,0.9,-166.11451452868317
expected_profit,economic_plus_operational,optimal,369.44685044026056,-228.78280225115955,-168.46986393098794,168.46986393098794,310.445,1.0,False,False,False,False,False,False,,0.35,0.65,0.0,True,ANCHOR-011,2026071904,bc46a48491d84ea6330c99bed92b6ccf898a92e9c4b59e56e7fc1d89d8c7993c,student_t_df4,gaussian,0.25,0.9,-166.11451452868317
mean_variance,variance_penalty,optimal,369.44685044074055,-228.78280225141248,-168.4698639312039,168.4698639312039,310.4450000004473,1.0000000000014344,False,False,False,False,False,False,,0.3500000000006167,0.6500000000005948,2.22950174191424e-13,True,ANCHOR-011,2026071904,bc46a48491d84ea6330c99bed92b6ccf898a92e9c4b59e56e7fc1d89d8c7993c,student_t_df4,gaussian,0.25,0.9,-166.11451452868317
loss_CVaR,economic_operational_plus_CVaR,optimal,369.44685044026056,-228.78280225115955,-168.46986393098794,168.46986393098794,310.445,1.0,False,False,False,False,False,False,,0.35,0.65,0.0,True,ANCHOR-011,2026071904,bc46a48491d84ea6330c99bed92b6ccf898a92e9c4b59e56e7fc1d89d8c7993c,student_t_df4,gaussian,0.25,0.9,-166.11451452868317
ranking_proportional_repaired,ranking,repaired,318.4372833556346,-198.74946814062616,-145.8871097326637,145.88710973266373,289.633238840231,1.0,True,False,False,False,False,False,,0.35,0.41731036270383487,0.23268963729616515,True,ANCHOR-011,2026071905,b56cb9cb36d466c568409bb04066a003b7edbd77d0e985159b52d8cbd1b0b77a,student_t_df4,gaussian,0.25,0.9,-169.0279228943934
expected_profit,economic_plus_operational,optimal,372.0367510855228,-230.31498676844072,-171.59912435680783,171.59912435680786,310.445,1.0,False,False,False,False,False,False,,0.35,0.65,0.0,True,ANCHOR-011,2026071905,b56cb9cb36d466c568409bb04066a003b7edbd77d0e985159b52d8cbd1b0b77a,student_t_df4,gaussian,0.25,0.9,-169.0279228943934
mean_variance,variance_penalty,optimal,372.036751085681,-230.31498676853914,-171.5991243568792,171.5991243568792,310.4450000001464,1.0000000000004652,False,False,False,False,False,False,,0.3500000000002037,0.650000000000196,6.557968120949328e-14,True,ANCHOR-011,2026071905,b56cb9cb36d466c568409bb04066a003b7edbd77d0e985159b52d8cbd1b0b77a,student_t_df4,gaussian,0.25,0.9,-169.0279228943934
loss_CVaR,economic_operational_plus_CVaR,optimal,372.0367510855228,-230.31498676844072,-171.59912435680783,171.59912435680786,310.445,1.0,False,False,False,False,False,False,,0.35,0.65,0.0,True,ANCHOR-011,2026071905,b56cb9cb36d466c568409bb04066a003b7edbd77d0e985159b52d8cbd1b0b77a,student_t_df4,gaussian,0.25,0.9,-169.0279228943934
ranking_proportional_repaired,ranking,repaired,335.24341611809405,-174.78195833733994,-113.60627825953853,113.60627825953856,310.75119901298854,1.0,False,False,False,False,False,,False,0.4252761109743977,0.41731036270383504,0.15741352632176728,False,ANCHOR-012,2026071901,4079b3cdaefc02a383f1c47ac9a18998fa2b350d6d88584e236cea1df9a8ca61,clayton,gaussian,0.5,0.9,-109.69497389418619
expected_profit,economic_plus_operational,optimal,339.46189867082944,-146.55253222026772,-74.49323460601518,74.4932346060152,392.579,1.0,True,False,False,False,False,,False,0.85,0.0,0.15,False,ANCHOR-012,2026071901,4079b3cdaefc02a383f1c47ac9a18998fa2b350d6d88584e236cea1df9a8ca61,clayton,gaussian,0.5,0.9,-109.69497389418619
mean_variance,variance_penalty,optimal,339.46189867082944,-146.55253222026772,-74.49323460601518,74.4932346060152,392.579,1.0,True,False,False,False,False,,False,0.85,0.0,0.15,False,ANCHOR-012,2026071901,4079b3cdaefc02a383f1c47ac9a18998fa2b350d6d88584e236cea1df9a8ca61,clayton,gaussian,0.5,0.9,-109.69497389418619
loss_CVaR,economic_operational_plus_CVaR,optimal,337.28761572706367,-172.4587558579593,-109.69497389418594,109.69497389418594,322.2279338272355,1.0,False,False,False,False,False,,False,0.48186255273278666,0.3681374472672133,0.15,False,ANCHOR-012,2026071901,4079b3cdaefc02a383f1c47ac9a18998fa2b350d6d88584e236cea1df9a8ca61,clayton,gaussian,0.5,0.9,-109.69497389418619
ranking_proportional_repaired,ranking,repaired,337.2794334695456,-179.98509141406234,-114.9591739747802,114.95917397478019,310.75119901298854,1.0,False,False,False,False,False,,False,0.4252761109743977,0.41731036270383504,0.15741352632176728,False,ANCHOR-012,2026071902,24d8c527e688f5c0959c81d371f5888acd6ebb0665b0f75bd8976531701c7a82,clayton,gaussian,0.5,0.9,-111.2765580688083
expected_profit,economic_plus_operational,optimal,342.7564015970725,-149.4172151514254,-78.13301491506125,78.13301491506127,392.579,1.0,True,False,False,False,False,,False,0.85,0.0,0.15,False,ANCHOR-012,2026071902,24d8c527e688f5c0959c81d371f5888acd6ebb0665b0f75bd8976531701c7a82,clayton,gaussian,0.5,0.9,-111.2765580688083
mean_variance,variance_penalty,optimal,342.7564016044189,-149.41721515556358,-78.13301491765466,78.1330149176547,392.57900000677296,1.000000000021774,True,False,False,False,False,,False,0.8500000000092905,9.065246622653984e-12,0.15000000000341826,False,ANCHOR-012,2026071902,24d8c527e688f5c0959c81d371f5888acd6ebb0665b0f75bd8976531701c7a82,clayton,gaussian,0.5,0.9,-111.2765580688083
loss_CVaR,economic_operational_plus_CVaR,optimal,339.49099396248886,-177.53202091508524,-111.27655806880824,111.27655806880826,322.26778266059046,0.9999999999999999,False,False,False,False,False,,False,0.48207107619356615,0.36792892380643377,0.15,False,ANCHOR-012,2026071902,24d8c527e688f5c0959c81d371f5888acd6ebb0665b0f75bd8976531701c7a82,clayton,gaussian,0.5,0.9,-111.2765580688083
ranking_proportional_repaired,ranking,repaired,335.9877171905711,-178.948557717103,-116.44789382834796,116.44789382834797,310.75119901298854,1.0,False,False,False,False,False,,False,0.4252761109743977,0.41731036270383504,0.15741352632176728,False,ANCHOR-012,2026071903,31eab9333ff59f90575fec5e9febc0ab375d3a54c07596bf1d76773fe1cc76e9,clayton,gaussian,0.5,0.9,-112.62646018847575
expected_profit,economic_plus_operational,optimal,340.6564656680215,-151.24001775906697,-78.23355742962579,78.2335574296258,392.579,1.0,True,False,False,False,False,,False,0.85,0.0,0.15,False,ANCHOR-012,2026071903,31eab9333ff59f90575fec5e9febc0ab375d3a54c07596bf1d76773fe1cc76e9,clayton,gaussian,0.5,0.9,-112.62646018847575
mean_variance,variance_penalty,optimal,340.6564656680215,-151.24001775906697,-78.23355742962579,78.2335574296258,392.579,1.0,True,False,False,False,False,,False,0.85,0.0,0.15,False,ANCHOR-012,2026071903,31eab9333ff59f90575fec5e9febc0ab375d3a54c07596bf1d76773fe1cc76e9,clayton,gaussian,0.5,0.9,-112.62646018847575
loss_CVaR,economic_operational_plus_CVaR,optimal,338.0885999445216,-177.15328611847232,-112.62646018847587,112.6264601884759,322.28015640320666,1.0,False,False,False,False,False,,False,0.482135826285749,0.367864173714251,0.15,False,ANCHOR-012,2026071903,31eab9333ff59f90575fec5e9febc0ab375d3a54c07596bf1d76773fe1cc76e9,clayton,gaussian,0.5,0.9,-112.62646018847575
ranking_proportional_repaired,ranking,repaired,336.06171960421347,-177.2779666687156,-112.7072731078263,112.7072731078263,310.75119901298854,1.0,False,False,False,False,False,,False,0.4252761109743977,0.41731036270383504,0.15741352632176728,False,ANCHOR-012,2026071904,ef9ee3bb5ea9e156df8e079a6f4f4227026b090f12dbb159fca1c1ded20be0f7,clayton,gaussian,0.5,0.9,-108.79661734463292
expected_profit,economic_plus_operational,optimal,339.9342786986493,-148.83363492686036,-73.60071547589254,73.60071547589256,392.579,1.0,True,False,False,False,False,,False,0.85,0.0,0.15,False,ANCHOR-012,2026071904,ef9ee3bb5ea9e156df8e079a6f4f4227026b090f12dbb159fca1c1ded20be0f7,clayton,gaussian,0.5,0.9,-108.79661734463292
mean_variance,variance_penalty,optimal,339.93427870088436,-148.83363492801058,-73.6007154766659,73.60071547666591,392.5790000020662,1.000000000006651,True,False,False,False,False,,False,0.8500000000028255,2.7781985907959472e-12,0.1500000000010472,False,ANCHOR-012,2026071904,ef9ee3bb5ea9e156df8e079a6f4f4227026b090f12dbb159fca1c1ded20be0f7,clayton,gaussian,0.5,0.9,-108.79661734463292
loss_CVaR,economic_operational_plus_CVaR,optimal,338.0591133313318,-175.1323660804038,-108.79661734463308,108.79661734463309,322.09865874020295,0.9999999999999999,False,False,False,False,False,,False,0.4811860739937359,0.368813926006264,0.15,False,ANCHOR-012,2026071904,ef9ee3bb5ea9e156df8e079a6f4f4227026b090f12dbb159fca1c1ded20be0f7,clayton,gaussian,0.5,0.9,-108.79661734463292
ranking_proportional_repaired,ranking,repaired,336.0748400195358,-175.36878828321184,-113.38088931649942,113.38088931649943,310.75119901298854,1.0,False,False,False,False,False,,False,0.4252761109743977,0.41731036270383504,0.15741352632176728,False,ANCHOR-012,2026071905,a379b0eceadb4456d20d6ef625e518ed42a1fe76b32c7f6af46447a4ebb4af71,clayton,gaussian,0.5,0.9,-109.42270704049504
expected_profit,economic_plus_operational,optimal,340.6223914873438,-147.31894264729982,-73.79906655645561,73.79906655645563,392.579,1.0,True,False,False,False,False,,False,0.85,0.0,0.15,False,ANCHOR-012,2026071905,a379b0eceadb4456d20d6ef625e518ed42a1fe76b32c7f6af46447a4ebb4af71,clayton,gaussian,0.5,0.9,-109.42270704049504
mean_variance,variance_penalty,optimal,340.6223914873438,-147.31894264729982,-73.79906655645561,73.79906655645563,392.579,1.0,True,False,False,False,False,,False,0.85,0.0,0.15,False,ANCHOR-012,2026071905,a379b0eceadb4456d20d6ef625e518ed42a1fe76b32c7f6af46447a4ebb4af71,clayton,gaussian,0.5,0.9,-109.42270704049504
loss_CVaR,economic_operational_plus_CVaR,optimal,338.1580966868455,-173.05127032737417,-109.42270704049521,109.42270704049524,322.2368887284277,0.9999999999999999,False,False,False,False,False,,False,0.4819094124983134,0.3680905875016865,0.15,False,ANCHOR-012,2026071905,a379b0eceadb4456d20d6ef625e518ed42a1fe76b32c7f6af46447a4ebb4af71,clayton,gaussian,0.5,0.9,-109.42270704049504
ranking_proportional_repaired,ranking,repaired,335.4782416263367,-195.40714542991077,-146.24605098049153,146.3442813931007,310.75119901298854,1.0,False,False,False,False,False,,,0.4252761109743977,0.417310362703835,0.15741352632176728,False,ANCHOR-013,2026071901,66ff5a1cff25b34ee1c97330406177579c2810484d350909bf976a16de9bc9bf,gaussian,student_t_df5,0.0,0.95,-16.285667542647076
expected_profit,economic_plus_operational,optimal,375.23134251330106,-112.4116597524586,-1.8456249384421284,2.066704753583935,434.66,1.0,True,False,False,False,False,,,1.0,0.0,0.0,False,ANCHOR-013,2026071901,66ff5a1cff25b34ee1c97330406177579c2810484d350909bf976a16de9bc9bf,gaussian,student_t_df5,0.0,0.95,-16.285667542647076
mean_variance,variance_penalty,optimal,375.23134251330106,-112.4116597524586,-1.8456249384421284,2.066704753583935,434.66,1.0,True,False,False,False,False,,,1.0,0.0,0.0,False,ANCHOR-013,2026071901,66ff5a1cff25b34ee1c97330406177579c2810484d350909bf976a16de9bc9bf,gaussian,student_t_df5,0.0,0.95,-16.285667542647076
loss_CVaR,economic_operational_plus_CVaR,optimal,374.98890345067196,-122.40699896216269,-16.285667542647502,16.497713109254615,427.156299395429,1.0,False,False,False,False,False,,,0.9607341674276766,0.03926583257232341,0.0,False,ANCHOR-013,2026071901,66ff5a1cff25b34ee1c97330406177579c2810484d350909bf976a16de9bc9bf,gaussian,student_t_df5,0.0,0.95,-16.285667542647076
ranking_proportional_repaired,ranking,repaired,335.5398220352613,-197.45648006772566,-149.07841266338144,149.17547676197614,310.75119901298854,1.0,False,False,False,False,False,,,0.4252761109743977,0.417310362703835,0.15741352632176728,False,ANCHOR-013,2026071902,4bef8d412ec77d7adb255ba1cc44b80a98b4fd30f6aa48aab54fc8abc035eef2,gaussian,student_t_df5,0.0,0.95,-17.274179203050522
expected_profit,economic_plus_operational,optimal,375.1899243311277,-110.00560690491596,-2.629264374124844,2.8438646294387566,434.66,1.0,True,False,False,False,False,,,1.0,0.0,0.0,False,ANCHOR-013,2026071902,4bef8d412ec77d7adb255ba1cc44b80a98b4fd30f6aa48aab54fc8abc035eef2,gaussian,student_t_df5,0.0,0.95,-17.274179203050522
mean_variance,variance_penalty,optimal,375.1899243311277,-110.00560690491596,-2.629264374124844,2.8438646294387566,434.66,1.0,True,False,False,False,False,,,1.0,0.0,0.0,False,ANCHOR-013,2026071902,4bef8d412ec77d7adb255ba1cc44b80a98b4fd30f6aa48aab54fc8abc035eef2,gaussian,student_t_df5,0.0,0.95,-17.274179203050522
loss_CVaR,economic_operational_plus_CVaR,optimal,374.9561831582644,-120.27028778851174,-17.274179203050707,17.47979861143001,427.13159174902466,1.0,False,False,False,False,False,,,0.9606048757144148,0.03939512428558527,0.0,False,ANCHOR-013,2026071902,4bef8d412ec77d7adb255ba1cc44b80a98b4fd30f6aa48aab54fc8abc035eef2,gaussian,student_t_df5,0.0,0.95,-17.274179203050522
ranking_proportional_repaired,ranking,repaired,335.7661355013027,-199.20931434273564,-144.80511232319324,144.91374994726323,310.75119901298854,1.0,False,False,False,False,False,,,0.4252761109743977,0.417310362703835,0.15741352632176728,False,ANCHOR-013,2026071903,fae1f18376ae01e6a939ed2bc0817dbb7a00bcc4c7998b7d77e69245fe4f99f8,gaussian,student_t_df5,0.0,0.95,-14.020821329861604
expected_profit,economic_plus_operational,optimal,373.5787866446522,-117.72404110446632,0.510766558286349,-0.2736668162127492,434.66,1.0,True,False,False,False,False,,,1.0,0.0,0.0,False,ANCHOR-013,2026071903,fae1f18376ae01e6a939ed2bc0817dbb7a00bcc4c7998b7d77e69245fe4f99f8,gaussian,student_t_df5,0.0,0.95,-14.020821329861604
mean_variance,variance_penalty,optimal,373.57878664683443,-117.7240411063811,0.5107665560736478,-0.27366681400135184,434.6600000015528,1.000000000007086,True,False,False,False,False,,,1.0,5.150894709807882e-12,1.9351358396383715e-12,False,ANCHOR-013,2026071903,fae1f18376ae01e6a939ed2bc0817dbb7a00bcc4c7998b7d77e69245fe4f99f8,gaussian,student_t_df5,0.0,0.95,-14.020821329861604
loss_CVaR,economic_operational_plus_CVaR,optimal,373.4901965576821,-127.55866507127865,-14.020821329861818,14.247490970250103,427.2383523486171,1.0,False,False,False,False,False,,,0.9611635392392311,0.03883646076076884,0.0,False,ANCHOR-013,2026071903,fae1f18376ae01e6a939ed2bc0817dbb7a00bcc4c7998b7d77e69245fe4f99f8,gaussian,student_t_df5,0.0,0.95,-14.020821329861604
ranking_proportional_repaired,ranking,repaired,337.7859066859739,-196.3043239373882,-145.0386474188264,145.14130881226876,310.75119901298854,1.0,False,False,False,False,False,,,0.4252761109743977,0.417310362703835,0.15741352632176728,False,ANCHOR-013,2026071904,db34afafa8a0701ce5f8861252ebc7dbc8d25bc4a25cb9986e5b3ac5bd7afd65,gaussian,student_t_df5,0.0,0.95,-16.997808075910484
expected_profit,economic_plus_operational,optimal,379.1378182860294,-108.74633135758444,-2.7710481489198173,2.9832430734436537,434.66,1.0,True,False,False,False,False,,,1.0,0.0,0.0,False,ANCHOR-013,2026071904,db34afafa8a0701ce5f8861252ebc7dbc8d25bc4a25cb9986e5b3ac5bd7afd65,gaussian,student_t_df5,0.0,0.95,-16.997808075910484
mean_variance,variance_penalty,optimal,379.137818288138,-108.74633135940591,-2.7710481509556786,2.983243075479869,434.6600000015038,1.0000000000068652,True,False,False,False,False,,,1.0,4.983743420343642e-12,1.8812925621593553e-12,False,ANCHOR-013,2026071904,db34afafa8a0701ce5f8861252ebc7dbc8d25bc4a25cb9986e5b3ac5bd7afd65,gaussian,student_t_df5,0.0,0.95,-16.997808075910484
loss_CVaR,economic_operational_plus_CVaR,optimal,378.7776368415581,-119.3223786601052,-16.997808075910484,17.202376986187925,426.878761047337,1.0,False,False,False,False,False,,,0.9592818474481266,0.04071815255187339,0.0,False,ANCHOR-013,2026071904,db34afafa8a0701ce5f8861252ebc7dbc8d25bc4a25cb9986e5b3ac5bd7afd65,gaussian,student_t_df5,0.0,0.95,-16.997808075910484
ranking_proportional_repaired,ranking,repaired,336.00352573658085,-198.39111359733118,-145.36276240198902,145.4686193902416,310.75119901298854,1.0,False,False,False,False,False,,,0.4252761109743977,0.417310362703835,0.15741352632176728,False,ANCHOR-013,2026071905,e14829493b113ad79580680b6fe7d26d7bcb5ac3da99a1c4a59ee81e0e460f5b,gaussian,student_t_df5,0.0,0.95,-10.107964777436791
expected_profit,economic_plus_operational,optimal,375.6034400282291,-107.97528689441924,4.920346069735686,-4.694968513590925,434.66,1.0,True,False,False,False,False,,,1.0,0.0,0.0,False,ANCHOR-013,2026071905,e14829493b113ad79580680b6fe7d26d7bcb5ac3da99a1c4a59ee81e0e460f5b,gaussian,student_t_df5,0.0,0.95,-10.107964777436791
mean_variance,variance_penalty,optimal,375.6034400298558,-107.97528689557498,4.920346068107889,-4.6949685119631,434.6600000011608,1.000000000005293,True,False,False,False,False,,,1.0,3.857446284617289e-12,1.43585052476455e-12,False,ANCHOR-013,2026071905,e14829493b113ad79580680b6fe7d26d7bcb5ac3da99a1c4a59ee81e0e460f5b,gaussian,student_t_df5,0.0,0.95,-10.107964777436791
loss_CVaR,economic_operational_plus_CVaR,optimal,375.39336999382357,-117.11077943367573,-10.107964777437019,10.321580142234298,426.98723197828616,0.9999999999999994,False,False,False,False,False,,,0.9598494609015502,0.040150539098449275,0.0,False,ANCHOR-013,2026071905,e14829493b113ad79580680b6fe7d26d7bcb5ac3da99a1c4a59ee81e0e460f5b,gaussian,student_t_df5,0.0,0.95,-10.107964777436791
ranking_proportional_repaired,ranking,repaired,330.70624416267276,-166.99084908142999,-92.7405677603979,92.88995972334523,304.262,1.0,True,False,False,False,False,,,0.4021450101938013,0.41731036270383476,0.18054462710236394,True,ANCHOR-014,2026071901,8b1517c1645253b8b7806c74416a0159cb8cf32aa586085929ee4ddf2e454d7f,student_t_df4,student_t_df5,0.25,0.95,-94.69707150980443
expected_profit,economic_plus_operational,optimal,371.72795402305263,-192.829797658132,-112.30560525446322,112.4666722939935,304.262,0.9999999999999999,False,False,False,False,False,,,0.3176452119309262,0.6823547880690737,0.0,True,ANCHOR-014,2026071901,8b1517c1645253b8b7806c74416a0159cb8cf32aa586085929ee4ddf2e454d7f,student_t_df4,student_t_df5,0.25,0.95,-94.69707150980443
mean_variance,variance_penalty,optimal,371.72795402305263,-192.829797658132,-112.30560525446322,112.4666722939935,304.262,0.9999999999999999,False,False,False,False,False,,,0.3176452119309262,0.6823547880690737,0.0,True,ANCHOR-014,2026071901,8b1517c1645253b8b7806c74416a0159cb8cf32aa586085929ee4ddf2e454d7f,student_t_df4,student_t_df5,0.25,0.95,-94.69707150980443
loss_CVaR,economic_operational_plus_CVaR,optimal,371.7279540230527,-192.82979765813204,-112.30560525446325,112.4666722939935,304.262,1.0,False,False,False,False,False,,,0.3176452119309262,0.6823547880690738,0.0,True,ANCHOR-014,2026071901,8b1517c1645253b8b7806c74416a0159cb8cf32aa586085929ee4ddf2e454d7f,student_t_df4,student_t_df5,0.25,0.95,-94.69707150980443
ranking_proportional_repaired,ranking,repaired,331.834672783724,-171.04515585211715,-106.09641031970448,106.22614000389439,304.262,1.0,True,False,False,False,False,,,0.4021450101938013,0.41731036270383476,0.18054462710236394,True,ANCHOR-014,2026071902,ccd24beaef0fa551cc4ad2edea5d37a774a725d2b9efa276c1eae0add851f49a,student_t_df4,student_t_df5,0.25,0.95,-108.00118695579722
expected_profit,economic_plus_operational,optimal,372.96789159753376,-196.7508319760236,-125.14417668063196,125.28718102735202,304.262,0.9999999999999999,False,False,False,False,False,,,0.3176452119309262,0.6823547880690737,0.0,True,ANCHOR-014,2026071902,ccd24beaef0fa551cc4ad2edea5d37a774a725d2b9efa276c1eae0add851f49a,student_t_df4,student_t_df5,0.25,0.95,-108.00118695579722
mean_variance,variance_penalty,optimal,372.96789159890074,-196.75083197662966,-125.14417668109702,125.28718102781788,304.26200000124555,1.000000000004053,False,False,False,False,False,,,0.3176452119325767,0.6823547880708392,6.370124504876075e-13,True,ANCHOR-014,2026071902,ccd24beaef0fa551cc4ad2edea5d37a774a725d2b9efa276c1eae0add851f49a,student_t_df4,student_t_df5,0.25,0.95,-108.00118695579722
loss_CVaR,economic_operational_plus_CVaR,optimal,372.9678915975338,-196.75083197602362,-125.14417668063199,125.28718102735205,304.262,1.0,False,False,False,False,False,,,0.3176452119309262,0.6823547880690738,0.0,True,ANCHOR-014,2026071902,ccd24beaef0fa551cc4ad2edea5d37a774a725d2b9efa276c1eae0add851f49a,student_t_df4,student_t_df5,0.25,0.95,-108.00118695579722
ranking_proportional_repaired,ranking,repaired,331.8891600873647,-171.75854628997877,-100.09047719361759,100.23372122881497,304.262,1.0,True,False,False,False,False,,,0.4021450101938013,0.41731036270383476,0.18054462710236394,True,ANCHOR-014,2026071903,31ed1c0905ca02fc2fa8798c051270ab0d533c7c34d46514d6f0f39791eb9de8,student_t_df4,student_t_df5,0.25,0.95,-102.12591713538096
expected_profit,economic_plus_operational,optimal,372.56686149815005,-200.24780676695943,-120.44487661125133,120.60427906151523,304.262,0.9999999999999999,False,False,False,False,False,,,0.3176452119309262,0.6823547880690737,0.0,True,ANCHOR-014,2026071903,31ed1c0905ca02fc2fa8798c051270ab0d533c7c34d46514d6f0f39791eb9de8,student_t_df4,student_t_df5,0.25,0.95,-102.12591713538096
mean_variance,variance_penalty,optimal,372.56686149815005,-200.24780676695943,-120.44487661125133,120.60427906151523,304.262,0.9999999999999999,False,False,False,False,False,,,0.3176452119309262,0.6823547880690737,0.0,True,ANCHOR-014,2026071903,31ed1c0905ca02fc2fa8798c051270ab0d533c7c34d46514d6f0f39791eb9de8,student_t_df4,student_t_df5,0.25,0.95,-102.12591713538096
loss_CVaR,economic_operational_plus_CVaR,optimal,372.5668614981501,-200.24780676695946,-120.44487661125133,120.60427906151526,304.262,1.0,False,False,False,False,False,,,0.3176452119309262,0.6823547880690738,0.0,True,ANCHOR-014,2026071903,31ed1c0905ca02fc2fa8798c051270ab0d533c7c34d46514d6f0f39791eb9de8,student_t_df4,student_t_df5,0.25,0.95,-102.12591713538096
ranking_proportional_repaired,ranking,repaired,328.9475160407678,-168.83997870358849,-97.07486026293284,97.21824055629598,304.262,1.0,True,False,False,False,False,,,0.4021450101938013,0.41731036270383476,0.18054462710236394,True,ANCHOR-014,2026071904,85c41527fdd53613a2e9f229db8838e0f96d770fd45c5f1a6ee3be7b704c6005,student_t_df4,student_t_df5,0.25,0.95,-98.89513160578404
expected_profit,economic_plus_operational,optimal,369.60327392416093,-192.5040346378459,-115.27757369144481,115.43185134088468,304.262,0.9999999999999999,False,False,False,False,False,,,0.3176452119309262,0.6823547880690737,0.0,True,ANCHOR-014,2026071904,85c41527fdd53613a2e9f229db8838e0f96d770fd45c5f1a6ee3be7b704c6005,student_t_df4,student_t_df5,0.25,0.95,-98.89513160578404
mean_variance,variance_penalty,optimal,369.6032739255872,-192.50403463861375,-115.27757369189186,115.43185134133276,304.2620000013282,1.0000000000042664,False,False,False,False,False,,,0.3176452119327543,0.6823547880708379,6.74074449478839e-13,True,ANCHOR-014,2026071904,85c41527fdd53613a2e9f229db8838e0f96d770fd45c5f1a6ee3be7b704c6005,student_t_df4,student_t_df5,0.25,0.95,-98.89513160578404
loss_CVaR,economic_operational_plus_CVaR,optimal,369.60327392416104,-192.50403463784593,-115.27757369144483,115.43185134088468,304.262,1.0,False,False,False,False,False,,,0.3176452119309262,0.6823547880690738,0.0,True,ANCHOR-014,2026071904,85c41527fdd53613a2e9f229db8838e0f96d770fd45c5f1a6ee3be7b704c6005,student_t_df4,student_t_df5,0.25,0.95,-98.89513160578404
ranking_proportional_repaired,ranking,repaired,330.7046695760674,-171.01731422762435,-95.9329651757046,96.0831465256442,304.262,1.0,True,False,False,False,False,,,0.4021450101938013,0.41731036270383476,0.18054462710236394,True,ANCHOR-014,2026071905,5dab1a4d5981af1bf143f327b6c233e2263e243df6562bd4245ad0fc21a6d11b,student_t_df4,student_t_df5,0.25,0.95,-98.07132459416091
expected_profit,economic_plus_operational,optimal,371.9040797338137,-198.13458579554276,-117.3165593602678,117.47797289188006,304.262,0.9999999999999999,False,False,False,False,False,,,0.3176452119309262,0.6823547880690737,0.0,True,ANCHOR-014,2026071905,5dab1a4d5981af1bf143f327b6c233e2263e243df6562bd4245ad0fc21a6d11b,student_t_df4,student_t_df5,0.25,0.95,-98.07132459416091
mean_variance,variance_penalty,optimal,371.9040797348205,-198.1345857961982,-117.31655936057669,117.4779728921897,304.26200000093735,1.0000000000029972,False,False,False,False,False,,,0.31764521193223355,0.682354788070288,4.756338596140313e-13,True,ANCHOR-014,2026071905,5dab1a4d5981af1bf143f327b6c233e2263e243df6562bd4245ad0fc21a6d11b,student_t_df4,student_t_df5,0.25,0.95,-98.07132459416091
loss_CVaR,economic_operational_plus_CVaR,optimal,371.9040797338137,-198.1345857955428,-117.31655936026782,117.47797289188007,304.262,1.0,False,False,False,False,False,,,0.3176452119309262,0.6823547880690738,0.0,True,ANCHOR-014,2026071905,5dab1a4d5981af1bf143f327b6c233e2263e243df6562bd4245ad0fc21a6d11b,student_t_df4,student_t_df5,0.25,0.95,-98.07132459416091
ranking_proportional_repaired,ranking,repaired,317.50175177669206,-130.40503135484238,-55.16129769888758,55.3115240672119,289.633238840231,1.0,True,False,False,False,False,False,,0.35,0.41731036270383487,0.23268963729616515,True,ANCHOR-015,2026071901,e38b456f0687b2d5799d82279fae492aff62084e04ad3e0af1b64252194db3dc,clayton,student_t_df5,0.5,0.95,-57.46870290664704
expected_profit,economic_plus_operational,optimal,371.17821233249305,-163.7774753210169,-78.23534977648212,78.40620186395607,310.445,1.0,False,False,False,False,False,False,,0.35,0.65,0.0,True,ANCHOR-015,2026071901,e38b456f0687b2d5799d82279fae492aff62084e04ad3e0af1b64252194db3dc,clayton,student_t_df5,0.5,0.95,-57.46870290664704
mean_variance,variance_penalty,optimal,371.17821233505765,-163.77747532209867,-78.2353497769068,78.40620186438228,310.4450000023748,1.0000000000076454,False,False,False,False,False,False,,0.35000000000324366,0.6500000000032033,1.1983067349674207e-12,True,ANCHOR-015,2026071901,e38b456f0687b2d5799d82279fae492aff62084e04ad3e0af1b64252194db3dc,clayton,student_t_df5,0.5,0.95,-57.46870290664704
loss_CVaR,economic_operational_plus_CVaR,optimal,371.17821233249305,-163.7774753210169,-78.23534977648212,78.40620186395607,310.445,1.0,False,False,False,False,False,False,,0.35,0.65,0.0,True,ANCHOR-015,2026071901,e38b456f0687b2d5799d82279fae492aff62084e04ad3e0af1b64252194db3dc,clayton,student_t_df5,0.5,0.95,-57.46870290664704
ranking_proportional_repaired,ranking,repaired,319.18871230487883,-133.61069258830548,-53.33895239830436,53.499331173057364,289.633238840231,1.0,True,False,False,False,False,False,,0.35,0.41731036270383487,0.23268963729616515,True,ANCHOR-015,2026071902,185787b9f2af4eb004d3f2d3dddf33f4289f9ce44c0e13e44acd58baae57ebb4,clayton,student_t_df5,0.5,0.95,-55.50751303365715
expected_profit,economic_plus_operational,optimal,372.81542022632334,-165.3789032056396,-75.02455875183226,75.2050796427715,310.445,1.0,False,False,False,False,False,False,,0.35,0.65,0.0,True,ANCHOR-015,2026071902,185787b9f2af4eb004d3f2d3dddf33f4289f9ce44c0e13e44acd58baae57ebb4,clayton,student_t_df5,0.5,0.95,-55.50751303365715
mean_variance,variance_penalty,optimal,372.81542023808686,-165.37890321062375,-75.02455875370262,75.2050796446473,310.44500001084594,1.0000000000348743,False,False,False,False,False,False,,0.35000000001486875,0.650000000014533,5.472621117898611e-12,True,ANCHOR-015,2026071902,185787b9f2af4eb004d3f2d3dddf33f4289f9ce44c0e13e44acd58baae57ebb4,clayton,student_t_df5,0.5,0.95,-55.50751303365715
loss_CVaR,economic_operational_plus_CVaR,optimal,372.81542022632334,-165.3789032056396,-75.02455875183226,75.2050796427715,310.445,1.0,False,False,False,False,False,False,,0.35,0.65,0.0,True,ANCHOR-015,2026071902,185787b9f2af4eb004d3f2d3dddf33f4289f9ce44c0e13e44acd58baae57ebb4,clayton,student_t_df5,0.5,0.95,-55.50751303365715
ranking_proportional_repaired,ranking,repaired,318.263296093373,-135.90416987710896,-58.72655615081267,58.88091522042271,289.633238840231,1.0,True,False,False,False,False,False,,0.35,0.41731036270383487,0.23268963729616515,True,ANCHOR-015,2026071903,923ee0bd1131e63dd4117295278ca4a3286f1efca0fc5ba8f42c5a60ff875682,clayton,student_t_df5,0.5,0.95,-61.04325060168716
expected_profit,economic_plus_operational,optimal,371.7666927669058,-168.19139490965247,-81.89350065955762,82.06611915290202,310.445,1.0,False,False,False,False,False,False,,0.35,0.65,0.0,True,ANCHOR-015,2026071903,923ee0bd1131e63dd4117295278ca4a3286f1efca0fc5ba8f42c5a60ff875682,clayton,student_t_df5,0.5,0.95,-61.04325060168716
mean_variance,variance_penalty,optimal,371.7666927669058,-168.19139490965247,-81.89350065955762,82.06611915290202,310.445,1.0,False,False,False,False,False,False,,0.35,0.65,0.0,True,ANCHOR-015,2026071903,923ee0bd1131e63dd4117295278ca4a3286f1efca0fc5ba8f42c5a60ff875682,clayton,student_t_df5,0.5,0.95,-61.04325060168716
loss_CVaR,economic_operational_plus_CVaR,optimal,371.7666927669058,-168.19139490965247,-81.89350065955762,82.06611915290202,310.445,1.0,False,False,False,False,False,False,,0.35,0.65,0.0,True,ANCHOR-015,2026071903,923ee0bd1131e63dd4117295278ca4a3286f1efca0fc5ba8f42c5a60ff875682,clayton,student_t_df5,0.5,0.95,-61.04325060168716
ranking_proportional_repaired,ranking,repaired,317.97640742770915,-134.187173902232,-45.36441348900787,45.541924189939685,289.633238840231,1.0,True,False,False,False,False,False,,0.35,0.41731036270383487,0.23268963729616515,True,ANCHOR-015,2026071904,7ccbd4c32928c2de538ecd9dccc3f95370704e2e229ab41b6fa25f1ff3c868f9,clayton,student_t_df5,0.5,0.95,-47.55114682226318
expected_profit,economic_plus_operational,optimal,371.74650721370375,-164.3924325904245,-67.2317468215609,67.42570180879362,310.445,1.0,False,False,False,False,False,False,,0.35,0.65,0.0,True,ANCHOR-015,2026071904,7ccbd4c32928c2de538ecd9dccc3f95370704e2e229ab41b6fa25f1ff3c868f9,clayton,student_t_df5,0.5,0.95,-47.55114682226318
mean_variance,variance_penalty,optimal,371.74650721370375,-164.3924325904245,-67.2317468215609,67.42570180879362,310.445,1.0,False,False,False,False,False,False,,0.35,0.65,0.0,True,ANCHOR-015,2026071904,7ccbd4c32928c2de538ecd9dccc3f95370704e2e229ab41b6fa25f1ff3c868f9,clayton,student_t_df5,0.5,0.95,-47.55114682226318
loss_CVaR,economic_operational_plus_CVaR,optimal,371.74650721370375,-164.3924325904245,-67.2317468215609,67.42570180879362,310.445,1.0,False,False,False,False,False,False,,0.35,0.65,0.0,True,ANCHOR-015,2026071904,7ccbd4c32928c2de538ecd9dccc3f95370704e2e229ab41b6fa25f1ff3c868f9,clayton,student_t_df5,0.5,0.95,-47.55114682226318
ranking_proportional_repaired,ranking,repaired,318.1894136808982,-133.78900252122452,-50.29540602276907,50.46221717652295,289.633238840231,1.0,True,False,False,False,False,False,,0.35,0.41731036270383487,0.23268963729616515,True,ANCHOR-015,2026071905,fae291523e672114bb11ad5ca48923f9838a8da4fee28b9935c78888a2c9f1f8,clayton,student_t_df5,0.5,0.95,-52.60243267919802
expected_profit,economic_plus_operational,optimal,371.72581947832333,-166.82757122113202,-73.36567258705858,73.55263043086752,310.445,1.0,False,False,False,False,False,False,,0.35,0.65,0.0,True,ANCHOR-015,2026071905,fae291523e672114bb11ad5ca48923f9838a8da4fee28b9935c78888a2c9f1f8,clayton,student_t_df5,0.5,0.95,-52.60243267919802
mean_variance,variance_penalty,optimal,371.72581947832333,-166.82757122113202,-73.36567258705858,73.55263043086752,310.445,1.0,False,False,False,False,False,False,,0.35,0.65,0.0,True,ANCHOR-015,2026071905,fae291523e672114bb11ad5ca48923f9838a8da4fee28b9935c78888a2c9f1f8,clayton,student_t_df5,0.5,0.95,-52.60243267919802
loss_CVaR,economic_operational_plus_CVaR,optimal,371.72581947832333,-166.82757122113202,-73.36567258705858,73.55263043086752,310.445,1.0,False,False,False,False,False,False,,0.35,0.65,0.0,True,ANCHOR-015,2026071905,fae291523e672114bb11ad5ca48923f9838a8da4fee28b9935c78888a2c9f1f8,clayton,student_t_df5,0.5,0.95,-52.60243267919802
ranking_proportional_repaired,ranking,repaired,334.3774264303981,-170.26495192646786,-159.45708959477255,159.5730702700016,310.75119901298854,1.0,False,False,False,False,False,,False,0.4252761109743977,0.41731036270383504,0.15741352632176728,False,ANCHOR-016,2026071901,dab09576ee13711147c9d83496ab1ac9ef1edc1e5b4683f29296e691a1c685e8,gaussian,empirical_resample,0.0,0.99,-121.31493308259914
expected_profit,economic_plus_operational,optimal,338.29392348600635,-122.08933876951494,-117.07691569235766,117.12664090614597,392.579,1.0,True,False,False,False,False,,False,0.85,0.0,0.15,False,ANCHOR-016,2026071901,dab09576ee13711147c9d83496ab1ac9ef1edc1e5b4683f29296e691a1c685e8,gaussian,empirical_resample,0.0,0.99,-121.31493308259914
mean_variance,variance_penalty,optimal,338.29392348600635,-122.08933876951494,-117.07691569235766,117.12664090614597,392.579,1.0,True,False,False,False,False,,False,0.85,0.0,0.15,False,ANCHOR-016,2026071901,dab09576ee13711147c9d83496ab1ac9ef1edc1e5b4683f29296e691a1c685e8,gaussian,empirical_resample,0.0,0.99,-121.31493308259914
loss_CVaR,economic_operational_plus_CVaR,optimal,338.1956522610737,-125.73910532561264,-121.31493308259924,121.36186761181953,388.9623354611781,1.0,False,False,False,False,False,,False,0.8310744922091999,0.018925507790800166,0.15,False,ANCHOR-016,2026071901,dab09576ee13711147c9d83496ab1ac9ef1edc1e5b4683f29296e691a1c685e8,gaussian,empirical_resample,0.0,0.99,-121.31493308259914
ranking_proportional_repaired,ranking,repaired,334.9399114985389,-171.121268805336,-158.34582369680538,158.47285341502558,310.75119901298854,1.0,False,False,False,False,False,,False,0.4252761109743977,0.41731036270383504,0.15741352632176728,False,ANCHOR-016,2026071902,316701f3b6df8d5c334554c15a3843983db352f41be5974d3d8119a89d6157d1,gaussian,empirical_resample,0.0,0.99,-121.91603972322886
expected_profit,economic_plus_operational,optimal,338.4854514332011,-122.4453627364047,-117.86828594838704,117.91529375095129,392.579,1.0,True,False,False,False,False,,False,0.85,0.0,0.15,False,ANCHOR-016,2026071902,316701f3b6df8d5c334554c15a3843983db352f41be5974d3d8119a89d6157d1,gaussian,empirical_resample,0.0,0.99,-121.91603972322886
mean_variance,variance_penalty,optimal,338.4854514332011,-122.4453627364047,-117.86828594838704,117.91529375095129,392.579,1.0,True,False,False,False,False,,False,0.85,0.0,0.15,False,ANCHOR-016,2026071902,316701f3b6df8d5c334554c15a3843983db352f41be5974d3d8119a89d6157d1,gaussian,empirical_resample,0.0,0.99,-121.91603972322886
loss_CVaR,economic_operational_plus_CVaR,optimal,338.41125422066096,-126.44689380134218,-121.91603972322902,121.96411570756419,389.28479747319784,1.0,False,False,False,False,False,,False,0.8327618915394966,0.017238108460503443,0.15,False,ANCHOR-016,2026071902,316701f3b6df8d5c334554c15a3843983db352f41be5974d3d8119a89d6157d1,gaussian,empirical_resample,0.0,0.99,-121.91603972322886
ranking_proportional_repaired,ranking,repaired,334.2883153084882,-169.78057960882384,-158.2055791178342,158.32147404193097,310.75119901298854,1.0,False,False,False,False,False,,False,0.4252761109743977,0.41731036270383504,0.15741352632176728,False,ANCHOR-016,2026071903,d3b9f302b09f5966a3d42bad774cc673e7388d80af756713f409659fc69af1ca,gaussian,empirical_resample,0.0,0.99,-120.34197494974701
expected_profit,economic_plus_operational,optimal,336.58389816573174,-121.07590979097955,-116.13490781995955,116.18445384683575,392.579,1.0,True,False,False,False,False,,False,0.85,0.0,0.15,False,ANCHOR-016,2026071903,d3b9f302b09f5966a3d42bad774cc673e7388d80af756713f409659fc69af1ca,gaussian,empirical_resample,0.0,0.99,-120.34197494974701
mean_variance,variance_penalty,optimal,336.58389816573174,-121.07590979097955,-116.13490781995955,116.18445384683575,392.579,1.0,True,False,False,False,False,,False,0.85,0.0,0.15,False,ANCHOR-016,2026071903,d3b9f302b09f5966a3d42bad774cc673e7388d80af756713f409659fc69af1ca,gaussian,empirical_resample,0.0,0.99,-120.34197494974701
loss_CVaR,economic_operational_plus_CVaR,optimal,336.5593648362938,-125.3455836801092,-120.34197494974723,120.3919298508099,389.1009324880532,0.9999999999999999,False,False,False,False,False,,False,0.8317997513765212,0.01820024862347872,0.15,False,ANCHOR-016,2026071903,d3b9f302b09f5966a3d42bad774cc673e7388d80af756713f409659fc69af1ca,gaussian,empirical_resample,0.0,0.99,-120.34197494974701
ranking_proportional_repaired,ranking,repaired,337.10992944082676,-165.39748122707695,-155.071706631558,155.1745928770813,310.75119901298854,1.0,False,False,False,False,False,,False,0.4252761109743977,0.41731036270383504,0.15741352632176728,False,ANCHOR-016,2026071904,cdab6d87f9fa508e55949f66b01b37add61e4ffbca4b658179f27df2771f8f50,gaussian,empirical_resample,0.0,0.99,-120.63369160081113
expected_profit,economic_plus_operational,optimal,342.42688488584054,-121.35653184779146,-116.8072454862837,116.85256472718251,392.579,1.0,True,False,False,False,False,,False,0.85,0.0,0.15,False,ANCHOR-016,2026071904,cdab6d87f9fa508e55949f66b01b37add61e4ffbca4b658179f27df2771f8f50,gaussian,empirical_resample,0.0,0.99,-120.63369160081113
mean_variance,variance_penalty,optimal,342.42688488584054,-121.35653184779146,-116.8072454862837,116.85256472718251,392.579,1.0,True,False,False,False,False,,False,0.85,0.0,0.15,False,ANCHOR-016,2026071904,cdab6d87f9fa508e55949f66b01b37add61e4ffbca4b658179f27df2771f8f50,gaussian,empirical_resample,0.0,0.99,-120.63369160081113
loss_CVaR,economic_operational_plus_CVaR,optimal,342.28429540919456,-125.36734246606323,-120.63369160081132,120.68057666886375,389.3645434946273,1.0,False,False,False,False,False,,False,0.8331791914946484,0.016820808505351566,0.15,False,ANCHOR-016,2026071904,cdab6d87f9fa508e55949f66b01b37add61e4ffbca4b658179f27df2771f8f50,gaussian,empirical_resample,0.0,0.99,-120.63369160081113
ranking_proportional_repaired,ranking,repaired,335.2386942946085,-170.90641522622172,-158.44093348563197,158.564923582828,310.75119901298854,1.0,False,False,False,False,False,,False,0.4252761109743977,0.41731036270383504,0.15741352632176728,False,ANCHOR-016,2026071905,81d8ef22f5b0529d8fe885ef237e36f87610ba612029e1df832040c662604b7f,gaussian,empirical_resample,0.0,0.99,-120.51652579760626
expected_profit,economic_plus_operational,optimal,339.14876988423674,-120.64219603239091,-116.30270272115897,116.34740874796026,392.579,1.0,True,False,False,False,False,,False,0.85,0.0,0.15,False,ANCHOR-016,2026071905,81d8ef22f5b0529d8fe885ef237e36f87610ba612029e1df832040c662604b7f,gaussian,empirical_resample,0.0,0.99,-120.51652579760626
mean_variance,variance_penalty,optimal,339.14876988423674,-120.64219603239091,-116.30270272115897,116.34740874796026,392.579,1.0,True,False,False,False,False,,False,0.85,0.0,0.15,False,ANCHOR-016,2026071905,81d8ef22f5b0529d8fe885ef237e36f87610ba612029e1df832040c662604b7f,gaussian,empirical_resample,0.0,0.99,-120.51652579760626
loss_CVaR,economic_operational_plus_CVaR,optimal,339.0587439830454,-124.54610113226522,-120.51652579760643,120.55816957327767,389.2312641153833,1.0,False,False,False,False,False,,False,0.832481758845543,0.017518241154456982,0.15,False,ANCHOR-016,2026071905,81d8ef22f5b0529d8fe885ef237e36f87610ba612029e1df832040c662604b7f,gaussian,empirical_resample,0.0,0.99,-120.51652579760626
ranking_proportional_repaired,ranking,repaired,335.83264116852246,-143.59792811352696,-137.40070435553795,137.4625057602688,310.75119901298854,1.0,False,False,False,False,False,,,0.4252761109743977,0.417310362703835,0.15741352632176728,False,ANCHOR-017,2026071901,07f0312bc490bea177247913a2ee68e2bb286eb88791989ab84b634abf8a3036,student_t_df4,empirical_resample,0.25,0.99,-128.24325990627116
expected_profit,economic_plus_operational,optimal,375.26329528763813,-121.35549654100517,-119.08581545700439,119.10880006632566,434.66,1.0,True,False,False,False,False,,,1.0,0.0,0.0,False,ANCHOR-017,2026071901,07f0312bc490bea177247913a2ee68e2bb286eb88791989ab84b634abf8a3036,student_t_df4,empirical_resample,0.25,0.99,-128.24325990627116
mean_variance,variance_penalty,optimal,375.26329528763813,-121.35549654100517,-119.08581545700439,119.10880006632566,434.66,1.0,True,False,False,False,False,,,1.0,0.0,0.0,False,ANCHOR-017,2026071901,07f0312bc490bea177247913a2ee68e2bb286eb88791989ab84b634abf8a3036,student_t_df4,empirical_resample,0.25,0.99,-128.24325990627116
loss_CVaR,economic_operational_plus_CVaR,optimal,374.6574567258166,-132.61732758543207,-128.2432599062713,128.28768147184738,412.2732655899802,1.0,False,False,False,False,False,,,0.8828532997905818,0.11714670020941824,0.0,False,ANCHOR-017,2026071901,07f0312bc490bea177247913a2ee68e2bb286eb88791989ab84b634abf8a3036,student_t_df4,empirical_resample,0.25,0.99,-128.24325990627116
ranking_proportional_repaired,ranking,repaired,336.1111757631579,-144.7269177687843,-138.814257475215,138.87518898538656,310.75119901298854,1.0,False,False,False,False,False,,,0.4252761109743977,0.417310362703835,0.15741352632176728,False,ANCHOR-017,2026071902,02ced6f992e83eb9afe092650deb3644dc59e848b65dfa1071f9b59318d36d60,student_t_df4,empirical_resample,0.25,0.99,-129.17563347585272
expected_profit,economic_plus_operational,optimal,375.3026961031015,-121.94851911224936,-119.53700947649047,119.56230224770111,434.66,1.0,True,False,False,False,False,,,1.0,0.0,0.0,False,ANCHOR-017,2026071902,02ced6f992e83eb9afe092650deb3644dc59e848b65dfa1071f9b59318d36d60,student_t_df4,empirical_resample,0.25,0.99,-129.17563347585272
mean_variance,variance_penalty,optimal,375.30269610364013,-121.94851911249633,-119.53700947689401,119.56230224810776,434.66000000038395,1.000000000001751,True,False,False,False,False,,,1.0,1.2750157181870514e-12,4.760600571809455e-13,False,ANCHOR-017,2026071902,02ced6f992e83eb9afe092650deb3644dc59e848b65dfa1071f9b59318d36d60,student_t_df4,empirical_resample,0.25,0.99,-129.17563347585272
loss_CVaR,economic_operational_plus_CVaR,optimal,374.7698628780043,-134.63358509585194,-129.17563347585286,129.2319567993113,413.0574140966064,1.0,False,False,False,False,False,,,0.8869566410078827,0.11304335899211722,0.0,False,ANCHOR-017,2026071902,02ced6f992e83eb9afe092650deb3644dc59e848b65dfa1071f9b59318d36d60,student_t_df4,empirical_resample,0.25,0.99,-129.17563347585272
ranking_proportional_repaired,ranking,repaired,336.6819525787656,-144.10866525336436,-138.17406415597003,138.2332052560925,310.75119901298854,1.0,False,False,False,False,False,,,0.4252761109743977,0.417310362703835,0.15741352632176728,False,ANCHOR-017,2026071903,a2188a2c5c07e727049fee6520c8a3ffb975d6cad0e037164301f4156246bdd7,student_t_df4,empirical_resample,0.25,0.99,-128.75876467026222
expected_profit,economic_plus_operational,optimal,377.5843388323565,-121.6876368152964,-119.34346518455439,119.36683020196185,434.66,1.0,True,False,False,False,False,,,1.0,0.0,0.0,False,ANCHOR-017,2026071903,a2188a2c5c07e727049fee6520c8a3ffb975d6cad0e037164301f4156246bdd7,student_t_df4,empirical_resample,0.25,0.99,-128.75876467026222
mean_variance,variance_penalty,optimal,377.5843388323565,-121.6876368152964,-119.34346518455439,119.36683020196185,434.66,1.0,True,False,False,False,False,,,1.0,0.0,0.0,False,ANCHOR-017,2026071903,a2188a2c5c07e727049fee6520c8a3ffb975d6cad0e037164301f4156246bdd7,student_t_df4,empirical_resample,0.25,0.99,-128.75876467026222
loss_CVaR,economic_operational_plus_CVaR,optimal,376.614726452271,-133.20130964474976,-128.75876467026242,128.80321462916797,411.6199654494513,1.0,False,False,False,False,False,,,0.8794346700651555,0.1205653299348445,0.0,False,ANCHOR-017,2026071903,a2188a2c5c07e727049fee6520c8a3ffb975d6cad0e037164301f4156246bdd7,student_t_df4,empirical_resample,0.25,0.99,-128.75876467026222
ranking_proportional_repaired,ranking,repaired,333.44363562717655,-143.3944736296803,-138.29298925268785,138.3435472895405,310.75119901298854,1.0,False,False,False,False,False,,,0.4252761109743977,0.417310362703835,0.15741352632176728,False,ANCHOR-017,2026071904,0f71870e7b2976052d84dc86c1996692ab76bb0933b496ab54ef87b63aaec979,student_t_df4,empirical_resample,0.25,0.99,-128.6351831031382
expected_profit,economic_plus_operational,optimal,373.25454708773094,-120.98567160000408,-118.97737695358852,118.99743776837731,434.66,1.0,True,False,False,False,False,,,1.0,0.0,0.0,False,ANCHOR-017,2026071904,0f71870e7b2976052d84dc86c1996692ab76bb0933b496ab54ef87b63aaec979,student_t_df4,empirical_resample,0.25,0.99,-128.6351831031382
mean_variance,variance_penalty,optimal,373.25454708773094,-120.98567160000408,-118.97737695358852,118.99743776837731,434.66,1.0,True,False,False,False,False,,,1.0,0.0,0.0,False,ANCHOR-017,2026071904,0f71870e7b2976052d84dc86c1996692ab76bb0933b496ab54ef87b63aaec979,student_t_df4,empirical_resample,0.25,0.99,-128.6351831031382
loss_CVaR,economic_operational_plus_CVaR,optimal,372.449054888713,-132.77235168308044,-128.63518310313836,128.6765969835949,410.6438457031899,1.0,False,False,False,False,False,,,0.8743267697707477,0.1256732302292522,0.0,False,ANCHOR-017,2026071904,0f71870e7b2976052d84dc86c1996692ab76bb0933b496ab54ef87b63aaec979,student_t_df4,empirical_resample,0.25,0.99,-128.6351831031382
ranking_proportional_repaired,ranking,repaired,335.39382517647863,-143.58465950736914,-137.31979688684802,137.38241550747392,310.75119901298854,1.0,False,False,False,False,False,,,0.4252761109743977,0.417310362703835,0.15741352632176728,False,ANCHOR-017,2026071905,640fceabc76fc4c5f69d58ed2459300bd456f3d4119b8db9fead4012412a97bc,student_t_df4,empirical_resample,0.25,0.99,-128.2148892027351
expected_profit,economic_plus_operational,optimal,374.32791183759235,-121.18183345434544,-119.10998151862215,119.13057310546706,434.66,1.0,True,False,False,False,False,,,1.0,0.0,0.0,False,ANCHOR-017,2026071905,640fceabc76fc4c5f69d58ed2459300bd456f3d4119b8db9fead4012412a97bc,student_t_df4,empirical_resample,0.25,0.99,-128.2148892027351
mean_variance,variance_penalty,optimal,374.32791183759235,-121.18183345434544,-119.10998151862215,119.13057310546706,434.66,1.0,True,False,False,False,False,,,1.0,0.0,0.0,False,ANCHOR-017,2026071905,640fceabc76fc4c5f69d58ed2459300bd456f3d4119b8db9fead4012412a97bc,student_t_df4,empirical_resample,0.25,0.99,-128.2148892027351
loss_CVaR,economic_operational_plus_CVaR,optimal,373.7879115238042,-132.72097720980364,-128.21488920273524,128.25959931322691,411.11007284829674,1.0,False,False,False,False,False,,,0.8767664722569165,0.12323352774308352,0.0,False,ANCHOR-017,2026071905,640fceabc76fc4c5f69d58ed2459300bd456f3d4119b8db9fead4012412a97bc,student_t_df4,empirical_resample,0.25,0.99,-128.2148892027351
ranking_proportional_repaired,ranking,repaired,328.77094464277224,-133.82978315347768,-131.4905268729323,131.51402081912644,304.262,1.0,True,False,False,False,False,,,0.4021450101938013,0.41731036270383476,0.18054462710236394,True,ANCHOR-018,2026071901,30911d315b359ac03243e7667c131b50bbced989a746a5191f60f3996b2a84fb,clayton,empirical_resample,0.5,0.99,-144.34033481118897
expected_profit,economic_plus_operational,optimal,370.09768077800544,-159.96628100705237,-157.19014274944564,157.21820787721666,304.262,0.9999999999999999,False,False,False,False,False,,,0.3176452119309262,0.6823547880690737,0.0,True,ANCHOR-018,2026071901,30911d315b359ac03243e7667c131b50bbced989a746a5191f60f3996b2a84fb,clayton,empirical_resample,0.5,0.99,-144.34033481118897
mean_variance,variance_penalty,optimal,370.0976807783596,-159.96628100719354,-157.19014274958474,157.21820787735575,304.2620000003351,1.000000000001057,False,False,False,False,False,,,0.3176452119314092,0.6823547880694842,1.6333142556873921e-13,True,ANCHOR-018,2026071901,30911d315b359ac03243e7667c131b50bbced989a746a5191f60f3996b2a84fb,clayton,empirical_resample,0.5,0.99,-144.34033481118897
loss_CVaR,economic_operational_plus_CVaR,optimal,370.09768077800544,-159.96628100705237,-157.19014274944564,157.21820787721666,304.262,0.9999999999999999,False,False,False,False,False,,,0.3176452119309262,0.6823547880690737,0.0,True,ANCHOR-018,2026071901,30911d315b359ac03243e7667c131b50bbced989a746a5191f60f3996b2a84fb,clayton,empirical_resample,0.5,0.99,-144.34033481118897
ranking_proportional_repaired,ranking,repaired,330.82947941234437,-133.68555710424334,-131.2585829106516,131.2829583023182,304.262,1.0,True,False,False,False,False,,,0.4021450101938013,0.41731036270383476,0.18054462710236394,True,ANCHOR-018,2026071902,bbf8d98e4fb80362e13ae8a46b429ca750901306287776f83026c9b06012d5d0,clayton,empirical_resample,0.5,0.99,-144.06444678638573
expected_profit,economic_plus_operational,optimal,372.02969360006415,-159.6330241146281,-156.87031066211986,156.89767418630652,304.262,0.9999999999999999,False,False,False,False,False,,,0.3176452119309262,0.6823547880690737,0.0,True,ANCHOR-018,2026071902,bbf8d98e4fb80362e13ae8a46b429ca750901306287776f83026c9b06012d5d0,clayton,empirical_resample,0.5,0.99,-144.06444678638573
mean_variance,variance_penalty,optimal,372.02969360006415,-159.6330241146281,-156.87031066211986,156.89767418630652,304.262,0.9999999999999999,False,False,False,False,False,,,0.3176452119309262,0.6823547880690737,0.0,True,ANCHOR-018,2026071902,bbf8d98e4fb80362e13ae8a46b429ca750901306287776f83026c9b06012d5d0,clayton,empirical_resample,0.5,0.99,-144.06444678638573
loss_CVaR,economic_operational_plus_CVaR,optimal,372.02969360006415,-159.6330241146281,-156.87031066211986,156.89767418630652,304.262,0.9999999999999999,False,False,False,False,False,,,0.3176452119309262,0.6823547880690737,0.0,True,ANCHOR-018,2026071902,bbf8d98e4fb80362e13ae8a46b429ca750901306287776f83026c9b06012d5d0,clayton,empirical_resample,0.5,0.99,-144.06444678638573
ranking_proportional_repaired,ranking,repaired,329.7086772045044,-133.68988920377495,-131.3193497904064,131.34422463552872,304.262,1.0,True,False,False,False,False,,,0.4021450101938013,0.41731036270383476,0.18054462710236394,True,ANCHOR-018,2026071903,a6a5d5e9aab59094adcc97731df8cc726d3c38bdd5b2ff54cfcea19b176fb364,clayton,empirical_resample,0.5,0.99,-144.16887656890663
expected_profit,economic_plus_operational,optimal,370.813506483193,-159.80154355088808,-157.01840334740686,157.0465412077495,304.262,0.9999999999999999,False,False,False,False,False,,,0.3176452119309262,0.6823547880690737,0.0,True,ANCHOR-018,2026071903,a6a5d5e9aab59094adcc97731df8cc726d3c38bdd5b2ff54cfcea19b176fb364,clayton,empirical_resample,0.5,0.99,-144.16887656890663
mean_variance,variance_penalty,optimal,370.813506483193,-159.80154355088808,-157.01840334740686,157.0465412077495,304.262,0.9999999999999999,False,False,False,False,False,,,0.3176452119309262,0.6823547880690737,0.0,True,ANCHOR-018,2026071903,a6a5d5e9aab59094adcc97731df8cc726d3c38bdd5b2ff54cfcea19b176fb364,clayton,empirical_resample,0.5,0.99,-144.16887656890663
loss_CVaR,economic_operational_plus_CVaR,optimal,370.813506483193,-159.80154355088808,-157.01840334740686,157.0465412077495,304.262,0.9999999999999999,False,False,False,False,False,,,0.3176452119309262,0.6823547880690737,0.0,True,ANCHOR-018,2026071903,a6a5d5e9aab59094adcc97731df8cc726d3c38bdd5b2ff54cfcea19b176fb364,clayton,empirical_resample,0.5,0.99,-144.16887656890663
ranking_proportional_repaired,ranking,repaired,329.7654477774115,-133.13171251551537,-130.86793178609025,130.8903810029201,304.262,1.0,True,False,False,False,False,,,0.4021450101938013,0.41731036270383476,0.18054462710236394,True,ANCHOR-018,2026071904,ca7e18cd5cbe9a4bc63a42cb26ea22a17712ce73c6ec307fa7bf3d7c9d466a03,clayton,empirical_resample,0.5,0.99,-143.70527229307777
expected_profit,economic_plus_operational,optimal,371.3179381552609,-159.23886784064138,-156.54261280006529,156.56946173544293,304.262,0.9999999999999999,False,False,False,False,False,,,0.3176452119309262,0.6823547880690737,0.0,True,ANCHOR-018,2026071904,ca7e18cd5cbe9a4bc63a42cb26ea22a17712ce73c6ec307fa7bf3d7c9d466a03,clayton,empirical_resample,0.5,0.99,-143.70527229307777
mean_variance,variance_penalty,optimal,371.3179381552609,-159.23886784064138,-156.54261280006529,156.56946173544293,304.262,0.9999999999999999,False,False,False,False,False,,,0.3176452119309262,0.6823547880690737,0.0,True,ANCHOR-018,2026071904,ca7e18cd5cbe9a4bc63a42cb26ea22a17712ce73c6ec307fa7bf3d7c9d466a03,clayton,empirical_resample,0.5,0.99,-143.70527229307777
loss_CVaR,economic_operational_plus_CVaR,optimal,371.3179381552609,-159.23886784064138,-156.54261280006529,156.56946173544293,304.262,0.9999999999999999,False,False,False,False,False,,,0.3176452119309262,0.6823547880690737,0.0,True,ANCHOR-018,2026071904,ca7e18cd5cbe9a4bc63a42cb26ea22a17712ce73c6ec307fa7bf3d7c9d466a03,clayton,empirical_resample,0.5,0.99,-143.70527229307777
ranking_proportional_repaired,ranking,repaired,329.9042876331941,-133.16236396340497,-131.09867262746104,131.1195464872926,304.262,1.0,True,False,False,False,False,,,0.4021450101938013,0.41731036270383476,0.18054462710236394,True,ANCHOR-018,2026071905,a16fd8614737ebbdf0c682bf927e27fcb848c80ec4b87cea006c3a4fc9cac319,clayton,empirical_resample,0.5,0.99,-143.95729269317246
expected_profit,economic_plus_operational,optimal,371.0588137188717,-159.38755338196688,-156.81591275888388,156.84148420578364,304.262,0.9999999999999999,False,False,False,False,False,,,0.3176452119309262,0.6823547880690737,0.0,True,ANCHOR-018,2026071905,a16fd8614737ebbdf0c682bf927e27fcb848c80ec4b87cea006c3a4fc9cac319,clayton,empirical_resample,0.5,0.99,-143.95729269317246
mean_variance,variance_penalty,optimal,371.0588137220323,-159.38755338324364,-156.8159127601388,156.8414842070386,304.26200000291146,1.0000000000094225,False,False,False,False,False,,,0.31764521193484463,0.6823547880730989,1.478992508035617e-12,True,ANCHOR-018,2026071905,a16fd8614737ebbdf0c682bf927e27fcb848c80ec4b87cea006c3a4fc9cac319,clayton,empirical_resample,0.5,0.99,-143.95729269317246
loss_CVaR,economic_operational_plus_CVaR,optimal,371.0588137188717,-159.38755338196688,-156.81591275888388,156.84148420578364,304.262,0.9999999999999999,False,False,False,False,False,,,0.3176452119309262,0.6823547880690737,0.0,True,ANCHOR-018,2026071905,a16fd8614737ebbdf0c682bf927e27fcb848c80ec4b87cea006c3a4fc9cac319,clayton,empirical_resample,0.5,0.99,-143.95729269317246
