design_id,design_sha256,experiment_id,replication_seed,archetype,signal_accuracy,flexibility_level,allowed_actions_json,no_information_action,signal_actions_json,no_information_value,signal_value,value_of_information,policy_actionable,action_set_nested,payoff_matrix_json,evidence_status,garbling_from_0_90_json,exact_anchor
CRR-STAGEII-CONFIRM-2026-07-22,21c5b970e734ed79636df2f3882d4d85460c5efa40b88e59b9b9a3f34a25c0ff,E6,0,dominated_option_null,0.5,high,"[0,1]",0,"[0,0]",9.0,9.0,0.0,False,True,"[[9.0,9.0],[0.0,0.0],[5.0,5.0]]",EXACT_FINITE_SYNTHETIC_ANCHOR,"[[0.4999999999999999,0.5000000000000001],[0.5000000000000001,0.4999999999999999]]",True
CRR-STAGEII-CONFIRM-2026-07-22,21c5b970e734ed79636df2f3882d4d85460c5efa40b88e59b9b9a3f34a25c0ff,E6,0,dominated_option_null,0.5,low,[0],0,"[0,0]",9.0,9.0,0.0,False,True,"[[9.0,9.0],[0.0,0.0],[5.0,5.0]]",EXACT_FINITE_SYNTHETIC_ANCHOR,"[[0.4999999999999999,0.5000000000000001],[0.5000000000000001,0.4999999999999999]]",True
CRR-STAGEII-CONFIRM-2026-07-22,21c5b970e734ed79636df2f3882d4d85460c5efa40b88e59b9b9a3f34a25c0ff,E6,0,dominated_option_null,0.7,high,"[0,1]",0,"[0,0]",9.0,9.0,0.0,False,True,"[[9.0,9.0],[0.0,0.0],[5.0,5.0]]",EXACT_FINITE_SYNTHETIC_ANCHOR,"[[0.7500000000000001,0.2499999999999999],[0.2499999999999999,0.7500000000000001]]",True
CRR-STAGEII-CONFIRM-2026-07-22,21c5b970e734ed79636df2f3882d4d85460c5efa40b88e59b9b9a3f34a25c0ff,E6,0,dominated_option_null,0.7,low,[0],0,"[0,0]",9.0,9.0,0.0,False,True,"[[9.0,9.0],[0.0,0.0],[5.0,5.0]]",EXACT_FINITE_SYNTHETIC_ANCHOR,"[[0.7500000000000001,0.2499999999999999],[0.2499999999999999,0.7500000000000001]]",True
CRR-STAGEII-CONFIRM-2026-07-22,21c5b970e734ed79636df2f3882d4d85460c5efa40b88e59b9b9a3f34a25c0ff,E6,0,dominated_option_null,0.9,high,"[0,1]",0,"[0,0]",9.0,9.0,0.0,False,True,"[[9.0,9.0],[0.0,0.0],[5.0,5.0]]",EXACT_FINITE_SYNTHETIC_ANCHOR,"[[1.0,0.0],[0.0,1.0]]",True
CRR-STAGEII-CONFIRM-2026-07-22,21c5b970e734ed79636df2f3882d4d85460c5efa40b88e59b9b9a3f34a25c0ff,E6,0,dominated_option_null,0.9,low,[0],0,"[0,0]",9.0,9.0,0.0,False,True,"[[9.0,9.0],[0.0,0.0],[5.0,5.0]]",EXACT_FINITE_SYNTHETIC_ANCHOR,"[[1.0,0.0],[0.0,1.0]]",True
CRR-STAGEII-CONFIRM-2026-07-22,21c5b970e734ed79636df2f3882d4d85460c5efa40b88e59b9b9a3f34a25c0ff,E6,202607226001,dominated_option_null,0.5,high,"[0,1]",0,"[0,0]",9.00852903329614,9.00852903329614,0.0,False,True,"[[8.869548831091192,9.147509235501088],[0.8365683252238549,-0.8716419752372205],[5.504382043769212,4.299052522563484]]",FINITE_SYNTHETIC_DESIGN_NOT_EMPIRICAL,,
CRR-STAGEII-CONFIRM-2026-07-22,21c5b970e734ed79636df2f3882d4d85460c5efa40b88e59b9b9a3f34a25c0ff,E6,202607226001,dominated_option_null,0.5,low,[0],0,"[0,0]",9.00852903329614,9.00852903329614,0.0,False,True,"[[8.869548831091192,9.147509235501088],[0.8365683252238549,-0.8716419752372205],[5.504382043769212,4.299052522563484]]",FINITE_SYNTHETIC_DESIGN_NOT_EMPIRICAL,,
CRR-STAGEII-CONFIRM-2026-07-22,21c5b970e734ed79636df2f3882d4d85460c5efa40b88e59b9b9a3f34a25c0ff,E6,202607226001,dominated_option_null,0.7,high,"[0,1]",0,"[0,0]",9.00852903329614,9.00852903329614,0.0,False,True,"[[8.869548831091192,9.147509235501088],[0.8365683252238549,-0.8716419752372205],[5.504382043769212,4.299052522563484]]",FINITE_SYNTHETIC_DESIGN_NOT_EMPIRICAL,,
CRR-STAGEII-CONFIRM-2026-07-22,21c5b970e734ed79636df2f3882d4d85460c5efa40b88e59b9b9a3f34a25c0ff,E6,202607226001,dominated_option_null,0.7,low,[0],0,"[0,0]",9.00852903329614,9.00852903329614,0.0,False,True,"[[8.869548831091192,9.147509235501088],[0.8365683252238549,-0.8716419752372205],[5.504382043769212,4.299052522563484]]",FINITE_SYNTHETIC_DESIGN_NOT_EMPIRICAL,,
CRR-STAGEII-CONFIRM-2026-07-22,21c5b970e734ed79636df2f3882d4d85460c5efa40b88e59b9b9a3f34a25c0ff,E6,202607226001,dominated_option_null,0.9,high,"[0,1]",0,"[0,0]",9.00852903329614,9.00852903329614,0.0,False,True,"[[8.869548831091192,9.147509235501088],[0.8365683252238549,-0.8716419752372205],[5.504382043769212,4.299052522563484]]",FINITE_SYNTHETIC_DESIGN_NOT_EMPIRICAL,,
CRR-STAGEII-CONFIRM-2026-07-22,21c5b970e734ed79636df2f3882d4d85460c5efa40b88e59b9b9a3f34a25c0ff,E6,202607226001,dominated_option_null,0.9,low,[0],0,"[0,0]",9.00852903329614,9.00852903329614,0.0,False,True,"[[8.869548831091192,9.147509235501088],[0.8365683252238549,-0.8716419752372205],[5.504382043769212,4.299052522563484]]",FINITE_SYNTHETIC_DESIGN_NOT_EMPIRICAL,,
CRR-STAGEII-CONFIRM-2026-07-22,21c5b970e734ed79636df2f3882d4d85460c5efa40b88e59b9b9a3f34a25c0ff,E6,202607226002,dominated_option_null,0.5,high,"[0,1]",0,"[0,0]",8.594214351881144,8.594214351881144,0.0,False,True,"[[9.03186775116272,8.156560952599568],[-0.18927490621906137,1.5929594092975736],[6.2976359168286455,4.785267570561741]]",FINITE_SYNTHETIC_DESIGN_NOT_EMPIRICAL,,
CRR-STAGEII-CONFIRM-2026-07-22,21c5b970e734ed79636df2f3882d4d85460c5efa40b88e59b9b9a3f34a25c0ff,E6,202607226002,dominated_option_null,0.5,low,[0],0,"[0,0]",8.594214351881144,8.594214351881144,0.0,False,True,"[[9.03186775116272,8.156560952599568],[-0.18927490621906137,1.5929594092975736],[6.2976359168286455,4.785267570561741]]",FINITE_SYNTHETIC_DESIGN_NOT_EMPIRICAL,,
CRR-STAGEII-CONFIRM-2026-07-22,21c5b970e734ed79636df2f3882d4d85460c5efa40b88e59b9b9a3f34a25c0ff,E6,202607226002,dominated_option_null,0.7,high,"[0,1]",0,"[0,0]",8.594214351881144,8.594214351881144,0.0,False,True,"[[9.03186775116272,8.156560952599568],[-0.18927490621906137,1.5929594092975736],[6.2976359168286455,4.785267570561741]]",FINITE_SYNTHETIC_DESIGN_NOT_EMPIRICAL,,
CRR-STAGEII-CONFIRM-2026-07-22,21c5b970e734ed79636df2f3882d4d85460c5efa40b88e59b9b9a3f34a25c0ff,E6,202607226002,dominated_option_null,0.7,low,[0],0,"[0,0]",8.594214351881144,8.594214351881144,0.0,False,True,"[[9.03186775116272,8.156560952599568],[-0.18927490621906137,1.5929594092975736],[6.2976359168286455,4.785267570561741]]",FINITE_SYNTHETIC_DESIGN_NOT_EMPIRICAL,,
CRR-STAGEII-CONFIRM-2026-07-22,21c5b970e734ed79636df2f3882d4d85460c5efa40b88e59b9b9a3f34a25c0ff,E6,202607226002,dominated_option_null,0.9,high,"[0,1]",0,"[0,0]",8.594214351881144,8.594214351881144,0.0,False,True,"[[9.03186775116272,8.156560952599568],[-0.18927490621906137,1.5929594092975736],[6.2976359168286455,4.785267570561741]]",FINITE_SYNTHETIC_DESIGN_NOT_EMPIRICAL,,
CRR-STAGEII-CONFIRM-2026-07-22,21c5b970e734ed79636df2f3882d4d85460c5efa40b88e59b9b9a3f34a25c0ff,E6,202607226002,dominated_option_null,0.9,low,[0],0,"[0,0]",8.594214351881144,8.594214351881144,0.0,False,True,"[[9.03186775116272,8.156560952599568],[-0.18927490621906137,1.5929594092975736],[6.2976359168286455,4.785267570561741]]",FINITE_SYNTHETIC_DESIGN_NOT_EMPIRICAL,,
CRR-STAGEII-CONFIRM-2026-07-22,21c5b970e734ed79636df2f3882d4d85460c5efa40b88e59b9b9a3f34a25c0ff,E6,202607226003,dominated_option_null,0.5,high,"[0,1]",0,"[0,0]",8.070063975762121,8.070063975762121,0.0,False,True,"[[8.75136072950389,7.388767222020353],[1.185288758287349,-1.168304086054367],[4.9128243003785155,6.064481982659021]]",FINITE_SYNTHETIC_DESIGN_NOT_EMPIRICAL,,
CRR-STAGEII-CONFIRM-2026-07-22,21c5b970e734ed79636df2f3882d4d85460c5efa40b88e59b9b9a3f34a25c0ff,E6,202607226003,dominated_option_null,0.5,low,[0],0,"[0,0]",8.070063975762121,8.070063975762121,0.0,False,True,"[[8.75136072950389,7.388767222020353],[1.185288758287349,-1.168304086054367],[4.9128243003785155,6.064481982659021]]",FINITE_SYNTHETIC_DESIGN_NOT_EMPIRICAL,,
CRR-STAGEII-CONFIRM-2026-07-22,21c5b970e734ed79636df2f3882d4d85460c5efa40b88e59b9b9a3f34a25c0ff,E6,202607226003,dominated_option_null,0.7,high,"[0,1]",0,"[0,0]",8.070063975762121,8.070063975762121,0.0,False,True,"[[8.75136072950389,7.388767222020353],[1.185288758287349,-1.168304086054367],[4.9128243003785155,6.064481982659021]]",FINITE_SYNTHETIC_DESIGN_NOT_EMPIRICAL,,
CRR-STAGEII-CONFIRM-2026-07-22,21c5b970e734ed79636df2f3882d4d85460c5efa40b88e59b9b9a3f34a25c0ff,E6,202607226003,dominated_option_null,0.7,low,[0],0,"[0,0]",8.070063975762121,8.070063975762121,0.0,False,True,"[[8.75136072950389,7.388767222020353],[1.185288758287349,-1.168304086054367],[4.9128243003785155,6.064481982659021]]",FINITE_SYNTHETIC_DESIGN_NOT_EMPIRICAL,,
CRR-STAGEII-CONFIRM-2026-07-22,21c5b970e734ed79636df2f3882d4d85460c5efa40b88e59b9b9a3f34a25c0ff,E6,202607226003,dominated_option_null,0.9,high,"[0,1]",0,"[0,0]",8.070063975762121,8.070063975762121,0.0,False,True,"[[8.75136072950389,7.388767222020353],[1.185288758287349,-1.168304086054367],[4.9128243003785155,6.064481982659021]]",FINITE_SYNTHETIC_DESIGN_NOT_EMPIRICAL,,
CRR-STAGEII-CONFIRM-2026-07-22,21c5b970e734ed79636df2f3882d4d85460c5efa40b88e59b9b9a3f34a25c0ff,E6,202607226003,dominated_option_null,0.9,low,[0],0,"[0,0]",8.070063975762121,8.070063975762121,0.0,False,True,"[[8.75136072950389,7.388767222020353],[1.185288758287349,-1.168304086054367],[4.9128243003785155,6.064481982659021]]",FINITE_SYNTHETIC_DESIGN_NOT_EMPIRICAL,,
CRR-STAGEII-CONFIRM-2026-07-22,21c5b970e734ed79636df2f3882d4d85460c5efa40b88e59b9b9a3f34a25c0ff,E6,202607226004,dominated_option_null,0.5,high,"[0,1]",0,"[0,0]",9.2107140202171,9.2107140202171,0.0,False,True,"[[9.317533453409592,9.103894587024609],[0.6104548211846105,-0.6848910041074325],[5.949854614651162,4.52595792863617]]",FINITE_SYNTHETIC_DESIGN_NOT_EMPIRICAL,,
CRR-STAGEII-CONFIRM-2026-07-22,21c5b970e734ed79636df2f3882d4d85460c5efa40b88e59b9b9a3f34a25c0ff,E6,202607226004,dominated_option_null,0.5,low,[0],0,"[0,0]",9.2107140202171,9.2107140202171,0.0,False,True,"[[9.317533453409592,9.103894587024609],[0.6104548211846105,-0.6848910041074325],[5.949854614651162,4.52595792863617]]",FINITE_SYNTHETIC_DESIGN_NOT_EMPIRICAL,,
CRR-STAGEII-CONFIRM-2026-07-22,21c5b970e734ed79636df2f3882d4d85460c5efa40b88e59b9b9a3f34a25c0ff,E6,202607226004,dominated_option_null,0.7,high,"[0,1]",0,"[0,0]",9.2107140202171,9.2107140202171,0.0,False,True,"[[9.317533453409592,9.103894587024609],[0.6104548211846105,-0.6848910041074325],[5.949854614651162,4.52595792863617]]",FINITE_SYNTHETIC_DESIGN_NOT_EMPIRICAL,,
CRR-STAGEII-CONFIRM-2026-07-22,21c5b970e734ed79636df2f3882d4d85460c5efa40b88e59b9b9a3f34a25c0ff,E6,202607226004,dominated_option_null,0.7,low,[0],0,"[0,0]",9.2107140202171,9.2107140202171,0.0,False,True,"[[9.317533453409592,9.103894587024609],[0.6104548211846105,-0.6848910041074325],[5.949854614651162,4.52595792863617]]",FINITE_SYNTHETIC_DESIGN_NOT_EMPIRICAL,,
CRR-STAGEII-CONFIRM-2026-07-22,21c5b970e734ed79636df2f3882d4d85460c5efa40b88e59b9b9a3f34a25c0ff,E6,202607226004,dominated_option_null,0.9,high,"[0,1]",0,"[0,0]",9.2107140202171,9.2107140202171,0.0,False,True,"[[9.317533453409592,9.103894587024609],[0.6104548211846105,-0.6848910041074325],[5.949854614651162,4.52595792863617]]",FINITE_SYNTHETIC_DESIGN_NOT_EMPIRICAL,,
CRR-STAGEII-CONFIRM-2026-07-22,21c5b970e734ed79636df2f3882d4d85460c5efa40b88e59b9b9a3f34a25c0ff,E6,202607226004,dominated_option_null,0.9,low,[0],0,"[0,0]",9.2107140202171,9.2107140202171,0.0,False,True,"[[9.317533453409592,9.103894587024609],[0.6104548211846105,-0.6848910041074325],[5.949854614651162,4.52595792863617]]",FINITE_SYNTHETIC_DESIGN_NOT_EMPIRICAL,,
CRR-STAGEII-CONFIRM-2026-07-22,21c5b970e734ed79636df2f3882d4d85460c5efa40b88e59b9b9a3f34a25c0ff,E6,202607226005,dominated_option_null,0.5,high,"[0,1]",0,"[0,0]",7.549521341454247,7.549521341454247,0.0,False,True,"[[6.846284533280089,8.252758149628404],[-0.3384286432595476,0.36106296607934674],[5.251092126525887,4.962557438396565]]",FINITE_SYNTHETIC_DESIGN_NOT_EMPIRICAL,,
CRR-STAGEII-CONFIRM-2026-07-22,21c5b970e734ed79636df2f3882d4d85460c5efa40b88e59b9b9a3f34a25c0ff,E6,202607226005,dominated_option_null,0.5,low,[0],0,"[0,0]",7.549521341454247,7.549521341454247,0.0,False,True,"[[6.846284533280089,8.252758149628404],[-0.3384286432595476,0.36106296607934674],[5.251092126525887,4.962557438396565]]",FINITE_SYNTHETIC_DESIGN_NOT_EMPIRICAL,,
CRR-STAGEII-CONFIRM-2026-07-22,21c5b970e734ed79636df2f3882d4d85460c5efa40b88e59b9b9a3f34a25c0ff,E6,202607226005,dominated_option_null,0.7,high,"[0,1]",0,"[0,0]",7.549521341454247,7.549521341454247,0.0,False,True,"[[6.846284533280089,8.252758149628404],[-0.3384286432595476,0.36106296607934674],[5.251092126525887,4.962557438396565]]",FINITE_SYNTHETIC_DESIGN_NOT_EMPIRICAL,,
CRR-STAGEII-CONFIRM-2026-07-22,21c5b970e734ed79636df2f3882d4d85460c5efa40b88e59b9b9a3f34a25c0ff,E6,202607226005,dominated_option_null,0.7,low,[0],0,"[0,0]",7.549521341454247,7.549521341454247,0.0,False,True,"[[6.846284533280089,8.252758149628404],[-0.3384286432595476,0.36106296607934674],[5.251092126525887,4.962557438396565]]",FINITE_SYNTHETIC_DESIGN_NOT_EMPIRICAL,,
CRR-STAGEII-CONFIRM-2026-07-22,21c5b970e734ed79636df2f3882d4d85460c5efa40b88e59b9b9a3f34a25c0ff,E6,202607226005,dominated_option_null,0.9,high,"[0,1]",0,"[0,0]",7.549521341454247,7.549521341454247,0.0,False,True,"[[6.846284533280089,8.252758149628404],[-0.3384286432595476,0.36106296607934674],[5.251092126525887,4.962557438396565]]",FINITE_SYNTHETIC_DESIGN_NOT_EMPIRICAL,,
CRR-STAGEII-CONFIRM-2026-07-22,21c5b970e734ed79636df2f3882d4d85460c5efa40b88e59b9b9a3f34a25c0ff,E6,202607226005,dominated_option_null,0.9,low,[0],0,"[0,0]",7.549521341454247,7.549521341454247,0.0,False,True,"[[6.846284533280089,8.252758149628404],[-0.3384286432595476,0.36106296607934674],[5.251092126525887,4.962557438396565]]",FINITE_SYNTHETIC_DESIGN_NOT_EMPIRICAL,,
CRR-STAGEII-CONFIRM-2026-07-22,21c5b970e734ed79636df2f3882d4d85460c5efa40b88e59b9b9a3f34a25c0ff,E6,202607226006,dominated_option_null,0.5,high,"[0,1]",0,"[0,0]",9.143297876498126,9.143297876498126,0.0,False,True,"[[9.226443714582587,9.060152038413666],[0.1939208683359724,-0.007290340315008068],[5.5815327654492615,6.146562419845742]]",FINITE_SYNTHETIC_DESIGN_NOT_EMPIRICAL,,
CRR-STAGEII-CONFIRM-2026-07-22,21c5b970e734ed79636df2f3882d4d85460c5efa40b88e59b9b9a3f34a25c0ff,E6,202607226006,dominated_option_null,0.5,low,[0],0,"[0,0]",9.143297876498126,9.143297876498126,0.0,False,True,"[[9.226443714582587,9.060152038413666],[0.1939208683359724,-0.007290340315008068],[5.5815327654492615,6.146562419845742]]",FINITE_SYNTHETIC_DESIGN_NOT_EMPIRICAL,,
CRR-STAGEII-CONFIRM-2026-07-22,21c5b970e734ed79636df2f3882d4d85460c5efa40b88e59b9b9a3f34a25c0ff,E6,202607226006,dominated_option_null,0.7,high,"[0,1]",0,"[0,0]",9.143297876498126,9.143297876498126,0.0,False,True,"[[9.226443714582587,9.060152038413666],[0.1939208683359724,-0.007290340315008068],[5.5815327654492615,6.146562419845742]]",FINITE_SYNTHETIC_DESIGN_NOT_EMPIRICAL,,
CRR-STAGEII-CONFIRM-2026-07-22,21c5b970e734ed79636df2f3882d4d85460c5efa40b88e59b9b9a3f34a25c0ff,E6,202607226006,dominated_option_null,0.7,low,[0],0,"[0,0]",9.143297876498126,9.143297876498126,0.0,False,True,"[[9.226443714582587,9.060152038413666],[0.1939208683359724,-0.007290340315008068],[5.5815327654492615,6.146562419845742]]",FINITE_SYNTHETIC_DESIGN_NOT_EMPIRICAL,,
CRR-STAGEII-CONFIRM-2026-07-22,21c5b970e734ed79636df2f3882d4d85460c5efa40b88e59b9b9a3f34a25c0ff,E6,202607226006,dominated_option_null,0.9,high,"[0,1]",0,"[0,0]",9.143297876498126,9.143297876498128,1.7763568394002505e-15,False,True,"[[9.226443714582587,9.060152038413666],[0.1939208683359724,-0.007290340315008068],[5.5815327654492615,6.146562419845742]]",FINITE_SYNTHETIC_DESIGN_NOT_EMPIRICAL,,
CRR-STAGEII-CONFIRM-2026-07-22,21c5b970e734ed79636df2f3882d4d85460c5efa40b88e59b9b9a3f34a25c0ff,E6,202607226006,dominated_option_null,0.9,low,[0],0,"[0,0]",9.143297876498126,9.143297876498128,1.7763568394002505e-15,False,True,"[[9.226443714582587,9.060152038413666],[0.1939208683359724,-0.007290340315008068],[5.5815327654492615,6.146562419845742]]",FINITE_SYNTHETIC_DESIGN_NOT_EMPIRICAL,,
CRR-STAGEII-CONFIRM-2026-07-22,21c5b970e734ed79636df2f3882d4d85460c5efa40b88e59b9b9a3f34a25c0ff,E6,202607226007,dominated_option_null,0.5,high,"[0,1]",0,"[0,0]",9.324455951685806,9.324455951685806,0.0,False,True,"[[8.993410476760452,9.655501426611162],[0.6690111910997915,-0.5950690965714753],[5.867192392632765,4.971807625943014]]",FINITE_SYNTHETIC_DESIGN_NOT_EMPIRICAL,,
CRR-STAGEII-CONFIRM-2026-07-22,21c5b970e734ed79636df2f3882d4d85460c5efa40b88e59b9b9a3f34a25c0ff,E6,202607226007,dominated_option_null,0.5,low,[0],0,"[0,0]",9.324455951685806,9.324455951685806,0.0,False,True,"[[8.993410476760452,9.655501426611162],[0.6690111910997915,-0.5950690965714753],[5.867192392632765,4.971807625943014]]",FINITE_SYNTHETIC_DESIGN_NOT_EMPIRICAL,,
CRR-STAGEII-CONFIRM-2026-07-22,21c5b970e734ed79636df2f3882d4d85460c5efa40b88e59b9b9a3f34a25c0ff,E6,202607226007,dominated_option_null,0.7,high,"[0,1]",0,"[0,0]",9.324455951685806,9.324455951685806,0.0,False,True,"[[8.993410476760452,9.655501426611162],[0.6690111910997915,-0.5950690965714753],[5.867192392632765,4.971807625943014]]",FINITE_SYNTHETIC_DESIGN_NOT_EMPIRICAL,,
CRR-STAGEII-CONFIRM-2026-07-22,21c5b970e734ed79636df2f3882d4d85460c5efa40b88e59b9b9a3f34a25c0ff,E6,202607226007,dominated_option_null,0.7,low,[0],0,"[0,0]",9.324455951685806,9.324455951685806,0.0,False,True,"[[8.993410476760452,9.655501426611162],[0.6690111910997915,-0.5950690965714753],[5.867192392632765,4.971807625943014]]",FINITE_SYNTHETIC_DESIGN_NOT_EMPIRICAL,,
CRR-STAGEII-CONFIRM-2026-07-22,21c5b970e734ed79636df2f3882d4d85460c5efa40b88e59b9b9a3f34a25c0ff,E6,202607226007,dominated_option_null,0.9,high,"[0,1]",0,"[0,0]",9.324455951685806,9.324455951685806,0.0,False,True,"[[8.993410476760452,9.655501426611162],[0.6690111910997915,-0.5950690965714753],[5.867192392632765,4.971807625943014]]",FINITE_SYNTHETIC_DESIGN_NOT_EMPIRICAL,,
CRR-STAGEII-CONFIRM-2026-07-22,21c5b970e734ed79636df2f3882d4d85460c5efa40b88e59b9b9a3f34a25c0ff,E6,202607226007,dominated_option_null,0.9,low,[0],0,"[0,0]",9.324455951685806,9.324455951685806,0.0,False,True,"[[8.993410476760452,9.655501426611162],[0.6690111910997915,-0.5950690965714753],[5.867192392632765,4.971807625943014]]",FINITE_SYNTHETIC_DESIGN_NOT_EMPIRICAL,,
CRR-STAGEII-CONFIRM-2026-07-22,21c5b970e734ed79636df2f3882d4d85460c5efa40b88e59b9b9a3f34a25c0ff,E6,202607226008,dominated_option_null,0.5,high,"[0,1]",0,"[0,0]",8.953549931867563,8.953549931867563,0.0,False,True,"[[8.602764877200228,9.3043349865349],[0.3816524106279644,0.7909441357899772],[5.115908600264936,4.259885309991186]]",FINITE_SYNTHETIC_DESIGN_NOT_EMPIRICAL,,
CRR-STAGEII-CONFIRM-2026-07-22,21c5b970e734ed79636df2f3882d4d85460c5efa40b88e59b9b9a3f34a25c0ff,E6,202607226008,dominated_option_null,0.5,low,[0],0,"[0,0]",8.953549931867563,8.953549931867563,0.0,False,True,"[[8.602764877200228,9.3043349865349],[0.3816524106279644,0.7909441357899772],[5.115908600264936,4.259885309991186]]",FINITE_SYNTHETIC_DESIGN_NOT_EMPIRICAL,,
CRR-STAGEII-CONFIRM-2026-07-22,21c5b970e734ed79636df2f3882d4d85460c5efa40b88e59b9b9a3f34a25c0ff,E6,202607226008,dominated_option_null,0.7,high,"[0,1]",0,"[0,0]",8.953549931867563,8.953549931867563,0.0,False,True,"[[8.602764877200228,9.3043349865349],[0.3816524106279644,0.7909441357899772],[5.115908600264936,4.259885309991186]]",FINITE_SYNTHETIC_DESIGN_NOT_EMPIRICAL,,
CRR-STAGEII-CONFIRM-2026-07-22,21c5b970e734ed79636df2f3882d4d85460c5efa40b88e59b9b9a3f34a25c0ff,E6,202607226008,dominated_option_null,0.7,low,[0],0,"[0,0]",8.953549931867563,8.953549931867563,0.0,False,True,"[[8.602764877200228,9.3043349865349],[0.3816524106279644,0.7909441357899772],[5.115908600264936,4.259885309991186]]",FINITE_SYNTHETIC_DESIGN_NOT_EMPIRICAL,,
CRR-STAGEII-CONFIRM-2026-07-22,21c5b970e734ed79636df2f3882d4d85460c5efa40b88e59b9b9a3f34a25c0ff,E6,202607226008,dominated_option_null,0.9,high,"[0,1]",0,"[0,0]",8.953549931867563,8.953549931867563,0.0,False,True,"[[8.602764877200228,9.3043349865349],[0.3816524106279644,0.7909441357899772],[5.115908600264936,4.259885309991186]]",FINITE_SYNTHETIC_DESIGN_NOT_EMPIRICAL,,
CRR-STAGEII-CONFIRM-2026-07-22,21c5b970e734ed79636df2f3882d4d85460c5efa40b88e59b9b9a3f34a25c0ff,E6,202607226008,dominated_option_null,0.9,low,[0],0,"[0,0]",8.953549931867563,8.953549931867563,0.0,False,True,"[[8.602764877200228,9.3043349865349],[0.3816524106279644,0.7909441357899772],[5.115908600264936,4.259885309991186]]",FINITE_SYNTHETIC_DESIGN_NOT_EMPIRICAL,,
CRR-STAGEII-CONFIRM-2026-07-22,21c5b970e734ed79636df2f3882d4d85460c5efa40b88e59b9b9a3f34a25c0ff,E6,202607226009,dominated_option_null,0.5,high,"[0,1]",0,"[0,0]",9.105316002643043,9.105316002643043,0.0,False,True,"[[10.011065288551036,8.19956671673505],[-0.6241037521366877,-2.1973891290958956],[3.5153726323949925,5.052968596199106]]",FINITE_SYNTHETIC_DESIGN_NOT_EMPIRICAL,,
CRR-STAGEII-CONFIRM-2026-07-22,21c5b970e734ed79636df2f3882d4d85460c5efa40b88e59b9b9a3f34a25c0ff,E6,202607226009,dominated_option_null,0.5,low,[0],0,"[0,0]",9.105316002643043,9.105316002643043,0.0,False,True,"[[10.011065288551036,8.19956671673505],[-0.6241037521366877,-2.1973891290958956],[3.5153726323949925,5.052968596199106]]",FINITE_SYNTHETIC_DESIGN_NOT_EMPIRICAL,,
CRR-STAGEII-CONFIRM-2026-07-22,21c5b970e734ed79636df2f3882d4d85460c5efa40b88e59b9b9a3f34a25c0ff,E6,202607226009,dominated_option_null,0.7,high,"[0,1]",0,"[0,0]",9.105316002643043,9.105316002643043,0.0,False,True,"[[10.011065288551036,8.19956671673505],[-0.6241037521366877,-2.1973891290958956],[3.5153726323949925,5.052968596199106]]",FINITE_SYNTHETIC_DESIGN_NOT_EMPIRICAL,,
CRR-STAGEII-CONFIRM-2026-07-22,21c5b970e734ed79636df2f3882d4d85460c5efa40b88e59b9b9a3f34a25c0ff,E6,202607226009,dominated_option_null,0.7,low,[0],0,"[0,0]",9.105316002643043,9.105316002643043,0.0,False,True,"[[10.011065288551036,8.19956671673505],[-0.6241037521366877,-2.1973891290958956],[3.5153726323949925,5.052968596199106]]",FINITE_SYNTHETIC_DESIGN_NOT_EMPIRICAL,,
CRR-STAGEII-CONFIRM-2026-07-22,21c5b970e734ed79636df2f3882d4d85460c5efa40b88e59b9b9a3f34a25c0ff,E6,202607226009,dominated_option_null,0.9,high,"[0,1]",0,"[0,0]",9.105316002643043,9.105316002643043,0.0,False,True,"[[10.011065288551036,8.19956671673505],[-0.6241037521366877,-2.1973891290958956],[3.5153726323949925,5.052968596199106]]",FINITE_SYNTHETIC_DESIGN_NOT_EMPIRICAL,,
CRR-STAGEII-CONFIRM-2026-07-22,21c5b970e734ed79636df2f3882d4d85460c5efa40b88e59b9b9a3f34a25c0ff,E6,202607226009,dominated_option_null,0.9,low,[0],0,"[0,0]",9.105316002643043,9.105316002643043,0.0,False,True,"[[10.011065288551036,8.19956671673505],[-0.6241037521366877,-2.1973891290958956],[3.5153726323949925,5.052968596199106]]",FINITE_SYNTHETIC_DESIGN_NOT_EMPIRICAL,,
CRR-STAGEII-CONFIRM-2026-07-22,21c5b970e734ed79636df2f3882d4d85460c5efa40b88e59b9b9a3f34a25c0ff,E6,202607226010,dominated_option_null,0.5,high,"[0,1]",0,"[0,0]",7.527805512713291,7.527805512713291,0.0,False,True,"[[7.5917208556062405,7.463890169820341],[-0.3492957522800926,-1.0643555211978968],[6.2338977580489034,5.275236663449922]]",FINITE_SYNTHETIC_DESIGN_NOT_EMPIRICAL,,
CRR-STAGEII-CONFIRM-2026-07-22,21c5b970e734ed79636df2f3882d4d85460c5efa40b88e59b9b9a3f34a25c0ff,E6,202607226010,dominated_option_null,0.5,low,[0],0,"[0,0]",7.527805512713291,7.527805512713291,0.0,False,True,"[[7.5917208556062405,7.463890169820341],[-0.3492957522800926,-1.0643555211978968],[6.2338977580489034,5.275236663449922]]",FINITE_SYNTHETIC_DESIGN_NOT_EMPIRICAL,,
CRR-STAGEII-CONFIRM-2026-07-22,21c5b970e734ed79636df2f3882d4d85460c5efa40b88e59b9b9a3f34a25c0ff,E6,202607226010,dominated_option_null,0.7,high,"[0,1]",0,"[0,0]",7.527805512713291,7.527805512713291,0.0,False,True,"[[7.5917208556062405,7.463890169820341],[-0.3492957522800926,-1.0643555211978968],[6.2338977580489034,5.275236663449922]]",FINITE_SYNTHETIC_DESIGN_NOT_EMPIRICAL,,
CRR-STAGEII-CONFIRM-2026-07-22,21c5b970e734ed79636df2f3882d4d85460c5efa40b88e59b9b9a3f34a25c0ff,E6,202607226010,dominated_option_null,0.7,low,[0],0,"[0,0]",7.527805512713291,7.527805512713291,0.0,False,True,"[[7.5917208556062405,7.463890169820341],[-0.3492957522800926,-1.0643555211978968],[6.2338977580489034,5.275236663449922]]",FINITE_SYNTHETIC_DESIGN_NOT_EMPIRICAL,,
CRR-STAGEII-CONFIRM-2026-07-22,21c5b970e734ed79636df2f3882d4d85460c5efa40b88e59b9b9a3f34a25c0ff,E6,202607226010,dominated_option_null,0.9,high,"[0,1]",0,"[0,0]",7.527805512713291,7.527805512713291,0.0,False,True,"[[7.5917208556062405,7.463890169820341],[-0.3492957522800926,-1.0643555211978968],[6.2338977580489034,5.275236663449922]]",FINITE_SYNTHETIC_DESIGN_NOT_EMPIRICAL,,
CRR-STAGEII-CONFIRM-2026-07-22,21c5b970e734ed79636df2f3882d4d85460c5efa40b88e59b9b9a3f34a25c0ff,E6,202607226010,dominated_option_null,0.9,low,[0],0,"[0,0]",7.527805512713291,7.527805512713291,0.0,False,True,"[[7.5917208556062405,7.463890169820341],[-0.3492957522800926,-1.0643555211978968],[6.2338977580489034,5.275236663449922]]",FINITE_SYNTHETIC_DESIGN_NOT_EMPIRICAL,,
CRR-STAGEII-CONFIRM-2026-07-22,21c5b970e734ed79636df2f3882d4d85460c5efa40b88e59b9b9a3f34a25c0ff,E6,202607226011,dominated_option_null,0.5,high,"[0,1]",0,"[0,0]",8.479455838634006,8.479455838634006,0.0,False,True,"[[7.718888707272917,9.240022969995097],[-0.3629067464210429,0.2418469463920903],[4.595570629462771,5.028763737037735]]",FINITE_SYNTHETIC_DESIGN_NOT_EMPIRICAL,,
CRR-STAGEII-CONFIRM-2026-07-22,21c5b970e734ed79636df2f3882d4d85460c5efa40b88e59b9b9a3f34a25c0ff,E6,202607226011,dominated_option_null,0.5,low,[0],0,"[0,0]",8.479455838634006,8.479455838634006,0.0,False,True,"[[7.718888707272917,9.240022969995097],[-0.3629067464210429,0.2418469463920903],[4.595570629462771,5.028763737037735]]",FINITE_SYNTHETIC_DESIGN_NOT_EMPIRICAL,,
CRR-STAGEII-CONFIRM-2026-07-22,21c5b970e734ed79636df2f3882d4d85460c5efa40b88e59b9b9a3f34a25c0ff,E6,202607226011,dominated_option_null,0.7,high,"[0,1]",0,"[0,0]",8.479455838634006,8.479455838634006,0.0,False,True,"[[7.718888707272917,9.240022969995097],[-0.3629067464210429,0.2418469463920903],[4.595570629462771,5.028763737037735]]",FINITE_SYNTHETIC_DESIGN_NOT_EMPIRICAL,,
CRR-STAGEII-CONFIRM-2026-07-22,21c5b970e734ed79636df2f3882d4d85460c5efa40b88e59b9b9a3f34a25c0ff,E6,202607226011,dominated_option_null,0.7,low,[0],0,"[0,0]",8.479455838634006,8.479455838634006,0.0,False,True,"[[7.718888707272917,9.240022969995097],[-0.3629067464210429,0.2418469463920903],[4.595570629462771,5.028763737037735]]",FINITE_SYNTHETIC_DESIGN_NOT_EMPIRICAL,,
CRR-STAGEII-CONFIRM-2026-07-22,21c5b970e734ed79636df2f3882d4d85460c5efa40b88e59b9b9a3f34a25c0ff,E6,202607226011,dominated_option_null,0.9,high,"[0,1]",0,"[0,0]",8.479455838634006,8.479455838634006,0.0,False,True,"[[7.718888707272917,9.240022969995097],[-0.3629067464210429,0.2418469463920903],[4.595570629462771,5.028763737037735]]",FINITE_SYNTHETIC_DESIGN_NOT_EMPIRICAL,,
CRR-STAGEII-CONFIRM-2026-07-22,21c5b970e734ed79636df2f3882d4d85460c5efa40b88e59b9b9a3f34a25c0ff,E6,202607226011,dominated_option_null,0.9,low,[0],0,"[0,0]",8.479455838634006,8.479455838634006,0.0,False,True,"[[7.718888707272917,9.240022969995097],[-0.3629067464210429,0.2418469463920903],[4.595570629462771,5.028763737037735]]",FINITE_SYNTHETIC_DESIGN_NOT_EMPIRICAL,,
CRR-STAGEII-CONFIRM-2026-07-22,21c5b970e734ed79636df2f3882d4d85460c5efa40b88e59b9b9a3f34a25c0ff,E6,202607226012,dominated_option_null,0.5,high,"[0,1]",0,"[0,0]",9.664170639950427,9.664170639950427,0.0,False,True,"[[10.478553950391172,8.849787329509681],[-0.368613608042299,-1.365445471761759],[4.2182835908686656,4.857046631881391]]",FINITE_SYNTHETIC_DESIGN_NOT_EMPIRICAL,,
CRR-STAGEII-CONFIRM-2026-07-22,21c5b970e734ed79636df2f3882d4d85460c5efa40b88e59b9b9a3f34a25c0ff,E6,202607226012,dominated_option_null,0.5,low,[0],0,"[0,0]",9.664170639950427,9.664170639950427,0.0,False,True,"[[10.478553950391172,8.849787329509681],[-0.368613608042299,-1.365445471761759],[4.2182835908686656,4.857046631881391]]",FINITE_SYNTHETIC_DESIGN_NOT_EMPIRICAL,,
CRR-STAGEII-CONFIRM-2026-07-22,21c5b970e734ed79636df2f3882d4d85460c5efa40b88e59b9b9a3f34a25c0ff,E6,202607226012,dominated_option_null,0.7,high,"[0,1]",0,"[0,0]",9.664170639950427,9.664170639950427,0.0,False,True,"[[10.478553950391172,8.849787329509681],[-0.368613608042299,-1.365445471761759],[4.2182835908686656,4.857046631881391]]",FINITE_SYNTHETIC_DESIGN_NOT_EMPIRICAL,,
CRR-STAGEII-CONFIRM-2026-07-22,21c5b970e734ed79636df2f3882d4d85460c5efa40b88e59b9b9a3f34a25c0ff,E6,202607226012,dominated_option_null,0.7,low,[0],0,"[0,0]",9.664170639950427,9.664170639950427,0.0,False,True,"[[10.478553950391172,8.849787329509681],[-0.368613608042299,-1.365445471761759],[4.2182835908686656,4.857046631881391]]",FINITE_SYNTHETIC_DESIGN_NOT_EMPIRICAL,,
CRR-STAGEII-CONFIRM-2026-07-22,21c5b970e734ed79636df2f3882d4d85460c5efa40b88e59b9b9a3f34a25c0ff,E6,202607226012,dominated_option_null,0.9,high,"[0,1]",0,"[0,0]",9.664170639950427,9.664170639950427,0.0,False,True,"[[10.478553950391172,8.849787329509681],[-0.368613608042299,-1.365445471761759],[4.2182835908686656,4.857046631881391]]",FINITE_SYNTHETIC_DESIGN_NOT_EMPIRICAL,,
CRR-STAGEII-CONFIRM-2026-07-22,21c5b970e734ed79636df2f3882d4d85460c5efa40b88e59b9b9a3f34a25c0ff,E6,202607226012,dominated_option_null,0.9,low,[0],0,"[0,0]",9.664170639950427,9.664170639950427,0.0,False,True,"[[10.478553950391172,8.849787329509681],[-0.368613608042299,-1.365445471761759],[4.2182835908686656,4.857046631881391]]",FINITE_SYNTHETIC_DESIGN_NOT_EMPIRICAL,,
CRR-STAGEII-CONFIRM-2026-07-22,21c5b970e734ed79636df2f3882d4d85460c5efa40b88e59b9b9a3f34a25c0ff,E6,202607226013,dominated_option_null,0.5,high,"[0,1]",0,"[0,0]",8.939841474169953,8.939841474169953,0.0,False,True,"[[9.646181786259406,8.233501162080499],[-1.0812917142247271,-0.42195631500095954],[5.317582105763176,5.080299929350303]]",FINITE_SYNTHETIC_DESIGN_NOT_EMPIRICAL,,
CRR-STAGEII-CONFIRM-2026-07-22,21c5b970e734ed79636df2f3882d4d85460c5efa40b88e59b9b9a3f34a25c0ff,E6,202607226013,dominated_option_null,0.5,low,[0],0,"[0,0]",8.939841474169953,8.939841474169953,0.0,False,True,"[[9.646181786259406,8.233501162080499],[-1.0812917142247271,-0.42195631500095954],[5.317582105763176,5.080299929350303]]",FINITE_SYNTHETIC_DESIGN_NOT_EMPIRICAL,,
CRR-STAGEII-CONFIRM-2026-07-22,21c5b970e734ed79636df2f3882d4d85460c5efa40b88e59b9b9a3f34a25c0ff,E6,202607226013,dominated_option_null,0.7,high,"[0,1]",0,"[0,0]",8.939841474169953,8.939841474169953,0.0,False,True,"[[9.646181786259406,8.233501162080499],[-1.0812917142247271,-0.42195631500095954],[5.317582105763176,5.080299929350303]]",FINITE_SYNTHETIC_DESIGN_NOT_EMPIRICAL,,
CRR-STAGEII-CONFIRM-2026-07-22,21c5b970e734ed79636df2f3882d4d85460c5efa40b88e59b9b9a3f34a25c0ff,E6,202607226013,dominated_option_null,0.7,low,[0],0,"[0,0]",8.939841474169953,8.939841474169953,0.0,False,True,"[[9.646181786259406,8.233501162080499],[-1.0812917142247271,-0.42195631500095954],[5.317582105763176,5.080299929350303]]",FINITE_SYNTHETIC_DESIGN_NOT_EMPIRICAL,,
CRR-STAGEII-CONFIRM-2026-07-22,21c5b970e734ed79636df2f3882d4d85460c5efa40b88e59b9b9a3f34a25c0ff,E6,202607226013,dominated_option_null,0.9,high,"[0,1]",0,"[0,0]",8.939841474169953,8.939841474169953,0.0,False,True,"[[9.646181786259406,8.233501162080499],[-1.0812917142247271,-0.42195631500095954],[5.317582105763176,5.080299929350303]]",FINITE_SYNTHETIC_DESIGN_NOT_EMPIRICAL,,
CRR-STAGEII-CONFIRM-2026-07-22,21c5b970e734ed79636df2f3882d4d85460c5efa40b88e59b9b9a3f34a25c0ff,E6,202607226013,dominated_option_null,0.9,low,[0],0,"[0,0]",8.939841474169953,8.939841474169953,0.0,False,True,"[[9.646181786259406,8.233501162080499],[-1.0812917142247271,-0.42195631500095954],[5.317582105763176,5.080299929350303]]",FINITE_SYNTHETIC_DESIGN_NOT_EMPIRICAL,,
CRR-STAGEII-CONFIRM-2026-07-22,21c5b970e734ed79636df2f3882d4d85460c5efa40b88e59b9b9a3f34a25c0ff,E6,202607226014,dominated_option_null,0.5,high,"[0,1]",0,"[0,0]",7.780851961509642,7.780851961509642,0.0,False,True,"[[7.672580468410768,7.889123454608516],[1.3910343877610956,-1.8275313140860954],[4.081783563265478,5.732337489507293]]",FINITE_SYNTHETIC_DESIGN_NOT_EMPIRICAL,,
CRR-STAGEII-CONFIRM-2026-07-22,21c5b970e734ed79636df2f3882d4d85460c5efa40b88e59b9b9a3f34a25c0ff,E6,202607226014,dominated_option_null,0.5,low,[0],0,"[0,0]",7.780851961509642,7.780851961509642,0.0,False,True,"[[7.672580468410768,7.889123454608516],[1.3910343877610956,-1.8275313140860954],[4.081783563265478,5.732337489507293]]",FINITE_SYNTHETIC_DESIGN_NOT_EMPIRICAL,,
CRR-STAGEII-CONFIRM-2026-07-22,21c5b970e734ed79636df2f3882d4d85460c5efa40b88e59b9b9a3f34a25c0ff,E6,202607226014,dominated_option_null,0.7,high,"[0,1]",0,"[0,0]",7.780851961509642,7.780851961509642,0.0,False,True,"[[7.672580468410768,7.889123454608516],[1.3910343877610956,-1.8275313140860954],[4.081783563265478,5.732337489507293]]",FINITE_SYNTHETIC_DESIGN_NOT_EMPIRICAL,,
CRR-STAGEII-CONFIRM-2026-07-22,21c5b970e734ed79636df2f3882d4d85460c5efa40b88e59b9b9a3f34a25c0ff,E6,202607226014,dominated_option_null,0.7,low,[0],0,"[0,0]",7.780851961509642,7.780851961509642,0.0,False,True,"[[7.672580468410768,7.889123454608516],[1.3910343877610956,-1.8275313140860954],[4.081783563265478,5.732337489507293]]",FINITE_SYNTHETIC_DESIGN_NOT_EMPIRICAL,,
CRR-STAGEII-CONFIRM-2026-07-22,21c5b970e734ed79636df2f3882d4d85460c5efa40b88e59b9b9a3f34a25c0ff,E6,202607226014,dominated_option_null,0.9,high,"[0,1]",0,"[0,0]",7.780851961509642,7.780851961509642,0.0,False,True,"[[7.672580468410768,7.889123454608516],[1.3910343877610956,-1.8275313140860954],[4.081783563265478,5.732337489507293]]",FINITE_SYNTHETIC_DESIGN_NOT_EMPIRICAL,,
CRR-STAGEII-CONFIRM-2026-07-22,21c5b970e734ed79636df2f3882d4d85460c5efa40b88e59b9b9a3f34a25c0ff,E6,202607226014,dominated_option_null,0.9,low,[0],0,"[0,0]",7.780851961509642,7.780851961509642,0.0,False,True,"[[7.672580468410768,7.889123454608516],[1.3910343877610956,-1.8275313140860954],[4.081783563265478,5.732337489507293]]",FINITE_SYNTHETIC_DESIGN_NOT_EMPIRICAL,,
CRR-STAGEII-CONFIRM-2026-07-22,21c5b970e734ed79636df2f3882d4d85460c5efa40b88e59b9b9a3f34a25c0ff,E6,202607226015,dominated_option_null,0.5,high,"[0,1]",0,"[0,0]",9.02044356589941,9.02044356589941,0.0,False,True,"[[8.45729365429707,9.58359347750175],[-1.4153773777723306,0.8888449857682414],[3.2664830659825768,4.756800295114286]]",FINITE_SYNTHETIC_DESIGN_NOT_EMPIRICAL,,
CRR-STAGEII-CONFIRM-2026-07-22,21c5b970e734ed79636df2f3882d4d85460c5efa40b88e59b9b9a3f34a25c0ff,E6,202607226015,dominated_option_null,0.5,low,[0],0,"[0,0]",9.02044356589941,9.02044356589941,0.0,False,True,"[[8.45729365429707,9.58359347750175],[-1.4153773777723306,0.8888449857682414],[3.2664830659825768,4.756800295114286]]",FINITE_SYNTHETIC_DESIGN_NOT_EMPIRICAL,,
CRR-STAGEII-CONFIRM-2026-07-22,21c5b970e734ed79636df2f3882d4d85460c5efa40b88e59b9b9a3f34a25c0ff,E6,202607226015,dominated_option_null,0.7,high,"[0,1]",0,"[0,0]",9.02044356589941,9.02044356589941,0.0,False,True,"[[8.45729365429707,9.58359347750175],[-1.4153773777723306,0.8888449857682414],[3.2664830659825768,4.756800295114286]]",FINITE_SYNTHETIC_DESIGN_NOT_EMPIRICAL,,
CRR-STAGEII-CONFIRM-2026-07-22,21c5b970e734ed79636df2f3882d4d85460c5efa40b88e59b9b9a3f34a25c0ff,E6,202607226015,dominated_option_null,0.7,low,[0],0,"[0,0]",9.02044356589941,9.02044356589941,0.0,False,True,"[[8.45729365429707,9.58359347750175],[-1.4153773777723306,0.8888449857682414],[3.2664830659825768,4.756800295114286]]",FINITE_SYNTHETIC_DESIGN_NOT_EMPIRICAL,,
CRR-STAGEII-CONFIRM-2026-07-22,21c5b970e734ed79636df2f3882d4d85460c5efa40b88e59b9b9a3f34a25c0ff,E6,202607226015,dominated_option_null,0.9,high,"[0,1]",0,"[0,0]",9.02044356589941,9.02044356589941,0.0,False,True,"[[8.45729365429707,9.58359347750175],[-1.4153773777723306,0.8888449857682414],[3.2664830659825768,4.756800295114286]]",FINITE_SYNTHETIC_DESIGN_NOT_EMPIRICAL,,
CRR-STAGEII-CONFIRM-2026-07-22,21c5b970e734ed79636df2f3882d4d85460c5efa40b88e59b9b9a3f34a25c0ff,E6,202607226015,dominated_option_null,0.9,low,[0],0,"[0,0]",9.02044356589941,9.02044356589941,0.0,False,True,"[[8.45729365429707,9.58359347750175],[-1.4153773777723306,0.8888449857682414],[3.2664830659825768,4.756800295114286]]",FINITE_SYNTHETIC_DESIGN_NOT_EMPIRICAL,,
CRR-STAGEII-CONFIRM-2026-07-22,21c5b970e734ed79636df2f3882d4d85460c5efa40b88e59b9b9a3f34a25c0ff,E6,202607226016,dominated_option_null,0.5,high,"[0,1]",0,"[0,0]",8.464943895370777,8.464943895370777,0.0,False,True,"[[8.490093670484343,8.43979412025721],[0.26705700771542096,1.2583582439539704],[4.15065991148057,6.21584531876957]]",FINITE_SYNTHETIC_DESIGN_NOT_EMPIRICAL,,
CRR-STAGEII-CONFIRM-2026-07-22,21c5b970e734ed79636df2f3882d4d85460c5efa40b88e59b9b9a3f34a25c0ff,E6,202607226016,dominated_option_null,0.5,low,[0],0,"[0,0]",8.464943895370777,8.464943895370777,0.0,False,True,"[[8.490093670484343,8.43979412025721],[0.26705700771542096,1.2583582439539704],[4.15065991148057,6.21584531876957]]",FINITE_SYNTHETIC_DESIGN_NOT_EMPIRICAL,,
CRR-STAGEII-CONFIRM-2026-07-22,21c5b970e734ed79636df2f3882d4d85460c5efa40b88e59b9b9a3f34a25c0ff,E6,202607226016,dominated_option_null,0.7,high,"[0,1]",0,"[0,0]",8.464943895370777,8.464943895370777,0.0,False,True,"[[8.490093670484343,8.43979412025721],[0.26705700771542096,1.2583582439539704],[4.15065991148057,6.21584531876957]]",FINITE_SYNTHETIC_DESIGN_NOT_EMPIRICAL,,
CRR-STAGEII-CONFIRM-2026-07-22,21c5b970e734ed79636df2f3882d4d85460c5efa40b88e59b9b9a3f34a25c0ff,E6,202607226016,dominated_option_null,0.7,low,[0],0,"[0,0]",8.464943895370777,8.464943895370777,0.0,False,True,"[[8.490093670484343,8.43979412025721],[0.26705700771542096,1.2583582439539704],[4.15065991148057,6.21584531876957]]",FINITE_SYNTHETIC_DESIGN_NOT_EMPIRICAL,,
CRR-STAGEII-CONFIRM-2026-07-22,21c5b970e734ed79636df2f3882d4d85460c5efa40b88e59b9b9a3f34a25c0ff,E6,202607226016,dominated_option_null,0.9,high,"[0,1]",0,"[0,0]",8.464943895370777,8.464943895370777,0.0,False,True,"[[8.490093670484343,8.43979412025721],[0.26705700771542096,1.2583582439539704],[4.15065991148057,6.21584531876957]]",FINITE_SYNTHETIC_DESIGN_NOT_EMPIRICAL,,
CRR-STAGEII-CONFIRM-2026-07-22,21c5b970e734ed79636df2f3882d4d85460c5efa40b88e59b9b9a3f34a25c0ff,E6,202607226016,dominated_option_null,0.9,low,[0],0,"[0,0]",8.464943895370777,8.464943895370777,0.0,False,True,"[[8.490093670484343,8.43979412025721],[0.26705700771542096,1.2583582439539704],[4.15065991148057,6.21584531876957]]",FINITE_SYNTHETIC_DESIGN_NOT_EMPIRICAL,,
CRR-STAGEII-CONFIRM-2026-07-22,21c5b970e734ed79636df2f3882d4d85460c5efa40b88e59b9b9a3f34a25c0ff,E6,0,robust_option_substitutes,0.5,high,"[0,1,2]",2,"[2,2]",9.0,9.0,0.0,False,True,"[[10.0,0.0],[0.0,10.0],[9.0,9.0]]",EXACT_FINITE_SYNTHETIC_ANCHOR,"[[0.4999999999999999,0.5000000000000001],[0.5000000000000001,0.4999999999999999]]",True
CRR-STAGEII-CONFIRM-2026-07-22,21c5b970e734ed79636df2f3882d4d85460c5efa40b88e59b9b9a3f34a25c0ff,E6,0,robust_option_substitutes,0.5,low,"[0,1]",0,"[0,0]",5.0,5.0,0.0,False,True,"[[10.0,0.0],[0.0,10.0],[9.0,9.0]]",EXACT_FINITE_SYNTHETIC_ANCHOR,"[[0.4999999999999999,0.5000000000000001],[0.5000000000000001,0.4999999999999999]]",True
CRR-STAGEII-CONFIRM-2026-07-22,21c5b970e734ed79636df2f3882d4d85460c5efa40b88e59b9b9a3f34a25c0ff,E6,0,robust_option_substitutes,0.7,high,"[0,1,2]",2,"[2,2]",9.0,9.0,0.0,False,True,"[[10.0,0.0],[0.0,10.0],[9.0,9.0]]",EXACT_FINITE_SYNTHETIC_ANCHOR,"[[0.7500000000000001,0.2499999999999999],[0.2499999999999999,0.7500000000000001]]",True
CRR-STAGEII-CONFIRM-2026-07-22,21c5b970e734ed79636df2f3882d4d85460c5efa40b88e59b9b9a3f34a25c0ff,E6,0,robust_option_substitutes,0.7,low,"[0,1]",0,"[0,1]",5.0,7.0,2.0,True,True,"[[10.0,0.0],[0.0,10.0],[9.0,9.0]]",EXACT_FINITE_SYNTHETIC_ANCHOR,"[[0.7500000000000001,0.2499999999999999],[0.2499999999999999,0.7500000000000001]]",True
CRR-STAGEII-CONFIRM-2026-07-22,21c5b970e734ed79636df2f3882d4d85460c5efa40b88e59b9b9a3f34a25c0ff,E6,0,robust_option_substitutes,0.9,high,"[0,1,2]",2,"[0,1]",9.0,9.0,0.0,True,True,"[[10.0,0.0],[0.0,10.0],[9.0,9.0]]",EXACT_FINITE_SYNTHETIC_ANCHOR,"[[1.0,0.0],[0.0,1.0]]",True
CRR-STAGEII-CONFIRM-2026-07-22,21c5b970e734ed79636df2f3882d4d85460c5efa40b88e59b9b9a3f34a25c0ff,E6,0,robust_option_substitutes,0.9,low,"[0,1]",0,"[0,1]",5.0,9.0,4.0,True,True,"[[10.0,0.0],[0.0,10.0],[9.0,9.0]]",EXACT_FINITE_SYNTHETIC_ANCHOR,"[[1.0,0.0],[0.0,1.0]]",True
CRR-STAGEII-CONFIRM-2026-07-22,21c5b970e734ed79636df2f3882d4d85460c5efa40b88e59b9b9a3f34a25c0ff,E6,202607226001,robust_option_substitutes,0.5,high,"[0,1,2]",2,"[2,2]",8.933965416756964,8.933965416756964,0.0,False,True,"[[9.476265903973136,0.5566455499715559],[0.39149799527779466,11.518765856092724],[9.133225228181676,8.734705605332252]]",FINITE_SYNTHETIC_DESIGN_NOT_EMPIRICAL,,
CRR-STAGEII-CONFIRM-2026-07-22,21c5b970e734ed79636df2f3882d4d85460c5efa40b88e59b9b9a3f34a25c0ff,E6,202607226001,robust_option_substitutes,0.5,low,"[0,1]",1,"[1,1]",5.95513192568526,5.95513192568526,0.0,False,True,"[[9.476265903973136,0.5566455499715559],[0.39149799527779466,11.518765856092724],[9.133225228181676,8.734705605332252]]",FINITE_SYNTHETIC_DESIGN_NOT_EMPIRICAL,,
CRR-STAGEII-CONFIRM-2026-07-22,21c5b970e734ed79636df2f3882d4d85460c5efa40b88e59b9b9a3f34a25c0ff,E6,202607226001,robust_option_substitutes,0.7,high,"[0,1,2]",2,"[2,2]",8.933965416756964,8.933965416756964,0.0,False,True,"[[9.476265903973136,0.5566455499715559],[0.39149799527779466,11.518765856092724],[9.133225228181676,8.734705605332252]]",FINITE_SYNTHETIC_DESIGN_NOT_EMPIRICAL,,
CRR-STAGEII-CONFIRM-2026-07-22,21c5b970e734ed79636df2f3882d4d85460c5efa40b88e59b9b9a3f34a25c0ff,E6,202607226001,robust_option_substitutes,0.7,low,"[0,1]",1,"[0,1]",5.95513192568526,7.490482647810453,1.5353507221251936,True,True,"[[9.476265903973136,0.5566455499715559],[0.39149799527779466,11.518765856092724],[9.133225228181676,8.734705605332252]]",FINITE_SYNTHETIC_DESIGN_NOT_EMPIRICAL,,
CRR-STAGEII-CONFIRM-2026-07-22,21c5b970e734ed79636df2f3882d4d85460c5efa40b88e59b9b9a3f34a25c0ff,E6,202607226001,robust_option_substitutes,0.9,high,"[0,1,2]",2,"[2,1]",8.933965416756964,9.749706167953981,0.8157407511970174,True,True,"[[9.476265903973136,0.5566455499715559],[0.39149799527779466,11.518765856092724],[9.133225228181676,8.734705605332252]]",FINITE_SYNTHETIC_DESIGN_NOT_EMPIRICAL,,
CRR-STAGEII-CONFIRM-2026-07-22,21c5b970e734ed79636df2f3882d4d85460c5efa40b88e59b9b9a3f34a25c0ff,E6,202607226001,robust_option_substitutes,0.9,low,"[0,1]",1,"[0,1]",5.95513192568526,9.495171469292105,3.540039543606845,True,True,"[[9.476265903973136,0.5566455499715559],[0.39149799527779466,11.518765856092724],[9.133225228181676,8.734705605332252]]",FINITE_SYNTHETIC_DESIGN_NOT_EMPIRICAL,,
CRR-STAGEII-CONFIRM-2026-07-22,21c5b970e734ed79636df2f3882d4d85460c5efa40b88e59b9b9a3f34a25c0ff,E6,202607226002,robust_option_substitutes,0.5,high,"[0,1,2]",2,"[2,2]",9.245751656111112,9.245751656111112,0.0,False,True,"[[10.286740715114156,0.8676714862471773],[-0.8581659119129428,10.351011899607782],[9.903446207510788,8.588057104711437]]",FINITE_SYNTHETIC_DESIGN_NOT_EMPIRICAL,,
CRR-STAGEII-CONFIRM-2026-07-22,21c5b970e734ed79636df2f3882d4d85460c5efa40b88e59b9b9a3f34a25c0ff,E6,202607226002,robust_option_substitutes,0.5,low,"[0,1]",0,"[0,0]",5.577206100680667,5.577206100680667,0.0,False,True,"[[10.286740715114156,0.8676714862471773],[-0.8581659119129428,10.351011899607782],[9.903446207510788,8.588057104711437]]",FINITE_SYNTHETIC_DESIGN_NOT_EMPIRICAL,,
CRR-STAGEII-CONFIRM-2026-07-22,21c5b970e734ed79636df2f3882d4d85460c5efa40b88e59b9b9a3f34a25c0ff,E6,202607226002,robust_option_substitutes,0.7,high,"[0,1,2]",2,"[2,2]",9.245751656111112,9.245751656111112,0.0,False,True,"[[10.286740715114156,0.8676714862471773],[-0.8581659119129428,10.351011899607782],[9.903446207510788,8.588057104711437]]",FINITE_SYNTHETIC_DESIGN_NOT_EMPIRICAL,,
CRR-STAGEII-CONFIRM-2026-07-22,21c5b970e734ed79636df2f3882d4d85460c5efa40b88e59b9b9a3f34a25c0ff,E6,202607226002,robust_option_substitutes,0.7,low,"[0,1]",0,"[0,1]",5.577206100680667,7.224639251302813,1.6474331506221462,True,True,"[[10.286740715114156,0.8676714862471773],[-0.8581659119129428,10.351011899607782],[9.903446207510788,8.588057104711437]]",FINITE_SYNTHETIC_DESIGN_NOT_EMPIRICAL,,
CRR-STAGEII-CONFIRM-2026-07-22,21c5b970e734ed79636df2f3882d4d85460c5efa40b88e59b9b9a3f34a25c0ff,E6,202607226002,robust_option_substitutes,0.9,high,"[0,1,2]",2,"[2,1]",9.245751656111112,9.501000707843282,0.2552490517321697,True,True,"[[10.286740715114156,0.8676714862471773],[-0.8581659119129428,10.351011899607782],[9.903446207510788,8.588057104711437]]",FINITE_SYNTHETIC_DESIGN_NOT_EMPIRICAL,,
CRR-STAGEII-CONFIRM-2026-07-22,21c5b970e734ed79636df2f3882d4d85460c5efa40b88e59b9b9a3f34a25c0ff,E6,202607226002,robust_option_substitutes,0.9,low,"[0,1]",0,"[0,1]",5.577206100680667,9.287463955341584,3.7102578546609175,True,True,"[[10.286740715114156,0.8676714862471773],[-0.8581659119129428,10.351011899607782],[9.903446207510788,8.588057104711437]]",FINITE_SYNTHETIC_DESIGN_NOT_EMPIRICAL,,
CRR-STAGEII-CONFIRM-2026-07-22,21c5b970e734ed79636df2f3882d4d85460c5efa40b88e59b9b9a3f34a25c0ff,E6,202607226003,robust_option_substitutes,0.5,high,"[0,1,2]",2,"[2,2]",7.764933989740119,7.764933989740119,0.0,False,True,"[[8.77593508110738,-0.5928522840071143],[0.10447239995813387,10.794793642722894],[8.368754375582864,7.161113603897375]]",FINITE_SYNTHETIC_DESIGN_NOT_EMPIRICAL,,
CRR-STAGEII-CONFIRM-2026-07-22,21c5b970e734ed79636df2f3882d4d85460c5efa40b88e59b9b9a3f34a25c0ff,E6,202607226003,robust_option_substitutes,0.5,low,"[0,1]",1,"[1,1]",5.449633021340514,5.449633021340514,0.0,False,True,"[[8.77593508110738,-0.5928522840071143],[0.10447239995813387,10.794793642722894],[8.368754375582864,7.161113603897375]]",FINITE_SYNTHETIC_DESIGN_NOT_EMPIRICAL,,
CRR-STAGEII-CONFIRM-2026-07-22,21c5b970e734ed79636df2f3882d4d85460c5efa40b88e59b9b9a3f34a25c0ff,E6,202607226003,robust_option_substitutes,0.7,high,"[0,1,2]",2,"[2,1]",7.764933989740119,7.7970797069853415,0.032145717245222194,True,True,"[[8.77593508110738,-0.5928522840071143],[0.10447239995813387,10.794793642722894],[8.368754375582864,7.161113603897375]]",FINITE_SYNTHETIC_DESIGN_NOT_EMPIRICAL,,
CRR-STAGEII-CONFIRM-2026-07-22,21c5b970e734ed79636df2f3882d4d85460c5efa40b88e59b9b9a3f34a25c0ff,E6,202607226003,robust_option_substitutes,0.7,low,"[0,1]",1,"[0,1]",5.449633021340514,6.776498070733249,1.326865049392735,True,True,"[[8.77593508110738,-0.5928522840071143],[0.10447239995813387,10.794793642722894],[8.368754375582864,7.161113603897375]]",FINITE_SYNTHETIC_DESIGN_NOT_EMPIRICAL,,
CRR-STAGEII-CONFIRM-2026-07-22,21c5b970e734ed79636df2f3882d4d85460c5efa40b88e59b9b9a3f34a25c0ff,E6,202607226003,robust_option_substitutes,0.9,high,"[0,1,2]",2,"[2,1]",7.764933989740119,8.986875908430367,1.2219419186902476,True,True,"[[8.77593508110738,-0.5928522840071143],[0.10447239995813387,10.794793642722894],[8.368754375582864,7.161113603897375]]",FINITE_SYNTHETIC_DESIGN_NOT_EMPIRICAL,,
CRR-STAGEII-CONFIRM-2026-07-22,21c5b970e734ed79636df2f3882d4d85460c5efa40b88e59b9b9a3f34a25c0ff,E6,202607226003,robust_option_substitutes,0.9,low,"[0,1]",1,"[0,1]",5.449633021340514,8.782408931521175,3.3327759101806613,True,True,"[[8.77593508110738,-0.5928522840071143],[0.10447239995813387,10.794793642722894],[8.368754375582864,7.161113603897375]]",FINITE_SYNTHETIC_DESIGN_NOT_EMPIRICAL,,
CRR-STAGEII-CONFIRM-2026-07-22,21c5b970e734ed79636df2f3882d4d85460c5efa40b88e59b9b9a3f34a25c0ff,E6,202607226004,robust_option_substitutes,0.5,high,"[0,1,2]",2,"[2,2]",8.248767729963486,8.248767729963486,0.0,False,True,"[[11.478828995786952,-1.9882881886172226],[0.31868745092369666,9.947706758506246],[8.67318388450156,7.8243515754254105]]",FINITE_SYNTHETIC_DESIGN_NOT_EMPIRICAL,,
CRR-STAGEII-CONFIRM-2026-07-22,21c5b970e734ed79636df2f3882d4d85460c5efa40b88e59b9b9a3f34a25c0ff,E6,202607226004,robust_option_substitutes,0.5,low,"[0,1]",1,"[1,1]",5.133197104714972,5.133197104714972,0.0,False,True,"[[11.478828995786952,-1.9882881886172226],[0.31868745092369666,9.947706758506246],[8.67318388450156,7.8243515754254105]]",FINITE_SYNTHETIC_DESIGN_NOT_EMPIRICAL,,
CRR-STAGEII-CONFIRM-2026-07-22,21c5b970e734ed79636df2f3882d4d85460c5efa40b88e59b9b9a3f34a25c0ff,E6,202607226004,robust_option_substitutes,0.7,high,"[0,1,2]",2,"[2,2]",8.248767729963486,8.248767729963486,0.0,False,True,"[[11.478828995786952,-1.9882881886172226],[0.31868745092369666,9.947706758506246],[8.67318388450156,7.8243515754254105]]",FINITE_SYNTHETIC_DESIGN_NOT_EMPIRICAL,,
CRR-STAGEII-CONFIRM-2026-07-22,21c5b970e734ed79636df2f3882d4d85460c5efa40b88e59b9b9a3f34a25c0ff,E6,202607226004,robust_option_substitutes,0.7,low,"[0,1]",1,"[0,1]",5.133197104714972,7.24884740334859,2.115650298633618,True,True,"[[11.478828995786952,-1.9882881886172226],[0.31868745092369666,9.947706758506246],[8.67318388450156,7.8243515754254105]]",FINITE_SYNTHETIC_DESIGN_NOT_EMPIRICAL,,
CRR-STAGEII-CONFIRM-2026-07-22,21c5b970e734ed79636df2f3882d4d85460c5efa40b88e59b9b9a3f34a25c0ff,E6,202607226004,robust_option_substitutes,0.9,high,"[0,1,2]",2,"[0,1]",8.248767729963486,9.558461052547262,1.309693322583776,True,True,"[[11.478828995786952,-1.9882881886172226],[0.31868745092369666,9.947706758506246],[8.67318388450156,7.8243515754254105]]",FINITE_SYNTHETIC_DESIGN_NOT_EMPIRICAL,,
CRR-STAGEII-CONFIRM-2026-07-22,21c5b970e734ed79636df2f3882d4d85460c5efa40b88e59b9b9a3f34a25c0ff,E6,202607226004,robust_option_substitutes,0.9,low,"[0,1]",1,"[0,1]",5.133197104714972,9.558461052547262,4.42526394783229,True,True,"[[11.478828995786952,-1.9882881886172226],[0.31868745092369666,9.947706758506246],[8.67318388450156,7.8243515754254105]]",FINITE_SYNTHETIC_DESIGN_NOT_EMPIRICAL,,
CRR-STAGEII-CONFIRM-2026-07-22,21c5b970e734ed79636df2f3882d4d85460c5efa40b88e59b9b9a3f34a25c0ff,E6,202607226005,robust_option_substitutes,0.5,high,"[0,1,2]",2,"[2,2]",8.75670668221236,8.75670668221236,0.0,False,True,"[[9.131023329427713,-0.4850312946484087],[0.7001126183564469,10.480521147833885],[7.823668901838589,9.68974446258613]]",FINITE_SYNTHETIC_DESIGN_NOT_EMPIRICAL,,
CRR-STAGEII-CONFIRM-2026-07-22,21c5b970e734ed79636df2f3882d4d85460c5efa40b88e59b9b9a3f34a25c0ff,E6,202607226005,robust_option_substitutes,0.5,low,"[0,1]",1,"[1,1]",5.590316883095166,5.590316883095166,0.0,False,True,"[[9.131023329427713,-0.4850312946484087],[0.7001126183564469,10.480521147833885],[7.823668901838589,9.68974446258613]]",FINITE_SYNTHETIC_DESIGN_NOT_EMPIRICAL,,
CRR-STAGEII-CONFIRM-2026-07-22,21c5b970e734ed79636df2f3882d4d85460c5efa40b88e59b9b9a3f34a25c0ff,E6,202607226005,robust_option_substitutes,0.7,high,"[0,1,2]",2,"[2,2]",8.75670668221236,8.75670668221236,0.0,False,True,"[[9.131023329427713,-0.4850312946484087],[0.7001126183564469,10.480521147833885],[7.823668901838589,9.68974446258613]]",FINITE_SYNTHETIC_DESIGN_NOT_EMPIRICAL,,
CRR-STAGEII-CONFIRM-2026-07-22,21c5b970e734ed79636df2f3882d4d85460c5efa40b88e59b9b9a3f34a25c0ff,E6,202607226005,robust_option_substitutes,0.7,low,"[0,1]",1,"[0,1]",5.590316883095166,6.896302765597765,1.3059858825025987,True,True,"[[9.131023329427713,-0.4850312946484087],[0.7001126183564469,10.480521147833885],[7.823668901838589,9.68974446258613]]",FINITE_SYNTHETIC_DESIGN_NOT_EMPIRICAL,,
CRR-STAGEII-CONFIRM-2026-07-22,21c5b970e734ed79636df2f3882d4d85460c5efa40b88e59b9b9a3f34a25c0ff,E6,202607226005,robust_option_substitutes,0.9,high,"[0,1,2]",2,"[0,2]",8.75670668221236,8.836277386765738,0.07957070455337778,True,True,"[[9.131023329427713,-0.4850312946484087],[0.7001126183564469,10.480521147833885],[7.823668901838589,9.68974446258613]]",FINITE_SYNTHETIC_DESIGN_NOT_EMPIRICAL,,
CRR-STAGEII-CONFIRM-2026-07-22,21c5b970e734ed79636df2f3882d4d85460c5efa40b88e59b9b9a3f34a25c0ff,E6,202607226005,robust_option_substitutes,0.9,low,"[0,1]",1,"[0,1]",5.590316883095166,8.835949080953121,3.2456321978579545,True,True,"[[9.131023329427713,-0.4850312946484087],[0.7001126183564469,10.480521147833885],[7.823668901838589,9.68974446258613]]",FINITE_SYNTHETIC_DESIGN_NOT_EMPIRICAL,,
CRR-STAGEII-CONFIRM-2026-07-22,21c5b970e734ed79636df2f3882d4d85460c5efa40b88e59b9b9a3f34a25c0ff,E6,202607226006,robust_option_substitutes,0.5,high,"[0,1,2]",2,"[2,2]",8.758230212562225,8.758230212562225,0.0,False,True,"[[11.064044076585391,0.212786764472741],[1.7845966517955478,9.004224560656905],[8.947560058939338,8.568900366185114]]",FINITE_SYNTHETIC_DESIGN_NOT_EMPIRICAL,,
CRR-STAGEII-CONFIRM-2026-07-22,21c5b970e734ed79636df2f3882d4d85460c5efa40b88e59b9b9a3f34a25c0ff,E6,202607226006,robust_option_substitutes,0.5,low,"[0,1]",0,"[0,0]",5.638415420529066,5.638415420529066,0.0,False,True,"[[11.064044076585391,0.212786764472741],[1.7845966517955478,9.004224560656905],[8.947560058939338,8.568900366185114]]",FINITE_SYNTHETIC_DESIGN_NOT_EMPIRICAL,,
CRR-STAGEII-CONFIRM-2026-07-22,21c5b970e734ed79636df2f3882d4d85460c5efa40b88e59b9b9a3f34a25c0ff,E6,202607226006,robust_option_substitutes,0.7,high,"[0,1,2]",2,"[2,2]",8.758230212562225,8.758230212562225,0.0,False,True,"[[11.064044076585391,0.212786764472741],[1.7845966517955478,9.004224560656905],[8.947560058939338,8.568900366185114]]",FINITE_SYNTHETIC_DESIGN_NOT_EMPIRICAL,,
CRR-STAGEII-CONFIRM-2026-07-22,21c5b970e734ed79636df2f3882d4d85460c5efa40b88e59b9b9a3f34a25c0ff,E6,202607226006,robust_option_substitutes,0.7,low,"[0,1]",0,"[0,1]",5.638415420529066,7.323501535475047,1.6850861149459808,True,True,"[[11.064044076585391,0.212786764472741],[1.7845966517955478,9.004224560656905],[8.947560058939338,8.568900366185114]]",FINITE_SYNTHETIC_DESIGN_NOT_EMPIRICAL,,
CRR-STAGEII-CONFIRM-2026-07-22,21c5b970e734ed79636df2f3882d4d85460c5efa40b88e59b9b9a3f34a25c0ff,E6,202607226006,robust_option_substitutes,0.9,high,"[0,1,2]",2,"[0,2]",8.758230212562225,9.29284234041733,0.5346121278551053,True,True,"[[11.064044076585391,0.212786764472741],[1.7845966517955478,9.004224560656905],[8.947560058939338,8.568900366185114]]",FINITE_SYNTHETIC_DESIGN_NOT_EMPIRICAL,,
CRR-STAGEII-CONFIRM-2026-07-22,21c5b970e734ed79636df2f3882d4d85460c5efa40b88e59b9b9a3f34a25c0ff,E6,202607226006,robust_option_substitutes,0.9,low,"[0,1]",0,"[0,1]",5.638415420529066,9.130590057572448,3.492174637043382,True,True,"[[11.064044076585391,0.212786764472741],[1.7845966517955478,9.004224560656905],[8.947560058939338,8.568900366185114]]",FINITE_SYNTHETIC_DESIGN_NOT_EMPIRICAL,,
CRR-STAGEII-CONFIRM-2026-07-22,21c5b970e734ed79636df2f3882d4d85460c5efa40b88e59b9b9a3f34a25c0ff,E6,202607226007,robust_option_substitutes,0.5,high,"[0,1,2]",2,"[2,2]",8.649042137726614,8.649042137726614,0.0,False,True,"[[11.272324906491905,-0.9255810970240569],[-0.4071398871795283,9.778935644126818],[8.20997388213284,9.088110393320388]]",FINITE_SYNTHETIC_DESIGN_NOT_EMPIRICAL,,
CRR-STAGEII-CONFIRM-2026-07-22,21c5b970e734ed79636df2f3882d4d85460c5efa40b88e59b9b9a3f34a25c0ff,E6,202607226007,robust_option_substitutes,0.5,low,"[0,1]",0,"[0,0]",5.173371904733924,5.173371904733924,0.0,False,True,"[[11.272324906491905,-0.9255810970240569],[-0.4071398871795283,9.778935644126818],[8.20997388213284,9.088110393320388]]",FINITE_SYNTHETIC_DESIGN_NOT_EMPIRICAL,,
CRR-STAGEII-CONFIRM-2026-07-22,21c5b970e734ed79636df2f3882d4d85460c5efa40b88e59b9b9a3f34a25c0ff,E6,202607226007,robust_option_substitutes,0.7,high,"[0,1,2]",2,"[2,2]",8.649042137726614,8.649042137726614,0.0,False,True,"[[11.272324906491905,-0.9255810970240569],[-0.4071398871795283,9.778935644126818],[8.20997388213284,9.088110393320388]]",FINITE_SYNTHETIC_DESIGN_NOT_EMPIRICAL,,
CRR-STAGEII-CONFIRM-2026-07-22,21c5b970e734ed79636df2f3882d4d85460c5efa40b88e59b9b9a3f34a25c0ff,E6,202607226007,robust_option_substitutes,0.7,low,"[0,1]",0,"[0,1]",5.173371904733924,7.168033045086014,1.9946611403520906,True,True,"[[11.272324906491905,-0.9255810970240569],[-0.4071398871795283,9.778935644126818],[8.20997388213284,9.088110393320388]]",FINITE_SYNTHETIC_DESIGN_NOT_EMPIRICAL,,
CRR-STAGEII-CONFIRM-2026-07-22,21c5b970e734ed79636df2f3882d4d85460c5efa40b88e59b9b9a3f34a25c0ff,E6,202607226007,robust_option_substitutes,0.9,high,"[0,1,2]",2,"[0,2]",8.649042137726614,9.526415524170972,0.8773733864443578,True,True,"[[11.272324906491905,-0.9255810970240569],[-0.4071398871795283,9.778935644126818],[8.20997388213284,9.088110393320388]]",FINITE_SYNTHETIC_DESIGN_NOT_EMPIRICAL,,
CRR-STAGEII-CONFIRM-2026-07-22,21c5b970e734ed79636df2f3882d4d85460c5efa40b88e59b9b9a3f34a25c0ff,E6,202607226007,robust_option_substitutes,0.9,low,"[0,1]",0,"[0,1]",5.173371904733924,9.406431198568246,4.233059293834322,True,True,"[[11.272324906491905,-0.9255810970240569],[-0.4071398871795283,9.778935644126818],[8.20997388213284,9.088110393320388]]",FINITE_SYNTHETIC_DESIGN_NOT_EMPIRICAL,,
CRR-STAGEII-CONFIRM-2026-07-22,21c5b970e734ed79636df2f3882d4d85460c5efa40b88e59b9b9a3f34a25c0ff,E6,202607226008,robust_option_substitutes,0.5,high,"[0,1,2]",2,"[2,2]",8.322514983090803,8.322514983090803,0.0,False,True,"[[9.109811004824024,-0.2591434194416967],[1.5917081744725472,10.023437395737545],[8.66096080875697,7.984069157424638]]",FINITE_SYNTHETIC_DESIGN_NOT_EMPIRICAL,,
CRR-STAGEII-CONFIRM-2026-07-22,21c5b970e734ed79636df2f3882d4d85460c5efa40b88e59b9b9a3f34a25c0ff,E6,202607226008,robust_option_substitutes,0.5,low,"[0,1]",1,"[1,1]",5.807572785105046,5.807572785105046,0.0,False,True,"[[9.109811004824024,-0.2591434194416967],[1.5917081744725472,10.023437395737545],[8.66096080875697,7.984069157424638]]",FINITE_SYNTHETIC_DESIGN_NOT_EMPIRICAL,,
CRR-STAGEII-CONFIRM-2026-07-22,21c5b970e734ed79636df2f3882d4d85460c5efa40b88e59b9b9a3f34a25c0ff,E6,202607226008,robust_option_substitutes,0.7,high,"[0,1,2]",2,"[2,2]",8.322514983090803,8.322514983090805,1.7763568394002505e-15,False,True,"[[9.109811004824024,-0.2591434194416967],[1.5917081744725472,10.023437395737545],[8.66096080875697,7.984069157424638]]",FINITE_SYNTHETIC_DESIGN_NOT_EMPIRICAL,,
CRR-STAGEII-CONFIRM-2026-07-22,21c5b970e734ed79636df2f3882d4d85460c5efa40b88e59b9b9a3f34a25c0ff,E6,202607226008,robust_option_substitutes,0.7,low,"[0,1]",1,"[0,1]",5.807572785105046,6.896521653451177,1.0889488683461304,True,True,"[[9.109811004824024,-0.2591434194416967],[1.5917081744725472,10.023437395737545],[8.66096080875697,7.984069157424638]]",FINITE_SYNTHETIC_DESIGN_NOT_EMPIRICAL,,
CRR-STAGEII-CONFIRM-2026-07-22,21c5b970e734ed79636df2f3882d4d85460c5efa40b88e59b9b9a3f34a25c0ff,E6,202607226008,robust_option_substitutes,0.9,high,"[0,1,2]",2,"[2,1]",8.322514983090803,8.886768058617392,0.5642530755265884,True,True,"[[9.109811004824024,-0.2591434194416967],[1.5917081744725472,10.023437395737545],[8.66096080875697,7.984069157424638]]",FINITE_SYNTHETIC_DESIGN_NOT_EMPIRICAL,,
CRR-STAGEII-CONFIRM-2026-07-22,21c5b970e734ed79636df2f3882d4d85460c5efa40b88e59b9b9a3f34a25c0ff,E6,202607226008,robust_option_substitutes,0.9,low,"[0,1]",1,"[0,1]",5.807572785105046,8.67659001800425,2.8690172328992034,True,True,"[[9.109811004824024,-0.2591434194416967],[1.5917081744725472,10.023437395737545],[8.66096080875697,7.984069157424638]]",FINITE_SYNTHETIC_DESIGN_NOT_EMPIRICAL,,
CRR-STAGEII-CONFIRM-2026-07-22,21c5b970e734ed79636df2f3882d4d85460c5efa40b88e59b9b9a3f34a25c0ff,E6,202607226009,robust_option_substitutes,0.5,high,"[0,1,2]",2,"[2,2]",8.818542968950911,8.818542968950911,0.0,False,True,"[[9.71877755240584,-0.38414495749205185],[-1.057005941118819,8.142271209345942],[9.469647153449822,8.167438784452]]",FINITE_SYNTHETIC_DESIGN_NOT_EMPIRICAL,,
CRR-STAGEII-CONFIRM-2026-07-22,21c5b970e734ed79636df2f3882d4d85460c5efa40b88e59b9b9a3f34a25c0ff,E6,202607226009,robust_option_substitutes,0.5,low,"[0,1]",0,"[0,0]",4.667316297456894,4.667316297456894,0.0,False,True,"[[9.71877755240584,-0.38414495749205185],[-1.057005941118819,8.142271209345942],[9.469647153449822,8.167438784452]]",FINITE_SYNTHETIC_DESIGN_NOT_EMPIRICAL,,
CRR-STAGEII-CONFIRM-2026-07-22,21c5b970e734ed79636df2f3882d4d85460c5efa40b88e59b9b9a3f34a25c0ff,E6,202607226009,robust_option_substitutes,0.7,high,"[0,1,2]",2,"[2,2]",8.818542968950911,8.818542968950911,0.0,False,True,"[[9.71877755240584,-0.38414495749205185],[-1.057005941118819,8.142271209345942],[9.469647153449822,8.167438784452]]",FINITE_SYNTHETIC_DESIGN_NOT_EMPIRICAL,,
CRR-STAGEII-CONFIRM-2026-07-22,21c5b970e734ed79636df2f3882d4d85460c5efa40b88e59b9b9a3f34a25c0ff,E6,202607226009,robust_option_substitutes,0.7,low,"[0,1]",0,"[0,1]",4.667316297456894,6.035194431821493,1.3678781343645987,True,True,"[[9.71877755240584,-0.38414495749205185],[-1.057005941118819,8.142271209345942],[9.469647153449822,8.167438784452]]",FINITE_SYNTHETIC_DESIGN_NOT_EMPIRICAL,,
CRR-STAGEII-CONFIRM-2026-07-22,21c5b970e734ed79636df2f3882d4d85460c5efa40b88e59b9b9a3f34a25c0ff,E6,202607226009,robust_option_substitutes,0.9,high,"[0,1,2]",2,"[2,2]",8.818542968950911,8.818542968950911,0.0,False,True,"[[9.71877755240584,-0.38414495749205185],[-1.057005941118819,8.142271209345942],[9.469647153449822,8.167438784452]]",FINITE_SYNTHETIC_DESIGN_NOT_EMPIRICAL,,
CRR-STAGEII-CONFIRM-2026-07-22,21c5b970e734ed79636df2f3882d4d85460c5efa40b88e59b9b9a3f34a25c0ff,E6,202607226009,robust_option_substitutes,0.9,low,"[0,1]",0,"[0,1]",4.667316297456894,7.965414397857758,3.298098100400864,True,True,"[[9.71877755240584,-0.38414495749205185],[-1.057005941118819,8.142271209345942],[9.469647153449822,8.167438784452]]",FINITE_SYNTHETIC_DESIGN_NOT_EMPIRICAL,,
CRR-STAGEII-CONFIRM-2026-07-22,21c5b970e734ed79636df2f3882d4d85460c5efa40b88e59b9b9a3f34a25c0ff,E6,202607226010,robust_option_substitutes,0.5,high,"[0,1,2]",2,"[2,2]",9.737433871337696,9.737433871337696,0.0,False,True,"[[11.78593244713921,0.30485461449602075],[-0.312379512682649,11.333032202388381],[9.589463383855053,9.885404358820338]]",FINITE_SYNTHETIC_DESIGN_NOT_EMPIRICAL,,
CRR-STAGEII-CONFIRM-2026-07-22,21c5b970e734ed79636df2f3882d4d85460c5efa40b88e59b9b9a3f34a25c0ff,E6,202607226010,robust_option_substitutes,0.5,low,"[0,1]",0,"[0,0]",6.045393530817615,6.045393530817615,0.0,False,True,"[[11.78593244713921,0.30485461449602075],[-0.312379512682649,11.333032202388381],[9.589463383855053,9.885404358820338]]",FINITE_SYNTHETIC_DESIGN_NOT_EMPIRICAL,,
CRR-STAGEII-CONFIRM-2026-07-22,21c5b970e734ed79636df2f3882d4d85460c5efa40b88e59b9b9a3f34a25c0ff,E6,202607226010,robust_option_substitutes,0.7,high,"[0,1,2]",2,"[2,2]",9.737433871337696,9.737433871337696,0.0,False,True,"[[11.78593244713921,0.30485461449602075],[-0.312379512682649,11.333032202388381],[9.589463383855053,9.885404358820338]]",FINITE_SYNTHETIC_DESIGN_NOT_EMPIRICAL,,
CRR-STAGEII-CONFIRM-2026-07-22,21c5b970e734ed79636df2f3882d4d85460c5efa40b88e59b9b9a3f34a25c0ff,E6,202607226010,robust_option_substitutes,0.7,low,"[0,1]",0,"[0,1]",6.045393530817615,8.090508892606662,2.0451153617890467,True,True,"[[11.78593244713921,0.30485461449602075],[-0.312379512682649,11.333032202388381],[9.589463383855053,9.885404358820338]]",FINITE_SYNTHETIC_DESIGN_NOT_EMPIRICAL,,
CRR-STAGEII-CONFIRM-2026-07-22,21c5b970e734ed79636df2f3882d4d85460c5efa40b88e59b9b9a3f34a25c0ff,E6,202607226010,robust_option_substitutes,0.9,high,"[0,1,2]",2,"[0,1]",9.737433871337696,10.403157847378084,0.6657239760403879,True,True,"[[11.78593244713921,0.30485461449602075],[-0.312379512682649,11.333032202388381],[9.589463383855053,9.885404358820338]]",FINITE_SYNTHETIC_DESIGN_NOT_EMPIRICAL,,
CRR-STAGEII-CONFIRM-2026-07-22,21c5b970e734ed79636df2f3882d4d85460c5efa40b88e59b9b9a3f34a25c0ff,E6,202607226010,robust_option_substitutes,0.9,low,"[0,1]",0,"[0,1]",6.045393530817615,10.403157847378084,4.357764316560469,True,True,"[[11.78593244713921,0.30485461449602075],[-0.312379512682649,11.333032202388381],[9.589463383855053,9.885404358820338]]",FINITE_SYNTHETIC_DESIGN_NOT_EMPIRICAL,,
CRR-STAGEII-CONFIRM-2026-07-22,21c5b970e734ed79636df2f3882d4d85460c5efa40b88e59b9b9a3f34a25c0ff,E6,202607226011,robust_option_substitutes,0.5,high,"[0,1,2]",2,"[2,2]",8.846757008261115,8.846757008261115,0.0,False,True,"[[10.333961846571645,1.0204805351972557],[-0.11803292123059309,10.069244183870294],[7.920443612426633,9.773070404095595]]",FINITE_SYNTHETIC_DESIGN_NOT_EMPIRICAL,,
CRR-STAGEII-CONFIRM-2026-07-22,21c5b970e734ed79636df2f3882d4d85460c5efa40b88e59b9b9a3f34a25c0ff,E6,202607226011,robust_option_substitutes,0.5,low,"[0,1]",0,"[0,0]",5.677221190884451,5.677221190884451,0.0,False,True,"[[10.333961846571645,1.0204805351972557],[-0.11803292123059309,10.069244183870294],[7.920443612426633,9.773070404095595]]",FINITE_SYNTHETIC_DESIGN_NOT_EMPIRICAL,,
CRR-STAGEII-CONFIRM-2026-07-22,21c5b970e734ed79636df2f3882d4d85460c5efa40b88e59b9b9a3f34a25c0ff,E6,202607226011,robust_option_substitutes,0.7,high,"[0,1,2]",2,"[2,2]",8.846757008261115,8.846757008261115,0.0,False,True,"[[10.333961846571645,1.0204805351972557],[-0.11803292123059309,10.069244183870294],[7.920443612426633,9.773070404095595]]",FINITE_SYNTHETIC_DESIGN_NOT_EMPIRICAL,,
CRR-STAGEII-CONFIRM-2026-07-22,21c5b970e734ed79636df2f3882d4d85460c5efa40b88e59b9b9a3f34a25c0ff,E6,202607226011,robust_option_substitutes,0.7,low,"[0,1]",0,"[0,1]",5.677221190884451,7.276489252749678,1.599268061865227,True,True,"[[10.333961846571645,1.0204805351972557],[-0.11803292123059309,10.069244183870294],[7.920443612426633,9.773070404095595]]",FINITE_SYNTHETIC_DESIGN_NOT_EMPIRICAL,,
CRR-STAGEII-CONFIRM-2026-07-22,21c5b970e734ed79636df2f3882d4d85460c5efa40b88e59b9b9a3f34a25c0ff,E6,202607226011,robust_option_substitutes,0.9,high,"[0,1,2]",2,"[0,2]",8.846757008261115,9.495210720181452,0.6484537119203377,True,True,"[[10.333961846571645,1.0204805351972557],[-0.11803292123059309,10.069244183870294],[7.920443612426633,9.773070404095595]]",FINITE_SYNTHETIC_DESIGN_NOT_EMPIRICAL,,
CRR-STAGEII-CONFIRM-2026-07-22,21c5b970e734ed79636df2f3882d4d85460c5efa40b88e59b9b9a3f34a25c0ff,E6,202607226011,robust_option_substitutes,0.9,low,"[0,1]",0,"[0,1]",5.677221190884451,9.226565094397206,3.5493439035127547,True,True,"[[10.333961846571645,1.0204805351972557],[-0.11803292123059309,10.069244183870294],[7.920443612426633,9.773070404095595]]",FINITE_SYNTHETIC_DESIGN_NOT_EMPIRICAL,,
CRR-STAGEII-CONFIRM-2026-07-22,21c5b970e734ed79636df2f3882d4d85460c5efa40b88e59b9b9a3f34a25c0ff,E6,202607226012,robust_option_substitutes,0.5,high,"[0,1,2]",2,"[2,2]",9.74526933124834,9.74526933124834,0.0,False,True,"[[9.299669254177827,0.7931861399901798],[-0.49117862683818525,10.637012373411663],[9.934211116574273,9.556327545922406]]",FINITE_SYNTHETIC_DESIGN_NOT_EMPIRICAL,,
CRR-STAGEII-CONFIRM-2026-07-22,21c5b970e734ed79636df2f3882d4d85460c5efa40b88e59b9b9a3f34a25c0ff,E6,202607226012,robust_option_substitutes,0.5,low,"[0,1]",1,"[1,1]",5.072916873286739,5.072916873286739,0.0,False,True,"[[9.299669254177827,0.7931861399901798],[-0.49117862683818525,10.637012373411663],[9.934211116574273,9.556327545922406]]",FINITE_SYNTHETIC_DESIGN_NOT_EMPIRICAL,,
CRR-STAGEII-CONFIRM-2026-07-22,21c5b970e734ed79636df2f3882d4d85460c5efa40b88e59b9b9a3f34a25c0ff,E6,202607226012,robust_option_substitutes,0.7,high,"[0,1,2]",2,"[2,2]",9.74526933124834,9.745269331248338,-1.7763568394002505e-15,False,True,"[[9.299669254177827,0.7931861399901798],[-0.49117862683818525,10.637012373411663],[9.934211116574273,9.556327545922406]]",FINITE_SYNTHETIC_DESIGN_NOT_EMPIRICAL,,
CRR-STAGEII-CONFIRM-2026-07-22,21c5b970e734ed79636df2f3882d4d85460c5efa40b88e59b9b9a3f34a25c0ff,E6,202607226012,robust_option_substitutes,0.7,low,"[0,1]",1,"[0,1]",5.072916873286739,7.02313969662912,1.950222823342381,True,True,"[[9.299669254177827,0.7931861399901798],[-0.49117862683818525,10.637012373411663],[9.934211116574273,9.556327545922406]]",FINITE_SYNTHETIC_DESIGN_NOT_EMPIRICAL,,
CRR-STAGEII-CONFIRM-2026-07-22,21c5b970e734ed79636df2f3882d4d85460c5efa40b88e59b9b9a3f34a25c0ff,E6,202607226012,robust_option_substitutes,0.9,high,"[0,1,2]",2,"[2,2]",9.74526933124834,9.74526933124834,0.0,False,True,"[[9.299669254177827,0.7931861399901798],[-0.49117862683818525,10.637012373411663],[9.934211116574273,9.556327545922406]]",FINITE_SYNTHETIC_DESIGN_NOT_EMPIRICAL,,
CRR-STAGEII-CONFIRM-2026-07-22,21c5b970e734ed79636df2f3882d4d85460c5efa40b88e59b9b9a3f34a25c0ff,E6,202607226012,robust_option_substitutes,0.9,low,"[0,1]",1,"[0,1]",5.072916873286739,8.98660710807287,3.9136902347861318,True,True,"[[9.299669254177827,0.7931861399901798],[-0.49117862683818525,10.637012373411663],[9.934211116574273,9.556327545922406]]",FINITE_SYNTHETIC_DESIGN_NOT_EMPIRICAL,,
CRR-STAGEII-CONFIRM-2026-07-22,21c5b970e734ed79636df2f3882d4d85460c5efa40b88e59b9b9a3f34a25c0ff,E6,202607226013,robust_option_substitutes,0.5,high,"[0,1,2]",2,"[2,2]",9.918880213041874,9.918880213041874,0.0,False,True,"[[10.998704541138736,-0.9164636169162238],[-1.6301958161672443,10.014731325067753],[9.40853048899717,10.429229937086577]]",FINITE_SYNTHETIC_DESIGN_NOT_EMPIRICAL,,
CRR-STAGEII-CONFIRM-2026-07-22,21c5b970e734ed79636df2f3882d4d85460c5efa40b88e59b9b9a3f34a25c0ff,E6,202607226013,robust_option_substitutes,0.5,low,"[0,1]",0,"[0,0]",5.041120462111256,5.041120462111256,0.0,False,True,"[[10.998704541138736,-0.9164636169162238],[-1.6301958161672443,10.014731325067753],[9.40853048899717,10.429229937086577]]",FINITE_SYNTHETIC_DESIGN_NOT_EMPIRICAL,,
CRR-STAGEII-CONFIRM-2026-07-22,21c5b970e734ed79636df2f3882d4d85460c5efa40b88e59b9b9a3f34a25c0ff,E6,202607226013,robust_option_substitutes,0.7,high,"[0,1,2]",2,"[2,2]",9.918880213041874,9.918880213041874,0.0,False,True,"[[10.998704541138736,-0.9164636169162238],[-1.6301958161672443,10.014731325067753],[9.40853048899717,10.429229937086577]]",FINITE_SYNTHETIC_DESIGN_NOT_EMPIRICAL,,
CRR-STAGEII-CONFIRM-2026-07-22,21c5b970e734ed79636df2f3882d4d85460c5efa40b88e59b9b9a3f34a25c0ff,E6,202607226013,robust_option_substitutes,0.7,low,"[0,1]",0,"[0,1]",5.041120462111256,6.972703638209751,1.9315831760984947,True,True,"[[10.998704541138736,-0.9164636169162238],[-1.6301958161672443,10.014731325067753],[9.40853048899717,10.429229937086577]]",FINITE_SYNTHETIC_DESIGN_NOT_EMPIRICAL,,
CRR-STAGEII-CONFIRM-2026-07-22,21c5b970e734ed79636df2f3882d4d85460c5efa40b88e59b9b9a3f34a25c0ff,E6,202607226013,robust_option_substitutes,0.9,high,"[0,1,2]",2,"[0,2]",9.918880213041874,10.067173858805438,0.14829364576356419,True,True,"[[10.998704541138736,-0.9164636169162238],[-1.6301958161672443,10.014731325067753],[9.40853048899717,10.429229937086577]]",FINITE_SYNTHETIC_DESIGN_NOT_EMPIRICAL,,
CRR-STAGEII-CONFIRM-2026-07-22,21c5b970e734ed79636df2f3882d4d85460c5efa40b88e59b9b9a3f34a25c0ff,E6,202607226013,robust_option_substitutes,0.9,low,"[0,1]",0,"[0,1]",5.041120462111256,9.328713168138748,4.287592706027492,True,True,"[[10.998704541138736,-0.9164636169162238],[-1.6301958161672443,10.014731325067753],[9.40853048899717,10.429229937086577]]",FINITE_SYNTHETIC_DESIGN_NOT_EMPIRICAL,,
CRR-STAGEII-CONFIRM-2026-07-22,21c5b970e734ed79636df2f3882d4d85460c5efa40b88e59b9b9a3f34a25c0ff,E6,202607226014,robust_option_substitutes,0.5,high,"[0,1,2]",2,"[2,2]",9.694359070538187,9.694359070538187,0.0,False,True,"[[10.550944197157866,-0.2258686446934313],[1.5045060267399673,11.825564430551998],[10.325534789441422,9.063183351634954]]",FINITE_SYNTHETIC_DESIGN_NOT_EMPIRICAL,,
CRR-STAGEII-CONFIRM-2026-07-22,21c5b970e734ed79636df2f3882d4d85460c5efa40b88e59b9b9a3f34a25c0ff,E6,202607226014,robust_option_substitutes,0.5,low,"[0,1]",1,"[1,1]",6.665035228645983,6.665035228645983,0.0,False,True,"[[10.550944197157866,-0.2258686446934313],[1.5045060267399673,11.825564430551998],[10.325534789441422,9.063183351634954]]",FINITE_SYNTHETIC_DESIGN_NOT_EMPIRICAL,,
CRR-STAGEII-CONFIRM-2026-07-22,21c5b970e734ed79636df2f3882d4d85460c5efa40b88e59b9b9a3f34a25c0ff,E6,202607226014,robust_option_substitutes,0.7,high,"[0,1,2]",2,"[2,2]",9.694359070538187,9.694359070538187,0.0,False,True,"[[10.550944197157866,-0.2258686446934313],[1.5045060267399673,11.825564430551998],[10.325534789441422,9.063183351634954]]",FINITE_SYNTHETIC_DESIGN_NOT_EMPIRICAL,,
CRR-STAGEII-CONFIRM-2026-07-22,21c5b970e734ed79636df2f3882d4d85460c5efa40b88e59b9b9a3f34a25c0ff,E6,202607226014,robust_option_substitutes,0.7,low,"[0,1]",1,"[0,1]",6.665035228645983,8.023573627005433,1.3585383983594506,True,True,"[[10.550944197157866,-0.2258686446934313],[1.5045060267399673,11.825564430551998],[10.325534789441422,9.063183351634954]]",FINITE_SYNTHETIC_DESIGN_NOT_EMPIRICAL,,
CRR-STAGEII-CONFIRM-2026-07-22,21c5b970e734ed79636df2f3882d4d85460c5efa40b88e59b9b9a3f34a25c0ff,E6,202607226014,robust_option_substitutes,0.9,high,"[0,1,2]",2,"[2,1]",9.694359070538187,10.496379117915787,0.8020200473775994,True,True,"[[10.550944197157866,-0.2258686446934313],[1.5045060267399673,11.825564430551998],[10.325534789441422,9.063183351634954]]",FINITE_SYNTHETIC_DESIGN_NOT_EMPIRICAL,,
CRR-STAGEII-CONFIRM-2026-07-22,21c5b970e734ed79636df2f3882d4d85460c5efa40b88e59b9b9a3f34a25c0ff,E6,202607226014,robust_option_substitutes,0.9,low,"[0,1]",1,"[0,1]",6.665035228645983,10.133360751571766,3.4683255229257837,True,True,"[[10.550944197157866,-0.2258686446934313],[1.5045060267399673,11.825564430551998],[10.325534789441422,9.063183351634954]]",FINITE_SYNTHETIC_DESIGN_NOT_EMPIRICAL,,
CRR-STAGEII-CONFIRM-2026-07-22,21c5b970e734ed79636df2f3882d4d85460c5efa40b88e59b9b9a3f34a25c0ff,E6,202607226015,robust_option_substitutes,0.5,high,"[0,1,2]",2,"[2,2]",9.404126725305535,9.404126725305535,0.0,False,True,"[[9.015061184556549,-0.8727908945019355],[0.16534073432595234,10.817786612142585],[9.911523704570385,8.896729746040686]]",FINITE_SYNTHETIC_DESIGN_NOT_EMPIRICAL,,
CRR-STAGEII-CONFIRM-2026-07-22,21c5b970e734ed79636df2f3882d4d85460c5efa40b88e59b9b9a3f34a25c0ff,E6,202607226015,robust_option_substitutes,0.5,low,"[0,1]",1,"[1,1]",5.4915636732342685,5.4915636732342685,0.0,False,True,"[[9.015061184556549,-0.8727908945019355],[0.16534073432595234,10.817786612142585],[9.911523704570385,8.896729746040686]]",FINITE_SYNTHETIC_DESIGN_NOT_EMPIRICAL,,
CRR-STAGEII-CONFIRM-2026-07-22,21c5b970e734ed79636df2f3882d4d85460c5efa40b88e59b9b9a3f34a25c0ff,E6,202607226015,robust_option_substitutes,0.7,high,"[0,1,2]",2,"[2,2]",9.404126725305535,9.404126725305535,0.0,False,True,"[[9.015061184556549,-0.8727908945019355],[0.16534073432595234,10.817786612142585],[9.911523704570385,8.896729746040686]]",FINITE_SYNTHETIC_DESIGN_NOT_EMPIRICAL,,
CRR-STAGEII-CONFIRM-2026-07-22,21c5b970e734ed79636df2f3882d4d85460c5efa40b88e59b9b9a3f34a25c0ff,E6,202607226015,robust_option_substitutes,0.7,low,"[0,1]",1,"[0,1]",5.4915636732342685,6.835379204818299,1.3438155315840303,True,True,"[[9.015061184556549,-0.8727908945019355],[0.16534073432595234,10.817786612142585],[9.911523704570385,8.896729746040686]]",FINITE_SYNTHETIC_DESIGN_NOT_EMPIRICAL,,
CRR-STAGEII-CONFIRM-2026-07-22,21c5b970e734ed79636df2f3882d4d85460c5efa40b88e59b9b9a3f34a25c0ff,E6,202607226015,robust_option_substitutes,0.9,high,"[0,1,2]",2,"[2,1]",9.404126725305535,9.781293166539168,0.3771664412336335,True,True,"[[9.015061184556549,-0.8727908945019355],[0.16534073432595234,10.817786612142585],[9.911523704570385,8.896729746040686]]",FINITE_SYNTHETIC_DESIGN_NOT_EMPIRICAL,,
CRR-STAGEII-CONFIRM-2026-07-22,21c5b970e734ed79636df2f3882d4d85460c5efa40b88e59b9b9a3f34a25c0ff,E6,202607226015,robust_option_substitutes,0.9,low,"[0,1]",1,"[0,1]",5.4915636732342685,8.889409000505811,3.3978453272715425,True,True,"[[9.015061184556549,-0.8727908945019355],[0.16534073432595234,10.817786612142585],[9.911523704570385,8.896729746040686]]",FINITE_SYNTHETIC_DESIGN_NOT_EMPIRICAL,,
CRR-STAGEII-CONFIRM-2026-07-22,21c5b970e734ed79636df2f3882d4d85460c5efa40b88e59b9b9a3f34a25c0ff,E6,202607226016,robust_option_substitutes,0.5,high,"[0,1,2]",2,"[2,2]",9.288906552169312,9.288906552169312,0.0,False,True,"[[9.78295079489429,1.5864013558616257],[1.7533307145801489,9.959604735728432],[9.966816234294738,8.610996870043888]]",FINITE_SYNTHETIC_DESIGN_NOT_EMPIRICAL,,
CRR-STAGEII-CONFIRM-2026-07-22,21c5b970e734ed79636df2f3882d4d85460c5efa40b88e59b9b9a3f34a25c0ff,E6,202607226016,robust_option_substitutes,0.5,low,"[0,1]",1,"[1,1]",5.856467725154291,5.856467725154291,0.0,False,True,"[[9.78295079489429,1.5864013558616257],[1.7533307145801489,9.959604735728432],[9.966816234294738,8.610996870043888]]",FINITE_SYNTHETIC_DESIGN_NOT_EMPIRICAL,,
CRR-STAGEII-CONFIRM-2026-07-22,21c5b970e734ed79636df2f3882d4d85460c5efa40b88e59b9b9a3f34a25c0ff,E6,202607226016,robust_option_substitutes,0.7,high,"[0,1,2]",2,"[2,2]",9.288906552169312,9.288906552169312,0.0,False,True,"[[9.78295079489429,1.5864013558616257],[1.7533307145801489,9.959604735728432],[9.966816234294738,8.610996870043888]]",FINITE_SYNTHETIC_DESIGN_NOT_EMPIRICAL,,
CRR-STAGEII-CONFIRM-2026-07-22,21c5b970e734ed79636df2f3882d4d85460c5efa40b88e59b9b9a3f34a25c0ff,E6,202607226016,robust_option_substitutes,0.7,low,"[0,1]",1,"[0,1]",5.856467725154291,7.410854246284218,1.5543865211299277,True,True,"[[9.78295079489429,1.5864013558616257],[1.7533307145801489,9.959604735728432],[9.966816234294738,8.610996870043888]]",FINITE_SYNTHETIC_DESIGN_NOT_EMPIRICAL,,
CRR-STAGEII-CONFIRM-2026-07-22,21c5b970e734ed79636df2f3882d4d85460c5efa40b88e59b9b9a3f34a25c0ff,E6,202607226016,robust_option_substitutes,0.9,high,"[0,1,2]",2,"[2,1]",9.288906552169312,9.485105815741628,0.19619926357231599,True,True,"[[9.78295079489429,1.5864013558616257],[1.7533307145801489,9.959604735728432],[9.966816234294738,8.610996870043888]]",FINITE_SYNTHETIC_DESIGN_NOT_EMPIRICAL,,
CRR-STAGEII-CONFIRM-2026-07-22,21c5b970e734ed79636df2f3882d4d85460c5efa40b88e59b9b9a3f34a25c0ff,E6,202607226016,robust_option_substitutes,0.9,low,"[0,1]",1,"[0,1]",5.856467725154291,9.051136592302313,3.194668867148023,True,True,"[[9.78295079489429,1.5864013558616257],[1.7533307145801489,9.959604735728432],[9.966816234294738,8.610996870043888]]",FINITE_SYNTHETIC_DESIGN_NOT_EMPIRICAL,,
CRR-STAGEII-CONFIRM-2026-07-22,21c5b970e734ed79636df2f3882d4d85460c5efa40b88e59b9b9a3f34a25c0ff,E6,0,specialization_unlocks,0.5,high,"[0,1,2]",0,"[0,0]",5.0,5.0,0.0,False,True,"[[10.0,0.0],[0.0,10.0],[5.0,5.0]]",EXACT_FINITE_SYNTHETIC_ANCHOR,"[[0.4999999999999999,0.5000000000000001],[0.5000000000000001,0.4999999999999999]]",True
CRR-STAGEII-CONFIRM-2026-07-22,21c5b970e734ed79636df2f3882d4d85460c5efa40b88e59b9b9a3f34a25c0ff,E6,0,specialization_unlocks,0.5,low,[2],2,"[2,2]",5.0,5.0,0.0,False,True,"[[10.0,0.0],[0.0,10.0],[5.0,5.0]]",EXACT_FINITE_SYNTHETIC_ANCHOR,"[[0.4999999999999999,0.5000000000000001],[0.5000000000000001,0.4999999999999999]]",True
CRR-STAGEII-CONFIRM-2026-07-22,21c5b970e734ed79636df2f3882d4d85460c5efa40b88e59b9b9a3f34a25c0ff,E6,0,specialization_unlocks,0.7,high,"[0,1,2]",0,"[0,1]",5.0,7.0,2.0,True,True,"[[10.0,0.0],[0.0,10.0],[5.0,5.0]]",EXACT_FINITE_SYNTHETIC_ANCHOR,"[[0.7500000000000001,0.2499999999999999],[0.2499999999999999,0.7500000000000001]]",True
CRR-STAGEII-CONFIRM-2026-07-22,21c5b970e734ed79636df2f3882d4d85460c5efa40b88e59b9b9a3f34a25c0ff,E6,0,specialization_unlocks,0.7,low,[2],2,"[2,2]",5.0,5.0,0.0,False,True,"[[10.0,0.0],[0.0,10.0],[5.0,5.0]]",EXACT_FINITE_SYNTHETIC_ANCHOR,"[[0.7500000000000001,0.2499999999999999],[0.2499999999999999,0.7500000000000001]]",True
CRR-STAGEII-CONFIRM-2026-07-22,21c5b970e734ed79636df2f3882d4d85460c5efa40b88e59b9b9a3f34a25c0ff,E6,0,specialization_unlocks,0.9,high,"[0,1,2]",0,"[0,1]",5.0,9.0,4.0,True,True,"[[10.0,0.0],[0.0,10.0],[5.0,5.0]]",EXACT_FINITE_SYNTHETIC_ANCHOR,"[[1.0,0.0],[0.0,1.0]]",True
CRR-STAGEII-CONFIRM-2026-07-22,21c5b970e734ed79636df2f3882d4d85460c5efa40b88e59b9b9a3f34a25c0ff,E6,0,specialization_unlocks,0.9,low,[2],2,"[2,2]",5.0,5.0,0.0,False,True,"[[10.0,0.0],[0.0,10.0],[5.0,5.0]]",EXACT_FINITE_SYNTHETIC_ANCHOR,"[[1.0,0.0],[0.0,1.0]]",True
CRR-STAGEII-CONFIRM-2026-07-22,21c5b970e734ed79636df2f3882d4d85460c5efa40b88e59b9b9a3f34a25c0ff,E6,202607226001,specialization_unlocks,0.5,high,"[0,1,2]",1,"[1,1]",5.638159402720416,5.638159402720416,0.0,False,True,"[[8.385127167900448,-0.3888010720416554],[0.7373270321404786,10.538991773300353],[4.381748957914839,4.504855372761368]]",FINITE_SYNTHETIC_DESIGN_NOT_EMPIRICAL,,
CRR-STAGEII-CONFIRM-2026-07-22,21c5b970e734ed79636df2f3882d4d85460c5efa40b88e59b9b9a3f34a25c0ff,E6,202607226001,specialization_unlocks,0.5,low,[2],2,"[2,2]",4.443302165338103,4.443302165338103,0.0,False,True,"[[8.385127167900448,-0.3888010720416554],[0.7373270321404786,10.538991773300353],[4.381748957914839,4.504855372761368]]",FINITE_SYNTHETIC_DESIGN_NOT_EMPIRICAL,,
CRR-STAGEII-CONFIRM-2026-07-22,21c5b970e734ed79636df2f3882d4d85460c5efa40b88e59b9b9a3f34a25c0ff,E6,202607226001,specialization_unlocks,0.7,high,"[0,1,2]",1,"[0,1]",5.638159402720416,6.675720523435103,1.0375611207146873,True,True,"[[8.385127167900448,-0.3888010720416554],[0.7373270321404786,10.538991773300353],[4.381748957914839,4.504855372761368]]",FINITE_SYNTHETIC_DESIGN_NOT_EMPIRICAL,,
CRR-STAGEII-CONFIRM-2026-07-22,21c5b970e734ed79636df2f3882d4d85460c5efa40b88e59b9b9a3f34a25c0ff,E6,202607226001,specialization_unlocks,0.7,low,[2],2,"[2,2]",4.443302165338103,4.443302165338103,0.0,False,True,"[[8.385127167900448,-0.3888010720416554],[0.7373270321404786,10.538991773300353],[4.381748957914839,4.504855372761368]]",FINITE_SYNTHETIC_DESIGN_NOT_EMPIRICAL,,
CRR-STAGEII-CONFIRM-2026-07-22,21c5b970e734ed79636df2f3882d4d85460c5efa40b88e59b9b9a3f34a25c0ff,E6,202607226001,specialization_unlocks,0.9,high,"[0,1,2]",1,"[0,1]",5.638159402720416,8.533279821545301,2.8951204188248854,True,True,"[[8.385127167900448,-0.3888010720416554],[0.7373270321404786,10.538991773300353],[4.381748957914839,4.504855372761368]]",FINITE_SYNTHETIC_DESIGN_NOT_EMPIRICAL,,
CRR-STAGEII-CONFIRM-2026-07-22,21c5b970e734ed79636df2f3882d4d85460c5efa40b88e59b9b9a3f34a25c0ff,E6,202607226001,specialization_unlocks,0.9,low,[2],2,"[2,2]",4.443302165338103,4.443302165338103,0.0,False,True,"[[8.385127167900448,-0.3888010720416554],[0.7373270321404786,10.538991773300353],[4.381748957914839,4.504855372761368]]",FINITE_SYNTHETIC_DESIGN_NOT_EMPIRICAL,,
CRR-STAGEII-CONFIRM-2026-07-22,21c5b970e734ed79636df2f3882d4d85460c5efa40b88e59b9b9a3f34a25c0ff,E6,202607226002,specialization_unlocks,0.5,high,"[0,1,2]",2,"[2,2]",5.73316942632438,5.73316942632438,0.0,False,True,"[[8.849959620873689,1.1091498773066004],[0.3996237996045952,9.33776748653189],[5.512919617398326,5.953419235250435]]",FINITE_SYNTHETIC_DESIGN_NOT_EMPIRICAL,,
CRR-STAGEII-CONFIRM-2026-07-22,21c5b970e734ed79636df2f3882d4d85460c5efa40b88e59b9b9a3f34a25c0ff,E6,202607226002,specialization_unlocks,0.5,low,[2],2,"[2,2]",5.73316942632438,5.73316942632438,0.0,False,True,"[[8.849959620873689,1.1091498773066004],[0.3996237996045952,9.33776748653189],[5.512919617398326,5.953419235250435]]",FINITE_SYNTHETIC_DESIGN_NOT_EMPIRICAL,,
CRR-STAGEII-CONFIRM-2026-07-22,21c5b970e734ed79636df2f3882d4d85460c5efa40b88e59b9b9a3f34a25c0ff,E6,202607226002,specialization_unlocks,0.7,high,"[0,1,2]",2,"[0,1]",5.73316942632438,6.592020539128631,0.8588511128042509,True,True,"[[8.849959620873689,1.1091498773066004],[0.3996237996045952,9.33776748653189],[5.512919617398326,5.953419235250435]]",FINITE_SYNTHETIC_DESIGN_NOT_EMPIRICAL,,
CRR-STAGEII-CONFIRM-2026-07-22,21c5b970e734ed79636df2f3882d4d85460c5efa40b88e59b9b9a3f34a25c0ff,E6,202607226002,specialization_unlocks,0.7,low,[2],2,"[2,2]",5.73316942632438,5.73316942632438,0.0,False,True,"[[8.849959620873689,1.1091498773066004],[0.3996237996045952,9.33776748653189],[5.512919617398326,5.953419235250435]]",FINITE_SYNTHETIC_DESIGN_NOT_EMPIRICAL,,
CRR-STAGEII-CONFIRM-2026-07-22,21c5b970e734ed79636df2f3882d4d85460c5efa40b88e59b9b9a3f34a25c0ff,E6,202607226002,specialization_unlocks,0.9,high,"[0,1,2]",2,"[0,1]",5.73316942632438,8.25991588217807,2.52674645585369,True,True,"[[8.849959620873689,1.1091498773066004],[0.3996237996045952,9.33776748653189],[5.512919617398326,5.953419235250435]]",FINITE_SYNTHETIC_DESIGN_NOT_EMPIRICAL,,
CRR-STAGEII-CONFIRM-2026-07-22,21c5b970e734ed79636df2f3882d4d85460c5efa40b88e59b9b9a3f34a25c0ff,E6,202607226002,specialization_unlocks,0.9,low,[2],2,"[2,2]",5.73316942632438,5.73316942632438,0.0,False,True,"[[8.849959620873689,1.1091498773066004],[0.3996237996045952,9.33776748653189],[5.512919617398326,5.953419235250435]]",FINITE_SYNTHETIC_DESIGN_NOT_EMPIRICAL,,
CRR-STAGEII-CONFIRM-2026-07-22,21c5b970e734ed79636df2f3882d4d85460c5efa40b88e59b9b9a3f34a25c0ff,E6,202607226003,specialization_unlocks,0.5,high,"[0,1,2]",2,"[2,2]",5.788016394440376,5.788016394440376,0.0,False,True,"[[10.061201561022761,-0.06643521634298764],[-0.7590546330648528,10.525041285431856],[4.987513923239544,6.588518865641209]]",FINITE_SYNTHETIC_DESIGN_NOT_EMPIRICAL,,
CRR-STAGEII-CONFIRM-2026-07-22,21c5b970e734ed79636df2f3882d4d85460c5efa40b88e59b9b9a3f34a25c0ff,E6,202607226003,specialization_unlocks,0.5,low,[2],2,"[2,2]",5.788016394440376,5.788016394440376,0.0,False,True,"[[10.061201561022761,-0.06643521634298764],[-0.7590546330648528,10.525041285431856],[4.987513923239544,6.588518865641209]]",FINITE_SYNTHETIC_DESIGN_NOT_EMPIRICAL,,
CRR-STAGEII-CONFIRM-2026-07-22,21c5b970e734ed79636df2f3882d4d85460c5efa40b88e59b9b9a3f34a25c0ff,E6,202607226003,specialization_unlocks,0.7,high,"[0,1,2]",2,"[0,1]",5.788016394440376,7.081361518847939,1.2933451244075629,True,True,"[[10.061201561022761,-0.06643521634298764],[-0.7590546330648528,10.525041285431856],[4.987513923239544,6.588518865641209]]",FINITE_SYNTHETIC_DESIGN_NOT_EMPIRICAL,,
CRR-STAGEII-CONFIRM-2026-07-22,21c5b970e734ed79636df2f3882d4d85460c5efa40b88e59b9b9a3f34a25c0ff,E6,202607226003,specialization_unlocks,0.7,low,[2],2,"[2,2]",5.788016394440376,5.788016394440377,8.881784197001252e-16,False,True,"[[10.061201561022761,-0.06643521634298764],[-0.7590546330648528,10.525041285431856],[4.987513923239544,6.588518865641209]]",FINITE_SYNTHETIC_DESIGN_NOT_EMPIRICAL,,
CRR-STAGEII-CONFIRM-2026-07-22,21c5b970e734ed79636df2f3882d4d85460c5efa40b88e59b9b9a3f34a25c0ff,E6,202607226003,specialization_unlocks,0.9,high,"[0,1,2]",2,"[0,1]",5.788016394440376,9.222534788434185,3.434518393993809,True,True,"[[10.061201561022761,-0.06643521634298764],[-0.7590546330648528,10.525041285431856],[4.987513923239544,6.588518865641209]]",FINITE_SYNTHETIC_DESIGN_NOT_EMPIRICAL,,
CRR-STAGEII-CONFIRM-2026-07-22,21c5b970e734ed79636df2f3882d4d85460c5efa40b88e59b9b9a3f34a25c0ff,E6,202607226003,specialization_unlocks,0.9,low,[2],2,"[2,2]",5.788016394440376,5.788016394440377,8.881784197001252e-16,False,True,"[[10.061201561022761,-0.06643521634298764],[-0.7590546330648528,10.525041285431856],[4.987513923239544,6.588518865641209]]",FINITE_SYNTHETIC_DESIGN_NOT_EMPIRICAL,,
CRR-STAGEII-CONFIRM-2026-07-22,21c5b970e734ed79636df2f3882d4d85460c5efa40b88e59b9b9a3f34a25c0ff,E6,202607226004,specialization_unlocks,0.5,high,"[0,1,2]",1,"[1,1]",5.652913657385979,5.652913657385979,0.0,False,True,"[[10.590313292327941,-1.400998130000268],[0.5070987672240683,10.79872854754789],[5.307963294825937,3.8230746382958705]]",FINITE_SYNTHETIC_DESIGN_NOT_EMPIRICAL,,
CRR-STAGEII-CONFIRM-2026-07-22,21c5b970e734ed79636df2f3882d4d85460c5efa40b88e59b9b9a3f34a25c0ff,E6,202607226004,specialization_unlocks,0.5,low,[2],2,"[2,2]",4.565518966560903,4.565518966560903,0.0,False,True,"[[10.590313292327941,-1.400998130000268],[0.5070987672240683,10.79872854754789],[5.307963294825937,3.8230746382958705]]",FINITE_SYNTHETIC_DESIGN_NOT_EMPIRICAL,,
CRR-STAGEII-CONFIRM-2026-07-22,21c5b970e734ed79636df2f3882d4d85460c5efa40b88e59b9b9a3f34a25c0ff,E6,202607226004,specialization_unlocks,0.7,high,"[0,1,2]",1,"[0,1]",5.652913657385979,7.352079739540111,1.6991660821541315,True,True,"[[10.590313292327941,-1.400998130000268],[0.5070987672240683,10.79872854754789],[5.307963294825937,3.8230746382958705]]",FINITE_SYNTHETIC_DESIGN_NOT_EMPIRICAL,,
CRR-STAGEII-CONFIRM-2026-07-22,21c5b970e734ed79636df2f3882d4d85460c5efa40b88e59b9b9a3f34a25c0ff,E6,202607226004,specialization_unlocks,0.7,low,[2],2,"[2,2]",4.565518966560903,4.565518966560903,0.0,False,True,"[[10.590313292327941,-1.400998130000268],[0.5070987672240683,10.79872854754789],[5.307963294825937,3.8230746382958705]]",FINITE_SYNTHETIC_DESIGN_NOT_EMPIRICAL,,
CRR-STAGEII-CONFIRM-2026-07-22,21c5b970e734ed79636df2f3882d4d85460c5efa40b88e59b9b9a3f34a25c0ff,E6,202607226004,specialization_unlocks,0.9,high,"[0,1,2]",1,"[0,1]",5.652913657385979,9.580373859805315,3.9274602024193355,True,True,"[[10.590313292327941,-1.400998130000268],[0.5070987672240683,10.79872854754789],[5.307963294825937,3.8230746382958705]]",FINITE_SYNTHETIC_DESIGN_NOT_EMPIRICAL,,
CRR-STAGEII-CONFIRM-2026-07-22,21c5b970e734ed79636df2f3882d4d85460c5efa40b88e59b9b9a3f34a25c0ff,E6,202607226004,specialization_unlocks,0.9,low,[2],2,"[2,2]",4.565518966560903,4.565518966560903,0.0,False,True,"[[10.590313292327941,-1.400998130000268],[0.5070987672240683,10.79872854754789],[5.307963294825937,3.8230746382958705]]",FINITE_SYNTHETIC_DESIGN_NOT_EMPIRICAL,,
CRR-STAGEII-CONFIRM-2026-07-22,21c5b970e734ed79636df2f3882d4d85460c5efa40b88e59b9b9a3f34a25c0ff,E6,202607226005,specialization_unlocks,0.5,high,"[0,1,2]",2,"[2,2]",6.331878547642045,6.331878547642045,0.0,False,True,"[[9.451182830356954,-0.8007614396236499],[-0.07189621040979811,7.780262201550137],[5.11798204885377,7.54577504643032]]",FINITE_SYNTHETIC_DESIGN_NOT_EMPIRICAL,,
CRR-STAGEII-CONFIRM-2026-07-22,21c5b970e734ed79636df2f3882d4d85460c5efa40b88e59b9b9a3f34a25c0ff,E6,202607226005,specialization_unlocks,0.5,low,[2],2,"[2,2]",6.331878547642045,6.331878547642045,0.0,False,True,"[[9.451182830356954,-0.8007614396236499],[-0.07189621040979811,7.780262201550137],[5.11798204885377,7.54577504643032]]",FINITE_SYNTHETIC_DESIGN_NOT_EMPIRICAL,,
CRR-STAGEII-CONFIRM-2026-07-22,21c5b970e734ed79636df2f3882d4d85460c5efa40b88e59b9b9a3f34a25c0ff,E6,202607226005,specialization_unlocks,0.7,high,"[0,1,2]",2,"[0,2]",6.331878547642045,6.596518348260064,0.26463980061801884,True,True,"[[9.451182830356954,-0.8007614396236499],[-0.07189621040979811,7.780262201550137],[5.11798204885377,7.54577504643032]]",FINITE_SYNTHETIC_DESIGN_NOT_EMPIRICAL,,
CRR-STAGEII-CONFIRM-2026-07-22,21c5b970e734ed79636df2f3882d4d85460c5efa40b88e59b9b9a3f34a25c0ff,E6,202607226005,specialization_unlocks,0.7,low,[2],2,"[2,2]",6.331878547642045,6.331878547642045,0.0,False,True,"[[9.451182830356954,-0.8007614396236499],[-0.07189621040979811,7.780262201550137],[5.11798204885377,7.54577504643032]]",FINITE_SYNTHETIC_DESIGN_NOT_EMPIRICAL,,
CRR-STAGEII-CONFIRM-2026-07-22,21c5b970e734ed79636df2f3882d4d85460c5efa40b88e59b9b9a3f34a25c0ff,E6,202607226005,specialization_unlocks,0.9,high,"[0,1,2]",2,"[0,2]",6.331878547642045,7.864492075015779,1.5326135273737336,True,True,"[[9.451182830356954,-0.8007614396236499],[-0.07189621040979811,7.780262201550137],[5.11798204885377,7.54577504643032]]",FINITE_SYNTHETIC_DESIGN_NOT_EMPIRICAL,,
CRR-STAGEII-CONFIRM-2026-07-22,21c5b970e734ed79636df2f3882d4d85460c5efa40b88e59b9b9a3f34a25c0ff,E6,202607226005,specialization_unlocks,0.9,low,[2],2,"[2,2]",6.331878547642045,6.331878547642045,0.0,False,True,"[[9.451182830356954,-0.8007614396236499],[-0.07189621040979811,7.780262201550137],[5.11798204885377,7.54577504643032]]",FINITE_SYNTHETIC_DESIGN_NOT_EMPIRICAL,,
CRR-STAGEII-CONFIRM-2026-07-22,21c5b970e734ed79636df2f3882d4d85460c5efa40b88e59b9b9a3f34a25c0ff,E6,202607226006,specialization_unlocks,0.5,high,"[0,1,2]",1,"[1,1]",5.735032107006314,5.735032107006314,0.0,False,True,"[[10.411496310224978,0.007910803434377821],[0.5739471479760756,10.896117066036553],[6.208244173198218,3.6361787896856352]]",FINITE_SYNTHETIC_DESIGN_NOT_EMPIRICAL,,
CRR-STAGEII-CONFIRM-2026-07-22,21c5b970e734ed79636df2f3882d4d85460c5efa40b88e59b9b9a3f34a25c0ff,E6,202607226006,specialization_unlocks,0.5,low,[2],2,"[2,2]",4.922211481441927,4.922211481441927,0.0,False,True,"[[10.411496310224978,0.007910803434377821],[0.5739471479760756,10.896117066036553],[6.208244173198218,3.6361787896856352]]",FINITE_SYNTHETIC_DESIGN_NOT_EMPIRICAL,,
CRR-STAGEII-CONFIRM-2026-07-22,21c5b970e734ed79636df2f3882d4d85460c5efa40b88e59b9b9a3f34a25c0ff,E6,202607226006,specialization_unlocks,0.7,high,"[0,1,2]",1,"[0,1]",5.735032107006314,7.544943374403103,1.8099112673967888,True,True,"[[10.411496310224978,0.007910803434377821],[0.5739471479760756,10.896117066036553],[6.208244173198218,3.6361787896856352]]",FINITE_SYNTHETIC_DESIGN_NOT_EMPIRICAL,,
CRR-STAGEII-CONFIRM-2026-07-22,21c5b970e734ed79636df2f3882d4d85460c5efa40b88e59b9b9a3f34a25c0ff,E6,202607226006,specialization_unlocks,0.7,low,[2],2,"[2,2]",4.922211481441927,4.922211481441927,0.0,False,True,"[[10.411496310224978,0.007910803434377821],[0.5739471479760756,10.896117066036553],[6.208244173198218,3.6361787896856352]]",FINITE_SYNTHETIC_DESIGN_NOT_EMPIRICAL,,
CRR-STAGEII-CONFIRM-2026-07-22,21c5b970e734ed79636df2f3882d4d85460c5efa40b88e59b9b9a3f34a25c0ff,E6,202607226006,specialization_unlocks,0.9,high,"[0,1,2]",1,"[0,1]",5.735032107006314,9.617518916888212,3.8824868098818976,True,True,"[[10.411496310224978,0.007910803434377821],[0.5739471479760756,10.896117066036553],[6.208244173198218,3.6361787896856352]]",FINITE_SYNTHETIC_DESIGN_NOT_EMPIRICAL,,
CRR-STAGEII-CONFIRM-2026-07-22,21c5b970e734ed79636df2f3882d4d85460c5efa40b88e59b9b9a3f34a25c0ff,E6,202607226006,specialization_unlocks,0.9,low,[2],2,"[2,2]",4.922211481441927,4.922211481441926,-8.881784197001252e-16,False,True,"[[10.411496310224978,0.007910803434377821],[0.5739471479760756,10.896117066036553],[6.208244173198218,3.6361787896856352]]",FINITE_SYNTHETIC_DESIGN_NOT_EMPIRICAL,,
CRR-STAGEII-CONFIRM-2026-07-22,21c5b970e734ed79636df2f3882d4d85460c5efa40b88e59b9b9a3f34a25c0ff,E6,202607226007,specialization_unlocks,0.5,high,"[0,1,2]",0,"[0,0]",5.629984765065466,5.629984765065466,0.0,False,True,"[[10.686528772389508,0.5734407577414246],[-0.14624973177115547,9.240961598862631],[5.174152970701075,4.640980967593208]]",FINITE_SYNTHETIC_DESIGN_NOT_EMPIRICAL,,
CRR-STAGEII-CONFIRM-2026-07-22,21c5b970e734ed79636df2f3882d4d85460c5efa40b88e59b9b9a3f34a25c0ff,E6,202607226007,specialization_unlocks,0.5,low,[2],2,"[2,2]",4.907566969147142,4.907566969147142,0.0,False,True,"[[10.686528772389508,0.5734407577414246],[-0.14624973177115547,9.240961598862631],[5.174152970701075,4.640980967593208]]",FINITE_SYNTHETIC_DESIGN_NOT_EMPIRICAL,,
CRR-STAGEII-CONFIRM-2026-07-22,21c5b970e734ed79636df2f3882d4d85460c5efa40b88e59b9b9a3f34a25c0ff,E6,202607226007,specialization_unlocks,0.7,high,"[0,1,2]",0,"[0,1]",5.629984765065466,7.038700283833789,1.4087155187683225,True,True,"[[10.686528772389508,0.5734407577414246],[-0.14624973177115547,9.240961598862631],[5.174152970701075,4.640980967593208]]",FINITE_SYNTHETIC_DESIGN_NOT_EMPIRICAL,,
CRR-STAGEII-CONFIRM-2026-07-22,21c5b970e734ed79636df2f3882d4d85460c5efa40b88e59b9b9a3f34a25c0ff,E6,202607226007,specialization_unlocks,0.7,low,[2],2,"[2,2]",4.907566969147142,4.907566969147142,0.0,False,True,"[[10.686528772389508,0.5734407577414246],[-0.14624973177115547,9.240961598862631],[5.174152970701075,4.640980967593208]]",FINITE_SYNTHETIC_DESIGN_NOT_EMPIRICAL,,
CRR-STAGEII-CONFIRM-2026-07-22,21c5b970e734ed79636df2f3882d4d85460c5efa40b88e59b9b9a3f34a25c0ff,E6,202607226007,specialization_unlocks,0.9,high,"[0,1,2]",0,"[0,1]",5.629984765065466,8.988730218361976,3.3587454532965095,True,True,"[[10.686528772389508,0.5734407577414246],[-0.14624973177115547,9.240961598862631],[5.174152970701075,4.640980967593208]]",FINITE_SYNTHETIC_DESIGN_NOT_EMPIRICAL,,
CRR-STAGEII-CONFIRM-2026-07-22,21c5b970e734ed79636df2f3882d4d85460c5efa40b88e59b9b9a3f34a25c0ff,E6,202607226007,specialization_unlocks,0.9,low,[2],2,"[2,2]",4.907566969147142,4.907566969147141,-8.881784197001252e-16,False,True,"[[10.686528772389508,0.5734407577414246],[-0.14624973177115547,9.240961598862631],[5.174152970701075,4.640980967593208]]",FINITE_SYNTHETIC_DESIGN_NOT_EMPIRICAL,,
CRR-STAGEII-CONFIRM-2026-07-22,21c5b970e734ed79636df2f3882d4d85460c5efa40b88e59b9b9a3f34a25c0ff,E6,202607226008,specialization_unlocks,0.5,high,"[0,1,2]",2,"[2,2]",5.47718226050317,5.47718226050317,0.0,False,True,"[[9.008136292466837,0.21356944051523852],[1.1456394329186883,8.150602726128485],[5.047046424032548,5.9073180969737935]]",FINITE_SYNTHETIC_DESIGN_NOT_EMPIRICAL,,
CRR-STAGEII-CONFIRM-2026-07-22,21c5b970e734ed79636df2f3882d4d85460c5efa40b88e59b9b9a3f34a25c0ff,E6,202607226008,specialization_unlocks,0.5,low,[2],2,"[2,2]",5.47718226050317,5.47718226050317,0.0,False,True,"[[9.008136292466837,0.21356944051523852],[1.1456394329186883,8.150602726128485],[5.047046424032548,5.9073180969737935]]",FINITE_SYNTHETIC_DESIGN_NOT_EMPIRICAL,,
CRR-STAGEII-CONFIRM-2026-07-22,21c5b970e734ed79636df2f3882d4d85460c5efa40b88e59b9b9a3f34a25c0ff,E6,202607226008,specialization_unlocks,0.7,high,"[0,1,2]",2,"[0,1]",5.47718226050317,6.209439987523451,0.732257727020281,True,True,"[[9.008136292466837,0.21356944051523852],[1.1456394329186883,8.150602726128485],[5.047046424032548,5.9073180969737935]]",FINITE_SYNTHETIC_DESIGN_NOT_EMPIRICAL,,
CRR-STAGEII-CONFIRM-2026-07-22,21c5b970e734ed79636df2f3882d4d85460c5efa40b88e59b9b9a3f34a25c0ff,E6,202607226008,specialization_unlocks,0.7,low,[2],2,"[2,2]",5.47718226050317,5.47718226050317,0.0,False,True,"[[9.008136292466837,0.21356944051523852],[1.1456394329186883,8.150602726128485],[5.047046424032548,5.9073180969737935]]",FINITE_SYNTHETIC_DESIGN_NOT_EMPIRICAL,,
CRR-STAGEII-CONFIRM-2026-07-22,21c5b970e734ed79636df2f3882d4d85460c5efa40b88e59b9b9a3f34a25c0ff,E6,202607226008,specialization_unlocks,0.9,high,"[0,1,2]",2,"[0,1]",5.47718226050317,7.789393002039592,2.312210741536422,True,True,"[[9.008136292466837,0.21356944051523852],[1.1456394329186883,8.150602726128485],[5.047046424032548,5.9073180969737935]]",FINITE_SYNTHETIC_DESIGN_NOT_EMPIRICAL,,
CRR-STAGEII-CONFIRM-2026-07-22,21c5b970e734ed79636df2f3882d4d85460c5efa40b88e59b9b9a3f34a25c0ff,E6,202607226008,specialization_unlocks,0.9,low,[2],2,"[2,2]",5.47718226050317,5.47718226050317,0.0,False,True,"[[9.008136292466837,0.21356944051523852],[1.1456394329186883,8.150602726128485],[5.047046424032548,5.9073180969737935]]",FINITE_SYNTHETIC_DESIGN_NOT_EMPIRICAL,,
CRR-STAGEII-CONFIRM-2026-07-22,21c5b970e734ed79636df2f3882d4d85460c5efa40b88e59b9b9a3f34a25c0ff,E6,202607226009,specialization_unlocks,0.5,high,"[0,1,2]",0,"[0,0]",5.365671223709535,5.365671223709535,0.0,False,True,"[[11.125124697798794,-0.3937822503797241],[-1.34462657081101,8.732204676691358],[5.721377510761445,2.905258569266983]]",FINITE_SYNTHETIC_DESIGN_NOT_EMPIRICAL,,
CRR-STAGEII-CONFIRM-2026-07-22,21c5b970e734ed79636df2f3882d4d85460c5efa40b88e59b9b9a3f34a25c0ff,E6,202607226009,specialization_unlocks,0.5,low,[2],2,"[2,2]",4.313318040014214,4.313318040014214,0.0,False,True,"[[11.125124697798794,-0.3937822503797241],[-1.34462657081101,8.732204676691358],[5.721377510761445,2.905258569266983]]",FINITE_SYNTHETIC_DESIGN_NOT_EMPIRICAL,,
CRR-STAGEII-CONFIRM-2026-07-22,21c5b970e734ed79636df2f3882d4d85460c5efa40b88e59b9b9a3f34a25c0ff,E6,202607226009,specialization_unlocks,0.7,high,"[0,1,2]",0,"[0,1]",5.365671223709535,6.6893039578929425,1.3236327341834073,True,True,"[[11.125124697798794,-0.3937822503797241],[-1.34462657081101,8.732204676691358],[5.721377510761445,2.905258569266983]]",FINITE_SYNTHETIC_DESIGN_NOT_EMPIRICAL,,
CRR-STAGEII-CONFIRM-2026-07-22,21c5b970e734ed79636df2f3882d4d85460c5efa40b88e59b9b9a3f34a25c0ff,E6,202607226009,specialization_unlocks,0.7,low,[2],2,"[2,2]",4.313318040014214,4.313318040014214,0.0,False,True,"[[11.125124697798794,-0.3937822503797241],[-1.34462657081101,8.732204676691358],[5.721377510761445,2.905258569266983]]",FINITE_SYNTHETIC_DESIGN_NOT_EMPIRICAL,,
CRR-STAGEII-CONFIRM-2026-07-22,21c5b970e734ed79636df2f3882d4d85460c5efa40b88e59b9b9a3f34a25c0ff,E6,202607226009,specialization_unlocks,0.9,high,"[0,1,2]",0,"[0,1]",5.365671223709535,8.84887777746103,3.4832065537514953,True,True,"[[11.125124697798794,-0.3937822503797241],[-1.34462657081101,8.732204676691358],[5.721377510761445,2.905258569266983]]",FINITE_SYNTHETIC_DESIGN_NOT_EMPIRICAL,,
CRR-STAGEII-CONFIRM-2026-07-22,21c5b970e734ed79636df2f3882d4d85460c5efa40b88e59b9b9a3f34a25c0ff,E6,202607226009,specialization_unlocks,0.9,low,[2],2,"[2,2]",4.313318040014214,4.313318040014214,0.0,False,True,"[[11.125124697798794,-0.3937822503797241],[-1.34462657081101,8.732204676691358],[5.721377510761445,2.905258569266983]]",FINITE_SYNTHETIC_DESIGN_NOT_EMPIRICAL,,
CRR-STAGEII-CONFIRM-2026-07-22,21c5b970e734ed79636df2f3882d4d85460c5efa40b88e59b9b9a3f34a25c0ff,E6,202607226010,specialization_unlocks,0.5,high,"[0,1,2]",0,"[0,0]",5.649525754022926,5.649525754022926,0.0,False,True,"[[9.882413344852287,1.416638163193565],[-1.325462552267822,9.198659081074823],[3.6041511571748113,3.501464009764912]]",FINITE_SYNTHETIC_DESIGN_NOT_EMPIRICAL,,
CRR-STAGEII-CONFIRM-2026-07-22,21c5b970e734ed79636df2f3882d4d85460c5efa40b88e59b9b9a3f34a25c0ff,E6,202607226010,specialization_unlocks,0.5,low,[2],2,"[2,2]",3.5528075834698614,3.5528075834698614,0.0,False,True,"[[9.882413344852287,1.416638163193565],[-1.325462552267822,9.198659081074823],[3.6041511571748113,3.501464009764912]]",FINITE_SYNTHETIC_DESIGN_NOT_EMPIRICAL,,
CRR-STAGEII-CONFIRM-2026-07-22,21c5b970e734ed79636df2f3882d4d85460c5efa40b88e59b9b9a3f34a25c0ff,E6,202607226010,specialization_unlocks,0.7,high,"[0,1,2]",0,"[0,1]",5.649525754022926,6.692051690713349,1.0425259366904234,True,True,"[[9.882413344852287,1.416638163193565],[-1.325462552267822,9.198659081074823],[3.6041511571748113,3.501464009764912]]",FINITE_SYNTHETIC_DESIGN_NOT_EMPIRICAL,,
CRR-STAGEII-CONFIRM-2026-07-22,21c5b970e734ed79636df2f3882d4d85460c5efa40b88e59b9b9a3f34a25c0ff,E6,202607226010,specialization_unlocks,0.7,low,[2],2,"[2,2]",3.5528075834698614,3.5528075834698614,0.0,False,True,"[[9.882413344852287,1.416638163193565],[-1.325462552267822,9.198659081074823],[3.6041511571748113,3.501464009764912]]",FINITE_SYNTHETIC_DESIGN_NOT_EMPIRICAL,,
CRR-STAGEII-CONFIRM-2026-07-22,21c5b970e734ed79636df2f3882d4d85460c5efa40b88e59b9b9a3f34a25c0ff,E6,202607226010,specialization_unlocks,0.9,high,"[0,1,2]",0,"[0,1]",5.649525754022926,8.591041372213486,2.94151561819056,True,True,"[[9.882413344852287,1.416638163193565],[-1.325462552267822,9.198659081074823],[3.6041511571748113,3.501464009764912]]",FINITE_SYNTHETIC_DESIGN_NOT_EMPIRICAL,,
CRR-STAGEII-CONFIRM-2026-07-22,21c5b970e734ed79636df2f3882d4d85460c5efa40b88e59b9b9a3f34a25c0ff,E6,202607226010,specialization_unlocks,0.9,low,[2],2,"[2,2]",3.5528075834698614,3.5528075834698614,0.0,False,True,"[[9.882413344852287,1.416638163193565],[-1.325462552267822,9.198659081074823],[3.6041511571748113,3.501464009764912]]",FINITE_SYNTHETIC_DESIGN_NOT_EMPIRICAL,,
CRR-STAGEII-CONFIRM-2026-07-22,21c5b970e734ed79636df2f3882d4d85460c5efa40b88e59b9b9a3f34a25c0ff,E6,202607226011,specialization_unlocks,0.5,high,"[0,1,2]",1,"[1,1]",4.79548080338908,4.79548080338908,0.0,False,True,"[[8.556230913938442,-0.27568405684102265],[0.26983502616121063,9.32112658061695],[5.157256650045105,3.9574795746200992]]",FINITE_SYNTHETIC_DESIGN_NOT_EMPIRICAL,,
CRR-STAGEII-CONFIRM-2026-07-22,21c5b970e734ed79636df2f3882d4d85460c5efa40b88e59b9b9a3f34a25c0ff,E6,202607226011,specialization_unlocks,0.5,low,[2],2,"[2,2]",4.557368112332602,4.557368112332602,0.0,False,True,"[[8.556230913938442,-0.27568405684102265],[0.26983502616121063,9.32112658061695],[5.157256650045105,3.9574795746200992]]",FINITE_SYNTHETIC_DESIGN_NOT_EMPIRICAL,,
CRR-STAGEII-CONFIRM-2026-07-22,21c5b970e734ed79636df2f3882d4d85460c5efa40b88e59b9b9a3f34a25c0ff,E6,202607226011,specialization_unlocks,0.7,high,"[0,1,2]",1,"[0,1]",4.79548080338908,6.256197768492415,1.4607169651033347,True,True,"[[8.556230913938442,-0.27568405684102265],[0.26983502616121063,9.32112658061695],[5.157256650045105,3.9574795746200992]]",FINITE_SYNTHETIC_DESIGN_NOT_EMPIRICAL,,
CRR-STAGEII-CONFIRM-2026-07-22,21c5b970e734ed79636df2f3882d4d85460c5efa40b88e59b9b9a3f34a25c0ff,E6,202607226011,specialization_unlocks,0.7,low,[2],2,"[2,2]",4.557368112332602,4.557368112332602,0.0,False,True,"[[8.556230913938442,-0.27568405684102265],[0.26983502616121063,9.32112658061695],[5.157256650045105,3.9574795746200992]]",FINITE_SYNTHETIC_DESIGN_NOT_EMPIRICAL,,
CRR-STAGEII-CONFIRM-2026-07-22,21c5b970e734ed79636df2f3882d4d85460c5efa40b88e59b9b9a3f34a25c0ff,E6,202607226011,specialization_unlocks,0.9,high,"[0,1,2]",1,"[0,1]",4.79548080338908,8.044518421015937,3.2490376176268567,True,True,"[[8.556230913938442,-0.27568405684102265],[0.26983502616121063,9.32112658061695],[5.157256650045105,3.9574795746200992]]",FINITE_SYNTHETIC_DESIGN_NOT_EMPIRICAL,,
CRR-STAGEII-CONFIRM-2026-07-22,21c5b970e734ed79636df2f3882d4d85460c5efa40b88e59b9b9a3f34a25c0ff,E6,202607226011,specialization_unlocks,0.9,low,[2],2,"[2,2]",4.557368112332602,4.557368112332602,0.0,False,True,"[[8.556230913938442,-0.27568405684102265],[0.26983502616121063,9.32112658061695],[5.157256650045105,3.9574795746200992]]",FINITE_SYNTHETIC_DESIGN_NOT_EMPIRICAL,,
CRR-STAGEII-CONFIRM-2026-07-22,21c5b970e734ed79636df2f3882d4d85460c5efa40b88e59b9b9a3f34a25c0ff,E6,202607226012,specialization_unlocks,0.5,high,"[0,1,2]",0,"[0,0]",5.362646107787838,5.362646107787838,0.0,False,True,"[[10.279023190913898,0.4462690246617779],[0.20470888003609397,9.645294738849284],[4.043417716484008,5.2701432928640655]]",FINITE_SYNTHETIC_DESIGN_NOT_EMPIRICAL,,
CRR-STAGEII-CONFIRM-2026-07-22,21c5b970e734ed79636df2f3882d4d85460c5efa40b88e59b9b9a3f34a25c0ff,E6,202607226012,specialization_unlocks,0.5,low,[2],2,"[2,2]",4.656780504674037,4.656780504674037,0.0,False,True,"[[10.279023190913898,0.4462690246617779],[0.20470888003609397,9.645294738849284],[4.043417716484008,5.2701432928640655]]",FINITE_SYNTHETIC_DESIGN_NOT_EMPIRICAL,,
CRR-STAGEII-CONFIRM-2026-07-22,21c5b970e734ed79636df2f3882d4d85460c5efa40b88e59b9b9a3f34a25c0ff,E6,202607226012,specialization_unlocks,0.7,high,"[0,1,2]",0,"[0,1]",5.362646107787838,7.071157961121793,1.7085118533339552,True,True,"[[10.279023190913898,0.4462690246617779],[0.20470888003609397,9.645294738849284],[4.043417716484008,5.2701432928640655]]",FINITE_SYNTHETIC_DESIGN_NOT_EMPIRICAL,,
CRR-STAGEII-CONFIRM-2026-07-22,21c5b970e734ed79636df2f3882d4d85460c5efa40b88e59b9b9a3f34a25c0ff,E6,202607226012,specialization_unlocks,0.7,low,[2],2,"[2,2]",4.656780504674037,4.656780504674037,0.0,False,True,"[[10.279023190913898,0.4462690246617779],[0.20470888003609397,9.645294738849284],[4.043417716484008,5.2701432928640655]]",FINITE_SYNTHETIC_DESIGN_NOT_EMPIRICAL,,
CRR-STAGEII-CONFIRM-2026-07-22,21c5b970e734ed79636df2f3882d4d85460c5efa40b88e59b9b9a3f34a25c0ff,E6,202607226012,specialization_unlocks,0.9,high,"[0,1,2]",0,"[0,1]",5.362646107787838,8.998491963628325,3.635845855840487,True,True,"[[10.279023190913898,0.4462690246617779],[0.20470888003609397,9.645294738849284],[4.043417716484008,5.2701432928640655]]",FINITE_SYNTHETIC_DESIGN_NOT_EMPIRICAL,,
CRR-STAGEII-CONFIRM-2026-07-22,21c5b970e734ed79636df2f3882d4d85460c5efa40b88e59b9b9a3f34a25c0ff,E6,202607226012,specialization_unlocks,0.9,low,[2],2,"[2,2]",4.656780504674037,4.656780504674037,0.0,False,True,"[[10.279023190913898,0.4462690246617779],[0.20470888003609397,9.645294738849284],[4.043417716484008,5.2701432928640655]]",FINITE_SYNTHETIC_DESIGN_NOT_EMPIRICAL,,
CRR-STAGEII-CONFIRM-2026-07-22,21c5b970e734ed79636df2f3882d4d85460c5efa40b88e59b9b9a3f34a25c0ff,E6,202607226013,specialization_unlocks,0.5,high,"[0,1,2]",0,"[0,0]",5.649392437103572,5.649392437103572,0.0,False,True,"[[10.304128346855688,0.9946565273514552],[0.4216134050896408,10.077564378918979],[5.269546346004233,3.420649167508893]]",FINITE_SYNTHETIC_DESIGN_NOT_EMPIRICAL,,
CRR-STAGEII-CONFIRM-2026-07-22,21c5b970e734ed79636df2f3882d4d85460c5efa40b88e59b9b9a3f34a25c0ff,E6,202607226013,specialization_unlocks,0.5,low,[2],2,"[2,2]",4.345097756756563,4.345097756756563,0.0,False,True,"[[10.304128346855688,0.9946565273514552],[0.4216134050896408,10.077564378918979],[5.269546346004233,3.420649167508893]]",FINITE_SYNTHETIC_DESIGN_NOT_EMPIRICAL,,
CRR-STAGEII-CONFIRM-2026-07-22,21c5b970e734ed79636df2f3882d4d85460c5efa40b88e59b9b9a3f34a25c0ff,E6,202607226013,specialization_unlocks,0.7,high,"[0,1,2]",0,"[0,1]",5.649392437103572,7.346032943887296,1.6966405067837247,True,True,"[[10.304128346855688,0.9946565273514552],[0.4216134050896408,10.077564378918979],[5.269546346004233,3.420649167508893]]",FINITE_SYNTHETIC_DESIGN_NOT_EMPIRICAL,,
CRR-STAGEII-CONFIRM-2026-07-22,21c5b970e734ed79636df2f3882d4d85460c5efa40b88e59b9b9a3f34a25c0ff,E6,202607226013,specialization_unlocks,0.7,low,[2],2,"[2,2]",4.345097756756563,4.345097756756563,0.0,False,True,"[[10.304128346855688,0.9946565273514552],[0.4216134050896408,10.077564378918979],[5.269546346004233,3.420649167508893]]",FINITE_SYNTHETIC_DESIGN_NOT_EMPIRICAL,,
CRR-STAGEII-CONFIRM-2026-07-22,21c5b970e734ed79636df2f3882d4d85460c5efa40b88e59b9b9a3f34a25c0ff,E6,202607226013,specialization_unlocks,0.9,high,"[0,1,2]",0,"[0,1]",5.649392437103572,9.242575223220655,3.593182786117083,True,True,"[[10.304128346855688,0.9946565273514552],[0.4216134050896408,10.077564378918979],[5.269546346004233,3.420649167508893]]",FINITE_SYNTHETIC_DESIGN_NOT_EMPIRICAL,,
CRR-STAGEII-CONFIRM-2026-07-22,21c5b970e734ed79636df2f3882d4d85460c5efa40b88e59b9b9a3f34a25c0ff,E6,202607226013,specialization_unlocks,0.9,low,[2],2,"[2,2]",4.345097756756563,4.345097756756563,0.0,False,True,"[[10.304128346855688,0.9946565273514552],[0.4216134050896408,10.077564378918979],[5.269546346004233,3.420649167508893]]",FINITE_SYNTHETIC_DESIGN_NOT_EMPIRICAL,,
CRR-STAGEII-CONFIRM-2026-07-22,21c5b970e734ed79636df2f3882d4d85460c5efa40b88e59b9b9a3f34a25c0ff,E6,202607226014,specialization_unlocks,0.5,high,"[0,1,2]",1,"[1,1]",5.566542647264926,5.566542647264926,0.0,False,True,"[[11.646939046759124,-0.6458498068772143],[0.6010660058765047,10.532019288653348],[4.1929502965677,6.171487003528906]]",FINITE_SYNTHETIC_DESIGN_NOT_EMPIRICAL,,
CRR-STAGEII-CONFIRM-2026-07-22,21c5b970e734ed79636df2f3882d4d85460c5efa40b88e59b9b9a3f34a25c0ff,E6,202607226014,specialization_unlocks,0.5,low,[2],2,"[2,2]",5.182218650048303,5.182218650048303,0.0,False,True,"[[11.646939046759124,-0.6458498068772143],[0.6010660058765047,10.532019288653348],[4.1929502965677,6.171487003528906]]",FINITE_SYNTHETIC_DESIGN_NOT_EMPIRICAL,,
CRR-STAGEII-CONFIRM-2026-07-22,21c5b970e734ed79636df2f3882d4d85460c5efa40b88e59b9b9a3f34a25c0ff,E6,202607226014,specialization_unlocks,0.7,high,"[0,1,2]",1,"[0,1]",5.566542647264926,7.755917847244259,2.1893751999793327,True,True,"[[11.646939046759124,-0.6458498068772143],[0.6010660058765047,10.532019288653348],[4.1929502965677,6.171487003528906]]",FINITE_SYNTHETIC_DESIGN_NOT_EMPIRICAL,,
CRR-STAGEII-CONFIRM-2026-07-22,21c5b970e734ed79636df2f3882d4d85460c5efa40b88e59b9b9a3f34a25c0ff,E6,202607226014,specialization_unlocks,0.7,low,[2],2,"[2,2]",5.182218650048303,5.182218650048303,0.0,False,True,"[[11.646939046759124,-0.6458498068772143],[0.6010660058765047,10.532019288653348],[4.1929502965677,6.171487003528906]]",FINITE_SYNTHETIC_DESIGN_NOT_EMPIRICAL,,
CRR-STAGEII-CONFIRM-2026-07-22,21c5b970e734ed79636df2f3882d4d85460c5efa40b88e59b9b9a3f34a25c0ff,E6,202607226014,specialization_unlocks,0.9,high,"[0,1,2]",1,"[0,1]",5.566542647264926,9.978292060885577,4.411749413620651,True,True,"[[11.646939046759124,-0.6458498068772143],[0.6010660058765047,10.532019288653348],[4.1929502965677,6.171487003528906]]",FINITE_SYNTHETIC_DESIGN_NOT_EMPIRICAL,,
CRR-STAGEII-CONFIRM-2026-07-22,21c5b970e734ed79636df2f3882d4d85460c5efa40b88e59b9b9a3f34a25c0ff,E6,202607226014,specialization_unlocks,0.9,low,[2],2,"[2,2]",5.182218650048303,5.182218650048303,0.0,False,True,"[[11.646939046759124,-0.6458498068772143],[0.6010660058765047,10.532019288653348],[4.1929502965677,6.171487003528906]]",FINITE_SYNTHETIC_DESIGN_NOT_EMPIRICAL,,
CRR-STAGEII-CONFIRM-2026-07-22,21c5b970e734ed79636df2f3882d4d85460c5efa40b88e59b9b9a3f34a25c0ff,E6,202607226015,specialization_unlocks,0.5,high,"[0,1,2]",1,"[1,1]",5.3948557558254215,5.3948557558254215,0.0,False,True,"[[8.827646431764054,0.8090737334609072],[0.4312955712011797,10.358415940449664],[5.658222606649047,3.725664622716433]]",FINITE_SYNTHETIC_DESIGN_NOT_EMPIRICAL,,
CRR-STAGEII-CONFIRM-2026-07-22,21c5b970e734ed79636df2f3882d4d85460c5efa40b88e59b9b9a3f34a25c0ff,E6,202607226015,specialization_unlocks,0.5,low,[2],2,"[2,2]",4.6919436146827405,4.6919436146827405,0.0,False,True,"[[8.827646431764054,0.8090737334609072],[0.4312955712011797,10.358415940449664],[5.658222606649047,3.725664622716433]]",FINITE_SYNTHETIC_DESIGN_NOT_EMPIRICAL,,
CRR-STAGEII-CONFIRM-2026-07-22,21c5b970e734ed79636df2f3882d4d85460c5efa40b88e59b9b9a3f34a25c0ff,E6,202607226015,specialization_unlocks,0.7,high,"[0,1,2]",1,"[0,1]",5.3948557558254215,6.901177225974114,1.5063214701486922,True,True,"[[8.827646431764054,0.8090737334609072],[0.4312955712011797,10.358415940449664],[5.658222606649047,3.725664622716433]]",FINITE_SYNTHETIC_DESIGN_NOT_EMPIRICAL,,
CRR-STAGEII-CONFIRM-2026-07-22,21c5b970e734ed79636df2f3882d4d85460c5efa40b88e59b9b9a3f34a25c0ff,E6,202607226015,specialization_unlocks,0.7,low,[2],2,"[2,2]",4.6919436146827405,4.6919436146827405,0.0,False,True,"[[8.827646431764054,0.8090737334609072],[0.4312955712011797,10.358415940449664],[5.658222606649047,3.725664622716433]]",FINITE_SYNTHETIC_DESIGN_NOT_EMPIRICAL,,
CRR-STAGEII-CONFIRM-2026-07-22,21c5b970e734ed79636df2f3882d4d85460c5efa40b88e59b9b9a3f34a25c0ff,E6,202607226015,specialization_unlocks,0.9,high,"[0,1,2]",1,"[0,1]",5.3948557558254215,8.695746532729277,3.300890776903856,True,True,"[[8.827646431764054,0.8090737334609072],[0.4312955712011797,10.358415940449664],[5.658222606649047,3.725664622716433]]",FINITE_SYNTHETIC_DESIGN_NOT_EMPIRICAL,,
CRR-STAGEII-CONFIRM-2026-07-22,21c5b970e734ed79636df2f3882d4d85460c5efa40b88e59b9b9a3f34a25c0ff,E6,202607226015,specialization_unlocks,0.9,low,[2],2,"[2,2]",4.6919436146827405,4.6919436146827405,0.0,False,True,"[[8.827646431764054,0.8090737334609072],[0.4312955712011797,10.358415940449664],[5.658222606649047,3.725664622716433]]",FINITE_SYNTHETIC_DESIGN_NOT_EMPIRICAL,,
CRR-STAGEII-CONFIRM-2026-07-22,21c5b970e734ed79636df2f3882d4d85460c5efa40b88e59b9b9a3f34a25c0ff,E6,202607226016,specialization_unlocks,0.5,high,"[0,1,2]",2,"[2,2]",5.423609154039788,5.423609154039788,0.0,False,True,"[[11.088766427650619,-0.4810938660130169],[0.17849001890224092,9.083632050541008],[5.755420333984341,5.091797974095235]]",FINITE_SYNTHETIC_DESIGN_NOT_EMPIRICAL,,
CRR-STAGEII-CONFIRM-2026-07-22,21c5b970e734ed79636df2f3882d4d85460c5efa40b88e59b9b9a3f34a25c0ff,E6,202607226016,specialization_unlocks,0.5,low,[2],2,"[2,2]",5.423609154039788,5.423609154039788,0.0,False,True,"[[11.088766427650619,-0.4810938660130169],[0.17849001890224092,9.083632050541008],[5.755420333984341,5.091797974095235]]",FINITE_SYNTHETIC_DESIGN_NOT_EMPIRICAL,,
CRR-STAGEII-CONFIRM-2026-07-22,21c5b970e734ed79636df2f3882d4d85460c5efa40b88e59b9b9a3f34a25c0ff,E6,202607226016,specialization_unlocks,0.7,high,"[0,1,2]",2,"[0,1]",5.423609154039788,7.014948890300452,1.5913397362606645,True,True,"[[11.088766427650619,-0.4810938660130169],[0.17849001890224092,9.083632050541008],[5.755420333984341,5.091797974095235]]",FINITE_SYNTHETIC_DESIGN_NOT_EMPIRICAL,,
CRR-STAGEII-CONFIRM-2026-07-22,21c5b970e734ed79636df2f3882d4d85460c5efa40b88e59b9b9a3f34a25c0ff,E6,202607226016,specialization_unlocks,0.7,low,[2],2,"[2,2]",5.423609154039788,5.423609154039788,0.0,False,True,"[[11.088766427650619,-0.4810938660130169],[0.17849001890224092,9.083632050541008],[5.755420333984341,5.091797974095235]]",FINITE_SYNTHETIC_DESIGN_NOT_EMPIRICAL,,
CRR-STAGEII-CONFIRM-2026-07-22,21c5b970e734ed79636df2f3882d4d85460c5efa40b88e59b9b9a3f34a25c0ff,E6,202607226016,specialization_unlocks,0.9,high,"[0,1,2]",2,"[0,1]",5.423609154039788,9.062449122830692,3.6388399687909043,True,True,"[[11.088766427650619,-0.4810938660130169],[0.17849001890224092,9.083632050541008],[5.755420333984341,5.091797974095235]]",FINITE_SYNTHETIC_DESIGN_NOT_EMPIRICAL,,
CRR-STAGEII-CONFIRM-2026-07-22,21c5b970e734ed79636df2f3882d4d85460c5efa40b88e59b9b9a3f34a25c0ff,E6,202607226016,specialization_unlocks,0.9,low,[2],2,"[2,2]",5.423609154039788,5.423609154039788,0.0,False,True,"[[11.088766427650619,-0.4810938660130169],[0.17849001890224092,9.083632050541008],[5.755420333984341,5.091797974095235]]",FINITE_SYNTHETIC_DESIGN_NOT_EMPIRICAL,,
