margin_pressure,tail_risk_pressure,budget_pressure,shared_pressure,boundary_pressure,stationarity_residual,risk_dual_eta,budget_dual,design_id,design_sha256,experiment_id,cell_id,replication_seed,crop_i,crop_j,mechanism_class
7.0482007777777085,0.0,0.0,0.0,7.0482007777777085,0.0,0.0,0.0,CRR-STAGEII-CONFIRM-2026-07-22,21c5b970e734ed79636df2f3882d4d85460c5efa40b88e59b9b9a3f34a25c0ff,E2,E2-B0-R0-C0,202607222001,Corn,Soybean,INACTIVE_IN_CELL
7.0482007777777085,0.0,0.0,0.0,7.0482007777777085,0.0,0.0,0.0,CRR-STAGEII-CONFIRM-2026-07-22,21c5b970e734ed79636df2f3882d4d85460c5efa40b88e59b9b9a3f34a25c0ff,E2,E2-B0-R0-C0,202607222002,Corn,Soybean,INACTIVE_IN_CELL
7.0482007777769695,0.0,0.0,0.0,7.0482007777769695,0.0,0.0,0.0,CRR-STAGEII-CONFIRM-2026-07-22,21c5b970e734ed79636df2f3882d4d85460c5efa40b88e59b9b9a3f34a25c0ff,E2,E2-B0-R0-C0,202607222003,Corn,Soybean,INACTIVE_IN_CELL
7.048200777777822,0.0,0.0,0.0,7.048200777777822,0.0,0.0,0.0,CRR-STAGEII-CONFIRM-2026-07-22,21c5b970e734ed79636df2f3882d4d85460c5efa40b88e59b9b9a3f34a25c0ff,E2,E2-B0-R0-C0,202607222004,Corn,Soybean,INACTIVE_IN_CELL
7.048200777777595,0.0,0.0,0.0,7.048200777777538,5.684341886080802e-14,0.0,0.0,CRR-STAGEII-CONFIRM-2026-07-22,21c5b970e734ed79636df2f3882d4d85460c5efa40b88e59b9b9a3f34a25c0ff,E2,E2-B0-R0-C0,202607222005,Corn,Soybean,INACTIVE_IN_CELL
7.0482007777766285,0.0,0.0,0.0,7.048200777776572,5.684341886080802e-14,0.0,0.0,CRR-STAGEII-CONFIRM-2026-07-22,21c5b970e734ed79636df2f3882d4d85460c5efa40b88e59b9b9a3f34a25c0ff,E2,E2-B0-R0-C0,202607222006,Corn,Soybean,INACTIVE_IN_CELL
7.048200777777765,0.0,0.0,0.0,7.048200777777765,0.0,0.0,0.0,CRR-STAGEII-CONFIRM-2026-07-22,21c5b970e734ed79636df2f3882d4d85460c5efa40b88e59b9b9a3f34a25c0ff,E2,E2-B0-R0-C0,202607222007,Corn,Soybean,INACTIVE_IN_CELL
7.048200777777311,0.0,0.0,0.0,7.048200777777311,0.0,0.0,0.0,CRR-STAGEII-CONFIRM-2026-07-22,21c5b970e734ed79636df2f3882d4d85460c5efa40b88e59b9b9a3f34a25c0ff,E2,E2-B0-R0-C0,202607222008,Corn,Soybean,INACTIVE_IN_CELL
7.048200777776515,0.0,0.0,0.0,7.048200777776515,0.0,0.0,0.0,CRR-STAGEII-CONFIRM-2026-07-22,21c5b970e734ed79636df2f3882d4d85460c5efa40b88e59b9b9a3f34a25c0ff,E2,E2-B0-R0-C0,202607222009,Corn,Soybean,INACTIVE_IN_CELL
7.048200777776799,0.0,0.0,0.0,7.048200777776799,0.0,0.0,0.0,CRR-STAGEII-CONFIRM-2026-07-22,21c5b970e734ed79636df2f3882d4d85460c5efa40b88e59b9b9a3f34a25c0ff,E2,E2-B0-R0-C0,202607222010,Corn,Soybean,INACTIVE_IN_CELL
7.048200777778675,0.0,0.0,0.0,7.048200777778675,0.0,0.0,0.0,CRR-STAGEII-CONFIRM-2026-07-22,21c5b970e734ed79636df2f3882d4d85460c5efa40b88e59b9b9a3f34a25c0ff,E2,E2-B0-R0-C0,202607222011,Corn,Soybean,INACTIVE_IN_CELL
7.04820077777822,0.0,0.0,0.0,7.04820077777822,0.0,0.0,0.0,CRR-STAGEII-CONFIRM-2026-07-22,21c5b970e734ed79636df2f3882d4d85460c5efa40b88e59b9b9a3f34a25c0ff,E2,E2-B0-R0-C0,202607222012,Corn,Soybean,INACTIVE_IN_CELL
7.048200777778391,0.0,0.0,0.0,7.048200777778391,0.0,0.0,0.0,CRR-STAGEII-CONFIRM-2026-07-22,21c5b970e734ed79636df2f3882d4d85460c5efa40b88e59b9b9a3f34a25c0ff,E2,E2-B0-R0-C0,202607222013,Corn,Soybean,INACTIVE_IN_CELL
7.048200777778391,0.0,0.0,0.0,7.048200777778391,0.0,0.0,0.0,CRR-STAGEII-CONFIRM-2026-07-22,21c5b970e734ed79636df2f3882d4d85460c5efa40b88e59b9b9a3f34a25c0ff,E2,E2-B0-R0-C0,202607222014,Corn,Soybean,INACTIVE_IN_CELL
7.0482007777769695,0.0,0.0,0.0,7.0482007777769695,0.0,0.0,0.0,CRR-STAGEII-CONFIRM-2026-07-22,21c5b970e734ed79636df2f3882d4d85460c5efa40b88e59b9b9a3f34a25c0ff,E2,E2-B0-R0-C0,202607222015,Corn,Soybean,INACTIVE_IN_CELL
7.048200777777822,0.0,0.0,0.0,7.048200777777822,0.0,0.0,0.0,CRR-STAGEII-CONFIRM-2026-07-22,21c5b970e734ed79636df2f3882d4d85460c5efa40b88e59b9b9a3f34a25c0ff,E2,E2-B0-R0-C0,202607222016,Corn,Soybean,INACTIVE_IN_CELL
7.0482007777777085,0.0,0.0,7.0482007777777085,0.0,0.0,0.0,0.0,CRR-STAGEII-CONFIRM-2026-07-22,21c5b970e734ed79636df2f3882d4d85460c5efa40b88e59b9b9a3f34a25c0ff,E2,E2-B0-R0-C1,202607222001,Corn,Soybean,MARGINAL_PRESSURE
7.0482007777777085,0.0,0.0,7.0482007777777085,0.0,0.0,0.0,0.0,CRR-STAGEII-CONFIRM-2026-07-22,21c5b970e734ed79636df2f3882d4d85460c5efa40b88e59b9b9a3f34a25c0ff,E2,E2-B0-R0-C1,202607222002,Corn,Soybean,MARGINAL_PRESSURE
7.0482007777769695,0.0,0.0,7.0482007777769695,0.0,0.0,0.0,0.0,CRR-STAGEII-CONFIRM-2026-07-22,21c5b970e734ed79636df2f3882d4d85460c5efa40b88e59b9b9a3f34a25c0ff,E2,E2-B0-R0-C1,202607222003,Corn,Soybean,MARGINAL_PRESSURE
7.048200777777822,0.0,0.0,7.048200777777822,0.0,0.0,0.0,0.0,CRR-STAGEII-CONFIRM-2026-07-22,21c5b970e734ed79636df2f3882d4d85460c5efa40b88e59b9b9a3f34a25c0ff,E2,E2-B0-R0-C1,202607222004,Corn,Soybean,MARGINAL_PRESSURE
7.048200777777595,0.0,0.0,7.048200777777595,0.0,0.0,0.0,0.0,CRR-STAGEII-CONFIRM-2026-07-22,21c5b970e734ed79636df2f3882d4d85460c5efa40b88e59b9b9a3f34a25c0ff,E2,E2-B0-R0-C1,202607222005,Corn,Soybean,MARGINAL_PRESSURE
7.0482007777766285,0.0,0.0,7.0482007777766285,0.0,0.0,0.0,0.0,CRR-STAGEII-CONFIRM-2026-07-22,21c5b970e734ed79636df2f3882d4d85460c5efa40b88e59b9b9a3f34a25c0ff,E2,E2-B0-R0-C1,202607222006,Corn,Soybean,MARGINAL_PRESSURE
7.048200777777765,0.0,0.0,7.048200777777765,0.0,0.0,0.0,0.0,CRR-STAGEII-CONFIRM-2026-07-22,21c5b970e734ed79636df2f3882d4d85460c5efa40b88e59b9b9a3f34a25c0ff,E2,E2-B0-R0-C1,202607222007,Corn,Soybean,MARGINAL_PRESSURE
7.048200777777311,0.0,0.0,7.048200777777311,0.0,0.0,0.0,0.0,CRR-STAGEII-CONFIRM-2026-07-22,21c5b970e734ed79636df2f3882d4d85460c5efa40b88e59b9b9a3f34a25c0ff,E2,E2-B0-R0-C1,202607222008,Corn,Soybean,MARGINAL_PRESSURE
7.048200777776515,0.0,0.0,7.048200777776515,0.0,0.0,0.0,0.0,CRR-STAGEII-CONFIRM-2026-07-22,21c5b970e734ed79636df2f3882d4d85460c5efa40b88e59b9b9a3f34a25c0ff,E2,E2-B0-R0-C1,202607222009,Corn,Soybean,MARGINAL_PRESSURE
7.048200777776799,0.0,0.0,7.048200777776799,0.0,0.0,0.0,0.0,CRR-STAGEII-CONFIRM-2026-07-22,21c5b970e734ed79636df2f3882d4d85460c5efa40b88e59b9b9a3f34a25c0ff,E2,E2-B0-R0-C1,202607222010,Corn,Soybean,MARGINAL_PRESSURE
7.048200777778675,0.0,0.0,7.048200777778675,0.0,0.0,0.0,0.0,CRR-STAGEII-CONFIRM-2026-07-22,21c5b970e734ed79636df2f3882d4d85460c5efa40b88e59b9b9a3f34a25c0ff,E2,E2-B0-R0-C1,202607222011,Corn,Soybean,MARGINAL_PRESSURE
7.04820077777822,0.0,0.0,7.04820077777822,0.0,0.0,0.0,0.0,CRR-STAGEII-CONFIRM-2026-07-22,21c5b970e734ed79636df2f3882d4d85460c5efa40b88e59b9b9a3f34a25c0ff,E2,E2-B0-R0-C1,202607222012,Corn,Soybean,MARGINAL_PRESSURE
7.048200777778391,0.0,0.0,7.048200777778391,0.0,0.0,0.0,0.0,CRR-STAGEII-CONFIRM-2026-07-22,21c5b970e734ed79636df2f3882d4d85460c5efa40b88e59b9b9a3f34a25c0ff,E2,E2-B0-R0-C1,202607222013,Corn,Soybean,MARGINAL_PRESSURE
7.048200777778391,0.0,0.0,7.048200777778391,0.0,0.0,0.0,0.0,CRR-STAGEII-CONFIRM-2026-07-22,21c5b970e734ed79636df2f3882d4d85460c5efa40b88e59b9b9a3f34a25c0ff,E2,E2-B0-R0-C1,202607222014,Corn,Soybean,MARGINAL_PRESSURE
7.0482007777769695,0.0,0.0,7.0482007777769695,0.0,0.0,0.0,0.0,CRR-STAGEII-CONFIRM-2026-07-22,21c5b970e734ed79636df2f3882d4d85460c5efa40b88e59b9b9a3f34a25c0ff,E2,E2-B0-R0-C1,202607222015,Corn,Soybean,MARGINAL_PRESSURE
7.048200777777822,0.0,0.0,7.048200777777822,0.0,0.0,0.0,0.0,CRR-STAGEII-CONFIRM-2026-07-22,21c5b970e734ed79636df2f3882d4d85460c5efa40b88e59b9b9a3f34a25c0ff,E2,E2-B0-R0-C1,202607222016,Corn,Soybean,MARGINAL_PRESSURE
7.0482007777777085,0.0,0.0,7.0482007777777085,0.0,0.0,0.0,0.0,CRR-STAGEII-CONFIRM-2026-07-22,21c5b970e734ed79636df2f3882d4d85460c5efa40b88e59b9b9a3f34a25c0ff,E2,E2-B0-R1-C0,202607222001,Corn,Soybean,MARGINAL_PRESSURE
7.0482007777777085,0.0,0.0,7.0482007777777085,0.0,0.0,0.0,0.0,CRR-STAGEII-CONFIRM-2026-07-22,21c5b970e734ed79636df2f3882d4d85460c5efa40b88e59b9b9a3f34a25c0ff,E2,E2-B0-R1-C0,202607222002,Corn,Soybean,MARGINAL_PRESSURE
7.0482007777769695,0.0,0.0,7.0482007777769695,0.0,0.0,0.0,0.0,CRR-STAGEII-CONFIRM-2026-07-22,21c5b970e734ed79636df2f3882d4d85460c5efa40b88e59b9b9a3f34a25c0ff,E2,E2-B0-R1-C0,202607222003,Corn,Soybean,MARGINAL_PRESSURE
7.048200777777822,0.0,0.0,7.048200777777822,0.0,0.0,0.0,0.0,CRR-STAGEII-CONFIRM-2026-07-22,21c5b970e734ed79636df2f3882d4d85460c5efa40b88e59b9b9a3f34a25c0ff,E2,E2-B0-R1-C0,202607222004,Corn,Soybean,MARGINAL_PRESSURE
7.048200777777595,0.0,0.0,7.048200777777595,0.0,0.0,0.0,0.0,CRR-STAGEII-CONFIRM-2026-07-22,21c5b970e734ed79636df2f3882d4d85460c5efa40b88e59b9b9a3f34a25c0ff,E2,E2-B0-R1-C0,202607222005,Corn,Soybean,MARGINAL_PRESSURE
7.0482007777766285,0.0,0.0,7.0482007777766285,0.0,0.0,0.0,0.0,CRR-STAGEII-CONFIRM-2026-07-22,21c5b970e734ed79636df2f3882d4d85460c5efa40b88e59b9b9a3f34a25c0ff,E2,E2-B0-R1-C0,202607222006,Corn,Soybean,MARGINAL_PRESSURE
7.048200777777765,0.0,0.0,7.048200777777765,0.0,0.0,0.0,0.0,CRR-STAGEII-CONFIRM-2026-07-22,21c5b970e734ed79636df2f3882d4d85460c5efa40b88e59b9b9a3f34a25c0ff,E2,E2-B0-R1-C0,202607222007,Corn,Soybean,MARGINAL_PRESSURE
7.048200777777311,0.0,0.0,7.048200777777311,0.0,0.0,0.0,0.0,CRR-STAGEII-CONFIRM-2026-07-22,21c5b970e734ed79636df2f3882d4d85460c5efa40b88e59b9b9a3f34a25c0ff,E2,E2-B0-R1-C0,202607222008,Corn,Soybean,MARGINAL_PRESSURE
7.048200777776515,0.0,0.0,7.048200777776515,0.0,0.0,0.0,0.0,CRR-STAGEII-CONFIRM-2026-07-22,21c5b970e734ed79636df2f3882d4d85460c5efa40b88e59b9b9a3f34a25c0ff,E2,E2-B0-R1-C0,202607222009,Corn,Soybean,MARGINAL_PRESSURE
7.048200777776799,0.0,0.0,7.048200777776799,0.0,0.0,0.0,0.0,CRR-STAGEII-CONFIRM-2026-07-22,21c5b970e734ed79636df2f3882d4d85460c5efa40b88e59b9b9a3f34a25c0ff,E2,E2-B0-R1-C0,202607222010,Corn,Soybean,MARGINAL_PRESSURE
7.048200777778675,0.0,0.0,7.048200777778675,0.0,0.0,0.0,0.0,CRR-STAGEII-CONFIRM-2026-07-22,21c5b970e734ed79636df2f3882d4d85460c5efa40b88e59b9b9a3f34a25c0ff,E2,E2-B0-R1-C0,202607222011,Corn,Soybean,MARGINAL_PRESSURE
7.04820077777822,0.0,0.0,7.04820077777822,0.0,0.0,0.0,0.0,CRR-STAGEII-CONFIRM-2026-07-22,21c5b970e734ed79636df2f3882d4d85460c5efa40b88e59b9b9a3f34a25c0ff,E2,E2-B0-R1-C0,202607222012,Corn,Soybean,MARGINAL_PRESSURE
7.048200777778391,0.0,0.0,7.048200777778391,0.0,0.0,0.0,0.0,CRR-STAGEII-CONFIRM-2026-07-22,21c5b970e734ed79636df2f3882d4d85460c5efa40b88e59b9b9a3f34a25c0ff,E2,E2-B0-R1-C0,202607222013,Corn,Soybean,MARGINAL_PRESSURE
7.048200777778391,0.0,0.0,7.048200777778391,0.0,0.0,0.0,0.0,CRR-STAGEII-CONFIRM-2026-07-22,21c5b970e734ed79636df2f3882d4d85460c5efa40b88e59b9b9a3f34a25c0ff,E2,E2-B0-R1-C0,202607222014,Corn,Soybean,MARGINAL_PRESSURE
7.0482007777769695,0.0,0.0,7.0482007777769695,0.0,0.0,0.0,0.0,CRR-STAGEII-CONFIRM-2026-07-22,21c5b970e734ed79636df2f3882d4d85460c5efa40b88e59b9b9a3f34a25c0ff,E2,E2-B0-R1-C0,202607222015,Corn,Soybean,MARGINAL_PRESSURE
7.048200777777822,0.0,0.0,7.048200777777822,0.0,0.0,0.0,0.0,CRR-STAGEII-CONFIRM-2026-07-22,21c5b970e734ed79636df2f3882d4d85460c5efa40b88e59b9b9a3f34a25c0ff,E2,E2-B0-R1-C0,202607222016,Corn,Soybean,MARGINAL_PRESSURE
7.0482007777777085,0.0,0.0,7.0482007777777085,0.0,0.0,0.0,0.0,CRR-STAGEII-CONFIRM-2026-07-22,21c5b970e734ed79636df2f3882d4d85460c5efa40b88e59b9b9a3f34a25c0ff,E2,E2-B0-R1-C1,202607222001,Corn,Soybean,DIRECT_FORCING
7.0482007777777085,0.0,0.0,7.0482007777777085,0.0,0.0,0.0,0.0,CRR-STAGEII-CONFIRM-2026-07-22,21c5b970e734ed79636df2f3882d4d85460c5efa40b88e59b9b9a3f34a25c0ff,E2,E2-B0-R1-C1,202607222002,Corn,Soybean,DIRECT_FORCING
7.0482007777769695,0.0,0.0,7.0482007777769695,0.0,0.0,0.0,0.0,CRR-STAGEII-CONFIRM-2026-07-22,21c5b970e734ed79636df2f3882d4d85460c5efa40b88e59b9b9a3f34a25c0ff,E2,E2-B0-R1-C1,202607222003,Corn,Soybean,DIRECT_FORCING
7.048200777777822,0.0,0.0,7.048200777777822,0.0,0.0,0.0,0.0,CRR-STAGEII-CONFIRM-2026-07-22,21c5b970e734ed79636df2f3882d4d85460c5efa40b88e59b9b9a3f34a25c0ff,E2,E2-B0-R1-C1,202607222004,Corn,Soybean,DIRECT_FORCING
7.048200777777595,0.0,0.0,7.048200777777595,0.0,0.0,0.0,0.0,CRR-STAGEII-CONFIRM-2026-07-22,21c5b970e734ed79636df2f3882d4d85460c5efa40b88e59b9b9a3f34a25c0ff,E2,E2-B0-R1-C1,202607222005,Corn,Soybean,DIRECT_FORCING
7.0482007777766285,0.0,0.0,7.0482007777766285,0.0,0.0,0.0,0.0,CRR-STAGEII-CONFIRM-2026-07-22,21c5b970e734ed79636df2f3882d4d85460c5efa40b88e59b9b9a3f34a25c0ff,E2,E2-B0-R1-C1,202607222006,Corn,Soybean,DIRECT_FORCING
7.048200777777765,0.0,0.0,7.048200777777765,0.0,0.0,0.0,0.0,CRR-STAGEII-CONFIRM-2026-07-22,21c5b970e734ed79636df2f3882d4d85460c5efa40b88e59b9b9a3f34a25c0ff,E2,E2-B0-R1-C1,202607222007,Corn,Soybean,DIRECT_FORCING
7.048200777777311,0.0,0.0,7.048200777777311,0.0,0.0,0.0,0.0,CRR-STAGEII-CONFIRM-2026-07-22,21c5b970e734ed79636df2f3882d4d85460c5efa40b88e59b9b9a3f34a25c0ff,E2,E2-B0-R1-C1,202607222008,Corn,Soybean,DIRECT_FORCING
7.048200777776515,0.0,0.0,7.048200777776515,0.0,0.0,0.0,0.0,CRR-STAGEII-CONFIRM-2026-07-22,21c5b970e734ed79636df2f3882d4d85460c5efa40b88e59b9b9a3f34a25c0ff,E2,E2-B0-R1-C1,202607222009,Corn,Soybean,DIRECT_FORCING
7.048200777776799,0.0,0.0,7.048200777776799,0.0,0.0,0.0,0.0,CRR-STAGEII-CONFIRM-2026-07-22,21c5b970e734ed79636df2f3882d4d85460c5efa40b88e59b9b9a3f34a25c0ff,E2,E2-B0-R1-C1,202607222010,Corn,Soybean,DIRECT_FORCING
7.048200777778675,0.0,0.0,7.048200777778675,0.0,0.0,0.0,0.0,CRR-STAGEII-CONFIRM-2026-07-22,21c5b970e734ed79636df2f3882d4d85460c5efa40b88e59b9b9a3f34a25c0ff,E2,E2-B0-R1-C1,202607222011,Corn,Soybean,DIRECT_FORCING
7.04820077777822,0.0,0.0,7.04820077777822,0.0,0.0,0.0,0.0,CRR-STAGEII-CONFIRM-2026-07-22,21c5b970e734ed79636df2f3882d4d85460c5efa40b88e59b9b9a3f34a25c0ff,E2,E2-B0-R1-C1,202607222012,Corn,Soybean,DIRECT_FORCING
7.048200777778391,0.0,0.0,7.048200777778391,0.0,0.0,0.0,0.0,CRR-STAGEII-CONFIRM-2026-07-22,21c5b970e734ed79636df2f3882d4d85460c5efa40b88e59b9b9a3f34a25c0ff,E2,E2-B0-R1-C1,202607222013,Corn,Soybean,DIRECT_FORCING
7.048200777778391,0.0,0.0,7.048200777778391,0.0,0.0,0.0,0.0,CRR-STAGEII-CONFIRM-2026-07-22,21c5b970e734ed79636df2f3882d4d85460c5efa40b88e59b9b9a3f34a25c0ff,E2,E2-B0-R1-C1,202607222014,Corn,Soybean,DIRECT_FORCING
7.0482007777769695,0.0,0.0,7.0482007777769695,0.0,0.0,0.0,0.0,CRR-STAGEII-CONFIRM-2026-07-22,21c5b970e734ed79636df2f3882d4d85460c5efa40b88e59b9b9a3f34a25c0ff,E2,E2-B0-R1-C1,202607222015,Corn,Soybean,DIRECT_FORCING
7.048200777777822,0.0,0.0,7.048200777777822,0.0,0.0,0.0,0.0,CRR-STAGEII-CONFIRM-2026-07-22,21c5b970e734ed79636df2f3882d4d85460c5efa40b88e59b9b9a3f34a25c0ff,E2,E2-B0-R1-C1,202607222016,Corn,Soybean,DIRECT_FORCING
7.0482007777777085,0.0,7.048200777777596,0.0,0.0,1.127986593019159e-13,0.0,0.036882264666549425,CRR-STAGEII-CONFIRM-2026-07-22,21c5b970e734ed79636df2f3882d4d85460c5efa40b88e59b9b9a3f34a25c0ff,E2,E2-B1-R0-C0,202607222001,Corn,Soybean,MARGINAL_PRESSURE
7.0482007777777085,0.0,7.048200777777511,0.0,0.0,1.971756091734278e-13,0.0,0.03688226466654898,CRR-STAGEII-CONFIRM-2026-07-22,21c5b970e734ed79636df2f3882d4d85460c5efa40b88e59b9b9a3f34a25c0ff,E2,E2-B1-R0-C0,202607222002,Corn,Soybean,MARGINAL_PRESSURE
7.0482007777769695,0.0,7.048200777776832,0.0,0.0,1.376676550535194e-13,0.0,0.03688226466654543,CRR-STAGEII-CONFIRM-2026-07-22,21c5b970e734ed79636df2f3882d4d85460c5efa40b88e59b9b9a3f34a25c0ff,E2,E2-B1-R0-C0,202607222003,Corn,Soybean,MARGINAL_PRESSURE
7.048200777777822,0.0,7.048200777777681,0.0,0.0,1.412203687323199e-13,0.0,0.03688226466654987,CRR-STAGEII-CONFIRM-2026-07-22,21c5b970e734ed79636df2f3882d4d85460c5efa40b88e59b9b9a3f34a25c0ff,E2,E2-B1-R0-C0,202607222004,Corn,Soybean,MARGINAL_PRESSURE
7.048200777777595,0.0,7.048200777777511,0.0,0.0,8.348877145181177e-14,0.0,0.03688226466654898,CRR-STAGEII-CONFIRM-2026-07-22,21c5b970e734ed79636df2f3882d4d85460c5efa40b88e59b9b9a3f34a25c0ff,E2,E2-B1-R0-C0,202607222005,Corn,Soybean,MARGINAL_PRESSURE
7.0482007777766285,0.0,7.048200777776408,0.0,0.0,2.2026824808563106e-13,0.0,0.03688226466654321,CRR-STAGEII-CONFIRM-2026-07-22,21c5b970e734ed79636df2f3882d4d85460c5efa40b88e59b9b9a3f34a25c0ff,E2,E2-B1-R0-C0,202607222006,Corn,Soybean,MARGINAL_PRESSURE
7.048200777777765,0.0,7.048200777777596,0.0,0.0,1.6964207816272392e-13,0.0,0.036882264666549425,CRR-STAGEII-CONFIRM-2026-07-22,21c5b970e734ed79636df2f3882d4d85460c5efa40b88e59b9b9a3f34a25c0ff,E2,E2-B1-R0-C0,202607222007,Corn,Soybean,MARGINAL_PRESSURE
7.048200777777311,0.0,7.048200777777256,0.0,0.0,5.417888360170764e-14,0.0,0.03688226466654765,CRR-STAGEII-CONFIRM-2026-07-22,21c5b970e734ed79636df2f3882d4d85460c5efa40b88e59b9b9a3f34a25c0ff,E2,E2-B1-R0-C0,202607222008,Corn,Soybean,MARGINAL_PRESSURE
7.048200777776515,0.0,7.048200777776323,0.0,0.0,1.9184653865522705e-13,0.0,0.03688226466654276,CRR-STAGEII-CONFIRM-2026-07-22,21c5b970e734ed79636df2f3882d4d85460c5efa40b88e59b9b9a3f34a25c0ff,E2,E2-B1-R0-C0,202607222009,Corn,Soybean,MARGINAL_PRESSURE
7.048200777776799,0.0,7.048200777776662,0.0,0.0,1.3677947663381929e-13,0.0,0.03688226466654454,CRR-STAGEII-CONFIRM-2026-07-22,21c5b970e734ed79636df2f3882d4d85460c5efa40b88e59b9b9a3f34a25c0ff,E2,E2-B1-R0-C0,202607222010,Corn,Soybean,MARGINAL_PRESSURE
7.048200777778675,0.0,7.048200777778614,0.0,0.0,6.039613253960852e-14,0.0,0.036882264666554754,CRR-STAGEII-CONFIRM-2026-07-22,21c5b970e734ed79636df2f3882d4d85460c5efa40b88e59b9b9a3f34a25c0ff,E2,E2-B1-R0-C0,202607222011,Corn,Soybean,MARGINAL_PRESSURE
7.04820077777822,0.0,7.04820077777819,0.0,0.0,3.019806626980426e-14,0.0,0.03688226466655253,CRR-STAGEII-CONFIRM-2026-07-22,21c5b970e734ed79636df2f3882d4d85460c5efa40b88e59b9b9a3f34a25c0ff,E2,E2-B1-R0-C0,202607222012,Corn,Soybean,MARGINAL_PRESSURE
7.048200777778391,0.0,7.0482007777783595,0.0,0.0,3.108624468950438e-14,0.0,0.03688226466655342,CRR-STAGEII-CONFIRM-2026-07-22,21c5b970e734ed79636df2f3882d4d85460c5efa40b88e59b9b9a3f34a25c0ff,E2,E2-B1-R0-C0,202607222013,Corn,Soybean,MARGINAL_PRESSURE
7.048200777778391,0.0,7.048200777778275,0.0,0.0,1.1546319456101628e-13,0.0,0.03688226466655298,CRR-STAGEII-CONFIRM-2026-07-22,21c5b970e734ed79636df2f3882d4d85460c5efa40b88e59b9b9a3f34a25c0ff,E2,E2-B1-R0-C0,202607222014,Corn,Soybean,MARGINAL_PRESSURE
7.0482007777769695,0.0,7.048200777776832,0.0,0.0,1.376676550535194e-13,0.0,0.03688226466654543,CRR-STAGEII-CONFIRM-2026-07-22,21c5b970e734ed79636df2f3882d4d85460c5efa40b88e59b9b9a3f34a25c0ff,E2,E2-B1-R0-C0,202607222015,Corn,Soybean,MARGINAL_PRESSURE
7.048200777777822,0.0,7.048200777777765,0.0,0.0,5.684341886080802e-14,0.0,0.03688226466655031,CRR-STAGEII-CONFIRM-2026-07-22,21c5b970e734ed79636df2f3882d4d85460c5efa40b88e59b9b9a3f34a25c0ff,E2,E2-B1-R0-C0,202607222016,Corn,Soybean,MARGINAL_PRESSURE
7.0482007777777085,0.0,7.0482007777777085,0.0,0.0,0.0,0.0,0.036882264666550015,CRR-STAGEII-CONFIRM-2026-07-22,21c5b970e734ed79636df2f3882d4d85460c5efa40b88e59b9b9a3f34a25c0ff,E2,E2-B1-R0-C1,202607222001,Corn,Soybean,MARGINAL_PRESSURE
7.0482007777777085,0.0,7.0482007777777085,0.0,0.0,0.0,0.0,0.036882264666550015,CRR-STAGEII-CONFIRM-2026-07-22,21c5b970e734ed79636df2f3882d4d85460c5efa40b88e59b9b9a3f34a25c0ff,E2,E2-B1-R0-C1,202607222002,Corn,Soybean,MARGINAL_PRESSURE
7.0482007777769695,0.0,7.04820077777697,0.0,0.0,-8.881784197001252e-16,0.0,0.03688226466654615,CRR-STAGEII-CONFIRM-2026-07-22,21c5b970e734ed79636df2f3882d4d85460c5efa40b88e59b9b9a3f34a25c0ff,E2,E2-B1-R0-C1,202607222003,Corn,Soybean,MARGINAL_PRESSURE
7.048200777777822,0.0,7.048200777777823,0.0,0.0,-8.881784197001252e-16,0.0,0.03688226466655061,CRR-STAGEII-CONFIRM-2026-07-22,21c5b970e734ed79636df2f3882d4d85460c5efa40b88e59b9b9a3f34a25c0ff,E2,E2-B1-R0-C1,202607222004,Corn,Soybean,MARGINAL_PRESSURE
7.048200777777595,0.0,7.048200777777595,0.0,0.0,0.0,0.0,0.03688226466654942,CRR-STAGEII-CONFIRM-2026-07-22,21c5b970e734ed79636df2f3882d4d85460c5efa40b88e59b9b9a3f34a25c0ff,E2,E2-B1-R0-C1,202607222005,Corn,Soybean,MARGINAL_PRESSURE
7.0482007777766285,0.0,7.048200777776628,0.0,0.0,8.881784197001252e-16,0.0,0.03688226466654436,CRR-STAGEII-CONFIRM-2026-07-22,21c5b970e734ed79636df2f3882d4d85460c5efa40b88e59b9b9a3f34a25c0ff,E2,E2-B1-R0-C1,202607222006,Corn,Soybean,MARGINAL_PRESSURE
7.048200777777765,0.0,7.048200777777765,0.0,0.0,0.0,0.0,0.03688226466655031,CRR-STAGEII-CONFIRM-2026-07-22,21c5b970e734ed79636df2f3882d4d85460c5efa40b88e59b9b9a3f34a25c0ff,E2,E2-B1-R0-C1,202607222007,Corn,Soybean,MARGINAL_PRESSURE
7.048200777777311,0.0,7.048200777777311,0.0,0.0,0.0,0.0,0.03688226466654793,CRR-STAGEII-CONFIRM-2026-07-22,21c5b970e734ed79636df2f3882d4d85460c5efa40b88e59b9b9a3f34a25c0ff,E2,E2-B1-R0-C1,202607222008,Corn,Soybean,MARGINAL_PRESSURE
7.048200777776515,0.0,7.048200777776515,0.0,0.0,0.0,0.0,0.03688226466654377,CRR-STAGEII-CONFIRM-2026-07-22,21c5b970e734ed79636df2f3882d4d85460c5efa40b88e59b9b9a3f34a25c0ff,E2,E2-B1-R0-C1,202607222009,Corn,Soybean,MARGINAL_PRESSURE
7.048200777776799,0.0,7.048200777776799,0.0,0.0,0.0,0.0,0.036882264666545254,CRR-STAGEII-CONFIRM-2026-07-22,21c5b970e734ed79636df2f3882d4d85460c5efa40b88e59b9b9a3f34a25c0ff,E2,E2-B1-R0-C1,202607222010,Corn,Soybean,MARGINAL_PRESSURE
7.048200777778675,0.0,7.048200777778676,0.0,0.0,-8.881784197001252e-16,0.0,0.03688226466655507,CRR-STAGEII-CONFIRM-2026-07-22,21c5b970e734ed79636df2f3882d4d85460c5efa40b88e59b9b9a3f34a25c0ff,E2,E2-B1-R0-C1,202607222011,Corn,Soybean,MARGINAL_PRESSURE
7.04820077777822,0.0,7.04820077777822,0.0,0.0,0.0,0.0,0.03688226466655269,CRR-STAGEII-CONFIRM-2026-07-22,21c5b970e734ed79636df2f3882d4d85460c5efa40b88e59b9b9a3f34a25c0ff,E2,E2-B1-R0-C1,202607222012,Corn,Soybean,MARGINAL_PRESSURE
7.048200777778391,0.0,7.048200777778391,0.0,0.0,0.0,0.0,0.03688226466655358,CRR-STAGEII-CONFIRM-2026-07-22,21c5b970e734ed79636df2f3882d4d85460c5efa40b88e59b9b9a3f34a25c0ff,E2,E2-B1-R0-C1,202607222013,Corn,Soybean,MARGINAL_PRESSURE
7.048200777778391,0.0,7.048200777778391,0.0,0.0,0.0,0.0,0.03688226466655358,CRR-STAGEII-CONFIRM-2026-07-22,21c5b970e734ed79636df2f3882d4d85460c5efa40b88e59b9b9a3f34a25c0ff,E2,E2-B1-R0-C1,202607222014,Corn,Soybean,MARGINAL_PRESSURE
7.0482007777769695,0.0,7.04820077777697,0.0,0.0,-8.881784197001252e-16,0.0,0.03688226466654615,CRR-STAGEII-CONFIRM-2026-07-22,21c5b970e734ed79636df2f3882d4d85460c5efa40b88e59b9b9a3f34a25c0ff,E2,E2-B1-R0-C1,202607222015,Corn,Soybean,MARGINAL_PRESSURE
7.048200777777822,0.0,7.048200777777823,0.0,0.0,-8.881784197001252e-16,0.0,0.03688226466655061,CRR-STAGEII-CONFIRM-2026-07-22,21c5b970e734ed79636df2f3882d4d85460c5efa40b88e59b9b9a3f34a25c0ff,E2,E2-B1-R0-C1,202607222016,Corn,Soybean,MARGINAL_PRESSURE
7.0482007777777085,0.0,7.0482007777777085,0.0,0.0,0.0,0.0,0.036882264666550015,CRR-STAGEII-CONFIRM-2026-07-22,21c5b970e734ed79636df2f3882d4d85460c5efa40b88e59b9b9a3f34a25c0ff,E2,E2-B1-R1-C0,202607222001,Corn,Soybean,MARGINAL_PRESSURE
7.0482007777777085,0.0,7.0482007777777085,0.0,0.0,0.0,0.0,0.036882264666550015,CRR-STAGEII-CONFIRM-2026-07-22,21c5b970e734ed79636df2f3882d4d85460c5efa40b88e59b9b9a3f34a25c0ff,E2,E2-B1-R1-C0,202607222002,Corn,Soybean,MARGINAL_PRESSURE
7.0482007777769695,0.0,7.04820077777697,0.0,0.0,-8.881784197001252e-16,0.0,0.03688226466654615,CRR-STAGEII-CONFIRM-2026-07-22,21c5b970e734ed79636df2f3882d4d85460c5efa40b88e59b9b9a3f34a25c0ff,E2,E2-B1-R1-C0,202607222003,Corn,Soybean,MARGINAL_PRESSURE
7.048200777777822,0.0,7.048200777777823,0.0,0.0,-8.881784197001252e-16,0.0,0.03688226466655061,CRR-STAGEII-CONFIRM-2026-07-22,21c5b970e734ed79636df2f3882d4d85460c5efa40b88e59b9b9a3f34a25c0ff,E2,E2-B1-R1-C0,202607222004,Corn,Soybean,MARGINAL_PRESSURE
7.048200777777595,0.0,7.048200777777595,0.0,0.0,0.0,0.0,0.03688226466654942,CRR-STAGEII-CONFIRM-2026-07-22,21c5b970e734ed79636df2f3882d4d85460c5efa40b88e59b9b9a3f34a25c0ff,E2,E2-B1-R1-C0,202607222005,Corn,Soybean,MARGINAL_PRESSURE
7.0482007777766285,0.0,7.048200777776628,0.0,0.0,8.881784197001252e-16,0.0,0.03688226466654436,CRR-STAGEII-CONFIRM-2026-07-22,21c5b970e734ed79636df2f3882d4d85460c5efa40b88e59b9b9a3f34a25c0ff,E2,E2-B1-R1-C0,202607222006,Corn,Soybean,MARGINAL_PRESSURE
7.048200777777765,0.0,7.048200777777765,0.0,0.0,0.0,0.0,0.03688226466655031,CRR-STAGEII-CONFIRM-2026-07-22,21c5b970e734ed79636df2f3882d4d85460c5efa40b88e59b9b9a3f34a25c0ff,E2,E2-B1-R1-C0,202607222007,Corn,Soybean,MARGINAL_PRESSURE
7.048200777777311,0.0,7.048200777777311,0.0,0.0,0.0,0.0,0.03688226466654793,CRR-STAGEII-CONFIRM-2026-07-22,21c5b970e734ed79636df2f3882d4d85460c5efa40b88e59b9b9a3f34a25c0ff,E2,E2-B1-R1-C0,202607222008,Corn,Soybean,MARGINAL_PRESSURE
7.048200777776515,0.0,7.048200777776515,0.0,0.0,0.0,0.0,0.03688226466654377,CRR-STAGEII-CONFIRM-2026-07-22,21c5b970e734ed79636df2f3882d4d85460c5efa40b88e59b9b9a3f34a25c0ff,E2,E2-B1-R1-C0,202607222009,Corn,Soybean,MARGINAL_PRESSURE
7.048200777776799,0.0,7.048200777776799,0.0,0.0,0.0,0.0,0.036882264666545254,CRR-STAGEII-CONFIRM-2026-07-22,21c5b970e734ed79636df2f3882d4d85460c5efa40b88e59b9b9a3f34a25c0ff,E2,E2-B1-R1-C0,202607222010,Corn,Soybean,MARGINAL_PRESSURE
7.048200777778675,0.0,7.048200777778676,0.0,0.0,-8.881784197001252e-16,0.0,0.03688226466655507,CRR-STAGEII-CONFIRM-2026-07-22,21c5b970e734ed79636df2f3882d4d85460c5efa40b88e59b9b9a3f34a25c0ff,E2,E2-B1-R1-C0,202607222011,Corn,Soybean,MARGINAL_PRESSURE
7.04820077777822,0.0,7.04820077777822,0.0,0.0,0.0,0.0,0.03688226466655269,CRR-STAGEII-CONFIRM-2026-07-22,21c5b970e734ed79636df2f3882d4d85460c5efa40b88e59b9b9a3f34a25c0ff,E2,E2-B1-R1-C0,202607222012,Corn,Soybean,MARGINAL_PRESSURE
7.048200777778391,0.0,7.048200777778391,0.0,0.0,0.0,0.0,0.03688226466655358,CRR-STAGEII-CONFIRM-2026-07-22,21c5b970e734ed79636df2f3882d4d85460c5efa40b88e59b9b9a3f34a25c0ff,E2,E2-B1-R1-C0,202607222013,Corn,Soybean,MARGINAL_PRESSURE
7.048200777778391,0.0,7.048200777778391,0.0,0.0,0.0,0.0,0.03688226466655358,CRR-STAGEII-CONFIRM-2026-07-22,21c5b970e734ed79636df2f3882d4d85460c5efa40b88e59b9b9a3f34a25c0ff,E2,E2-B1-R1-C0,202607222014,Corn,Soybean,MARGINAL_PRESSURE
7.0482007777769695,0.0,7.04820077777697,0.0,0.0,-8.881784197001252e-16,0.0,0.03688226466654615,CRR-STAGEII-CONFIRM-2026-07-22,21c5b970e734ed79636df2f3882d4d85460c5efa40b88e59b9b9a3f34a25c0ff,E2,E2-B1-R1-C0,202607222015,Corn,Soybean,MARGINAL_PRESSURE
7.048200777777822,0.0,7.048200777777823,0.0,0.0,-8.881784197001252e-16,0.0,0.03688226466655061,CRR-STAGEII-CONFIRM-2026-07-22,21c5b970e734ed79636df2f3882d4d85460c5efa40b88e59b9b9a3f34a25c0ff,E2,E2-B1-R1-C0,202607222016,Corn,Soybean,MARGINAL_PRESSURE
7.0482007777777085,0.0,7.0482007777777085,0.0,0.0,0.0,0.0,0.036882264666550015,CRR-STAGEII-CONFIRM-2026-07-22,21c5b970e734ed79636df2f3882d4d85460c5efa40b88e59b9b9a3f34a25c0ff,E2,E2-B1-R1-C1,202607222001,Corn,Soybean,DIRECT_FORCING
7.0482007777777085,0.0,7.0482007777777085,0.0,0.0,0.0,0.0,0.036882264666550015,CRR-STAGEII-CONFIRM-2026-07-22,21c5b970e734ed79636df2f3882d4d85460c5efa40b88e59b9b9a3f34a25c0ff,E2,E2-B1-R1-C1,202607222002,Corn,Soybean,DIRECT_FORCING
7.0482007777769695,0.0,7.04820077777697,0.0,0.0,-8.881784197001252e-16,0.0,0.03688226466654615,CRR-STAGEII-CONFIRM-2026-07-22,21c5b970e734ed79636df2f3882d4d85460c5efa40b88e59b9b9a3f34a25c0ff,E2,E2-B1-R1-C1,202607222003,Corn,Soybean,DIRECT_FORCING
7.048200777777822,0.0,7.048200777777823,0.0,0.0,-8.881784197001252e-16,0.0,0.03688226466655061,CRR-STAGEII-CONFIRM-2026-07-22,21c5b970e734ed79636df2f3882d4d85460c5efa40b88e59b9b9a3f34a25c0ff,E2,E2-B1-R1-C1,202607222004,Corn,Soybean,DIRECT_FORCING
7.048200777777595,0.0,7.048200777777595,0.0,0.0,0.0,0.0,0.03688226466654942,CRR-STAGEII-CONFIRM-2026-07-22,21c5b970e734ed79636df2f3882d4d85460c5efa40b88e59b9b9a3f34a25c0ff,E2,E2-B1-R1-C1,202607222005,Corn,Soybean,DIRECT_FORCING
7.0482007777766285,0.0,7.048200777776628,0.0,0.0,8.881784197001252e-16,0.0,0.03688226466654436,CRR-STAGEII-CONFIRM-2026-07-22,21c5b970e734ed79636df2f3882d4d85460c5efa40b88e59b9b9a3f34a25c0ff,E2,E2-B1-R1-C1,202607222006,Corn,Soybean,DIRECT_FORCING
7.048200777777765,0.0,7.048200777777765,0.0,0.0,0.0,0.0,0.03688226466655031,CRR-STAGEII-CONFIRM-2026-07-22,21c5b970e734ed79636df2f3882d4d85460c5efa40b88e59b9b9a3f34a25c0ff,E2,E2-B1-R1-C1,202607222007,Corn,Soybean,DIRECT_FORCING
7.048200777777311,0.0,7.048200777777311,0.0,0.0,0.0,0.0,0.03688226466654793,CRR-STAGEII-CONFIRM-2026-07-22,21c5b970e734ed79636df2f3882d4d85460c5efa40b88e59b9b9a3f34a25c0ff,E2,E2-B1-R1-C1,202607222008,Corn,Soybean,DIRECT_FORCING
7.048200777776515,0.0,7.048200777776515,0.0,0.0,0.0,0.0,0.03688226466654377,CRR-STAGEII-CONFIRM-2026-07-22,21c5b970e734ed79636df2f3882d4d85460c5efa40b88e59b9b9a3f34a25c0ff,E2,E2-B1-R1-C1,202607222009,Corn,Soybean,DIRECT_FORCING
7.048200777776799,0.0,7.048200777776799,0.0,0.0,0.0,0.0,0.036882264666545254,CRR-STAGEII-CONFIRM-2026-07-22,21c5b970e734ed79636df2f3882d4d85460c5efa40b88e59b9b9a3f34a25c0ff,E2,E2-B1-R1-C1,202607222010,Corn,Soybean,DIRECT_FORCING
7.048200777778675,0.0,7.048200777778676,0.0,0.0,-8.881784197001252e-16,0.0,0.03688226466655507,CRR-STAGEII-CONFIRM-2026-07-22,21c5b970e734ed79636df2f3882d4d85460c5efa40b88e59b9b9a3f34a25c0ff,E2,E2-B1-R1-C1,202607222011,Corn,Soybean,DIRECT_FORCING
7.04820077777822,0.0,7.04820077777822,0.0,0.0,0.0,0.0,0.03688226466655269,CRR-STAGEII-CONFIRM-2026-07-22,21c5b970e734ed79636df2f3882d4d85460c5efa40b88e59b9b9a3f34a25c0ff,E2,E2-B1-R1-C1,202607222012,Corn,Soybean,DIRECT_FORCING
7.048200777778391,0.0,7.048200777778391,0.0,0.0,0.0,0.0,0.03688226466655358,CRR-STAGEII-CONFIRM-2026-07-22,21c5b970e734ed79636df2f3882d4d85460c5efa40b88e59b9b9a3f34a25c0ff,E2,E2-B1-R1-C1,202607222013,Corn,Soybean,DIRECT_FORCING
7.048200777778391,0.0,7.048200777778391,0.0,0.0,0.0,0.0,0.03688226466655358,CRR-STAGEII-CONFIRM-2026-07-22,21c5b970e734ed79636df2f3882d4d85460c5efa40b88e59b9b9a3f34a25c0ff,E2,E2-B1-R1-C1,202607222014,Corn,Soybean,DIRECT_FORCING
7.0482007777769695,0.0,7.04820077777697,0.0,0.0,-8.881784197001252e-16,0.0,0.03688226466654615,CRR-STAGEII-CONFIRM-2026-07-22,21c5b970e734ed79636df2f3882d4d85460c5efa40b88e59b9b9a3f34a25c0ff,E2,E2-B1-R1-C1,202607222015,Corn,Soybean,DIRECT_FORCING
7.048200777777822,0.0,7.048200777777823,0.0,0.0,-8.881784197001252e-16,0.0,0.03688226466655061,CRR-STAGEII-CONFIRM-2026-07-22,21c5b970e734ed79636df2f3882d4d85460c5efa40b88e59b9b9a3f34a25c0ff,E2,E2-B1-R1-C1,202607222016,Corn,Soybean,DIRECT_FORCING
7.0482007777777085,0.0,0.0,0.0,7.0482007777777085,0.0,0.0,0.0,CRR-STAGEII-CONFIRM-2026-07-22,21c5b970e734ed79636df2f3882d4d85460c5efa40b88e59b9b9a3f34a25c0ff,E2,E2-CORN-BOUND-ANCHOR,202607222001,Corn,Soybean,INACTIVE_IN_CELL
7.0482007777777085,0.0,0.0,0.0,7.0482007777777085,0.0,0.0,0.0,CRR-STAGEII-CONFIRM-2026-07-22,21c5b970e734ed79636df2f3882d4d85460c5efa40b88e59b9b9a3f34a25c0ff,E2,E2-CORN-BOUND-ANCHOR,202607222002,Corn,Soybean,INACTIVE_IN_CELL
7.0482007777769695,0.0,0.0,0.0,7.0482007777769695,0.0,0.0,0.0,CRR-STAGEII-CONFIRM-2026-07-22,21c5b970e734ed79636df2f3882d4d85460c5efa40b88e59b9b9a3f34a25c0ff,E2,E2-CORN-BOUND-ANCHOR,202607222003,Corn,Soybean,INACTIVE_IN_CELL
7.048200777777822,0.0,0.0,0.0,7.048200777777822,0.0,0.0,0.0,CRR-STAGEII-CONFIRM-2026-07-22,21c5b970e734ed79636df2f3882d4d85460c5efa40b88e59b9b9a3f34a25c0ff,E2,E2-CORN-BOUND-ANCHOR,202607222004,Corn,Soybean,INACTIVE_IN_CELL
7.048200777777595,0.0,0.0,0.0,7.048200777777595,0.0,0.0,0.0,CRR-STAGEII-CONFIRM-2026-07-22,21c5b970e734ed79636df2f3882d4d85460c5efa40b88e59b9b9a3f34a25c0ff,E2,E2-CORN-BOUND-ANCHOR,202607222005,Corn,Soybean,INACTIVE_IN_CELL
7.0482007777766285,0.0,0.0,0.0,7.0482007777766285,0.0,0.0,0.0,CRR-STAGEII-CONFIRM-2026-07-22,21c5b970e734ed79636df2f3882d4d85460c5efa40b88e59b9b9a3f34a25c0ff,E2,E2-CORN-BOUND-ANCHOR,202607222006,Corn,Soybean,INACTIVE_IN_CELL
7.048200777777765,0.0,0.0,0.0,7.048200777777765,0.0,0.0,0.0,CRR-STAGEII-CONFIRM-2026-07-22,21c5b970e734ed79636df2f3882d4d85460c5efa40b88e59b9b9a3f34a25c0ff,E2,E2-CORN-BOUND-ANCHOR,202607222007,Corn,Soybean,INACTIVE_IN_CELL
7.048200777777311,0.0,0.0,0.0,7.048200777777311,0.0,0.0,0.0,CRR-STAGEII-CONFIRM-2026-07-22,21c5b970e734ed79636df2f3882d4d85460c5efa40b88e59b9b9a3f34a25c0ff,E2,E2-CORN-BOUND-ANCHOR,202607222008,Corn,Soybean,INACTIVE_IN_CELL
7.048200777776515,0.0,0.0,0.0,7.048200777776515,0.0,0.0,0.0,CRR-STAGEII-CONFIRM-2026-07-22,21c5b970e734ed79636df2f3882d4d85460c5efa40b88e59b9b9a3f34a25c0ff,E2,E2-CORN-BOUND-ANCHOR,202607222009,Corn,Soybean,INACTIVE_IN_CELL
7.048200777776799,0.0,0.0,0.0,7.048200777776799,0.0,0.0,0.0,CRR-STAGEII-CONFIRM-2026-07-22,21c5b970e734ed79636df2f3882d4d85460c5efa40b88e59b9b9a3f34a25c0ff,E2,E2-CORN-BOUND-ANCHOR,202607222010,Corn,Soybean,INACTIVE_IN_CELL
7.048200777778675,0.0,0.0,0.0,7.048200777778675,0.0,0.0,0.0,CRR-STAGEII-CONFIRM-2026-07-22,21c5b970e734ed79636df2f3882d4d85460c5efa40b88e59b9b9a3f34a25c0ff,E2,E2-CORN-BOUND-ANCHOR,202607222011,Corn,Soybean,INACTIVE_IN_CELL
7.04820077777822,0.0,0.0,0.0,7.04820077777822,0.0,0.0,0.0,CRR-STAGEII-CONFIRM-2026-07-22,21c5b970e734ed79636df2f3882d4d85460c5efa40b88e59b9b9a3f34a25c0ff,E2,E2-CORN-BOUND-ANCHOR,202607222012,Corn,Soybean,INACTIVE_IN_CELL
7.048200777778391,0.0,0.0,0.0,7.048200777778391,0.0,0.0,0.0,CRR-STAGEII-CONFIRM-2026-07-22,21c5b970e734ed79636df2f3882d4d85460c5efa40b88e59b9b9a3f34a25c0ff,E2,E2-CORN-BOUND-ANCHOR,202607222013,Corn,Soybean,INACTIVE_IN_CELL
7.048200777778391,0.0,0.0,0.0,7.048200777778391,0.0,0.0,0.0,CRR-STAGEII-CONFIRM-2026-07-22,21c5b970e734ed79636df2f3882d4d85460c5efa40b88e59b9b9a3f34a25c0ff,E2,E2-CORN-BOUND-ANCHOR,202607222014,Corn,Soybean,INACTIVE_IN_CELL
7.0482007777769695,0.0,0.0,0.0,7.0482007777769695,0.0,0.0,0.0,CRR-STAGEII-CONFIRM-2026-07-22,21c5b970e734ed79636df2f3882d4d85460c5efa40b88e59b9b9a3f34a25c0ff,E2,E2-CORN-BOUND-ANCHOR,202607222015,Corn,Soybean,INACTIVE_IN_CELL
7.048200777777822,0.0,0.0,0.0,7.048200777777822,0.0,0.0,0.0,CRR-STAGEII-CONFIRM-2026-07-22,21c5b970e734ed79636df2f3882d4d85460c5efa40b88e59b9b9a3f34a25c0ff,E2,E2-CORN-BOUND-ANCHOR,202607222016,Corn,Soybean,INACTIVE_IN_CELL
0.7764502511187175,0.7764502511187167,0.0,0.0,0.0,7.771561172376096e-16,0.0041184185298139345,0.0,CRR-STAGEII-CONFIRM-2026-07-22,21c5b970e734ed79636df2f3882d4d85460c5efa40b88e59b9b9a3f34a25c0ff,E3,E3-A0.90-BINDING_MID,202607223001,Corn,Soybean,RISK_PRESSURE
5.6526061900403874,5.652606190040376,0.0,0.0,0.0,1.1546319456101628e-14,0.03269703402602145,0.0,CRR-STAGEII-CONFIRM-2026-07-22,21c5b970e734ed79636df2f3882d4d85460c5efa40b88e59b9b9a3f34a25c0ff,E3,E3-A0.90-BINDING_MID,202607223002,Corn,Soybean,RISK_PRESSURE
2.6190512131548758,2.619051213154868,0.0,0.0,0.0,7.549516567451064e-15,0.015017982751012831,0.0,CRR-STAGEII-CONFIRM-2026-07-22,21c5b970e734ed79636df2f3882d4d85460c5efa40b88e59b9b9a3f34a25c0ff,E3,E3-A0.90-BINDING_MID,202607223003,Corn,Soybean,RISK_PRESSURE
7.769541171982155,7.769541171982156,0.0,0.0,0.0,-8.881784197001252e-16,0.03662093060555026,0.0,CRR-STAGEII-CONFIRM-2026-07-22,21c5b970e734ed79636df2f3882d4d85460c5efa40b88e59b9b9a3f34a25c0ff,E3,E3-A0.90-BINDING_MID,202607223004,Corn,Soybean,RISK_PRESSURE
6.09904892338227,6.099048923382271,0.0,0.0,0.0,-8.881784197001252e-16,0.034805713526208704,0.0,CRR-STAGEII-CONFIRM-2026-07-22,21c5b970e734ed79636df2f3882d4d85460c5efa40b88e59b9b9a3f34a25c0ff,E3,E3-A0.90-BINDING_MID,202607223005,Corn,Soybean,RISK_PRESSURE
3.726347771660528,3.726347771660518,0.0,0.0,0.0,1.021405182655144e-14,0.020698050900705728,0.0,CRR-STAGEII-CONFIRM-2026-07-22,21c5b970e734ed79636df2f3882d4d85460c5efa40b88e59b9b9a3f34a25c0ff,E3,E3-A0.90-BINDING_MID,202607223006,Corn,Soybean,RISK_PRESSURE
-1.2473789702573868,-1.247378970257385,0.0,0.0,0.0,-1.7763568394002505e-15,0.0126225444561958,0.0,CRR-STAGEII-CONFIRM-2026-07-22,21c5b970e734ed79636df2f3882d4d85460c5efa40b88e59b9b9a3f34a25c0ff,E3,E3-A0.90-BINDING_MID,202607223007,Corn,Soybean,RISK_PRESSURE
2.869053772664529,2.8690537726645213,0.0,0.0,0.0,7.549516567451064e-15,0.01735189951514565,0.0,CRR-STAGEII-CONFIRM-2026-07-22,21c5b970e734ed79636df2f3882d4d85460c5efa40b88e59b9b9a3f34a25c0ff,E3,E3-A0.90-BINDING_MID,202607223008,Corn,Soybean,RISK_PRESSURE
9.034237767796242,9.034237767796244,0.0,0.0,0.0,-1.7763568394002505e-15,0.05811528802773335,0.0,CRR-STAGEII-CONFIRM-2026-07-22,21c5b970e734ed79636df2f3882d4d85460c5efa40b88e59b9b9a3f34a25c0ff,E3,E3-A0.90-BINDING_MID,202607223009,Corn,Soybean,RISK_PRESSURE
20.625820516011515,20.62582051601146,0.0,0.0,0.0,5.684341886080802e-14,0.15177528503344284,0.0,CRR-STAGEII-CONFIRM-2026-07-22,21c5b970e734ed79636df2f3882d4d85460c5efa40b88e59b9b9a3f34a25c0ff,E3,E3-A0.90-BINDING_MID,202607223010,Corn,Soybean,RISK_PRESSURE
5.532470496087399,5.532470496087391,0.0,0.0,0.0,7.993605777301127e-15,0.031135305723721026,0.0,CRR-STAGEII-CONFIRM-2026-07-22,21c5b970e734ed79636df2f3882d4d85460c5efa40b88e59b9b9a3f34a25c0ff,E3,E3-A0.90-BINDING_MID,202607223011,Corn,Soybean,RISK_PRESSURE
14.820609084131434,14.82060908413143,0.0,0.0,0.0,3.552713678800501e-15,0.08962324592360077,0.0,CRR-STAGEII-CONFIRM-2026-07-22,21c5b970e734ed79636df2f3882d4d85460c5efa40b88e59b9b9a3f34a25c0ff,E3,E3-A0.90-BINDING_MID,202607223012,Corn,Soybean,RISK_PRESSURE
-7.217210848530556,-7.21721084853054,0.0,0.0,0.0,-1.5987211554602254e-14,0.20946003539101943,0.0,CRR-STAGEII-CONFIRM-2026-07-22,21c5b970e734ed79636df2f3882d4d85460c5efa40b88e59b9b9a3f34a25c0ff,E3,E3-A0.90-BINDING_MID,202607223013,Corn,Soybean,RISK_PRESSURE
0.9827598437708502,0.9827598437708467,0.0,0.0,0.0,3.552713678800501e-15,0.006083054144896511,0.0,CRR-STAGEII-CONFIRM-2026-07-22,21c5b970e734ed79636df2f3882d4d85460c5efa40b88e59b9b9a3f34a25c0ff,E3,E3-A0.90-BINDING_MID,202607223014,Corn,Soybean,RISK_PRESSURE
-1.805258611980605,-1.80525861198061,0.0,0.0,0.0,4.884981308350689e-15,0.023600690810999126,0.0,CRR-STAGEII-CONFIRM-2026-07-22,21c5b970e734ed79636df2f3882d4d85460c5efa40b88e59b9b9a3f34a25c0ff,E3,E3-A0.90-BINDING_MID,202607223015,Corn,Soybean,RISK_PRESSURE
-6.436633843829497,-6.436633843829478,0.0,0.0,0.0,-1.9539925233402755e-14,0.19040922620350087,0.0,CRR-STAGEII-CONFIRM-2026-07-22,21c5b970e734ed79636df2f3882d4d85460c5efa40b88e59b9b9a3f34a25c0ff,E3,E3-A0.90-BINDING_MID,202607223016,Corn,Soybean,RISK_PRESSURE
-3.560399087223118,-3.5603990872231117,0.0,0.0,0.0,-6.217248937900877e-15,0.08790465963074763,0.0,CRR-STAGEII-CONFIRM-2026-07-22,21c5b970e734ed79636df2f3882d4d85460c5efa40b88e59b9b9a3f34a25c0ff,E3,E3-A0.90-BINDING_MID,202607223017,Corn,Soybean,RISK_PRESSURE
7.876091947737336,7.876091947737342,0.0,0.0,0.0,-5.329070518200751e-15,0.055220742891847426,0.0,CRR-STAGEII-CONFIRM-2026-07-22,21c5b970e734ed79636df2f3882d4d85460c5efa40b88e59b9b9a3f34a25c0ff,E3,E3-A0.90-BINDING_MID,202607223018,Corn,Soybean,RISK_PRESSURE
9.566517260429237,9.566517260429254,0.0,0.0,0.0,-1.7763568394002505e-14,0.04879030040442594,0.0,CRR-STAGEII-CONFIRM-2026-07-22,21c5b970e734ed79636df2f3882d4d85460c5efa40b88e59b9b9a3f34a25c0ff,E3,E3-A0.90-BINDING_MID,202607223019,Corn,Soybean,RISK_PRESSURE
-12.218414707629961,-12.218414707629949,0.0,0.0,0.0,-1.2434497875801753e-14,0.3337545521196582,0.0,CRR-STAGEII-CONFIRM-2026-07-22,21c5b970e734ed79636df2f3882d4d85460c5efa40b88e59b9b9a3f34a25c0ff,E3,E3-A0.90-BINDING_MID,202607223020,Corn,Soybean,RISK_PRESSURE
5.470240209130623,5.470240209130623,0.0,0.0,0.0,0.0,0.028263661377795988,0.0,CRR-STAGEII-CONFIRM-2026-07-22,21c5b970e734ed79636df2f3882d4d85460c5efa40b88e59b9b9a3f34a25c0ff,E3,E3-A0.90-BINDING_MID,202607223021,Corn,Soybean,RISK_PRESSURE
16.070209900352438,16.070209900352456,0.0,0.0,0.0,-1.7763568394002505e-14,0.11084956117826367,0.0,CRR-STAGEII-CONFIRM-2026-07-22,21c5b970e734ed79636df2f3882d4d85460c5efa40b88e59b9b9a3f34a25c0ff,E3,E3-A0.90-BINDING_MID,202607223022,Corn,Soybean,RISK_PRESSURE
26.613628509209946,26.613628509209992,0.0,0.0,0.0,-4.618527782440651e-14,0.1892647949939612,0.0,CRR-STAGEII-CONFIRM-2026-07-22,21c5b970e734ed79636df2f3882d4d85460c5efa40b88e59b9b9a3f34a25c0ff,E3,E3-A0.90-BINDING_MID,202607223023,Corn,Soybean,RISK_PRESSURE
0.9574569277015712,0.9574569277015705,0.0,0.0,0.0,6.661338147750939e-16,0.0071963149901259574,0.0,CRR-STAGEII-CONFIRM-2026-07-22,21c5b970e734ed79636df2f3882d4d85460c5efa40b88e59b9b9a3f34a25c0ff,E3,E3-A0.90-BINDING_MID,202607223024,Corn,Soybean,RISK_PRESSURE
15.035491577841299,15.035491577841315,0.0,0.0,0.0,-1.5987211554602254e-14,0.10062348681450486,0.0,CRR-STAGEII-CONFIRM-2026-07-22,21c5b970e734ed79636df2f3882d4d85460c5efa40b88e59b9b9a3f34a25c0ff,E3,E3-A0.90-BINDING_MID,202607223025,Corn,Soybean,RISK_PRESSURE
10.711405482688008,10.711405482688033,0.0,0.0,0.0,-2.4868995751603507e-14,0.06331474373702828,0.0,CRR-STAGEII-CONFIRM-2026-07-22,21c5b970e734ed79636df2f3882d4d85460c5efa40b88e59b9b9a3f34a25c0ff,E3,E3-A0.90-BINDING_MID,202607223026,Corn,Soybean,RISK_PRESSURE
11.304968835949126,11.304968835949147,0.0,0.0,0.0,-2.1316282072803006e-14,0.0720034465612542,0.0,CRR-STAGEII-CONFIRM-2026-07-22,21c5b970e734ed79636df2f3882d4d85460c5efa40b88e59b9b9a3f34a25c0ff,E3,E3-A0.90-BINDING_MID,202607223027,Corn,Soybean,RISK_PRESSURE
21.89148796016707,21.89148796016705,0.0,0.0,0.0,1.7763568394002505e-14,0.15786392587005388,0.0,CRR-STAGEII-CONFIRM-2026-07-22,21c5b970e734ed79636df2f3882d4d85460c5efa40b88e59b9b9a3f34a25c0ff,E3,E3-A0.90-BINDING_MID,202607223028,Corn,Soybean,RISK_PRESSURE
3.4562737372798438,3.4562737372798407,0.0,0.0,0.0,3.1086244689504383e-15,0.019644924708380262,0.0,CRR-STAGEII-CONFIRM-2026-07-22,21c5b970e734ed79636df2f3882d4d85460c5efa40b88e59b9b9a3f34a25c0ff,E3,E3-A0.90-BINDING_MID,202607223029,Corn,Soybean,RISK_PRESSURE
8.128285075812983,8.12828507581299,0.0,0.0,0.0,-7.105427357601002e-15,0.05986175762806907,0.0,CRR-STAGEII-CONFIRM-2026-07-22,21c5b970e734ed79636df2f3882d4d85460c5efa40b88e59b9b9a3f34a25c0ff,E3,E3-A0.90-BINDING_MID,202607223030,Corn,Soybean,RISK_PRESSURE
9.944996466964255,9.944996466964248,0.0,0.0,0.0,7.105427357601002e-15,0.06384249696374475,0.0,CRR-STAGEII-CONFIRM-2026-07-22,21c5b970e734ed79636df2f3882d4d85460c5efa40b88e59b9b9a3f34a25c0ff,E3,E3-A0.90-BINDING_MID,202607223031,Corn,Soybean,RISK_PRESSURE
2.1110260093967668,2.1110260093967637,0.0,0.0,0.0,3.1086244689504383e-15,0.01102187745998976,0.0,CRR-STAGEII-CONFIRM-2026-07-22,21c5b970e734ed79636df2f3882d4d85460c5efa40b88e59b9b9a3f34a25c0ff,E3,E3-A0.90-BINDING_MID,202607223032,Corn,Soybean,RISK_PRESSURE
-5.778453367240331,-5.778453367240327,0.0,0.0,0.0,-4.440892098500626e-15,0.11159348837572772,0.0,CRR-STAGEII-CONFIRM-2026-07-22,21c5b970e734ed79636df2f3882d4d85460c5efa40b88e59b9b9a3f34a25c0ff,E3,E3-A0.90-BINDING_MID,202607223033,Corn,Soybean,RISK_PRESSURE
4.440236514582182,4.440236514582184,0.0,0.0,0.0,-1.7763568394002505e-15,0.024631724133419748,0.0,CRR-STAGEII-CONFIRM-2026-07-22,21c5b970e734ed79636df2f3882d4d85460c5efa40b88e59b9b9a3f34a25c0ff,E3,E3-A0.90-BINDING_MID,202607223034,Corn,Soybean,RISK_PRESSURE
-5.2922084326686445,-5.292208432668637,0.0,0.0,0.0,-7.105427357601002e-15,0.05310591323150901,0.0,CRR-STAGEII-CONFIRM-2026-07-22,21c5b970e734ed79636df2f3882d4d85460c5efa40b88e59b9b9a3f34a25c0ff,E3,E3-A0.90-BINDING_MID,202607223035,Corn,Soybean,RISK_PRESSURE
11.714533808885335,11.714533808885342,0.0,0.0,0.0,-7.105427357601002e-15,0.07204882019206593,0.0,CRR-STAGEII-CONFIRM-2026-07-22,21c5b970e734ed79636df2f3882d4d85460c5efa40b88e59b9b9a3f34a25c0ff,E3,E3-A0.90-BINDING_MID,202607223036,Corn,Soybean,RISK_PRESSURE
6.929779855833772,6.929779855833796,0.0,0.0,0.0,-2.398081733190338e-14,0.03777971451444466,0.0,CRR-STAGEII-CONFIRM-2026-07-22,21c5b970e734ed79636df2f3882d4d85460c5efa40b88e59b9b9a3f34a25c0ff,E3,E3-A0.90-BINDING_MID,202607223037,Corn,Soybean,RISK_PRESSURE
5.792012999641997,5.792012999642009,0.0,0.0,0.0,-1.1546319456101628e-14,0.041882883233654813,0.0,CRR-STAGEII-CONFIRM-2026-07-22,21c5b970e734ed79636df2f3882d4d85460c5efa40b88e59b9b9a3f34a25c0ff,E3,E3-A0.90-BINDING_MID,202607223038,Corn,Soybean,RISK_PRESSURE
5.1240609146613,5.1240609146613005,0.0,0.0,0.0,-8.881784197001252e-16,0.028471066020425595,0.0,CRR-STAGEII-CONFIRM-2026-07-22,21c5b970e734ed79636df2f3882d4d85460c5efa40b88e59b9b9a3f34a25c0ff,E3,E3-A0.90-BINDING_MID,202607223039,Corn,Soybean,RISK_PRESSURE
0.4054302754120158,0.4054302754120155,0.0,0.0,0.0,3.3306690738754696e-16,0.002606607398097121,0.0,CRR-STAGEII-CONFIRM-2026-07-22,21c5b970e734ed79636df2f3882d4d85460c5efa40b88e59b9b9a3f34a25c0ff,E3,E3-A0.90-BINDING_MID,202607223040,Corn,Soybean,RISK_PRESSURE
6.9619694327463435,6.961969432746345,0.0,0.0,0.0,-1.7763568394002505e-15,0.039857264339007714,0.0,CRR-STAGEII-CONFIRM-2026-07-22,21c5b970e734ed79636df2f3882d4d85460c5efa40b88e59b9b9a3f34a25c0ff,E3,E3-A0.90-BINDING_MID,202607223041,Corn,Soybean,RISK_PRESSURE
16.839874435642116,16.83987443564219,0.0,0.0,0.0,-7.460698725481052e-14,0.10977771360177985,0.0,CRR-STAGEII-CONFIRM-2026-07-22,21c5b970e734ed79636df2f3882d4d85460c5efa40b88e59b9b9a3f34a25c0ff,E3,E3-A0.90-BINDING_MID,202607223042,Corn,Soybean,RISK_PRESSURE
10.293906596900797,10.293906596900777,0.0,0.0,0.0,1.9539925233402755e-14,0.05936807615722033,0.0,CRR-STAGEII-CONFIRM-2026-07-22,21c5b970e734ed79636df2f3882d4d85460c5efa40b88e59b9b9a3f34a25c0ff,E3,E3-A0.90-BINDING_MID,202607223043,Corn,Soybean,RISK_PRESSURE
22.19653990824156,22.196539908241583,0.0,0.0,0.0,-2.1316282072803006e-14,0.14524059405655915,0.0,CRR-STAGEII-CONFIRM-2026-07-22,21c5b970e734ed79636df2f3882d4d85460c5efa40b88e59b9b9a3f34a25c0ff,E3,E3-A0.90-BINDING_MID,202607223044,Corn,Soybean,RISK_PRESSURE
2.643025851404161,2.6430258514041602,0.0,0.0,0.0,8.881784197001252e-16,0.014329638154056794,0.0,CRR-STAGEII-CONFIRM-2026-07-22,21c5b970e734ed79636df2f3882d4d85460c5efa40b88e59b9b9a3f34a25c0ff,E3,E3-A0.90-BINDING_MID,202607223045,Corn,Soybean,RISK_PRESSURE
7.221393934822629,7.221393934822636,0.0,0.0,0.0,-7.105427357601002e-15,0.04138744829857931,0.0,CRR-STAGEII-CONFIRM-2026-07-22,21c5b970e734ed79636df2f3882d4d85460c5efa40b88e59b9b9a3f34a25c0ff,E3,E3-A0.90-BINDING_MID,202607223046,Corn,Soybean,RISK_PRESSURE
7.974812910253888,7.974812910253891,0.0,0.0,0.0,-2.6645352591003757e-15,0.047609214445311944,0.0,CRR-STAGEII-CONFIRM-2026-07-22,21c5b970e734ed79636df2f3882d4d85460c5efa40b88e59b9b9a3f34a25c0ff,E3,E3-A0.90-BINDING_MID,202607223047,Corn,Soybean,RISK_PRESSURE
15.383372959458598,15.383372959458631,0.0,0.0,0.0,-3.375077994860476e-14,0.10333185499106015,0.0,CRR-STAGEII-CONFIRM-2026-07-22,21c5b970e734ed79636df2f3882d4d85460c5efa40b88e59b9b9a3f34a25c0ff,E3,E3-A0.90-BINDING_MID,202607223048,Corn,Soybean,RISK_PRESSURE
5.420183413675147,5.420183413675147,0.0,0.0,0.0,0.0,0.029156492362189375,0.0,CRR-STAGEII-CONFIRM-2026-07-22,21c5b970e734ed79636df2f3882d4d85460c5efa40b88e59b9b9a3f34a25c0ff,E3,E3-A0.90-BINDING_MID,202607223049,Corn,Soybean,RISK_PRESSURE
0.8592758435601127,0.8592758435601136,0.0,0.0,0.0,-8.881784197001252e-16,0.0053445562507841325,0.0,CRR-STAGEII-CONFIRM-2026-07-22,21c5b970e734ed79636df2f3882d4d85460c5efa40b88e59b9b9a3f34a25c0ff,E3,E3-A0.90-BINDING_MID,202607223050,Corn,Soybean,RISK_PRESSURE
12.131827572746886,12.131827572746875,0.0,0.0,0.0,1.0658141036401503e-14,0.06814744245803551,0.0,CRR-STAGEII-CONFIRM-2026-07-22,21c5b970e734ed79636df2f3882d4d85460c5efa40b88e59b9b9a3f34a25c0ff,E3,E3-A0.90-BINDING_MID,202607223051,Corn,Soybean,RISK_PRESSURE
-0.959508179097952,-0.9595081790979526,0.0,0.0,0.0,5.551115123125783e-16,0.03596920292695201,0.0,CRR-STAGEII-CONFIRM-2026-07-22,21c5b970e734ed79636df2f3882d4d85460c5efa40b88e59b9b9a3f34a25c0ff,E3,E3-A0.90-BINDING_MID,202607223052,Corn,Soybean,RISK_PRESSURE
4.304212576300813,4.304212576300829,0.0,0.0,0.0,-1.5987211554602254e-14,0.02688748786810297,0.0,CRR-STAGEII-CONFIRM-2026-07-22,21c5b970e734ed79636df2f3882d4d85460c5efa40b88e59b9b9a3f34a25c0ff,E3,E3-A0.90-BINDING_MID,202607223053,Corn,Soybean,RISK_PRESSURE
3.6881910772119113,3.688191077211908,0.0,0.0,0.0,3.1086244689504383e-15,0.01960111928938612,0.0,CRR-STAGEII-CONFIRM-2026-07-22,21c5b970e734ed79636df2f3882d4d85460c5efa40b88e59b9b9a3f34a25c0ff,E3,E3-A0.90-BINDING_MID,202607223054,Corn,Soybean,RISK_PRESSURE
12.336220919101436,12.336220919101432,0.0,0.0,0.0,3.552713678800501e-15,0.07885375511445121,0.0,CRR-STAGEII-CONFIRM-2026-07-22,21c5b970e734ed79636df2f3882d4d85460c5efa40b88e59b9b9a3f34a25c0ff,E3,E3-A0.90-BINDING_MID,202607223055,Corn,Soybean,RISK_PRESSURE
10.886724359049367,10.886724359049357,0.0,0.0,0.0,1.0658141036401503e-14,0.07389979434714403,0.0,CRR-STAGEII-CONFIRM-2026-07-22,21c5b970e734ed79636df2f3882d4d85460c5efa40b88e59b9b9a3f34a25c0ff,E3,E3-A0.90-BINDING_MID,202607223056,Corn,Soybean,RISK_PRESSURE
1.5572846249850727,1.5572846249850738,0.0,0.0,0.0,-1.1102230246251565e-15,0.008336961500667216,0.0,CRR-STAGEII-CONFIRM-2026-07-22,21c5b970e734ed79636df2f3882d4d85460c5efa40b88e59b9b9a3f34a25c0ff,E3,E3-A0.90-BINDING_MID,202607223057,Corn,Soybean,RISK_PRESSURE
-6.507928967687178,-6.5079289676871745,0.0,0.0,0.0,-3.552713678800501e-15,0.0913585026649447,0.0,CRR-STAGEII-CONFIRM-2026-07-22,21c5b970e734ed79636df2f3882d4d85460c5efa40b88e59b9b9a3f34a25c0ff,E3,E3-A0.90-BINDING_MID,202607223058,Corn,Soybean,RISK_PRESSURE
-0.0414543506873315,-0.041454350687331554,0.0,0.0,0.0,5.551115123125783e-17,0.0012937160855030826,0.0,CRR-STAGEII-CONFIRM-2026-07-22,21c5b970e734ed79636df2f3882d4d85460c5efa40b88e59b9b9a3f34a25c0ff,E3,E3-A0.90-BINDING_MID,202607223059,Corn,Soybean,RISK_PRESSURE
-4.454255709675806,-4.454255709675797,0.0,0.0,0.0,-8.881784197001252e-15,0.04117064553228612,0.0,CRR-STAGEII-CONFIRM-2026-07-22,21c5b970e734ed79636df2f3882d4d85460c5efa40b88e59b9b9a3f34a25c0ff,E3,E3-A0.90-BINDING_MID,202607223060,Corn,Soybean,RISK_PRESSURE
11.71436173816528,11.714361738165277,0.0,0.0,0.0,3.552713678800501e-15,0.08875663786681164,0.0,CRR-STAGEII-CONFIRM-2026-07-22,21c5b970e734ed79636df2f3882d4d85460c5efa40b88e59b9b9a3f34a25c0ff,E3,E3-A0.90-BINDING_MID,202607223061,Corn,Soybean,RISK_PRESSURE
16.34724506246397,16.34724506246401,0.0,0.0,0.0,-4.263256414560601e-14,0.08066971463767696,0.0,CRR-STAGEII-CONFIRM-2026-07-22,21c5b970e734ed79636df2f3882d4d85460c5efa40b88e59b9b9a3f34a25c0ff,E3,E3-A0.90-BINDING_MID,202607223062,Corn,Soybean,RISK_PRESSURE
-8.631558314098413,-8.6315583140984,0.0,0.0,0.0,-1.2434497875801753e-14,0.10013961594317249,0.0,CRR-STAGEII-CONFIRM-2026-07-22,21c5b970e734ed79636df2f3882d4d85460c5efa40b88e59b9b9a3f34a25c0ff,E3,E3-A0.90-BINDING_MID,202607223063,Corn,Soybean,RISK_PRESSURE
13.795455500557807,13.795455500557802,0.0,0.0,0.0,5.329070518200751e-15,0.07445671502935126,0.0,CRR-STAGEII-CONFIRM-2026-07-22,21c5b970e734ed79636df2f3882d4d85460c5efa40b88e59b9b9a3f34a25c0ff,E3,E3-A0.90-BINDING_MID,202607223064,Corn,Soybean,RISK_PRESSURE
0.7764502511187175,0.7764502511187178,0.0,0.0,0.0,-3.3306690738754696e-16,0.003144443124299394,0.0,CRR-STAGEII-CONFIRM-2026-07-22,21c5b970e734ed79636df2f3882d4d85460c5efa40b88e59b9b9a3f34a25c0ff,E3,E3-A0.90-JUST_BINDING,202607223001,Corn,Soybean,RISK_PRESSURE
5.6526061900403874,5.652606190040388,0.0,0.0,0.0,-8.881784197001252e-16,0.026872899237461077,0.0,CRR-STAGEII-CONFIRM-2026-07-22,21c5b970e734ed79636df2f3882d4d85460c5efa40b88e59b9b9a3f34a25c0ff,E3,E3-A0.90-JUST_BINDING,202607223002,Corn,Soybean,RISK_PRESSURE
2.6190512131548758,2.6190512131548678,0.0,0.0,0.0,7.993605777301127e-15,0.012915395605822713,0.0,CRR-STAGEII-CONFIRM-2026-07-22,21c5b970e734ed79636df2f3882d4d85460c5efa40b88e59b9b9a3f34a25c0ff,E3,E3-A0.90-JUST_BINDING,202607223003,Corn,Soybean,RISK_PRESSURE
7.769541171982155,7.769541171982145,0.0,0.0,0.0,9.769962616701378e-15,0.032046476970959296,0.0,CRR-STAGEII-CONFIRM-2026-07-22,21c5b970e734ed79636df2f3882d4d85460c5efa40b88e59b9b9a3f34a25c0ff,E3,E3-A0.90-JUST_BINDING,202607223004,Corn,Soybean,RISK_PRESSURE
6.09904892338227,6.099048923382276,0.0,0.0,0.0,-6.217248937900877e-15,0.02827695858229719,0.0,CRR-STAGEII-CONFIRM-2026-07-22,21c5b970e734ed79636df2f3882d4d85460c5efa40b88e59b9b9a3f34a25c0ff,E3,E3-A0.90-JUST_BINDING,202607223005,Corn,Soybean,RISK_PRESSURE
3.726347771660528,3.7263477716605236,0.0,0.0,0.0,4.440892098500626e-15,0.016842136044189382,0.0,CRR-STAGEII-CONFIRM-2026-07-22,21c5b970e734ed79636df2f3882d4d85460c5efa40b88e59b9b9a3f34a25c0ff,E3,E3-A0.90-JUST_BINDING,202607223006,Corn,Soybean,RISK_PRESSURE
-1.2473789702573868,-1.2473789702573863,0.0,0.0,0.0,-4.440892098500626e-16,0.011063848715720305,0.0,CRR-STAGEII-CONFIRM-2026-07-22,21c5b970e734ed79636df2f3882d4d85460c5efa40b88e59b9b9a3f34a25c0ff,E3,E3-A0.90-JUST_BINDING,202607223007,Corn,Soybean,RISK_PRESSURE
2.869053772664529,2.8690537726645275,0.0,0.0,0.0,1.3322676295501878e-15,0.013583721982646338,0.0,CRR-STAGEII-CONFIRM-2026-07-22,21c5b970e734ed79636df2f3882d4d85460c5efa40b88e59b9b9a3f34a25c0ff,E3,E3-A0.90-JUST_BINDING,202607223008,Corn,Soybean,RISK_PRESSURE
9.034237767796242,9.034237767796242,0.0,0.0,0.0,0.0,0.04717258349255164,0.0,CRR-STAGEII-CONFIRM-2026-07-22,21c5b970e734ed79636df2f3882d4d85460c5efa40b88e59b9b9a3f34a25c0ff,E3,E3-A0.90-JUST_BINDING,202607223009,Corn,Soybean,RISK_PRESSURE
20.625820516011515,20.625820516011554,0.0,0.0,0.0,-3.907985046680551e-14,0.12245094268963241,0.0,CRR-STAGEII-CONFIRM-2026-07-22,21c5b970e734ed79636df2f3882d4d85460c5efa40b88e59b9b9a3f34a25c0ff,E3,E3-A0.90-JUST_BINDING,202607223010,Corn,Soybean,RISK_PRESSURE
5.532470496087399,5.532470496087401,0.0,0.0,0.0,-2.6645352591003757e-15,0.0253179151077687,0.0,CRR-STAGEII-CONFIRM-2026-07-22,21c5b970e734ed79636df2f3882d4d85460c5efa40b88e59b9b9a3f34a25c0ff,E3,E3-A0.90-JUST_BINDING,202607223011,Corn,Soybean,RISK_PRESSURE
14.820609084131434,14.82060908413143,0.0,0.0,0.0,3.552713678800501e-15,0.07526998538098148,0.0,CRR-STAGEII-CONFIRM-2026-07-22,21c5b970e734ed79636df2f3882d4d85460c5efa40b88e59b9b9a3f34a25c0ff,E3,E3-A0.90-JUST_BINDING,202607223012,Corn,Soybean,RISK_PRESSURE
-7.217210848530556,-7.217210848530541,0.0,0.0,0.0,-1.509903313490213e-14,0.14167387608084175,0.0,CRR-STAGEII-CONFIRM-2026-07-22,21c5b970e734ed79636df2f3882d4d85460c5efa40b88e59b9b9a3f34a25c0ff,E3,E3-A0.90-JUST_BINDING,202607223013,Corn,Soybean,RISK_PRESSURE
0.9827598437708502,0.9827598437708509,0.0,0.0,0.0,-6.661338147750939e-16,0.004966041830170539,0.0,CRR-STAGEII-CONFIRM-2026-07-22,21c5b970e734ed79636df2f3882d4d85460c5efa40b88e59b9b9a3f34a25c0ff,E3,E3-A0.90-JUST_BINDING,202607223014,Corn,Soybean,RISK_PRESSURE
-1.805258611980605,-1.8052586119806044,0.0,0.0,0.0,-6.661338147750939e-16,0.015661505630403492,0.0,CRR-STAGEII-CONFIRM-2026-07-22,21c5b970e734ed79636df2f3882d4d85460c5efa40b88e59b9b9a3f34a25c0ff,E3,E3-A0.90-JUST_BINDING,202607223015,Corn,Soybean,RISK_PRESSURE
-6.436633843829497,-6.436633843829489,0.0,0.0,0.0,-7.993605777301127e-15,0.1640441683251174,0.0,CRR-STAGEII-CONFIRM-2026-07-22,21c5b970e734ed79636df2f3882d4d85460c5efa40b88e59b9b9a3f34a25c0ff,E3,E3-A0.90-JUST_BINDING,202607223016,Corn,Soybean,RISK_PRESSURE
-3.560399087223118,-3.5603990872231166,0.0,0.0,0.0,-1.3322676295501878e-15,0.059715840880776284,0.0,CRR-STAGEII-CONFIRM-2026-07-22,21c5b970e734ed79636df2f3882d4d85460c5efa40b88e59b9b9a3f34a25c0ff,E3,E3-A0.90-JUST_BINDING,202607223017,Corn,Soybean,RISK_PRESSURE
7.876091947737336,7.876091947737341,0.0,0.0,0.0,-4.440892098500626e-15,0.0409487225260129,0.0,CRR-STAGEII-CONFIRM-2026-07-22,21c5b970e734ed79636df2f3882d4d85460c5efa40b88e59b9b9a3f34a25c0ff,E3,E3-A0.90-JUST_BINDING,202607223018,Corn,Soybean,RISK_PRESSURE
9.566517260429237,9.566517260429233,0.0,0.0,0.0,3.552713678800501e-15,0.04443350284751307,0.0,CRR-STAGEII-CONFIRM-2026-07-22,21c5b970e734ed79636df2f3882d4d85460c5efa40b88e59b9b9a3f34a25c0ff,E3,E3-A0.90-JUST_BINDING,202607223019,Corn,Soybean,RISK_PRESSURE
-12.218414707629961,-12.218414707629961,0.0,0.0,0.0,0.0,0.20285173289814354,0.0,CRR-STAGEII-CONFIRM-2026-07-22,21c5b970e734ed79636df2f3882d4d85460c5efa40b88e59b9b9a3f34a25c0ff,E3,E3-A0.90-JUST_BINDING,202607223020,Corn,Soybean,RISK_PRESSURE
5.470240209130623,5.470240209130616,0.0,0.0,0.0,6.217248937900877e-15,0.025643730619121972,0.0,CRR-STAGEII-CONFIRM-2026-07-22,21c5b970e734ed79636df2f3882d4d85460c5efa40b88e59b9b9a3f34a25c0ff,E3,E3-A0.90-JUST_BINDING,202607223021,Corn,Soybean,RISK_PRESSURE
16.070209900352438,16.07020990035243,0.0,0.0,0.0,7.105427357601002e-15,0.09164317621095912,0.0,CRR-STAGEII-CONFIRM-2026-07-22,21c5b970e734ed79636df2f3882d4d85460c5efa40b88e59b9b9a3f34a25c0ff,E3,E3-A0.90-JUST_BINDING,202607223022,Corn,Soybean,RISK_PRESSURE
26.613628509209946,26.61362850920994,0.0,0.0,0.0,7.105427357601002e-15,0.1582813380941378,0.0,CRR-STAGEII-CONFIRM-2026-07-22,21c5b970e734ed79636df2f3882d4d85460c5efa40b88e59b9b9a3f34a25c0ff,E3,E3-A0.90-JUST_BINDING,202607223023,Corn,Soybean,RISK_PRESSURE
0.9574569277015712,0.9574569277015712,0.0,0.0,0.0,0.0,0.005485173413630701,0.0,CRR-STAGEII-CONFIRM-2026-07-22,21c5b970e734ed79636df2f3882d4d85460c5efa40b88e59b9b9a3f34a25c0ff,E3,E3-A0.90-JUST_BINDING,202607223024,Corn,Soybean,RISK_PRESSURE
15.035491577841299,15.0354915778413,0.0,0.0,0.0,-1.7763568394002505e-15,0.08232492394264794,0.0,CRR-STAGEII-CONFIRM-2026-07-22,21c5b970e734ed79636df2f3882d4d85460c5efa40b88e59b9b9a3f34a25c0ff,E3,E3-A0.90-JUST_BINDING,202607223025,Corn,Soybean,RISK_PRESSURE
10.711405482688008,10.711405482688011,0.0,0.0,0.0,-3.552713678800501e-15,0.05447421382017957,0.0,CRR-STAGEII-CONFIRM-2026-07-22,21c5b970e734ed79636df2f3882d4d85460c5efa40b88e59b9b9a3f34a25c0ff,E3,E3-A0.90-JUST_BINDING,202607223026,Corn,Soybean,RISK_PRESSURE
11.304968835949126,11.304968835949126,0.0,0.0,0.0,0.0,0.06008881145535286,0.0,CRR-STAGEII-CONFIRM-2026-07-22,21c5b970e734ed79636df2f3882d4d85460c5efa40b88e59b9b9a3f34a25c0ff,E3,E3-A0.90-JUST_BINDING,202607223027,Corn,Soybean,RISK_PRESSURE
21.89148796016707,21.89148796016706,0.0,0.0,0.0,1.0658141036401503e-14,0.1265989643600886,0.0,CRR-STAGEII-CONFIRM-2026-07-22,21c5b970e734ed79636df2f3882d4d85460c5efa40b88e59b9b9a3f34a25c0ff,E3,E3-A0.90-JUST_BINDING,202607223028,Corn,Soybean,RISK_PRESSURE
3.4562737372798438,3.456273737279842,0.0,0.0,0.0,1.7763568394002505e-15,0.017279462527766916,0.0,CRR-STAGEII-CONFIRM-2026-07-22,21c5b970e734ed79636df2f3882d4d85460c5efa40b88e59b9b9a3f34a25c0ff,E3,E3-A0.90-JUST_BINDING,202607223029,Corn,Soybean,RISK_PRESSURE
8.128285075812983,8.128285075812977,0.0,0.0,0.0,5.329070518200751e-15,0.04470413401769764,0.0,CRR-STAGEII-CONFIRM-2026-07-22,21c5b970e734ed79636df2f3882d4d85460c5efa40b88e59b9b9a3f34a25c0ff,E3,E3-A0.90-JUST_BINDING,202607223030,Corn,Soybean,RISK_PRESSURE
9.944996466964255,9.944996466964255,0.0,0.0,0.0,0.0,0.054038657352710615,0.0,CRR-STAGEII-CONFIRM-2026-07-22,21c5b970e734ed79636df2f3882d4d85460c5efa40b88e59b9b9a3f34a25c0ff,E3,E3-A0.90-JUST_BINDING,202607223031,Corn,Soybean,RISK_PRESSURE
2.1110260093967668,2.111026009396766,0.0,0.0,0.0,8.881784197001252e-16,0.008984839172670853,0.0,CRR-STAGEII-CONFIRM-2026-07-22,21c5b970e734ed79636df2f3882d4d85460c5efa40b88e59b9b9a3f34a25c0ff,E3,E3-A0.90-JUST_BINDING,202607223032,Corn,Soybean,RISK_PRESSURE
-5.778453367240331,-5.778453367240326,0.0,0.0,0.0,-5.329070518200751e-15,0.09815131766378793,0.0,CRR-STAGEII-CONFIRM-2026-07-22,21c5b970e734ed79636df2f3882d4d85460c5efa40b88e59b9b9a3f34a25c0ff,E3,E3-A0.90-JUST_BINDING,202607223033,Corn,Soybean,RISK_PRESSURE
4.440236514582182,4.440236514582182,0.0,0.0,0.0,0.0,0.019514668168860688,0.0,CRR-STAGEII-CONFIRM-2026-07-22,21c5b970e734ed79636df2f3882d4d85460c5efa40b88e59b9b9a3f34a25c0ff,E3,E3-A0.90-JUST_BINDING,202607223034,Corn,Soybean,RISK_PRESSURE
-5.2922084326686445,-5.2922084326686445,0.0,0.0,0.0,0.0,0.04609804559550045,0.0,CRR-STAGEII-CONFIRM-2026-07-22,21c5b970e734ed79636df2f3882d4d85460c5efa40b88e59b9b9a3f34a25c0ff,E3,E3-A0.90-JUST_BINDING,202607223035,Corn,Soybean,RISK_PRESSURE
11.714533808885335,11.714533808885326,0.0,0.0,0.0,8.881784197001252e-15,0.05573366707147153,0.0,CRR-STAGEII-CONFIRM-2026-07-22,21c5b970e734ed79636df2f3882d4d85460c5efa40b88e59b9b9a3f34a25c0ff,E3,E3-A0.90-JUST_BINDING,202607223036,Corn,Soybean,RISK_PRESSURE
6.929779855833772,6.929779855833773,0.0,0.0,0.0,-8.881784197001252e-16,0.029448362158956867,0.0,CRR-STAGEII-CONFIRM-2026-07-22,21c5b970e734ed79636df2f3882d4d85460c5efa40b88e59b9b9a3f34a25c0ff,E3,E3-A0.90-JUST_BINDING,202607223037,Corn,Soybean,RISK_PRESSURE
5.792012999641997,5.792012999641999,0.0,0.0,0.0,-1.7763568394002505e-15,0.030039278336897873,0.0,CRR-STAGEII-CONFIRM-2026-07-22,21c5b970e734ed79636df2f3882d4d85460c5efa40b88e59b9b9a3f34a25c0ff,E3,E3-A0.90-JUST_BINDING,202607223038,Corn,Soybean,RISK_PRESSURE
5.1240609146613,5.124060914661301,0.0,0.0,0.0,-1.7763568394002505e-15,0.0268249068005545,0.0,CRR-STAGEII-CONFIRM-2026-07-22,21c5b970e734ed79636df2f3882d4d85460c5efa40b88e59b9b9a3f34a25c0ff,E3,E3-A0.90-JUST_BINDING,202607223039,Corn,Soybean,RISK_PRESSURE
0.4054302754120158,0.4054302754120157,0.0,0.0,0.0,1.1102230246251565e-16,0.0021105437940245994,0.0,CRR-STAGEII-CONFIRM-2026-07-22,21c5b970e734ed79636df2f3882d4d85460c5efa40b88e59b9b9a3f34a25c0ff,E3,E3-A0.90-JUST_BINDING,202607223040,Corn,Soybean,RISK_PRESSURE
6.9619694327463435,6.9619694327463435,0.0,0.0,0.0,0.0,0.032664954351322904,0.0,CRR-STAGEII-CONFIRM-2026-07-22,21c5b970e734ed79636df2f3882d4d85460c5efa40b88e59b9b9a3f34a25c0ff,E3,E3-A0.90-JUST_BINDING,202607223041,Corn,Soybean,RISK_PRESSURE
16.839874435642116,16.839874435642116,0.0,0.0,0.0,0.0,0.08266256338862189,0.0,CRR-STAGEII-CONFIRM-2026-07-22,21c5b970e734ed79636df2f3882d4d85460c5efa40b88e59b9b9a3f34a25c0ff,E3,E3-A0.90-JUST_BINDING,202607223042,Corn,Soybean,RISK_PRESSURE
10.293906596900797,10.293906596900795,0.0,0.0,0.0,1.7763568394002505e-15,0.0469076933956925,0.0,CRR-STAGEII-CONFIRM-2026-07-22,21c5b970e734ed79636df2f3882d4d85460c5efa40b88e59b9b9a3f34a25c0ff,E3,E3-A0.90-JUST_BINDING,202607223043,Corn,Soybean,RISK_PRESSURE
22.19653990824156,22.19653990824156,0.0,0.0,0.0,0.0,0.12158301033015899,0.0,CRR-STAGEII-CONFIRM-2026-07-22,21c5b970e734ed79636df2f3882d4d85460c5efa40b88e59b9b9a3f34a25c0ff,E3,E3-A0.90-JUST_BINDING,202607223044,Corn,Soybean,RISK_PRESSURE
2.643025851404161,2.643025851404161,0.0,0.0,0.0,0.0,0.011937336988171902,0.0,CRR-STAGEII-CONFIRM-2026-07-22,21c5b970e734ed79636df2f3882d4d85460c5efa40b88e59b9b9a3f34a25c0ff,E3,E3-A0.90-JUST_BINDING,202607223045,Corn,Soybean,RISK_PRESSURE
7.221393934822629,7.22139393482263,0.0,0.0,0.0,-8.881784197001252e-16,0.03361180474285752,0.0,CRR-STAGEII-CONFIRM-2026-07-22,21c5b970e734ed79636df2f3882d4d85460c5efa40b88e59b9b9a3f34a25c0ff,E3,E3-A0.90-JUST_BINDING,202607223046,Corn,Soybean,RISK_PRESSURE
7.974812910253888,7.974812910253887,0.0,0.0,0.0,8.881784197001252e-16,0.03795928860393126,0.0,CRR-STAGEII-CONFIRM-2026-07-22,21c5b970e734ed79636df2f3882d4d85460c5efa40b88e59b9b9a3f34a25c0ff,E3,E3-A0.90-JUST_BINDING,202607223047,Corn,Soybean,RISK_PRESSURE
15.383372959458598,15.383372959458601,0.0,0.0,0.0,-3.552713678800501e-15,0.06549324397785275,0.0,CRR-STAGEII-CONFIRM-2026-07-22,21c5b970e734ed79636df2f3882d4d85460c5efa40b88e59b9b9a3f34a25c0ff,E3,E3-A0.90-JUST_BINDING,202607223048,Corn,Soybean,RISK_PRESSURE
5.420183413675147,5.4201834136751454,0.0,0.0,0.0,1.7763568394002505e-15,0.025411460452125955,0.0,CRR-STAGEII-CONFIRM-2026-07-22,21c5b970e734ed79636df2f3882d4d85460c5efa40b88e59b9b9a3f34a25c0ff,E3,E3-A0.90-JUST_BINDING,202607223049,Corn,Soybean,RISK_PRESSURE
0.8592758435601127,0.8592758435601121,0.0,0.0,0.0,5.551115123125783e-16,0.00434363433132077,0.0,CRR-STAGEII-CONFIRM-2026-07-22,21c5b970e734ed79636df2f3882d4d85460c5efa40b88e59b9b9a3f34a25c0ff,E3,E3-A0.90-JUST_BINDING,202607223050,Corn,Soybean,RISK_PRESSURE
12.131827572746886,12.131827572746877,0.0,0.0,0.0,8.881784197001252e-15,0.056162172927919606,0.0,CRR-STAGEII-CONFIRM-2026-07-22,21c5b970e734ed79636df2f3882d4d85460c5efa40b88e59b9b9a3f34a25c0ff,E3,E3-A0.90-JUST_BINDING,202607223051,Corn,Soybean,RISK_PRESSURE
-0.959508179097952,-0.9595081790979519,0.0,0.0,0.0,-1.1102230246251565e-16,0.024077968441137448,0.0,CRR-STAGEII-CONFIRM-2026-07-22,21c5b970e734ed79636df2f3882d4d85460c5efa40b88e59b9b9a3f34a25c0ff,E3,E3-A0.90-JUST_BINDING,202607223052,Corn,Soybean,RISK_PRESSURE
4.304212576300813,4.304212576300813,0.0,0.0,0.0,0.0,0.02378987166053667,0.0,CRR-STAGEII-CONFIRM-2026-07-22,21c5b970e734ed79636df2f3882d4d85460c5efa40b88e59b9b9a3f34a25c0ff,E3,E3-A0.90-JUST_BINDING,202607223053,Corn,Soybean,RISK_PRESSURE
3.6881910772119113,3.6881910772119113,0.0,0.0,0.0,0.0,0.017366092167305447,0.0,CRR-STAGEII-CONFIRM-2026-07-22,21c5b970e734ed79636df2f3882d4d85460c5efa40b88e59b9b9a3f34a25c0ff,E3,E3-A0.90-JUST_BINDING,202607223054,Corn,Soybean,RISK_PRESSURE
12.336220919101436,12.336220919101436,0.0,0.0,0.0,0.0,0.06956951412468731,0.0,CRR-STAGEII-CONFIRM-2026-07-22,21c5b970e734ed79636df2f3882d4d85460c5efa40b88e59b9b9a3f34a25c0ff,E3,E3-A0.90-JUST_BINDING,202607223055,Corn,Soybean,RISK_PRESSURE
10.886724359049367,10.886724359049362,0.0,0.0,0.0,5.329070518200751e-15,0.06284117186894095,0.0,CRR-STAGEII-CONFIRM-2026-07-22,21c5b970e734ed79636df2f3882d4d85460c5efa40b88e59b9b9a3f34a25c0ff,E3,E3-A0.90-JUST_BINDING,202607223056,Corn,Soybean,RISK_PRESSURE
1.5572846249850727,1.5572846249850727,0.0,0.0,0.0,0.0,0.006584106135439905,0.0,CRR-STAGEII-CONFIRM-2026-07-22,21c5b970e734ed79636df2f3882d4d85460c5efa40b88e59b9b9a3f34a25c0ff,E3,E3-A0.90-JUST_BINDING,202607223057,Corn,Soybean,RISK_PRESSURE
-6.507928967687178,-6.507928967687177,0.0,0.0,0.0,-8.881784197001252e-16,0.07346426215384429,0.0,CRR-STAGEII-CONFIRM-2026-07-22,21c5b970e734ed79636df2f3882d4d85460c5efa40b88e59b9b9a3f34a25c0ff,E3,E3-A0.90-JUST_BINDING,202607223058,Corn,Soybean,RISK_PRESSURE
-0.0414543506873315,-0.04145435068733155,0.0,0.0,0.0,4.85722573273506e-17,0.0007416123365159276,0.0,CRR-STAGEII-CONFIRM-2026-07-22,21c5b970e734ed79636df2f3882d4d85460c5efa40b88e59b9b9a3f34a25c0ff,E3,E3-A0.90-JUST_BINDING,202607223059,Corn,Soybean,RISK_PRESSURE
-4.454255709675806,-4.454255709675797,0.0,0.0,0.0,-8.881784197001252e-15,0.036167273387194304,0.0,CRR-STAGEII-CONFIRM-2026-07-22,21c5b970e734ed79636df2f3882d4d85460c5efa40b88e59b9b9a3f34a25c0ff,E3,E3-A0.90-JUST_BINDING,202607223060,Corn,Soybean,RISK_PRESSURE
11.71436173816528,11.714361738165298,0.0,0.0,0.0,-1.7763568394002505e-14,0.07341807690406346,0.0,CRR-STAGEII-CONFIRM-2026-07-22,21c5b970e734ed79636df2f3882d4d85460c5efa40b88e59b9b9a3f34a25c0ff,E3,E3-A0.90-JUST_BINDING,202607223061,Corn,Soybean,RISK_PRESSURE
16.34724506246397,16.347245062463976,0.0,0.0,0.0,-7.105427357601002e-15,0.06867934143715798,0.0,CRR-STAGEII-CONFIRM-2026-07-22,21c5b970e734ed79636df2f3882d4d85460c5efa40b88e59b9b9a3f34a25c0ff,E3,E3-A0.90-JUST_BINDING,202607223062,Corn,Soybean,RISK_PRESSURE
-8.631558314098413,-8.63155831409841,0.0,0.0,0.0,-3.552713678800501e-15,0.08516686069566468,0.0,CRR-STAGEII-CONFIRM-2026-07-22,21c5b970e734ed79636df2f3882d4d85460c5efa40b88e59b9b9a3f34a25c0ff,E3,E3-A0.90-JUST_BINDING,202607223063,Corn,Soybean,RISK_PRESSURE
13.795455500557807,13.795455500557809,0.0,0.0,0.0,-1.7763568394002505e-15,0.07014964192475846,0.0,CRR-STAGEII-CONFIRM-2026-07-22,21c5b970e734ed79636df2f3882d4d85460c5efa40b88e59b9b9a3f34a25c0ff,E3,E3-A0.90-JUST_BINDING,202607223064,Corn,Soybean,RISK_PRESSURE
0.7764502511187175,0.0,0.0,0.0,0.7764502511187175,0.0,0.0,0.0,CRR-STAGEII-CONFIRM-2026-07-22,21c5b970e734ed79636df2f3882d4d85460c5efa40b88e59b9b9a3f34a25c0ff,E3,E3-A0.90-SLACK,202607223001,Corn,Soybean,RISK_SLACK
5.6526061900403874,0.0,0.0,0.0,5.6526061900403874,0.0,0.0,0.0,CRR-STAGEII-CONFIRM-2026-07-22,21c5b970e734ed79636df2f3882d4d85460c5efa40b88e59b9b9a3f34a25c0ff,E3,E3-A0.90-SLACK,202607223002,Corn,Soybean,RISK_SLACK
2.6190512131548758,0.0,0.0,0.0,2.6190512131548758,0.0,0.0,0.0,CRR-STAGEII-CONFIRM-2026-07-22,21c5b970e734ed79636df2f3882d4d85460c5efa40b88e59b9b9a3f34a25c0ff,E3,E3-A0.90-SLACK,202607223003,Corn,Soybean,RISK_SLACK
7.769541171982155,0.0,0.0,0.0,7.769541171982155,0.0,0.0,0.0,CRR-STAGEII-CONFIRM-2026-07-22,21c5b970e734ed79636df2f3882d4d85460c5efa40b88e59b9b9a3f34a25c0ff,E3,E3-A0.90-SLACK,202607223004,Corn,Soybean,RISK_SLACK
6.09904892338227,0.0,0.0,0.0,6.099048923382213,5.684341886080802e-14,0.0,0.0,CRR-STAGEII-CONFIRM-2026-07-22,21c5b970e734ed79636df2f3882d4d85460c5efa40b88e59b9b9a3f34a25c0ff,E3,E3-A0.90-SLACK,202607223005,Corn,Soybean,RISK_SLACK
3.726347771660528,0.0,0.0,0.0,3.726347771660528,0.0,0.0,0.0,CRR-STAGEII-CONFIRM-2026-07-22,21c5b970e734ed79636df2f3882d4d85460c5efa40b88e59b9b9a3f34a25c0ff,E3,E3-A0.90-SLACK,202607223006,Corn,Soybean,RISK_SLACK
-1.2473789702573868,0.0,0.0,0.0,-1.2473789702573868,0.0,0.0,0.0,CRR-STAGEII-CONFIRM-2026-07-22,21c5b970e734ed79636df2f3882d4d85460c5efa40b88e59b9b9a3f34a25c0ff,E3,E3-A0.90-SLACK,202607223007,Corn,Soybean,RISK_SLACK
2.869053772664529,0.0,0.0,0.0,2.869053772664529,0.0,0.0,0.0,CRR-STAGEII-CONFIRM-2026-07-22,21c5b970e734ed79636df2f3882d4d85460c5efa40b88e59b9b9a3f34a25c0ff,E3,E3-A0.90-SLACK,202607223008,Corn,Soybean,RISK_SLACK
9.034237767796242,0.0,0.0,0.0,9.034237767796242,0.0,0.0,0.0,CRR-STAGEII-CONFIRM-2026-07-22,21c5b970e734ed79636df2f3882d4d85460c5efa40b88e59b9b9a3f34a25c0ff,E3,E3-A0.90-SLACK,202607223009,Corn,Soybean,RISK_SLACK
20.625820516011515,0.0,0.0,0.0,20.625820516011515,0.0,0.0,0.0,CRR-STAGEII-CONFIRM-2026-07-22,21c5b970e734ed79636df2f3882d4d85460c5efa40b88e59b9b9a3f34a25c0ff,E3,E3-A0.90-SLACK,202607223010,Corn,Soybean,RISK_SLACK
5.532470496087399,0.0,0.0,0.0,5.532470496087399,0.0,0.0,0.0,CRR-STAGEII-CONFIRM-2026-07-22,21c5b970e734ed79636df2f3882d4d85460c5efa40b88e59b9b9a3f34a25c0ff,E3,E3-A0.90-SLACK,202607223011,Corn,Soybean,RISK_SLACK
14.820609084131434,0.0,0.0,0.0,14.820609084131434,0.0,0.0,0.0,CRR-STAGEII-CONFIRM-2026-07-22,21c5b970e734ed79636df2f3882d4d85460c5efa40b88e59b9b9a3f34a25c0ff,E3,E3-A0.90-SLACK,202607223012,Corn,Soybean,RISK_SLACK
-7.217210848530556,0.0,0.0,0.0,-7.217210848530556,0.0,0.0,0.0,CRR-STAGEII-CONFIRM-2026-07-22,21c5b970e734ed79636df2f3882d4d85460c5efa40b88e59b9b9a3f34a25c0ff,E3,E3-A0.90-SLACK,202607223013,Corn,Soybean,RISK_SLACK
0.9827598437708502,0.0,0.0,0.0,0.9827598437708502,0.0,0.0,0.0,CRR-STAGEII-CONFIRM-2026-07-22,21c5b970e734ed79636df2f3882d4d85460c5efa40b88e59b9b9a3f34a25c0ff,E3,E3-A0.90-SLACK,202607223014,Corn,Soybean,RISK_SLACK
-1.805258611980605,0.0,0.0,0.0,-1.805258611980605,0.0,0.0,0.0,CRR-STAGEII-CONFIRM-2026-07-22,21c5b970e734ed79636df2f3882d4d85460c5efa40b88e59b9b9a3f34a25c0ff,E3,E3-A0.90-SLACK,202607223015,Corn,Soybean,RISK_SLACK
-6.436633843829497,0.0,0.0,0.0,-6.436633843829497,0.0,0.0,0.0,CRR-STAGEII-CONFIRM-2026-07-22,21c5b970e734ed79636df2f3882d4d85460c5efa40b88e59b9b9a3f34a25c0ff,E3,E3-A0.90-SLACK,202607223016,Corn,Soybean,RISK_SLACK
-3.560399087223118,0.0,0.0,0.0,-3.560399087223118,0.0,0.0,0.0,CRR-STAGEII-CONFIRM-2026-07-22,21c5b970e734ed79636df2f3882d4d85460c5efa40b88e59b9b9a3f34a25c0ff,E3,E3-A0.90-SLACK,202607223017,Corn,Soybean,RISK_SLACK
7.876091947737336,0.0,0.0,0.0,7.876091947737336,0.0,0.0,0.0,CRR-STAGEII-CONFIRM-2026-07-22,21c5b970e734ed79636df2f3882d4d85460c5efa40b88e59b9b9a3f34a25c0ff,E3,E3-A0.90-SLACK,202607223018,Corn,Soybean,RISK_SLACK
9.566517260429237,0.0,0.0,0.0,9.566517260429237,0.0,0.0,0.0,CRR-STAGEII-CONFIRM-2026-07-22,21c5b970e734ed79636df2f3882d4d85460c5efa40b88e59b9b9a3f34a25c0ff,E3,E3-A0.90-SLACK,202607223019,Corn,Soybean,RISK_SLACK
-12.218414707629961,0.0,0.0,0.0,-12.218414707629961,0.0,0.0,0.0,CRR-STAGEII-CONFIRM-2026-07-22,21c5b970e734ed79636df2f3882d4d85460c5efa40b88e59b9b9a3f34a25c0ff,E3,E3-A0.90-SLACK,202607223020,Corn,Soybean,RISK_SLACK
5.470240209130623,0.0,0.0,0.0,5.470240209130623,0.0,0.0,0.0,CRR-STAGEII-CONFIRM-2026-07-22,21c5b970e734ed79636df2f3882d4d85460c5efa40b88e59b9b9a3f34a25c0ff,E3,E3-A0.90-SLACK,202607223021,Corn,Soybean,RISK_SLACK
16.070209900352438,0.0,0.0,0.0,16.070209900352438,0.0,0.0,0.0,CRR-STAGEII-CONFIRM-2026-07-22,21c5b970e734ed79636df2f3882d4d85460c5efa40b88e59b9b9a3f34a25c0ff,E3,E3-A0.90-SLACK,202607223022,Corn,Soybean,RISK_SLACK
26.613628509209946,0.0,0.0,0.0,26.613628509209946,0.0,0.0,0.0,CRR-STAGEII-CONFIRM-2026-07-22,21c5b970e734ed79636df2f3882d4d85460c5efa40b88e59b9b9a3f34a25c0ff,E3,E3-A0.90-SLACK,202607223023,Corn,Soybean,RISK_SLACK
0.9574569277015712,0.0,0.0,0.0,0.9574569277015712,0.0,0.0,0.0,CRR-STAGEII-CONFIRM-2026-07-22,21c5b970e734ed79636df2f3882d4d85460c5efa40b88e59b9b9a3f34a25c0ff,E3,E3-A0.90-SLACK,202607223024,Corn,Soybean,RISK_SLACK
15.035491577841299,0.0,0.0,0.0,15.035491577841299,0.0,0.0,0.0,CRR-STAGEII-CONFIRM-2026-07-22,21c5b970e734ed79636df2f3882d4d85460c5efa40b88e59b9b9a3f34a25c0ff,E3,E3-A0.90-SLACK,202607223025,Corn,Soybean,RISK_SLACK
10.711405482688008,0.0,0.0,0.0,10.711405482688008,0.0,0.0,0.0,CRR-STAGEII-CONFIRM-2026-07-22,21c5b970e734ed79636df2f3882d4d85460c5efa40b88e59b9b9a3f34a25c0ff,E3,E3-A0.90-SLACK,202607223026,Corn,Soybean,RISK_SLACK
11.304968835949126,0.0,0.0,0.0,11.304968835949126,0.0,0.0,0.0,CRR-STAGEII-CONFIRM-2026-07-22,21c5b970e734ed79636df2f3882d4d85460c5efa40b88e59b9b9a3f34a25c0ff,E3,E3-A0.90-SLACK,202607223027,Corn,Soybean,RISK_SLACK
21.89148796016707,0.0,0.0,0.0,21.89148796016707,0.0,0.0,0.0,CRR-STAGEII-CONFIRM-2026-07-22,21c5b970e734ed79636df2f3882d4d85460c5efa40b88e59b9b9a3f34a25c0ff,E3,E3-A0.90-SLACK,202607223028,Corn,Soybean,RISK_SLACK
3.4562737372798438,0.0,0.0,0.0,3.4562737372798438,0.0,0.0,0.0,CRR-STAGEII-CONFIRM-2026-07-22,21c5b970e734ed79636df2f3882d4d85460c5efa40b88e59b9b9a3f34a25c0ff,E3,E3-A0.90-SLACK,202607223029,Corn,Soybean,RISK_SLACK
8.128285075812983,0.0,0.0,0.0,8.128285075812983,0.0,0.0,0.0,CRR-STAGEII-CONFIRM-2026-07-22,21c5b970e734ed79636df2f3882d4d85460c5efa40b88e59b9b9a3f34a25c0ff,E3,E3-A0.90-SLACK,202607223030,Corn,Soybean,RISK_SLACK
9.944996466964255,0.0,0.0,0.0,9.944996466964255,0.0,0.0,0.0,CRR-STAGEII-CONFIRM-2026-07-22,21c5b970e734ed79636df2f3882d4d85460c5efa40b88e59b9b9a3f34a25c0ff,E3,E3-A0.90-SLACK,202607223031,Corn,Soybean,RISK_SLACK
2.1110260093967668,0.0,0.0,0.0,2.1110260093967668,0.0,0.0,0.0,CRR-STAGEII-CONFIRM-2026-07-22,21c5b970e734ed79636df2f3882d4d85460c5efa40b88e59b9b9a3f34a25c0ff,E3,E3-A0.90-SLACK,202607223032,Corn,Soybean,RISK_SLACK
-5.778453367240331,0.0,0.0,0.0,-5.778453367240331,0.0,0.0,0.0,CRR-STAGEII-CONFIRM-2026-07-22,21c5b970e734ed79636df2f3882d4d85460c5efa40b88e59b9b9a3f34a25c0ff,E3,E3-A0.90-SLACK,202607223033,Corn,Soybean,RISK_SLACK
4.440236514582182,0.0,0.0,0.0,4.440236514582182,0.0,0.0,0.0,CRR-STAGEII-CONFIRM-2026-07-22,21c5b970e734ed79636df2f3882d4d85460c5efa40b88e59b9b9a3f34a25c0ff,E3,E3-A0.90-SLACK,202607223034,Corn,Soybean,RISK_SLACK
-5.2922084326686445,0.0,0.0,0.0,-5.2922084326686445,0.0,0.0,0.0,CRR-STAGEII-CONFIRM-2026-07-22,21c5b970e734ed79636df2f3882d4d85460c5efa40b88e59b9b9a3f34a25c0ff,E3,E3-A0.90-SLACK,202607223035,Corn,Soybean,RISK_SLACK
11.714533808885335,0.0,0.0,0.0,11.714533808885335,0.0,0.0,0.0,CRR-STAGEII-CONFIRM-2026-07-22,21c5b970e734ed79636df2f3882d4d85460c5efa40b88e59b9b9a3f34a25c0ff,E3,E3-A0.90-SLACK,202607223036,Corn,Soybean,RISK_SLACK
6.929779855833772,0.0,0.0,0.0,6.929779855833772,0.0,0.0,0.0,CRR-STAGEII-CONFIRM-2026-07-22,21c5b970e734ed79636df2f3882d4d85460c5efa40b88e59b9b9a3f34a25c0ff,E3,E3-A0.90-SLACK,202607223037,Corn,Soybean,RISK_SLACK
5.792012999641997,0.0,0.0,0.0,5.792012999641997,0.0,0.0,0.0,CRR-STAGEII-CONFIRM-2026-07-22,21c5b970e734ed79636df2f3882d4d85460c5efa40b88e59b9b9a3f34a25c0ff,E3,E3-A0.90-SLACK,202607223038,Corn,Soybean,RISK_SLACK
5.1240609146613,0.0,0.0,0.0,5.1240609146613,0.0,0.0,0.0,CRR-STAGEII-CONFIRM-2026-07-22,21c5b970e734ed79636df2f3882d4d85460c5efa40b88e59b9b9a3f34a25c0ff,E3,E3-A0.90-SLACK,202607223039,Corn,Soybean,RISK_SLACK
0.4054302754120158,0.0,0.0,0.0,0.4054302754120158,0.0,0.0,0.0,CRR-STAGEII-CONFIRM-2026-07-22,21c5b970e734ed79636df2f3882d4d85460c5efa40b88e59b9b9a3f34a25c0ff,E3,E3-A0.90-SLACK,202607223040,Corn,Soybean,RISK_SLACK
6.9619694327463435,0.0,0.0,0.0,6.9619694327463435,0.0,0.0,0.0,CRR-STAGEII-CONFIRM-2026-07-22,21c5b970e734ed79636df2f3882d4d85460c5efa40b88e59b9b9a3f34a25c0ff,E3,E3-A0.90-SLACK,202607223041,Corn,Soybean,RISK_SLACK
16.839874435642116,0.0,0.0,0.0,16.839874435642116,0.0,0.0,0.0,CRR-STAGEII-CONFIRM-2026-07-22,21c5b970e734ed79636df2f3882d4d85460c5efa40b88e59b9b9a3f34a25c0ff,E3,E3-A0.90-SLACK,202607223042,Corn,Soybean,RISK_SLACK
10.293906596900797,0.0,0.0,0.0,10.293906596900797,0.0,0.0,0.0,CRR-STAGEII-CONFIRM-2026-07-22,21c5b970e734ed79636df2f3882d4d85460c5efa40b88e59b9b9a3f34a25c0ff,E3,E3-A0.90-SLACK,202607223043,Corn,Soybean,RISK_SLACK
22.19653990824156,0.0,0.0,0.0,22.19653990824156,0.0,0.0,0.0,CRR-STAGEII-CONFIRM-2026-07-22,21c5b970e734ed79636df2f3882d4d85460c5efa40b88e59b9b9a3f34a25c0ff,E3,E3-A0.90-SLACK,202607223044,Corn,Soybean,RISK_SLACK
2.643025851404161,0.0,0.0,0.0,2.643025851404161,0.0,0.0,0.0,CRR-STAGEII-CONFIRM-2026-07-22,21c5b970e734ed79636df2f3882d4d85460c5efa40b88e59b9b9a3f34a25c0ff,E3,E3-A0.90-SLACK,202607223045,Corn,Soybean,RISK_SLACK
7.221393934822629,0.0,0.0,0.0,7.221393934822629,0.0,0.0,0.0,CRR-STAGEII-CONFIRM-2026-07-22,21c5b970e734ed79636df2f3882d4d85460c5efa40b88e59b9b9a3f34a25c0ff,E3,E3-A0.90-SLACK,202607223046,Corn,Soybean,RISK_SLACK
7.974812910253888,0.0,0.0,0.0,7.974812910253888,0.0,0.0,0.0,CRR-STAGEII-CONFIRM-2026-07-22,21c5b970e734ed79636df2f3882d4d85460c5efa40b88e59b9b9a3f34a25c0ff,E3,E3-A0.90-SLACK,202607223047,Corn,Soybean,RISK_SLACK
15.383372959458598,0.0,0.0,0.0,15.383372959458598,0.0,0.0,0.0,CRR-STAGEII-CONFIRM-2026-07-22,21c5b970e734ed79636df2f3882d4d85460c5efa40b88e59b9b9a3f34a25c0ff,E3,E3-A0.90-SLACK,202607223048,Corn,Soybean,RISK_SLACK
5.420183413675147,0.0,0.0,0.0,5.420183413675147,0.0,0.0,0.0,CRR-STAGEII-CONFIRM-2026-07-22,21c5b970e734ed79636df2f3882d4d85460c5efa40b88e59b9b9a3f34a25c0ff,E3,E3-A0.90-SLACK,202607223049,Corn,Soybean,RISK_SLACK
0.8592758435601127,0.0,0.0,0.0,0.8592758435601127,0.0,0.0,0.0,CRR-STAGEII-CONFIRM-2026-07-22,21c5b970e734ed79636df2f3882d4d85460c5efa40b88e59b9b9a3f34a25c0ff,E3,E3-A0.90-SLACK,202607223050,Corn,Soybean,RISK_SLACK
12.131827572746886,0.0,0.0,0.0,12.131827572746886,0.0,0.0,0.0,CRR-STAGEII-CONFIRM-2026-07-22,21c5b970e734ed79636df2f3882d4d85460c5efa40b88e59b9b9a3f34a25c0ff,E3,E3-A0.90-SLACK,202607223051,Corn,Soybean,RISK_SLACK
-0.959508179097952,0.0,0.0,0.0,-0.959508179097952,0.0,0.0,0.0,CRR-STAGEII-CONFIRM-2026-07-22,21c5b970e734ed79636df2f3882d4d85460c5efa40b88e59b9b9a3f34a25c0ff,E3,E3-A0.90-SLACK,202607223052,Corn,Soybean,RISK_SLACK
4.304212576300813,0.0,0.0,0.0,4.304212576300813,0.0,0.0,0.0,CRR-STAGEII-CONFIRM-2026-07-22,21c5b970e734ed79636df2f3882d4d85460c5efa40b88e59b9b9a3f34a25c0ff,E3,E3-A0.90-SLACK,202607223053,Corn,Soybean,RISK_SLACK
3.6881910772119113,0.0,0.0,0.0,3.6881910772119113,0.0,0.0,0.0,CRR-STAGEII-CONFIRM-2026-07-22,21c5b970e734ed79636df2f3882d4d85460c5efa40b88e59b9b9a3f34a25c0ff,E3,E3-A0.90-SLACK,202607223054,Corn,Soybean,RISK_SLACK
12.336220919101436,0.0,0.0,0.0,12.336220919101436,0.0,0.0,0.0,CRR-STAGEII-CONFIRM-2026-07-22,21c5b970e734ed79636df2f3882d4d85460c5efa40b88e59b9b9a3f34a25c0ff,E3,E3-A0.90-SLACK,202607223055,Corn,Soybean,RISK_SLACK
10.886724359049367,0.0,0.0,0.0,10.886724359049367,0.0,0.0,0.0,CRR-STAGEII-CONFIRM-2026-07-22,21c5b970e734ed79636df2f3882d4d85460c5efa40b88e59b9b9a3f34a25c0ff,E3,E3-A0.90-SLACK,202607223056,Corn,Soybean,RISK_SLACK
1.5572846249850727,0.0,0.0,0.0,1.5572846249850727,0.0,0.0,0.0,CRR-STAGEII-CONFIRM-2026-07-22,21c5b970e734ed79636df2f3882d4d85460c5efa40b88e59b9b9a3f34a25c0ff,E3,E3-A0.90-SLACK,202607223057,Corn,Soybean,RISK_SLACK
-6.507928967687178,0.0,0.0,0.0,-6.507928967687178,0.0,0.0,0.0,CRR-STAGEII-CONFIRM-2026-07-22,21c5b970e734ed79636df2f3882d4d85460c5efa40b88e59b9b9a3f34a25c0ff,E3,E3-A0.90-SLACK,202607223058,Corn,Soybean,RISK_SLACK
-0.0414543506873315,0.0,0.0,0.0,-0.0414543506873315,0.0,0.0,0.0,CRR-STAGEII-CONFIRM-2026-07-22,21c5b970e734ed79636df2f3882d4d85460c5efa40b88e59b9b9a3f34a25c0ff,E3,E3-A0.90-SLACK,202607223059,Corn,Soybean,RISK_SLACK
-4.454255709675806,0.0,0.0,0.0,-4.454255709675806,0.0,0.0,0.0,CRR-STAGEII-CONFIRM-2026-07-22,21c5b970e734ed79636df2f3882d4d85460c5efa40b88e59b9b9a3f34a25c0ff,E3,E3-A0.90-SLACK,202607223060,Corn,Soybean,RISK_SLACK
11.71436173816528,0.0,0.0,0.0,11.71436173816528,0.0,0.0,0.0,CRR-STAGEII-CONFIRM-2026-07-22,21c5b970e734ed79636df2f3882d4d85460c5efa40b88e59b9b9a3f34a25c0ff,E3,E3-A0.90-SLACK,202607223061,Corn,Soybean,RISK_SLACK
16.34724506246397,0.0,0.0,0.0,16.34724506246397,0.0,0.0,0.0,CRR-STAGEII-CONFIRM-2026-07-22,21c5b970e734ed79636df2f3882d4d85460c5efa40b88e59b9b9a3f34a25c0ff,E3,E3-A0.90-SLACK,202607223062,Corn,Soybean,RISK_SLACK
-8.631558314098413,0.0,0.0,0.0,-8.631558314098413,0.0,0.0,0.0,CRR-STAGEII-CONFIRM-2026-07-22,21c5b970e734ed79636df2f3882d4d85460c5efa40b88e59b9b9a3f34a25c0ff,E3,E3-A0.90-SLACK,202607223063,Corn,Soybean,RISK_SLACK
13.795455500557807,0.0,0.0,0.0,13.795455500557807,0.0,0.0,0.0,CRR-STAGEII-CONFIRM-2026-07-22,21c5b970e734ed79636df2f3882d4d85460c5efa40b88e59b9b9a3f34a25c0ff,E3,E3-A0.90-SLACK,202607223064,Corn,Soybean,RISK_SLACK
0.7764502511187175,0.7764502511187177,0.0,0.0,0.0,-2.220446049250313e-16,0.009136497104947142,0.0,CRR-STAGEII-CONFIRM-2026-07-22,21c5b970e734ed79636df2f3882d4d85460c5efa40b88e59b9b9a3f34a25c0ff,E3,E3-A0.90-STRONGLY_BINDING,202607223001,Corn,Soybean,RISK_PRESSURE
5.6526061900403874,5.652606190040373,0.0,0.0,0.0,1.4210854715202004e-14,0.07878737159916263,0.0,CRR-STAGEII-CONFIRM-2026-07-22,21c5b970e734ed79636df2f3882d4d85460c5efa40b88e59b9b9a3f34a25c0ff,E3,E3-A0.90-STRONGLY_BINDING,202607223002,Corn,Soybean,RISK_PRESSURE
2.6190512131548758,2.6190512131548713,0.0,0.0,0.0,4.440892098500626e-15,0.057162394842013964,0.0,CRR-STAGEII-CONFIRM-2026-07-22,21c5b970e734ed79636df2f3882d4d85460c5efa40b88e59b9b9a3f34a25c0ff,E3,E3-A0.90-STRONGLY_BINDING,202607223003,Corn,Soybean,RISK_PRESSURE
7.769541171982155,7.7695411719821585,0.0,0.0,0.0,-3.552713678800501e-15,0.11167913145759874,0.0,CRR-STAGEII-CONFIRM-2026-07-22,21c5b970e734ed79636df2f3882d4d85460c5efa40b88e59b9b9a3f34a25c0ff,E3,E3-A0.90-STRONGLY_BINDING,202607223004,Corn,Soybean,RISK_PRESSURE
6.09904892338227,6.09904892338237,0.0,0.0,0.0,-1.0036416142611415e-13,0.1105548994517761,0.0,CRR-STAGEII-CONFIRM-2026-07-22,21c5b970e734ed79636df2f3882d4d85460c5efa40b88e59b9b9a3f34a25c0ff,E3,E3-A0.90-STRONGLY_BINDING,202607223005,Corn,Soybean,RISK_PRESSURE
3.726347771660528,3.7263477716605222,0.0,0.0,0.0,5.773159728050814e-15,0.05917637603928751,0.0,CRR-STAGEII-CONFIRM-2026-07-22,21c5b970e734ed79636df2f3882d4d85460c5efa40b88e59b9b9a3f34a25c0ff,E3,E3-A0.90-STRONGLY_BINDING,202607223006,Corn,Soybean,RISK_PRESSURE
-1.2473789702573868,-1.2473789702573814,0.0,0.0,0.0,-5.329070518200751e-15,0.034193604082834776,0.0,CRR-STAGEII-CONFIRM-2026-07-22,21c5b970e734ed79636df2f3882d4d85460c5efa40b88e59b9b9a3f34a25c0ff,E3,E3-A0.90-STRONGLY_BINDING,202607223007,Corn,Soybean,RISK_PRESSURE
2.869053772664529,2.869053772664519,0.0,0.0,0.0,9.769962616701378e-15,0.04308973812866518,0.0,CRR-STAGEII-CONFIRM-2026-07-22,21c5b970e734ed79636df2f3882d4d85460c5efa40b88e59b9b9a3f34a25c0ff,E3,E3-A0.90-STRONGLY_BINDING,202607223008,Corn,Soybean,RISK_PRESSURE
9.034237767796242,9.034237767796165,0.0,0.0,0.0,7.638334409421077e-14,0.10105526340503619,0.0,CRR-STAGEII-CONFIRM-2026-07-22,21c5b970e734ed79636df2f3882d4d85460c5efa40b88e59b9b9a3f34a25c0ff,E3,E3-A0.90-STRONGLY_BINDING,202607223009,Corn,Soybean,RISK_PRESSURE
20.625820516011515,20.62582051601158,0.0,0.0,0.0,-6.394884621840902e-14,0.3370650040825011,0.0,CRR-STAGEII-CONFIRM-2026-07-22,21c5b970e734ed79636df2f3882d4d85460c5efa40b88e59b9b9a3f34a25c0ff,E3,E3-A0.90-STRONGLY_BINDING,202607223010,Corn,Soybean,RISK_PRESSURE
5.532470496087399,5.532470496087392,0.0,0.0,0.0,7.105427357601002e-15,0.07415429326555174,0.0,CRR-STAGEII-CONFIRM-2026-07-22,21c5b970e734ed79636df2f3882d4d85460c5efa40b88e59b9b9a3f34a25c0ff,E3,E3-A0.90-STRONGLY_BINDING,202607223011,Corn,Soybean,RISK_PRESSURE
14.820609084131434,14.820609084131421,0.0,0.0,0.0,1.2434497875801753e-14,0.24305926900460798,0.0,CRR-STAGEII-CONFIRM-2026-07-22,21c5b970e734ed79636df2f3882d4d85460c5efa40b88e59b9b9a3f34a25c0ff,E3,E3-A0.90-STRONGLY_BINDING,202607223012,Corn,Soybean,RISK_PRESSURE
-7.217210848530556,-7.217210848530568,0.0,0.0,0.0,1.2434497875801753e-14,0.807418302274354,0.0,CRR-STAGEII-CONFIRM-2026-07-22,21c5b970e734ed79636df2f3882d4d85460c5efa40b88e59b9b9a3f34a25c0ff,E3,E3-A0.90-STRONGLY_BINDING,202607223013,Corn,Soybean,RISK_PRESSURE
0.9827598437708502,0.9827598437708482,0.0,0.0,0.0,1.9984014443252818e-15,0.015875917278486217,0.0,CRR-STAGEII-CONFIRM-2026-07-22,21c5b970e734ed79636df2f3882d4d85460c5efa40b88e59b9b9a3f34a25c0ff,E3,E3-A0.90-STRONGLY_BINDING,202607223014,Corn,Soybean,RISK_PRESSURE
-1.805258611980605,-1.805258611980608,0.0,0.0,0.0,2.886579864025407e-15,0.079050003047167,0.0,CRR-STAGEII-CONFIRM-2026-07-22,21c5b970e734ed79636df2f3882d4d85460c5efa40b88e59b9b9a3f34a25c0ff,E3,E3-A0.90-STRONGLY_BINDING,202607223015,Corn,Soybean,RISK_PRESSURE
-6.436633843829497,-6.4366338438294095,0.0,0.0,0.0,-8.79296635503124e-14,0.8692677972073066,0.0,CRR-STAGEII-CONFIRM-2026-07-22,21c5b970e734ed79636df2f3882d4d85460c5efa40b88e59b9b9a3f34a25c0ff,E3,E3-A0.90-STRONGLY_BINDING,202607223016,Corn,Soybean,RISK_PRESSURE
-3.560399087223118,-3.560399087223105,0.0,0.0,0.0,-1.2878587085651816e-14,0.1920565703986017,0.0,CRR-STAGEII-CONFIRM-2026-07-22,21c5b970e734ed79636df2f3882d4d85460c5efa40b88e59b9b9a3f34a25c0ff,E3,E3-A0.90-STRONGLY_BINDING,202607223017,Corn,Soybean,RISK_PRESSURE
7.876091947737336,7.876091947737363,0.0,0.0,0.0,-2.6645352591003757e-14,0.13568770521408968,0.0,CRR-STAGEII-CONFIRM-2026-07-22,21c5b970e734ed79636df2f3882d4d85460c5efa40b88e59b9b9a3f34a25c0ff,E3,E3-A0.90-STRONGLY_BINDING,202607223018,Corn,Soybean,RISK_PRESSURE
9.566517260429237,9.566517260429245,0.0,0.0,0.0,-8.881784197001252e-15,0.10156087358020742,0.0,CRR-STAGEII-CONFIRM-2026-07-22,21c5b970e734ed79636df2f3882d4d85460c5efa40b88e59b9b9a3f34a25c0ff,E3,E3-A0.90-STRONGLY_BINDING,202607223019,Corn,Soybean,RISK_PRESSURE
-12.218414707629961,-12.218414707629895,0.0,0.0,0.0,-6.572520305780927e-14,0.5161965500810817,0.0,CRR-STAGEII-CONFIRM-2026-07-22,21c5b970e734ed79636df2f3882d4d85460c5efa40b88e59b9b9a3f34a25c0ff,E3,E3-A0.90-STRONGLY_BINDING,202607223020,Corn,Soybean,RISK_PRESSURE
5.470240209130623,5.470240209130638,0.0,0.0,0.0,-1.509903313490213e-14,0.06260911176701037,0.0,CRR-STAGEII-CONFIRM-2026-07-22,21c5b970e734ed79636df2f3882d4d85460c5efa40b88e59b9b9a3f34a25c0ff,E3,E3-A0.90-STRONGLY_BINDING,202607223021,Corn,Soybean,RISK_PRESSURE
16.070209900352438,16.070209900352527,0.0,0.0,0.0,-8.881784197001252e-14,0.3129950132171154,0.0,CRR-STAGEII-CONFIRM-2026-07-22,21c5b970e734ed79636df2f3882d4d85460c5efa40b88e59b9b9a3f34a25c0ff,E3,E3-A0.90-STRONGLY_BINDING,202607223022,Corn,Soybean,RISK_PRESSURE
26.613628509209946,26.613628509209864,0.0,0.0,0.0,8.171241461241152e-14,0.5286006666744701,0.0,CRR-STAGEII-CONFIRM-2026-07-22,21c5b970e734ed79636df2f3882d4d85460c5efa40b88e59b9b9a3f34a25c0ff,E3,E3-A0.90-STRONGLY_BINDING,202607223023,Corn,Soybean,RISK_PRESSURE
0.9574569277015712,0.9574569277015764,0.0,0.0,0.0,-5.218048215738236e-15,0.01400092603490152,0.0,CRR-STAGEII-CONFIRM-2026-07-22,21c5b970e734ed79636df2f3882d4d85460c5efa40b88e59b9b9a3f34a25c0ff,E3,E3-A0.90-STRONGLY_BINDING,202607223024,Corn,Soybean,RISK_PRESSURE
15.035491577841299,15.035491577841306,0.0,0.0,0.0,-7.105427357601002e-15,0.27021713033014616,0.0,CRR-STAGEII-CONFIRM-2026-07-22,21c5b970e734ed79636df2f3882d4d85460c5efa40b88e59b9b9a3f34a25c0ff,E3,E3-A0.90-STRONGLY_BINDING,202607223025,Corn,Soybean,RISK_PRESSURE
10.711405482688008,10.711405482688003,0.0,0.0,0.0,5.329070518200751e-15,0.17534954613599976,0.0,CRR-STAGEII-CONFIRM-2026-07-22,21c5b970e734ed79636df2f3882d4d85460c5efa40b88e59b9b9a3f34a25c0ff,E3,E3-A0.90-STRONGLY_BINDING,202607223026,Corn,Soybean,RISK_PRESSURE
11.304968835949126,11.304968835949136,0.0,0.0,0.0,-1.0658141036401503e-14,0.1874976344683616,0.0,CRR-STAGEII-CONFIRM-2026-07-22,21c5b970e734ed79636df2f3882d4d85460c5efa40b88e59b9b9a3f34a25c0ff,E3,E3-A0.90-STRONGLY_BINDING,202607223027,Corn,Soybean,RISK_PRESSURE
21.89148796016707,21.891487960167037,0.0,0.0,0.0,3.197442310920451e-14,0.39370253758684937,0.0,CRR-STAGEII-CONFIRM-2026-07-22,21c5b970e734ed79636df2f3882d4d85460c5efa40b88e59b9b9a3f34a25c0ff,E3,E3-A0.90-STRONGLY_BINDING,202607223028,Corn,Soybean,RISK_PRESSURE
3.4562737372798438,3.456273737279802,0.0,0.0,0.0,4.1744385725905886e-14,0.05557741728720805,0.0,CRR-STAGEII-CONFIRM-2026-07-22,21c5b970e734ed79636df2f3882d4d85460c5efa40b88e59b9b9a3f34a25c0ff,E3,E3-A0.90-STRONGLY_BINDING,202607223029,Corn,Soybean,RISK_PRESSURE
8.128285075812983,8.12828507581296,0.0,0.0,0.0,2.3092638912203256e-14,0.12266698832680145,0.0,CRR-STAGEII-CONFIRM-2026-07-22,21c5b970e734ed79636df2f3882d4d85460c5efa40b88e59b9b9a3f34a25c0ff,E3,E3-A0.90-STRONGLY_BINDING,202607223030,Corn,Soybean,RISK_PRESSURE
9.944996466964255,9.94499646696418,0.0,0.0,0.0,7.460698725481052e-14,0.1674003431549469,0.0,CRR-STAGEII-CONFIRM-2026-07-22,21c5b970e734ed79636df2f3882d4d85460c5efa40b88e59b9b9a3f34a25c0ff,E3,E3-A0.90-STRONGLY_BINDING,202607223031,Corn,Soybean,RISK_PRESSURE
2.1110260093967668,2.1110260093967783,0.0,0.0,0.0,-1.1546319456101628e-14,0.03390269326652268,0.0,CRR-STAGEII-CONFIRM-2026-07-22,21c5b970e734ed79636df2f3882d4d85460c5efa40b88e59b9b9a3f34a25c0ff,E3,E3-A0.90-STRONGLY_BINDING,202607223032,Corn,Soybean,RISK_PRESSURE
-5.778453367240331,-5.77845336724034,0.0,0.0,0.0,8.881784197001252e-15,0.3537204377491175,0.0,CRR-STAGEII-CONFIRM-2026-07-22,21c5b970e734ed79636df2f3882d4d85460c5efa40b88e59b9b9a3f34a25c0ff,E3,E3-A0.90-STRONGLY_BINDING,202607223033,Corn,Soybean,RISK_PRESSURE
4.440236514582182,4.440236514582177,0.0,0.0,0.0,4.440892098500626e-15,0.0485160627664883,0.0,CRR-STAGEII-CONFIRM-2026-07-22,21c5b970e734ed79636df2f3882d4d85460c5efa40b88e59b9b9a3f34a25c0ff,E3,E3-A0.90-STRONGLY_BINDING,202607223034,Corn,Soybean,RISK_PRESSURE
-5.2922084326686445,-5.292208432668666,0.0,0.0,0.0,2.1316282072803006e-14,0.1886666803113353,0.0,CRR-STAGEII-CONFIRM-2026-07-22,21c5b970e734ed79636df2f3882d4d85460c5efa40b88e59b9b9a3f34a25c0ff,E3,E3-A0.90-STRONGLY_BINDING,202607223035,Corn,Soybean,RISK_PRESSURE
11.714533808885335,11.714533808885312,0.0,0.0,0.0,2.3092638912203256e-14,0.19829809076913896,0.0,CRR-STAGEII-CONFIRM-2026-07-22,21c5b970e734ed79636df2f3882d4d85460c5efa40b88e59b9b9a3f34a25c0ff,E3,E3-A0.90-STRONGLY_BINDING,202607223036,Corn,Soybean,RISK_PRESSURE
6.929779855833772,6.929779855833736,0.0,0.0,0.0,3.552713678800501e-14,0.07776527450298883,0.0,CRR-STAGEII-CONFIRM-2026-07-22,21c5b970e734ed79636df2f3882d4d85460c5efa40b88e59b9b9a3f34a25c0ff,E3,E3-A0.90-STRONGLY_BINDING,202607223037,Corn,Soybean,RISK_PRESSURE
5.792012999641997,5.792012999642002,0.0,0.0,0.0,-4.440892098500626e-15,0.12004581958657098,0.0,CRR-STAGEII-CONFIRM-2026-07-22,21c5b970e734ed79636df2f3882d4d85460c5efa40b88e59b9b9a3f34a25c0ff,E3,E3-A0.90-STRONGLY_BINDING,202607223038,Corn,Soybean,RISK_PRESSURE
5.1240609146613,5.1240609146613325,0.0,0.0,0.0,-3.2862601528904634e-14,0.10310417169132824,0.0,CRR-STAGEII-CONFIRM-2026-07-22,21c5b970e734ed79636df2f3882d4d85460c5efa40b88e59b9b9a3f34a25c0ff,E3,E3-A0.90-STRONGLY_BINDING,202607223039,Corn,Soybean,RISK_PRESSURE
0.4054302754120158,0.40543027541201393,0.0,0.0,0.0,1.887379141862766e-15,0.007976794353702694,0.0,CRR-STAGEII-CONFIRM-2026-07-22,21c5b970e734ed79636df2f3882d4d85460c5efa40b88e59b9b9a3f34a25c0ff,E3,E3-A0.90-STRONGLY_BINDING,202607223040,Corn,Soybean,RISK_PRESSURE
6.9619694327463435,6.961969432746404,0.0,0.0,0.0,-6.039613253960852e-14,0.11165112005362858,0.0,CRR-STAGEII-CONFIRM-2026-07-22,21c5b970e734ed79636df2f3882d4d85460c5efa40b88e59b9b9a3f34a25c0ff,E3,E3-A0.90-STRONGLY_BINDING,202607223041,Corn,Soybean,RISK_PRESSURE
16.839874435642116,16.839874435642088,0.0,0.0,0.0,2.842170943040401e-14,0.17317518129284895,0.0,CRR-STAGEII-CONFIRM-2026-07-22,21c5b970e734ed79636df2f3882d4d85460c5efa40b88e59b9b9a3f34a25c0ff,E3,E3-A0.90-STRONGLY_BINDING,202607223042,Corn,Soybean,RISK_PRESSURE
10.293906596900797,10.293906596900769,0.0,0.0,0.0,2.842170943040401e-14,0.11555058432459497,0.0,CRR-STAGEII-CONFIRM-2026-07-22,21c5b970e734ed79636df2f3882d4d85460c5efa40b88e59b9b9a3f34a25c0ff,E3,E3-A0.90-STRONGLY_BINDING,202607223043,Corn,Soybean,RISK_PRESSURE
22.19653990824156,22.196539908241594,0.0,0.0,0.0,-3.197442310920451e-14,0.3539216367036227,0.0,CRR-STAGEII-CONFIRM-2026-07-22,21c5b970e734ed79636df2f3882d4d85460c5efa40b88e59b9b9a3f34a25c0ff,E3,E3-A0.90-STRONGLY_BINDING,202607223044,Corn,Soybean,RISK_PRESSURE
2.643025851404161,2.643025851404152,0.0,0.0,0.0,9.325873406851315e-15,0.035856383797657924,0.0,CRR-STAGEII-CONFIRM-2026-07-22,21c5b970e734ed79636df2f3882d4d85460c5efa40b88e59b9b9a3f34a25c0ff,E3,E3-A0.90-STRONGLY_BINDING,202607223045,Corn,Soybean,RISK_PRESSURE
7.221393934822629,7.221393934822641,0.0,0.0,0.0,-1.1546319456101628e-14,0.09847353447684945,0.0,CRR-STAGEII-CONFIRM-2026-07-22,21c5b970e734ed79636df2f3882d4d85460c5efa40b88e59b9b9a3f34a25c0ff,E3,E3-A0.90-STRONGLY_BINDING,202607223046,Corn,Soybean,RISK_PRESSURE
7.974812910253888,7.974812910253912,0.0,0.0,0.0,-2.398081733190338e-14,0.13874120897162662,0.0,CRR-STAGEII-CONFIRM-2026-07-22,21c5b970e734ed79636df2f3882d4d85460c5efa40b88e59b9b9a3f34a25c0ff,E3,E3-A0.90-STRONGLY_BINDING,202607223047,Corn,Soybean,RISK_PRESSURE
15.383372959458598,15.383372959458576,0.0,0.0,0.0,2.1316282072803006e-14,0.24477518824465316,0.0,CRR-STAGEII-CONFIRM-2026-07-22,21c5b970e734ed79636df2f3882d4d85460c5efa40b88e59b9b9a3f34a25c0ff,E3,E3-A0.90-STRONGLY_BINDING,202607223048,Corn,Soybean,RISK_PRESSURE
5.420183413675147,5.4201834136751454,0.0,0.0,0.0,1.7763568394002505e-15,0.0733148262131589,0.0,CRR-STAGEII-CONFIRM-2026-07-22,21c5b970e734ed79636df2f3882d4d85460c5efa40b88e59b9b9a3f34a25c0ff,E3,E3-A0.90-STRONGLY_BINDING,202607223049,Corn,Soybean,RISK_PRESSURE
0.8592758435601127,0.8592758435601118,0.0,0.0,0.0,8.881784197001252e-16,0.010911715215090828,0.0,CRR-STAGEII-CONFIRM-2026-07-22,21c5b970e734ed79636df2f3882d4d85460c5efa40b88e59b9b9a3f34a25c0ff,E3,E3-A0.90-STRONGLY_BINDING,202607223050,Corn,Soybean,RISK_PRESSURE
12.131827572746886,12.13182757274691,0.0,0.0,0.0,-2.4868995751603507e-14,0.23521886186025415,0.0,CRR-STAGEII-CONFIRM-2026-07-22,21c5b970e734ed79636df2f3882d4d85460c5efa40b88e59b9b9a3f34a25c0ff,E3,E3-A0.90-STRONGLY_BINDING,202607223051,Corn,Soybean,RISK_PRESSURE
-0.959508179097952,-0.9595081790979534,0.0,0.0,0.0,1.3322676295501878e-15,0.06158358097482579,0.0,CRR-STAGEII-CONFIRM-2026-07-22,21c5b970e734ed79636df2f3882d4d85460c5efa40b88e59b9b9a3f34a25c0ff,E3,E3-A0.90-STRONGLY_BINDING,202607223052,Corn,Soybean,RISK_PRESSURE
4.304212576300813,4.304212576300806,0.0,0.0,0.0,7.105427357601002e-15,0.10564085590798014,0.0,CRR-STAGEII-CONFIRM-2026-07-22,21c5b970e734ed79636df2f3882d4d85460c5efa40b88e59b9b9a3f34a25c0ff,E3,E3-A0.90-STRONGLY_BINDING,202607223053,Corn,Soybean,RISK_PRESSURE
3.6881910772119113,3.6881910772119166,0.0,0.0,0.0,-5.329070518200751e-15,0.044955037699433445,0.0,CRR-STAGEII-CONFIRM-2026-07-22,21c5b970e734ed79636df2f3882d4d85460c5efa40b88e59b9b9a3f34a25c0ff,E3,E3-A0.90-STRONGLY_BINDING,202607223054,Corn,Soybean,RISK_PRESSURE
12.336220919101436,12.33622091910144,0.0,0.0,0.0,-3.552713678800501e-15,0.25750486882459256,0.0,CRR-STAGEII-CONFIRM-2026-07-22,21c5b970e734ed79636df2f3882d4d85460c5efa40b88e59b9b9a3f34a25c0ff,E3,E3-A0.90-STRONGLY_BINDING,202607223055,Corn,Soybean,RISK_PRESSURE
10.886724359049367,10.886724359049412,0.0,0.0,0.0,-4.440892098500626e-14,0.2187220129001475,0.0,CRR-STAGEII-CONFIRM-2026-07-22,21c5b970e734ed79636df2f3882d4d85460c5efa40b88e59b9b9a3f34a25c0ff,E3,E3-A0.90-STRONGLY_BINDING,202607223056,Corn,Soybean,RISK_PRESSURE
1.5572846249850727,1.5572846249850754,0.0,0.0,0.0,-2.6645352591003757e-15,0.024321916344413247,0.0,CRR-STAGEII-CONFIRM-2026-07-22,21c5b970e734ed79636df2f3882d4d85460c5efa40b88e59b9b9a3f34a25c0ff,E3,E3-A0.90-STRONGLY_BINDING,202607223057,Corn,Soybean,RISK_PRESSURE
-6.507928967687178,-6.507928967687238,0.0,0.0,0.0,5.950795411990839e-14,0.6077932850131327,0.0,CRR-STAGEII-CONFIRM-2026-07-22,21c5b970e734ed79636df2f3882d4d85460c5efa40b88e59b9b9a3f34a25c0ff,E3,E3-A0.90-STRONGLY_BINDING,202607223058,Corn,Soybean,RISK_PRESSURE
-0.0414543506873315,-0.04145435068733161,0.0,0.0,0.0,1.1102230246251565e-16,0.0022536660812727443,0.0,CRR-STAGEII-CONFIRM-2026-07-22,21c5b970e734ed79636df2f3882d4d85460c5efa40b88e59b9b9a3f34a25c0ff,E3,E3-A0.90-STRONGLY_BINDING,202607223059,Corn,Soybean,RISK_PRESSURE
-4.454255709675806,-4.454255709675818,0.0,0.0,0.0,1.2434497875801753e-14,0.08553366816010612,0.0,CRR-STAGEII-CONFIRM-2026-07-22,21c5b970e734ed79636df2f3882d4d85460c5efa40b88e59b9b9a3f34a25c0ff,E3,E3-A0.90-STRONGLY_BINDING,202607223060,Corn,Soybean,RISK_PRESSURE
11.71436173816528,11.714361738165262,0.0,0.0,0.0,1.7763568394002505e-14,0.2108144892982509,0.0,CRR-STAGEII-CONFIRM-2026-07-22,21c5b970e734ed79636df2f3882d4d85460c5efa40b88e59b9b9a3f34a25c0ff,E3,E3-A0.90-STRONGLY_BINDING,202607223061,Corn,Soybean,RISK_PRESSURE
16.34724506246397,16.347245062463944,0.0,0.0,0.0,2.4868995751603507e-14,0.22510843851463772,0.0,CRR-STAGEII-CONFIRM-2026-07-22,21c5b970e734ed79636df2f3882d4d85460c5efa40b88e59b9b9a3f34a25c0ff,E3,E3-A0.90-STRONGLY_BINDING,202607223062,Corn,Soybean,RISK_PRESSURE
-8.631558314098413,-8.63155831409841,0.0,0.0,0.0,-3.552713678800501e-15,0.22679122125577195,0.0,CRR-STAGEII-CONFIRM-2026-07-22,21c5b970e734ed79636df2f3882d4d85460c5efa40b88e59b9b9a3f34a25c0ff,E3,E3-A0.90-STRONGLY_BINDING,202607223063,Corn,Soybean,RISK_PRESSURE
13.795455500557807,13.795455500557942,0.0,0.0,0.0,-1.3500311979441904e-13,0.2701310591548961,0.0,CRR-STAGEII-CONFIRM-2026-07-22,21c5b970e734ed79636df2f3882d4d85460c5efa40b88e59b9b9a3f34a25c0ff,E3,E3-A0.90-STRONGLY_BINDING,202607223064,Corn,Soybean,RISK_PRESSURE
0.7764502511187175,0.7764502511187172,0.0,0.0,0.0,2.220446049250313e-16,0.003598460836649198,0.0,CRR-STAGEII-CONFIRM-2026-07-22,21c5b970e734ed79636df2f3882d4d85460c5efa40b88e59b9b9a3f34a25c0ff,E3,E3-A0.95-BINDING_MID,202607223001,Corn,Soybean,RISK_PRESSURE
5.6526061900403874,5.652606190040386,0.0,0.0,0.0,1.7763568394002505e-15,0.025303498140268953,0.0,CRR-STAGEII-CONFIRM-2026-07-22,21c5b970e734ed79636df2f3882d4d85460c5efa40b88e59b9b9a3f34a25c0ff,E3,E3-A0.95-BINDING_MID,202607223002,Corn,Soybean,RISK_PRESSURE
2.6190512131548758,2.6190512131548744,0.0,0.0,0.0,1.3322676295501878e-15,0.012212907831392665,0.0,CRR-STAGEII-CONFIRM-2026-07-22,21c5b970e734ed79636df2f3882d4d85460c5efa40b88e59b9b9a3f34a25c0ff,E3,E3-A0.95-BINDING_MID,202607223003,Corn,Soybean,RISK_PRESSURE
7.769541171982155,7.769541171982182,0.0,0.0,0.0,-2.6645352591003757e-14,0.031406693481068046,0.0,CRR-STAGEII-CONFIRM-2026-07-22,21c5b970e734ed79636df2f3882d4d85460c5efa40b88e59b9b9a3f34a25c0ff,E3,E3-A0.95-BINDING_MID,202607223004,Corn,Soybean,RISK_PRESSURE
6.09904892338227,6.099048923382241,0.0,0.0,0.0,2.930988785010413e-14,0.028648969159550886,0.0,CRR-STAGEII-CONFIRM-2026-07-22,21c5b970e734ed79636df2f3882d4d85460c5efa40b88e59b9b9a3f34a25c0ff,E3,E3-A0.95-BINDING_MID,202607223005,Corn,Soybean,RISK_PRESSURE
3.726347771660528,3.7263477716605284,0.0,0.0,0.0,-4.440892098500626e-16,0.020430593905362615,0.0,CRR-STAGEII-CONFIRM-2026-07-22,21c5b970e734ed79636df2f3882d4d85460c5efa40b88e59b9b9a3f34a25c0ff,E3,E3-A0.95-BINDING_MID,202607223006,Corn,Soybean,RISK_PRESSURE
-1.2473789702573868,-1.2473789702573865,0.0,0.0,0.0,-2.220446049250313e-16,0.01339274883605164,0.0,CRR-STAGEII-CONFIRM-2026-07-22,21c5b970e734ed79636df2f3882d4d85460c5efa40b88e59b9b9a3f34a25c0ff,E3,E3-A0.95-BINDING_MID,202607223007,Corn,Soybean,RISK_PRESSURE
2.869053772664529,2.8690537726645293,0.0,0.0,0.0,-4.440892098500626e-16,0.014153754897493799,0.0,CRR-STAGEII-CONFIRM-2026-07-22,21c5b970e734ed79636df2f3882d4d85460c5efa40b88e59b9b9a3f34a25c0ff,E3,E3-A0.95-BINDING_MID,202607223008,Corn,Soybean,RISK_PRESSURE
9.034237767796242,9.034237767796249,0.0,0.0,0.0,-7.105427357601002e-15,0.046874421849079265,0.0,CRR-STAGEII-CONFIRM-2026-07-22,21c5b970e734ed79636df2f3882d4d85460c5efa40b88e59b9b9a3f34a25c0ff,E3,E3-A0.95-BINDING_MID,202607223009,Corn,Soybean,RISK_PRESSURE
20.625820516011515,20.625820516011522,0.0,0.0,0.0,-7.105427357601002e-15,0.11661653204738348,0.0,CRR-STAGEII-CONFIRM-2026-07-22,21c5b970e734ed79636df2f3882d4d85460c5efa40b88e59b9b9a3f34a25c0ff,E3,E3-A0.95-BINDING_MID,202607223010,Corn,Soybean,RISK_PRESSURE
5.532470496087399,5.532470496087395,0.0,0.0,0.0,3.552713678800501e-15,0.020938338570777714,0.0,CRR-STAGEII-CONFIRM-2026-07-22,21c5b970e734ed79636df2f3882d4d85460c5efa40b88e59b9b9a3f34a25c0ff,E3,E3-A0.95-BINDING_MID,202607223011,Corn,Soybean,RISK_PRESSURE
14.820609084131434,14.820609084131421,0.0,0.0,0.0,1.2434497875801753e-14,0.07397528203223362,0.0,CRR-STAGEII-CONFIRM-2026-07-22,21c5b970e734ed79636df2f3882d4d85460c5efa40b88e59b9b9a3f34a25c0ff,E3,E3-A0.95-BINDING_MID,202607223012,Corn,Soybean,RISK_PRESSURE
-7.217210848530556,-7.217210848530527,0.0,0.0,0.0,-2.842170943040401e-14,0.24383041863915197,0.0,CRR-STAGEII-CONFIRM-2026-07-22,21c5b970e734ed79636df2f3882d4d85460c5efa40b88e59b9b9a3f34a25c0ff,E3,E3-A0.95-BINDING_MID,202607223013,Corn,Soybean,RISK_PRESSURE
0.9827598437708502,0.98275984377085,0.0,0.0,0.0,2.220446049250313e-16,0.004797840894839817,0.0,CRR-STAGEII-CONFIRM-2026-07-22,21c5b970e734ed79636df2f3882d4d85460c5efa40b88e59b9b9a3f34a25c0ff,E3,E3-A0.95-BINDING_MID,202607223014,Corn,Soybean,RISK_PRESSURE
-1.805258611980605,-1.805258611980607,0.0,0.0,0.0,1.9984014443252818e-15,0.021005865460808557,0.0,CRR-STAGEII-CONFIRM-2026-07-22,21c5b970e734ed79636df2f3882d4d85460c5efa40b88e59b9b9a3f34a25c0ff,E3,E3-A0.95-BINDING_MID,202607223015,Corn,Soybean,RISK_PRESSURE
-6.436633843829497,-6.4366338438295205,0.0,0.0,0.0,2.3092638912203256e-14,0.7179129804867563,0.0,CRR-STAGEII-CONFIRM-2026-07-22,21c5b970e734ed79636df2f3882d4d85460c5efa40b88e59b9b9a3f34a25c0ff,E3,E3-A0.95-BINDING_MID,202607223016,Corn,Soybean,RISK_PRESSURE
-3.560399087223118,-3.560399087223117,0.0,0.0,0.0,-8.881784197001252e-16,0.05231844933186264,0.0,CRR-STAGEII-CONFIRM-2026-07-22,21c5b970e734ed79636df2f3882d4d85460c5efa40b88e59b9b9a3f34a25c0ff,E3,E3-A0.95-BINDING_MID,202607223017,Corn,Soybean,RISK_PRESSURE
7.876091947737336,7.876091947737336,0.0,0.0,0.0,0.0,0.03731034302258473,0.0,CRR-STAGEII-CONFIRM-2026-07-22,21c5b970e734ed79636df2f3882d4d85460c5efa40b88e59b9b9a3f34a25c0ff,E3,E3-A0.95-BINDING_MID,202607223018,Corn,Soybean,RISK_PRESSURE
9.566517260429237,9.566517260429238,0.0,0.0,0.0,-1.7763568394002505e-15,0.04505960769122851,0.0,CRR-STAGEII-CONFIRM-2026-07-22,21c5b970e734ed79636df2f3882d4d85460c5efa40b88e59b9b9a3f34a25c0ff,E3,E3-A0.95-BINDING_MID,202607223019,Corn,Soybean,RISK_PRESSURE
-12.218414707629961,-12.218414707629934,0.0,0.0,0.0,-2.6645352591003757e-14,0.40665831952663706,0.0,CRR-STAGEII-CONFIRM-2026-07-22,21c5b970e734ed79636df2f3882d4d85460c5efa40b88e59b9b9a3f34a25c0ff,E3,E3-A0.95-BINDING_MID,202607223020,Corn,Soybean,RISK_PRESSURE
5.470240209130623,5.470240209130591,0.0,0.0,0.0,3.197442310920451e-14,0.02256649968826287,0.0,CRR-STAGEII-CONFIRM-2026-07-22,21c5b970e734ed79636df2f3882d4d85460c5efa40b88e59b9b9a3f34a25c0ff,E3,E3-A0.95-BINDING_MID,202607223021,Corn,Soybean,RISK_PRESSURE
16.070209900352438,16.070209900352435,0.0,0.0,0.0,3.552713678800501e-15,0.09804637726407159,0.0,CRR-STAGEII-CONFIRM-2026-07-22,21c5b970e734ed79636df2f3882d4d85460c5efa40b88e59b9b9a3f34a25c0ff,E3,E3-A0.95-BINDING_MID,202607223022,Corn,Soybean,RISK_PRESSURE
26.613628509209946,26.61362850920994,0.0,0.0,0.0,7.105427357601002e-15,0.16245982196931288,0.0,CRR-STAGEII-CONFIRM-2026-07-22,21c5b970e734ed79636df2f3882d4d85460c5efa40b88e59b9b9a3f34a25c0ff,E3,E3-A0.95-BINDING_MID,202607223023,Corn,Soybean,RISK_PRESSURE
0.9574569277015712,0.9574569277015708,0.0,0.0,0.0,4.440892098500626e-16,0.006425062515012787,0.0,CRR-STAGEII-CONFIRM-2026-07-22,21c5b970e734ed79636df2f3882d4d85460c5efa40b88e59b9b9a3f34a25c0ff,E3,E3-A0.95-BINDING_MID,202607223024,Corn,Soybean,RISK_PRESSURE
15.035491577841299,15.035491577841302,0.0,0.0,0.0,-3.552713678800501e-15,0.08032294743588343,0.0,CRR-STAGEII-CONFIRM-2026-07-22,21c5b970e734ed79636df2f3882d4d85460c5efa40b88e59b9b9a3f34a25c0ff,E3,E3-A0.95-BINDING_MID,202607223025,Corn,Soybean,RISK_PRESSURE
10.711405482688008,10.711405482688008,0.0,0.0,0.0,0.0,0.057129826449647036,0.0,CRR-STAGEII-CONFIRM-2026-07-22,21c5b970e734ed79636df2f3882d4d85460c5efa40b88e59b9b9a3f34a25c0ff,E3,E3-A0.95-BINDING_MID,202607223026,Corn,Soybean,RISK_PRESSURE
11.304968835949126,11.304968835949126,0.0,0.0,0.0,0.0,0.050731332336580136,0.0,CRR-STAGEII-CONFIRM-2026-07-22,21c5b970e734ed79636df2f3882d4d85460c5efa40b88e59b9b9a3f34a25c0ff,E3,E3-A0.95-BINDING_MID,202607223027,Corn,Soybean,RISK_PRESSURE
21.89148796016707,21.891487960167073,0.0,0.0,0.0,-3.552713678800501e-15,0.12501957141762382,0.0,CRR-STAGEII-CONFIRM-2026-07-22,21c5b970e734ed79636df2f3882d4d85460c5efa40b88e59b9b9a3f34a25c0ff,E3,E3-A0.95-BINDING_MID,202607223028,Corn,Soybean,RISK_PRESSURE
3.4562737372798438,3.45627373727984,0.0,0.0,0.0,3.552713678800501e-15,0.022076287242714262,0.0,CRR-STAGEII-CONFIRM-2026-07-22,21c5b970e734ed79636df2f3882d4d85460c5efa40b88e59b9b9a3f34a25c0ff,E3,E3-A0.95-BINDING_MID,202607223029,Corn,Soybean,RISK_PRESSURE
8.128285075812983,8.128285075812983,0.0,0.0,0.0,0.0,0.037853575108464474,0.0,CRR-STAGEII-CONFIRM-2026-07-22,21c5b970e734ed79636df2f3882d4d85460c5efa40b88e59b9b9a3f34a25c0ff,E3,E3-A0.95-BINDING_MID,202607223030,Corn,Soybean,RISK_PRESSURE
9.944996466964255,9.944996466964252,0.0,0.0,0.0,3.552713678800501e-15,0.05724021062967216,0.0,CRR-STAGEII-CONFIRM-2026-07-22,21c5b970e734ed79636df2f3882d4d85460c5efa40b88e59b9b9a3f34a25c0ff,E3,E3-A0.95-BINDING_MID,202607223031,Corn,Soybean,RISK_PRESSURE
2.1110260093967668,2.1110260093967677,0.0,0.0,0.0,-8.881784197001252e-16,0.008707265206803679,0.0,CRR-STAGEII-CONFIRM-2026-07-22,21c5b970e734ed79636df2f3882d4d85460c5efa40b88e59b9b9a3f34a25c0ff,E3,E3-A0.95-BINDING_MID,202607223032,Corn,Soybean,RISK_PRESSURE
-5.778453367240331,-5.778453367240328,0.0,0.0,0.0,-3.552713678800501e-15,0.09566629136820987,0.0,CRR-STAGEII-CONFIRM-2026-07-22,21c5b970e734ed79636df2f3882d4d85460c5efa40b88e59b9b9a3f34a25c0ff,E3,E3-A0.95-BINDING_MID,202607223033,Corn,Soybean,RISK_PRESSURE
4.440236514582182,4.440236514582181,0.0,0.0,0.0,8.881784197001252e-16,0.020543235034774628,0.0,CRR-STAGEII-CONFIRM-2026-07-22,21c5b970e734ed79636df2f3882d4d85460c5efa40b88e59b9b9a3f34a25c0ff,E3,E3-A0.95-BINDING_MID,202607223034,Corn,Soybean,RISK_PRESSURE
-5.2922084326686445,-5.292208432668651,0.0,0.0,0.0,6.217248937900877e-15,0.052221742041939315,0.0,CRR-STAGEII-CONFIRM-2026-07-22,21c5b970e734ed79636df2f3882d4d85460c5efa40b88e59b9b9a3f34a25c0ff,E3,E3-A0.95-BINDING_MID,202607223035,Corn,Soybean,RISK_PRESSURE
11.714533808885335,11.714533808885333,0.0,0.0,0.0,1.7763568394002505e-15,0.049823544791708294,0.0,CRR-STAGEII-CONFIRM-2026-07-22,21c5b970e734ed79636df2f3882d4d85460c5efa40b88e59b9b9a3f34a25c0ff,E3,E3-A0.95-BINDING_MID,202607223036,Corn,Soybean,RISK_PRESSURE
6.929779855833772,6.9297798558337655,0.0,0.0,0.0,6.217248937900877e-15,0.025095118195075223,0.0,CRR-STAGEII-CONFIRM-2026-07-22,21c5b970e734ed79636df2f3882d4d85460c5efa40b88e59b9b9a3f34a25c0ff,E3,E3-A0.95-BINDING_MID,202607223037,Corn,Soybean,RISK_PRESSURE
5.792012999641997,5.792012999641997,0.0,0.0,0.0,0.0,0.02870641342867268,0.0,CRR-STAGEII-CONFIRM-2026-07-22,21c5b970e734ed79636df2f3882d4d85460c5efa40b88e59b9b9a3f34a25c0ff,E3,E3-A0.95-BINDING_MID,202607223038,Corn,Soybean,RISK_PRESSURE
5.1240609146613,5.124060914661304,0.0,0.0,0.0,-4.440892098500626e-15,0.023816509506887955,0.0,CRR-STAGEII-CONFIRM-2026-07-22,21c5b970e734ed79636df2f3882d4d85460c5efa40b88e59b9b9a3f34a25c0ff,E3,E3-A0.95-BINDING_MID,202607223039,Corn,Soybean,RISK_PRESSURE
0.4054302754120158,0.4054302754120159,0.0,0.0,0.0,-5.551115123125783e-17,0.002112111841144806,0.0,CRR-STAGEII-CONFIRM-2026-07-22,21c5b970e734ed79636df2f3882d4d85460c5efa40b88e59b9b9a3f34a25c0ff,E3,E3-A0.95-BINDING_MID,202607223040,Corn,Soybean,RISK_PRESSURE
6.9619694327463435,6.961969432746339,0.0,0.0,0.0,4.440892098500626e-15,0.030891221889977463,0.0,CRR-STAGEII-CONFIRM-2026-07-22,21c5b970e734ed79636df2f3882d4d85460c5efa40b88e59b9b9a3f34a25c0ff,E3,E3-A0.95-BINDING_MID,202607223041,Corn,Soybean,RISK_PRESSURE
16.839874435642116,16.839874435642116,0.0,0.0,0.0,0.0,0.07812366109785164,0.0,CRR-STAGEII-CONFIRM-2026-07-22,21c5b970e734ed79636df2f3882d4d85460c5efa40b88e59b9b9a3f34a25c0ff,E3,E3-A0.95-BINDING_MID,202607223042,Corn,Soybean,RISK_PRESSURE
10.293906596900797,10.293906596900799,0.0,0.0,0.0,-1.7763568394002505e-15,0.0373264583209576,0.0,CRR-STAGEII-CONFIRM-2026-07-22,21c5b970e734ed79636df2f3882d4d85460c5efa40b88e59b9b9a3f34a25c0ff,E3,E3-A0.95-BINDING_MID,202607223043,Corn,Soybean,RISK_PRESSURE
22.19653990824156,22.19653990824155,0.0,0.0,0.0,1.0658141036401503e-14,0.12425561405229582,0.0,CRR-STAGEII-CONFIRM-2026-07-22,21c5b970e734ed79636df2f3882d4d85460c5efa40b88e59b9b9a3f34a25c0ff,E3,E3-A0.95-BINDING_MID,202607223044,Corn,Soybean,RISK_PRESSURE
2.643025851404161,2.64302585140416,0.0,0.0,0.0,1.3322676295501878e-15,0.011533293165683215,0.0,CRR-STAGEII-CONFIRM-2026-07-22,21c5b970e734ed79636df2f3882d4d85460c5efa40b88e59b9b9a3f34a25c0ff,E3,E3-A0.95-BINDING_MID,202607223045,Corn,Soybean,RISK_PRESSURE
7.221393934822629,7.221393934822635,0.0,0.0,0.0,-6.217248937900877e-15,0.03488487189018854,0.0,CRR-STAGEII-CONFIRM-2026-07-22,21c5b970e734ed79636df2f3882d4d85460c5efa40b88e59b9b9a3f34a25c0ff,E3,E3-A0.95-BINDING_MID,202607223046,Corn,Soybean,RISK_PRESSURE
7.974812910253888,7.974812910253889,0.0,0.0,0.0,-8.881784197001252e-16,0.04030916404856914,0.0,CRR-STAGEII-CONFIRM-2026-07-22,21c5b970e734ed79636df2f3882d4d85460c5efa40b88e59b9b9a3f34a25c0ff,E3,E3-A0.95-BINDING_MID,202607223047,Corn,Soybean,RISK_PRESSURE
15.383372959458598,15.383372959458587,0.0,0.0,0.0,1.0658141036401503e-14,0.06891089409396192,0.0,CRR-STAGEII-CONFIRM-2026-07-22,21c5b970e734ed79636df2f3882d4d85460c5efa40b88e59b9b9a3f34a25c0ff,E3,E3-A0.95-BINDING_MID,202607223048,Corn,Soybean,RISK_PRESSURE
5.420183413675147,5.420183413675144,0.0,0.0,0.0,3.552713678800501e-15,0.021317457677822328,0.0,CRR-STAGEII-CONFIRM-2026-07-22,21c5b970e734ed79636df2f3882d4d85460c5efa40b88e59b9b9a3f34a25c0ff,E3,E3-A0.95-BINDING_MID,202607223049,Corn,Soybean,RISK_PRESSURE
0.8592758435601127,0.859275843560113,0.0,0.0,0.0,-3.3306690738754696e-16,0.004326466117078461,0.0,CRR-STAGEII-CONFIRM-2026-07-22,21c5b970e734ed79636df2f3882d4d85460c5efa40b88e59b9b9a3f34a25c0ff,E3,E3-A0.95-BINDING_MID,202607223050,Corn,Soybean,RISK_PRESSURE
12.131827572746886,12.131827572746891,0.0,0.0,0.0,-5.329070518200751e-15,0.054738285679011955,0.0,CRR-STAGEII-CONFIRM-2026-07-22,21c5b970e734ed79636df2f3882d4d85460c5efa40b88e59b9b9a3f34a25c0ff,E3,E3-A0.95-BINDING_MID,202607223051,Corn,Soybean,RISK_PRESSURE
-0.959508179097952,-0.959508179097952,0.0,0.0,0.0,0.0,0.018525663034637742,0.0,CRR-STAGEII-CONFIRM-2026-07-22,21c5b970e734ed79636df2f3882d4d85460c5efa40b88e59b9b9a3f34a25c0ff,E3,E3-A0.95-BINDING_MID,202607223052,Corn,Soybean,RISK_PRESSURE
4.304212576300813,4.304212576300812,0.0,0.0,0.0,8.881784197001252e-16,0.022921535467988464,0.0,CRR-STAGEII-CONFIRM-2026-07-22,21c5b970e734ed79636df2f3882d4d85460c5efa40b88e59b9b9a3f34a25c0ff,E3,E3-A0.95-BINDING_MID,202607223053,Corn,Soybean,RISK_PRESSURE
3.6881910772119113,3.6881910772119135,0.0,0.0,0.0,-2.220446049250313e-15,0.015160092649558041,0.0,CRR-STAGEII-CONFIRM-2026-07-22,21c5b970e734ed79636df2f3882d4d85460c5efa40b88e59b9b9a3f34a25c0ff,E3,E3-A0.95-BINDING_MID,202607223054,Corn,Soybean,RISK_PRESSURE
12.336220919101436,12.336220919101432,0.0,0.0,0.0,3.552713678800501e-15,0.07259906583721334,0.0,CRR-STAGEII-CONFIRM-2026-07-22,21c5b970e734ed79636df2f3882d4d85460c5efa40b88e59b9b9a3f34a25c0ff,E3,E3-A0.95-BINDING_MID,202607223055,Corn,Soybean,RISK_PRESSURE
10.886724359049367,10.886724359049373,0.0,0.0,0.0,-5.329070518200751e-15,0.06920980591696357,0.0,CRR-STAGEII-CONFIRM-2026-07-22,21c5b970e734ed79636df2f3882d4d85460c5efa40b88e59b9b9a3f34a25c0ff,E3,E3-A0.95-BINDING_MID,202607223056,Corn,Soybean,RISK_PRESSURE
1.5572846249850727,1.5572846249850716,0.0,0.0,0.0,1.1102230246251565e-15,0.006238152978925596,0.0,CRR-STAGEII-CONFIRM-2026-07-22,21c5b970e734ed79636df2f3882d4d85460c5efa40b88e59b9b9a3f34a25c0ff,E3,E3-A0.95-BINDING_MID,202607223057,Corn,Soybean,RISK_PRESSURE
-6.507928967687178,-6.507928967687173,0.0,0.0,0.0,-5.329070518200751e-15,0.06773712435902451,0.0,CRR-STAGEII-CONFIRM-2026-07-22,21c5b970e734ed79636df2f3882d4d85460c5efa40b88e59b9b9a3f34a25c0ff,E3,E3-A0.95-BINDING_MID,202607223058,Corn,Soybean,RISK_PRESSURE
-0.0414543506873315,-0.04145435068733154,0.0,0.0,0.0,4.163336342344337e-17,0.0006452913553311231,0.0,CRR-STAGEII-CONFIRM-2026-07-22,21c5b970e734ed79636df2f3882d4d85460c5efa40b88e59b9b9a3f34a25c0ff,E3,E3-A0.95-BINDING_MID,202607223059,Corn,Soybean,RISK_PRESSURE
-4.454255709675806,-4.454255709675805,0.0,0.0,0.0,-8.881784197001252e-16,0.047414944883915594,0.0,CRR-STAGEII-CONFIRM-2026-07-22,21c5b970e734ed79636df2f3882d4d85460c5efa40b88e59b9b9a3f34a25c0ff,E3,E3-A0.95-BINDING_MID,202607223060,Corn,Soybean,RISK_PRESSURE
11.71436173816528,11.714361738165287,0.0,0.0,0.0,-7.105427357601002e-15,0.08036660279835592,0.0,CRR-STAGEII-CONFIRM-2026-07-22,21c5b970e734ed79636df2f3882d4d85460c5efa40b88e59b9b9a3f34a25c0ff,E3,E3-A0.95-BINDING_MID,202607223061,Corn,Soybean,RISK_PRESSURE
16.34724506246397,16.34724506246397,0.0,0.0,0.0,0.0,0.07280147450409614,0.0,CRR-STAGEII-CONFIRM-2026-07-22,21c5b970e734ed79636df2f3882d4d85460c5efa40b88e59b9b9a3f34a25c0ff,E3,E3-A0.95-BINDING_MID,202607223062,Corn,Soybean,RISK_PRESSURE
-8.631558314098413,-8.631558314098413,0.0,0.0,0.0,0.0,0.13349533832794042,0.0,CRR-STAGEII-CONFIRM-2026-07-22,21c5b970e734ed79636df2f3882d4d85460c5efa40b88e59b9b9a3f34a25c0ff,E3,E3-A0.95-BINDING_MID,202607223063,Corn,Soybean,RISK_PRESSURE
13.795455500557807,13.79545550055781,0.0,0.0,0.0,-3.552713678800501e-15,0.07306574842005084,0.0,CRR-STAGEII-CONFIRM-2026-07-22,21c5b970e734ed79636df2f3882d4d85460c5efa40b88e59b9b9a3f34a25c0ff,E3,E3-A0.95-BINDING_MID,202607223064,Corn,Soybean,RISK_PRESSURE
0.7764502511187175,0.7764502511187173,0.0,0.0,0.0,1.1102230246251565e-16,0.002433460380246838,0.0,CRR-STAGEII-CONFIRM-2026-07-22,21c5b970e734ed79636df2f3882d4d85460c5efa40b88e59b9b9a3f34a25c0ff,E3,E3-A0.95-JUST_BINDING,202607223001,Corn,Soybean,RISK_PRESSURE
5.6526061900403874,5.652606190040388,0.0,0.0,0.0,-8.881784197001252e-16,0.020349408755830054,0.0,CRR-STAGEII-CONFIRM-2026-07-22,21c5b970e734ed79636df2f3882d4d85460c5efa40b88e59b9b9a3f34a25c0ff,E3,E3-A0.95-JUST_BINDING,202607223002,Corn,Soybean,RISK_PRESSURE
2.6190512131548758,2.6190512131548758,0.0,0.0,0.0,0.0,0.009826558231146197,0.0,CRR-STAGEII-CONFIRM-2026-07-22,21c5b970e734ed79636df2f3882d4d85460c5efa40b88e59b9b9a3f34a25c0ff,E3,E3-A0.95-JUST_BINDING,202607223003,Corn,Soybean,RISK_PRESSURE
7.769541171982155,7.76954117198218,0.0,0.0,0.0,-2.4868995751603507e-14,0.02524606663176103,0.0,CRR-STAGEII-CONFIRM-2026-07-22,21c5b970e734ed79636df2f3882d4d85460c5efa40b88e59b9b9a3f34a25c0ff,E3,E3-A0.95-JUST_BINDING,202607223004,Corn,Soybean,RISK_PRESSURE
6.09904892338227,6.0990489233822425,0.0,0.0,0.0,2.7533531010703882e-14,0.02121668316913098,0.0,CRR-STAGEII-CONFIRM-2026-07-22,21c5b970e734ed79636df2f3882d4d85460c5efa40b88e59b9b9a3f34a25c0ff,E3,E3-A0.95-JUST_BINDING,202607223005,Corn,Soybean,RISK_PRESSURE
3.726347771660528,3.726347771660529,0.0,0.0,0.0,-8.881784197001252e-16,0.016424743738342077,0.0,CRR-STAGEII-CONFIRM-2026-07-22,21c5b970e734ed79636df2f3882d4d85460c5efa40b88e59b9b9a3f34a25c0ff,E3,E3-A0.95-JUST_BINDING,202607223006,Corn,Soybean,RISK_PRESSURE
-1.2473789702573868,-1.2473789702573854,0.0,0.0,0.0,-1.3322676295501878e-15,0.010230812552226534,0.0,CRR-STAGEII-CONFIRM-2026-07-22,21c5b970e734ed79636df2f3882d4d85460c5efa40b88e59b9b9a3f34a25c0ff,E3,E3-A0.95-JUST_BINDING,202607223007,Corn,Soybean,RISK_PRESSURE
2.869053772664529,2.869053772664528,0.0,0.0,0.0,8.881784197001252e-16,0.010849027694524583,0.0,CRR-STAGEII-CONFIRM-2026-07-22,21c5b970e734ed79636df2f3882d4d85460c5efa40b88e59b9b9a3f34a25c0ff,E3,E3-A0.95-JUST_BINDING,202607223008,Corn,Soybean,RISK_PRESSURE
9.034237767796242,9.034237767796244,0.0,0.0,0.0,-1.7763568394002505e-15,0.04046559012332488,0.0,CRR-STAGEII-CONFIRM-2026-07-22,21c5b970e734ed79636df2f3882d4d85460c5efa40b88e59b9b9a3f34a25c0ff,E3,E3-A0.95-JUST_BINDING,202607223009,Corn,Soybean,RISK_PRESSURE
20.625820516011515,20.62582051601151,0.0,0.0,0.0,7.105427357601002e-15,0.10168914005913508,0.0,CRR-STAGEII-CONFIRM-2026-07-22,21c5b970e734ed79636df2f3882d4d85460c5efa40b88e59b9b9a3f34a25c0ff,E3,E3-A0.95-JUST_BINDING,202607223010,Corn,Soybean,RISK_PRESSURE
5.532470496087399,5.5324704960874,0.0,0.0,0.0,-8.881784197001252e-16,0.01858046373440493,0.0,CRR-STAGEII-CONFIRM-2026-07-22,21c5b970e734ed79636df2f3882d4d85460c5efa40b88e59b9b9a3f34a25c0ff,E3,E3-A0.95-JUST_BINDING,202607223011,Corn,Soybean,RISK_PRESSURE
14.820609084131434,14.820609084131444,0.0,0.0,0.0,-1.0658141036401503e-14,0.05720938964952209,0.0,CRR-STAGEII-CONFIRM-2026-07-22,21c5b970e734ed79636df2f3882d4d85460c5efa40b88e59b9b9a3f34a25c0ff,E3,E3-A0.95-JUST_BINDING,202607223012,Corn,Soybean,RISK_PRESSURE
-7.217210848530556,-7.217210848530554,0.0,0.0,0.0,-1.7763568394002505e-15,0.12108600586880054,0.0,CRR-STAGEII-CONFIRM-2026-07-22,21c5b970e734ed79636df2f3882d4d85460c5efa40b88e59b9b9a3f34a25c0ff,E3,E3-A0.95-JUST_BINDING,202607223013,Corn,Soybean,RISK_PRESSURE
0.9827598437708502,0.98275984377085,0.0,0.0,0.0,2.220446049250313e-16,0.00387858936050261,0.0,CRR-STAGEII-CONFIRM-2026-07-22,21c5b970e734ed79636df2f3882d4d85460c5efa40b88e59b9b9a3f34a25c0ff,E3,E3-A0.95-JUST_BINDING,202607223014,Corn,Soybean,RISK_PRESSURE
-1.805258611980605,-1.8052586119806056,0.0,0.0,0.0,4.440892098500626e-16,0.016454761837123258,0.0,CRR-STAGEII-CONFIRM-2026-07-22,21c5b970e734ed79636df2f3882d4d85460c5efa40b88e59b9b9a3f34a25c0ff,E3,E3-A0.95-JUST_BINDING,202607223015,Corn,Soybean,RISK_PRESSURE
-6.436633843829497,-6.436633843829488,0.0,0.0,0.0,-9.769962616701378e-15,0.37840270114232966,0.0,CRR-STAGEII-CONFIRM-2026-07-22,21c5b970e734ed79636df2f3882d4d85460c5efa40b88e59b9b9a3f34a25c0ff,E3,E3-A0.95-JUST_BINDING,202607223016,Corn,Soybean,RISK_PRESSURE
-3.560399087223118,-3.5603990872231175,0.0,0.0,0.0,-4.440892098500626e-16,0.03963220075530267,0.0,CRR-STAGEII-CONFIRM-2026-07-22,21c5b970e734ed79636df2f3882d4d85460c5efa40b88e59b9b9a3f34a25c0ff,E3,E3-A0.95-JUST_BINDING,202607223017,Corn,Soybean,RISK_PRESSURE
7.876091947737336,7.8760919477373355,0.0,0.0,0.0,8.881784197001252e-16,0.029570949266063833,0.0,CRR-STAGEII-CONFIRM-2026-07-22,21c5b970e734ed79636df2f3882d4d85460c5efa40b88e59b9b9a3f34a25c0ff,E3,E3-A0.95-JUST_BINDING,202607223018,Corn,Soybean,RISK_PRESSURE
9.566517260429237,9.566517260429231,0.0,0.0,0.0,5.329070518200751e-15,0.03664989571803871,0.0,CRR-STAGEII-CONFIRM-2026-07-22,21c5b970e734ed79636df2f3882d4d85460c5efa40b88e59b9b9a3f34a25c0ff,E3,E3-A0.95-JUST_BINDING,202607223019,Corn,Soybean,RISK_PRESSURE
-12.218414707629961,-12.218414707629936,0.0,0.0,0.0,-2.4868995751603507e-14,0.3858429096540494,0.0,CRR-STAGEII-CONFIRM-2026-07-22,21c5b970e734ed79636df2f3882d4d85460c5efa40b88e59b9b9a3f34a25c0ff,E3,E3-A0.95-JUST_BINDING,202607223020,Corn,Soybean,RISK_PRESSURE
5.470240209130623,5.470240209130592,0.0,0.0,0.0,3.019806626980426e-14,0.019551476323412427,0.0,CRR-STAGEII-CONFIRM-2026-07-22,21c5b970e734ed79636df2f3882d4d85460c5efa40b88e59b9b9a3f34a25c0ff,E3,E3-A0.95-JUST_BINDING,202607223021,Corn,Soybean,RISK_PRESSURE
16.070209900352438,16.07020990035243,0.0,0.0,0.0,7.105427357601002e-15,0.07236701893237787,0.0,CRR-STAGEII-CONFIRM-2026-07-22,21c5b970e734ed79636df2f3882d4d85460c5efa40b88e59b9b9a3f34a25c0ff,E3,E3-A0.95-JUST_BINDING,202607223022,Corn,Soybean,RISK_PRESSURE
26.613628509209946,26.613628509209956,0.0,0.0,0.0,-1.0658141036401503e-14,0.13716604778891708,0.0,CRR-STAGEII-CONFIRM-2026-07-22,21c5b970e734ed79636df2f3882d4d85460c5efa40b88e59b9b9a3f34a25c0ff,E3,E3-A0.95-JUST_BINDING,202607223023,Corn,Soybean,RISK_PRESSURE
0.9574569277015712,0.9574569277015713,0.0,0.0,0.0,-1.1102230246251565e-16,0.005480700316458779,0.0,CRR-STAGEII-CONFIRM-2026-07-22,21c5b970e734ed79636df2f3882d4d85460c5efa40b88e59b9b9a3f34a25c0ff,E3,E3-A0.95-JUST_BINDING,202607223024,Corn,Soybean,RISK_PRESSURE
15.035491577841299,15.035491577841297,0.0,0.0,0.0,1.7763568394002505e-15,0.06778147177920192,0.0,CRR-STAGEII-CONFIRM-2026-07-22,21c5b970e734ed79636df2f3882d4d85460c5efa40b88e59b9b9a3f34a25c0ff,E3,E3-A0.95-JUST_BINDING,202607223025,Corn,Soybean,RISK_PRESSURE
10.711405482688008,10.711405482688003,0.0,0.0,0.0,5.329070518200751e-15,0.042399746088724696,0.0,CRR-STAGEII-CONFIRM-2026-07-22,21c5b970e734ed79636df2f3882d4d85460c5efa40b88e59b9b9a3f34a25c0ff,E3,E3-A0.95-JUST_BINDING,202607223026,Corn,Soybean,RISK_PRESSURE
11.304968835949126,11.304968835949126,0.0,0.0,0.0,0.0,0.04221722214029227,0.0,CRR-STAGEII-CONFIRM-2026-07-22,21c5b970e734ed79636df2f3882d4d85460c5efa40b88e59b9b9a3f34a25c0ff,E3,E3-A0.95-JUST_BINDING,202607223027,Corn,Soybean,RISK_PRESSURE
21.89148796016707,21.89148796016705,0.0,0.0,0.0,1.7763568394002505e-14,0.10528703777982014,0.0,CRR-STAGEII-CONFIRM-2026-07-22,21c5b970e734ed79636df2f3882d4d85460c5efa40b88e59b9b9a3f34a25c0ff,E3,E3-A0.95-JUST_BINDING,202607223028,Corn,Soybean,RISK_PRESSURE
3.4562737372798438,3.4562737372798407,0.0,0.0,0.0,3.1086244689504383e-15,0.013677520820770263,0.0,CRR-STAGEII-CONFIRM-2026-07-22,21c5b970e734ed79636df2f3882d4d85460c5efa40b88e59b9b9a3f34a25c0ff,E3,E3-A0.95-JUST_BINDING,202607223029,Corn,Soybean,RISK_PRESSURE
8.128285075812983,8.128285075812979,0.0,0.0,0.0,3.552713678800501e-15,0.0314972429210491,0.0,CRR-STAGEII-CONFIRM-2026-07-22,21c5b970e734ed79636df2f3882d4d85460c5efa40b88e59b9b9a3f34a25c0ff,E3,E3-A0.95-JUST_BINDING,202607223030,Corn,Soybean,RISK_PRESSURE
9.944996466964255,9.944996466964254,0.0,0.0,0.0,1.7763568394002505e-15,0.04904164558369559,0.0,CRR-STAGEII-CONFIRM-2026-07-22,21c5b970e734ed79636df2f3882d4d85460c5efa40b88e59b9b9a3f34a25c0ff,E3,E3-A0.95-JUST_BINDING,202607223031,Corn,Soybean,RISK_PRESSURE
2.1110260093967668,2.111026009396767,0.0,0.0,0.0,-4.440892098500626e-16,0.006530670518514468,0.0,CRR-STAGEII-CONFIRM-2026-07-22,21c5b970e734ed79636df2f3882d4d85460c5efa40b88e59b9b9a3f34a25c0ff,E3,E3-A0.95-JUST_BINDING,202607223032,Corn,Soybean,RISK_PRESSURE
-5.778453367240331,-5.778453367240327,0.0,0.0,0.0,-4.440892098500626e-15,0.052897149088920035,0.0,CRR-STAGEII-CONFIRM-2026-07-22,21c5b970e734ed79636df2f3882d4d85460c5efa40b88e59b9b9a3f34a25c0ff,E3,E3-A0.95-JUST_BINDING,202607223033,Corn,Soybean,RISK_PRESSURE
4.440236514582182,4.44023651458218,0.0,0.0,0.0,1.7763568394002505e-15,0.017164714521859206,0.0,CRR-STAGEII-CONFIRM-2026-07-22,21c5b970e734ed79636df2f3882d4d85460c5efa40b88e59b9b9a3f34a25c0ff,E3,E3-A0.95-JUST_BINDING,202607223034,Corn,Soybean,RISK_PRESSURE
-5.2922084326686445,-5.292208432668641,0.0,0.0,0.0,-3.552713678800501e-15,0.033404254456670536,0.0,CRR-STAGEII-CONFIRM-2026-07-22,21c5b970e734ed79636df2f3882d4d85460c5efa40b88e59b9b9a3f34a25c0ff,E3,E3-A0.95-JUST_BINDING,202607223035,Corn,Soybean,RISK_PRESSURE
11.714533808885335,11.714533808885328,0.0,0.0,0.0,7.105427357601002e-15,0.04323544284246981,0.0,CRR-STAGEII-CONFIRM-2026-07-22,21c5b970e734ed79636df2f3882d4d85460c5efa40b88e59b9b9a3f34a25c0ff,E3,E3-A0.95-JUST_BINDING,202607223036,Corn,Soybean,RISK_PRESSURE
6.929779855833772,6.929779855833763,0.0,0.0,0.0,8.881784197001252e-15,0.0231281537286587,0.0,CRR-STAGEII-CONFIRM-2026-07-22,21c5b970e734ed79636df2f3882d4d85460c5efa40b88e59b9b9a3f34a25c0ff,E3,E3-A0.95-JUST_BINDING,202607223037,Corn,Soybean,RISK_PRESSURE
5.792012999641997,5.792012999641996,0.0,0.0,0.0,1.7763568394002505e-15,0.02162655847810373,0.0,CRR-STAGEII-CONFIRM-2026-07-22,21c5b970e734ed79636df2f3882d4d85460c5efa40b88e59b9b9a3f34a25c0ff,E3,E3-A0.95-JUST_BINDING,202607223038,Corn,Soybean,RISK_PRESSURE
5.1240609146613,5.124060914661297,0.0,0.0,0.0,2.6645352591003757e-15,0.019566609793712712,0.0,CRR-STAGEII-CONFIRM-2026-07-22,21c5b970e734ed79636df2f3882d4d85460c5efa40b88e59b9b9a3f34a25c0ff,E3,E3-A0.95-JUST_BINDING,202607223039,Corn,Soybean,RISK_PRESSURE
0.4054302754120158,0.40543027541201565,0.0,0.0,0.0,1.6653345369377348e-16,0.0018295089156141993,0.0,CRR-STAGEII-CONFIRM-2026-07-22,21c5b970e734ed79636df2f3882d4d85460c5efa40b88e59b9b9a3f34a25c0ff,E3,E3-A0.95-JUST_BINDING,202607223040,Corn,Soybean,RISK_PRESSURE
6.9619694327463435,6.961969432746346,0.0,0.0,0.0,-2.6645352591003757e-15,0.026225430162633196,0.0,CRR-STAGEII-CONFIRM-2026-07-22,21c5b970e734ed79636df2f3882d4d85460c5efa40b88e59b9b9a3f34a25c0ff,E3,E3-A0.95-JUST_BINDING,202607223041,Corn,Soybean,RISK_PRESSURE
16.839874435642116,16.839874435642116,0.0,0.0,0.0,0.0,0.06691049696502378,0.0,CRR-STAGEII-CONFIRM-2026-07-22,21c5b970e734ed79636df2f3882d4d85460c5efa40b88e59b9b9a3f34a25c0ff,E3,E3-A0.95-JUST_BINDING,202607223042,Corn,Soybean,RISK_PRESSURE
10.293906596900797,10.293906596900793,0.0,0.0,0.0,3.552713678800501e-15,0.03601248258002807,0.0,CRR-STAGEII-CONFIRM-2026-07-22,21c5b970e734ed79636df2f3882d4d85460c5efa40b88e59b9b9a3f34a25c0ff,E3,E3-A0.95-JUST_BINDING,202607223043,Corn,Soybean,RISK_PRESSURE
22.19653990824156,22.196539908241554,0.0,0.0,0.0,7.105427357601002e-15,0.09569443519612024,0.0,CRR-STAGEII-CONFIRM-2026-07-22,21c5b970e734ed79636df2f3882d4d85460c5efa40b88e59b9b9a3f34a25c0ff,E3,E3-A0.95-JUST_BINDING,202607223044,Corn,Soybean,RISK_PRESSURE
2.643025851404161,2.643025851404161,0.0,0.0,0.0,0.0,0.008863102178692447,0.0,CRR-STAGEII-CONFIRM-2026-07-22,21c5b970e734ed79636df2f3882d4d85460c5efa40b88e59b9b9a3f34a25c0ff,E3,E3-A0.95-JUST_BINDING,202607223045,Corn,Soybean,RISK_PRESSURE
7.221393934822629,7.221393934822628,0.0,0.0,0.0,8.881784197001252e-16,0.0301233723893163,0.0,CRR-STAGEII-CONFIRM-2026-07-22,21c5b970e734ed79636df2f3882d4d85460c5efa40b88e59b9b9a3f34a25c0ff,E3,E3-A0.95-JUST_BINDING,202607223046,Corn,Soybean,RISK_PRESSURE
7.974812910253888,7.974812910253889,0.0,0.0,0.0,-8.881784197001252e-16,0.030839201359720746,0.0,CRR-STAGEII-CONFIRM-2026-07-22,21c5b970e734ed79636df2f3882d4d85460c5efa40b88e59b9b9a3f34a25c0ff,E3,E3-A0.95-JUST_BINDING,202607223047,Corn,Soybean,RISK_PRESSURE
15.383372959458598,15.383372959458594,0.0,0.0,0.0,3.552713678800501e-15,0.05093123532111714,0.0,CRR-STAGEII-CONFIRM-2026-07-22,21c5b970e734ed79636df2f3882d4d85460c5efa40b88e59b9b9a3f34a25c0ff,E3,E3-A0.95-JUST_BINDING,202607223048,Corn,Soybean,RISK_PRESSURE
5.420183413675147,5.4201834136751454,0.0,0.0,0.0,1.7763568394002505e-15,0.019223410714491747,0.0,CRR-STAGEII-CONFIRM-2026-07-22,21c5b970e734ed79636df2f3882d4d85460c5efa40b88e59b9b9a3f34a25c0ff,E3,E3-A0.95-JUST_BINDING,202607223049,Corn,Soybean,RISK_PRESSURE
0.8592758435601127,0.8592758435601128,0.0,0.0,0.0,-1.1102230246251565e-16,0.0034926054320176744,0.0,CRR-STAGEII-CONFIRM-2026-07-22,21c5b970e734ed79636df2f3882d4d85460c5efa40b88e59b9b9a3f34a25c0ff,E3,E3-A0.95-JUST_BINDING,202607223050,Corn,Soybean,RISK_PRESSURE
12.131827572746886,12.13182757274687,0.0,0.0,0.0,1.5987211554602254e-14,0.05288187708973309,0.0,CRR-STAGEII-CONFIRM-2026-07-22,21c5b970e734ed79636df2f3882d4d85460c5efa40b88e59b9b9a3f34a25c0ff,E3,E3-A0.95-JUST_BINDING,202607223051,Corn,Soybean,RISK_PRESSURE
-0.959508179097952,-0.9595081790979512,0.0,0.0,0.0,-8.881784197001252e-16,0.009542328796220923,0.0,CRR-STAGEII-CONFIRM-2026-07-22,21c5b970e734ed79636df2f3882d4d85460c5efa40b88e59b9b9a3f34a25c0ff,E3,E3-A0.95-JUST_BINDING,202607223052,Corn,Soybean,RISK_PRESSURE
4.304212576300813,4.304212576300812,0.0,0.0,0.0,8.881784197001252e-16,0.018122031673862928,0.0,CRR-STAGEII-CONFIRM-2026-07-22,21c5b970e734ed79636df2f3882d4d85460c5efa40b88e59b9b9a3f34a25c0ff,E3,E3-A0.95-JUST_BINDING,202607223053,Corn,Soybean,RISK_PRESSURE
3.6881910772119113,3.6881910772119104,0.0,0.0,0.0,8.881784197001252e-16,0.013239822855422944,0.0,CRR-STAGEII-CONFIRM-2026-07-22,21c5b970e734ed79636df2f3882d4d85460c5efa40b88e59b9b9a3f34a25c0ff,E3,E3-A0.95-JUST_BINDING,202607223054,Corn,Soybean,RISK_PRESSURE
12.336220919101436,12.336220919101434,0.0,0.0,0.0,1.7763568394002505e-15,0.05821497113524557,0.0,CRR-STAGEII-CONFIRM-2026-07-22,21c5b970e734ed79636df2f3882d4d85460c5efa40b88e59b9b9a3f34a25c0ff,E3,E3-A0.95-JUST_BINDING,202607223055,Corn,Soybean,RISK_PRESSURE
10.886724359049367,10.886724359049364,0.0,0.0,0.0,3.552713678800501e-15,0.051527970465218016,0.0,CRR-STAGEII-CONFIRM-2026-07-22,21c5b970e734ed79636df2f3882d4d85460c5efa40b88e59b9b9a3f34a25c0ff,E3,E3-A0.95-JUST_BINDING,202607223056,Corn,Soybean,RISK_PRESSURE
1.5572846249850727,1.557284624985074,0.0,0.0,0.0,-1.3322676295501878e-15,0.00563183259003411,0.0,CRR-STAGEII-CONFIRM-2026-07-22,21c5b970e734ed79636df2f3882d4d85460c5efa40b88e59b9b9a3f34a25c0ff,E3,E3-A0.95-JUST_BINDING,202607223057,Corn,Soybean,RISK_PRESSURE
-6.507928967687178,-6.50792896768718,0.0,0.0,0.0,1.7763568394002505e-15,0.03842699076152899,0.0,CRR-STAGEII-CONFIRM-2026-07-22,21c5b970e734ed79636df2f3882d4d85460c5efa40b88e59b9b9a3f34a25c0ff,E3,E3-A0.95-JUST_BINDING,202607223058,Corn,Soybean,RISK_PRESSURE
-0.0414543506873315,-0.04145435068733145,0.0,0.0,0.0,-4.85722573273506e-17,0.000611531281407811,0.0,CRR-STAGEII-CONFIRM-2026-07-22,21c5b970e734ed79636df2f3882d4d85460c5efa40b88e59b9b9a3f34a25c0ff,E3,E3-A0.95-JUST_BINDING,202607223059,Corn,Soybean,RISK_PRESSURE
-4.454255709675806,-4.454255709675803,0.0,0.0,0.0,-2.6645352591003757e-15,0.0274260018224565,0.0,CRR-STAGEII-CONFIRM-2026-07-22,21c5b970e734ed79636df2f3882d4d85460c5efa40b88e59b9b9a3f34a25c0ff,E3,E3-A0.95-JUST_BINDING,202607223060,Corn,Soybean,RISK_PRESSURE
11.71436173816528,11.71436173816528,0.0,0.0,0.0,0.0,0.06487467907945169,0.0,CRR-STAGEII-CONFIRM-2026-07-22,21c5b970e734ed79636df2f3882d4d85460c5efa40b88e59b9b9a3f34a25c0ff,E3,E3-A0.95-JUST_BINDING,202607223061,Corn,Soybean,RISK_PRESSURE
16.34724506246397,16.347245062463973,0.0,0.0,0.0,-3.552713678800501e-15,0.058846868643346074,0.0,CRR-STAGEII-CONFIRM-2026-07-22,21c5b970e734ed79636df2f3882d4d85460c5efa40b88e59b9b9a3f34a25c0ff,E3,E3-A0.95-JUST_BINDING,202607223062,Corn,Soybean,RISK_PRESSURE
-8.631558314098413,-8.631558314098413,0.0,0.0,0.0,0.0,0.07276484338651079,0.0,CRR-STAGEII-CONFIRM-2026-07-22,21c5b970e734ed79636df2f3882d4d85460c5efa40b88e59b9b9a3f34a25c0ff,E3,E3-A0.95-JUST_BINDING,202607223063,Corn,Soybean,RISK_PRESSURE
13.795455500557807,13.795455500557802,0.0,0.0,0.0,5.329070518200751e-15,0.05401698254753509,0.0,CRR-STAGEII-CONFIRM-2026-07-22,21c5b970e734ed79636df2f3882d4d85460c5efa40b88e59b9b9a3f34a25c0ff,E3,E3-A0.95-JUST_BINDING,202607223064,Corn,Soybean,RISK_PRESSURE
0.7764502511187175,0.0,0.0,0.0,0.7764502511187175,0.0,0.0,0.0,CRR-STAGEII-CONFIRM-2026-07-22,21c5b970e734ed79636df2f3882d4d85460c5efa40b88e59b9b9a3f34a25c0ff,E3,E3-A0.95-SLACK,202607223001,Corn,Soybean,RISK_SLACK
5.6526061900403874,0.0,0.0,0.0,5.6526061900403874,0.0,0.0,0.0,CRR-STAGEII-CONFIRM-2026-07-22,21c5b970e734ed79636df2f3882d4d85460c5efa40b88e59b9b9a3f34a25c0ff,E3,E3-A0.95-SLACK,202607223002,Corn,Soybean,RISK_SLACK
2.6190512131548758,0.0,0.0,0.0,2.6190512131548758,0.0,0.0,0.0,CRR-STAGEII-CONFIRM-2026-07-22,21c5b970e734ed79636df2f3882d4d85460c5efa40b88e59b9b9a3f34a25c0ff,E3,E3-A0.95-SLACK,202607223003,Corn,Soybean,RISK_SLACK
7.769541171982155,0.0,0.0,0.0,7.769541171982155,0.0,0.0,0.0,CRR-STAGEII-CONFIRM-2026-07-22,21c5b970e734ed79636df2f3882d4d85460c5efa40b88e59b9b9a3f34a25c0ff,E3,E3-A0.95-SLACK,202607223004,Corn,Soybean,RISK_SLACK
6.09904892338227,0.0,0.0,0.0,6.099048923382213,5.684341886080802e-14,0.0,0.0,CRR-STAGEII-CONFIRM-2026-07-22,21c5b970e734ed79636df2f3882d4d85460c5efa40b88e59b9b9a3f34a25c0ff,E3,E3-A0.95-SLACK,202607223005,Corn,Soybean,RISK_SLACK
3.726347771660528,0.0,0.0,0.0,3.726347771660528,0.0,0.0,0.0,CRR-STAGEII-CONFIRM-2026-07-22,21c5b970e734ed79636df2f3882d4d85460c5efa40b88e59b9b9a3f34a25c0ff,E3,E3-A0.95-SLACK,202607223006,Corn,Soybean,RISK_SLACK
-1.2473789702573868,0.0,0.0,0.0,-1.2473789702573868,0.0,0.0,0.0,CRR-STAGEII-CONFIRM-2026-07-22,21c5b970e734ed79636df2f3882d4d85460c5efa40b88e59b9b9a3f34a25c0ff,E3,E3-A0.95-SLACK,202607223007,Corn,Soybean,RISK_SLACK
2.869053772664529,0.0,0.0,0.0,2.869053772664529,0.0,0.0,0.0,CRR-STAGEII-CONFIRM-2026-07-22,21c5b970e734ed79636df2f3882d4d85460c5efa40b88e59b9b9a3f34a25c0ff,E3,E3-A0.95-SLACK,202607223008,Corn,Soybean,RISK_SLACK
9.034237767796242,0.0,0.0,0.0,9.034237767796242,0.0,0.0,0.0,CRR-STAGEII-CONFIRM-2026-07-22,21c5b970e734ed79636df2f3882d4d85460c5efa40b88e59b9b9a3f34a25c0ff,E3,E3-A0.95-SLACK,202607223009,Corn,Soybean,RISK_SLACK
20.625820516011515,0.0,0.0,0.0,20.625820516011515,0.0,0.0,0.0,CRR-STAGEII-CONFIRM-2026-07-22,21c5b970e734ed79636df2f3882d4d85460c5efa40b88e59b9b9a3f34a25c0ff,E3,E3-A0.95-SLACK,202607223010,Corn,Soybean,RISK_SLACK
5.532470496087399,0.0,0.0,0.0,5.532470496087399,0.0,0.0,0.0,CRR-STAGEII-CONFIRM-2026-07-22,21c5b970e734ed79636df2f3882d4d85460c5efa40b88e59b9b9a3f34a25c0ff,E3,E3-A0.95-SLACK,202607223011,Corn,Soybean,RISK_SLACK
14.820609084131434,0.0,0.0,0.0,14.820609084131434,0.0,0.0,0.0,CRR-STAGEII-CONFIRM-2026-07-22,21c5b970e734ed79636df2f3882d4d85460c5efa40b88e59b9b9a3f34a25c0ff,E3,E3-A0.95-SLACK,202607223012,Corn,Soybean,RISK_SLACK
-7.217210848530556,0.0,0.0,0.0,-7.217210848530556,0.0,0.0,0.0,CRR-STAGEII-CONFIRM-2026-07-22,21c5b970e734ed79636df2f3882d4d85460c5efa40b88e59b9b9a3f34a25c0ff,E3,E3-A0.95-SLACK,202607223013,Corn,Soybean,RISK_SLACK
0.9827598437708502,0.0,0.0,0.0,0.9827598437708502,0.0,0.0,0.0,CRR-STAGEII-CONFIRM-2026-07-22,21c5b970e734ed79636df2f3882d4d85460c5efa40b88e59b9b9a3f34a25c0ff,E3,E3-A0.95-SLACK,202607223014,Corn,Soybean,RISK_SLACK
-1.805258611980605,0.0,0.0,0.0,-1.805258611980605,0.0,0.0,0.0,CRR-STAGEII-CONFIRM-2026-07-22,21c5b970e734ed79636df2f3882d4d85460c5efa40b88e59b9b9a3f34a25c0ff,E3,E3-A0.95-SLACK,202607223015,Corn,Soybean,RISK_SLACK
-6.436633843829497,0.0,0.0,0.0,-6.436633843829497,0.0,0.0,0.0,CRR-STAGEII-CONFIRM-2026-07-22,21c5b970e734ed79636df2f3882d4d85460c5efa40b88e59b9b9a3f34a25c0ff,E3,E3-A0.95-SLACK,202607223016,Corn,Soybean,RISK_SLACK
-3.560399087223118,0.0,0.0,0.0,-3.560399087223118,0.0,0.0,0.0,CRR-STAGEII-CONFIRM-2026-07-22,21c5b970e734ed79636df2f3882d4d85460c5efa40b88e59b9b9a3f34a25c0ff,E3,E3-A0.95-SLACK,202607223017,Corn,Soybean,RISK_SLACK
7.876091947737336,0.0,0.0,0.0,7.876091947737336,0.0,0.0,0.0,CRR-STAGEII-CONFIRM-2026-07-22,21c5b970e734ed79636df2f3882d4d85460c5efa40b88e59b9b9a3f34a25c0ff,E3,E3-A0.95-SLACK,202607223018,Corn,Soybean,RISK_SLACK
9.566517260429237,0.0,0.0,0.0,9.566517260429237,0.0,0.0,0.0,CRR-STAGEII-CONFIRM-2026-07-22,21c5b970e734ed79636df2f3882d4d85460c5efa40b88e59b9b9a3f34a25c0ff,E3,E3-A0.95-SLACK,202607223019,Corn,Soybean,RISK_SLACK
-12.218414707629961,0.0,0.0,0.0,-12.218414707629961,0.0,0.0,0.0,CRR-STAGEII-CONFIRM-2026-07-22,21c5b970e734ed79636df2f3882d4d85460c5efa40b88e59b9b9a3f34a25c0ff,E3,E3-A0.95-SLACK,202607223020,Corn,Soybean,RISK_SLACK
5.470240209130623,0.0,0.0,0.0,5.470240209130623,0.0,0.0,0.0,CRR-STAGEII-CONFIRM-2026-07-22,21c5b970e734ed79636df2f3882d4d85460c5efa40b88e59b9b9a3f34a25c0ff,E3,E3-A0.95-SLACK,202607223021,Corn,Soybean,RISK_SLACK
16.070209900352438,0.0,0.0,0.0,16.070209900352438,0.0,0.0,0.0,CRR-STAGEII-CONFIRM-2026-07-22,21c5b970e734ed79636df2f3882d4d85460c5efa40b88e59b9b9a3f34a25c0ff,E3,E3-A0.95-SLACK,202607223022,Corn,Soybean,RISK_SLACK
26.613628509209946,0.0,0.0,0.0,26.613628509209946,0.0,0.0,0.0,CRR-STAGEII-CONFIRM-2026-07-22,21c5b970e734ed79636df2f3882d4d85460c5efa40b88e59b9b9a3f34a25c0ff,E3,E3-A0.95-SLACK,202607223023,Corn,Soybean,RISK_SLACK
0.9574569277015712,0.0,0.0,0.0,0.9574569277015712,0.0,0.0,0.0,CRR-STAGEII-CONFIRM-2026-07-22,21c5b970e734ed79636df2f3882d4d85460c5efa40b88e59b9b9a3f34a25c0ff,E3,E3-A0.95-SLACK,202607223024,Corn,Soybean,RISK_SLACK
15.035491577841299,0.0,0.0,0.0,15.035491577841299,0.0,0.0,0.0,CRR-STAGEII-CONFIRM-2026-07-22,21c5b970e734ed79636df2f3882d4d85460c5efa40b88e59b9b9a3f34a25c0ff,E3,E3-A0.95-SLACK,202607223025,Corn,Soybean,RISK_SLACK
10.711405482688008,0.0,0.0,0.0,10.711405482688008,0.0,0.0,0.0,CRR-STAGEII-CONFIRM-2026-07-22,21c5b970e734ed79636df2f3882d4d85460c5efa40b88e59b9b9a3f34a25c0ff,E3,E3-A0.95-SLACK,202607223026,Corn,Soybean,RISK_SLACK
11.304968835949126,0.0,0.0,0.0,11.304968835949126,0.0,0.0,0.0,CRR-STAGEII-CONFIRM-2026-07-22,21c5b970e734ed79636df2f3882d4d85460c5efa40b88e59b9b9a3f34a25c0ff,E3,E3-A0.95-SLACK,202607223027,Corn,Soybean,RISK_SLACK
21.89148796016707,0.0,0.0,0.0,21.89148796016707,0.0,0.0,0.0,CRR-STAGEII-CONFIRM-2026-07-22,21c5b970e734ed79636df2f3882d4d85460c5efa40b88e59b9b9a3f34a25c0ff,E3,E3-A0.95-SLACK,202607223028,Corn,Soybean,RISK_SLACK
3.4562737372798438,0.0,0.0,0.0,3.4562737372798438,0.0,0.0,0.0,CRR-STAGEII-CONFIRM-2026-07-22,21c5b970e734ed79636df2f3882d4d85460c5efa40b88e59b9b9a3f34a25c0ff,E3,E3-A0.95-SLACK,202607223029,Corn,Soybean,RISK_SLACK
8.128285075812983,0.0,0.0,0.0,8.128285075812983,0.0,0.0,0.0,CRR-STAGEII-CONFIRM-2026-07-22,21c5b970e734ed79636df2f3882d4d85460c5efa40b88e59b9b9a3f34a25c0ff,E3,E3-A0.95-SLACK,202607223030,Corn,Soybean,RISK_SLACK
9.944996466964255,0.0,0.0,0.0,9.944996466964255,0.0,0.0,0.0,CRR-STAGEII-CONFIRM-2026-07-22,21c5b970e734ed79636df2f3882d4d85460c5efa40b88e59b9b9a3f34a25c0ff,E3,E3-A0.95-SLACK,202607223031,Corn,Soybean,RISK_SLACK
2.1110260093967668,0.0,0.0,0.0,2.1110260093967668,0.0,0.0,0.0,CRR-STAGEII-CONFIRM-2026-07-22,21c5b970e734ed79636df2f3882d4d85460c5efa40b88e59b9b9a3f34a25c0ff,E3,E3-A0.95-SLACK,202607223032,Corn,Soybean,RISK_SLACK
-5.778453367240331,0.0,0.0,0.0,-5.778453367240331,0.0,0.0,0.0,CRR-STAGEII-CONFIRM-2026-07-22,21c5b970e734ed79636df2f3882d4d85460c5efa40b88e59b9b9a3f34a25c0ff,E3,E3-A0.95-SLACK,202607223033,Corn,Soybean,RISK_SLACK
4.440236514582182,0.0,0.0,0.0,4.440236514582182,0.0,0.0,0.0,CRR-STAGEII-CONFIRM-2026-07-22,21c5b970e734ed79636df2f3882d4d85460c5efa40b88e59b9b9a3f34a25c0ff,E3,E3-A0.95-SLACK,202607223034,Corn,Soybean,RISK_SLACK
-5.2922084326686445,0.0,0.0,0.0,-5.2922084326686445,0.0,0.0,0.0,CRR-STAGEII-CONFIRM-2026-07-22,21c5b970e734ed79636df2f3882d4d85460c5efa40b88e59b9b9a3f34a25c0ff,E3,E3-A0.95-SLACK,202607223035,Corn,Soybean,RISK_SLACK
11.714533808885335,0.0,0.0,0.0,11.714533808885335,0.0,0.0,0.0,CRR-STAGEII-CONFIRM-2026-07-22,21c5b970e734ed79636df2f3882d4d85460c5efa40b88e59b9b9a3f34a25c0ff,E3,E3-A0.95-SLACK,202607223036,Corn,Soybean,RISK_SLACK
6.929779855833772,0.0,0.0,0.0,6.929779855833772,0.0,0.0,0.0,CRR-STAGEII-CONFIRM-2026-07-22,21c5b970e734ed79636df2f3882d4d85460c5efa40b88e59b9b9a3f34a25c0ff,E3,E3-A0.95-SLACK,202607223037,Corn,Soybean,RISK_SLACK
5.792012999641997,0.0,0.0,0.0,5.792012999641997,0.0,0.0,0.0,CRR-STAGEII-CONFIRM-2026-07-22,21c5b970e734ed79636df2f3882d4d85460c5efa40b88e59b9b9a3f34a25c0ff,E3,E3-A0.95-SLACK,202607223038,Corn,Soybean,RISK_SLACK
5.1240609146613,0.0,0.0,0.0,5.1240609146613,0.0,0.0,0.0,CRR-STAGEII-CONFIRM-2026-07-22,21c5b970e734ed79636df2f3882d4d85460c5efa40b88e59b9b9a3f34a25c0ff,E3,E3-A0.95-SLACK,202607223039,Corn,Soybean,RISK_SLACK
0.4054302754120158,0.0,0.0,0.0,0.4054302754120158,0.0,0.0,0.0,CRR-STAGEII-CONFIRM-2026-07-22,21c5b970e734ed79636df2f3882d4d85460c5efa40b88e59b9b9a3f34a25c0ff,E3,E3-A0.95-SLACK,202607223040,Corn,Soybean,RISK_SLACK
6.9619694327463435,0.0,0.0,0.0,6.9619694327463435,0.0,0.0,0.0,CRR-STAGEII-CONFIRM-2026-07-22,21c5b970e734ed79636df2f3882d4d85460c5efa40b88e59b9b9a3f34a25c0ff,E3,E3-A0.95-SLACK,202607223041,Corn,Soybean,RISK_SLACK
16.839874435642116,0.0,0.0,0.0,16.839874435642116,0.0,0.0,0.0,CRR-STAGEII-CONFIRM-2026-07-22,21c5b970e734ed79636df2f3882d4d85460c5efa40b88e59b9b9a3f34a25c0ff,E3,E3-A0.95-SLACK,202607223042,Corn,Soybean,RISK_SLACK
10.293906596900797,0.0,0.0,0.0,10.293906596900797,0.0,0.0,0.0,CRR-STAGEII-CONFIRM-2026-07-22,21c5b970e734ed79636df2f3882d4d85460c5efa40b88e59b9b9a3f34a25c0ff,E3,E3-A0.95-SLACK,202607223043,Corn,Soybean,RISK_SLACK
22.19653990824156,0.0,0.0,0.0,22.19653990824156,0.0,0.0,0.0,CRR-STAGEII-CONFIRM-2026-07-22,21c5b970e734ed79636df2f3882d4d85460c5efa40b88e59b9b9a3f34a25c0ff,E3,E3-A0.95-SLACK,202607223044,Corn,Soybean,RISK_SLACK
2.643025851404161,0.0,0.0,0.0,2.643025851404161,0.0,0.0,0.0,CRR-STAGEII-CONFIRM-2026-07-22,21c5b970e734ed79636df2f3882d4d85460c5efa40b88e59b9b9a3f34a25c0ff,E3,E3-A0.95-SLACK,202607223045,Corn,Soybean,RISK_SLACK
7.221393934822629,0.0,0.0,0.0,7.221393934822629,0.0,0.0,0.0,CRR-STAGEII-CONFIRM-2026-07-22,21c5b970e734ed79636df2f3882d4d85460c5efa40b88e59b9b9a3f34a25c0ff,E3,E3-A0.95-SLACK,202607223046,Corn,Soybean,RISK_SLACK
7.974812910253888,0.0,0.0,0.0,7.974812910253888,0.0,0.0,0.0,CRR-STAGEII-CONFIRM-2026-07-22,21c5b970e734ed79636df2f3882d4d85460c5efa40b88e59b9b9a3f34a25c0ff,E3,E3-A0.95-SLACK,202607223047,Corn,Soybean,RISK_SLACK
15.383372959458598,0.0,0.0,0.0,15.383372959458598,0.0,0.0,0.0,CRR-STAGEII-CONFIRM-2026-07-22,21c5b970e734ed79636df2f3882d4d85460c5efa40b88e59b9b9a3f34a25c0ff,E3,E3-A0.95-SLACK,202607223048,Corn,Soybean,RISK_SLACK
5.420183413675147,0.0,0.0,0.0,5.420183413675147,0.0,0.0,0.0,CRR-STAGEII-CONFIRM-2026-07-22,21c5b970e734ed79636df2f3882d4d85460c5efa40b88e59b9b9a3f34a25c0ff,E3,E3-A0.95-SLACK,202607223049,Corn,Soybean,RISK_SLACK
0.8592758435601127,0.0,0.0,0.0,0.8592758435601127,0.0,0.0,0.0,CRR-STAGEII-CONFIRM-2026-07-22,21c5b970e734ed79636df2f3882d4d85460c5efa40b88e59b9b9a3f34a25c0ff,E3,E3-A0.95-SLACK,202607223050,Corn,Soybean,RISK_SLACK
12.131827572746886,0.0,0.0,0.0,12.131827572746886,0.0,0.0,0.0,CRR-STAGEII-CONFIRM-2026-07-22,21c5b970e734ed79636df2f3882d4d85460c5efa40b88e59b9b9a3f34a25c0ff,E3,E3-A0.95-SLACK,202607223051,Corn,Soybean,RISK_SLACK
-0.959508179097952,0.0,0.0,0.0,-0.959508179097952,0.0,0.0,0.0,CRR-STAGEII-CONFIRM-2026-07-22,21c5b970e734ed79636df2f3882d4d85460c5efa40b88e59b9b9a3f34a25c0ff,E3,E3-A0.95-SLACK,202607223052,Corn,Soybean,RISK_SLACK
4.304212576300813,0.0,0.0,0.0,4.304212576300813,0.0,0.0,0.0,CRR-STAGEII-CONFIRM-2026-07-22,21c5b970e734ed79636df2f3882d4d85460c5efa40b88e59b9b9a3f34a25c0ff,E3,E3-A0.95-SLACK,202607223053,Corn,Soybean,RISK_SLACK
3.6881910772119113,0.0,0.0,0.0,3.6881910772119113,0.0,0.0,0.0,CRR-STAGEII-CONFIRM-2026-07-22,21c5b970e734ed79636df2f3882d4d85460c5efa40b88e59b9b9a3f34a25c0ff,E3,E3-A0.95-SLACK,202607223054,Corn,Soybean,RISK_SLACK
12.336220919101436,0.0,0.0,0.0,12.336220919101436,0.0,0.0,0.0,CRR-STAGEII-CONFIRM-2026-07-22,21c5b970e734ed79636df2f3882d4d85460c5efa40b88e59b9b9a3f34a25c0ff,E3,E3-A0.95-SLACK,202607223055,Corn,Soybean,RISK_SLACK
10.886724359049367,0.0,0.0,0.0,10.886724359049367,0.0,0.0,0.0,CRR-STAGEII-CONFIRM-2026-07-22,21c5b970e734ed79636df2f3882d4d85460c5efa40b88e59b9b9a3f34a25c0ff,E3,E3-A0.95-SLACK,202607223056,Corn,Soybean,RISK_SLACK
1.5572846249850727,0.0,0.0,0.0,1.5572846249850727,0.0,0.0,0.0,CRR-STAGEII-CONFIRM-2026-07-22,21c5b970e734ed79636df2f3882d4d85460c5efa40b88e59b9b9a3f34a25c0ff,E3,E3-A0.95-SLACK,202607223057,Corn,Soybean,RISK_SLACK
-6.507928967687178,0.0,0.0,0.0,-6.507928967687178,0.0,0.0,0.0,CRR-STAGEII-CONFIRM-2026-07-22,21c5b970e734ed79636df2f3882d4d85460c5efa40b88e59b9b9a3f34a25c0ff,E3,E3-A0.95-SLACK,202607223058,Corn,Soybean,RISK_SLACK
-0.0414543506873315,0.0,0.0,0.0,-0.0414543506873315,0.0,0.0,0.0,CRR-STAGEII-CONFIRM-2026-07-22,21c5b970e734ed79636df2f3882d4d85460c5efa40b88e59b9b9a3f34a25c0ff,E3,E3-A0.95-SLACK,202607223059,Corn,Soybean,RISK_SLACK
-4.454255709675806,0.0,0.0,0.0,-4.454255709675806,0.0,0.0,0.0,CRR-STAGEII-CONFIRM-2026-07-22,21c5b970e734ed79636df2f3882d4d85460c5efa40b88e59b9b9a3f34a25c0ff,E3,E3-A0.95-SLACK,202607223060,Corn,Soybean,RISK_SLACK
11.71436173816528,0.0,0.0,0.0,11.71436173816528,0.0,0.0,0.0,CRR-STAGEII-CONFIRM-2026-07-22,21c5b970e734ed79636df2f3882d4d85460c5efa40b88e59b9b9a3f34a25c0ff,E3,E3-A0.95-SLACK,202607223061,Corn,Soybean,RISK_SLACK
16.34724506246397,0.0,0.0,0.0,16.34724506246397,0.0,0.0,0.0,CRR-STAGEII-CONFIRM-2026-07-22,21c5b970e734ed79636df2f3882d4d85460c5efa40b88e59b9b9a3f34a25c0ff,E3,E3-A0.95-SLACK,202607223062,Corn,Soybean,RISK_SLACK
-8.631558314098413,0.0,0.0,0.0,-8.631558314098413,0.0,0.0,0.0,CRR-STAGEII-CONFIRM-2026-07-22,21c5b970e734ed79636df2f3882d4d85460c5efa40b88e59b9b9a3f34a25c0ff,E3,E3-A0.95-SLACK,202607223063,Corn,Soybean,RISK_SLACK
13.795455500557807,0.0,0.0,0.0,13.795455500557807,0.0,0.0,0.0,CRR-STAGEII-CONFIRM-2026-07-22,21c5b970e734ed79636df2f3882d4d85460c5efa40b88e59b9b9a3f34a25c0ff,E3,E3-A0.95-SLACK,202607223064,Corn,Soybean,RISK_SLACK
0.7764502511187175,0.7764502511186808,0.0,0.0,0.0,3.6637359812630166e-14,0.01633546523116182,0.0,CRR-STAGEII-CONFIRM-2026-07-22,21c5b970e734ed79636df2f3882d4d85460c5efa40b88e59b9b9a3f34a25c0ff,E3,E3-A0.95-STRONGLY_BINDING,202607223001,Corn,Soybean,RISK_PRESSURE
5.6526061900403874,5.652606190040361,0.0,0.0,0.0,2.6645352591003757e-14,0.09539817318676498,0.0,CRR-STAGEII-CONFIRM-2026-07-22,21c5b970e734ed79636df2f3882d4d85460c5efa40b88e59b9b9a3f34a25c0ff,E3,E3-A0.95-STRONGLY_BINDING,202607223002,Corn,Soybean,RISK_PRESSURE
2.6190512131548758,2.6190512131548727,0.0,0.0,0.0,3.1086244689504383e-15,0.03912901948602803,0.0,CRR-STAGEII-CONFIRM-2026-07-22,21c5b970e734ed79636df2f3882d4d85460c5efa40b88e59b9b9a3f34a25c0ff,E3,E3-A0.95-STRONGLY_BINDING,202607223003,Corn,Soybean,RISK_PRESSURE
7.769541171982155,7.7695411719822145,0.0,0.0,0.0,-5.950795411990839e-14,0.10080084022168707,0.0,CRR-STAGEII-CONFIRM-2026-07-22,21c5b970e734ed79636df2f3882d4d85460c5efa40b88e59b9b9a3f34a25c0ff,E3,E3-A0.95-STRONGLY_BINDING,202607223004,Corn,Soybean,RISK_PRESSURE
6.09904892338227,6.099048923382189,0.0,0.0,0.0,8.08242361927114e-14,0.07352046455960355,0.0,CRR-STAGEII-CONFIRM-2026-07-22,21c5b970e734ed79636df2f3882d4d85460c5efa40b88e59b9b9a3f34a25c0ff,E3,E3-A0.95-STRONGLY_BINDING,202607223005,Corn,Soybean,RISK_PRESSURE
3.726347771660528,3.7263477716605244,0.0,0.0,0.0,3.552713678800501e-15,0.039739010537217845,0.0,CRR-STAGEII-CONFIRM-2026-07-22,21c5b970e734ed79636df2f3882d4d85460c5efa40b88e59b9b9a3f34a25c0ff,E3,E3-A0.95-STRONGLY_BINDING,202607223006,Corn,Soybean,RISK_PRESSURE
-1.2473789702573868,-1.2473789702573823,0.0,0.0,0.0,-4.440892098500626e-15,0.029370643779581408,0.0,CRR-STAGEII-CONFIRM-2026-07-22,21c5b970e734ed79636df2f3882d4d85460c5efa40b88e59b9b9a3f34a25c0ff,E3,E3-A0.95-STRONGLY_BINDING,202607223007,Corn,Soybean,RISK_PRESSURE
2.869053772664529,2.8690537726645204,0.0,0.0,0.0,8.43769498715119e-15,0.02947617585810323,0.0,CRR-STAGEII-CONFIRM-2026-07-22,21c5b970e734ed79636df2f3882d4d85460c5efa40b88e59b9b9a3f34a25c0ff,E3,E3-A0.95-STRONGLY_BINDING,202607223008,Corn,Soybean,RISK_PRESSURE
9.034237767796242,9.034237767796247,0.0,0.0,0.0,-5.329070518200751e-15,0.09390252539666685,0.0,CRR-STAGEII-CONFIRM-2026-07-22,21c5b970e734ed79636df2f3882d4d85460c5efa40b88e59b9b9a3f34a25c0ff,E3,E3-A0.95-STRONGLY_BINDING,202607223009,Corn,Soybean,RISK_PRESSURE
20.625820516011515,20.62582051601149,0.0,0.0,0.0,2.4868995751603507e-14,0.29306291198476925,0.0,CRR-STAGEII-CONFIRM-2026-07-22,21c5b970e734ed79636df2f3882d4d85460c5efa40b88e59b9b9a3f34a25c0ff,E3,E3-A0.95-STRONGLY_BINDING,202607223010,Corn,Soybean,RISK_PRESSURE
5.532470496087399,5.532470496087393,0.0,0.0,0.0,5.329070518200751e-15,0.05666476309573751,0.0,CRR-STAGEII-CONFIRM-2026-07-22,21c5b970e734ed79636df2f3882d4d85460c5efa40b88e59b9b9a3f34a25c0ff,E3,E3-A0.95-STRONGLY_BINDING,202607223011,Corn,Soybean,RISK_PRESSURE
14.820609084131434,14.820609084131465,0.0,0.0,0.0,-3.197442310920451e-14,0.1557283395595452,0.0,CRR-STAGEII-CONFIRM-2026-07-22,21c5b970e734ed79636df2f3882d4d85460c5efa40b88e59b9b9a3f34a25c0ff,E3,E3-A0.95-STRONGLY_BINDING,202607223012,Corn,Soybean,RISK_PRESSURE
-7.217210848530556,-7.217210848530576,0.0,0.0,0.0,2.042810365310288e-14,0.35474401786250565,0.0,CRR-STAGEII-CONFIRM-2026-07-22,21c5b970e734ed79636df2f3882d4d85460c5efa40b88e59b9b9a3f34a25c0ff,E3,E3-A0.95-STRONGLY_BINDING,202607223013,Corn,Soybean,RISK_PRESSURE
0.9827598437708502,0.9827598437708528,0.0,0.0,0.0,-2.55351295663786e-15,0.016917581745602983,0.0,CRR-STAGEII-CONFIRM-2026-07-22,21c5b970e734ed79636df2f3882d4d85460c5efa40b88e59b9b9a3f34a25c0ff,E3,E3-A0.95-STRONGLY_BINDING,202607223014,Corn,Soybean,RISK_PRESSURE
-1.805258611980605,-1.8052586119806087,0.0,0.0,0.0,3.552713678800501e-15,0.0324226799694117,0.0,CRR-STAGEII-CONFIRM-2026-07-22,21c5b970e734ed79636df2f3882d4d85460c5efa40b88e59b9b9a3f34a25c0ff,E3,E3-A0.95-STRONGLY_BINDING,202607223015,Corn,Soybean,RISK_PRESSURE
-6.436633843829497,-6.436633843829489,0.0,0.0,0.0,-7.993605777301127e-15,0.7179129804867563,0.0,CRR-STAGEII-CONFIRM-2026-07-22,21c5b970e734ed79636df2f3882d4d85460c5efa40b88e59b9b9a3f34a25c0ff,E3,E3-A0.95-STRONGLY_BINDING,202607223016,Corn,Soybean,RISK_PRESSURE
-3.560399087223118,-3.5603990872231175,0.0,0.0,0.0,-4.440892098500626e-16,0.09999423619525381,0.0,CRR-STAGEII-CONFIRM-2026-07-22,21c5b970e734ed79636df2f3882d4d85460c5efa40b88e59b9b9a3f34a25c0ff,E3,E3-A0.95-STRONGLY_BINDING,202607223017,Corn,Soybean,RISK_PRESSURE
7.876091947737336,7.876091947737364,0.0,0.0,0.0,-2.7533531010703882e-14,0.182108790168496,0.0,CRR-STAGEII-CONFIRM-2026-07-22,21c5b970e734ed79636df2f3882d4d85460c5efa40b88e59b9b9a3f34a25c0ff,E3,E3-A0.95-STRONGLY_BINDING,202607223018,Corn,Soybean,RISK_PRESSURE
9.566517260429237,9.566517260429231,0.0,0.0,0.0,5.329070518200751e-15,0.12574454484281944,0.0,CRR-STAGEII-CONFIRM-2026-07-22,21c5b970e734ed79636df2f3882d4d85460c5efa40b88e59b9b9a3f34a25c0ff,E3,E3-A0.95-STRONGLY_BINDING,202607223019,Corn,Soybean,RISK_PRESSURE
-12.218414707629961,-12.218414707629947,0.0,0.0,0.0,-1.4210854715202004e-14,0.5099396681644169,0.0,CRR-STAGEII-CONFIRM-2026-07-22,21c5b970e734ed79636df2f3882d4d85460c5efa40b88e59b9b9a3f34a25c0ff,E3,E3-A0.95-STRONGLY_BINDING,202607223020,Corn,Soybean,RISK_PRESSURE
5.470240209130623,5.470240209130597,0.0,0.0,0.0,2.5757174171303632e-14,0.044336033157155036,0.0,CRR-STAGEII-CONFIRM-2026-07-22,21c5b970e734ed79636df2f3882d4d85460c5efa40b88e59b9b9a3f34a25c0ff,E3,E3-A0.95-STRONGLY_BINDING,202607223021,Corn,Soybean,RISK_PRESSURE
16.070209900352438,16.070209900352445,0.0,0.0,0.0,-7.105427357601002e-15,0.2281841629127926,0.0,CRR-STAGEII-CONFIRM-2026-07-22,21c5b970e734ed79636df2f3882d4d85460c5efa40b88e59b9b9a3f34a25c0ff,E3,E3-A0.95-STRONGLY_BINDING,202607223022,Corn,Soybean,RISK_PRESSURE
26.613628509209946,26.613628509209743,0.0,0.0,0.0,2.0250467969162855e-13,0.6389344656648217,0.0,CRR-STAGEII-CONFIRM-2026-07-22,21c5b970e734ed79636df2f3882d4d85460c5efa40b88e59b9b9a3f34a25c0ff,E3,E3-A0.95-STRONGLY_BINDING,202607223023,Corn,Soybean,RISK_PRESSURE
0.9574569277015712,0.9574569277014643,0.0,0.0,0.0,1.0691447727140257e-13,0.024041436697746426,0.0,CRR-STAGEII-CONFIRM-2026-07-22,21c5b970e734ed79636df2f3882d4d85460c5efa40b88e59b9b9a3f34a25c0ff,E3,E3-A0.95-STRONGLY_BINDING,202607223024,Corn,Soybean,RISK_PRESSURE
15.035491577841299,15.035491577841263,0.0,0.0,0.0,3.552713678800501e-14,0.30381881358681456,0.0,CRR-STAGEII-CONFIRM-2026-07-22,21c5b970e734ed79636df2f3882d4d85460c5efa40b88e59b9b9a3f34a25c0ff,E3,E3-A0.95-STRONGLY_BINDING,202607223025,Corn,Soybean,RISK_PRESSURE
10.711405482688008,10.711405482688036,0.0,0.0,0.0,-2.842170943040401e-14,0.1512283057128111,0.0,CRR-STAGEII-CONFIRM-2026-07-22,21c5b970e734ed79636df2f3882d4d85460c5efa40b88e59b9b9a3f34a25c0ff,E3,E3-A0.95-STRONGLY_BINDING,202607223026,Corn,Soybean,RISK_PRESSURE
11.304968835949126,11.304968835949147,0.0,0.0,0.0,-2.1316282072803006e-14,0.12428626279146944,0.0,CRR-STAGEII-CONFIRM-2026-07-22,21c5b970e734ed79636df2f3882d4d85460c5efa40b88e59b9b9a3f34a25c0ff,E3,E3-A0.95-STRONGLY_BINDING,202607223027,Corn,Soybean,RISK_PRESSURE
21.89148796016707,21.89148796016708,0.0,0.0,0.0,-1.0658141036401503e-14,0.46394065717213395,0.0,CRR-STAGEII-CONFIRM-2026-07-22,21c5b970e734ed79636df2f3882d4d85460c5efa40b88e59b9b9a3f34a25c0ff,E3,E3-A0.95-STRONGLY_BINDING,202607223028,Corn,Soybean,RISK_PRESSURE
3.4562737372798438,3.4562737372798376,0.0,0.0,0.0,6.217248937900877e-15,0.03996755501375989,0.0,CRR-STAGEII-CONFIRM-2026-07-22,21c5b970e734ed79636df2f3882d4d85460c5efa40b88e59b9b9a3f34a25c0ff,E3,E3-A0.95-STRONGLY_BINDING,202607223029,Corn,Soybean,RISK_PRESSURE
8.128285075812983,8.128285075812979,0.0,0.0,0.0,3.552713678800501e-15,0.08232647726995018,0.0,CRR-STAGEII-CONFIRM-2026-07-22,21c5b970e734ed79636df2f3882d4d85460c5efa40b88e59b9b9a3f34a25c0ff,E3,E3-A0.95-STRONGLY_BINDING,202607223030,Corn,Soybean,RISK_PRESSURE
9.944996466964255,9.944996466964259,0.0,0.0,0.0,-3.552713678800501e-15,0.13175325032884824,0.0,CRR-STAGEII-CONFIRM-2026-07-22,21c5b970e734ed79636df2f3882d4d85460c5efa40b88e59b9b9a3f34a25c0ff,E3,E3-A0.95-STRONGLY_BINDING,202607223031,Corn,Soybean,RISK_PRESSURE
2.1110260093967668,2.1110260093967663,0.0,0.0,0.0,4.440892098500626e-16,0.019083882494993466,0.0,CRR-STAGEII-CONFIRM-2026-07-22,21c5b970e734ed79636df2f3882d4d85460c5efa40b88e59b9b9a3f34a25c0ff,E3,E3-A0.95-STRONGLY_BINDING,202607223032,Corn,Soybean,RISK_PRESSURE
-5.778453367240331,-5.778453367240318,0.0,0.0,0.0,-1.3322676295501878e-14,0.19221482004899665,0.0,CRR-STAGEII-CONFIRM-2026-07-22,21c5b970e734ed79636df2f3882d4d85460c5efa40b88e59b9b9a3f34a25c0ff,E3,E3-A0.95-STRONGLY_BINDING,202607223033,Corn,Soybean,RISK_PRESSURE
4.440236514582182,4.440236514582181,0.0,0.0,0.0,8.881784197001252e-16,0.07432316841773812,0.0,CRR-STAGEII-CONFIRM-2026-07-22,21c5b970e734ed79636df2f3882d4d85460c5efa40b88e59b9b9a3f34a25c0ff,E3,E3-A0.95-STRONGLY_BINDING,202607223034,Corn,Soybean,RISK_PRESSURE
-5.2922084326686445,-5.292208432668631,0.0,0.0,0.0,-1.3322676295501878e-14,0.09745632389213431,0.0,CRR-STAGEII-CONFIRM-2026-07-22,21c5b970e734ed79636df2f3882d4d85460c5efa40b88e59b9b9a3f34a25c0ff,E3,E3-A0.95-STRONGLY_BINDING,202607223035,Corn,Soybean,RISK_PRESSURE
11.714533808885335,11.714533808885317,0.0,0.0,0.0,1.7763568394002505e-14,0.15773251845742112,0.0,CRR-STAGEII-CONFIRM-2026-07-22,21c5b970e734ed79636df2f3882d4d85460c5efa40b88e59b9b9a3f34a25c0ff,E3,E3-A0.95-STRONGLY_BINDING,202607223036,Corn,Soybean,RISK_PRESSURE
6.929779855833772,6.92977985583377,0.0,0.0,0.0,1.7763568394002505e-15,0.06803218784908562,0.0,CRR-STAGEII-CONFIRM-2026-07-22,21c5b970e734ed79636df2f3882d4d85460c5efa40b88e59b9b9a3f34a25c0ff,E3,E3-A0.95-STRONGLY_BINDING,202607223037,Corn,Soybean,RISK_PRESSURE
5.792012999641997,5.792012999641964,0.0,0.0,0.0,3.375077994860476e-14,0.13777434747087489,0.0,CRR-STAGEII-CONFIRM-2026-07-22,21c5b970e734ed79636df2f3882d4d85460c5efa40b88e59b9b9a3f34a25c0ff,E3,E3-A0.95-STRONGLY_BINDING,202607223038,Corn,Soybean,RISK_PRESSURE
5.1240609146613,5.124060914661303,0.0,0.0,0.0,-3.552713678800501e-15,0.10026504791122368,0.0,CRR-STAGEII-CONFIRM-2026-07-22,21c5b970e734ed79636df2f3882d4d85460c5efa40b88e59b9b9a3f34a25c0ff,E3,E3-A0.95-STRONGLY_BINDING,202607223039,Corn,Soybean,RISK_PRESSURE
0.4054302754120158,0.40543027541199433,0.0,0.0,0.0,2.148281552649678e-14,0.006766270770018685,0.0,CRR-STAGEII-CONFIRM-2026-07-22,21c5b970e734ed79636df2f3882d4d85460c5efa40b88e59b9b9a3f34a25c0ff,E3,E3-A0.95-STRONGLY_BINDING,202607223040,Corn,Soybean,RISK_PRESSURE
6.9619694327463435,6.961969432746256,0.0,0.0,0.0,8.79296635503124e-14,0.06732773112596561,0.0,CRR-STAGEII-CONFIRM-2026-07-22,21c5b970e734ed79636df2f3882d4d85460c5efa40b88e59b9b9a3f34a25c0ff,E3,E3-A0.95-STRONGLY_BINDING,202607223041,Corn,Soybean,RISK_PRESSURE
16.839874435642116,16.839874435642137,0.0,0.0,0.0,-2.1316282072803006e-14,0.19464234183871196,0.0,CRR-STAGEII-CONFIRM-2026-07-22,21c5b970e734ed79636df2f3882d4d85460c5efa40b88e59b9b9a3f34a25c0ff,E3,E3-A0.95-STRONGLY_BINDING,202607223042,Corn,Soybean,RISK_PRESSURE
10.293906596900797,10.293906596900817,0.0,0.0,0.0,-1.9539925233402755e-14,0.09415573809962234,0.0,CRR-STAGEII-CONFIRM-2026-07-22,21c5b970e734ed79636df2f3882d4d85460c5efa40b88e59b9b9a3f34a25c0ff,E3,E3-A0.95-STRONGLY_BINDING,202607223043,Corn,Soybean,RISK_PRESSURE
22.19653990824156,22.196539908241572,0.0,0.0,0.0,-1.0658141036401503e-14,0.30121672468273486,0.0,CRR-STAGEII-CONFIRM-2026-07-22,21c5b970e734ed79636df2f3882d4d85460c5efa40b88e59b9b9a3f34a25c0ff,E3,E3-A0.95-STRONGLY_BINDING,202607223044,Corn,Soybean,RISK_PRESSURE
2.643025851404161,2.6430258514041602,0.0,0.0,0.0,8.881784197001252e-16,0.023989784981340044,0.0,CRR-STAGEII-CONFIRM-2026-07-22,21c5b970e734ed79636df2f3882d4d85460c5efa40b88e59b9b9a3f34a25c0ff,E3,E3-A0.95-STRONGLY_BINDING,202607223045,Corn,Soybean,RISK_PRESSURE
7.221393934822629,7.221393934822633,0.0,0.0,0.0,-3.552713678800501e-15,0.11351241533242681,0.0,CRR-STAGEII-CONFIRM-2026-07-22,21c5b970e734ed79636df2f3882d4d85460c5efa40b88e59b9b9a3f34a25c0ff,E3,E3-A0.95-STRONGLY_BINDING,202607223046,Corn,Soybean,RISK_PRESSURE
7.974812910253888,7.974812910253889,0.0,0.0,0.0,-8.881784197001252e-16,0.08872900118746871,0.0,CRR-STAGEII-CONFIRM-2026-07-22,21c5b970e734ed79636df2f3882d4d85460c5efa40b88e59b9b9a3f34a25c0ff,E3,E3-A0.95-STRONGLY_BINDING,202607223047,Corn,Soybean,RISK_PRESSURE
15.383372959458598,15.383372959458617,0.0,0.0,0.0,-1.9539925233402755e-14,0.1936868081952495,0.0,CRR-STAGEII-CONFIRM-2026-07-22,21c5b970e734ed79636df2f3882d4d85460c5efa40b88e59b9b9a3f34a25c0ff,E3,E3-A0.95-STRONGLY_BINDING,202607223048,Corn,Soybean,RISK_PRESSURE
5.420183413675147,5.420183413675092,0.0,0.0,0.0,5.5067062021407764e-14,0.05482165520348652,0.0,CRR-STAGEII-CONFIRM-2026-07-22,21c5b970e734ed79636df2f3882d4d85460c5efa40b88e59b9b9a3f34a25c0ff,E3,E3-A0.95-STRONGLY_BINDING,202607223049,Corn,Soybean,RISK_PRESSURE
0.8592758435601127,0.8592758435601122,0.0,0.0,0.0,4.440892098500626e-16,0.009779529044714274,0.0,CRR-STAGEII-CONFIRM-2026-07-22,21c5b970e734ed79636df2f3882d4d85460c5efa40b88e59b9b9a3f34a25c0ff,E3,E3-A0.95-STRONGLY_BINDING,202607223050,Corn,Soybean,RISK_PRESSURE
12.131827572746886,12.131827572746891,0.0,0.0,0.0,-5.329070518200751e-15,0.10980923101237583,0.0,CRR-STAGEII-CONFIRM-2026-07-22,21c5b970e734ed79636df2f3882d4d85460c5efa40b88e59b9b9a3f34a25c0ff,E3,E3-A0.95-STRONGLY_BINDING,202607223051,Corn,Soybean,RISK_PRESSURE
-0.959508179097952,-0.9595081790979508,0.0,0.0,0.0,-1.2212453270876722e-15,0.03090305987777281,0.0,CRR-STAGEII-CONFIRM-2026-07-22,21c5b970e734ed79636df2f3882d4d85460c5efa40b88e59b9b9a3f34a25c0ff,E3,E3-A0.95-STRONGLY_BINDING,202607223052,Corn,Soybean,RISK_PRESSURE
4.304212576300813,4.304212576300812,0.0,0.0,0.0,8.881784197001252e-16,0.06140212761545549,0.0,CRR-STAGEII-CONFIRM-2026-07-22,21c5b970e734ed79636df2f3882d4d85460c5efa40b88e59b9b9a3f34a25c0ff,E3,E3-A0.95-STRONGLY_BINDING,202607223053,Corn,Soybean,RISK_PRESSURE
3.6881910772119113,3.688191077211926,0.0,0.0,0.0,-1.4654943925052066e-14,0.08962084538453954,0.0,CRR-STAGEII-CONFIRM-2026-07-22,21c5b970e734ed79636df2f3882d4d85460c5efa40b88e59b9b9a3f34a25c0ff,E3,E3-A0.95-STRONGLY_BINDING,202607223054,Corn,Soybean,RISK_PRESSURE
12.336220919101436,12.336220919101445,0.0,0.0,0.0,-8.881784197001252e-15,0.1822138781441142,0.0,CRR-STAGEII-CONFIRM-2026-07-22,21c5b970e734ed79636df2f3882d4d85460c5efa40b88e59b9b9a3f34a25c0ff,E3,E3-A0.95-STRONGLY_BINDING,202607223055,Corn,Soybean,RISK_PRESSURE
10.886724359049367,10.886724359049378,0.0,0.0,0.0,-1.0658141036401503e-14,0.1837064457532984,0.0,CRR-STAGEII-CONFIRM-2026-07-22,21c5b970e734ed79636df2f3882d4d85460c5efa40b88e59b9b9a3f34a25c0ff,E3,E3-A0.95-STRONGLY_BINDING,202607223056,Corn,Soybean,RISK_PRESSURE
1.5572846249850727,1.5572846249850756,0.0,0.0,0.0,-2.886579864025407e-15,0.01675624743211506,0.0,CRR-STAGEII-CONFIRM-2026-07-22,21c5b970e734ed79636df2f3882d4d85460c5efa40b88e59b9b9a3f34a25c0ff,E3,E3-A0.95-STRONGLY_BINDING,202607223057,Corn,Soybean,RISK_PRESSURE
-6.507928967687178,-6.507928967687179,0.0,0.0,0.0,8.881784197001252e-16,0.1587527183213353,0.0,CRR-STAGEII-CONFIRM-2026-07-22,21c5b970e734ed79636df2f3882d4d85460c5efa40b88e59b9b9a3f34a25c0ff,E3,E3-A0.95-STRONGLY_BINDING,202607223058,Corn,Soybean,RISK_PRESSURE
-0.0414543506873315,-0.041454350687331575,0.0,0.0,0.0,7.632783294297951e-17,0.001931444813370597,0.0,CRR-STAGEII-CONFIRM-2026-07-22,21c5b970e734ed79636df2f3882d4d85460c5efa40b88e59b9b9a3f34a25c0ff,E3,E3-A0.95-STRONGLY_BINDING,202607223059,Corn,Soybean,RISK_PRESSURE
-4.454255709675806,-4.45425570967581,0.0,0.0,0.0,4.440892098500626e-15,0.10975601347237865,0.0,CRR-STAGEII-CONFIRM-2026-07-22,21c5b970e734ed79636df2f3882d4d85460c5efa40b88e59b9b9a3f34a25c0ff,E3,E3-A0.95-STRONGLY_BINDING,202607223060,Corn,Soybean,RISK_PRESSURE
11.71436173816528,11.714361738165296,0.0,0.0,0.0,-1.5987211554602254e-14,0.19772747886665173,0.0,CRR-STAGEII-CONFIRM-2026-07-22,21c5b970e734ed79636df2f3882d4d85460c5efa40b88e59b9b9a3f34a25c0ff,E3,E3-A0.95-STRONGLY_BINDING,202607223061,Corn,Soybean,RISK_PRESSURE
16.34724506246397,16.347245062463923,0.0,0.0,0.0,4.618527782440651e-14,0.16877551437298702,0.0,CRR-STAGEII-CONFIRM-2026-07-22,21c5b970e734ed79636df2f3882d4d85460c5efa40b88e59b9b9a3f34a25c0ff,E3,E3-A0.95-STRONGLY_BINDING,202607223062,Corn,Soybean,RISK_PRESSURE
-8.631558314098413,-8.631558314098417,0.0,0.0,0.0,3.552713678800501e-15,0.18320746590890796,0.0,CRR-STAGEII-CONFIRM-2026-07-22,21c5b970e734ed79636df2f3882d4d85460c5efa40b88e59b9b9a3f34a25c0ff,E3,E3-A0.95-STRONGLY_BINDING,202607223063,Corn,Soybean,RISK_PRESSURE
13.795455500557807,13.795455500557857,0.0,0.0,0.0,-4.973799150320701e-14,0.20200887040030974,0.0,CRR-STAGEII-CONFIRM-2026-07-22,21c5b970e734ed79636df2f3882d4d85460c5efa40b88e59b9b9a3f34a25c0ff,E3,E3-A0.95-STRONGLY_BINDING,202607223064,Corn,Soybean,RISK_PRESSURE
0.7764502511187175,0.7764502511187158,0.0,0.0,0.0,1.6653345369377348e-15,0.001956553881977661,0.0,CRR-STAGEII-CONFIRM-2026-07-22,21c5b970e734ed79636df2f3882d4d85460c5efa40b88e59b9b9a3f34a25c0ff,E3,E3-A0.99-BINDING_MID,202607223001,Corn,Soybean,RISK_PRESSURE
5.6526061900403874,5.652606190040388,0.0,0.0,0.0,-8.881784197001252e-16,0.019901393693310357,0.0,CRR-STAGEII-CONFIRM-2026-07-22,21c5b970e734ed79636df2f3882d4d85460c5efa40b88e59b9b9a3f34a25c0ff,E3,E3-A0.99-BINDING_MID,202607223002,Corn,Soybean,RISK_PRESSURE
2.6190512131548758,2.619051213154877,0.0,0.0,0.0,-1.3322676295501878e-15,0.00593941304105099,0.0,CRR-STAGEII-CONFIRM-2026-07-22,21c5b970e734ed79636df2f3882d4d85460c5efa40b88e59b9b9a3f34a25c0ff,E3,E3-A0.99-BINDING_MID,202607223003,Corn,Soybean,RISK_PRESSURE
7.769541171982155,7.769541171982155,0.0,0.0,0.0,0.0,0.0210481627281101,0.0,CRR-STAGEII-CONFIRM-2026-07-22,21c5b970e734ed79636df2f3882d4d85460c5efa40b88e59b9b9a3f34a25c0ff,E3,E3-A0.99-BINDING_MID,202607223004,Corn,Soybean,RISK_PRESSURE
6.09904892338227,6.099048923382248,0.0,0.0,0.0,2.220446049250313e-14,0.01761117638104436,0.0,CRR-STAGEII-CONFIRM-2026-07-22,21c5b970e734ed79636df2f3882d4d85460c5efa40b88e59b9b9a3f34a25c0ff,E3,E3-A0.99-BINDING_MID,202607223005,Corn,Soybean,RISK_PRESSURE
3.726347771660528,3.7263477716604796,0.0,0.0,0.0,4.8405723873656825e-14,2.105637506299466,0.0,CRR-STAGEII-CONFIRM-2026-07-22,21c5b970e734ed79636df2f3882d4d85460c5efa40b88e59b9b9a3f34a25c0ff,E3,E3-A0.99-BINDING_MID,202607223006,Corn,Soybean,RISK_PRESSURE
-1.2473789702573868,-1.2473789702570068,0.0,0.0,0.0,-3.7991831902672857e-13,2.7878680568853107,0.0,CRR-STAGEII-CONFIRM-2026-07-22,21c5b970e734ed79636df2f3882d4d85460c5efa40b88e59b9b9a3f34a25c0ff,E3,E3-A0.99-BINDING_MID,202607223007,Corn,Soybean,RISK_PRESSURE
2.869053772664529,2.8690537726645196,0.0,0.0,0.0,9.325873406851315e-15,0.011859849588307096,0.0,CRR-STAGEII-CONFIRM-2026-07-22,21c5b970e734ed79636df2f3882d4d85460c5efa40b88e59b9b9a3f34a25c0ff,E3,E3-A0.99-BINDING_MID,202607223008,Corn,Soybean,RISK_PRESSURE
9.034237767796242,9.034237767796688,0.0,0.0,0.0,-4.4586556668946287e-13,1.1237232179432421,0.0,CRR-STAGEII-CONFIRM-2026-07-22,21c5b970e734ed79636df2f3882d4d85460c5efa40b88e59b9b9a3f34a25c0ff,E3,E3-A0.99-BINDING_MID,202607223009,Corn,Soybean,RISK_PRESSURE
20.625820516011515,20.625820516011547,0.0,0.0,0.0,-3.197442310920451e-14,0.1141679641021123,0.0,CRR-STAGEII-CONFIRM-2026-07-22,21c5b970e734ed79636df2f3882d4d85460c5efa40b88e59b9b9a3f34a25c0ff,E3,E3-A0.99-BINDING_MID,202607223010,Corn,Soybean,RISK_PRESSURE
5.532470496087399,5.532470496087398,0.0,0.0,0.0,8.881784197001252e-16,0.01666256394272954,0.0,CRR-STAGEII-CONFIRM-2026-07-22,21c5b970e734ed79636df2f3882d4d85460c5efa40b88e59b9b9a3f34a25c0ff,E3,E3-A0.99-BINDING_MID,202607223011,Corn,Soybean,RISK_PRESSURE
14.820609084131434,14.820609084131435,0.0,0.0,0.0,-1.7763568394002505e-15,0.03580278914011753,0.0,CRR-STAGEII-CONFIRM-2026-07-22,21c5b970e734ed79636df2f3882d4d85460c5efa40b88e59b9b9a3f34a25c0ff,E3,E3-A0.99-BINDING_MID,202607223012,Corn,Soybean,RISK_PRESSURE
-7.217210848530556,-7.217210848530555,0.0,0.0,0.0,-8.881784197001252e-16,0.05500022586898516,0.0,CRR-STAGEII-CONFIRM-2026-07-22,21c5b970e734ed79636df2f3882d4d85460c5efa40b88e59b9b9a3f34a25c0ff,E3,E3-A0.99-BINDING_MID,202607223013,Corn,Soybean,RISK_PRESSURE
0.9827598437708502,0.9827598437708505,0.0,0.0,0.0,-2.220446049250313e-16,0.0030495351095543304,0.0,CRR-STAGEII-CONFIRM-2026-07-22,21c5b970e734ed79636df2f3882d4d85460c5efa40b88e59b9b9a3f34a25c0ff,E3,E3-A0.99-BINDING_MID,202607223014,Corn,Soybean,RISK_PRESSURE
-1.805258611980605,-1.805258611980605,0.0,0.0,0.0,0.0,0.021978569905416048,0.0,CRR-STAGEII-CONFIRM-2026-07-22,21c5b970e734ed79636df2f3882d4d85460c5efa40b88e59b9b9a3f34a25c0ff,E3,E3-A0.99-BINDING_MID,202607223015,Corn,Soybean,RISK_PRESSURE
-6.436633843829497,-6.436633843828171,0.0,0.0,0.0,-1.326050380612287e-12,6.469524921767967,0.0,CRR-STAGEII-CONFIRM-2026-07-22,21c5b970e734ed79636df2f3882d4d85460c5efa40b88e59b9b9a3f34a25c0ff,E3,E3-A0.99-BINDING_MID,202607223016,Corn,Soybean,RISK_PRESSURE
-3.560399087223118,-3.560399087223417,0.0,0.0,0.0,2.9887203822909214e-13,10.838590670422729,0.0,CRR-STAGEII-CONFIRM-2026-07-22,21c5b970e734ed79636df2f3882d4d85460c5efa40b88e59b9b9a3f34a25c0ff,E3,E3-A0.99-BINDING_MID,202607223017,Corn,Soybean,RISK_PRESSURE
7.876091947737336,7.8760919477373355,0.0,0.0,0.0,8.881784197001252e-16,0.022207990079650942,0.0,CRR-STAGEII-CONFIRM-2026-07-22,21c5b970e734ed79636df2f3882d4d85460c5efa40b88e59b9b9a3f34a25c0ff,E3,E3-A0.99-BINDING_MID,202607223018,Corn,Soybean,RISK_PRESSURE
9.566517260429237,9.566517260429235,0.0,0.0,0.0,1.7763568394002505e-15,0.030062907962826648,0.0,CRR-STAGEII-CONFIRM-2026-07-22,21c5b970e734ed79636df2f3882d4d85460c5efa40b88e59b9b9a3f34a25c0ff,E3,E3-A0.99-BINDING_MID,202607223019,Corn,Soybean,RISK_PRESSURE
-12.218414707629961,6585.471749405158,0.0,0.0,-6597.69016411279,1.8189894035458565e-12,69.91162207338628,0.0,CRR-STAGEII-CONFIRM-2026-07-22,21c5b970e734ed79636df2f3882d4d85460c5efa40b88e59b9b9a3f34a25c0ff,E3,E3-A0.99-BINDING_MID,202607223020,Corn,Soybean,RISK_PRESSURE
5.470240209130623,5.470240209130598,0.0,0.0,0.0,2.4868995751603507e-14,0.012842711682806185,0.0,CRR-STAGEII-CONFIRM-2026-07-22,21c5b970e734ed79636df2f3882d4d85460c5efa40b88e59b9b9a3f34a25c0ff,E3,E3-A0.99-BINDING_MID,202607223021,Corn,Soybean,RISK_PRESSURE
16.070209900352438,16.07020990035245,0.0,0.0,0.0,-1.0658141036401503e-14,0.05957088999142742,0.0,CRR-STAGEII-CONFIRM-2026-07-22,21c5b970e734ed79636df2f3882d4d85460c5efa40b88e59b9b9a3f34a25c0ff,E3,E3-A0.99-BINDING_MID,202607223022,Corn,Soybean,RISK_PRESSURE
26.613628509209946,26.61362850920993,0.0,0.0,0.0,1.4210854715202004e-14,0.1903997188776332,0.0,CRR-STAGEII-CONFIRM-2026-07-22,21c5b970e734ed79636df2f3882d4d85460c5efa40b88e59b9b9a3f34a25c0ff,E3,E3-A0.99-BINDING_MID,202607223023,Corn,Soybean,RISK_PRESSURE
0.9574569277015712,0.9574569277015713,0.0,0.0,0.0,-1.1102230246251565e-16,0.004692691661836635,0.0,CRR-STAGEII-CONFIRM-2026-07-22,21c5b970e734ed79636df2f3882d4d85460c5efa40b88e59b9b9a3f34a25c0ff,E3,E3-A0.99-BINDING_MID,202607223024,Corn,Soybean,RISK_PRESSURE
15.035491577841299,15.035491577841293,0.0,0.0,0.0,5.329070518200751e-15,0.039270493866880855,0.0,CRR-STAGEII-CONFIRM-2026-07-22,21c5b970e734ed79636df2f3882d4d85460c5efa40b88e59b9b9a3f34a25c0ff,E3,E3-A0.99-BINDING_MID,202607223025,Corn,Soybean,RISK_PRESSURE
10.711405482688008,10.711405482688006,0.0,0.0,0.0,1.7763568394002505e-15,0.038873543228476796,0.0,CRR-STAGEII-CONFIRM-2026-07-22,21c5b970e734ed79636df2f3882d4d85460c5efa40b88e59b9b9a3f34a25c0ff,E3,E3-A0.99-BINDING_MID,202607223026,Corn,Soybean,RISK_PRESSURE
11.304968835949126,11.304968835949126,0.0,0.0,0.0,0.0,0.028109971762531417,0.0,CRR-STAGEII-CONFIRM-2026-07-22,21c5b970e734ed79636df2f3882d4d85460c5efa40b88e59b9b9a3f34a25c0ff,E3,E3-A0.99-BINDING_MID,202607223027,Corn,Soybean,RISK_PRESSURE
21.89148796016707,21.89148796016707,0.0,0.0,0.0,0.0,0.12191500874886232,0.0,CRR-STAGEII-CONFIRM-2026-07-22,21c5b970e734ed79636df2f3882d4d85460c5efa40b88e59b9b9a3f34a25c0ff,E3,E3-A0.99-BINDING_MID,202607223028,Corn,Soybean,RISK_PRESSURE
3.4562737372798438,3.456273737279846,0.0,0.0,0.0,-2.220446049250313e-15,0.014500044642751274,0.0,CRR-STAGEII-CONFIRM-2026-07-22,21c5b970e734ed79636df2f3882d4d85460c5efa40b88e59b9b9a3f34a25c0ff,E3,E3-A0.99-BINDING_MID,202607223029,Corn,Soybean,RISK_PRESSURE
8.128285075812983,8.128285075812983,0.0,0.0,0.0,0.0,0.028672414596203753,0.0,CRR-STAGEII-CONFIRM-2026-07-22,21c5b970e734ed79636df2f3882d4d85460c5efa40b88e59b9b9a3f34a25c0ff,E3,E3-A0.99-BINDING_MID,202607223030,Corn,Soybean,RISK_PRESSURE
9.944996466964255,9.944996466964328,0.0,0.0,0.0,-7.283063041541027e-14,0.12098826296156655,0.0,CRR-STAGEII-CONFIRM-2026-07-22,21c5b970e734ed79636df2f3882d4d85460c5efa40b88e59b9b9a3f34a25c0ff,E3,E3-A0.99-BINDING_MID,202607223031,Corn,Soybean,RISK_PRESSURE
2.1110260093967668,2.1110260093967614,0.0,0.0,0.0,5.329070518200751e-15,0.005078515998924228,0.0,CRR-STAGEII-CONFIRM-2026-07-22,21c5b970e734ed79636df2f3882d4d85460c5efa40b88e59b9b9a3f34a25c0ff,E3,E3-A0.99-BINDING_MID,202607223032,Corn,Soybean,RISK_PRESSURE
-5.778453367240331,-5.77845336724033,0.0,0.0,0.0,-8.881784197001252e-16,0.03281791906788539,0.0,CRR-STAGEII-CONFIRM-2026-07-22,21c5b970e734ed79636df2f3882d4d85460c5efa40b88e59b9b9a3f34a25c0ff,E3,E3-A0.99-BINDING_MID,202607223033,Corn,Soybean,RISK_PRESSURE
4.440236514582182,4.440236514582182,0.0,0.0,0.0,0.0,0.0177083488544075,0.0,CRR-STAGEII-CONFIRM-2026-07-22,21c5b970e734ed79636df2f3882d4d85460c5efa40b88e59b9b9a3f34a25c0ff,E3,E3-A0.99-BINDING_MID,202607223034,Corn,Soybean,RISK_PRESSURE
-5.2922084326686445,-5.2922084326686445,0.0,0.0,0.0,0.0,0.08925798641457347,0.0,CRR-STAGEII-CONFIRM-2026-07-22,21c5b970e734ed79636df2f3882d4d85460c5efa40b88e59b9b9a3f34a25c0ff,E3,E3-A0.99-BINDING_MID,202607223035,Corn,Soybean,RISK_PRESSURE
11.714533808885335,11.71453380888534,0.0,0.0,0.0,-5.329070518200751e-15,0.03602977648014357,0.0,CRR-STAGEII-CONFIRM-2026-07-22,21c5b970e734ed79636df2f3882d4d85460c5efa40b88e59b9b9a3f34a25c0ff,E3,E3-A0.99-BINDING_MID,202607223036,Corn,Soybean,RISK_PRESSURE
6.929779855833772,6.929779855833782,0.0,0.0,0.0,-1.0658141036401503e-14,0.01890564947981056,0.0,CRR-STAGEII-CONFIRM-2026-07-22,21c5b970e734ed79636df2f3882d4d85460c5efa40b88e59b9b9a3f34a25c0ff,E3,E3-A0.99-BINDING_MID,202607223037,Corn,Soybean,RISK_PRESSURE
5.792012999641997,5.792012999642007,0.0,0.0,0.0,-9.769962616701378e-15,0.011035689563749505,0.0,CRR-STAGEII-CONFIRM-2026-07-22,21c5b970e734ed79636df2f3882d4d85460c5efa40b88e59b9b9a3f34a25c0ff,E3,E3-A0.99-BINDING_MID,202607223038,Corn,Soybean,RISK_PRESSURE
5.1240609146613,5.12406091466131,0.0,0.0,0.0,-1.0658141036401503e-14,0.015157852467798988,0.0,CRR-STAGEII-CONFIRM-2026-07-22,21c5b970e734ed79636df2f3882d4d85460c5efa40b88e59b9b9a3f34a25c0ff,E3,E3-A0.99-BINDING_MID,202607223039,Corn,Soybean,RISK_PRESSURE
0.4054302754120158,0.40543027541201604,0.0,0.0,0.0,-2.220446049250313e-16,0.002080998029425795,0.0,CRR-STAGEII-CONFIRM-2026-07-22,21c5b970e734ed79636df2f3882d4d85460c5efa40b88e59b9b9a3f34a25c0ff,E3,E3-A0.99-BINDING_MID,202607223040,Corn,Soybean,RISK_PRESSURE
6.9619694327463435,6.96196943274634,0.0,0.0,0.0,3.552713678800501e-15,0.01962459785973471,0.0,CRR-STAGEII-CONFIRM-2026-07-22,21c5b970e734ed79636df2f3882d4d85460c5efa40b88e59b9b9a3f34a25c0ff,E3,E3-A0.99-BINDING_MID,202607223041,Corn,Soybean,RISK_PRESSURE
16.839874435642116,16.83987443564211,0.0,0.0,0.0,7.105427357601002e-15,0.05069910383959042,0.0,CRR-STAGEII-CONFIRM-2026-07-22,21c5b970e734ed79636df2f3882d4d85460c5efa40b88e59b9b9a3f34a25c0ff,E3,E3-A0.99-BINDING_MID,202607223042,Corn,Soybean,RISK_PRESSURE
10.293906596900797,10.293906596900799,0.0,0.0,0.0,-1.7763568394002505e-15,0.023345334267279954,0.0,CRR-STAGEII-CONFIRM-2026-07-22,21c5b970e734ed79636df2f3882d4d85460c5efa40b88e59b9b9a3f34a25c0ff,E3,E3-A0.99-BINDING_MID,202607223043,Corn,Soybean,RISK_PRESSURE
22.19653990824156,22.196539908241615,0.0,0.0,0.0,-5.3290705182007514e-14,0.2639282389707813,0.0,CRR-STAGEII-CONFIRM-2026-07-22,21c5b970e734ed79636df2f3882d4d85460c5efa40b88e59b9b9a3f34a25c0ff,E3,E3-A0.99-BINDING_MID,202607223044,Corn,Soybean,RISK_PRESSURE
2.643025851404161,2.6430258514041625,0.0,0.0,0.0,-1.3322676295501878e-15,0.005306533064935122,0.0,CRR-STAGEII-CONFIRM-2026-07-22,21c5b970e734ed79636df2f3882d4d85460c5efa40b88e59b9b9a3f34a25c0ff,E3,E3-A0.99-BINDING_MID,202607223045,Corn,Soybean,RISK_PRESSURE
7.221393934822629,7.22139393482263,0.0,0.0,0.0,-8.881784197001252e-16,0.024938086816654926,0.0,CRR-STAGEII-CONFIRM-2026-07-22,21c5b970e734ed79636df2f3882d4d85460c5efa40b88e59b9b9a3f34a25c0ff,E3,E3-A0.99-BINDING_MID,202607223046,Corn,Soybean,RISK_PRESSURE
7.974812910253888,7.974812910253887,0.0,0.0,0.0,8.881784197001252e-16,0.022601197887566364,0.0,CRR-STAGEII-CONFIRM-2026-07-22,21c5b970e734ed79636df2f3882d4d85460c5efa40b88e59b9b9a3f34a25c0ff,E3,E3-A0.99-BINDING_MID,202607223047,Corn,Soybean,RISK_PRESSURE
15.383372959458598,15.383372959458546,0.0,0.0,0.0,5.1514348342607263e-14,0.02819006130065064,0.0,CRR-STAGEII-CONFIRM-2026-07-22,21c5b970e734ed79636df2f3882d4d85460c5efa40b88e59b9b9a3f34a25c0ff,E3,E3-A0.99-BINDING_MID,202607223048,Corn,Soybean,RISK_PRESSURE
5.420183413675147,5.4201834136751454,0.0,0.0,0.0,1.7763568394002505e-15,0.013707441065831305,0.0,CRR-STAGEII-CONFIRM-2026-07-22,21c5b970e734ed79636df2f3882d4d85460c5efa40b88e59b9b9a3f34a25c0ff,E3,E3-A0.99-BINDING_MID,202607223049,Corn,Soybean,RISK_PRESSURE
0.8592758435601127,0.859275843560114,0.0,0.0,0.0,-1.3322676295501878e-15,0.0017941648219595022,0.0,CRR-STAGEII-CONFIRM-2026-07-22,21c5b970e734ed79636df2f3882d4d85460c5efa40b88e59b9b9a3f34a25c0ff,E3,E3-A0.99-BINDING_MID,202607223050,Corn,Soybean,RISK_PRESSURE
12.131827572746886,12.13182757274689,0.0,0.0,0.0,-3.552713678800501e-15,0.0350157078459733,0.0,CRR-STAGEII-CONFIRM-2026-07-22,21c5b970e734ed79636df2f3882d4d85460c5efa40b88e59b9b9a3f34a25c0ff,E3,E3-A0.99-BINDING_MID,202607223051,Corn,Soybean,RISK_PRESSURE
-0.959508179097952,-0.9595081790979524,0.0,0.0,0.0,3.3306690738754696e-16,0.004947485352390667,0.0,CRR-STAGEII-CONFIRM-2026-07-22,21c5b970e734ed79636df2f3882d4d85460c5efa40b88e59b9b9a3f34a25c0ff,E3,E3-A0.99-BINDING_MID,202607223052,Corn,Soybean,RISK_PRESSURE
4.304212576300813,4.304212576300813,0.0,0.0,0.0,0.0,0.014622964038090911,0.0,CRR-STAGEII-CONFIRM-2026-07-22,21c5b970e734ed79636df2f3882d4d85460c5efa40b88e59b9b9a3f34a25c0ff,E3,E3-A0.99-BINDING_MID,202607223053,Corn,Soybean,RISK_PRESSURE
3.6881910772119113,3.6881910772119073,0.0,0.0,0.0,3.9968028886505635e-15,0.047685364584884746,0.0,CRR-STAGEII-CONFIRM-2026-07-22,21c5b970e734ed79636df2f3882d4d85460c5efa40b88e59b9b9a3f34a25c0ff,E3,E3-A0.99-BINDING_MID,202607223054,Corn,Soybean,RISK_PRESSURE
12.336220919101436,12.336220919101464,0.0,0.0,0.0,-2.842170943040401e-14,1.0142652159736616,0.0,CRR-STAGEII-CONFIRM-2026-07-22,21c5b970e734ed79636df2f3882d4d85460c5efa40b88e59b9b9a3f34a25c0ff,E3,E3-A0.99-BINDING_MID,202607223055,Corn,Soybean,RISK_PRESSURE
10.886724359049367,10.886724359049367,0.0,0.0,0.0,0.0,0.04924490077147197,0.0,CRR-STAGEII-CONFIRM-2026-07-22,21c5b970e734ed79636df2f3882d4d85460c5efa40b88e59b9b9a3f34a25c0ff,E3,E3-A0.99-BINDING_MID,202607223056,Corn,Soybean,RISK_PRESSURE
1.5572846249850727,1.5572846249850734,0.0,0.0,0.0,-6.661338147750939e-16,0.0033263496280123463,0.0,CRR-STAGEII-CONFIRM-2026-07-22,21c5b970e734ed79636df2f3882d4d85460c5efa40b88e59b9b9a3f34a25c0ff,E3,E3-A0.99-BINDING_MID,202607223057,Corn,Soybean,RISK_PRESSURE
-6.507928967687178,-6.5079289676871825,0.0,0.0,0.0,4.440892098500626e-15,0.02596607954467936,0.0,CRR-STAGEII-CONFIRM-2026-07-22,21c5b970e734ed79636df2f3882d4d85460c5efa40b88e59b9b9a3f34a25c0ff,E3,E3-A0.99-BINDING_MID,202607223058,Corn,Soybean,RISK_PRESSURE
-0.0414543506873315,15830.667963120844,0.0,0.0,-15830.70941747155,1.8189894035458565e-11,166.58013646662943,0.0,CRR-STAGEII-CONFIRM-2026-07-22,21c5b970e734ed79636df2f3882d4d85460c5efa40b88e59b9b9a3f34a25c0ff,E3,E3-A0.99-BINDING_MID,202607223059,Corn,Soybean,RISK_PRESSURE
-4.454255709675806,-4.454255709675803,0.0,0.0,0.0,-2.6645352591003757e-15,0.1357375543255143,0.0,CRR-STAGEII-CONFIRM-2026-07-22,21c5b970e734ed79636df2f3882d4d85460c5efa40b88e59b9b9a3f34a25c0ff,E3,E3-A0.99-BINDING_MID,202607223060,Corn,Soybean,RISK_PRESSURE
11.71436173816528,11.714361738165282,0.0,0.0,0.0,-1.7763568394002505e-15,0.0369604888147231,0.0,CRR-STAGEII-CONFIRM-2026-07-22,21c5b970e734ed79636df2f3882d4d85460c5efa40b88e59b9b9a3f34a25c0ff,E3,E3-A0.99-BINDING_MID,202607223061,Corn,Soybean,RISK_PRESSURE
16.34724506246397,16.347245062463934,0.0,0.0,0.0,3.552713678800501e-14,0.09323559084296647,0.0,CRR-STAGEII-CONFIRM-2026-07-22,21c5b970e734ed79636df2f3882d4d85460c5efa40b88e59b9b9a3f34a25c0ff,E3,E3-A0.99-BINDING_MID,202607223062,Corn,Soybean,RISK_PRESSURE
-8.631558314098413,-8.631558314098415,0.0,0.0,0.0,1.7763568394002505e-15,0.06975058549627892,0.0,CRR-STAGEII-CONFIRM-2026-07-22,21c5b970e734ed79636df2f3882d4d85460c5efa40b88e59b9b9a3f34a25c0ff,E3,E3-A0.99-BINDING_MID,202607223063,Corn,Soybean,RISK_PRESSURE
13.795455500557807,13.79545550055781,0.0,0.0,0.0,-3.552713678800501e-15,0.060223760818172725,0.0,CRR-STAGEII-CONFIRM-2026-07-22,21c5b970e734ed79636df2f3882d4d85460c5efa40b88e59b9b9a3f34a25c0ff,E3,E3-A0.99-BINDING_MID,202607223064,Corn,Soybean,RISK_PRESSURE
0.7764502511187175,0.7764502511187176,0.0,0.0,0.0,-1.1102230246251565e-16,0.001568604837248252,0.0,CRR-STAGEII-CONFIRM-2026-07-22,21c5b970e734ed79636df2f3882d4d85460c5efa40b88e59b9b9a3f34a25c0ff,E3,E3-A0.99-JUST_BINDING,202607223001,Corn,Soybean,RISK_PRESSURE
5.6526061900403874,5.652606190040388,0.0,0.0,0.0,-8.881784197001252e-16,0.01926745498569141,0.0,CRR-STAGEII-CONFIRM-2026-07-22,21c5b970e734ed79636df2f3882d4d85460c5efa40b88e59b9b9a3f34a25c0ff,E3,E3-A0.99-JUST_BINDING,202607223002,Corn,Soybean,RISK_PRESSURE
2.6190512131548758,2.6190512131548758,0.0,0.0,0.0,0.0,0.005842477150239287,0.0,CRR-STAGEII-CONFIRM-2026-07-22,21c5b970e734ed79636df2f3882d4d85460c5efa40b88e59b9b9a3f34a25c0ff,E3,E3-A0.99-JUST_BINDING,202607223003,Corn,Soybean,RISK_PRESSURE
7.769541171982155,7.769541171982158,0.0,0.0,0.0,-2.6645352591003757e-15,0.014460237685503299,0.0,CRR-STAGEII-CONFIRM-2026-07-22,21c5b970e734ed79636df2f3882d4d85460c5efa40b88e59b9b9a3f34a25c0ff,E3,E3-A0.99-JUST_BINDING,202607223004,Corn,Soybean,RISK_PRESSURE
6.09904892338227,6.099048923382243,0.0,0.0,0.0,2.6645352591003757e-14,0.015556262058079242,0.0,CRR-STAGEII-CONFIRM-2026-07-22,21c5b970e734ed79636df2f3882d4d85460c5efa40b88e59b9b9a3f34a25c0ff,E3,E3-A0.99-JUST_BINDING,202607223005,Corn,Soybean,RISK_PRESSURE
3.726347771660528,3.72634777166053,0.0,0.0,0.0,-2.220446049250313e-15,0.018473197229248846,0.0,CRR-STAGEII-CONFIRM-2026-07-22,21c5b970e734ed79636df2f3882d4d85460c5efa40b88e59b9b9a3f34a25c0ff,E3,E3-A0.99-JUST_BINDING,202607223006,Corn,Soybean,RISK_PRESSURE
-1.2473789702573868,-1.2473789702570128,0.0,0.0,0.0,-3.739231146937527e-13,2.219779521818973,0.0,CRR-STAGEII-CONFIRM-2026-07-22,21c5b970e734ed79636df2f3882d4d85460c5efa40b88e59b9b9a3f34a25c0ff,E3,E3-A0.99-JUST_BINDING,202607223007,Corn,Soybean,RISK_PRESSURE
2.869053772664529,2.86905377266453,0.0,0.0,0.0,-1.3322676295501878e-15,0.008542197698178471,0.0,CRR-STAGEII-CONFIRM-2026-07-22,21c5b970e734ed79636df2f3882d4d85460c5efa40b88e59b9b9a3f34a25c0ff,E3,E3-A0.99-JUST_BINDING,202607223008,Corn,Soybean,RISK_PRESSURE
9.034237767796242,9.034237767796233,0.0,0.0,0.0,8.881784197001252e-15,0.030383294830042117,0.0,CRR-STAGEII-CONFIRM-2026-07-22,21c5b970e734ed79636df2f3882d4d85460c5efa40b88e59b9b9a3f34a25c0ff,E3,E3-A0.99-JUST_BINDING,202607223009,Corn,Soybean,RISK_PRESSURE
20.625820516011515,20.625820516011522,0.0,0.0,0.0,-7.105427357601002e-15,0.07149777162729522,0.0,CRR-STAGEII-CONFIRM-2026-07-22,21c5b970e734ed79636df2f3882d4d85460c5efa40b88e59b9b9a3f34a25c0ff,E3,E3-A0.99-JUST_BINDING,202607223010,Corn,Soybean,RISK_PRESSURE
5.532470496087399,5.5324704960874,0.0,0.0,0.0,-8.881784197001252e-16,0.014096614293177271,0.0,CRR-STAGEII-CONFIRM-2026-07-22,21c5b970e734ed79636df2f3882d4d85460c5efa40b88e59b9b9a3f34a25c0ff,E3,E3-A0.99-JUST_BINDING,202607223011,Corn,Soybean,RISK_PRESSURE
14.820609084131434,14.820609084131432,0.0,0.0,0.0,1.7763568394002505e-15,0.029484209474996057,0.0,CRR-STAGEII-CONFIRM-2026-07-22,21c5b970e734ed79636df2f3882d4d85460c5efa40b88e59b9b9a3f34a25c0ff,E3,E3-A0.99-JUST_BINDING,202607223012,Corn,Soybean,RISK_PRESSURE
-7.217210848530556,-7.217210848530553,0.0,0.0,0.0,-2.6645352591003757e-15,0.046209645539910915,0.0,CRR-STAGEII-CONFIRM-2026-07-22,21c5b970e734ed79636df2f3882d4d85460c5efa40b88e59b9b9a3f34a25c0ff,E3,E3-A0.99-JUST_BINDING,202607223013,Corn,Soybean,RISK_PRESSURE
0.9827598437708502,0.9827598437708497,0.0,0.0,0.0,5.551115123125783e-16,0.0023948723400520518,0.0,CRR-STAGEII-CONFIRM-2026-07-22,21c5b970e734ed79636df2f3882d4d85460c5efa40b88e59b9b9a3f34a25c0ff,E3,E3-A0.99-JUST_BINDING,202607223014,Corn,Soybean,RISK_PRESSURE
-1.805258611980605,-1.805258611980605,0.0,0.0,0.0,0.0,0.021978569905416048,0.0,CRR-STAGEII-CONFIRM-2026-07-22,21c5b970e734ed79636df2f3882d4d85460c5efa40b88e59b9b9a3f34a25c0ff,E3,E3-A0.99-JUST_BINDING,202607223015,Corn,Soybean,RISK_PRESSURE
-6.436633843829497,-6.436633843829439,0.0,0.0,0.0,-5.861977570020827e-14,0.029436530871199386,0.0,CRR-STAGEII-CONFIRM-2026-07-22,21c5b970e734ed79636df2f3882d4d85460c5efa40b88e59b9b9a3f34a25c0ff,E3,E3-A0.99-JUST_BINDING,202607223016,Corn,Soybean,RISK_PRESSURE
-3.560399087223118,-3.560399087223878,0.0,0.0,0.0,7.602807272633072e-13,10.838590670422727,0.0,CRR-STAGEII-CONFIRM-2026-07-22,21c5b970e734ed79636df2f3882d4d85460c5efa40b88e59b9b9a3f34a25c0ff,E3,E3-A0.99-JUST_BINDING,202607223017,Corn,Soybean,RISK_PRESSURE
7.876091947737336,7.876091947737339,0.0,0.0,0.0,-2.6645352591003757e-15,0.022207990079650953,0.0,CRR-STAGEII-CONFIRM-2026-07-22,21c5b970e734ed79636df2f3882d4d85460c5efa40b88e59b9b9a3f34a25c0ff,E3,E3-A0.99-JUST_BINDING,202607223018,Corn,Soybean,RISK_PRESSURE
9.566517260429237,9.566517260429244,0.0,0.0,0.0,-7.105427357601002e-15,0.021167613572241548,0.0,CRR-STAGEII-CONFIRM-2026-07-22,21c5b970e734ed79636df2f3882d4d85460c5efa40b88e59b9b9a3f34a25c0ff,E3,E3-A0.99-JUST_BINDING,202607223019,Corn,Soybean,RISK_PRESSURE
-12.218414707629961,6585.471749405158,0.0,0.0,-6597.69016411279,1.8189894035458565e-12,69.91162207338628,0.0,CRR-STAGEII-CONFIRM-2026-07-22,21c5b970e734ed79636df2f3882d4d85460c5efa40b88e59b9b9a3f34a25c0ff,E3,E3-A0.99-JUST_BINDING,202607223020,Corn,Soybean,RISK_PRESSURE
5.470240209130623,5.470240209130597,0.0,0.0,0.0,2.5757174171303632e-14,0.009457686219488792,0.0,CRR-STAGEII-CONFIRM-2026-07-22,21c5b970e734ed79636df2f3882d4d85460c5efa40b88e59b9b9a3f34a25c0ff,E3,E3-A0.99-JUST_BINDING,202607223021,Corn,Soybean,RISK_PRESSURE
16.070209900352438,16.070209900352438,0.0,0.0,0.0,0.0,0.04377001571976186,0.0,CRR-STAGEII-CONFIRM-2026-07-22,21c5b970e734ed79636df2f3882d4d85460c5efa40b88e59b9b9a3f34a25c0ff,E3,E3-A0.99-JUST_BINDING,202607223022,Corn,Soybean,RISK_PRESSURE
26.613628509209946,26.613628509209942,0.0,0.0,0.0,3.552713678800501e-15,0.12489330748971561,0.0,CRR-STAGEII-CONFIRM-2026-07-22,21c5b970e734ed79636df2f3882d4d85460c5efa40b88e59b9b9a3f34a25c0ff,E3,E3-A0.99-JUST_BINDING,202607223023,Corn,Soybean,RISK_PRESSURE
0.9574569277015712,0.9574569277015718,0.0,0.0,0.0,-5.551115123125783e-16,0.0036866696103295925,0.0,CRR-STAGEII-CONFIRM-2026-07-22,21c5b970e734ed79636df2f3882d4d85460c5efa40b88e59b9b9a3f34a25c0ff,E3,E3-A0.99-JUST_BINDING,202607223024,Corn,Soybean,RISK_PRESSURE
15.035491577841299,15.035491577841302,0.0,0.0,0.0,-3.552713678800501e-15,0.033787479572893006,0.0,CRR-STAGEII-CONFIRM-2026-07-22,21c5b970e734ed79636df2f3882d4d85460c5efa40b88e59b9b9a3f34a25c0ff,E3,E3-A0.99-JUST_BINDING,202607223025,Corn,Soybean,RISK_PRESSURE
10.711405482688008,10.71140548268801,0.0,0.0,0.0,-1.7763568394002505e-15,0.02562352732099843,0.0,CRR-STAGEII-CONFIRM-2026-07-22,21c5b970e734ed79636df2f3882d4d85460c5efa40b88e59b9b9a3f34a25c0ff,E3,E3-A0.99-JUST_BINDING,202607223026,Corn,Soybean,RISK_PRESSURE
11.304968835949126,11.304968835949124,0.0,0.0,0.0,1.7763568394002505e-15,0.025019758098013923,0.0,CRR-STAGEII-CONFIRM-2026-07-22,21c5b970e734ed79636df2f3882d4d85460c5efa40b88e59b9b9a3f34a25c0ff,E3,E3-A0.99-JUST_BINDING,202607223027,Corn,Soybean,RISK_PRESSURE
21.89148796016707,21.891487960167073,0.0,0.0,0.0,-3.552713678800501e-15,0.07058848011099164,0.0,CRR-STAGEII-CONFIRM-2026-07-22,21c5b970e734ed79636df2f3882d4d85460c5efa40b88e59b9b9a3f34a25c0ff,E3,E3-A0.99-JUST_BINDING,202607223028,Corn,Soybean,RISK_PRESSURE
3.4562737372798438,3.4562737372798455,0.0,0.0,0.0,-1.7763568394002505e-15,0.01131007661493597,0.0,CRR-STAGEII-CONFIRM-2026-07-22,21c5b970e734ed79636df2f3882d4d85460c5efa40b88e59b9b9a3f34a25c0ff,E3,E3-A0.99-JUST_BINDING,202607223029,Corn,Soybean,RISK_PRESSURE
8.128285075812983,8.128285075812983,0.0,0.0,0.0,0.0,0.021510720976512653,0.0,CRR-STAGEII-CONFIRM-2026-07-22,21c5b970e734ed79636df2f3882d4d85460c5efa40b88e59b9b9a3f34a25c0ff,E3,E3-A0.99-JUST_BINDING,202607223030,Corn,Soybean,RISK_PRESSURE
9.944996466964255,9.94499646696426,0.0,0.0,0.0,-5.329070518200751e-15,0.030215353184758514,0.0,CRR-STAGEII-CONFIRM-2026-07-22,21c5b970e734ed79636df2f3882d4d85460c5efa40b88e59b9b9a3f34a25c0ff,E3,E3-A0.99-JUST_BINDING,202607223031,Corn,Soybean,RISK_PRESSURE
2.1110260093967668,2.111026009396767,0.0,0.0,0.0,-4.440892098500626e-16,0.004594326860634502,0.0,CRR-STAGEII-CONFIRM-2026-07-22,21c5b970e734ed79636df2f3882d4d85460c5efa40b88e59b9b9a3f34a25c0ff,E3,E3-A0.99-JUST_BINDING,202607223032,Corn,Soybean,RISK_PRESSURE
-5.778453367240331,-5.77845336724033,0.0,0.0,0.0,-8.881784197001252e-16,0.03281791906788539,0.0,CRR-STAGEII-CONFIRM-2026-07-22,21c5b970e734ed79636df2f3882d4d85460c5efa40b88e59b9b9a3f34a25c0ff,E3,E3-A0.99-JUST_BINDING,202607223033,Corn,Soybean,RISK_PRESSURE
4.440236514582182,4.440236514582184,0.0,0.0,0.0,-1.7763568394002505e-15,0.012297943831359301,0.0,CRR-STAGEII-CONFIRM-2026-07-22,21c5b970e734ed79636df2f3882d4d85460c5efa40b88e59b9b9a3f34a25c0ff,E3,E3-A0.99-JUST_BINDING,202607223034,Corn,Soybean,RISK_PRESSURE
-5.2922084326686445,-5.2922084326686445,0.0,0.0,0.0,0.0,0.026224370453227407,0.0,CRR-STAGEII-CONFIRM-2026-07-22,21c5b970e734ed79636df2f3882d4d85460c5efa40b88e59b9b9a3f34a25c0ff,E3,E3-A0.99-JUST_BINDING,202607223035,Corn,Soybean,RISK_PRESSURE
11.714533808885335,11.714533808885333,0.0,0.0,0.0,1.7763568394002505e-15,0.024693195568501754,0.0,CRR-STAGEII-CONFIRM-2026-07-22,21c5b970e734ed79636df2f3882d4d85460c5efa40b88e59b9b9a3f34a25c0ff,E3,E3-A0.99-JUST_BINDING,202607223036,Corn,Soybean,RISK_PRESSURE
6.929779855833772,6.929779855833769,0.0,0.0,0.0,2.6645352591003757e-15,0.012613618509791723,0.0,CRR-STAGEII-CONFIRM-2026-07-22,21c5b970e734ed79636df2f3882d4d85460c5efa40b88e59b9b9a3f34a25c0ff,E3,E3-A0.99-JUST_BINDING,202607223037,Corn,Soybean,RISK_PRESSURE
5.792012999641997,5.792012999641998,0.0,0.0,0.0,-8.881784197001252e-16,0.010253745717886079,0.0,CRR-STAGEII-CONFIRM-2026-07-22,21c5b970e734ed79636df2f3882d4d85460c5efa40b88e59b9b9a3f34a25c0ff,E3,E3-A0.99-JUST_BINDING,202607223038,Corn,Soybean,RISK_PRESSURE
5.1240609146613,5.1240609146613,0.0,0.0,0.0,0.0,0.014110331394126985,0.0,CRR-STAGEII-CONFIRM-2026-07-22,21c5b970e734ed79636df2f3882d4d85460c5efa40b88e59b9b9a3f34a25c0ff,E3,E3-A0.99-JUST_BINDING,202607223039,Corn,Soybean,RISK_PRESSURE
0.4054302754120158,0.4054302754120158,0.0,0.0,0.0,0.0,0.001363582390254364,0.0,CRR-STAGEII-CONFIRM-2026-07-22,21c5b970e734ed79636df2f3882d4d85460c5efa40b88e59b9b9a3f34a25c0ff,E3,E3-A0.99-JUST_BINDING,202607223040,Corn,Soybean,RISK_PRESSURE
6.9619694327463435,6.961969432746345,0.0,0.0,0.0,-1.7763568394002505e-15,0.016743274423107038,0.0,CRR-STAGEII-CONFIRM-2026-07-22,21c5b970e734ed79636df2f3882d4d85460c5efa40b88e59b9b9a3f34a25c0ff,E3,E3-A0.99-JUST_BINDING,202607223041,Corn,Soybean,RISK_PRESSURE
16.839874435642116,16.839874435642116,0.0,0.0,0.0,0.0,0.04520165007375764,0.0,CRR-STAGEII-CONFIRM-2026-07-22,21c5b970e734ed79636df2f3882d4d85460c5efa40b88e59b9b9a3f34a25c0ff,E3,E3-A0.99-JUST_BINDING,202607223042,Corn,Soybean,RISK_PRESSURE
10.293906596900797,10.293906596900802,0.0,0.0,0.0,-5.329070518200751e-15,0.019177235201206174,0.0,CRR-STAGEII-CONFIRM-2026-07-22,21c5b970e734ed79636df2f3882d4d85460c5efa40b88e59b9b9a3f34a25c0ff,E3,E3-A0.99-JUST_BINDING,202607223043,Corn,Soybean,RISK_PRESSURE
22.19653990824156,22.196539908241565,0.0,0.0,0.0,-3.552713678800501e-15,0.1492629013789055,0.0,CRR-STAGEII-CONFIRM-2026-07-22,21c5b970e734ed79636df2f3882d4d85460c5efa40b88e59b9b9a3f34a25c0ff,E3,E3-A0.99-JUST_BINDING,202607223044,Corn,Soybean,RISK_PRESSURE
2.643025851404161,2.643025851404162,0.0,0.0,0.0,-8.881784197001252e-16,0.004640627761387591,0.0,CRR-STAGEII-CONFIRM-2026-07-22,21c5b970e734ed79636df2f3882d4d85460c5efa40b88e59b9b9a3f34a25c0ff,E3,E3-A0.99-JUST_BINDING,202607223045,Corn,Soybean,RISK_PRESSURE
7.221393934822629,7.221393934822633,0.0,0.0,0.0,-3.552713678800501e-15,0.015607698376741932,0.0,CRR-STAGEII-CONFIRM-2026-07-22,21c5b970e734ed79636df2f3882d4d85460c5efa40b88e59b9b9a3f34a25c0ff,E3,E3-A0.99-JUST_BINDING,202607223046,Corn,Soybean,RISK_PRESSURE
7.974812910253888,7.974812910253893,0.0,0.0,0.0,-4.440892098500626e-15,0.021868194622447545,0.0,CRR-STAGEII-CONFIRM-2026-07-22,21c5b970e734ed79636df2f3882d4d85460c5efa40b88e59b9b9a3f34a25c0ff,E3,E3-A0.99-JUST_BINDING,202607223047,Corn,Soybean,RISK_PRESSURE
15.383372959458598,15.383372959458605,0.0,0.0,0.0,-7.105427357601002e-15,0.02599815771391748,0.0,CRR-STAGEII-CONFIRM-2026-07-22,21c5b970e734ed79636df2f3882d4d85460c5efa40b88e59b9b9a3f34a25c0ff,E3,E3-A0.99-JUST_BINDING,202607223048,Corn,Soybean,RISK_PRESSURE
5.420183413675147,5.420183413675147,0.0,0.0,0.0,0.0,0.013404693584890076,0.0,CRR-STAGEII-CONFIRM-2026-07-22,21c5b970e734ed79636df2f3882d4d85460c5efa40b88e59b9b9a3f34a25c0ff,E3,E3-A0.99-JUST_BINDING,202607223049,Corn,Soybean,RISK_PRESSURE
0.8592758435601127,0.8592758435601128,0.0,0.0,0.0,-1.1102230246251565e-16,0.0015640048026744732,0.0,CRR-STAGEII-CONFIRM-2026-07-22,21c5b970e734ed79636df2f3882d4d85460c5efa40b88e59b9b9a3f34a25c0ff,E3,E3-A0.99-JUST_BINDING,202607223050,Corn,Soybean,RISK_PRESSURE
12.131827572746886,12.131827572746888,0.0,0.0,0.0,-1.7763568394002505e-15,0.03442484872594265,0.0,CRR-STAGEII-CONFIRM-2026-07-22,21c5b970e734ed79636df2f3882d4d85460c5efa40b88e59b9b9a3f34a25c0ff,E3,E3-A0.99-JUST_BINDING,202607223051,Corn,Soybean,RISK_PRESSURE
-0.959508179097952,-0.9595081790979524,0.0,0.0,0.0,3.3306690738754696e-16,0.004947485352390667,0.0,CRR-STAGEII-CONFIRM-2026-07-22,21c5b970e734ed79636df2f3882d4d85460c5efa40b88e59b9b9a3f34a25c0ff,E3,E3-A0.99-JUST_BINDING,202607223052,Corn,Soybean,RISK_PRESSURE
4.304212576300813,4.304212576300812,0.0,0.0,0.0,8.881784197001252e-16,0.011885136289651826,0.0,CRR-STAGEII-CONFIRM-2026-07-22,21c5b970e734ed79636df2f3882d4d85460c5efa40b88e59b9b9a3f34a25c0ff,E3,E3-A0.99-JUST_BINDING,202607223053,Corn,Soybean,RISK_PRESSURE
3.6881910772119113,3.6881910772119104,0.0,0.0,0.0,8.881784197001252e-16,0.014724482388209831,0.0,CRR-STAGEII-CONFIRM-2026-07-22,21c5b970e734ed79636df2f3882d4d85460c5efa40b88e59b9b9a3f34a25c0ff,E3,E3-A0.99-JUST_BINDING,202607223054,Corn,Soybean,RISK_PRESSURE
12.336220919101436,12.336220919101434,0.0,0.0,0.0,1.7763568394002505e-15,0.04334812815036314,0.0,CRR-STAGEII-CONFIRM-2026-07-22,21c5b970e734ed79636df2f3882d4d85460c5efa40b88e59b9b9a3f34a25c0ff,E3,E3-A0.99-JUST_BINDING,202607223055,Corn,Soybean,RISK_PRESSURE
10.886724359049367,10.88672435904937,0.0,0.0,0.0,-3.552713678800501e-15,0.03247397140574104,0.0,CRR-STAGEII-CONFIRM-2026-07-22,21c5b970e734ed79636df2f3882d4d85460c5efa40b88e59b9b9a3f34a25c0ff,E3,E3-A0.99-JUST_BINDING,202607223056,Corn,Soybean,RISK_PRESSURE
1.5572846249850727,1.5572846249850727,0.0,0.0,0.0,0.0,0.002715045008970167,0.0,CRR-STAGEII-CONFIRM-2026-07-22,21c5b970e734ed79636df2f3882d4d85460c5efa40b88e59b9b9a3f34a25c0ff,E3,E3-A0.99-JUST_BINDING,202607223057,Corn,Soybean,RISK_PRESSURE
-6.507928967687178,-6.507928967687181,0.0,0.0,0.0,2.6645352591003757e-15,0.025966079544679357,0.0,CRR-STAGEII-CONFIRM-2026-07-22,21c5b970e734ed79636df2f3882d4d85460c5efa40b88e59b9b9a3f34a25c0ff,E3,E3-A0.99-JUST_BINDING,202607223058,Corn,Soybean,RISK_PRESSURE
-0.0414543506873315,-0.04145435068644774,0.0,0.0,0.0,-8.837583442833363e-13,6.367903369643903,0.0,CRR-STAGEII-CONFIRM-2026-07-22,21c5b970e734ed79636df2f3882d4d85460c5efa40b88e59b9b9a3f34a25c0ff,E3,E3-A0.99-JUST_BINDING,202607223059,Corn,Soybean,RISK_PRESSURE
-4.454255709675806,-4.454255709675805,0.0,0.0,0.0,-8.881784197001252e-16,0.03640209433286873,0.0,CRR-STAGEII-CONFIRM-2026-07-22,21c5b970e734ed79636df2f3882d4d85460c5efa40b88e59b9b9a3f34a25c0ff,E3,E3-A0.99-JUST_BINDING,202607223060,Corn,Soybean,RISK_PRESSURE
11.71436173816528,11.714361738165282,0.0,0.0,0.0,-1.7763568394002505e-15,0.03505145448041426,0.0,CRR-STAGEII-CONFIRM-2026-07-22,21c5b970e734ed79636df2f3882d4d85460c5efa40b88e59b9b9a3f34a25c0ff,E3,E3-A0.99-JUST_BINDING,202607223061,Corn,Soybean,RISK_PRESSURE
16.34724506246397,16.347245062463973,0.0,0.0,0.0,-3.552713678800501e-15,0.04551658106195676,0.0,CRR-STAGEII-CONFIRM-2026-07-22,21c5b970e734ed79636df2f3882d4d85460c5efa40b88e59b9b9a3f34a25c0ff,E3,E3-A0.99-JUST_BINDING,202607223062,Corn,Soybean,RISK_PRESSURE
-8.631558314098413,-8.631558314098413,0.0,0.0,0.0,0.0,0.05579041075505481,0.0,CRR-STAGEII-CONFIRM-2026-07-22,21c5b970e734ed79636df2f3882d4d85460c5efa40b88e59b9b9a3f34a25c0ff,E3,E3-A0.99-JUST_BINDING,202607223063,Corn,Soybean,RISK_PRESSURE
13.795455500557807,13.795455500557805,0.0,0.0,0.0,1.7763568394002505e-15,0.04836404563846335,0.0,CRR-STAGEII-CONFIRM-2026-07-22,21c5b970e734ed79636df2f3882d4d85460c5efa40b88e59b9b9a3f34a25c0ff,E3,E3-A0.99-JUST_BINDING,202607223064,Corn,Soybean,RISK_PRESSURE
0.7764502511187175,0.0,0.0,0.0,0.7764502511187175,0.0,0.0,0.0,CRR-STAGEII-CONFIRM-2026-07-22,21c5b970e734ed79636df2f3882d4d85460c5efa40b88e59b9b9a3f34a25c0ff,E3,E3-A0.99-SLACK,202607223001,Corn,Soybean,RISK_SLACK
5.6526061900403874,0.0,0.0,0.0,5.6526061900403874,0.0,0.0,0.0,CRR-STAGEII-CONFIRM-2026-07-22,21c5b970e734ed79636df2f3882d4d85460c5efa40b88e59b9b9a3f34a25c0ff,E3,E3-A0.99-SLACK,202607223002,Corn,Soybean,RISK_SLACK
2.6190512131548758,0.0,0.0,0.0,2.6190512131548758,0.0,0.0,0.0,CRR-STAGEII-CONFIRM-2026-07-22,21c5b970e734ed79636df2f3882d4d85460c5efa40b88e59b9b9a3f34a25c0ff,E3,E3-A0.99-SLACK,202607223003,Corn,Soybean,RISK_SLACK
7.769541171982155,0.0,0.0,0.0,7.769541171982155,0.0,0.0,0.0,CRR-STAGEII-CONFIRM-2026-07-22,21c5b970e734ed79636df2f3882d4d85460c5efa40b88e59b9b9a3f34a25c0ff,E3,E3-A0.99-SLACK,202607223004,Corn,Soybean,RISK_SLACK
6.09904892338227,0.0,0.0,0.0,6.099048923382213,5.684341886080802e-14,0.0,0.0,CRR-STAGEII-CONFIRM-2026-07-22,21c5b970e734ed79636df2f3882d4d85460c5efa40b88e59b9b9a3f34a25c0ff,E3,E3-A0.99-SLACK,202607223005,Corn,Soybean,RISK_SLACK
3.726347771660528,0.0,0.0,0.0,3.726347771660528,0.0,0.0,0.0,CRR-STAGEII-CONFIRM-2026-07-22,21c5b970e734ed79636df2f3882d4d85460c5efa40b88e59b9b9a3f34a25c0ff,E3,E3-A0.99-SLACK,202607223006,Corn,Soybean,RISK_SLACK
-1.2473789702573868,0.0,0.0,0.0,-1.2473789702553404,-2.0463630789890885e-12,0.0,0.0,CRR-STAGEII-CONFIRM-2026-07-22,21c5b970e734ed79636df2f3882d4d85460c5efa40b88e59b9b9a3f34a25c0ff,E3,E3-A0.99-SLACK,202607223007,Corn,Soybean,RISK_SLACK
2.869053772664529,0.0,0.0,0.0,2.869053772664529,0.0,0.0,0.0,CRR-STAGEII-CONFIRM-2026-07-22,21c5b970e734ed79636df2f3882d4d85460c5efa40b88e59b9b9a3f34a25c0ff,E3,E3-A0.99-SLACK,202607223008,Corn,Soybean,RISK_SLACK
9.034237767796242,0.0,0.0,0.0,9.034237767795958,2.8421709430404007e-13,0.0,0.0,CRR-STAGEII-CONFIRM-2026-07-22,21c5b970e734ed79636df2f3882d4d85460c5efa40b88e59b9b9a3f34a25c0ff,E3,E3-A0.99-SLACK,202607223009,Corn,Soybean,RISK_SLACK
20.625820516011515,0.0,0.0,0.0,20.625820516011515,0.0,0.0,0.0,CRR-STAGEII-CONFIRM-2026-07-22,21c5b970e734ed79636df2f3882d4d85460c5efa40b88e59b9b9a3f34a25c0ff,E3,E3-A0.99-SLACK,202607223010,Corn,Soybean,RISK_SLACK
5.532470496087399,0.0,0.0,0.0,5.532470496087399,0.0,0.0,0.0,CRR-STAGEII-CONFIRM-2026-07-22,21c5b970e734ed79636df2f3882d4d85460c5efa40b88e59b9b9a3f34a25c0ff,E3,E3-A0.99-SLACK,202607223011,Corn,Soybean,RISK_SLACK
14.820609084131434,0.0,0.0,0.0,14.820609084131434,0.0,0.0,0.0,CRR-STAGEII-CONFIRM-2026-07-22,21c5b970e734ed79636df2f3882d4d85460c5efa40b88e59b9b9a3f34a25c0ff,E3,E3-A0.99-SLACK,202607223012,Corn,Soybean,RISK_SLACK
-7.217210848530556,0.0,0.0,0.0,-7.217210848530556,0.0,0.0,0.0,CRR-STAGEII-CONFIRM-2026-07-22,21c5b970e734ed79636df2f3882d4d85460c5efa40b88e59b9b9a3f34a25c0ff,E3,E3-A0.99-SLACK,202607223013,Corn,Soybean,RISK_SLACK
0.9827598437708502,0.0,0.0,0.0,0.9827598437708502,0.0,0.0,0.0,CRR-STAGEII-CONFIRM-2026-07-22,21c5b970e734ed79636df2f3882d4d85460c5efa40b88e59b9b9a3f34a25c0ff,E3,E3-A0.99-SLACK,202607223014,Corn,Soybean,RISK_SLACK
-1.805258611980605,0.0,0.0,0.0,-1.805258611980605,0.0,0.0,0.0,CRR-STAGEII-CONFIRM-2026-07-22,21c5b970e734ed79636df2f3882d4d85460c5efa40b88e59b9b9a3f34a25c0ff,E3,E3-A0.99-SLACK,202607223015,Corn,Soybean,RISK_SLACK
-6.436633843829497,0.0,0.0,0.0,-6.436633843829497,0.0,0.0,0.0,CRR-STAGEII-CONFIRM-2026-07-22,21c5b970e734ed79636df2f3882d4d85460c5efa40b88e59b9b9a3f34a25c0ff,E3,E3-A0.99-SLACK,202607223016,Corn,Soybean,RISK_SLACK
-3.560399087223118,0.0,0.0,0.0,-3.560399087223118,0.0,0.0,0.0,CRR-STAGEII-CONFIRM-2026-07-22,21c5b970e734ed79636df2f3882d4d85460c5efa40b88e59b9b9a3f34a25c0ff,E3,E3-A0.99-SLACK,202607223017,Corn,Soybean,RISK_SLACK
7.876091947737336,0.0,0.0,0.0,7.876091947737336,0.0,0.0,0.0,CRR-STAGEII-CONFIRM-2026-07-22,21c5b970e734ed79636df2f3882d4d85460c5efa40b88e59b9b9a3f34a25c0ff,E3,E3-A0.99-SLACK,202607223018,Corn,Soybean,RISK_SLACK
9.566517260429237,0.0,0.0,0.0,9.566517260429237,0.0,0.0,0.0,CRR-STAGEII-CONFIRM-2026-07-22,21c5b970e734ed79636df2f3882d4d85460c5efa40b88e59b9b9a3f34a25c0ff,E3,E3-A0.99-SLACK,202607223019,Corn,Soybean,RISK_SLACK
-12.218414707629961,0.0,0.0,0.0,-12.218414707629677,-2.8421709430404007e-13,0.0,0.0,CRR-STAGEII-CONFIRM-2026-07-22,21c5b970e734ed79636df2f3882d4d85460c5efa40b88e59b9b9a3f34a25c0ff,E3,E3-A0.99-SLACK,202607223020,Corn,Soybean,RISK_SLACK
5.470240209130623,0.0,0.0,0.0,5.470240209130623,0.0,0.0,0.0,CRR-STAGEII-CONFIRM-2026-07-22,21c5b970e734ed79636df2f3882d4d85460c5efa40b88e59b9b9a3f34a25c0ff,E3,E3-A0.99-SLACK,202607223021,Corn,Soybean,RISK_SLACK
16.070209900352438,0.0,0.0,0.0,16.070209900352438,0.0,0.0,0.0,CRR-STAGEII-CONFIRM-2026-07-22,21c5b970e734ed79636df2f3882d4d85460c5efa40b88e59b9b9a3f34a25c0ff,E3,E3-A0.99-SLACK,202607223022,Corn,Soybean,RISK_SLACK
26.613628509209946,0.0,0.0,0.0,26.613628509209946,0.0,0.0,0.0,CRR-STAGEII-CONFIRM-2026-07-22,21c5b970e734ed79636df2f3882d4d85460c5efa40b88e59b9b9a3f34a25c0ff,E3,E3-A0.99-SLACK,202607223023,Corn,Soybean,RISK_SLACK
0.9574569277015712,0.0,0.0,0.0,0.9574569277015712,0.0,0.0,0.0,CRR-STAGEII-CONFIRM-2026-07-22,21c5b970e734ed79636df2f3882d4d85460c5efa40b88e59b9b9a3f34a25c0ff,E3,E3-A0.99-SLACK,202607223024,Corn,Soybean,RISK_SLACK
15.035491577841299,0.0,0.0,0.0,15.035491577841299,0.0,0.0,0.0,CRR-STAGEII-CONFIRM-2026-07-22,21c5b970e734ed79636df2f3882d4d85460c5efa40b88e59b9b9a3f34a25c0ff,E3,E3-A0.99-SLACK,202607223025,Corn,Soybean,RISK_SLACK
10.711405482688008,0.0,0.0,0.0,10.711405482688008,0.0,0.0,0.0,CRR-STAGEII-CONFIRM-2026-07-22,21c5b970e734ed79636df2f3882d4d85460c5efa40b88e59b9b9a3f34a25c0ff,E3,E3-A0.99-SLACK,202607223026,Corn,Soybean,RISK_SLACK
11.304968835949126,0.0,0.0,0.0,11.304968835949126,0.0,0.0,0.0,CRR-STAGEII-CONFIRM-2026-07-22,21c5b970e734ed79636df2f3882d4d85460c5efa40b88e59b9b9a3f34a25c0ff,E3,E3-A0.99-SLACK,202607223027,Corn,Soybean,RISK_SLACK
21.89148796016707,0.0,0.0,0.0,21.89148796016707,0.0,0.0,0.0,CRR-STAGEII-CONFIRM-2026-07-22,21c5b970e734ed79636df2f3882d4d85460c5efa40b88e59b9b9a3f34a25c0ff,E3,E3-A0.99-SLACK,202607223028,Corn,Soybean,RISK_SLACK
3.4562737372798438,0.0,0.0,0.0,3.4562737372798438,0.0,0.0,0.0,CRR-STAGEII-CONFIRM-2026-07-22,21c5b970e734ed79636df2f3882d4d85460c5efa40b88e59b9b9a3f34a25c0ff,E3,E3-A0.99-SLACK,202607223029,Corn,Soybean,RISK_SLACK
8.128285075812983,0.0,0.0,0.0,8.128285075812983,0.0,0.0,0.0,CRR-STAGEII-CONFIRM-2026-07-22,21c5b970e734ed79636df2f3882d4d85460c5efa40b88e59b9b9a3f34a25c0ff,E3,E3-A0.99-SLACK,202607223030,Corn,Soybean,RISK_SLACK
9.944996466964255,0.0,0.0,0.0,9.944996466964255,0.0,0.0,0.0,CRR-STAGEII-CONFIRM-2026-07-22,21c5b970e734ed79636df2f3882d4d85460c5efa40b88e59b9b9a3f34a25c0ff,E3,E3-A0.99-SLACK,202607223031,Corn,Soybean,RISK_SLACK
2.1110260093967668,0.0,0.0,0.0,2.1110260093967668,0.0,0.0,0.0,CRR-STAGEII-CONFIRM-2026-07-22,21c5b970e734ed79636df2f3882d4d85460c5efa40b88e59b9b9a3f34a25c0ff,E3,E3-A0.99-SLACK,202607223032,Corn,Soybean,RISK_SLACK
-5.778453367240331,0.0,0.0,0.0,-5.778453367240331,0.0,0.0,0.0,CRR-STAGEII-CONFIRM-2026-07-22,21c5b970e734ed79636df2f3882d4d85460c5efa40b88e59b9b9a3f34a25c0ff,E3,E3-A0.99-SLACK,202607223033,Corn,Soybean,RISK_SLACK
4.440236514582182,0.0,0.0,0.0,4.440236514582182,0.0,0.0,0.0,CRR-STAGEII-CONFIRM-2026-07-22,21c5b970e734ed79636df2f3882d4d85460c5efa40b88e59b9b9a3f34a25c0ff,E3,E3-A0.99-SLACK,202607223034,Corn,Soybean,RISK_SLACK
-5.2922084326686445,0.0,0.0,0.0,-5.2922084326686445,0.0,0.0,0.0,CRR-STAGEII-CONFIRM-2026-07-22,21c5b970e734ed79636df2f3882d4d85460c5efa40b88e59b9b9a3f34a25c0ff,E3,E3-A0.99-SLACK,202607223035,Corn,Soybean,RISK_SLACK
11.714533808885335,0.0,0.0,0.0,11.714533808885335,0.0,0.0,0.0,CRR-STAGEII-CONFIRM-2026-07-22,21c5b970e734ed79636df2f3882d4d85460c5efa40b88e59b9b9a3f34a25c0ff,E3,E3-A0.99-SLACK,202607223036,Corn,Soybean,RISK_SLACK
6.929779855833772,0.0,0.0,0.0,6.929779855833772,0.0,0.0,0.0,CRR-STAGEII-CONFIRM-2026-07-22,21c5b970e734ed79636df2f3882d4d85460c5efa40b88e59b9b9a3f34a25c0ff,E3,E3-A0.99-SLACK,202607223037,Corn,Soybean,RISK_SLACK
5.792012999641997,0.0,0.0,0.0,5.792012999641997,0.0,0.0,0.0,CRR-STAGEII-CONFIRM-2026-07-22,21c5b970e734ed79636df2f3882d4d85460c5efa40b88e59b9b9a3f34a25c0ff,E3,E3-A0.99-SLACK,202607223038,Corn,Soybean,RISK_SLACK
5.1240609146613,0.0,0.0,0.0,5.1240609146613,0.0,0.0,0.0,CRR-STAGEII-CONFIRM-2026-07-22,21c5b970e734ed79636df2f3882d4d85460c5efa40b88e59b9b9a3f34a25c0ff,E3,E3-A0.99-SLACK,202607223039,Corn,Soybean,RISK_SLACK
0.4054302754120158,0.0,0.0,0.0,0.4054302754120158,0.0,0.0,0.0,CRR-STAGEII-CONFIRM-2026-07-22,21c5b970e734ed79636df2f3882d4d85460c5efa40b88e59b9b9a3f34a25c0ff,E3,E3-A0.99-SLACK,202607223040,Corn,Soybean,RISK_SLACK
6.9619694327463435,0.0,0.0,0.0,6.9619694327463435,0.0,0.0,0.0,CRR-STAGEII-CONFIRM-2026-07-22,21c5b970e734ed79636df2f3882d4d85460c5efa40b88e59b9b9a3f34a25c0ff,E3,E3-A0.99-SLACK,202607223041,Corn,Soybean,RISK_SLACK
16.839874435642116,0.0,0.0,0.0,16.839874435642116,0.0,0.0,0.0,CRR-STAGEII-CONFIRM-2026-07-22,21c5b970e734ed79636df2f3882d4d85460c5efa40b88e59b9b9a3f34a25c0ff,E3,E3-A0.99-SLACK,202607223042,Corn,Soybean,RISK_SLACK
10.293906596900797,0.0,0.0,0.0,10.293906596900797,0.0,0.0,0.0,CRR-STAGEII-CONFIRM-2026-07-22,21c5b970e734ed79636df2f3882d4d85460c5efa40b88e59b9b9a3f34a25c0ff,E3,E3-A0.99-SLACK,202607223043,Corn,Soybean,RISK_SLACK
22.19653990824156,0.0,0.0,0.0,22.19653990824156,0.0,0.0,0.0,CRR-STAGEII-CONFIRM-2026-07-22,21c5b970e734ed79636df2f3882d4d85460c5efa40b88e59b9b9a3f34a25c0ff,E3,E3-A0.99-SLACK,202607223044,Corn,Soybean,RISK_SLACK
2.643025851404161,0.0,0.0,0.0,2.643025851404161,0.0,0.0,0.0,CRR-STAGEII-CONFIRM-2026-07-22,21c5b970e734ed79636df2f3882d4d85460c5efa40b88e59b9b9a3f34a25c0ff,E3,E3-A0.99-SLACK,202607223045,Corn,Soybean,RISK_SLACK
7.221393934822629,0.0,0.0,0.0,7.221393934822629,0.0,0.0,0.0,CRR-STAGEII-CONFIRM-2026-07-22,21c5b970e734ed79636df2f3882d4d85460c5efa40b88e59b9b9a3f34a25c0ff,E3,E3-A0.99-SLACK,202607223046,Corn,Soybean,RISK_SLACK
7.974812910253888,0.0,0.0,0.0,7.974812910253888,0.0,0.0,0.0,CRR-STAGEII-CONFIRM-2026-07-22,21c5b970e734ed79636df2f3882d4d85460c5efa40b88e59b9b9a3f34a25c0ff,E3,E3-A0.99-SLACK,202607223047,Corn,Soybean,RISK_SLACK
15.383372959458598,0.0,0.0,0.0,15.383372959458598,0.0,0.0,0.0,CRR-STAGEII-CONFIRM-2026-07-22,21c5b970e734ed79636df2f3882d4d85460c5efa40b88e59b9b9a3f34a25c0ff,E3,E3-A0.99-SLACK,202607223048,Corn,Soybean,RISK_SLACK
5.420183413675147,0.0,0.0,0.0,5.420183413675147,0.0,0.0,0.0,CRR-STAGEII-CONFIRM-2026-07-22,21c5b970e734ed79636df2f3882d4d85460c5efa40b88e59b9b9a3f34a25c0ff,E3,E3-A0.99-SLACK,202607223049,Corn,Soybean,RISK_SLACK
0.8592758435601127,0.0,0.0,0.0,0.8592758435601127,0.0,0.0,0.0,CRR-STAGEII-CONFIRM-2026-07-22,21c5b970e734ed79636df2f3882d4d85460c5efa40b88e59b9b9a3f34a25c0ff,E3,E3-A0.99-SLACK,202607223050,Corn,Soybean,RISK_SLACK
12.131827572746886,0.0,0.0,0.0,12.131827572746886,0.0,0.0,0.0,CRR-STAGEII-CONFIRM-2026-07-22,21c5b970e734ed79636df2f3882d4d85460c5efa40b88e59b9b9a3f34a25c0ff,E3,E3-A0.99-SLACK,202607223051,Corn,Soybean,RISK_SLACK
-0.959508179097952,0.0,0.0,0.0,-0.959508179097952,0.0,0.0,0.0,CRR-STAGEII-CONFIRM-2026-07-22,21c5b970e734ed79636df2f3882d4d85460c5efa40b88e59b9b9a3f34a25c0ff,E3,E3-A0.99-SLACK,202607223052,Corn,Soybean,RISK_SLACK
4.304212576300813,0.0,0.0,0.0,4.304212576300813,0.0,0.0,0.0,CRR-STAGEII-CONFIRM-2026-07-22,21c5b970e734ed79636df2f3882d4d85460c5efa40b88e59b9b9a3f34a25c0ff,E3,E3-A0.99-SLACK,202607223053,Corn,Soybean,RISK_SLACK
3.6881910772119113,0.0,0.0,0.0,3.6881910772119113,0.0,0.0,0.0,CRR-STAGEII-CONFIRM-2026-07-22,21c5b970e734ed79636df2f3882d4d85460c5efa40b88e59b9b9a3f34a25c0ff,E3,E3-A0.99-SLACK,202607223054,Corn,Soybean,RISK_SLACK
12.336220919101436,0.0,0.0,0.0,12.336220919101436,0.0,0.0,0.0,CRR-STAGEII-CONFIRM-2026-07-22,21c5b970e734ed79636df2f3882d4d85460c5efa40b88e59b9b9a3f34a25c0ff,E3,E3-A0.99-SLACK,202607223055,Corn,Soybean,RISK_SLACK
10.886724359049367,0.0,0.0,0.0,10.886724359049367,0.0,0.0,0.0,CRR-STAGEII-CONFIRM-2026-07-22,21c5b970e734ed79636df2f3882d4d85460c5efa40b88e59b9b9a3f34a25c0ff,E3,E3-A0.99-SLACK,202607223056,Corn,Soybean,RISK_SLACK
1.5572846249850727,0.0,0.0,0.0,1.5572846249850727,0.0,0.0,0.0,CRR-STAGEII-CONFIRM-2026-07-22,21c5b970e734ed79636df2f3882d4d85460c5efa40b88e59b9b9a3f34a25c0ff,E3,E3-A0.99-SLACK,202607223057,Corn,Soybean,RISK_SLACK
-6.507928967687178,0.0,0.0,0.0,-6.507928967687178,0.0,0.0,0.0,CRR-STAGEII-CONFIRM-2026-07-22,21c5b970e734ed79636df2f3882d4d85460c5efa40b88e59b9b9a3f34a25c0ff,E3,E3-A0.99-SLACK,202607223058,Corn,Soybean,RISK_SLACK
-0.0414543506873315,0.0,0.0,0.0,-0.04145435068437564,-2.9558577807620168e-12,0.0,0.0,CRR-STAGEII-CONFIRM-2026-07-22,21c5b970e734ed79636df2f3882d4d85460c5efa40b88e59b9b9a3f34a25c0ff,E3,E3-A0.99-SLACK,202607223059,Corn,Soybean,RISK_SLACK
-4.454255709675806,0.0,0.0,0.0,-4.454255709675806,0.0,0.0,0.0,CRR-STAGEII-CONFIRM-2026-07-22,21c5b970e734ed79636df2f3882d4d85460c5efa40b88e59b9b9a3f34a25c0ff,E3,E3-A0.99-SLACK,202607223060,Corn,Soybean,RISK_SLACK
11.71436173816528,0.0,0.0,0.0,11.71436173816528,0.0,0.0,0.0,CRR-STAGEII-CONFIRM-2026-07-22,21c5b970e734ed79636df2f3882d4d85460c5efa40b88e59b9b9a3f34a25c0ff,E3,E3-A0.99-SLACK,202607223061,Corn,Soybean,RISK_SLACK
16.34724506246397,0.0,0.0,0.0,16.34724506246397,0.0,0.0,0.0,CRR-STAGEII-CONFIRM-2026-07-22,21c5b970e734ed79636df2f3882d4d85460c5efa40b88e59b9b9a3f34a25c0ff,E3,E3-A0.99-SLACK,202607223062,Corn,Soybean,RISK_SLACK
-8.631558314098413,0.0,0.0,0.0,-8.631558314098413,0.0,0.0,0.0,CRR-STAGEII-CONFIRM-2026-07-22,21c5b970e734ed79636df2f3882d4d85460c5efa40b88e59b9b9a3f34a25c0ff,E3,E3-A0.99-SLACK,202607223063,Corn,Soybean,RISK_SLACK
13.795455500557807,0.0,0.0,0.0,13.795455500557807,0.0,0.0,0.0,CRR-STAGEII-CONFIRM-2026-07-22,21c5b970e734ed79636df2f3882d4d85460c5efa40b88e59b9b9a3f34a25c0ff,E3,E3-A0.99-SLACK,202607223064,Corn,Soybean,RISK_SLACK
0.7764502511187175,123.78450787889577,0.0,0.0,-123.00805762777696,-8.526512829121202e-14,4.175079043328342,0.0,CRR-STAGEII-CONFIRM-2026-07-22,21c5b970e734ed79636df2f3882d4d85460c5efa40b88e59b9b9a3f34a25c0ff,E3,E3-A0.99-STRONGLY_BINDING,202607223001,Corn,Soybean,RISK_PRESSURE
5.6526061900403874,5.652606190040365,0.0,0.0,0.0,2.220446049250313e-14,0.04669592582286521,0.0,CRR-STAGEII-CONFIRM-2026-07-22,21c5b970e734ed79636df2f3882d4d85460c5efa40b88e59b9b9a3f34a25c0ff,E3,E3-A0.99-STRONGLY_BINDING,202607223002,Corn,Soybean,RISK_PRESSURE
2.6190512131548758,2.619051213154876,0.0,0.0,0.0,-4.440892098500626e-16,0.007077560567222471,0.0,CRR-STAGEII-CONFIRM-2026-07-22,21c5b970e734ed79636df2f3882d4d85460c5efa40b88e59b9b9a3f34a25c0ff,E3,E3-A0.99-STRONGLY_BINDING,202607223003,Corn,Soybean,RISK_PRESSURE
7.769541171982155,7.769541171982147,0.0,0.0,0.0,7.993605777301127e-15,0.11789451066114594,0.0,CRR-STAGEII-CONFIRM-2026-07-22,21c5b970e734ed79636df2f3882d4d85460c5efa40b88e59b9b9a3f34a25c0ff,E3,E3-A0.99-STRONGLY_BINDING,202607223004,Corn,Soybean,RISK_PRESSURE
6.09904892338227,6.099048923382234,0.0,0.0,0.0,3.6415315207705135e-14,0.04574228627857844,0.0,CRR-STAGEII-CONFIRM-2026-07-22,21c5b970e734ed79636df2f3882d4d85460c5efa40b88e59b9b9a3f34a25c0ff,E3,E3-A0.99-STRONGLY_BINDING,202607223005,Corn,Soybean,RISK_PRESSURE
3.726347771660528,3.7263477716604356,0.0,0.0,0.0,9.237055564881302e-14,3.8828216224290273,0.0,CRR-STAGEII-CONFIRM-2026-07-22,21c5b970e734ed79636df2f3882d4d85460c5efa40b88e59b9b9a3f34a25c0ff,E3,E3-A0.99-STRONGLY_BINDING,202607223006,Corn,Soybean,RISK_PRESSURE
-1.2473789702573868,-1.247378970252105,0.0,0.0,0.0,-5.28177501735172e-12,5.92960366654129,0.0,CRR-STAGEII-CONFIRM-2026-07-22,21c5b970e734ed79636df2f3882d4d85460c5efa40b88e59b9b9a3f34a25c0ff,E3,E3-A0.99-STRONGLY_BINDING,202607223007,Corn,Soybean,RISK_PRESSURE
2.869053772664529,2.8690537726643868,0.0,0.0,0.0,1.4210854715202004e-13,8.295726622233982,0.0,CRR-STAGEII-CONFIRM-2026-07-22,21c5b970e734ed79636df2f3882d4d85460c5efa40b88e59b9b9a3f34a25c0ff,E3,E3-A0.99-STRONGLY_BINDING,202607223008,Corn,Soybean,RISK_PRESSURE
9.034237767796242,222.63114468324508,0.0,0.0,-213.59690691544841,-4.263256414560601e-13,2.779184657096623,0.0,CRR-STAGEII-CONFIRM-2026-07-22,21c5b970e734ed79636df2f3882d4d85460c5efa40b88e59b9b9a3f34a25c0ff,E3,E3-A0.99-STRONGLY_BINDING,202607223009,Corn,Soybean,RISK_PRESSURE
20.625820516011515,20.625820516011302,0.0,0.0,0.0,2.1316282072803006e-13,0.5695017243000904,0.0,CRR-STAGEII-CONFIRM-2026-07-22,21c5b970e734ed79636df2f3882d4d85460c5efa40b88e59b9b9a3f34a25c0ff,E3,E3-A0.99-STRONGLY_BINDING,202607223010,Corn,Soybean,RISK_PRESSURE
5.532470496087399,5.53247049608739,0.0,0.0,0.0,8.881784197001252e-15,0.04113106629238997,0.0,CRR-STAGEII-CONFIRM-2026-07-22,21c5b970e734ed79636df2f3882d4d85460c5efa40b88e59b9b9a3f34a25c0ff,E3,E3-A0.99-STRONGLY_BINDING,202607223011,Corn,Soybean,RISK_PRESSURE
14.820609084131434,14.820609084131434,0.0,0.0,0.0,0.0,0.047785919504548344,0.0,CRR-STAGEII-CONFIRM-2026-07-22,21c5b970e734ed79636df2f3882d4d85460c5efa40b88e59b9b9a3f34a25c0ff,E3,E3-A0.99-STRONGLY_BINDING,202607223012,Corn,Soybean,RISK_PRESSURE
-7.217210848530556,-7.2172108485310975,0.0,0.0,0.0,5.417888360170764e-13,8.320605809693122,0.0,CRR-STAGEII-CONFIRM-2026-07-22,21c5b970e734ed79636df2f3882d4d85460c5efa40b88e59b9b9a3f34a25c0ff,E3,E3-A0.99-STRONGLY_BINDING,202607223013,Corn,Soybean,RISK_PRESSURE
0.9827598437708502,0.982759843770848,0.0,0.0,0.0,2.220446049250313e-15,0.011872857959182083,0.0,CRR-STAGEII-CONFIRM-2026-07-22,21c5b970e734ed79636df2f3882d4d85460c5efa40b88e59b9b9a3f34a25c0ff,E3,E3-A0.99-STRONGLY_BINDING,202607223014,Corn,Soybean,RISK_PRESSURE
-1.805258611980605,-1.8052586119806053,0.0,0.0,0.0,2.220446049250313e-16,0.024054453990302514,0.0,CRR-STAGEII-CONFIRM-2026-07-22,21c5b970e734ed79636df2f3882d4d85460c5efa40b88e59b9b9a3f34a25c0ff,E3,E3-A0.99-STRONGLY_BINDING,202607223015,Corn,Soybean,RISK_PRESSURE
-6.436633843829497,-6.436633843829762,0.0,0.0,0.0,2.646771690706373e-13,11.554700604670982,0.0,CRR-STAGEII-CONFIRM-2026-07-22,21c5b970e734ed79636df2f3882d4d85460c5efa40b88e59b9b9a3f34a25c0ff,E3,E3-A0.99-STRONGLY_BINDING,202607223016,Corn,Soybean,RISK_PRESSURE
-3.560399087223118,-3.56039908722374,0.0,0.0,0.0,6.221689829999377e-13,14.70219291359632,0.0,CRR-STAGEII-CONFIRM-2026-07-22,21c5b970e734ed79636df2f3882d4d85460c5efa40b88e59b9b9a3f34a25c0ff,E3,E3-A0.99-STRONGLY_BINDING,202607223017,Corn,Soybean,RISK_PRESSURE
7.876091947737336,7.876091947737893,0.0,0.0,0.0,-5.568878691519785e-13,8.418624111641936,0.0,CRR-STAGEII-CONFIRM-2026-07-22,21c5b970e734ed79636df2f3882d4d85460c5efa40b88e59b9b9a3f34a25c0ff,E3,E3-A0.99-STRONGLY_BINDING,202607223018,Corn,Soybean,RISK_PRESSURE
9.566517260429237,9.566517260429249,0.0,0.0,0.0,-1.2434497875801753e-14,0.10361115979076153,0.0,CRR-STAGEII-CONFIRM-2026-07-22,21c5b970e734ed79636df2f3882d4d85460c5efa40b88e59b9b9a3f34a25c0ff,E3,E3-A0.99-STRONGLY_BINDING,202607223019,Corn,Soybean,RISK_PRESSURE
-12.218414707629961,6585.471749405147,0.0,0.0,-6597.690164112781,3.637978807091713e-12,69.91162207338617,0.0,CRR-STAGEII-CONFIRM-2026-07-22,21c5b970e734ed79636df2f3882d4d85460c5efa40b88e59b9b9a3f34a25c0ff,E3,E3-A0.99-STRONGLY_BINDING,202607223020,Corn,Soybean,RISK_PRESSURE
5.470240209130623,5.470240209130529,0.0,0.0,0.0,9.325873406851315e-14,0.12107188681248966,0.0,CRR-STAGEII-CONFIRM-2026-07-22,21c5b970e734ed79636df2f3882d4d85460c5efa40b88e59b9b9a3f34a25c0ff,E3,E3-A0.99-STRONGLY_BINDING,202607223021,Corn,Soybean,RISK_PRESSURE
16.070209900352438,16.07020990035326,0.0,0.0,0.0,-8.206768598029157e-13,4.3771515537511085,0.0,CRR-STAGEII-CONFIRM-2026-07-22,21c5b970e734ed79636df2f3882d4d85460c5efa40b88e59b9b9a3f34a25c0ff,E3,E3-A0.99-STRONGLY_BINDING,202607223022,Corn,Soybean,RISK_PRESSURE
26.613628509209946,26.61362850920927,0.0,0.0,0.0,6.750155989720952e-13,2.2963824963766526,0.0,CRR-STAGEII-CONFIRM-2026-07-22,21c5b970e734ed79636df2f3882d4d85460c5efa40b88e59b9b9a3f34a25c0ff,E3,E3-A0.99-STRONGLY_BINDING,202607223023,Corn,Soybean,RISK_PRESSURE
0.9574569277015712,0.9574569277015729,0.0,0.0,0.0,-1.6653345369377348e-15,0.01725849006398641,0.0,CRR-STAGEII-CONFIRM-2026-07-22,21c5b970e734ed79636df2f3882d4d85460c5efa40b88e59b9b9a3f34a25c0ff,E3,E3-A0.99-STRONGLY_BINDING,202607223024,Corn,Soybean,RISK_PRESSURE
15.035491577841299,15.035491577841317,0.0,0.0,0.0,-1.7763568394002505e-14,0.06780107585457676,0.0,CRR-STAGEII-CONFIRM-2026-07-22,21c5b970e734ed79636df2f3882d4d85460c5efa40b88e59b9b9a3f34a25c0ff,E3,E3-A0.99-STRONGLY_BINDING,202607223025,Corn,Soybean,RISK_PRESSURE
10.711405482688008,10.711405482687962,0.0,0.0,0.0,4.618527782440651e-14,0.15345358154249653,0.0,CRR-STAGEII-CONFIRM-2026-07-22,21c5b970e734ed79636df2f3882d4d85460c5efa40b88e59b9b9a3f34a25c0ff,E3,E3-A0.99-STRONGLY_BINDING,202607223026,Corn,Soybean,RISK_PRESSURE
11.304968835949126,11.304968835949078,0.0,0.0,0.0,4.796163466380676e-14,0.0714971710556797,0.0,CRR-STAGEII-CONFIRM-2026-07-22,21c5b970e734ed79636df2f3882d4d85460c5efa40b88e59b9b9a3f34a25c0ff,E3,E3-A0.99-STRONGLY_BINDING,202607223027,Corn,Soybean,RISK_PRESSURE
21.89148796016707,21.891487960167755,0.0,0.0,0.0,-6.856737400084967e-13,3.199237149937906,0.0,CRR-STAGEII-CONFIRM-2026-07-22,21c5b970e734ed79636df2f3882d4d85460c5efa40b88e59b9b9a3f34a25c0ff,E3,E3-A0.99-STRONGLY_BINDING,202607223028,Corn,Soybean,RISK_PRESSURE
3.4562737372798438,3.4562737372806662,0.0,0.0,0.0,-8.22453216642316e-13,3.210723752636196,0.0,CRR-STAGEII-CONFIRM-2026-07-22,21c5b970e734ed79636df2f3882d4d85460c5efa40b88e59b9b9a3f34a25c0ff,E3,E3-A0.99-STRONGLY_BINDING,202607223029,Corn,Soybean,RISK_PRESSURE
8.128285075812983,8.128285075812983,0.0,0.0,0.0,0.0,0.05040608533705215,0.0,CRR-STAGEII-CONFIRM-2026-07-22,21c5b970e734ed79636df2f3882d4d85460c5efa40b88e59b9b9a3f34a25c0ff,E3,E3-A0.99-STRONGLY_BINDING,202607223030,Corn,Soybean,RISK_PRESSURE
9.944996466964255,9.944996466964007,0.0,0.0,0.0,2.4868995751603507e-13,3.257511147774881,0.0,CRR-STAGEII-CONFIRM-2026-07-22,21c5b970e734ed79636df2f3882d4d85460c5efa40b88e59b9b9a3f34a25c0ff,E3,E3-A0.99-STRONGLY_BINDING,202607223031,Corn,Soybean,RISK_PRESSURE
2.1110260093967668,2.111026009396643,0.0,0.0,0.0,1.2390088954816747e-13,0.012832632287313595,0.0,CRR-STAGEII-CONFIRM-2026-07-22,21c5b970e734ed79636df2f3882d4d85460c5efa40b88e59b9b9a3f34a25c0ff,E3,E3-A0.99-STRONGLY_BINDING,202607223032,Corn,Soybean,RISK_PRESSURE
-5.778453367240331,-5.7784533672403455,0.0,0.0,0.0,1.4210854715202004e-14,0.048952132688991734,0.0,CRR-STAGEII-CONFIRM-2026-07-22,21c5b970e734ed79636df2f3882d4d85460c5efa40b88e59b9b9a3f34a25c0ff,E3,E3-A0.99-STRONGLY_BINDING,202607223033,Corn,Soybean,RISK_PRESSURE
4.440236514582182,4.440236514580446,0.0,0.0,0.0,1.7355006320940447e-12,11.553399302016512,0.0,CRR-STAGEII-CONFIRM-2026-07-22,21c5b970e734ed79636df2f3882d4d85460c5efa40b88e59b9b9a3f34a25c0ff,E3,E3-A0.99-STRONGLY_BINDING,202607223034,Corn,Soybean,RISK_PRESSURE
-5.2922084326686445,-5.292208432668552,0.0,0.0,0.0,-9.237055564881302e-14,5.728292315327206,0.0,CRR-STAGEII-CONFIRM-2026-07-22,21c5b970e734ed79636df2f3882d4d85460c5efa40b88e59b9b9a3f34a25c0ff,E3,E3-A0.99-STRONGLY_BINDING,202607223035,Corn,Soybean,RISK_PRESSURE
11.714533808885335,11.71453380888534,0.0,0.0,0.0,-5.329070518200751e-15,0.05415706314478044,0.0,CRR-STAGEII-CONFIRM-2026-07-22,21c5b970e734ed79636df2f3882d4d85460c5efa40b88e59b9b9a3f34a25c0ff,E3,E3-A0.99-STRONGLY_BINDING,202607223036,Corn,Soybean,RISK_PRESSURE
6.929779855833772,6.929779855833731,0.0,0.0,0.0,4.085620730620576e-14,2.0707002663671163,0.0,CRR-STAGEII-CONFIRM-2026-07-22,21c5b970e734ed79636df2f3882d4d85460c5efa40b88e59b9b9a3f34a25c0ff,E3,E3-A0.99-STRONGLY_BINDING,202607223037,Corn,Soybean,RISK_PRESSURE
5.792012999641997,5.79201299964202,0.0,0.0,0.0,-2.3092638912203256e-14,0.020309230441099224,0.0,CRR-STAGEII-CONFIRM-2026-07-22,21c5b970e734ed79636df2f3882d4d85460c5efa40b88e59b9b9a3f34a25c0ff,E3,E3-A0.99-STRONGLY_BINDING,202607223038,Corn,Soybean,RISK_PRESSURE
5.1240609146613,5.124060914661993,0.0,0.0,0.0,-6.936673457857978e-13,14.149846274632731,0.0,CRR-STAGEII-CONFIRM-2026-07-22,21c5b970e734ed79636df2f3882d4d85460c5efa40b88e59b9b9a3f34a25c0ff,E3,E3-A0.99-STRONGLY_BINDING,202607223039,Corn,Soybean,RISK_PRESSURE
0.4054302754120158,0.4054302754120159,0.0,0.0,0.0,-5.551115123125783e-17,0.00337812577603417,0.0,CRR-STAGEII-CONFIRM-2026-07-22,21c5b970e734ed79636df2f3882d4d85460c5efa40b88e59b9b9a3f34a25c0ff,E3,E3-A0.99-STRONGLY_BINDING,202607223040,Corn,Soybean,RISK_PRESSURE
6.9619694327463435,6.961969432746389,0.0,0.0,0.0,-4.529709940470639e-14,0.08850294925320853,0.0,CRR-STAGEII-CONFIRM-2026-07-22,21c5b970e734ed79636df2f3882d4d85460c5efa40b88e59b9b9a3f34a25c0ff,E3,E3-A0.99-STRONGLY_BINDING,202607223041,Corn,Soybean,RISK_PRESSURE
16.839874435642116,16.83987443564211,0.0,0.0,0.0,7.105427357601002e-15,0.07446709998524538,0.0,CRR-STAGEII-CONFIRM-2026-07-22,21c5b970e734ed79636df2f3882d4d85460c5efa40b88e59b9b9a3f34a25c0ff,E3,E3-A0.99-STRONGLY_BINDING,202607223042,Corn,Soybean,RISK_PRESSURE
10.293906596900797,10.29390659690078,0.0,0.0,0.0,1.7763568394002505e-14,0.04223937937386883,0.0,CRR-STAGEII-CONFIRM-2026-07-22,21c5b970e734ed79636df2f3882d4d85460c5efa40b88e59b9b9a3f34a25c0ff,E3,E3-A0.99-STRONGLY_BINDING,202607223043,Corn,Soybean,RISK_PRESSURE
22.19653990824156,22.196539908241398,0.0,0.0,0.0,1.6342482922482304e-13,3.0593080334005487,0.0,CRR-STAGEII-CONFIRM-2026-07-22,21c5b970e734ed79636df2f3882d4d85460c5efa40b88e59b9b9a3f34a25c0ff,E3,E3-A0.99-STRONGLY_BINDING,202607223044,Corn,Soybean,RISK_PRESSURE
2.643025851404161,2.6430258514053064,0.0,0.0,0.0,-1.1453060722033115e-12,2.1308824134871767,0.0,CRR-STAGEII-CONFIRM-2026-07-22,21c5b970e734ed79636df2f3882d4d85460c5efa40b88e59b9b9a3f34a25c0ff,E3,E3-A0.99-STRONGLY_BINDING,202607223045,Corn,Soybean,RISK_PRESSURE
7.221393934822629,7.221393934823236,0.0,0.0,0.0,-6.066258606551855e-13,4.10925009702267,0.0,CRR-STAGEII-CONFIRM-2026-07-22,21c5b970e734ed79636df2f3882d4d85460c5efa40b88e59b9b9a3f34a25c0ff,E3,E3-A0.99-STRONGLY_BINDING,202607223046,Corn,Soybean,RISK_PRESSURE
7.974812910253888,7.974812910253715,0.0,0.0,0.0,1.7319479184152442e-13,0.24989033658213247,0.0,CRR-STAGEII-CONFIRM-2026-07-22,21c5b970e734ed79636df2f3882d4d85460c5efa40b88e59b9b9a3f34a25c0ff,E3,E3-A0.99-STRONGLY_BINDING,202607223047,Corn,Soybean,RISK_PRESSURE
15.383372959458598,15.38337295945845,0.0,0.0,0.0,1.474376176702208e-13,0.05300342140483541,0.0,CRR-STAGEII-CONFIRM-2026-07-22,21c5b970e734ed79636df2f3882d4d85460c5efa40b88e59b9b9a3f34a25c0ff,E3,E3-A0.99-STRONGLY_BINDING,202607223048,Corn,Soybean,RISK_PRESSURE
5.420183413675147,5.4201834136751454,0.0,0.0,0.0,1.7763568394002505e-15,0.05631691387571433,0.0,CRR-STAGEII-CONFIRM-2026-07-22,21c5b970e734ed79636df2f3882d4d85460c5efa40b88e59b9b9a3f34a25c0ff,E3,E3-A0.99-STRONGLY_BINDING,202607223049,Corn,Soybean,RISK_PRESSURE
0.8592758435601127,0.859275843560274,0.0,0.0,0.0,-1.6131540547803525e-13,4.478403231447686,0.0,CRR-STAGEII-CONFIRM-2026-07-22,21c5b970e734ed79636df2f3882d4d85460c5efa40b88e59b9b9a3f34a25c0ff,E3,E3-A0.99-STRONGLY_BINDING,202607223050,Corn,Soybean,RISK_PRESSURE
12.131827572746886,12.131827572746934,0.0,0.0,0.0,-4.796163466380676e-14,0.07345018396203061,0.0,CRR-STAGEII-CONFIRM-2026-07-22,21c5b970e734ed79636df2f3882d4d85460c5efa40b88e59b9b9a3f34a25c0ff,E3,E3-A0.99-STRONGLY_BINDING,202607223051,Corn,Soybean,RISK_PRESSURE
-0.959508179097952,-0.9595081790979525,0.0,0.0,0.0,4.440892098500626e-16,0.017989600901608914,0.0,CRR-STAGEII-CONFIRM-2026-07-22,21c5b970e734ed79636df2f3882d4d85460c5efa40b88e59b9b9a3f34a25c0ff,E3,E3-A0.99-STRONGLY_BINDING,202607223052,Corn,Soybean,RISK_PRESSURE
4.304212576300813,166.1411648381763,0.0,0.0,-161.83695226187552,2.842170943040401e-14,3.73199326839765,0.0,CRR-STAGEII-CONFIRM-2026-07-22,21c5b970e734ed79636df2f3882d4d85460c5efa40b88e59b9b9a3f34a25c0ff,E3,E3-A0.99-STRONGLY_BINDING,202607223053,Corn,Soybean,RISK_PRESSURE
3.6881910772119113,3.688191077211449,0.0,0.0,0.0,4.622968674539152e-13,7.383786242423183,0.0,CRR-STAGEII-CONFIRM-2026-07-22,21c5b970e734ed79636df2f3882d4d85460c5efa40b88e59b9b9a3f34a25c0ff,E3,E3-A0.99-STRONGLY_BINDING,202607223054,Corn,Soybean,RISK_PRESSURE
12.336220919101436,12.336220919102983,0.0,0.0,0.0,-1.5472068071176182e-12,3.072822638641263,0.0,CRR-STAGEII-CONFIRM-2026-07-22,21c5b970e734ed79636df2f3882d4d85460c5efa40b88e59b9b9a3f34a25c0ff,E3,E3-A0.99-STRONGLY_BINDING,202607223055,Corn,Soybean,RISK_PRESSURE
10.886724359049367,10.886724359049628,0.0,0.0,0.0,-2.611244553918368e-13,2.390253420610414,0.0,CRR-STAGEII-CONFIRM-2026-07-22,21c5b970e734ed79636df2f3882d4d85460c5efa40b88e59b9b9a3f34a25c0ff,E3,E3-A0.99-STRONGLY_BINDING,202607223056,Corn,Soybean,RISK_PRESSURE
1.5572846249850727,1.5572846249850836,0.0,0.0,0.0,-1.0880185641326534e-14,0.01732232768177274,0.0,CRR-STAGEII-CONFIRM-2026-07-22,21c5b970e734ed79636df2f3882d4d85460c5efa40b88e59b9b9a3f34a25c0ff,E3,E3-A0.99-STRONGLY_BINDING,202607223057,Corn,Soybean,RISK_PRESSURE
-6.507928967687178,-6.507928967687195,0.0,0.0,0.0,1.687538997430238e-14,0.054316722022107425,0.0,CRR-STAGEII-CONFIRM-2026-07-22,21c5b970e734ed79636df2f3882d4d85460c5efa40b88e59b9b9a3f34a25c0ff,E3,E3-A0.99-STRONGLY_BINDING,202607223058,Corn,Soybean,RISK_PRESSURE
-0.0414543506873315,15830.667963120844,0.0,0.0,-15830.70941747155,1.8189894035458565e-11,166.58013646662943,0.0,CRR-STAGEII-CONFIRM-2026-07-22,21c5b970e734ed79636df2f3882d4d85460c5efa40b88e59b9b9a3f34a25c0ff,E3,E3-A0.99-STRONGLY_BINDING,202607223059,Corn,Soybean,RISK_PRESSURE
-4.454255709675806,-4.454255709675826,0.0,0.0,0.0,2.042810365310288e-14,7.552730002354128,0.0,CRR-STAGEII-CONFIRM-2026-07-22,21c5b970e734ed79636df2f3882d4d85460c5efa40b88e59b9b9a3f34a25c0ff,E3,E3-A0.99-STRONGLY_BINDING,202607223060,Corn,Soybean,RISK_PRESSURE
11.71436173816528,11.714361738182083,0.0,0.0,0.0,-1.680255934388697e-11,16.651624731661073,0.0,CRR-STAGEII-CONFIRM-2026-07-22,21c5b970e734ed79636df2f3882d4d85460c5efa40b88e59b9b9a3f34a25c0ff,E3,E3-A0.99-STRONGLY_BINDING,202607223061,Corn,Soybean,RISK_PRESSURE
16.34724506246397,16.347245062463674,0.0,0.0,0.0,2.948752353404416e-13,1.9702911827868501,0.0,CRR-STAGEII-CONFIRM-2026-07-22,21c5b970e734ed79636df2f3882d4d85460c5efa40b88e59b9b9a3f34a25c0ff,E3,E3-A0.99-STRONGLY_BINDING,202607223062,Corn,Soybean,RISK_PRESSURE
-8.631558314098413,-8.63155831409583,0.0,0.0,0.0,-2.582822844487964e-12,14.717453682657261,0.0,CRR-STAGEII-CONFIRM-2026-07-22,21c5b970e734ed79636df2f3882d4d85460c5efa40b88e59b9b9a3f34a25c0ff,E3,E3-A0.99-STRONGLY_BINDING,202607223063,Corn,Soybean,RISK_PRESSURE
13.795455500557807,13.795455500555985,0.0,0.0,0.0,1.822542117224657e-12,6.097567864477951,0.0,CRR-STAGEII-CONFIRM-2026-07-22,21c5b970e734ed79636df2f3882d4d85460c5efa40b88e59b9b9a3f34a25c0ff,E3,E3-A0.99-STRONGLY_BINDING,202607223064,Corn,Soybean,RISK_PRESSURE
