design_id,design_sha256,experiment_id,cell_id,replication_seed,status,selected_difference,minimum_difference,maximum_difference,face_width,selected_reversal,possible_reversal,universal_reversal
CRR-STAGEII-CONFIRM-2026-07-22,21c5b970e734ed79636df2f3882d4d85460c5efa40b88e59b9b9a3f34a25c0ff,ATTRIBUTION,NONE,202607227001,solved,1.0,-1.0,1.0,2.0,False,True,False
CRR-STAGEII-CONFIRM-2026-07-22,21c5b970e734ed79636df2f3882d4d85460c5efa40b88e59b9b9a3f34a25c0ff,ATTRIBUTION,NONE,202607227002,solved,-1.0,-1.0,1.0,2.0,True,True,False
CRR-STAGEII-CONFIRM-2026-07-22,21c5b970e734ed79636df2f3882d4d85460c5efa40b88e59b9b9a3f34a25c0ff,ATTRIBUTION,NONE,202607227003,solved,1.0,-1.0,1.0,2.0,False,True,False
CRR-STAGEII-CONFIRM-2026-07-22,21c5b970e734ed79636df2f3882d4d85460c5efa40b88e59b9b9a3f34a25c0ff,ATTRIBUTION,NONE,202607227004,solved,1.0,-1.0,1.0,2.0,False,True,False
CRR-STAGEII-CONFIRM-2026-07-22,21c5b970e734ed79636df2f3882d4d85460c5efa40b88e59b9b9a3f34a25c0ff,ATTRIBUTION,NONE,202607227005,solved,-1.0,-1.0,1.0,2.0,True,True,False
CRR-STAGEII-CONFIRM-2026-07-22,21c5b970e734ed79636df2f3882d4d85460c5efa40b88e59b9b9a3f34a25c0ff,ATTRIBUTION,NONE,202607227006,solved,-1.0,-1.0,1.0,2.0,True,True,False
CRR-STAGEII-CONFIRM-2026-07-22,21c5b970e734ed79636df2f3882d4d85460c5efa40b88e59b9b9a3f34a25c0ff,ATTRIBUTION,NONE,202607227007,solved,-1.0,-1.0,1.0,2.0,True,True,False
CRR-STAGEII-CONFIRM-2026-07-22,21c5b970e734ed79636df2f3882d4d85460c5efa40b88e59b9b9a3f34a25c0ff,ATTRIBUTION,NONE,202607227008,solved,1.0,-1.0,1.0,2.0,False,True,False
CRR-STAGEII-CONFIRM-2026-07-22,21c5b970e734ed79636df2f3882d4d85460c5efa40b88e59b9b9a3f34a25c0ff,ATTRIBUTION,NONE,202607227009,solved,-1.0,-1.0,1.0,2.0,True,True,False
CRR-STAGEII-CONFIRM-2026-07-22,21c5b970e734ed79636df2f3882d4d85460c5efa40b88e59b9b9a3f34a25c0ff,ATTRIBUTION,NONE,202607227010,solved,-1.0,-1.0,1.0,2.0,True,True,False
CRR-STAGEII-CONFIRM-2026-07-22,21c5b970e734ed79636df2f3882d4d85460c5efa40b88e59b9b9a3f34a25c0ff,ATTRIBUTION,NONE,202607227011,solved,-1.0,-1.0,1.0,2.0,True,True,False
CRR-STAGEII-CONFIRM-2026-07-22,21c5b970e734ed79636df2f3882d4d85460c5efa40b88e59b9b9a3f34a25c0ff,ATTRIBUTION,NONE,202607227012,solved,-1.0,-1.0,1.0,2.0,True,True,False
CRR-STAGEII-CONFIRM-2026-07-22,21c5b970e734ed79636df2f3882d4d85460c5efa40b88e59b9b9a3f34a25c0ff,ATTRIBUTION,NONE,202607227013,solved,1.0,-1.0,1.0,2.0,False,True,False
CRR-STAGEII-CONFIRM-2026-07-22,21c5b970e734ed79636df2f3882d4d85460c5efa40b88e59b9b9a3f34a25c0ff,ATTRIBUTION,NONE,202607227014,solved,1.0,-1.0,1.0,2.0,False,True,False
CRR-STAGEII-CONFIRM-2026-07-22,21c5b970e734ed79636df2f3882d4d85460c5efa40b88e59b9b9a3f34a25c0ff,ATTRIBUTION,NONE,202607227015,solved,-1.0,-1.0,1.0,2.0,True,True,False
CRR-STAGEII-CONFIRM-2026-07-22,21c5b970e734ed79636df2f3882d4d85460c5efa40b88e59b9b9a3f34a25c0ff,ATTRIBUTION,NONE,202607227016,solved,1.0,-1.0,1.0,2.0,False,True,False
CRR-STAGEII-CONFIRM-2026-07-22,21c5b970e734ed79636df2f3882d4d85460c5efa40b88e59b9b9a3f34a25c0ff,ATTRIBUTION,dependence,202607227001,solved,-1.0,-1.0,1.0,2.0,True,True,False
CRR-STAGEII-CONFIRM-2026-07-22,21c5b970e734ed79636df2f3882d4d85460c5efa40b88e59b9b9a3f34a25c0ff,ATTRIBUTION,dependence,202607227002,solved,1.0,-1.0,1.0,2.0,False,True,False
CRR-STAGEII-CONFIRM-2026-07-22,21c5b970e734ed79636df2f3882d4d85460c5efa40b88e59b9b9a3f34a25c0ff,ATTRIBUTION,dependence,202607227003,solved,1.0,-1.0,1.0,2.0,False,True,False
CRR-STAGEII-CONFIRM-2026-07-22,21c5b970e734ed79636df2f3882d4d85460c5efa40b88e59b9b9a3f34a25c0ff,ATTRIBUTION,dependence,202607227004,solved,-1.0,-1.0,1.0,2.0,True,True,False
CRR-STAGEII-CONFIRM-2026-07-22,21c5b970e734ed79636df2f3882d4d85460c5efa40b88e59b9b9a3f34a25c0ff,ATTRIBUTION,dependence,202607227005,solved,-1.0,-1.0,1.0,2.0,True,True,False
CRR-STAGEII-CONFIRM-2026-07-22,21c5b970e734ed79636df2f3882d4d85460c5efa40b88e59b9b9a3f34a25c0ff,ATTRIBUTION,dependence,202607227006,solved,1.0,-1.0,1.0,2.0,False,True,False
CRR-STAGEII-CONFIRM-2026-07-22,21c5b970e734ed79636df2f3882d4d85460c5efa40b88e59b9b9a3f34a25c0ff,ATTRIBUTION,dependence,202607227007,solved,-1.0,-1.0,1.0,2.0,True,True,False
CRR-STAGEII-CONFIRM-2026-07-22,21c5b970e734ed79636df2f3882d4d85460c5efa40b88e59b9b9a3f34a25c0ff,ATTRIBUTION,dependence,202607227008,solved,1.0,-1.0,1.0,2.0,False,True,False
CRR-STAGEII-CONFIRM-2026-07-22,21c5b970e734ed79636df2f3882d4d85460c5efa40b88e59b9b9a3f34a25c0ff,ATTRIBUTION,dependence,202607227009,solved,-1.0,-1.0,1.0,2.0,True,True,False
CRR-STAGEII-CONFIRM-2026-07-22,21c5b970e734ed79636df2f3882d4d85460c5efa40b88e59b9b9a3f34a25c0ff,ATTRIBUTION,dependence,202607227010,solved,-1.0,-1.0,1.0,2.0,True,True,False
CRR-STAGEII-CONFIRM-2026-07-22,21c5b970e734ed79636df2f3882d4d85460c5efa40b88e59b9b9a3f34a25c0ff,ATTRIBUTION,dependence,202607227011,solved,-1.0,-1.0,1.0,2.0,True,True,False
CRR-STAGEII-CONFIRM-2026-07-22,21c5b970e734ed79636df2f3882d4d85460c5efa40b88e59b9b9a3f34a25c0ff,ATTRIBUTION,dependence,202607227012,solved,-1.0,-1.0,1.0,2.0,True,True,False
CRR-STAGEII-CONFIRM-2026-07-22,21c5b970e734ed79636df2f3882d4d85460c5efa40b88e59b9b9a3f34a25c0ff,ATTRIBUTION,dependence,202607227013,solved,-1.0,-1.0,1.0,2.0,True,True,False
CRR-STAGEII-CONFIRM-2026-07-22,21c5b970e734ed79636df2f3882d4d85460c5efa40b88e59b9b9a3f34a25c0ff,ATTRIBUTION,dependence,202607227014,solved,1.0,-1.0,1.0,2.0,False,True,False
CRR-STAGEII-CONFIRM-2026-07-22,21c5b970e734ed79636df2f3882d4d85460c5efa40b88e59b9b9a3f34a25c0ff,ATTRIBUTION,dependence,202607227015,solved,-1.0,-1.0,1.0,2.0,True,True,False
CRR-STAGEII-CONFIRM-2026-07-22,21c5b970e734ed79636df2f3882d4d85460c5efa40b88e59b9b9a3f34a25c0ff,ATTRIBUTION,dependence,202607227016,solved,-1.0,-1.0,1.0,2.0,True,True,False
CRR-STAGEII-CONFIRM-2026-07-22,21c5b970e734ed79636df2f3882d4d85460c5efa40b88e59b9b9a3f34a25c0ff,ATTRIBUTION,dependence+margins,202607227001,solved,1.0,0.9999989322381283,1.0,1.067761871698103e-06,False,False,False
CRR-STAGEII-CONFIRM-2026-07-22,21c5b970e734ed79636df2f3882d4d85460c5efa40b88e59b9b9a3f34a25c0ff,ATTRIBUTION,dependence+margins,202607227002,solved,1.0,0.9999989322381693,1.0,1.0677618307308734e-06,False,False,False
CRR-STAGEII-CONFIRM-2026-07-22,21c5b970e734ed79636df2f3882d4d85460c5efa40b88e59b9b9a3f34a25c0ff,ATTRIBUTION,dependence+margins,202607227003,solved,1.0,0.9999989322381422,1.0,1.0677618578203152e-06,False,False,False
CRR-STAGEII-CONFIRM-2026-07-22,21c5b970e734ed79636df2f3882d4d85460c5efa40b88e59b9b9a3f34a25c0ff,ATTRIBUTION,dependence+margins,202607227004,solved,1.0,0.9999989322380951,1.0,1.0677619048937714e-06,False,False,False
CRR-STAGEII-CONFIRM-2026-07-22,21c5b970e734ed79636df2f3882d4d85460c5efa40b88e59b9b9a3f34a25c0ff,ATTRIBUTION,dependence+margins,202607227005,solved,1.0,0.9999989322381149,1.0,1.0677618851318016e-06,False,False,False
CRR-STAGEII-CONFIRM-2026-07-22,21c5b970e734ed79636df2f3882d4d85460c5efa40b88e59b9b9a3f34a25c0ff,ATTRIBUTION,dependence+margins,202607227006,solved,1.0,0.9999989322381392,1.0,1.0677618608179174e-06,False,False,False
CRR-STAGEII-CONFIRM-2026-07-22,21c5b970e734ed79636df2f3882d4d85460c5efa40b88e59b9b9a3f34a25c0ff,ATTRIBUTION,dependence+margins,202607227007,solved,1.0,0.9999989322381149,1.0,1.0677618851318016e-06,False,False,False
CRR-STAGEII-CONFIRM-2026-07-22,21c5b970e734ed79636df2f3882d4d85460c5efa40b88e59b9b9a3f34a25c0ff,ATTRIBUTION,dependence+margins,202607227008,solved,1.0,0.9999989322381693,1.0,1.0677618307308734e-06,False,False,False
CRR-STAGEII-CONFIRM-2026-07-22,21c5b970e734ed79636df2f3882d4d85460c5efa40b88e59b9b9a3f34a25c0ff,ATTRIBUTION,dependence+margins,202607227009,solved,1.0,0.9999989322380994,1.0,1.0677619005639016e-06,False,False,False
CRR-STAGEII-CONFIRM-2026-07-22,21c5b970e734ed79636df2f3882d4d85460c5efa40b88e59b9b9a3f34a25c0ff,ATTRIBUTION,dependence+margins,202607227010,solved,1.0,0.9999989322381319,1.0,1.0677618681453893e-06,False,False,False
CRR-STAGEII-CONFIRM-2026-07-22,21c5b970e734ed79636df2f3882d4d85460c5efa40b88e59b9b9a3f34a25c0ff,ATTRIBUTION,dependence+margins,202607227011,solved,1.0,0.9999989322381422,1.0,1.0677618578203152e-06,False,False,False
CRR-STAGEII-CONFIRM-2026-07-22,21c5b970e734ed79636df2f3882d4d85460c5efa40b88e59b9b9a3f34a25c0ff,ATTRIBUTION,dependence+margins,202607227012,solved,1.0,0.9999989322381422,1.0,1.0677618578203152e-06,False,False,False
CRR-STAGEII-CONFIRM-2026-07-22,21c5b970e734ed79636df2f3882d4d85460c5efa40b88e59b9b9a3f34a25c0ff,ATTRIBUTION,dependence+margins,202607227013,solved,1.0,0.9999989322381693,1.0,1.0677618307308734e-06,False,False,False
CRR-STAGEII-CONFIRM-2026-07-22,21c5b970e734ed79636df2f3882d4d85460c5efa40b88e59b9b9a3f34a25c0ff,ATTRIBUTION,dependence+margins,202607227014,solved,1.0,0.9999989322381693,1.0,1.0677618307308734e-06,False,False,False
CRR-STAGEII-CONFIRM-2026-07-22,21c5b970e734ed79636df2f3882d4d85460c5efa40b88e59b9b9a3f34a25c0ff,ATTRIBUTION,dependence+margins,202607227015,solved,1.0,0.9999989322381422,1.0,1.0677618578203152e-06,False,False,False
CRR-STAGEII-CONFIRM-2026-07-22,21c5b970e734ed79636df2f3882d4d85460c5efa40b88e59b9b9a3f34a25c0ff,ATTRIBUTION,dependence+margins,202607227016,solved,1.0,0.9999989322381319,1.0,1.0677618681453893e-06,False,False,False
CRR-STAGEII-CONFIRM-2026-07-22,21c5b970e734ed79636df2f3882d4d85460c5efa40b88e59b9b9a3f34a25c0ff,ATTRIBUTION,dependence+margins+operations,202607227001,solved,-0.36470957613814775,-0.3647106302529106,-0.3647095395423241,1.090710586515442e-06,True,True,True
CRR-STAGEII-CONFIRM-2026-07-22,21c5b970e734ed79636df2f3882d4d85460c5efa40b88e59b9b9a3f34a25c0ff,ATTRIBUTION,dependence+margins+operations,202607227002,solved,-0.36470957613814775,-0.364710630252918,-0.3647095395423241,1.0907105938984252e-06,True,True,True
CRR-STAGEII-CONFIRM-2026-07-22,21c5b970e734ed79636df2f3882d4d85460c5efa40b88e59b9b9a3f34a25c0ff,ATTRIBUTION,dependence+margins+operations,202607227003,solved,-0.36470957613814775,-0.36471063025290773,-0.3647095395423235,1.0907105842394849e-06,True,True,True
CRR-STAGEII-CONFIRM-2026-07-22,21c5b970e734ed79636df2f3882d4d85460c5efa40b88e59b9b9a3f34a25c0ff,ATTRIBUTION,dependence+margins+operations,202607227004,solved,-0.36470957613814775,-0.36471063025290335,-0.3647095395423241,1.0907105792434812e-06,True,True,True
CRR-STAGEII-CONFIRM-2026-07-22,21c5b970e734ed79636df2f3882d4d85460c5efa40b88e59b9b9a3f34a25c0ff,ATTRIBUTION,dependence+margins+operations,202607227005,solved,-0.36470957613814775,-0.3647106302529069,-0.36470953954232416,1.0907105827406838e-06,True,True,True
CRR-STAGEII-CONFIRM-2026-07-22,21c5b970e734ed79636df2f3882d4d85460c5efa40b88e59b9b9a3f34a25c0ff,ATTRIBUTION,dependence+margins+operations,202607227006,solved,-0.36470957613814775,-0.3647106302529152,-0.3647095395423235,1.0907105917334903e-06,True,True,True
CRR-STAGEII-CONFIRM-2026-07-22,21c5b970e734ed79636df2f3882d4d85460c5efa40b88e59b9b9a3f34a25c0ff,ATTRIBUTION,dependence+margins+operations,202607227007,solved,-0.36470957613814775,-0.3647106302529144,-0.3647095395423233,1.0907105910673565e-06,True,True,True
CRR-STAGEII-CONFIRM-2026-07-22,21c5b970e734ed79636df2f3882d4d85460c5efa40b88e59b9b9a3f34a25c0ff,ATTRIBUTION,dependence+margins+operations,202607227008,solved,-0.36470957613814775,-0.3647106302529189,-0.36470953954232316,1.0907105957302932e-06,True,True,True
CRR-STAGEII-CONFIRM-2026-07-22,21c5b970e734ed79636df2f3882d4d85460c5efa40b88e59b9b9a3f34a25c0ff,ATTRIBUTION,dependence+margins+operations,202607227009,solved,-0.36470957613814775,-0.36471063025290856,-0.36470953954232416,1.0907105844060183e-06,True,True,True
CRR-STAGEII-CONFIRM-2026-07-22,21c5b970e734ed79636df2f3882d4d85460c5efa40b88e59b9b9a3f34a25c0ff,ATTRIBUTION,dependence+margins+operations,202607227010,solved,-0.36470957613814775,-0.36471063025290856,-0.3647095395423233,1.0907105852386856e-06,True,True,True
CRR-STAGEII-CONFIRM-2026-07-22,21c5b970e734ed79636df2f3882d4d85460c5efa40b88e59b9b9a3f34a25c0ff,ATTRIBUTION,dependence+margins+operations,202607227011,solved,-0.36470957613814775,-0.36471063025290557,-0.3647095395423235,1.09071058207455e-06,True,True,True
CRR-STAGEII-CONFIRM-2026-07-22,21c5b970e734ed79636df2f3882d4d85460c5efa40b88e59b9b9a3f34a25c0ff,ATTRIBUTION,dependence+margins+operations,202607227012,solved,-0.36470957613814775,-0.3647106302529144,-0.36470953954232316,1.09071059123389e-06,True,True,True
CRR-STAGEII-CONFIRM-2026-07-22,21c5b970e734ed79636df2f3882d4d85460c5efa40b88e59b9b9a3f34a25c0ff,ATTRIBUTION,dependence+margins+operations,202607227013,solved,-0.36470957613814775,-0.3647106302529069,-0.36470953954232394,1.0907105829627284e-06,True,True,True
CRR-STAGEII-CONFIRM-2026-07-22,21c5b970e734ed79636df2f3882d4d85460c5efa40b88e59b9b9a3f34a25c0ff,ATTRIBUTION,dependence+margins+operations,202607227014,solved,-0.36470957613814775,-0.3647106302529069,-0.36470953954232416,1.0907105827406838e-06,True,True,True
CRR-STAGEII-CONFIRM-2026-07-22,21c5b970e734ed79636df2f3882d4d85460c5efa40b88e59b9b9a3f34a25c0ff,ATTRIBUTION,dependence+margins+operations,202607227015,solved,-0.36470957613814775,-0.364710630252918,-0.36470953954232394,1.0907105940649586e-06,True,True,True
CRR-STAGEII-CONFIRM-2026-07-22,21c5b970e734ed79636df2f3882d4d85460c5efa40b88e59b9b9a3f34a25c0ff,ATTRIBUTION,dependence+margins+operations,202607227016,solved,-0.36470957613814775,-0.36471063025290773,-0.36470953954232366,1.0907105840729514e-06,True,True,True
CRR-STAGEII-CONFIRM-2026-07-22,21c5b970e734ed79636df2f3882d4d85460c5efa40b88e59b9b9a3f34a25c0ff,ATTRIBUTION,dependence+margins+operations+risk,202607227001,solved,-0.36470957613814775,-0.3647106302529106,-0.3647095395423241,1.090710586515442e-06,True,True,True
CRR-STAGEII-CONFIRM-2026-07-22,21c5b970e734ed79636df2f3882d4d85460c5efa40b88e59b9b9a3f34a25c0ff,ATTRIBUTION,dependence+margins+operations+risk,202607227002,solved,-0.36470957613814775,-0.364710630252918,-0.3647095395423241,1.0907105938984252e-06,True,True,True
CRR-STAGEII-CONFIRM-2026-07-22,21c5b970e734ed79636df2f3882d4d85460c5efa40b88e59b9b9a3f34a25c0ff,ATTRIBUTION,dependence+margins+operations+risk,202607227003,solved,-0.36470957613814775,-0.36471063025290773,-0.3647095395423235,1.0907105842394849e-06,True,True,True
CRR-STAGEII-CONFIRM-2026-07-22,21c5b970e734ed79636df2f3882d4d85460c5efa40b88e59b9b9a3f34a25c0ff,ATTRIBUTION,dependence+margins+operations+risk,202607227004,solved,-0.36470957613814775,-0.36471063025290335,-0.3647095395423241,1.0907105792434812e-06,True,True,True
CRR-STAGEII-CONFIRM-2026-07-22,21c5b970e734ed79636df2f3882d4d85460c5efa40b88e59b9b9a3f34a25c0ff,ATTRIBUTION,dependence+margins+operations+risk,202607227005,solved,-0.36470957613814775,-0.3647106302529069,-0.36470953954232416,1.0907105827406838e-06,True,True,True
CRR-STAGEII-CONFIRM-2026-07-22,21c5b970e734ed79636df2f3882d4d85460c5efa40b88e59b9b9a3f34a25c0ff,ATTRIBUTION,dependence+margins+operations+risk,202607227006,solved,-0.36470957613814775,-0.3647106302529152,-0.3647095395423235,1.0907105917334903e-06,True,True,True
CRR-STAGEII-CONFIRM-2026-07-22,21c5b970e734ed79636df2f3882d4d85460c5efa40b88e59b9b9a3f34a25c0ff,ATTRIBUTION,dependence+margins+operations+risk,202607227007,solved,-0.36470957613814775,-0.3647106302529144,-0.3647095395423233,1.0907105910673565e-06,True,True,True
CRR-STAGEII-CONFIRM-2026-07-22,21c5b970e734ed79636df2f3882d4d85460c5efa40b88e59b9b9a3f34a25c0ff,ATTRIBUTION,dependence+margins+operations+risk,202607227008,solved,-0.36470957613814775,-0.3647106302529189,-0.36470953954232316,1.0907105957302932e-06,True,True,True
CRR-STAGEII-CONFIRM-2026-07-22,21c5b970e734ed79636df2f3882d4d85460c5efa40b88e59b9b9a3f34a25c0ff,ATTRIBUTION,dependence+margins+operations+risk,202607227009,solved,-0.36470957613814775,-0.36471063025290856,-0.36470953954232416,1.0907105844060183e-06,True,True,True
CRR-STAGEII-CONFIRM-2026-07-22,21c5b970e734ed79636df2f3882d4d85460c5efa40b88e59b9b9a3f34a25c0ff,ATTRIBUTION,dependence+margins+operations+risk,202607227010,solved,-0.36470957613814775,-0.36471063025290856,-0.3647095395423233,1.0907105852386856e-06,True,True,True
CRR-STAGEII-CONFIRM-2026-07-22,21c5b970e734ed79636df2f3882d4d85460c5efa40b88e59b9b9a3f34a25c0ff,ATTRIBUTION,dependence+margins+operations+risk,202607227011,solved,-0.36470957613814775,-0.36471063025290557,-0.3647095395423235,1.09071058207455e-06,True,True,True
CRR-STAGEII-CONFIRM-2026-07-22,21c5b970e734ed79636df2f3882d4d85460c5efa40b88e59b9b9a3f34a25c0ff,ATTRIBUTION,dependence+margins+operations+risk,202607227012,solved,-0.36470957613814775,-0.3647106302529144,-0.36470953954232316,1.09071059123389e-06,True,True,True
CRR-STAGEII-CONFIRM-2026-07-22,21c5b970e734ed79636df2f3882d4d85460c5efa40b88e59b9b9a3f34a25c0ff,ATTRIBUTION,dependence+margins+operations+risk,202607227013,solved,-0.36470957613814775,-0.3647106302529069,-0.36470953954232394,1.0907105829627284e-06,True,True,True
CRR-STAGEII-CONFIRM-2026-07-22,21c5b970e734ed79636df2f3882d4d85460c5efa40b88e59b9b9a3f34a25c0ff,ATTRIBUTION,dependence+margins+operations+risk,202607227014,solved,-0.36470957613814775,-0.3647106302529069,-0.36470953954232416,1.0907105827406838e-06,True,True,True
CRR-STAGEII-CONFIRM-2026-07-22,21c5b970e734ed79636df2f3882d4d85460c5efa40b88e59b9b9a3f34a25c0ff,ATTRIBUTION,dependence+margins+operations+risk,202607227015,solved,-0.36470957613814775,-0.364710630252918,-0.36470953954232394,1.0907105940649586e-06,True,True,True
CRR-STAGEII-CONFIRM-2026-07-22,21c5b970e734ed79636df2f3882d4d85460c5efa40b88e59b9b9a3f34a25c0ff,ATTRIBUTION,dependence+margins+operations+risk,202607227016,solved,-0.36470957613814775,-0.36471063025290773,-0.36470953954232366,1.0907105840729514e-06,True,True,True
CRR-STAGEII-CONFIRM-2026-07-22,21c5b970e734ed79636df2f3882d4d85460c5efa40b88e59b9b9a3f34a25c0ff,ATTRIBUTION,dependence+margins+risk,202607227001,solved,0.2601354391531629,0.2601343787899556,0.26013543915316256,1.0603632069616786e-06,False,False,False
CRR-STAGEII-CONFIRM-2026-07-22,21c5b970e734ed79636df2f3882d4d85460c5efa40b88e59b9b9a3f34a25c0ff,ATTRIBUTION,dependence+margins+risk,202607227002,solved,0.5828086801881487,0.5828076165982397,0.5828086801881492,1.0635899095889911e-06,False,False,False
CRR-STAGEII-CONFIRM-2026-07-22,21c5b970e734ed79636df2f3882d4d85460c5efa40b88e59b9b9a3f34a25c0ff,ATTRIBUTION,dependence+margins+risk,202607227003,solved,0.3063334792772925,0.3063324184520702,0.3063334792772927,1.060825222498618e-06,False,False,False
CRR-STAGEII-CONFIRM-2026-07-22,21c5b970e734ed79636df2f3882d4d85460c5efa40b88e59b9b9a3f34a25c0ff,ATTRIBUTION,dependence+margins+risk,202607227004,solved,0.2767667573251158,0.27676569679568375,0.2767667573251174,1.0605294336607507e-06,False,False,False
CRR-STAGEII-CONFIRM-2026-07-22,21c5b970e734ed79636df2f3882d4d85460c5efa40b88e59b9b9a3f34a25c0ff,ATTRIBUTION,dependence+margins+risk,202607227005,solved,-0.012312312657373647,-0.012313370296090309,-0.012312309745230676,1.0605508596328583e-06,True,True,True
CRR-STAGEII-CONFIRM-2026-07-22,21c5b970e734ed79636df2f3882d4d85460c5efa40b88e59b9b9a3f34a25c0ff,ATTRIBUTION,dependence+margins+risk,202607227006,solved,0.5475642346302922,0.5475631713928011,0.5475642346302922,1.0632374911612175e-06,False,False,False
CRR-STAGEII-CONFIRM-2026-07-22,21c5b970e734ed79636df2f3882d4d85460c5efa40b88e59b9b9a3f34a25c0ff,ATTRIBUTION,dependence+margins+risk,202607227007,solved,0.4510058167278044,0.4510047544558962,0.45100581672780443,1.062271908214285e-06,False,False,False
CRR-STAGEII-CONFIRM-2026-07-22,21c5b970e734ed79636df2f3882d4d85460c5efa40b88e59b9b9a3f34a25c0ff,ATTRIBUTION,dependence+margins+risk,202607227008,solved,0.218554989796596,0.21855392984918842,0.21855499063974826,1.0607905598369882e-06,False,False,False
CRR-STAGEII-CONFIRM-2026-07-22,21c5b970e734ed79636df2f3882d4d85460c5efa40b88e59b9b9a3f34a25c0ff,ATTRIBUTION,dependence+margins+risk,202607227009,solved,0.6582564235739606,0.6582553592295264,0.6582564235739605,1.0643444341429387e-06,False,False,False
CRR-STAGEII-CONFIRM-2026-07-22,21c5b970e734ed79636df2f3882d4d85460c5efa40b88e59b9b9a3f34a25c0ff,ATTRIBUTION,dependence+margins+risk,202607227010,solved,0.30736306158545057,0.307362000749958,0.30736306158544874,1.0608354907293283e-06,False,False,False
CRR-STAGEII-CONFIRM-2026-07-22,21c5b970e734ed79636df2f3882d4d85460c5efa40b88e59b9b9a3f34a25c0ff,ATTRIBUTION,dependence+margins+risk,202607227011,solved,0.6202463009241355,0.62024523695979,0.620246300924137,1.0639643470700122e-06,False,False,False
CRR-STAGEII-CONFIRM-2026-07-22,21c5b970e734ed79636df2f3882d4d85460c5efa40b88e59b9b9a3f34a25c0ff,ATTRIBUTION,dependence+margins+risk,202607227012,solved,0.3301496636828387,0.33014860261948825,0.33014966368283843,1.061063350182856e-06,False,False,False
CRR-STAGEII-CONFIRM-2026-07-22,21c5b970e734ed79636df2f3882d4d85460c5efa40b88e59b9b9a3f34a25c0ff,ATTRIBUTION,dependence+margins+risk,202607227013,solved,0.40232281157243244,0.4023217497873128,0.4023228115724322,1.0617851194383299e-06,False,False,False
CRR-STAGEII-CONFIRM-2026-07-22,21c5b970e734ed79636df2f3882d4d85460c5efa40b88e59b9b9a3f34a25c0ff,ATTRIBUTION,dependence+margins+risk,202607227014,solved,0.5712087126736105,0.5712076491996569,0.5712087126736101,1.0634739531223403e-06,False,False,False
CRR-STAGEII-CONFIRM-2026-07-22,21c5b970e734ed79636df2f3882d4d85460c5efa40b88e59b9b9a3f34a25c0ff,ATTRIBUTION,dependence+margins+risk,202607227015,solved,-0.33687772756073203,-0.3368787819538359,-0.3368777216009132,1.0603529226882458e-06,True,True,True
CRR-STAGEII-CONFIRM-2026-07-22,21c5b970e734ed79636df2f3882d4d85460c5efa40b88e59b9b9a3f34a25c0ff,ATTRIBUTION,dependence+margins+risk,202607227016,solved,0.4824593548313787,0.4824582922449294,0.48245935483137914,1.0625864497182391e-06,False,False,False
CRR-STAGEII-CONFIRM-2026-07-22,21c5b970e734ed79636df2f3882d4d85460c5efa40b88e59b9b9a3f34a25c0ff,ATTRIBUTION,dependence+operations,202607227001,solved,-1.0,-1.0,-0.36470954064782657,0.6352904593521734,True,True,True
CRR-STAGEII-CONFIRM-2026-07-22,21c5b970e734ed79636df2f3882d4d85460c5efa40b88e59b9b9a3f34a25c0ff,ATTRIBUTION,dependence+operations,202607227002,solved,-0.36470957613814775,-1.0,-0.3647095406478285,0.6352904593521715,True,True,True
CRR-STAGEII-CONFIRM-2026-07-22,21c5b970e734ed79636df2f3882d4d85460c5efa40b88e59b9b9a3f34a25c0ff,ATTRIBUTION,dependence+operations,202607227003,solved,-0.36470957613814775,-1.0,-0.3647095406478287,0.6352904593521713,True,True,True
CRR-STAGEII-CONFIRM-2026-07-22,21c5b970e734ed79636df2f3882d4d85460c5efa40b88e59b9b9a3f34a25c0ff,ATTRIBUTION,dependence+operations,202607227004,solved,-1.0,-1.0,-0.3647095406478276,0.6352904593521724,True,True,True
CRR-STAGEII-CONFIRM-2026-07-22,21c5b970e734ed79636df2f3882d4d85460c5efa40b88e59b9b9a3f34a25c0ff,ATTRIBUTION,dependence+operations,202607227005,solved,-1.0,-1.0,-0.36470954064782696,0.6352904593521731,True,True,True
CRR-STAGEII-CONFIRM-2026-07-22,21c5b970e734ed79636df2f3882d4d85460c5efa40b88e59b9b9a3f34a25c0ff,ATTRIBUTION,dependence+operations,202607227006,solved,-0.36470957613814775,-1.0,-0.364709540647828,0.635290459352172,True,True,True
CRR-STAGEII-CONFIRM-2026-07-22,21c5b970e734ed79636df2f3882d4d85460c5efa40b88e59b9b9a3f34a25c0ff,ATTRIBUTION,dependence+operations,202607227007,solved,-1.0,-1.0,-0.3647095406478287,0.6352904593521713,True,True,True
CRR-STAGEII-CONFIRM-2026-07-22,21c5b970e734ed79636df2f3882d4d85460c5efa40b88e59b9b9a3f34a25c0ff,ATTRIBUTION,dependence+operations,202607227008,solved,-0.36470957613814775,-1.0,-0.36470954064782835,0.6352904593521717,True,True,True
CRR-STAGEII-CONFIRM-2026-07-22,21c5b970e734ed79636df2f3882d4d85460c5efa40b88e59b9b9a3f34a25c0ff,ATTRIBUTION,dependence+operations,202607227009,solved,-1.0,-1.0,-0.36470954064782884,0.6352904593521711,True,True,True
CRR-STAGEII-CONFIRM-2026-07-22,21c5b970e734ed79636df2f3882d4d85460c5efa40b88e59b9b9a3f34a25c0ff,ATTRIBUTION,dependence+operations,202607227010,solved,-1.0,-1.0,-0.36470954064782923,0.6352904593521708,True,True,True
CRR-STAGEII-CONFIRM-2026-07-22,21c5b970e734ed79636df2f3882d4d85460c5efa40b88e59b9b9a3f34a25c0ff,ATTRIBUTION,dependence+operations,202607227011,solved,-1.0,-1.0,-0.364709540647828,0.635290459352172,True,True,True
CRR-STAGEII-CONFIRM-2026-07-22,21c5b970e734ed79636df2f3882d4d85460c5efa40b88e59b9b9a3f34a25c0ff,ATTRIBUTION,dependence+operations,202607227012,solved,-1.0,-1.0,-0.3647095406478287,0.6352904593521713,True,True,True
CRR-STAGEII-CONFIRM-2026-07-22,21c5b970e734ed79636df2f3882d4d85460c5efa40b88e59b9b9a3f34a25c0ff,ATTRIBUTION,dependence+operations,202607227013,solved,-1.0,-1.0,-0.36470954064783023,0.6352904593521698,True,True,True
CRR-STAGEII-CONFIRM-2026-07-22,21c5b970e734ed79636df2f3882d4d85460c5efa40b88e59b9b9a3f34a25c0ff,ATTRIBUTION,dependence+operations,202607227014,solved,-0.36470957613814775,-1.0,-0.3647095406478282,0.6352904593521718,True,True,True
CRR-STAGEII-CONFIRM-2026-07-22,21c5b970e734ed79636df2f3882d4d85460c5efa40b88e59b9b9a3f34a25c0ff,ATTRIBUTION,dependence+operations,202607227015,solved,-1.0,-1.0,-0.3647095406478295,0.6352904593521704,True,True,True
CRR-STAGEII-CONFIRM-2026-07-22,21c5b970e734ed79636df2f3882d4d85460c5efa40b88e59b9b9a3f34a25c0ff,ATTRIBUTION,dependence+operations,202607227016,solved,-1.0,-1.0,-0.3647095406478269,0.6352904593521731,True,True,True
CRR-STAGEII-CONFIRM-2026-07-22,21c5b970e734ed79636df2f3882d4d85460c5efa40b88e59b9b9a3f34a25c0ff,ATTRIBUTION,dependence+operations+risk,202607227001,solved,-0.5978337069190183,-1.0,-0.3647095406478276,0.6352904593521724,True,True,True
CRR-STAGEII-CONFIRM-2026-07-22,21c5b970e734ed79636df2f3882d4d85460c5efa40b88e59b9b9a3f34a25c0ff,ATTRIBUTION,dependence+operations+risk,202607227002,solved,-0.48691383529704946,-1.0,-0.3647095406478285,0.6352904593521715,True,True,True
CRR-STAGEII-CONFIRM-2026-07-22,21c5b970e734ed79636df2f3882d4d85460c5efa40b88e59b9b9a3f34a25c0ff,ATTRIBUTION,dependence+operations+risk,202607227003,solved,-0.39228547804739344,-1.0,-0.3647095406478282,0.6352904593521718,True,True,True
CRR-STAGEII-CONFIRM-2026-07-22,21c5b970e734ed79636df2f3882d4d85460c5efa40b88e59b9b9a3f34a25c0ff,ATTRIBUTION,dependence+operations+risk,202607227004,solved,-1.0,-1.0,-0.3647095406478276,0.6352904593521724,True,True,True
CRR-STAGEII-CONFIRM-2026-07-22,21c5b970e734ed79636df2f3882d4d85460c5efa40b88e59b9b9a3f34a25c0ff,ATTRIBUTION,dependence+operations+risk,202607227005,solved,-1.0,-1.0,-0.36470954064782696,0.6352904593521731,True,True,True
CRR-STAGEII-CONFIRM-2026-07-22,21c5b970e734ed79636df2f3882d4d85460c5efa40b88e59b9b9a3f34a25c0ff,ATTRIBUTION,dependence+operations+risk,202607227006,solved,-0.7224884826445162,-1.0,-0.3647095406478276,0.6352904593521724,True,True,True
CRR-STAGEII-CONFIRM-2026-07-22,21c5b970e734ed79636df2f3882d4d85460c5efa40b88e59b9b9a3f34a25c0ff,ATTRIBUTION,dependence+operations+risk,202607227007,solved,-1.0,-1.0,-0.3647095406478287,0.6352904593521713,True,True,True
CRR-STAGEII-CONFIRM-2026-07-22,21c5b970e734ed79636df2f3882d4d85460c5efa40b88e59b9b9a3f34a25c0ff,ATTRIBUTION,dependence+operations+risk,202607227008,solved,-0.7750192033305943,-1.0,-0.36470954064782884,0.6352904593521711,True,True,True
CRR-STAGEII-CONFIRM-2026-07-22,21c5b970e734ed79636df2f3882d4d85460c5efa40b88e59b9b9a3f34a25c0ff,ATTRIBUTION,dependence+operations+risk,202607227009,solved,-1.0,-1.0,-0.36470954064782884,0.6352904593521711,True,True,True
CRR-STAGEII-CONFIRM-2026-07-22,21c5b970e734ed79636df2f3882d4d85460c5efa40b88e59b9b9a3f34a25c0ff,ATTRIBUTION,dependence+operations+risk,202607227010,solved,-0.7825476701259559,-1.0,-0.3647095406478287,0.6352904593521713,True,True,True
CRR-STAGEII-CONFIRM-2026-07-22,21c5b970e734ed79636df2f3882d4d85460c5efa40b88e59b9b9a3f34a25c0ff,ATTRIBUTION,dependence+operations+risk,202607227011,solved,-0.3739826083572606,-1.0,-0.364709540647828,0.635290459352172,True,True,True
CRR-STAGEII-CONFIRM-2026-07-22,21c5b970e734ed79636df2f3882d4d85460c5efa40b88e59b9b9a3f34a25c0ff,ATTRIBUTION,dependence+operations+risk,202607227012,solved,-0.7200907371026168,-1.0,-0.3647095406478287,0.6352904593521713,True,True,True
CRR-STAGEII-CONFIRM-2026-07-22,21c5b970e734ed79636df2f3882d4d85460c5efa40b88e59b9b9a3f34a25c0ff,ATTRIBUTION,dependence+operations+risk,202607227013,solved,-0.36470957613814775,-1.0,-0.3647095406478287,0.6352904593521713,True,True,True
CRR-STAGEII-CONFIRM-2026-07-22,21c5b970e734ed79636df2f3882d4d85460c5efa40b88e59b9b9a3f34a25c0ff,ATTRIBUTION,dependence+operations+risk,202607227014,solved,-1.0,-1.0,-0.3647095406478282,0.6352904593521718,True,True,True
CRR-STAGEII-CONFIRM-2026-07-22,21c5b970e734ed79636df2f3882d4d85460c5efa40b88e59b9b9a3f34a25c0ff,ATTRIBUTION,dependence+operations+risk,202607227015,solved,-0.5870823184782177,-0.8821068845655918,-0.36470954064782884,0.517397343917763,True,True,True
CRR-STAGEII-CONFIRM-2026-07-22,21c5b970e734ed79636df2f3882d4d85460c5efa40b88e59b9b9a3f34a25c0ff,ATTRIBUTION,dependence+operations+risk,202607227016,solved,-0.36470957613814775,-1.0,-0.3647095406478285,0.6352904593521715,True,True,True
CRR-STAGEII-CONFIRM-2026-07-22,21c5b970e734ed79636df2f3882d4d85460c5efa40b88e59b9b9a3f34a25c0ff,ATTRIBUTION,dependence+risk,202607227001,solved,-0.5978337069190172,-1.0,0.248140017598584,1.248140017598584,True,True,False
CRR-STAGEII-CONFIRM-2026-07-22,21c5b970e734ed79636df2f3882d4d85460c5efa40b88e59b9b9a3f34a25c0ff,ATTRIBUTION,dependence+risk,202607227002,solved,-0.48691383529704924,-1.0,0.5590646314310983,1.5590646314310983,True,True,False
CRR-STAGEII-CONFIRM-2026-07-22,21c5b970e734ed79636df2f3882d4d85460c5efa40b88e59b9b9a3f34a25c0ff,ATTRIBUTION,dependence+risk,202607227003,solved,-0.39228547804739344,-1.0,0.2979432490853114,1.2979432490853113,True,True,False
CRR-STAGEII-CONFIRM-2026-07-22,21c5b970e734ed79636df2f3882d4d85460c5efa40b88e59b9b9a3f34a25c0ff,ATTRIBUTION,dependence+risk,202607227004,solved,-1.0,-1.0,0.26885117460525976,1.2688511746052598,True,True,False
CRR-STAGEII-CONFIRM-2026-07-22,21c5b970e734ed79636df2f3882d4d85460c5efa40b88e59b9b9a3f34a25c0ff,ATTRIBUTION,dependence+risk,202607227005,solved,-1.0,-1.0,-0.011817795019504584,0.9881822049804954,True,True,True
CRR-STAGEII-CONFIRM-2026-07-22,21c5b970e734ed79636df2f3882d4d85460c5efa40b88e59b9b9a3f34a25c0ff,ATTRIBUTION,dependence+risk,202607227006,solved,-0.7224884826445159,-1.0,0.5322238502847718,1.5322238502847718,True,True,False
CRR-STAGEII-CONFIRM-2026-07-22,21c5b970e734ed79636df2f3882d4d85460c5efa40b88e59b9b9a3f34a25c0ff,ATTRIBUTION,dependence+risk,202607227007,solved,-1.0,-1.0,0.43594258243225337,1.4359425824322534,True,True,False
CRR-STAGEII-CONFIRM-2026-07-22,21c5b970e734ed79636df2f3882d4d85460c5efa40b88e59b9b9a3f34a25c0ff,ATTRIBUTION,dependence+risk,202607227008,solved,-0.7750192033305943,-1.0,0.20854808934171948,1.2085480893417195,True,True,False
CRR-STAGEII-CONFIRM-2026-07-22,21c5b970e734ed79636df2f3882d4d85460c5efa40b88e59b9b9a3f34a25c0ff,ATTRIBUTION,dependence+risk,202607227009,solved,-1.0,-1.0,0.6384423125417401,1.63844231254174,True,True,False
CRR-STAGEII-CONFIRM-2026-07-22,21c5b970e734ed79636df2f3882d4d85460c5efa40b88e59b9b9a3f34a25c0ff,ATTRIBUTION,dependence+risk,202607227010,solved,-0.7825476701259557,-1.0,0.29908390667261736,1.2990839066726174,True,True,False
CRR-STAGEII-CONFIRM-2026-07-22,21c5b970e734ed79636df2f3882d4d85460c5efa40b88e59b9b9a3f34a25c0ff,ATTRIBUTION,dependence+risk,202607227011,solved,-0.3739826083572606,-1.0,0.5983984880725757,1.5983984880725757,True,True,False
CRR-STAGEII-CONFIRM-2026-07-22,21c5b970e734ed79636df2f3882d4d85460c5efa40b88e59b9b9a3f34a25c0ff,ATTRIBUTION,dependence+risk,202607227012,solved,-0.7200907371026171,-1.0,0.317235491780334,1.317235491780334,True,True,False
CRR-STAGEII-CONFIRM-2026-07-22,21c5b970e734ed79636df2f3882d4d85460c5efa40b88e59b9b9a3f34a25c0ff,ATTRIBUTION,dependence+risk,202607227013,solved,-0.29368699805848286,-1.0,0.39032257075976085,1.3903225707597608,True,True,False
CRR-STAGEII-CONFIRM-2026-07-22,21c5b970e734ed79636df2f3882d4d85460c5efa40b88e59b9b9a3f34a25c0ff,ATTRIBUTION,dependence+risk,202607227014,solved,-1.0,-1.0,0.5507843026804788,1.5507843026804788,True,True,False
CRR-STAGEII-CONFIRM-2026-07-22,21c5b970e734ed79636df2f3882d4d85460c5efa40b88e59b9b9a3f34a25c0ff,ATTRIBUTION,dependence+risk,202607227015,solved,-0.5870823184782177,-0.8821068845655913,-0.31475661868407473,0.5673502658815166,True,True,True
CRR-STAGEII-CONFIRM-2026-07-22,21c5b970e734ed79636df2f3882d4d85460c5efa40b88e59b9b9a3f34a25c0ff,ATTRIBUTION,dependence+risk,202607227016,solved,-0.33764902799546914,-1.0,0.4625502599134204,1.4625502599134204,True,True,False
CRR-STAGEII-CONFIRM-2026-07-22,21c5b970e734ed79636df2f3882d4d85460c5efa40b88e59b9b9a3f34a25c0ff,ATTRIBUTION,margins,202607227001,solved,1.0,0.9999989322381149,1.0,1.0677618851318016e-06,False,False,False
CRR-STAGEII-CONFIRM-2026-07-22,21c5b970e734ed79636df2f3882d4d85460c5efa40b88e59b9b9a3f34a25c0ff,ATTRIBUTION,margins,202607227002,solved,1.0,0.9999989322381422,1.0,1.0677618578203152e-06,False,False,False
CRR-STAGEII-CONFIRM-2026-07-22,21c5b970e734ed79636df2f3882d4d85460c5efa40b88e59b9b9a3f34a25c0ff,ATTRIBUTION,margins,202607227003,solved,1.0,0.9999989322381149,1.0,1.0677618851318016e-06,False,False,False
CRR-STAGEII-CONFIRM-2026-07-22,21c5b970e734ed79636df2f3882d4d85460c5efa40b88e59b9b9a3f34a25c0ff,ATTRIBUTION,margins,202607227004,solved,1.0,0.9999989322381422,1.0,1.0677618578203152e-06,False,False,False
CRR-STAGEII-CONFIRM-2026-07-22,21c5b970e734ed79636df2f3882d4d85460c5efa40b88e59b9b9a3f34a25c0ff,ATTRIBUTION,margins,202607227005,solved,1.0,0.9999989322381693,1.0,1.0677618307308734e-06,False,False,False
CRR-STAGEII-CONFIRM-2026-07-22,21c5b970e734ed79636df2f3882d4d85460c5efa40b88e59b9b9a3f34a25c0ff,ATTRIBUTION,margins,202607227006,solved,1.0,0.9999989322381438,1.0,1.0677618561549806e-06,False,False,False
CRR-STAGEII-CONFIRM-2026-07-22,21c5b970e734ed79636df2f3882d4d85460c5efa40b88e59b9b9a3f34a25c0ff,ATTRIBUTION,margins,202607227007,solved,1.0,0.9999989322381149,1.0,1.0677618851318016e-06,False,False,False
CRR-STAGEII-CONFIRM-2026-07-22,21c5b970e734ed79636df2f3882d4d85460c5efa40b88e59b9b9a3f34a25c0ff,ATTRIBUTION,margins,202607227008,solved,1.0,0.9999989322381693,1.0,1.0677618307308734e-06,False,False,False
CRR-STAGEII-CONFIRM-2026-07-22,21c5b970e734ed79636df2f3882d4d85460c5efa40b88e59b9b9a3f34a25c0ff,ATTRIBUTION,margins,202607227009,solved,1.0,0.9999989322381422,1.0,1.0677618578203152e-06,False,False,False
CRR-STAGEII-CONFIRM-2026-07-22,21c5b970e734ed79636df2f3882d4d85460c5efa40b88e59b9b9a3f34a25c0ff,ATTRIBUTION,margins,202607227010,solved,1.0,0.9999989322381149,1.0,1.0677618851318016e-06,False,False,False
CRR-STAGEII-CONFIRM-2026-07-22,21c5b970e734ed79636df2f3882d4d85460c5efa40b88e59b9b9a3f34a25c0ff,ATTRIBUTION,margins,202607227011,solved,1.0,0.9999989322381422,1.0,1.0677618578203152e-06,False,False,False
CRR-STAGEII-CONFIRM-2026-07-22,21c5b970e734ed79636df2f3882d4d85460c5efa40b88e59b9b9a3f34a25c0ff,ATTRIBUTION,margins,202607227012,solved,1.0,0.9999989322381422,1.0,1.0677618578203152e-06,False,False,False
CRR-STAGEII-CONFIRM-2026-07-22,21c5b970e734ed79636df2f3882d4d85460c5efa40b88e59b9b9a3f34a25c0ff,ATTRIBUTION,margins,202607227013,solved,1.0,0.9999989322381422,1.0,1.0677618578203152e-06,False,False,False
CRR-STAGEII-CONFIRM-2026-07-22,21c5b970e734ed79636df2f3882d4d85460c5efa40b88e59b9b9a3f34a25c0ff,ATTRIBUTION,margins,202607227014,solved,1.0,0.9999989322381693,1.0,1.0677618307308734e-06,False,False,False
CRR-STAGEII-CONFIRM-2026-07-22,21c5b970e734ed79636df2f3882d4d85460c5efa40b88e59b9b9a3f34a25c0ff,ATTRIBUTION,margins,202607227015,solved,1.0,0.9999989322381422,1.0,1.0677618578203152e-06,False,False,False
CRR-STAGEII-CONFIRM-2026-07-22,21c5b970e734ed79636df2f3882d4d85460c5efa40b88e59b9b9a3f34a25c0ff,ATTRIBUTION,margins,202607227016,solved,1.0,0.9999989322381149,1.0,1.0677618851318016e-06,False,False,False
CRR-STAGEII-CONFIRM-2026-07-22,21c5b970e734ed79636df2f3882d4d85460c5efa40b88e59b9b9a3f34a25c0ff,ATTRIBUTION,margins+operations,202607227001,solved,-0.36470957613814775,-0.36471063025291084,-0.36470953954232394,1.0907105869040201e-06,True,True,True
CRR-STAGEII-CONFIRM-2026-07-22,21c5b970e734ed79636df2f3882d4d85460c5efa40b88e59b9b9a3f34a25c0ff,ATTRIBUTION,margins+operations,202607227002,solved,-0.36470957613814775,-0.36471063025291656,-0.3647095395423235,1.090710593065758e-06,True,True,True
CRR-STAGEII-CONFIRM-2026-07-22,21c5b970e734ed79636df2f3882d4d85460c5efa40b88e59b9b9a3f34a25c0ff,ATTRIBUTION,margins+operations,202607227003,solved,-0.36470957613814775,-0.3647106302529069,-0.3647095395423241,1.090710582796195e-06,True,True,True
CRR-STAGEII-CONFIRM-2026-07-22,21c5b970e734ed79636df2f3882d4d85460c5efa40b88e59b9b9a3f34a25c0ff,ATTRIBUTION,margins+operations,202607227004,solved,-0.36470957613814775,-0.3647106302529115,-0.36470953954232394,1.090710587570154e-06,True,True,True
CRR-STAGEII-CONFIRM-2026-07-22,21c5b970e734ed79636df2f3882d4d85460c5efa40b88e59b9b9a3f34a25c0ff,ATTRIBUTION,margins+operations,202607227005,solved,-0.36470957613814775,-0.3647106302529152,-0.3647095395423235,1.0907105917334903e-06,True,True,True
CRR-STAGEII-CONFIRM-2026-07-22,21c5b970e734ed79636df2f3882d4d85460c5efa40b88e59b9b9a3f34a25c0ff,ATTRIBUTION,margins+operations,202607227006,solved,-0.36470957613814775,-0.3647106302529115,-0.36470953954232394,1.090710587570154e-06,True,True,True
CRR-STAGEII-CONFIRM-2026-07-22,21c5b970e734ed79636df2f3882d4d85460c5efa40b88e59b9b9a3f34a25c0ff,ATTRIBUTION,margins+operations,202607227007,solved,-0.36470957613814775,-0.3647106302529152,-0.36470953954232366,1.0907105915669568e-06,True,True,True
CRR-STAGEII-CONFIRM-2026-07-22,21c5b970e734ed79636df2f3882d4d85460c5efa40b88e59b9b9a3f34a25c0ff,ATTRIBUTION,margins+operations,202607227008,solved,-0.36470957613814775,-0.36471063025291656,-0.364709539542323,1.0907105935653583e-06,True,True,True
CRR-STAGEII-CONFIRM-2026-07-22,21c5b970e734ed79636df2f3882d4d85460c5efa40b88e59b9b9a3f34a25c0ff,ATTRIBUTION,margins+operations,202607227009,solved,-0.36470957613814775,-0.3647106302529144,-0.36470953954232394,1.0907105904567338e-06,True,True,True
CRR-STAGEII-CONFIRM-2026-07-22,21c5b970e734ed79636df2f3882d4d85460c5efa40b88e59b9b9a3f34a25c0ff,ATTRIBUTION,margins+operations,202607227010,solved,-0.36470957613814775,-0.3647106302529064,-0.3647095395423241,1.0907105822965946e-06,True,True,True
CRR-STAGEII-CONFIRM-2026-07-22,21c5b970e734ed79636df2f3882d4d85460c5efa40b88e59b9b9a3f34a25c0ff,ATTRIBUTION,margins+operations,202607227011,solved,-0.36470957613814775,-0.3647106302529152,-0.3647095395423241,1.0907105911228676e-06,True,True,True
CRR-STAGEII-CONFIRM-2026-07-22,21c5b970e734ed79636df2f3882d4d85460c5efa40b88e59b9b9a3f34a25c0ff,ATTRIBUTION,margins+operations,202607227012,solved,-0.36470957613814775,-0.36471063025290634,-0.3647095395423241,1.0907105822410834e-06,True,True,True
CRR-STAGEII-CONFIRM-2026-07-22,21c5b970e734ed79636df2f3882d4d85460c5efa40b88e59b9b9a3f34a25c0ff,ATTRIBUTION,margins+operations,202607227013,solved,-0.36470957613814775,-0.3647106302529173,-0.36470953954232316,1.0907105941204698e-06,True,True,True
CRR-STAGEII-CONFIRM-2026-07-22,21c5b970e734ed79636df2f3882d4d85460c5efa40b88e59b9b9a3f34a25c0ff,ATTRIBUTION,margins+operations,202607227014,solved,-0.36470957613814775,-0.3647106302529152,-0.3647095395423235,1.0907105917334903e-06,True,True,True
CRR-STAGEII-CONFIRM-2026-07-22,21c5b970e734ed79636df2f3882d4d85460c5efa40b88e59b9b9a3f34a25c0ff,ATTRIBUTION,margins+operations,202607227015,solved,-0.36470957613814775,-0.3647106302529093,-0.36470953954232416,1.0907105851276633e-06,True,True,True
CRR-STAGEII-CONFIRM-2026-07-22,21c5b970e734ed79636df2f3882d4d85460c5efa40b88e59b9b9a3f34a25c0ff,ATTRIBUTION,margins+operations,202607227016,solved,-0.36470957613814775,-0.36471063025290335,-0.3647095395423235,1.090710579854104e-06,True,True,True
CRR-STAGEII-CONFIRM-2026-07-22,21c5b970e734ed79636df2f3882d4d85460c5efa40b88e59b9b9a3f34a25c0ff,ATTRIBUTION,margins+operations+risk,202607227001,solved,-0.36470957613814775,-0.36471063025291084,-0.36470953954232394,1.0907105869040201e-06,True,True,True
CRR-STAGEII-CONFIRM-2026-07-22,21c5b970e734ed79636df2f3882d4d85460c5efa40b88e59b9b9a3f34a25c0ff,ATTRIBUTION,margins+operations+risk,202607227002,solved,-0.36470957613814775,-0.36471063025291656,-0.3647095395423235,1.090710593065758e-06,True,True,True
CRR-STAGEII-CONFIRM-2026-07-22,21c5b970e734ed79636df2f3882d4d85460c5efa40b88e59b9b9a3f34a25c0ff,ATTRIBUTION,margins+operations+risk,202607227003,solved,-0.36470957613814775,-0.3647106302529069,-0.3647095395423241,1.090710582796195e-06,True,True,True
CRR-STAGEII-CONFIRM-2026-07-22,21c5b970e734ed79636df2f3882d4d85460c5efa40b88e59b9b9a3f34a25c0ff,ATTRIBUTION,margins+operations+risk,202607227004,solved,-0.36470957613814775,-0.3647106302529115,-0.36470953954232394,1.090710587570154e-06,True,True,True
CRR-STAGEII-CONFIRM-2026-07-22,21c5b970e734ed79636df2f3882d4d85460c5efa40b88e59b9b9a3f34a25c0ff,ATTRIBUTION,margins+operations+risk,202607227005,solved,-0.36470957613814775,-0.3647106302529152,-0.3647095395423235,1.0907105917334903e-06,True,True,True
CRR-STAGEII-CONFIRM-2026-07-22,21c5b970e734ed79636df2f3882d4d85460c5efa40b88e59b9b9a3f34a25c0ff,ATTRIBUTION,margins+operations+risk,202607227006,solved,-0.36470957613814775,-0.3647106302529115,-0.36470953954232394,1.090710587570154e-06,True,True,True
CRR-STAGEII-CONFIRM-2026-07-22,21c5b970e734ed79636df2f3882d4d85460c5efa40b88e59b9b9a3f34a25c0ff,ATTRIBUTION,margins+operations+risk,202607227007,solved,-0.36470957613814775,-0.3647106302529152,-0.36470953954232366,1.0907105915669568e-06,True,True,True
CRR-STAGEII-CONFIRM-2026-07-22,21c5b970e734ed79636df2f3882d4d85460c5efa40b88e59b9b9a3f34a25c0ff,ATTRIBUTION,margins+operations+risk,202607227008,solved,-0.36470957613814775,-0.36471063025291656,-0.364709539542323,1.0907105935653583e-06,True,True,True
CRR-STAGEII-CONFIRM-2026-07-22,21c5b970e734ed79636df2f3882d4d85460c5efa40b88e59b9b9a3f34a25c0ff,ATTRIBUTION,margins+operations+risk,202607227009,solved,-0.36470957613814775,-0.3647106302529144,-0.36470953954232394,1.0907105904567338e-06,True,True,True
CRR-STAGEII-CONFIRM-2026-07-22,21c5b970e734ed79636df2f3882d4d85460c5efa40b88e59b9b9a3f34a25c0ff,ATTRIBUTION,margins+operations+risk,202607227010,solved,-0.36470957613814775,-0.3647106302529064,-0.3647095395423241,1.0907105822965946e-06,True,True,True
CRR-STAGEII-CONFIRM-2026-07-22,21c5b970e734ed79636df2f3882d4d85460c5efa40b88e59b9b9a3f34a25c0ff,ATTRIBUTION,margins+operations+risk,202607227011,solved,-0.36470957613814775,-0.3647106302529152,-0.3647095395423241,1.0907105911228676e-06,True,True,True
CRR-STAGEII-CONFIRM-2026-07-22,21c5b970e734ed79636df2f3882d4d85460c5efa40b88e59b9b9a3f34a25c0ff,ATTRIBUTION,margins+operations+risk,202607227012,solved,-0.36470957613814775,-0.36471063025290634,-0.3647095395423241,1.0907105822410834e-06,True,True,True
CRR-STAGEII-CONFIRM-2026-07-22,21c5b970e734ed79636df2f3882d4d85460c5efa40b88e59b9b9a3f34a25c0ff,ATTRIBUTION,margins+operations+risk,202607227013,solved,-0.36470957613814775,-0.3647106302529173,-0.36470953954232316,1.0907105941204698e-06,True,True,True
CRR-STAGEII-CONFIRM-2026-07-22,21c5b970e734ed79636df2f3882d4d85460c5efa40b88e59b9b9a3f34a25c0ff,ATTRIBUTION,margins+operations+risk,202607227014,solved,-0.36470957613814775,-0.3647106302529152,-0.3647095395423235,1.0907105917334903e-06,True,True,True
CRR-STAGEII-CONFIRM-2026-07-22,21c5b970e734ed79636df2f3882d4d85460c5efa40b88e59b9b9a3f34a25c0ff,ATTRIBUTION,margins+operations+risk,202607227015,solved,-0.36470957613814775,-0.3647106302529093,-0.36470953954232416,1.0907105851276633e-06,True,True,True
CRR-STAGEII-CONFIRM-2026-07-22,21c5b970e734ed79636df2f3882d4d85460c5efa40b88e59b9b9a3f34a25c0ff,ATTRIBUTION,margins+operations+risk,202607227016,solved,-0.36470957613814775,-0.36471063025290335,-0.3647095395423235,1.090710579854104e-06,True,True,True
CRR-STAGEII-CONFIRM-2026-07-22,21c5b970e734ed79636df2f3882d4d85460c5efa40b88e59b9b9a3f34a25c0ff,ATTRIBUTION,margins+risk,202607227001,solved,0.4573071071490451,0.4573060448140641,0.4573071071490447,1.0623349805949367e-06,False,False,False
CRR-STAGEII-CONFIRM-2026-07-22,21c5b970e734ed79636df2f3882d4d85460c5efa40b88e59b9b9a3f34a25c0ff,ATTRIBUTION,margins+risk,202607227002,solved,0.8358651557796797,0.8358640896591724,0.8358651557796801,1.0661205077644453e-06,False,False,False
CRR-STAGEII-CONFIRM-2026-07-22,21c5b970e734ed79636df2f3882d4d85460c5efa40b88e59b9b9a3f34a25c0ff,ATTRIBUTION,margins+risk,202607227003,solved,0.45175678601457037,0.4517557237351292,0.4517567868279476,1.0630928184429678e-06,False,False,False
CRR-STAGEII-CONFIRM-2026-07-22,21c5b970e734ed79636df2f3882d4d85460c5efa40b88e59b9b9a3f34a25c0ff,ATTRIBUTION,margins+risk,202607227004,solved,0.7784565935251602,0.7784555279787203,0.7784565935251601,1.0655464397490988e-06,False,False,False
CRR-STAGEII-CONFIRM-2026-07-22,21c5b970e734ed79636df2f3882d4d85460c5efa40b88e59b9b9a3f34a25c0ff,ATTRIBUTION,margins+risk,202607227005,solved,0.5076891202311133,0.5076880573923457,0.5076891214682115,1.0640758658642113e-06,False,False,False
CRR-STAGEII-CONFIRM-2026-07-22,21c5b970e734ed79636df2f3882d4d85460c5efa40b88e59b9b9a3f34a25c0ff,ATTRIBUTION,margins+risk,202607227006,solved,0.6940150237807798,0.6940139590788188,0.6940150237807807,1.064701961928094e-06,False,False,False
CRR-STAGEII-CONFIRM-2026-07-22,21c5b970e734ed79636df2f3882d4d85460c5efa40b88e59b9b9a3f34a25c0ff,ATTRIBUTION,margins+risk,202607227007,solved,0.8858983899763515,0.8858973233555126,0.8858983899763523,1.0666208396514776e-06,False,False,False
CRR-STAGEII-CONFIRM-2026-07-22,21c5b970e734ed79636df2f3882d4d85460c5efa40b88e59b9b9a3f34a25c0ff,ATTRIBUTION,margins+risk,202607227008,solved,0.6160320875662466,0.6160310236440178,0.6160320875662465,1.0639222286501493e-06,False,False,False
CRR-STAGEII-CONFIRM-2026-07-22,21c5b970e734ed79636df2f3882d4d85460c5efa40b88e59b9b9a3f34a25c0ff,ATTRIBUTION,margins+risk,202607227009,solved,0.6428011010214079,0.642800036831492,0.6428011010214092,1.064189917188152e-06,False,False,False
CRR-STAGEII-CONFIRM-2026-07-22,21c5b970e734ed79636df2f3882d4d85460c5efa40b88e59b9b9a3f34a25c0ff,ATTRIBUTION,margins+risk,202607227010,solved,0.8426304984690396,0.8426294322808542,0.8426304984690403,1.066188186071848e-06,False,False,False
CRR-STAGEII-CONFIRM-2026-07-22,21c5b970e734ed79636df2f3882d4d85460c5efa40b88e59b9b9a3f34a25c0ff,ATTRIBUTION,margins+risk,202607227011,solved,0.9764807525433692,0.9764796850166927,0.9764807525433693,1.0675266766124736e-06,False,False,False
CRR-STAGEII-CONFIRM-2026-07-22,21c5b970e734ed79636df2f3882d4d85460c5efa40b88e59b9b9a3f34a25c0ff,ATTRIBUTION,margins+risk,202607227012,solved,0.6238432721256446,0.6238422081253371,0.6238432721256443,1.0640003071937798e-06,False,False,False
CRR-STAGEII-CONFIRM-2026-07-22,21c5b970e734ed79636df2f3882d4d85460c5efa40b88e59b9b9a3f34a25c0ff,ATTRIBUTION,margins+risk,202607227013,solved,0.6546625853858488,0.6546615210773681,0.6546625853858493,1.0643084812356207e-06,False,False,False
CRR-STAGEII-CONFIRM-2026-07-22,21c5b970e734ed79636df2f3882d4d85460c5efa40b88e59b9b9a3f34a25c0ff,ATTRIBUTION,margins+risk,202607227014,solved,0.7551357630377322,0.7551346977245065,0.7551357630377322,1.0653132257454345e-06,False,False,False
CRR-STAGEII-CONFIRM-2026-07-22,21c5b970e734ed79636df2f3882d4d85460c5efa40b88e59b9b9a3f34a25c0ff,ATTRIBUTION,margins+risk,202607227015,solved,0.39924389392379744,0.3992428321695217,0.39924389532166843,1.0631521467074911e-06,False,False,False
CRR-STAGEII-CONFIRM-2026-07-22,21c5b970e734ed79636df2f3882d4d85460c5efa40b88e59b9b9a3f34a25c0ff,ATTRIBUTION,margins+risk,202607227016,solved,0.9187928546322588,0.9187917876824042,0.91879285463226,1.0669498557991375e-06,False,False,False
CRR-STAGEII-CONFIRM-2026-07-22,21c5b970e734ed79636df2f3882d4d85460c5efa40b88e59b9b9a3f34a25c0ff,ATTRIBUTION,operations,202607227001,solved,-0.36470957613814775,-1.0,-0.3647095406478287,0.6352904593521713,True,True,True
CRR-STAGEII-CONFIRM-2026-07-22,21c5b970e734ed79636df2f3882d4d85460c5efa40b88e59b9b9a3f34a25c0ff,ATTRIBUTION,operations,202607227002,solved,-1.0,-1.0,-0.36470954064782785,0.6352904593521722,True,True,True
CRR-STAGEII-CONFIRM-2026-07-22,21c5b970e734ed79636df2f3882d4d85460c5efa40b88e59b9b9a3f34a25c0ff,ATTRIBUTION,operations,202607227003,solved,-0.36470957613814775,-1.0,-0.36470954064782835,0.6352904593521717,True,True,True
CRR-STAGEII-CONFIRM-2026-07-22,21c5b970e734ed79636df2f3882d4d85460c5efa40b88e59b9b9a3f34a25c0ff,ATTRIBUTION,operations,202607227004,solved,-0.36470957613814775,-1.0,-0.364709540647828,0.635290459352172,True,True,True
CRR-STAGEII-CONFIRM-2026-07-22,21c5b970e734ed79636df2f3882d4d85460c5efa40b88e59b9b9a3f34a25c0ff,ATTRIBUTION,operations,202607227005,solved,-1.0,-1.0,-0.3647095406478273,0.6352904593521727,True,True,True
CRR-STAGEII-CONFIRM-2026-07-22,21c5b970e734ed79636df2f3882d4d85460c5efa40b88e59b9b9a3f34a25c0ff,ATTRIBUTION,operations,202607227006,solved,-1.0,-1.0,-0.3647095406478276,0.6352904593521724,True,True,True
CRR-STAGEII-CONFIRM-2026-07-22,21c5b970e734ed79636df2f3882d4d85460c5efa40b88e59b9b9a3f34a25c0ff,ATTRIBUTION,operations,202607227007,solved,-1.0,-1.0,-0.36470954064782746,0.6352904593521725,True,True,True
CRR-STAGEII-CONFIRM-2026-07-22,21c5b970e734ed79636df2f3882d4d85460c5efa40b88e59b9b9a3f34a25c0ff,ATTRIBUTION,operations,202607227008,solved,-0.36470957613814775,-1.0,-0.3647095406478287,0.6352904593521713,True,True,True
CRR-STAGEII-CONFIRM-2026-07-22,21c5b970e734ed79636df2f3882d4d85460c5efa40b88e59b9b9a3f34a25c0ff,ATTRIBUTION,operations,202607227009,solved,-1.0,-1.0,-0.3647095406478285,0.6352904593521715,True,True,True
CRR-STAGEII-CONFIRM-2026-07-22,21c5b970e734ed79636df2f3882d4d85460c5efa40b88e59b9b9a3f34a25c0ff,ATTRIBUTION,operations,202607227010,solved,-1.0,-1.0,-0.36470954064782474,0.6352904593521753,True,True,True
CRR-STAGEII-CONFIRM-2026-07-22,21c5b970e734ed79636df2f3882d4d85460c5efa40b88e59b9b9a3f34a25c0ff,ATTRIBUTION,operations,202607227011,solved,-1.0,-1.0,-0.364709540647828,0.635290459352172,True,True,True
CRR-STAGEII-CONFIRM-2026-07-22,21c5b970e734ed79636df2f3882d4d85460c5efa40b88e59b9b9a3f34a25c0ff,ATTRIBUTION,operations,202607227012,solved,-1.0,-1.0,-0.36470954064782657,0.6352904593521734,True,True,True
CRR-STAGEII-CONFIRM-2026-07-22,21c5b970e734ed79636df2f3882d4d85460c5efa40b88e59b9b9a3f34a25c0ff,ATTRIBUTION,operations,202607227013,solved,-0.36470957613814775,-1.0,-0.3647095406478282,0.6352904593521718,True,True,True
CRR-STAGEII-CONFIRM-2026-07-22,21c5b970e734ed79636df2f3882d4d85460c5efa40b88e59b9b9a3f34a25c0ff,ATTRIBUTION,operations,202607227014,solved,-0.36470957613814775,-1.0,-0.3647095406478287,0.6352904593521713,True,True,True
CRR-STAGEII-CONFIRM-2026-07-22,21c5b970e734ed79636df2f3882d4d85460c5efa40b88e59b9b9a3f34a25c0ff,ATTRIBUTION,operations,202607227015,solved,-1.0,-1.0,-0.3647095406478289,0.6352904593521711,True,True,True
CRR-STAGEII-CONFIRM-2026-07-22,21c5b970e734ed79636df2f3882d4d85460c5efa40b88e59b9b9a3f34a25c0ff,ATTRIBUTION,operations,202607227016,solved,-0.36470957613814775,-1.0,-0.3647095406478282,0.6352904593521718,True,True,True
CRR-STAGEII-CONFIRM-2026-07-22,21c5b970e734ed79636df2f3882d4d85460c5efa40b88e59b9b9a3f34a25c0ff,ATTRIBUTION,operations+risk,202607227001,solved,-0.5764531571474596,-1.0,-0.3647095406478287,0.6352904593521713,True,True,True
CRR-STAGEII-CONFIRM-2026-07-22,21c5b970e734ed79636df2f3882d4d85460c5efa40b88e59b9b9a3f34a25c0ff,ATTRIBUTION,operations+risk,202607227002,solved,-0.7155782606159149,-1.0,-0.36470954064782785,0.6352904593521722,True,True,True
CRR-STAGEII-CONFIRM-2026-07-22,21c5b970e734ed79636df2f3882d4d85460c5efa40b88e59b9b9a3f34a25c0ff,ATTRIBUTION,operations+risk,202607227003,solved,-0.4289539649639758,-1.0,-0.36470954064782785,0.6352904593521722,True,True,True
CRR-STAGEII-CONFIRM-2026-07-22,21c5b970e734ed79636df2f3882d4d85460c5efa40b88e59b9b9a3f34a25c0ff,ATTRIBUTION,operations+risk,202607227004,solved,-0.36470957613814775,-1.0,-0.364709540647828,0.635290459352172,True,True,True
CRR-STAGEII-CONFIRM-2026-07-22,21c5b970e734ed79636df2f3882d4d85460c5efa40b88e59b9b9a3f34a25c0ff,ATTRIBUTION,operations+risk,202607227005,solved,-0.6922430594238536,-1.0,-0.3647095406478278,0.6352904593521722,True,True,True
CRR-STAGEII-CONFIRM-2026-07-22,21c5b970e734ed79636df2f3882d4d85460c5efa40b88e59b9b9a3f34a25c0ff,ATTRIBUTION,operations+risk,202607227006,solved,-0.36470957613814775,-1.0,-0.3647095406478287,0.6352904593521713,True,True,True
CRR-STAGEII-CONFIRM-2026-07-22,21c5b970e734ed79636df2f3882d4d85460c5efa40b88e59b9b9a3f34a25c0ff,ATTRIBUTION,operations+risk,202607227007,solved,-0.595627803832953,-1.0,-0.36470954064782785,0.6352904593521722,True,True,True
CRR-STAGEII-CONFIRM-2026-07-22,21c5b970e734ed79636df2f3882d4d85460c5efa40b88e59b9b9a3f34a25c0ff,ATTRIBUTION,operations+risk,202607227008,solved,-0.7606432279036437,-1.0,-0.3647095406478304,0.6352904593521695,True,True,True
CRR-STAGEII-CONFIRM-2026-07-22,21c5b970e734ed79636df2f3882d4d85460c5efa40b88e59b9b9a3f34a25c0ff,ATTRIBUTION,operations+risk,202607227009,solved,-0.5276138019132603,-1.0,-0.364709540647828,0.635290459352172,True,True,True
CRR-STAGEII-CONFIRM-2026-07-22,21c5b970e734ed79636df2f3882d4d85460c5efa40b88e59b9b9a3f34a25c0ff,ATTRIBUTION,operations+risk,202607227010,solved,-0.36470957613814775,-1.0,-0.3647095406478285,0.6352904593521715,True,True,True
CRR-STAGEII-CONFIRM-2026-07-22,21c5b970e734ed79636df2f3882d4d85460c5efa40b88e59b9b9a3f34a25c0ff,ATTRIBUTION,operations+risk,202607227011,solved,-0.36470957613814775,-1.0,-0.364709540647828,0.635290459352172,True,True,True
CRR-STAGEII-CONFIRM-2026-07-22,21c5b970e734ed79636df2f3882d4d85460c5efa40b88e59b9b9a3f34a25c0ff,ATTRIBUTION,operations+risk,202607227012,solved,-0.3754188627088326,-1.0,-0.3647095406478282,0.6352904593521718,True,True,True
CRR-STAGEII-CONFIRM-2026-07-22,21c5b970e734ed79636df2f3882d4d85460c5efa40b88e59b9b9a3f34a25c0ff,ATTRIBUTION,operations+risk,202607227013,solved,-0.36470957613814775,-1.0,-0.3647095406478282,0.6352904593521718,True,True,True
CRR-STAGEII-CONFIRM-2026-07-22,21c5b970e734ed79636df2f3882d4d85460c5efa40b88e59b9b9a3f34a25c0ff,ATTRIBUTION,operations+risk,202607227014,solved,-0.36470957613814775,-1.0,-0.3647095406478287,0.6352904593521713,True,True,True
CRR-STAGEII-CONFIRM-2026-07-22,21c5b970e734ed79636df2f3882d4d85460c5efa40b88e59b9b9a3f34a25c0ff,ATTRIBUTION,operations+risk,202607227015,solved,-0.5256434341578293,-1.0,-0.36470954064782835,0.6352904593521717,True,True,True
CRR-STAGEII-CONFIRM-2026-07-22,21c5b970e734ed79636df2f3882d4d85460c5efa40b88e59b9b9a3f34a25c0ff,ATTRIBUTION,operations+risk,202607227016,solved,-0.36470957613814775,-1.0,-0.3647095406478282,0.6352904593521718,True,True,True
CRR-STAGEII-CONFIRM-2026-07-22,21c5b970e734ed79636df2f3882d4d85460c5efa40b88e59b9b9a3f34a25c0ff,ATTRIBUTION,risk,202607227001,solved,-0.5764531571474596,-1.0,0.44834410775176736,1.4483441077517674,True,True,False
CRR-STAGEII-CONFIRM-2026-07-22,21c5b970e734ed79636df2f3882d4d85460c5efa40b88e59b9b9a3f34a25c0ff,ATTRIBUTION,risk,202607227002,solved,-0.7155782606159149,-1.0,0.8201222963887845,1.8201222963887846,True,True,False
CRR-STAGEII-CONFIRM-2026-07-22,21c5b970e734ed79636df2f3882d4d85460c5efa40b88e59b9b9a3f34a25c0ff,ATTRIBUTION,risk,202607227003,solved,-0.4289539649639758,-1.0,0.44203316779022905,1.4420331677902292,True,True,False
CRR-STAGEII-CONFIRM-2026-07-22,21c5b970e734ed79636df2f3882d4d85460c5efa40b88e59b9b9a3f34a25c0ff,ATTRIBUTION,risk,202607227004,solved,-0.062072658835365,-1.0,0.7580521181712203,1.7580521181712203,True,True,False
CRR-STAGEII-CONFIRM-2026-07-22,21c5b970e734ed79636df2f3882d4d85460c5efa40b88e59b9b9a3f34a25c0ff,ATTRIBUTION,risk,202607227005,solved,-0.6922430594238537,-1.0,0.49678784113227553,1.4967878411322755,True,True,False
CRR-STAGEII-CONFIRM-2026-07-22,21c5b970e734ed79636df2f3882d4d85460c5efa40b88e59b9b9a3f34a25c0ff,ATTRIBUTION,risk,202607227006,solved,-0.06735217480863831,-1.0,0.6797201612446211,1.679720161244621,True,True,False
CRR-STAGEII-CONFIRM-2026-07-22,21c5b970e734ed79636df2f3882d4d85460c5efa40b88e59b9b9a3f34a25c0ff,ATTRIBUTION,risk,202607227007,solved,-0.5956278038329532,-1.0,0.8669153950071898,1.8669153950071897,True,True,False
CRR-STAGEII-CONFIRM-2026-07-22,21c5b970e734ed79636df2f3882d4d85460c5efa40b88e59b9b9a3f34a25c0ff,ATTRIBUTION,risk,202607227008,solved,-0.7606432279036437,-1.0,0.6032476317211832,1.6032476317211832,True,True,False
CRR-STAGEII-CONFIRM-2026-07-22,21c5b970e734ed79636df2f3882d4d85460c5efa40b88e59b9b9a3f34a25c0ff,ATTRIBUTION,risk,202607227009,solved,-0.5276138019132606,-1.0,0.6303728729816919,1.6303728729816918,True,True,False
CRR-STAGEII-CONFIRM-2026-07-22,21c5b970e734ed79636df2f3882d4d85460c5efa40b88e59b9b9a3f34a25c0ff,ATTRIBUTION,risk,202607227010,solved,-0.3010851827697747,-1.0,0.8228796666104872,1.8228796666104872,True,True,False
CRR-STAGEII-CONFIRM-2026-07-22,21c5b970e734ed79636df2f3882d4d85460c5efa40b88e59b9b9a3f34a25c0ff,ATTRIBUTION,risk,202607227011,solved,-0.3484613446035725,-1.0,0.9552646186043725,1.9552646186043725,True,True,False
CRR-STAGEII-CONFIRM-2026-07-22,21c5b970e734ed79636df2f3882d4d85460c5efa40b88e59b9b9a3f34a25c0ff,ATTRIBUTION,risk,202607227012,solved,-0.37541886270883285,-1.0,0.6111022946088224,1.6111022946088225,True,True,False
CRR-STAGEII-CONFIRM-2026-07-22,21c5b970e734ed79636df2f3882d4d85460c5efa40b88e59b9b9a3f34a25c0ff,ATTRIBUTION,risk,202607227013,solved,-0.1036263625013496,-1.0,0.6409963132084959,1.640996313208496,True,True,False
CRR-STAGEII-CONFIRM-2026-07-22,21c5b970e734ed79636df2f3882d4d85460c5efa40b88e59b9b9a3f34a25c0ff,ATTRIBUTION,risk,202607227014,solved,0.039877880425046364,-1.0,0.7394147520788552,1.7394147520788552,False,True,False
CRR-STAGEII-CONFIRM-2026-07-22,21c5b970e734ed79636df2f3882d4d85460c5efa40b88e59b9b9a3f34a25c0ff,ATTRIBUTION,risk,202607227015,solved,-0.5256434341578295,-1.0,0.3907971161220263,1.3907971161220263,True,True,False
CRR-STAGEII-CONFIRM-2026-07-22,21c5b970e734ed79636df2f3882d4d85460c5efa40b88e59b9b9a3f34a25c0ff,ATTRIBUTION,risk,202607227016,solved,0.04606924584115202,-1.0,0.8962637338276457,1.8962637338276456,False,True,False
CRR-STAGEII-CONFIRM-2026-07-22,21c5b970e734ed79636df2f3882d4d85460c5efa40b88e59b9b9a3f34a25c0ff,E1,E1-GAP-+0000.0,202607221001,solved,-1.0,-1.0,1.0,2.0,True,True,False
CRR-STAGEII-CONFIRM-2026-07-22,21c5b970e734ed79636df2f3882d4d85460c5efa40b88e59b9b9a3f34a25c0ff,E1,E1-GAP-+0000.0,202607221002,solved,1.0,-1.0,1.0,2.0,False,True,False
CRR-STAGEII-CONFIRM-2026-07-22,21c5b970e734ed79636df2f3882d4d85460c5efa40b88e59b9b9a3f34a25c0ff,E1,E1-GAP-+0000.0,202607221003,solved,-1.0,-1.0,1.0,2.0,True,True,False
CRR-STAGEII-CONFIRM-2026-07-22,21c5b970e734ed79636df2f3882d4d85460c5efa40b88e59b9b9a3f34a25c0ff,E1,E1-GAP-+0000.0,202607221004,solved,1.0,-1.0,1.0,2.0,False,True,False
CRR-STAGEII-CONFIRM-2026-07-22,21c5b970e734ed79636df2f3882d4d85460c5efa40b88e59b9b9a3f34a25c0ff,E1,E1-GAP-+0000.0,202607221005,solved,-1.0,-1.0,1.0,2.0,True,True,False
CRR-STAGEII-CONFIRM-2026-07-22,21c5b970e734ed79636df2f3882d4d85460c5efa40b88e59b9b9a3f34a25c0ff,E1,E1-GAP-+0000.0,202607221006,solved,-1.0,-1.0,1.0,2.0,True,True,False
CRR-STAGEII-CONFIRM-2026-07-22,21c5b970e734ed79636df2f3882d4d85460c5efa40b88e59b9b9a3f34a25c0ff,E1,E1-GAP-+0000.0,202607221007,solved,1.0,-1.0,1.0,2.0,False,True,False
CRR-STAGEII-CONFIRM-2026-07-22,21c5b970e734ed79636df2f3882d4d85460c5efa40b88e59b9b9a3f34a25c0ff,E1,E1-GAP-+0000.0,202607221008,solved,-1.0,-1.0,1.0,2.0,True,True,False
CRR-STAGEII-CONFIRM-2026-07-22,21c5b970e734ed79636df2f3882d4d85460c5efa40b88e59b9b9a3f34a25c0ff,E1,E1-GAP-+0000.0,202607221009,solved,1.0,-1.0,1.0,2.0,False,True,False
CRR-STAGEII-CONFIRM-2026-07-22,21c5b970e734ed79636df2f3882d4d85460c5efa40b88e59b9b9a3f34a25c0ff,E1,E1-GAP-+0000.0,202607221010,solved,1.0,-1.0,1.0,2.0,False,True,False
CRR-STAGEII-CONFIRM-2026-07-22,21c5b970e734ed79636df2f3882d4d85460c5efa40b88e59b9b9a3f34a25c0ff,E1,E1-GAP-+0000.0,202607221011,solved,-1.0,-1.0,1.0,2.0,True,True,False
CRR-STAGEII-CONFIRM-2026-07-22,21c5b970e734ed79636df2f3882d4d85460c5efa40b88e59b9b9a3f34a25c0ff,E1,E1-GAP-+0000.0,202607221012,solved,1.0,-1.0,1.0,2.0,False,True,False
CRR-STAGEII-CONFIRM-2026-07-22,21c5b970e734ed79636df2f3882d4d85460c5efa40b88e59b9b9a3f34a25c0ff,E1,E1-GAP-+0000.0,202607221013,solved,-1.0,-1.0,1.0,2.0,True,True,False
CRR-STAGEII-CONFIRM-2026-07-22,21c5b970e734ed79636df2f3882d4d85460c5efa40b88e59b9b9a3f34a25c0ff,E1,E1-GAP-+0000.0,202607221014,solved,-1.0,-1.0,1.0,2.0,True,True,False
CRR-STAGEII-CONFIRM-2026-07-22,21c5b970e734ed79636df2f3882d4d85460c5efa40b88e59b9b9a3f34a25c0ff,E1,E1-GAP-+0000.0,202607221015,solved,-1.0,-1.0,1.0,2.0,True,True,False
CRR-STAGEII-CONFIRM-2026-07-22,21c5b970e734ed79636df2f3882d4d85460c5efa40b88e59b9b9a3f34a25c0ff,E1,E1-GAP-+0000.0,202607221016,solved,1.0,-1.0,1.0,2.0,False,True,False
CRR-STAGEII-CONFIRM-2026-07-22,21c5b970e734ed79636df2f3882d4d85460c5efa40b88e59b9b9a3f34a25c0ff,E1,E1-GAP-+0000.0,202607221017,solved,-1.0,-1.0,1.0,2.0,True,True,False
CRR-STAGEII-CONFIRM-2026-07-22,21c5b970e734ed79636df2f3882d4d85460c5efa40b88e59b9b9a3f34a25c0ff,E1,E1-GAP-+0000.0,202607221018,solved,-1.0,-1.0,1.0,2.0,True,True,False
CRR-STAGEII-CONFIRM-2026-07-22,21c5b970e734ed79636df2f3882d4d85460c5efa40b88e59b9b9a3f34a25c0ff,E1,E1-GAP-+0000.0,202607221019,solved,1.0,-1.0,1.0,2.0,False,True,False
CRR-STAGEII-CONFIRM-2026-07-22,21c5b970e734ed79636df2f3882d4d85460c5efa40b88e59b9b9a3f34a25c0ff,E1,E1-GAP-+0000.0,202607221020,solved,-1.0,-1.0,1.0,2.0,True,True,False
CRR-STAGEII-CONFIRM-2026-07-22,21c5b970e734ed79636df2f3882d4d85460c5efa40b88e59b9b9a3f34a25c0ff,E1,E1-GAP-+0000.0,202607221021,solved,-1.0,-1.0,1.0,2.0,True,True,False
CRR-STAGEII-CONFIRM-2026-07-22,21c5b970e734ed79636df2f3882d4d85460c5efa40b88e59b9b9a3f34a25c0ff,E1,E1-GAP-+0000.0,202607221022,solved,1.0,-1.0,1.0,2.0,False,True,False
CRR-STAGEII-CONFIRM-2026-07-22,21c5b970e734ed79636df2f3882d4d85460c5efa40b88e59b9b9a3f34a25c0ff,E1,E1-GAP-+0000.0,202607221023,solved,-1.0,-1.0,1.0,2.0,True,True,False
CRR-STAGEII-CONFIRM-2026-07-22,21c5b970e734ed79636df2f3882d4d85460c5efa40b88e59b9b9a3f34a25c0ff,E1,E1-GAP-+0000.0,202607221024,solved,1.0,-1.0,1.0,2.0,False,True,False
CRR-STAGEII-CONFIRM-2026-07-22,21c5b970e734ed79636df2f3882d4d85460c5efa40b88e59b9b9a3f34a25c0ff,E1,E1-GAP-+0000.0,202607221025,solved,1.0,-1.0,1.0,2.0,False,True,False
CRR-STAGEII-CONFIRM-2026-07-22,21c5b970e734ed79636df2f3882d4d85460c5efa40b88e59b9b9a3f34a25c0ff,E1,E1-GAP-+0000.0,202607221026,solved,1.0,-1.0,1.0,2.0,False,True,False
CRR-STAGEII-CONFIRM-2026-07-22,21c5b970e734ed79636df2f3882d4d85460c5efa40b88e59b9b9a3f34a25c0ff,E1,E1-GAP-+0000.0,202607221027,solved,1.0,-1.0,1.0,2.0,False,True,False
CRR-STAGEII-CONFIRM-2026-07-22,21c5b970e734ed79636df2f3882d4d85460c5efa40b88e59b9b9a3f34a25c0ff,E1,E1-GAP-+0000.0,202607221028,solved,1.0,-1.0,1.0,2.0,False,True,False
CRR-STAGEII-CONFIRM-2026-07-22,21c5b970e734ed79636df2f3882d4d85460c5efa40b88e59b9b9a3f34a25c0ff,E1,E1-GAP-+0000.0,202607221029,solved,-1.0,-1.0,1.0,2.0,True,True,False
CRR-STAGEII-CONFIRM-2026-07-22,21c5b970e734ed79636df2f3882d4d85460c5efa40b88e59b9b9a3f34a25c0ff,E1,E1-GAP-+0000.0,202607221030,solved,1.0,-1.0,1.0,2.0,False,True,False
CRR-STAGEII-CONFIRM-2026-07-22,21c5b970e734ed79636df2f3882d4d85460c5efa40b88e59b9b9a3f34a25c0ff,E1,E1-GAP-+0000.0,202607221031,solved,-1.0,-1.0,1.0,2.0,True,True,False
CRR-STAGEII-CONFIRM-2026-07-22,21c5b970e734ed79636df2f3882d4d85460c5efa40b88e59b9b9a3f34a25c0ff,E1,E1-GAP-+0000.0,202607221032,solved,1.0,-1.0,1.0,2.0,False,True,False
CRR-STAGEII-CONFIRM-2026-07-22,21c5b970e734ed79636df2f3882d4d85460c5efa40b88e59b9b9a3f34a25c0ff,E1,E1-GAP-+0000.0,202607221033,solved,1.0,-1.0,1.0,2.0,False,True,False
CRR-STAGEII-CONFIRM-2026-07-22,21c5b970e734ed79636df2f3882d4d85460c5efa40b88e59b9b9a3f34a25c0ff,E1,E1-GAP-+0000.0,202607221034,solved,-1.0,-1.0,1.0,2.0,True,True,False
CRR-STAGEII-CONFIRM-2026-07-22,21c5b970e734ed79636df2f3882d4d85460c5efa40b88e59b9b9a3f34a25c0ff,E1,E1-GAP-+0000.0,202607221035,solved,1.0,-1.0,1.0,2.0,False,True,False
CRR-STAGEII-CONFIRM-2026-07-22,21c5b970e734ed79636df2f3882d4d85460c5efa40b88e59b9b9a3f34a25c0ff,E1,E1-GAP-+0000.0,202607221036,solved,1.0,-1.0,1.0,2.0,False,True,False
CRR-STAGEII-CONFIRM-2026-07-22,21c5b970e734ed79636df2f3882d4d85460c5efa40b88e59b9b9a3f34a25c0ff,E1,E1-GAP-+0000.0,202607221037,solved,-1.0,-1.0,1.0,2.0,True,True,False
CRR-STAGEII-CONFIRM-2026-07-22,21c5b970e734ed79636df2f3882d4d85460c5efa40b88e59b9b9a3f34a25c0ff,E1,E1-GAP-+0000.0,202607221038,solved,-1.0,-1.0,1.0,2.0,True,True,False
CRR-STAGEII-CONFIRM-2026-07-22,21c5b970e734ed79636df2f3882d4d85460c5efa40b88e59b9b9a3f34a25c0ff,E1,E1-GAP-+0000.0,202607221039,solved,1.0,-1.0,1.0,2.0,False,True,False
CRR-STAGEII-CONFIRM-2026-07-22,21c5b970e734ed79636df2f3882d4d85460c5efa40b88e59b9b9a3f34a25c0ff,E1,E1-GAP-+0000.0,202607221040,solved,-1.0,-1.0,1.0,2.0,True,True,False
CRR-STAGEII-CONFIRM-2026-07-22,21c5b970e734ed79636df2f3882d4d85460c5efa40b88e59b9b9a3f34a25c0ff,E1,E1-GAP-+0000.0,202607221041,solved,-1.0,-1.0,1.0,2.0,True,True,False
CRR-STAGEII-CONFIRM-2026-07-22,21c5b970e734ed79636df2f3882d4d85460c5efa40b88e59b9b9a3f34a25c0ff,E1,E1-GAP-+0000.0,202607221042,solved,1.0,-1.0,1.0,2.0,False,True,False
CRR-STAGEII-CONFIRM-2026-07-22,21c5b970e734ed79636df2f3882d4d85460c5efa40b88e59b9b9a3f34a25c0ff,E1,E1-GAP-+0000.0,202607221043,solved,1.0,-1.0,1.0,2.0,False,True,False
CRR-STAGEII-CONFIRM-2026-07-22,21c5b970e734ed79636df2f3882d4d85460c5efa40b88e59b9b9a3f34a25c0ff,E1,E1-GAP-+0000.0,202607221044,solved,-1.0,-1.0,1.0,2.0,True,True,False
CRR-STAGEII-CONFIRM-2026-07-22,21c5b970e734ed79636df2f3882d4d85460c5efa40b88e59b9b9a3f34a25c0ff,E1,E1-GAP-+0000.0,202607221045,solved,-1.0,-1.0,1.0,2.0,True,True,False
CRR-STAGEII-CONFIRM-2026-07-22,21c5b970e734ed79636df2f3882d4d85460c5efa40b88e59b9b9a3f34a25c0ff,E1,E1-GAP-+0000.0,202607221046,solved,-1.0,-1.0,1.0,2.0,True,True,False
CRR-STAGEII-CONFIRM-2026-07-22,21c5b970e734ed79636df2f3882d4d85460c5efa40b88e59b9b9a3f34a25c0ff,E1,E1-GAP-+0000.0,202607221047,solved,1.0,-1.0,1.0,2.0,False,True,False
CRR-STAGEII-CONFIRM-2026-07-22,21c5b970e734ed79636df2f3882d4d85460c5efa40b88e59b9b9a3f34a25c0ff,E1,E1-GAP-+0000.0,202607221048,solved,1.0,-1.0,1.0,2.0,False,True,False
CRR-STAGEII-CONFIRM-2026-07-22,21c5b970e734ed79636df2f3882d4d85460c5efa40b88e59b9b9a3f34a25c0ff,E1,E1-GAP-+0000.0,202607221049,solved,-1.0,-1.0,1.0,2.0,True,True,False
CRR-STAGEII-CONFIRM-2026-07-22,21c5b970e734ed79636df2f3882d4d85460c5efa40b88e59b9b9a3f34a25c0ff,E1,E1-GAP-+0000.0,202607221050,solved,1.0,-1.0,1.0,2.0,False,True,False
CRR-STAGEII-CONFIRM-2026-07-22,21c5b970e734ed79636df2f3882d4d85460c5efa40b88e59b9b9a3f34a25c0ff,E1,E1-GAP-+0000.0,202607221051,solved,1.0,-1.0,1.0,2.0,False,True,False
CRR-STAGEII-CONFIRM-2026-07-22,21c5b970e734ed79636df2f3882d4d85460c5efa40b88e59b9b9a3f34a25c0ff,E1,E1-GAP-+0000.0,202607221052,solved,-1.0,-1.0,1.0,2.0,True,True,False
CRR-STAGEII-CONFIRM-2026-07-22,21c5b970e734ed79636df2f3882d4d85460c5efa40b88e59b9b9a3f34a25c0ff,E1,E1-GAP-+0000.0,202607221053,solved,-1.0,-1.0,1.0,2.0,True,True,False
CRR-STAGEII-CONFIRM-2026-07-22,21c5b970e734ed79636df2f3882d4d85460c5efa40b88e59b9b9a3f34a25c0ff,E1,E1-GAP-+0000.0,202607221054,solved,1.0,-1.0,1.0,2.0,False,True,False
CRR-STAGEII-CONFIRM-2026-07-22,21c5b970e734ed79636df2f3882d4d85460c5efa40b88e59b9b9a3f34a25c0ff,E1,E1-GAP-+0000.0,202607221055,solved,1.0,-1.0,1.0,2.0,False,True,False
CRR-STAGEII-CONFIRM-2026-07-22,21c5b970e734ed79636df2f3882d4d85460c5efa40b88e59b9b9a3f34a25c0ff,E1,E1-GAP-+0000.0,202607221056,solved,-1.0,-1.0,1.0,2.0,True,True,False
CRR-STAGEII-CONFIRM-2026-07-22,21c5b970e734ed79636df2f3882d4d85460c5efa40b88e59b9b9a3f34a25c0ff,E1,E1-GAP-+0000.0,202607221057,solved,-1.0,-1.0,1.0,2.0,True,True,False
CRR-STAGEII-CONFIRM-2026-07-22,21c5b970e734ed79636df2f3882d4d85460c5efa40b88e59b9b9a3f34a25c0ff,E1,E1-GAP-+0000.0,202607221058,solved,-1.0,-1.0,1.0,2.0,True,True,False
CRR-STAGEII-CONFIRM-2026-07-22,21c5b970e734ed79636df2f3882d4d85460c5efa40b88e59b9b9a3f34a25c0ff,E1,E1-GAP-+0000.0,202607221059,solved,1.0,-1.0,1.0,2.0,False,True,False
CRR-STAGEII-CONFIRM-2026-07-22,21c5b970e734ed79636df2f3882d4d85460c5efa40b88e59b9b9a3f34a25c0ff,E1,E1-GAP-+0000.0,202607221060,solved,-1.0,-1.0,1.0,2.0,True,True,False
CRR-STAGEII-CONFIRM-2026-07-22,21c5b970e734ed79636df2f3882d4d85460c5efa40b88e59b9b9a3f34a25c0ff,E1,E1-GAP-+0000.0,202607221061,solved,-1.0,-1.0,1.0,2.0,True,True,False
CRR-STAGEII-CONFIRM-2026-07-22,21c5b970e734ed79636df2f3882d4d85460c5efa40b88e59b9b9a3f34a25c0ff,E1,E1-GAP-+0000.0,202607221062,solved,-1.0,-1.0,1.0,2.0,True,True,False
CRR-STAGEII-CONFIRM-2026-07-22,21c5b970e734ed79636df2f3882d4d85460c5efa40b88e59b9b9a3f34a25c0ff,E1,E1-GAP-+0000.0,202607221063,solved,1.0,-1.0,1.0,2.0,False,True,False
CRR-STAGEII-CONFIRM-2026-07-22,21c5b970e734ed79636df2f3882d4d85460c5efa40b88e59b9b9a3f34a25c0ff,E1,E1-GAP-+0000.0,202607221064,solved,1.0,-1.0,1.0,2.0,False,True,False
CRR-STAGEII-CONFIRM-2026-07-22,21c5b970e734ed79636df2f3882d4d85460c5efa40b88e59b9b9a3f34a25c0ff,E1,E1-GAP-+0005.0,202607221001,solved,1.0,0.999998498936402,1.0,1.501063597975083e-06,False,False,False
CRR-STAGEII-CONFIRM-2026-07-22,21c5b970e734ed79636df2f3882d4d85460c5efa40b88e59b9b9a3f34a25c0ff,E1,E1-GAP-+0005.0,202607221002,solved,1.0,0.999998498936402,1.0,1.501063597975083e-06,False,False,False
CRR-STAGEII-CONFIRM-2026-07-22,21c5b970e734ed79636df2f3882d4d85460c5efa40b88e59b9b9a3f34a25c0ff,E1,E1-GAP-+0005.0,202607221003,solved,1.0,0.999998498936445,1.0,1.501063555009452e-06,False,False,False
CRR-STAGEII-CONFIRM-2026-07-22,21c5b970e734ed79636df2f3882d4d85460c5efa40b88e59b9b9a3f34a25c0ff,E1,E1-GAP-+0005.0,202607221004,solved,1.0,0.9999984989363303,1.0,1.5010636696954904e-06,False,False,False
CRR-STAGEII-CONFIRM-2026-07-22,21c5b970e734ed79636df2f3882d4d85460c5efa40b88e59b9b9a3f34a25c0ff,E1,E1-GAP-+0005.0,202607221005,solved,1.0,0.999998498936445,1.0,1.501063555009452e-06,False,False,False
CRR-STAGEII-CONFIRM-2026-07-22,21c5b970e734ed79636df2f3882d4d85460c5efa40b88e59b9b9a3f34a25c0ff,E1,E1-GAP-+0005.0,202607221006,solved,1.0,0.999998498936445,1.0,1.501063555009452e-06,False,False,False
CRR-STAGEII-CONFIRM-2026-07-22,21c5b970e734ed79636df2f3882d4d85460c5efa40b88e59b9b9a3f34a25c0ff,E1,E1-GAP-+0005.0,202607221007,solved,1.0,0.9999984989363684,1.0,1.5010636316148407e-06,False,False,False
CRR-STAGEII-CONFIRM-2026-07-22,21c5b970e734ed79636df2f3882d4d85460c5efa40b88e59b9b9a3f34a25c0ff,E1,E1-GAP-+0005.0,202607221008,solved,1.0,0.9999984989364069,1.0,1.5010635930901017e-06,False,False,False
CRR-STAGEII-CONFIRM-2026-07-22,21c5b970e734ed79636df2f3882d4d85460c5efa40b88e59b9b9a3f34a25c0ff,E1,E1-GAP-+0005.0,202607221009,solved,1.0,0.9999984989364069,1.0,1.5010635930901017e-06,False,False,False
CRR-STAGEII-CONFIRM-2026-07-22,21c5b970e734ed79636df2f3882d4d85460c5efa40b88e59b9b9a3f34a25c0ff,E1,E1-GAP-+0005.0,202607221010,solved,1.0,0.9999984989363684,1.0,1.5010636316148407e-06,False,False,False
CRR-STAGEII-CONFIRM-2026-07-22,21c5b970e734ed79636df2f3882d4d85460c5efa40b88e59b9b9a3f34a25c0ff,E1,E1-GAP-+0005.0,202607221011,solved,1.0,0.9999984989363684,1.0,1.5010636316148407e-06,False,False,False
CRR-STAGEII-CONFIRM-2026-07-22,21c5b970e734ed79636df2f3882d4d85460c5efa40b88e59b9b9a3f34a25c0ff,E1,E1-GAP-+0005.0,202607221012,solved,1.0,0.999998498936445,1.0,1.501063555009452e-06,False,False,False
CRR-STAGEII-CONFIRM-2026-07-22,21c5b970e734ed79636df2f3882d4d85460c5efa40b88e59b9b9a3f34a25c0ff,E1,E1-GAP-+0005.0,202607221013,solved,1.0,0.999998498936445,1.0,1.501063555009452e-06,False,False,False
CRR-STAGEII-CONFIRM-2026-07-22,21c5b970e734ed79636df2f3882d4d85460c5efa40b88e59b9b9a3f34a25c0ff,E1,E1-GAP-+0005.0,202607221014,solved,1.0,0.999998498936402,1.0,1.501063597975083e-06,False,False,False
CRR-STAGEII-CONFIRM-2026-07-22,21c5b970e734ed79636df2f3882d4d85460c5efa40b88e59b9b9a3f34a25c0ff,E1,E1-GAP-+0005.0,202607221015,solved,1.0,0.9999984989364069,1.0,1.5010635930901017e-06,False,False,False
CRR-STAGEII-CONFIRM-2026-07-22,21c5b970e734ed79636df2f3882d4d85460c5efa40b88e59b9b9a3f34a25c0ff,E1,E1-GAP-+0005.0,202607221016,solved,1.0,0.9999984989364069,1.0,1.5010635930901017e-06,False,False,False
CRR-STAGEII-CONFIRM-2026-07-22,21c5b970e734ed79636df2f3882d4d85460c5efa40b88e59b9b9a3f34a25c0ff,E1,E1-GAP-+0005.0,202607221017,solved,1.0,0.9999984989363303,1.0,1.5010636696954904e-06,False,False,False
CRR-STAGEII-CONFIRM-2026-07-22,21c5b970e734ed79636df2f3882d4d85460c5efa40b88e59b9b9a3f34a25c0ff,E1,E1-GAP-+0005.0,202607221018,solved,1.0,0.9999984989364069,1.0,1.5010635930901017e-06,False,False,False
CRR-STAGEII-CONFIRM-2026-07-22,21c5b970e734ed79636df2f3882d4d85460c5efa40b88e59b9b9a3f34a25c0ff,E1,E1-GAP-+0005.0,202607221019,solved,1.0,0.9999984989363684,1.0,1.5010636316148407e-06,False,False,False
CRR-STAGEII-CONFIRM-2026-07-22,21c5b970e734ed79636df2f3882d4d85460c5efa40b88e59b9b9a3f34a25c0ff,E1,E1-GAP-+0005.0,202607221020,solved,1.0,0.999998498936445,1.0,1.501063555009452e-06,False,False,False
CRR-STAGEII-CONFIRM-2026-07-22,21c5b970e734ed79636df2f3882d4d85460c5efa40b88e59b9b9a3f34a25c0ff,E1,E1-GAP-+0005.0,202607221021,solved,1.0,0.9999984989364069,1.0,1.5010635930901017e-06,False,False,False
CRR-STAGEII-CONFIRM-2026-07-22,21c5b970e734ed79636df2f3882d4d85460c5efa40b88e59b9b9a3f34a25c0ff,E1,E1-GAP-+0005.0,202607221022,solved,1.0,0.999998498936445,1.0,1.501063555009452e-06,False,False,False
CRR-STAGEII-CONFIRM-2026-07-22,21c5b970e734ed79636df2f3882d4d85460c5efa40b88e59b9b9a3f34a25c0ff,E1,E1-GAP-+0005.0,202607221023,solved,1.0,0.999998498936445,1.0,1.501063555009452e-06,False,False,False
CRR-STAGEII-CONFIRM-2026-07-22,21c5b970e734ed79636df2f3882d4d85460c5efa40b88e59b9b9a3f34a25c0ff,E1,E1-GAP-+0005.0,202607221024,solved,1.0,0.9999984989363684,1.0,1.5010636316148407e-06,False,False,False
CRR-STAGEII-CONFIRM-2026-07-22,21c5b970e734ed79636df2f3882d4d85460c5efa40b88e59b9b9a3f34a25c0ff,E1,E1-GAP-+0005.0,202607221025,solved,1.0,0.9999984989364125,1.0,1.5010635875389866e-06,False,False,False
CRR-STAGEII-CONFIRM-2026-07-22,21c5b970e734ed79636df2f3882d4d85460c5efa40b88e59b9b9a3f34a25c0ff,E1,E1-GAP-+0005.0,202607221026,solved,1.0,0.999998498936445,1.0,1.501063555009452e-06,False,False,False
CRR-STAGEII-CONFIRM-2026-07-22,21c5b970e734ed79636df2f3882d4d85460c5efa40b88e59b9b9a3f34a25c0ff,E1,E1-GAP-+0005.0,202607221027,solved,1.0,0.9999984989364324,1.0,1.5010635675549722e-06,False,False,False
CRR-STAGEII-CONFIRM-2026-07-22,21c5b970e734ed79636df2f3882d4d85460c5efa40b88e59b9b9a3f34a25c0ff,E1,E1-GAP-+0005.0,202607221028,solved,1.0,0.999998498936402,1.0,1.501063597975083e-06,False,False,False
CRR-STAGEII-CONFIRM-2026-07-22,21c5b970e734ed79636df2f3882d4d85460c5efa40b88e59b9b9a3f34a25c0ff,E1,E1-GAP-+0005.0,202607221029,solved,1.0,0.999998498936483,1.0,1.5010635170398245e-06,False,False,False
CRR-STAGEII-CONFIRM-2026-07-22,21c5b970e734ed79636df2f3882d4d85460c5efa40b88e59b9b9a3f34a25c0ff,E1,E1-GAP-+0005.0,202607221030,solved,1.0,0.9999984989363908,1.0,1.5010636091883356e-06,False,False,False
CRR-STAGEII-CONFIRM-2026-07-22,21c5b970e734ed79636df2f3882d4d85460c5efa40b88e59b9b9a3f34a25c0ff,E1,E1-GAP-+0005.0,202607221031,solved,1.0,0.999998498936483,1.0,1.5010635170398245e-06,False,False,False
CRR-STAGEII-CONFIRM-2026-07-22,21c5b970e734ed79636df2f3882d4d85460c5efa40b88e59b9b9a3f34a25c0ff,E1,E1-GAP-+0005.0,202607221032,solved,1.0,0.9999984989362921,1.0,1.5010637078871625e-06,False,False,False
CRR-STAGEII-CONFIRM-2026-07-22,21c5b970e734ed79636df2f3882d4d85460c5efa40b88e59b9b9a3f34a25c0ff,E1,E1-GAP-+0005.0,202607221033,solved,1.0,0.9999984989364069,1.0,1.5010635930901017e-06,False,False,False
CRR-STAGEII-CONFIRM-2026-07-22,21c5b970e734ed79636df2f3882d4d85460c5efa40b88e59b9b9a3f34a25c0ff,E1,E1-GAP-+0005.0,202607221034,solved,1.0,0.999998498936445,1.0,1.501063555009452e-06,False,False,False
CRR-STAGEII-CONFIRM-2026-07-22,21c5b970e734ed79636df2f3882d4d85460c5efa40b88e59b9b9a3f34a25c0ff,E1,E1-GAP-+0005.0,202607221035,solved,1.0,0.999998498936445,1.0,1.501063555009452e-06,False,False,False
CRR-STAGEII-CONFIRM-2026-07-22,21c5b970e734ed79636df2f3882d4d85460c5efa40b88e59b9b9a3f34a25c0ff,E1,E1-GAP-+0005.0,202607221036,solved,1.0,0.9999984989364069,1.0,1.5010635930901017e-06,False,False,False
CRR-STAGEII-CONFIRM-2026-07-22,21c5b970e734ed79636df2f3882d4d85460c5efa40b88e59b9b9a3f34a25c0ff,E1,E1-GAP-+0005.0,202607221037,solved,1.0,0.9999984989363684,1.0,1.5010636316148407e-06,False,False,False
CRR-STAGEII-CONFIRM-2026-07-22,21c5b970e734ed79636df2f3882d4d85460c5efa40b88e59b9b9a3f34a25c0ff,E1,E1-GAP-+0005.0,202607221038,solved,1.0,0.9999984989364069,1.0,1.5010635930901017e-06,False,False,False
CRR-STAGEII-CONFIRM-2026-07-22,21c5b970e734ed79636df2f3882d4d85460c5efa40b88e59b9b9a3f34a25c0ff,E1,E1-GAP-+0005.0,202607221039,solved,1.0,0.9999984989364069,1.0,1.5010635930901017e-06,False,False,False
CRR-STAGEII-CONFIRM-2026-07-22,21c5b970e734ed79636df2f3882d4d85460c5efa40b88e59b9b9a3f34a25c0ff,E1,E1-GAP-+0005.0,202607221040,solved,1.0,0.999998498936445,1.0,1.501063555009452e-06,False,False,False
CRR-STAGEII-CONFIRM-2026-07-22,21c5b970e734ed79636df2f3882d4d85460c5efa40b88e59b9b9a3f34a25c0ff,E1,E1-GAP-+0005.0,202607221041,solved,1.0,0.9999984989364069,1.0,1.5010635930901017e-06,False,False,False
CRR-STAGEII-CONFIRM-2026-07-22,21c5b970e734ed79636df2f3882d4d85460c5efa40b88e59b9b9a3f34a25c0ff,E1,E1-GAP-+0005.0,202607221042,solved,1.0,0.999998498936402,1.0,1.501063597975083e-06,False,False,False
CRR-STAGEII-CONFIRM-2026-07-22,21c5b970e734ed79636df2f3882d4d85460c5efa40b88e59b9b9a3f34a25c0ff,E1,E1-GAP-+0005.0,202607221043,solved,1.0,0.9999984989364069,1.0,1.5010635930901017e-06,False,False,False
CRR-STAGEII-CONFIRM-2026-07-22,21c5b970e734ed79636df2f3882d4d85460c5efa40b88e59b9b9a3f34a25c0ff,E1,E1-GAP-+0005.0,202607221044,solved,1.0,0.9999984989363303,1.0,1.5010636696954904e-06,False,False,False
CRR-STAGEII-CONFIRM-2026-07-22,21c5b970e734ed79636df2f3882d4d85460c5efa40b88e59b9b9a3f34a25c0ff,E1,E1-GAP-+0005.0,202607221045,solved,1.0,0.9999984989363303,1.0,1.5010636696954904e-06,False,False,False
CRR-STAGEII-CONFIRM-2026-07-22,21c5b970e734ed79636df2f3882d4d85460c5efa40b88e59b9b9a3f34a25c0ff,E1,E1-GAP-+0005.0,202607221046,solved,1.0,0.999998498936445,1.0,1.501063555009452e-06,False,False,False
CRR-STAGEII-CONFIRM-2026-07-22,21c5b970e734ed79636df2f3882d4d85460c5efa40b88e59b9b9a3f34a25c0ff,E1,E1-GAP-+0005.0,202607221047,solved,1.0,0.999998498936445,1.0,1.501063555009452e-06,False,False,False
CRR-STAGEII-CONFIRM-2026-07-22,21c5b970e734ed79636df2f3882d4d85460c5efa40b88e59b9b9a3f34a25c0ff,E1,E1-GAP-+0005.0,202607221048,solved,1.0,0.9999984989364069,1.0,1.5010635930901017e-06,False,False,False
CRR-STAGEII-CONFIRM-2026-07-22,21c5b970e734ed79636df2f3882d4d85460c5efa40b88e59b9b9a3f34a25c0ff,E1,E1-GAP-+0005.0,202607221049,solved,1.0,0.9999984989364069,1.0,1.5010635930901017e-06,False,False,False
CRR-STAGEII-CONFIRM-2026-07-22,21c5b970e734ed79636df2f3882d4d85460c5efa40b88e59b9b9a3f34a25c0ff,E1,E1-GAP-+0005.0,202607221050,solved,1.0,0.9999984989363303,1.0,1.5010636696954904e-06,False,False,False
CRR-STAGEII-CONFIRM-2026-07-22,21c5b970e734ed79636df2f3882d4d85460c5efa40b88e59b9b9a3f34a25c0ff,E1,E1-GAP-+0005.0,202607221051,solved,1.0,0.9999984989364069,1.0,1.5010635930901017e-06,False,False,False
CRR-STAGEII-CONFIRM-2026-07-22,21c5b970e734ed79636df2f3882d4d85460c5efa40b88e59b9b9a3f34a25c0ff,E1,E1-GAP-+0005.0,202607221052,solved,1.0,0.999998498936445,1.0,1.501063555009452e-06,False,False,False
CRR-STAGEII-CONFIRM-2026-07-22,21c5b970e734ed79636df2f3882d4d85460c5efa40b88e59b9b9a3f34a25c0ff,E1,E1-GAP-+0005.0,202607221053,solved,1.0,0.999998498936423,1.0,1.5010635769918679e-06,False,False,False
CRR-STAGEII-CONFIRM-2026-07-22,21c5b970e734ed79636df2f3882d4d85460c5efa40b88e59b9b9a3f34a25c0ff,E1,E1-GAP-+0005.0,202607221054,solved,1.0,0.9999984989364069,1.0,1.5010635930901017e-06,False,False,False
CRR-STAGEII-CONFIRM-2026-07-22,21c5b970e734ed79636df2f3882d4d85460c5efa40b88e59b9b9a3f34a25c0ff,E1,E1-GAP-+0005.0,202607221055,solved,1.0,0.999998498936445,1.0,1.501063555009452e-06,False,False,False
CRR-STAGEII-CONFIRM-2026-07-22,21c5b970e734ed79636df2f3882d4d85460c5efa40b88e59b9b9a3f34a25c0ff,E1,E1-GAP-+0005.0,202607221056,solved,1.0,0.9999984989364069,1.0,1.5010635930901017e-06,False,False,False
CRR-STAGEII-CONFIRM-2026-07-22,21c5b970e734ed79636df2f3882d4d85460c5efa40b88e59b9b9a3f34a25c0ff,E1,E1-GAP-+0005.0,202607221057,solved,1.0,0.9999984989363684,1.0,1.5010636316148407e-06,False,False,False
CRR-STAGEII-CONFIRM-2026-07-22,21c5b970e734ed79636df2f3882d4d85460c5efa40b88e59b9b9a3f34a25c0ff,E1,E1-GAP-+0005.0,202607221058,solved,1.0,0.9999984989363684,1.0,1.5010636316148407e-06,False,False,False
CRR-STAGEII-CONFIRM-2026-07-22,21c5b970e734ed79636df2f3882d4d85460c5efa40b88e59b9b9a3f34a25c0ff,E1,E1-GAP-+0005.0,202607221059,solved,1.0,0.999998498936445,1.0,1.501063555009452e-06,False,False,False
CRR-STAGEII-CONFIRM-2026-07-22,21c5b970e734ed79636df2f3882d4d85460c5efa40b88e59b9b9a3f34a25c0ff,E1,E1-GAP-+0005.0,202607221060,solved,1.0,0.9999984989363684,1.0,1.5010636316148407e-06,False,False,False
CRR-STAGEII-CONFIRM-2026-07-22,21c5b970e734ed79636df2f3882d4d85460c5efa40b88e59b9b9a3f34a25c0ff,E1,E1-GAP-+0005.0,202607221061,solved,1.0,0.9999984989363684,1.0,1.5010636316148407e-06,False,False,False
CRR-STAGEII-CONFIRM-2026-07-22,21c5b970e734ed79636df2f3882d4d85460c5efa40b88e59b9b9a3f34a25c0ff,E1,E1-GAP-+0005.0,202607221062,solved,1.0,0.999998498936445,1.0,1.501063555009452e-06,False,False,False
CRR-STAGEII-CONFIRM-2026-07-22,21c5b970e734ed79636df2f3882d4d85460c5efa40b88e59b9b9a3f34a25c0ff,E1,E1-GAP-+0005.0,202607221063,solved,1.0,0.999998498936445,1.0,1.501063555009452e-06,False,False,False
CRR-STAGEII-CONFIRM-2026-07-22,21c5b970e734ed79636df2f3882d4d85460c5efa40b88e59b9b9a3f34a25c0ff,E1,E1-GAP-+0005.0,202607221064,solved,1.0,0.999998498936409,1.0,1.501063590980678e-06,False,False,False
CRR-STAGEII-CONFIRM-2026-07-22,21c5b970e734ed79636df2f3882d4d85460c5efa40b88e59b9b9a3f34a25c0ff,E1,E1-GAP-+0025.0,202607221001,solved,1.0,0.9999996917872779,1.0,3.0821272212211426e-07,False,False,False
CRR-STAGEII-CONFIRM-2026-07-22,21c5b970e734ed79636df2f3882d4d85460c5efa40b88e59b9b9a3f34a25c0ff,E1,E1-GAP-+0025.0,202607221002,solved,1.0,0.999999691787282,1.0,3.0821271801428907e-07,False,False,False
CRR-STAGEII-CONFIRM-2026-07-22,21c5b970e734ed79636df2f3882d4d85460c5efa40b88e59b9b9a3f34a25c0ff,E1,E1-GAP-+0025.0,202607221003,solved,1.0,0.9999996917872811,1.0,3.082127189024675e-07,False,False,False
CRR-STAGEII-CONFIRM-2026-07-22,21c5b970e734ed79636df2f3882d4d85460c5efa40b88e59b9b9a3f34a25c0ff,E1,E1-GAP-+0025.0,202607221004,solved,1.0,0.9999996917872732,1.0,3.0821272678505096e-07,False,False,False
CRR-STAGEII-CONFIRM-2026-07-22,21c5b970e734ed79636df2f3882d4d85460c5efa40b88e59b9b9a3f34a25c0ff,E1,E1-GAP-+0025.0,202607221005,solved,1.0,0.9999996917872811,1.0,3.082127189024675e-07,False,False,False
CRR-STAGEII-CONFIRM-2026-07-22,21c5b970e734ed79636df2f3882d4d85460c5efa40b88e59b9b9a3f34a25c0ff,E1,E1-GAP-+0025.0,202607221006,solved,1.0,0.9999996917872889,1.0,3.082127111309063e-07,False,False,False
CRR-STAGEII-CONFIRM-2026-07-22,21c5b970e734ed79636df2f3882d4d85460c5efa40b88e59b9b9a3f34a25c0ff,E1,E1-GAP-+0025.0,202607221007,solved,1.0,0.9999996917872734,1.0,3.0821272656300636e-07,False,False,False
CRR-STAGEII-CONFIRM-2026-07-22,21c5b970e734ed79636df2f3882d4d85460c5efa40b88e59b9b9a3f34a25c0ff,E1,E1-GAP-+0025.0,202607221008,solved,1.0,0.9999996917872811,1.0,3.082127189024675e-07,False,False,False
CRR-STAGEII-CONFIRM-2026-07-22,21c5b970e734ed79636df2f3882d4d85460c5efa40b88e59b9b9a3f34a25c0ff,E1,E1-GAP-+0025.0,202607221009,solved,1.0,0.9999996917872734,1.0,3.0821272656300636e-07,False,False,False
CRR-STAGEII-CONFIRM-2026-07-22,21c5b970e734ed79636df2f3882d4d85460c5efa40b88e59b9b9a3f34a25c0ff,E1,E1-GAP-+0025.0,202607221010,solved,1.0,0.9999996917872732,1.0,3.0821272678505096e-07,False,False,False
CRR-STAGEII-CONFIRM-2026-07-22,21c5b970e734ed79636df2f3882d4d85460c5efa40b88e59b9b9a3f34a25c0ff,E1,E1-GAP-+0025.0,202607221011,solved,1.0,0.9999996917872811,1.0,3.082127189024675e-07,False,False,False
CRR-STAGEII-CONFIRM-2026-07-22,21c5b970e734ed79636df2f3882d4d85460c5efa40b88e59b9b9a3f34a25c0ff,E1,E1-GAP-+0025.0,202607221012,solved,1.0,0.9999996917872811,1.0,3.082127189024675e-07,False,False,False
CRR-STAGEII-CONFIRM-2026-07-22,21c5b970e734ed79636df2f3882d4d85460c5efa40b88e59b9b9a3f34a25c0ff,E1,E1-GAP-+0025.0,202607221013,solved,1.0,0.9999996917872889,1.0,3.082127111309063e-07,False,False,False
CRR-STAGEII-CONFIRM-2026-07-22,21c5b970e734ed79636df2f3882d4d85460c5efa40b88e59b9b9a3f34a25c0ff,E1,E1-GAP-+0025.0,202607221014,solved,1.0,0.999999691787282,1.0,3.0821271801428907e-07,False,False,False
CRR-STAGEII-CONFIRM-2026-07-22,21c5b970e734ed79636df2f3882d4d85460c5efa40b88e59b9b9a3f34a25c0ff,E1,E1-GAP-+0025.0,202607221015,solved,1.0,0.9999996917872889,1.0,3.082127111309063e-07,False,False,False
CRR-STAGEII-CONFIRM-2026-07-22,21c5b970e734ed79636df2f3882d4d85460c5efa40b88e59b9b9a3f34a25c0ff,E1,E1-GAP-+0025.0,202607221016,solved,1.0,0.9999996917872811,1.0,3.082127189024675e-07,False,False,False
CRR-STAGEII-CONFIRM-2026-07-22,21c5b970e734ed79636df2f3882d4d85460c5efa40b88e59b9b9a3f34a25c0ff,E1,E1-GAP-+0025.0,202607221017,solved,1.0,0.999999691787282,1.0,3.0821271801428907e-07,False,False,False
CRR-STAGEII-CONFIRM-2026-07-22,21c5b970e734ed79636df2f3882d4d85460c5efa40b88e59b9b9a3f34a25c0ff,E1,E1-GAP-+0025.0,202607221018,solved,1.0,0.9999996917872811,1.0,3.082127189024675e-07,False,False,False
CRR-STAGEII-CONFIRM-2026-07-22,21c5b970e734ed79636df2f3882d4d85460c5efa40b88e59b9b9a3f34a25c0ff,E1,E1-GAP-+0025.0,202607221019,solved,1.0,0.9999996917872811,1.0,3.082127189024675e-07,False,False,False
CRR-STAGEII-CONFIRM-2026-07-22,21c5b970e734ed79636df2f3882d4d85460c5efa40b88e59b9b9a3f34a25c0ff,E1,E1-GAP-+0025.0,202607221020,solved,1.0,0.9999996917872889,1.0,3.082127111309063e-07,False,False,False
CRR-STAGEII-CONFIRM-2026-07-22,21c5b970e734ed79636df2f3882d4d85460c5efa40b88e59b9b9a3f34a25c0ff,E1,E1-GAP-+0025.0,202607221021,solved,1.0,0.9999996917872811,1.0,3.082127189024675e-07,False,False,False
CRR-STAGEII-CONFIRM-2026-07-22,21c5b970e734ed79636df2f3882d4d85460c5efa40b88e59b9b9a3f34a25c0ff,E1,E1-GAP-+0025.0,202607221022,solved,1.0,0.9999996917872811,1.0,3.082127189024675e-07,False,False,False
CRR-STAGEII-CONFIRM-2026-07-22,21c5b970e734ed79636df2f3882d4d85460c5efa40b88e59b9b9a3f34a25c0ff,E1,E1-GAP-+0025.0,202607221023,solved,1.0,0.9999996917872811,1.0,3.082127189024675e-07,False,False,False
CRR-STAGEII-CONFIRM-2026-07-22,21c5b970e734ed79636df2f3882d4d85460c5efa40b88e59b9b9a3f34a25c0ff,E1,E1-GAP-+0025.0,202607221024,solved,1.0,0.9999996917872809,1.0,3.082127191245121e-07,False,False,False
CRR-STAGEII-CONFIRM-2026-07-22,21c5b970e734ed79636df2f3882d4d85460c5efa40b88e59b9b9a3f34a25c0ff,E1,E1-GAP-+0025.0,202607221025,solved,1.0,0.9999996917872732,1.0,3.0821272678505096e-07,False,False,False
CRR-STAGEII-CONFIRM-2026-07-22,21c5b970e734ed79636df2f3882d4d85460c5efa40b88e59b9b9a3f34a25c0ff,E1,E1-GAP-+0025.0,202607221026,solved,1.0,0.9999996917872811,1.0,3.082127189024675e-07,False,False,False
CRR-STAGEII-CONFIRM-2026-07-22,21c5b970e734ed79636df2f3882d4d85460c5efa40b88e59b9b9a3f34a25c0ff,E1,E1-GAP-+0025.0,202607221027,solved,1.0,0.9999996917872732,1.0,3.0821272678505096e-07,False,False,False
CRR-STAGEII-CONFIRM-2026-07-22,21c5b970e734ed79636df2f3882d4d85460c5efa40b88e59b9b9a3f34a25c0ff,E1,E1-GAP-+0025.0,202607221028,solved,1.0,0.9999996917872889,1.0,3.082127111309063e-07,False,False,False
CRR-STAGEII-CONFIRM-2026-07-22,21c5b970e734ed79636df2f3882d4d85460c5efa40b88e59b9b9a3f34a25c0ff,E1,E1-GAP-+0025.0,202607221029,solved,1.0,0.9999996917872889,1.0,3.082127111309063e-07,False,False,False
CRR-STAGEII-CONFIRM-2026-07-22,21c5b970e734ed79636df2f3882d4d85460c5efa40b88e59b9b9a3f34a25c0ff,E1,E1-GAP-+0025.0,202607221030,solved,1.0,0.999999691787275,1.0,3.082127250086941e-07,False,False,False
CRR-STAGEII-CONFIRM-2026-07-22,21c5b970e734ed79636df2f3882d4d85460c5efa40b88e59b9b9a3f34a25c0ff,E1,E1-GAP-+0025.0,202607221031,solved,1.0,0.9999996917872811,1.0,3.082127189024675e-07,False,False,False
CRR-STAGEII-CONFIRM-2026-07-22,21c5b970e734ed79636df2f3882d4d85460c5efa40b88e59b9b9a3f34a25c0ff,E1,E1-GAP-+0025.0,202607221032,solved,1.0,0.9999996917872811,1.0,3.082127189024675e-07,False,False,False
CRR-STAGEII-CONFIRM-2026-07-22,21c5b970e734ed79636df2f3882d4d85460c5efa40b88e59b9b9a3f34a25c0ff,E1,E1-GAP-+0025.0,202607221033,solved,1.0,0.9999996917872844,1.0,3.082127155717984e-07,False,False,False
CRR-STAGEII-CONFIRM-2026-07-22,21c5b970e734ed79636df2f3882d4d85460c5efa40b88e59b9b9a3f34a25c0ff,E1,E1-GAP-+0025.0,202607221034,solved,1.0,0.9999996917872811,1.0,3.082127189024675e-07,False,False,False
CRR-STAGEII-CONFIRM-2026-07-22,21c5b970e734ed79636df2f3882d4d85460c5efa40b88e59b9b9a3f34a25c0ff,E1,E1-GAP-+0025.0,202607221035,solved,1.0,0.9999996917872811,1.0,3.082127189024675e-07,False,False,False
CRR-STAGEII-CONFIRM-2026-07-22,21c5b970e734ed79636df2f3882d4d85460c5efa40b88e59b9b9a3f34a25c0ff,E1,E1-GAP-+0025.0,202607221036,solved,1.0,0.9999996917872811,1.0,3.082127189024675e-07,False,False,False
CRR-STAGEII-CONFIRM-2026-07-22,21c5b970e734ed79636df2f3882d4d85460c5efa40b88e59b9b9a3f34a25c0ff,E1,E1-GAP-+0025.0,202607221037,solved,1.0,0.9999996917872656,1.0,3.0821273444558983e-07,False,False,False
CRR-STAGEII-CONFIRM-2026-07-22,21c5b970e734ed79636df2f3882d4d85460c5efa40b88e59b9b9a3f34a25c0ff,E1,E1-GAP-+0025.0,202607221038,solved,1.0,0.9999996917872889,1.0,3.082127111309063e-07,False,False,False
CRR-STAGEII-CONFIRM-2026-07-22,21c5b970e734ed79636df2f3882d4d85460c5efa40b88e59b9b9a3f34a25c0ff,E1,E1-GAP-+0025.0,202607221039,solved,1.0,0.9999996917872656,1.0,3.0821273444558983e-07,False,False,False
CRR-STAGEII-CONFIRM-2026-07-22,21c5b970e734ed79636df2f3882d4d85460c5efa40b88e59b9b9a3f34a25c0ff,E1,E1-GAP-+0025.0,202607221040,solved,1.0,0.9999996917872811,1.0,3.082127189024675e-07,False,False,False
CRR-STAGEII-CONFIRM-2026-07-22,21c5b970e734ed79636df2f3882d4d85460c5efa40b88e59b9b9a3f34a25c0ff,E1,E1-GAP-+0025.0,202607221041,solved,1.0,0.9999996917872656,1.0,3.0821273444558983e-07,False,False,False
CRR-STAGEII-CONFIRM-2026-07-22,21c5b970e734ed79636df2f3882d4d85460c5efa40b88e59b9b9a3f34a25c0ff,E1,E1-GAP-+0025.0,202607221042,solved,1.0,0.9999996917872779,1.0,3.0821272212211426e-07,False,False,False
CRR-STAGEII-CONFIRM-2026-07-22,21c5b970e734ed79636df2f3882d4d85460c5efa40b88e59b9b9a3f34a25c0ff,E1,E1-GAP-+0025.0,202607221043,solved,1.0,0.9999996917873043,1.0,3.0821269569880627e-07,False,False,False
CRR-STAGEII-CONFIRM-2026-07-22,21c5b970e734ed79636df2f3882d4d85460c5efa40b88e59b9b9a3f34a25c0ff,E1,E1-GAP-+0025.0,202607221044,solved,1.0,0.9999996917872889,1.0,3.082127111309063e-07,False,False,False
CRR-STAGEII-CONFIRM-2026-07-22,21c5b970e734ed79636df2f3882d4d85460c5efa40b88e59b9b9a3f34a25c0ff,E1,E1-GAP-+0025.0,202607221045,solved,1.0,0.9999996917872732,1.0,3.0821272678505096e-07,False,False,False
CRR-STAGEII-CONFIRM-2026-07-22,21c5b970e734ed79636df2f3882d4d85460c5efa40b88e59b9b9a3f34a25c0ff,E1,E1-GAP-+0025.0,202607221046,solved,1.0,0.9999996917872811,1.0,3.082127189024675e-07,False,False,False
CRR-STAGEII-CONFIRM-2026-07-22,21c5b970e734ed79636df2f3882d4d85460c5efa40b88e59b9b9a3f34a25c0ff,E1,E1-GAP-+0025.0,202607221047,solved,1.0,0.9999996917872742,1.0,3.0821272578585024e-07,False,False,False
CRR-STAGEII-CONFIRM-2026-07-22,21c5b970e734ed79636df2f3882d4d85460c5efa40b88e59b9b9a3f34a25c0ff,E1,E1-GAP-+0025.0,202607221048,solved,1.0,0.9999996917872732,1.0,3.0821272678505096e-07,False,False,False
CRR-STAGEII-CONFIRM-2026-07-22,21c5b970e734ed79636df2f3882d4d85460c5efa40b88e59b9b9a3f34a25c0ff,E1,E1-GAP-+0025.0,202607221049,solved,1.0,0.9999996917872732,1.0,3.0821272678505096e-07,False,False,False
CRR-STAGEII-CONFIRM-2026-07-22,21c5b970e734ed79636df2f3882d4d85460c5efa40b88e59b9b9a3f34a25c0ff,E1,E1-GAP-+0025.0,202607221050,solved,1.0,0.9999996917872732,1.0,3.0821272678505096e-07,False,False,False
CRR-STAGEII-CONFIRM-2026-07-22,21c5b970e734ed79636df2f3882d4d85460c5efa40b88e59b9b9a3f34a25c0ff,E1,E1-GAP-+0025.0,202607221051,solved,1.0,0.9999996917872811,1.0,3.082127189024675e-07,False,False,False
CRR-STAGEII-CONFIRM-2026-07-22,21c5b970e734ed79636df2f3882d4d85460c5efa40b88e59b9b9a3f34a25c0ff,E1,E1-GAP-+0025.0,202607221052,solved,1.0,0.9999996917872811,1.0,3.082127189024675e-07,False,False,False
CRR-STAGEII-CONFIRM-2026-07-22,21c5b970e734ed79636df2f3882d4d85460c5efa40b88e59b9b9a3f34a25c0ff,E1,E1-GAP-+0025.0,202607221053,solved,1.0,0.9999996917872773,1.0,3.0821272267722577e-07,False,False,False
CRR-STAGEII-CONFIRM-2026-07-22,21c5b970e734ed79636df2f3882d4d85460c5efa40b88e59b9b9a3f34a25c0ff,E1,E1-GAP-+0025.0,202607221054,solved,1.0,0.9999996917872656,1.0,3.0821273444558983e-07,False,False,False
CRR-STAGEII-CONFIRM-2026-07-22,21c5b970e734ed79636df2f3882d4d85460c5efa40b88e59b9b9a3f34a25c0ff,E1,E1-GAP-+0025.0,202607221055,solved,1.0,0.9999996917872811,1.0,3.082127189024675e-07,False,False,False
CRR-STAGEII-CONFIRM-2026-07-22,21c5b970e734ed79636df2f3882d4d85460c5efa40b88e59b9b9a3f34a25c0ff,E1,E1-GAP-+0025.0,202607221056,solved,1.0,0.9999996917872523,1.0,3.082127476572438e-07,False,False,False
CRR-STAGEII-CONFIRM-2026-07-22,21c5b970e734ed79636df2f3882d4d85460c5efa40b88e59b9b9a3f34a25c0ff,E1,E1-GAP-+0025.0,202607221057,solved,1.0,0.9999996917872656,1.0,3.0821273444558983e-07,False,False,False
CRR-STAGEII-CONFIRM-2026-07-22,21c5b970e734ed79636df2f3882d4d85460c5efa40b88e59b9b9a3f34a25c0ff,E1,E1-GAP-+0025.0,202607221058,solved,1.0,0.9999996917872732,1.0,3.0821272678505096e-07,False,False,False
CRR-STAGEII-CONFIRM-2026-07-22,21c5b970e734ed79636df2f3882d4d85460c5efa40b88e59b9b9a3f34a25c0ff,E1,E1-GAP-+0025.0,202607221059,solved,1.0,0.9999996917872811,1.0,3.082127189024675e-07,False,False,False
CRR-STAGEII-CONFIRM-2026-07-22,21c5b970e734ed79636df2f3882d4d85460c5efa40b88e59b9b9a3f34a25c0ff,E1,E1-GAP-+0025.0,202607221060,solved,1.0,0.9999996917872734,1.0,3.0821272656300636e-07,False,False,False
CRR-STAGEII-CONFIRM-2026-07-22,21c5b970e734ed79636df2f3882d4d85460c5efa40b88e59b9b9a3f34a25c0ff,E1,E1-GAP-+0025.0,202607221061,solved,1.0,0.9999996917872811,1.0,3.082127189024675e-07,False,False,False
CRR-STAGEII-CONFIRM-2026-07-22,21c5b970e734ed79636df2f3882d4d85460c5efa40b88e59b9b9a3f34a25c0ff,E1,E1-GAP-+0025.0,202607221062,solved,1.0,0.9999996917872811,1.0,3.082127189024675e-07,False,False,False
CRR-STAGEII-CONFIRM-2026-07-22,21c5b970e734ed79636df2f3882d4d85460c5efa40b88e59b9b9a3f34a25c0ff,E1,E1-GAP-+0025.0,202607221063,solved,1.0,0.9999996917872811,1.0,3.082127189024675e-07,False,False,False
CRR-STAGEII-CONFIRM-2026-07-22,21c5b970e734ed79636df2f3882d4d85460c5efa40b88e59b9b9a3f34a25c0ff,E1,E1-GAP-+0025.0,202607221064,solved,1.0,0.9999996917872904,1.0,3.082127095765941e-07,False,False,False
CRR-STAGEII-CONFIRM-2026-07-22,21c5b970e734ed79636df2f3882d4d85460c5efa40b88e59b9b9a3f34a25c0ff,E1,E1-GAP-+0100.0,202607221001,solved,1.0,0.999999915446816,1.0,8.455318400990564e-08,False,False,False
CRR-STAGEII-CONFIRM-2026-07-22,21c5b970e734ed79636df2f3882d4d85460c5efa40b88e59b9b9a3f34a25c0ff,E1,E1-GAP-+0100.0,202607221002,solved,1.0,0.9999999154468197,1.0,8.455318034616965e-08,False,False,False
CRR-STAGEII-CONFIRM-2026-07-22,21c5b970e734ed79636df2f3882d4d85460c5efa40b88e59b9b9a3f34a25c0ff,E1,E1-GAP-+0100.0,202607221003,solved,1.0,0.999999915446816,1.0,8.455318400990564e-08,False,False,False
CRR-STAGEII-CONFIRM-2026-07-22,21c5b970e734ed79636df2f3882d4d85460c5efa40b88e59b9b9a3f34a25c0ff,E1,E1-GAP-+0100.0,202607221004,solved,1.0,0.9999999154468178,1.0,8.45531822335488e-08,False,False,False
CRR-STAGEII-CONFIRM-2026-07-22,21c5b970e734ed79636df2f3882d4d85460c5efa40b88e59b9b9a3f34a25c0ff,E1,E1-GAP-+0100.0,202607221005,solved,1.0,0.9999999154468178,1.0,8.45531822335488e-08,False,False,False
CRR-STAGEII-CONFIRM-2026-07-22,21c5b970e734ed79636df2f3882d4d85460c5efa40b88e59b9b9a3f34a25c0ff,E1,E1-GAP-+0100.0,202607221006,solved,1.0,0.9999999154468199,1.0,8.455318012412505e-08,False,False,False
CRR-STAGEII-CONFIRM-2026-07-22,21c5b970e734ed79636df2f3882d4d85460c5efa40b88e59b9b9a3f34a25c0ff,E1,E1-GAP-+0100.0,202607221007,solved,1.0,0.9999999154468188,1.0,8.455318123434807e-08,False,False,False
CRR-STAGEII-CONFIRM-2026-07-22,21c5b970e734ed79636df2f3882d4d85460c5efa40b88e59b9b9a3f34a25c0ff,E1,E1-GAP-+0100.0,202607221008,solved,1.0,0.9999999154468199,1.0,8.455318012412505e-08,False,False,False
CRR-STAGEII-CONFIRM-2026-07-22,21c5b970e734ed79636df2f3882d4d85460c5efa40b88e59b9b9a3f34a25c0ff,E1,E1-GAP-+0100.0,202607221009,solved,1.0,0.9999999154468178,1.0,8.45531822335488e-08,False,False,False
CRR-STAGEII-CONFIRM-2026-07-22,21c5b970e734ed79636df2f3882d4d85460c5efa40b88e59b9b9a3f34a25c0ff,E1,E1-GAP-+0100.0,202607221010,solved,1.0,0.9999999154468219,1.0,8.45531781257236e-08,False,False,False
CRR-STAGEII-CONFIRM-2026-07-22,21c5b970e734ed79636df2f3882d4d85460c5efa40b88e59b9b9a3f34a25c0ff,E1,E1-GAP-+0100.0,202607221011,solved,1.0,0.9999999154468201,1.0,8.455317990208044e-08,False,False,False
CRR-STAGEII-CONFIRM-2026-07-22,21c5b970e734ed79636df2f3882d4d85460c5efa40b88e59b9b9a3f34a25c0ff,E1,E1-GAP-+0100.0,202607221012,solved,1.0,0.9999999154468237,1.0,8.455317634936677e-08,False,False,False
CRR-STAGEII-CONFIRM-2026-07-22,21c5b970e734ed79636df2f3882d4d85460c5efa40b88e59b9b9a3f34a25c0ff,E1,E1-GAP-+0100.0,202607221013,solved,1.0,0.9999999154468201,1.0,8.455317990208044e-08,False,False,False
CRR-STAGEII-CONFIRM-2026-07-22,21c5b970e734ed79636df2f3882d4d85460c5efa40b88e59b9b9a3f34a25c0ff,E1,E1-GAP-+0100.0,202607221014,solved,1.0,0.9999999154468199,1.0,8.455318012412505e-08,False,False,False
CRR-STAGEII-CONFIRM-2026-07-22,21c5b970e734ed79636df2f3882d4d85460c5efa40b88e59b9b9a3f34a25c0ff,E1,E1-GAP-+0100.0,202607221015,solved,1.0,0.9999999154468237,1.0,8.455317634936677e-08,False,False,False
CRR-STAGEII-CONFIRM-2026-07-22,21c5b970e734ed79636df2f3882d4d85460c5efa40b88e59b9b9a3f34a25c0ff,E1,E1-GAP-+0100.0,202607221016,solved,1.0,0.9999999154468178,1.0,8.45531822335488e-08,False,False,False
CRR-STAGEII-CONFIRM-2026-07-22,21c5b970e734ed79636df2f3882d4d85460c5efa40b88e59b9b9a3f34a25c0ff,E1,E1-GAP-+0100.0,202607221017,solved,1.0,0.9999999154468197,1.0,8.455318034616965e-08,False,False,False
CRR-STAGEII-CONFIRM-2026-07-22,21c5b970e734ed79636df2f3882d4d85460c5efa40b88e59b9b9a3f34a25c0ff,E1,E1-GAP-+0100.0,202607221018,solved,1.0,0.9999999154468201,1.0,8.455317990208044e-08,False,False,False
CRR-STAGEII-CONFIRM-2026-07-22,21c5b970e734ed79636df2f3882d4d85460c5efa40b88e59b9b9a3f34a25c0ff,E1,E1-GAP-+0100.0,202607221019,solved,1.0,0.9999999154468219,1.0,8.45531781257236e-08,False,False,False
CRR-STAGEII-CONFIRM-2026-07-22,21c5b970e734ed79636df2f3882d4d85460c5efa40b88e59b9b9a3f34a25c0ff,E1,E1-GAP-+0100.0,202607221020,solved,1.0,0.9999999154468201,1.0,8.455317990208044e-08,False,False,False
CRR-STAGEII-CONFIRM-2026-07-22,21c5b970e734ed79636df2f3882d4d85460c5efa40b88e59b9b9a3f34a25c0ff,E1,E1-GAP-+0100.0,202607221021,solved,1.0,0.9999999154468201,1.0,8.455317990208044e-08,False,False,False
CRR-STAGEII-CONFIRM-2026-07-22,21c5b970e734ed79636df2f3882d4d85460c5efa40b88e59b9b9a3f34a25c0ff,E1,E1-GAP-+0100.0,202607221022,solved,1.0,0.9999999154468219,1.0,8.45531781257236e-08,False,False,False
CRR-STAGEII-CONFIRM-2026-07-22,21c5b970e734ed79636df2f3882d4d85460c5efa40b88e59b9b9a3f34a25c0ff,E1,E1-GAP-+0100.0,202607221023,solved,1.0,0.9999999154468219,1.0,8.45531781257236e-08,False,False,False
CRR-STAGEII-CONFIRM-2026-07-22,21c5b970e734ed79636df2f3882d4d85460c5efa40b88e59b9b9a3f34a25c0ff,E1,E1-GAP-+0100.0,202607221024,solved,1.0,0.9999999154468199,1.0,8.455318012412505e-08,False,False,False
CRR-STAGEII-CONFIRM-2026-07-22,21c5b970e734ed79636df2f3882d4d85460c5efa40b88e59b9b9a3f34a25c0ff,E1,E1-GAP-+0100.0,202607221025,solved,1.0,0.9999999154468178,1.0,8.45531822335488e-08,False,False,False
CRR-STAGEII-CONFIRM-2026-07-22,21c5b970e734ed79636df2f3882d4d85460c5efa40b88e59b9b9a3f34a25c0ff,E1,E1-GAP-+0100.0,202607221026,solved,1.0,0.9999999154468199,1.0,8.455318012412505e-08,False,False,False
CRR-STAGEII-CONFIRM-2026-07-22,21c5b970e734ed79636df2f3882d4d85460c5efa40b88e59b9b9a3f34a25c0ff,E1,E1-GAP-+0100.0,202607221027,solved,1.0,0.9999999154468199,1.0,8.455318012412505e-08,False,False,False
CRR-STAGEII-CONFIRM-2026-07-22,21c5b970e734ed79636df2f3882d4d85460c5efa40b88e59b9b9a3f34a25c0ff,E1,E1-GAP-+0100.0,202607221028,solved,1.0,0.9999999154468237,1.0,8.455317634936677e-08,False,False,False
CRR-STAGEII-CONFIRM-2026-07-22,21c5b970e734ed79636df2f3882d4d85460c5efa40b88e59b9b9a3f34a25c0ff,E1,E1-GAP-+0100.0,202607221029,solved,1.0,0.9999999154468237,1.0,8.455317634936677e-08,False,False,False
CRR-STAGEII-CONFIRM-2026-07-22,21c5b970e734ed79636df2f3882d4d85460c5efa40b88e59b9b9a3f34a25c0ff,E1,E1-GAP-+0100.0,202607221030,solved,1.0,0.9999999154468178,1.0,8.45531822335488e-08,False,False,False
CRR-STAGEII-CONFIRM-2026-07-22,21c5b970e734ed79636df2f3882d4d85460c5efa40b88e59b9b9a3f34a25c0ff,E1,E1-GAP-+0100.0,202607221031,solved,1.0,0.9999999154468219,1.0,8.45531781257236e-08,False,False,False
CRR-STAGEII-CONFIRM-2026-07-22,21c5b970e734ed79636df2f3882d4d85460c5efa40b88e59b9b9a3f34a25c0ff,E1,E1-GAP-+0100.0,202607221032,solved,1.0,0.9999999154468199,1.0,8.455318012412505e-08,False,False,False
CRR-STAGEII-CONFIRM-2026-07-22,21c5b970e734ed79636df2f3882d4d85460c5efa40b88e59b9b9a3f34a25c0ff,E1,E1-GAP-+0100.0,202607221033,solved,1.0,0.9999999154468205,1.0,8.455317945799123e-08,False,False,False
CRR-STAGEII-CONFIRM-2026-07-22,21c5b970e734ed79636df2f3882d4d85460c5efa40b88e59b9b9a3f34a25c0ff,E1,E1-GAP-+0100.0,202607221034,solved,1.0,0.9999999154468219,1.0,8.45531781257236e-08,False,False,False
CRR-STAGEII-CONFIRM-2026-07-22,21c5b970e734ed79636df2f3882d4d85460c5efa40b88e59b9b9a3f34a25c0ff,E1,E1-GAP-+0100.0,202607221035,solved,1.0,0.9999999154468219,1.0,8.45531781257236e-08,False,False,False
CRR-STAGEII-CONFIRM-2026-07-22,21c5b970e734ed79636df2f3882d4d85460c5efa40b88e59b9b9a3f34a25c0ff,E1,E1-GAP-+0100.0,202607221036,solved,1.0,0.9999999154468178,1.0,8.45531822335488e-08,False,False,False
CRR-STAGEII-CONFIRM-2026-07-22,21c5b970e734ed79636df2f3882d4d85460c5efa40b88e59b9b9a3f34a25c0ff,E1,E1-GAP-+0100.0,202607221037,solved,1.0,0.999999915446816,1.0,8.455318400990564e-08,False,False,False
CRR-STAGEII-CONFIRM-2026-07-22,21c5b970e734ed79636df2f3882d4d85460c5efa40b88e59b9b9a3f34a25c0ff,E1,E1-GAP-+0100.0,202607221038,solved,1.0,0.9999999154468201,1.0,8.455317990208044e-08,False,False,False
CRR-STAGEII-CONFIRM-2026-07-22,21c5b970e734ed79636df2f3882d4d85460c5efa40b88e59b9b9a3f34a25c0ff,E1,E1-GAP-+0100.0,202607221039,solved,1.0,0.9999999154468178,1.0,8.45531822335488e-08,False,False,False
CRR-STAGEII-CONFIRM-2026-07-22,21c5b970e734ed79636df2f3882d4d85460c5efa40b88e59b9b9a3f34a25c0ff,E1,E1-GAP-+0100.0,202607221040,solved,1.0,0.9999999154468237,1.0,8.455317634936677e-08,False,False,False
CRR-STAGEII-CONFIRM-2026-07-22,21c5b970e734ed79636df2f3882d4d85460c5efa40b88e59b9b9a3f34a25c0ff,E1,E1-GAP-+0100.0,202607221041,solved,1.0,0.9999999154468178,1.0,8.45531822335488e-08,False,False,False
CRR-STAGEII-CONFIRM-2026-07-22,21c5b970e734ed79636df2f3882d4d85460c5efa40b88e59b9b9a3f34a25c0ff,E1,E1-GAP-+0100.0,202607221042,solved,1.0,0.9999999154468197,1.0,8.455318034616965e-08,False,False,False
CRR-STAGEII-CONFIRM-2026-07-22,21c5b970e734ed79636df2f3882d4d85460c5efa40b88e59b9b9a3f34a25c0ff,E1,E1-GAP-+0100.0,202607221043,solved,1.0,0.9999999154468219,1.0,8.45531781257236e-08,False,False,False
CRR-STAGEII-CONFIRM-2026-07-22,21c5b970e734ed79636df2f3882d4d85460c5efa40b88e59b9b9a3f34a25c0ff,E1,E1-GAP-+0100.0,202607221044,solved,1.0,0.999999915446816,1.0,8.455318400990564e-08,False,False,False
CRR-STAGEII-CONFIRM-2026-07-22,21c5b970e734ed79636df2f3882d4d85460c5efa40b88e59b9b9a3f34a25c0ff,E1,E1-GAP-+0100.0,202607221045,solved,1.0,0.9999999154468199,1.0,8.455318012412505e-08,False,False,False
CRR-STAGEII-CONFIRM-2026-07-22,21c5b970e734ed79636df2f3882d4d85460c5efa40b88e59b9b9a3f34a25c0ff,E1,E1-GAP-+0100.0,202607221046,solved,1.0,0.9999999154468237,1.0,8.455317634936677e-08,False,False,False
CRR-STAGEII-CONFIRM-2026-07-22,21c5b970e734ed79636df2f3882d4d85460c5efa40b88e59b9b9a3f34a25c0ff,E1,E1-GAP-+0100.0,202607221047,solved,1.0,0.9999999154468184,1.0,8.455318156741498e-08,False,False,False
CRR-STAGEII-CONFIRM-2026-07-22,21c5b970e734ed79636df2f3882d4d85460c5efa40b88e59b9b9a3f34a25c0ff,E1,E1-GAP-+0100.0,202607221048,solved,1.0,0.9999999154468214,1.0,8.455317856981281e-08,False,False,False
CRR-STAGEII-CONFIRM-2026-07-22,21c5b970e734ed79636df2f3882d4d85460c5efa40b88e59b9b9a3f34a25c0ff,E1,E1-GAP-+0100.0,202607221049,solved,1.0,0.999999915446816,1.0,8.455318400990564e-08,False,False,False
CRR-STAGEII-CONFIRM-2026-07-22,21c5b970e734ed79636df2f3882d4d85460c5efa40b88e59b9b9a3f34a25c0ff,E1,E1-GAP-+0100.0,202607221050,solved,1.0,0.9999999154468178,1.0,8.45531822335488e-08,False,False,False
CRR-STAGEII-CONFIRM-2026-07-22,21c5b970e734ed79636df2f3882d4d85460c5efa40b88e59b9b9a3f34a25c0ff,E1,E1-GAP-+0100.0,202607221051,solved,1.0,0.9999999154468201,1.0,8.455317990208044e-08,False,False,False
CRR-STAGEII-CONFIRM-2026-07-22,21c5b970e734ed79636df2f3882d4d85460c5efa40b88e59b9b9a3f34a25c0ff,E1,E1-GAP-+0100.0,202607221052,solved,1.0,0.9999999154468178,1.0,8.45531822335488e-08,False,False,False
CRR-STAGEII-CONFIRM-2026-07-22,21c5b970e734ed79636df2f3882d4d85460c5efa40b88e59b9b9a3f34a25c0ff,E1,E1-GAP-+0100.0,202607221053,solved,1.0,0.9999999154468182,1.0,8.455318178945959e-08,False,False,False
CRR-STAGEII-CONFIRM-2026-07-22,21c5b970e734ed79636df2f3882d4d85460c5efa40b88e59b9b9a3f34a25c0ff,E1,E1-GAP-+0100.0,202607221054,solved,1.0,0.999999915446816,1.0,8.455318400990564e-08,False,False,False
CRR-STAGEII-CONFIRM-2026-07-22,21c5b970e734ed79636df2f3882d4d85460c5efa40b88e59b9b9a3f34a25c0ff,E1,E1-GAP-+0100.0,202607221055,solved,1.0,0.9999999154468219,1.0,8.45531781257236e-08,False,False,False
CRR-STAGEII-CONFIRM-2026-07-22,21c5b970e734ed79636df2f3882d4d85460c5efa40b88e59b9b9a3f34a25c0ff,E1,E1-GAP-+0100.0,202607221056,solved,1.0,0.9999999154468182,1.0,8.455318178945959e-08,False,False,False
CRR-STAGEII-CONFIRM-2026-07-22,21c5b970e734ed79636df2f3882d4d85460c5efa40b88e59b9b9a3f34a25c0ff,E1,E1-GAP-+0100.0,202607221057,solved,1.0,0.9999999154468178,1.0,8.45531822335488e-08,False,False,False
CRR-STAGEII-CONFIRM-2026-07-22,21c5b970e734ed79636df2f3882d4d85460c5efa40b88e59b9b9a3f34a25c0ff,E1,E1-GAP-+0100.0,202607221058,solved,1.0,0.9999999154468219,1.0,8.45531781257236e-08,False,False,False
CRR-STAGEII-CONFIRM-2026-07-22,21c5b970e734ed79636df2f3882d4d85460c5efa40b88e59b9b9a3f34a25c0ff,E1,E1-GAP-+0100.0,202607221059,solved,1.0,0.9999999154468237,1.0,8.455317634936677e-08,False,False,False
CRR-STAGEII-CONFIRM-2026-07-22,21c5b970e734ed79636df2f3882d4d85460c5efa40b88e59b9b9a3f34a25c0ff,E1,E1-GAP-+0100.0,202607221060,solved,1.0,0.9999999154468178,1.0,8.45531822335488e-08,False,False,False
CRR-STAGEII-CONFIRM-2026-07-22,21c5b970e734ed79636df2f3882d4d85460c5efa40b88e59b9b9a3f34a25c0ff,E1,E1-GAP-+0100.0,202607221061,solved,1.0,0.9999999154468199,1.0,8.455318012412505e-08,False,False,False
CRR-STAGEII-CONFIRM-2026-07-22,21c5b970e734ed79636df2f3882d4d85460c5efa40b88e59b9b9a3f34a25c0ff,E1,E1-GAP-+0100.0,202607221062,solved,1.0,0.9999999154468199,1.0,8.455318012412505e-08,False,False,False
CRR-STAGEII-CONFIRM-2026-07-22,21c5b970e734ed79636df2f3882d4d85460c5efa40b88e59b9b9a3f34a25c0ff,E1,E1-GAP-+0100.0,202607221063,solved,1.0,0.9999999154468219,1.0,8.45531781257236e-08,False,False,False
CRR-STAGEII-CONFIRM-2026-07-22,21c5b970e734ed79636df2f3882d4d85460c5efa40b88e59b9b9a3f34a25c0ff,E1,E1-GAP-+0100.0,202607221064,solved,1.0,0.9999999154468181,1.0,8.455318190048189e-08,False,False,False
CRR-STAGEII-CONFIRM-2026-07-22,21c5b970e734ed79636df2f3882d4d85460c5efa40b88e59b9b9a3f34a25c0ff,E1,E1-GAP--0025.0,202607221001,solved,-1.0,-1.0,-0.9999996917872732,3.0821272678505096e-07,True,True,True
CRR-STAGEII-CONFIRM-2026-07-22,21c5b970e734ed79636df2f3882d4d85460c5efa40b88e59b9b9a3f34a25c0ff,E1,E1-GAP--0025.0,202607221002,solved,-1.0,-1.0,-0.9999996917872656,3.0821273444558983e-07,True,True,True
CRR-STAGEII-CONFIRM-2026-07-22,21c5b970e734ed79636df2f3882d4d85460c5efa40b88e59b9b9a3f34a25c0ff,E1,E1-GAP--0025.0,202607221003,solved,-1.0,-1.0,-0.9999996917872581,3.082127418840841e-07,True,True,True
CRR-STAGEII-CONFIRM-2026-07-22,21c5b970e734ed79636df2f3882d4d85460c5efa40b88e59b9b9a3f34a25c0ff,E1,E1-GAP--0025.0,202607221004,solved,-1.0,-1.0,-0.9999996917872732,3.0821272678505096e-07,True,True,True
CRR-STAGEII-CONFIRM-2026-07-22,21c5b970e734ed79636df2f3882d4d85460c5efa40b88e59b9b9a3f34a25c0ff,E1,E1-GAP--0025.0,202607221005,solved,-1.0,-1.0,-0.9999996917872811,3.082127189024675e-07,True,True,True
CRR-STAGEII-CONFIRM-2026-07-22,21c5b970e734ed79636df2f3882d4d85460c5efa40b88e59b9b9a3f34a25c0ff,E1,E1-GAP--0025.0,202607221006,solved,-1.0,-1.0,-0.9999996917872889,3.082127111309063e-07,True,True,True
CRR-STAGEII-CONFIRM-2026-07-22,21c5b970e734ed79636df2f3882d4d85460c5efa40b88e59b9b9a3f34a25c0ff,E1,E1-GAP--0025.0,202607221007,solved,-1.0,-1.0,-0.9999996917872811,3.082127189024675e-07,True,True,True
CRR-STAGEII-CONFIRM-2026-07-22,21c5b970e734ed79636df2f3882d4d85460c5efa40b88e59b9b9a3f34a25c0ff,E1,E1-GAP--0025.0,202607221008,solved,-1.0,-1.0,-0.9999996917872811,3.082127189024675e-07,True,True,True
CRR-STAGEII-CONFIRM-2026-07-22,21c5b970e734ed79636df2f3882d4d85460c5efa40b88e59b9b9a3f34a25c0ff,E1,E1-GAP--0025.0,202607221009,solved,-1.0,-1.0,-0.9999996917872734,3.0821272656300636e-07,True,True,True
CRR-STAGEII-CONFIRM-2026-07-22,21c5b970e734ed79636df2f3882d4d85460c5efa40b88e59b9b9a3f34a25c0ff,E1,E1-GAP--0025.0,202607221010,solved,-1.0,-1.0,-0.9999996917872889,3.082127111309063e-07,True,True,True
CRR-STAGEII-CONFIRM-2026-07-22,21c5b970e734ed79636df2f3882d4d85460c5efa40b88e59b9b9a3f34a25c0ff,E1,E1-GAP--0025.0,202607221011,solved,-1.0,-1.0,-0.9999996917872811,3.082127189024675e-07,True,True,True
CRR-STAGEII-CONFIRM-2026-07-22,21c5b970e734ed79636df2f3882d4d85460c5efa40b88e59b9b9a3f34a25c0ff,E1,E1-GAP--0025.0,202607221012,solved,-1.0,-1.0,-0.9999996917872811,3.082127189024675e-07,True,True,True
CRR-STAGEII-CONFIRM-2026-07-22,21c5b970e734ed79636df2f3882d4d85460c5efa40b88e59b9b9a3f34a25c0ff,E1,E1-GAP--0025.0,202607221013,solved,-1.0,-1.0,-0.9999996917872811,3.082127189024675e-07,True,True,True
CRR-STAGEII-CONFIRM-2026-07-22,21c5b970e734ed79636df2f3882d4d85460c5efa40b88e59b9b9a3f34a25c0ff,E1,E1-GAP--0025.0,202607221014,solved,-1.0,-1.0,-0.9999996917872734,3.0821272656300636e-07,True,True,True
CRR-STAGEII-CONFIRM-2026-07-22,21c5b970e734ed79636df2f3882d4d85460c5efa40b88e59b9b9a3f34a25c0ff,E1,E1-GAP--0025.0,202607221015,solved,-1.0,-1.0,-0.9999996917872889,3.082127111309063e-07,True,True,True
CRR-STAGEII-CONFIRM-2026-07-22,21c5b970e734ed79636df2f3882d4d85460c5efa40b88e59b9b9a3f34a25c0ff,E1,E1-GAP--0025.0,202607221016,solved,-1.0,-1.0,-0.9999996917872811,3.082127189024675e-07,True,True,True
CRR-STAGEII-CONFIRM-2026-07-22,21c5b970e734ed79636df2f3882d4d85460c5efa40b88e59b9b9a3f34a25c0ff,E1,E1-GAP--0025.0,202607221017,solved,-1.0,-1.0,-0.9999996917872656,3.0821273444558983e-07,True,True,True
CRR-STAGEII-CONFIRM-2026-07-22,21c5b970e734ed79636df2f3882d4d85460c5efa40b88e59b9b9a3f34a25c0ff,E1,E1-GAP--0025.0,202607221018,solved,-1.0,-1.0,-0.9999996917872779,3.0821272212211426e-07,True,True,True
CRR-STAGEII-CONFIRM-2026-07-22,21c5b970e734ed79636df2f3882d4d85460c5efa40b88e59b9b9a3f34a25c0ff,E1,E1-GAP--0025.0,202607221019,solved,-1.0,-1.0,-0.9999996917872732,3.0821272678505096e-07,True,True,True
CRR-STAGEII-CONFIRM-2026-07-22,21c5b970e734ed79636df2f3882d4d85460c5efa40b88e59b9b9a3f34a25c0ff,E1,E1-GAP--0025.0,202607221020,solved,-1.0,-1.0,-0.9999996917872811,3.082127189024675e-07,True,True,True
CRR-STAGEII-CONFIRM-2026-07-22,21c5b970e734ed79636df2f3882d4d85460c5efa40b88e59b9b9a3f34a25c0ff,E1,E1-GAP--0025.0,202607221021,solved,-1.0,-1.0,-0.9999996917872811,3.082127189024675e-07,True,True,True
CRR-STAGEII-CONFIRM-2026-07-22,21c5b970e734ed79636df2f3882d4d85460c5efa40b88e59b9b9a3f34a25c0ff,E1,E1-GAP--0025.0,202607221022,solved,-1.0,-1.0,-0.9999996917872811,3.082127189024675e-07,True,True,True
CRR-STAGEII-CONFIRM-2026-07-22,21c5b970e734ed79636df2f3882d4d85460c5efa40b88e59b9b9a3f34a25c0ff,E1,E1-GAP--0025.0,202607221023,solved,-1.0,-1.0,-0.9999996917872732,3.0821272678505096e-07,True,True,True
CRR-STAGEII-CONFIRM-2026-07-22,21c5b970e734ed79636df2f3882d4d85460c5efa40b88e59b9b9a3f34a25c0ff,E1,E1-GAP--0025.0,202607221024,solved,-1.0,-1.0,-0.9999996917872798,3.082127202347351e-07,True,True,True
CRR-STAGEII-CONFIRM-2026-07-22,21c5b970e734ed79636df2f3882d4d85460c5efa40b88e59b9b9a3f34a25c0ff,E1,E1-GAP--0025.0,202607221025,solved,-1.0,-1.0,-0.9999996917872656,3.0821273444558983e-07,True,True,True
CRR-STAGEII-CONFIRM-2026-07-22,21c5b970e734ed79636df2f3882d4d85460c5efa40b88e59b9b9a3f34a25c0ff,E1,E1-GAP--0025.0,202607221026,solved,-1.0,-1.0,-0.9999996917872811,3.082127189024675e-07,True,True,True
CRR-STAGEII-CONFIRM-2026-07-22,21c5b970e734ed79636df2f3882d4d85460c5efa40b88e59b9b9a3f34a25c0ff,E1,E1-GAP--0025.0,202607221027,solved,-1.0,-1.0,-0.9999996917872656,3.0821273444558983e-07,True,True,True
CRR-STAGEII-CONFIRM-2026-07-22,21c5b970e734ed79636df2f3882d4d85460c5efa40b88e59b9b9a3f34a25c0ff,E1,E1-GAP--0025.0,202607221028,solved,-1.0,-1.0,-0.9999996917872889,3.082127111309063e-07,True,True,True
CRR-STAGEII-CONFIRM-2026-07-22,21c5b970e734ed79636df2f3882d4d85460c5efa40b88e59b9b9a3f34a25c0ff,E1,E1-GAP--0025.0,202607221029,solved,-1.0,-1.0,-0.9999996917872889,3.082127111309063e-07,True,True,True
CRR-STAGEII-CONFIRM-2026-07-22,21c5b970e734ed79636df2f3882d4d85460c5efa40b88e59b9b9a3f34a25c0ff,E1,E1-GAP--0025.0,202607221030,solved,-1.0,-1.0,-0.9999996917872811,3.082127189024675e-07,True,True,True
CRR-STAGEII-CONFIRM-2026-07-22,21c5b970e734ed79636df2f3882d4d85460c5efa40b88e59b9b9a3f34a25c0ff,E1,E1-GAP--0025.0,202607221031,solved,-1.0,-1.0,-0.9999996917872889,3.082127111309063e-07,True,True,True
CRR-STAGEII-CONFIRM-2026-07-22,21c5b970e734ed79636df2f3882d4d85460c5efa40b88e59b9b9a3f34a25c0ff,E1,E1-GAP--0025.0,202607221032,solved,-1.0,-1.0,-0.9999996917872581,3.082127418840841e-07,True,True,True
CRR-STAGEII-CONFIRM-2026-07-22,21c5b970e734ed79636df2f3882d4d85460c5efa40b88e59b9b9a3f34a25c0ff,E1,E1-GAP--0025.0,202607221033,solved,-1.0,-1.0,-0.9999996917872889,3.082127111309063e-07,True,True,True
CRR-STAGEII-CONFIRM-2026-07-22,21c5b970e734ed79636df2f3882d4d85460c5efa40b88e59b9b9a3f34a25c0ff,E1,E1-GAP--0025.0,202607221034,solved,-1.0,-1.0,-0.9999996917873043,3.0821269569880627e-07,True,True,True
CRR-STAGEII-CONFIRM-2026-07-22,21c5b970e734ed79636df2f3882d4d85460c5efa40b88e59b9b9a3f34a25c0ff,E1,E1-GAP--0025.0,202607221035,solved,-1.0,-1.0,-0.9999996917872889,3.082127111309063e-07,True,True,True
CRR-STAGEII-CONFIRM-2026-07-22,21c5b970e734ed79636df2f3882d4d85460c5efa40b88e59b9b9a3f34a25c0ff,E1,E1-GAP--0025.0,202607221036,solved,-1.0,-1.0,-0.9999996917872811,3.082127189024675e-07,True,True,True
CRR-STAGEII-CONFIRM-2026-07-22,21c5b970e734ed79636df2f3882d4d85460c5efa40b88e59b9b9a3f34a25c0ff,E1,E1-GAP--0025.0,202607221037,solved,-1.0,-1.0,-0.9999996917872811,3.082127189024675e-07,True,True,True
CRR-STAGEII-CONFIRM-2026-07-22,21c5b970e734ed79636df2f3882d4d85460c5efa40b88e59b9b9a3f34a25c0ff,E1,E1-GAP--0025.0,202607221038,solved,-1.0,-1.0,-0.9999996917872811,3.082127189024675e-07,True,True,True
CRR-STAGEII-CONFIRM-2026-07-22,21c5b970e734ed79636df2f3882d4d85460c5efa40b88e59b9b9a3f34a25c0ff,E1,E1-GAP--0025.0,202607221039,solved,-1.0,-1.0,-0.9999996917872581,3.082127418840841e-07,True,True,True
CRR-STAGEII-CONFIRM-2026-07-22,21c5b970e734ed79636df2f3882d4d85460c5efa40b88e59b9b9a3f34a25c0ff,E1,E1-GAP--0025.0,202607221040,solved,-1.0,-1.0,-0.9999996917872811,3.082127189024675e-07,True,True,True
CRR-STAGEII-CONFIRM-2026-07-22,21c5b970e734ed79636df2f3882d4d85460c5efa40b88e59b9b9a3f34a25c0ff,E1,E1-GAP--0025.0,202607221041,solved,-1.0,-1.0,-0.9999996917872811,3.082127189024675e-07,True,True,True
CRR-STAGEII-CONFIRM-2026-07-22,21c5b970e734ed79636df2f3882d4d85460c5efa40b88e59b9b9a3f34a25c0ff,E1,E1-GAP--0025.0,202607221042,solved,-1.0,-1.0,-0.9999996917872843,3.082127156828207e-07,True,True,True
CRR-STAGEII-CONFIRM-2026-07-22,21c5b970e734ed79636df2f3882d4d85460c5efa40b88e59b9b9a3f34a25c0ff,E1,E1-GAP--0025.0,202607221043,solved,-1.0,-1.0,-0.9999996917872811,3.082127189024675e-07,True,True,True
CRR-STAGEII-CONFIRM-2026-07-22,21c5b970e734ed79636df2f3882d4d85460c5efa40b88e59b9b9a3f34a25c0ff,E1,E1-GAP--0025.0,202607221044,solved,-1.0,-1.0,-0.9999996917872656,3.0821273444558983e-07,True,True,True
CRR-STAGEII-CONFIRM-2026-07-22,21c5b970e734ed79636df2f3882d4d85460c5efa40b88e59b9b9a3f34a25c0ff,E1,E1-GAP--0025.0,202607221045,solved,-1.0,-1.0,-0.9999996917872811,3.082127189024675e-07,True,True,True
CRR-STAGEII-CONFIRM-2026-07-22,21c5b970e734ed79636df2f3882d4d85460c5efa40b88e59b9b9a3f34a25c0ff,E1,E1-GAP--0025.0,202607221046,solved,-1.0,-1.0,-0.9999996917872889,3.082127111309063e-07,True,True,True
CRR-STAGEII-CONFIRM-2026-07-22,21c5b970e734ed79636df2f3882d4d85460c5efa40b88e59b9b9a3f34a25c0ff,E1,E1-GAP--0025.0,202607221047,solved,-1.0,-1.0,-0.9999996917872798,3.082127202347351e-07,True,True,True
CRR-STAGEII-CONFIRM-2026-07-22,21c5b970e734ed79636df2f3882d4d85460c5efa40b88e59b9b9a3f34a25c0ff,E1,E1-GAP--0025.0,202607221048,solved,-1.0,-1.0,-0.9999996917872811,3.082127189024675e-07,True,True,True
CRR-STAGEII-CONFIRM-2026-07-22,21c5b970e734ed79636df2f3882d4d85460c5efa40b88e59b9b9a3f34a25c0ff,E1,E1-GAP--0025.0,202607221049,solved,-1.0,-1.0,-0.9999996917872732,3.0821272678505096e-07,True,True,True
CRR-STAGEII-CONFIRM-2026-07-22,21c5b970e734ed79636df2f3882d4d85460c5efa40b88e59b9b9a3f34a25c0ff,E1,E1-GAP--0025.0,202607221050,solved,-1.0,-1.0,-0.9999996917872734,3.0821272656300636e-07,True,True,True
CRR-STAGEII-CONFIRM-2026-07-22,21c5b970e734ed79636df2f3882d4d85460c5efa40b88e59b9b9a3f34a25c0ff,E1,E1-GAP--0025.0,202607221051,solved,-1.0,-1.0,-0.9999996917872889,3.082127111309063e-07,True,True,True
CRR-STAGEII-CONFIRM-2026-07-22,21c5b970e734ed79636df2f3882d4d85460c5efa40b88e59b9b9a3f34a25c0ff,E1,E1-GAP--0025.0,202607221052,solved,-1.0,-1.0,-0.9999996917872811,3.082127189024675e-07,True,True,True
CRR-STAGEII-CONFIRM-2026-07-22,21c5b970e734ed79636df2f3882d4d85460c5efa40b88e59b9b9a3f34a25c0ff,E1,E1-GAP--0025.0,202607221053,solved,-1.0,-1.0,-0.9999996917872889,3.082127111309063e-07,True,True,True
CRR-STAGEII-CONFIRM-2026-07-22,21c5b970e734ed79636df2f3882d4d85460c5efa40b88e59b9b9a3f34a25c0ff,E1,E1-GAP--0025.0,202607221054,solved,-1.0,-1.0,-0.9999996917872656,3.0821273444558983e-07,True,True,True
CRR-STAGEII-CONFIRM-2026-07-22,21c5b970e734ed79636df2f3882d4d85460c5efa40b88e59b9b9a3f34a25c0ff,E1,E1-GAP--0025.0,202607221055,solved,-1.0,-1.0,-0.9999996917872889,3.082127111309063e-07,True,True,True
CRR-STAGEII-CONFIRM-2026-07-22,21c5b970e734ed79636df2f3882d4d85460c5efa40b88e59b9b9a3f34a25c0ff,E1,E1-GAP--0025.0,202607221056,solved,-1.0,-1.0,-0.9999996917872732,3.0821272678505096e-07,True,True,True
CRR-STAGEII-CONFIRM-2026-07-22,21c5b970e734ed79636df2f3882d4d85460c5efa40b88e59b9b9a3f34a25c0ff,E1,E1-GAP--0025.0,202607221057,solved,-1.0,-1.0,-0.9999996917872732,3.0821272678505096e-07,True,True,True
CRR-STAGEII-CONFIRM-2026-07-22,21c5b970e734ed79636df2f3882d4d85460c5efa40b88e59b9b9a3f34a25c0ff,E1,E1-GAP--0025.0,202607221058,solved,-1.0,-1.0,-0.9999996917872889,3.082127111309063e-07,True,True,True
CRR-STAGEII-CONFIRM-2026-07-22,21c5b970e734ed79636df2f3882d4d85460c5efa40b88e59b9b9a3f34a25c0ff,E1,E1-GAP--0025.0,202607221059,solved,-1.0,-1.0,-0.999999691787274,3.0821272600789484e-07,True,True,True
CRR-STAGEII-CONFIRM-2026-07-22,21c5b970e734ed79636df2f3882d4d85460c5efa40b88e59b9b9a3f34a25c0ff,E1,E1-GAP--0025.0,202607221060,solved,-1.0,-1.0,-0.9999996917872811,3.082127189024675e-07,True,True,True
CRR-STAGEII-CONFIRM-2026-07-22,21c5b970e734ed79636df2f3882d4d85460c5efa40b88e59b9b9a3f34a25c0ff,E1,E1-GAP--0025.0,202607221061,solved,-1.0,-1.0,-0.9999996917872889,3.082127111309063e-07,True,True,True
CRR-STAGEII-CONFIRM-2026-07-22,21c5b970e734ed79636df2f3882d4d85460c5efa40b88e59b9b9a3f34a25c0ff,E1,E1-GAP--0025.0,202607221062,solved,-1.0,-1.0,-0.9999996917872734,3.0821272656300636e-07,True,True,True
CRR-STAGEII-CONFIRM-2026-07-22,21c5b970e734ed79636df2f3882d4d85460c5efa40b88e59b9b9a3f34a25c0ff,E1,E1-GAP--0025.0,202607221063,solved,-1.0,-1.0,-0.9999996917872811,3.082127189024675e-07,True,True,True
CRR-STAGEII-CONFIRM-2026-07-22,21c5b970e734ed79636df2f3882d4d85460c5efa40b88e59b9b9a3f34a25c0ff,E1,E1-GAP--0025.0,202607221064,solved,-1.0,-1.0,-0.999999691787282,3.0821271801428907e-07,True,True,True
CRR-STAGEII-CONFIRM-2026-07-22,21c5b970e734ed79636df2f3882d4d85460c5efa40b88e59b9b9a3f34a25c0ff,E2,E2-B0-R0-C0,202607222001,solved,1.0,0.9999989322381693,1.0,1.0677618307308734e-06,False,False,False
CRR-STAGEII-CONFIRM-2026-07-22,21c5b970e734ed79636df2f3882d4d85460c5efa40b88e59b9b9a3f34a25c0ff,E2,E2-B0-R0-C0,202607222002,solved,1.0,0.999998932238088,1.0,1.0677619119991988e-06,False,False,False
CRR-STAGEII-CONFIRM-2026-07-22,21c5b970e734ed79636df2f3882d4d85460c5efa40b88e59b9b9a3f34a25c0ff,E2,E2-B0-R0-C0,202607222003,solved,1.0,0.9999989322381693,1.0,1.0677618307308734e-06,False,False,False
CRR-STAGEII-CONFIRM-2026-07-22,21c5b970e734ed79636df2f3882d4d85460c5efa40b88e59b9b9a3f34a25c0ff,E2,E2-B0-R0-C0,202607222004,solved,1.0,0.9999989322381149,1.0,1.0677618851318016e-06,False,False,False
CRR-STAGEII-CONFIRM-2026-07-22,21c5b970e734ed79636df2f3882d4d85460c5efa40b88e59b9b9a3f34a25c0ff,E2,E2-B0-R0-C0,202607222005,solved,1.0,0.9999989322381149,1.0,1.0677618851318016e-06,False,False,False
CRR-STAGEII-CONFIRM-2026-07-22,21c5b970e734ed79636df2f3882d4d85460c5efa40b88e59b9b9a3f34a25c0ff,E2,E2-B0-R0-C0,202607222006,solved,1.0,0.9999989322381319,1.0,1.0677618681453893e-06,False,False,False
CRR-STAGEII-CONFIRM-2026-07-22,21c5b970e734ed79636df2f3882d4d85460c5efa40b88e59b9b9a3f34a25c0ff,E2,E2-B0-R0-C0,202607222007,solved,1.0,0.9999989322381422,1.0,1.0677618578203152e-06,False,False,False
CRR-STAGEII-CONFIRM-2026-07-22,21c5b970e734ed79636df2f3882d4d85460c5efa40b88e59b9b9a3f34a25c0ff,E2,E2-B0-R0-C0,202607222008,solved,1.0,0.9999989322381693,1.0,1.0677618307308734e-06,False,False,False
CRR-STAGEII-CONFIRM-2026-07-22,21c5b970e734ed79636df2f3882d4d85460c5efa40b88e59b9b9a3f34a25c0ff,E2,E2-B0-R0-C0,202607222009,solved,1.0,0.9999989322381693,1.0,1.0677618307308734e-06,False,False,False
CRR-STAGEII-CONFIRM-2026-07-22,21c5b970e734ed79636df2f3882d4d85460c5efa40b88e59b9b9a3f34a25c0ff,E2,E2-B0-R0-C0,202607222010,solved,1.0,0.9999989322381422,1.0,1.0677618578203152e-06,False,False,False
CRR-STAGEII-CONFIRM-2026-07-22,21c5b970e734ed79636df2f3882d4d85460c5efa40b88e59b9b9a3f34a25c0ff,E2,E2-B0-R0-C0,202607222011,solved,1.0,0.9999989322381149,1.0,1.0677618851318016e-06,False,False,False
CRR-STAGEII-CONFIRM-2026-07-22,21c5b970e734ed79636df2f3882d4d85460c5efa40b88e59b9b9a3f34a25c0ff,E2,E2-B0-R0-C0,202607222012,solved,1.0,0.9999989322381422,1.0,1.0677618578203152e-06,False,False,False
CRR-STAGEII-CONFIRM-2026-07-22,21c5b970e734ed79636df2f3882d4d85460c5efa40b88e59b9b9a3f34a25c0ff,E2,E2-B0-R0-C0,202607222013,solved,1.0,0.9999989322381392,1.0,1.0677618608179174e-06,False,False,False
CRR-STAGEII-CONFIRM-2026-07-22,21c5b970e734ed79636df2f3882d4d85460c5efa40b88e59b9b9a3f34a25c0ff,E2,E2-B0-R0-C0,202607222014,solved,1.0,0.9999989322381149,1.0,1.0677618851318016e-06,False,False,False
CRR-STAGEII-CONFIRM-2026-07-22,21c5b970e734ed79636df2f3882d4d85460c5efa40b88e59b9b9a3f34a25c0ff,E2,E2-B0-R0-C0,202607222015,solved,1.0,0.9999989322381693,1.0,1.0677618307308734e-06,False,False,False
CRR-STAGEII-CONFIRM-2026-07-22,21c5b970e734ed79636df2f3882d4d85460c5efa40b88e59b9b9a3f34a25c0ff,E2,E2-B0-R0-C0,202607222016,solved,1.0,0.9999989322381962,1.0,1.0677618037524539e-06,False,False,False
CRR-STAGEII-CONFIRM-2026-07-22,21c5b970e734ed79636df2f3882d4d85460c5efa40b88e59b9b9a3f34a25c0ff,E2,E2-B0-R0-C1,202607222001,solved,-0.10000000000000009,-0.10000105676187054,-0.10000000000000009,1.056761870454892e-06,True,True,True
CRR-STAGEII-CONFIRM-2026-07-22,21c5b970e734ed79636df2f3882d4d85460c5efa40b88e59b9b9a3f34a25c0ff,E2,E2-B0-R0-C1,202607222002,solved,-0.10000000000000009,-0.1000010567618545,-0.10000000000000009,1.0567618544121693e-06,True,True,True
CRR-STAGEII-CONFIRM-2026-07-22,21c5b970e734ed79636df2f3882d4d85460c5efa40b88e59b9b9a3f34a25c0ff,E2,E2-B0-R0-C1,202607222003,solved,-0.10000000000000009,-0.10000105676185683,-0.10000000000000009,1.0567618567436377e-06,True,True,True
CRR-STAGEII-CONFIRM-2026-07-22,21c5b970e734ed79636df2f3882d4d85460c5efa40b88e59b9b9a3f34a25c0ff,E2,E2-B0-R0-C1,202607222004,solved,-0.10000000000000009,-0.10000105676186899,-0.10000000000000009,1.0567618689005798e-06,True,True,True
CRR-STAGEII-CONFIRM-2026-07-22,21c5b970e734ed79636df2f3882d4d85460c5efa40b88e59b9b9a3f34a25c0ff,E2,E2-B0-R0-C1,202607222005,solved,-0.10000000000000009,-0.10000105676187226,-0.10000000000000009,1.0567618721757377e-06,True,True,True
CRR-STAGEII-CONFIRM-2026-07-22,21c5b970e734ed79636df2f3882d4d85460c5efa40b88e59b9b9a3f34a25c0ff,E2,E2-B0-R0-C1,202607222006,solved,-0.10000000000000009,-0.10000105676186166,-0.10000000000000009,1.0567618615731078e-06,True,True,True
CRR-STAGEII-CONFIRM-2026-07-22,21c5b970e734ed79636df2f3882d4d85460c5efa40b88e59b9b9a3f34a25c0ff,E2,E2-B0-R0-C1,202607222007,solved,-0.10000000000000009,-0.10000105676186166,-0.10000000000000009,1.0567618615731078e-06,True,True,True
CRR-STAGEII-CONFIRM-2026-07-22,21c5b970e734ed79636df2f3882d4d85460c5efa40b88e59b9b9a3f34a25c0ff,E2,E2-B0-R0-C1,202607222008,solved,-0.10000000000000009,-0.1000010567618681,-0.10000000000000009,1.0567618680124014e-06,True,True,True
CRR-STAGEII-CONFIRM-2026-07-22,21c5b970e734ed79636df2f3882d4d85460c5efa40b88e59b9b9a3f34a25c0ff,E2,E2-B0-R0-C1,202607222009,solved,-0.10000000000000009,-0.10000105676186338,-0.10000000000000009,1.0567618632939535e-06,True,True,True
CRR-STAGEII-CONFIRM-2026-07-22,21c5b970e734ed79636df2f3882d4d85460c5efa40b88e59b9b9a3f34a25c0ff,E2,E2-B0-R0-C1,202607222010,solved,-0.10000000000000009,-0.10000105676186738,-0.10000000000000009,1.0567618672907564e-06,True,True,True
CRR-STAGEII-CONFIRM-2026-07-22,21c5b970e734ed79636df2f3882d4d85460c5efa40b88e59b9b9a3f34a25c0ff,E2,E2-B0-R0-C1,202607222011,solved,-0.10000000000000009,-0.10000105676186483,-0.10000000000000009,1.0567618647372434e-06,True,True,True
CRR-STAGEII-CONFIRM-2026-07-22,21c5b970e734ed79636df2f3882d4d85460c5efa40b88e59b9b9a3f34a25c0ff,E2,E2-B0-R0-C1,202607222012,solved,-0.10000000000000009,-0.10000105676187138,-0.10000000000000009,1.0567618712875593e-06,True,True,True
CRR-STAGEII-CONFIRM-2026-07-22,21c5b970e734ed79636df2f3882d4d85460c5efa40b88e59b9b9a3f34a25c0ff,E2,E2-B0-R0-C1,202607222013,solved,-0.10000000000000009,-0.10000105676186083,-0.10000000000000009,1.0567618607404405e-06,True,True,True
CRR-STAGEII-CONFIRM-2026-07-22,21c5b970e734ed79636df2f3882d4d85460c5efa40b88e59b9b9a3f34a25c0ff,E2,E2-B0-R0-C1,202607222014,solved,-0.10000000000000009,-0.10000105676186083,-0.10000000000000009,1.0567618607404405e-06,True,True,True
CRR-STAGEII-CONFIRM-2026-07-22,21c5b970e734ed79636df2f3882d4d85460c5efa40b88e59b9b9a3f34a25c0ff,E2,E2-B0-R0-C1,202607222015,solved,-0.10000000000000009,-0.10000105676185683,-0.10000000000000009,1.0567618567436377e-06,True,True,True
CRR-STAGEII-CONFIRM-2026-07-22,21c5b970e734ed79636df2f3882d4d85460c5efa40b88e59b9b9a3f34a25c0ff,E2,E2-B0-R0-C1,202607222016,solved,-0.10000000000000009,-0.10000105676186899,-0.10000000000000009,1.0567618689005798e-06,True,True,True
CRR-STAGEII-CONFIRM-2026-07-22,21c5b970e734ed79636df2f3882d4d85460c5efa40b88e59b9b9a3f34a25c0ff,E2,E2-B0-R1-C0,202607222001,solved,-0.10000000000000003,-0.1000010567618545,-0.099999983805307,1.0729565474987268e-06,True,True,True
CRR-STAGEII-CONFIRM-2026-07-22,21c5b970e734ed79636df2f3882d4d85460c5efa40b88e59b9b9a3f34a25c0ff,E2,E2-B0-R1-C0,202607222002,solved,-0.10000000000000003,-0.1000010567618545,-0.099999983805307,1.0729565474987268e-06,True,True,True
CRR-STAGEII-CONFIRM-2026-07-22,21c5b970e734ed79636df2f3882d4d85460c5efa40b88e59b9b9a3f34a25c0ff,E2,E2-B0-R1-C0,202607222003,solved,-0.10000000000000003,-0.10000105676185683,-0.099999983805307,1.0729565498301952e-06,True,True,True
CRR-STAGEII-CONFIRM-2026-07-22,21c5b970e734ed79636df2f3882d4d85460c5efa40b88e59b9b9a3f34a25c0ff,E2,E2-B0-R1-C0,202607222004,solved,-0.10000000000000003,-0.10000105676185278,-0.09999998380530711,1.0729565456668588e-06,True,True,True
CRR-STAGEII-CONFIRM-2026-07-22,21c5b970e734ed79636df2f3882d4d85460c5efa40b88e59b9b9a3f34a25c0ff,E2,E2-B0-R1-C0,202607222005,solved,-0.10000000000000003,-0.10000105676185594,-0.099999983805307,1.0729565489420168e-06,True,True,True
CRR-STAGEII-CONFIRM-2026-07-22,21c5b970e734ed79636df2f3882d4d85460c5efa40b88e59b9b9a3f34a25c0ff,E2,E2-B0-R1-C0,202607222006,solved,-0.10000000000000003,-0.10000105676186166,-0.09999998380530689,1.0729565547706876e-06,True,True,True
CRR-STAGEII-CONFIRM-2026-07-22,21c5b970e734ed79636df2f3882d4d85460c5efa40b88e59b9b9a3f34a25c0ff,E2,E2-B0-R1-C0,202607222007,solved,-0.10000000000000003,-0.10000105676186166,-0.09999998380530689,1.0729565547706876e-06,True,True,True
CRR-STAGEII-CONFIRM-2026-07-22,21c5b970e734ed79636df2f3882d4d85460c5efa40b88e59b9b9a3f34a25c0ff,E2,E2-B0-R1-C0,202607222008,solved,-0.10000000000000003,-0.1000010567618681,-0.09999998380530689,1.0729565612099812e-06,True,True,True
CRR-STAGEII-CONFIRM-2026-07-22,21c5b970e734ed79636df2f3882d4d85460c5efa40b88e59b9b9a3f34a25c0ff,E2,E2-B0-R1-C0,202607222009,solved,-0.10000000000000003,-0.10000105676186338,-0.09999998380530689,1.0729565564915333e-06,True,True,True
CRR-STAGEII-CONFIRM-2026-07-22,21c5b970e734ed79636df2f3882d4d85460c5efa40b88e59b9b9a3f34a25c0ff,E2,E2-B0-R1-C0,202607222010,solved,-0.10000000000000003,-0.10000105676185123,-0.099999983805307,1.072956544223569e-06,True,True,True
CRR-STAGEII-CONFIRM-2026-07-22,21c5b970e734ed79636df2f3882d4d85460c5efa40b88e59b9b9a3f34a25c0ff,E2,E2-B0-R1-C0,202607222011,solved,-0.10000000000000003,-0.10000105676186483,-0.09999998380530689,1.0729565579348233e-06,True,True,True
CRR-STAGEII-CONFIRM-2026-07-22,21c5b970e734ed79636df2f3882d4d85460c5efa40b88e59b9b9a3f34a25c0ff,E2,E2-B0-R1-C0,202607222012,solved,-0.10000000000000003,-0.10000105676185522,-0.099999983805307,1.0729565482203718e-06,True,True,True
CRR-STAGEII-CONFIRM-2026-07-22,21c5b970e734ed79636df2f3882d4d85460c5efa40b88e59b9b9a3f34a25c0ff,E2,E2-B0-R1-C0,202607222013,solved,-0.10000000000000003,-0.10000105676186083,-0.09999998380530689,1.0729565539380204e-06,True,True,True
CRR-STAGEII-CONFIRM-2026-07-22,21c5b970e734ed79636df2f3882d4d85460c5efa40b88e59b9b9a3f34a25c0ff,E2,E2-B0-R1-C0,202607222014,solved,-0.10000000000000003,-0.10000105676186083,-0.099999983805307,1.072956553826998e-06,True,True,True
CRR-STAGEII-CONFIRM-2026-07-22,21c5b970e734ed79636df2f3882d4d85460c5efa40b88e59b9b9a3f34a25c0ff,E2,E2-B0-R1-C0,202607222015,solved,-0.10000000000000003,-0.10000105676185683,-0.099999983805307,1.0729565498301952e-06,True,True,True
CRR-STAGEII-CONFIRM-2026-07-22,21c5b970e734ed79636df2f3882d4d85460c5efa40b88e59b9b9a3f34a25c0ff,E2,E2-B0-R1-C0,202607222016,solved,-0.10000000000000003,-0.10000105676185278,-0.099999983805307,1.0729565457778811e-06,True,True,True
CRR-STAGEII-CONFIRM-2026-07-22,21c5b970e734ed79636df2f3882d4d85460c5efa40b88e59b9b9a3f34a25c0ff,E2,E2-B0-R1-C1,202607222001,solved,-0.10000000000000003,-0.1000010567618545,-0.10000000000000003,1.0567618544676805e-06,True,True,True
CRR-STAGEII-CONFIRM-2026-07-22,21c5b970e734ed79636df2f3882d4d85460c5efa40b88e59b9b9a3f34a25c0ff,E2,E2-B0-R1-C1,202607222002,solved,-0.10000000000000003,-0.1000010567618545,-0.10000000000000003,1.0567618544676805e-06,True,True,True
CRR-STAGEII-CONFIRM-2026-07-22,21c5b970e734ed79636df2f3882d4d85460c5efa40b88e59b9b9a3f34a25c0ff,E2,E2-B0-R1-C1,202607222003,solved,-0.10000000000000003,-0.10000105676185683,-0.10000000000000003,1.0567618567991488e-06,True,True,True
CRR-STAGEII-CONFIRM-2026-07-22,21c5b970e734ed79636df2f3882d4d85460c5efa40b88e59b9b9a3f34a25c0ff,E2,E2-B0-R1-C1,202607222004,solved,-0.10000000000000003,-0.10000105676185278,-0.10000000000000003,1.0567618527468348e-06,True,True,True
CRR-STAGEII-CONFIRM-2026-07-22,21c5b970e734ed79636df2f3882d4d85460c5efa40b88e59b9b9a3f34a25c0ff,E2,E2-B0-R1-C1,202607222005,solved,-0.10000000000000003,-0.10000105676185594,-0.10000000000000003,1.0567618559109704e-06,True,True,True
CRR-STAGEII-CONFIRM-2026-07-22,21c5b970e734ed79636df2f3882d4d85460c5efa40b88e59b9b9a3f34a25c0ff,E2,E2-B0-R1-C1,202607222006,solved,-0.10000000000000003,-0.10000105676186166,-0.10000000000000003,1.056761861628619e-06,True,True,True
CRR-STAGEII-CONFIRM-2026-07-22,21c5b970e734ed79636df2f3882d4d85460c5efa40b88e59b9b9a3f34a25c0ff,E2,E2-B0-R1-C1,202607222007,solved,-0.10000000000000003,-0.10000105676186166,-0.10000000000000003,1.056761861628619e-06,True,True,True
CRR-STAGEII-CONFIRM-2026-07-22,21c5b970e734ed79636df2f3882d4d85460c5efa40b88e59b9b9a3f34a25c0ff,E2,E2-B0-R1-C1,202607222008,solved,-0.10000000000000003,-0.1000010567618681,-0.10000000000000003,1.0567618680679125e-06,True,True,True
CRR-STAGEII-CONFIRM-2026-07-22,21c5b970e734ed79636df2f3882d4d85460c5efa40b88e59b9b9a3f34a25c0ff,E2,E2-B0-R1-C1,202607222009,solved,-0.10000000000000003,-0.10000105676186338,-0.10000000000000003,1.0567618633494646e-06,True,True,True
CRR-STAGEII-CONFIRM-2026-07-22,21c5b970e734ed79636df2f3882d4d85460c5efa40b88e59b9b9a3f34a25c0ff,E2,E2-B0-R1-C1,202607222010,solved,-0.10000000000000003,-0.10000105676185123,-0.10000000000000003,1.0567618511925225e-06,True,True,True
CRR-STAGEII-CONFIRM-2026-07-22,21c5b970e734ed79636df2f3882d4d85460c5efa40b88e59b9b9a3f34a25c0ff,E2,E2-B0-R1-C1,202607222011,solved,-0.10000000000000003,-0.10000105676186483,-0.10000000000000003,1.0567618647927546e-06,True,True,True
CRR-STAGEII-CONFIRM-2026-07-22,21c5b970e734ed79636df2f3882d4d85460c5efa40b88e59b9b9a3f34a25c0ff,E2,E2-B0-R1-C1,202607222012,solved,-0.10000000000000003,-0.10000105676185522,-0.10000000000000003,1.0567618551893254e-06,True,True,True
CRR-STAGEII-CONFIRM-2026-07-22,21c5b970e734ed79636df2f3882d4d85460c5efa40b88e59b9b9a3f34a25c0ff,E2,E2-B0-R1-C1,202607222013,solved,-0.10000000000000003,-0.10000105676186083,-0.10000000000000003,1.0567618607959517e-06,True,True,True
CRR-STAGEII-CONFIRM-2026-07-22,21c5b970e734ed79636df2f3882d4d85460c5efa40b88e59b9b9a3f34a25c0ff,E2,E2-B0-R1-C1,202607222014,solved,-0.10000000000000003,-0.10000105676186083,-0.10000000000000003,1.0567618607959517e-06,True,True,True
CRR-STAGEII-CONFIRM-2026-07-22,21c5b970e734ed79636df2f3882d4d85460c5efa40b88e59b9b9a3f34a25c0ff,E2,E2-B0-R1-C1,202607222015,solved,-0.10000000000000003,-0.10000105676185683,-0.10000000000000003,1.0567618567991488e-06,True,True,True
CRR-STAGEII-CONFIRM-2026-07-22,21c5b970e734ed79636df2f3882d4d85460c5efa40b88e59b9b9a3f34a25c0ff,E2,E2-B0-R1-C1,202607222016,solved,-0.10000000000000003,-0.10000105676185278,-0.10000000000000003,1.0567618527468348e-06,True,True,True
CRR-STAGEII-CONFIRM-2026-07-22,21c5b970e734ed79636df2f3882d4d85460c5efa40b88e59b9b9a3f34a25c0ff,E2,E2-B1-R0-C0,202607222001,solved,-0.3647095761381475,-0.3647106302529393,-0.36470953954232316,1.0907106161583968e-06,True,True,True
CRR-STAGEII-CONFIRM-2026-07-22,21c5b970e734ed79636df2f3882d4d85460c5efa40b88e59b9b9a3f34a25c0ff,E2,E2-B1-R0-C0,202607222002,solved,-0.3647095761381475,-0.3647106302529378,-0.36470953954232316,1.0907106146595957e-06,True,True,True
CRR-STAGEII-CONFIRM-2026-07-22,21c5b970e734ed79636df2f3882d4d85460c5efa40b88e59b9b9a3f34a25c0ff,E2,E2-B1-R0-C0,202607222003,solved,-0.3647095761381475,-0.36471063025296035,-0.36470953954232277,1.0907106375857012e-06,True,True,True
CRR-STAGEII-CONFIRM-2026-07-22,21c5b970e734ed79636df2f3882d4d85460c5efa40b88e59b9b9a3f34a25c0ff,E2,E2-B1-R0-C0,202607222004,solved,-0.3647095761381475,-0.3647106302529108,-0.36470953954232277,1.0907105880142431e-06,True,True,True
CRR-STAGEII-CONFIRM-2026-07-22,21c5b970e734ed79636df2f3882d4d85460c5efa40b88e59b9b9a3f34a25c0ff,E2,E2-B1-R0-C0,202607222005,solved,-0.3647095761381475,-0.36471063025296635,-0.3647095395423233,1.090710643025794e-06,True,True,True
CRR-STAGEII-CONFIRM-2026-07-22,21c5b970e734ed79636df2f3882d4d85460c5efa40b88e59b9b9a3f34a25c0ff,E2,E2-B1-R0-C0,202607222006,solved,-0.3647095761381475,-0.36471063025293543,-0.36470953954231766,1.0907106177682202e-06,True,True,True
CRR-STAGEII-CONFIRM-2026-07-22,21c5b970e734ed79636df2f3882d4d85460c5efa40b88e59b9b9a3f34a25c0ff,E2,E2-B1-R0-C0,202607222007,solved,-0.3647095761381475,-0.36471063025293915,-0.3647095395423233,1.09071061582533e-06,True,True,True
CRR-STAGEII-CONFIRM-2026-07-22,21c5b970e734ed79636df2f3882d4d85460c5efa40b88e59b9b9a3f34a25c0ff,E2,E2-B1-R0-C0,202607222008,solved,-0.3647095761381475,-0.3647106302529589,-0.36470953954232294,1.0907106359758778e-06,True,True,True
CRR-STAGEII-CONFIRM-2026-07-22,21c5b970e734ed79636df2f3882d4d85460c5efa40b88e59b9b9a3f34a25c0ff,E2,E2-B1-R0-C0,202607222009,solved,-0.3647095761381475,-0.36471063025291717,-0.3647095395423233,1.090710593842914e-06,True,True,True
CRR-STAGEII-CONFIRM-2026-07-22,21c5b970e734ed79636df2f3882d4d85460c5efa40b88e59b9b9a3f34a25c0ff,E2,E2-B1-R0-C0,202607222010,solved,-0.3647095761381475,-0.3647106302529516,-0.36470953954232316,1.0907106284263612e-06,True,True,True
CRR-STAGEII-CONFIRM-2026-07-22,21c5b970e734ed79636df2f3882d4d85460c5efa40b88e59b9b9a3f34a25c0ff,E2,E2-B1-R0-C0,202607222011,solved,-0.3647095761381475,-0.3647106302529341,-0.36470953954232294,1.0907106111623932e-06,True,True,True
CRR-STAGEII-CONFIRM-2026-07-22,21c5b970e734ed79636df2f3882d4d85460c5efa40b88e59b9b9a3f34a25c0ff,E2,E2-B1-R0-C0,202607222012,solved,-0.3647095761381475,-0.36471063025296374,-0.36470953954232294,1.090710640805348e-06,True,True,True
CRR-STAGEII-CONFIRM-2026-07-22,21c5b970e734ed79636df2f3882d4d85460c5efa40b88e59b9b9a3f34a25c0ff,E2,E2-B1-R0-C0,202607222013,solved,-0.3647095761381475,-0.36471063025292794,-0.3647095395423258,1.0907106021140756e-06,True,True,True
CRR-STAGEII-CONFIRM-2026-07-22,21c5b970e734ed79636df2f3882d4d85460c5efa40b88e59b9b9a3f34a25c0ff,E2,E2-B1-R0-C0,202607222014,solved,-0.3647095761381475,-0.3647106302529084,-0.36470953954232316,1.0907105852386856e-06,True,True,True
CRR-STAGEII-CONFIRM-2026-07-22,21c5b970e734ed79636df2f3882d4d85460c5efa40b88e59b9b9a3f34a25c0ff,E2,E2-B1-R0-C0,202607222015,solved,-0.3647095761381475,-0.36471063025291467,-0.36470953954232277,1.0907105919000237e-06,True,True,True
CRR-STAGEII-CONFIRM-2026-07-22,21c5b970e734ed79636df2f3882d4d85460c5efa40b88e59b9b9a3f34a25c0ff,E2,E2-B1-R0-C0,202607222016,solved,-0.3647095761381475,-0.36471063025287503,-0.3647095395423233,1.0907105517099502e-06,True,True,True
CRR-STAGEII-CONFIRM-2026-07-22,21c5b970e734ed79636df2f3882d4d85460c5efa40b88e59b9b9a3f34a25c0ff,E2,E2-B1-R0-C1,202607222001,solved,-0.36470957613814775,-0.3647106302529195,-0.3647095395423241,1.0907105953972263e-06,True,True,True
CRR-STAGEII-CONFIRM-2026-07-22,21c5b970e734ed79636df2f3882d4d85460c5efa40b88e59b9b9a3f34a25c0ff,E2,E2-B1-R0-C1,202607222002,solved,-0.36470957613814775,-0.3647106302529195,-0.36470953954232394,1.0907105955637597e-06,True,True,True
CRR-STAGEII-CONFIRM-2026-07-22,21c5b970e734ed79636df2f3882d4d85460c5efa40b88e59b9b9a3f34a25c0ff,E2,E2-B1-R0-C1,202607222003,solved,-0.36470957613814775,-0.36471063025291744,-0.3647095395423233,1.0907105941204698e-06,True,True,True
CRR-STAGEII-CONFIRM-2026-07-22,21c5b970e734ed79636df2f3882d4d85460c5efa40b88e59b9b9a3f34a25c0ff,E2,E2-B1-R0-C1,202607222004,solved,-0.36470957613814775,-0.36471063025291356,-0.36470953954232416,1.090710589402022e-06,True,True,True
CRR-STAGEII-CONFIRM-2026-07-22,21c5b970e734ed79636df2f3882d4d85460c5efa40b88e59b9b9a3f34a25c0ff,E2,E2-B1-R0-C1,202607222005,solved,-0.36470957613814775,-0.3647106302529093,-0.3647095395423241,1.0907105851831744e-06,True,True,True
CRR-STAGEII-CONFIRM-2026-07-22,21c5b970e734ed79636df2f3882d4d85460c5efa40b88e59b9b9a3f34a25c0ff,E2,E2-B1-R0-C1,202607222006,solved,-0.36470957613814775,-0.36471063025290285,-0.3647095395423243,1.0907105785218363e-06,True,True,True
CRR-STAGEII-CONFIRM-2026-07-22,21c5b970e734ed79636df2f3882d4d85460c5efa40b88e59b9b9a3f34a25c0ff,E2,E2-B1-R0-C1,202607222007,solved,-0.36470957613814775,-0.36471063025290856,-0.3647095395423235,1.0907105850721521e-06,True,True,True
CRR-STAGEII-CONFIRM-2026-07-22,21c5b970e734ed79636df2f3882d4d85460c5efa40b88e59b9b9a3f34a25c0ff,E2,E2-B1-R0-C1,202607222008,solved,-0.36470957613814775,-0.36471063025291595,-0.3647095395423235,1.0907105924551352e-06,True,True,True
CRR-STAGEII-CONFIRM-2026-07-22,21c5b970e734ed79636df2f3882d4d85460c5efa40b88e59b9b9a3f34a25c0ff,E2,E2-B1-R0-C1,202607222009,solved,-0.36470957613814775,-0.3647106302529087,-0.36470953954232394,1.0907105847390852e-06,True,True,True
CRR-STAGEII-CONFIRM-2026-07-22,21c5b970e734ed79636df2f3882d4d85460c5efa40b88e59b9b9a3f34a25c0ff,E2,E2-B1-R0-C1,202607222010,solved,-0.36470957613814775,-0.36471063025291817,-0.36470953954232394,1.090710594231492e-06,True,True,True
CRR-STAGEII-CONFIRM-2026-07-22,21c5b970e734ed79636df2f3882d4d85460c5efa40b88e59b9b9a3f34a25c0ff,E2,E2-B1-R0-C1,202607222011,solved,-0.36470957613814775,-0.3647106302529099,-0.3647095395423235,1.0907105864044198e-06,True,True,True
CRR-STAGEII-CONFIRM-2026-07-22,21c5b970e734ed79636df2f3882d4d85460c5efa40b88e59b9b9a3f34a25c0ff,E2,E2-B1-R0-C1,202607222012,solved,-0.36470957613814775,-0.3647106302529173,-0.3647095395423241,1.0907105931767802e-06,True,True,True
CRR-STAGEII-CONFIRM-2026-07-22,21c5b970e734ed79636df2f3882d4d85460c5efa40b88e59b9b9a3f34a25c0ff,E2,E2-B1-R0-C1,202607222013,solved,-0.36470957613814775,-0.36471063025291656,-0.3647095395423241,1.0907105924551352e-06,True,True,True
CRR-STAGEII-CONFIRM-2026-07-22,21c5b970e734ed79636df2f3882d4d85460c5efa40b88e59b9b9a3f34a25c0ff,E2,E2-B1-R0-C1,202607222014,solved,-0.36470957613814775,-0.36471063025291656,-0.36470953954232366,1.0907105928992245e-06,True,True,True
CRR-STAGEII-CONFIRM-2026-07-22,21c5b970e734ed79636df2f3882d4d85460c5efa40b88e59b9b9a3f34a25c0ff,E2,E2-B1-R0-C1,202607222015,solved,-0.36470957613814775,-0.36471063025291744,-0.3647095395423233,1.0907105941204698e-06,True,True,True
CRR-STAGEII-CONFIRM-2026-07-22,21c5b970e734ed79636df2f3882d4d85460c5efa40b88e59b9b9a3f34a25c0ff,E2,E2-B1-R0-C1,202607222016,solved,-0.36470957613814775,-0.36471063025291356,-0.3647095395423241,1.090710589457533e-06,True,True,True
CRR-STAGEII-CONFIRM-2026-07-22,21c5b970e734ed79636df2f3882d4d85460c5efa40b88e59b9b9a3f34a25c0ff,E2,E2-B1-R1-C0,202607222001,solved,-0.36470957613814775,-0.3647106302529195,-0.3647095395423241,1.0907105953972263e-06,True,True,True
CRR-STAGEII-CONFIRM-2026-07-22,21c5b970e734ed79636df2f3882d4d85460c5efa40b88e59b9b9a3f34a25c0ff,E2,E2-B1-R1-C0,202607222002,solved,-0.36470957613814775,-0.3647106302529195,-0.36470953954232394,1.0907105955637597e-06,True,True,True
CRR-STAGEII-CONFIRM-2026-07-22,21c5b970e734ed79636df2f3882d4d85460c5efa40b88e59b9b9a3f34a25c0ff,E2,E2-B1-R1-C0,202607222003,solved,-0.36470957613814775,-0.36471063025291744,-0.3647095395423233,1.0907105941204698e-06,True,True,True
CRR-STAGEII-CONFIRM-2026-07-22,21c5b970e734ed79636df2f3882d4d85460c5efa40b88e59b9b9a3f34a25c0ff,E2,E2-B1-R1-C0,202607222004,solved,-0.36470957613814775,-0.36471063025291356,-0.36470953954232416,1.090710589402022e-06,True,True,True
CRR-STAGEII-CONFIRM-2026-07-22,21c5b970e734ed79636df2f3882d4d85460c5efa40b88e59b9b9a3f34a25c0ff,E2,E2-B1-R1-C0,202607222005,solved,-0.36470957613814775,-0.3647106302529093,-0.3647095395423241,1.0907105851831744e-06,True,True,True
CRR-STAGEII-CONFIRM-2026-07-22,21c5b970e734ed79636df2f3882d4d85460c5efa40b88e59b9b9a3f34a25c0ff,E2,E2-B1-R1-C0,202607222006,solved,-0.36470957613814775,-0.36471063025290285,-0.3647095395423243,1.0907105785218363e-06,True,True,True
CRR-STAGEII-CONFIRM-2026-07-22,21c5b970e734ed79636df2f3882d4d85460c5efa40b88e59b9b9a3f34a25c0ff,E2,E2-B1-R1-C0,202607222007,solved,-0.36470957613814775,-0.36471063025290856,-0.3647095395423235,1.0907105850721521e-06,True,True,True
CRR-STAGEII-CONFIRM-2026-07-22,21c5b970e734ed79636df2f3882d4d85460c5efa40b88e59b9b9a3f34a25c0ff,E2,E2-B1-R1-C0,202607222008,solved,-0.36470957613814775,-0.36471063025291595,-0.3647095395423235,1.0907105924551352e-06,True,True,True
CRR-STAGEII-CONFIRM-2026-07-22,21c5b970e734ed79636df2f3882d4d85460c5efa40b88e59b9b9a3f34a25c0ff,E2,E2-B1-R1-C0,202607222009,solved,-0.36470957613814775,-0.3647106302529087,-0.36470953954232394,1.0907105847390852e-06,True,True,True
CRR-STAGEII-CONFIRM-2026-07-22,21c5b970e734ed79636df2f3882d4d85460c5efa40b88e59b9b9a3f34a25c0ff,E2,E2-B1-R1-C0,202607222010,solved,-0.36470957613814775,-0.36471063025291817,-0.36470953954232394,1.090710594231492e-06,True,True,True
CRR-STAGEII-CONFIRM-2026-07-22,21c5b970e734ed79636df2f3882d4d85460c5efa40b88e59b9b9a3f34a25c0ff,E2,E2-B1-R1-C0,202607222011,solved,-0.36470957613814775,-0.3647106302529099,-0.3647095395423235,1.0907105864044198e-06,True,True,True
CRR-STAGEII-CONFIRM-2026-07-22,21c5b970e734ed79636df2f3882d4d85460c5efa40b88e59b9b9a3f34a25c0ff,E2,E2-B1-R1-C0,202607222012,solved,-0.36470957613814775,-0.3647106302529173,-0.3647095395423241,1.0907105931767802e-06,True,True,True
CRR-STAGEII-CONFIRM-2026-07-22,21c5b970e734ed79636df2f3882d4d85460c5efa40b88e59b9b9a3f34a25c0ff,E2,E2-B1-R1-C0,202607222013,solved,-0.36470957613814775,-0.36471063025291656,-0.3647095395423241,1.0907105924551352e-06,True,True,True
CRR-STAGEII-CONFIRM-2026-07-22,21c5b970e734ed79636df2f3882d4d85460c5efa40b88e59b9b9a3f34a25c0ff,E2,E2-B1-R1-C0,202607222014,solved,-0.36470957613814775,-0.36471063025291656,-0.36470953954232366,1.0907105928992245e-06,True,True,True
CRR-STAGEII-CONFIRM-2026-07-22,21c5b970e734ed79636df2f3882d4d85460c5efa40b88e59b9b9a3f34a25c0ff,E2,E2-B1-R1-C0,202607222015,solved,-0.36470957613814775,-0.36471063025291744,-0.3647095395423233,1.0907105941204698e-06,True,True,True
CRR-STAGEII-CONFIRM-2026-07-22,21c5b970e734ed79636df2f3882d4d85460c5efa40b88e59b9b9a3f34a25c0ff,E2,E2-B1-R1-C0,202607222016,solved,-0.36470957613814775,-0.36471063025291356,-0.3647095395423241,1.090710589457533e-06,True,True,True
CRR-STAGEII-CONFIRM-2026-07-22,21c5b970e734ed79636df2f3882d4d85460c5efa40b88e59b9b9a3f34a25c0ff,E2,E2-B1-R1-C1,202607222001,solved,-0.36470957613814775,-0.3647106302529195,-0.3647095395423241,1.0907105953972263e-06,True,True,True
CRR-STAGEII-CONFIRM-2026-07-22,21c5b970e734ed79636df2f3882d4d85460c5efa40b88e59b9b9a3f34a25c0ff,E2,E2-B1-R1-C1,202607222002,solved,-0.36470957613814775,-0.3647106302529195,-0.36470953954232394,1.0907105955637597e-06,True,True,True
CRR-STAGEII-CONFIRM-2026-07-22,21c5b970e734ed79636df2f3882d4d85460c5efa40b88e59b9b9a3f34a25c0ff,E2,E2-B1-R1-C1,202607222003,solved,-0.36470957613814775,-0.36471063025291744,-0.3647095395423233,1.0907105941204698e-06,True,True,True
CRR-STAGEII-CONFIRM-2026-07-22,21c5b970e734ed79636df2f3882d4d85460c5efa40b88e59b9b9a3f34a25c0ff,E2,E2-B1-R1-C1,202607222004,solved,-0.36470957613814775,-0.36471063025291356,-0.36470953954232416,1.090710589402022e-06,True,True,True
CRR-STAGEII-CONFIRM-2026-07-22,21c5b970e734ed79636df2f3882d4d85460c5efa40b88e59b9b9a3f34a25c0ff,E2,E2-B1-R1-C1,202607222005,solved,-0.36470957613814775,-0.3647106302529093,-0.3647095395423241,1.0907105851831744e-06,True,True,True
CRR-STAGEII-CONFIRM-2026-07-22,21c5b970e734ed79636df2f3882d4d85460c5efa40b88e59b9b9a3f34a25c0ff,E2,E2-B1-R1-C1,202607222006,solved,-0.36470957613814775,-0.36471063025290285,-0.3647095395423243,1.0907105785218363e-06,True,True,True
CRR-STAGEII-CONFIRM-2026-07-22,21c5b970e734ed79636df2f3882d4d85460c5efa40b88e59b9b9a3f34a25c0ff,E2,E2-B1-R1-C1,202607222007,solved,-0.36470957613814775,-0.36471063025290856,-0.3647095395423235,1.0907105850721521e-06,True,True,True
CRR-STAGEII-CONFIRM-2026-07-22,21c5b970e734ed79636df2f3882d4d85460c5efa40b88e59b9b9a3f34a25c0ff,E2,E2-B1-R1-C1,202607222008,solved,-0.36470957613814775,-0.36471063025291595,-0.3647095395423235,1.0907105924551352e-06,True,True,True
CRR-STAGEII-CONFIRM-2026-07-22,21c5b970e734ed79636df2f3882d4d85460c5efa40b88e59b9b9a3f34a25c0ff,E2,E2-B1-R1-C1,202607222009,solved,-0.36470957613814775,-0.3647106302529087,-0.36470953954232394,1.0907105847390852e-06,True,True,True
CRR-STAGEII-CONFIRM-2026-07-22,21c5b970e734ed79636df2f3882d4d85460c5efa40b88e59b9b9a3f34a25c0ff,E2,E2-B1-R1-C1,202607222010,solved,-0.36470957613814775,-0.36471063025291817,-0.36470953954232394,1.090710594231492e-06,True,True,True
CRR-STAGEII-CONFIRM-2026-07-22,21c5b970e734ed79636df2f3882d4d85460c5efa40b88e59b9b9a3f34a25c0ff,E2,E2-B1-R1-C1,202607222011,solved,-0.36470957613814775,-0.3647106302529099,-0.3647095395423235,1.0907105864044198e-06,True,True,True
CRR-STAGEII-CONFIRM-2026-07-22,21c5b970e734ed79636df2f3882d4d85460c5efa40b88e59b9b9a3f34a25c0ff,E2,E2-B1-R1-C1,202607222012,solved,-0.36470957613814775,-0.3647106302529173,-0.3647095395423241,1.0907105931767802e-06,True,True,True
CRR-STAGEII-CONFIRM-2026-07-22,21c5b970e734ed79636df2f3882d4d85460c5efa40b88e59b9b9a3f34a25c0ff,E2,E2-B1-R1-C1,202607222013,solved,-0.36470957613814775,-0.36471063025291656,-0.3647095395423241,1.0907105924551352e-06,True,True,True
CRR-STAGEII-CONFIRM-2026-07-22,21c5b970e734ed79636df2f3882d4d85460c5efa40b88e59b9b9a3f34a25c0ff,E2,E2-B1-R1-C1,202607222014,solved,-0.36470957613814775,-0.36471063025291656,-0.36470953954232366,1.0907105928992245e-06,True,True,True
CRR-STAGEII-CONFIRM-2026-07-22,21c5b970e734ed79636df2f3882d4d85460c5efa40b88e59b9b9a3f34a25c0ff,E2,E2-B1-R1-C1,202607222015,solved,-0.36470957613814775,-0.36471063025291744,-0.3647095395423233,1.0907105941204698e-06,True,True,True
CRR-STAGEII-CONFIRM-2026-07-22,21c5b970e734ed79636df2f3882d4d85460c5efa40b88e59b9b9a3f34a25c0ff,E2,E2-B1-R1-C1,202607222016,solved,-0.36470957613814775,-0.36471063025291356,-0.3647095395423241,1.090710589457533e-06,True,True,True
CRR-STAGEII-CONFIRM-2026-07-22,21c5b970e734ed79636df2f3882d4d85460c5efa40b88e59b9b9a3f34a25c0ff,E2,E2-CORN-BOUND-ANCHOR,202607222001,solved,-0.10000000000000003,-0.10000105676181154,-0.099999983805307,1.0729565045330958e-06,True,True,True
CRR-STAGEII-CONFIRM-2026-07-22,21c5b970e734ed79636df2f3882d4d85460c5efa40b88e59b9b9a3f34a25c0ff,E2,E2-CORN-BOUND-ANCHOR,202607222002,solved,-0.10000000000000003,-0.10000105676187537,-0.09999998380530767,1.0729565677047859e-06,True,True,True
CRR-STAGEII-CONFIRM-2026-07-22,21c5b970e734ed79636df2f3882d4d85460c5efa40b88e59b9b9a3f34a25c0ff,E2,E2-CORN-BOUND-ANCHOR,202607222003,solved,-0.10000000000000003,-0.10000105676183468,-0.09999998380530711,1.0729565275702235e-06,True,True,True
CRR-STAGEII-CONFIRM-2026-07-22,21c5b970e734ed79636df2f3882d4d85460c5efa40b88e59b9b9a3f34a25c0ff,E2,E2-CORN-BOUND-ANCHOR,202607222004,solved,-0.10000000000000003,-0.10000105676184817,-0.09999998380530711,1.0729565410594333e-06,True,True,True
CRR-STAGEII-CONFIRM-2026-07-22,21c5b970e734ed79636df2f3882d4d85460c5efa40b88e59b9b9a3f34a25c0ff,E2,E2-CORN-BOUND-ANCHOR,202607222005,solved,-0.10000000000000003,-0.10000105676186577,-0.09999998380530689,1.0729565588785128e-06,True,True,True
CRR-STAGEII-CONFIRM-2026-07-22,21c5b970e734ed79636df2f3882d4d85460c5efa40b88e59b9b9a3f34a25c0ff,E2,E2-CORN-BOUND-ANCHOR,202607222006,solved,-0.10000000000000003,-0.10000105676186472,-0.09999998380530767,1.0729565570466448e-06,True,True,True
CRR-STAGEII-CONFIRM-2026-07-22,21c5b970e734ed79636df2f3882d4d85460c5efa40b88e59b9b9a3f34a25c0ff,E2,E2-CORN-BOUND-ANCHOR,202607222007,solved,-0.10000000000000003,-0.10000105676189308,-0.09999998380530689,1.0729565861899992e-06,True,True,True
CRR-STAGEII-CONFIRM-2026-07-22,21c5b970e734ed79636df2f3882d4d85460c5efa40b88e59b9b9a3f34a25c0ff,E2,E2-CORN-BOUND-ANCHOR,202607222008,solved,-0.10000000000000003,-0.10000105676187138,-0.09999998380530689,1.072956564485139e-06,True,True,True
CRR-STAGEII-CONFIRM-2026-07-22,21c5b970e734ed79636df2f3882d4d85460c5efa40b88e59b9b9a3f34a25c0ff,E2,E2-CORN-BOUND-ANCHOR,202607222009,solved,-0.10000000000000003,-0.10000105676188237,-0.09999998380530689,1.072956575476347e-06,True,True,True
CRR-STAGEII-CONFIRM-2026-07-22,21c5b970e734ed79636df2f3882d4d85460c5efa40b88e59b9b9a3f34a25c0ff,E2,E2-CORN-BOUND-ANCHOR,202607222010,solved,-0.10000000000000003,-0.10000105676184934,-0.09999998380530711,1.0729565422251675e-06,True,True,True
CRR-STAGEII-CONFIRM-2026-07-22,21c5b970e734ed79636df2f3882d4d85460c5efa40b88e59b9b9a3f34a25c0ff,E2,E2-CORN-BOUND-ANCHOR,202607222011,solved,-0.10000000000000003,-0.10000105676184956,-0.09999998380530689,1.0729565426692567e-06,True,True,True
CRR-STAGEII-CONFIRM-2026-07-22,21c5b970e734ed79636df2f3882d4d85460c5efa40b88e59b9b9a3f34a25c0ff,E2,E2-CORN-BOUND-ANCHOR,202607222012,solved,-0.10000000000000003,-0.10000105676185755,-0.099999983805307,1.0729565505518401e-06,True,True,True
CRR-STAGEII-CONFIRM-2026-07-22,21c5b970e734ed79636df2f3882d4d85460c5efa40b88e59b9b9a3f34a25c0ff,E2,E2-CORN-BOUND-ANCHOR,202607222013,solved,-0.10000000000000003,-0.10000105676185511,-0.09999998380530656,1.0729565485534387e-06,True,True,True
CRR-STAGEII-CONFIRM-2026-07-22,21c5b970e734ed79636df2f3882d4d85460c5efa40b88e59b9b9a3f34a25c0ff,E2,E2-CORN-BOUND-ANCHOR,202607222014,solved,-0.10000000000000003,-0.10000105676186749,-0.09999998380530689,1.0729565605993585e-06,True,True,True
CRR-STAGEII-CONFIRM-2026-07-22,21c5b970e734ed79636df2f3882d4d85460c5efa40b88e59b9b9a3f34a25c0ff,E2,E2-CORN-BOUND-ANCHOR,202607222015,solved,-0.10000000000000003,-0.10000105676187421,-0.09999998380530711,1.0729565670941632e-06,True,True,True
CRR-STAGEII-CONFIRM-2026-07-22,21c5b970e734ed79636df2f3882d4d85460c5efa40b88e59b9b9a3f34a25c0ff,E2,E2-CORN-BOUND-ANCHOR,202607222016,solved,-0.10000000000000003,-0.10000105676180893,-0.099999983805307,1.0729565019240717e-06,True,True,True
CRR-STAGEII-CONFIRM-2026-07-22,21c5b970e734ed79636df2f3882d4d85460c5efa40b88e59b9b9a3f34a25c0ff,E3,E3-A0.90-BINDING_MID,202607223001,solved,0.47397897815222034,0.47396948729624183,0.4739789781522239,9.490855982063895e-06,False,False,False
CRR-STAGEII-CONFIRM-2026-07-22,21c5b970e734ed79636df2f3882d4d85460c5efa40b88e59b9b9a3f34a25c0ff,E3,E3-A0.90-BINDING_MID,202607223002,solved,0.4818130327783574,0.4818117167693985,0.48181303277835913,1.3160089606389924e-06,False,False,False
CRR-STAGEII-CONFIRM-2026-07-22,21c5b970e734ed79636df2f3882d4d85460c5efa40b88e59b9b9a3f34a25c0ff,E3,E3-A0.90-BINDING_MID,202607223003,solved,0.5649239332762275,0.564921121038523,0.5649239332762336,2.812237710592136e-06,False,False,False
CRR-STAGEII-CONFIRM-2026-07-22,21c5b970e734ed79636df2f3882d4d85460c5efa40b88e59b9b9a3f34a25c0ff,E3,E3-A0.90-BINDING_MID,202607223004,solved,0.5461539602347893,0.546152994862179,0.5461539602347892,9.653726101843674e-07,False,False,False
CRR-STAGEII-CONFIRM-2026-07-22,21c5b970e734ed79636df2f3882d4d85460c5efa40b88e59b9b9a3f34a25c0ff,E3,E3-A0.90-BINDING_MID,202607223005,solved,0.5265466525511155,0.526545428358246,0.5265466525511159,1.2241928698530913e-06,False,False,False
CRR-STAGEII-CONFIRM-2026-07-22,21c5b970e734ed79636df2f3882d4d85460c5efa40b88e59b9b9a3f34a25c0ff,E3,E3-A0.90-BINDING_MID,202607223006,solved,0.49787469073196666,0.4978727129882208,0.497874690731968,1.9777437472168202e-06,False,False,False
CRR-STAGEII-CONFIRM-2026-07-22,21c5b970e734ed79636df2f3882d4d85460c5efa40b88e59b9b9a3f34a25c0ff,E3,E3-A0.90-BINDING_MID,202607223007,solved,-0.8474742415829928,-0.8474742415829954,-0.8474683733354889,5.8682475065907624e-06,True,True,True
CRR-STAGEII-CONFIRM-2026-07-22,21c5b970e734ed79636df2f3882d4d85460c5efa40b88e59b9b9a3f34a25c0ff,E3,E3-A0.90-BINDING_MID,202607223008,solved,0.4431001802699526,0.443097551676451,0.44310018026995235,2.628593501363685e-06,False,False,False
CRR-STAGEII-CONFIRM-2026-07-22,21c5b970e734ed79636df2f3882d4d85460c5efa40b88e59b9b9a3f34a25c0ff,E3,E3-A0.90-BINDING_MID,202607223009,solved,0.4718280554627732,0.47182722848485875,0.4718280554627738,8.269779150360534e-07,False,False,False
CRR-STAGEII-CONFIRM-2026-07-22,21c5b970e734ed79636df2f3882d4d85460c5efa40b88e59b9b9a3f34a25c0ff,E3,E3-A0.90-BINDING_MID,202607223010,solved,0.4869202179855723,0.48691984743439676,0.4869202179855768,3.705511800178307e-07,False,False,False
CRR-STAGEII-CONFIRM-2026-07-22,21c5b970e734ed79636df2f3882d4d85460c5efa40b88e59b9b9a3f34a25c0ff,E3,E3-A0.90-BINDING_MID,202607223011,solved,0.4852827224854164,0.4852813567291425,0.48528272248541615,1.3657562736302253e-06,False,False,False
CRR-STAGEII-CONFIRM-2026-07-22,21c5b970e734ed79636df2f3882d4d85460c5efa40b88e59b9b9a3f34a25c0ff,E3,E3-A0.90-BINDING_MID,202607223012,solved,0.5094928447610092,0.5094923347675635,0.5094928447610071,5.099934435870423e-07,False,False,False
CRR-STAGEII-CONFIRM-2026-07-22,21c5b970e734ed79636df2f3882d4d85460c5efa40b88e59b9b9a3f34a25c0ff,E3,E3-A0.90-BINDING_MID,202607223013,solved,-0.8478040808821397,-0.8478040808821444,-0.8478030412740232,1.0396081212560304e-06,True,True,True
CRR-STAGEII-CONFIRM-2026-07-22,21c5b970e734ed79636df2f3882d4d85460c5efa40b88e59b9b9a3f34a25c0ff,E3,E3-A0.90-BINDING_MID,202607223014,solved,0.45580419835687946,0.4557966002936371,0.4558041983568816,7.598063244462772e-06,False,False,False
CRR-STAGEII-CONFIRM-2026-07-22,21c5b970e734ed79636df2f3882d4d85460c5efa40b88e59b9b9a3f34a25c0ff,E3,E3-A0.90-BINDING_MID,202607223015,solved,-0.8484151748589888,-0.8484151748589819,-0.8484110153206015,4.159538380399397e-06,True,True,True
CRR-STAGEII-CONFIRM-2026-07-22,21c5b970e734ed79636df2f3882d4d85460c5efa40b88e59b9b9a3f34a25c0ff,E3,E3-A0.90-BINDING_MID,202607223016,solved,-0.9086386054784512,-0.9086386054784561,-0.90863745094643,1.154532026093058e-06,True,True,True
CRR-STAGEII-CONFIRM-2026-07-22,21c5b970e734ed79636df2f3882d4d85460c5efa40b88e59b9b9a3f34a25c0ff,E3,E3-A0.90-BINDING_MID,202607223017,solved,-0.8175028136562574,-0.8175028136562558,-0.8175007523365818,2.0613196739516226e-06,True,True,True
CRR-STAGEII-CONFIRM-2026-07-22,21c5b970e734ed79636df2f3882d4d85460c5efa40b88e59b9b9a3f34a25c0ff,E3,E3-A0.90-BINDING_MID,202607223018,solved,0.6133145074173032,0.6133135682082196,0.613314507417303,9.39209083394843e-07,False,False,False
CRR-STAGEII-CONFIRM-2026-07-22,21c5b970e734ed79636df2f3882d4d85460c5efa40b88e59b9b9a3f34a25c0ff,E3,E3-A0.90-BINDING_MID,202607223019,solved,0.5346514992174067,0.5346507061266614,0.5346514992174041,7.930907426345613e-07,False,False,False
CRR-STAGEII-CONFIRM-2026-07-22,21c5b970e734ed79636df2f3882d4d85460c5efa40b88e59b9b9a3f34a25c0ff,E3,E3-A0.90-BINDING_MID,202607223020,solved,-0.8666137956584958,-0.8666137956584962,-0.8666131984332917,5.972252045127746e-07,True,True,True
CRR-STAGEII-CONFIRM-2026-07-22,21c5b970e734ed79636df2f3882d4d85460c5efa40b88e59b9b9a3f34a25c0ff,E3,E3-A0.90-BINDING_MID,202607223021,solved,0.46676122405795534,0.4667598553960446,0.46676122405795506,1.3686619104724684e-06,False,False,False
CRR-STAGEII-CONFIRM-2026-07-22,21c5b970e734ed79636df2f3882d4d85460c5efa40b88e59b9b9a3f34a25c0ff,E3,E3-A0.90-BINDING_MID,202607223022,solved,0.49313855952337593,0.4931380895093165,0.4931385595233759,4.70014059394952e-07,False,False,False
CRR-STAGEII-CONFIRM-2026-07-22,21c5b970e734ed79636df2f3882d4d85460c5efa40b88e59b9b9a3f34a25c0ff,E3,E3-A0.90-BINDING_MID,202607223023,solved,0.5738431926267362,0.5738429062099542,0.5738431926267328,2.864167786276184e-07,False,False,False
CRR-STAGEII-CONFIRM-2026-07-22,21c5b970e734ed79636df2f3882d4d85460c5efa40b88e59b9b9a3f34a25c0ff,E3,E3-A0.90-BINDING_MID,202607223024,solved,0.5006227508679517,0.5006150043917446,0.5006227508679542,7.746476209602449e-06,False,False,False
CRR-STAGEII-CONFIRM-2026-07-22,21c5b970e734ed79636df2f3882d4d85460c5efa40b88e59b9b9a3f34a25c0ff,E3,E3-A0.90-BINDING_MID,202607223025,solved,0.5523834399374343,0.5523829366710924,0.5523834399374317,5.03266339269004e-07,False,False,False
CRR-STAGEII-CONFIRM-2026-07-22,21c5b970e734ed79636df2f3882d4d85460c5efa40b88e59b9b9a3f34a25c0ff,E3,E3-A0.90-BINDING_MID,202607223026,solved,0.5428190242180999,0.5428183168213483,0.542819024218095,7.07396746735256e-07,False,False,False
CRR-STAGEII-CONFIRM-2026-07-22,21c5b970e734ed79636df2f3882d4d85460c5efa40b88e59b9b9a3f34a25c0ff,E3,E3-A0.90-BINDING_MID,202607223027,solved,0.5087094336450437,0.5087087621893558,0.5087094336450406,6.714556848308462e-07,False,False,False
CRR-STAGEII-CONFIRM-2026-07-22,21c5b970e734ed79636df2f3882d4d85460c5efa40b88e59b9b9a3f34a25c0ff,E3,E3-A0.90-BINDING_MID,202607223028,solved,0.5449798688904952,0.5449795261079224,0.5449798688904947,3.427825722157607e-07,False,False,False
CRR-STAGEII-CONFIRM-2026-07-22,21c5b970e734ed79636df2f3882d4d85460c5efa40b88e59b9b9a3f34a25c0ff,E3,E3-A0.90-BINDING_MID,202607223029,solved,0.5174644282571799,0.5174622558919051,0.517464428257181,2.1723652758876e-06,False,False,False
CRR-STAGEII-CONFIRM-2026-07-22,21c5b970e734ed79636df2f3882d4d85460c5efa40b88e59b9b9a3f34a25c0ff,E3,E3-A0.90-BINDING_MID,202607223030,solved,0.49365892548055523,0.4936580150314857,0.49365892548055823,9.104490725220238e-07,False,False,False
CRR-STAGEII-CONFIRM-2026-07-22,21c5b970e734ed79636df2f3882d4d85460c5efa40b88e59b9b9a3f34a25c0ff,E3,E3-A0.90-BINDING_MID,202607223031,solved,0.47131617652642177,0.4713153984828775,0.4713161765264228,7.780435453130785e-07,False,False,False
CRR-STAGEII-CONFIRM-2026-07-22,21c5b970e734ed79636df2f3882d4d85460c5efa40b88e59b9b9a3f34a25c0ff,E3,E3-A0.90-BINDING_MID,202607223032,solved,0.5184369451119677,0.5184335059040563,0.5184369451119676,3.4392079112377516e-06,False,False,False
CRR-STAGEII-CONFIRM-2026-07-22,21c5b970e734ed79636df2f3882d4d85460c5efa40b88e59b9b9a3f34a25c0ff,E3,E3-A0.90-BINDING_MID,202607223033,solved,-0.9276448080594768,-0.9276448080594759,-0.9276435344609897,1.2735984862288774e-06,True,True,True
CRR-STAGEII-CONFIRM-2026-07-22,21c5b970e734ed79636df2f3882d4d85460c5efa40b88e59b9b9a3f34a25c0ff,E3,E3-A0.90-BINDING_MID,202607223034,solved,0.48114405584228526,0.4811423754528334,0.48114405584228476,1.6803894513639506e-06,False,False,False
CRR-STAGEII-CONFIRM-2026-07-22,21c5b970e734ed79636df2f3882d4d85460c5efa40b88e59b9b9a3f34a25c0ff,E3,E3-A0.90-BINDING_MID,202607223035,solved,-0.8284053143076127,-0.8284053143076123,-0.8284039188738315,1.3954337808597117e-06,True,True,True
CRR-STAGEII-CONFIRM-2026-07-22,21c5b970e734ed79636df2f3882d4d85460c5efa40b88e59b9b9a3f34a25c0ff,E3,E3-A0.90-BINDING_MID,202607223036,solved,0.5345193035711278,0.5345186617724789,0.5345193035711271,6.417986482265547e-07,False,False,False
CRR-STAGEII-CONFIRM-2026-07-22,21c5b970e734ed79636df2f3882d4d85460c5efa40b88e59b9b9a3f34a25c0ff,E3,E3-A0.90-BINDING_MID,202607223037,solved,0.48441794571977326,0.4844168620313369,0.48441794571977315,1.0836884362652732e-06,False,False,False
CRR-STAGEII-CONFIRM-2026-07-22,21c5b970e734ed79636df2f3882d4d85460c5efa40b88e59b9b9a3f34a25c0ff,E3,E3-A0.90-BINDING_MID,202607223038,solved,0.5969750477301237,0.5969737435299212,0.5969750477301219,1.3042002007246367e-06,False,False,False
CRR-STAGEII-CONFIRM-2026-07-22,21c5b970e734ed79636df2f3882d4d85460c5efa40b88e59b9b9a3f34a25c0ff,E3,E3-A0.90-BINDING_MID,202607223039,solved,0.4643519655260256,0.46435051636460734,0.46435196552602626,1.449161418920486e-06,False,False,False
CRR-STAGEII-CONFIRM-2026-07-22,21c5b970e734ed79636df2f3882d4d85460c5efa40b88e59b9b9a3f34a25c0ff,E3,E3-A0.90-BINDING_MID,202607223040,solved,0.5051467492645583,0.5051281766516986,0.5051467492645574,1.857261285875822e-05,False,False,False
CRR-STAGEII-CONFIRM-2026-07-22,21c5b970e734ed79636df2f3882d4d85460c5efa40b88e59b9b9a3f34a25c0ff,E3,E3-A0.90-BINDING_MID,202607223041,solved,0.5343528113266722,0.5343517250108323,0.534352811326674,1.0863158417251384e-06,False,False,False
CRR-STAGEII-CONFIRM-2026-07-22,21c5b970e734ed79636df2f3882d4d85460c5efa40b88e59b9b9a3f34a25c0ff,E3,E3-A0.90-BINDING_MID,202607223042,solved,0.4832497012281596,0.4832492485284385,0.48324970122815736,4.5269971887806904e-07,False,False,False
CRR-STAGEII-CONFIRM-2026-07-22,21c5b970e734ed79636df2f3882d4d85460c5efa40b88e59b9b9a3f34a25c0ff,E3,E3-A0.90-BINDING_MID,202607223043,solved,0.45146423128288626,0.4514635047507833,0.45146423128289165,7.265321083638199e-07,False,False,False
CRR-STAGEII-CONFIRM-2026-07-22,21c5b970e734ed79636df2f3882d4d85460c5efa40b88e59b9b9a3f34a25c0ff,E3,E3-A0.90-BINDING_MID,202607223044,solved,0.5837817562887793,0.5837814160713246,0.5837817562887755,3.4021745087819966e-07,False,False,False
CRR-STAGEII-CONFIRM-2026-07-22,21c5b970e734ed79636df2f3882d4d85460c5efa40b88e59b9b9a3f34a25c0ff,E3,E3-A0.90-BINDING_MID,202607223045,solved,0.43559976409454193,0.4355969861871806,0.43559976409454,2.777907359363674e-06,False,False,False
CRR-STAGEII-CONFIRM-2026-07-22,21c5b970e734ed79636df2f3882d4d85460c5efa40b88e59b9b9a3f34a25c0ff,E3,E3-A0.90-BINDING_MID,202607223046,solved,0.5428855899988978,0.5428845480838591,0.5428855899988974,1.041915038246799e-06,False,False,False
CRR-STAGEII-CONFIRM-2026-07-22,21c5b970e734ed79636df2f3882d4d85460c5efa40b88e59b9b9a3f34a25c0ff,E3,E3-A0.90-BINDING_MID,202607223047,solved,0.5259377860139627,0.5259368303894243,0.5259377860139614,9.556245370578864e-07,False,False,False
CRR-STAGEII-CONFIRM-2026-07-22,21c5b970e734ed79636df2f3882d4d85460c5efa40b88e59b9b9a3f34a25c0ff,E3,E3-A0.90-BINDING_MID,202607223048,solved,0.4873151469863648,0.48731464613758235,0.4873151469863636,5.008487812263596e-07,False,False,False
CRR-STAGEII-CONFIRM-2026-07-22,21c5b970e734ed79636df2f3882d4d85460c5efa40b88e59b9b9a3f34a25c0ff,E3,E3-A0.90-BINDING_MID,202607223049,solved,0.48681046964594565,0.4868091010490252,0.4868104696459453,1.3685969201260306e-06,False,False,False
CRR-STAGEII-CONFIRM-2026-07-22,21c5b970e734ed79636df2f3882d4d85460c5efa40b88e59b9b9a3f34a25c0ff,E3,E3-A0.90-BINDING_MID,202607223050,solved,0.44374615812821183,0.4437374065721769,0.44374615812820967,8.751556032748908e-06,False,False,False
CRR-STAGEII-CONFIRM-2026-07-22,21c5b970e734ed79636df2f3882d4d85460c5efa40b88e59b9b9a3f34a25c0ff,E3,E3-A0.90-BINDING_MID,202607223051,solved,0.4946510665207573,0.49465043926808083,0.4946510665207571,6.272526762440833e-07,False,False,False
CRR-STAGEII-CONFIRM-2026-07-22,21c5b970e734ed79636df2f3882d4d85460c5efa40b88e59b9b9a3f34a25c0ff,E3,E3-A0.90-BINDING_MID,202607223052,solved,-0.8452416730919305,-0.8452416730919274,-0.8452339721055848,7.700986342618066e-06,True,True,True
CRR-STAGEII-CONFIRM-2026-07-22,21c5b970e734ed79636df2f3882d4d85460c5efa40b88e59b9b9a3f34a25c0ff,E3,E3-A0.90-BINDING_MID,202607223053,solved,0.4829644920274676,0.48296272605675106,0.48296449202746994,1.7659707188810714e-06,False,False,False
CRR-STAGEII-CONFIRM-2026-07-22,21c5b970e734ed79636df2f3882d4d85460c5efa40b88e59b9b9a3f34a25c0ff,E3,E3-A0.90-BINDING_MID,202607223054,solved,0.47052375437208993,0.47052174599406316,0.4705237543720913,2.0083780281621166e-06,False,False,False
CRR-STAGEII-CONFIRM-2026-07-22,21c5b970e734ed79636df2f3882d4d85460c5efa40b88e59b9b9a3f34a25c0ff,E3,E3-A0.90-BINDING_MID,202607223055,solved,0.47933264252161023,0.47933203402243185,0.479332642521609,6.084991771571069e-07,False,False,False
CRR-STAGEII-CONFIRM-2026-07-22,21c5b970e734ed79636df2f3882d4d85460c5efa40b88e59b9b9a3f34a25c0ff,E3,E3-A0.90-BINDING_MID,202607223056,solved,0.4944340861046075,0.4944334011358072,0.49443408610460876,6.849688015675426e-07,False,False,False
CRR-STAGEII-CONFIRM-2026-07-22,21c5b970e734ed79636df2f3882d4d85460c5efa40b88e59b9b9a3f34a25c0ff,E3,E3-A0.90-BINDING_MID,202607223057,solved,0.4814783805366001,0.4814736726348021,0.4814783805366005,4.707901798406411e-06,False,False,False
CRR-STAGEII-CONFIRM-2026-07-22,21c5b970e734ed79636df2f3882d4d85460c5efa40b88e59b9b9a3f34a25c0ff,E3,E3-A0.90-BINDING_MID,202607223058,solved,-0.9086513692770475,-0.9086513692770479,-0.9086502202511422,1.1490259057556074e-06,True,True,True
CRR-STAGEII-CONFIRM-2026-07-22,21c5b970e734ed79636df2f3882d4d85460c5efa40b88e59b9b9a3f34a25c0ff,E3,E3-A0.90-BINDING_MID,202607223059,solved,-0.892566980217296,-0.8925669802172953,-0.8923875033314012,0.00017947688589414756,True,True,True
CRR-STAGEII-CONFIRM-2026-07-22,21c5b970e734ed79636df2f3882d4d85460c5efa40b88e59b9b9a3f34a25c0ff,E3,E3-A0.90-BINDING_MID,202607223060,solved,-0.8414418170712714,-0.8414418170712703,-0.8414401660411976,1.6510300726579885e-06,True,True,True
CRR-STAGEII-CONFIRM-2026-07-22,21c5b970e734ed79636df2f3882d4d85460c5efa40b88e59b9b9a3f34a25c0ff,E3,E3-A0.90-BINDING_MID,202607223061,solved,0.5274384241807737,0.5274377769196132,0.5274384241807749,6.472611616681334e-07,False,False,False
CRR-STAGEII-CONFIRM-2026-07-22,21c5b970e734ed79636df2f3882d4d85460c5efa40b88e59b9b9a3f34a25c0ff,E3,E3-A0.90-BINDING_MID,202607223062,solved,0.4853847151166075,0.4853842524872318,0.4853847151166044,4.6262937258845227e-07,False,False,False
CRR-STAGEII-CONFIRM-2026-07-22,21c5b970e734ed79636df2f3882d4d85460c5efa40b88e59b9b9a3f34a25c0ff,E3,E3-A0.90-BINDING_MID,202607223063,solved,-0.8325739512789392,-0.8325739512789385,-0.8325730928153761,8.584635624586667e-07,True,True,True
CRR-STAGEII-CONFIRM-2026-07-22,21c5b970e734ed79636df2f3882d4d85460c5efa40b88e59b9b9a3f34a25c0ff,E3,E3-A0.90-BINDING_MID,202607223064,solved,0.5318621176011957,0.5318615651256302,0.5318621176011962,5.524755659624958e-07,False,False,False
CRR-STAGEII-CONFIRM-2026-07-22,21c5b970e734ed79636df2f3882d4d85460c5efa40b88e59b9b9a3f34a25c0ff,E3,E3-A0.90-INFEASIBLE,202607223001,infeasible,,,,,False,False,False
CRR-STAGEII-CONFIRM-2026-07-22,21c5b970e734ed79636df2f3882d4d85460c5efa40b88e59b9b9a3f34a25c0ff,E3,E3-A0.90-INFEASIBLE,202607223002,infeasible,,,,,False,False,False
CRR-STAGEII-CONFIRM-2026-07-22,21c5b970e734ed79636df2f3882d4d85460c5efa40b88e59b9b9a3f34a25c0ff,E3,E3-A0.90-INFEASIBLE,202607223003,infeasible,,,,,False,False,False
CRR-STAGEII-CONFIRM-2026-07-22,21c5b970e734ed79636df2f3882d4d85460c5efa40b88e59b9b9a3f34a25c0ff,E3,E3-A0.90-INFEASIBLE,202607223004,infeasible,,,,,False,False,False
CRR-STAGEII-CONFIRM-2026-07-22,21c5b970e734ed79636df2f3882d4d85460c5efa40b88e59b9b9a3f34a25c0ff,E3,E3-A0.90-INFEASIBLE,202607223005,infeasible,,,,,False,False,False
CRR-STAGEII-CONFIRM-2026-07-22,21c5b970e734ed79636df2f3882d4d85460c5efa40b88e59b9b9a3f34a25c0ff,E3,E3-A0.90-INFEASIBLE,202607223006,infeasible,,,,,False,False,False
CRR-STAGEII-CONFIRM-2026-07-22,21c5b970e734ed79636df2f3882d4d85460c5efa40b88e59b9b9a3f34a25c0ff,E3,E3-A0.90-INFEASIBLE,202607223007,infeasible,,,,,False,False,False
CRR-STAGEII-CONFIRM-2026-07-22,21c5b970e734ed79636df2f3882d4d85460c5efa40b88e59b9b9a3f34a25c0ff,E3,E3-A0.90-INFEASIBLE,202607223008,infeasible,,,,,False,False,False
CRR-STAGEII-CONFIRM-2026-07-22,21c5b970e734ed79636df2f3882d4d85460c5efa40b88e59b9b9a3f34a25c0ff,E3,E3-A0.90-INFEASIBLE,202607223009,infeasible,,,,,False,False,False
CRR-STAGEII-CONFIRM-2026-07-22,21c5b970e734ed79636df2f3882d4d85460c5efa40b88e59b9b9a3f34a25c0ff,E3,E3-A0.90-INFEASIBLE,202607223010,infeasible,,,,,False,False,False
CRR-STAGEII-CONFIRM-2026-07-22,21c5b970e734ed79636df2f3882d4d85460c5efa40b88e59b9b9a3f34a25c0ff,E3,E3-A0.90-INFEASIBLE,202607223011,infeasible,,,,,False,False,False
CRR-STAGEII-CONFIRM-2026-07-22,21c5b970e734ed79636df2f3882d4d85460c5efa40b88e59b9b9a3f34a25c0ff,E3,E3-A0.90-INFEASIBLE,202607223012,infeasible,,,,,False,False,False
CRR-STAGEII-CONFIRM-2026-07-22,21c5b970e734ed79636df2f3882d4d85460c5efa40b88e59b9b9a3f34a25c0ff,E3,E3-A0.90-INFEASIBLE,202607223013,infeasible,,,,,False,False,False
CRR-STAGEII-CONFIRM-2026-07-22,21c5b970e734ed79636df2f3882d4d85460c5efa40b88e59b9b9a3f34a25c0ff,E3,E3-A0.90-INFEASIBLE,202607223014,infeasible,,,,,False,False,False
CRR-STAGEII-CONFIRM-2026-07-22,21c5b970e734ed79636df2f3882d4d85460c5efa40b88e59b9b9a3f34a25c0ff,E3,E3-A0.90-INFEASIBLE,202607223015,infeasible,,,,,False,False,False
CRR-STAGEII-CONFIRM-2026-07-22,21c5b970e734ed79636df2f3882d4d85460c5efa40b88e59b9b9a3f34a25c0ff,E3,E3-A0.90-INFEASIBLE,202607223016,infeasible,,,,,False,False,False
CRR-STAGEII-CONFIRM-2026-07-22,21c5b970e734ed79636df2f3882d4d85460c5efa40b88e59b9b9a3f34a25c0ff,E3,E3-A0.90-INFEASIBLE,202607223017,infeasible,,,,,False,False,False
CRR-STAGEII-CONFIRM-2026-07-22,21c5b970e734ed79636df2f3882d4d85460c5efa40b88e59b9b9a3f34a25c0ff,E3,E3-A0.90-INFEASIBLE,202607223018,infeasible,,,,,False,False,False
CRR-STAGEII-CONFIRM-2026-07-22,21c5b970e734ed79636df2f3882d4d85460c5efa40b88e59b9b9a3f34a25c0ff,E3,E3-A0.90-INFEASIBLE,202607223019,infeasible,,,,,False,False,False
CRR-STAGEII-CONFIRM-2026-07-22,21c5b970e734ed79636df2f3882d4d85460c5efa40b88e59b9b9a3f34a25c0ff,E3,E3-A0.90-INFEASIBLE,202607223020,infeasible,,,,,False,False,False
CRR-STAGEII-CONFIRM-2026-07-22,21c5b970e734ed79636df2f3882d4d85460c5efa40b88e59b9b9a3f34a25c0ff,E3,E3-A0.90-INFEASIBLE,202607223021,infeasible,,,,,False,False,False
CRR-STAGEII-CONFIRM-2026-07-22,21c5b970e734ed79636df2f3882d4d85460c5efa40b88e59b9b9a3f34a25c0ff,E3,E3-A0.90-INFEASIBLE,202607223022,infeasible,,,,,False,False,False
CRR-STAGEII-CONFIRM-2026-07-22,21c5b970e734ed79636df2f3882d4d85460c5efa40b88e59b9b9a3f34a25c0ff,E3,E3-A0.90-INFEASIBLE,202607223023,infeasible,,,,,False,False,False
CRR-STAGEII-CONFIRM-2026-07-22,21c5b970e734ed79636df2f3882d4d85460c5efa40b88e59b9b9a3f34a25c0ff,E3,E3-A0.90-INFEASIBLE,202607223024,infeasible,,,,,False,False,False
CRR-STAGEII-CONFIRM-2026-07-22,21c5b970e734ed79636df2f3882d4d85460c5efa40b88e59b9b9a3f34a25c0ff,E3,E3-A0.90-INFEASIBLE,202607223025,infeasible,,,,,False,False,False
CRR-STAGEII-CONFIRM-2026-07-22,21c5b970e734ed79636df2f3882d4d85460c5efa40b88e59b9b9a3f34a25c0ff,E3,E3-A0.90-INFEASIBLE,202607223026,infeasible,,,,,False,False,False
CRR-STAGEII-CONFIRM-2026-07-22,21c5b970e734ed79636df2f3882d4d85460c5efa40b88e59b9b9a3f34a25c0ff,E3,E3-A0.90-INFEASIBLE,202607223027,infeasible,,,,,False,False,False
CRR-STAGEII-CONFIRM-2026-07-22,21c5b970e734ed79636df2f3882d4d85460c5efa40b88e59b9b9a3f34a25c0ff,E3,E3-A0.90-INFEASIBLE,202607223028,infeasible,,,,,False,False,False
CRR-STAGEII-CONFIRM-2026-07-22,21c5b970e734ed79636df2f3882d4d85460c5efa40b88e59b9b9a3f34a25c0ff,E3,E3-A0.90-INFEASIBLE,202607223029,infeasible,,,,,False,False,False
CRR-STAGEII-CONFIRM-2026-07-22,21c5b970e734ed79636df2f3882d4d85460c5efa40b88e59b9b9a3f34a25c0ff,E3,E3-A0.90-INFEASIBLE,202607223030,infeasible,,,,,False,False,False
CRR-STAGEII-CONFIRM-2026-07-22,21c5b970e734ed79636df2f3882d4d85460c5efa40b88e59b9b9a3f34a25c0ff,E3,E3-A0.90-INFEASIBLE,202607223031,infeasible,,,,,False,False,False
CRR-STAGEII-CONFIRM-2026-07-22,21c5b970e734ed79636df2f3882d4d85460c5efa40b88e59b9b9a3f34a25c0ff,E3,E3-A0.90-INFEASIBLE,202607223032,infeasible,,,,,False,False,False
CRR-STAGEII-CONFIRM-2026-07-22,21c5b970e734ed79636df2f3882d4d85460c5efa40b88e59b9b9a3f34a25c0ff,E3,E3-A0.90-INFEASIBLE,202607223033,infeasible,,,,,False,False,False
CRR-STAGEII-CONFIRM-2026-07-22,21c5b970e734ed79636df2f3882d4d85460c5efa40b88e59b9b9a3f34a25c0ff,E3,E3-A0.90-INFEASIBLE,202607223034,infeasible,,,,,False,False,False
CRR-STAGEII-CONFIRM-2026-07-22,21c5b970e734ed79636df2f3882d4d85460c5efa40b88e59b9b9a3f34a25c0ff,E3,E3-A0.90-INFEASIBLE,202607223035,infeasible,,,,,False,False,False
CRR-STAGEII-CONFIRM-2026-07-22,21c5b970e734ed79636df2f3882d4d85460c5efa40b88e59b9b9a3f34a25c0ff,E3,E3-A0.90-INFEASIBLE,202607223036,infeasible,,,,,False,False,False
CRR-STAGEII-CONFIRM-2026-07-22,21c5b970e734ed79636df2f3882d4d85460c5efa40b88e59b9b9a3f34a25c0ff,E3,E3-A0.90-INFEASIBLE,202607223037,infeasible,,,,,False,False,False
CRR-STAGEII-CONFIRM-2026-07-22,21c5b970e734ed79636df2f3882d4d85460c5efa40b88e59b9b9a3f34a25c0ff,E3,E3-A0.90-INFEASIBLE,202607223038,infeasible,,,,,False,False,False
CRR-STAGEII-CONFIRM-2026-07-22,21c5b970e734ed79636df2f3882d4d85460c5efa40b88e59b9b9a3f34a25c0ff,E3,E3-A0.90-INFEASIBLE,202607223039,infeasible,,,,,False,False,False
CRR-STAGEII-CONFIRM-2026-07-22,21c5b970e734ed79636df2f3882d4d85460c5efa40b88e59b9b9a3f34a25c0ff,E3,E3-A0.90-INFEASIBLE,202607223040,infeasible,,,,,False,False,False
CRR-STAGEII-CONFIRM-2026-07-22,21c5b970e734ed79636df2f3882d4d85460c5efa40b88e59b9b9a3f34a25c0ff,E3,E3-A0.90-INFEASIBLE,202607223041,infeasible,,,,,False,False,False
CRR-STAGEII-CONFIRM-2026-07-22,21c5b970e734ed79636df2f3882d4d85460c5efa40b88e59b9b9a3f34a25c0ff,E3,E3-A0.90-INFEASIBLE,202607223042,infeasible,,,,,False,False,False
CRR-STAGEII-CONFIRM-2026-07-22,21c5b970e734ed79636df2f3882d4d85460c5efa40b88e59b9b9a3f34a25c0ff,E3,E3-A0.90-INFEASIBLE,202607223043,infeasible,,,,,False,False,False
CRR-STAGEII-CONFIRM-2026-07-22,21c5b970e734ed79636df2f3882d4d85460c5efa40b88e59b9b9a3f34a25c0ff,E3,E3-A0.90-INFEASIBLE,202607223044,infeasible,,,,,False,False,False
CRR-STAGEII-CONFIRM-2026-07-22,21c5b970e734ed79636df2f3882d4d85460c5efa40b88e59b9b9a3f34a25c0ff,E3,E3-A0.90-INFEASIBLE,202607223045,infeasible,,,,,False,False,False
CRR-STAGEII-CONFIRM-2026-07-22,21c5b970e734ed79636df2f3882d4d85460c5efa40b88e59b9b9a3f34a25c0ff,E3,E3-A0.90-INFEASIBLE,202607223046,infeasible,,,,,False,False,False
CRR-STAGEII-CONFIRM-2026-07-22,21c5b970e734ed79636df2f3882d4d85460c5efa40b88e59b9b9a3f34a25c0ff,E3,E3-A0.90-INFEASIBLE,202607223047,infeasible,,,,,False,False,False
CRR-STAGEII-CONFIRM-2026-07-22,21c5b970e734ed79636df2f3882d4d85460c5efa40b88e59b9b9a3f34a25c0ff,E3,E3-A0.90-INFEASIBLE,202607223048,infeasible,,,,,False,False,False
CRR-STAGEII-CONFIRM-2026-07-22,21c5b970e734ed79636df2f3882d4d85460c5efa40b88e59b9b9a3f34a25c0ff,E3,E3-A0.90-INFEASIBLE,202607223049,infeasible,,,,,False,False,False
CRR-STAGEII-CONFIRM-2026-07-22,21c5b970e734ed79636df2f3882d4d85460c5efa40b88e59b9b9a3f34a25c0ff,E3,E3-A0.90-INFEASIBLE,202607223050,infeasible,,,,,False,False,False
CRR-STAGEII-CONFIRM-2026-07-22,21c5b970e734ed79636df2f3882d4d85460c5efa40b88e59b9b9a3f34a25c0ff,E3,E3-A0.90-INFEASIBLE,202607223051,infeasible,,,,,False,False,False
CRR-STAGEII-CONFIRM-2026-07-22,21c5b970e734ed79636df2f3882d4d85460c5efa40b88e59b9b9a3f34a25c0ff,E3,E3-A0.90-INFEASIBLE,202607223052,infeasible,,,,,False,False,False
CRR-STAGEII-CONFIRM-2026-07-22,21c5b970e734ed79636df2f3882d4d85460c5efa40b88e59b9b9a3f34a25c0ff,E3,E3-A0.90-INFEASIBLE,202607223053,infeasible,,,,,False,False,False
CRR-STAGEII-CONFIRM-2026-07-22,21c5b970e734ed79636df2f3882d4d85460c5efa40b88e59b9b9a3f34a25c0ff,E3,E3-A0.90-INFEASIBLE,202607223054,infeasible,,,,,False,False,False
CRR-STAGEII-CONFIRM-2026-07-22,21c5b970e734ed79636df2f3882d4d85460c5efa40b88e59b9b9a3f34a25c0ff,E3,E3-A0.90-INFEASIBLE,202607223055,infeasible,,,,,False,False,False
CRR-STAGEII-CONFIRM-2026-07-22,21c5b970e734ed79636df2f3882d4d85460c5efa40b88e59b9b9a3f34a25c0ff,E3,E3-A0.90-INFEASIBLE,202607223056,infeasible,,,,,False,False,False
CRR-STAGEII-CONFIRM-2026-07-22,21c5b970e734ed79636df2f3882d4d85460c5efa40b88e59b9b9a3f34a25c0ff,E3,E3-A0.90-INFEASIBLE,202607223057,infeasible,,,,,False,False,False
CRR-STAGEII-CONFIRM-2026-07-22,21c5b970e734ed79636df2f3882d4d85460c5efa40b88e59b9b9a3f34a25c0ff,E3,E3-A0.90-INFEASIBLE,202607223058,infeasible,,,,,False,False,False
CRR-STAGEII-CONFIRM-2026-07-22,21c5b970e734ed79636df2f3882d4d85460c5efa40b88e59b9b9a3f34a25c0ff,E3,E3-A0.90-INFEASIBLE,202607223059,infeasible,,,,,False,False,False
CRR-STAGEII-CONFIRM-2026-07-22,21c5b970e734ed79636df2f3882d4d85460c5efa40b88e59b9b9a3f34a25c0ff,E3,E3-A0.90-INFEASIBLE,202607223060,infeasible,,,,,False,False,False
CRR-STAGEII-CONFIRM-2026-07-22,21c5b970e734ed79636df2f3882d4d85460c5efa40b88e59b9b9a3f34a25c0ff,E3,E3-A0.90-INFEASIBLE,202607223061,infeasible,,,,,False,False,False
CRR-STAGEII-CONFIRM-2026-07-22,21c5b970e734ed79636df2f3882d4d85460c5efa40b88e59b9b9a3f34a25c0ff,E3,E3-A0.90-INFEASIBLE,202607223062,infeasible,,,,,False,False,False
CRR-STAGEII-CONFIRM-2026-07-22,21c5b970e734ed79636df2f3882d4d85460c5efa40b88e59b9b9a3f34a25c0ff,E3,E3-A0.90-INFEASIBLE,202607223063,infeasible,,,,,False,False,False
CRR-STAGEII-CONFIRM-2026-07-22,21c5b970e734ed79636df2f3882d4d85460c5efa40b88e59b9b9a3f34a25c0ff,E3,E3-A0.90-INFEASIBLE,202607223064,infeasible,,,,,False,False,False
CRR-STAGEII-CONFIRM-2026-07-22,21c5b970e734ed79636df2f3882d4d85460c5efa40b88e59b9b9a3f34a25c0ff,E3,E3-A0.90-JUST_BINDING,202607223001,solved,0.9527535077130083,0.9527440120694084,0.9527535077130075,9.495643599088943e-06,False,False,False
CRR-STAGEII-CONFIRM-2026-07-22,21c5b970e734ed79636df2f3882d4d85460c5efa40b88e59b9b9a3f34a25c0ff,E3,E3-A0.90-JUST_BINDING,202607223002,solved,0.9519819618312586,0.9519806411206082,0.9519819618312585,1.3207106502877153e-06,False,False,False
CRR-STAGEII-CONFIRM-2026-07-22,21c5b970e734ed79636df2f3882d4d85460c5efa40b88e59b9b9a3f34a25c0ff,E3,E3-A0.90-JUST_BINDING,202607223003,solved,0.9598061171471037,0.9598033009605207,0.9598061171471081,2.8161865873732594e-06,False,False,False
CRR-STAGEII-CONFIRM-2026-07-22,21c5b970e734ed79636df2f3882d4d85460c5efa40b88e59b9b9a3f34a25c0ff,E3,E3-A0.90-JUST_BINDING,202607223004,solved,0.957535261712902,0.9575342922264705,0.9575352617129017,9.694864312459472e-07,False,False,False
CRR-STAGEII-CONFIRM-2026-07-22,21c5b970e734ed79636df2f3882d4d85460c5efa40b88e59b9b9a3f34a25c0ff,E3,E3-A0.90-JUST_BINDING,202607223005,solved,0.9555250366673163,0.9555238081846711,0.9555250366673167,1.2284826456099296e-06,False,False,False
CRR-STAGEII-CONFIRM-2026-07-22,21c5b970e734ed79636df2f3882d4d85460c5efa40b88e59b9b9a3f34a25c0ff,E3,E3-A0.90-JUST_BINDING,202607223006,solved,0.9543147740592204,0.9543127917510903,0.9543147740592223,1.982308131975863e-06,False,False,False
CRR-STAGEII-CONFIRM-2026-07-22,21c5b970e734ed79636df2f3882d4d85460c5efa40b88e59b9b9a3f34a25c0ff,E3,E3-A0.90-JUST_BINDING,202607223007,solved,-0.9854932051688088,-0.9854932051688088,-0.9854873355412046,5.869627604182526e-06,True,True,True
CRR-STAGEII-CONFIRM-2026-07-22,21c5b970e734ed79636df2f3882d4d85460c5efa40b88e59b9b9a3f34a25c0ff,E3,E3-A0.90-JUST_BINDING,202607223008,solved,0.9480085927046562,0.9480059590620391,0.9480085927046564,2.6336426173223515e-06,False,False,False
CRR-STAGEII-CONFIRM-2026-07-22,21c5b970e734ed79636df2f3882d4d85460c5efa40b88e59b9b9a3f34a25c0ff,E3,E3-A0.90-JUST_BINDING,202607223009,solved,0.9522931782224604,0.9522923464398882,0.9522931782224603,8.317825720416394e-07,False,False,False
CRR-STAGEII-CONFIRM-2026-07-22,21c5b970e734ed79636df2f3882d4d85460c5efa40b88e59b9b9a3f34a25c0ff,E3,E3-A0.90-JUST_BINDING,202607223010,solved,0.9533341396849995,0.9533337644696827,0.9533341396849958,3.7521531315309886e-07,False,False,False
CRR-STAGEII-CONFIRM-2026-07-22,21c5b970e734ed79636df2f3882d4d85460c5efa40b88e59b9b9a3f34a25c0ff,E3,E3-A0.90-JUST_BINDING,202607223011,solved,0.9526222673285774,0.9526208968989072,0.9526222673285778,1.3704296706329444e-06,False,False,False
CRR-STAGEII-CONFIRM-2026-07-22,21c5b970e734ed79636df2f3882d4d85460c5efa40b88e59b9b9a3f34a25c0ff,E3,E3-A0.90-JUST_BINDING,202607223012,solved,0.9540455984687948,0.9540450840298305,0.954045598468795,5.144389645383995e-07,False,False,False
CRR-STAGEII-CONFIRM-2026-07-22,21c5b970e734ed79636df2f3882d4d85460c5efa40b88e59b9b9a3f34a25c0ff,E3,E3-A0.90-JUST_BINDING,202607223013,solved,-0.987402669841301,-0.9874026698413028,-0.987401628837205,1.0410040978126034e-06,True,True,True
CRR-STAGEII-CONFIRM-2026-07-22,21c5b970e734ed79636df2f3882d4d85460c5efa40b88e59b9b9a3f34a25c0ff,E3,E3-A0.90-JUST_BINDING,202607223014,solved,0.9494846022024244,0.949476999202401,0.9494846022024243,7.603000023226336e-06,False,False,False
CRR-STAGEII-CONFIRM-2026-07-22,21c5b970e734ed79636df2f3882d4d85460c5efa40b88e59b9b9a3f34a25c0ff,E3,E3-A0.90-JUST_BINDING,202607223015,solved,-0.986263114209909,-0.986263114209908,-0.9862589532930901,4.160916817874671e-06,True,True,True
CRR-STAGEII-CONFIRM-2026-07-22,21c5b970e734ed79636df2f3882d4d85460c5efa40b88e59b9b9a3f34a25c0ff,E3,E3-A0.90-JUST_BINDING,202607223016,solved,-0.9914036237711739,-0.9914036237711756,-0.9914024684114991,1.1553596764857232e-06,True,True,True
CRR-STAGEII-CONFIRM-2026-07-22,21c5b970e734ed79636df2f3882d4d85460c5efa40b88e59b9b9a3f34a25c0ff,E3,E3-A0.90-JUST_BINDING,202607223017,solved,-0.9849391570123676,-0.9849391570123686,-0.9849370940183342,2.062994034379706e-06,True,True,True
CRR-STAGEII-CONFIRM-2026-07-22,21c5b970e734ed79636df2f3882d4d85460c5efa40b88e59b9b9a3f34a25c0ff,E3,E3-A0.90-JUST_BINDING,202607223018,solved,0.9659980337485516,0.9659970910126436,0.9659980337485515,9.427359078939546e-07,False,False,False
CRR-STAGEII-CONFIRM-2026-07-22,21c5b970e734ed79636df2f3882d4d85460c5efa40b88e59b9b9a3f34a25c0ff,E3,E3-A0.90-JUST_BINDING,202607223019,solved,0.954854124744356,0.9548533274515878,0.9548541247443545,7.972927666966001e-07,False,False,False
CRR-STAGEII-CONFIRM-2026-07-22,21c5b970e734ed79636df2f3882d4d85460c5efa40b88e59b9b9a3f34a25c0ff,E3,E3-A0.90-JUST_BINDING,202607223020,solved,-0.9901640398736826,-0.9901640398736823,-0.9901634414129741,5.984607082121229e-07,True,True,True
CRR-STAGEII-CONFIRM-2026-07-22,21c5b970e734ed79636df2f3882d4d85460c5efa40b88e59b9b9a3f34a25c0ff,E3,E3-A0.90-JUST_BINDING,202607223021,solved,0.9483066820400261,0.9483053085626383,0.9483066820400254,1.3734773871565409e-06,False,False,False
CRR-STAGEII-CONFIRM-2026-07-22,21c5b970e734ed79636df2f3882d4d85460c5efa40b88e59b9b9a3f34a25c0ff,E3,E3-A0.90-JUST_BINDING,202607223022,solved,0.9535003152344288,0.9534998406167483,0.9535003152344296,4.746176812675529e-07,False,False,False
CRR-STAGEII-CONFIRM-2026-07-22,21c5b970e734ed79636df2f3882d4d85460c5efa40b88e59b9b9a3f34a25c0ff,E3,E3-A0.90-JUST_BINDING,202607223023,solved,0.9599889521580822,0.9599886618798397,0.9599889521580827,2.902782429980988e-07,False,False,False
CRR-STAGEII-CONFIRM-2026-07-22,21c5b970e734ed79636df2f3882d4d85460c5efa40b88e59b9b9a3f34a25c0ff,E3,E3-A0.90-JUST_BINDING,202607223024,solved,0.9567880902841988,0.9567803392463907,0.9567880902842001,7.751037809367034e-06,False,False,False
CRR-STAGEII-CONFIRM-2026-07-22,21c5b970e734ed79636df2f3882d4d85460c5efa40b88e59b9b9a3f34a25c0ff,E3,E3-A0.90-JUST_BINDING,202607223025,solved,0.9584211314601407,0.9584206241334285,0.9584211314601399,5.073267113075985e-07,False,False,False
CRR-STAGEII-CONFIRM-2026-07-22,21c5b970e734ed79636df2f3882d4d85460c5efa40b88e59b9b9a3f34a25c0ff,E3,E3-A0.90-JUST_BINDING,202607223026,solved,0.9566022311442555,0.9566015196096866,0.9566022311442554,7.115345687092045e-07,False,False,False
CRR-STAGEII-CONFIRM-2026-07-22,21c5b970e734ed79636df2f3882d4d85460c5efa40b88e59b9b9a3f34a25c0ff,E3,E3-A0.90-JUST_BINDING,202607223027,solved,0.9549530477171035,0.9549523717989938,0.9549530477171049,6.75918111037177e-07,False,False,False
CRR-STAGEII-CONFIRM-2026-07-22,21c5b970e734ed79636df2f3882d4d85460c5efa40b88e59b9b9a3f34a25c0ff,E3,E3-A0.90-JUST_BINDING,202607223028,solved,0.959110218924432,0.9591098720005626,0.9591102189244329,3.469238702979993e-07,False,False,False
CRR-STAGEII-CONFIRM-2026-07-22,21c5b970e734ed79636df2f3882d4d85460c5efa40b88e59b9b9a3f34a25c0ff,E3,E3-A0.90-JUST_BINDING,202607223029,solved,0.9540240654400212,0.9540218887091183,0.9540240654400205,2.176730902192503e-06,False,False,False
CRR-STAGEII-CONFIRM-2026-07-22,21c5b970e734ed79636df2f3882d4d85460c5efa40b88e59b9b9a3f34a25c0ff,E3,E3-A0.90-JUST_BINDING,202607223030,solved,0.9544157226506478,0.9544148075940075,0.954415722650648,9.150566404603211e-07,False,False,False
CRR-STAGEII-CONFIRM-2026-07-22,21c5b970e734ed79636df2f3882d4d85460c5efa40b88e59b9b9a3f34a25c0ff,E3,E3-A0.90-JUST_BINDING,202607223031,solved,0.9499553398304412,0.9499545570005166,0.9499553398304416,7.828299249945658e-07,False,False,False
CRR-STAGEII-CONFIRM-2026-07-22,21c5b970e734ed79636df2f3882d4d85460c5efa40b88e59b9b9a3f34a25c0ff,E3,E3-A0.90-JUST_BINDING,202607223032,solved,0.9550791621024868,0.9550757185281857,0.9550791621024863,3.4435743005989394e-06,False,False,False
CRR-STAGEII-CONFIRM-2026-07-22,21c5b970e734ed79636df2f3882d4d85460c5efa40b88e59b9b9a3f34a25c0ff,E3,E3-A0.90-JUST_BINDING,202607223033,solved,-0.9933735797234362,-0.9933735797234347,-0.9933723054676493,1.2742557853329117e-06,True,True,True
CRR-STAGEII-CONFIRM-2026-07-22,21c5b970e734ed79636df2f3882d4d85460c5efa40b88e59b9b9a3f34a25c0ff,E3,E3-A0.90-JUST_BINDING,202607223034,solved,0.9531647158020549,0.9531630306923757,0.9531647158020543,1.685109678573049e-06,False,False,False
CRR-STAGEII-CONFIRM-2026-07-22,21c5b970e734ed79636df2f3882d4d85460c5efa40b88e59b9b9a3f34a25c0ff,E3,E3-A0.90-JUST_BINDING,202607223035,solved,-0.9837721965265347,-0.983772196526533,-0.9837707995390594,1.3969874735897392e-06,True,True,True
CRR-STAGEII-CONFIRM-2026-07-22,21c5b970e734ed79636df2f3882d4d85460c5efa40b88e59b9b9a3f34a25c0ff,E3,E3-A0.90-JUST_BINDING,202607223036,solved,0.9593403390779065,0.9593396930310496,0.9593403390779074,6.460468577884626e-07,False,False,False
CRR-STAGEII-CONFIRM-2026-07-22,21c5b970e734ed79636df2f3882d4d85460c5efa40b88e59b9b9a3f34a25c0ff,E3,E3-A0.90-JUST_BINDING,202607223037,solved,0.9526531801285592,0.952652091757769,0.9526531801285587,1.0883707897146877e-06,False,False,False
CRR-STAGEII-CONFIRM-2026-07-22,21c5b970e734ed79636df2f3882d4d85460c5efa40b88e59b9b9a3f34a25c0ff,E3,E3-A0.90-JUST_BINDING,202607223038,solved,0.9644946478433989,0.9644933399679949,0.9644946478433987,1.3078754037554319e-06,False,False,False
CRR-STAGEII-CONFIRM-2026-07-22,21c5b970e734ed79636df2f3882d4d85460c5efa40b88e59b9b9a3f34a25c0ff,E3,E3-A0.90-JUST_BINDING,202607223039,solved,0.9482322118215294,0.9482307578213414,0.9482322118215288,1.4540001874729924e-06,False,False,False
CRR-STAGEII-CONFIRM-2026-07-22,21c5b970e734ed79636df2f3882d4d85460c5efa40b88e59b9b9a3f34a25c0ff,E3,E3-A0.90-JUST_BINDING,202607223040,solved,0.9578750815260539,0.9578565043855056,0.9578750815260542,1.8577140548536875e-05,False,False,False
CRR-STAGEII-CONFIRM-2026-07-22,21c5b970e734ed79636df2f3882d4d85460c5efa40b88e59b9b9a3f34a25c0ff,E3,E3-A0.90-JUST_BINDING,202607223041,solved,0.9584285844521001,0.9584274938954991,0.9584285844520999,1.0905566008023726e-06,False,False,False
CRR-STAGEII-CONFIRM-2026-07-22,21c5b970e734ed79636df2f3882d4d85460c5efa40b88e59b9b9a3f34a25c0ff,E3,E3-A0.90-JUST_BINDING,202607223042,solved,0.9520168399508091,0.9520163825634214,0.952016839950809,4.573873876312362e-07,False,False,False
CRR-STAGEII-CONFIRM-2026-07-22,21c5b970e734ed79636df2f3882d4d85460c5efa40b88e59b9b9a3f34a25c0ff,E3,E3-A0.90-JUST_BINDING,202607223043,solved,0.9496501078706765,0.94964937635671,0.9496501078706768,7.315139668451209e-07,False,False,False
CRR-STAGEII-CONFIRM-2026-07-22,21c5b970e734ed79636df2f3882d4d85460c5efa40b88e59b9b9a3f34a25c0ff,E3,E3-A0.90-JUST_BINDING,202607223044,solved,0.9607195761282941,0.9607192321414555,0.9607195761282935,3.4398683801395435e-07,False,False,False
CRR-STAGEII-CONFIRM-2026-07-22,21c5b970e734ed79636df2f3882d4d85460c5efa40b88e59b9b9a3f34a25c0ff,E3,E3-A0.90-JUST_BINDING,202607223045,solved,0.948645480722444,0.9486426976846443,0.9486454807224427,2.783037798437249e-06,False,False,False
CRR-STAGEII-CONFIRM-2026-07-22,21c5b970e734ed79636df2f3882d4d85460c5efa40b88e59b9b9a3f34a25c0ff,E3,E3-A0.90-JUST_BINDING,202607223046,solved,0.9576101346273871,0.9576090885651158,0.9576101346273872,1.0460622713592826e-06,False,False,False
CRR-STAGEII-CONFIRM-2026-07-22,21c5b970e734ed79636df2f3882d4d85460c5efa40b88e59b9b9a3f34a25c0ff,E3,E3-A0.90-JUST_BINDING,202607223047,solved,0.9578217389387549,0.9578207789953739,0.9578217389387554,9.599433815621339e-07,False,False,False
CRR-STAGEII-CONFIRM-2026-07-22,21c5b970e734ed79636df2f3882d4d85460c5efa40b88e59b9b9a3f34a25c0ff,E3,E3-A0.90-JUST_BINDING,202607223048,solved,0.95830290396661,0.958302398407944,0.9583029039666098,5.055586658198052e-07,False,False,False
CRR-STAGEII-CONFIRM-2026-07-22,21c5b970e734ed79636df2f3882d4d85460c5efa40b88e59b9b9a3f34a25c0ff,E3,E3-A0.90-JUST_BINDING,202607223049,solved,0.9522813718775653,0.9522799986259542,0.952281371877565,1.3732516107589632e-06,False,False,False
CRR-STAGEII-CONFIRM-2026-07-22,21c5b970e734ed79636df2f3882d4d85460c5efa40b88e59b9b9a3f34a25c0ff,E3,E3-A0.90-JUST_BINDING,202607223050,solved,0.9479509471801935,0.9479421905820355,0.9479509471801946,8.756598159020967e-06,False,False,False
CRR-STAGEII-CONFIRM-2026-07-22,21c5b970e734ed79636df2f3882d4d85460c5efa40b88e59b9b9a3f34a25c0ff,E3,E3-A0.90-JUST_BINDING,202607223051,solved,0.9541453385599272,0.9541447067122946,0.9541453385599274,6.318476328814882e-07,False,False,False
CRR-STAGEII-CONFIRM-2026-07-22,21c5b970e734ed79636df2f3882d4d85460c5efa40b88e59b9b9a3f34a25c0ff,E3,E3-A0.90-JUST_BINDING,202607223052,solved,-0.9858714253323155,-0.9858714253323151,-0.9858637229397611,7.702392553987636e-06,True,True,True
CRR-STAGEII-CONFIRM-2026-07-22,21c5b970e734ed79636df2f3882d4d85460c5efa40b88e59b9b9a3f34a25c0ff,E3,E3-A0.90-JUST_BINDING,202607223053,solved,0.9513790772360233,0.9513773065811393,0.9513790772360236,1.7706548842699732e-06,False,False,False
CRR-STAGEII-CONFIRM-2026-07-22,21c5b970e734ed79636df2f3882d4d85460c5efa40b88e59b9b9a3f34a25c0ff,E3,E3-A0.90-JUST_BINDING,202607223054,solved,0.9503894926123304,0.9503874794356661,0.9503894926123302,2.013176664039662e-06,False,False,False
CRR-STAGEII-CONFIRM-2026-07-22,21c5b970e734ed79636df2f3882d4d85460c5efa40b88e59b9b9a3f34a25c0ff,E3,E3-A0.90-JUST_BINDING,202607223055,solved,0.9507411899089286,0.9507405766956611,0.9507411899089288,6.132132676084368e-07,False,False,False
CRR-STAGEII-CONFIRM-2026-07-22,21c5b970e734ed79636df2f3882d4d85460c5efa40b88e59b9b9a3f34a25c0ff,E3,E3-A0.90-JUST_BINDING,202607223056,solved,0.9525930274015131,0.9525923378511132,0.9525930274015137,6.895504005566266e-07,False,False,False
CRR-STAGEII-CONFIRM-2026-07-22,21c5b970e734ed79636df2f3882d4d85460c5efa40b88e59b9b9a3f34a25c0ff,E3,E3-A0.90-JUST_BINDING,202607223057,solved,0.9531635989947773,0.9531588863761042,0.9531635989947767,4.712618672408908e-06,False,False,False
CRR-STAGEII-CONFIRM-2026-07-22,21c5b970e734ed79636df2f3882d4d85460c5efa40b88e59b9b9a3f34a25c0ff,E3,E3-A0.90-JUST_BINDING,202607223058,solved,-0.9915240057164063,-0.9915240057164021,-0.9915228558617724,1.1498546297339374e-06,True,True,True
CRR-STAGEII-CONFIRM-2026-07-22,21c5b970e734ed79636df2f3882d4d85460c5efa40b88e59b9b9a3f34a25c0ff,E3,E3-A0.90-JUST_BINDING,202607223059,solved,-0.9908203903564314,-0.9908203903564308,-0.9906409124881475,0.00017947786828331758,True,True,True
CRR-STAGEII-CONFIRM-2026-07-22,21c5b970e734ed79636df2f3882d4d85460c5efa40b88e59b9b9a3f34a25c0ff,E3,E3-A0.90-JUST_BINDING,202607223060,solved,-0.9847178070505749,-0.9847178070505745,-0.9847161545877188,1.652462855772363e-06,True,True,True
CRR-STAGEII-CONFIRM-2026-07-22,21c5b970e734ed79636df2f3882d4d85460c5efa40b88e59b9b9a3f34a25c0ff,E3,E3-A0.90-JUST_BINDING,202607223061,solved,0.9586564902311374,0.9586558386577952,0.9586564902311343,6.515733390610734e-07,False,False,False
CRR-STAGEII-CONFIRM-2026-07-22,21c5b970e734ed79636df2f3882d4d85460c5efa40b88e59b9b9a3f34a25c0ff,E3,E3-A0.90-JUST_BINDING,202607223062,solved,0.9519985865578036,0.9519981192622915,0.9519985865578029,4.6729551139712555e-07,False,False,False
CRR-STAGEII-CONFIRM-2026-07-22,21c5b970e734ed79636df2f3882d4d85460c5efa40b88e59b9b9a3f34a25c0ff,E3,E3-A0.90-JUST_BINDING,202607223063,solved,-0.9843898526861854,-0.9843898526861855,-0.9843889927044696,8.599817159504752e-07,True,True,True
CRR-STAGEII-CONFIRM-2026-07-22,21c5b970e734ed79636df2f3882d4d85460c5efa40b88e59b9b9a3f34a25c0ff,E3,E3-A0.90-JUST_BINDING,202607223064,solved,0.9546351968647282,0.9546346401614272,0.9546351968647278,5.567033005693389e-07,False,False,False
CRR-STAGEII-CONFIRM-2026-07-22,21c5b970e734ed79636df2f3882d4d85460c5efa40b88e59b9b9a3f34a25c0ff,E3,E3-A0.90-SLACK,202607223001,solved,1.0,0.9999905038830252,1.0,9.496116974760938e-06,False,False,False
CRR-STAGEII-CONFIRM-2026-07-22,21c5b970e734ed79636df2f3882d4d85460c5efa40b88e59b9b9a3f34a25c0ff,E3,E3-A0.90-SLACK,202607223002,solved,1.0,0.9999986788091861,1.0,1.3211908138632822e-06,False,False,False
CRR-STAGEII-CONFIRM-2026-07-22,21c5b970e734ed79636df2f3882d4d85460c5efa40b88e59b9b9a3f34a25c0ff,E3,E3-A0.90-SLACK,202607223003,solved,1.0,0.9999971834114953,1.0,2.816588504650497e-06,False,False,False
CRR-STAGEII-CONFIRM-2026-07-22,21c5b970e734ed79636df2f3882d4d85460c5efa40b88e59b9b9a3f34a25c0ff,E3,E3-A0.90-SLACK,202607223004,solved,1.0,0.9999990300888995,1.0,9.699111005456729e-07,False,False,False
CRR-STAGEII-CONFIRM-2026-07-22,21c5b970e734ed79636df2f3882d4d85460c5efa40b88e59b9b9a3f34a25c0ff,E3,E3-A0.90-SLACK,202607223005,solved,1.0,0.9999987710725992,1.0,1.2289274008425721e-06,False,False,False
CRR-STAGEII-CONFIRM-2026-07-22,21c5b970e734ed79636df2f3882d4d85460c5efa40b88e59b9b9a3f34a25c0ff,E3,E3-A0.90-SLACK,202607223006,solved,1.0,0.9999980172349663,1.0,1.9827650337145286e-06,False,False,False
CRR-STAGEII-CONFIRM-2026-07-22,21c5b970e734ed79636df2f3882d4d85460c5efa40b88e59b9b9a3f34a25c0ff,E3,E3-A0.90-SLACK,202607223007,solved,-1.0,-1.0,-0.9999941302272817,5.86977271832545e-06,True,True,True
CRR-STAGEII-CONFIRM-2026-07-22,21c5b970e734ed79636df2f3882d4d85460c5efa40b88e59b9b9a3f34a25c0ff,E3,E3-A0.90-SLACK,202607223008,solved,1.0,0.9999973658375352,1.0,2.634162464820733e-06,False,False,False
CRR-STAGEII-CONFIRM-2026-07-22,21c5b970e734ed79636df2f3882d4d85460c5efa40b88e59b9b9a3f34a25c0ff,E3,E3-A0.90-SLACK,202607223009,solved,1.0,0.9999991677403438,1.0,8.322596561916029e-07,False,False,False
CRR-STAGEII-CONFIRM-2026-07-22,21c5b970e734ed79636df2f3882d4d85460c5efa40b88e59b9b9a3f34a25c0ff,E3,E3-A0.90-SLACK,202607223010,solved,1.0,0.9999996243180229,1.0,3.7568197708282014e-07,False,False,False
CRR-STAGEII-CONFIRM-2026-07-22,21c5b970e734ed79636df2f3882d4d85460c5efa40b88e59b9b9a3f34a25c0ff,E3,E3-A0.90-SLACK,202607223011,solved,1.0,0.9999986290965506,1.0,1.370903449426919e-06,False,False,False
CRR-STAGEII-CONFIRM-2026-07-22,21c5b970e734ed79636df2f3882d4d85460c5efa40b88e59b9b9a3f34a25c0ff,E3,E3-A0.90-SLACK,202607223012,solved,1.0,0.9999994851014912,1.0,5.148985088299085e-07,False,False,False
CRR-STAGEII-CONFIRM-2026-07-22,21c5b970e734ed79636df2f3882d4d85460c5efa40b88e59b9b9a3f34a25c0ff,E3,E3-A0.90-SLACK,202607223013,solved,-1.0,-1.0,-0.9999989588699274,1.0411300725987616e-06,True,True,True
CRR-STAGEII-CONFIRM-2026-07-22,21c5b970e734ed79636df2f3882d4d85460c5efa40b88e59b9b9a3f34a25c0ff,E3,E3-A0.90-SLACK,202607223014,solved,1.0,0.9999923964948462,1.0,7.603505153830348e-06,False,False,False
CRR-STAGEII-CONFIRM-2026-07-22,21c5b970e734ed79636df2f3882d4d85460c5efa40b88e59b9b9a3f34a25c0ff,E3,E3-A0.90-SLACK,202607223015,solved,-1.0,-1.0,-0.9999958389458141,4.1610541858805306e-06,True,True,True
CRR-STAGEII-CONFIRM-2026-07-22,21c5b970e734ed79636df2f3882d4d85460c5efa40b88e59b9b9a3f34a25c0ff,E3,E3-A0.90-SLACK,202607223016,solved,-1.0,-1.0,-0.9999988445543528,1.1554456471607466e-06,True,True,True
CRR-STAGEII-CONFIRM-2026-07-22,21c5b970e734ed79636df2f3882d4d85460c5efa40b88e59b9b9a3f34a25c0ff,E3,E3-A0.90-SLACK,202607223017,solved,-1.0,-1.0,-0.999997936855354,2.0631446460139813e-06,True,True,True
CRR-STAGEII-CONFIRM-2026-07-22,21c5b970e734ed79636df2f3882d4d85460c5efa40b88e59b9b9a3f34a25c0ff,E3,E3-A0.90-SLACK,202607223018,solved,1.0,0.999999056924056,1.0,9.430759440043346e-07,False,False,False
CRR-STAGEII-CONFIRM-2026-07-22,21c5b970e734ed79636df2f3882d4d85460c5efa40b88e59b9b9a3f34a25c0ff,E3,E3-A0.90-SLACK,202607223019,solved,1.0,0.9999992022557748,1.0,7.977442252338207e-07,False,False,False
CRR-STAGEII-CONFIRM-2026-07-22,21c5b970e734ed79636df2f3882d4d85460c5efa40b88e59b9b9a3f34a25c0ff,E3,E3-A0.90-SLACK,202607223020,solved,-1.0,-1.0,-0.9999994014409341,5.985590658674766e-07,True,True,True
CRR-STAGEII-CONFIRM-2026-07-22,21c5b970e734ed79636df2f3882d4d85460c5efa40b88e59b9b9a3f34a25c0ff,E3,E3-A0.90-SLACK,202607223021,solved,1.0,0.9999986260057452,1.0,1.3739942548163242e-06,False,False,False
CRR-STAGEII-CONFIRM-2026-07-22,21c5b970e734ed79636df2f3882d4d85460c5efa40b88e59b9b9a3f34a25c0ff,E3,E3-A0.90-SLACK,202607223022,solved,1.0,0.9999995249173221,1.0,4.750826778643358e-07,False,False,False
CRR-STAGEII-CONFIRM-2026-07-22,21c5b970e734ed79636df2f3882d4d85460c5efa40b88e59b9b9a3f34a25c0ff,E3,E3-A0.90-SLACK,202607223023,solved,1.0,0.9999997093216504,1.0,2.906783496126053e-07,False,False,False
CRR-STAGEII-CONFIRM-2026-07-22,21c5b970e734ed79636df2f3882d4d85460c5efa40b88e59b9b9a3f34a25c0ff,E3,E3-A0.90-SLACK,202607223024,solved,1.0,0.9999922485301151,1.0,7.751469884853535e-06,False,False,False
CRR-STAGEII-CONFIRM-2026-07-22,21c5b970e734ed79636df2f3882d4d85460c5efa40b88e59b9b9a3f34a25c0ff,E3,E3-A0.90-SLACK,202607223025,solved,1.0,0.9999994922574909,1.0,5.077425091482013e-07,False,False,False
CRR-STAGEII-CONFIRM-2026-07-22,21c5b970e734ed79636df2f3882d4d85460c5efa40b88e59b9b9a3f34a25c0ff,E3,E3-A0.90-SLACK,202607223026,solved,1.0,0.9999992880314468,1.0,7.119685532241959e-07,False,False,False
CRR-STAGEII-CONFIRM-2026-07-22,21c5b970e734ed79636df2f3882d4d85460c5efa40b88e59b9b9a3f34a25c0ff,E3,E3-A0.90-SLACK,202607223027,solved,1.0,0.9999993236314043,1.0,6.763685956867604e-07,False,False,False
CRR-STAGEII-CONFIRM-2026-07-22,21c5b970e734ed79636df2f3882d4d85460c5efa40b88e59b9b9a3f34a25c0ff,E3,E3-A0.90-SLACK,202607223028,solved,1.0,0.9999996526672243,1.0,3.473327756520206e-07,False,False,False
CRR-STAGEII-CONFIRM-2026-07-22,21c5b970e734ed79636df2f3882d4d85460c5efa40b88e59b9b9a3f34a25c0ff,E3,E3-A0.90-SLACK,202607223029,solved,1.0,0.9999978228093162,1.0,2.1771906838496946e-06,False,False,False
CRR-STAGEII-CONFIRM-2026-07-22,21c5b970e734ed79636df2f3882d4d85460c5efa40b88e59b9b9a3f34a25c0ff,E3,E3-A0.90-SLACK,202607223030,solved,1.0,0.9999990844875286,1.0,9.155124713888796e-07,False,False,False
CRR-STAGEII-CONFIRM-2026-07-22,21c5b970e734ed79636df2f3882d4d85460c5efa40b88e59b9b9a3f34a25c0ff,E3,E3-A0.90-SLACK,202607223031,solved,1.0,0.9999992166695941,1.0,7.83330405873528e-07,False,False,False
CRR-STAGEII-CONFIRM-2026-07-22,21c5b970e734ed79636df2f3882d4d85460c5efa40b88e59b9b9a3f34a25c0ff,E3,E3-A0.90-SLACK,202607223032,solved,1.0,0.9999965559763889,1.0,3.444023611076652e-06,False,False,False
CRR-STAGEII-CONFIRM-2026-07-22,21c5b970e734ed79636df2f3882d4d85460c5efa40b88e59b9b9a3f34a25c0ff,E3,E3-A0.90-SLACK,202607223033,solved,-1.0,-1.0,-0.9999987256779559,1.2743220441091552e-06,True,True,True
CRR-STAGEII-CONFIRM-2026-07-22,21c5b970e734ed79636df2f3882d4d85460c5efa40b88e59b9b9a3f34a25c0ff,E3,E3-A0.90-SLACK,202607223034,solved,1.0,0.9999983144219832,1.0,1.6855780168301138e-06,False,False,False
CRR-STAGEII-CONFIRM-2026-07-22,21c5b970e734ed79636df2f3882d4d85460c5efa40b88e59b9b9a3f34a25c0ff,E3,E3-A0.90-SLACK,202607223035,solved,-1.0,-1.0,-0.9999986028502594,1.3971497405673716e-06,True,True,True
CRR-STAGEII-CONFIRM-2026-07-22,21c5b970e734ed79636df2f3882d4d85460c5efa40b88e59b9b9a3f34a25c0ff,E3,E3-A0.90-SLACK,202607223036,solved,1.0,0.9999993535465463,1.0,6.46453453656548e-07,False,False,False
CRR-STAGEII-CONFIRM-2026-07-22,21c5b970e734ed79636df2f3882d4d85460c5efa40b88e59b9b9a3f34a25c0ff,E3,E3-A0.90-SLACK,202607223037,solved,1.0,0.9999989111557583,1.0,1.0888442416590038e-06,False,False,False
CRR-STAGEII-CONFIRM-2026-07-22,21c5b970e734ed79636df2f3882d4d85460c5efa40b88e59b9b9a3f34a25c0ff,E3,E3-A0.90-SLACK,202607223038,solved,1.0,0.9999986917695325,1.0,1.3082304675116063e-06,False,False,False
CRR-STAGEII-CONFIRM-2026-07-22,21c5b970e734ed79636df2f3882d4d85460c5efa40b88e59b9b9a3f34a25c0ff,E3,E3-A0.90-SLACK,202607223039,solved,1.0,0.9999985454821303,1.0,1.454517869703409e-06,False,False,False
CRR-STAGEII-CONFIRM-2026-07-22,21c5b970e734ed79636df2f3882d4d85460c5efa40b88e59b9b9a3f34a25c0ff,E3,E3-A0.90-SLACK,202607223040,solved,1.0,0.9999814224383767,1.0,1.8577561623267513e-05,False,False,False
CRR-STAGEII-CONFIRM-2026-07-22,21c5b970e734ed79636df2f3882d4d85460c5efa40b88e59b9b9a3f34a25c0ff,E3,E3-A0.90-SLACK,202607223041,solved,1.0,0.999998909027689,1.0,1.0909723110463787e-06,False,False,False
CRR-STAGEII-CONFIRM-2026-07-22,21c5b970e734ed79636df2f3882d4d85460c5efa40b88e59b9b9a3f34a25c0ff,E3,E3-A0.90-SLACK,202607223042,solved,1.0,0.9999995421327733,1.0,4.57867226688613e-07,False,False,False
CRR-STAGEII-CONFIRM-2026-07-22,21c5b970e734ed79636df2f3882d4d85460c5efa40b88e59b9b9a3f34a25c0ff,E3,E3-A0.90-SLACK,202607223043,solved,1.0,0.9999992679825764,1.0,7.320174235658783e-07,False,False,False
CRR-STAGEII-CONFIRM-2026-07-22,21c5b970e734ed79636df2f3882d4d85460c5efa40b88e59b9b9a3f34a25c0ff,E3,E3-A0.90-SLACK,202607223044,solved,1.0,0.9999996556203583,1.0,3.443796416924272e-07,False,False,False
CRR-STAGEII-CONFIRM-2026-07-22,21c5b970e734ed79636df2f3882d4d85460c5efa40b88e59b9b9a3f34a25c0ff,E3,E3-A0.90-SLACK,202607223045,solved,1.0,0.9999972164486517,1.0,2.7835513483065455e-06,False,False,False
CRR-STAGEII-CONFIRM-2026-07-22,21c5b970e734ed79636df2f3882d4d85460c5efa40b88e59b9b9a3f34a25c0ff,E3,E3-A0.90-SLACK,202607223046,solved,1.0,0.9999989535138276,1.0,1.0464861723846752e-06,False,False,False
CRR-STAGEII-CONFIRM-2026-07-22,21c5b970e734ed79636df2f3882d4d85460c5efa40b88e59b9b9a3f34a25c0ff,E3,E3-A0.90-SLACK,202607223047,solved,1.0,0.9999990396348646,1.0,9.603651354161968e-07,False,False,False
CRR-STAGEII-CONFIRM-2026-07-22,21c5b970e734ed79636df2f3882d4d85460c5efa40b88e59b9b9a3f34a25c0ff,E3,E3-A0.90-SLACK,202607223048,solved,1.0,0.9999994940243675,1.0,5.059756325032083e-07,False,False,False
CRR-STAGEII-CONFIRM-2026-07-22,21c5b970e734ed79636df2f3882d4d85460c5efa40b88e59b9b9a3f34a25c0ff,E3,E3-A0.90-SLACK,202607223049,solved,1.0,0.9999986262711688,1.0,1.3737288312443141e-06,False,False,False
CRR-STAGEII-CONFIRM-2026-07-22,21c5b970e734ed79636df2f3882d4d85460c5efa40b88e59b9b9a3f34a25c0ff,E3,E3-A0.90-SLACK,202607223050,solved,1.0,0.9999912428814929,1.0,8.75711850711891e-06,False,False,False
CRR-STAGEII-CONFIRM-2026-07-22,21c5b970e734ed79636df2f3882d4d85460c5efa40b88e59b9b9a3f34a25c0ff,E3,E3-A0.90-SLACK,202607223051,solved,1.0,0.9999993676938226,1.0,6.323061774171634e-07,False,False,False
CRR-STAGEII-CONFIRM-2026-07-22,21c5b970e734ed79636df2f3882d4d85460c5efa40b88e59b9b9a3f34a25c0ff,E3,E3-A0.90-SLACK,202607223052,solved,-1.0,-1.0,-0.9999922974661655,7.702533834530456e-06,True,True,True
CRR-STAGEII-CONFIRM-2026-07-22,21c5b970e734ed79636df2f3882d4d85460c5efa40b88e59b9b9a3f34a25c0ff,E3,E3-A0.90-SLACK,202607223053,solved,1.0,0.9999982288589075,1.0,1.7711410924547977e-06,False,False,False
CRR-STAGEII-CONFIRM-2026-07-22,21c5b970e734ed79636df2f3882d4d85460c5efa40b88e59b9b9a3f34a25c0ff,E3,E3-A0.90-SLACK,202607223054,solved,1.0,0.9999979863272872,1.0,2.0136727127972875e-06,False,False,False
CRR-STAGEII-CONFIRM-2026-07-22,21c5b970e734ed79636df2f3882d4d85460c5efa40b88e59b9b9a3f34a25c0ff,E3,E3-A0.90-SLACK,202607223055,solved,1.0,0.9999993862942127,1.0,6.137057873001339e-07,False,False,False
CRR-STAGEII-CONFIRM-2026-07-22,21c5b970e734ed79636df2f3882d4d85460c5efa40b88e59b9b9a3f34a25c0ff,E3,E3-A0.90-SLACK,202607223056,solved,1.0,0.9999993099755508,1.0,6.900244492458185e-07,False,False,False
CRR-STAGEII-CONFIRM-2026-07-22,21c5b970e734ed79636df2f3882d4d85460c5efa40b88e59b9b9a3f34a25c0ff,E3,E3-A0.90-SLACK,202607223057,solved,1.0,0.999995286913939,1.0,4.7130860609811975e-06,False,False,False
CRR-STAGEII-CONFIRM-2026-07-22,21c5b970e734ed79636df2f3882d4d85460c5efa40b88e59b9b9a3f34a25c0ff,E3,E3-A0.90-SLACK,202607223058,solved,-1.0,-1.0,-0.999998850060615,1.1499393850478157e-06,True,True,True
CRR-STAGEII-CONFIRM-2026-07-22,21c5b970e734ed79636df2f3882d4d85460c5efa40b88e59b9b9a3f34a25c0ff,E3,E3-A0.90-SLACK,202607223059,solved,-1.0,-1.0,-0.9998205220392342,0.0001794779607657837,True,True,True
CRR-STAGEII-CONFIRM-2026-07-22,21c5b970e734ed79636df2f3882d4d85460c5efa40b88e59b9b9a3f34a25c0ff,E3,E3-A0.90-SLACK,202607223060,solved,-1.0,-1.0,-0.9999983473843443,1.65261565565622e-06,True,True,True
CRR-STAGEII-CONFIRM-2026-07-22,21c5b970e734ed79636df2f3882d4d85460c5efa40b88e59b9b9a3f34a25c0ff,E3,E3-A0.90-SLACK,202607223061,solved,1.0,0.9999993480128362,1.0,6.519871638133168e-07,False,False,False
CRR-STAGEII-CONFIRM-2026-07-22,21c5b970e734ed79636df2f3882d4d85460c5efa40b88e59b9b9a3f34a25c0ff,E3,E3-A0.90-SLACK,202607223062,solved,1.0,0.9999995322244735,1.0,4.6777552653587406e-07,False,False,False
CRR-STAGEII-CONFIRM-2026-07-22,21c5b970e734ed79636df2f3882d4d85460c5efa40b88e59b9b9a3f34a25c0ff,E3,E3-A0.90-SLACK,202607223063,solved,-1.0,-1.0,-0.9999991398621817,8.601378183037411e-07,True,True,True
CRR-STAGEII-CONFIRM-2026-07-22,21c5b970e734ed79636df2f3882d4d85460c5efa40b88e59b9b9a3f34a25c0ff,E3,E3-A0.90-SLACK,202607223064,solved,1.0,0.9999994428430525,1.0,5.571569474671634e-07,False,False,False
CRR-STAGEII-CONFIRM-2026-07-22,21c5b970e734ed79636df2f3882d4d85460c5efa40b88e59b9b9a3f34a25c0ff,E3,E3-A0.90-STRONGLY_BINDING,202607223001,solved,-0.2917406356684537,-0.29175011886702323,-0.291740635668454,9.483198569248952e-06,True,True,True
CRR-STAGEII-CONFIRM-2026-07-22,21c5b970e734ed79636df2f3882d4d85460c5efa40b88e59b9b9a3f34a25c0ff,E3,E3-A0.90-STRONGLY_BINDING,202607223002,solved,-0.24984774992620395,-0.24984905861856133,-0.2498477499262065,1.3086923548177865e-06,True,True,True
CRR-STAGEII-CONFIRM-2026-07-22,21c5b970e734ed79636df2f3882d4d85460c5efa40b88e59b9b9a3f34a25c0ff,E3,E3-A0.90-STRONGLY_BINDING,202607223003,solved,-0.16320137347953967,-0.16320417843601143,-0.1632013734795406,2.804956470814357e-06,True,True,True
CRR-STAGEII-CONFIRM-2026-07-22,21c5b970e734ed79636df2f3882d4d85460c5efa40b88e59b9b9a3f34a25c0ff,E3,E3-A0.90-STRONGLY_BINDING,202607223004,solved,-0.14350324336264336,-0.14350420183868473,-0.14350324336264486,9.58476039869538e-07,True,True,True
CRR-STAGEII-CONFIRM-2026-07-22,21c5b970e734ed79636df2f3882d4d85460c5efa40b88e59b9b9a3f34a25c0ff,E3,E3-A0.90-STRONGLY_BINDING,202607223005,solved,-0.21448451564542226,-0.21448573242798097,-0.21448451564541743,1.2167825635400753e-06,True,True,True
CRR-STAGEII-CONFIRM-2026-07-22,21c5b970e734ed79636df2f3882d4d85460c5efa40b88e59b9b9a3f34a25c0ff,E3,E3-A0.90-STRONGLY_BINDING,202607223006,solved,-0.22869906453873834,-0.22870103501672845,-0.2286990645387375,1.9704779909424097e-06,True,True,True
CRR-STAGEII-CONFIRM-2026-07-22,21c5b970e734ed79636df2f3882d4d85460c5efa40b88e59b9b9a3f34a25c0ff,E3,E3-A0.90-STRONGLY_BINDING,202607223007,solved,-0.6248917623788945,-0.6248917623788981,-0.6248858963573065,5.866021591582893e-06,True,True,True
CRR-STAGEII-CONFIRM-2026-07-22,21c5b970e734ed79636df2f3882d4d85460c5efa40b88e59b9b9a3f34a25c0ff,E3,E3-A0.90-STRONGLY_BINDING,202607223008,solved,-0.4240024330236405,-0.4240050529460456,-0.4240024330236419,2.619922403745978e-06,True,True,True
CRR-STAGEII-CONFIRM-2026-07-22,21c5b970e734ed79636df2f3882d4d85460c5efa40b88e59b9b9a3f34a25c0ff,E3,E3-A0.90-STRONGLY_BINDING,202607223009,solved,-0.16837914950180893,-0.1683799700776425,-0.16837914950180832,8.205758341706115e-07,True,True,True
CRR-STAGEII-CONFIRM-2026-07-22,21c5b970e734ed79636df2f3882d4d85460c5efa40b88e59b9b9a3f34a25c0ff,E3,E3-A0.90-STRONGLY_BINDING,202607223010,solved,-0.15181210832368025,-0.1518124724875305,-0.1518121083236894,3.6416384108228783e-07,True,True,True
CRR-STAGEII-CONFIRM-2026-07-22,21c5b970e734ed79636df2f3882d4d85460c5efa40b88e59b9b9a3f34a25c0ff,E3,E3-A0.90-STRONGLY_BINDING,202607223011,solved,-0.2557982169443402,-0.2557995752897757,-0.25579821694433746,1.358345438240427e-06,True,True,True
CRR-STAGEII-CONFIRM-2026-07-22,21c5b970e734ed79636df2f3882d4d85460c5efa40b88e59b9b9a3f34a25c0ff,E3,E3-A0.90-STRONGLY_BINDING,202607223012,solved,-0.13336059726065846,-0.13336110082556707,-0.13336059726065896,5.035649081053251e-07,True,True,True
CRR-STAGEII-CONFIRM-2026-07-22,21c5b970e734ed79636df2f3882d4d85460c5efa40b88e59b9b9a3f34a25c0ff,E3,E3-A0.90-STRONGLY_BINDING,202607223013,solved,-0.6176844091893114,-0.6176844091893191,-0.6176833718823906,1.0373069284641545e-06,True,True,True
CRR-STAGEII-CONFIRM-2026-07-22,21c5b970e734ed79636df2f3882d4d85460c5efa40b88e59b9b9a3f34a25c0ff,E3,E3-A0.90-STRONGLY_BINDING,202607223014,solved,-0.26869051851388764,-0.26869810933202176,-0.26869051851388537,7.590818136393729e-06,True,True,True
CRR-STAGEII-CONFIRM-2026-07-22,21c5b970e734ed79636df2f3882d4d85460c5efa40b88e59b9b9a3f34a25c0ff,E3,E3-A0.90-STRONGLY_BINDING,202607223015,solved,-0.5188635276682252,-0.518863527668219,-0.5188593714254123,4.156242806696575e-06,True,True,True
CRR-STAGEII-CONFIRM-2026-07-22,21c5b970e734ed79636df2f3882d4d85460c5efa40b88e59b9b9a3f34a25c0ff,E3,E3-A0.90-STRONGLY_BINDING,202607223016,solved,-0.7902317701853583,-0.7902317701853818,-0.7902306168373993,1.1533479825631687e-06,True,True,True
CRR-STAGEII-CONFIRM-2026-07-22,21c5b970e734ed79636df2f3882d4d85460c5efa40b88e59b9b9a3f34a25c0ff,E3,E3-A0.90-STRONGLY_BINDING,202607223017,solved,-0.5456601573567612,-0.5456601573567608,-0.5456580987555262,2.058601234589119e-06,True,True,True
CRR-STAGEII-CONFIRM-2026-07-22,21c5b970e734ed79636df2f3882d4d85460c5efa40b88e59b9b9a3f34a25c0ff,E3,E3-A0.90-STRONGLY_BINDING,202607223018,solved,0.026942924902747523,0.026941991557378975,0.0269429249027468,9.333453678261883e-07,False,False,False
CRR-STAGEII-CONFIRM-2026-07-22,21c5b970e734ed79636df2f3882d4d85460c5efa40b88e59b9b9a3f34a25c0ff,E3,E3-A0.90-STRONGLY_BINDING,202607223019,solved,-0.10303352204217037,-0.103034308756069,-0.1030335220421747,7.867138943074004e-07,True,True,True
CRR-STAGEII-CONFIRM-2026-07-22,21c5b970e734ed79636df2f3882d4d85460c5efa40b88e59b9b9a3f34a25c0ff,E3,E3-A0.90-STRONGLY_BINDING,202607223020,solved,-0.694653423743026,-0.6946534237430272,-0.6946528282374274,5.955055998319025e-07,True,True,True
CRR-STAGEII-CONFIRM-2026-07-22,21c5b970e734ed79636df2f3882d4d85460c5efa40b88e59b9b9a3f34a25c0ff,E3,E3-A0.90-STRONGLY_BINDING,202607223021,solved,-0.20864232307002473,-0.20864368497790986,-0.2086423230700209,1.3619078889637315e-06,True,True,True
CRR-STAGEII-CONFIRM-2026-07-22,21c5b970e734ed79636df2f3882d4d85460c5efa40b88e59b9b9a3f34a25c0ff,E3,E3-A0.90-STRONGLY_BINDING,202607223022,solved,-0.18366701961995874,-0.18366748286595436,-0.183667019619965,4.6324598934610606e-07,True,True,True
CRR-STAGEII-CONFIRM-2026-07-22,21c5b970e734ed79636df2f3882d4d85460c5efa40b88e59b9b9a3f34a25c0ff,E3,E3-A0.90-STRONGLY_BINDING,202607223023,solved,-0.03088926424968297,-0.030889544619139286,-0.030889264249692072,2.8036944721421264e-07,True,True,True
CRR-STAGEII-CONFIRM-2026-07-22,21c5b970e734ed79636df2f3882d4d85460c5efa40b88e59b9b9a3f34a25c0ff,E3,E3-A0.90-STRONGLY_BINDING,202607223024,solved,-0.22395872359446883,-0.2239664628248612,-0.22395872359447494,7.739230386272222e-06,True,True,True
CRR-STAGEII-CONFIRM-2026-07-22,21c5b970e734ed79636df2f3882d4d85460c5efa40b88e59b9b9a3f34a25c0ff,E3,E3-A0.90-STRONGLY_BINDING,202607223025,solved,-0.13360767810352492,-0.13360817450995266,-0.13360767810351626,4.964064364010312e-07,True,True,True
CRR-STAGEII-CONFIRM-2026-07-22,21c5b970e734ed79636df2f3882d4d85460c5efa40b88e59b9b9a3f34a25c0ff,E3,E3-A0.90-STRONGLY_BINDING,202607223026,solved,-0.15910944070255711,-0.15911014108001575,-0.15910944070256755,7.003774482039482e-07,True,True,True
CRR-STAGEII-CONFIRM-2026-07-22,21c5b970e734ed79636df2f3882d4d85460c5efa40b88e59b9b9a3f34a25c0ff,E3,E3-A0.90-STRONGLY_BINDING,202607223027,solved,-0.16579371699023326,-0.16579438170088823,-0.1657937169902367,6.647106515211831e-07,True,True,True
CRR-STAGEII-CONFIRM-2026-07-22,21c5b970e734ed79636df2f3882d4d85460c5efa40b88e59b9b9a3f34a25c0ff,E3,E3-A0.90-STRONGLY_BINDING,202607223028,solved,-0.10961500124801743,-0.10961533748463914,-0.10961500124800938,3.362366297610109e-07,True,True,True
CRR-STAGEII-CONFIRM-2026-07-22,21c5b970e734ed79636df2f3882d4d85460c5efa40b88e59b9b9a3f34a25c0ff,E3,E3-A0.90-STRONGLY_BINDING,202607223029,solved,-0.15698880833707252,-0.15699097395781725,-0.15698880833706091,2.1656207563336416e-06,True,True,True
CRR-STAGEII-CONFIRM-2026-07-22,21c5b970e734ed79636df2f3882d4d85460c5efa40b88e59b9b9a3f34a25c0ff,E3,E3-A0.90-STRONGLY_BINDING,202607223030,solved,-0.21478257726538774,-0.21478348063002928,-0.21478257726539274,9.033646365397274e-07,True,True,True
CRR-STAGEII-CONFIRM-2026-07-22,21c5b970e734ed79636df2f3882d4d85460c5efa40b88e59b9b9a3f34a25c0ff,E3,E3-A0.90-STRONGLY_BINDING,202607223031,solved,-0.26751046543525847,-0.2675112360905245,-0.2675104654352542,7.706552703212743e-07,True,True,True
CRR-STAGEII-CONFIRM-2026-07-22,21c5b970e734ed79636df2f3882d4d85460c5efa40b88e59b9b9a3f34a25c0ff,E3,E3-A0.90-STRONGLY_BINDING,202607223032,solved,-0.2330757928918344,-0.23307922458459407,-0.2330757928918311,3.4316927629562954e-06,True,True,True
CRR-STAGEII-CONFIRM-2026-07-22,21c5b970e734ed79636df2f3882d4d85460c5efa40b88e59b9b9a3f34a25c0ff,E3,E3-A0.90-STRONGLY_BINDING,202607223033,solved,-0.7807169040567465,-0.7807169040567353,-0.780715631927525,1.272129210305728e-06,True,True,True
CRR-STAGEII-CONFIRM-2026-07-22,21c5b970e734ed79636df2f3882d4d85460c5efa40b88e59b9b9a3f34a25c0ff,E3,E3-A0.90-STRONGLY_BINDING,202607223034,solved,-0.19764532040456023,-0.19764699400611963,-0.1976453204045665,1.6736015531204629e-06,True,True,True
CRR-STAGEII-CONFIRM-2026-07-22,21c5b970e734ed79636df2f3882d4d85460c5efa40b88e59b9b9a3f34a25c0ff,E3,E3-A0.90-STRONGLY_BINDING,202607223035,solved,-0.5434241323043354,-0.5434241323043318,-0.5434227397203529,1.3925839789097338e-06,True,True,True
CRR-STAGEII-CONFIRM-2026-07-22,21c5b970e734ed79636df2f3882d4d85460c5efa40b88e59b9b9a3f34a25c0ff,E3,E3-A0.90-STRONGLY_BINDING,202607223036,solved,-0.1254927682548299,-0.1254934034533559,-0.1254927682548212,6.351985347152755e-07,True,True,True
CRR-STAGEII-CONFIRM-2026-07-22,21c5b970e734ed79636df2f3882d4d85460c5efa40b88e59b9b9a3f34a25c0ff,E3,E3-A0.90-STRONGLY_BINDING,202607223037,solved,-0.18278577930072193,-0.1827868563170989,-0.18278577930072554,1.0770163733631044e-06,True,True,True
CRR-STAGEII-CONFIRM-2026-07-22,21c5b970e734ed79636df2f3882d4d85460c5efa40b88e59b9b9a3f34a25c0ff,E3,E3-A0.90-STRONGLY_BINDING,202607223038,solved,-0.023729395776200368,-0.02373069376938175,-0.02372939577620209,1.297993179660839e-06,True,True,True
CRR-STAGEII-CONFIRM-2026-07-22,21c5b970e734ed79636df2f3882d4d85460c5efa40b88e59b9b9a3f34a25c0ff,E3,E3-A0.90-STRONGLY_BINDING,202607223039,solved,-0.2943875244842556,-0.29438896605826903,-0.2943875244842558,1.441574013216762e-06,True,True,True
CRR-STAGEII-CONFIRM-2026-07-22,21c5b970e734ed79636df2f3882d4d85460c5efa40b88e59b9b9a3f34a25c0ff,E3,E3-A0.90-STRONGLY_BINDING,202607223040,solved,-0.18135133067296128,-0.18136989642091184,-0.18135133067296988,1.8565747941956534e-05,True,True,True
CRR-STAGEII-CONFIRM-2026-07-22,21c5b970e734ed79636df2f3882d4d85460c5efa40b88e59b9b9a3f34a25c0ff,E3,E3-A0.90-STRONGLY_BINDING,202607223041,solved,-0.19742271699109304,-0.19742379598916449,-0.19742271699109587,1.0789980686154443e-06,True,True,True
CRR-STAGEII-CONFIRM-2026-07-22,21c5b970e734ed79636df2f3882d4d85460c5efa40b88e59b9b9a3f34a25c0ff,E3,E3-A0.90-STRONGLY_BINDING,202607223042,solved,-0.16397165570731964,-0.16397210193482592,-0.1639716557073238,4.462275021155371e-07,True,True,True
CRR-STAGEII-CONFIRM-2026-07-22,21c5b970e734ed79636df2f3882d4d85460c5efa40b88e59b9b9a3f34a25c0ff,E3,E3-A0.90-STRONGLY_BINDING,202607223043,solved,-0.21506137929938274,-0.21506209916623553,-0.2150613792993913,7.198668442454093e-07,True,True,True
CRR-STAGEII-CONFIRM-2026-07-22,21c5b970e734ed79636df2f3882d4d85460c5efa40b88e59b9b9a3f34a25c0ff,E3,E3-A0.90-STRONGLY_BINDING,202607223044,solved,-0.046129205092043046,-0.04612953901039196,-0.04612920509205637,3.33918335593264e-07,True,True,True
CRR-STAGEII-CONFIRM-2026-07-22,21c5b970e734ed79636df2f3882d4d85460c5efa40b88e59b9b9a3f34a25c0ff,E3,E3-A0.90-STRONGLY_BINDING,202607223045,solved,-0.404730919498054,-0.4047336890020896,-0.4047309194980586,2.769504030997183e-06,True,True,True
CRR-STAGEII-CONFIRM-2026-07-22,21c5b970e734ed79636df2f3882d4d85460c5efa40b88e59b9b9a3f34a25c0ff,E3,E3-A0.90-STRONGLY_BINDING,202607223046,solved,-0.14596253520476243,-0.14596357023130624,-0.14596253520477376,1.0350265324809982e-06,True,True,True
CRR-STAGEII-CONFIRM-2026-07-22,21c5b970e734ed79636df2f3882d4d85460c5efa40b88e59b9b9a3f34a25c0ff,E3,E3-A0.90-STRONGLY_BINDING,202607223047,solved,-0.20579893463502197,-0.20579988294218765,-0.20579893463501409,9.483071735649773e-07,True,True,True
CRR-STAGEII-CONFIRM-2026-07-22,21c5b970e734ed79636df2f3882d4d85460c5efa40b88e59b9b9a3f34a25c0ff,E3,E3-A0.90-STRONGLY_BINDING,202607223048,solved,-0.1964170462952412,-0.19641754030670633,-0.19641704629524015,4.940114661788897e-07,True,True,True
CRR-STAGEII-CONFIRM-2026-07-22,21c5b970e734ed79636df2f3882d4d85460c5efa40b88e59b9b9a3f34a25c0ff,E3,E3-A0.90-STRONGLY_BINDING,202607223049,solved,-0.1466408155939114,-0.14664217785628364,-0.14664081559391012,1.362262373516554e-06,True,True,True
CRR-STAGEII-CONFIRM-2026-07-22,21c5b970e734ed79636df2f3882d4d85460c5efa40b88e59b9b9a3f34a25c0ff,E3,E3-A0.90-STRONGLY_BINDING,202607223050,solved,-0.2311923043948616,-0.23120104920157347,-0.2311923043948796,8.744806693883334e-06,True,True,True
CRR-STAGEII-CONFIRM-2026-07-22,21c5b970e734ed79636df2f3882d4d85460c5efa40b88e59b9b9a3f34a25c0ff,E3,E3-A0.90-STRONGLY_BINDING,202607223051,solved,-0.24049179678428168,-0.24049241668553778,-0.24049179678429355,6.199012442253959e-07,True,True,True
CRR-STAGEII-CONFIRM-2026-07-22,21c5b970e734ed79636df2f3882d4d85460c5efa40b88e59b9b9a3f34a25c0ff,E3,E3-A0.90-STRONGLY_BINDING,202607223052,solved,-0.6131109317618246,-0.6131109317618164,-0.6131032330968624,7.698664953981194e-06,True,True,True
CRR-STAGEII-CONFIRM-2026-07-22,21c5b970e734ed79636df2f3882d4d85460c5efa40b88e59b9b9a3f34a25c0ff,E3,E3-A0.90-STRONGLY_BINDING,202607223053,solved,-0.23149492754673373,-0.23149668637287646,-0.23149492754672524,1.7588261512213599e-06,True,True,True
CRR-STAGEII-CONFIRM-2026-07-22,21c5b970e734ed79636df2f3882d4d85460c5efa40b88e59b9b9a3f34a25c0ff,E3,E3-A0.90-STRONGLY_BINDING,202607223054,solved,-0.2448450468805814,-0.2448470481049041,-0.24484504688058312,2.001224320979933e-06,True,True,True
CRR-STAGEII-CONFIRM-2026-07-22,21c5b970e734ed79636df2f3882d4d85460c5efa40b88e59b9b9a3f34a25c0ff,E3,E3-A0.90-STRONGLY_BINDING,202607223055,solved,-0.28223587805441813,-0.2822364789379197,-0.28223587805442346,6.008834962378806e-07,True,True,True
CRR-STAGEII-CONFIRM-2026-07-22,21c5b970e734ed79636df2f3882d4d85460c5efa40b88e59b9b9a3f34a25c0ff,E3,E3-A0.90-STRONGLY_BINDING,202607223056,solved,-0.2833593537097485,-0.2833600309006179,-0.2833593537097506,6.771908672709159e-07,True,True,True
CRR-STAGEII-CONFIRM-2026-07-22,21c5b970e734ed79636df2f3882d4d85460c5efa40b88e59b9b9a3f34a25c0ff,E3,E3-A0.90-STRONGLY_BINDING,202607223057,solved,-0.35399717833299155,-0.3540018778799756,-0.3539971783329976,4.699546978015334e-06,True,True,True
CRR-STAGEII-CONFIRM-2026-07-22,21c5b970e734ed79636df2f3882d4d85460c5efa40b88e59b9b9a3f34a25c0ff,E3,E3-A0.90-STRONGLY_BINDING,202607223058,solved,-0.7430227207986528,-0.7430227207986535,-0.7430215734290613,1.147369592224834e-06,True,True,True
CRR-STAGEII-CONFIRM-2026-07-22,21c5b970e734ed79636df2f3882d4d85460c5efa40b88e59b9b9a3f34a25c0ff,E3,E3-A0.90-STRONGLY_BINDING,202607223059,solved,-0.7135299272335434,-0.7135299272335245,-0.7133504521388017,0.0001794750947228252,True,True,True
CRR-STAGEII-CONFIRM-2026-07-22,21c5b970e734ed79636df2f3882d4d85460c5efa40b88e59b9b9a3f34a25c0ff,E3,E3-A0.90-STRONGLY_BINDING,202607223060,solved,-0.6453522818097248,-0.6453522818097173,-0.6453506327405637,1.64906915356422e-06,True,True,True
CRR-STAGEII-CONFIRM-2026-07-22,21c5b970e734ed79636df2f3882d4d85460c5efa40b88e59b9b9a3f34a25c0ff,E3,E3-A0.90-STRONGLY_BINDING,202607223061,solved,-0.17751489329939063,-0.17751553351102367,-0.17751489329938352,6.402116401460489e-07,True,True,True
CRR-STAGEII-CONFIRM-2026-07-22,21c5b970e734ed79636df2f3882d4d85460c5efa40b88e59b9b9a3f34a25c0ff,E3,E3-A0.90-STRONGLY_BINDING,202607223062,solved,-0.24389331883255355,-0.2438937741691467,-0.2438933188325521,4.553365945958454e-07,True,True,True
CRR-STAGEII-CONFIRM-2026-07-22,21c5b970e734ed79636df2f3882d4d85460c5efa40b88e59b9b9a3f34a25c0ff,E3,E3-A0.90-STRONGLY_BINDING,202607223063,solved,-0.5874439966768297,-0.5874439966768288,-0.5874431406645582,8.56012270622486e-07,True,True,True
CRR-STAGEII-CONFIRM-2026-07-22,21c5b970e734ed79636df2f3882d4d85460c5efa40b88e59b9b9a3f34a25c0ff,E3,E3-A0.90-STRONGLY_BINDING,202607223064,solved,-0.09475338094652402,-0.09475392715593545,-0.09475338094653873,5.462093967123494e-07,True,True,True
CRR-STAGEII-CONFIRM-2026-07-22,21c5b970e734ed79636df2f3882d4d85460c5efa40b88e59b9b9a3f34a25c0ff,E3,E3-A0.95-BINDING_MID,202607223001,solved,0.4931168767524543,0.4931073857045748,0.4931168767524544,9.491047879617298e-06,False,False,False
CRR-STAGEII-CONFIRM-2026-07-22,21c5b970e734ed79636df2f3882d4d85460c5efa40b88e59b9b9a3f34a25c0ff,E3,E3-A0.95-BINDING_MID,202607223002,solved,0.5041161151733078,0.5041147989413166,0.5041161151733069,1.316231990289296e-06,False,False,False
CRR-STAGEII-CONFIRM-2026-07-22,21c5b970e734ed79636df2f3882d4d85460c5efa40b88e59b9b9a3f34a25c0ff,E3,E3-A0.95-BINDING_MID,202607223003,solved,0.6050433450783761,0.6050405324394657,0.6050433450783756,2.8126389099991655e-06,False,False,False
CRR-STAGEII-CONFIRM-2026-07-22,21c5b970e734ed79636df2f3882d4d85460c5efa40b88e59b9b9a3f34a25c0ff,E3,E3-A0.95-BINDING_MID,202607223004,solved,0.5404362210398448,0.5404352557244144,0.5404362210398451,9.65315430700997e-07,False,False,False
CRR-STAGEII-CONFIRM-2026-07-22,21c5b970e734ed79636df2f3882d4d85460c5efa40b88e59b9b9a3f34a25c0ff,E3,E3-A0.95-BINDING_MID,202607223005,solved,0.486063871508196,0.48606264772014984,0.4860638715081964,1.223788046567087e-06,False,False,False
CRR-STAGEII-CONFIRM-2026-07-22,21c5b970e734ed79636df2f3882d4d85460c5efa40b88e59b9b9a3f34a25c0ff,E3,E3-A0.95-BINDING_MID,202607223006,solved,0.4824095478828383,0.48240757029374853,0.4824095478828383,1.9775890897633097e-06,False,False,False
CRR-STAGEII-CONFIRM-2026-07-22,21c5b970e734ed79636df2f3882d4d85460c5efa40b88e59b9b9a3f34a25c0ff,E3,E3-A0.95-BINDING_MID,202607223007,solved,-0.8107984215234028,-0.8107984215234043,-0.8107925536426265,5.8678807778322906e-06,True,True,True
CRR-STAGEII-CONFIRM-2026-07-22,21c5b970e734ed79636df2f3882d4d85460c5efa40b88e59b9b9a3f34a25c0ff,E3,E3-A0.95-BINDING_MID,202607223008,solved,0.40196106191764264,0.40195843373553386,0.4019610619176427,2.628182108832533e-06,False,False,False
CRR-STAGEII-CONFIRM-2026-07-22,21c5b970e734ed79636df2f3882d4d85460c5efa40b88e59b9b9a3f34a25c0ff,E3,E3-A0.95-BINDING_MID,202607223009,solved,0.49969886560997345,0.4996980383533546,0.4996988663244105,8.279710559389031e-07,False,False,False
CRR-STAGEII-CONFIRM-2026-07-22,21c5b970e734ed79636df2f3882d4d85460c5efa40b88e59b9b9a3f34a25c0ff,E3,E3-A0.95-BINDING_MID,202607223010,solved,0.5062931987041148,0.506292827959209,0.5062931987041149,3.707449058865109e-07,False,False,False
CRR-STAGEII-CONFIRM-2026-07-22,21c5b970e734ed79636df2f3882d4d85460c5efa40b88e59b9b9a3f34a25c0ff,E3,E3-A0.95-BINDING_MID,202607223011,solved,0.5114106026286749,0.5114092366111096,0.5114106026286758,1.366017566173383e-06,False,False,False
CRR-STAGEII-CONFIRM-2026-07-22,21c5b970e734ed79636df2f3882d4d85460c5efa40b88e59b9b9a3f34a25c0ff,E3,E3-A0.95-BINDING_MID,202607223012,solved,0.5150117491201442,0.5150112390714624,0.5150117491201457,5.100486832887441e-07,False,False,False
CRR-STAGEII-CONFIRM-2026-07-22,21c5b970e734ed79636df2f3882d4d85460c5efa40b88e59b9b9a3f34a25c0ff,E3,E3-A0.95-BINDING_MID,202607223013,solved,-0.9033856026730744,-0.9033856026730764,-0.9033845625091402,1.0401639362056514e-06,True,True,True
CRR-STAGEII-CONFIRM-2026-07-22,21c5b970e734ed79636df2f3882d4d85460c5efa40b88e59b9b9a3f34a25c0ff,E3,E3-A0.95-BINDING_MID,202607223014,solved,0.4392280998075153,0.439220501909848,0.43922809980751554,7.597897667521725e-06,False,False,False
CRR-STAGEII-CONFIRM-2026-07-22,21c5b970e734ed79636df2f3882d4d85460c5efa40b88e59b9b9a3f34a25c0ff,E3,E3-A0.95-BINDING_MID,202607223015,solved,-0.8000833380873842,-0.8000833380873826,-0.8000791790323226,4.159055060015682e-06,True,True,True
CRR-STAGEII-CONFIRM-2026-07-22,21c5b970e734ed79636df2f3882d4d85460c5efa40b88e59b9b9a3f34a25c0ff,E3,E3-A0.95-BINDING_MID,202607223016,solved,-0.9701041047313053,-0.9701041047313038,-0.9701029495846317,1.1551466720938208e-06,True,True,True
CRR-STAGEII-CONFIRM-2026-07-22,21c5b970e734ed79636df2f3882d4d85460c5efa40b88e59b9b9a3f34a25c0ff,E3,E3-A0.95-BINDING_MID,202607223017,solved,-0.8517551384316326,-0.8517551384316321,-0.8517530767694587,2.0616621734248497e-06,True,True,True
CRR-STAGEII-CONFIRM-2026-07-22,21c5b970e734ed79636df2f3882d4d85460c5efa40b88e59b9b9a3f34a25c0ff,E3,E3-A0.95-BINDING_MID,202607223018,solved,0.6571507823941156,0.6571498427466604,0.6571507823941158,9.396474554002054e-07,False,False,False
CRR-STAGEII-CONFIRM-2026-07-22,21c5b970e734ed79636df2f3882d4d85460c5efa40b88e59b9b9a3f34a25c0ff,E3,E3-A0.95-BINDING_MID,202607223019,solved,0.4933817673207501,0.49338097464270847,0.493381767320749,7.926780405398404e-07,False,False,False
CRR-STAGEII-CONFIRM-2026-07-22,21c5b970e734ed79636df2f3882d4d85460c5efa40b88e59b9b9a3f34a25c0ff,E3,E3-A0.95-BINDING_MID,202607223020,solved,-0.9392118127280695,-0.9392118127280737,-0.9392112147768934,5.979511803477777e-07,True,True,True
CRR-STAGEII-CONFIRM-2026-07-22,21c5b970e734ed79636df2f3882d4d85460c5efa40b88e59b9b9a3f34a25c0ff,E3,E3-A0.95-BINDING_MID,202607223021,solved,0.47531676005737844,0.47531539130989625,0.47531676005737833,1.3687474820778256e-06,False,False,False
CRR-STAGEII-CONFIRM-2026-07-22,21c5b970e734ed79636df2f3882d4d85460c5efa40b88e59b9b9a3f34a25c0ff,E3,E3-A0.95-BINDING_MID,202607223022,solved,0.4885563535209547,0.48855588355271895,0.4885563535209552,4.699682362718782e-07,False,False,False
CRR-STAGEII-CONFIRM-2026-07-22,21c5b970e734ed79636df2f3882d4d85460c5efa40b88e59b9b9a3f34a25c0ff,E3,E3-A0.95-BINDING_MID,202607223023,solved,0.6055405982744719,0.6055403115407161,0.6055405982744722,2.8673375607191076e-07,False,False,False
CRR-STAGEII-CONFIRM-2026-07-22,21c5b970e734ed79636df2f3882d4d85460c5efa40b88e59b9b9a3f34a25c0ff,E3,E3-A0.95-BINDING_MID,202607223024,solved,0.49053476634643856,0.49052701997107817,0.49053476634643894,7.746375360773161e-06,False,False,False
CRR-STAGEII-CONFIRM-2026-07-22,21c5b970e734ed79636df2f3882d4d85460c5efa40b88e59b9b9a3f34a25c0ff,E3,E3-A0.95-BINDING_MID,202607223025,solved,0.4995598338329119,0.49955933109482525,0.4995598338329118,5.027380865496589e-07,False,False,False
CRR-STAGEII-CONFIRM-2026-07-22,21c5b970e734ed79636df2f3882d4d85460c5efa40b88e59b9b9a3f34a25c0ff,E3,E3-A0.95-BINDING_MID,202607223026,solved,0.5067729667307823,0.5067722596945056,0.5067729667307826,7.0703627708113e-07,False,False,False
CRR-STAGEII-CONFIRM-2026-07-22,21c5b970e734ed79636df2f3882d4d85460c5efa40b88e59b9b9a3f34a25c0ff,E3,E3-A0.95-BINDING_MID,202607223027,solved,0.5261370090629678,0.5261363374330268,0.5261370090629678,6.716299409958992e-07,False,False,False
CRR-STAGEII-CONFIRM-2026-07-22,21c5b970e734ed79636df2f3882d4d85460c5efa40b88e59b9b9a3f34a25c0ff,E3,E3-A0.95-BINDING_MID,202607223028,solved,0.6033573343817917,0.6033569910154459,0.6033573343817922,3.433663462448777e-07,False,False,False
CRR-STAGEII-CONFIRM-2026-07-22,21c5b970e734ed79636df2f3882d4d85460c5efa40b88e59b9b9a3f34a25c0ff,E3,E3-A0.95-BINDING_MID,202607223029,solved,0.47162656917423607,0.47162439726728544,0.4716265691742363,2.1719069508430167e-06,False,False,False
CRR-STAGEII-CONFIRM-2026-07-22,21c5b970e734ed79636df2f3882d4d85460c5efa40b88e59b9b9a3f34a25c0ff,E3,E3-A0.95-BINDING_MID,202607223030,solved,0.5127067821852918,0.5127058715457399,0.5127067821852923,9.106395524316468e-07,False,False,False
CRR-STAGEII-CONFIRM-2026-07-22,21c5b970e734ed79636df2f3882d4d85460c5efa40b88e59b9b9a3f34a25c0ff,E3,E3-A0.95-BINDING_MID,202607223031,solved,0.4251496919260145,0.42514891434413876,0.4251496919260152,7.775818764432785e-07,False,False,False
CRR-STAGEII-CONFIRM-2026-07-22,21c5b970e734ed79636df2f3882d4d85460c5efa40b88e59b9b9a3f34a25c0ff,E3,E3-A0.95-BINDING_MID,202607223032,solved,0.4696114350495242,0.46960799632985667,0.4696114373075325,3.4409776758503874e-06,False,False,False
CRR-STAGEII-CONFIRM-2026-07-22,21c5b970e734ed79636df2f3882d4d85460c5efa40b88e59b9b9a3f34a25c0ff,E3,E3-A0.95-BINDING_MID,202607223033,solved,-0.9465498592572483,-0.9465498592572479,-0.9465485854697069,1.273787541000715e-06,True,True,True
CRR-STAGEII-CONFIRM-2026-07-22,21c5b970e734ed79636df2f3882d4d85460c5efa40b88e59b9b9a3f34a25c0ff,E3,E3-A0.95-BINDING_MID,202607223034,solved,0.45750744474982064,0.457505764596729,0.4575074447498212,1.6801530922094798e-06,False,False,False
CRR-STAGEII-CONFIRM-2026-07-22,21c5b970e734ed79636df2f3882d4d85460c5efa40b88e59b9b9a3f34a25c0ff,E3,E3-A0.95-BINDING_MID,202607223035,solved,-0.8150757196470433,-0.8150757196470423,-0.8150743243465373,1.395300505024899e-06,True,True,True
CRR-STAGEII-CONFIRM-2026-07-22,21c5b970e734ed79636df2f3882d4d85460c5efa40b88e59b9b9a3f34a25c0ff,E3,E3-A0.95-BINDING_MID,202607223036,solved,0.5394837761921469,0.5394831343438613,0.5394837761921492,6.41848287852298e-07,False,False,False
CRR-STAGEII-CONFIRM-2026-07-22,21c5b970e734ed79636df2f3882d4d85460c5efa40b88e59b9b9a3f34a25c0ff,E3,E3-A0.95-BINDING_MID,202607223037,solved,0.47764734439856604,0.477646260777855,0.47764734439856743,1.0836207124387265e-06,False,False,False
CRR-STAGEII-CONFIRM-2026-07-22,21c5b970e734ed79636df2f3882d4d85460c5efa40b88e59b9b9a3f34a25c0ff,E3,E3-A0.95-BINDING_MID,202607223038,solved,0.6002644903360344,0.6002631861029379,0.6002644903360357,1.3042330977430794e-06,False,False,False
CRR-STAGEII-CONFIRM-2026-07-22,21c5b970e734ed79636df2f3882d4d85460c5efa40b88e59b9b9a3f34a25c0ff,E3,E3-A0.95-BINDING_MID,202607223039,solved,0.4896382605533577,0.48963681113902485,0.4896382605533582,1.4494143333321219e-06,False,False,False
CRR-STAGEII-CONFIRM-2026-07-22,21c5b970e734ed79636df2f3882d4d85460c5efa40b88e59b9b9a3f34a25c0ff,E3,E3-A0.95-BINDING_MID,202607223040,solved,0.49251164925667323,0.4924930767696649,0.492511649256673,1.8572487008094996e-05,False,False,False
CRR-STAGEII-CONFIRM-2026-07-22,21c5b970e734ed79636df2f3882d4d85460c5efa40b88e59b9b9a3f34a25c0ff,E3,E3-A0.95-BINDING_MID,202607223041,solved,0.5304203290324396,0.530419242755887,0.5304203290324394,1.0862765523755868e-06,False,False,False
CRR-STAGEII-CONFIRM-2026-07-22,21c5b970e734ed79636df2f3882d4d85460c5efa40b88e59b9b9a3f34a25c0ff,E3,E3-A0.95-BINDING_MID,202607223042,solved,0.533323095726647,0.5333226425262098,0.5333230957266473,4.532004375112919e-07,False,False,False
CRR-STAGEII-CONFIRM-2026-07-22,21c5b970e734ed79636df2f3882d4d85460c5efa40b88e59b9b9a3f34a25c0ff,E3,E3-A0.95-BINDING_MID,202607223043,solved,0.439346314559941,0.4393455881488998,0.4393463145599402,7.264110404303636e-07,False,False,False
CRR-STAGEII-CONFIRM-2026-07-22,21c5b970e734ed79636df2f3882d4d85460c5efa40b88e59b9b9a3f34a25c0ff,E3,E3-A0.95-BINDING_MID,202607223044,solved,0.5615625545011524,0.5615622145058845,0.5615625545011529,3.3999526838357497e-07,False,False,False
CRR-STAGEII-CONFIRM-2026-07-22,21c5b970e734ed79636df2f3882d4d85460c5efa40b88e59b9b9a3f34a25c0ff,E3,E3-A0.95-BINDING_MID,202607223045,solved,0.4199816959522218,0.4199789182011123,0.4199816967179103,2.778516798029873e-06,False,False,False
CRR-STAGEII-CONFIRM-2026-07-22,21c5b970e734ed79636df2f3882d4d85460c5efa40b88e59b9b9a3f34a25c0ff,E3,E3-A0.95-BINDING_MID,202607223046,solved,0.5081261744333765,0.5081251328659402,0.5081261744333767,1.0415674365216177e-06,False,False,False
CRR-STAGEII-CONFIRM-2026-07-22,21c5b970e734ed79636df2f3882d4d85460c5efa40b88e59b9b9a3f34a25c0ff,E3,E3-A0.95-BINDING_MID,202607223047,solved,0.5205860611339614,0.5205851055628998,0.5205860611339621,9.55571062277727e-07,False,False,False
CRR-STAGEII-CONFIRM-2026-07-22,21c5b970e734ed79636df2f3882d4d85460c5efa40b88e59b9b9a3f34a25c0ff,E3,E3-A0.95-BINDING_MID,202607223048,solved,0.4802724482837587,0.48027194750541996,0.4802724482837588,5.007783388522036e-07,False,False,False
CRR-STAGEII-CONFIRM-2026-07-22,21c5b970e734ed79636df2f3882d4d85460c5efa40b88e59b9b9a3f34a25c0ff,E3,E3-A0.95-BINDING_MID,202607223049,solved,0.5139586224494883,0.5139572535810922,0.5139586224494884,1.3688683961898818e-06,False,False,False
CRR-STAGEII-CONFIRM-2026-07-22,21c5b970e734ed79636df2f3882d4d85460c5efa40b88e59b9b9a3f34a25c0ff,E3,E3-A0.95-BINDING_MID,202607223050,solved,0.4501811586941804,0.45017240707392464,0.45018115869418096,8.751620256319814e-06,False,False,False
CRR-STAGEII-CONFIRM-2026-07-22,21c5b970e734ed79636df2f3882d4d85460c5efa40b88e59b9b9a3f34a25c0ff,E3,E3-A0.95-BINDING_MID,202607223051,solved,0.3991381773910174,0.3991375510934314,0.3991381773910179,6.26297586514557e-07,False,False,False
CRR-STAGEII-CONFIRM-2026-07-22,21c5b970e734ed79636df2f3882d4d85460c5efa40b88e59b9b9a3f34a25c0ff,E3,E3-A0.95-BINDING_MID,202607223052,solved,-0.9230459909344351,-0.9230459909344351,-0.9230382891701547,7.701764280332313e-06,True,True,True
CRR-STAGEII-CONFIRM-2026-07-22,21c5b970e734ed79636df2f3882d4d85460c5efa40b88e59b9b9a3f34a25c0ff,E3,E3-A0.95-BINDING_MID,202607223053,solved,0.4474606394966332,0.44745887388092864,0.4474606394966334,1.7656157047518661e-06,False,False,False
CRR-STAGEII-CONFIRM-2026-07-22,21c5b970e734ed79636df2f3882d4d85460c5efa40b88e59b9b9a3f34a25c0ff,E3,E3-A0.95-BINDING_MID,202607223054,solved,0.5247707868292033,0.5247687779087616,0.5247707868292033,2.0089204416651185e-06,False,False,False
CRR-STAGEII-CONFIRM-2026-07-22,21c5b970e734ed79636df2f3882d4d85460c5efa40b88e59b9b9a3f34a25c0ff,E3,E3-A0.95-BINDING_MID,202607223055,solved,0.4641957337384124,0.46419512539059427,0.46419573500768213,6.096170878655549e-07,False,False,False
CRR-STAGEII-CONFIRM-2026-07-22,21c5b970e734ed79636df2f3882d4d85460c5efa40b88e59b9b9a3f34a25c0ff,E3,E3-A0.95-BINDING_MID,202607223056,solved,0.5233180536827327,0.5233173684250896,0.5233180536827322,6.852576426297219e-07,False,False,False
CRR-STAGEII-CONFIRM-2026-07-22,21c5b970e734ed79636df2f3882d4d85460c5efa40b88e59b9b9a3f34a25c0ff,E3,E3-A0.95-BINDING_MID,202607223057,solved,0.4485393008178098,0.44853459324557476,0.4485393008178078,4.707572233031421e-06,False,False,False
CRR-STAGEII-CONFIRM-2026-07-22,21c5b970e734ed79636df2f3882d4d85460c5efa40b88e59b9b9a3f34a25c0ff,E3,E3-A0.95-BINDING_MID,202607223058,solved,-0.8674776679909013,-0.8674776679909014,-0.8674765193767492,1.1486141522354387e-06,True,True,True
CRR-STAGEII-CONFIRM-2026-07-22,21c5b970e734ed79636df2f3882d4d85460c5efa40b88e59b9b9a3f34a25c0ff,E3,E3-A0.95-BINDING_MID,202607223059,solved,-0.8895294315797213,-0.8895294315797215,-0.8893499547235034,0.00017947685621810816,True,True,True
CRR-STAGEII-CONFIRM-2026-07-22,21c5b970e734ed79636df2f3882d4d85460c5efa40b88e59b9b9a3f34a25c0ff,E3,E3-A0.95-BINDING_MID,202607223060,solved,-0.8670508518485072,-0.8670508518485075,-0.8670492005623281,1.6512861793493983e-06,True,True,True
CRR-STAGEII-CONFIRM-2026-07-22,21c5b970e734ed79636df2f3882d4d85460c5efa40b88e59b9b9a3f34a25c0ff,E3,E3-A0.95-BINDING_MID,202607223061,solved,0.5554199794261958,0.5554193318852106,0.5554199794261957,6.475409850548175e-07,False,False,False
CRR-STAGEII-CONFIRM-2026-07-22,21c5b970e734ed79636df2f3882d4d85460c5efa40b88e59b9b9a3f34a25c0ff,E3,E3-A0.95-BINDING_MID,202607223062,solved,0.4694584073188268,0.4694579448487262,0.46945841120217513,4.663534489135479e-07,False,False,False
CRR-STAGEII-CONFIRM-2026-07-22,21c5b970e734ed79636df2f3882d4d85460c5efa40b88e59b9b9a3f34a25c0ff,E3,E3-A0.95-BINDING_MID,202607223063,solved,-0.7916401099639985,-0.791640109963999,-0.7916392519098072,8.580541918101758e-07,True,True,True
CRR-STAGEII-CONFIRM-2026-07-22,21c5b970e734ed79636df2f3882d4d85460c5efa40b88e59b9b9a3f34a25c0ff,E3,E3-A0.95-BINDING_MID,202607223064,solved,0.5071477560571795,0.5071472038287457,0.5071477560571804,5.522284347581063e-07,False,False,False
CRR-STAGEII-CONFIRM-2026-07-22,21c5b970e734ed79636df2f3882d4d85460c5efa40b88e59b9b9a3f34a25c0ff,E3,E3-A0.95-INFEASIBLE,202607223001,infeasible,,,,,False,False,False
CRR-STAGEII-CONFIRM-2026-07-22,21c5b970e734ed79636df2f3882d4d85460c5efa40b88e59b9b9a3f34a25c0ff,E3,E3-A0.95-INFEASIBLE,202607223002,infeasible,,,,,False,False,False
CRR-STAGEII-CONFIRM-2026-07-22,21c5b970e734ed79636df2f3882d4d85460c5efa40b88e59b9b9a3f34a25c0ff,E3,E3-A0.95-INFEASIBLE,202607223003,infeasible,,,,,False,False,False
CRR-STAGEII-CONFIRM-2026-07-22,21c5b970e734ed79636df2f3882d4d85460c5efa40b88e59b9b9a3f34a25c0ff,E3,E3-A0.95-INFEASIBLE,202607223004,infeasible,,,,,False,False,False
CRR-STAGEII-CONFIRM-2026-07-22,21c5b970e734ed79636df2f3882d4d85460c5efa40b88e59b9b9a3f34a25c0ff,E3,E3-A0.95-INFEASIBLE,202607223005,infeasible,,,,,False,False,False
CRR-STAGEII-CONFIRM-2026-07-22,21c5b970e734ed79636df2f3882d4d85460c5efa40b88e59b9b9a3f34a25c0ff,E3,E3-A0.95-INFEASIBLE,202607223006,infeasible,,,,,False,False,False
CRR-STAGEII-CONFIRM-2026-07-22,21c5b970e734ed79636df2f3882d4d85460c5efa40b88e59b9b9a3f34a25c0ff,E3,E3-A0.95-INFEASIBLE,202607223007,infeasible,,,,,False,False,False
CRR-STAGEII-CONFIRM-2026-07-22,21c5b970e734ed79636df2f3882d4d85460c5efa40b88e59b9b9a3f34a25c0ff,E3,E3-A0.95-INFEASIBLE,202607223008,infeasible,,,,,False,False,False
CRR-STAGEII-CONFIRM-2026-07-22,21c5b970e734ed79636df2f3882d4d85460c5efa40b88e59b9b9a3f34a25c0ff,E3,E3-A0.95-INFEASIBLE,202607223009,infeasible,,,,,False,False,False
CRR-STAGEII-CONFIRM-2026-07-22,21c5b970e734ed79636df2f3882d4d85460c5efa40b88e59b9b9a3f34a25c0ff,E3,E3-A0.95-INFEASIBLE,202607223010,infeasible,,,,,False,False,False
CRR-STAGEII-CONFIRM-2026-07-22,21c5b970e734ed79636df2f3882d4d85460c5efa40b88e59b9b9a3f34a25c0ff,E3,E3-A0.95-INFEASIBLE,202607223011,infeasible,,,,,False,False,False
CRR-STAGEII-CONFIRM-2026-07-22,21c5b970e734ed79636df2f3882d4d85460c5efa40b88e59b9b9a3f34a25c0ff,E3,E3-A0.95-INFEASIBLE,202607223012,infeasible,,,,,False,False,False
CRR-STAGEII-CONFIRM-2026-07-22,21c5b970e734ed79636df2f3882d4d85460c5efa40b88e59b9b9a3f34a25c0ff,E3,E3-A0.95-INFEASIBLE,202607223013,infeasible,,,,,False,False,False
CRR-STAGEII-CONFIRM-2026-07-22,21c5b970e734ed79636df2f3882d4d85460c5efa40b88e59b9b9a3f34a25c0ff,E3,E3-A0.95-INFEASIBLE,202607223014,infeasible,,,,,False,False,False
CRR-STAGEII-CONFIRM-2026-07-22,21c5b970e734ed79636df2f3882d4d85460c5efa40b88e59b9b9a3f34a25c0ff,E3,E3-A0.95-INFEASIBLE,202607223015,infeasible,,,,,False,False,False
CRR-STAGEII-CONFIRM-2026-07-22,21c5b970e734ed79636df2f3882d4d85460c5efa40b88e59b9b9a3f34a25c0ff,E3,E3-A0.95-INFEASIBLE,202607223016,infeasible,,,,,False,False,False
CRR-STAGEII-CONFIRM-2026-07-22,21c5b970e734ed79636df2f3882d4d85460c5efa40b88e59b9b9a3f34a25c0ff,E3,E3-A0.95-INFEASIBLE,202607223017,infeasible,,,,,False,False,False
CRR-STAGEII-CONFIRM-2026-07-22,21c5b970e734ed79636df2f3882d4d85460c5efa40b88e59b9b9a3f34a25c0ff,E3,E3-A0.95-INFEASIBLE,202607223018,infeasible,,,,,False,False,False
CRR-STAGEII-CONFIRM-2026-07-22,21c5b970e734ed79636df2f3882d4d85460c5efa40b88e59b9b9a3f34a25c0ff,E3,E3-A0.95-INFEASIBLE,202607223019,infeasible,,,,,False,False,False
CRR-STAGEII-CONFIRM-2026-07-22,21c5b970e734ed79636df2f3882d4d85460c5efa40b88e59b9b9a3f34a25c0ff,E3,E3-A0.95-INFEASIBLE,202607223020,infeasible,,,,,False,False,False
CRR-STAGEII-CONFIRM-2026-07-22,21c5b970e734ed79636df2f3882d4d85460c5efa40b88e59b9b9a3f34a25c0ff,E3,E3-A0.95-INFEASIBLE,202607223021,infeasible,,,,,False,False,False
CRR-STAGEII-CONFIRM-2026-07-22,21c5b970e734ed79636df2f3882d4d85460c5efa40b88e59b9b9a3f34a25c0ff,E3,E3-A0.95-INFEASIBLE,202607223022,infeasible,,,,,False,False,False
CRR-STAGEII-CONFIRM-2026-07-22,21c5b970e734ed79636df2f3882d4d85460c5efa40b88e59b9b9a3f34a25c0ff,E3,E3-A0.95-INFEASIBLE,202607223023,infeasible,,,,,False,False,False
CRR-STAGEII-CONFIRM-2026-07-22,21c5b970e734ed79636df2f3882d4d85460c5efa40b88e59b9b9a3f34a25c0ff,E3,E3-A0.95-INFEASIBLE,202607223024,infeasible,,,,,False,False,False
CRR-STAGEII-CONFIRM-2026-07-22,21c5b970e734ed79636df2f3882d4d85460c5efa40b88e59b9b9a3f34a25c0ff,E3,E3-A0.95-INFEASIBLE,202607223025,infeasible,,,,,False,False,False
CRR-STAGEII-CONFIRM-2026-07-22,21c5b970e734ed79636df2f3882d4d85460c5efa40b88e59b9b9a3f34a25c0ff,E3,E3-A0.95-INFEASIBLE,202607223026,infeasible,,,,,False,False,False
CRR-STAGEII-CONFIRM-2026-07-22,21c5b970e734ed79636df2f3882d4d85460c5efa40b88e59b9b9a3f34a25c0ff,E3,E3-A0.95-INFEASIBLE,202607223027,infeasible,,,,,False,False,False
CRR-STAGEII-CONFIRM-2026-07-22,21c5b970e734ed79636df2f3882d4d85460c5efa40b88e59b9b9a3f34a25c0ff,E3,E3-A0.95-INFEASIBLE,202607223028,infeasible,,,,,False,False,False
CRR-STAGEII-CONFIRM-2026-07-22,21c5b970e734ed79636df2f3882d4d85460c5efa40b88e59b9b9a3f34a25c0ff,E3,E3-A0.95-INFEASIBLE,202607223029,infeasible,,,,,False,False,False
CRR-STAGEII-CONFIRM-2026-07-22,21c5b970e734ed79636df2f3882d4d85460c5efa40b88e59b9b9a3f34a25c0ff,E3,E3-A0.95-INFEASIBLE,202607223030,infeasible,,,,,False,False,False
CRR-STAGEII-CONFIRM-2026-07-22,21c5b970e734ed79636df2f3882d4d85460c5efa40b88e59b9b9a3f34a25c0ff,E3,E3-A0.95-INFEASIBLE,202607223031,infeasible,,,,,False,False,False
CRR-STAGEII-CONFIRM-2026-07-22,21c5b970e734ed79636df2f3882d4d85460c5efa40b88e59b9b9a3f34a25c0ff,E3,E3-A0.95-INFEASIBLE,202607223032,infeasible,,,,,False,False,False
CRR-STAGEII-CONFIRM-2026-07-22,21c5b970e734ed79636df2f3882d4d85460c5efa40b88e59b9b9a3f34a25c0ff,E3,E3-A0.95-INFEASIBLE,202607223033,infeasible,,,,,False,False,False
CRR-STAGEII-CONFIRM-2026-07-22,21c5b970e734ed79636df2f3882d4d85460c5efa40b88e59b9b9a3f34a25c0ff,E3,E3-A0.95-INFEASIBLE,202607223034,infeasible,,,,,False,False,False
CRR-STAGEII-CONFIRM-2026-07-22,21c5b970e734ed79636df2f3882d4d85460c5efa40b88e59b9b9a3f34a25c0ff,E3,E3-A0.95-INFEASIBLE,202607223035,infeasible,,,,,False,False,False
CRR-STAGEII-CONFIRM-2026-07-22,21c5b970e734ed79636df2f3882d4d85460c5efa40b88e59b9b9a3f34a25c0ff,E3,E3-A0.95-INFEASIBLE,202607223036,infeasible,,,,,False,False,False
CRR-STAGEII-CONFIRM-2026-07-22,21c5b970e734ed79636df2f3882d4d85460c5efa40b88e59b9b9a3f34a25c0ff,E3,E3-A0.95-INFEASIBLE,202607223037,infeasible,,,,,False,False,False
CRR-STAGEII-CONFIRM-2026-07-22,21c5b970e734ed79636df2f3882d4d85460c5efa40b88e59b9b9a3f34a25c0ff,E3,E3-A0.95-INFEASIBLE,202607223038,infeasible,,,,,False,False,False
CRR-STAGEII-CONFIRM-2026-07-22,21c5b970e734ed79636df2f3882d4d85460c5efa40b88e59b9b9a3f34a25c0ff,E3,E3-A0.95-INFEASIBLE,202607223039,infeasible,,,,,False,False,False
CRR-STAGEII-CONFIRM-2026-07-22,21c5b970e734ed79636df2f3882d4d85460c5efa40b88e59b9b9a3f34a25c0ff,E3,E3-A0.95-INFEASIBLE,202607223040,infeasible,,,,,False,False,False
CRR-STAGEII-CONFIRM-2026-07-22,21c5b970e734ed79636df2f3882d4d85460c5efa40b88e59b9b9a3f34a25c0ff,E3,E3-A0.95-INFEASIBLE,202607223041,infeasible,,,,,False,False,False
CRR-STAGEII-CONFIRM-2026-07-22,21c5b970e734ed79636df2f3882d4d85460c5efa40b88e59b9b9a3f34a25c0ff,E3,E3-A0.95-INFEASIBLE,202607223042,infeasible,,,,,False,False,False
CRR-STAGEII-CONFIRM-2026-07-22,21c5b970e734ed79636df2f3882d4d85460c5efa40b88e59b9b9a3f34a25c0ff,E3,E3-A0.95-INFEASIBLE,202607223043,infeasible,,,,,False,False,False
CRR-STAGEII-CONFIRM-2026-07-22,21c5b970e734ed79636df2f3882d4d85460c5efa40b88e59b9b9a3f34a25c0ff,E3,E3-A0.95-INFEASIBLE,202607223044,infeasible,,,,,False,False,False
CRR-STAGEII-CONFIRM-2026-07-22,21c5b970e734ed79636df2f3882d4d85460c5efa40b88e59b9b9a3f34a25c0ff,E3,E3-A0.95-INFEASIBLE,202607223045,infeasible,,,,,False,False,False
CRR-STAGEII-CONFIRM-2026-07-22,21c5b970e734ed79636df2f3882d4d85460c5efa40b88e59b9b9a3f34a25c0ff,E3,E3-A0.95-INFEASIBLE,202607223046,infeasible,,,,,False,False,False
CRR-STAGEII-CONFIRM-2026-07-22,21c5b970e734ed79636df2f3882d4d85460c5efa40b88e59b9b9a3f34a25c0ff,E3,E3-A0.95-INFEASIBLE,202607223047,infeasible,,,,,False,False,False
CRR-STAGEII-CONFIRM-2026-07-22,21c5b970e734ed79636df2f3882d4d85460c5efa40b88e59b9b9a3f34a25c0ff,E3,E3-A0.95-INFEASIBLE,202607223048,infeasible,,,,,False,False,False
CRR-STAGEII-CONFIRM-2026-07-22,21c5b970e734ed79636df2f3882d4d85460c5efa40b88e59b9b9a3f34a25c0ff,E3,E3-A0.95-INFEASIBLE,202607223049,infeasible,,,,,False,False,False
CRR-STAGEII-CONFIRM-2026-07-22,21c5b970e734ed79636df2f3882d4d85460c5efa40b88e59b9b9a3f34a25c0ff,E3,E3-A0.95-INFEASIBLE,202607223050,infeasible,,,,,False,False,False
CRR-STAGEII-CONFIRM-2026-07-22,21c5b970e734ed79636df2f3882d4d85460c5efa40b88e59b9b9a3f34a25c0ff,E3,E3-A0.95-INFEASIBLE,202607223051,infeasible,,,,,False,False,False
CRR-STAGEII-CONFIRM-2026-07-22,21c5b970e734ed79636df2f3882d4d85460c5efa40b88e59b9b9a3f34a25c0ff,E3,E3-A0.95-INFEASIBLE,202607223052,infeasible,,,,,False,False,False
CRR-STAGEII-CONFIRM-2026-07-22,21c5b970e734ed79636df2f3882d4d85460c5efa40b88e59b9b9a3f34a25c0ff,E3,E3-A0.95-INFEASIBLE,202607223053,infeasible,,,,,False,False,False
CRR-STAGEII-CONFIRM-2026-07-22,21c5b970e734ed79636df2f3882d4d85460c5efa40b88e59b9b9a3f34a25c0ff,E3,E3-A0.95-INFEASIBLE,202607223054,infeasible,,,,,False,False,False
CRR-STAGEII-CONFIRM-2026-07-22,21c5b970e734ed79636df2f3882d4d85460c5efa40b88e59b9b9a3f34a25c0ff,E3,E3-A0.95-INFEASIBLE,202607223055,infeasible,,,,,False,False,False
CRR-STAGEII-CONFIRM-2026-07-22,21c5b970e734ed79636df2f3882d4d85460c5efa40b88e59b9b9a3f34a25c0ff,E3,E3-A0.95-INFEASIBLE,202607223056,infeasible,,,,,False,False,False
CRR-STAGEII-CONFIRM-2026-07-22,21c5b970e734ed79636df2f3882d4d85460c5efa40b88e59b9b9a3f34a25c0ff,E3,E3-A0.95-INFEASIBLE,202607223057,infeasible,,,,,False,False,False
CRR-STAGEII-CONFIRM-2026-07-22,21c5b970e734ed79636df2f3882d4d85460c5efa40b88e59b9b9a3f34a25c0ff,E3,E3-A0.95-INFEASIBLE,202607223058,infeasible,,,,,False,False,False
CRR-STAGEII-CONFIRM-2026-07-22,21c5b970e734ed79636df2f3882d4d85460c5efa40b88e59b9b9a3f34a25c0ff,E3,E3-A0.95-INFEASIBLE,202607223059,infeasible,,,,,False,False,False
CRR-STAGEII-CONFIRM-2026-07-22,21c5b970e734ed79636df2f3882d4d85460c5efa40b88e59b9b9a3f34a25c0ff,E3,E3-A0.95-INFEASIBLE,202607223060,infeasible,,,,,False,False,False
CRR-STAGEII-CONFIRM-2026-07-22,21c5b970e734ed79636df2f3882d4d85460c5efa40b88e59b9b9a3f34a25c0ff,E3,E3-A0.95-INFEASIBLE,202607223061,infeasible,,,,,False,False,False
CRR-STAGEII-CONFIRM-2026-07-22,21c5b970e734ed79636df2f3882d4d85460c5efa40b88e59b9b9a3f34a25c0ff,E3,E3-A0.95-INFEASIBLE,202607223062,infeasible,,,,,False,False,False
CRR-STAGEII-CONFIRM-2026-07-22,21c5b970e734ed79636df2f3882d4d85460c5efa40b88e59b9b9a3f34a25c0ff,E3,E3-A0.95-INFEASIBLE,202607223063,infeasible,,,,,False,False,False
CRR-STAGEII-CONFIRM-2026-07-22,21c5b970e734ed79636df2f3882d4d85460c5efa40b88e59b9b9a3f34a25c0ff,E3,E3-A0.95-INFEASIBLE,202607223064,infeasible,,,,,False,False,False
CRR-STAGEII-CONFIRM-2026-07-22,21c5b970e734ed79636df2f3882d4d85460c5efa40b88e59b9b9a3f34a25c0ff,E3,E3-A0.95-JUST_BINDING,202607223001,solved,0.9552537997163344,0.9552443040478843,0.9552537997163347,9.495668450432149e-06,False,False,False
CRR-STAGEII-CONFIRM-2026-07-22,21c5b970e734ed79636df2f3882d4d85460c5efa40b88e59b9b9a3f34a25c0ff,E3,E3-A0.95-JUST_BINDING,202607223002,solved,0.9562088184688098,0.9562074977158626,0.9562088184688095,1.3207529468983736e-06,False,False,False
CRR-STAGEII-CONFIRM-2026-07-22,21c5b970e734ed79636df2f3882d4d85460c5efa40b88e59b9b9a3f34a25c0ff,E3,E3-A0.95-JUST_BINDING,202607223003,solved,0.9623889906274274,0.9623861744150859,0.9623889906274281,2.8162123422159624e-06,False,False,False
CRR-STAGEII-CONFIRM-2026-07-22,21c5b970e734ed79636df2f3882d4d85460c5efa40b88e59b9b9a3f34a25c0ff,E3,E3-A0.95-JUST_BINDING,202607223004,solved,0.9577936272366331,0.9577926577476572,0.957793627236633,9.694889757660974e-07,False,False,False
CRR-STAGEII-CONFIRM-2026-07-22,21c5b970e734ed79636df2f3882d4d85460c5efa40b88e59b9b9a3f34a25c0ff,E3,E3-A0.95-JUST_BINDING,202607223005,solved,0.9554872064186559,0.9554859779363786,0.9554872064186561,1.228482277570997e-06,False,False,False
CRR-STAGEII-CONFIRM-2026-07-22,21c5b970e734ed79636df2f3882d4d85460c5efa40b88e59b9b9a3f34a25c0ff,E3,E3-A0.95-JUST_BINDING,202607223006,solved,0.9547041230849542,0.9547021407728875,0.954704123084954,1.98231206649524e-06,False,False,False
CRR-STAGEII-CONFIRM-2026-07-22,21c5b970e734ed79636df2f3882d4d85460c5efa40b88e59b9b9a3f34a25c0ff,E3,E3-A0.95-JUST_BINDING,202607223007,solved,-0.9830701632784267,-0.9830701632784268,-0.983064293674969,5.869603457830941e-06,True,True,True
CRR-STAGEII-CONFIRM-2026-07-22,21c5b970e734ed79636df2f3882d4d85460c5efa40b88e59b9b9a3f34a25c0ff,E3,E3-A0.95-JUST_BINDING,202607223008,solved,0.9485937545595127,0.9485911209111051,0.9485937545595126,2.633648407468492e-06,False,False,False
CRR-STAGEII-CONFIRM-2026-07-22,21c5b970e734ed79636df2f3882d4d85460c5efa40b88e59b9b9a3f34a25c0ff,E3,E3-A0.95-JUST_BINDING,202607223009,solved,0.9510231030912166,0.951022271321393,0.9510231030912175,8.317698244608707e-07,False,False,False
CRR-STAGEII-CONFIRM-2026-07-22,21c5b970e734ed79636df2f3882d4d85460c5efa40b88e59b9b9a3f34a25c0ff,E3,E3-A0.95-JUST_BINDING,202607223010,solved,0.9528163356664274,0.9528159604562878,0.9528163356664271,3.752101392917595e-07,False,False,False
CRR-STAGEII-CONFIRM-2026-07-22,21c5b970e734ed79636df2f3882d4d85460c5efa40b88e59b9b9a3f34a25c0ff,E3,E3-A0.95-JUST_BINDING,202607223011,solved,0.9527874262305789,0.9527860557992338,0.9527874262305783,1.3704313445161986e-06,False,False,False
CRR-STAGEII-CONFIRM-2026-07-22,21c5b970e734ed79636df2f3882d4d85460c5efa40b88e59b9b9a3f34a25c0ff,E3,E3-A0.95-JUST_BINDING,202607223012,solved,0.9567253622858254,0.9567248478200752,0.9567253622858247,5.14465749557047e-07,False,False,False
CRR-STAGEII-CONFIRM-2026-07-22,21c5b970e734ed79636df2f3882d4d85460c5efa40b88e59b9b9a3f34a25c0ff,E3,E3-A0.95-JUST_BINDING,202607223013,solved,-0.9932823048253072,-0.9932823048253075,-0.9932812637624121,1.0410628954460321e-06,True,True,True
CRR-STAGEII-CONFIRM-2026-07-22,21c5b970e734ed79636df2f3882d4d85460c5efa40b88e59b9b9a3f34a25c0ff,E3,E3-A0.95-JUST_BINDING,202607223014,solved,0.9496094614296673,0.9496018584281827,0.9496094614296674,7.603001484723926e-06,False,False,False
CRR-STAGEII-CONFIRM-2026-07-22,21c5b970e734ed79636df2f3882d4d85460c5efa40b88e59b9b9a3f34a25c0ff,E3,E3-A0.95-JUST_BINDING,202607223015,solved,-0.9836357810668619,-0.9836357810668627,-0.9836316201762156,4.160890647031401e-06,True,True,True
CRR-STAGEII-CONFIRM-2026-07-22,21c5b970e734ed79636df2f3882d4d85460c5efa40b88e59b9b9a3f34a25c0ff,E3,E3-A0.95-JUST_BINDING,202607223016,solved,-0.9983190682727249,-0.9983190682727241,-0.9983179128438947,1.1554288293913473e-06,True,True,True
CRR-STAGEII-CONFIRM-2026-07-22,21c5b970e734ed79636df2f3882d4d85460c5efa40b88e59b9b9a3f34a25c0ff,E3,E3-A0.95-JUST_BINDING,202607223017,solved,-0.9873816293011677,-0.9873816293011679,-0.9873795662827111,2.063018456843757e-06,True,True,True
CRR-STAGEII-CONFIRM-2026-07-22,21c5b970e734ed79636df2f3882d4d85460c5efa40b88e59b9b9a3f34a25c0ff,E3,E3-A0.95-JUST_BINDING,202607223018,solved,0.9709076710808027,0.9709067282958033,0.9709076710808032,9.42784999957702e-07,False,False,False
CRR-STAGEII-CONFIRM-2026-07-22,21c5b970e734ed79636df2f3882d4d85460c5efa40b88e59b9b9a3f34a25c0ff,E3,E3-A0.95-JUST_BINDING,202607223019,solved,0.9544908041838396,0.9544900068947061,0.9544908041838416,7.972891354901535e-07,False,False,False
CRR-STAGEII-CONFIRM-2026-07-22,21c5b970e734ed79636df2f3882d4d85460c5efa40b88e59b9b9a3f34a25c0ff,E3,E3-A0.95-JUST_BINDING,202607223020,solved,-0.9939727884689034,-0.9939727884689064,-0.9939721899701107,5.98498795634228e-07,True,True,True
CRR-STAGEII-CONFIRM-2026-07-22,21c5b970e734ed79636df2f3882d4d85460c5efa40b88e59b9b9a3f34a25c0ff,E3,E3-A0.95-JUST_BINDING,202607223021,solved,0.9525911745662466,0.9525898010460194,0.9525911745662463,1.3735202268883029e-06,False,False,False
CRR-STAGEII-CONFIRM-2026-07-22,21c5b970e734ed79636df2f3882d4d85460c5efa40b88e59b9b9a3f34a25c0ff,E3,E3-A0.95-JUST_BINDING,202607223022,solved,0.9563481739564244,0.9563476993102616,0.9563481739564252,4.7464616359516043e-07,False,False,False
CRR-STAGEII-CONFIRM-2026-07-22,21c5b970e734ed79636df2f3882d4d85460c5efa40b88e59b9b9a3f34a25c0ff,E3,E3-A0.95-JUST_BINDING,202607223023,solved,0.963670386264843,0.963670095949785,0.9636703862648446,2.903150595479076e-07,False,False,False
CRR-STAGEII-CONFIRM-2026-07-22,21c5b970e734ed79636df2f3882d4d85460c5efa40b88e59b9b9a3f34a25c0ff,E3,E3-A0.95-JUST_BINDING,202607223024,solved,0.9517436353834463,0.9517358843960735,0.951743635383446,7.750987372490137e-06,False,False,False
CRR-STAGEII-CONFIRM-2026-07-22,21c5b970e734ed79636df2f3882d4d85460c5efa40b88e59b9b9a3f34a25c0ff,E3,E3-A0.95-JUST_BINDING,202607223025,solved,0.9528577442611628,0.9528572369901562,0.9528577442611625,5.072710063114272e-07,False,False,False
CRR-STAGEII-CONFIRM-2026-07-22,21c5b970e734ed79636df2f3882d4d85460c5efa40b88e59b9b9a3f34a25c0ff,E3,E3-A0.95-JUST_BINDING,202607223026,solved,0.956454528319675,0.9564538167865699,0.9564545283196761,7.115331062124142e-07,False,False,False
CRR-STAGEII-CONFIRM-2026-07-22,21c5b970e734ed79636df2f3882d4d85460c5efa40b88e59b9b9a3f34a25c0ff,E3,E3-A0.95-JUST_BINDING,202607223027,solved,0.9561434658121246,0.9561427898821088,0.9561434658121247,6.759300159586701e-07,False,False,False
CRR-STAGEII-CONFIRM-2026-07-22,21c5b970e734ed79636df2f3882d4d85460c5efa40b88e59b9b9a3f34a25c0ff,E3,E3-A0.95-JUST_BINDING,202607223028,solved,0.9620985397265698,0.9620981927728033,0.9620985397265702,3.4695376693871793e-07,False,False,False
CRR-STAGEII-CONFIRM-2026-07-22,21c5b970e734ed79636df2f3882d4d85460c5efa40b88e59b9b9a3f34a25c0ff,E3,E3-A0.95-JUST_BINDING,202607223029,solved,0.9571030894857746,0.9571009127240546,0.9571030894857757,2.176761721095488e-06,False,False,False
CRR-STAGEII-CONFIRM-2026-07-22,21c5b970e734ed79636df2f3882d4d85460c5efa40b88e59b9b9a3f34a25c0ff,E3,E3-A0.95-JUST_BINDING,202607223030,solved,0.9561010830344734,0.9561001679612706,0.9561010830344715,9.150732008800233e-07,False,False,False
CRR-STAGEII-CONFIRM-2026-07-22,21c5b970e734ed79636df2f3882d4d85460c5efa40b88e59b9b9a3f34a25c0ff,E3,E3-A0.95-JUST_BINDING,202607223031,solved,0.946088541104313,0.9460877583130324,0.9460885411043127,7.827912803515247e-07,False,False,False
CRR-STAGEII-CONFIRM-2026-07-22,21c5b970e734ed79636df2f3882d4d85460c5efa40b88e59b9b9a3f34a25c0ff,E3,E3-A0.95-JUST_BINDING,202607223032,solved,0.9526300436863622,0.9526266001365199,0.952630044191386,3.4440548660752413e-06,False,False,False
CRR-STAGEII-CONFIRM-2026-07-22,21c5b970e734ed79636df2f3882d4d85460c5efa40b88e59b9b9a3f34a25c0ff,E3,E3-A0.95-JUST_BINDING,202607223033,solved,-0.995829120567999,-0.9958291205680004,-0.9958278462876501,1.2742803503495992e-06,True,True,True
CRR-STAGEII-CONFIRM-2026-07-22,21c5b970e734ed79636df2f3882d4d85460c5efa40b88e59b9b9a3f34a25c0ff,E3,E3-A0.95-JUST_BINDING,202607223034,solved,0.9500691026892054,0.9500674176104977,0.9500691026892061,1.6850787083466656e-06,False,False,False
CRR-STAGEII-CONFIRM-2026-07-22,21c5b970e734ed79636df2f3882d4d85460c5efa40b88e59b9b9a3f34a25c0ff,E3,E3-A0.95-JUST_BINDING,202607223035,solved,-0.9853843663190758,-0.9853843663190762,-0.9853829693155085,1.397003567715771e-06,True,True,True
CRR-STAGEII-CONFIRM-2026-07-22,21c5b970e734ed79636df2f3882d4d85460c5efa40b88e59b9b9a3f34a25c0ff,E3,E3-A0.95-JUST_BINDING,202607223036,solved,0.9572058712856675,0.9572052252601514,0.957205871285667,6.460255156381933e-07,False,False,False
CRR-STAGEII-CONFIRM-2026-07-22,21c5b970e734ed79636df2f3882d4d85460c5efa40b88e59b9b9a3f34a25c0ff,E3,E3-A0.95-JUST_BINDING,202607223037,solved,0.9499585887222333,0.9499575003783899,0.9499585887222337,1.088343843824724e-06,False,False,False
CRR-STAGEII-CONFIRM-2026-07-22,21c5b970e734ed79636df2f3882d4d85460c5efa40b88e59b9b9a3f34a25c0ff,E3,E3-A0.95-JUST_BINDING,202607223038,solved,0.9624785489838348,0.9624772411285981,0.962478548983833,1.307855234888855e-06,False,False,False
CRR-STAGEII-CONFIRM-2026-07-22,21c5b970e734ed79636df2f3882d4d85460c5efa40b88e59b9b9a3f34a25c0ff,E3,E3-A0.95-JUST_BINDING,202607223039,solved,0.9523957892059561,0.9523943351640766,0.9523957892059557,1.4540418791231247e-06,False,False,False
CRR-STAGEII-CONFIRM-2026-07-22,21c5b970e734ed79636df2f3882d4d85460c5efa40b88e59b9b9a3f34a25c0ff,E3,E3-A0.95-JUST_BINDING,202607223040,solved,0.9542100524242538,0.9541914753207038,0.9542100524242544,1.8577103550576624e-05,False,False,False
CRR-STAGEII-CONFIRM-2026-07-22,21c5b970e734ed79636df2f3882d4d85460c5efa40b88e59b9b9a3f34a25c0ff,E3,E3-A0.95-JUST_BINDING,202607223041,solved,0.9570296618669277,0.9570285713243093,0.9570296618669273,1.0905426179874667e-06,False,False,False
CRR-STAGEII-CONFIRM-2026-07-22,21c5b970e734ed79636df2f3882d4d85460c5efa40b88e59b9b9a3f34a25c0ff,E3,E3-A0.95-JUST_BINDING,202607223042,solved,0.956767364877334,0.9567669074424444,0.9567673648773335,4.574348890784563e-07,False,False,False
CRR-STAGEII-CONFIRM-2026-07-22,21c5b970e734ed79636df2f3882d4d85460c5efa40b88e59b9b9a3f34a25c0ff,E3,E3-A0.95-JUST_BINDING,202607223043,solved,0.9452655655583422,0.945264834088246,0.9452655655583431,7.314700970484367e-07,False,False,False
CRR-STAGEII-CONFIRM-2026-07-22,21c5b970e734ed79636df2f3882d4d85460c5efa40b88e59b9b9a3f34a25c0ff,E3,E3-A0.95-JUST_BINDING,202607223044,solved,0.9606050187257515,0.9606046747400595,0.9606050187257512,3.4398569170868143e-07,False,False,False
CRR-STAGEII-CONFIRM-2026-07-22,21c5b970e734ed79636df2f3882d4d85460c5efa40b88e59b9b9a3f34a25c0ff,E3,E3-A0.95-JUST_BINDING,202607223045,solved,0.9462122631359371,0.946209480122429,0.9462122631359381,2.7830135090889385e-06,False,False,False
CRR-STAGEII-CONFIRM-2026-07-22,21c5b970e734ed79636df2f3882d4d85460c5efa40b88e59b9b9a3f34a25c0ff,E3,E3-A0.95-JUST_BINDING,202607223046,solved,0.9534811730853059,0.9534801270643181,0.9534811730853061,1.0460209880491789e-06,False,False,False
CRR-STAGEII-CONFIRM-2026-07-22,21c5b970e734ed79636df2f3882d4d85460c5efa40b88e59b9b9a3f34a25c0ff,E3,E3-A0.95-JUST_BINDING,202607223047,solved,0.9576146287342737,0.9576136687929605,0.9576146287342737,9.59941313216639e-07,False,False,False
CRR-STAGEII-CONFIRM-2026-07-22,21c5b970e734ed79636df2f3882d4d85460c5efa40b88e59b9b9a3f34a25c0ff,E3,E3-A0.95-JUST_BINDING,202607223048,solved,0.9548114063610702,0.9548109008373175,0.9548114063610702,5.055237527473722e-07,False,False,False
CRR-STAGEII-CONFIRM-2026-07-22,21c5b970e734ed79636df2f3882d4d85460c5efa40b88e59b9b9a3f34a25c0ff,E3,E3-A0.95-JUST_BINDING,202607223049,solved,0.9523290492363516,0.952327675984239,0.9523290492363518,1.373252112801815e-06,False,False,False
CRR-STAGEII-CONFIRM-2026-07-22,21c5b970e734ed79636df2f3882d4d85460c5efa40b88e59b9b9a3f34a25c0ff,E3,E3-A0.95-JUST_BINDING,202607223050,solved,0.9503717420170688,0.9503629853946767,0.950371742017068,8.756622391303814e-06,False,False,False
CRR-STAGEII-CONFIRM-2026-07-22,21c5b970e734ed79636df2f3882d4d85460c5efa40b88e59b9b9a3f34a25c0ff,E3,E3-A0.95-JUST_BINDING,202607223051,solved,0.9421342850708583,0.9421336533433423,0.9421342850708597,6.317275174083647e-07,False,False,False
CRR-STAGEII-CONFIRM-2026-07-22,21c5b970e734ed79636df2f3882d4d85460c5efa40b88e59b9b9a3f34a25c0ff,E3,E3-A0.95-JUST_BINDING,202607223052,solved,-0.994544646330022,-0.9945446463300229,-0.994536943850634,7.702479388971284e-06,True,True,True
CRR-STAGEII-CONFIRM-2026-07-22,21c5b970e734ed79636df2f3882d4d85460c5efa40b88e59b9b9a3f34a25c0ff,E3,E3-A0.95-JUST_BINDING,202607223053,solved,0.9509971658162677,0.9509953951652271,0.950997165816267,1.7706510399007058e-06,False,False,False
CRR-STAGEII-CONFIRM-2026-07-22,21c5b970e734ed79636df2f3882d4d85460c5efa40b88e59b9b9a3f34a25c0ff,E3,E3-A0.95-JUST_BINDING,202607223054,solved,0.9544531201970008,0.9544511069797663,0.9544531201970016,2.0132172352527178e-06,False,False,False
CRR-STAGEII-CONFIRM-2026-07-22,21c5b970e734ed79636df2f3882d4d85460c5efa40b88e59b9b9a3f34a25c0ff,E3,E3-A0.95-JUST_BINDING,202607223055,solved,0.9539004318827127,0.9538998186378531,0.9539004318827128,6.132448596707363e-07,False,False,False
CRR-STAGEII-CONFIRM-2026-07-22,21c5b970e734ed79636df2f3882d4d85460c5efa40b88e59b9b9a3f34a25c0ff,E3,E3-A0.95-JUST_BINDING,202607223056,solved,0.95697100772107,0.956970318126894,0.956971007721071,6.895941769835545e-07,False,False,False
CRR-STAGEII-CONFIRM-2026-07-22,21c5b970e734ed79636df2f3882d4d85460c5efa40b88e59b9b9a3f34a25c0ff,E3,E3-A0.95-JUST_BINDING,202607223057,solved,0.9487600489784418,0.9487553364039325,0.9487600489784422,4.71257450973539e-06,False,False,False
CRR-STAGEII-CONFIRM-2026-07-22,21c5b970e734ed79636df2f3882d4d85460c5efa40b88e59b9b9a3f34a25c0ff,E3,E3-A0.95-JUST_BINDING,202607223058,solved,-0.9884407268730213,-0.9884407268730192,-0.988439577049231,1.1498237881824025e-06,True,True,True
CRR-STAGEII-CONFIRM-2026-07-22,21c5b970e734ed79636df2f3882d4d85460c5efa40b88e59b9b9a3f34a25c0ff,E3,E3-A0.95-JUST_BINDING,202607223059,solved,-0.9892662080143988,-0.9892662080143998,-0.9890867301586799,0.0001794778557199228,True,True,True
CRR-STAGEII-CONFIRM-2026-07-22,21c5b970e734ed79636df2f3882d4d85460c5efa40b88e59b9b9a3f34a25c0ff,E3,E3-A0.95-JUST_BINDING,202607223060,solved,-0.9894701870358287,-0.98947018703583,-0.9894685345254355,1.6525103945230768e-06,True,True,True
CRR-STAGEII-CONFIRM-2026-07-22,21c5b970e734ed79636df2f3882d4d85460c5efa40b88e59b9b9a3f34a25c0ff,E3,E3-A0.95-JUST_BINDING,202607223061,solved,0.957845933774234,0.9578452822089931,0.9578459337742341,6.515652409833095e-07,False,False,False
CRR-STAGEII-CONFIRM-2026-07-22,21c5b970e734ed79636df2f3882d4d85460c5efa40b88e59b9b9a3f34a25c0ff,E3,E3-A0.95-JUST_BINDING,202607223062,solved,0.951443245257366,0.9514427779674075,0.9514432477666059,4.6979919843259665e-07,False,False,False
CRR-STAGEII-CONFIRM-2026-07-22,21c5b970e734ed79636df2f3882d4d85460c5efa40b88e59b9b9a3f34a25c0ff,E3,E3-A0.95-JUST_BINDING,202607223063,solved,-0.9847860593584088,-0.98478605935841,-0.9847851993727147,8.599856953228624e-07,True,True,True
CRR-STAGEII-CONFIRM-2026-07-22,21c5b970e734ed79636df2f3882d4d85460c5efa40b88e59b9b9a3f34a25c0ff,E3,E3-A0.95-JUST_BINDING,202607223064,solved,0.9581302875719684,0.9581297308337031,0.9581302875719686,5.567382654891873e-07,False,False,False
CRR-STAGEII-CONFIRM-2026-07-22,21c5b970e734ed79636df2f3882d4d85460c5efa40b88e59b9b9a3f34a25c0ff,E3,E3-A0.95-SLACK,202607223001,solved,1.0,0.9999905038836482,1.0,9.496116351814798e-06,False,False,False
CRR-STAGEII-CONFIRM-2026-07-22,21c5b970e734ed79636df2f3882d4d85460c5efa40b88e59b9b9a3f34a25c0ff,E3,E3-A0.95-SLACK,202607223002,solved,1.0,0.9999986788091355,1.0,1.3211908644894521e-06,False,False,False
CRR-STAGEII-CONFIRM-2026-07-22,21c5b970e734ed79636df2f3882d4d85460c5efa40b88e59b9b9a3f34a25c0ff,E3,E3-A0.95-SLACK,202607223003,solved,1.0,0.9999971834114894,1.0,2.816588510645701e-06,False,False,False
CRR-STAGEII-CONFIRM-2026-07-22,21c5b970e734ed79636df2f3882d4d85460c5efa40b88e59b9b9a3f34a25c0ff,E3,E3-A0.95-SLACK,202607223004,solved,1.0,0.999999030088956,1.0,9.69911044035321e-07,False,False,False
CRR-STAGEII-CONFIRM-2026-07-22,21c5b970e734ed79636df2f3882d4d85460c5efa40b88e59b9b9a3f34a25c0ff,E3,E3-A0.95-SLACK,202607223005,solved,1.0,0.9999987710725659,1.0,1.2289274341492629e-06,False,False,False
CRR-STAGEII-CONFIRM-2026-07-22,21c5b970e734ed79636df2f3882d4d85460c5efa40b88e59b9b9a3f34a25c0ff,E3,E3-A0.95-SLACK,202607223006,solved,1.0,0.9999980172350049,1.0,1.9827649950787674e-06,False,False,False
CRR-STAGEII-CONFIRM-2026-07-22,21c5b970e734ed79636df2f3882d4d85460c5efa40b88e59b9b9a3f34a25c0ff,E3,E3-A0.95-SLACK,202607223007,solved,-1.0,-1.0,-0.9999941302273039,5.8697726961209895e-06,True,True,True
CRR-STAGEII-CONFIRM-2026-07-22,21c5b970e734ed79636df2f3882d4d85460c5efa40b88e59b9b9a3f34a25c0ff,E3,E3-A0.95-SLACK,202607223008,solved,1.0,0.9999973658375559,1.0,2.6341624440595623e-06,False,False,False
CRR-STAGEII-CONFIRM-2026-07-22,21c5b970e734ed79636df2f3882d4d85460c5efa40b88e59b9b9a3f34a25c0ff,E3,E3-A0.95-SLACK,202607223009,solved,1.0,0.9999991677403955,1.0,8.3225960445521e-07,False,False,False
CRR-STAGEII-CONFIRM-2026-07-22,21c5b970e734ed79636df2f3882d4d85460c5efa40b88e59b9b9a3f34a25c0ff,E3,E3-A0.95-SLACK,202607223010,solved,1.0,0.9999996243180217,1.0,3.7568197830406547e-07,False,False,False
CRR-STAGEII-CONFIRM-2026-07-22,21c5b970e734ed79636df2f3882d4d85460c5efa40b88e59b9b9a3f34a25c0ff,E3,E3-A0.95-SLACK,202607223011,solved,1.0,0.9999986290964779,1.0,1.3709035221465271e-06,False,False,False
CRR-STAGEII-CONFIRM-2026-07-22,21c5b970e734ed79636df2f3882d4d85460c5efa40b88e59b9b9a3f34a25c0ff,E3,E3-A0.95-SLACK,202607223012,solved,1.0,0.9999994851014912,1.0,5.148985088299085e-07,False,False,False
CRR-STAGEII-CONFIRM-2026-07-22,21c5b970e734ed79636df2f3882d4d85460c5efa40b88e59b9b9a3f34a25c0ff,E3,E3-A0.95-SLACK,202607223013,solved,-1.0,-1.0,-0.999998958869909,1.0411300910284638e-06,True,True,True
CRR-STAGEII-CONFIRM-2026-07-22,21c5b970e734ed79636df2f3882d4d85460c5efa40b88e59b9b9a3f34a25c0ff,E3,E3-A0.95-SLACK,202607223014,solved,1.0,0.9999923964946986,1.0,7.603505301378988e-06,False,False,False
CRR-STAGEII-CONFIRM-2026-07-22,21c5b970e734ed79636df2f3882d4d85460c5efa40b88e59b9b9a3f34a25c0ff,E3,E3-A0.95-SLACK,202607223015,solved,-1.0,-1.0,-0.9999958389458141,4.1610541858805306e-06,True,True,True
CRR-STAGEII-CONFIRM-2026-07-22,21c5b970e734ed79636df2f3882d4d85460c5efa40b88e59b9b9a3f34a25c0ff,E3,E3-A0.95-SLACK,202607223016,solved,-1.0,-1.0,-0.9999988445543765,1.1554456235129962e-06,True,True,True
CRR-STAGEII-CONFIRM-2026-07-22,21c5b970e734ed79636df2f3882d4d85460c5efa40b88e59b9b9a3f34a25c0ff,E3,E3-A0.95-SLACK,202607223017,solved,-1.0,-1.0,-0.9999979368553544,2.063144645569892e-06,True,True,True
CRR-STAGEII-CONFIRM-2026-07-22,21c5b970e734ed79636df2f3882d4d85460c5efa40b88e59b9b9a3f34a25c0ff,E3,E3-A0.95-SLACK,202607223018,solved,1.0,0.9999990569240699,1.0,9.430759301265468e-07,False,False,False
CRR-STAGEII-CONFIRM-2026-07-22,21c5b970e734ed79636df2f3882d4d85460c5efa40b88e59b9b9a3f34a25c0ff,E3,E3-A0.95-SLACK,202607223019,solved,1.0,0.9999992022556873,1.0,7.977443127193951e-07,False,False,False
CRR-STAGEII-CONFIRM-2026-07-22,21c5b970e734ed79636df2f3882d4d85460c5efa40b88e59b9b9a3f34a25c0ff,E3,E3-A0.95-SLACK,202607223020,solved,-1.0,-1.0,-0.9999994014409267,5.985590733059709e-07,True,True,True
CRR-STAGEII-CONFIRM-2026-07-22,21c5b970e734ed79636df2f3882d4d85460c5efa40b88e59b9b9a3f34a25c0ff,E3,E3-A0.95-SLACK,202607223021,solved,1.0,0.9999986260056706,1.0,1.3739943294233115e-06,False,False,False
CRR-STAGEII-CONFIRM-2026-07-22,21c5b970e734ed79636df2f3882d4d85460c5efa40b88e59b9b9a3f34a25c0ff,E3,E3-A0.95-SLACK,202607223022,solved,1.0,0.9999995249173212,1.0,4.750826787525142e-07,False,False,False
CRR-STAGEII-CONFIRM-2026-07-22,21c5b970e734ed79636df2f3882d4d85460c5efa40b88e59b9b9a3f34a25c0ff,E3,E3-A0.95-SLACK,202607223023,solved,1.0,0.9999997093216496,1.0,2.906783503897614e-07,False,False,False
CRR-STAGEII-CONFIRM-2026-07-22,21c5b970e734ed79636df2f3882d4d85460c5efa40b88e59b9b9a3f34a25c0ff,E3,E3-A0.95-SLACK,202607223024,solved,1.0,0.9999922485301151,1.0,7.751469884853535e-06,False,False,False
CRR-STAGEII-CONFIRM-2026-07-22,21c5b970e734ed79636df2f3882d4d85460c5efa40b88e59b9b9a3f34a25c0ff,E3,E3-A0.95-SLACK,202607223025,solved,1.0,0.9999994922575248,1.0,5.077424751753767e-07,False,False,False
CRR-STAGEII-CONFIRM-2026-07-22,21c5b970e734ed79636df2f3882d4d85460c5efa40b88e59b9b9a3f34a25c0ff,E3,E3-A0.95-SLACK,202607223026,solved,1.0,0.9999992880314468,1.0,7.119685532241959e-07,False,False,False
CRR-STAGEII-CONFIRM-2026-07-22,21c5b970e734ed79636df2f3882d4d85460c5efa40b88e59b9b9a3f34a25c0ff,E3,E3-A0.95-SLACK,202607223027,solved,1.0,0.9999993236314126,1.0,6.763685873600878e-07,False,False,False
CRR-STAGEII-CONFIRM-2026-07-22,21c5b970e734ed79636df2f3882d4d85460c5efa40b88e59b9b9a3f34a25c0ff,E3,E3-A0.95-SLACK,202607223028,solved,1.0,0.9999996526672227,1.0,3.473327773173551e-07,False,False,False
CRR-STAGEII-CONFIRM-2026-07-22,21c5b970e734ed79636df2f3882d4d85460c5efa40b88e59b9b9a3f34a25c0ff,E3,E3-A0.95-SLACK,202607223029,solved,1.0,0.9999978228093911,1.0,2.1771906089096404e-06,False,False,False
CRR-STAGEII-CONFIRM-2026-07-22,21c5b970e734ed79636df2f3882d4d85460c5efa40b88e59b9b9a3f34a25c0ff,E3,E3-A0.95-SLACK,202607223030,solved,1.0,0.9999990844875141,1.0,9.155124859328012e-07,False,False,False
CRR-STAGEII-CONFIRM-2026-07-22,21c5b970e734ed79636df2f3882d4d85460c5efa40b88e59b9b9a3f34a25c0ff,E3,E3-A0.95-SLACK,202607223031,solved,1.0,0.9999992166696071,1.0,7.833303928839186e-07,False,False,False
CRR-STAGEII-CONFIRM-2026-07-22,21c5b970e734ed79636df2f3882d4d85460c5efa40b88e59b9b9a3f34a25c0ff,E3,E3-A0.95-SLACK,202607223032,solved,1.0,0.9999965559765198,1.0,3.4440234801813574e-06,False,False,False
CRR-STAGEII-CONFIRM-2026-07-22,21c5b970e734ed79636df2f3882d4d85460c5efa40b88e59b9b9a3f34a25c0ff,E3,E3-A0.95-SLACK,202607223033,solved,-1.0,-1.0,-0.9999987256779601,1.2743220398903077e-06,True,True,True
CRR-STAGEII-CONFIRM-2026-07-22,21c5b970e734ed79636df2f3882d4d85460c5efa40b88e59b9b9a3f34a25c0ff,E3,E3-A0.95-SLACK,202607223034,solved,1.0,0.9999983144219825,1.0,1.6855780174962476e-06,False,False,False
CRR-STAGEII-CONFIRM-2026-07-22,21c5b970e734ed79636df2f3882d4d85460c5efa40b88e59b9b9a3f34a25c0ff,E3,E3-A0.95-SLACK,202607223035,solved,-1.0,-1.0,-0.9999986028502594,1.3971497405673716e-06,True,True,True
CRR-STAGEII-CONFIRM-2026-07-22,21c5b970e734ed79636df2f3882d4d85460c5efa40b88e59b9b9a3f34a25c0ff,E3,E3-A0.95-SLACK,202607223036,solved,1.0,0.9999993535465463,1.0,6.46453453656548e-07,False,False,False
CRR-STAGEII-CONFIRM-2026-07-22,21c5b970e734ed79636df2f3882d4d85460c5efa40b88e59b9b9a3f34a25c0ff,E3,E3-A0.95-SLACK,202607223037,solved,1.0,0.9999989111557519,1.0,1.0888442480982974e-06,False,False,False
CRR-STAGEII-CONFIRM-2026-07-22,21c5b970e734ed79636df2f3882d4d85460c5efa40b88e59b9b9a3f34a25c0ff,E3,E3-A0.95-SLACK,202607223038,solved,1.0,0.9999986917695354,1.0,1.3082304646250265e-06,False,False,False
CRR-STAGEII-CONFIRM-2026-07-22,21c5b970e734ed79636df2f3882d4d85460c5efa40b88e59b9b9a3f34a25c0ff,E3,E3-A0.95-SLACK,202607223039,solved,1.0,0.9999985454821598,1.0,1.4545178401714765e-06,False,False,False
CRR-STAGEII-CONFIRM-2026-07-22,21c5b970e734ed79636df2f3882d4d85460c5efa40b88e59b9b9a3f34a25c0ff,E3,E3-A0.95-SLACK,202607223040,solved,1.0,0.9999814224385655,1.0,1.85775614345296e-05,False,False,False
CRR-STAGEII-CONFIRM-2026-07-22,21c5b970e734ed79636df2f3882d4d85460c5efa40b88e59b9b9a3f34a25c0ff,E3,E3-A0.95-SLACK,202607223041,solved,1.0,0.9999989090277024,1.0,1.0909722976126801e-06,False,False,False
CRR-STAGEII-CONFIRM-2026-07-22,21c5b970e734ed79636df2f3882d4d85460c5efa40b88e59b9b9a3f34a25c0ff,E3,E3-A0.95-SLACK,202607223042,solved,1.0,0.9999995421327871,1.0,4.578672129218475e-07,False,False,False
CRR-STAGEII-CONFIRM-2026-07-22,21c5b970e734ed79636df2f3882d4d85460c5efa40b88e59b9b9a3f34a25c0ff,E3,E3-A0.95-SLACK,202607223043,solved,1.0,0.9999992679825682,1.0,7.320174317815287e-07,False,False,False
CRR-STAGEII-CONFIRM-2026-07-22,21c5b970e734ed79636df2f3882d4d85460c5efa40b88e59b9b9a3f34a25c0ff,E3,E3-A0.95-SLACK,202607223044,solved,1.0,0.9999996556203583,1.0,3.443796416924272e-07,False,False,False
CRR-STAGEII-CONFIRM-2026-07-22,21c5b970e734ed79636df2f3882d4d85460c5efa40b88e59b9b9a3f34a25c0ff,E3,E3-A0.95-SLACK,202607223045,solved,1.0,0.9999972164487374,1.0,2.783551262597328e-06,False,False,False
CRR-STAGEII-CONFIRM-2026-07-22,21c5b970e734ed79636df2f3882d4d85460c5efa40b88e59b9b9a3f34a25c0ff,E3,E3-A0.95-SLACK,202607223046,solved,1.0,0.9999989535138276,1.0,1.0464861723846752e-06,False,False,False
CRR-STAGEII-CONFIRM-2026-07-22,21c5b970e734ed79636df2f3882d4d85460c5efa40b88e59b9b9a3f34a25c0ff,E3,E3-A0.95-SLACK,202607223047,solved,1.0,0.9999990396348458,1.0,9.60365154178966e-07,False,False,False
CRR-STAGEII-CONFIRM-2026-07-22,21c5b970e734ed79636df2f3882d4d85460c5efa40b88e59b9b9a3f34a25c0ff,E3,E3-A0.95-SLACK,202607223048,solved,1.0,0.9999994940243555,1.0,5.05975644493617e-07,False,False,False
CRR-STAGEII-CONFIRM-2026-07-22,21c5b970e734ed79636df2f3882d4d85460c5efa40b88e59b9b9a3f34a25c0ff,E3,E3-A0.95-SLACK,202607223049,solved,1.0,0.9999986262711743,1.0,1.373728825693199e-06,False,False,False
CRR-STAGEII-CONFIRM-2026-07-22,21c5b970e734ed79636df2f3882d4d85460c5efa40b88e59b9b9a3f34a25c0ff,E3,E3-A0.95-SLACK,202607223050,solved,1.0,0.9999912428816129,1.0,8.757118387103802e-06,False,False,False
CRR-STAGEII-CONFIRM-2026-07-22,21c5b970e734ed79636df2f3882d4d85460c5efa40b88e59b9b9a3f34a25c0ff,E3,E3-A0.95-SLACK,202607223051,solved,1.0,0.9999993676938342,1.0,6.323061657598217e-07,False,False,False
CRR-STAGEII-CONFIRM-2026-07-22,21c5b970e734ed79636df2f3882d4d85460c5efa40b88e59b9b9a3f34a25c0ff,E3,E3-A0.95-SLACK,202607223052,solved,-1.0,-1.0,-0.9999922974663288,7.70253367121665e-06,True,True,True
CRR-STAGEII-CONFIRM-2026-07-22,21c5b970e734ed79636df2f3882d4d85460c5efa40b88e59b9b9a3f34a25c0ff,E3,E3-A0.95-SLACK,202607223053,solved,1.0,0.9999982288589139,1.0,1.7711410861265264e-06,False,False,False
CRR-STAGEII-CONFIRM-2026-07-22,21c5b970e734ed79636df2f3882d4d85460c5efa40b88e59b9b9a3f34a25c0ff,E3,E3-A0.95-SLACK,202607223054,solved,1.0,0.9999979863272872,1.0,2.0136727127972875e-06,False,False,False
CRR-STAGEII-CONFIRM-2026-07-22,21c5b970e734ed79636df2f3882d4d85460c5efa40b88e59b9b9a3f34a25c0ff,E3,E3-A0.95-SLACK,202607223055,solved,1.0,0.9999993862941355,1.0,6.137058644606341e-07,False,False,False
CRR-STAGEII-CONFIRM-2026-07-22,21c5b970e734ed79636df2f3882d4d85460c5efa40b88e59b9b9a3f34a25c0ff,E3,E3-A0.95-SLACK,202607223056,solved,1.0,0.9999993099755274,1.0,6.90024472560502e-07,False,False,False
CRR-STAGEII-CONFIRM-2026-07-22,21c5b970e734ed79636df2f3882d4d85460c5efa40b88e59b9b9a3f34a25c0ff,E3,E3-A0.95-SLACK,202607223057,solved,1.0,0.9999952869130433,1.0,4.713086956709134e-06,False,False,False
CRR-STAGEII-CONFIRM-2026-07-22,21c5b970e734ed79636df2f3882d4d85460c5efa40b88e59b9b9a3f34a25c0ff,E3,E3-A0.95-SLACK,202607223058,solved,-1.0,-1.0,-0.9999988500606002,1.149939399813782e-06,True,True,True
CRR-STAGEII-CONFIRM-2026-07-22,21c5b970e734ed79636df2f3882d4d85460c5efa40b88e59b9b9a3f34a25c0ff,E3,E3-A0.95-SLACK,202607223059,solved,-1.0,-1.0,-0.9998205220408829,0.00017947795911710251,True,True,True
CRR-STAGEII-CONFIRM-2026-07-22,21c5b970e734ed79636df2f3882d4d85460c5efa40b88e59b9b9a3f34a25c0ff,E3,E3-A0.95-SLACK,202607223060,solved,-1.0,-1.0,-0.999998347384345,1.6526156549900861e-06,True,True,True
CRR-STAGEII-CONFIRM-2026-07-22,21c5b970e734ed79636df2f3882d4d85460c5efa40b88e59b9b9a3f34a25c0ff,E3,E3-A0.95-SLACK,202607223061,solved,1.0,0.9999993480132147,1.0,6.519867853382877e-07,False,False,False
CRR-STAGEII-CONFIRM-2026-07-22,21c5b970e734ed79636df2f3882d4d85460c5efa40b88e59b9b9a3f34a25c0ff,E3,E3-A0.95-SLACK,202607223062,solved,1.0,0.9999995322244807,1.0,4.677755193194244e-07,False,False,False
CRR-STAGEII-CONFIRM-2026-07-22,21c5b970e734ed79636df2f3882d4d85460c5efa40b88e59b9b9a3f34a25c0ff,E3,E3-A0.95-SLACK,202607223063,solved,-1.0,-1.0,-0.9999991398621656,8.60137834401975e-07,True,True,True
CRR-STAGEII-CONFIRM-2026-07-22,21c5b970e734ed79636df2f3882d4d85460c5efa40b88e59b9b9a3f34a25c0ff,E3,E3-A0.95-SLACK,202607223064,solved,1.0,0.9999994428430439,1.0,5.57156956126903e-07,False,False,False
CRR-STAGEII-CONFIRM-2026-07-22,21c5b970e734ed79636df2f3882d4d85460c5efa40b88e59b9b9a3f34a25c0ff,E3,E3-A0.95-STRONGLY_BINDING,202607223001,solved,-0.4218848751139036,-0.42189435701111727,-0.42188487511390355,9.48189721372561e-06,True,True,True
CRR-STAGEII-CONFIRM-2026-07-22,21c5b970e734ed79636df2f3882d4d85460c5efa40b88e59b9b9a3f34a25c0ff,E3,E3-A0.95-STRONGLY_BINDING,202607223002,solved,-0.3358667321914348,-0.33586804002361004,-0.33586673219143626,1.3078321737802767e-06,True,True,True
CRR-STAGEII-CONFIRM-2026-07-22,21c5b970e734ed79636df2f3882d4d85460c5efa40b88e59b9b9a3f34a25c0ff,E3,E3-A0.95-STRONGLY_BINDING,202607223003,solved,0.04344670313104415,0.04344389610807292,0.04344670313104232,2.807022969397721e-06,False,False,False
CRR-STAGEII-CONFIRM-2026-07-22,21c5b970e734ed79636df2f3882d4d85460c5efa40b88e59b9b9a3f34a25c0ff,E3,E3-A0.95-STRONGLY_BINDING,202607223004,solved,-0.17217665908816598,-0.17217761727745762,-0.17217665908816598,9.581892916332713e-07,True,True,True
CRR-STAGEII-CONFIRM-2026-07-22,21c5b970e734ed79636df2f3882d4d85460c5efa40b88e59b9b9a3f34a25c0ff,E3,E3-A0.95-STRONGLY_BINDING,202607223005,solved,-0.21985643277130013,-0.21985764950012432,-0.21985643277130001,1.2167288243047913e-06,True,True,True
CRR-STAGEII-CONFIRM-2026-07-22,21c5b970e734ed79636df2f3882d4d85460c5efa40b88e59b9b9a3f34a25c0ff,E3,E3-A0.95-STRONGLY_BINDING,202607223006,solved,-0.2559782711255086,-0.2559802413307424,-0.25597827112550986,1.970205232515454e-06,True,True,True
CRR-STAGEII-CONFIRM-2026-07-22,21c5b970e734ed79636df2f3882d4d85460c5efa40b88e59b9b9a3f34a25c0ff,E3,E3-A0.95-STRONGLY_BINDING,202607223007,solved,-0.558726563291136,-0.5587265632911437,-0.5587206979311701,5.86535997360027e-06,True,True,True
CRR-STAGEII-CONFIRM-2026-07-22,21c5b970e734ed79636df2f3882d4d85460c5efa40b88e59b9b9a3f34a25c0ff,E3,E3-A0.95-STRONGLY_BINDING,202607223008,solved,-0.37728104111238353,-0.3772836615020466,-0.3772810411123836,2.620389663032796e-06,True,True,True
CRR-STAGEII-CONFIRM-2026-07-22,21c5b970e734ed79636df2f3882d4d85460c5efa40b88e59b9b9a3f34a25c0ff,E3,E3-A0.95-STRONGLY_BINDING,202607223009,solved,-0.18106702934634122,-0.18106784979530066,-0.18106702526469665,8.245306040155498e-07,True,True,True
CRR-STAGEII-CONFIRM-2026-07-22,21c5b970e734ed79636df2f3882d4d85460c5efa40b88e59b9b9a3f34a25c0ff,E3,E3-A0.95-STRONGLY_BINDING,202607223010,solved,-0.1634668618138324,-0.1634672258611385,-0.16346686181383224,3.640473062449523e-07,True,True,True
CRR-STAGEII-CONFIRM-2026-07-22,21c5b970e734ed79636df2f3882d4d85460c5efa40b88e59b9b9a3f34a25c0ff,E3,E3-A0.95-STRONGLY_BINDING,202607223011,solved,-0.2020330633480522,-0.20203442223116186,-0.2020330633480505,1.3588831113686695e-06,True,True,True
CRR-STAGEII-CONFIRM-2026-07-22,21c5b970e734ed79636df2f3882d4d85460c5efa40b88e59b9b9a3f34a25c0ff,E3,E3-A0.95-STRONGLY_BINDING,202607223012,solved,-0.12492134855694154,-0.12492185220624696,-0.12492134855694426,5.036493027077427e-07,True,True,True
CRR-STAGEII-CONFIRM-2026-07-22,21c5b970e734ed79636df2f3882d4d85460c5efa40b88e59b9b9a3f34a25c0ff,E3,E3-A0.95-STRONGLY_BINDING,202607223013,solved,-0.775427755619776,-0.7754277556197849,-0.7754267167354228,1.0388843620923183e-06,True,True,True
CRR-STAGEII-CONFIRM-2026-07-22,21c5b970e734ed79636df2f3882d4d85460c5efa40b88e59b9b9a3f34a25c0ff,E3,E3-A0.95-STRONGLY_BINDING,202607223014,solved,-0.3405955035913995,-0.3406030936905853,-0.34059550359140156,7.590099183718557e-06,True,True,True
CRR-STAGEII-CONFIRM-2026-07-22,21c5b970e734ed79636df2f3882d4d85460c5efa40b88e59b9b9a3f34a25c0ff,E3,E3-A0.95-STRONGLY_BINDING,202607223015,solved,-0.5928872251268533,-0.5928872251268522,-0.5928830681436917,4.156983160474859e-06,True,True,True
CRR-STAGEII-CONFIRM-2026-07-22,21c5b970e734ed79636df2f3882d4d85460c5efa40b88e59b9b9a3f34a25c0ff,E3,E3-A0.95-STRONGLY_BINDING,202607223016,solved,-0.9414022367898325,-0.9414022367898387,-0.9414010819301813,1.154859657348517e-06,True,True,True
CRR-STAGEII-CONFIRM-2026-07-22,21c5b970e734ed79636df2f3882d4d85460c5efa40b88e59b9b9a3f34a25c0ff,E3,E3-A0.95-STRONGLY_BINDING,202607223017,solved,-0.6297043203083084,-0.629704320308305,-0.6297022608666087,2.0594416962893547e-06,True,True,True
CRR-STAGEII-CONFIRM-2026-07-22,21c5b970e734ed79636df2f3882d4d85460c5efa40b88e59b9b9a3f34a25c0ff,E3,E3-A0.95-STRONGLY_BINDING,202607223018,solved,0.14838998803794085,0.14838905347811343,0.14838998803794012,9.345598266929933e-07,False,False,False
CRR-STAGEII-CONFIRM-2026-07-22,21c5b970e734ed79636df2f3882d4d85460c5efa40b88e59b9b9a3f34a25c0ff,E3,E3-A0.95-STRONGLY_BINDING,202607223019,solved,-0.14461149147994196,-0.1446122777780694,-0.14461149147994373,7.862981256656632e-07,True,True,True
CRR-STAGEII-CONFIRM-2026-07-22,21c5b970e734ed79636df2f3882d4d85460c5efa40b88e59b9b9a3f34a25c0ff,E3,E3-A0.95-STRONGLY_BINDING,202607223020,solved,-0.8753031378359424,-0.8753031378359469,-0.8753025405238372,5.973121097735401e-07,True,True,True
CRR-STAGEII-CONFIRM-2026-07-22,21c5b970e734ed79636df2f3882d4d85460c5efa40b88e59b9b9a3f34a25c0ff,E3,E3-A0.95-STRONGLY_BINDING,202607223021,solved,-0.1572309343338849,-0.15723229675589367,-0.1572309343338844,1.362422009265618e-06,True,True,True
CRR-STAGEII-CONFIRM-2026-07-22,21c5b970e734ed79636df2f3882d4d85460c5efa40b88e59b9b9a3f34a25c0ff,E3,E3-A0.95-STRONGLY_BINDING,202607223022,solved,-0.23653329178129073,-0.23653375449862413,-0.2365332917812913,4.627173328386469e-07,True,True,True
CRR-STAGEII-CONFIRM-2026-07-22,21c5b970e734ed79636df2f3882d4d85460c5efa40b88e59b9b9a3f34a25c0ff,E3,E3-A0.95-STRONGLY_BINDING,202607223023,solved,0.0013176383845621142,0.001317357693036536,0.0013176383845646122,2.8069152807619346e-07,False,False,False
CRR-STAGEII-CONFIRM-2026-07-22,21c5b970e734ed79636df2f3882d4d85460c5efa40b88e59b9b9a3f34a25c0ff,E3,E3-A0.95-STRONGLY_BINDING,202607223024,solved,-0.2406066438219871,-0.24061438288574305,-0.24060664382198405,7.739063759004683e-06,True,True,True
CRR-STAGEII-CONFIRM-2026-07-22,21c5b970e734ed79636df2f3882d4d85460c5efa40b88e59b9b9a3f34a25c0ff,E3,E3-A0.95-STRONGLY_BINDING,202607223025,solved,-0.24423999743680835,-0.2442404927369195,-0.24423999743680685,4.95300112646202e-07,True,True,True
CRR-STAGEII-CONFIRM-2026-07-22,21c5b970e734ed79636df2f3882d4d85460c5efa40b88e59b9b9a3f34a25c0ff,E3,E3-A0.95-STRONGLY_BINDING,202607223026,solved,-0.09027781524595063,-0.09027851631173056,-0.09027781524595074,7.010657798178777e-07,True,True,True
CRR-STAGEII-CONFIRM-2026-07-22,21c5b970e734ed79636df2f3882d4d85460c5efa40b88e59b9b9a3f34a25c0ff,E3,E3-A0.95-STRONGLY_BINDING,202607223027,solved,-0.23695917923730114,-0.23695984323629204,-0.2369591792373018,6.639989902357257e-07,True,True,True
CRR-STAGEII-CONFIRM-2026-07-22,21c5b970e734ed79636df2f3882d4d85460c5efa40b88e59b9b9a3f34a25c0ff,E3,E3-A0.95-STRONGLY_BINDING,202607223028,solved,-0.023567049825166775,-0.02356738692227034,-0.023567049825172992,3.3709709734708326e-07,True,True,True
CRR-STAGEII-CONFIRM-2026-07-22,21c5b970e734ed79636df2f3882d4d85460c5efa40b88e59b9b9a3f34a25c0ff,E3,E3-A0.95-STRONGLY_BINDING,202607223029,solved,-0.28905973825435827,-0.2890619025543939,-0.2890597382543593,2.1643000345794583e-06,True,True,True
CRR-STAGEII-CONFIRM-2026-07-22,21c5b970e734ed79636df2f3882d4d85460c5efa40b88e59b9b9a3f34a25c0ff,E3,E3-A0.95-STRONGLY_BINDING,202607223030,solved,-0.10221952256546385,-0.1022204270557443,-0.10221952256546141,9.04490282893633e-07,True,True,True
CRR-STAGEII-CONFIRM-2026-07-22,21c5b970e734ed79636df2f3882d4d85460c5efa40b88e59b9b9a3f34a25c0ff,E3,E3-A0.95-STRONGLY_BINDING,202607223031,solved,-0.29848965221951523,-0.29849042256499164,-0.2984896522195151,7.703454765195517e-07,True,True,True
CRR-STAGEII-CONFIRM-2026-07-22,21c5b970e734ed79636df2f3882d4d85460c5efa40b88e59b9b9a3f34a25c0ff,E3,E3-A0.95-STRONGLY_BINDING,202607223032,solved,-0.33698303619233755,-0.33698646684604,-0.3369830309481311,3.4358979089099684e-06,True,True,True
CRR-STAGEII-CONFIRM-2026-07-22,21c5b970e734ed79636df2f3882d4d85460c5efa40b88e59b9b9a3f34a25c0ff,E3,E3-A0.95-STRONGLY_BINDING,202607223033,solved,-0.8581572723755178,-0.8581572723755154,-0.8581559994719195,1.27290359597243e-06,True,True,True
CRR-STAGEII-CONFIRM-2026-07-22,21c5b970e734ed79636df2f3882d4d85460c5efa40b88e59b9b9a3f34a25c0ff,E3,E3-A0.95-STRONGLY_BINDING,202607223034,solved,-0.3230958301439455,-0.32309750249101543,-0.3230958301439466,1.672347068826241e-06,True,True,True
CRR-STAGEII-CONFIRM-2026-07-22,21c5b970e734ed79636df2f3882d4d85460c5efa40b88e59b9b9a3f34a25c0ff,E3,E3-A0.95-STRONGLY_BINDING,202607223035,solved,-0.5411564755254432,-0.5411564755254428,-0.5411550829641268,1.3925613159271322e-06,True,True,True
CRR-STAGEII-CONFIRM-2026-07-22,21c5b970e734ed79636df2f3882d4d85460c5efa40b88e59b9b9a3f34a25c0ff,E3,E3-A0.95-STRONGLY_BINDING,202607223036,solved,-0.025579410970937966,-0.025580047168591857,-0.025579410970937855,6.361976540025793e-07,True,True,True
CRR-STAGEII-CONFIRM-2026-07-22,21c5b970e734ed79636df2f3882d4d85460c5efa40b88e59b9b9a3f34a25c0ff,E3,E3-A0.95-STRONGLY_BINDING,202607223037,solved,-0.24425295598262653,-0.24425403238433896,-0.24425295598262686,1.076401712096775e-06,True,True,True
CRR-STAGEII-CONFIRM-2026-07-22,21c5b970e734ed79636df2f3882d4d85460c5efa40b88e59b9b9a3f34a25c0ff,E3,E3-A0.95-STRONGLY_BINDING,202607223038,solved,-0.11503589899170974,-0.11503719607182439,-0.11503589899170774,1.2970801166467538e-06,True,True,True
CRR-STAGEII-CONFIRM-2026-07-22,21c5b970e734ed79636df2f3882d4d85460c5efa40b88e59b9b9a3f34a25c0ff,E3,E3-A0.95-STRONGLY_BINDING,202607223039,solved,-0.17992795474036904,-0.17992939745900682,-0.17992795474036927,1.442718637556517e-06,True,True,True
CRR-STAGEII-CONFIRM-2026-07-22,21c5b970e734ed79636df2f3882d4d85460c5efa40b88e59b9b9a3f34a25c0ff,E3,E3-A0.95-STRONGLY_BINDING,202607223040,solved,-0.17463310132194537,-0.17465166713676994,-0.17463310132194493,1.8565814825011184e-05,True,True,True
CRR-STAGEII-CONFIRM-2026-07-22,21c5b970e734ed79636df2f3882d4d85460c5efa40b88e59b9b9a3f34a25c0ff,E3,E3-A0.95-STRONGLY_BINDING,202607223041,solved,-0.11570390068380898,-0.11570498049906819,-0.11570390068380859,1.0798152595969945e-06,True,True,True
CRR-STAGEII-CONFIRM-2026-07-22,21c5b970e734ed79636df2f3882d4d85460c5efa40b88e59b9b9a3f34a25c0ff,E3,E3-A0.95-STRONGLY_BINDING,202607223042,solved,-0.10503628637787005,-0.10503673319473372,-0.10503628637786672,4.468168670057615e-07,True,True,True
CRR-STAGEII-CONFIRM-2026-07-22,21c5b970e734ed79636df2f3882d4d85460c5efa40b88e59b9b9a3f34a25c0ff,E3,E3-A0.95-STRONGLY_BINDING,202607223043,solved,-0.18448604258294,-0.18448676275553688,-0.1844860425829415,7.201725953920324e-07,True,True,True
CRR-STAGEII-CONFIRM-2026-07-22,21c5b970e734ed79636df2f3882d4d85460c5efa40b88e59b9b9a3f34a25c0ff,E3,E3-A0.95-STRONGLY_BINDING,202607223044,solved,-0.1888025863564407,-0.18880291884805644,-0.1888025863564441,3.324916123537136e-07,True,True,True
CRR-STAGEII-CONFIRM-2026-07-22,21c5b970e734ed79636df2f3882d4d85460c5efa40b88e59b9b9a3f34a25c0ff,E3,E3-A0.95-STRONGLY_BINDING,202607223045,solved,-0.4165058665826311,-0.41650863596893445,-0.41650586501139,2.770957544473429e-06,True,True,True
CRR-STAGEII-CONFIRM-2026-07-22,21c5b970e734ed79636df2f3882d4d85460c5efa40b88e59b9b9a3f34a25c0ff,E3,E3-A0.95-STRONGLY_BINDING,202607223046,solved,-0.16556919344496762,-0.165570228275443,-0.16556919344496873,1.0348304742557879e-06,True,True,True
CRR-STAGEII-CONFIRM-2026-07-22,21c5b970e734ed79636df2f3882d4d85460c5efa40b88e59b9b9a3f34a25c0ff,E3,E3-A0.95-STRONGLY_BINDING,202607223047,solved,-0.14436387390134747,-0.144364822822868,-0.14436387390134803,9.489215199720569e-07,True,True,True
CRR-STAGEII-CONFIRM-2026-07-22,21c5b970e734ed79636df2f3882d4d85460c5efa40b88e59b9b9a3f34a25c0ff,E3,E3-A0.95-STRONGLY_BINDING,202607223048,solved,-0.3768657738693132,-0.3768662660762805,-0.3768657738693122,4.922069682944397e-07,True,True,True
CRR-STAGEII-CONFIRM-2026-07-22,21c5b970e734ed79636df2f3882d4d85460c5efa40b88e59b9b9a3f34a25c0ff,E3,E3-A0.95-STRONGLY_BINDING,202607223049,solved,-0.18256021865932803,-0.18256158056254024,-0.1825602186593298,1.3619032104283946e-06,True,True,True
CRR-STAGEII-CONFIRM-2026-07-22,21c5b970e734ed79636df2f3882d4d85460c5efa40b88e59b9b9a3f34a25c0ff,E3,E3-A0.95-STRONGLY_BINDING,202607223050,solved,-0.3149978766903534,-0.3150066206590487,-0.31499787669035345,8.74396869526839e-06,True,True,True
CRR-STAGEII-CONFIRM-2026-07-22,21c5b970e734ed79636df2f3882d4d85460c5efa40b88e59b9b9a3f34a25c0ff,E3,E3-A0.95-STRONGLY_BINDING,202607223051,solved,-0.33650222642845456,-0.33650284536960684,-0.3365022264284543,6.189411525525657e-07,True,True,True
CRR-STAGEII-CONFIRM-2026-07-22,21c5b970e734ed79636df2f3882d4d85460c5efa40b88e59b9b9a3f34a25c0ff,E3,E3-A0.95-STRONGLY_BINDING,202607223052,solved,-0.7958119802187387,-0.7958119802187399,-0.7958042797267928,7.700491947093546e-06,True,True,True
CRR-STAGEII-CONFIRM-2026-07-22,21c5b970e734ed79636df2f3882d4d85460c5efa40b88e59b9b9a3f34a25c0ff,E3,E3-A0.95-STRONGLY_BINDING,202607223053,solved,-0.3642171752996272,-0.364218932798502,-0.3642171752996248,1.757498877208441e-06,True,True,True
CRR-STAGEII-CONFIRM-2026-07-22,21c5b970e734ed79636df2f3882d4d85460c5efa40b88e59b9b9a3f34a25c0ff,E3,E3-A0.95-STRONGLY_BINDING,202607223054,solved,-0.18281192457136686,-0.18281392641601624,-0.1828119245713678,2.001844648436002e-06,True,True,True
CRR-STAGEII-CONFIRM-2026-07-22,21c5b970e734ed79636df2f3882d4d85460c5efa40b88e59b9b9a3f34a25c0ff,E3,E3-A0.95-STRONGLY_BINDING,202607223055,solved,-0.2886616146767349,-0.2886622154959724,-0.2886616096772225,6.058187498880763e-07,True,True,True
CRR-STAGEII-CONFIRM-2026-07-22,21c5b970e734ed79636df2f3882d4d85460c5efa40b88e59b9b9a3f34a25c0ff,E3,E3-A0.95-STRONGLY_BINDING,202607223056,solved,-0.23072656656369284,-0.23072724428089225,-0.23072656656369378,6.777171984717612e-07,True,True,True
CRR-STAGEII-CONFIRM-2026-07-22,21c5b970e734ed79636df2f3882d4d85460c5efa40b88e59b9b9a3f34a25c0ff,E3,E3-A0.95-STRONGLY_BINDING,202607223057,solved,-0.38558453758909156,-0.38558923682025936,-0.3855845375890895,4.6992311698579314e-06,True,True,True
CRR-STAGEII-CONFIRM-2026-07-22,21c5b970e734ed79636df2f3882d4d85460c5efa40b88e59b9b9a3f34a25c0ff,E3,E3-A0.95-STRONGLY_BINDING,202607223058,solved,-0.5939194505844498,-0.5939194505844521,-0.5939183047058793,1.1458785728057919e-06,True,True,True
CRR-STAGEII-CONFIRM-2026-07-22,21c5b970e734ed79636df2f3882d4d85460c5efa40b88e59b9b9a3f34a25c0ff,E3,E3-A0.95-STRONGLY_BINDING,202607223059,solved,-0.7305700480708699,-0.7305700480708702,-0.7303905728244977,0.000179475246372518,True,True,True
CRR-STAGEII-CONFIRM-2026-07-22,21c5b970e734ed79636df2f3882d4d85460c5efa40b88e59b9b9a3f34a25c0ff,E3,E3-A0.95-STRONGLY_BINDING,202607223060,solved,-0.5951509248961602,-0.5951509248961625,-0.5951492763289922,1.6485671703314608e-06,True,True,True
CRR-STAGEII-CONFIRM-2026-07-22,21c5b970e734ed79636df2f3882d4d85460c5efa40b88e59b9b9a3f34a25c0ff,E3,E3-A0.95-STRONGLY_BINDING,202607223061,solved,-0.08706261936667126,-0.08706326048282986,-0.08706261936667214,6.411161577180025e-07,True,True,True
CRR-STAGEII-CONFIRM-2026-07-22,21c5b970e734ed79636df2f3882d4d85460c5efa40b88e59b9b9a3f34a25c0ff,E3,E3-A0.95-STRONGLY_BINDING,202607223062,solved,-0.21112251363006168,-0.21112296929436702,-0.21112251075791466,4.585364523634894e-07,True,True,True
CRR-STAGEII-CONFIRM-2026-07-22,21c5b970e734ed79636df2f3882d4d85460c5efa40b88e59b9b9a3f34a25c0ff,E3,E3-A0.95-STRONGLY_BINDING,202607223063,solved,-0.5076402968174576,-0.5076402968174589,-0.5076394416032317,8.552142272133523e-07,True,True,True
CRR-STAGEII-CONFIRM-2026-07-22,21c5b970e734ed79636df2f3882d4d85460c5efa40b88e59b9b9a3f34a25c0ff,E3,E3-A0.95-STRONGLY_BINDING,202607223064,solved,-0.25852577026473217,-0.25852631483642297,-0.25852577026473167,5.445716912966247e-07,True,True,True
CRR-STAGEII-CONFIRM-2026-07-22,21c5b970e734ed79636df2f3882d4d85460c5efa40b88e59b9b9a3f34a25c0ff,E3,E3-A0.99-BINDING_MID,202607223001,solved,0.33849415843577013,0.33848466893483475,0.3384941667075305,9.497772695765683e-06,False,False,False
CRR-STAGEII-CONFIRM-2026-07-22,21c5b970e734ed79636df2f3882d4d85460c5efa40b88e59b9b9a3f34a25c0ff,E3,E3-A0.99-BINDING_MID,202607223002,solved,0.43907692179002367,0.43907560620840597,0.43907692373066176,1.3175222557948452e-06,False,False,False
CRR-STAGEII-CONFIRM-2026-07-22,21c5b970e734ed79636df2f3882d4d85460c5efa40b88e59b9b9a3f34a25c0ff,E3,E3-A0.99-BINDING_MID,202607223003,solved,0.553375473766679,0.5533726616444261,0.5533754737666777,2.8121222516164224e-06,False,False,False
CRR-STAGEII-CONFIRM-2026-07-22,21c5b970e734ed79636df2f3882d4d85460c5efa40b88e59b9b9a3f34a25c0ff,E3,E3-A0.99-BINDING_MID,202607223004,solved,0.5287520644785233,0.5287510992799498,0.5287520644785231,9.651985732883617e-07,False,False,False
CRR-STAGEII-CONFIRM-2026-07-22,21c5b970e734ed79636df2f3882d4d85460c5efa40b88e59b9b9a3f34a25c0ff,E3,E3-A0.99-BINDING_MID,202607223005,solved,0.6553192979409865,0.6553180724603953,0.6553192981386288,1.225678233462979e-06,False,False,False
CRR-STAGEII-CONFIRM-2026-07-22,21c5b970e734ed79636df2f3882d4d85460c5efa40b88e59b9b9a3f34a25c0ff,E3,E3-A0.99-BINDING_MID,202607223006,solved,-0.5979675379081755,-0.5979675833087356,-0.5979674380767603,1.4523197522375852e-07,True,True,True
CRR-STAGEII-CONFIRM-2026-07-22,21c5b970e734ed79636df2f3882d4d85460c5efa40b88e59b9b9a3f34a25c0ff,E3,E3-A0.99-BINDING_MID,202607223007,solved,-0.6548601782382562,-0.6548601942280233,-0.6548601059842648,8.824375852256594e-08,True,True,True
CRR-STAGEII-CONFIRM-2026-07-22,21c5b970e734ed79636df2f3882d4d85460c5efa40b88e59b9b9a3f34a25c0ff,E3,E3-A0.99-BINDING_MID,202607223008,solved,0.4554591985349145,0.4554565698179512,0.4554592062786661,2.636460714910971e-06,False,False,False
CRR-STAGEII-CONFIRM-2026-07-22,21c5b970e734ed79636df2f3882d4d85460c5efa40b88e59b9b9a3f34a25c0ff,E3,E3-A0.99-BINDING_MID,202607223009,solved,-0.40411229822441097,-0.40411236133177153,-0.4041121244878063,2.3684396521783668e-07,True,True,True
CRR-STAGEII-CONFIRM-2026-07-22,21c5b970e734ed79636df2f3882d4d85460c5efa40b88e59b9b9a3f34a25c0ff,E3,E3-A0.99-BINDING_MID,202607223010,solved,0.7218351578275575,0.7218347849272215,0.721835157827558,3.72900336498283e-07,False,False,False
CRR-STAGEII-CONFIRM-2026-07-22,21c5b970e734ed79636df2f3882d4d85460c5efa40b88e59b9b9a3f34a25c0ff,E3,E3-A0.99-BINDING_MID,202607223011,solved,0.4371032928438985,0.43710192756945115,0.4371032944261638,1.3668567126479125e-06,False,False,False
CRR-STAGEII-CONFIRM-2026-07-22,21c5b970e734ed79636df2f3882d4d85460c5efa40b88e59b9b9a3f34a25c0ff,E3,E3-A0.99-BINDING_MID,202607223012,solved,0.5608619551098915,0.5608614446027652,0.5608619551098913,5.105071261279903e-07,False,False,False
CRR-STAGEII-CONFIRM-2026-07-22,21c5b970e734ed79636df2f3882d4d85460c5efa40b88e59b9b9a3f34a25c0ff,E3,E3-A0.99-BINDING_MID,202607223013,solved,-0.6284992080524843,-0.6284992142539412,-0.6284981706374094,1.043616531748448e-06,True,True,True
CRR-STAGEII-CONFIRM-2026-07-22,21c5b970e734ed79636df2f3882d4d85460c5efa40b88e59b9b9a3f34a25c0ff,E3,E3-A0.99-BINDING_MID,202607223014,solved,0.4509606843333116,0.45095308631844483,0.4509606860833249,7.599764880072968e-06,False,False,False
CRR-STAGEII-CONFIRM-2026-07-22,21c5b970e734ed79636df2f3882d4d85460c5efa40b88e59b9b9a3f34a25c0ff,E3,E3-A0.99-BINDING_MID,202607223015,solved,-0.9174686691243592,-0.9174686691243592,-0.9174645088954063,4.160228952887479e-06,True,True,True
CRR-STAGEII-CONFIRM-2026-07-22,21c5b970e734ed79636df2f3882d4d85460c5efa40b88e59b9b9a3f34a25c0ff,E3,E3-A0.99-BINDING_MID,202607223016,solved,-0.8482090124426233,-0.8482090126985068,-0.848208983442035,2.9256471800742645e-08,True,True,True
CRR-STAGEII-CONFIRM-2026-07-22,21c5b970e734ed79636df2f3882d4d85460c5efa40b88e59b9b9a3f34a25c0ff,E3,E3-A0.99-BINDING_MID,202607223017,solved,-0.6243672591220525,-0.6243687735687139,-0.6243672143766248,1.559192089106709e-06,True,True,True
CRR-STAGEII-CONFIRM-2026-07-22,21c5b970e734ed79636df2f3882d4d85460c5efa40b88e59b9b9a3f34a25c0ff,E3,E3-A0.99-BINDING_MID,202607223018,solved,0.6668745988523417,0.6668736591076523,0.6668745988523415,9.397446891767913e-07,False,False,False
CRR-STAGEII-CONFIRM-2026-07-22,21c5b970e734ed79636df2f3882d4d85460c5efa40b88e59b9b9a3f34a25c0ff,E3,E3-A0.99-BINDING_MID,202607223019,solved,0.6185789062484972,0.6185781123185012,0.6185789062484971,7.939299958570345e-07,False,False,False
CRR-STAGEII-CONFIRM-2026-07-22,21c5b970e734ed79636df2f3882d4d85460c5efa40b88e59b9b9a3f34a25c0ff,E3,E3-A0.99-BINDING_MID,202607223020,solved,-0.5000000000000037,-0.500000000000001,-0.4999999941775044,5.822496595975224e-09,True,True,True
CRR-STAGEII-CONFIRM-2026-07-22,21c5b970e734ed79636df2f3882d4d85460c5efa40b88e59b9b9a3f34a25c0ff,E3,E3-A0.99-BINDING_MID,202607223021,solved,0.606644831586799,0.6066434615259975,0.6066448315868017,1.370060804251061e-06,False,False,False
CRR-STAGEII-CONFIRM-2026-07-22,21c5b970e734ed79636df2f3882d4d85460c5efa40b88e59b9b9a3f34a25c0ff,E3,E3-A0.99-BINDING_MID,202607223022,solved,0.3622980878637896,0.3622976191581357,0.36229810373746185,4.84579326165413e-07,False,False,False
CRR-STAGEII-CONFIRM-2026-07-22,21c5b970e734ed79636df2f3882d4d85460c5efa40b88e59b9b9a3f34a25c0ff,E3,E3-A0.99-BINDING_MID,202607223023,solved,0.4358887575360715,0.43588847249882506,0.4358887838338044,3.11334979352651e-07,False,False,False
CRR-STAGEII-CONFIRM-2026-07-22,21c5b970e734ed79636df2f3882d4d85460c5efa40b88e59b9b9a3f34a25c0ff,E3,E3-A0.99-BINDING_MID,202607223024,solved,0.6085961767258183,0.6085884291699585,0.6085961767258178,7.747555859305422e-06,False,False,False
CRR-STAGEII-CONFIRM-2026-07-22,21c5b970e734ed79636df2f3882d4d85460c5efa40b88e59b9b9a3f34a25c0ff,E3,E3-A0.99-BINDING_MID,202607223025,solved,0.5378615436413807,0.5378610405202571,0.5378615436413802,5.031211230965837e-07,False,False,False
CRR-STAGEII-CONFIRM-2026-07-22,21c5b970e734ed79636df2f3882d4d85460c5efa40b88e59b9b9a3f34a25c0ff,E3,E3-A0.99-BINDING_MID,202607223026,solved,0.5294112595561307,0.5294105522934633,0.5294112595561309,7.072626675430627e-07,False,False,False
CRR-STAGEII-CONFIRM-2026-07-22,21c5b970e734ed79636df2f3882d4d85460c5efa40b88e59b9b9a3f34a25c0ff,E3,E3-A0.99-BINDING_MID,202607223027,solved,0.3342379674544955,0.33423729774355043,0.3342379755862032,6.778426527853654e-07,False,False,False
CRR-STAGEII-CONFIRM-2026-07-22,21c5b970e734ed79636df2f3882d4d85460c5efa40b88e59b9b9a3f34a25c0ff,E3,E3-A0.99-BINDING_MID,202607223028,solved,0.41123749786815766,0.41123715642300906,0.4112375223720643,3.659490552254674e-07,False,False,False
CRR-STAGEII-CONFIRM-2026-07-22,21c5b970e734ed79636df2f3882d4d85460c5efa40b88e59b9b9a3f34a25c0ff,E3,E3-A0.99-BINDING_MID,202607223029,solved,0.42881388021577993,0.42881170873703933,0.42881388638517304,2.1776481337054676e-06,False,False,False
CRR-STAGEII-CONFIRM-2026-07-22,21c5b970e734ed79636df2f3882d4d85460c5efa40b88e59b9b9a3f34a25c0ff,E3,E3-A0.99-BINDING_MID,202607223030,solved,0.3220153573419917,0.3220144486093624,0.32201537331552105,9.247061586448169e-07,False,False,False
CRR-STAGEII-CONFIRM-2026-07-22,21c5b970e734ed79636df2f3882d4d85460c5efa40b88e59b9b9a3f34a25c0ff,E3,E3-A0.99-BINDING_MID,202607223031,solved,0.27889441618002175,0.2788936400605237,0.2788944898366667,8.497761430081852e-07,False,False,False
CRR-STAGEII-CONFIRM-2026-07-22,21c5b970e734ed79636df2f3882d4d85460c5efa40b88e59b9b9a3f34a25c0ff,E3,E3-A0.99-BINDING_MID,202607223032,solved,0.31187235852204775,0.31186892137985506,0.31187236596864093,3.4445887858725044e-06,False,False,False
CRR-STAGEII-CONFIRM-2026-07-22,21c5b970e734ed79636df2f3882d4d85460c5efa40b88e59b9b9a3f34a25c0ff,E3,E3-A0.99-BINDING_MID,202607223033,solved,-0.8199062786158338,-0.8199062786158346,-0.819905006094721,1.2725211137043502e-06,True,True,True
CRR-STAGEII-CONFIRM-2026-07-22,21c5b970e734ed79636df2f3882d4d85460c5efa40b88e59b9b9a3f34a25c0ff,E3,E3-A0.99-BINDING_MID,202607223034,solved,0.18190917850937272,0.18190750111223514,0.1819091945065494,1.6933943142727337e-06,False,False,False
CRR-STAGEII-CONFIRM-2026-07-22,21c5b970e734ed79636df2f3882d4d85460c5efa40b88e59b9b9a3f34a25c0ff,E3,E3-A0.99-BINDING_MID,202607223035,solved,-0.37015541372816285,-0.37015546679239086,-0.37015402287685617,1.443915534693474e-06,True,True,True
CRR-STAGEII-CONFIRM-2026-07-22,21c5b970e734ed79636df2f3882d4d85460c5efa40b88e59b9b9a3f34a25c0ff,E3,E3-A0.99-BINDING_MID,202607223036,solved,0.46918299432931554,0.46918235318403273,0.46918299660329504,6.434192623139268e-07,False,False,False
CRR-STAGEII-CONFIRM-2026-07-22,21c5b970e734ed79636df2f3882d4d85460c5efa40b88e59b9b9a3f34a25c0ff,E3,E3-A0.99-BINDING_MID,202607223037,solved,0.4851948410504181,0.4851937573542468,0.48519484558132703,1.0882270802259342e-06,False,False,False
CRR-STAGEII-CONFIRM-2026-07-22,21c5b970e734ed79636df2f3882d4d85460c5efa40b88e59b9b9a3f34a25c0ff,E3,E3-A0.99-BINDING_MID,202607223038,solved,0.5226351779060132,0.5226338744492056,0.5226351779060093,1.3034568037140204e-06,False,False,False
CRR-STAGEII-CONFIRM-2026-07-22,21c5b970e734ed79636df2f3882d4d85460c5efa40b88e59b9b9a3f34a25c0ff,E3,E3-A0.99-BINDING_MID,202607223039,solved,0.27791169026822543,0.2779102429712009,0.2779117014069136,1.4584357126978809e-06,False,False,False
CRR-STAGEII-CONFIRM-2026-07-22,21c5b970e734ed79636df2f3882d4d85460c5efa40b88e59b9b9a3f34a25c0ff,E3,E3-A0.99-BINDING_MID,202607223040,solved,0.23013441378420452,0.23011584392130163,0.23013441962431253,1.8575703010892397e-05,False,False,False
CRR-STAGEII-CONFIRM-2026-07-22,21c5b970e734ed79636df2f3882d4d85460c5efa40b88e59b9b9a3f34a25c0ff,E3,E3-A0.99-BINDING_MID,202607223041,solved,0.5229178838747044,0.5229167976732194,0.5229178841981929,1.0865249734370863e-06,False,False,False
CRR-STAGEII-CONFIRM-2026-07-22,21c5b970e734ed79636df2f3882d4d85460c5efa40b88e59b9b9a3f34a25c0ff,E3,E3-A0.99-BINDING_MID,202607223042,solved,0.6412665231435608,0.6412660688641922,0.6412665231435597,4.542793674566781e-07,False,False,False
CRR-STAGEII-CONFIRM-2026-07-22,21c5b970e734ed79636df2f3882d4d85460c5efa40b88e59b9b9a3f34a25c0ff,E3,E3-A0.99-BINDING_MID,202607223043,solved,0.5610774349526886,0.5610767073244083,0.5610774349526868,7.276282785184662e-07,False,False,False
CRR-STAGEII-CONFIRM-2026-07-22,21c5b970e734ed79636df2f3882d4d85460c5efa40b88e59b9b9a3f34a25c0ff,E3,E3-A0.99-BINDING_MID,202607223044,solved,-0.2718739406643063,-0.2718742723252132,-0.2718738444414955,4.2788371773516687e-07,True,True,True
CRR-STAGEII-CONFIRM-2026-07-22,21c5b970e734ed79636df2f3882d4d85460c5efa40b88e59b9b9a3f34a25c0ff,E3,E3-A0.99-BINDING_MID,202607223045,solved,0.34285577447101145,0.3428529974910763,0.3428557862189103,2.7887278339910893e-06,False,False,False
CRR-STAGEII-CONFIRM-2026-07-22,21c5b970e734ed79636df2f3882d4d85460c5efa40b88e59b9b9a3f34a25c0ff,E3,E3-A0.99-BINDING_MID,202607223046,solved,0.5122913942236988,0.5122903526145937,0.5122913975516209,1.044937027239179e-06,False,False,False
CRR-STAGEII-CONFIRM-2026-07-22,21c5b970e734ed79636df2f3882d4d85460c5efa40b88e59b9b9a3f34a25c0ff,E3,E3-A0.99-BINDING_MID,202607223047,solved,0.6516232835624476,0.651622326681014,0.651623283562448,9.568814339777632e-07,False,False,False
CRR-STAGEII-CONFIRM-2026-07-22,21c5b970e734ed79636df2f3882d4d85460c5efa40b88e59b9b9a3f34a25c0ff,E3,E3-A0.99-BINDING_MID,202607223048,solved,0.3156689414024536,0.315668442270125,0.3156689459774636,5.037073385616431e-07,False,False,False
CRR-STAGEII-CONFIRM-2026-07-22,21c5b970e734ed79636df2f3882d4d85460c5efa40b88e59b9b9a3f34a25c0ff,E3,E3-A0.99-BINDING_MID,202607223049,solved,0.4561313144622318,0.45612994617213903,0.45613131446223193,1.3682900928957409e-06,False,False,False
CRR-STAGEII-CONFIRM-2026-07-22,21c5b970e734ed79636df2f3882d4d85460c5efa40b88e59b9b9a3f34a25c0ff,E3,E3-A0.99-BINDING_MID,202607223050,solved,0.5406183388953365,0.5406095863705038,0.5406183388953331,8.752524829236386e-06,False,False,False
CRR-STAGEII-CONFIRM-2026-07-22,21c5b970e734ed79636df2f3882d4d85460c5efa40b88e59b9b9a3f34a25c0ff,E3,E3-A0.99-BINDING_MID,202607223051,solved,0.24222214809605846,0.24222152336765834,0.24222216049043194,6.371227735946228e-07,False,False,False
CRR-STAGEII-CONFIRM-2026-07-22,21c5b970e734ed79636df2f3882d4d85460c5efa40b88e59b9b9a3f34a25c0ff,E3,E3-A0.99-BINDING_MID,202607223052,solved,-0.9182515780457852,-0.9182515780457847,-0.9182438763294396,7.701716345120957e-06,True,True,True
CRR-STAGEII-CONFIRM-2026-07-22,21c5b970e734ed79636df2f3882d4d85460c5efa40b88e59b9b9a3f34a25c0ff,E3,E3-A0.99-BINDING_MID,202607223053,solved,0.2207033667690439,0.22070160342096184,0.22070338431756736,1.7808966055188336e-06,False,False,False
CRR-STAGEII-CONFIRM-2026-07-22,21c5b970e734ed79636df2f3882d4d85460c5efa40b88e59b9b9a3f34a25c0ff,E3,E3-A0.99-BINDING_MID,202607223054,solved,-0.4822559627902085,-0.4822579616398384,-0.4822559004297002,2.06121013823779e-06,True,True,True
CRR-STAGEII-CONFIRM-2026-07-22,21c5b970e734ed79636df2f3882d4d85460c5efa40b88e59b9b9a3f34a25c0ff,E3,E3-A0.99-BINDING_MID,202607223055,solved,0.3011712364048227,0.3011698450082272,0.3011712839041725,1.4388959453381922e-06,False,False,False
CRR-STAGEII-CONFIRM-2026-07-22,21c5b970e734ed79636df2f3882d4d85460c5efa40b88e59b9b9a3f34a25c0ff,E3,E3-A0.99-BINDING_MID,202607223056,solved,0.31366888609045707,0.3136682029293336,0.3136689063041201,7.033747864704232e-07,False,False,False
CRR-STAGEII-CONFIRM-2026-07-22,21c5b970e734ed79636df2f3882d4d85460c5efa40b88e59b9b9a3f34a25c0ff,E3,E3-A0.99-BINDING_MID,202607223057,solved,0.3691760962191013,0.3691713894403696,0.3691760982991073,4.708858737711985e-06,False,False,False
CRR-STAGEII-CONFIRM-2026-07-22,21c5b970e734ed79636df2f3882d4d85460c5efa40b88e59b9b9a3f34a25c0ff,E3,E3-A0.99-BINDING_MID,202607223058,solved,-0.8386800959072322,-0.8386800959072314,-0.8386789475810034,1.1483262279954332e-06,True,True,True
CRR-STAGEII-CONFIRM-2026-07-22,21c5b970e734ed79636df2f3882d4d85460c5efa40b88e59b9b9a3f34a25c0ff,E3,E3-A0.99-BINDING_MID,202607223059,solved,-0.7679140374921584,-0.76791403749216,-0.7679140291319593,8.360200753898539e-09,True,True,True
CRR-STAGEII-CONFIRM-2026-07-22,21c5b970e734ed79636df2f3882d4d85460c5efa40b88e59b9b9a3f34a25c0ff,E3,E3-A0.99-BINDING_MID,202607223060,solved,-0.807092438404055,-0.8070924606031283,-0.8070907877174591,1.6728856692127536e-06,True,True,True
CRR-STAGEII-CONFIRM-2026-07-22,21c5b970e734ed79636df2f3882d4d85460c5efa40b88e59b9b9a3f34a25c0ff,E3,E3-A0.99-BINDING_MID,202607223061,solved,0.6589953109486284,0.6589946623718608,0.658995311284803,6.489129422693196e-07,False,False,False
CRR-STAGEII-CONFIRM-2026-07-22,21c5b970e734ed79636df2f3882d4d85460c5efa40b88e59b9b9a3f34a25c0ff,E3,E3-A0.99-BINDING_MID,202607223062,solved,0.12078568327840289,0.12078522429500943,0.12078572871915899,5.04424149561089e-07,False,False,False
CRR-STAGEII-CONFIRM-2026-07-22,21c5b970e734ed79636df2f3882d4d85460c5efa40b88e59b9b9a3f34a25c0ff,E3,E3-A0.99-BINDING_MID,202607223063,solved,-0.7067892364419379,-0.7067892364419368,-0.7067883792362288,8.572057079714313e-07,True,True,True
CRR-STAGEII-CONFIRM-2026-07-22,21c5b970e734ed79636df2f3882d4d85460c5efa40b88e59b9b9a3f34a25c0ff,E3,E3-A0.99-BINDING_MID,202607223064,solved,0.346175605848861,0.34617505523014575,0.34617561271461583,5.574844700872994e-07,False,False,False
CRR-STAGEII-CONFIRM-2026-07-22,21c5b970e734ed79636df2f3882d4d85460c5efa40b88e59b9b9a3f34a25c0ff,E3,E3-A0.99-INFEASIBLE,202607223001,infeasible,,,,,False,False,False
CRR-STAGEII-CONFIRM-2026-07-22,21c5b970e734ed79636df2f3882d4d85460c5efa40b88e59b9b9a3f34a25c0ff,E3,E3-A0.99-INFEASIBLE,202607223002,infeasible,,,,,False,False,False
CRR-STAGEII-CONFIRM-2026-07-22,21c5b970e734ed79636df2f3882d4d85460c5efa40b88e59b9b9a3f34a25c0ff,E3,E3-A0.99-INFEASIBLE,202607223003,infeasible,,,,,False,False,False
CRR-STAGEII-CONFIRM-2026-07-22,21c5b970e734ed79636df2f3882d4d85460c5efa40b88e59b9b9a3f34a25c0ff,E3,E3-A0.99-INFEASIBLE,202607223004,infeasible,,,,,False,False,False
CRR-STAGEII-CONFIRM-2026-07-22,21c5b970e734ed79636df2f3882d4d85460c5efa40b88e59b9b9a3f34a25c0ff,E3,E3-A0.99-INFEASIBLE,202607223005,infeasible,,,,,False,False,False
CRR-STAGEII-CONFIRM-2026-07-22,21c5b970e734ed79636df2f3882d4d85460c5efa40b88e59b9b9a3f34a25c0ff,E3,E3-A0.99-INFEASIBLE,202607223006,infeasible,,,,,False,False,False
CRR-STAGEII-CONFIRM-2026-07-22,21c5b970e734ed79636df2f3882d4d85460c5efa40b88e59b9b9a3f34a25c0ff,E3,E3-A0.99-INFEASIBLE,202607223007,infeasible,,,,,False,False,False
CRR-STAGEII-CONFIRM-2026-07-22,21c5b970e734ed79636df2f3882d4d85460c5efa40b88e59b9b9a3f34a25c0ff,E3,E3-A0.99-INFEASIBLE,202607223008,infeasible,,,,,False,False,False
CRR-STAGEII-CONFIRM-2026-07-22,21c5b970e734ed79636df2f3882d4d85460c5efa40b88e59b9b9a3f34a25c0ff,E3,E3-A0.99-INFEASIBLE,202607223009,infeasible,,,,,False,False,False
CRR-STAGEII-CONFIRM-2026-07-22,21c5b970e734ed79636df2f3882d4d85460c5efa40b88e59b9b9a3f34a25c0ff,E3,E3-A0.99-INFEASIBLE,202607223010,infeasible,,,,,False,False,False
CRR-STAGEII-CONFIRM-2026-07-22,21c5b970e734ed79636df2f3882d4d85460c5efa40b88e59b9b9a3f34a25c0ff,E3,E3-A0.99-INFEASIBLE,202607223011,infeasible,,,,,False,False,False
CRR-STAGEII-CONFIRM-2026-07-22,21c5b970e734ed79636df2f3882d4d85460c5efa40b88e59b9b9a3f34a25c0ff,E3,E3-A0.99-INFEASIBLE,202607223012,infeasible,,,,,False,False,False
CRR-STAGEII-CONFIRM-2026-07-22,21c5b970e734ed79636df2f3882d4d85460c5efa40b88e59b9b9a3f34a25c0ff,E3,E3-A0.99-INFEASIBLE,202607223013,infeasible,,,,,False,False,False
CRR-STAGEII-CONFIRM-2026-07-22,21c5b970e734ed79636df2f3882d4d85460c5efa40b88e59b9b9a3f34a25c0ff,E3,E3-A0.99-INFEASIBLE,202607223014,infeasible,,,,,False,False,False
CRR-STAGEII-CONFIRM-2026-07-22,21c5b970e734ed79636df2f3882d4d85460c5efa40b88e59b9b9a3f34a25c0ff,E3,E3-A0.99-INFEASIBLE,202607223015,infeasible,,,,,False,False,False
CRR-STAGEII-CONFIRM-2026-07-22,21c5b970e734ed79636df2f3882d4d85460c5efa40b88e59b9b9a3f34a25c0ff,E3,E3-A0.99-INFEASIBLE,202607223016,infeasible,,,,,False,False,False
CRR-STAGEII-CONFIRM-2026-07-22,21c5b970e734ed79636df2f3882d4d85460c5efa40b88e59b9b9a3f34a25c0ff,E3,E3-A0.99-INFEASIBLE,202607223017,infeasible,,,,,False,False,False
CRR-STAGEII-CONFIRM-2026-07-22,21c5b970e734ed79636df2f3882d4d85460c5efa40b88e59b9b9a3f34a25c0ff,E3,E3-A0.99-INFEASIBLE,202607223018,infeasible,,,,,False,False,False
CRR-STAGEII-CONFIRM-2026-07-22,21c5b970e734ed79636df2f3882d4d85460c5efa40b88e59b9b9a3f34a25c0ff,E3,E3-A0.99-INFEASIBLE,202607223019,infeasible,,,,,False,False,False
CRR-STAGEII-CONFIRM-2026-07-22,21c5b970e734ed79636df2f3882d4d85460c5efa40b88e59b9b9a3f34a25c0ff,E3,E3-A0.99-INFEASIBLE,202607223020,infeasible,,,,,False,False,False
CRR-STAGEII-CONFIRM-2026-07-22,21c5b970e734ed79636df2f3882d4d85460c5efa40b88e59b9b9a3f34a25c0ff,E3,E3-A0.99-INFEASIBLE,202607223021,infeasible,,,,,False,False,False
CRR-STAGEII-CONFIRM-2026-07-22,21c5b970e734ed79636df2f3882d4d85460c5efa40b88e59b9b9a3f34a25c0ff,E3,E3-A0.99-INFEASIBLE,202607223022,infeasible,,,,,False,False,False
CRR-STAGEII-CONFIRM-2026-07-22,21c5b970e734ed79636df2f3882d4d85460c5efa40b88e59b9b9a3f34a25c0ff,E3,E3-A0.99-INFEASIBLE,202607223023,infeasible,,,,,False,False,False
CRR-STAGEII-CONFIRM-2026-07-22,21c5b970e734ed79636df2f3882d4d85460c5efa40b88e59b9b9a3f34a25c0ff,E3,E3-A0.99-INFEASIBLE,202607223024,infeasible,,,,,False,False,False
CRR-STAGEII-CONFIRM-2026-07-22,21c5b970e734ed79636df2f3882d4d85460c5efa40b88e59b9b9a3f34a25c0ff,E3,E3-A0.99-INFEASIBLE,202607223025,infeasible,,,,,False,False,False
CRR-STAGEII-CONFIRM-2026-07-22,21c5b970e734ed79636df2f3882d4d85460c5efa40b88e59b9b9a3f34a25c0ff,E3,E3-A0.99-INFEASIBLE,202607223026,infeasible,,,,,False,False,False
CRR-STAGEII-CONFIRM-2026-07-22,21c5b970e734ed79636df2f3882d4d85460c5efa40b88e59b9b9a3f34a25c0ff,E3,E3-A0.99-INFEASIBLE,202607223027,infeasible,,,,,False,False,False
CRR-STAGEII-CONFIRM-2026-07-22,21c5b970e734ed79636df2f3882d4d85460c5efa40b88e59b9b9a3f34a25c0ff,E3,E3-A0.99-INFEASIBLE,202607223028,infeasible,,,,,False,False,False
CRR-STAGEII-CONFIRM-2026-07-22,21c5b970e734ed79636df2f3882d4d85460c5efa40b88e59b9b9a3f34a25c0ff,E3,E3-A0.99-INFEASIBLE,202607223029,infeasible,,,,,False,False,False
CRR-STAGEII-CONFIRM-2026-07-22,21c5b970e734ed79636df2f3882d4d85460c5efa40b88e59b9b9a3f34a25c0ff,E3,E3-A0.99-INFEASIBLE,202607223030,infeasible,,,,,False,False,False
CRR-STAGEII-CONFIRM-2026-07-22,21c5b970e734ed79636df2f3882d4d85460c5efa40b88e59b9b9a3f34a25c0ff,E3,E3-A0.99-INFEASIBLE,202607223031,infeasible,,,,,False,False,False
CRR-STAGEII-CONFIRM-2026-07-22,21c5b970e734ed79636df2f3882d4d85460c5efa40b88e59b9b9a3f34a25c0ff,E3,E3-A0.99-INFEASIBLE,202607223032,infeasible,,,,,False,False,False
CRR-STAGEII-CONFIRM-2026-07-22,21c5b970e734ed79636df2f3882d4d85460c5efa40b88e59b9b9a3f34a25c0ff,E3,E3-A0.99-INFEASIBLE,202607223033,infeasible,,,,,False,False,False
CRR-STAGEII-CONFIRM-2026-07-22,21c5b970e734ed79636df2f3882d4d85460c5efa40b88e59b9b9a3f34a25c0ff,E3,E3-A0.99-INFEASIBLE,202607223034,infeasible,,,,,False,False,False
CRR-STAGEII-CONFIRM-2026-07-22,21c5b970e734ed79636df2f3882d4d85460c5efa40b88e59b9b9a3f34a25c0ff,E3,E3-A0.99-INFEASIBLE,202607223035,infeasible,,,,,False,False,False
CRR-STAGEII-CONFIRM-2026-07-22,21c5b970e734ed79636df2f3882d4d85460c5efa40b88e59b9b9a3f34a25c0ff,E3,E3-A0.99-INFEASIBLE,202607223036,infeasible,,,,,False,False,False
CRR-STAGEII-CONFIRM-2026-07-22,21c5b970e734ed79636df2f3882d4d85460c5efa40b88e59b9b9a3f34a25c0ff,E3,E3-A0.99-INFEASIBLE,202607223037,infeasible,,,,,False,False,False
CRR-STAGEII-CONFIRM-2026-07-22,21c5b970e734ed79636df2f3882d4d85460c5efa40b88e59b9b9a3f34a25c0ff,E3,E3-A0.99-INFEASIBLE,202607223038,infeasible,,,,,False,False,False
CRR-STAGEII-CONFIRM-2026-07-22,21c5b970e734ed79636df2f3882d4d85460c5efa40b88e59b9b9a3f34a25c0ff,E3,E3-A0.99-INFEASIBLE,202607223039,infeasible,,,,,False,False,False
CRR-STAGEII-CONFIRM-2026-07-22,21c5b970e734ed79636df2f3882d4d85460c5efa40b88e59b9b9a3f34a25c0ff,E3,E3-A0.99-INFEASIBLE,202607223040,infeasible,,,,,False,False,False
CRR-STAGEII-CONFIRM-2026-07-22,21c5b970e734ed79636df2f3882d4d85460c5efa40b88e59b9b9a3f34a25c0ff,E3,E3-A0.99-INFEASIBLE,202607223041,infeasible,,,,,False,False,False
CRR-STAGEII-CONFIRM-2026-07-22,21c5b970e734ed79636df2f3882d4d85460c5efa40b88e59b9b9a3f34a25c0ff,E3,E3-A0.99-INFEASIBLE,202607223042,infeasible,,,,,False,False,False
CRR-STAGEII-CONFIRM-2026-07-22,21c5b970e734ed79636df2f3882d4d85460c5efa40b88e59b9b9a3f34a25c0ff,E3,E3-A0.99-INFEASIBLE,202607223043,infeasible,,,,,False,False,False
CRR-STAGEII-CONFIRM-2026-07-22,21c5b970e734ed79636df2f3882d4d85460c5efa40b88e59b9b9a3f34a25c0ff,E3,E3-A0.99-INFEASIBLE,202607223044,infeasible,,,,,False,False,False
CRR-STAGEII-CONFIRM-2026-07-22,21c5b970e734ed79636df2f3882d4d85460c5efa40b88e59b9b9a3f34a25c0ff,E3,E3-A0.99-INFEASIBLE,202607223045,infeasible,,,,,False,False,False
CRR-STAGEII-CONFIRM-2026-07-22,21c5b970e734ed79636df2f3882d4d85460c5efa40b88e59b9b9a3f34a25c0ff,E3,E3-A0.99-INFEASIBLE,202607223046,infeasible,,,,,False,False,False
CRR-STAGEII-CONFIRM-2026-07-22,21c5b970e734ed79636df2f3882d4d85460c5efa40b88e59b9b9a3f34a25c0ff,E3,E3-A0.99-INFEASIBLE,202607223047,infeasible,,,,,False,False,False
CRR-STAGEII-CONFIRM-2026-07-22,21c5b970e734ed79636df2f3882d4d85460c5efa40b88e59b9b9a3f34a25c0ff,E3,E3-A0.99-INFEASIBLE,202607223048,infeasible,,,,,False,False,False
CRR-STAGEII-CONFIRM-2026-07-22,21c5b970e734ed79636df2f3882d4d85460c5efa40b88e59b9b9a3f34a25c0ff,E3,E3-A0.99-INFEASIBLE,202607223049,infeasible,,,,,False,False,False
CRR-STAGEII-CONFIRM-2026-07-22,21c5b970e734ed79636df2f3882d4d85460c5efa40b88e59b9b9a3f34a25c0ff,E3,E3-A0.99-INFEASIBLE,202607223050,infeasible,,,,,False,False,False
CRR-STAGEII-CONFIRM-2026-07-22,21c5b970e734ed79636df2f3882d4d85460c5efa40b88e59b9b9a3f34a25c0ff,E3,E3-A0.99-INFEASIBLE,202607223051,infeasible,,,,,False,False,False
CRR-STAGEII-CONFIRM-2026-07-22,21c5b970e734ed79636df2f3882d4d85460c5efa40b88e59b9b9a3f34a25c0ff,E3,E3-A0.99-INFEASIBLE,202607223052,infeasible,,,,,False,False,False
CRR-STAGEII-CONFIRM-2026-07-22,21c5b970e734ed79636df2f3882d4d85460c5efa40b88e59b9b9a3f34a25c0ff,E3,E3-A0.99-INFEASIBLE,202607223053,infeasible,,,,,False,False,False
CRR-STAGEII-CONFIRM-2026-07-22,21c5b970e734ed79636df2f3882d4d85460c5efa40b88e59b9b9a3f34a25c0ff,E3,E3-A0.99-INFEASIBLE,202607223054,infeasible,,,,,False,False,False
CRR-STAGEII-CONFIRM-2026-07-22,21c5b970e734ed79636df2f3882d4d85460c5efa40b88e59b9b9a3f34a25c0ff,E3,E3-A0.99-INFEASIBLE,202607223055,infeasible,,,,,False,False,False
CRR-STAGEII-CONFIRM-2026-07-22,21c5b970e734ed79636df2f3882d4d85460c5efa40b88e59b9b9a3f34a25c0ff,E3,E3-A0.99-INFEASIBLE,202607223056,infeasible,,,,,False,False,False
CRR-STAGEII-CONFIRM-2026-07-22,21c5b970e734ed79636df2f3882d4d85460c5efa40b88e59b9b9a3f34a25c0ff,E3,E3-A0.99-INFEASIBLE,202607223057,infeasible,,,,,False,False,False
CRR-STAGEII-CONFIRM-2026-07-22,21c5b970e734ed79636df2f3882d4d85460c5efa40b88e59b9b9a3f34a25c0ff,E3,E3-A0.99-INFEASIBLE,202607223058,infeasible,,,,,False,False,False
CRR-STAGEII-CONFIRM-2026-07-22,21c5b970e734ed79636df2f3882d4d85460c5efa40b88e59b9b9a3f34a25c0ff,E3,E3-A0.99-INFEASIBLE,202607223059,infeasible,,,,,False,False,False
CRR-STAGEII-CONFIRM-2026-07-22,21c5b970e734ed79636df2f3882d4d85460c5efa40b88e59b9b9a3f34a25c0ff,E3,E3-A0.99-INFEASIBLE,202607223060,infeasible,,,,,False,False,False
CRR-STAGEII-CONFIRM-2026-07-22,21c5b970e734ed79636df2f3882d4d85460c5efa40b88e59b9b9a3f34a25c0ff,E3,E3-A0.99-INFEASIBLE,202607223061,infeasible,,,,,False,False,False
CRR-STAGEII-CONFIRM-2026-07-22,21c5b970e734ed79636df2f3882d4d85460c5efa40b88e59b9b9a3f34a25c0ff,E3,E3-A0.99-INFEASIBLE,202607223062,infeasible,,,,,False,False,False
CRR-STAGEII-CONFIRM-2026-07-22,21c5b970e734ed79636df2f3882d4d85460c5efa40b88e59b9b9a3f34a25c0ff,E3,E3-A0.99-INFEASIBLE,202607223063,infeasible,,,,,False,False,False
CRR-STAGEII-CONFIRM-2026-07-22,21c5b970e734ed79636df2f3882d4d85460c5efa40b88e59b9b9a3f34a25c0ff,E3,E3-A0.99-INFEASIBLE,202607223064,infeasible,,,,,False,False,False
CRR-STAGEII-CONFIRM-2026-07-22,21c5b970e734ed79636df2f3882d4d85460c5efa40b88e59b9b9a3f34a25c0ff,E3,E3-A0.99-JUST_BINDING,202607223001,solved,0.9426430369765879,0.9426335414340795,0.9426430423086585,9.500874578960428e-06,False,False,False
CRR-STAGEII-CONFIRM-2026-07-22,21c5b970e734ed79636df2f3882d4d85460c5efa40b88e59b9b9a3f34a25c0ff,E3,E3-A0.99-JUST_BINDING,202607223002,solved,0.9452385478097378,0.9452372271665024,0.9452385508884238,1.32372192140906e-06,False,False,False
CRR-STAGEII-CONFIRM-2026-07-22,21c5b970e734ed79636df2f3882d4d85460c5efa40b88e59b9b9a3f34a25c0ff,E3,E3-A0.99-JUST_BINDING,202607223003,solved,0.9557228626914969,0.9557200465457978,0.9557228626914965,2.816145698747441e-06,False,False,False
CRR-STAGEII-CONFIRM-2026-07-22,21c5b970e734ed79636df2f3882d4d85460c5efa40b88e59b9b9a3f34a25c0ff,E3,E3-A0.99-JUST_BINDING,202607223004,solved,0.9582908133519035,0.9582898438579468,0.9582908133519027,9.69493955893519e-07,False,False,False
CRR-STAGEII-CONFIRM-2026-07-22,21c5b970e734ed79636df2f3882d4d85460c5efa40b88e59b9b9a3f34a25c0ff,E3,E3-A0.99-JUST_BINDING,202607223005,solved,0.9673624388162884,0.9673612102152302,0.9673624388162883,1.2286010580009332e-06,False,False,False
CRR-STAGEII-CONFIRM-2026-07-22,21c5b970e734ed79636df2f3882d4d85460c5efa40b88e59b9b9a3f34a25c0ff,E3,E3-A0.99-JUST_BINDING,202607223006,solved,0.9201866419275821,0.9201846599606524,0.9201866598961377,1.9999354853306173e-06,False,False,False
CRR-STAGEII-CONFIRM-2026-07-22,21c5b970e734ed79636df2f3882d4d85460c5efa40b88e59b9b9a3f34a25c0ff,E3,E3-A0.99-JUST_BINDING,202607223007,solved,-0.9294473029470502,-0.9294473337587866,-0.9294472094890988,1.2426968787337955e-07,True,True,True
CRR-STAGEII-CONFIRM-2026-07-22,21c5b970e734ed79636df2f3882d4d85460c5efa40b88e59b9b9a3f34a25c0ff,E3,E3-A0.99-JUST_BINDING,202607223008,solved,0.9486171891781554,0.9486145555295197,0.9486171933870631,2.637857543397182e-06,False,False,False
CRR-STAGEII-CONFIRM-2026-07-22,21c5b970e734ed79636df2f3882d4d85460c5efa40b88e59b9b9a3f34a25c0ff,E3,E3-A0.99-JUST_BINDING,202607223009,solved,0.8799034886567281,0.8799026575980753,0.8799035107056631,8.531075877948879e-07,False,False,False
CRR-STAGEII-CONFIRM-2026-07-22,21c5b970e734ed79636df2f3882d4d85460c5efa40b88e59b9b9a3f34a25c0ff,E3,E3-A0.99-JUST_BINDING,202607223010,solved,0.9749707491914134,0.9749703737597294,0.9749707491914137,3.7543168429632345e-07,False,False,False
CRR-STAGEII-CONFIRM-2026-07-22,21c5b970e734ed79636df2f3882d4d85460c5efa40b88e59b9b9a3f34a25c0ff,E3,E3-A0.99-JUST_BINDING,202607223011,solved,0.9464963543448432,0.9464949839763752,0.9464963543448425,1.3703684672572436e-06,False,False,False
CRR-STAGEII-CONFIRM-2026-07-22,21c5b970e734ed79636df2f3882d4d85460c5efa40b88e59b9b9a3f34a25c0ff,E3,E3-A0.99-JUST_BINDING,202607223012,solved,0.9597901982464869,0.9597896837500842,0.9597901982464871,5.144964029257793e-07,False,False,False
CRR-STAGEII-CONFIRM-2026-07-22,21c5b970e734ed79636df2f3882d4d85460c5efa40b88e59b9b9a3f34a25c0ff,E3,E3-A0.99-JUST_BINDING,202607223013,solved,-0.9676372048650703,-0.9676372096489898,-0.9676361640586185,1.0455903712847103e-06,True,True,True
CRR-STAGEII-CONFIRM-2026-07-22,21c5b970e734ed79636df2f3882d4d85460c5efa40b88e59b9b9a3f34a25c0ff,E3,E3-A0.99-JUST_BINDING,202607223014,solved,0.954110781989131,0.9541031789428314,0.9541107837956652,7.60485283379797e-06,False,False,False
CRR-STAGEII-CONFIRM-2026-07-22,21c5b970e734ed79636df2f3882d4d85460c5efa40b88e59b9b9a3f34a25c0ff,E3,E3-A0.99-JUST_BINDING,202607223015,solved,-0.9917468669124356,-0.991746866912436,-0.9917427059407646,4.160971671329783e-06,True,True,True
CRR-STAGEII-CONFIRM-2026-07-22,21c5b970e734ed79636df2f3882d4d85460c5efa40b88e59b9b9a3f34a25c0ff,E3,E3-A0.99-JUST_BINDING,202607223016,solved,-0.9933844196342809,-0.9933844196342843,-0.99338326425482,1.1553794642127357e-06,True,True,True
CRR-STAGEII-CONFIRM-2026-07-22,21c5b970e734ed79636df2f3882d4d85460c5efa40b88e59b9b9a3f34a25c0ff,E3,E3-A0.99-JUST_BINDING,202607223017,solved,-0.6530053891443289,-0.6530070571387216,-0.6530053398622373,1.7172764843476074e-06,True,True,True
CRR-STAGEII-CONFIRM-2026-07-22,21c5b970e734ed79636df2f3882d4d85460c5efa40b88e59b9b9a3f34a25c0ff,E3,E3-A0.99-JUST_BINDING,202607223018,solved,0.9666874598852349,0.9666865171424152,0.9666874598852344,9.427428192543275e-07,False,False,False
CRR-STAGEII-CONFIRM-2026-07-22,21c5b970e734ed79636df2f3882d4d85460c5efa40b88e59b9b9a3f34a25c0ff,E3,E3-A0.99-JUST_BINDING,202607223019,solved,0.9667002556397293,0.9666994582285027,0.9667002556397282,7.974112254949262e-07,False,False,False
CRR-STAGEII-CONFIRM-2026-07-22,21c5b970e734ed79636df2f3882d4d85460c5efa40b88e59b9b9a3f34a25c0ff,E3,E3-A0.99-JUST_BINDING,202607223020,solved,-0.9500000000000064,-0.9500000000000017,-0.949999988937259,1.1062742721890118e-08,True,True,True
CRR-STAGEII-CONFIRM-2026-07-22,21c5b970e734ed79636df2f3882d4d85460c5efa40b88e59b9b9a3f34a25c0ff,E3,E3-A0.99-JUST_BINDING,202607223021,solved,0.9637103542930876,0.9637089806616597,0.9637103542930865,1.3736314268264493e-06,False,False,False
CRR-STAGEII-CONFIRM-2026-07-22,21c5b970e734ed79636df2f3882d4d85460c5efa40b88e59b9b9a3f34a25c0ff,E3,E3-A0.99-JUST_BINDING,202607223022,solved,0.9423958919173645,0.9423954174107338,0.9423958981814005,4.807706666110079e-07,False,False,False
CRR-STAGEII-CONFIRM-2026-07-22,21c5b970e734ed79636df2f3882d4d85460c5efa40b88e59b9b9a3f34a25c0ff,E3,E3-A0.99-JUST_BINDING,202607223023,solved,0.9481477580960647,0.9481474679362338,0.9481477671543386,2.99218104737875e-07,False,False,False
CRR-STAGEII-CONFIRM-2026-07-22,21c5b970e734ed79636df2f3882d4d85460c5efa40b88e59b9b9a3f34a25c0ff,E3,E3-A0.99-JUST_BINDING,202607223024,solved,0.9645823945413805,0.9645746434255096,0.9645823945413797,7.751115870147096e-06,False,False,False
CRR-STAGEII-CONFIRM-2026-07-22,21c5b970e734ed79636df2f3882d4d85460c5efa40b88e59b9b9a3f34a25c0ff,E3,E3-A0.99-JUST_BINDING,202607223025,solved,0.955479764657823,0.9554792573605089,0.9554797646578216,5.072973127129288e-07,False,False,False
CRR-STAGEII-CONFIRM-2026-07-22,21c5b970e734ed79636df2f3882d4d85460c5efa40b88e59b9b9a3f34a25c0ff,E3,E3-A0.99-JUST_BINDING,202607223026,solved,0.9589555174543991,0.9589548058962677,0.9589555182240574,7.123277897536084e-07,False,False,False
CRR-STAGEII-CONFIRM-2026-07-22,21c5b970e734ed79636df2f3882d4d85460c5efa40b88e59b9b9a3f34a25c0ff,E3,E3-A0.99-JUST_BINDING,202607223027,solved,0.9378518963158913,0.9378512205688089,0.9378519011359957,6.805671868281848e-07,False,False,False
CRR-STAGEII-CONFIRM-2026-07-22,21c5b970e734ed79636df2f3882d4d85460c5efa40b88e59b9b9a3f34a25c0ff,E3,E3-A0.99-JUST_BINDING,202607223028,solved,0.9542285464698061,0.9542281995947447,0.9542285543623269,3.5476758220021054e-07,False,False,False
CRR-STAGEII-CONFIRM-2026-07-22,21c5b970e734ed79636df2f3882d4d85460c5efa40b88e59b9b9a3f34a25c0ff,E3,E3-A0.99-JUST_BINDING,202607223029,solved,0.9499065734100356,0.94990439672028,0.9499065743475501,2.177627270061322e-06,False,False,False
CRR-STAGEII-CONFIRM-2026-07-22,21c5b970e734ed79636df2f3882d4d85460c5efa40b88e59b9b9a3f34a25c0ff,E3,E3-A0.99-JUST_BINDING,202607223030,solved,0.9390998814760092,0.9390989665725235,0.9390998926161341,9.260436106828251e-07,False,False,False
CRR-STAGEII-CONFIRM-2026-07-22,21c5b970e734ed79636df2f3882d4d85460c5efa40b88e59b9b9a3f34a25c0ff,E3,E3-A0.99-JUST_BINDING,202607223031,solved,0.9501475278893343,0.9501467450574801,0.9501475353440932,7.902866131503927e-07,False,False,False
CRR-STAGEII-CONFIRM-2026-07-22,21c5b970e734ed79636df2f3882d4d85460c5efa40b88e59b9b9a3f34a25c0ff,E3,E3-A0.99-JUST_BINDING,202607223032,solved,0.935853382319829,0.9358499389377902,0.9358533870376446,3.4480998544195174e-06,False,False,False
CRR-STAGEII-CONFIRM-2026-07-22,21c5b970e734ed79636df2f3882d4d85460c5efa40b88e59b9b9a3f34a25c0ff,E3,E3-A0.99-JUST_BINDING,202607223033,solved,-0.9819906278615833,-0.9819906278615841,-0.9819893537196829,1.2741419012085586e-06,True,True,True
CRR-STAGEII-CONFIRM-2026-07-22,21c5b970e734ed79636df2f3882d4d85460c5efa40b88e59b9b9a3f34a25c0ff,E3,E3-A0.99-JUST_BINDING,202607223034,solved,0.9376367832461348,0.9376350982917618,0.9376367910384354,1.6927466736094132e-06,False,False,False
CRR-STAGEII-CONFIRM-2026-07-22,21c5b970e734ed79636df2f3882d4d85460c5efa40b88e59b9b9a3f34a25c0ff,E3,E3-A0.99-JUST_BINDING,202607223035,solved,-0.9652342906419444,-0.9652343050849023,-0.9652328938398316,1.4112450706926793e-06,True,True,True
CRR-STAGEII-CONFIRM-2026-07-22,21c5b970e734ed79636df2f3882d4d85460c5efa40b88e59b9b9a3f34a25c0ff,E3,E3-A0.99-JUST_BINDING,202607223036,solved,0.957811334356522,0.9578106883249516,0.9578113343565213,6.460315696843466e-07,False,False,False
CRR-STAGEII-CONFIRM-2026-07-22,21c5b970e734ed79636df2f3882d4d85460c5efa40b88e59b9b9a3f34a25c0ff,E3,E3-A0.99-JUST_BINDING,202607223037,solved,0.9540771993576613,0.9540761109726736,0.9540772010649854,1.0900923117507233e-06,False,False,False
CRR-STAGEII-CONFIRM-2026-07-22,21c5b970e734ed79636df2f3882d4d85460c5efa40b88e59b9b9a3f34a25c0ff,E3,E3-A0.99-JUST_BINDING,202607223038,solved,0.9529311853961162,0.9529298776363317,0.9529311853961158,1.3077597840194244e-06,False,False,False
CRR-STAGEII-CONFIRM-2026-07-22,21c5b970e734ed79636df2f3882d4d85460c5efa40b88e59b9b9a3f34a25c0ff,E3,E3-A0.99-JUST_BINDING,202607223039,solved,0.9323389505389793,0.9323374966977449,0.932338961593228,1.4648954831386618e-06,False,False,False
CRR-STAGEII-CONFIRM-2026-07-22,21c5b970e734ed79636df2f3882d4d85460c5efa40b88e59b9b9a3f34a25c0ff,E3,E3-A0.99-JUST_BINDING,202607223040,solved,0.9411040220542959,0.9410854450816545,0.9411040220542959,1.8576972641404232e-05,False,False,False
CRR-STAGEII-CONFIRM-2026-07-22,21c5b970e734ed79636df2f3882d4d85460c5efa40b88e59b9b9a3f34a25c0ff,E3,E3-A0.99-JUST_BINDING,202607223041,solved,0.958571562280293,0.9585704717222583,0.9585715623107334,1.090588475083365e-06,False,False,False
CRR-STAGEII-CONFIRM-2026-07-22,21c5b970e734ed79636df2f3882d4d85460c5efa40b88e59b9b9a3f34a25c0ff,E3,E3-A0.99-JUST_BINDING,202607223042,solved,0.9674728921115443,0.9674724345695908,0.9674728921115443,4.5754195354685834e-07,False,False,False
CRR-STAGEII-CONFIRM-2026-07-22,21c5b970e734ed79636df2f3882d4d85460c5efa40b88e59b9b9a3f34a25c0ff,E3,E3-A0.99-JUST_BINDING,202607223043,solved,0.9572222052802841,0.9572214736906446,0.9572222052802853,7.315896407567024e-07,False,False,False
CRR-STAGEII-CONFIRM-2026-07-22,21c5b970e734ed79636df2f3882d4d85460c5efa40b88e59b9b9a3f34a25c0ff,E3,E3-A0.99-JUST_BINDING,202607223044,solved,0.9053292886121886,0.9053289451792584,0.9053293324063354,3.872270769589292e-07,False,False,False
CRR-STAGEII-CONFIRM-2026-07-22,21c5b970e734ed79636df2f3882d4d85460c5efa40b88e59b9b9a3f34a25c0ff,E3,E3-A0.99-JUST_BINDING,202607223045,solved,0.9360405989148357,0.936037816003087,0.936040608801901,2.7927988139886395e-06,False,False,False
CRR-STAGEII-CONFIRM-2026-07-22,21c5b970e734ed79636df2f3882d4d85460c5efa40b88e59b9b9a3f34a25c0ff,E3,E3-A0.99-JUST_BINDING,202607223046,solved,0.9627202676147346,0.9627192215013172,0.9627202694773861,1.0479760689241502e-06,False,False,False
CRR-STAGEII-CONFIRM-2026-07-22,21c5b970e734ed79636df2f3882d4d85460c5efa40b88e59b9b9a3f34a25c0ff,E3,E3-A0.99-JUST_BINDING,202607223047,solved,0.965754940058885,0.9657539800361414,0.9657549400588844,9.600227429684693e-07,False,False,False
CRR-STAGEII-CONFIRM-2026-07-22,21c5b970e734ed79636df2f3882d4d85460c5efa40b88e59b9b9a3f34a25c0ff,E3,E3-A0.99-JUST_BINDING,202607223048,solved,0.9318427536019545,0.9318422483078707,0.9318427590556824,5.107478117105657e-07,False,False,False
CRR-STAGEII-CONFIRM-2026-07-22,21c5b970e734ed79636df2f3882d4d85460c5efa40b88e59b9b9a3f34a25c0ff,E3,E3-A0.99-JUST_BINDING,202607223049,solved,0.9457863241809253,0.945784950994235,0.9457863241809255,1.3731866904675982e-06,False,False,False
CRR-STAGEII-CONFIRM-2026-07-22,21c5b970e734ed79636df2f3882d4d85460c5efa40b88e59b9b9a3f34a25c0ff,E3,E3-A0.99-JUST_BINDING,202607223050,solved,0.9560963579041151,0.9560876012249403,0.9560963579041158,8.756679175547788e-06,False,False,False
CRR-STAGEII-CONFIRM-2026-07-22,21c5b970e734ed79636df2f3882d4d85460c5efa40b88e59b9b9a3f34a25c0ff,E3,E3-A0.99-JUST_BINDING,202607223051,solved,0.9250216224545751,0.9250209908981831,0.925021634881457,6.439832739291163e-07,False,False,False
CRR-STAGEII-CONFIRM-2026-07-22,21c5b970e734ed79636df2f3882d4d85460c5efa40b88e59b9b9a3f34a25c0ff,E3,E3-A0.99-JUST_BINDING,202607223052,solved,-0.9918251578045789,-0.9918251578045784,-0.9918174553524879,7.702452090474488e-06,True,True,True
CRR-STAGEII-CONFIRM-2026-07-22,21c5b970e734ed79636df2f3882d4d85460c5efa40b88e59b9b9a3f34a25c0ff,E3,E3-A0.99-JUST_BINDING,202607223053,solved,0.9280522834389104,0.9280505130172942,0.9280522966268008,1.7836095065337787e-06,False,False,False
CRR-STAGEII-CONFIRM-2026-07-22,21c5b970e734ed79636df2f3882d4d85460c5efa40b88e59b9b9a3f34a25c0ff,E3,E3-A0.99-JUST_BINDING,202607223054,solved,0.9070251749775702,0.9070231622345661,0.9070251910319662,2.0287974000776643e-06,False,False,False
CRR-STAGEII-CONFIRM-2026-07-22,21c5b970e734ed79636df2f3882d4d85460c5efa40b88e59b9b9a3f34a25c0ff,E3,E3-A0.99-JUST_BINDING,202607223055,solved,0.9418132098823551,0.9418125967583583,0.941813220556525,6.237981667878145e-07,False,False,False
CRR-STAGEII-CONFIRM-2026-07-22,21c5b970e734ed79636df2f3882d4d85460c5efa40b88e59b9b9a3f34a25c0ff,E3,E3-A0.99-JUST_BINDING,202607223056,solved,0.9419401434890899,0.9419394540452505,0.9419401536227968,6.995775463369824e-07,False,False,False
CRR-STAGEII-CONFIRM-2026-07-22,21c5b970e734ed79636df2f3882d4d85460c5efa40b88e59b9b9a3f34a25c0ff,E3,E3-A0.99-JUST_BINDING,202607223057,solved,0.9446306173752528,0.9446259048418618,0.9446306185749211,4.713733059324987e-06,False,False,False
CRR-STAGEII-CONFIRM-2026-07-22,21c5b970e734ed79636df2f3882d4d85460c5efa40b88e59b9b9a3f34a25c0ff,E3,E3-A0.99-JUST_BINDING,202607223058,solved,-0.9838680095907237,-0.9838680095907234,-0.9838668598126908,1.1497780325608886e-06,True,True,True
CRR-STAGEII-CONFIRM-2026-07-22,21c5b970e734ed79636df2f3882d4d85460c5efa40b88e59b9b9a3f34a25c0ff,E3,E3-A0.99-JUST_BINDING,202607223059,solved,-0.9829645492667415,-0.98296468328971,-0.9829645281765519,1.551131580956877e-07,True,True,True
CRR-STAGEII-CONFIRM-2026-07-22,21c5b970e734ed79636df2f3882d4d85460c5efa40b88e59b9b9a3f34a25c0ff,E3,E3-A0.99-JUST_BINDING,202607223060,solved,-0.9851343274997968,-0.9851343331987955,-0.9851326750327569,1.658166038587261e-06,True,True,True
CRR-STAGEII-CONFIRM-2026-07-22,21c5b970e734ed79636df2f3882d4d85460c5efa40b88e59b9b9a3f34a25c0ff,E3,E3-A0.99-JUST_BINDING,202607223061,solved,0.966684411512005,0.9666837598583616,0.9666844117100589,6.518516972864319e-07,False,False,False
CRR-STAGEII-CONFIRM-2026-07-22,21c5b970e734ed79636df2f3882d4d85460c5efa40b88e59b9b9a3f34a25c0ff,E3,E3-A0.99-JUST_BINDING,202607223062,solved,0.9305554119521526,0.9305549448710755,0.93055543025918,4.853881044875052e-07,False,False,False
CRR-STAGEII-CONFIRM-2026-07-22,21c5b970e734ed79636df2f3882d4d85460c5efa40b88e59b9b9a3f34a25c0ff,E3,E3-A0.99-JUST_BINDING,202607223063,solved,-0.9749178255863544,-0.9749178255863553,-0.9749169656993443,8.598870110398948e-07,True,True,True
CRR-STAGEII-CONFIRM-2026-07-22,21c5b970e734ed79636df2f3882d4d85460c5efa40b88e59b9b9a3f34a25c0ff,E3,E3-A0.99-JUST_BINDING,202607223064,solved,0.9380961689368785,0.938095612398953,0.9380961780081108,5.656091578432054e-07,False,False,False
CRR-STAGEII-CONFIRM-2026-07-22,21c5b970e734ed79636df2f3882d4d85460c5efa40b88e59b9b9a3f34a25c0ff,E3,E3-A0.99-SLACK,202607223001,solved,1.0,0.9999905038836482,1.0,9.496116351814798e-06,False,False,False
CRR-STAGEII-CONFIRM-2026-07-22,21c5b970e734ed79636df2f3882d4d85460c5efa40b88e59b9b9a3f34a25c0ff,E3,E3-A0.99-SLACK,202607223002,solved,1.0,0.9999986788091717,1.0,1.3211908282961815e-06,False,False,False
CRR-STAGEII-CONFIRM-2026-07-22,21c5b970e734ed79636df2f3882d4d85460c5efa40b88e59b9b9a3f34a25c0ff,E3,E3-A0.99-SLACK,202607223003,solved,1.0,0.9999971834114944,1.0,2.8165885056496975e-06,False,False,False
CRR-STAGEII-CONFIRM-2026-07-22,21c5b970e734ed79636df2f3882d4d85460c5efa40b88e59b9b9a3f34a25c0ff,E3,E3-A0.99-SLACK,202607223004,solved,1.0,0.999999030088956,1.0,9.69911044035321e-07,False,False,False
CRR-STAGEII-CONFIRM-2026-07-22,21c5b970e734ed79636df2f3882d4d85460c5efa40b88e59b9b9a3f34a25c0ff,E3,E3-A0.99-SLACK,202607223005,solved,1.0,0.9999987710725659,1.0,1.2289274341492629e-06,False,False,False
CRR-STAGEII-CONFIRM-2026-07-22,21c5b970e734ed79636df2f3882d4d85460c5efa40b88e59b9b9a3f34a25c0ff,E3,E3-A0.99-SLACK,202607223006,solved,1.0,0.9999980172348829,1.0,1.9827651170922778e-06,False,False,False
CRR-STAGEII-CONFIRM-2026-07-22,21c5b970e734ed79636df2f3882d4d85460c5efa40b88e59b9b9a3f34a25c0ff,E3,E3-A0.99-SLACK,202607223007,solved,-1.0,-1.0,-0.9999941302272576,5.86977274241729e-06,True,True,True
CRR-STAGEII-CONFIRM-2026-07-22,21c5b970e734ed79636df2f3882d4d85460c5efa40b88e59b9b9a3f34a25c0ff,E3,E3-A0.99-SLACK,202607223008,solved,1.0,0.9999973658375094,1.0,2.634162490577907e-06,False,False,False
CRR-STAGEII-CONFIRM-2026-07-22,21c5b970e734ed79636df2f3882d4d85460c5efa40b88e59b9b9a3f34a25c0ff,E3,E3-A0.99-SLACK,202607223009,solved,1.0,0.9999991677404192,1.0,8.322595808074595e-07,False,False,False
CRR-STAGEII-CONFIRM-2026-07-22,21c5b970e734ed79636df2f3882d4d85460c5efa40b88e59b9b9a3f34a25c0ff,E3,E3-A0.99-SLACK,202607223010,solved,1.0,0.9999996243180195,1.0,3.756819805245115e-07,False,False,False
CRR-STAGEII-CONFIRM-2026-07-22,21c5b970e734ed79636df2f3882d4d85460c5efa40b88e59b9b9a3f34a25c0ff,E3,E3-A0.99-SLACK,202607223011,solved,1.0,0.9999986290964779,1.0,1.3709035221465271e-06,False,False,False
CRR-STAGEII-CONFIRM-2026-07-22,21c5b970e734ed79636df2f3882d4d85460c5efa40b88e59b9b9a3f34a25c0ff,E3,E3-A0.99-SLACK,202607223012,solved,1.0,0.9999994851014912,1.0,5.148985088299085e-07,False,False,False
CRR-STAGEII-CONFIRM-2026-07-22,21c5b970e734ed79636df2f3882d4d85460c5efa40b88e59b9b9a3f34a25c0ff,E3,E3-A0.99-SLACK,202607223013,solved,-1.0,-1.0,-0.999998958869914,1.0411300860324602e-06,True,True,True
CRR-STAGEII-CONFIRM-2026-07-22,21c5b970e734ed79636df2f3882d4d85460c5efa40b88e59b9b9a3f34a25c0ff,E3,E3-A0.99-SLACK,202607223014,solved,1.0,0.999992396494926,1.0,7.603505074005312e-06,False,False,False
CRR-STAGEII-CONFIRM-2026-07-22,21c5b970e734ed79636df2f3882d4d85460c5efa40b88e59b9b9a3f34a25c0ff,E3,E3-A0.99-SLACK,202607223015,solved,-1.0,-1.0,-0.9999958389457347,4.161054265261477e-06,True,True,True
CRR-STAGEII-CONFIRM-2026-07-22,21c5b970e734ed79636df2f3882d4d85460c5efa40b88e59b9b9a3f34a25c0ff,E3,E3-A0.99-SLACK,202607223016,solved,-1.0,-1.0,-0.9999988445543463,1.1554456537110624e-06,True,True,True
CRR-STAGEII-CONFIRM-2026-07-22,21c5b970e734ed79636df2f3882d4d85460c5efa40b88e59b9b9a3f34a25c0ff,E3,E3-A0.99-SLACK,202607223017,solved,-1.0,-1.0,-0.9999979368553782,2.0631446218111194e-06,True,True,True
CRR-STAGEII-CONFIRM-2026-07-22,21c5b970e734ed79636df2f3882d4d85460c5efa40b88e59b9b9a3f34a25c0ff,E3,E3-A0.99-SLACK,202607223018,solved,1.0,0.9999990569240421,1.0,9.430759578821224e-07,False,False,False
CRR-STAGEII-CONFIRM-2026-07-22,21c5b970e734ed79636df2f3882d4d85460c5efa40b88e59b9b9a3f34a25c0ff,E3,E3-A0.99-SLACK,202607223019,solved,1.0,0.9999992022557748,1.0,7.977442252338207e-07,False,False,False
CRR-STAGEII-CONFIRM-2026-07-22,21c5b970e734ed79636df2f3882d4d85460c5efa40b88e59b9b9a3f34a25c0ff,E3,E3-A0.99-SLACK,202607223020,solved,-1.0,-1.0,-0.9999994014409193,5.985590807444652e-07,True,True,True
CRR-STAGEII-CONFIRM-2026-07-22,21c5b970e734ed79636df2f3882d4d85460c5efa40b88e59b9b9a3f34a25c0ff,E3,E3-A0.99-SLACK,202607223021,solved,1.0,0.9999986260056706,1.0,1.3739943294233115e-06,False,False,False
CRR-STAGEII-CONFIRM-2026-07-22,21c5b970e734ed79636df2f3882d4d85460c5efa40b88e59b9b9a3f34a25c0ff,E3,E3-A0.99-SLACK,202607223022,solved,1.0,0.9999995249173167,1.0,4.750826833044286e-07,False,False,False
CRR-STAGEII-CONFIRM-2026-07-22,21c5b970e734ed79636df2f3882d4d85460c5efa40b88e59b9b9a3f34a25c0ff,E3,E3-A0.99-SLACK,202607223023,solved,1.0,0.9999997093216462,1.0,2.906783538314528e-07,False,False,False
CRR-STAGEII-CONFIRM-2026-07-22,21c5b970e734ed79636df2f3882d4d85460c5efa40b88e59b9b9a3f34a25c0ff,E3,E3-A0.99-SLACK,202607223024,solved,1.0,0.9999922485302628,1.0,7.751469737193872e-06,False,False,False
CRR-STAGEII-CONFIRM-2026-07-22,21c5b970e734ed79636df2f3882d4d85460c5efa40b88e59b9b9a3f34a25c0ff,E3,E3-A0.99-SLACK,202607223025,solved,1.0,0.9999994922574785,1.0,5.077425214716769e-07,False,False,False
CRR-STAGEII-CONFIRM-2026-07-22,21c5b970e734ed79636df2f3882d4d85460c5efa40b88e59b9b9a3f34a25c0ff,E3,E3-A0.99-SLACK,202607223026,solved,1.0,0.9999992880313906,1.0,7.11968609401481e-07,False,False,False
CRR-STAGEII-CONFIRM-2026-07-22,21c5b970e734ed79636df2f3882d4d85460c5efa40b88e59b9b9a3f34a25c0ff,E3,E3-A0.99-SLACK,202607223027,solved,1.0,0.9999993236314111,1.0,6.763685889144e-07,False,False,False
CRR-STAGEII-CONFIRM-2026-07-22,21c5b970e734ed79636df2f3882d4d85460c5efa40b88e59b9b9a3f34a25c0ff,E3,E3-A0.99-SLACK,202607223028,solved,1.0,0.9999996526672127,1.0,3.4733278730936235e-07,False,False,False
CRR-STAGEII-CONFIRM-2026-07-22,21c5b970e734ed79636df2f3882d4d85460c5efa40b88e59b9b9a3f34a25c0ff,E3,E3-A0.99-SLACK,202607223029,solved,1.0,0.9999978228093032,1.0,2.177190696839304e-06,False,False,False
CRR-STAGEII-CONFIRM-2026-07-22,21c5b970e734ed79636df2f3882d4d85460c5efa40b88e59b9b9a3f34a25c0ff,E3,E3-A0.99-SLACK,202607223030,solved,1.0,0.9999990844875237,1.0,9.155124762738609e-07,False,False,False
CRR-STAGEII-CONFIRM-2026-07-22,21c5b970e734ed79636df2f3882d4d85460c5efa40b88e59b9b9a3f34a25c0ff,E3,E3-A0.99-SLACK,202607223031,solved,1.0,0.9999992166696112,1.0,7.833303887760934e-07,False,False,False
CRR-STAGEII-CONFIRM-2026-07-22,21c5b970e734ed79636df2f3882d4d85460c5efa40b88e59b9b9a3f34a25c0ff,E3,E3-A0.99-SLACK,202607223032,solved,1.0,0.9999965559765198,1.0,3.4440234801813574e-06,False,False,False
CRR-STAGEII-CONFIRM-2026-07-22,21c5b970e734ed79636df2f3882d4d85460c5efa40b88e59b9b9a3f34a25c0ff,E3,E3-A0.99-SLACK,202607223033,solved,-1.0,-1.0,-0.9999987256779788,1.2743220212385609e-06,True,True,True
CRR-STAGEII-CONFIRM-2026-07-22,21c5b970e734ed79636df2f3882d4d85460c5efa40b88e59b9b9a3f34a25c0ff,E3,E3-A0.99-SLACK,202607223034,solved,1.0,0.9999983144219449,1.0,1.6855780551328081e-06,False,False,False
CRR-STAGEII-CONFIRM-2026-07-22,21c5b970e734ed79636df2f3882d4d85460c5efa40b88e59b9b9a3f34a25c0ff,E3,E3-A0.99-SLACK,202607223035,solved,-1.0,-1.0,-0.9999986028502331,1.3971497668796573e-06,True,True,True
CRR-STAGEII-CONFIRM-2026-07-22,21c5b970e734ed79636df2f3882d4d85460c5efa40b88e59b9b9a3f34a25c0ff,E3,E3-A0.99-SLACK,202607223036,solved,1.0,0.9999993535465463,1.0,6.46453453656548e-07,False,False,False
CRR-STAGEII-CONFIRM-2026-07-22,21c5b970e734ed79636df2f3882d4d85460c5efa40b88e59b9b9a3f34a25c0ff,E3,E3-A0.99-SLACK,202607223037,solved,1.0,0.9999989111557869,1.0,1.0888442131262721e-06,False,False,False
CRR-STAGEII-CONFIRM-2026-07-22,21c5b970e734ed79636df2f3882d4d85460c5efa40b88e59b9b9a3f34a25c0ff,E3,E3-A0.99-SLACK,202607223038,solved,1.0,0.9999986917695354,1.0,1.3082304646250265e-06,False,False,False
CRR-STAGEII-CONFIRM-2026-07-22,21c5b970e734ed79636df2f3882d4d85460c5efa40b88e59b9b9a3f34a25c0ff,E3,E3-A0.99-SLACK,202607223039,solved,1.0,0.9999985454821598,1.0,1.4545178401714765e-06,False,False,False
CRR-STAGEII-CONFIRM-2026-07-22,21c5b970e734ed79636df2f3882d4d85460c5efa40b88e59b9b9a3f34a25c0ff,E3,E3-A0.99-SLACK,202607223040,solved,1.0,0.9999814224385655,1.0,1.85775614345296e-05,False,False,False
CRR-STAGEII-CONFIRM-2026-07-22,21c5b970e734ed79636df2f3882d4d85460c5efa40b88e59b9b9a3f34a25c0ff,E3,E3-A0.99-SLACK,202607223041,solved,1.0,0.9999989090276892,1.0,1.090972310824334e-06,False,False,False
CRR-STAGEII-CONFIRM-2026-07-22,21c5b970e734ed79636df2f3882d4d85460c5efa40b88e59b9b9a3f34a25c0ff,E3,E3-A0.99-SLACK,202607223042,solved,1.0,0.9999995421327774,1.0,4.578672225807878e-07,False,False,False
CRR-STAGEII-CONFIRM-2026-07-22,21c5b970e734ed79636df2f3882d4d85460c5efa40b88e59b9b9a3f34a25c0ff,E3,E3-A0.99-SLACK,202607223043,solved,1.0,0.999999267982579,1.0,7.320174210123653e-07,False,False,False
CRR-STAGEII-CONFIRM-2026-07-22,21c5b970e734ed79636df2f3882d4d85460c5efa40b88e59b9b9a3f34a25c0ff,E3,E3-A0.99-SLACK,202607223044,solved,1.0,0.9999996556203447,1.0,3.443796553481704e-07,False,False,False
CRR-STAGEII-CONFIRM-2026-07-22,21c5b970e734ed79636df2f3882d4d85460c5efa40b88e59b9b9a3f34a25c0ff,E3,E3-A0.99-SLACK,202607223045,solved,1.0,0.9999972164487374,1.0,2.783551262597328e-06,False,False,False
CRR-STAGEII-CONFIRM-2026-07-22,21c5b970e734ed79636df2f3882d4d85460c5efa40b88e59b9b9a3f34a25c0ff,E3,E3-A0.99-SLACK,202607223046,solved,1.0,0.9999989535137989,1.0,1.0464862011394516e-06,False,False,False
CRR-STAGEII-CONFIRM-2026-07-22,21c5b970e734ed79636df2f3882d4d85460c5efa40b88e59b9b9a3f34a25c0ff,E3,E3-A0.99-SLACK,202607223047,solved,1.0,0.9999990396348104,1.0,9.603651895950804e-07,False,False,False
CRR-STAGEII-CONFIRM-2026-07-22,21c5b970e734ed79636df2f3882d4d85460c5efa40b88e59b9b9a3f34a25c0ff,E3,E3-A0.99-SLACK,202607223048,solved,1.0,0.9999994940243486,1.0,5.059756513769997e-07,False,False,False
CRR-STAGEII-CONFIRM-2026-07-22,21c5b970e734ed79636df2f3882d4d85460c5efa40b88e59b9b9a3f34a25c0ff,E3,E3-A0.99-SLACK,202607223049,solved,1.0,0.9999986262711773,1.0,1.3737288226955968e-06,False,False,False
CRR-STAGEII-CONFIRM-2026-07-22,21c5b970e734ed79636df2f3882d4d85460c5efa40b88e59b9b9a3f34a25c0ff,E3,E3-A0.99-SLACK,202607223050,solved,1.0,0.9999912428817853,1.0,8.757118214686166e-06,False,False,False
CRR-STAGEII-CONFIRM-2026-07-22,21c5b970e734ed79636df2f3882d4d85460c5efa40b88e59b9b9a3f34a25c0ff,E3,E3-A0.99-SLACK,202607223051,solved,1.0,0.9999993676938342,1.0,6.323061657598217e-07,False,False,False
CRR-STAGEII-CONFIRM-2026-07-22,21c5b970e734ed79636df2f3882d4d85460c5efa40b88e59b9b9a3f34a25c0ff,E3,E3-A0.99-SLACK,202607223052,solved,-1.0,-1.0,-0.9999922974660603,7.702533939668577e-06,True,True,True
CRR-STAGEII-CONFIRM-2026-07-22,21c5b970e734ed79636df2f3882d4d85460c5efa40b88e59b9b9a3f34a25c0ff,E3,E3-A0.99-SLACK,202607223053,solved,1.0,0.9999982288589139,1.0,1.7711410861265264e-06,False,False,False
CRR-STAGEII-CONFIRM-2026-07-22,21c5b970e734ed79636df2f3882d4d85460c5efa40b88e59b9b9a3f34a25c0ff,E3,E3-A0.99-SLACK,202607223054,solved,1.0,0.9999979863272402,1.0,2.0136727597597215e-06,False,False,False
CRR-STAGEII-CONFIRM-2026-07-22,21c5b970e734ed79636df2f3882d4d85460c5efa40b88e59b9b9a3f34a25c0ff,E3,E3-A0.99-SLACK,202607223055,solved,1.0,0.9999993862941474,1.0,6.137058525812478e-07,False,False,False
CRR-STAGEII-CONFIRM-2026-07-22,21c5b970e734ed79636df2f3882d4d85460c5efa40b88e59b9b9a3f34a25c0ff,E3,E3-A0.99-SLACK,202607223056,solved,1.0,0.9999993099755825,1.0,6.9002441749344e-07,False,False,False
CRR-STAGEII-CONFIRM-2026-07-22,21c5b970e734ed79636df2f3882d4d85460c5efa40b88e59b9b9a3f34a25c0ff,E3,E3-A0.99-SLACK,202607223057,solved,1.0,0.9999952869130433,1.0,4.713086956709134e-06,False,False,False
CRR-STAGEII-CONFIRM-2026-07-22,21c5b970e734ed79636df2f3882d4d85460c5efa40b88e59b9b9a3f34a25c0ff,E3,E3-A0.99-SLACK,202607223058,solved,-1.0,-1.0,-0.9999988500603971,1.1499396028735731e-06,True,True,True
CRR-STAGEII-CONFIRM-2026-07-22,21c5b970e734ed79636df2f3882d4d85460c5efa40b88e59b9b9a3f34a25c0ff,E3,E3-A0.99-SLACK,202607223059,solved,-1.0,-1.0,-0.99982052204022,0.00017947795978001668,True,True,True
CRR-STAGEII-CONFIRM-2026-07-22,21c5b970e734ed79636df2f3882d4d85460c5efa40b88e59b9b9a3f34a25c0ff,E3,E3-A0.99-SLACK,202607223060,solved,-1.0,-1.0,-0.9999983473843495,1.652615650549194e-06,True,True,True
CRR-STAGEII-CONFIRM-2026-07-22,21c5b970e734ed79636df2f3882d4d85460c5efa40b88e59b9b9a3f34a25c0ff,E3,E3-A0.99-SLACK,202607223061,solved,1.0,0.999999348013199,1.0,6.519868009924323e-07,False,False,False
CRR-STAGEII-CONFIRM-2026-07-22,21c5b970e734ed79636df2f3882d4d85460c5efa40b88e59b9b9a3f34a25c0ff,E3,E3-A0.99-SLACK,202607223062,solved,1.0,0.999999532224456,1.0,4.6777554396637555e-07,False,False,False
CRR-STAGEII-CONFIRM-2026-07-22,21c5b970e734ed79636df2f3882d4d85460c5efa40b88e59b9b9a3f34a25c0ff,E3,E3-A0.99-SLACK,202607223063,solved,-1.0,-1.0,-0.9999991398621956,8.601378044259533e-07,True,True,True
CRR-STAGEII-CONFIRM-2026-07-22,21c5b970e734ed79636df2f3882d4d85460c5efa40b88e59b9b9a3f34a25c0ff,E3,E3-A0.99-SLACK,202607223064,solved,1.0,0.9999994428430439,1.0,5.57156956126903e-07,False,False,False
CRR-STAGEII-CONFIRM-2026-07-22,21c5b970e734ed79636df2f3882d4d85460c5efa40b88e59b9b9a3f34a25c0ff,E3,E3-A0.99-STRONGLY_BINDING,202607223001,solved,-0.7266917152813359,-0.726691715281336,-0.726691651952129,6.332920698959299e-08,True,True,True
CRR-STAGEII-CONFIRM-2026-07-22,21c5b970e734ed79636df2f3882d4d85460c5efa40b88e59b9b9a3f34a25c0ff,E3,E3-A0.99-STRONGLY_BINDING,202607223002,solved,-0.13157869045248388,-0.1315800003275695,-0.1315786879774512,1.3123501182987773e-06,True,True,True
CRR-STAGEII-CONFIRM-2026-07-22,21c5b970e734ed79636df2f3882d4d85460c5efa40b88e59b9b9a3f34a25c0ff,E3,E3-A0.99-STRONGLY_BINDING,202607223003,solved,0.12349045827071548,0.12348765044734933,0.1234904582707162,2.807823366868245e-06,False,False,False
CRR-STAGEII-CONFIRM-2026-07-22,21c5b970e734ed79636df2f3882d4d85460c5efa40b88e59b9b9a3f34a25c0ff,E3,E3-A0.99-STRONGLY_BINDING,202607223004,solved,-0.42530237540886334,-0.42530333106690377,-0.4253023422764011,9.88790502642889e-07,True,True,True
CRR-STAGEII-CONFIRM-2026-07-22,21c5b970e734ed79636df2f3882d4d85460c5efa40b88e59b9b9a3f34a25c0ff,E3,E3-A0.99-STRONGLY_BINDING,202607223005,solved,0.08808091686045832,0.08807969705232566,0.08808091922547945,1.2221731537920277e-06,False,False,False
CRR-STAGEII-CONFIRM-2026-07-22,21c5b970e734ed79636df2f3882d4d85460c5efa40b88e59b9b9a3f34a25c0ff,E3,E3-A0.99-STRONGLY_BINDING,202607223006,solved,-0.026719881295151664,-0.026719894409382675,-0.026719874067017944,2.0342364730197016e-08,True,True,True
CRR-STAGEII-CONFIRM-2026-07-22,21c5b970e734ed79636df2f3882d4d85460c5efa40b88e59b9b9a3f34a25c0ff,E3,E3-A0.99-STRONGLY_BINDING,202607223007,solved,-0.1294474471358306,-0.12944747148814678,-0.12944702481563744,4.4667250934105063e-07,True,True,True
CRR-STAGEII-CONFIRM-2026-07-22,21c5b970e734ed79636df2f3882d4d85460c5efa40b88e59b9b9a3f34a25c0ff,E3,E3-A0.99-STRONGLY_BINDING,202607223008,solved,-0.8583635326499082,-0.8583635326499077,-0.8583634952863877,3.736352005567767e-08,True,True,True
CRR-STAGEII-CONFIRM-2026-07-22,21c5b970e734ed79636df2f3882d4d85460c5efa40b88e59b9b9a3f34a25c0ff,E3,E3-A0.99-STRONGLY_BINDING,202607223009,solved,-0.053573000789044145,-0.05357300200582942,-0.05357293485490776,6.715092166348358e-08,True,True,True
CRR-STAGEII-CONFIRM-2026-07-22,21c5b970e734ed79636df2f3882d4d85460c5efa40b88e59b9b9a3f34a25c0ff,E3,E3-A0.99-STRONGLY_BINDING,202607223010,solved,-0.3533390542840356,-0.3533394164326174,-0.3533390542841096,3.6214850779314744e-07,True,True,True
CRR-STAGEII-CONFIRM-2026-07-22,21c5b970e734ed79636df2f3882d4d85460c5efa40b88e59b9b9a3f34a25c0ff,E3,E3-A0.99-STRONGLY_BINDING,202607223011,solved,-0.40199974670339267,-0.4020011035868308,-0.40199974670339217,1.3568834386079587e-06,True,True,True
CRR-STAGEII-CONFIRM-2026-07-22,21c5b970e734ed79636df2f3882d4d85460c5efa40b88e59b9b9a3f34a25c0ff,E3,E3-A0.99-STRONGLY_BINDING,202607223012,solved,0.06486278973581605,0.06486228418867063,0.06486278973581566,5.055471450354787e-07,False,False,False
CRR-STAGEII-CONFIRM-2026-07-22,21c5b970e734ed79636df2f3882d4d85460c5efa40b88e59b9b9a3f34a25c0ff,E3,E3-A0.99-STRONGLY_BINDING,202607223013,solved,-0.3284605648047999,-0.3284606079774559,-0.32846056026956527,4.7707890638015726e-08,True,True,True
CRR-STAGEII-CONFIRM-2026-07-22,21c5b970e734ed79636df2f3882d4d85460c5efa40b88e59b9b9a3f34a25c0ff,E3,E3-A0.99-STRONGLY_BINDING,202607223014,solved,-0.488191923051247,-0.4881995116743966,-0.48819192305124365,7.588623152976481e-06,True,True,True
CRR-STAGEII-CONFIRM-2026-07-22,21c5b970e734ed79636df2f3882d4d85460c5efa40b88e59b9b9a3f34a25c0ff,E3,E3-A0.99-STRONGLY_BINDING,202607223015,solved,-0.8428451780201005,-0.8428451780201003,-0.8428410185374122,4.159482688059768e-06,True,True,True
CRR-STAGEII-CONFIRM-2026-07-22,21c5b970e734ed79636df2f3882d4d85460c5efa40b88e59b9b9a3f34a25c0ff,E3,E3-A0.99-STRONGLY_BINDING,202607223016,solved,-0.6468854895265691,-0.6468855244092626,-0.64688547658804,4.782122264845867e-08,True,True,True
CRR-STAGEII-CONFIRM-2026-07-22,21c5b970e734ed79636df2f3882d4d85460c5efa40b88e59b9b9a3f34a25c0ff,E3,E3-A0.99-STRONGLY_BINDING,202607223017,solved,-0.5191374089320702,-0.5191375696322443,-0.519137369489243,2.0014300128323725e-07,True,True,True
CRR-STAGEII-CONFIRM-2026-07-22,21c5b970e734ed79636df2f3882d4d85460c5efa40b88e59b9b9a3f34a25c0ff,E3,E3-A0.99-STRONGLY_BINDING,202607223018,solved,0.01737205337366554,0.017372034220092203,0.017372063438470864,2.9218378660988975e-08,False,False,False
CRR-STAGEII-CONFIRM-2026-07-22,21c5b970e734ed79636df2f3882d4d85460c5efa40b88e59b9b9a3f34a25c0ff,E3,E3-A0.99-STRONGLY_BINDING,202607223019,solved,-0.03513157998112204,-0.03513236737406622,-0.035131570642840504,7.967312257162185e-07,True,True,True
CRR-STAGEII-CONFIRM-2026-07-22,21c5b970e734ed79636df2f3882d4d85460c5efa40b88e59b9b9a3f34a25c0ff,E3,E3-A0.99-STRONGLY_BINDING,202607223020,solved,-0.0500000000000002,-0.05000000000000009,-0.04999999941775087,5.822492210594277e-10,True,True,True
CRR-STAGEII-CONFIRM-2026-07-22,21c5b970e734ed79636df2f3882d4d85460c5efa40b88e59b9b9a3f34a25c0ff,E3,E3-A0.99-STRONGLY_BINDING,202607223021,solved,-0.24933487184219827,-0.2493362333431538,-0.2493348405301325,1.3928130213058942e-06,True,True,True
CRR-STAGEII-CONFIRM-2026-07-22,21c5b970e734ed79636df2f3882d4d85460c5efa40b88e59b9b9a3f34a25c0ff,E3,E3-A0.99-STRONGLY_BINDING,202607223022,solved,-0.7321175357571338,-0.7321175542300394,-0.7321175001360312,5.409400827272037e-08,True,True,True
CRR-STAGEII-CONFIRM-2026-07-22,21c5b970e734ed79636df2f3882d4d85460c5efa40b88e59b9b9a3f34a25c0ff,E3,E3-A0.99-STRONGLY_BINDING,202607223023,solved,-0.14268556919422015,-0.14268558638101997,-0.14268384479493618,1.741586083792157e-06,True,True,True
CRR-STAGEII-CONFIRM-2026-07-22,21c5b970e734ed79636df2f3882d4d85460c5efa40b88e59b9b9a3f34a25c0ff,E3,E3-A0.99-STRONGLY_BINDING,202607223024,solved,-0.14323214358101483,-0.14323988361870338,-0.1432321071017919,7.776516911472964e-06,True,True,True
CRR-STAGEII-CONFIRM-2026-07-22,21c5b970e734ed79636df2f3882d4d85460c5efa40b88e59b9b9a3f34a25c0ff,E3,E3-A0.99-STRONGLY_BINDING,202607223025,solved,-0.10070745981214119,-0.10070795654757525,-0.10070745981214219,4.96735433064277e-07,True,True,True
CRR-STAGEII-CONFIRM-2026-07-22,21c5b970e734ed79636df2f3882d4d85460c5efa40b88e59b9b9a3f34a25c0ff,E3,E3-A0.99-STRONGLY_BINDING,202607223026,solved,-0.10889165969649733,-0.10889236057615664,-0.10889165916677712,7.014093795221221e-07,True,True,True
CRR-STAGEII-CONFIRM-2026-07-22,21c5b970e734ed79636df2f3882d4d85460c5efa40b88e59b9b9a3f34a25c0ff,E3,E3-A0.99-STRONGLY_BINDING,202607223027,solved,-0.49413954800746523,-0.49414020943466375,-0.4941395386094916,6.708251721332381e-07,True,True,True
CRR-STAGEII-CONFIRM-2026-07-22,21c5b970e734ed79636df2f3882d4d85460c5efa40b88e59b9b9a3f34a25c0ff,E3,E3-A0.99-STRONGLY_BINDING,202607223028,solved,-0.02158809752450952,-0.02158819389560379,-0.02158802737204535,1.6652355844248845e-07,True,True,True
CRR-STAGEII-CONFIRM-2026-07-22,21c5b970e734ed79636df2f3882d4d85460c5efa40b88e59b9b9a3f34a25c0ff,E3,E3-A0.99-STRONGLY_BINDING,202607223029,solved,-0.7667114817660355,-0.7667117514183358,-0.7667111768182019,5.746001339179685e-07,True,True,True
CRR-STAGEII-CONFIRM-2026-07-22,21c5b970e734ed79636df2f3882d4d85460c5efa40b88e59b9b9a3f34a25c0ff,E3,E3-A0.99-STRONGLY_BINDING,202607223030,solved,-0.6707303599245771,-0.6707312587297068,-0.6707303332647011,9.254650057410885e-07,True,True,True
CRR-STAGEII-CONFIRM-2026-07-22,21c5b970e734ed79636df2f3882d4d85460c5efa40b88e59b9b9a3f34a25c0ff,E3,E3-A0.99-STRONGLY_BINDING,202607223031,solved,-0.4435910038495551,-0.44359173855872136,-0.44359087752919485,8.610295265110146e-07,True,True,True
CRR-STAGEII-CONFIRM-2026-07-22,21c5b970e734ed79636df2f3882d4d85460c5efa40b88e59b9b9a3f34a25c0ff,E3,E3-A0.99-STRONGLY_BINDING,202607223032,solved,-0.6515987941013688,-0.6516022216088817,-0.6515987782363459,3.4433725357718714e-06,True,True,True
CRR-STAGEII-CONFIRM-2026-07-22,21c5b970e734ed79636df2f3882d4d85460c5efa40b88e59b9b9a3f34a25c0ff,E3,E3-A0.99-STRONGLY_BINDING,202607223033,solved,-0.6576166113343875,-0.6576166113343895,-0.657615340436169,1.2708982205511532e-06,True,True,True
CRR-STAGEII-CONFIRM-2026-07-22,21c5b970e734ed79636df2f3882d4d85460c5efa40b88e59b9b9a3f34a25c0ff,E3,E3-A0.99-STRONGLY_BINDING,202607223034,solved,-0.2796626317820695,-0.2796626328055053,-0.27966248782897724,1.4497652806033656e-07,True,True,True
CRR-STAGEII-CONFIRM-2026-07-22,21c5b970e734ed79636df2f3882d4d85460c5efa40b88e59b9b9a3f34a25c0ff,E3,E3-A0.99-STRONGLY_BINDING,202607223035,solved,-0.2680296772127286,-0.2680297120593029,-0.26802966858327276,4.347603016485735e-08,True,True,True
CRR-STAGEII-CONFIRM-2026-07-22,21c5b970e734ed79636df2f3882d4d85460c5efa40b88e59b9b9a3f34a25c0ff,E3,E3-A0.99-STRONGLY_BINDING,202607223036,solved,-0.1474309177107141,-0.1474315526898508,-0.14743091130643826,6.413834125473805e-07,True,True,True
CRR-STAGEII-CONFIRM-2026-07-22,21c5b970e734ed79636df2f3882d4d85460c5efa40b88e59b9b9a3f34a25c0ff,E3,E3-A0.99-STRONGLY_BINDING,202607223037,solved,-0.7295965919675881,-0.7295966025237213,-0.7295964811212541,1.2140246719027914e-07,True,True,True
CRR-STAGEII-CONFIRM-2026-07-22,21c5b970e734ed79636df2f3882d4d85460c5efa40b88e59b9b9a3f34a25c0ff,E3,E3-A0.99-STRONGLY_BINDING,202607223038,solved,-0.08648744346282417,-0.0864887408284592,-0.08648743859399294,1.3022344662605434e-06,True,True,True
CRR-STAGEII-CONFIRM-2026-07-22,21c5b970e734ed79636df2f3882d4d85460c5efa40b88e59b9b9a3f34a25c0ff,E3,E3-A0.99-STRONGLY_BINDING,202607223039,solved,-0.5439594601464695,-0.5439594992842687,-0.543959445307995,5.3976273672873276e-08,True,True,True
CRR-STAGEII-CONFIRM-2026-07-22,21c5b970e734ed79636df2f3882d4d85460c5efa40b88e59b9b9a3f34a25c0ff,E3,E3-A0.99-STRONGLY_BINDING,202607223040,solved,-0.8809454540653414,-0.880964012817076,-0.8809454329728404,1.8579844235588894e-05,True,True,True
CRR-STAGEII-CONFIRM-2026-07-22,21c5b970e734ed79636df2f3882d4d85460c5efa40b88e59b9b9a3f34a25c0ff,E3,E3-A0.99-STRONGLY_BINDING,202607223041,solved,-0.11223567607773233,-0.11223675592768684,-0.11223567166769893,1.0842599879046233e-06,True,True,True
CRR-STAGEII-CONFIRM-2026-07-22,21c5b970e734ed79636df2f3882d4d85460c5efa40b88e59b9b9a3f34a25c0ff,E3,E3-A0.99-STRONGLY_BINDING,202607223042,solved,0.23625835682064977,0.236257906590847,0.2362583568206495,4.502298024955387e-07,False,False,False
CRR-STAGEII-CONFIRM-2026-07-22,21c5b970e734ed79636df2f3882d4d85460c5efa40b88e59b9b9a3f34a25c0ff,E3,E3-A0.99-STRONGLY_BINDING,202607223043,solved,-0.05657450435543865,-0.056575225806997476,-0.05657449827854877,7.275284487073819e-07,True,True,True
CRR-STAGEII-CONFIRM-2026-07-22,21c5b970e734ed79636df2f3882d4d85460c5efa40b88e59b9b9a3f34a25c0ff,E3,E3-A0.99-STRONGLY_BINDING,202607223044,solved,-0.4346523259480971,-0.43465265233869754,-0.43465225478680974,3.975518877985529e-07,True,True,True
CRR-STAGEII-CONFIRM-2026-07-22,21c5b970e734ed79636df2f3882d4d85460c5efa40b88e59b9b9a3f34a25c0ff,E3,E3-A0.99-STRONGLY_BINDING,202607223045,solved,-0.351511843964376,-0.3515121517072577,-0.35151183048499846,3.212222592363645e-07,True,True,True
CRR-STAGEII-CONFIRM-2026-07-22,21c5b970e734ed79636df2f3882d4d85460c5efa40b88e59b9b9a3f34a25c0ff,E3,E3-A0.99-STRONGLY_BINDING,202607223046,solved,-0.2518709703330685,-0.25187103539318134,-0.2518709364258503,9.896733105252409e-08,True,True,True
CRR-STAGEII-CONFIRM-2026-07-22,21c5b970e734ed79636df2f3882d4d85460c5efa40b88e59b9b9a3f34a25c0ff,E3,E3-A0.99-STRONGLY_BINDING,202607223047,solved,0.06493124993709043,0.06493029892265312,0.06493125116632348,9.522436703601755e-07,False,False,False
CRR-STAGEII-CONFIRM-2026-07-22,21c5b970e734ed79636df2f3882d4d85460c5efa40b88e59b9b9a3f34a25c0ff,E3,E3-A0.99-STRONGLY_BINDING,202607223048,solved,-0.4235606569742918,-0.42356114871430495,-0.42356064965393536,4.990603695853579e-07,True,True,True
CRR-STAGEII-CONFIRM-2026-07-22,21c5b970e734ed79636df2f3882d4d85460c5efa40b88e59b9b9a3f34a25c0ff,E3,E3-A0.99-STRONGLY_BINDING,202607223049,solved,-0.3083483747160245,-0.3083497353613922,-0.30834836194114074,1.3734202514714688e-06,True,True,True
CRR-STAGEII-CONFIRM-2026-07-22,21c5b970e734ed79636df2f3882d4d85460c5efa40b88e59b9b9a3f34a25c0ff,E3,E3-A0.99-STRONGLY_BINDING,202607223050,solved,-0.33141468109517225,-0.33141479150144115,-0.33141458315802796,2.0834341318831662e-07,True,True,True
CRR-STAGEII-CONFIRM-2026-07-22,21c5b970e734ed79636df2f3882d4d85460c5efa40b88e59b9b9a3f34a25c0ff,E3,E3-A0.99-STRONGLY_BINDING,202607223051,solved,-0.5584650900989971,-0.5584657068205878,-0.558465078787386,6.280332017771784e-07,True,True,True
CRR-STAGEII-CONFIRM-2026-07-22,21c5b970e734ed79636df2f3882d4d85460c5efa40b88e59b9b9a3f34a25c0ff,E3,E3-A0.99-STRONGLY_BINDING,202607223052,solved,-0.819714832273027,-0.8197148322730267,-0.8197071315420625,7.700730964121938e-06,True,True,True
CRR-STAGEII-CONFIRM-2026-07-22,21c5b970e734ed79636df2f3882d4d85460c5efa40b88e59b9b9a3f34a25c0ff,E3,E3-A0.99-STRONGLY_BINDING,202607223053,solved,-0.9608813764550105,-0.9608813764550104,-0.9608813148570857,6.159792464988101e-08,True,True,True
CRR-STAGEII-CONFIRM-2026-07-22,21c5b970e734ed79636df2f3882d4d85460c5efa40b88e59b9b9a3f34a25c0ff,E3,E3-A0.99-STRONGLY_BINDING,202607223054,solved,0.005735882213279385,0.005735877197963778,0.0057359745277019425,9.732973816484192e-08,False,False,False
CRR-STAGEII-CONFIRM-2026-07-22,21c5b970e734ed79636df2f3882d4d85460c5efa40b88e59b9b9a3f34a25c0ff,E3,E3-A0.99-STRONGLY_BINDING,202607223055,solved,0.06737474565131146,0.06737469610977237,0.06737500734586907,3.112360967005845e-07,False,False,False
CRR-STAGEII-CONFIRM-2026-07-22,21c5b970e734ed79636df2f3882d4d85460c5efa40b88e59b9b9a3f34a25c0ff,E3,E3-A0.99-STRONGLY_BINDING,202607223056,solved,-0.45516139066197414,-0.4551614165484217,-0.4551613565064425,6.004197916631426e-08,True,True,True
CRR-STAGEII-CONFIRM-2026-07-22,21c5b970e734ed79636df2f3882d4d85460c5efa40b88e59b9b9a3f34a25c0ff,E3,E3-A0.99-STRONGLY_BINDING,202607223057,solved,-0.5131095184769627,-0.5131142164330049,-0.513109512697098,4.703735906885775e-06,True,True,True
CRR-STAGEII-CONFIRM-2026-07-22,21c5b970e734ed79636df2f3882d4d85460c5efa40b88e59b9b9a3f34a25c0ff,E3,E3-A0.99-STRONGLY_BINDING,202607223058,solved,-0.6425301445444089,-0.6425301445443987,-0.6425289981797129,1.1463646858445031e-06,True,True,True
CRR-STAGEII-CONFIRM-2026-07-22,21c5b970e734ed79636df2f3882d4d85460c5efa40b88e59b9b9a3f34a25c0ff,E3,E3-A0.99-STRONGLY_BINDING,202607223059,solved,-0.07679140374921604,-0.07679140374921602,-0.07679140291319643,8.360195868917231e-10,True,True,True
CRR-STAGEII-CONFIRM-2026-07-22,21c5b970e734ed79636df2f3882d4d85460c5efa40b88e59b9b9a3f34a25c0ff,E3,E3-A0.99-STRONGLY_BINDING,202607223060,solved,-0.5924688101406783,-0.5924688487109558,-0.5924687789886851,6.97222707346512e-08,True,True,True
CRR-STAGEII-CONFIRM-2026-07-22,21c5b970e734ed79636df2f3882d4d85460c5efa40b88e59b9b9a3f34a25c0ff,E3,E3-A0.99-STRONGLY_BINDING,202607223061,solved,0.06409981517636254,0.06409980267730625,0.06409982575005024,2.307274399315773e-08,False,False,False
CRR-STAGEII-CONFIRM-2026-07-22,21c5b970e734ed79636df2f3882d4d85460c5efa40b88e59b9b9a3f34a25c0ff,E3,E3-A0.99-STRONGLY_BINDING,202607223062,solved,-0.13767332324753823,-0.1376733373972428,-0.13767325456234566,8.283489713600822e-08,True,True,True
CRR-STAGEII-CONFIRM-2026-07-22,21c5b970e734ed79636df2f3882d4d85460c5efa40b88e59b9b9a3f34a25c0ff,E3,E3-A0.99-STRONGLY_BINDING,202607223063,solved,-0.14038339991737703,-0.14038341723325015,-0.14038302309453127,3.941387188843848e-07,True,True,True
CRR-STAGEII-CONFIRM-2026-07-22,21c5b970e734ed79636df2f3882d4d85460c5efa40b88e59b9b9a3f34a25c0ff,E3,E3-A0.99-STRONGLY_BINDING,202607223064,solved,-0.5668695151351004,-0.5668695440741023,-0.5668694915169261,5.255717616670097e-08,True,True,True
CRR-STAGEII-CONFIRM-2026-07-22,21c5b970e734ed79636df2f3882d4d85460c5efa40b88e59b9b9a3f34a25c0ff,E4,E4-CLAYTON-T0.00,202607224001,solved,0.567269843570968,0.5672689255440165,0.5672698435709675,9.180269510133954e-07,False,False,False
CRR-STAGEII-CONFIRM-2026-07-22,21c5b970e734ed79636df2f3882d4d85460c5efa40b88e59b9b9a3f34a25c0ff,E4,E4-CLAYTON-T0.00,202607224002,solved,0.40337465361531755,0.40337105337285883,0.40337465431942454,3.600946565707197e-06,False,False,False
CRR-STAGEII-CONFIRM-2026-07-22,21c5b970e734ed79636df2f3882d4d85460c5efa40b88e59b9b9a3f34a25c0ff,E4,E4-CLAYTON-T0.00,202607224003,solved,0.7053106355097787,0.7053091747192087,0.7053106355097779,1.460790569174364e-06,False,False,False
CRR-STAGEII-CONFIRM-2026-07-22,21c5b970e734ed79636df2f3882d4d85460c5efa40b88e59b9b9a3f34a25c0ff,E4,E4-CLAYTON-T0.00,202607224004,solved,0.8575690142271015,0.8575415894882158,0.8575690142271024,2.7424738886616673e-05,False,False,False
CRR-STAGEII-CONFIRM-2026-07-22,21c5b970e734ed79636df2f3882d4d85460c5efa40b88e59b9b9a3f34a25c0ff,E4,E4-CLAYTON-T0.00,202607224005,solved,0.6492386132310444,0.6492362553005151,0.649238613231045,2.3579305299392672e-06,False,False,False
CRR-STAGEII-CONFIRM-2026-07-22,21c5b970e734ed79636df2f3882d4d85460c5efa40b88e59b9b9a3f34a25c0ff,E4,E4-CLAYTON-T0.00,202607224006,solved,0.7672794084502155,0.7672773035228936,0.7672794084502164,2.104927322776895e-06,False,False,False
CRR-STAGEII-CONFIRM-2026-07-22,21c5b970e734ed79636df2f3882d4d85460c5efa40b88e59b9b9a3f34a25c0ff,E4,E4-CLAYTON-T0.00,202607224007,solved,0.7471800589201159,0.7471797369418522,0.747180058920117,3.219782647168046e-07,False,False,False
CRR-STAGEII-CONFIRM-2026-07-22,21c5b970e734ed79636df2f3882d4d85460c5efa40b88e59b9b9a3f34a25c0ff,E4,E4-CLAYTON-T0.00,202607224008,solved,0.4090477461160056,0.4090469141745286,0.40904774644697395,8.322724453502239e-07,False,False,False
CRR-STAGEII-CONFIRM-2026-07-22,21c5b970e734ed79636df2f3882d4d85460c5efa40b88e59b9b9a3f34a25c0ff,E4,E4-CLAYTON-T0.00,202607224009,solved,0.24555534485665542,0.24555416224390325,0.2455553480835041,1.1858396008479488e-06,False,False,False
CRR-STAGEII-CONFIRM-2026-07-22,21c5b970e734ed79636df2f3882d4d85460c5efa40b88e59b9b9a3f34a25c0ff,E4,E4-CLAYTON-T0.00,202607224010,solved,0.9961488078644278,0.9961480530513901,0.9961488078644283,7.548130381840323e-07,False,False,False
CRR-STAGEII-CONFIRM-2026-07-22,21c5b970e734ed79636df2f3882d4d85460c5efa40b88e59b9b9a3f34a25c0ff,E4,E4-CLAYTON-T0.00,202607224011,solved,0.5847027255400519,0.5847018134696753,0.5847027255400528,9.120703774456729e-07,False,False,False
CRR-STAGEII-CONFIRM-2026-07-22,21c5b970e734ed79636df2f3882d4d85460c5efa40b88e59b9b9a3f34a25c0ff,E4,E4-CLAYTON-T0.00,202607224012,solved,0.7116849402034724,0.7116819785282221,0.7116849402034725,2.961675250379159e-06,False,False,False
CRR-STAGEII-CONFIRM-2026-07-22,21c5b970e734ed79636df2f3882d4d85460c5efa40b88e59b9b9a3f34a25c0ff,E4,E4-CLAYTON-T0.00,202607224013,solved,0.6998863988623174,0.6998795293422173,0.6998863988623176,6.869520100316606e-06,False,False,False
CRR-STAGEII-CONFIRM-2026-07-22,21c5b970e734ed79636df2f3882d4d85460c5efa40b88e59b9b9a3f34a25c0ff,E4,E4-CLAYTON-T0.00,202607224014,solved,0.5425888592109609,0.5425869657898781,0.5425888592109603,1.8934210822552089e-06,False,False,False
CRR-STAGEII-CONFIRM-2026-07-22,21c5b970e734ed79636df2f3882d4d85460c5efa40b88e59b9b9a3f34a25c0ff,E4,E4-CLAYTON-T0.00,202607224015,solved,0.7211793995514002,0.7211779374474188,0.7211793995514006,1.4621039818862869e-06,False,False,False
CRR-STAGEII-CONFIRM-2026-07-22,21c5b970e734ed79636df2f3882d4d85460c5efa40b88e59b9b9a3f34a25c0ff,E4,E4-CLAYTON-T0.00,202607224016,solved,-1.0,-1.0,-0.9999985661964588,1.4338035412286843e-06,True,True,True
CRR-STAGEII-CONFIRM-2026-07-22,21c5b970e734ed79636df2f3882d4d85460c5efa40b88e59b9b9a3f34a25c0ff,E4,E4-CLAYTON-T0.00,202607224017,solved,0.6944057204317107,0.6944050093016165,0.6944057204317112,7.111300946993637e-07,False,False,False
CRR-STAGEII-CONFIRM-2026-07-22,21c5b970e734ed79636df2f3882d4d85460c5efa40b88e59b9b9a3f34a25c0ff,E4,E4-CLAYTON-T0.00,202607224018,solved,-1.0,-1.0,-0.9999988702264664,1.129773533614653e-06,True,True,True
CRR-STAGEII-CONFIRM-2026-07-22,21c5b970e734ed79636df2f3882d4d85460c5efa40b88e59b9b9a3f34a25c0ff,E4,E4-CLAYTON-T0.00,202607224019,solved,0.7379472660879296,0.7379464788990712,0.73794726608793,7.871888588750764e-07,False,False,False
CRR-STAGEII-CONFIRM-2026-07-22,21c5b970e734ed79636df2f3882d4d85460c5efa40b88e59b9b9a3f34a25c0ff,E4,E4-CLAYTON-T0.00,202607224020,solved,1.0,0.999998884051372,1.0,1.1159486279499475e-06,False,False,False
CRR-STAGEII-CONFIRM-2026-07-22,21c5b970e734ed79636df2f3882d4d85460c5efa40b88e59b9b9a3f34a25c0ff,E4,E4-CLAYTON-T0.00,202607224021,solved,0.7135992947764764,0.713598173432007,0.7135992947764761,1.121344469057206e-06,False,False,False
CRR-STAGEII-CONFIRM-2026-07-22,21c5b970e734ed79636df2f3882d4d85460c5efa40b88e59b9b9a3f34a25c0ff,E4,E4-CLAYTON-T0.00,202607224022,solved,0.6911837989459271,0.6911832756867627,0.6911837989459279,5.23259165108314e-07,False,False,False
CRR-STAGEII-CONFIRM-2026-07-22,21c5b970e734ed79636df2f3882d4d85460c5efa40b88e59b9b9a3f34a25c0ff,E4,E4-CLAYTON-T0.00,202607224023,solved,0.6883998545941978,0.6883989464926942,0.688399854594199,9.081015047707197e-07,False,False,False
CRR-STAGEII-CONFIRM-2026-07-22,21c5b970e734ed79636df2f3882d4d85460c5efa40b88e59b9b9a3f34a25c0ff,E4,E4-CLAYTON-T0.00,202607224024,solved,0.5837630200739976,0.5837611754548822,0.5837630200739982,1.844619116009305e-06,False,False,False
CRR-STAGEII-CONFIRM-2026-07-22,21c5b970e734ed79636df2f3882d4d85460c5efa40b88e59b9b9a3f34a25c0ff,E4,E4-CLAYTON-T0.00,202607224025,solved,0.8758237849344035,0.8758205814916918,0.8758237849344036,3.2034427117633157e-06,False,False,False
CRR-STAGEII-CONFIRM-2026-07-22,21c5b970e734ed79636df2f3882d4d85460c5efa40b88e59b9b9a3f34a25c0ff,E4,E4-CLAYTON-T0.00,202607224026,solved,0.8015936020620794,0.8015927687205141,0.8015936020620794,8.333415653094534e-07,False,False,False
CRR-STAGEII-CONFIRM-2026-07-22,21c5b970e734ed79636df2f3882d4d85460c5efa40b88e59b9b9a3f34a25c0ff,E4,E4-CLAYTON-T0.00,202607224027,solved,0.8401609919333297,0.8401605072577739,0.8401609919333284,4.846755544685166e-07,False,False,False
CRR-STAGEII-CONFIRM-2026-07-22,21c5b970e734ed79636df2f3882d4d85460c5efa40b88e59b9b9a3f34a25c0ff,E4,E4-CLAYTON-T0.00,202607224028,solved,0.5504899766946783,0.5504826025729287,0.550489976694679,7.374121750336471e-06,False,False,False
CRR-STAGEII-CONFIRM-2026-07-22,21c5b970e734ed79636df2f3882d4d85460c5efa40b88e59b9b9a3f34a25c0ff,E4,E4-CLAYTON-T0.00,202607224029,solved,-1.0,-1.0,-0.9999861116681503,1.3888331849676305e-05,True,True,True
CRR-STAGEII-CONFIRM-2026-07-22,21c5b970e734ed79636df2f3882d4d85460c5efa40b88e59b9b9a3f34a25c0ff,E4,E4-CLAYTON-T0.00,202607224030,solved,0.6337391327478563,0.6337384530755665,0.6337391327478554,6.796722888946505e-07,False,False,False
CRR-STAGEII-CONFIRM-2026-07-22,21c5b970e734ed79636df2f3882d4d85460c5efa40b88e59b9b9a3f34a25c0ff,E4,E4-CLAYTON-T0.00,202607224031,solved,0.19243082761003305,0.19242946490333013,0.19243083059134541,1.3656880152868034e-06,False,False,False
CRR-STAGEII-CONFIRM-2026-07-22,21c5b970e734ed79636df2f3882d4d85460c5efa40b88e59b9b9a3f34a25c0ff,E4,E4-CLAYTON-T0.00,202607224032,solved,-1.0,-1.0,-0.9999984944061995,1.5055938005215097e-06,True,True,True
CRR-STAGEII-CONFIRM-2026-07-22,21c5b970e734ed79636df2f3882d4d85460c5efa40b88e59b9b9a3f34a25c0ff,E4,E4-CLAYTON-T0.00,202607224033,solved,0.8806148899962165,0.8806137928852606,0.8806148899962165,1.0971109558610692e-06,False,False,False
CRR-STAGEII-CONFIRM-2026-07-22,21c5b970e734ed79636df2f3882d4d85460c5efa40b88e59b9b9a3f34a25c0ff,E4,E4-CLAYTON-T0.00,202607224034,solved,0.4174496484338066,0.4174426621681339,0.41744964843380744,6.986265673525338e-06,False,False,False
CRR-STAGEII-CONFIRM-2026-07-22,21c5b970e734ed79636df2f3882d4d85460c5efa40b88e59b9b9a3f34a25c0ff,E4,E4-CLAYTON-T0.00,202607224035,solved,0.6188698970750521,0.6188695708163844,0.618869899359827,3.2854344256261214e-07,False,False,False
CRR-STAGEII-CONFIRM-2026-07-22,21c5b970e734ed79636df2f3882d4d85460c5efa40b88e59b9b9a3f34a25c0ff,E4,E4-CLAYTON-T0.00,202607224036,solved,0.6928267744867469,0.6928255073690586,0.6928267744867486,1.267117689995878e-06,False,False,False
CRR-STAGEII-CONFIRM-2026-07-22,21c5b970e734ed79636df2f3882d4d85460c5efa40b88e59b9b9a3f34a25c0ff,E4,E4-CLAYTON-T0.00,202607224037,solved,0.6658941000090011,0.6658932970989407,0.6658941000090012,8.029100604378669e-07,False,False,False
CRR-STAGEII-CONFIRM-2026-07-22,21c5b970e734ed79636df2f3882d4d85460c5efa40b88e59b9b9a3f34a25c0ff,E4,E4-CLAYTON-T0.00,202607224038,solved,0.7954274814579458,0.7954257808614271,0.7954274814579457,1.700596518605657e-06,False,False,False
CRR-STAGEII-CONFIRM-2026-07-22,21c5b970e734ed79636df2f3882d4d85460c5efa40b88e59b9b9a3f34a25c0ff,E4,E4-CLAYTON-T0.00,202607224039,solved,0.5901460604829725,0.5901455598819638,0.5901460604829727,5.006010088681734e-07,False,False,False
CRR-STAGEII-CONFIRM-2026-07-22,21c5b970e734ed79636df2f3882d4d85460c5efa40b88e59b9b9a3f34a25c0ff,E4,E4-CLAYTON-T0.00,202607224040,solved,0.47603722086610323,0.47603658267957716,0.4760372215721244,6.388925472555762e-07,False,False,False
CRR-STAGEII-CONFIRM-2026-07-22,21c5b970e734ed79636df2f3882d4d85460c5efa40b88e59b9b9a3f34a25c0ff,E4,E4-CLAYTON-T0.00,202607224041,solved,0.7766359505856624,0.7766330129479109,0.7766359505856619,2.9376377510548224e-06,False,False,False
CRR-STAGEII-CONFIRM-2026-07-22,21c5b970e734ed79636df2f3882d4d85460c5efa40b88e59b9b9a3f34a25c0ff,E4,E4-CLAYTON-T0.00,202607224042,solved,0.6217607881402436,0.6217593010582341,0.6217607881402438,1.487082009754559e-06,False,False,False
CRR-STAGEII-CONFIRM-2026-07-22,21c5b970e734ed79636df2f3882d4d85460c5efa40b88e59b9b9a3f34a25c0ff,E4,E4-CLAYTON-T0.00,202607224043,solved,0.8166518384498151,0.8166184822258475,0.8166518384498158,3.335622396827276e-05,False,False,False
CRR-STAGEII-CONFIRM-2026-07-22,21c5b970e734ed79636df2f3882d4d85460c5efa40b88e59b9b9a3f34a25c0ff,E4,E4-CLAYTON-T0.00,202607224044,solved,0.7791865897516654,0.779185209407663,0.7791865897516652,1.380344002210876e-06,False,False,False
CRR-STAGEII-CONFIRM-2026-07-22,21c5b970e734ed79636df2f3882d4d85460c5efa40b88e59b9b9a3f34a25c0ff,E4,E4-CLAYTON-T0.00,202607224045,solved,0.5328696314085977,0.5328690605757961,0.5328696314085973,5.708328012499209e-07,False,False,False
CRR-STAGEII-CONFIRM-2026-07-22,21c5b970e734ed79636df2f3882d4d85460c5efa40b88e59b9b9a3f34a25c0ff,E4,E4-CLAYTON-T0.00,202607224046,solved,-1.0,-1.0,-0.9999849359897379,1.5064010262078043e-05,True,True,True
CRR-STAGEII-CONFIRM-2026-07-22,21c5b970e734ed79636df2f3882d4d85460c5efa40b88e59b9b9a3f34a25c0ff,E4,E4-CLAYTON-T0.00,202607224047,solved,0.7725498420266881,0.7725495166603042,0.7725498420266883,3.253663840574461e-07,False,False,False
CRR-STAGEII-CONFIRM-2026-07-22,21c5b970e734ed79636df2f3882d4d85460c5efa40b88e59b9b9a3f34a25c0ff,E4,E4-CLAYTON-T0.00,202607224048,solved,0.850689392109371,0.8506882159762282,0.8506893921093714,1.1761331432103006e-06,False,False,False
CRR-STAGEII-CONFIRM-2026-07-22,21c5b970e734ed79636df2f3882d4d85460c5efa40b88e59b9b9a3f34a25c0ff,E4,E4-CLAYTON-T0.00,202607224049,solved,0.9995469349525259,0.999546263734917,0.9995469349525266,6.712176096046463e-07,False,False,False
CRR-STAGEII-CONFIRM-2026-07-22,21c5b970e734ed79636df2f3882d4d85460c5efa40b88e59b9b9a3f34a25c0ff,E4,E4-CLAYTON-T0.00,202607224050,solved,0.8439610391781776,0.8439606587869857,0.8439610391781767,3.8039119099053664e-07,False,False,False
CRR-STAGEII-CONFIRM-2026-07-22,21c5b970e734ed79636df2f3882d4d85460c5efa40b88e59b9b9a3f34a25c0ff,E4,E4-CLAYTON-T0.00,202607224051,solved,0.9433455637910804,0.9433421285076733,0.943345563791081,3.435283407737799e-06,False,False,False
CRR-STAGEII-CONFIRM-2026-07-22,21c5b970e734ed79636df2f3882d4d85460c5efa40b88e59b9b9a3f34a25c0ff,E4,E4-CLAYTON-T0.00,202607224052,solved,-1.0,-1.0,-0.9999994263530767,5.736469232964225e-07,True,True,True
CRR-STAGEII-CONFIRM-2026-07-22,21c5b970e734ed79636df2f3882d4d85460c5efa40b88e59b9b9a3f34a25c0ff,E4,E4-CLAYTON-T0.00,202607224053,solved,-1.0,-1.0,-0.9999994432123374,5.567876626422219e-07,True,True,True
CRR-STAGEII-CONFIRM-2026-07-22,21c5b970e734ed79636df2f3882d4d85460c5efa40b88e59b9b9a3f34a25c0ff,E4,E4-CLAYTON-T0.00,202607224054,solved,-1.0,-1.0,-0.9999963104874194,3.689512580562493e-06,True,True,True
CRR-STAGEII-CONFIRM-2026-07-22,21c5b970e734ed79636df2f3882d4d85460c5efa40b88e59b9b9a3f34a25c0ff,E4,E4-CLAYTON-T0.00,202607224055,solved,-1.0,-1.0,-0.9999942627373561,5.7372626438567664e-06,True,True,True
CRR-STAGEII-CONFIRM-2026-07-22,21c5b970e734ed79636df2f3882d4d85460c5efa40b88e59b9b9a3f34a25c0ff,E4,E4-CLAYTON-T0.00,202607224056,solved,0.7398641976724427,0.7398630242100113,0.7398641976724414,1.1734624301151797e-06,False,False,False
CRR-STAGEII-CONFIRM-2026-07-22,21c5b970e734ed79636df2f3882d4d85460c5efa40b88e59b9b9a3f34a25c0ff,E4,E4-CLAYTON-T0.00,202607224057,solved,0.9546379616084695,0.9546375535304639,0.954637961608469,4.0807800516518e-07,False,False,False
CRR-STAGEII-CONFIRM-2026-07-22,21c5b970e734ed79636df2f3882d4d85460c5efa40b88e59b9b9a3f34a25c0ff,E4,E4-CLAYTON-T0.00,202607224058,solved,0.797390715647058,0.7973898720848702,0.7973907156470575,8.435621873248422e-07,False,False,False
CRR-STAGEII-CONFIRM-2026-07-22,21c5b970e734ed79636df2f3882d4d85460c5efa40b88e59b9b9a3f34a25c0ff,E4,E4-CLAYTON-T0.00,202607224059,solved,-1.0,-1.0,-0.9999987624572446,1.2375427553834584e-06,True,True,True
CRR-STAGEII-CONFIRM-2026-07-22,21c5b970e734ed79636df2f3882d4d85460c5efa40b88e59b9b9a3f34a25c0ff,E4,E4-CLAYTON-T0.00,202607224060,solved,0.8707500919333648,0.8707491102256391,0.870750091933365,9.817077258889029e-07,False,False,False
CRR-STAGEII-CONFIRM-2026-07-22,21c5b970e734ed79636df2f3882d4d85460c5efa40b88e59b9b9a3f34a25c0ff,E4,E4-CLAYTON-T0.00,202607224061,solved,-1.0,-1.0,-0.9999996751365547,3.2486344525572974e-07,True,True,True
CRR-STAGEII-CONFIRM-2026-07-22,21c5b970e734ed79636df2f3882d4d85460c5efa40b88e59b9b9a3f34a25c0ff,E4,E4-CLAYTON-T0.00,202607224062,solved,0.7869317423603734,0.786929996087898,0.7869317423603732,1.7462724751782233e-06,False,False,False
CRR-STAGEII-CONFIRM-2026-07-22,21c5b970e734ed79636df2f3882d4d85460c5efa40b88e59b9b9a3f34a25c0ff,E4,E4-CLAYTON-T0.00,202607224063,solved,-1.0,-1.0,-0.9999992993156206,7.006843794066242e-07,True,True,True
CRR-STAGEII-CONFIRM-2026-07-22,21c5b970e734ed79636df2f3882d4d85460c5efa40b88e59b9b9a3f34a25c0ff,E4,E4-CLAYTON-T0.00,202607224064,solved,0.7294904658789496,0.7294899109235226,0.7294904658789498,5.549554272787915e-07,False,False,False
CRR-STAGEII-CONFIRM-2026-07-22,21c5b970e734ed79636df2f3882d4d85460c5efa40b88e59b9b9a3f34a25c0ff,E4,E4-CLAYTON-T0.25,202607224001,solved,-1.0,-1.0,-0.9999957513377953,4.248662204719977e-06,True,True,True
CRR-STAGEII-CONFIRM-2026-07-22,21c5b970e734ed79636df2f3882d4d85460c5efa40b88e59b9b9a3f34a25c0ff,E4,E4-CLAYTON-T0.25,202607224002,solved,0.6088001735060615,0.6087979377528681,0.6088001735060612,2.2357531931360697e-06,False,False,False
CRR-STAGEII-CONFIRM-2026-07-22,21c5b970e734ed79636df2f3882d4d85460c5efa40b88e59b9b9a3f34a25c0ff,E4,E4-CLAYTON-T0.25,202607224003,solved,0.571856209209912,0.5718495954300327,0.5718562092099129,6.613779880204618e-06,False,False,False
CRR-STAGEII-CONFIRM-2026-07-22,21c5b970e734ed79636df2f3882d4d85460c5efa40b88e59b9b9a3f34a25c0ff,E4,E4-CLAYTON-T0.25,202607224004,solved,-1.0,-1.0,-0.9999963195017307,3.6804982692650867e-06,True,True,True
CRR-STAGEII-CONFIRM-2026-07-22,21c5b970e734ed79636df2f3882d4d85460c5efa40b88e59b9b9a3f34a25c0ff,E4,E4-CLAYTON-T0.25,202607224005,solved,0.5006750485612417,0.5006746727456073,0.5006750485612423,3.758156350563979e-07,False,False,False
CRR-STAGEII-CONFIRM-2026-07-22,21c5b970e734ed79636df2f3882d4d85460c5efa40b88e59b9b9a3f34a25c0ff,E4,E4-CLAYTON-T0.25,202607224006,solved,-1.0,-1.0,-0.9999955934923566,4.406507643439639e-06,True,True,True
CRR-STAGEII-CONFIRM-2026-07-22,21c5b970e734ed79636df2f3882d4d85460c5efa40b88e59b9b9a3f34a25c0ff,E4,E4-CLAYTON-T0.25,202607224007,solved,0.9291528232399644,0.9291519895737614,0.9291528232399638,8.336662024044372e-07,False,False,False
CRR-STAGEII-CONFIRM-2026-07-22,21c5b970e734ed79636df2f3882d4d85460c5efa40b88e59b9b9a3f34a25c0ff,E4,E4-CLAYTON-T0.25,202607224008,solved,-1.0,-1.0,-0.9999970408982797,2.9591017203234316e-06,True,True,True
CRR-STAGEII-CONFIRM-2026-07-22,21c5b970e734ed79636df2f3882d4d85460c5efa40b88e59b9b9a3f34a25c0ff,E4,E4-CLAYTON-T0.25,202607224009,solved,0.11033773945422132,0.11033560470122922,0.11033773945422087,2.134752991655997e-06,False,False,False
CRR-STAGEII-CONFIRM-2026-07-22,21c5b970e734ed79636df2f3882d4d85460c5efa40b88e59b9b9a3f34a25c0ff,E4,E4-CLAYTON-T0.25,202607224010,solved,0.7148875687151703,0.7148849557357344,0.7148875687151719,2.612979437488505e-06,False,False,False
CRR-STAGEII-CONFIRM-2026-07-22,21c5b970e734ed79636df2f3882d4d85460c5efa40b88e59b9b9a3f34a25c0ff,E4,E4-CLAYTON-T0.25,202607224011,solved,0.6427980587324855,0.6427976879215355,0.6427980587324854,3.7081094994562136e-07,False,False,False
CRR-STAGEII-CONFIRM-2026-07-22,21c5b970e734ed79636df2f3882d4d85460c5efa40b88e59b9b9a3f34a25c0ff,E4,E4-CLAYTON-T0.25,202607224012,solved,0.805650186460215,0.805649005293398,0.8056501864602146,1.181166816577317e-06,False,False,False
CRR-STAGEII-CONFIRM-2026-07-22,21c5b970e734ed79636df2f3882d4d85460c5efa40b88e59b9b9a3f34a25c0ff,E4,E4-CLAYTON-T0.25,202607224013,solved,0.446239166236148,0.44623745749154725,0.44623916623614807,1.7087446008146046e-06,False,False,False
CRR-STAGEII-CONFIRM-2026-07-22,21c5b970e734ed79636df2f3882d4d85460c5efa40b88e59b9b9a3f34a25c0ff,E4,E4-CLAYTON-T0.25,202607224014,solved,-0.3043127920762798,-0.3043149408555341,-0.3043127891777604,2.1516777737318193e-06,True,True,True
CRR-STAGEII-CONFIRM-2026-07-22,21c5b970e734ed79636df2f3882d4d85460c5efa40b88e59b9b9a3f34a25c0ff,E4,E4-CLAYTON-T0.25,202607224015,solved,0.6871118753928955,0.6871110676401873,0.6871118753928958,8.077527084981995e-07,False,False,False
CRR-STAGEII-CONFIRM-2026-07-22,21c5b970e734ed79636df2f3882d4d85460c5efa40b88e59b9b9a3f34a25c0ff,E4,E4-CLAYTON-T0.25,202607224016,solved,0.08926709118492915,0.08926649280215154,0.08926709118492959,5.983827780497997e-07,False,False,False
CRR-STAGEII-CONFIRM-2026-07-22,21c5b970e734ed79636df2f3882d4d85460c5efa40b88e59b9b9a3f34a25c0ff,E4,E4-CLAYTON-T0.25,202607224017,solved,0.17502705451681244,0.1750257783030697,0.17502705451681216,1.276213742462673e-06,False,False,False
CRR-STAGEII-CONFIRM-2026-07-22,21c5b970e734ed79636df2f3882d4d85460c5efa40b88e59b9b9a3f34a25c0ff,E4,E4-CLAYTON-T0.25,202607224018,solved,0.9659525447450474,0.965949695207421,0.9659525447450477,2.8495376266368666e-06,False,False,False
CRR-STAGEII-CONFIRM-2026-07-22,21c5b970e734ed79636df2f3882d4d85460c5efa40b88e59b9b9a3f34a25c0ff,E4,E4-CLAYTON-T0.25,202607224019,solved,0.3178323318551266,0.31783178090544334,0.3178323318551269,5.509496835420791e-07,False,False,False
CRR-STAGEII-CONFIRM-2026-07-22,21c5b970e734ed79636df2f3882d4d85460c5efa40b88e59b9b9a3f34a25c0ff,E4,E4-CLAYTON-T0.25,202607224020,solved,0.1351760105174774,0.1351745624620404,0.1351760105174783,1.4480554378915045e-06,False,False,False
CRR-STAGEII-CONFIRM-2026-07-22,21c5b970e734ed79636df2f3882d4d85460c5efa40b88e59b9b9a3f34a25c0ff,E4,E4-CLAYTON-T0.25,202607224021,solved,0.8537166056125733,0.8537143417051348,0.8537166056125742,2.263907439403745e-06,False,False,False
CRR-STAGEII-CONFIRM-2026-07-22,21c5b970e734ed79636df2f3882d4d85460c5efa40b88e59b9b9a3f34a25c0ff,E4,E4-CLAYTON-T0.25,202607224022,solved,0.15403495252485455,0.15403398044514505,0.15403495252485366,9.720797086165689e-07,False,False,False
CRR-STAGEII-CONFIRM-2026-07-22,21c5b970e734ed79636df2f3882d4d85460c5efa40b88e59b9b9a3f34a25c0ff,E4,E4-CLAYTON-T0.25,202607224023,solved,0.5341459861072351,0.5341452140885732,0.5341459861072342,7.720186609994073e-07,False,False,False
CRR-STAGEII-CONFIRM-2026-07-22,21c5b970e734ed79636df2f3882d4d85460c5efa40b88e59b9b9a3f34a25c0ff,E4,E4-CLAYTON-T0.25,202607224024,solved,0.34414097617243344,0.3441405488509835,0.344140976172435,4.273214515015944e-07,False,False,False
CRR-STAGEII-CONFIRM-2026-07-22,21c5b970e734ed79636df2f3882d4d85460c5efa40b88e59b9b9a3f34a25c0ff,E4,E4-CLAYTON-T0.25,202607224025,solved,0.3171484663133193,0.31714801885105925,0.31714846631332,4.474622607442136e-07,False,False,False
CRR-STAGEII-CONFIRM-2026-07-22,21c5b970e734ed79636df2f3882d4d85460c5efa40b88e59b9b9a3f34a25c0ff,E4,E4-CLAYTON-T0.25,202607224026,solved,0.8543839191876066,0.8543830204851298,0.8543839191876056,8.987024757711737e-07,False,False,False
CRR-STAGEII-CONFIRM-2026-07-22,21c5b970e734ed79636df2f3882d4d85460c5efa40b88e59b9b9a3f34a25c0ff,E4,E4-CLAYTON-T0.25,202607224027,solved,0.8087367072788973,0.8087357294734557,0.8087367072788973,9.778054416154092e-07,False,False,False
CRR-STAGEII-CONFIRM-2026-07-22,21c5b970e734ed79636df2f3882d4d85460c5efa40b88e59b9b9a3f34a25c0ff,E4,E4-CLAYTON-T0.25,202607224028,infeasible,,,,,False,False,False
CRR-STAGEII-CONFIRM-2026-07-22,21c5b970e734ed79636df2f3882d4d85460c5efa40b88e59b9b9a3f34a25c0ff,E4,E4-CLAYTON-T0.25,202607224029,solved,0.8495090647339525,0.8495083509927989,0.8495090647339537,7.137411548452377e-07,False,False,False
CRR-STAGEII-CONFIRM-2026-07-22,21c5b970e734ed79636df2f3882d4d85460c5efa40b88e59b9b9a3f34a25c0ff,E4,E4-CLAYTON-T0.25,202607224030,solved,0.1491348612979837,0.14913139436382933,0.14913486129798464,3.4669341553161814e-06,False,False,False
CRR-STAGEII-CONFIRM-2026-07-22,21c5b970e734ed79636df2f3882d4d85460c5efa40b88e59b9b9a3f34a25c0ff,E4,E4-CLAYTON-T0.25,202607224031,solved,0.3617340754749876,0.36173358317917925,0.3617340754749887,4.922958094510932e-07,False,False,False
CRR-STAGEII-CONFIRM-2026-07-22,21c5b970e734ed79636df2f3882d4d85460c5efa40b88e59b9b9a3f34a25c0ff,E4,E4-CLAYTON-T0.25,202607224032,solved,0.27646847580793743,0.27646810606703803,0.2764684758079372,3.697408991754081e-07,False,False,False
CRR-STAGEII-CONFIRM-2026-07-22,21c5b970e734ed79636df2f3882d4d85460c5efa40b88e59b9b9a3f34a25c0ff,E4,E4-CLAYTON-T0.25,202607224033,solved,0.05627007030893538,0.056267835708225966,0.056270070308935105,2.2346007091389453e-06,False,False,False
CRR-STAGEII-CONFIRM-2026-07-22,21c5b970e734ed79636df2f3882d4d85460c5efa40b88e59b9b9a3f34a25c0ff,E4,E4-CLAYTON-T0.25,202607224034,solved,0.603966571040452,0.6039658159557081,0.6039665710404521,7.550847440640496e-07,False,False,False
CRR-STAGEII-CONFIRM-2026-07-22,21c5b970e734ed79636df2f3882d4d85460c5efa40b88e59b9b9a3f34a25c0ff,E4,E4-CLAYTON-T0.25,202607224035,solved,-1.0,-1.0,-0.9999982028219103,1.7971780896797185e-06,True,True,True
CRR-STAGEII-CONFIRM-2026-07-22,21c5b970e734ed79636df2f3882d4d85460c5efa40b88e59b9b9a3f34a25c0ff,E4,E4-CLAYTON-T0.25,202607224036,solved,0.9564255222716387,0.9564249264643374,0.9564255222716387,5.958073012735099e-07,False,False,False
CRR-STAGEII-CONFIRM-2026-07-22,21c5b970e734ed79636df2f3882d4d85460c5efa40b88e59b9b9a3f34a25c0ff,E4,E4-CLAYTON-T0.25,202607224037,infeasible,,,,,False,False,False
CRR-STAGEII-CONFIRM-2026-07-22,21c5b970e734ed79636df2f3882d4d85460c5efa40b88e59b9b9a3f34a25c0ff,E4,E4-CLAYTON-T0.25,202607224038,solved,0.8546913659935393,0.8546908221563072,0.8546913659935397,5.438372324695351e-07,False,False,False
CRR-STAGEII-CONFIRM-2026-07-22,21c5b970e734ed79636df2f3882d4d85460c5efa40b88e59b9b9a3f34a25c0ff,E4,E4-CLAYTON-T0.25,202607224039,solved,-1.0,-1.0,-0.999998958069855,1.041930145051495e-06,True,True,True
CRR-STAGEII-CONFIRM-2026-07-22,21c5b970e734ed79636df2f3882d4d85460c5efa40b88e59b9b9a3f34a25c0ff,E4,E4-CLAYTON-T0.25,202607224040,solved,0.8115110869754472,0.8115104881771158,0.8115110869754483,5.987983324740043e-07,False,False,False
CRR-STAGEII-CONFIRM-2026-07-22,21c5b970e734ed79636df2f3882d4d85460c5efa40b88e59b9b9a3f34a25c0ff,E4,E4-CLAYTON-T0.25,202607224041,solved,-1.0,-1.0,-0.9999957179561636,4.282043836401073e-06,True,True,True
CRR-STAGEII-CONFIRM-2026-07-22,21c5b970e734ed79636df2f3882d4d85460c5efa40b88e59b9b9a3f34a25c0ff,E4,E4-CLAYTON-T0.25,202607224042,solved,-1.0,-1.0,-0.9999236164223355,7.6383577664485e-05,True,True,True
CRR-STAGEII-CONFIRM-2026-07-22,21c5b970e734ed79636df2f3882d4d85460c5efa40b88e59b9b9a3f34a25c0ff,E4,E4-CLAYTON-T0.25,202607224043,solved,-0.05097472926187563,-0.050975407908789905,-0.05097472851102175,6.793977681551766e-07,True,True,True
CRR-STAGEII-CONFIRM-2026-07-22,21c5b970e734ed79636df2f3882d4d85460c5efa40b88e59b9b9a3f34a25c0ff,E4,E4-CLAYTON-T0.25,202607224044,solved,0.19225244383338447,0.19225117149196114,0.1922524438333828,1.272341421665324e-06,False,False,False
CRR-STAGEII-CONFIRM-2026-07-22,21c5b970e734ed79636df2f3882d4d85460c5efa40b88e59b9b9a3f34a25c0ff,E4,E4-CLAYTON-T0.25,202607224045,solved,-1.0,-1.0,-0.9999960726013939,3.927398606107246e-06,True,True,True
CRR-STAGEII-CONFIRM-2026-07-22,21c5b970e734ed79636df2f3882d4d85460c5efa40b88e59b9b9a3f34a25c0ff,E4,E4-CLAYTON-T0.25,202607224046,solved,-1.0,-1.0,-0.9999988152602575,1.1847397425324147e-06,True,True,True
CRR-STAGEII-CONFIRM-2026-07-22,21c5b970e734ed79636df2f3882d4d85460c5efa40b88e59b9b9a3f34a25c0ff,E4,E4-CLAYTON-T0.25,202607224047,solved,0.7458336739570822,0.7458328866727848,0.7458336739570814,7.872842966438753e-07,False,False,False
CRR-STAGEII-CONFIRM-2026-07-22,21c5b970e734ed79636df2f3882d4d85460c5efa40b88e59b9b9a3f34a25c0ff,E4,E4-CLAYTON-T0.25,202607224048,solved,0.2430064825842404,0.24300568236843745,0.24300648258424212,8.002158046749308e-07,False,False,False
CRR-STAGEII-CONFIRM-2026-07-22,21c5b970e734ed79636df2f3882d4d85460c5efa40b88e59b9b9a3f34a25c0ff,E4,E4-CLAYTON-T0.25,202607224049,solved,-1.0,-1.0,-0.9999972611997494,2.7388002505901454e-06,True,True,True
CRR-STAGEII-CONFIRM-2026-07-22,21c5b970e734ed79636df2f3882d4d85460c5efa40b88e59b9b9a3f34a25c0ff,E4,E4-CLAYTON-T0.25,202607224050,solved,0.13369392368993976,0.1312589212339394,0.13369392368993915,0.0024350024559997574,False,False,False
CRR-STAGEII-CONFIRM-2026-07-22,21c5b970e734ed79636df2f3882d4d85460c5efa40b88e59b9b9a3f34a25c0ff,E4,E4-CLAYTON-T0.25,202607224051,solved,0.4835783323972238,0.4835775749663837,0.48357833239722414,7.574308404367791e-07,False,False,False
CRR-STAGEII-CONFIRM-2026-07-22,21c5b970e734ed79636df2f3882d4d85460c5efa40b88e59b9b9a3f34a25c0ff,E4,E4-CLAYTON-T0.25,202607224052,solved,-1.0,-1.0,-0.9999992774145525,7.225854474768312e-07,True,True,True
CRR-STAGEII-CONFIRM-2026-07-22,21c5b970e734ed79636df2f3882d4d85460c5efa40b88e59b9b9a3f34a25c0ff,E4,E4-CLAYTON-T0.25,202607224053,solved,-1.0,-1.0,-0.9999944000474219,5.599952578094758e-06,True,True,True
CRR-STAGEII-CONFIRM-2026-07-22,21c5b970e734ed79636df2f3882d4d85460c5efa40b88e59b9b9a3f34a25c0ff,E4,E4-CLAYTON-T0.25,202607224054,solved,0.5063960436562571,0.506389641109748,0.5063960436562576,6.402546509520768e-06,False,False,False
CRR-STAGEII-CONFIRM-2026-07-22,21c5b970e734ed79636df2f3882d4d85460c5efa40b88e59b9b9a3f34a25c0ff,E4,E4-CLAYTON-T0.25,202607224055,solved,0.46414198582674726,0.4641409720782538,0.46414198582674765,1.0137484938721464e-06,False,False,False
CRR-STAGEII-CONFIRM-2026-07-22,21c5b970e734ed79636df2f3882d4d85460c5efa40b88e59b9b9a3f34a25c0ff,E4,E4-CLAYTON-T0.25,202607224056,solved,0.5261561780079516,0.5261555315670616,0.5261561780079519,6.464408902617791e-07,False,False,False
CRR-STAGEII-CONFIRM-2026-07-22,21c5b970e734ed79636df2f3882d4d85460c5efa40b88e59b9b9a3f34a25c0ff,E4,E4-CLAYTON-T0.25,202607224057,solved,-0.009345423702312838,-0.009345789194478427,-0.009345423702310618,3.6549216780867866e-07,True,True,True
CRR-STAGEII-CONFIRM-2026-07-22,21c5b970e734ed79636df2f3882d4d85460c5efa40b88e59b9b9a3f34a25c0ff,E4,E4-CLAYTON-T0.25,202607224058,solved,0.31453745663332144,0.31453688266760704,0.3145374566333221,5.739657150671817e-07,False,False,False
CRR-STAGEII-CONFIRM-2026-07-22,21c5b970e734ed79636df2f3882d4d85460c5efa40b88e59b9b9a3f34a25c0ff,E4,E4-CLAYTON-T0.25,202607224059,solved,0.038134810948532216,0.0381330225762867,0.03813481094853183,1.7883722451261796e-06,False,False,False
CRR-STAGEII-CONFIRM-2026-07-22,21c5b970e734ed79636df2f3882d4d85460c5efa40b88e59b9b9a3f34a25c0ff,E4,E4-CLAYTON-T0.25,202607224060,solved,0.2654887025162249,0.2654874153260191,0.2654887025162253,1.2871902062006058e-06,False,False,False
CRR-STAGEII-CONFIRM-2026-07-22,21c5b970e734ed79636df2f3882d4d85460c5efa40b88e59b9b9a3f34a25c0ff,E4,E4-CLAYTON-T0.25,202607224061,solved,0.3054236579470728,0.30542258594281674,0.30542365794707427,1.072004257529624e-06,False,False,False
CRR-STAGEII-CONFIRM-2026-07-22,21c5b970e734ed79636df2f3882d4d85460c5efa40b88e59b9b9a3f34a25c0ff,E4,E4-CLAYTON-T0.25,202607224062,solved,0.8385097963260535,0.8385089404433843,0.8385097963260546,8.558826702920186e-07,False,False,False
CRR-STAGEII-CONFIRM-2026-07-22,21c5b970e734ed79636df2f3882d4d85460c5efa40b88e59b9b9a3f34a25c0ff,E4,E4-CLAYTON-T0.25,202607224063,solved,0.27916618711985675,0.27916546778247237,0.27916618711985597,7.193373836034134e-07,False,False,False
CRR-STAGEII-CONFIRM-2026-07-22,21c5b970e734ed79636df2f3882d4d85460c5efa40b88e59b9b9a3f34a25c0ff,E4,E4-CLAYTON-T0.25,202607224064,solved,0.43225966537582355,0.4322579105635254,0.4322596653758232,1.7548122978050529e-06,False,False,False
CRR-STAGEII-CONFIRM-2026-07-22,21c5b970e734ed79636df2f3882d4d85460c5efa40b88e59b9b9a3f34a25c0ff,E4,E4-CLAYTON-T0.50,202607224001,solved,-0.735744587848604,-0.7357452081849328,-0.7357445878486037,6.203363290824271e-07,True,True,True
CRR-STAGEII-CONFIRM-2026-07-22,21c5b970e734ed79636df2f3882d4d85460c5efa40b88e59b9b9a3f34a25c0ff,E4,E4-CLAYTON-T0.50,202607224002,solved,-0.6325668029435505,-0.6325741780393889,-0.6325668029435503,7.375095838590973e-06,True,True,True
CRR-STAGEII-CONFIRM-2026-07-22,21c5b970e734ed79636df2f3882d4d85460c5efa40b88e59b9b9a3f34a25c0ff,E4,E4-CLAYTON-T0.50,202607224003,solved,-0.13854695952992646,-0.13854851639756816,-0.13854695952992713,1.5568676410282478e-06,True,True,True
CRR-STAGEII-CONFIRM-2026-07-22,21c5b970e734ed79636df2f3882d4d85460c5efa40b88e59b9b9a3f34a25c0ff,E4,E4-CLAYTON-T0.50,202607224004,solved,-0.7001046428404754,-0.7001066476885683,-0.7001046428404761,2.0048480922074674e-06,True,True,True
CRR-STAGEII-CONFIRM-2026-07-22,21c5b970e734ed79636df2f3882d4d85460c5efa40b88e59b9b9a3f34a25c0ff,E4,E4-CLAYTON-T0.50,202607224005,solved,-1.0,-1.0,-0.9999988889733755,1.1110266244784839e-06,True,True,True
CRR-STAGEII-CONFIRM-2026-07-22,21c5b970e734ed79636df2f3882d4d85460c5efa40b88e59b9b9a3f34a25c0ff,E4,E4-CLAYTON-T0.50,202607224006,solved,0.7429485800890656,0.7429479551532758,0.7429485800890678,6.249357920040666e-07,False,False,False
CRR-STAGEII-CONFIRM-2026-07-22,21c5b970e734ed79636df2f3882d4d85460c5efa40b88e59b9b9a3f34a25c0ff,E4,E4-CLAYTON-T0.50,202607224007,solved,-0.40642698748718464,-0.40642833396491246,-0.4064269874871847,1.3464777277594209e-06,True,True,True
CRR-STAGEII-CONFIRM-2026-07-22,21c5b970e734ed79636df2f3882d4d85460c5efa40b88e59b9b9a3f34a25c0ff,E4,E4-CLAYTON-T0.50,202607224008,solved,0.3556332401240254,0.3556327857630797,0.3556332401240263,4.543609465890164e-07,False,False,False
CRR-STAGEII-CONFIRM-2026-07-22,21c5b970e734ed79636df2f3882d4d85460c5efa40b88e59b9b9a3f34a25c0ff,E4,E4-CLAYTON-T0.50,202607224009,solved,0.0846787029277778,0.08467759014664367,0.08467870292777818,1.112781134515739e-06,False,False,False
CRR-STAGEII-CONFIRM-2026-07-22,21c5b970e734ed79636df2f3882d4d85460c5efa40b88e59b9b9a3f34a25c0ff,E4,E4-CLAYTON-T0.50,202607224010,solved,0.5762480784390249,0.5762462013545295,0.5762480784390266,1.877084497059478e-06,False,False,False
CRR-STAGEII-CONFIRM-2026-07-22,21c5b970e734ed79636df2f3882d4d85460c5efa40b88e59b9b9a3f34a25c0ff,E4,E4-CLAYTON-T0.50,202607224011,solved,-0.11973783626772855,-0.1197385025767011,-0.11973783626772827,6.66308972829821e-07,True,True,True
CRR-STAGEII-CONFIRM-2026-07-22,21c5b970e734ed79636df2f3882d4d85460c5efa40b88e59b9b9a3f34a25c0ff,E4,E4-CLAYTON-T0.50,202607224012,solved,0.35326730220882246,0.3532658695018834,0.353267302208823,1.4327069396413705e-06,False,False,False
CRR-STAGEII-CONFIRM-2026-07-22,21c5b970e734ed79636df2f3882d4d85460c5efa40b88e59b9b9a3f34a25c0ff,E4,E4-CLAYTON-T0.50,202607224013,solved,0.23119352648962543,0.2311928775737675,0.23119352648962416,6.489158566602704e-07,False,False,False
CRR-STAGEII-CONFIRM-2026-07-22,21c5b970e734ed79636df2f3882d4d85460c5efa40b88e59b9b9a3f34a25c0ff,E4,E4-CLAYTON-T0.50,202607224014,solved,0.39624827977437316,0.3962478809094419,0.39624827977437316,3.9886493125029787e-07,False,False,False
CRR-STAGEII-CONFIRM-2026-07-22,21c5b970e734ed79636df2f3882d4d85460c5efa40b88e59b9b9a3f34a25c0ff,E4,E4-CLAYTON-T0.50,202607224015,solved,0.2681095778143667,0.26810852412999364,0.26810957781436806,1.053684374419106e-06,False,False,False
CRR-STAGEII-CONFIRM-2026-07-22,21c5b970e734ed79636df2f3882d4d85460c5efa40b88e59b9b9a3f34a25c0ff,E4,E4-CLAYTON-T0.50,202607224016,solved,-1.0,-1.0,-0.9999977454568859,2.2545431140885697e-06,True,True,True
CRR-STAGEII-CONFIRM-2026-07-22,21c5b970e734ed79636df2f3882d4d85460c5efa40b88e59b9b9a3f34a25c0ff,E4,E4-CLAYTON-T0.50,202607224017,solved,0.4399989298366752,0.43999761582902813,0.439998929836675,1.314007646857629e-06,False,False,False
CRR-STAGEII-CONFIRM-2026-07-22,21c5b970e734ed79636df2f3882d4d85460c5efa40b88e59b9b9a3f34a25c0ff,E4,E4-CLAYTON-T0.50,202607224018,solved,0.3611760834719533,0.3611753413802257,0.3611760834719521,7.420917264022719e-07,False,False,False
CRR-STAGEII-CONFIRM-2026-07-22,21c5b970e734ed79636df2f3882d4d85460c5efa40b88e59b9b9a3f34a25c0ff,E4,E4-CLAYTON-T0.50,202607224019,solved,1.0,0.9999969605495519,1.0,3.0394504481057183e-06,False,False,False
CRR-STAGEII-CONFIRM-2026-07-22,21c5b970e734ed79636df2f3882d4d85460c5efa40b88e59b9b9a3f34a25c0ff,E4,E4-CLAYTON-T0.50,202607224020,solved,0.8295892730181338,0.8295878005856004,0.8295892730181325,1.4724325320125686e-06,False,False,False
CRR-STAGEII-CONFIRM-2026-07-22,21c5b970e734ed79636df2f3882d4d85460c5efa40b88e59b9b9a3f34a25c0ff,E4,E4-CLAYTON-T0.50,202607224021,solved,0.5348576735077955,0.5348570021835227,0.5348576735077966,6.713242738376479e-07,False,False,False
CRR-STAGEII-CONFIRM-2026-07-22,21c5b970e734ed79636df2f3882d4d85460c5efa40b88e59b9b9a3f34a25c0ff,E4,E4-CLAYTON-T0.50,202607224022,infeasible,,,,,False,False,False
CRR-STAGEII-CONFIRM-2026-07-22,21c5b970e734ed79636df2f3882d4d85460c5efa40b88e59b9b9a3f34a25c0ff,E4,E4-CLAYTON-T0.50,202607224023,solved,0.950527034517058,0.9505260385511095,0.9505270345170578,9.959659482694505e-07,False,False,False
CRR-STAGEII-CONFIRM-2026-07-22,21c5b970e734ed79636df2f3882d4d85460c5efa40b88e59b9b9a3f34a25c0ff,E4,E4-CLAYTON-T0.50,202607224024,solved,-0.6652724039042532,-0.6652752245294049,-0.6652724039042508,2.820625154109635e-06,True,True,True
CRR-STAGEII-CONFIRM-2026-07-22,21c5b970e734ed79636df2f3882d4d85460c5efa40b88e59b9b9a3f34a25c0ff,E4,E4-CLAYTON-T0.50,202607224025,solved,0.30491622410479957,0.304912525918186,0.3049162241047995,3.698186613498855e-06,False,False,False
CRR-STAGEII-CONFIRM-2026-07-22,21c5b970e734ed79636df2f3882d4d85460c5efa40b88e59b9b9a3f34a25c0ff,E4,E4-CLAYTON-T0.50,202607224026,solved,0.23822645926286712,0.23822494445221143,0.23822645926286679,1.5148106553564133e-06,False,False,False
CRR-STAGEII-CONFIRM-2026-07-22,21c5b970e734ed79636df2f3882d4d85460c5efa40b88e59b9b9a3f34a25c0ff,E4,E4-CLAYTON-T0.50,202607224027,solved,-0.6023987124041101,-0.6023994565050614,-0.6023987124041107,7.441009507447305e-07,True,True,True
CRR-STAGEII-CONFIRM-2026-07-22,21c5b970e734ed79636df2f3882d4d85460c5efa40b88e59b9b9a3f34a25c0ff,E4,E4-CLAYTON-T0.50,202607224028,solved,-1.0,-1.0,-0.9999954137638967,4.5862361033321974e-06,True,True,True
CRR-STAGEII-CONFIRM-2026-07-22,21c5b970e734ed79636df2f3882d4d85460c5efa40b88e59b9b9a3f34a25c0ff,E4,E4-CLAYTON-T0.50,202607224029,solved,0.0181066651026478,0.01810575333596376,0.018106665102648356,9.117666845970263e-07,False,False,False
CRR-STAGEII-CONFIRM-2026-07-22,21c5b970e734ed79636df2f3882d4d85460c5efa40b88e59b9b9a3f34a25c0ff,E4,E4-CLAYTON-T0.50,202607224030,solved,0.033892888311865654,0.033891692394496575,0.03389288831186538,1.1959173688014246e-06,False,False,False
CRR-STAGEII-CONFIRM-2026-07-22,21c5b970e734ed79636df2f3882d4d85460c5efa40b88e59b9b9a3f34a25c0ff,E4,E4-CLAYTON-T0.50,202607224031,infeasible,,,,,False,False,False
CRR-STAGEII-CONFIRM-2026-07-22,21c5b970e734ed79636df2f3882d4d85460c5efa40b88e59b9b9a3f34a25c0ff,E4,E4-CLAYTON-T0.50,202607224032,solved,-0.4491630812217062,-0.4491635407523423,-0.4491630812217054,4.595306369314933e-07,True,True,True
CRR-STAGEII-CONFIRM-2026-07-22,21c5b970e734ed79636df2f3882d4d85460c5efa40b88e59b9b9a3f34a25c0ff,E4,E4-CLAYTON-T0.50,202607224033,solved,-0.10720029717644713,-0.10720155609487109,-0.10720029717644691,1.258918424174027e-06,True,True,True
CRR-STAGEII-CONFIRM-2026-07-22,21c5b970e734ed79636df2f3882d4d85460c5efa40b88e59b9b9a3f34a25c0ff,E4,E4-CLAYTON-T0.50,202607224034,solved,0.839080812699067,0.8390796454596012,0.8390808126990679,1.1672394666373265e-06,False,False,False
CRR-STAGEII-CONFIRM-2026-07-22,21c5b970e734ed79636df2f3882d4d85460c5efa40b88e59b9b9a3f34a25c0ff,E4,E4-CLAYTON-T0.50,202607224035,infeasible,,,,,False,False,False
CRR-STAGEII-CONFIRM-2026-07-22,21c5b970e734ed79636df2f3882d4d85460c5efa40b88e59b9b9a3f34a25c0ff,E4,E4-CLAYTON-T0.50,202607224036,solved,0.23848110884244456,0.23848033219976605,0.23848110884244733,7.766426812771954e-07,False,False,False
CRR-STAGEII-CONFIRM-2026-07-22,21c5b970e734ed79636df2f3882d4d85460c5efa40b88e59b9b9a3f34a25c0ff,E4,E4-CLAYTON-T0.50,202607224037,solved,0.21523126641235257,0.21523043693235178,0.21523126641235624,8.294800044605921e-07,False,False,False
CRR-STAGEII-CONFIRM-2026-07-22,21c5b970e734ed79636df2f3882d4d85460c5efa40b88e59b9b9a3f34a25c0ff,E4,E4-CLAYTON-T0.50,202607224038,solved,-0.3358692502005201,-0.33587086138386835,-0.3358692502005206,1.6111833477383541e-06,True,True,True
CRR-STAGEII-CONFIRM-2026-07-22,21c5b970e734ed79636df2f3882d4d85460c5efa40b88e59b9b9a3f34a25c0ff,E4,E4-CLAYTON-T0.50,202607224039,solved,0.050457042150704456,0.05045637060626046,0.0504570421507049,6.715444444416185e-07,False,False,False
CRR-STAGEII-CONFIRM-2026-07-22,21c5b970e734ed79636df2f3882d4d85460c5efa40b88e59b9b9a3f34a25c0ff,E4,E4-CLAYTON-T0.50,202607224040,solved,-0.6556542022030807,-0.6556550441713839,-0.6556542022030821,8.419683017457658e-07,True,True,True
CRR-STAGEII-CONFIRM-2026-07-22,21c5b970e734ed79636df2f3882d4d85460c5efa40b88e59b9b9a3f34a25c0ff,E4,E4-CLAYTON-T0.50,202607224041,solved,0.6415121055956023,0.641510989535792,0.6415121055956023,1.1160598103465702e-06,False,False,False
CRR-STAGEII-CONFIRM-2026-07-22,21c5b970e734ed79636df2f3882d4d85460c5efa40b88e59b9b9a3f34a25c0ff,E4,E4-CLAYTON-T0.50,202607224042,solved,-0.13035748430060634,-0.13035941201134016,-0.13035748430060728,1.9277107328741216e-06,True,True,True
CRR-STAGEII-CONFIRM-2026-07-22,21c5b970e734ed79636df2f3882d4d85460c5efa40b88e59b9b9a3f34a25c0ff,E4,E4-CLAYTON-T0.50,202607224043,solved,-0.18732422119530417,-0.1873248954486592,-0.18732422119530429,6.742533549264351e-07,True,True,True
CRR-STAGEII-CONFIRM-2026-07-22,21c5b970e734ed79636df2f3882d4d85460c5efa40b88e59b9b9a3f34a25c0ff,E4,E4-CLAYTON-T0.50,202607224044,solved,-0.17277917201891096,-0.1727805600824192,-0.17277917201891102,1.388063508189763e-06,True,True,True
CRR-STAGEII-CONFIRM-2026-07-22,21c5b970e734ed79636df2f3882d4d85460c5efa40b88e59b9b9a3f34a25c0ff,E4,E4-CLAYTON-T0.50,202607224045,solved,-0.581059817062557,-0.5810604302046731,-0.5810598170625565,6.131421166344353e-07,True,True,True
CRR-STAGEII-CONFIRM-2026-07-22,21c5b970e734ed79636df2f3882d4d85460c5efa40b88e59b9b9a3f34a25c0ff,E4,E4-CLAYTON-T0.50,202607224046,infeasible,,,,,False,False,False
CRR-STAGEII-CONFIRM-2026-07-22,21c5b970e734ed79636df2f3882d4d85460c5efa40b88e59b9b9a3f34a25c0ff,E4,E4-CLAYTON-T0.50,202607224047,solved,-0.1642901449729639,-0.16429118757102312,-0.1642901449729645,1.0425980586092898e-06,True,True,True
CRR-STAGEII-CONFIRM-2026-07-22,21c5b970e734ed79636df2f3882d4d85460c5efa40b88e59b9b9a3f34a25c0ff,E4,E4-CLAYTON-T0.50,202607224048,solved,-0.4896240772744993,-0.48962504642678245,-0.4896240772745002,9.691522822596887e-07,True,True,True
CRR-STAGEII-CONFIRM-2026-07-22,21c5b970e734ed79636df2f3882d4d85460c5efa40b88e59b9b9a3f34a25c0ff,E4,E4-CLAYTON-T0.50,202607224049,solved,0.4352309954422988,0.4352300664919451,0.43523099544229865,9.289503535292454e-07,False,False,False
CRR-STAGEII-CONFIRM-2026-07-22,21c5b970e734ed79636df2f3882d4d85460c5efa40b88e59b9b9a3f34a25c0ff,E4,E4-CLAYTON-T0.50,202607224050,solved,0.24349776884408514,0.24349586332886647,0.24349776884408514,1.9055152186697732e-06,False,False,False
CRR-STAGEII-CONFIRM-2026-07-22,21c5b970e734ed79636df2f3882d4d85460c5efa40b88e59b9b9a3f34a25c0ff,E4,E4-CLAYTON-T0.50,202607224051,solved,0.6945922316267261,0.6945913725859179,0.6945922316267266,8.590408087094659e-07,False,False,False
CRR-STAGEII-CONFIRM-2026-07-22,21c5b970e734ed79636df2f3882d4d85460c5efa40b88e59b9b9a3f34a25c0ff,E4,E4-CLAYTON-T0.50,202607224052,solved,-1.0,-1.0,-0.999995382659427,4.617340572998785e-06,True,True,True
CRR-STAGEII-CONFIRM-2026-07-22,21c5b970e734ed79636df2f3882d4d85460c5efa40b88e59b9b9a3f34a25c0ff,E4,E4-CLAYTON-T0.50,202607224053,solved,0.6173156633828039,0.6173145976457942,0.6173156633828033,1.0657370090871865e-06,False,False,False
CRR-STAGEII-CONFIRM-2026-07-22,21c5b970e734ed79636df2f3882d4d85460c5efa40b88e59b9b9a3f34a25c0ff,E4,E4-CLAYTON-T0.50,202607224054,solved,-1.0,-1.0,-0.9999901782045941,9.821795405873246e-06,True,True,True
CRR-STAGEII-CONFIRM-2026-07-22,21c5b970e734ed79636df2f3882d4d85460c5efa40b88e59b9b9a3f34a25c0ff,E4,E4-CLAYTON-T0.50,202607224055,solved,0.014895740792914225,0.014892771861476917,0.01489574079291478,2.9689314378633647e-06,False,False,False
CRR-STAGEII-CONFIRM-2026-07-22,21c5b970e734ed79636df2f3882d4d85460c5efa40b88e59b9b9a3f34a25c0ff,E4,E4-CLAYTON-T0.50,202607224056,solved,0.9070230480922454,0.9070224436382162,0.907023048092246,6.044540298288936e-07,False,False,False
CRR-STAGEII-CONFIRM-2026-07-22,21c5b970e734ed79636df2f3882d4d85460c5efa40b88e59b9b9a3f34a25c0ff,E4,E4-CLAYTON-T0.50,202607224057,solved,0.2715489092713641,0.27154848615135646,0.27154890927136577,4.2312000930744276e-07,False,False,False
CRR-STAGEII-CONFIRM-2026-07-22,21c5b970e734ed79636df2f3882d4d85460c5efa40b88e59b9b9a3f34a25c0ff,E4,E4-CLAYTON-T0.50,202607224058,solved,0.15543851218455473,0.15543490173431168,0.15543851218455446,3.610450242774732e-06,False,False,False
CRR-STAGEII-CONFIRM-2026-07-22,21c5b970e734ed79636df2f3882d4d85460c5efa40b88e59b9b9a3f34a25c0ff,E4,E4-CLAYTON-T0.50,202607224059,solved,0.49407658997851045,0.49407514350447895,0.49407658997851206,1.446474033106604e-06,False,False,False
CRR-STAGEII-CONFIRM-2026-07-22,21c5b970e734ed79636df2f3882d4d85460c5efa40b88e59b9b9a3f34a25c0ff,E4,E4-CLAYTON-T0.50,202607224060,solved,0.8504689987520841,0.8504676073245679,0.8504689987520848,1.3914275168724899e-06,False,False,False
CRR-STAGEII-CONFIRM-2026-07-22,21c5b970e734ed79636df2f3882d4d85460c5efa40b88e59b9b9a3f34a25c0ff,E4,E4-CLAYTON-T0.50,202607224061,solved,0.6996433481097031,0.6996426252795823,0.6996433481097039,7.228301215356225e-07,False,False,False
CRR-STAGEII-CONFIRM-2026-07-22,21c5b970e734ed79636df2f3882d4d85460c5efa40b88e59b9b9a3f34a25c0ff,E4,E4-CLAYTON-T0.50,202607224062,solved,0.8745669817928943,0.8745648285156088,0.874566981792895,2.1532772862542515e-06,False,False,False
CRR-STAGEII-CONFIRM-2026-07-22,21c5b970e734ed79636df2f3882d4d85460c5efa40b88e59b9b9a3f34a25c0ff,E4,E4-CLAYTON-T0.50,202607224063,solved,0.7951576627619141,0.7951570308643005,0.7951576627619158,6.318976153441014e-07,False,False,False
CRR-STAGEII-CONFIRM-2026-07-22,21c5b970e734ed79636df2f3882d4d85460c5efa40b88e59b9b9a3f34a25c0ff,E4,E4-CLAYTON-T0.50,202607224064,solved,-0.06460889603393921,-0.06460963196327779,-0.06460889603393849,7.359293393016664e-07,True,True,True
CRR-STAGEII-CONFIRM-2026-07-22,21c5b970e734ed79636df2f3882d4d85460c5efa40b88e59b9b9a3f34a25c0ff,E4,E4-EMPIRICAL_COPULA-TEMP,202607224001,solved,0.927007314305037,0.9270067345091303,0.9270073143050365,5.797959061748514e-07,False,False,False
CRR-STAGEII-CONFIRM-2026-07-22,21c5b970e734ed79636df2f3882d4d85460c5efa40b88e59b9b9a3f34a25c0ff,E4,E4-EMPIRICAL_COPULA-TEMP,202607224002,solved,0.7477030903420938,0.7476985546043526,0.7477030903420947,4.5357377420618405e-06,False,False,False
CRR-STAGEII-CONFIRM-2026-07-22,21c5b970e734ed79636df2f3882d4d85460c5efa40b88e59b9b9a3f34a25c0ff,E4,E4-EMPIRICAL_COPULA-TEMP,202607224003,solved,0.927007314305037,0.9270062333546439,0.9270073143050365,1.0809503925290898e-06,False,False,False
CRR-STAGEII-CONFIRM-2026-07-22,21c5b970e734ed79636df2f3882d4d85460c5efa40b88e59b9b9a3f34a25c0ff,E4,E4-EMPIRICAL_COPULA-TEMP,202607224004,solved,0.8909481196198321,0.8909463216146876,0.8909481196198307,1.7980051431054633e-06,False,False,False
CRR-STAGEII-CONFIRM-2026-07-22,21c5b970e734ed79636df2f3882d4d85460c5efa40b88e59b9b9a3f34a25c0ff,E4,E4-EMPIRICAL_COPULA-TEMP,202607224005,solved,0.7247465083561013,0.7247451819189473,0.7247465083561011,1.3264371537813346e-06,False,False,False
CRR-STAGEII-CONFIRM-2026-07-22,21c5b970e734ed79636df2f3882d4d85460c5efa40b88e59b9b9a3f34a25c0ff,E4,E4-EMPIRICAL_COPULA-TEMP,202607224006,solved,-1.0,-1.0,-0.9999977578633534,2.242136646568582e-06,True,True,True
CRR-STAGEII-CONFIRM-2026-07-22,21c5b970e734ed79636df2f3882d4d85460c5efa40b88e59b9b9a3f34a25c0ff,E4,E4-EMPIRICAL_COPULA-TEMP,202607224007,solved,1.0,0.9999993129616518,1.0,6.870383482127096e-07,False,False,False
CRR-STAGEII-CONFIRM-2026-07-22,21c5b970e734ed79636df2f3882d4d85460c5efa40b88e59b9b9a3f34a25c0ff,E4,E4-EMPIRICAL_COPULA-TEMP,202607224008,solved,0.8577511082836919,0.857750569570241,0.8577511082836905,5.387134495160595e-07,False,False,False
CRR-STAGEII-CONFIRM-2026-07-22,21c5b970e734ed79636df2f3882d4d85460c5efa40b88e59b9b9a3f34a25c0ff,E4,E4-EMPIRICAL_COPULA-TEMP,202607224009,solved,0.7986807677021162,0.7986798370813137,0.7986807677021158,9.306208020865014e-07,False,False,False
CRR-STAGEII-CONFIRM-2026-07-22,21c5b970e734ed79636df2f3882d4d85460c5efa40b88e59b9b9a3f34a25c0ff,E4,E4-EMPIRICAL_COPULA-TEMP,202607224010,solved,0.8577511082836919,0.8577504686991185,0.8577511082836905,6.395845719708859e-07,False,False,False
CRR-STAGEII-CONFIRM-2026-07-22,21c5b970e734ed79636df2f3882d4d85460c5efa40b88e59b9b9a3f34a25c0ff,E4,E4-EMPIRICAL_COPULA-TEMP,202607224011,solved,1.0,0.999999270092888,1.0,7.299071119737377e-07,False,False,False
CRR-STAGEII-CONFIRM-2026-07-22,21c5b970e734ed79636df2f3882d4d85460c5efa40b88e59b9b9a3f34a25c0ff,E4,E4-EMPIRICAL_COPULA-TEMP,202607224012,solved,0.7247465083561013,0.7247446440577832,0.7247465083561011,1.864298317943991e-06,False,False,False
CRR-STAGEII-CONFIRM-2026-07-22,21c5b970e734ed79636df2f3882d4d85460c5efa40b88e59b9b9a3f34a25c0ff,E4,E4-EMPIRICAL_COPULA-TEMP,202607224013,solved,0.8577511082836919,0.8577497726264292,0.8577511082836905,1.3356572613476558e-06,False,False,False
CRR-STAGEII-CONFIRM-2026-07-22,21c5b970e734ed79636df2f3882d4d85460c5efa40b88e59b9b9a3f34a25c0ff,E4,E4-EMPIRICAL_COPULA-TEMP,202607224014,solved,0.8909481196198321,0.890947502007201,0.8909481196198307,6.176126297052775e-07,False,False,False
CRR-STAGEII-CONFIRM-2026-07-22,21c5b970e734ed79636df2f3882d4d85460c5efa40b88e59b9b9a3f34a25c0ff,E4,E4-EMPIRICAL_COPULA-TEMP,202607224015,solved,1.0,0.9999992468297042,1.0,7.531702957974673e-07,False,False,False
CRR-STAGEII-CONFIRM-2026-07-22,21c5b970e734ed79636df2f3882d4d85460c5efa40b88e59b9b9a3f34a25c0ff,E4,E4-EMPIRICAL_COPULA-TEMP,202607224016,solved,0.7477030903420938,0.7477015802845877,0.7477030903420947,1.5100575070370326e-06,False,False,False
CRR-STAGEII-CONFIRM-2026-07-22,21c5b970e734ed79636df2f3882d4d85460c5efa40b88e59b9b9a3f34a25c0ff,E4,E4-EMPIRICAL_COPULA-TEMP,202607224017,solved,0.8270885116536251,0.8270841191467597,0.8270885116536251,4.392506865347201e-06,False,False,False
CRR-STAGEII-CONFIRM-2026-07-22,21c5b970e734ed79636df2f3882d4d85460c5efa40b88e59b9b9a3f34a25c0ff,E4,E4-EMPIRICAL_COPULA-TEMP,202607224018,solved,0.6831113689948867,0.6831095414463793,0.6831113689948851,1.8275485058616425e-06,False,False,False
CRR-STAGEII-CONFIRM-2026-07-22,21c5b970e734ed79636df2f3882d4d85460c5efa40b88e59b9b9a3f34a25c0ff,E4,E4-EMPIRICAL_COPULA-TEMP,202607224019,solved,0.7247465083561013,0.7247455261662887,0.7247465083561011,9.821898123707484e-07,False,False,False
CRR-STAGEII-CONFIRM-2026-07-22,21c5b970e734ed79636df2f3882d4d85460c5efa40b88e59b9b9a3f34a25c0ff,E4,E4-EMPIRICAL_COPULA-TEMP,202607224020,solved,0.927007314305037,0.9270064162494338,0.9270073143050365,8.980556026605413e-07,False,False,False
CRR-STAGEII-CONFIRM-2026-07-22,21c5b970e734ed79636df2f3882d4d85460c5efa40b88e59b9b9a3f34a25c0ff,E4,E4-EMPIRICAL_COPULA-TEMP,202607224021,solved,1.0,0.9999994462870176,1.0,5.53712982354071e-07,False,False,False
CRR-STAGEII-CONFIRM-2026-07-22,21c5b970e734ed79636df2f3882d4d85460c5efa40b88e59b9b9a3f34a25c0ff,E4,E4-EMPIRICAL_COPULA-TEMP,202607224022,solved,0.7986807677021162,0.7986796005664261,0.7986807677021158,1.167135689761345e-06,False,False,False
CRR-STAGEII-CONFIRM-2026-07-22,21c5b970e734ed79636df2f3882d4d85460c5efa40b88e59b9b9a3f34a25c0ff,E4,E4-EMPIRICAL_COPULA-TEMP,202607224023,solved,0.8270885116536251,0.8270878273141943,0.8270885116536251,6.843394307898265e-07,False,False,False
CRR-STAGEII-CONFIRM-2026-07-22,21c5b970e734ed79636df2f3882d4d85460c5efa40b88e59b9b9a3f34a25c0ff,E4,E4-EMPIRICAL_COPULA-TEMP,202607224024,solved,0.6716110221460776,0.6716095354486027,0.6716110221460756,1.4866974729077498e-06,False,False,False
CRR-STAGEII-CONFIRM-2026-07-22,21c5b970e734ed79636df2f3882d4d85460c5efa40b88e59b9b9a3f34a25c0ff,E4,E4-EMPIRICAL_COPULA-TEMP,202607224025,solved,1.0,0.9999995297910053,1.0,4.702089947405952e-07,False,False,False
CRR-STAGEII-CONFIRM-2026-07-22,21c5b970e734ed79636df2f3882d4d85460c5efa40b88e59b9b9a3f34a25c0ff,E4,E4-EMPIRICAL_COPULA-TEMP,202607224026,solved,0.927007314305037,0.9270060005277363,0.9270073143050365,1.3137773001714592e-06,False,False,False
CRR-STAGEII-CONFIRM-2026-07-22,21c5b970e734ed79636df2f3882d4d85460c5efa40b88e59b9b9a3f34a25c0ff,E4,E4-EMPIRICAL_COPULA-TEMP,202607224027,solved,0.8909481196198321,0.8909472831721875,0.8909481196198307,8.364476431488299e-07,False,False,False
CRR-STAGEII-CONFIRM-2026-07-22,21c5b970e734ed79636df2f3882d4d85460c5efa40b88e59b9b9a3f34a25c0ff,E4,E4-EMPIRICAL_COPULA-TEMP,202607224028,solved,0.7477030903420938,0.7477019077041422,0.7477030903420947,1.1826379524570996e-06,False,False,False
CRR-STAGEII-CONFIRM-2026-07-22,21c5b970e734ed79636df2f3882d4d85460c5efa40b88e59b9b9a3f34a25c0ff,E4,E4-EMPIRICAL_COPULA-TEMP,202607224029,solved,1.0,0.9999993725769518,1.0,6.274230481828624e-07,False,False,False
CRR-STAGEII-CONFIRM-2026-07-22,21c5b970e734ed79636df2f3882d4d85460c5efa40b88e59b9b9a3f34a25c0ff,E4,E4-EMPIRICAL_COPULA-TEMP,202607224030,solved,0.7477030903420938,0.7476883729701633,0.7477030903420947,1.4717371931372014e-05,False,False,False
CRR-STAGEII-CONFIRM-2026-07-22,21c5b970e734ed79636df2f3882d4d85460c5efa40b88e59b9b9a3f34a25c0ff,E4,E4-EMPIRICAL_COPULA-TEMP,202607224031,solved,0.6831113689948867,0.6831073801508044,0.6831113689948851,3.9888440807045455e-06,False,False,False
CRR-STAGEII-CONFIRM-2026-07-22,21c5b970e734ed79636df2f3882d4d85460c5efa40b88e59b9b9a3f34a25c0ff,E4,E4-EMPIRICAL_COPULA-TEMP,202607224032,solved,0.7247465083561013,0.7247437162885648,0.7247465083561011,2.7920675362835823e-06,False,False,False
CRR-STAGEII-CONFIRM-2026-07-22,21c5b970e734ed79636df2f3882d4d85460c5efa40b88e59b9b9a3f34a25c0ff,E4,E4-EMPIRICAL_COPULA-TEMP,202607224033,solved,0.703261644382779,0.703259707776028,0.7032616443827782,1.9366067501858097e-06,False,False,False
CRR-STAGEII-CONFIRM-2026-07-22,21c5b970e734ed79636df2f3882d4d85460c5efa40b88e59b9b9a3f34a25c0ff,E4,E4-EMPIRICAL_COPULA-TEMP,202607224034,solved,1.0,0.9999993304629538,1.0,6.695370462495021e-07,False,False,False
CRR-STAGEII-CONFIRM-2026-07-22,21c5b970e734ed79636df2f3882d4d85460c5efa40b88e59b9b9a3f34a25c0ff,E4,E4-EMPIRICAL_COPULA-TEMP,202607224035,solved,1.0,0.9999994858147233,1.0,5.141852766898936e-07,False,False,False
CRR-STAGEII-CONFIRM-2026-07-22,21c5b970e734ed79636df2f3882d4d85460c5efa40b88e59b9b9a3f34a25c0ff,E4,E4-EMPIRICAL_COPULA-TEMP,202607224036,solved,-1.0,-1.0,-0.9999935702203366,6.429779663363888e-06,True,True,True
CRR-STAGEII-CONFIRM-2026-07-22,21c5b970e734ed79636df2f3882d4d85460c5efa40b88e59b9b9a3f34a25c0ff,E4,E4-EMPIRICAL_COPULA-TEMP,202607224037,solved,0.8909481196198321,0.8909469024734105,0.8909481196198307,1.2171464202070936e-06,False,False,False
CRR-STAGEII-CONFIRM-2026-07-22,21c5b970e734ed79636df2f3882d4d85460c5efa40b88e59b9b9a3f34a25c0ff,E4,E4-EMPIRICAL_COPULA-TEMP,202607224038,solved,0.927007314305037,0.9270066548504258,0.9270073143050365,6.594546106963861e-07,False,False,False
CRR-STAGEII-CONFIRM-2026-07-22,21c5b970e734ed79636df2f3882d4d85460c5efa40b88e59b9b9a3f34a25c0ff,E4,E4-EMPIRICAL_COPULA-TEMP,202607224039,solved,0.7247465083561013,0.7247451729351175,0.7247465083561011,1.3354209835725328e-06,False,False,False
CRR-STAGEII-CONFIRM-2026-07-22,21c5b970e734ed79636df2f3882d4d85460c5efa40b88e59b9b9a3f34a25c0ff,E4,E4-EMPIRICAL_COPULA-TEMP,202607224040,solved,1.0,0.9999991671259485,1.0,8.328740515040067e-07,False,False,False
CRR-STAGEII-CONFIRM-2026-07-22,21c5b970e734ed79636df2f3882d4d85460c5efa40b88e59b9b9a3f34a25c0ff,E4,E4-EMPIRICAL_COPULA-TEMP,202607224041,solved,1.0,0.9999994619454105,1.0,5.380545895494748e-07,False,False,False
CRR-STAGEII-CONFIRM-2026-07-22,21c5b970e734ed79636df2f3882d4d85460c5efa40b88e59b9b9a3f34a25c0ff,E4,E4-EMPIRICAL_COPULA-TEMP,202607224042,solved,0.6831113689948867,0.6831096389008438,0.6831113689948851,1.7300940413633725e-06,False,False,False
CRR-STAGEII-CONFIRM-2026-07-22,21c5b970e734ed79636df2f3882d4d85460c5efa40b88e59b9b9a3f34a25c0ff,E4,E4-EMPIRICAL_COPULA-TEMP,202607224043,solved,1.0,0.9999993201772723,1.0,6.798227276672009e-07,False,False,False
CRR-STAGEII-CONFIRM-2026-07-22,21c5b970e734ed79636df2f3882d4d85460c5efa40b88e59b9b9a3f34a25c0ff,E4,E4-EMPIRICAL_COPULA-TEMP,202607224044,solved,0.7722879728307823,0.7722852835841686,0.7722879728307818,2.6892466131744897e-06,False,False,False
CRR-STAGEII-CONFIRM-2026-07-22,21c5b970e734ed79636df2f3882d4d85460c5efa40b88e59b9b9a3f34a25c0ff,E4,E4-EMPIRICAL_COPULA-TEMP,202607224045,solved,0.703261644382779,0.7032592461056031,0.7032616443827782,2.3982771750752363e-06,False,False,False
CRR-STAGEII-CONFIRM-2026-07-22,21c5b970e734ed79636df2f3882d4d85460c5efa40b88e59b9b9a3f34a25c0ff,E4,E4-EMPIRICAL_COPULA-TEMP,202607224046,solved,0.7477030903420938,0.7476978449297409,0.7477030903420947,5.245412353804824e-06,False,False,False
CRR-STAGEII-CONFIRM-2026-07-22,21c5b970e734ed79636df2f3882d4d85460c5efa40b88e59b9b9a3f34a25c0ff,E4,E4-EMPIRICAL_COPULA-TEMP,202607224047,solved,0.7722879728307823,0.772286650006329,0.7722879728307818,1.3228244527541122e-06,False,False,False
CRR-STAGEII-CONFIRM-2026-07-22,21c5b970e734ed79636df2f3882d4d85460c5efa40b88e59b9b9a3f34a25c0ff,E4,E4-EMPIRICAL_COPULA-TEMP,202607224048,solved,0.7722879728307823,0.7722869373399078,0.7722879728307818,1.0354908739351742e-06,False,False,False
CRR-STAGEII-CONFIRM-2026-07-22,21c5b970e734ed79636df2f3882d4d85460c5efa40b88e59b9b9a3f34a25c0ff,E4,E4-EMPIRICAL_COPULA-TEMP,202607224049,solved,0.703261644382779,0.7032591647110069,0.7032616443827782,2.4796717712494143e-06,False,False,False
CRR-STAGEII-CONFIRM-2026-07-22,21c5b970e734ed79636df2f3882d4d85460c5efa40b88e59b9b9a3f34a25c0ff,E4,E4-EMPIRICAL_COPULA-TEMP,202607224050,solved,1.0,0.9999993659033197,1.0,6.340966802742543e-07,False,False,False
CRR-STAGEII-CONFIRM-2026-07-22,21c5b970e734ed79636df2f3882d4d85460c5efa40b88e59b9b9a3f34a25c0ff,E4,E4-EMPIRICAL_COPULA-TEMP,202607224051,solved,-1.0,-1.0,-0.9999983913642998,1.6086357002009777e-06,True,True,True
CRR-STAGEII-CONFIRM-2026-07-22,21c5b970e734ed79636df2f3882d4d85460c5efa40b88e59b9b9a3f34a25c0ff,E4,E4-EMPIRICAL_COPULA-TEMP,202607224052,solved,0.927007314305037,0.9270065830873702,0.9270073143050365,7.312176663054615e-07,False,False,False
CRR-STAGEII-CONFIRM-2026-07-22,21c5b970e734ed79636df2f3882d4d85460c5efa40b88e59b9b9a3f34a25c0ff,E4,E4-EMPIRICAL_COPULA-TEMP,202607224053,solved,0.6831113689948867,0.6831100729130292,0.6831113689948851,1.2960818559504261e-06,False,False,False
CRR-STAGEII-CONFIRM-2026-07-22,21c5b970e734ed79636df2f3882d4d85460c5efa40b88e59b9b9a3f34a25c0ff,E4,E4-EMPIRICAL_COPULA-TEMP,202607224054,solved,0.8909481196198321,0.8909475620854065,0.8909481196198307,5.575344241837143e-07,False,False,False
CRR-STAGEII-CONFIRM-2026-07-22,21c5b970e734ed79636df2f3882d4d85460c5efa40b88e59b9b9a3f34a25c0ff,E4,E4-EMPIRICAL_COPULA-TEMP,202607224055,solved,0.966315526418611,0.96631481258506,0.9663155264186111,7.138335510470384e-07,False,False,False
CRR-STAGEII-CONFIRM-2026-07-22,21c5b970e734ed79636df2f3882d4d85460c5efa40b88e59b9b9a3f34a25c0ff,E4,E4-EMPIRICAL_COPULA-TEMP,202607224056,solved,0.6716110221460776,0.6716094023892267,0.6716110221460756,1.6197568488696135e-06,False,False,False
CRR-STAGEII-CONFIRM-2026-07-22,21c5b970e734ed79636df2f3882d4d85460c5efa40b88e59b9b9a3f34a25c0ff,E4,E4-EMPIRICAL_COPULA-TEMP,202607224057,solved,-1.0,-1.0,-0.9999966173958821,3.382604117918575e-06,True,True,True
CRR-STAGEII-CONFIRM-2026-07-22,21c5b970e734ed79636df2f3882d4d85460c5efa40b88e59b9b9a3f34a25c0ff,E4,E4-EMPIRICAL_COPULA-TEMP,202607224058,solved,1.0,0.9999985195635179,1.0,1.480436482070857e-06,False,False,False
CRR-STAGEII-CONFIRM-2026-07-22,21c5b970e734ed79636df2f3882d4d85460c5efa40b88e59b9b9a3f34a25c0ff,E4,E4-EMPIRICAL_COPULA-TEMP,202607224059,solved,0.966315526418611,0.966314821715277,0.9663155264186111,7.047033340201736e-07,False,False,False
CRR-STAGEII-CONFIRM-2026-07-22,21c5b970e734ed79636df2f3882d4d85460c5efa40b88e59b9b9a3f34a25c0ff,E4,E4-EMPIRICAL_COPULA-TEMP,202607224060,solved,0.8270885116536251,0.8270870860190855,0.8270885116536251,1.425634539531373e-06,False,False,False
CRR-STAGEII-CONFIRM-2026-07-22,21c5b970e734ed79636df2f3882d4d85460c5efa40b88e59b9b9a3f34a25c0ff,E4,E4-EMPIRICAL_COPULA-TEMP,202607224061,solved,0.6831113689948867,0.6831100945573075,0.6831113689948851,1.2744375775808336e-06,False,False,False
CRR-STAGEII-CONFIRM-2026-07-22,21c5b970e734ed79636df2f3882d4d85460c5efa40b88e59b9b9a3f34a25c0ff,E4,E4-EMPIRICAL_COPULA-TEMP,202607224062,solved,0.6716110221460776,0.6716088741470091,0.6716110221460756,2.1479990665040916e-06,False,False,False
CRR-STAGEII-CONFIRM-2026-07-22,21c5b970e734ed79636df2f3882d4d85460c5efa40b88e59b9b9a3f34a25c0ff,E4,E4-EMPIRICAL_COPULA-TEMP,202607224063,solved,0.927007314305037,0.9270020363634177,0.9270073143050365,5.277941618753168e-06,False,False,False
CRR-STAGEII-CONFIRM-2026-07-22,21c5b970e734ed79636df2f3882d4d85460c5efa40b88e59b9b9a3f34a25c0ff,E4,E4-EMPIRICAL_COPULA-TEMP,202607224064,solved,0.6831113689948867,0.6831096958090976,0.6831113689948851,1.6731857874763278e-06,False,False,False
CRR-STAGEII-CONFIRM-2026-07-22,21c5b970e734ed79636df2f3882d4d85460c5efa40b88e59b9b9a3f34a25c0ff,E4,E4-GAUSSIAN-T0.00,202607224001,solved,0.5070114032975244,0.5070098271338453,0.5070114032975239,1.5761636785738276e-06,False,False,False
CRR-STAGEII-CONFIRM-2026-07-22,21c5b970e734ed79636df2f3882d4d85460c5efa40b88e59b9b9a3f34a25c0ff,E4,E4-GAUSSIAN-T0.00,202607224002,solved,0.8555652532715505,0.8555647731310816,0.8555652532715506,4.801404690502054e-07,False,False,False
CRR-STAGEII-CONFIRM-2026-07-22,21c5b970e734ed79636df2f3882d4d85460c5efa40b88e59b9b9a3f34a25c0ff,E4,E4-GAUSSIAN-T0.00,202607224003,solved,-1.0,-1.0,-0.9999987954655079,1.2045344921496337e-06,True,True,True
CRR-STAGEII-CONFIRM-2026-07-22,21c5b970e734ed79636df2f3882d4d85460c5efa40b88e59b9b9a3f34a25c0ff,E4,E4-GAUSSIAN-T0.00,202607224004,solved,0.7215477048498435,0.7215469569642774,0.7215477048498455,7.478855681419816e-07,False,False,False
CRR-STAGEII-CONFIRM-2026-07-22,21c5b970e734ed79636df2f3882d4d85460c5efa40b88e59b9b9a3f34a25c0ff,E4,E4-GAUSSIAN-T0.00,202607224005,solved,0.8186196601451557,0.8186186949784906,0.8186196601451576,9.651666670329462e-07,False,False,False
CRR-STAGEII-CONFIRM-2026-07-22,21c5b970e734ed79636df2f3882d4d85460c5efa40b88e59b9b9a3f34a25c0ff,E4,E4-GAUSSIAN-T0.00,202607224006,solved,-1.0,-1.0,-0.9999909624755792,9.037524420829612e-06,True,True,True
CRR-STAGEII-CONFIRM-2026-07-22,21c5b970e734ed79636df2f3882d4d85460c5efa40b88e59b9b9a3f34a25c0ff,E4,E4-GAUSSIAN-T0.00,202607224007,solved,0.836215941216111,0.8362155160702484,0.8362159412161113,4.251458629589422e-07,False,False,False
CRR-STAGEII-CONFIRM-2026-07-22,21c5b970e734ed79636df2f3882d4d85460c5efa40b88e59b9b9a3f34a25c0ff,E4,E4-GAUSSIAN-T0.00,202607224008,solved,0.7217429854596717,0.7217420049222582,0.7217429854596721,9.80537413930449e-07,False,False,False
CRR-STAGEII-CONFIRM-2026-07-22,21c5b970e734ed79636df2f3882d4d85460c5efa40b88e59b9b9a3f34a25c0ff,E4,E4-GAUSSIAN-T0.00,202607224009,solved,1.0,0.999999649466486,1.0,3.5053351399305654e-07,False,False,False
CRR-STAGEII-CONFIRM-2026-07-22,21c5b970e734ed79636df2f3882d4d85460c5efa40b88e59b9b9a3f34a25c0ff,E4,E4-GAUSSIAN-T0.00,202607224010,solved,0.7475554179370962,0.747553997410602,0.7475554179370973,1.420526495321539e-06,False,False,False
CRR-STAGEII-CONFIRM-2026-07-22,21c5b970e734ed79636df2f3882d4d85460c5efa40b88e59b9b9a3f34a25c0ff,E4,E4-GAUSSIAN-T0.00,202607224011,solved,0.6496218952565842,0.6496196646108228,0.6496218952565835,2.2306457607701446e-06,False,False,False
CRR-STAGEII-CONFIRM-2026-07-22,21c5b970e734ed79636df2f3882d4d85460c5efa40b88e59b9b9a3f34a25c0ff,E4,E4-GAUSSIAN-T0.00,202607224012,solved,0.6368655088973478,0.6368645349551447,0.6368655088973476,9.739422028864908e-07,False,False,False
CRR-STAGEII-CONFIRM-2026-07-22,21c5b970e734ed79636df2f3882d4d85460c5efa40b88e59b9b9a3f34a25c0ff,E4,E4-GAUSSIAN-T0.00,202607224013,solved,0.632518088148327,0.6325153376541898,0.6325180881483279,2.7504941381151227e-06,False,False,False
CRR-STAGEII-CONFIRM-2026-07-22,21c5b970e734ed79636df2f3882d4d85460c5efa40b88e59b9b9a3f34a25c0ff,E4,E4-GAUSSIAN-T0.00,202607224014,solved,0.5464162034278504,0.5464158035229862,0.5464162034278501,3.999048638902991e-07,False,False,False
CRR-STAGEII-CONFIRM-2026-07-22,21c5b970e734ed79636df2f3882d4d85460c5efa40b88e59b9b9a3f34a25c0ff,E4,E4-GAUSSIAN-T0.00,202607224015,solved,0.7109905224629371,0.7109901341402272,0.7109905224629376,3.8832271043176547e-07,False,False,False
CRR-STAGEII-CONFIRM-2026-07-22,21c5b970e734ed79636df2f3882d4d85460c5efa40b88e59b9b9a3f34a25c0ff,E4,E4-GAUSSIAN-T0.00,202607224016,solved,0.665930848495059,0.6659098353069075,0.6659308484950597,2.1013188152174678e-05,False,False,False
CRR-STAGEII-CONFIRM-2026-07-22,21c5b970e734ed79636df2f3882d4d85460c5efa40b88e59b9b9a3f34a25c0ff,E4,E4-GAUSSIAN-T0.00,202607224017,solved,0.6077040077465532,0.6077030823015238,0.6077040077465541,9.254450302753625e-07,False,False,False
CRR-STAGEII-CONFIRM-2026-07-22,21c5b970e734ed79636df2f3882d4d85460c5efa40b88e59b9b9a3f34a25c0ff,E4,E4-GAUSSIAN-T0.00,202607224018,solved,0.8680036494390162,0.8680022004757696,0.8680036494390158,1.448963246164503e-06,False,False,False
CRR-STAGEII-CONFIRM-2026-07-22,21c5b970e734ed79636df2f3882d4d85460c5efa40b88e59b9b9a3f34a25c0ff,E4,E4-GAUSSIAN-T0.00,202607224019,solved,0.5446655064102395,0.5446650733868529,0.544665506526776,4.331399231505273e-07,False,False,False
CRR-STAGEII-CONFIRM-2026-07-22,21c5b970e734ed79636df2f3882d4d85460c5efa40b88e59b9b9a3f34a25c0ff,E4,E4-GAUSSIAN-T0.00,202607224020,solved,0.8777589607109479,0.8777584714621709,0.8777589607109478,4.892487769359022e-07,False,False,False
CRR-STAGEII-CONFIRM-2026-07-22,21c5b970e734ed79636df2f3882d4d85460c5efa40b88e59b9b9a3f34a25c0ff,E4,E4-GAUSSIAN-T0.00,202607224021,solved,0.8752862334941867,0.8752857359556666,0.875286233494187,4.975385203831451e-07,False,False,False
CRR-STAGEII-CONFIRM-2026-07-22,21c5b970e734ed79636df2f3882d4d85460c5efa40b88e59b9b9a3f34a25c0ff,E4,E4-GAUSSIAN-T0.00,202607224022,solved,0.6956512455902655,0.6956506991700355,0.6956512455902647,5.464202291749487e-07,False,False,False
CRR-STAGEII-CONFIRM-2026-07-22,21c5b970e734ed79636df2f3882d4d85460c5efa40b88e59b9b9a3f34a25c0ff,E4,E4-GAUSSIAN-T0.00,202607224023,solved,-1.0,-1.0,-0.9999980644847817,1.9355152183209157e-06,True,True,True
CRR-STAGEII-CONFIRM-2026-07-22,21c5b970e734ed79636df2f3882d4d85460c5efa40b88e59b9b9a3f34a25c0ff,E4,E4-GAUSSIAN-T0.00,202607224024,solved,0.7322345626712274,0.7322341153502071,0.7322345626712279,4.473210207800449e-07,False,False,False
CRR-STAGEII-CONFIRM-2026-07-22,21c5b970e734ed79636df2f3882d4d85460c5efa40b88e59b9b9a3f34a25c0ff,E4,E4-GAUSSIAN-T0.00,202607224025,solved,1.0,0.9999996125189599,1.0,3.874810401427453e-07,False,False,False
CRR-STAGEII-CONFIRM-2026-07-22,21c5b970e734ed79636df2f3882d4d85460c5efa40b88e59b9b9a3f34a25c0ff,E4,E4-GAUSSIAN-T0.00,202607224026,solved,-1.0,-1.0,-0.9999959214734666,4.078526533390914e-06,True,True,True
CRR-STAGEII-CONFIRM-2026-07-22,21c5b970e734ed79636df2f3882d4d85460c5efa40b88e59b9b9a3f34a25c0ff,E4,E4-GAUSSIAN-T0.00,202607224027,solved,1.0,0.9999995262824447,1.0,4.7371755529379556e-07,False,False,False
CRR-STAGEII-CONFIRM-2026-07-22,21c5b970e734ed79636df2f3882d4d85460c5efa40b88e59b9b9a3f34a25c0ff,E4,E4-GAUSSIAN-T0.00,202607224028,solved,0.42563525504660465,0.4256344257886037,0.42563525504660477,8.292580010449413e-07,False,False,False
CRR-STAGEII-CONFIRM-2026-07-22,21c5b970e734ed79636df2f3882d4d85460c5efa40b88e59b9b9a3f34a25c0ff,E4,E4-GAUSSIAN-T0.00,202607224029,solved,-1.0,-1.0,-0.9999994056935295,5.943064704805323e-07,True,True,True
CRR-STAGEII-CONFIRM-2026-07-22,21c5b970e734ed79636df2f3882d4d85460c5efa40b88e59b9b9a3f34a25c0ff,E4,E4-GAUSSIAN-T0.00,202607224030,solved,0.7377916914331646,0.7377912897429971,0.7377916914331637,4.016901665737649e-07,False,False,False
CRR-STAGEII-CONFIRM-2026-07-22,21c5b970e734ed79636df2f3882d4d85460c5efa40b88e59b9b9a3f34a25c0ff,E4,E4-GAUSSIAN-T0.00,202607224031,solved,0.8787372839806126,0.8787361685850784,0.8787372839806128,1.1153955343790045e-06,False,False,False
CRR-STAGEII-CONFIRM-2026-07-22,21c5b970e734ed79636df2f3882d4d85460c5efa40b88e59b9b9a3f34a25c0ff,E4,E4-GAUSSIAN-T0.00,202607224032,solved,0.8540381310301446,0.854037635440243,0.8540381310301444,4.95589901339244e-07,False,False,False
CRR-STAGEII-CONFIRM-2026-07-22,21c5b970e734ed79636df2f3882d4d85460c5efa40b88e59b9b9a3f34a25c0ff,E4,E4-GAUSSIAN-T0.00,202607224033,solved,0.8761052025049059,0.876104791517557,0.8761052025049055,4.109873484869908e-07,False,False,False
CRR-STAGEII-CONFIRM-2026-07-22,21c5b970e734ed79636df2f3882d4d85460c5efa40b88e59b9b9a3f34a25c0ff,E4,E4-GAUSSIAN-T0.00,202607224034,solved,0.6608335615898329,0.6608330695892756,0.6608335615898342,4.920005586273035e-07,False,False,False
CRR-STAGEII-CONFIRM-2026-07-22,21c5b970e734ed79636df2f3882d4d85460c5efa40b88e59b9b9a3f34a25c0ff,E4,E4-GAUSSIAN-T0.00,202607224035,solved,-1.0,-1.0,-0.9999974169715813,2.5830284187122743e-06,True,True,True
CRR-STAGEII-CONFIRM-2026-07-22,21c5b970e734ed79636df2f3882d4d85460c5efa40b88e59b9b9a3f34a25c0ff,E4,E4-GAUSSIAN-T0.00,202607224036,solved,0.8703609107401749,0.870360571713783,0.8703609107401754,3.3902639240412924e-07,False,False,False
CRR-STAGEII-CONFIRM-2026-07-22,21c5b970e734ed79636df2f3882d4d85460c5efa40b88e59b9b9a3f34a25c0ff,E4,E4-GAUSSIAN-T0.00,202607224037,solved,-1.0,-1.0,-0.9999994941406156,5.058593843809689e-07,True,True,True
CRR-STAGEII-CONFIRM-2026-07-22,21c5b970e734ed79636df2f3882d4d85460c5efa40b88e59b9b9a3f34a25c0ff,E4,E4-GAUSSIAN-T0.00,202607224038,solved,-1.0,-1.0,-0.9999983052967232,1.694703276822196e-06,True,True,True
CRR-STAGEII-CONFIRM-2026-07-22,21c5b970e734ed79636df2f3882d4d85460c5efa40b88e59b9b9a3f34a25c0ff,E4,E4-GAUSSIAN-T0.00,202607224039,solved,0.2792117600432229,0.2792110209522604,0.2792117629038512,7.419515907769458e-07,False,False,False
CRR-STAGEII-CONFIRM-2026-07-22,21c5b970e734ed79636df2f3882d4d85460c5efa40b88e59b9b9a3f34a25c0ff,E4,E4-GAUSSIAN-T0.00,202607224040,solved,-1.0,-1.0,-0.9999989648624406,1.0351375594463974e-06,True,True,True
CRR-STAGEII-CONFIRM-2026-07-22,21c5b970e734ed79636df2f3882d4d85460c5efa40b88e59b9b9a3f34a25c0ff,E4,E4-GAUSSIAN-T0.00,202607224041,solved,0.8926902986536731,0.8926897748195473,0.8926902986536737,5.238341264091062e-07,False,False,False
CRR-STAGEII-CONFIRM-2026-07-22,21c5b970e734ed79636df2f3882d4d85460c5efa40b88e59b9b9a3f34a25c0ff,E4,E4-GAUSSIAN-T0.00,202607224042,solved,0.4777507153493121,0.47774952957621974,0.4777507159329007,1.1863566809489079e-06,False,False,False
CRR-STAGEII-CONFIRM-2026-07-22,21c5b970e734ed79636df2f3882d4d85460c5efa40b88e59b9b9a3f34a25c0ff,E4,E4-GAUSSIAN-T0.00,202607224043,solved,0.7347723713168278,0.734771598368233,0.734772371316828,7.729485950180859e-07,False,False,False
CRR-STAGEII-CONFIRM-2026-07-22,21c5b970e734ed79636df2f3882d4d85460c5efa40b88e59b9b9a3f34a25c0ff,E4,E4-GAUSSIAN-T0.00,202607224044,solved,0.5632640563065219,0.5632634488416535,0.5632640563065225,6.074648690734819e-07,False,False,False
CRR-STAGEII-CONFIRM-2026-07-22,21c5b970e734ed79636df2f3882d4d85460c5efa40b88e59b9b9a3f34a25c0ff,E4,E4-GAUSSIAN-T0.00,202607224045,solved,0.7977743841884821,0.7977739718156567,0.7977743841884829,4.123728262195314e-07,False,False,False
CRR-STAGEII-CONFIRM-2026-07-22,21c5b970e734ed79636df2f3882d4d85460c5efa40b88e59b9b9a3f34a25c0ff,E4,E4-GAUSSIAN-T0.00,202607224046,solved,0.9720182033281297,0.9720173343868994,0.97201820332813,8.689412306361888e-07,False,False,False
CRR-STAGEII-CONFIRM-2026-07-22,21c5b970e734ed79636df2f3882d4d85460c5efa40b88e59b9b9a3f34a25c0ff,E4,E4-GAUSSIAN-T0.00,202607224047,solved,0.6905283972586693,0.6905271847751926,0.6905283972586694,1.2124834768423298e-06,False,False,False
CRR-STAGEII-CONFIRM-2026-07-22,21c5b970e734ed79636df2f3882d4d85460c5efa40b88e59b9b9a3f34a25c0ff,E4,E4-GAUSSIAN-T0.00,202607224048,solved,0.6635157605439672,0.6635151065146527,0.6635157605439679,6.540293151502397e-07,False,False,False
CRR-STAGEII-CONFIRM-2026-07-22,21c5b970e734ed79636df2f3882d4d85460c5efa40b88e59b9b9a3f34a25c0ff,E4,E4-GAUSSIAN-T0.00,202607224049,solved,-0.9129929860548056,-0.9129929860548047,-0.9129915477356998,1.4383191049294197e-06,True,True,True
CRR-STAGEII-CONFIRM-2026-07-22,21c5b970e734ed79636df2f3882d4d85460c5efa40b88e59b9b9a3f34a25c0ff,E4,E4-GAUSSIAN-T0.00,202607224050,solved,0.7889714237189911,0.7889705757354439,0.7889714237189912,8.479835472696706e-07,False,False,False
CRR-STAGEII-CONFIRM-2026-07-22,21c5b970e734ed79636df2f3882d4d85460c5efa40b88e59b9b9a3f34a25c0ff,E4,E4-GAUSSIAN-T0.00,202607224051,solved,0.8678394713196138,0.8678386817564125,0.8678394713196141,7.895632015975096e-07,False,False,False
CRR-STAGEII-CONFIRM-2026-07-22,21c5b970e734ed79636df2f3882d4d85460c5efa40b88e59b9b9a3f34a25c0ff,E4,E4-GAUSSIAN-T0.00,202607224052,solved,0.8365734606755406,0.8365727448256177,0.8365734606755408,7.158499231163518e-07,False,False,False
CRR-STAGEII-CONFIRM-2026-07-22,21c5b970e734ed79636df2f3882d4d85460c5efa40b88e59b9b9a3f34a25c0ff,E4,E4-GAUSSIAN-T0.00,202607224053,solved,0.8730523227808991,0.8730517916180699,0.8730523227808993,5.311628293869219e-07,False,False,False
CRR-STAGEII-CONFIRM-2026-07-22,21c5b970e734ed79636df2f3882d4d85460c5efa40b88e59b9b9a3f34a25c0ff,E4,E4-GAUSSIAN-T0.00,202607224054,solved,0.8433212992328578,0.8433206735081096,0.843321299232858,6.257247484597883e-07,False,False,False
CRR-STAGEII-CONFIRM-2026-07-22,21c5b970e734ed79636df2f3882d4d85460c5efa40b88e59b9b9a3f34a25c0ff,E4,E4-GAUSSIAN-T0.00,202607224055,solved,0.6210978559789764,0.6210971246060613,0.6210978559789764,7.313729151192661e-07,False,False,False
CRR-STAGEII-CONFIRM-2026-07-22,21c5b970e734ed79636df2f3882d4d85460c5efa40b88e59b9b9a3f34a25c0ff,E4,E4-GAUSSIAN-T0.00,202607224056,solved,0.23667088017938376,0.23667045472275922,0.23667089466605645,4.3994329723684444e-07,False,False,False
CRR-STAGEII-CONFIRM-2026-07-22,21c5b970e734ed79636df2f3882d4d85460c5efa40b88e59b9b9a3f34a25c0ff,E4,E4-GAUSSIAN-T0.00,202607224057,solved,0.5164876183193372,0.5164870803168613,0.5164876183193388,5.380024774570558e-07,False,False,False
CRR-STAGEII-CONFIRM-2026-07-22,21c5b970e734ed79636df2f3882d4d85460c5efa40b88e59b9b9a3f34a25c0ff,E4,E4-GAUSSIAN-T0.00,202607224058,solved,0.641782825807077,0.6417820852069427,0.6417828258070772,7.406001345522384e-07,False,False,False
CRR-STAGEII-CONFIRM-2026-07-22,21c5b970e734ed79636df2f3882d4d85460c5efa40b88e59b9b9a3f34a25c0ff,E4,E4-GAUSSIAN-T0.00,202607224059,solved,0.8145258283513341,0.8145251883194746,0.8145258283513337,6.400318590671361e-07,False,False,False
CRR-STAGEII-CONFIRM-2026-07-22,21c5b970e734ed79636df2f3882d4d85460c5efa40b88e59b9b9a3f34a25c0ff,E4,E4-GAUSSIAN-T0.00,202607224060,solved,0.564127168852034,0.5641267314103833,0.5641271688520348,4.374416515684487e-07,False,False,False
CRR-STAGEII-CONFIRM-2026-07-22,21c5b970e734ed79636df2f3882d4d85460c5efa40b88e59b9b9a3f34a25c0ff,E4,E4-GAUSSIAN-T0.00,202607224061,solved,1.0,0.9999992958756669,1.0,7.04124333061884e-07,False,False,False
CRR-STAGEII-CONFIRM-2026-07-22,21c5b970e734ed79636df2f3882d4d85460c5efa40b88e59b9b9a3f34a25c0ff,E4,E4-GAUSSIAN-T0.00,202607224062,solved,0.7149699942343581,0.7149690943100362,0.7149699942343581,8.999243219509623e-07,False,False,False
CRR-STAGEII-CONFIRM-2026-07-22,21c5b970e734ed79636df2f3882d4d85460c5efa40b88e59b9b9a3f34a25c0ff,E4,E4-GAUSSIAN-T0.00,202607224063,solved,0.8598255978426854,0.8598251218155563,0.8598255978426859,4.7602712960337357e-07,False,False,False
CRR-STAGEII-CONFIRM-2026-07-22,21c5b970e734ed79636df2f3882d4d85460c5efa40b88e59b9b9a3f34a25c0ff,E4,E4-GAUSSIAN-T0.00,202607224064,solved,0.5465605915233607,0.5465584177965751,0.5465605915233609,2.173726785792418e-06,False,False,False
CRR-STAGEII-CONFIRM-2026-07-22,21c5b970e734ed79636df2f3882d4d85460c5efa40b88e59b9b9a3f34a25c0ff,E4,E4-GAUSSIAN-T0.25,202607224001,solved,0.3946257588812696,0.39460585647560914,0.39462575888126883,1.9902405659688593e-05,False,False,False
CRR-STAGEII-CONFIRM-2026-07-22,21c5b970e734ed79636df2f3882d4d85460c5efa40b88e59b9b9a3f34a25c0ff,E4,E4-GAUSSIAN-T0.25,202607224002,solved,0.6685877273970893,0.6685872162091164,0.6685877273970904,5.111879739505554e-07,False,False,False
CRR-STAGEII-CONFIRM-2026-07-22,21c5b970e734ed79636df2f3882d4d85460c5efa40b88e59b9b9a3f34a25c0ff,E4,E4-GAUSSIAN-T0.25,202607224003,solved,0.5642208715211032,0.5642206024113279,0.5642208715211028,2.6910977490857135e-07,False,False,False
CRR-STAGEII-CONFIRM-2026-07-22,21c5b970e734ed79636df2f3882d4d85460c5efa40b88e59b9b9a3f34a25c0ff,E4,E4-GAUSSIAN-T0.25,202607224004,solved,-1.0,-1.0,-0.9999987080095758,1.2919904242014724e-06,True,True,True
CRR-STAGEII-CONFIRM-2026-07-22,21c5b970e734ed79636df2f3882d4d85460c5efa40b88e59b9b9a3f34a25c0ff,E4,E4-GAUSSIAN-T0.25,202607224005,solved,-1.0,-1.0,-0.9999982117052557,1.7882947442871e-06,True,True,True
CRR-STAGEII-CONFIRM-2026-07-22,21c5b970e734ed79636df2f3882d4d85460c5efa40b88e59b9b9a3f34a25c0ff,E4,E4-GAUSSIAN-T0.25,202607224006,solved,0.43471400009496275,0.434712951825995,0.4347140000949631,1.048268968073529e-06,False,False,False
CRR-STAGEII-CONFIRM-2026-07-22,21c5b970e734ed79636df2f3882d4d85460c5efa40b88e59b9b9a3f34a25c0ff,E4,E4-GAUSSIAN-T0.25,202607224007,solved,0.5946362259449396,0.5946354361078998,0.5946362259449407,7.898370408820909e-07,False,False,False
CRR-STAGEII-CONFIRM-2026-07-22,21c5b970e734ed79636df2f3882d4d85460c5efa40b88e59b9b9a3f34a25c0ff,E4,E4-GAUSSIAN-T0.25,202607224008,solved,0.6517574767335355,0.6517554960035224,0.6517574767335366,1.980730014117249e-06,False,False,False
CRR-STAGEII-CONFIRM-2026-07-22,21c5b970e734ed79636df2f3882d4d85460c5efa40b88e59b9b9a3f34a25c0ff,E4,E4-GAUSSIAN-T0.25,202607224009,solved,0.8090118596337211,0.8090000240076911,0.8090118596337215,1.1835626030354263e-05,False,False,False
CRR-STAGEII-CONFIRM-2026-07-22,21c5b970e734ed79636df2f3882d4d85460c5efa40b88e59b9b9a3f34a25c0ff,E4,E4-GAUSSIAN-T0.25,202607224010,solved,0.3803518059124045,0.3803509111315899,0.3803518059124037,8.947808137760305e-07,False,False,False
CRR-STAGEII-CONFIRM-2026-07-22,21c5b970e734ed79636df2f3882d4d85460c5efa40b88e59b9b9a3f34a25c0ff,E4,E4-GAUSSIAN-T0.25,202607224011,solved,0.9704590437910652,0.9704586131417751,0.9704590437910667,4.3064929167169197e-07,False,False,False
CRR-STAGEII-CONFIRM-2026-07-22,21c5b970e734ed79636df2f3882d4d85460c5efa40b88e59b9b9a3f34a25c0ff,E4,E4-GAUSSIAN-T0.25,202607224012,solved,0.2313484907577925,0.23134700155981663,0.2313484933333062,1.4917734895703028e-06,False,False,False
CRR-STAGEII-CONFIRM-2026-07-22,21c5b970e734ed79636df2f3882d4d85460c5efa40b88e59b9b9a3f34a25c0ff,E4,E4-GAUSSIAN-T0.25,202607224013,solved,0.7290872428629593,0.7290867398786972,0.7290872428629588,5.029842615744684e-07,False,False,False
CRR-STAGEII-CONFIRM-2026-07-22,21c5b970e734ed79636df2f3882d4d85460c5efa40b88e59b9b9a3f34a25c0ff,E4,E4-GAUSSIAN-T0.25,202607224014,solved,-1.0,-1.0,-0.9999972127587795,2.7872412204921204e-06,True,True,True
CRR-STAGEII-CONFIRM-2026-07-22,21c5b970e734ed79636df2f3882d4d85460c5efa40b88e59b9b9a3f34a25c0ff,E4,E4-GAUSSIAN-T0.25,202607224015,solved,0.6282893397690912,0.6282888622801275,0.6282893397690915,4.774889640346558e-07,False,False,False
CRR-STAGEII-CONFIRM-2026-07-22,21c5b970e734ed79636df2f3882d4d85460c5efa40b88e59b9b9a3f34a25c0ff,E4,E4-GAUSSIAN-T0.25,202607224016,solved,0.16086440313762895,0.1608631008051693,0.16086440591995993,1.3051147906284477e-06,False,False,False
CRR-STAGEII-CONFIRM-2026-07-22,21c5b970e734ed79636df2f3882d4d85460c5efa40b88e59b9b9a3f34a25c0ff,E4,E4-GAUSSIAN-T0.25,202607224017,solved,-1.0,-1.0,-0.9999975555222178,2.444477782193033e-06,True,True,True
CRR-STAGEII-CONFIRM-2026-07-22,21c5b970e734ed79636df2f3882d4d85460c5efa40b88e59b9b9a3f34a25c0ff,E4,E4-GAUSSIAN-T0.25,202607224018,solved,0.6057487381018689,0.6057482635259583,0.6057487381018689,4.745759105695413e-07,False,False,False
CRR-STAGEII-CONFIRM-2026-07-22,21c5b970e734ed79636df2f3882d4d85460c5efa40b88e59b9b9a3f34a25c0ff,E4,E4-GAUSSIAN-T0.25,202607224019,solved,-1.0,-1.0,-0.9999883510790784,1.1648920921647488e-05,True,True,True
CRR-STAGEII-CONFIRM-2026-07-22,21c5b970e734ed79636df2f3882d4d85460c5efa40b88e59b9b9a3f34a25c0ff,E4,E4-GAUSSIAN-T0.25,202607224020,solved,-1.0,-1.0,-0.9999921862808183,7.813719181681833e-06,True,True,True
CRR-STAGEII-CONFIRM-2026-07-22,21c5b970e734ed79636df2f3882d4d85460c5efa40b88e59b9b9a3f34a25c0ff,E4,E4-GAUSSIAN-T0.25,202607224021,solved,0.7076132016507535,0.7076125288222699,0.7076132016507537,6.728284838164456e-07,False,False,False
CRR-STAGEII-CONFIRM-2026-07-22,21c5b970e734ed79636df2f3882d4d85460c5efa40b88e59b9b9a3f34a25c0ff,E4,E4-GAUSSIAN-T0.25,202607224022,solved,0.5368421621289534,0.535337394424062,0.5368421621289527,0.0015047677048907193,False,False,False
CRR-STAGEII-CONFIRM-2026-07-22,21c5b970e734ed79636df2f3882d4d85460c5efa40b88e59b9b9a3f34a25c0ff,E4,E4-GAUSSIAN-T0.25,202607224023,solved,0.8131076445381449,0.8131066281390956,0.8131076445381442,1.016399048592298e-06,False,False,False
CRR-STAGEII-CONFIRM-2026-07-22,21c5b970e734ed79636df2f3882d4d85460c5efa40b88e59b9b9a3f34a25c0ff,E4,E4-GAUSSIAN-T0.25,202607224024,solved,0.482166784090019,0.4821660549868758,0.48216678409002045,7.291031446365892e-07,False,False,False
CRR-STAGEII-CONFIRM-2026-07-22,21c5b970e734ed79636df2f3882d4d85460c5efa40b88e59b9b9a3f34a25c0ff,E4,E4-GAUSSIAN-T0.25,202607224025,solved,0.3744048076502562,0.37440342808374605,0.37440480765025774,1.3795665116944633e-06,False,False,False
CRR-STAGEII-CONFIRM-2026-07-22,21c5b970e734ed79636df2f3882d4d85460c5efa40b88e59b9b9a3f34a25c0ff,E4,E4-GAUSSIAN-T0.25,202607224026,solved,0.21081754263642405,0.2108166642415098,0.21081754263642383,8.78394914027858e-07,False,False,False
CRR-STAGEII-CONFIRM-2026-07-22,21c5b970e734ed79636df2f3882d4d85460c5efa40b88e59b9b9a3f34a25c0ff,E4,E4-GAUSSIAN-T0.25,202607224027,solved,0.6117329247948902,0.6117320830093511,0.6117329247948904,8.417855392739426e-07,False,False,False
CRR-STAGEII-CONFIRM-2026-07-22,21c5b970e734ed79636df2f3882d4d85460c5efa40b88e59b9b9a3f34a25c0ff,E4,E4-GAUSSIAN-T0.25,202607224028,solved,0.4059021520287782,0.40590003413552433,0.4059021520287791,2.11789325477163e-06,False,False,False
CRR-STAGEII-CONFIRM-2026-07-22,21c5b970e734ed79636df2f3882d4d85460c5efa40b88e59b9b9a3f34a25c0ff,E4,E4-GAUSSIAN-T0.25,202607224029,solved,0.8071112330195038,0.8071102348892073,0.807111233019504,9.98130296747668e-07,False,False,False
CRR-STAGEII-CONFIRM-2026-07-22,21c5b970e734ed79636df2f3882d4d85460c5efa40b88e59b9b9a3f34a25c0ff,E4,E4-GAUSSIAN-T0.25,202607224030,solved,0.5015142660962069,0.5015133797819545,0.5015142660962073,8.863142527681944e-07,False,False,False
CRR-STAGEII-CONFIRM-2026-07-22,21c5b970e734ed79636df2f3882d4d85460c5efa40b88e59b9b9a3f34a25c0ff,E4,E4-GAUSSIAN-T0.25,202607224031,solved,0.25007145369576755,0.2500705095069988,0.2500714536957662,9.441887674488392e-07,False,False,False
CRR-STAGEII-CONFIRM-2026-07-22,21c5b970e734ed79636df2f3882d4d85460c5efa40b88e59b9b9a3f34a25c0ff,E4,E4-GAUSSIAN-T0.25,202607224032,solved,0.5634244351703559,0.5634224520149993,0.5634244351703561,1.9831553568216975e-06,False,False,False
CRR-STAGEII-CONFIRM-2026-07-22,21c5b970e734ed79636df2f3882d4d85460c5efa40b88e59b9b9a3f34a25c0ff,E4,E4-GAUSSIAN-T0.25,202607224033,solved,0.5161009676517001,0.5161003961871886,0.5161009676517008,5.714645121557282e-07,False,False,False
CRR-STAGEII-CONFIRM-2026-07-22,21c5b970e734ed79636df2f3882d4d85460c5efa40b88e59b9b9a3f34a25c0ff,E4,E4-GAUSSIAN-T0.25,202607224034,solved,0.3994052509605881,0.3994046728076599,0.3994052523466576,5.795389976803733e-07,False,False,False
CRR-STAGEII-CONFIRM-2026-07-22,21c5b970e734ed79636df2f3882d4d85460c5efa40b88e59b9b9a3f34a25c0ff,E4,E4-GAUSSIAN-T0.25,202607224035,solved,0.8730144831431113,0.8730128040804098,0.8730144831431119,1.6790627020979443e-06,False,False,False
CRR-STAGEII-CONFIRM-2026-07-22,21c5b970e734ed79636df2f3882d4d85460c5efa40b88e59b9b9a3f34a25c0ff,E4,E4-GAUSSIAN-T0.25,202607224036,solved,0.5254069027535336,0.5254058874843979,0.5254069027535335,1.0152691356513088e-06,False,False,False
CRR-STAGEII-CONFIRM-2026-07-22,21c5b970e734ed79636df2f3882d4d85460c5efa40b88e59b9b9a3f34a25c0ff,E4,E4-GAUSSIAN-T0.25,202607224037,solved,0.5607378664789262,0.5607374237125466,0.5607378664789255,4.4276637889417714e-07,False,False,False
CRR-STAGEII-CONFIRM-2026-07-22,21c5b970e734ed79636df2f3882d4d85460c5efa40b88e59b9b9a3f34a25c0ff,E4,E4-GAUSSIAN-T0.25,202607224038,solved,0.4440257204732785,0.4440248484459753,0.44402572047327793,8.720273026452396e-07,False,False,False
CRR-STAGEII-CONFIRM-2026-07-22,21c5b970e734ed79636df2f3882d4d85460c5efa40b88e59b9b9a3f34a25c0ff,E4,E4-GAUSSIAN-T0.25,202607224039,solved,0.35481819910874646,0.3548160304269306,0.3548181991087455,2.1686818149069254e-06,False,False,False
CRR-STAGEII-CONFIRM-2026-07-22,21c5b970e734ed79636df2f3882d4d85460c5efa40b88e59b9b9a3f34a25c0ff,E4,E4-GAUSSIAN-T0.25,202607224040,solved,0.5970617387460795,0.5970605249420942,0.5970617387460806,1.2138039864328931e-06,False,False,False
CRR-STAGEII-CONFIRM-2026-07-22,21c5b970e734ed79636df2f3882d4d85460c5efa40b88e59b9b9a3f34a25c0ff,E4,E4-GAUSSIAN-T0.25,202607224041,solved,0.9590956693733597,0.9590952805962453,0.9590956693733603,3.8877711505680423e-07,False,False,False
CRR-STAGEII-CONFIRM-2026-07-22,21c5b970e734ed79636df2f3882d4d85460c5efa40b88e59b9b9a3f34a25c0ff,E4,E4-GAUSSIAN-T0.25,202607224042,solved,-1.0,-1.0,-0.9999988266780957,1.1733219043019716e-06,True,True,True
CRR-STAGEII-CONFIRM-2026-07-22,21c5b970e734ed79636df2f3882d4d85460c5efa40b88e59b9b9a3f34a25c0ff,E4,E4-GAUSSIAN-T0.25,202607224043,solved,0.5902559257961288,0.5902544539455736,0.5902559257961291,1.4718505554345285e-06,False,False,False
CRR-STAGEII-CONFIRM-2026-07-22,21c5b970e734ed79636df2f3882d4d85460c5efa40b88e59b9b9a3f34a25c0ff,E4,E4-GAUSSIAN-T0.25,202607224044,solved,-1.0,-1.0,-0.9999974082934193,2.5917065806790873e-06,True,True,True
CRR-STAGEII-CONFIRM-2026-07-22,21c5b970e734ed79636df2f3882d4d85460c5efa40b88e59b9b9a3f34a25c0ff,E4,E4-GAUSSIAN-T0.25,202607224045,solved,-1.0,-1.0,-0.9999989380097152,1.0619902848230112e-06,True,True,True
CRR-STAGEII-CONFIRM-2026-07-22,21c5b970e734ed79636df2f3882d4d85460c5efa40b88e59b9b9a3f34a25c0ff,E4,E4-GAUSSIAN-T0.25,202607224046,solved,0.41421364446342834,0.41421222866927154,0.4142136444634283,1.4157941567449761e-06,False,False,False
CRR-STAGEII-CONFIRM-2026-07-22,21c5b970e734ed79636df2f3882d4d85460c5efa40b88e59b9b9a3f34a25c0ff,E4,E4-GAUSSIAN-T0.25,202607224047,solved,0.5779135819705477,0.5779125414989147,0.577913581970547,1.0404716322964802e-06,False,False,False
CRR-STAGEII-CONFIRM-2026-07-22,21c5b970e734ed79636df2f3882d4d85460c5efa40b88e59b9b9a3f34a25c0ff,E4,E4-GAUSSIAN-T0.25,202607224048,solved,0.5583064177620483,0.5583044360060805,0.5583064177620485,1.9817559679946584e-06,False,False,False
CRR-STAGEII-CONFIRM-2026-07-22,21c5b970e734ed79636df2f3882d4d85460c5efa40b88e59b9b9a3f34a25c0ff,E4,E4-GAUSSIAN-T0.25,202607224049,solved,0.6593449915836889,0.6593403957001797,0.659344991583689,4.595883509317389e-06,False,False,False
CRR-STAGEII-CONFIRM-2026-07-22,21c5b970e734ed79636df2f3882d4d85460c5efa40b88e59b9b9a3f34a25c0ff,E4,E4-GAUSSIAN-T0.25,202607224050,solved,0.4546550883380702,0.4546355788350027,0.4546550883380701,1.9509503067394185e-05,False,False,False
CRR-STAGEII-CONFIRM-2026-07-22,21c5b970e734ed79636df2f3882d4d85460c5efa40b88e59b9b9a3f34a25c0ff,E4,E4-GAUSSIAN-T0.25,202607224051,solved,0.7211177009995233,0.7211159401620191,0.7211177009995233,1.7608375042499347e-06,False,False,False
CRR-STAGEII-CONFIRM-2026-07-22,21c5b970e734ed79636df2f3882d4d85460c5efa40b88e59b9b9a3f34a25c0ff,E4,E4-GAUSSIAN-T0.25,202607224052,solved,0.36049013606415503,0.36048709613985364,0.360490136064156,3.0399243023393474e-06,False,False,False
CRR-STAGEII-CONFIRM-2026-07-22,21c5b970e734ed79636df2f3882d4d85460c5efa40b88e59b9b9a3f34a25c0ff,E4,E4-GAUSSIAN-T0.25,202607224053,solved,0.5540933076072188,0.5540774328293021,0.5540933076072172,1.587477791509251e-05,False,False,False
CRR-STAGEII-CONFIRM-2026-07-22,21c5b970e734ed79636df2f3882d4d85460c5efa40b88e59b9b9a3f34a25c0ff,E4,E4-GAUSSIAN-T0.25,202607224054,solved,0.11650943747278908,0.11650824899628515,0.11650943747278947,1.1884765043213008e-06,False,False,False
CRR-STAGEII-CONFIRM-2026-07-22,21c5b970e734ed79636df2f3882d4d85460c5efa40b88e59b9b9a3f34a25c0ff,E4,E4-GAUSSIAN-T0.25,202607224055,solved,-1.0,-1.0,-0.9999989041905919,1.0958094081026104e-06,True,True,True
CRR-STAGEII-CONFIRM-2026-07-22,21c5b970e734ed79636df2f3882d4d85460c5efa40b88e59b9b9a3f34a25c0ff,E4,E4-GAUSSIAN-T0.25,202607224056,solved,-1.0,-1.0,-0.9999756754253366,2.432457466339244e-05,True,True,True
CRR-STAGEII-CONFIRM-2026-07-22,21c5b970e734ed79636df2f3882d4d85460c5efa40b88e59b9b9a3f34a25c0ff,E4,E4-GAUSSIAN-T0.25,202607224057,solved,0.8306793684964766,0.8306785437316714,0.8306793684964774,8.247648060066837e-07,False,False,False
CRR-STAGEII-CONFIRM-2026-07-22,21c5b970e734ed79636df2f3882d4d85460c5efa40b88e59b9b9a3f34a25c0ff,E4,E4-GAUSSIAN-T0.25,202607224058,solved,0.6560249289128511,0.6560243792135143,0.656024928912851,5.49699336716003e-07,False,False,False
CRR-STAGEII-CONFIRM-2026-07-22,21c5b970e734ed79636df2f3882d4d85460c5efa40b88e59b9b9a3f34a25c0ff,E4,E4-GAUSSIAN-T0.25,202607224059,solved,0.35766098846409355,0.35766015024824394,0.35766098846409355,8.382158496189618e-07,False,False,False
CRR-STAGEII-CONFIRM-2026-07-22,21c5b970e734ed79636df2f3882d4d85460c5efa40b88e59b9b9a3f34a25c0ff,E4,E4-GAUSSIAN-T0.25,202607224060,solved,0.41627562550631403,0.41614612125210115,0.41627562550631525,0.00012950425421409673,False,False,False
CRR-STAGEII-CONFIRM-2026-07-22,21c5b970e734ed79636df2f3882d4d85460c5efa40b88e59b9b9a3f34a25c0ff,E4,E4-GAUSSIAN-T0.25,202607224061,solved,0.44987637386177304,0.4498616549833062,0.4498763738617732,1.4718878466990493e-05,False,False,False
CRR-STAGEII-CONFIRM-2026-07-22,21c5b970e734ed79636df2f3882d4d85460c5efa40b88e59b9b9a3f34a25c0ff,E4,E4-GAUSSIAN-T0.25,202607224062,solved,-1.0,-1.0,-0.9999976463390592,2.353660940812574e-06,True,True,True
CRR-STAGEII-CONFIRM-2026-07-22,21c5b970e734ed79636df2f3882d4d85460c5efa40b88e59b9b9a3f34a25c0ff,E4,E4-GAUSSIAN-T0.25,202607224063,solved,0.7296782755574762,0.7296726506466324,0.7296782755574761,5.624910843660125e-06,False,False,False
CRR-STAGEII-CONFIRM-2026-07-22,21c5b970e734ed79636df2f3882d4d85460c5efa40b88e59b9b9a3f34a25c0ff,E4,E4-GAUSSIAN-T0.25,202607224064,solved,0.2037711283191903,0.2037674911098919,0.2037711292267222,3.63811683029569e-06,False,False,False
CRR-STAGEII-CONFIRM-2026-07-22,21c5b970e734ed79636df2f3882d4d85460c5efa40b88e59b9b9a3f34a25c0ff,E4,E4-GAUSSIAN-T0.50,202607224001,solved,-0.04125919994830113,-0.041262116437005725,-0.04125919994830163,2.9164887040966647e-06,True,True,True
CRR-STAGEII-CONFIRM-2026-07-22,21c5b970e734ed79636df2f3882d4d85460c5efa40b88e59b9b9a3f34a25c0ff,E4,E4-GAUSSIAN-T0.50,202607224002,solved,0.2480100848667286,0.24800941060062393,0.24801008486672999,6.742661060599175e-07,False,False,False
CRR-STAGEII-CONFIRM-2026-07-22,21c5b970e734ed79636df2f3882d4d85460c5efa40b88e59b9b9a3f34a25c0ff,E4,E4-GAUSSIAN-T0.50,202607224003,solved,0.6421441209859122,0.6421437850001461,0.6421441209859128,3.3598576665294644e-07,False,False,False
CRR-STAGEII-CONFIRM-2026-07-22,21c5b970e734ed79636df2f3882d4d85460c5efa40b88e59b9b9a3f34a25c0ff,E4,E4-GAUSSIAN-T0.50,202607224004,solved,-1.0,-1.0,-0.999996718904947,3.2810950529871263e-06,True,True,True
CRR-STAGEII-CONFIRM-2026-07-22,21c5b970e734ed79636df2f3882d4d85460c5efa40b88e59b9b9a3f34a25c0ff,E4,E4-GAUSSIAN-T0.50,202607224005,solved,-1.0,-1.0,-0.9999896215984456,1.0378401554378414e-05,True,True,True
CRR-STAGEII-CONFIRM-2026-07-22,21c5b970e734ed79636df2f3882d4d85460c5efa40b88e59b9b9a3f34a25c0ff,E4,E4-GAUSSIAN-T0.50,202607224006,solved,-0.02065459959857563,-0.02065559995202637,-0.020654599598575296,1.0003534510749645e-06,True,True,True
CRR-STAGEII-CONFIRM-2026-07-22,21c5b970e734ed79636df2f3882d4d85460c5efa40b88e59b9b9a3f34a25c0ff,E4,E4-GAUSSIAN-T0.50,202607224007,solved,0.3994477598771591,0.39944684926993135,0.3994477598771588,9.106072274556176e-07,False,False,False
CRR-STAGEII-CONFIRM-2026-07-22,21c5b970e734ed79636df2f3882d4d85460c5efa40b88e59b9b9a3f34a25c0ff,E4,E4-GAUSSIAN-T0.50,202607224008,solved,0.6914954255530976,0.6914939027441563,0.6914954255530981,1.522808941722964e-06,False,False,False
CRR-STAGEII-CONFIRM-2026-07-22,21c5b970e734ed79636df2f3882d4d85460c5efa40b88e59b9b9a3f34a25c0ff,E4,E4-GAUSSIAN-T0.50,202607224009,solved,0.6350556962241127,0.6350495928051236,0.635055696224115,6.103418991321163e-06,False,False,False
CRR-STAGEII-CONFIRM-2026-07-22,21c5b970e734ed79636df2f3882d4d85460c5efa40b88e59b9b9a3f34a25c0ff,E4,E4-GAUSSIAN-T0.50,202607224010,solved,0.0295393934646051,0.029538493118607234,0.029539393464604324,9.003459970902128e-07,False,False,False
CRR-STAGEII-CONFIRM-2026-07-22,21c5b970e734ed79636df2f3882d4d85460c5efa40b88e59b9b9a3f34a25c0ff,E4,E4-GAUSSIAN-T0.50,202607224011,solved,1.0,0.99999947186824,1.0,5.281317599914459e-07,False,False,False
CRR-STAGEII-CONFIRM-2026-07-22,21c5b970e734ed79636df2f3882d4d85460c5efa40b88e59b9b9a3f34a25c0ff,E4,E4-GAUSSIAN-T0.50,202607224012,solved,0.04522166853530052,0.04522033442463108,0.045221668823532346,1.334398901264855e-06,False,False,False
CRR-STAGEII-CONFIRM-2026-07-22,21c5b970e734ed79636df2f3882d4d85460c5efa40b88e59b9b9a3f34a25c0ff,E4,E4-GAUSSIAN-T0.50,202607224013,solved,0.583605343998683,0.5836047633950925,0.5836053439986832,5.80603590760731e-07,False,False,False
CRR-STAGEII-CONFIRM-2026-07-22,21c5b970e734ed79636df2f3882d4d85460c5efa40b88e59b9b9a3f34a25c0ff,E4,E4-GAUSSIAN-T0.50,202607224014,solved,-1.0,-1.0,-0.9999856408340979,1.4359165902089188e-05,True,True,True
CRR-STAGEII-CONFIRM-2026-07-22,21c5b970e734ed79636df2f3882d4d85460c5efa40b88e59b9b9a3f34a25c0ff,E4,E4-GAUSSIAN-T0.50,202607224015,solved,0.202012462276767,0.20201184159962088,0.20201246227676622,6.206771453465265e-07,False,False,False
CRR-STAGEII-CONFIRM-2026-07-22,21c5b970e734ed79636df2f3882d4d85460c5efa40b88e59b9b9a3f34a25c0ff,E4,E4-GAUSSIAN-T0.50,202607224016,solved,-0.13658633875589637,-0.13658743645334315,-0.13658633868982284,1.0977635203079927e-06,True,True,True
CRR-STAGEII-CONFIRM-2026-07-22,21c5b970e734ed79636df2f3882d4d85460c5efa40b88e59b9b9a3f34a25c0ff,E4,E4-GAUSSIAN-T0.50,202607224017,solved,-1.0,-1.0,-0.9999376772017052,6.232279829476717e-05,True,True,True
CRR-STAGEII-CONFIRM-2026-07-22,21c5b970e734ed79636df2f3882d4d85460c5efa40b88e59b9b9a3f34a25c0ff,E4,E4-GAUSSIAN-T0.50,202607224018,solved,0.5392829368865162,0.5392823416053601,0.5392829368865154,5.952811552578652e-07,False,False,False
CRR-STAGEII-CONFIRM-2026-07-22,21c5b970e734ed79636df2f3882d4d85460c5efa40b88e59b9b9a3f34a25c0ff,E4,E4-GAUSSIAN-T0.50,202607224019,solved,-0.3416534262520827,-0.3416826003139251,-0.34165342560944073,2.917470448438042e-05,True,True,True
CRR-STAGEII-CONFIRM-2026-07-22,21c5b970e734ed79636df2f3882d4d85460c5efa40b88e59b9b9a3f34a25c0ff,E4,E4-GAUSSIAN-T0.50,202607224020,solved,0.6416417059022759,0.6416356857902342,0.6416417059022759,6.020112041649206e-06,False,False,False
CRR-STAGEII-CONFIRM-2026-07-22,21c5b970e734ed79636df2f3882d4d85460c5efa40b88e59b9b9a3f34a25c0ff,E4,E4-GAUSSIAN-T0.50,202607224021,solved,0.5573003648727429,0.5572995333932719,0.5573003648727433,8.314794713859541e-07,False,False,False
CRR-STAGEII-CONFIRM-2026-07-22,21c5b970e734ed79636df2f3882d4d85460c5efa40b88e59b9b9a3f34a25c0ff,E4,E4-GAUSSIAN-T0.50,202607224022,solved,0.09266647356954216,0.09266305110169132,0.09266647356954194,3.4224678506222794e-06,False,False,False
CRR-STAGEII-CONFIRM-2026-07-22,21c5b970e734ed79636df2f3882d4d85460c5efa40b88e59b9b9a3f34a25c0ff,E4,E4-GAUSSIAN-T0.50,202607224023,solved,0.8967389382568336,0.8967380338198151,0.8967389382568334,9.04437018278692e-07,False,False,False
CRR-STAGEII-CONFIRM-2026-07-22,21c5b970e734ed79636df2f3882d4d85460c5efa40b88e59b9b9a3f34a25c0ff,E4,E4-GAUSSIAN-T0.50,202607224024,solved,0.06285997674244248,0.06285917994464257,0.06285997674244026,7.967977976863772e-07,False,False,False
CRR-STAGEII-CONFIRM-2026-07-22,21c5b970e734ed79636df2f3882d4d85460c5efa40b88e59b9b9a3f34a25c0ff,E4,E4-GAUSSIAN-T0.50,202607224025,solved,0.22251578663455174,0.2225140644117205,0.22251578663455035,1.722222829847464e-06,False,False,False
CRR-STAGEII-CONFIRM-2026-07-22,21c5b970e734ed79636df2f3882d4d85460c5efa40b88e59b9b9a3f34a25c0ff,E4,E4-GAUSSIAN-T0.50,202607224026,solved,-0.044459782390098734,-0.04446070903339422,-0.04445978239009807,9.266432961507753e-07,True,True,True
CRR-STAGEII-CONFIRM-2026-07-22,21c5b970e734ed79636df2f3882d4d85460c5efa40b88e59b9b9a3f34a25c0ff,E4,E4-GAUSSIAN-T0.50,202607224027,solved,0.12973774844383062,0.12973676257722533,0.12973774844383085,9.858666055184706e-07,False,False,False
CRR-STAGEII-CONFIRM-2026-07-22,21c5b970e734ed79636df2f3882d4d85460c5efa40b88e59b9b9a3f34a25c0ff,E4,E4-GAUSSIAN-T0.50,202607224028,solved,0.2191542014840011,0.2191529230802372,0.21915420148400178,1.278403764570779e-06,False,False,False
CRR-STAGEII-CONFIRM-2026-07-22,21c5b970e734ed79636df2f3882d4d85460c5efa40b88e59b9b9a3f34a25c0ff,E4,E4-GAUSSIAN-T0.50,202607224029,solved,0.709832678472806,0.7098318421349009,0.7098326784728061,8.363379051523623e-07,False,False,False
CRR-STAGEII-CONFIRM-2026-07-22,21c5b970e734ed79636df2f3882d4d85460c5efa40b88e59b9b9a3f34a25c0ff,E4,E4-GAUSSIAN-T0.50,202607224030,solved,0.2846989886973623,0.2846978933353193,0.28469898869736193,1.0953620426246147e-06,False,False,False
CRR-STAGEII-CONFIRM-2026-07-22,21c5b970e734ed79636df2f3882d4d85460c5efa40b88e59b9b9a3f34a25c0ff,E4,E4-GAUSSIAN-T0.50,202607224031,solved,-0.047220403384378384,-0.04722153905975923,-0.047220403384377774,1.135675381458423e-06,True,True,True
CRR-STAGEII-CONFIRM-2026-07-22,21c5b970e734ed79636df2f3882d4d85460c5efa40b88e59b9b9a3f34a25c0ff,E4,E4-GAUSSIAN-T0.50,202607224032,solved,0.32403038028519915,0.32402866439493716,0.32403038028520004,1.7158902628766626e-06,False,False,False
CRR-STAGEII-CONFIRM-2026-07-22,21c5b970e734ed79636df2f3882d4d85460c5efa40b88e59b9b9a3f34a25c0ff,E4,E4-GAUSSIAN-T0.50,202607224033,solved,0.31041775499291213,0.31041705757287474,0.31041775499291147,6.974200367215744e-07,False,False,False
CRR-STAGEII-CONFIRM-2026-07-22,21c5b970e734ed79636df2f3882d4d85460c5efa40b88e59b9b9a3f34a25c0ff,E4,E4-GAUSSIAN-T0.50,202607224034,solved,-0.17648549170355388,-0.17648621578073287,-0.17648549170355293,7.240771799366108e-07,True,True,True
CRR-STAGEII-CONFIRM-2026-07-22,21c5b970e734ed79636df2f3882d4d85460c5efa40b88e59b9b9a3f34a25c0ff,E4,E4-GAUSSIAN-T0.50,202607224035,solved,0.8903732855920041,0.8903720139264892,0.8903732855920056,1.27166551633362e-06,False,False,False
CRR-STAGEII-CONFIRM-2026-07-22,21c5b970e734ed79636df2f3882d4d85460c5efa40b88e59b9b9a3f34a25c0ff,E4,E4-GAUSSIAN-T0.50,202607224036,solved,0.20446361772492128,0.20446239535773802,0.20446361772492377,1.2223671857491958e-06,False,False,False
CRR-STAGEII-CONFIRM-2026-07-22,21c5b970e734ed79636df2f3882d4d85460c5efa40b88e59b9b9a3f34a25c0ff,E4,E4-GAUSSIAN-T0.50,202607224037,solved,0.4832869939795854,0.4832865332295005,0.48328699397958513,4.6075008464097067e-07,False,False,False
CRR-STAGEII-CONFIRM-2026-07-22,21c5b970e734ed79636df2f3882d4d85460c5efa40b88e59b9b9a3f34a25c0ff,E4,E4-GAUSSIAN-T0.50,202607224038,solved,0.22572255147199827,0.2257216846640755,0.22572255147199877,8.668079232720949e-07,False,False,False
CRR-STAGEII-CONFIRM-2026-07-22,21c5b970e734ed79636df2f3882d4d85460c5efa40b88e59b9b9a3f34a25c0ff,E4,E4-GAUSSIAN-T0.50,202607224039,solved,0.015830297637618562,0.015828763172632765,0.01583029763761823,1.534464985464279e-06,False,False,False
CRR-STAGEII-CONFIRM-2026-07-22,21c5b970e734ed79636df2f3882d4d85460c5efa40b88e59b9b9a3f34a25c0ff,E4,E4-GAUSSIAN-T0.50,202607224040,solved,0.5155081636363521,0.5155071563998544,0.5155081636363514,1.0072364969859748e-06,False,False,False
CRR-STAGEII-CONFIRM-2026-07-22,21c5b970e734ed79636df2f3882d4d85460c5efa40b88e59b9b9a3f34a25c0ff,E4,E4-GAUSSIAN-T0.50,202607224041,solved,0.8557629096349625,0.8557624344375142,0.855762909634963,4.7519744883484094e-07,False,False,False
CRR-STAGEII-CONFIRM-2026-07-22,21c5b970e734ed79636df2f3882d4d85460c5efa40b88e59b9b9a3f34a25c0ff,E4,E4-GAUSSIAN-T0.50,202607224042,solved,-1.0,-1.0,-0.9999957341462842,4.265853715823553e-06,True,True,True
CRR-STAGEII-CONFIRM-2026-07-22,21c5b970e734ed79636df2f3882d4d85460c5efa40b88e59b9b9a3f34a25c0ff,E4,E4-GAUSSIAN-T0.50,202607224043,solved,0.41727281291077856,0.41727149026296834,0.41727281291077767,1.3226478093320004e-06,False,False,False
CRR-STAGEII-CONFIRM-2026-07-22,21c5b970e734ed79636df2f3882d4d85460c5efa40b88e59b9b9a3f34a25c0ff,E4,E4-GAUSSIAN-T0.50,202607224044,solved,-1.0,-1.0,-0.9999706278901697,2.9372109830339e-05,True,True,True
CRR-STAGEII-CONFIRM-2026-07-22,21c5b970e734ed79636df2f3882d4d85460c5efa40b88e59b9b9a3f34a25c0ff,E4,E4-GAUSSIAN-T0.50,202607224045,solved,-1.0,-1.0,-0.9999973385296868,2.6614703132477047e-06,True,True,True
CRR-STAGEII-CONFIRM-2026-07-22,21c5b970e734ed79636df2f3882d4d85460c5efa40b88e59b9b9a3f34a25c0ff,E4,E4-GAUSSIAN-T0.50,202607224046,solved,0.17558865404715518,0.17558726688750342,0.17558865404715496,1.387159651533576e-06,False,False,False
CRR-STAGEII-CONFIRM-2026-07-22,21c5b970e734ed79636df2f3882d4d85460c5efa40b88e59b9b9a3f34a25c0ff,E4,E4-GAUSSIAN-T0.50,202607224047,solved,0.44663078192773775,0.4466297263175742,0.44663078192773653,1.0556101623371283e-06,False,False,False
CRR-STAGEII-CONFIRM-2026-07-22,21c5b970e734ed79636df2f3882d4d85460c5efa40b88e59b9b9a3f34a25c0ff,E4,E4-GAUSSIAN-T0.50,202607224048,solved,0.283589635360876,0.2835881042857369,0.2835896353608757,1.5310751388386556e-06,False,False,False
CRR-STAGEII-CONFIRM-2026-07-22,21c5b970e734ed79636df2f3882d4d85460c5efa40b88e59b9b9a3f34a25c0ff,E4,E4-GAUSSIAN-T0.50,202607224049,solved,0.7925366329096994,0.7925352944422349,0.7925366329096994,1.3384674645289252e-06,False,False,False
CRR-STAGEII-CONFIRM-2026-07-22,21c5b970e734ed79636df2f3882d4d85460c5efa40b88e59b9b9a3f34a25c0ff,E4,E4-GAUSSIAN-T0.50,202607224050,solved,0.1935513232819125,0.19354847197196773,0.19355132328191144,2.851309943707747e-06,False,False,False
CRR-STAGEII-CONFIRM-2026-07-22,21c5b970e734ed79636df2f3882d4d85460c5efa40b88e59b9b9a3f34a25c0ff,E4,E4-GAUSSIAN-T0.50,202607224051,solved,0.8658182188667158,0.8658169049160489,0.8658182188667168,1.313950667936048e-06,False,False,False
CRR-STAGEII-CONFIRM-2026-07-22,21c5b970e734ed79636df2f3882d4d85460c5efa40b88e59b9b9a3f34a25c0ff,E4,E4-GAUSSIAN-T0.50,202607224052,solved,0.1810589357359087,0.18105720606704878,0.18105893573590914,1.7296688603618549e-06,False,False,False
CRR-STAGEII-CONFIRM-2026-07-22,21c5b970e734ed79636df2f3882d4d85460c5efa40b88e59b9b9a3f34a25c0ff,E4,E4-GAUSSIAN-T0.50,202607224053,solved,0.47613435693912853,0.4761308529796148,0.47613435693912953,3.5039595147057234e-06,False,False,False
CRR-STAGEII-CONFIRM-2026-07-22,21c5b970e734ed79636df2f3882d4d85460c5efa40b88e59b9b9a3f34a25c0ff,E4,E4-GAUSSIAN-T0.50,202607224054,solved,-0.13065122788042843,-0.13065259492550102,-0.13065122788042843,1.36704507258667e-06,True,True,True
CRR-STAGEII-CONFIRM-2026-07-22,21c5b970e734ed79636df2f3882d4d85460c5efa40b88e59b9b9a3f34a25c0ff,E4,E4-GAUSSIAN-T0.50,202607224055,solved,-1.0,-1.0,-0.9999979829457701,2.0170542298636462e-06,True,True,True
CRR-STAGEII-CONFIRM-2026-07-22,21c5b970e734ed79636df2f3882d4d85460c5efa40b88e59b9b9a3f34a25c0ff,E4,E4-GAUSSIAN-T0.50,202607224056,solved,0.04700435365258526,0.047001082435246866,0.04700435365258587,3.2712173390070376e-06,False,False,False
CRR-STAGEII-CONFIRM-2026-07-22,21c5b970e734ed79636df2f3882d4d85460c5efa40b88e59b9b9a3f34a25c0ff,E4,E4-GAUSSIAN-T0.50,202607224057,solved,0.6250843917254643,0.6250835027316328,0.625084391725464,8.889938312162116e-07,False,False,False
CRR-STAGEII-CONFIRM-2026-07-22,21c5b970e734ed79636df2f3882d4d85460c5efa40b88e59b9b9a3f34a25c0ff,E4,E4-GAUSSIAN-T0.50,202607224058,solved,0.46832807144806154,0.46832741298737957,0.46832807144806227,6.584606827009232e-07,False,False,False
CRR-STAGEII-CONFIRM-2026-07-22,21c5b970e734ed79636df2f3882d4d85460c5efa40b88e59b9b9a3f34a25c0ff,E4,E4-GAUSSIAN-T0.50,202607224059,solved,0.04156088343542036,0.04155988781051245,0.04156088343542125,9.95624908795012e-07,False,False,False
CRR-STAGEII-CONFIRM-2026-07-22,21c5b970e734ed79636df2f3882d4d85460c5efa40b88e59b9b9a3f34a25c0ff,E4,E4-GAUSSIAN-T0.50,202607224060,solved,0.06277634390697617,0.062771086303056,0.062776343906977,5.25760392100505e-06,False,False,False
CRR-STAGEII-CONFIRM-2026-07-22,21c5b970e734ed79636df2f3882d4d85460c5efa40b88e59b9b9a3f34a25c0ff,E4,E4-GAUSSIAN-T0.50,202607224061,solved,0.3973062895941944,0.3973037584975085,0.3973062895941945,2.531096686020362e-06,False,False,False
CRR-STAGEII-CONFIRM-2026-07-22,21c5b970e734ed79636df2f3882d4d85460c5efa40b88e59b9b9a3f34a25c0ff,E4,E4-GAUSSIAN-T0.50,202607224062,solved,-1.0,-1.0,-0.9999757459459864,2.4254054013628235e-05,True,True,True
CRR-STAGEII-CONFIRM-2026-07-22,21c5b970e734ed79636df2f3882d4d85460c5efa40b88e59b9b9a3f34a25c0ff,E4,E4-GAUSSIAN-T0.50,202607224063,solved,0.8186301125528448,0.8186273176142015,0.8186301125528458,2.794938644301581e-06,False,False,False
CRR-STAGEII-CONFIRM-2026-07-22,21c5b970e734ed79636df2f3882d4d85460c5efa40b88e59b9b9a3f34a25c0ff,E4,E4-GAUSSIAN-T0.50,202607224064,solved,-0.014434529860188894,-0.01443830487633846,-0.014434529860189393,3.775016149065724e-06,True,True,True
CRR-STAGEII-CONFIRM-2026-07-22,21c5b970e734ed79636df2f3882d4d85460c5efa40b88e59b9b9a3f34a25c0ff,E4,E4-STUDENT_T_DF4-T0.00,202607224001,solved,0.21919655415877726,0.21918633891259598,0.2191965616145714,1.0222701975426407e-05,False,False,False
CRR-STAGEII-CONFIRM-2026-07-22,21c5b970e734ed79636df2f3882d4d85460c5efa40b88e59b9b9a3f34a25c0ff,E4,E4-STUDENT_T_DF4-T0.00,202607224002,solved,0.8302970115309167,0.8302963522416463,0.8302970115309176,6.592892712875553e-07,False,False,False
CRR-STAGEII-CONFIRM-2026-07-22,21c5b970e734ed79636df2f3882d4d85460c5efa40b88e59b9b9a3f34a25c0ff,E4,E4-STUDENT_T_DF4-T0.00,202607224003,solved,-1.0,-1.0,-0.9999977868681527,2.213131847339511e-06,True,True,True
CRR-STAGEII-CONFIRM-2026-07-22,21c5b970e734ed79636df2f3882d4d85460c5efa40b88e59b9b9a3f34a25c0ff,E4,E4-STUDENT_T_DF4-T0.00,202607224004,solved,0.8899414704876127,0.8899405425892803,0.8899414704876131,9.278983327254409e-07,False,False,False
CRR-STAGEII-CONFIRM-2026-07-22,21c5b970e734ed79636df2f3882d4d85460c5efa40b88e59b9b9a3f34a25c0ff,E4,E4-STUDENT_T_DF4-T0.00,202607224005,solved,0.9886561254160624,0.988655453521831,0.9886561254160632,6.718942321404242e-07,False,False,False
CRR-STAGEII-CONFIRM-2026-07-22,21c5b970e734ed79636df2f3882d4d85460c5efa40b88e59b9b9a3f34a25c0ff,E4,E4-STUDENT_T_DF4-T0.00,202607224006,solved,-1.0,-1.0,-0.9999939850441402,6.014955859834359e-06,True,True,True
CRR-STAGEII-CONFIRM-2026-07-22,21c5b970e734ed79636df2f3882d4d85460c5efa40b88e59b9b9a3f34a25c0ff,E4,E4-STUDENT_T_DF4-T0.00,202607224007,solved,0.8302819714071189,0.8302814858674413,0.8302819714071199,4.855396785741206e-07,False,False,False
CRR-STAGEII-CONFIRM-2026-07-22,21c5b970e734ed79636df2f3882d4d85460c5efa40b88e59b9b9a3f34a25c0ff,E4,E4-STUDENT_T_DF4-T0.00,202607224008,solved,0.607864912225321,0.6078641797848832,0.6078649125182096,7.327333264584013e-07,False,False,False
CRR-STAGEII-CONFIRM-2026-07-22,21c5b970e734ed79636df2f3882d4d85460c5efa40b88e59b9b9a3f34a25c0ff,E4,E4-STUDENT_T_DF4-T0.00,202607224009,solved,0.9548327821676152,0.9548324076167597,0.9548327821676165,3.745508567742917e-07,False,False,False
CRR-STAGEII-CONFIRM-2026-07-22,21c5b970e734ed79636df2f3882d4d85460c5efa40b88e59b9b9a3f34a25c0ff,E4,E4-STUDENT_T_DF4-T0.00,202607224010,solved,0.7391781852073529,0.7391724799254025,0.7391781852073542,5.705281951762231e-06,False,False,False
CRR-STAGEII-CONFIRM-2026-07-22,21c5b970e734ed79636df2f3882d4d85460c5efa40b88e59b9b9a3f34a25c0ff,E4,E4-STUDENT_T_DF4-T0.00,202607224011,solved,-1.0,-1.0,-0.9999897941904341,1.020580956589967e-05,True,True,True
CRR-STAGEII-CONFIRM-2026-07-22,21c5b970e734ed79636df2f3882d4d85460c5efa40b88e59b9b9a3f34a25c0ff,E4,E4-STUDENT_T_DF4-T0.00,202607224012,solved,0.6427978317368241,0.6427968080393942,0.6427978317368237,1.023697429491932e-06,False,False,False
CRR-STAGEII-CONFIRM-2026-07-22,21c5b970e734ed79636df2f3882d4d85460c5efa40b88e59b9b9a3f34a25c0ff,E4,E4-STUDENT_T_DF4-T0.00,202607224013,solved,0.9360707417518903,0.9360697863571386,0.9360707417518908,9.553947522000783e-07,False,False,False
CRR-STAGEII-CONFIRM-2026-07-22,21c5b970e734ed79636df2f3882d4d85460c5efa40b88e59b9b9a3f34a25c0ff,E4,E4-STUDENT_T_DF4-T0.00,202607224014,solved,0.4412435968175108,0.44124308894039815,0.4412435982307034,5.092903052617004e-07,False,False,False
CRR-STAGEII-CONFIRM-2026-07-22,21c5b970e734ed79636df2f3882d4d85460c5efa40b88e59b9b9a3f34a25c0ff,E4,E4-STUDENT_T_DF4-T0.00,202607224015,solved,0.8257350916675104,0.825734842857915,0.8257350916675099,2.4880959492712407e-07,False,False,False
CRR-STAGEII-CONFIRM-2026-07-22,21c5b970e734ed79636df2f3882d4d85460c5efa40b88e59b9b9a3f34a25c0ff,E4,E4-STUDENT_T_DF4-T0.00,202607224016,solved,0.7480239645582445,0.7480191549791749,0.7480239645582443,4.80957906934254e-06,False,False,False
CRR-STAGEII-CONFIRM-2026-07-22,21c5b970e734ed79636df2f3882d4d85460c5efa40b88e59b9b9a3f34a25c0ff,E4,E4-STUDENT_T_DF4-T0.00,202607224017,solved,0.44522015887511446,0.44521788298410625,0.4452201593416086,2.2763575023287963e-06,False,False,False
CRR-STAGEII-CONFIRM-2026-07-22,21c5b970e734ed79636df2f3882d4d85460c5efa40b88e59b9b9a3f34a25c0ff,E4,E4-STUDENT_T_DF4-T0.00,202607224018,solved,0.851116501115396,0.8511156840897667,0.851116501115395,8.170256283746014e-07,False,False,False
CRR-STAGEII-CONFIRM-2026-07-22,21c5b970e734ed79636df2f3882d4d85460c5efa40b88e59b9b9a3f34a25c0ff,E4,E4-STUDENT_T_DF4-T0.00,202607224019,solved,0.5530878679394877,0.553087262321666,0.5530878679394888,6.056178227797915e-07,False,False,False
CRR-STAGEII-CONFIRM-2026-07-22,21c5b970e734ed79636df2f3882d4d85460c5efa40b88e59b9b9a3f34a25c0ff,E4,E4-STUDENT_T_DF4-T0.00,202607224020,solved,1.0,0.9999996164542708,1.0,3.8354572917675966e-07,False,False,False
CRR-STAGEII-CONFIRM-2026-07-22,21c5b970e734ed79636df2f3882d4d85460c5efa40b88e59b9b9a3f34a25c0ff,E4,E4-STUDENT_T_DF4-T0.00,202607224021,solved,1.0,0.9999995613242321,1.0,4.386757679331055e-07,False,False,False
CRR-STAGEII-CONFIRM-2026-07-22,21c5b970e734ed79636df2f3882d4d85460c5efa40b88e59b9b9a3f34a25c0ff,E4,E4-STUDENT_T_DF4-T0.00,202607224022,solved,0.7337015592851241,0.7337005239348701,0.7337015592851247,1.0353502546411875e-06,False,False,False
CRR-STAGEII-CONFIRM-2026-07-22,21c5b970e734ed79636df2f3882d4d85460c5efa40b88e59b9b9a3f34a25c0ff,E4,E4-STUDENT_T_DF4-T0.00,202607224023,solved,0.7295417927332353,0.7295407647251257,0.7295417927332349,1.0280081091940119e-06,False,False,False
CRR-STAGEII-CONFIRM-2026-07-22,21c5b970e734ed79636df2f3882d4d85460c5efa40b88e59b9b9a3f34a25c0ff,E4,E4-STUDENT_T_DF4-T0.00,202607224024,solved,0.7647670069491155,0.7647665546988881,0.7647670069491151,4.522502270454254e-07,False,False,False
CRR-STAGEII-CONFIRM-2026-07-22,21c5b970e734ed79636df2f3882d4d85460c5efa40b88e59b9b9a3f34a25c0ff,E4,E4-STUDENT_T_DF4-T0.00,202607224025,solved,0.714744842182403,0.7147444271777122,0.7147448421824026,4.1500469039057464e-07,False,False,False
CRR-STAGEII-CONFIRM-2026-07-22,21c5b970e734ed79636df2f3882d4d85460c5efa40b88e59b9b9a3f34a25c0ff,E4,E4-STUDENT_T_DF4-T0.00,202607224026,solved,-1.0,-1.0,-0.9999934985009014,6.501499098643393e-06,True,True,True
CRR-STAGEII-CONFIRM-2026-07-22,21c5b970e734ed79636df2f3882d4d85460c5efa40b88e59b9b9a3f34a25c0ff,E4,E4-STUDENT_T_DF4-T0.00,202607224027,solved,0.8168799271301403,0.816879547461939,0.8168799271301402,3.7966820121138056e-07,False,False,False
CRR-STAGEII-CONFIRM-2026-07-22,21c5b970e734ed79636df2f3882d4d85460c5efa40b88e59b9b9a3f34a25c0ff,E4,E4-STUDENT_T_DF4-T0.00,202607224028,solved,0.5281035009193726,0.5281029438061222,0.5281035009193724,5.571132501991372e-07,False,False,False
CRR-STAGEII-CONFIRM-2026-07-22,21c5b970e734ed79636df2f3882d4d85460c5efa40b88e59b9b9a3f34a25c0ff,E4,E4-STUDENT_T_DF4-T0.00,202607224029,solved,-1.0,-1.0,-0.9999994581732206,5.418267794432552e-07,True,True,True
CRR-STAGEII-CONFIRM-2026-07-22,21c5b970e734ed79636df2f3882d4d85460c5efa40b88e59b9b9a3f34a25c0ff,E4,E4-STUDENT_T_DF4-T0.00,202607224030,solved,0.7534724532489159,0.7534720741629477,0.7534724532489157,3.790859679497771e-07,False,False,False
CRR-STAGEII-CONFIRM-2026-07-22,21c5b970e734ed79636df2f3882d4d85460c5efa40b88e59b9b9a3f34a25c0ff,E4,E4-STUDENT_T_DF4-T0.00,202607224031,solved,0.5478571634425682,0.5478534390209341,0.5478571634425674,3.7244216333220947e-06,False,False,False
CRR-STAGEII-CONFIRM-2026-07-22,21c5b970e734ed79636df2f3882d4d85460c5efa40b88e59b9b9a3f34a25c0ff,E4,E4-STUDENT_T_DF4-T0.00,202607224032,solved,0.7090192523078784,0.7090186885680719,0.7090192523078785,5.637398066138388e-07,False,False,False
CRR-STAGEII-CONFIRM-2026-07-22,21c5b970e734ed79636df2f3882d4d85460c5efa40b88e59b9b9a3f34a25c0ff,E4,E4-STUDENT_T_DF4-T0.00,202607224033,solved,0.7006318335856714,0.7006314213923518,0.7006318335856707,4.121933189216165e-07,False,False,False
CRR-STAGEII-CONFIRM-2026-07-22,21c5b970e734ed79636df2f3882d4d85460c5efa40b88e59b9b9a3f34a25c0ff,E4,E4-STUDENT_T_DF4-T0.00,202607224034,solved,0.770398476128535,0.7703979385974333,0.770398476128535,5.375311016297957e-07,False,False,False
CRR-STAGEII-CONFIRM-2026-07-22,21c5b970e734ed79636df2f3882d4d85460c5efa40b88e59b9b9a3f34a25c0ff,E4,E4-STUDENT_T_DF4-T0.00,202607224035,solved,-1.0,-1.0,-0.9999981455435532,1.8544564468481184e-06,True,True,True
CRR-STAGEII-CONFIRM-2026-07-22,21c5b970e734ed79636df2f3882d4d85460c5efa40b88e59b9b9a3f34a25c0ff,E4,E4-STUDENT_T_DF4-T0.00,202607224036,solved,0.9951062180457927,0.9951058147716781,0.9951062180457927,4.0327411454654793e-07,False,False,False
CRR-STAGEII-CONFIRM-2026-07-22,21c5b970e734ed79636df2f3882d4d85460c5efa40b88e59b9b9a3f34a25c0ff,E4,E4-STUDENT_T_DF4-T0.00,202607224037,solved,-1.0,-1.0,-0.9999985969569212,1.4030430788292136e-06,True,True,True
CRR-STAGEII-CONFIRM-2026-07-22,21c5b970e734ed79636df2f3882d4d85460c5efa40b88e59b9b9a3f34a25c0ff,E4,E4-STUDENT_T_DF4-T0.00,202607224038,solved,-1.0,-1.0,-0.9999985090640495,1.4909359504766684e-06,True,True,True
CRR-STAGEII-CONFIRM-2026-07-22,21c5b970e734ed79636df2f3882d4d85460c5efa40b88e59b9b9a3f34a25c0ff,E4,E4-STUDENT_T_DF4-T0.00,202607224039,solved,0.7171792015744571,0.7171786624381519,0.717179201574457,5.391363051554521e-07,False,False,False
CRR-STAGEII-CONFIRM-2026-07-22,21c5b970e734ed79636df2f3882d4d85460c5efa40b88e59b9b9a3f34a25c0ff,E4,E4-STUDENT_T_DF4-T0.00,202607224040,solved,-1.0,-1.0,-0.9999988749583706,1.1250416294128485e-06,True,True,True
CRR-STAGEII-CONFIRM-2026-07-22,21c5b970e734ed79636df2f3882d4d85460c5efa40b88e59b9b9a3f34a25c0ff,E4,E4-STUDENT_T_DF4-T0.00,202607224041,solved,0.8756098907636924,0.8756093444030638,0.8756098907636927,5.463606288502731e-07,False,False,False
CRR-STAGEII-CONFIRM-2026-07-22,21c5b970e734ed79636df2f3882d4d85460c5efa40b88e59b9b9a3f34a25c0ff,E4,E4-STUDENT_T_DF4-T0.00,202607224042,solved,0.4484541808962801,0.4484515759072764,0.44845418124280684,2.6053355304256343e-06,False,False,False
CRR-STAGEII-CONFIRM-2026-07-22,21c5b970e734ed79636df2f3882d4d85460c5efa40b88e59b9b9a3f34a25c0ff,E4,E4-STUDENT_T_DF4-T0.00,202607224043,solved,0.5411482524876134,0.5411473175271637,0.5411482524876139,9.349604501718289e-07,False,False,False
CRR-STAGEII-CONFIRM-2026-07-22,21c5b970e734ed79636df2f3882d4d85460c5efa40b88e59b9b9a3f34a25c0ff,E4,E4-STUDENT_T_DF4-T0.00,202607224044,solved,0.6343604702882921,0.6343598736091218,0.6343604706382852,5.970291633294877e-07,False,False,False
CRR-STAGEII-CONFIRM-2026-07-22,21c5b970e734ed79636df2f3882d4d85460c5efa40b88e59b9b9a3f34a25c0ff,E4,E4-STUDENT_T_DF4-T0.00,202607224045,solved,0.7785507417522473,0.778550361918077,0.7785507417522487,3.7983417167097855e-07,False,False,False
CRR-STAGEII-CONFIRM-2026-07-22,21c5b970e734ed79636df2f3882d4d85460c5efa40b88e59b9b9a3f34a25c0ff,E4,E4-STUDENT_T_DF4-T0.00,202607224046,solved,0.8937569721901311,0.8937560257626402,0.8937569721901312,9.464274909332104e-07,False,False,False
CRR-STAGEII-CONFIRM-2026-07-22,21c5b970e734ed79636df2f3882d4d85460c5efa40b88e59b9b9a3f34a25c0ff,E4,E4-STUDENT_T_DF4-T0.00,202607224047,solved,0.742150285568709,0.7421496115517481,0.7421502855687092,6.74016961133006e-07,False,False,False
CRR-STAGEII-CONFIRM-2026-07-22,21c5b970e734ed79636df2f3882d4d85460c5efa40b88e59b9b9a3f34a25c0ff,E4,E4-STUDENT_T_DF4-T0.00,202607224048,solved,0.84186077136656,0.8418604098884266,0.84186077136656,3.6147813342601864e-07,False,False,False
CRR-STAGEII-CONFIRM-2026-07-22,21c5b970e734ed79636df2f3882d4d85460c5efa40b88e59b9b9a3f34a25c0ff,E4,E4-STUDENT_T_DF4-T0.00,202607224049,solved,-1.0,-1.0,-0.999997152474428,2.8475255720028514e-06,True,True,True
CRR-STAGEII-CONFIRM-2026-07-22,21c5b970e734ed79636df2f3882d4d85460c5efa40b88e59b9b9a3f34a25c0ff,E4,E4-STUDENT_T_DF4-T0.00,202607224050,solved,0.6754715231848583,0.6754705909183183,0.6754715231848575,9.322665391886531e-07,False,False,False
CRR-STAGEII-CONFIRM-2026-07-22,21c5b970e734ed79636df2f3882d4d85460c5efa40b88e59b9b9a3f34a25c0ff,E4,E4-STUDENT_T_DF4-T0.00,202607224051,solved,0.5205972461946673,0.520595190103142,0.5205972461946686,2.056091526592141e-06,False,False,False
CRR-STAGEII-CONFIRM-2026-07-22,21c5b970e734ed79636df2f3882d4d85460c5efa40b88e59b9b9a3f34a25c0ff,E4,E4-STUDENT_T_DF4-T0.00,202607224052,solved,0.7491803553754561,0.7491795859670731,0.7491803553754567,7.694083835607657e-07,False,False,False
CRR-STAGEII-CONFIRM-2026-07-22,21c5b970e734ed79636df2f3882d4d85460c5efa40b88e59b9b9a3f34a25c0ff,E4,E4-STUDENT_T_DF4-T0.00,202607224053,solved,0.8633586640500723,0.8633580796492032,0.8633586640500716,5.844008683641988e-07,False,False,False
CRR-STAGEII-CONFIRM-2026-07-22,21c5b970e734ed79636df2f3882d4d85460c5efa40b88e59b9b9a3f34a25c0ff,E4,E4-STUDENT_T_DF4-T0.00,202607224054,solved,0.9160407004985844,0.9160392390245911,0.9160407004985835,1.4614739924923015e-06,False,False,False
CRR-STAGEII-CONFIRM-2026-07-22,21c5b970e734ed79636df2f3882d4d85460c5efa40b88e59b9b9a3f34a25c0ff,E4,E4-STUDENT_T_DF4-T0.00,202607224055,solved,0.42164655784453964,0.42164567782245244,0.4216465578445404,8.800220879789933e-07,False,False,False
CRR-STAGEII-CONFIRM-2026-07-22,21c5b970e734ed79636df2f3882d4d85460c5efa40b88e59b9b9a3f34a25c0ff,E4,E4-STUDENT_T_DF4-T0.00,202607224056,solved,0.8503412225909441,0.8503407531525133,0.8503412225909457,4.6943843234892313e-07,False,False,False
CRR-STAGEII-CONFIRM-2026-07-22,21c5b970e734ed79636df2f3882d4d85460c5efa40b88e59b9b9a3f34a25c0ff,E4,E4-STUDENT_T_DF4-T0.00,202607224057,solved,0.9828542403750009,0.9828534747225335,0.9828542403750012,7.656524677601695e-07,False,False,False
CRR-STAGEII-CONFIRM-2026-07-22,21c5b970e734ed79636df2f3882d4d85460c5efa40b88e59b9b9a3f34a25c0ff,E4,E4-STUDENT_T_DF4-T0.00,202607224058,solved,0.7914925269446045,0.7914915601162088,0.7914925269446048,9.668283960095891e-07,False,False,False
CRR-STAGEII-CONFIRM-2026-07-22,21c5b970e734ed79636df2f3882d4d85460c5efa40b88e59b9b9a3f34a25c0ff,E4,E4-STUDENT_T_DF4-T0.00,202607224059,solved,0.6378943817112088,0.6378933418123124,0.6378943817112104,1.0398988979920532e-06,False,False,False
CRR-STAGEII-CONFIRM-2026-07-22,21c5b970e734ed79636df2f3882d4d85460c5efa40b88e59b9b9a3f34a25c0ff,E4,E4-STUDENT_T_DF4-T0.00,202607224060,solved,0.5085652474581741,0.5085647476288075,0.508565247458175,4.998293674507437e-07,False,False,False
CRR-STAGEII-CONFIRM-2026-07-22,21c5b970e734ed79636df2f3882d4d85460c5efa40b88e59b9b9a3f34a25c0ff,E4,E4-STUDENT_T_DF4-T0.00,202607224061,solved,0.6798647188701017,0.6798634426532217,0.6798647258802036,1.2832269818963127e-06,False,False,False
CRR-STAGEII-CONFIRM-2026-07-22,21c5b970e734ed79636df2f3882d4d85460c5efa40b88e59b9b9a3f34a25c0ff,E4,E4-STUDENT_T_DF4-T0.00,202607224062,solved,0.8612679148808748,0.8612667563376869,0.8612679148808757,1.1585431888283537e-06,False,False,False
CRR-STAGEII-CONFIRM-2026-07-22,21c5b970e734ed79636df2f3882d4d85460c5efa40b88e59b9b9a3f34a25c0ff,E4,E4-STUDENT_T_DF4-T0.00,202607224063,solved,0.6816634946505149,0.6816627745408894,0.6816634946505147,7.201096252629213e-07,False,False,False
CRR-STAGEII-CONFIRM-2026-07-22,21c5b970e734ed79636df2f3882d4d85460c5efa40b88e59b9b9a3f34a25c0ff,E4,E4-STUDENT_T_DF4-T0.00,202607224064,solved,0.5660277107065814,0.5660265861339322,0.5660277107065816,1.1245726494468755e-06,False,False,False
CRR-STAGEII-CONFIRM-2026-07-22,21c5b970e734ed79636df2f3882d4d85460c5efa40b88e59b9b9a3f34a25c0ff,E4,E4-STUDENT_T_DF4-T0.25,202607224001,solved,0.07352779176571178,0.07352650681602557,0.0735277985928815,1.2917768559272957e-06,False,False,False
CRR-STAGEII-CONFIRM-2026-07-22,21c5b970e734ed79636df2f3882d4d85460c5efa40b88e59b9b9a3f34a25c0ff,E4,E4-STUDENT_T_DF4-T0.25,202607224002,solved,0.8536604595892074,0.8536600080181105,0.8536604595892087,4.5157109818116936e-07,False,False,False
CRR-STAGEII-CONFIRM-2026-07-22,21c5b970e734ed79636df2f3882d4d85460c5efa40b88e59b9b9a3f34a25c0ff,E4,E4-STUDENT_T_DF4-T0.25,202607224003,solved,0.6933534152324001,0.693353117454262,0.6933534152324006,2.9777813859155344e-07,False,False,False
CRR-STAGEII-CONFIRM-2026-07-22,21c5b970e734ed79636df2f3882d4d85460c5efa40b88e59b9b9a3f34a25c0ff,E4,E4-STUDENT_T_DF4-T0.25,202607224004,solved,-1.0,-1.0,-0.999998473564865,1.5264351349575378e-06,True,True,True
CRR-STAGEII-CONFIRM-2026-07-22,21c5b970e734ed79636df2f3882d4d85460c5efa40b88e59b9b9a3f34a25c0ff,E4,E4-STUDENT_T_DF4-T0.25,202607224005,solved,-1.0,-1.0,-0.9999992750828566,7.249171434242641e-07,True,True,True
CRR-STAGEII-CONFIRM-2026-07-22,21c5b970e734ed79636df2f3882d4d85460c5efa40b88e59b9b9a3f34a25c0ff,E4,E4-STUDENT_T_DF4-T0.25,202607224006,solved,0.8358755560813098,0.835874965320857,0.8358755560813096,5.907604525567933e-07,False,False,False
CRR-STAGEII-CONFIRM-2026-07-22,21c5b970e734ed79636df2f3882d4d85460c5efa40b88e59b9b9a3f34a25c0ff,E4,E4-STUDENT_T_DF4-T0.25,202607224007,solved,0.6417422717768653,0.6417414573094342,0.641742271776866,8.144674318311118e-07,False,False,False
CRR-STAGEII-CONFIRM-2026-07-22,21c5b970e734ed79636df2f3882d4d85460c5efa40b88e59b9b9a3f34a25c0ff,E4,E4-STUDENT_T_DF4-T0.25,202607224008,solved,0.6379432845773754,0.6379421064253068,0.6379432845773755,1.1781520686815483e-06,False,False,False
CRR-STAGEII-CONFIRM-2026-07-22,21c5b970e734ed79636df2f3882d4d85460c5efa40b88e59b9b9a3f34a25c0ff,E4,E4-STUDENT_T_DF4-T0.25,202607224009,solved,0.5682310682470413,0.5682285070977457,0.5682310682470418,2.561149296087528e-06,False,False,False
CRR-STAGEII-CONFIRM-2026-07-22,21c5b970e734ed79636df2f3882d4d85460c5efa40b88e59b9b9a3f34a25c0ff,E4,E4-STUDENT_T_DF4-T0.25,202607224010,solved,0.5577371190899498,0.5577364452020744,0.557737119089951,6.738878766121559e-07,False,False,False
CRR-STAGEII-CONFIRM-2026-07-22,21c5b970e734ed79636df2f3882d4d85460c5efa40b88e59b9b9a3f34a25c0ff,E4,E4-STUDENT_T_DF4-T0.25,202607224011,solved,0.7912758867218084,0.7912755258476083,0.7912758867218088,3.60874200522332e-07,False,False,False
CRR-STAGEII-CONFIRM-2026-07-22,21c5b970e734ed79636df2f3882d4d85460c5efa40b88e59b9b9a3f34a25c0ff,E4,E4-STUDENT_T_DF4-T0.25,202607224012,solved,0.9326209931132732,0.9326166815435185,0.9326209931132738,4.311569755333089e-06,False,False,False
CRR-STAGEII-CONFIRM-2026-07-22,21c5b970e734ed79636df2f3882d4d85460c5efa40b88e59b9b9a3f34a25c0ff,E4,E4-STUDENT_T_DF4-T0.25,202607224013,solved,0.8601827289034004,0.8601821133398341,0.8601827289034001,6.15563566008781e-07,False,False,False
CRR-STAGEII-CONFIRM-2026-07-22,21c5b970e734ed79636df2f3882d4d85460c5efa40b88e59b9b9a3f34a25c0ff,E4,E4-STUDENT_T_DF4-T0.25,202607224014,solved,-1.0,-1.0,-0.9999922148235902,7.785176409758066e-06,True,True,True
CRR-STAGEII-CONFIRM-2026-07-22,21c5b970e734ed79636df2f3882d4d85460c5efa40b88e59b9b9a3f34a25c0ff,E4,E4-STUDENT_T_DF4-T0.25,202607224015,infeasible,,,,,False,False,False
CRR-STAGEII-CONFIRM-2026-07-22,21c5b970e734ed79636df2f3882d4d85460c5efa40b88e59b9b9a3f34a25c0ff,E4,E4-STUDENT_T_DF4-T0.25,202607224016,solved,0.19959933206144553,0.19959749289276824,0.19959933416875786,1.8412759896224706e-06,False,False,False
CRR-STAGEII-CONFIRM-2026-07-22,21c5b970e734ed79636df2f3882d4d85460c5efa40b88e59b9b9a3f34a25c0ff,E4,E4-STUDENT_T_DF4-T0.25,202607224017,solved,-1.0,-1.0,-0.9999941670789121,5.832921087911558e-06,True,True,True
CRR-STAGEII-CONFIRM-2026-07-22,21c5b970e734ed79636df2f3882d4d85460c5efa40b88e59b9b9a3f34a25c0ff,E4,E4-STUDENT_T_DF4-T0.25,202607224018,solved,0.6149082762901235,0.6149078419623006,0.6149082762901236,4.3432782292907035e-07,False,False,False
CRR-STAGEII-CONFIRM-2026-07-22,21c5b970e734ed79636df2f3882d4d85460c5efa40b88e59b9b9a3f34a25c0ff,E4,E4-STUDENT_T_DF4-T0.25,202607224019,solved,0.29190349543026906,0.29190047801552227,0.291903495430269,3.0174147467310064e-06,False,False,False
CRR-STAGEII-CONFIRM-2026-07-22,21c5b970e734ed79636df2f3882d4d85460c5efa40b88e59b9b9a3f34a25c0ff,E4,E4-STUDENT_T_DF4-T0.25,202607224020,solved,0.8552418464125935,0.8552397839339557,0.8552418464125945,2.062478638764631e-06,False,False,False
CRR-STAGEII-CONFIRM-2026-07-22,21c5b970e734ed79636df2f3882d4d85460c5efa40b88e59b9b9a3f34a25c0ff,E4,E4-STUDENT_T_DF4-T0.25,202607224021,solved,0.6817641124931311,0.6817631467147236,0.6817641124931317,9.65778408135165e-07,False,False,False
CRR-STAGEII-CONFIRM-2026-07-22,21c5b970e734ed79636df2f3882d4d85460c5efa40b88e59b9b9a3f34a25c0ff,E4,E4-STUDENT_T_DF4-T0.25,202607224022,solved,0.86383501842617,0.8638332022715277,0.8638350184261694,1.816154641676171e-06,False,False,False
CRR-STAGEII-CONFIRM-2026-07-22,21c5b970e734ed79636df2f3882d4d85460c5efa40b88e59b9b9a3f34a25c0ff,E4,E4-STUDENT_T_DF4-T0.25,202607224023,solved,-0.5585766319536383,-0.5585771753269794,-0.5585765727531147,6.025738646942003e-07,True,True,True
CRR-STAGEII-CONFIRM-2026-07-22,21c5b970e734ed79636df2f3882d4d85460c5efa40b88e59b9b9a3f34a25c0ff,E4,E4-STUDENT_T_DF4-T0.25,202607224024,solved,0.6896412457670034,0.6896407056620854,0.6896412457670031,5.401049177899964e-07,False,False,False
CRR-STAGEII-CONFIRM-2026-07-22,21c5b970e734ed79636df2f3882d4d85460c5efa40b88e59b9b9a3f34a25c0ff,E4,E4-STUDENT_T_DF4-T0.25,202607224025,solved,0.38581914137264167,0.38581839713475485,0.3858191413726404,7.442378855415654e-07,False,False,False
CRR-STAGEII-CONFIRM-2026-07-22,21c5b970e734ed79636df2f3882d4d85460c5efa40b88e59b9b9a3f34a25c0ff,E4,E4-STUDENT_T_DF4-T0.25,202607224026,solved,0.4339839862698689,0.4339836134884214,0.43398398626986867,3.727814472664903e-07,False,False,False
CRR-STAGEII-CONFIRM-2026-07-22,21c5b970e734ed79636df2f3882d4d85460c5efa40b88e59b9b9a3f34a25c0ff,E4,E4-STUDENT_T_DF4-T0.25,202607224027,solved,0.48204420382224566,0.482036907951619,0.4820442038222449,7.295870625867451e-06,False,False,False
CRR-STAGEII-CONFIRM-2026-07-22,21c5b970e734ed79636df2f3882d4d85460c5efa40b88e59b9b9a3f34a25c0ff,E4,E4-STUDENT_T_DF4-T0.25,202607224028,solved,0.3928603326666664,0.39285829384221443,0.3928603326666559,2.0388244414415446e-06,False,False,False
CRR-STAGEII-CONFIRM-2026-07-22,21c5b970e734ed79636df2f3882d4d85460c5efa40b88e59b9b9a3f34a25c0ff,E4,E4-STUDENT_T_DF4-T0.25,202607224029,solved,0.6991131438818563,0.6991119293876971,0.6991131438818557,1.214494158685575e-06,False,False,False
CRR-STAGEII-CONFIRM-2026-07-22,21c5b970e734ed79636df2f3882d4d85460c5efa40b88e59b9b9a3f34a25c0ff,E4,E4-STUDENT_T_DF4-T0.25,202607224030,solved,0.48513594486298406,0.48513512676233767,0.4851359448629844,8.18100646726716e-07,False,False,False
CRR-STAGEII-CONFIRM-2026-07-22,21c5b970e734ed79636df2f3882d4d85460c5efa40b88e59b9b9a3f34a25c0ff,E4,E4-STUDENT_T_DF4-T0.25,202607224031,solved,0.11408605796089666,0.11408510877095734,0.11408605796089705,9.491899397029435e-07,False,False,False
CRR-STAGEII-CONFIRM-2026-07-22,21c5b970e734ed79636df2f3882d4d85460c5efa40b88e59b9b9a3f34a25c0ff,E4,E4-STUDENT_T_DF4-T0.25,202607224032,solved,0.43449861833170333,0.434496894267152,0.4344986183317045,1.724064552510729e-06,False,False,False
CRR-STAGEII-CONFIRM-2026-07-22,21c5b970e734ed79636df2f3882d4d85460c5efa40b88e59b9b9a3f34a25c0ff,E4,E4-STUDENT_T_DF4-T0.25,202607224033,solved,0.5108844348767296,0.5108838768384386,0.5108844348767299,5.580382912429016e-07,False,False,False
CRR-STAGEII-CONFIRM-2026-07-22,21c5b970e734ed79636df2f3882d4d85460c5efa40b88e59b9b9a3f34a25c0ff,E4,E4-STUDENT_T_DF4-T0.25,202607224034,solved,0.7460738852618427,0.7460731204870237,0.7460738852618426,7.647748189176795e-07,False,False,False
CRR-STAGEII-CONFIRM-2026-07-22,21c5b970e734ed79636df2f3882d4d85460c5efa40b88e59b9b9a3f34a25c0ff,E4,E4-STUDENT_T_DF4-T0.25,202607224035,solved,0.3741097988816686,0.3741090062668311,0.3741097988816682,7.926148370973607e-07,False,False,False
CRR-STAGEII-CONFIRM-2026-07-22,21c5b970e734ed79636df2f3882d4d85460c5efa40b88e59b9b9a3f34a25c0ff,E4,E4-STUDENT_T_DF4-T0.25,202607224036,solved,0.4476024253800981,0.4476013480985392,0.44760242624824365,1.0781497044587418e-06,False,False,False
CRR-STAGEII-CONFIRM-2026-07-22,21c5b970e734ed79636df2f3882d4d85460c5efa40b88e59b9b9a3f34a25c0ff,E4,E4-STUDENT_T_DF4-T0.25,202607224037,solved,0.8618343974906713,0.8618338808798073,0.8618343974906704,5.16610863088296e-07,False,False,False
CRR-STAGEII-CONFIRM-2026-07-22,21c5b970e734ed79636df2f3882d4d85460c5efa40b88e59b9b9a3f34a25c0ff,E4,E4-STUDENT_T_DF4-T0.25,202607224038,solved,0.6541040213724447,0.6541033606516748,0.6541040213724443,6.607207694298012e-07,False,False,False
CRR-STAGEII-CONFIRM-2026-07-22,21c5b970e734ed79636df2f3882d4d85460c5efa40b88e59b9b9a3f34a25c0ff,E4,E4-STUDENT_T_DF4-T0.25,202607224039,solved,0.4167726025837928,0.4167719261053652,0.416772602583793,6.764784278301406e-07,False,False,False
CRR-STAGEII-CONFIRM-2026-07-22,21c5b970e734ed79636df2f3882d4d85460c5efa40b88e59b9b9a3f34a25c0ff,E4,E4-STUDENT_T_DF4-T0.25,202607224040,solved,0.7331551368014535,0.7331545118897049,0.7331551368014536,6.249117486811784e-07,False,False,False
CRR-STAGEII-CONFIRM-2026-07-22,21c5b970e734ed79636df2f3882d4d85460c5efa40b88e59b9b9a3f34a25c0ff,E4,E4-STUDENT_T_DF4-T0.25,202607224041,solved,0.836712625879185,0.8367123034200468,0.8367126258791847,3.224591379469288e-07,False,False,False
CRR-STAGEII-CONFIRM-2026-07-22,21c5b970e734ed79636df2f3882d4d85460c5efa40b88e59b9b9a3f34a25c0ff,E4,E4-STUDENT_T_DF4-T0.25,202607224042,solved,-1.0,-1.0,-0.9999849640759215,1.5035924078476981e-05,True,True,True
CRR-STAGEII-CONFIRM-2026-07-22,21c5b970e734ed79636df2f3882d4d85460c5efa40b88e59b9b9a3f34a25c0ff,E4,E4-STUDENT_T_DF4-T0.25,202607224043,solved,0.26760676870141475,0.2676057726061766,0.2676067687014157,9.960952391252498e-07,False,False,False
CRR-STAGEII-CONFIRM-2026-07-22,21c5b970e734ed79636df2f3882d4d85460c5efa40b88e59b9b9a3f34a25c0ff,E4,E4-STUDENT_T_DF4-T0.25,202607224044,solved,0.9319456102964037,0.9319426174552322,0.9319456102964032,2.9928411710011815e-06,False,False,False
CRR-STAGEII-CONFIRM-2026-07-22,21c5b970e734ed79636df2f3882d4d85460c5efa40b88e59b9b9a3f34a25c0ff,E4,E4-STUDENT_T_DF4-T0.25,202607224045,solved,-1.0,-1.0,-0.9999992900974815,7.099025185475227e-07,True,True,True
CRR-STAGEII-CONFIRM-2026-07-22,21c5b970e734ed79636df2f3882d4d85460c5efa40b88e59b9b9a3f34a25c0ff,E4,E4-STUDENT_T_DF4-T0.25,202607224046,solved,0.7049477832286819,0.704946819040178,0.7049477832286832,9.641885052591448e-07,False,False,False
CRR-STAGEII-CONFIRM-2026-07-22,21c5b970e734ed79636df2f3882d4d85460c5efa40b88e59b9b9a3f34a25c0ff,E4,E4-STUDENT_T_DF4-T0.25,202607224047,solved,0.29838640571622155,0.2983833446284972,0.298386405716221,3.061087723799094e-06,False,False,False
CRR-STAGEII-CONFIRM-2026-07-22,21c5b970e734ed79636df2f3882d4d85460c5efa40b88e59b9b9a3f34a25c0ff,E4,E4-STUDENT_T_DF4-T0.25,202607224048,solved,-1.0,-1.0,-0.999997180417721,2.8195822789900404e-06,True,True,True
CRR-STAGEII-CONFIRM-2026-07-22,21c5b970e734ed79636df2f3882d4d85460c5efa40b88e59b9b9a3f34a25c0ff,E4,E4-STUDENT_T_DF4-T0.25,202607224049,solved,0.6835764152605575,0.6835751175650483,0.6835764152605578,1.2976955094945453e-06,False,False,False
CRR-STAGEII-CONFIRM-2026-07-22,21c5b970e734ed79636df2f3882d4d85460c5efa40b88e59b9b9a3f34a25c0ff,E4,E4-STUDENT_T_DF4-T0.25,202607224050,solved,0.4121681287923815,0.4121668095712485,0.4121681287923826,1.3192211341106486e-06,False,False,False
CRR-STAGEII-CONFIRM-2026-07-22,21c5b970e734ed79636df2f3882d4d85460c5efa40b88e59b9b9a3f34a25c0ff,E4,E4-STUDENT_T_DF4-T0.25,202607224051,solved,0.7339545438440771,0.7339532562251051,0.7339545438440773,1.2876189722232922e-06,False,False,False
CRR-STAGEII-CONFIRM-2026-07-22,21c5b970e734ed79636df2f3882d4d85460c5efa40b88e59b9b9a3f34a25c0ff,E4,E4-STUDENT_T_DF4-T0.25,202607224052,solved,-1.0,-1.0,-0.9999982562247638,1.7437752362070569e-06,True,True,True
CRR-STAGEII-CONFIRM-2026-07-22,21c5b970e734ed79636df2f3882d4d85460c5efa40b88e59b9b9a3f34a25c0ff,E4,E4-STUDENT_T_DF4-T0.25,202607224053,solved,-1.0,-1.0,-0.9999974357200723,2.5642799277303396e-06,True,True,True
CRR-STAGEII-CONFIRM-2026-07-22,21c5b970e734ed79636df2f3882d4d85460c5efa40b88e59b9b9a3f34a25c0ff,E4,E4-STUDENT_T_DF4-T0.25,202607224054,solved,0.2826041193677493,0.282603533362211,0.2826041218375955,5.884753844775936e-07,False,False,False
CRR-STAGEII-CONFIRM-2026-07-22,21c5b970e734ed79636df2f3882d4d85460c5efa40b88e59b9b9a3f34a25c0ff,E4,E4-STUDENT_T_DF4-T0.25,202607224055,solved,-1.0,-1.0,-0.9999956651350057,4.334864994293142e-06,True,True,True
CRR-STAGEII-CONFIRM-2026-07-22,21c5b970e734ed79636df2f3882d4d85460c5efa40b88e59b9b9a3f34a25c0ff,E4,E4-STUDENT_T_DF4-T0.25,202607224056,solved,0.8486730141408769,0.8486721233895596,0.8486730141408766,8.907513170397507e-07,False,False,False
CRR-STAGEII-CONFIRM-2026-07-22,21c5b970e734ed79636df2f3882d4d85460c5efa40b88e59b9b9a3f34a25c0ff,E4,E4-STUDENT_T_DF4-T0.25,202607224057,solved,0.9385776535855546,0.9385767299119305,0.9385776535855546,9.236736240314514e-07,False,False,False
CRR-STAGEII-CONFIRM-2026-07-22,21c5b970e734ed79636df2f3882d4d85460c5efa40b88e59b9b9a3f34a25c0ff,E4,E4-STUDENT_T_DF4-T0.25,202607224058,solved,0.866494516476561,0.8664941183212251,0.8664945164765612,3.9815533603437814e-07,False,False,False
CRR-STAGEII-CONFIRM-2026-07-22,21c5b970e734ed79636df2f3882d4d85460c5efa40b88e59b9b9a3f34a25c0ff,E4,E4-STUDENT_T_DF4-T0.25,202607224059,solved,0.7652319362259268,0.7652311064053021,0.7652319362259272,8.298206251033946e-07,False,False,False
CRR-STAGEII-CONFIRM-2026-07-22,21c5b970e734ed79636df2f3882d4d85460c5efa40b88e59b9b9a3f34a25c0ff,E4,E4-STUDENT_T_DF4-T0.25,202607224060,solved,0.5736986277719032,0.5736907143597638,0.5736986277719031,7.913412139237685e-06,False,False,False
CRR-STAGEII-CONFIRM-2026-07-22,21c5b970e734ed79636df2f3882d4d85460c5efa40b88e59b9b9a3f34a25c0ff,E4,E4-STUDENT_T_DF4-T0.25,202607224061,solved,0.8001174554974309,0.8001147285686955,0.8001174554974301,2.726928734597678e-06,False,False,False
CRR-STAGEII-CONFIRM-2026-07-22,21c5b970e734ed79636df2f3882d4d85460c5efa40b88e59b9b9a3f34a25c0ff,E4,E4-STUDENT_T_DF4-T0.25,202607224062,solved,0.4523644278773309,0.4523603443371473,0.4523644278773313,4.083540183996703e-06,False,False,False
CRR-STAGEII-CONFIRM-2026-07-22,21c5b970e734ed79636df2f3882d4d85460c5efa40b88e59b9b9a3f34a25c0ff,E4,E4-STUDENT_T_DF4-T0.25,202607224063,solved,1.0,0.9999981786010539,1.0,1.82139894611133e-06,False,False,False
CRR-STAGEII-CONFIRM-2026-07-22,21c5b970e734ed79636df2f3882d4d85460c5efa40b88e59b9b9a3f34a25c0ff,E4,E4-STUDENT_T_DF4-T0.25,202607224064,solved,-0.16578669007819785,-0.16578753428692783,-0.1657866864021489,8.478847789428201e-07,True,True,True
CRR-STAGEII-CONFIRM-2026-07-22,21c5b970e734ed79636df2f3882d4d85460c5efa40b88e59b9b9a3f34a25c0ff,E4,E4-STUDENT_T_DF4-T0.50,202607224001,solved,-0.808816382301794,-0.8088174898167475,-0.8088163823017944,1.1075149530803685e-06,True,True,True
CRR-STAGEII-CONFIRM-2026-07-22,21c5b970e734ed79636df2f3882d4d85460c5efa40b88e59b9b9a3f34a25c0ff,E4,E4-STUDENT_T_DF4-T0.50,202607224002,solved,0.771588499873759,0.7715879166439059,0.7715884998737582,5.832298523023027e-07,False,False,False
CRR-STAGEII-CONFIRM-2026-07-22,21c5b970e734ed79636df2f3882d4d85460c5efa40b88e59b9b9a3f34a25c0ff,E4,E4-STUDENT_T_DF4-T0.50,202607224003,solved,0.43689939831247293,0.43689902372936995,0.43689939831247365,3.7458310370164227e-07,False,False,False
CRR-STAGEII-CONFIRM-2026-07-22,21c5b970e734ed79636df2f3882d4d85460c5efa40b88e59b9b9a3f34a25c0ff,E4,E4-STUDENT_T_DF4-T0.50,202607224004,solved,-1.0,-1.0,-0.9999953092786922,4.690721307820667e-06,True,True,True
CRR-STAGEII-CONFIRM-2026-07-22,21c5b970e734ed79636df2f3882d4d85460c5efa40b88e59b9b9a3f34a25c0ff,E4,E4-STUDENT_T_DF4-T0.50,202607224005,solved,-1.0,-1.0,-0.9999987026299477,1.297370052277813e-06,True,True,True
CRR-STAGEII-CONFIRM-2026-07-22,21c5b970e734ed79636df2f3882d4d85460c5efa40b88e59b9b9a3f34a25c0ff,E4,E4-STUDENT_T_DF4-T0.50,202607224006,solved,0.7104352827191962,0.710434660742998,0.7104352827191984,6.219762004322504e-07,False,False,False
CRR-STAGEII-CONFIRM-2026-07-22,21c5b970e734ed79636df2f3882d4d85460c5efa40b88e59b9b9a3f34a25c0ff,E4,E4-STUDENT_T_DF4-T0.50,202607224007,solved,0.4126318687237527,0.4126309214860024,0.4126318687237526,9.472377502373064e-07,False,False,False
CRR-STAGEII-CONFIRM-2026-07-22,21c5b970e734ed79636df2f3882d4d85460c5efa40b88e59b9b9a3f34a25c0ff,E4,E4-STUDENT_T_DF4-T0.50,202607224008,solved,0.4582953740925777,0.45829425975935156,0.45829537409257853,1.1143332269702988e-06,False,False,False
CRR-STAGEII-CONFIRM-2026-07-22,21c5b970e734ed79636df2f3882d4d85460c5efa40b88e59b9b9a3f34a25c0ff,E4,E4-STUDENT_T_DF4-T0.50,202607224009,solved,0.04859946036576046,0.04859691560049417,0.048599460365758795,2.5447652646226615e-06,False,False,False
CRR-STAGEII-CONFIRM-2026-07-22,21c5b970e734ed79636df2f3882d4d85460c5efa40b88e59b9b9a3f34a25c0ff,E4,E4-STUDENT_T_DF4-T0.50,202607224010,solved,0.47352787662128937,0.473527140376682,0.47352787662128926,7.362446072800566e-07,False,False,False
CRR-STAGEII-CONFIRM-2026-07-22,21c5b970e734ed79636df2f3882d4d85460c5efa40b88e59b9b9a3f34a25c0ff,E4,E4-STUDENT_T_DF4-T0.50,202607224011,solved,0.8569641921990674,0.8569637570584099,0.856964192199068,4.3514065817262804e-07,False,False,False
CRR-STAGEII-CONFIRM-2026-07-22,21c5b970e734ed79636df2f3882d4d85460c5efa40b88e59b9b9a3f34a25c0ff,E4,E4-STUDENT_T_DF4-T0.50,202607224012,solved,0.9058656600367969,0.9058637219095972,0.9058656600367962,1.9381271990637217e-06,False,False,False
CRR-STAGEII-CONFIRM-2026-07-22,21c5b970e734ed79636df2f3882d4d85460c5efa40b88e59b9b9a3f34a25c0ff,E4,E4-STUDENT_T_DF4-T0.50,202607224013,solved,0.839002358490691,0.8390016666959845,0.8390023584906913,6.917947067419661e-07,False,False,False
CRR-STAGEII-CONFIRM-2026-07-22,21c5b970e734ed79636df2f3882d4d85460c5efa40b88e59b9b9a3f34a25c0ff,E4,E4-STUDENT_T_DF4-T0.50,202607224014,solved,0.06770650221916297,0.06769908845351252,0.06770650221916247,7.413765649944004e-06,False,False,False
CRR-STAGEII-CONFIRM-2026-07-22,21c5b970e734ed79636df2f3882d4d85460c5efa40b88e59b9b9a3f34a25c0ff,E4,E4-STUDENT_T_DF4-T0.50,202607224015,infeasible,,,,,False,False,False
CRR-STAGEII-CONFIRM-2026-07-22,21c5b970e734ed79636df2f3882d4d85460c5efa40b88e59b9b9a3f34a25c0ff,E4,E4-STUDENT_T_DF4-T0.50,202607224016,solved,-0.11594115170449015,-0.11594247809033914,-0.11594115170448904,1.326385850097811e-06,True,True,True
CRR-STAGEII-CONFIRM-2026-07-22,21c5b970e734ed79636df2f3882d4d85460c5efa40b88e59b9b9a3f34a25c0ff,E4,E4-STUDENT_T_DF4-T0.50,202607224017,solved,-0.3852252350177819,-0.3852300335585433,-0.3852252342465612,4.799311982106591e-06,True,True,True
CRR-STAGEII-CONFIRM-2026-07-22,21c5b970e734ed79636df2f3882d4d85460c5efa40b88e59b9b9a3f34a25c0ff,E4,E4-STUDENT_T_DF4-T0.50,202607224018,solved,0.36369438528554854,0.36369382545341505,0.3636943852855498,5.598321347610735e-07,False,False,False
CRR-STAGEII-CONFIRM-2026-07-22,21c5b970e734ed79636df2f3882d4d85460c5efa40b88e59b9b9a3f34a25c0ff,E4,E4-STUDENT_T_DF4-T0.50,202607224019,solved,-0.041090149573175694,-0.04109232388175588,-0.04109014957317486,2.174308581015527e-06,True,True,True
CRR-STAGEII-CONFIRM-2026-07-22,21c5b970e734ed79636df2f3882d4d85460c5efa40b88e59b9b9a3f34a25c0ff,E4,E4-STUDENT_T_DF4-T0.50,202607224020,solved,0.8277218408334508,0.8277197670757488,0.8277218408334515,2.0737577026697096e-06,False,False,False
CRR-STAGEII-CONFIRM-2026-07-22,21c5b970e734ed79636df2f3882d4d85460c5efa40b88e59b9b9a3f34a25c0ff,E4,E4-STUDENT_T_DF4-T0.50,202607224021,solved,0.6519551127512042,0.6519540354411211,0.6519551127512044,1.0773100833638694e-06,False,False,False
CRR-STAGEII-CONFIRM-2026-07-22,21c5b970e734ed79636df2f3882d4d85460c5efa40b88e59b9b9a3f34a25c0ff,E4,E4-STUDENT_T_DF4-T0.50,202607224022,solved,0.881719242772877,0.8817178159906518,0.8817192427728779,1.4267822261437857e-06,False,False,False
CRR-STAGEII-CONFIRM-2026-07-22,21c5b970e734ed79636df2f3882d4d85460c5efa40b88e59b9b9a3f34a25c0ff,E4,E4-STUDENT_T_DF4-T0.50,202607224023,infeasible,,,,,False,False,False
CRR-STAGEII-CONFIRM-2026-07-22,21c5b970e734ed79636df2f3882d4d85460c5efa40b88e59b9b9a3f34a25c0ff,E4,E4-STUDENT_T_DF4-T0.50,202607224024,solved,0.47207401579045305,0.47207333184781824,0.47207401579045316,6.839426349158906e-07,False,False,False
CRR-STAGEII-CONFIRM-2026-07-22,21c5b970e734ed79636df2f3882d4d85460c5efa40b88e59b9b9a3f34a25c0ff,E4,E4-STUDENT_T_DF4-T0.50,202607224025,solved,0.11259149923202605,0.11259055873793183,0.11259149923202594,9.404940941037943e-07,False,False,False
CRR-STAGEII-CONFIRM-2026-07-22,21c5b970e734ed79636df2f3882d4d85460c5efa40b88e59b9b9a3f34a25c0ff,E4,E4-STUDENT_T_DF4-T0.50,202607224026,solved,-0.053620747236034605,-0.05362120715852048,-0.05362074723603394,4.5992248653980994e-07,True,True,True
CRR-STAGEII-CONFIRM-2026-07-22,21c5b970e734ed79636df2f3882d4d85460c5efa40b88e59b9b9a3f34a25c0ff,E4,E4-STUDENT_T_DF4-T0.50,202607224027,solved,0.25230899555830444,0.252305316169888,0.2523089955583056,3.6793884176100633e-06,False,False,False
CRR-STAGEII-CONFIRM-2026-07-22,21c5b970e734ed79636df2f3882d4d85460c5efa40b88e59b9b9a3f34a25c0ff,E4,E4-STUDENT_T_DF4-T0.50,202607224028,solved,0.07816954725081326,0.0781679852457744,0.07816954725081404,1.5620050396458751e-06,False,False,False
CRR-STAGEII-CONFIRM-2026-07-22,21c5b970e734ed79636df2f3882d4d85460c5efa40b88e59b9b9a3f34a25c0ff,E4,E4-STUDENT_T_DF4-T0.50,202607224029,solved,0.651304077364601,0.6513030729518594,0.6513040773646017,1.0044127423114446e-06,False,False,False
CRR-STAGEII-CONFIRM-2026-07-22,21c5b970e734ed79636df2f3882d4d85460c5efa40b88e59b9b9a3f34a25c0ff,E4,E4-STUDENT_T_DF4-T0.50,202607224030,solved,0.34383346676839427,0.34383248747548645,0.3438334667683952,9.792929087648616e-07,False,False,False
CRR-STAGEII-CONFIRM-2026-07-22,21c5b970e734ed79636df2f3882d4d85460c5efa40b88e59b9b9a3f34a25c0ff,E4,E4-STUDENT_T_DF4-T0.50,202607224031,infeasible,,,,,False,False,False
CRR-STAGEII-CONFIRM-2026-07-22,21c5b970e734ed79636df2f3882d4d85460c5efa40b88e59b9b9a3f34a25c0ff,E4,E4-STUDENT_T_DF4-T0.50,202607224032,solved,0.17872105674285454,0.17871931484727077,0.1787210567428541,1.741895583329267e-06,False,False,False
CRR-STAGEII-CONFIRM-2026-07-22,21c5b970e734ed79636df2f3882d4d85460c5efa40b88e59b9b9a3f34a25c0ff,E4,E4-STUDENT_T_DF4-T0.50,202607224033,solved,0.2503212446437266,0.250320563506655,0.25032124464372557,6.81137070579485e-07,False,False,False
CRR-STAGEII-CONFIRM-2026-07-22,21c5b970e734ed79636df2f3882d4d85460c5efa40b88e59b9b9a3f34a25c0ff,E4,E4-STUDENT_T_DF4-T0.50,202607224034,solved,0.6691222712779183,0.6691213217968017,0.6691222712779178,9.49481116063744e-07,False,False,False
CRR-STAGEII-CONFIRM-2026-07-22,21c5b970e734ed79636df2f3882d4d85460c5efa40b88e59b9b9a3f34a25c0ff,E4,E4-STUDENT_T_DF4-T0.50,202607224035,solved,0.1139872015036123,0.11398642654532781,0.11398720150361169,7.749582838778579e-07,False,False,False
CRR-STAGEII-CONFIRM-2026-07-22,21c5b970e734ed79636df2f3882d4d85460c5efa40b88e59b9b9a3f34a25c0ff,E4,E4-STUDENT_T_DF4-T0.50,202607224036,solved,0.025552285491655224,0.0255509602011898,0.025552285491655724,1.3252904659255549e-06,False,False,False
CRR-STAGEII-CONFIRM-2026-07-22,21c5b970e734ed79636df2f3882d4d85460c5efa40b88e59b9b9a3f34a25c0ff,E4,E4-STUDENT_T_DF4-T0.50,202607224037,solved,0.8591879905035318,0.859187444851213,0.8591879905035321,5.456523191060825e-07,False,False,False
CRR-STAGEII-CONFIRM-2026-07-22,21c5b970e734ed79636df2f3882d4d85460c5efa40b88e59b9b9a3f34a25c0ff,E4,E4-STUDENT_T_DF4-T0.50,202607224038,solved,0.4739162452851349,0.473915587440043,0.47391624528513515,6.578450921779222e-07,False,False,False
CRR-STAGEII-CONFIRM-2026-07-22,21c5b970e734ed79636df2f3882d4d85460c5efa40b88e59b9b9a3f34a25c0ff,E4,E4-STUDENT_T_DF4-T0.50,202607224039,solved,-0.11979012826345597,-0.11979089264603865,-0.1197901282634587,7.643825799541482e-07,True,True,True
CRR-STAGEII-CONFIRM-2026-07-22,21c5b970e734ed79636df2f3882d4d85460c5efa40b88e59b9b9a3f34a25c0ff,E4,E4-STUDENT_T_DF4-T0.50,202607224040,solved,0.6563661310276168,0.6563654762617555,0.6563661310276168,6.547658613076379e-07,False,False,False
CRR-STAGEII-CONFIRM-2026-07-22,21c5b970e734ed79636df2f3882d4d85460c5efa40b88e59b9b9a3f34a25c0ff,E4,E4-STUDENT_T_DF4-T0.50,202607224041,solved,0.6807049470884781,0.6807045401099091,0.6807049470884782,4.069785690674621e-07,False,False,False
CRR-STAGEII-CONFIRM-2026-07-22,21c5b970e734ed79636df2f3882d4d85460c5efa40b88e59b9b9a3f34a25c0ff,E4,E4-STUDENT_T_DF4-T0.50,202607224042,solved,0.48824053608697504,0.4882378707438832,0.48824053608697426,2.6653430910683618e-06,False,False,False
CRR-STAGEII-CONFIRM-2026-07-22,21c5b970e734ed79636df2f3882d4d85460c5efa40b88e59b9b9a3f34a25c0ff,E4,E4-STUDENT_T_DF4-T0.50,202607224043,solved,0.08171869434524304,0.08171768504389865,0.08171869434524287,1.009301344223612e-06,False,False,False
CRR-STAGEII-CONFIRM-2026-07-22,21c5b970e734ed79636df2f3882d4d85460c5efa40b88e59b9b9a3f34a25c0ff,E4,E4-STUDENT_T_DF4-T0.50,202607224044,solved,0.8457818128682029,0.8457799754336759,0.8457818128682026,1.8374345267524461e-06,False,False,False
CRR-STAGEII-CONFIRM-2026-07-22,21c5b970e734ed79636df2f3882d4d85460c5efa40b88e59b9b9a3f34a25c0ff,E4,E4-STUDENT_T_DF4-T0.50,202607224045,solved,-1.0,-1.0,-0.9999987168962832,1.2831037168314907e-06,True,True,True
CRR-STAGEII-CONFIRM-2026-07-22,21c5b970e734ed79636df2f3882d4d85460c5efa40b88e59b9b9a3f34a25c0ff,E4,E4-STUDENT_T_DF4-T0.50,202607224046,solved,0.5075426187023415,0.5075416114902592,0.5075426187023412,1.007212081960418e-06,False,False,False
CRR-STAGEII-CONFIRM-2026-07-22,21c5b970e734ed79636df2f3882d4d85460c5efa40b88e59b9b9a3f34a25c0ff,E4,E4-STUDENT_T_DF4-T0.50,202607224047,solved,0.10840403291578249,0.10840230051383476,0.10840403291578243,1.7324019476738783e-06,False,False,False
CRR-STAGEII-CONFIRM-2026-07-22,21c5b970e734ed79636df2f3882d4d85460c5efa40b88e59b9b9a3f34a25c0ff,E4,E4-STUDENT_T_DF4-T0.50,202607224048,solved,-1.0,-1.0,-0.999995017285231,4.982714769008467e-06,True,True,True
CRR-STAGEII-CONFIRM-2026-07-22,21c5b970e734ed79636df2f3882d4d85460c5efa40b88e59b9b9a3f34a25c0ff,E4,E4-STUDENT_T_DF4-T0.50,202607224049,solved,0.6040841432712767,0.6040830546470958,0.6040841432712764,1.0886241805785346e-06,False,False,False
CRR-STAGEII-CONFIRM-2026-07-22,21c5b970e734ed79636df2f3882d4d85460c5efa40b88e59b9b9a3f34a25c0ff,E4,E4-STUDENT_T_DF4-T0.50,202607224050,solved,0.17414494774176514,0.17414373101443864,0.17414494774176525,1.2167273266139311e-06,False,False,False
CRR-STAGEII-CONFIRM-2026-07-22,21c5b970e734ed79636df2f3882d4d85460c5efa40b88e59b9b9a3f34a25c0ff,E4,E4-STUDENT_T_DF4-T0.50,202607224051,solved,0.7817149333627234,0.7817138178595321,0.7817149333627236,1.115503191484457e-06,False,False,False
CRR-STAGEII-CONFIRM-2026-07-22,21c5b970e734ed79636df2f3882d4d85460c5efa40b88e59b9b9a3f34a25c0ff,E4,E4-STUDENT_T_DF4-T0.50,202607224052,solved,-1.0,-1.0,-0.9999564783788999,4.35216211001066e-05,True,True,True
CRR-STAGEII-CONFIRM-2026-07-22,21c5b970e734ed79636df2f3882d4d85460c5efa40b88e59b9b9a3f34a25c0ff,E4,E4-STUDENT_T_DF4-T0.50,202607224053,solved,-1.0,-1.0,-0.9999877968217259,1.2203178274106108e-05,True,True,True
CRR-STAGEII-CONFIRM-2026-07-22,21c5b970e734ed79636df2f3882d4d85460c5efa40b88e59b9b9a3f34a25c0ff,E4,E4-STUDENT_T_DF4-T0.50,202607224054,solved,0.05297449872111315,0.05297378158655053,0.05297449872111398,7.17134563454902e-07,False,False,False
CRR-STAGEII-CONFIRM-2026-07-22,21c5b970e734ed79636df2f3882d4d85460c5efa40b88e59b9b9a3f34a25c0ff,E4,E4-STUDENT_T_DF4-T0.50,202607224055,solved,-0.0900789993768481,-0.09010275662763245,-0.09007899937684827,2.3757250784184336e-05,True,True,True
CRR-STAGEII-CONFIRM-2026-07-22,21c5b970e734ed79636df2f3882d4d85460c5efa40b88e59b9b9a3f34a25c0ff,E4,E4-STUDENT_T_DF4-T0.50,202607224056,solved,0.5326461634977671,0.5326451702271033,0.5326461634977679,9.93270664606527e-07,False,False,False
CRR-STAGEII-CONFIRM-2026-07-22,21c5b970e734ed79636df2f3882d4d85460c5efa40b88e59b9b9a3f34a25c0ff,E4,E4-STUDENT_T_DF4-T0.50,202607224057,solved,0.8516258882776488,0.8516248892381837,0.8516258882776493,9.990394655989832e-07,False,False,False
CRR-STAGEII-CONFIRM-2026-07-22,21c5b970e734ed79636df2f3882d4d85460c5efa40b88e59b9b9a3f34a25c0ff,E4,E4-STUDENT_T_DF4-T0.50,202607224058,solved,0.8473250613813029,0.847324577047129,0.8473250613813038,4.843341747662322e-07,False,False,False
CRR-STAGEII-CONFIRM-2026-07-22,21c5b970e734ed79636df2f3882d4d85460c5efa40b88e59b9b9a3f34a25c0ff,E4,E4-STUDENT_T_DF4-T0.50,202607224059,solved,0.589962512172813,0.5899616157187373,0.5899625121728123,8.964540749722971e-07,False,False,False
CRR-STAGEII-CONFIRM-2026-07-22,21c5b970e734ed79636df2f3882d4d85460c5efa40b88e59b9b9a3f34a25c0ff,E4,E4-STUDENT_T_DF4-T0.50,202607224060,solved,0.20350488894820273,0.20350162649009007,0.203504888948204,3.262458113939548e-06,False,False,False
CRR-STAGEII-CONFIRM-2026-07-22,21c5b970e734ed79636df2f3882d4d85460c5efa40b88e59b9b9a3f34a25c0ff,E4,E4-STUDENT_T_DF4-T0.50,202607224061,solved,0.8060921525339091,0.8060906792939382,0.8060921525339096,1.4732399714612043e-06,False,False,False
CRR-STAGEII-CONFIRM-2026-07-22,21c5b970e734ed79636df2f3882d4d85460c5efa40b88e59b9b9a3f34a25c0ff,E4,E4-STUDENT_T_DF4-T0.50,202607224062,solved,0.4220091560018764,0.4220069397555276,0.42200915600187555,2.216246347941375e-06,False,False,False
CRR-STAGEII-CONFIRM-2026-07-22,21c5b970e734ed79636df2f3882d4d85460c5efa40b88e59b9b9a3f34a25c0ff,E4,E4-STUDENT_T_DF4-T0.50,202607224063,solved,0.9482276409434429,0.9482261531469607,0.9482276409434427,1.4877964820136924e-06,False,False,False
CRR-STAGEII-CONFIRM-2026-07-22,21c5b970e734ed79636df2f3882d4d85460c5efa40b88e59b9b9a3f34a25c0ff,E4,E4-STUDENT_T_DF4-T0.50,202607224064,solved,-0.8494751023912201,-0.8494760960500432,-0.849475102391222,9.936588211134634e-07,True,True,True
CRR-STAGEII-CONFIRM-2026-07-22,21c5b970e734ed79636df2f3882d4d85460c5efa40b88e59b9b9a3f34a25c0ff,E5,E5-ASSUMED-CLAYTON,202607225001,solved,-0.1327915466945564,-0.13279187461231573,-0.13279154669455656,3.2791775916862775e-07,True,True,True
CRR-STAGEII-CONFIRM-2026-07-22,21c5b970e734ed79636df2f3882d4d85460c5efa40b88e59b9b9a3f34a25c0ff,E5,E5-ASSUMED-CLAYTON,202607225002,solved,0.6216449608733154,0.6216434797248681,0.621644960873316,1.4811484478904902e-06,False,False,False
CRR-STAGEII-CONFIRM-2026-07-22,21c5b970e734ed79636df2f3882d4d85460c5efa40b88e59b9b9a3f34a25c0ff,E5,E5-ASSUMED-CLAYTON,202607225003,solved,0.13937067476897935,0.13936981647916336,0.13937067476897874,8.582898153863816e-07,False,False,False
CRR-STAGEII-CONFIRM-2026-07-22,21c5b970e734ed79636df2f3882d4d85460c5efa40b88e59b9b9a3f34a25c0ff,E5,E5-ASSUMED-CLAYTON,202607225004,solved,0.5662897884282787,0.5662894435791732,0.5662897884282786,3.4484910538257196e-07,False,False,False
CRR-STAGEII-CONFIRM-2026-07-22,21c5b970e734ed79636df2f3882d4d85460c5efa40b88e59b9b9a3f34a25c0ff,E5,E5-ASSUMED-CLAYTON,202607225005,solved,0.7550799210706622,0.7550790177479186,0.7550799210706619,9.033227432730939e-07,False,False,False
CRR-STAGEII-CONFIRM-2026-07-22,21c5b970e734ed79636df2f3882d4d85460c5efa40b88e59b9b9a3f34a25c0ff,E5,E5-ASSUMED-CLAYTON,202607225006,solved,-1.0,-1.0,-0.9999871300636647,1.2869936335313525e-05,True,True,True
CRR-STAGEII-CONFIRM-2026-07-22,21c5b970e734ed79636df2f3882d4d85460c5efa40b88e59b9b9a3f34a25c0ff,E5,E5-ASSUMED-CLAYTON,202607225007,solved,-0.44694168949246643,-0.44694217769819294,-0.4469416894924674,4.882057255684025e-07,True,True,True
CRR-STAGEII-CONFIRM-2026-07-22,21c5b970e734ed79636df2f3882d4d85460c5efa40b88e59b9b9a3f34a25c0ff,E5,E5-ASSUMED-CLAYTON,202607225008,solved,0.2823089318808114,0.2823011495438373,0.2823089318808121,7.782336974793136e-06,False,False,False
CRR-STAGEII-CONFIRM-2026-07-22,21c5b970e734ed79636df2f3882d4d85460c5efa40b88e59b9b9a3f34a25c0ff,E5,E5-ASSUMED-CLAYTON,202607225009,solved,0.21007839119118787,0.21007628622934815,0.21007839119118848,2.1049618403323755e-06,False,False,False
CRR-STAGEII-CONFIRM-2026-07-22,21c5b970e734ed79636df2f3882d4d85460c5efa40b88e59b9b9a3f34a25c0ff,E5,E5-ASSUMED-CLAYTON,202607225010,solved,0.5428608936887616,0.542860254603867,0.5428608936887622,6.390848952264605e-07,False,False,False
CRR-STAGEII-CONFIRM-2026-07-22,21c5b970e734ed79636df2f3882d4d85460c5efa40b88e59b9b9a3f34a25c0ff,E5,E5-ASSUMED-CLAYTON,202607225011,solved,0.5901181895334513,0.5901175347467604,0.5901181895334524,6.547866919781598e-07,False,False,False
CRR-STAGEII-CONFIRM-2026-07-22,21c5b970e734ed79636df2f3882d4d85460c5efa40b88e59b9b9a3f34a25c0ff,E5,E5-ASSUMED-CLAYTON,202607225012,solved,0.5487331516223768,0.5487325130864921,0.5487331516223766,6.385358845006905e-07,False,False,False
CRR-STAGEII-CONFIRM-2026-07-22,21c5b970e734ed79636df2f3882d4d85460c5efa40b88e59b9b9a3f34a25c0ff,E5,E5-ASSUMED-CLAYTON,202607225013,solved,-1.0,-1.0,-0.999997683484267,2.3165157330140573e-06,True,True,True
CRR-STAGEII-CONFIRM-2026-07-22,21c5b970e734ed79636df2f3882d4d85460c5efa40b88e59b9b9a3f34a25c0ff,E5,E5-ASSUMED-CLAYTON,202607225014,solved,-1.0,-1.0,-0.9999985839852421,1.4160147578934357e-06,True,True,True
CRR-STAGEII-CONFIRM-2026-07-22,21c5b970e734ed79636df2f3882d4d85460c5efa40b88e59b9b9a3f34a25c0ff,E5,E5-ASSUMED-CLAYTON,202607225015,solved,0.22190404515696682,0.2219032980012398,0.2219040451569681,7.471557282867636e-07,False,False,False
CRR-STAGEII-CONFIRM-2026-07-22,21c5b970e734ed79636df2f3882d4d85460c5efa40b88e59b9b9a3f34a25c0ff,E5,E5-ASSUMED-CLAYTON,202607225016,solved,0.5518953287212607,0.5518941209750586,0.5518953287212602,1.2077462016035767e-06,False,False,False
CRR-STAGEII-CONFIRM-2026-07-22,21c5b970e734ed79636df2f3882d4d85460c5efa40b88e59b9b9a3f34a25c0ff,E5,E5-ASSUMED-CLAYTON,202607225017,solved,0.22872103775985297,0.22871995739847994,0.22872103775985397,1.080361374028449e-06,False,False,False
CRR-STAGEII-CONFIRM-2026-07-22,21c5b970e734ed79636df2f3882d4d85460c5efa40b88e59b9b9a3f34a25c0ff,E5,E5-ASSUMED-CLAYTON,202607225018,solved,0.412784729423238,0.4127838416803138,0.41278472942324035,8.877429265585768e-07,False,False,False
CRR-STAGEII-CONFIRM-2026-07-22,21c5b970e734ed79636df2f3882d4d85460c5efa40b88e59b9b9a3f34a25c0ff,E5,E5-ASSUMED-CLAYTON,202607225019,solved,-0.5218150642328847,-0.5218157899838817,-0.521815064232887,7.257509946345664e-07,True,True,True
CRR-STAGEII-CONFIRM-2026-07-22,21c5b970e734ed79636df2f3882d4d85460c5efa40b88e59b9b9a3f34a25c0ff,E5,E5-ASSUMED-CLAYTON,202607225020,solved,0.2221239258263512,0.22212311095247123,0.2221239258263516,8.148738803726019e-07,False,False,False
CRR-STAGEII-CONFIRM-2026-07-22,21c5b970e734ed79636df2f3882d4d85460c5efa40b88e59b9b9a3f34a25c0ff,E5,E5-ASSUMED-CLAYTON,202607225021,solved,-0.11786079488950035,-0.11786168723570889,-0.11786079488950046,8.923462084253764e-07,True,True,True
CRR-STAGEII-CONFIRM-2026-07-22,21c5b970e734ed79636df2f3882d4d85460c5efa40b88e59b9b9a3f34a25c0ff,E5,E5-ASSUMED-CLAYTON,202607225022,solved,-1.0,-1.0,-0.9999962381191445,3.7618808554906735e-06,True,True,True
CRR-STAGEII-CONFIRM-2026-07-22,21c5b970e734ed79636df2f3882d4d85460c5efa40b88e59b9b9a3f34a25c0ff,E5,E5-ASSUMED-CLAYTON,202607225023,solved,0.12076636490198367,0.12076550171947159,0.12076636490198367,8.631825120786196e-07,False,False,False
CRR-STAGEII-CONFIRM-2026-07-22,21c5b970e734ed79636df2f3882d4d85460c5efa40b88e59b9b9a3f34a25c0ff,E5,E5-ASSUMED-CLAYTON,202607225024,solved,0.09653043863427246,0.09652985594504587,0.09653043863427468,5.826892288118835e-07,False,False,False
CRR-STAGEII-CONFIRM-2026-07-22,21c5b970e734ed79636df2f3882d4d85460c5efa40b88e59b9b9a3f34a25c0ff,E5,E5-ASSUMED-CLAYTON,202607225025,solved,0.322297729218719,0.32229713070552984,0.322297729218719,5.985131891761419e-07,False,False,False
CRR-STAGEII-CONFIRM-2026-07-22,21c5b970e734ed79636df2f3882d4d85460c5efa40b88e59b9b9a3f34a25c0ff,E5,E5-ASSUMED-CLAYTON,202607225026,solved,0.5393042347368706,0.5393038515678721,0.5393042347368708,3.8316899875212584e-07,False,False,False
CRR-STAGEII-CONFIRM-2026-07-22,21c5b970e734ed79636df2f3882d4d85460c5efa40b88e59b9b9a3f34a25c0ff,E5,E5-ASSUMED-CLAYTON,202607225027,solved,0.146425661549201,0.1464247072083122,0.1464256615492015,9.543408893142313e-07,False,False,False
CRR-STAGEII-CONFIRM-2026-07-22,21c5b970e734ed79636df2f3882d4d85460c5efa40b88e59b9b9a3f34a25c0ff,E5,E5-ASSUMED-CLAYTON,202607225028,solved,-0.9024665863948234,-0.9024673077143656,-0.9024665863948236,7.21319541985288e-07,True,True,True
CRR-STAGEII-CONFIRM-2026-07-22,21c5b970e734ed79636df2f3882d4d85460c5efa40b88e59b9b9a3f34a25c0ff,E5,E5-ASSUMED-CLAYTON,202607225029,solved,0.46078539507813265,0.46078203727719386,0.4607853950781327,3.3578009388524066e-06,False,False,False
CRR-STAGEII-CONFIRM-2026-07-22,21c5b970e734ed79636df2f3882d4d85460c5efa40b88e59b9b9a3f34a25c0ff,E5,E5-ASSUMED-CLAYTON,202607225030,solved,0.6175505258460694,0.6175331702404296,0.6175505258460712,1.73556056415336e-05,False,False,False
CRR-STAGEII-CONFIRM-2026-07-22,21c5b970e734ed79636df2f3882d4d85460c5efa40b88e59b9b9a3f34a25c0ff,E5,E5-ASSUMED-CLAYTON,202607225031,solved,0.41416282453247244,0.4141621272204138,0.4141628245324728,6.973120589837123e-07,False,False,False
CRR-STAGEII-CONFIRM-2026-07-22,21c5b970e734ed79636df2f3882d4d85460c5efa40b88e59b9b9a3f34a25c0ff,E5,E5-ASSUMED-CLAYTON,202607225032,solved,0.20160865871324313,0.20160791291147234,0.20160865871324274,7.458017703965147e-07,False,False,False
CRR-STAGEII-CONFIRM-2026-07-22,21c5b970e734ed79636df2f3882d4d85460c5efa40b88e59b9b9a3f34a25c0ff,E5,E5-ASSUMED-CLAYTON,202607225033,solved,-1.0,-1.0,-0.9999988393679924,1.1606320076129606e-06,True,True,True
CRR-STAGEII-CONFIRM-2026-07-22,21c5b970e734ed79636df2f3882d4d85460c5efa40b88e59b9b9a3f34a25c0ff,E5,E5-ASSUMED-CLAYTON,202607225034,infeasible,,,,,False,False,False
CRR-STAGEII-CONFIRM-2026-07-22,21c5b970e734ed79636df2f3882d4d85460c5efa40b88e59b9b9a3f34a25c0ff,E5,E5-ASSUMED-CLAYTON,202607225035,solved,-0.3352283644112557,-0.33522893699315653,-0.3352283634424326,5.735507239146287e-07,True,True,True
CRR-STAGEII-CONFIRM-2026-07-22,21c5b970e734ed79636df2f3882d4d85460c5efa40b88e59b9b9a3f34a25c0ff,E5,E5-ASSUMED-CLAYTON,202607225036,solved,0.3764189406953842,0.3764181030363056,0.3764189406953867,8.37659081098785e-07,False,False,False
CRR-STAGEII-CONFIRM-2026-07-22,21c5b970e734ed79636df2f3882d4d85460c5efa40b88e59b9b9a3f34a25c0ff,E5,E5-ASSUMED-CLAYTON,202607225037,solved,0.8233290744439066,0.8233249731877984,0.8233290744439068,4.101256108390849e-06,False,False,False
CRR-STAGEII-CONFIRM-2026-07-22,21c5b970e734ed79636df2f3882d4d85460c5efa40b88e59b9b9a3f34a25c0ff,E5,E5-ASSUMED-CLAYTON,202607225038,solved,0.0058326684684308905,0.005828853097018194,0.005832668468430446,3.815371412252411e-06,False,False,False
CRR-STAGEII-CONFIRM-2026-07-22,21c5b970e734ed79636df2f3882d4d85460c5efa40b88e59b9b9a3f34a25c0ff,E5,E5-ASSUMED-CLAYTON,202607225039,solved,-0.08475901240695216,-0.08475952396052294,-0.08475901240695266,5.115535702815421e-07,True,True,True
CRR-STAGEII-CONFIRM-2026-07-22,21c5b970e734ed79636df2f3882d4d85460c5efa40b88e59b9b9a3f34a25c0ff,E5,E5-ASSUMED-CLAYTON,202607225040,solved,0.7762708733970902,0.7762693081703269,0.77627087339709,1.5652267630894556e-06,False,False,False
CRR-STAGEII-CONFIRM-2026-07-22,21c5b970e734ed79636df2f3882d4d85460c5efa40b88e59b9b9a3f34a25c0ff,E5,E5-ASSUMED-CLAYTON,202607225041,solved,-1.0,-1.0,-0.999997383155814,2.6168441860097147e-06,True,True,True
CRR-STAGEII-CONFIRM-2026-07-22,21c5b970e734ed79636df2f3882d4d85460c5efa40b88e59b9b9a3f34a25c0ff,E5,E5-ASSUMED-CLAYTON,202607225042,solved,0.7653242122908437,0.7653236771081428,0.7653242122908432,5.351827004895782e-07,False,False,False
CRR-STAGEII-CONFIRM-2026-07-22,21c5b970e734ed79636df2f3882d4d85460c5efa40b88e59b9b9a3f34a25c0ff,E5,E5-ASSUMED-CLAYTON,202607225043,infeasible,,,,,False,False,False
CRR-STAGEII-CONFIRM-2026-07-22,21c5b970e734ed79636df2f3882d4d85460c5efa40b88e59b9b9a3f34a25c0ff,E5,E5-ASSUMED-CLAYTON,202607225044,solved,-1.0,-1.0,-0.9999972437318543,2.7562681457204974e-06,True,True,True
CRR-STAGEII-CONFIRM-2026-07-22,21c5b970e734ed79636df2f3882d4d85460c5efa40b88e59b9b9a3f34a25c0ff,E5,E5-ASSUMED-CLAYTON,202607225045,solved,0.08674875255695347,0.0867481611895185,0.08674875255695425,5.91367435742729e-07,False,False,False
CRR-STAGEII-CONFIRM-2026-07-22,21c5b970e734ed79636df2f3882d4d85460c5efa40b88e59b9b9a3f34a25c0ff,E5,E5-ASSUMED-CLAYTON,202607225046,solved,-1.0,-1.0,-0.9999980912155002,1.90878449979337e-06,True,True,True
CRR-STAGEII-CONFIRM-2026-07-22,21c5b970e734ed79636df2f3882d4d85460c5efa40b88e59b9b9a3f34a25c0ff,E5,E5-ASSUMED-CLAYTON,202607225047,solved,0.7745728922079209,0.7745690362443476,0.7745728922079219,3.8559635743284915e-06,False,False,False
CRR-STAGEII-CONFIRM-2026-07-22,21c5b970e734ed79636df2f3882d4d85460c5efa40b88e59b9b9a3f34a25c0ff,E5,E5-ASSUMED-CLAYTON,202607225048,solved,0.6437279499860498,0.6437232522004357,0.6437279499860504,4.697785614737882e-06,False,False,False
CRR-STAGEII-CONFIRM-2026-07-22,21c5b970e734ed79636df2f3882d4d85460c5efa40b88e59b9b9a3f34a25c0ff,E5,E5-ASSUMED-CLAYTON,202607225049,solved,0.8382450906150567,0.8382434037041915,0.8382450906150563,1.686910864773239e-06,False,False,False
CRR-STAGEII-CONFIRM-2026-07-22,21c5b970e734ed79636df2f3882d4d85460c5efa40b88e59b9b9a3f34a25c0ff,E5,E5-ASSUMED-CLAYTON,202607225050,solved,0.49488628864927064,0.4948812225410888,0.49488628864927087,5.066108182072426e-06,False,False,False
CRR-STAGEII-CONFIRM-2026-07-22,21c5b970e734ed79636df2f3882d4d85460c5efa40b88e59b9b9a3f34a25c0ff,E5,E5-ASSUMED-CLAYTON,202607225051,solved,0.46797165647214467,0.4679709675507642,0.4679716564721444,6.889213801652971e-07,False,False,False
CRR-STAGEII-CONFIRM-2026-07-22,21c5b970e734ed79636df2f3882d4d85460c5efa40b88e59b9b9a3f34a25c0ff,E5,E5-ASSUMED-CLAYTON,202607225052,solved,0.9393693577070266,0.9393688050999506,0.9393693577070262,5.526070756545209e-07,False,False,False
CRR-STAGEII-CONFIRM-2026-07-22,21c5b970e734ed79636df2f3882d4d85460c5efa40b88e59b9b9a3f34a25c0ff,E5,E5-ASSUMED-CLAYTON,202607225053,solved,0.8646285377108389,0.8646276157785611,0.8646285377108394,9.219322782971773e-07,False,False,False
CRR-STAGEII-CONFIRM-2026-07-22,21c5b970e734ed79636df2f3882d4d85460c5efa40b88e59b9b9a3f34a25c0ff,E5,E5-ASSUMED-CLAYTON,202607225054,solved,-0.19179992980131533,-0.19180371603340773,-0.19179992980131594,3.786232091795849e-06,True,True,True
CRR-STAGEII-CONFIRM-2026-07-22,21c5b970e734ed79636df2f3882d4d85460c5efa40b88e59b9b9a3f34a25c0ff,E5,E5-ASSUMED-CLAYTON,202607225055,solved,0.3161303973492666,0.3161289326560733,0.3161303973492683,1.4646931950079711e-06,False,False,False
CRR-STAGEII-CONFIRM-2026-07-22,21c5b970e734ed79636df2f3882d4d85460c5efa40b88e59b9b9a3f34a25c0ff,E5,E5-ASSUMED-CLAYTON,202607225056,solved,0.11117821145102474,0.11117746230780945,0.11117821145102619,7.491432167383572e-07,False,False,False
CRR-STAGEII-CONFIRM-2026-07-22,21c5b970e734ed79636df2f3882d4d85460c5efa40b88e59b9b9a3f34a25c0ff,E5,E5-ASSUMED-CLAYTON,202607225057,solved,0.9970214814678665,0.9970202741286539,0.9970214814678675,1.207339213604719e-06,False,False,False
CRR-STAGEII-CONFIRM-2026-07-22,21c5b970e734ed79636df2f3882d4d85460c5efa40b88e59b9b9a3f34a25c0ff,E5,E5-ASSUMED-CLAYTON,202607225058,solved,0.8012968636913589,0.8012938219770007,0.801296863691359,3.0417143582761597e-06,False,False,False
CRR-STAGEII-CONFIRM-2026-07-22,21c5b970e734ed79636df2f3882d4d85460c5efa40b88e59b9b9a3f34a25c0ff,E5,E5-ASSUMED-CLAYTON,202607225059,solved,0.2791104986605568,0.27910954505817925,0.2791104986605564,9.536023771739011e-07,False,False,False
CRR-STAGEII-CONFIRM-2026-07-22,21c5b970e734ed79636df2f3882d4d85460c5efa40b88e59b9b9a3f34a25c0ff,E5,E5-ASSUMED-CLAYTON,202607225060,solved,-1.0,-1.0,-0.9999974032075146,2.5967924853764757e-06,True,True,True
CRR-STAGEII-CONFIRM-2026-07-22,21c5b970e734ed79636df2f3882d4d85460c5efa40b88e59b9b9a3f34a25c0ff,E5,E5-ASSUMED-CLAYTON,202607225061,solved,0.7923545351405551,0.7923534104946565,0.7923545351405552,1.1246458987423935e-06,False,False,False
CRR-STAGEII-CONFIRM-2026-07-22,21c5b970e734ed79636df2f3882d4d85460c5efa40b88e59b9b9a3f34a25c0ff,E5,E5-ASSUMED-CLAYTON,202607225062,solved,0.4305393467766765,0.4305387957042799,0.43053934677667643,5.51072396548502e-07,False,False,False
CRR-STAGEII-CONFIRM-2026-07-22,21c5b970e734ed79636df2f3882d4d85460c5efa40b88e59b9b9a3f34a25c0ff,E5,E5-ASSUMED-CLAYTON,202607225063,solved,-1.0,-1.0,-0.999998303745796,1.696254203986669e-06,True,True,True
CRR-STAGEII-CONFIRM-2026-07-22,21c5b970e734ed79636df2f3882d4d85460c5efa40b88e59b9b9a3f34a25c0ff,E5,E5-ASSUMED-CLAYTON,202607225064,solved,-1.0,-1.0,-0.9999988555841686,1.1444158314333208e-06,True,True,True
CRR-STAGEII-CONFIRM-2026-07-22,21c5b970e734ed79636df2f3882d4d85460c5efa40b88e59b9b9a3f34a25c0ff,E5,E5-ASSUMED-EMPIRICAL_COPULA,202607225001,solved,0.7722879728307823,0.772286800047236,0.7722879728307818,1.1727835457220337e-06,False,False,False
CRR-STAGEII-CONFIRM-2026-07-22,21c5b970e734ed79636df2f3882d4d85460c5efa40b88e59b9b9a3f34a25c0ff,E5,E5-ASSUMED-EMPIRICAL_COPULA,202607225002,solved,0.8270885116536251,0.8270872580246159,0.8270885116536251,1.2536290091569313e-06,False,False,False
CRR-STAGEII-CONFIRM-2026-07-22,21c5b970e734ed79636df2f3882d4d85460c5efa40b88e59b9b9a3f34a25c0ff,E5,E5-ASSUMED-EMPIRICAL_COPULA,202607225003,solved,0.7722879728307823,0.7722870970314839,0.7722879728307818,8.757992978614126e-07,False,False,False
CRR-STAGEII-CONFIRM-2026-07-22,21c5b970e734ed79636df2f3882d4d85460c5efa40b88e59b9b9a3f34a25c0ff,E5,E5-ASSUMED-EMPIRICAL_COPULA,202607225004,solved,0.7477030903420938,0.7477003546586127,0.7477030903420947,2.7356834819691755e-06,False,False,False
CRR-STAGEII-CONFIRM-2026-07-22,21c5b970e734ed79636df2f3882d4d85460c5efa40b88e59b9b9a3f34a25c0ff,E5,E5-ASSUMED-EMPIRICAL_COPULA,202607225005,solved,0.8577511082836919,0.8577502634673847,0.8577511082836905,8.448163058005775e-07,False,False,False
CRR-STAGEII-CONFIRM-2026-07-22,21c5b970e734ed79636df2f3882d4d85460c5efa40b88e59b9b9a3f34a25c0ff,E5,E5-ASSUMED-EMPIRICAL_COPULA,202607225006,solved,1.0,0.9999988675567477,1.0,1.1324432522830108e-06,False,False,False
CRR-STAGEII-CONFIRM-2026-07-22,21c5b970e734ed79636df2f3882d4d85460c5efa40b88e59b9b9a3f34a25c0ff,E5,E5-ASSUMED-EMPIRICAL_COPULA,202607225007,solved,0.927007314305037,0.9270064148404121,0.9270073143050365,8.994646243376536e-07,False,False,False
CRR-STAGEII-CONFIRM-2026-07-22,21c5b970e734ed79636df2f3882d4d85460c5efa40b88e59b9b9a3f34a25c0ff,E5,E5-ASSUMED-EMPIRICAL_COPULA,202607225008,solved,0.8270885116536251,0.8270877683166727,0.8270885116536251,7.433369523246469e-07,False,False,False
CRR-STAGEII-CONFIRM-2026-07-22,21c5b970e734ed79636df2f3882d4d85460c5efa40b88e59b9b9a3f34a25c0ff,E5,E5-ASSUMED-EMPIRICAL_COPULA,202607225009,solved,0.927007314305037,0.927006669053786,0.9270073143050365,6.452512504306895e-07,False,False,False
CRR-STAGEII-CONFIRM-2026-07-22,21c5b970e734ed79636df2f3882d4d85460c5efa40b88e59b9b9a3f34a25c0ff,E5,E5-ASSUMED-EMPIRICAL_COPULA,202607225010,solved,0.8909481196198321,0.8909474854625635,0.8909481196198307,6.341572671431095e-07,False,False,False
CRR-STAGEII-CONFIRM-2026-07-22,21c5b970e734ed79636df2f3882d4d85460c5efa40b88e59b9b9a3f34a25c0ff,E5,E5-ASSUMED-EMPIRICAL_COPULA,202607225011,solved,0.7986807677021162,0.798678022021549,0.7986807677021158,2.745680566795805e-06,False,False,False
CRR-STAGEII-CONFIRM-2026-07-22,21c5b970e734ed79636df2f3882d4d85460c5efa40b88e59b9b9a3f34a25c0ff,E5,E5-ASSUMED-EMPIRICAL_COPULA,202607225012,solved,0.966315526418611,0.9663140726432552,0.9663155264186111,1.4537753558752087e-06,False,False,False
CRR-STAGEII-CONFIRM-2026-07-22,21c5b970e734ed79636df2f3882d4d85460c5efa40b88e59b9b9a3f34a25c0ff,E5,E5-ASSUMED-EMPIRICAL_COPULA,202607225013,solved,0.927007314305037,0.927006564017005,0.9270073143050365,7.502880314813609e-07,False,False,False
CRR-STAGEII-CONFIRM-2026-07-22,21c5b970e734ed79636df2f3882d4d85460c5efa40b88e59b9b9a3f34a25c0ff,E5,E5-ASSUMED-EMPIRICAL_COPULA,202607225014,solved,0.7477030903420938,0.7477017521604294,0.7477030903420947,1.3381816652557887e-06,False,False,False
CRR-STAGEII-CONFIRM-2026-07-22,21c5b970e734ed79636df2f3882d4d85460c5efa40b88e59b9b9a3f34a25c0ff,E5,E5-ASSUMED-EMPIRICAL_COPULA,202607225015,solved,0.6831113689948867,0.683110016985079,0.6831113689948851,1.352009806110388e-06,False,False,False
CRR-STAGEII-CONFIRM-2026-07-22,21c5b970e734ed79636df2f3882d4d85460c5efa40b88e59b9b9a3f34a25c0ff,E5,E5-ASSUMED-EMPIRICAL_COPULA,202607225016,solved,0.8909481196198321,0.8909469547819544,0.8909481196198307,1.1648378762663114e-06,False,False,False
CRR-STAGEII-CONFIRM-2026-07-22,21c5b970e734ed79636df2f3882d4d85460c5efa40b88e59b9b9a3f34a25c0ff,E5,E5-ASSUMED-EMPIRICAL_COPULA,202607225017,solved,0.7722879728307823,0.772286198985808,0.7722879728307818,1.7738449737958462e-06,False,False,False
CRR-STAGEII-CONFIRM-2026-07-22,21c5b970e734ed79636df2f3882d4d85460c5efa40b88e59b9b9a3f34a25c0ff,E5,E5-ASSUMED-EMPIRICAL_COPULA,202607225018,solved,0.7722879728307823,0.7722872645114436,0.7722879728307818,7.083193381829389e-07,False,False,False
CRR-STAGEII-CONFIRM-2026-07-22,21c5b970e734ed79636df2f3882d4d85460c5efa40b88e59b9b9a3f34a25c0ff,E5,E5-ASSUMED-EMPIRICAL_COPULA,202607225019,solved,0.6716110221460776,0.6716097730364445,0.6716110221460756,1.2491096310629501e-06,False,False,False
CRR-STAGEII-CONFIRM-2026-07-22,21c5b970e734ed79636df2f3882d4d85460c5efa40b88e59b9b9a3f34a25c0ff,E5,E5-ASSUMED-EMPIRICAL_COPULA,202607225020,solved,0.8577511082836919,0.8577500657247702,0.8577511082836905,1.0425589203055807e-06,False,False,False
CRR-STAGEII-CONFIRM-2026-07-22,21c5b970e734ed79636df2f3882d4d85460c5efa40b88e59b9b9a3f34a25c0ff,E5,E5-ASSUMED-EMPIRICAL_COPULA,202607225021,solved,1.0,0.9999993164548809,1.0,6.835451190623232e-07,False,False,False
CRR-STAGEII-CONFIRM-2026-07-22,21c5b970e734ed79636df2f3882d4d85460c5efa40b88e59b9b9a3f34a25c0ff,E5,E5-ASSUMED-EMPIRICAL_COPULA,202607225022,solved,0.6716110221460776,0.6716080664727668,0.6716110221460756,2.9556733087687803e-06,False,False,False
CRR-STAGEII-CONFIRM-2026-07-22,21c5b970e734ed79636df2f3882d4d85460c5efa40b88e59b9b9a3f34a25c0ff,E5,E5-ASSUMED-EMPIRICAL_COPULA,202607225023,solved,0.7247465083561013,0.7247456877985142,0.7247465083561011,8.205575868780457e-07,False,False,False
CRR-STAGEII-CONFIRM-2026-07-22,21c5b970e734ed79636df2f3882d4d85460c5efa40b88e59b9b9a3f34a25c0ff,E5,E5-ASSUMED-EMPIRICAL_COPULA,202607225024,solved,0.8577511082836919,0.857750463719346,0.8577511082836905,6.44564344454146e-07,False,False,False
CRR-STAGEII-CONFIRM-2026-07-22,21c5b970e734ed79636df2f3882d4d85460c5efa40b88e59b9b9a3f34a25c0ff,E5,E5-ASSUMED-EMPIRICAL_COPULA,202607225025,solved,0.927007314305037,0.9270064532581616,0.9270073143050365,8.610468749115086e-07,False,False,False
CRR-STAGEII-CONFIRM-2026-07-22,21c5b970e734ed79636df2f3882d4d85460c5efa40b88e59b9b9a3f34a25c0ff,E5,E5-ASSUMED-EMPIRICAL_COPULA,202607225026,solved,0.7722879728307823,0.7722801057046893,0.7722879728307818,7.867126092464538e-06,False,False,False
CRR-STAGEII-CONFIRM-2026-07-22,21c5b970e734ed79636df2f3882d4d85460c5efa40b88e59b9b9a3f34a25c0ff,E5,E5-ASSUMED-EMPIRICAL_COPULA,202607225027,solved,0.6831113689948867,0.6831068634584425,0.6831113689948851,4.505536442600544e-06,False,False,False
CRR-STAGEII-CONFIRM-2026-07-22,21c5b970e734ed79636df2f3882d4d85460c5efa40b88e59b9b9a3f34a25c0ff,E5,E5-ASSUMED-EMPIRICAL_COPULA,202607225028,solved,0.966315526418611,0.9663149504531976,0.9663155264186111,5.759654134740444e-07,False,False,False
CRR-STAGEII-CONFIRM-2026-07-22,21c5b970e734ed79636df2f3882d4d85460c5efa40b88e59b9b9a3f34a25c0ff,E5,E5-ASSUMED-EMPIRICAL_COPULA,202607225029,solved,0.927007314305037,0.9270065160541306,0.9270073143050365,7.98250905820197e-07,False,False,False
CRR-STAGEII-CONFIRM-2026-07-22,21c5b970e734ed79636df2f3882d4d85460c5efa40b88e59b9b9a3f34a25c0ff,E5,E5-ASSUMED-EMPIRICAL_COPULA,202607225030,solved,0.7477030903420938,0.7477014043170739,0.7477030903420947,1.6860250208194927e-06,False,False,False
CRR-STAGEII-CONFIRM-2026-07-22,21c5b970e734ed79636df2f3882d4d85460c5efa40b88e59b9b9a3f34a25c0ff,E5,E5-ASSUMED-EMPIRICAL_COPULA,202607225031,solved,0.966315526418611,0.9663145888380139,0.9663155264186111,9.375805971600926e-07,False,False,False
CRR-STAGEII-CONFIRM-2026-07-22,21c5b970e734ed79636df2f3882d4d85460c5efa40b88e59b9b9a3f34a25c0ff,E5,E5-ASSUMED-EMPIRICAL_COPULA,202607225032,solved,0.7247465083561013,0.724744558217902,0.7247465083561011,1.9501381991471334e-06,False,False,False
CRR-STAGEII-CONFIRM-2026-07-22,21c5b970e734ed79636df2f3882d4d85460c5efa40b88e59b9b9a3f34a25c0ff,E5,E5-ASSUMED-EMPIRICAL_COPULA,202607225033,solved,0.7247465083561013,0.7247456511870165,0.7247465083561011,8.571690846004287e-07,False,False,False
CRR-STAGEII-CONFIRM-2026-07-22,21c5b970e734ed79636df2f3882d4d85460c5efa40b88e59b9b9a3f34a25c0ff,E5,E5-ASSUMED-EMPIRICAL_COPULA,202607225034,solved,0.8577511082836919,0.8577503176290078,0.8577511082836905,7.906546827252114e-07,False,False,False
CRR-STAGEII-CONFIRM-2026-07-22,21c5b970e734ed79636df2f3882d4d85460c5efa40b88e59b9b9a3f34a25c0ff,E5,E5-ASSUMED-EMPIRICAL_COPULA,202607225035,solved,0.8909481196198321,0.8909474470342159,0.8909481196198307,6.725856147582476e-07,False,False,False
CRR-STAGEII-CONFIRM-2026-07-22,21c5b970e734ed79636df2f3882d4d85460c5efa40b88e59b9b9a3f34a25c0ff,E5,E5-ASSUMED-EMPIRICAL_COPULA,202607225036,solved,0.8270885116536251,0.8270878784430238,0.8270885116536251,6.332106012862937e-07,False,False,False
CRR-STAGEII-CONFIRM-2026-07-22,21c5b970e734ed79636df2f3882d4d85460c5efa40b88e59b9b9a3f34a25c0ff,E5,E5-ASSUMED-EMPIRICAL_COPULA,202607225037,solved,1.0,0.9999991380580412,1.0,8.619419588073995e-07,False,False,False
CRR-STAGEII-CONFIRM-2026-07-22,21c5b970e734ed79636df2f3882d4d85460c5efa40b88e59b9b9a3f34a25c0ff,E5,E5-ASSUMED-EMPIRICAL_COPULA,202607225038,solved,0.7247465083561013,0.7247453871338343,0.7247465083561011,1.1212222668088856e-06,False,False,False
CRR-STAGEII-CONFIRM-2026-07-22,21c5b970e734ed79636df2f3882d4d85460c5efa40b88e59b9b9a3f34a25c0ff,E5,E5-ASSUMED-EMPIRICAL_COPULA,202607225039,solved,0.8909481196198321,0.8909472591370882,0.8909481196198307,8.60482742504054e-07,False,False,False
CRR-STAGEII-CONFIRM-2026-07-22,21c5b970e734ed79636df2f3882d4d85460c5efa40b88e59b9b9a3f34a25c0ff,E5,E5-ASSUMED-EMPIRICAL_COPULA,202607225040,solved,0.7477030903420938,0.7477023100215564,0.7477030903420947,7.803205382961309e-07,False,False,False
CRR-STAGEII-CONFIRM-2026-07-22,21c5b970e734ed79636df2f3882d4d85460c5efa40b88e59b9b9a3f34a25c0ff,E5,E5-ASSUMED-EMPIRICAL_COPULA,202607225041,solved,0.7477030903420938,0.7477022998799583,0.7477030903420947,7.904621364129838e-07,False,False,False
CRR-STAGEII-CONFIRM-2026-07-22,21c5b970e734ed79636df2f3882d4d85460c5efa40b88e59b9b9a3f34a25c0ff,E5,E5-ASSUMED-EMPIRICAL_COPULA,202607225042,solved,0.8270885116536251,0.8270873040805478,0.8270885116536251,1.2075730773108972e-06,False,False,False
CRR-STAGEII-CONFIRM-2026-07-22,21c5b970e734ed79636df2f3882d4d85460c5efa40b88e59b9b9a3f34a25c0ff,E5,E5-ASSUMED-EMPIRICAL_COPULA,202607225043,solved,0.703261644382779,0.7032600075540849,0.7032616443827782,1.6368286932522125e-06,False,False,False
CRR-STAGEII-CONFIRM-2026-07-22,21c5b970e734ed79636df2f3882d4d85460c5efa40b88e59b9b9a3f34a25c0ff,E5,E5-ASSUMED-EMPIRICAL_COPULA,202607225044,solved,0.927007314305037,0.9270064678092588,0.9270073143050365,8.464957776954662e-07,False,False,False
CRR-STAGEII-CONFIRM-2026-07-22,21c5b970e734ed79636df2f3882d4d85460c5efa40b88e59b9b9a3f34a25c0ff,E5,E5-ASSUMED-EMPIRICAL_COPULA,202607225045,solved,0.927007314305037,0.9270065587841999,0.9270073143050365,7.555208365594979e-07,False,False,False
CRR-STAGEII-CONFIRM-2026-07-22,21c5b970e734ed79636df2f3882d4d85460c5efa40b88e59b9b9a3f34a25c0ff,E5,E5-ASSUMED-EMPIRICAL_COPULA,202607225046,solved,0.7986807677021162,0.7986799119112312,0.7986807677021158,8.557908846018591e-07,False,False,False
CRR-STAGEII-CONFIRM-2026-07-22,21c5b970e734ed79636df2f3882d4d85460c5efa40b88e59b9b9a3f34a25c0ff,E5,E5-ASSUMED-EMPIRICAL_COPULA,202607225047,solved,-1.0,-1.0,-0.9999406289432875,5.9371056712498316e-05,True,True,True
CRR-STAGEII-CONFIRM-2026-07-22,21c5b970e734ed79636df2f3882d4d85460c5efa40b88e59b9b9a3f34a25c0ff,E5,E5-ASSUMED-EMPIRICAL_COPULA,202607225048,solved,1.0,0.99999913793112,1.0,8.620688799476639e-07,False,False,False
CRR-STAGEII-CONFIRM-2026-07-22,21c5b970e734ed79636df2f3882d4d85460c5efa40b88e59b9b9a3f34a25c0ff,E5,E5-ASSUMED-EMPIRICAL_COPULA,202607225049,solved,0.8909481196198321,0.8909467983312824,0.8909481196198307,1.3212885482394299e-06,False,False,False
CRR-STAGEII-CONFIRM-2026-07-22,21c5b970e734ed79636df2f3882d4d85460c5efa40b88e59b9b9a3f34a25c0ff,E5,E5-ASSUMED-EMPIRICAL_COPULA,202607225050,solved,0.7247465083561013,0.7247421287534248,0.7247465083561011,4.379602676296557e-06,False,False,False
CRR-STAGEII-CONFIRM-2026-07-22,21c5b970e734ed79636df2f3882d4d85460c5efa40b88e59b9b9a3f34a25c0ff,E5,E5-ASSUMED-EMPIRICAL_COPULA,202607225051,solved,0.927007314305037,0.9270062896814639,0.9270073143050365,1.0246235725430708e-06,False,False,False
CRR-STAGEII-CONFIRM-2026-07-22,21c5b970e734ed79636df2f3882d4d85460c5efa40b88e59b9b9a3f34a25c0ff,E5,E5-ASSUMED-EMPIRICAL_COPULA,202607225052,solved,0.927007314305037,0.9270062279876682,0.9270073143050365,1.0863173682817973e-06,False,False,False
CRR-STAGEII-CONFIRM-2026-07-22,21c5b970e734ed79636df2f3882d4d85460c5efa40b88e59b9b9a3f34a25c0ff,E5,E5-ASSUMED-EMPIRICAL_COPULA,202607225053,solved,0.7477030903420938,0.7477014696089601,0.7477030903420947,1.6207331345885478e-06,False,False,False
CRR-STAGEII-CONFIRM-2026-07-22,21c5b970e734ed79636df2f3882d4d85460c5efa40b88e59b9b9a3f34a25c0ff,E5,E5-ASSUMED-EMPIRICAL_COPULA,202607225054,solved,-1.0,-1.0,-0.9999928681778822,7.131822117756315e-06,True,True,True
CRR-STAGEII-CONFIRM-2026-07-22,21c5b970e734ed79636df2f3882d4d85460c5efa40b88e59b9b9a3f34a25c0ff,E5,E5-ASSUMED-EMPIRICAL_COPULA,202607225055,solved,0.8270885116536251,0.8270859207382986,0.8270885116536251,2.590915326505794e-06,False,False,False
CRR-STAGEII-CONFIRM-2026-07-22,21c5b970e734ed79636df2f3882d4d85460c5efa40b88e59b9b9a3f34a25c0ff,E5,E5-ASSUMED-EMPIRICAL_COPULA,202607225056,solved,0.703261644382779,0.7032601417350187,0.7032616443827782,1.5026477594437537e-06,False,False,False
CRR-STAGEII-CONFIRM-2026-07-22,21c5b970e734ed79636df2f3882d4d85460c5efa40b88e59b9b9a3f34a25c0ff,E5,E5-ASSUMED-EMPIRICAL_COPULA,202607225057,solved,0.8909481196198321,0.8909473244187321,0.8909481196198307,7.952010985246005e-07,False,False,False
CRR-STAGEII-CONFIRM-2026-07-22,21c5b970e734ed79636df2f3882d4d85460c5efa40b88e59b9b9a3f34a25c0ff,E5,E5-ASSUMED-EMPIRICAL_COPULA,202607225058,solved,0.7247465083561013,0.7247430955592449,0.7247465083561011,3.412796856228084e-06,False,False,False
CRR-STAGEII-CONFIRM-2026-07-22,21c5b970e734ed79636df2f3882d4d85460c5efa40b88e59b9b9a3f34a25c0ff,E5,E5-ASSUMED-EMPIRICAL_COPULA,202607225059,solved,0.7986807677021162,0.7986798806398225,0.7986807677021158,8.870622932866112e-07,False,False,False
CRR-STAGEII-CONFIRM-2026-07-22,21c5b970e734ed79636df2f3882d4d85460c5efa40b88e59b9b9a3f34a25c0ff,E5,E5-ASSUMED-EMPIRICAL_COPULA,202607225060,solved,0.927007314305037,0.9270067077375297,0.9270073143050365,6.065675067778997e-07,False,False,False
CRR-STAGEII-CONFIRM-2026-07-22,21c5b970e734ed79636df2f3882d4d85460c5efa40b88e59b9b9a3f34a25c0ff,E5,E5-ASSUMED-EMPIRICAL_COPULA,202607225061,solved,0.7986807677021162,0.7986799896271559,0.7986807677021158,7.780749599062275e-07,False,False,False
CRR-STAGEII-CONFIRM-2026-07-22,21c5b970e734ed79636df2f3882d4d85460c5efa40b88e59b9b9a3f34a25c0ff,E5,E5-ASSUMED-EMPIRICAL_COPULA,202607225062,solved,0.927007314305037,0.927006603659016,0.9270073143050365,7.106460204742149e-07,False,False,False
CRR-STAGEII-CONFIRM-2026-07-22,21c5b970e734ed79636df2f3882d4d85460c5efa40b88e59b9b9a3f34a25c0ff,E5,E5-ASSUMED-EMPIRICAL_COPULA,202607225063,solved,0.8270885116536251,0.8270873784017222,0.8270885116536251,1.133251902873944e-06,False,False,False
CRR-STAGEII-CONFIRM-2026-07-22,21c5b970e734ed79636df2f3882d4d85460c5efa40b88e59b9b9a3f34a25c0ff,E5,E5-ASSUMED-EMPIRICAL_COPULA,202607225064,solved,0.8577511082836919,0.8577503572682837,0.8577511082836905,7.510154067524866e-07,False,False,False
CRR-STAGEII-CONFIRM-2026-07-22,21c5b970e734ed79636df2f3882d4d85460c5efa40b88e59b9b9a3f34a25c0ff,E5,E5-ASSUMED-GAUSSIAN,202607225001,solved,0.6727341223118131,0.6727333905339629,0.6727341223118124,7.317778495385951e-07,False,False,False
CRR-STAGEII-CONFIRM-2026-07-22,21c5b970e734ed79636df2f3882d4d85460c5efa40b88e59b9b9a3f34a25c0ff,E5,E5-ASSUMED-GAUSSIAN,202607225002,solved,0.8598586976446057,0.859856358558466,0.8598586976446058,2.3390861397798446e-06,False,False,False
CRR-STAGEII-CONFIRM-2026-07-22,21c5b970e734ed79636df2f3882d4d85460c5efa40b88e59b9b9a3f34a25c0ff,E5,E5-ASSUMED-GAUSSIAN,202607225003,solved,0.44199646313349655,0.44199474911114317,0.4419964631334971,1.7140223539380273e-06,False,False,False
CRR-STAGEII-CONFIRM-2026-07-22,21c5b970e734ed79636df2f3882d4d85460c5efa40b88e59b9b9a3f34a25c0ff,E5,E5-ASSUMED-GAUSSIAN,202607225004,solved,-1.0,-1.0,-0.9999964123511778,3.5876488222452707e-06,True,True,True
CRR-STAGEII-CONFIRM-2026-07-22,21c5b970e734ed79636df2f3882d4d85460c5efa40b88e59b9b9a3f34a25c0ff,E5,E5-ASSUMED-GAUSSIAN,202607225005,solved,0.7448015639825802,0.7448012205873307,0.7448015639825808,3.433952501241677e-07,False,False,False
CRR-STAGEII-CONFIRM-2026-07-22,21c5b970e734ed79636df2f3882d4d85460c5efa40b88e59b9b9a3f34a25c0ff,E5,E5-ASSUMED-GAUSSIAN,202607225006,solved,0.5967788473749531,0.5967780903948359,0.5967788473749529,7.569801170337342e-07,False,False,False
CRR-STAGEII-CONFIRM-2026-07-22,21c5b970e734ed79636df2f3882d4d85460c5efa40b88e59b9b9a3f34a25c0ff,E5,E5-ASSUMED-GAUSSIAN,202607225007,solved,0.4224524295712231,0.42244926947448447,0.42245242957122114,3.1600967366762767e-06,False,False,False
CRR-STAGEII-CONFIRM-2026-07-22,21c5b970e734ed79636df2f3882d4d85460c5efa40b88e59b9b9a3f34a25c0ff,E5,E5-ASSUMED-GAUSSIAN,202607225008,solved,0.8926416785910833,0.8926399824963835,0.8926416785910835,1.6960946999100557e-06,False,False,False
CRR-STAGEII-CONFIRM-2026-07-22,21c5b970e734ed79636df2f3882d4d85460c5efa40b88e59b9b9a3f34a25c0ff,E5,E5-ASSUMED-GAUSSIAN,202607225009,solved,0.5064425123979757,0.5064417850594045,0.5064425123979762,7.273385717043723e-07,False,False,False
CRR-STAGEII-CONFIRM-2026-07-22,21c5b970e734ed79636df2f3882d4d85460c5efa40b88e59b9b9a3f34a25c0ff,E5,E5-ASSUMED-GAUSSIAN,202607225010,solved,0.7398429567450737,0.7398421473424897,0.7398429567450729,8.094025832905416e-07,False,False,False
CRR-STAGEII-CONFIRM-2026-07-22,21c5b970e734ed79636df2f3882d4d85460c5efa40b88e59b9b9a3f34a25c0ff,E5,E5-ASSUMED-GAUSSIAN,202607225011,solved,0.36762471276918407,0.36762355575609734,0.3676247130892135,1.1573331161751632e-06,False,False,False
CRR-STAGEII-CONFIRM-2026-07-22,21c5b970e734ed79636df2f3882d4d85460c5efa40b88e59b9b9a3f34a25c0ff,E5,E5-ASSUMED-GAUSSIAN,202607225012,solved,0.38006151035380387,0.3800593707092516,0.38006151035380376,2.1396445521459917e-06,False,False,False
CRR-STAGEII-CONFIRM-2026-07-22,21c5b970e734ed79636df2f3882d4d85460c5efa40b88e59b9b9a3f34a25c0ff,E5,E5-ASSUMED-GAUSSIAN,202607225013,solved,0.24818171966341906,0.2481801721767785,0.2481817196634193,1.5474866407738652e-06,False,False,False
CRR-STAGEII-CONFIRM-2026-07-22,21c5b970e734ed79636df2f3882d4d85460c5efa40b88e59b9b9a3f34a25c0ff,E5,E5-ASSUMED-GAUSSIAN,202607225014,solved,0.7010871137217225,0.7010865050369937,0.7010871137217224,6.086847287312125e-07,False,False,False
CRR-STAGEII-CONFIRM-2026-07-22,21c5b970e734ed79636df2f3882d4d85460c5efa40b88e59b9b9a3f34a25c0ff,E5,E5-ASSUMED-GAUSSIAN,202607225015,solved,0.42247668621060397,0.4224746557724794,0.4224766862106041,2.0304381246893932e-06,False,False,False
CRR-STAGEII-CONFIRM-2026-07-22,21c5b970e734ed79636df2f3882d4d85460c5efa40b88e59b9b9a3f34a25c0ff,E5,E5-ASSUMED-GAUSSIAN,202607225016,solved,0.18301127313683718,0.18301050473044222,0.18301127325511812,7.685246758981634e-07,False,False,False
CRR-STAGEII-CONFIRM-2026-07-22,21c5b970e734ed79636df2f3882d4d85460c5efa40b88e59b9b9a3f34a25c0ff,E5,E5-ASSUMED-GAUSSIAN,202607225017,solved,0.4829755033006906,0.482971978338187,0.4829755033006904,3.5249625033872967e-06,False,False,False
CRR-STAGEII-CONFIRM-2026-07-22,21c5b970e734ed79636df2f3882d4d85460c5efa40b88e59b9b9a3f34a25c0ff,E5,E5-ASSUMED-GAUSSIAN,202607225018,solved,0.7226451160449718,0.722644609719818,0.7226451160449725,5.06325154470133e-07,False,False,False
CRR-STAGEII-CONFIRM-2026-07-22,21c5b970e734ed79636df2f3882d4d85460c5efa40b88e59b9b9a3f34a25c0ff,E5,E5-ASSUMED-GAUSSIAN,202607225019,solved,0.5771760855973163,0.5771750303744205,0.5771760855973157,1.0552228951743459e-06,False,False,False
CRR-STAGEII-CONFIRM-2026-07-22,21c5b970e734ed79636df2f3882d4d85460c5efa40b88e59b9b9a3f34a25c0ff,E5,E5-ASSUMED-GAUSSIAN,202607225020,solved,0.30184994457014747,0.30184897019442447,0.30184994457014763,9.743757231617245e-07,False,False,False
CRR-STAGEII-CONFIRM-2026-07-22,21c5b970e734ed79636df2f3882d4d85460c5efa40b88e59b9b9a3f34a25c0ff,E5,E5-ASSUMED-GAUSSIAN,202607225021,solved,0.30389743062420127,0.3038963815441731,0.3038974306242007,1.0490800276263812e-06,False,False,False
CRR-STAGEII-CONFIRM-2026-07-22,21c5b970e734ed79636df2f3882d4d85460c5efa40b88e59b9b9a3f34a25c0ff,E5,E5-ASSUMED-GAUSSIAN,202607225022,solved,0.534759902590574,0.5347587626425006,0.5347599025905738,1.1399480732698919e-06,False,False,False
CRR-STAGEII-CONFIRM-2026-07-22,21c5b970e734ed79636df2f3882d4d85460c5efa40b88e59b9b9a3f34a25c0ff,E5,E5-ASSUMED-GAUSSIAN,202607225023,solved,-1.0,-1.0,-0.9999918137289785,8.186271021504155e-06,True,True,True
CRR-STAGEII-CONFIRM-2026-07-22,21c5b970e734ed79636df2f3882d4d85460c5efa40b88e59b9b9a3f34a25c0ff,E5,E5-ASSUMED-GAUSSIAN,202607225024,solved,0.6314914291932607,0.6314898623928873,0.6314914291932601,1.5668003727764557e-06,False,False,False
CRR-STAGEII-CONFIRM-2026-07-22,21c5b970e734ed79636df2f3882d4d85460c5efa40b88e59b9b9a3f34a25c0ff,E5,E5-ASSUMED-GAUSSIAN,202607225025,solved,0.57886138186295,0.5788604570933185,0.5788613818629507,9.247696322045584e-07,False,False,False
CRR-STAGEII-CONFIRM-2026-07-22,21c5b970e734ed79636df2f3882d4d85460c5efa40b88e59b9b9a3f34a25c0ff,E5,E5-ASSUMED-GAUSSIAN,202607225026,solved,0.7941804933221566,0.7941791449678318,0.7941804933221563,1.3483543245262908e-06,False,False,False
CRR-STAGEII-CONFIRM-2026-07-22,21c5b970e734ed79636df2f3882d4d85460c5efa40b88e59b9b9a3f34a25c0ff,E5,E5-ASSUMED-GAUSSIAN,202607225027,solved,0.6247616461679122,0.6247608412121397,0.6247616461679119,8.049557721490075e-07,False,False,False
CRR-STAGEII-CONFIRM-2026-07-22,21c5b970e734ed79636df2f3882d4d85460c5efa40b88e59b9b9a3f34a25c0ff,E5,E5-ASSUMED-GAUSSIAN,202607225028,solved,0.8589158739235039,0.8589154813854186,0.8589158739235035,3.9253808492567543e-07,False,False,False
CRR-STAGEII-CONFIRM-2026-07-22,21c5b970e734ed79636df2f3882d4d85460c5efa40b88e59b9b9a3f34a25c0ff,E5,E5-ASSUMED-GAUSSIAN,202607225029,solved,0.7434930032546234,0.7434922985681076,0.7434930032546236,7.046865160287297e-07,False,False,False
CRR-STAGEII-CONFIRM-2026-07-22,21c5b970e734ed79636df2f3882d4d85460c5efa40b88e59b9b9a3f34a25c0ff,E5,E5-ASSUMED-GAUSSIAN,202607225030,solved,-1.0,-1.0,-0.9999981698012518,1.8301987482205462e-06,True,True,True
CRR-STAGEII-CONFIRM-2026-07-22,21c5b970e734ed79636df2f3882d4d85460c5efa40b88e59b9b9a3f34a25c0ff,E5,E5-ASSUMED-GAUSSIAN,202607225031,solved,0.7773085622400193,0.7773078550999775,0.7773085622400194,7.071400419667029e-07,False,False,False
CRR-STAGEII-CONFIRM-2026-07-22,21c5b970e734ed79636df2f3882d4d85460c5efa40b88e59b9b9a3f34a25c0ff,E5,E5-ASSUMED-GAUSSIAN,202607225032,solved,0.4996077095173068,0.4996054109497528,0.49960770951730676,2.2985675539599626e-06,False,False,False
CRR-STAGEII-CONFIRM-2026-07-22,21c5b970e734ed79636df2f3882d4d85460c5efa40b88e59b9b9a3f34a25c0ff,E5,E5-ASSUMED-GAUSSIAN,202607225033,solved,0.7299664549865368,0.7299657486728861,0.7299664549865377,7.063136515661483e-07,False,False,False
CRR-STAGEII-CONFIRM-2026-07-22,21c5b970e734ed79636df2f3882d4d85460c5efa40b88e59b9b9a3f34a25c0ff,E5,E5-ASSUMED-GAUSSIAN,202607225034,solved,0.914553942230611,0.9145534369414552,0.9145539422306117,5.052891565160422e-07,False,False,False
CRR-STAGEII-CONFIRM-2026-07-22,21c5b970e734ed79636df2f3882d4d85460c5efa40b88e59b9b9a3f34a25c0ff,E5,E5-ASSUMED-GAUSSIAN,202607225035,solved,-0.10163009162914977,-0.10163094391984473,-0.10163008333090495,8.605889397772515e-07,True,True,True
CRR-STAGEII-CONFIRM-2026-07-22,21c5b970e734ed79636df2f3882d4d85460c5efa40b88e59b9b9a3f34a25c0ff,E5,E5-ASSUMED-GAUSSIAN,202607225036,solved,0.6646547268880889,0.6646537188117373,0.6646547268880894,1.0080763520603497e-06,False,False,False
CRR-STAGEII-CONFIRM-2026-07-22,21c5b970e734ed79636df2f3882d4d85460c5efa40b88e59b9b9a3f34a25c0ff,E5,E5-ASSUMED-GAUSSIAN,202607225037,solved,0.6439714283320441,0.6439662694622298,0.6439714283320439,5.1588698141147304e-06,False,False,False
CRR-STAGEII-CONFIRM-2026-07-22,21c5b970e734ed79636df2f3882d4d85460c5efa40b88e59b9b9a3f34a25c0ff,E5,E5-ASSUMED-GAUSSIAN,202607225038,solved,0.9071896290519315,0.9071891729745452,0.907189629051933,4.5607738785591323e-07,False,False,False
CRR-STAGEII-CONFIRM-2026-07-22,21c5b970e734ed79636df2f3882d4d85460c5efa40b88e59b9b9a3f34a25c0ff,E5,E5-ASSUMED-GAUSSIAN,202607225039,solved,0.6969964585251145,0.6969959810063413,0.6969964585251127,4.775187714134432e-07,False,False,False
CRR-STAGEII-CONFIRM-2026-07-22,21c5b970e734ed79636df2f3882d4d85460c5efa40b88e59b9b9a3f34a25c0ff,E5,E5-ASSUMED-GAUSSIAN,202607225040,solved,0.4399035416277399,0.43990288396555244,0.439903541627741,6.576621885412415e-07,False,False,False
CRR-STAGEII-CONFIRM-2026-07-22,21c5b970e734ed79636df2f3882d4d85460c5efa40b88e59b9b9a3f34a25c0ff,E5,E5-ASSUMED-GAUSSIAN,202607225041,solved,0.7825206129410447,0.7825186581958063,0.7825206129410461,1.954745239785005e-06,False,False,False
CRR-STAGEII-CONFIRM-2026-07-22,21c5b970e734ed79636df2f3882d4d85460c5efa40b88e59b9b9a3f34a25c0ff,E5,E5-ASSUMED-GAUSSIAN,202607225042,solved,-1.0,-1.0,-0.9999961126478922,3.887352107767583e-06,True,True,True
CRR-STAGEII-CONFIRM-2026-07-22,21c5b970e734ed79636df2f3882d4d85460c5efa40b88e59b9b9a3f34a25c0ff,E5,E5-ASSUMED-GAUSSIAN,202607225043,solved,0.1542967763773273,0.1542956337824153,0.15429677751450693,1.14373209164631e-06,False,False,False
CRR-STAGEII-CONFIRM-2026-07-22,21c5b970e734ed79636df2f3882d4d85460c5efa40b88e59b9b9a3f34a25c0ff,E5,E5-ASSUMED-GAUSSIAN,202607225044,solved,0.7000168834990599,0.7000157445721618,0.7000168834990592,1.1389268974593136e-06,False,False,False
CRR-STAGEII-CONFIRM-2026-07-22,21c5b970e734ed79636df2f3882d4d85460c5efa40b88e59b9b9a3f34a25c0ff,E5,E5-ASSUMED-GAUSSIAN,202607225045,solved,-1.0,-1.0,-0.9999959890799932,4.010920006791707e-06,True,True,True
CRR-STAGEII-CONFIRM-2026-07-22,21c5b970e734ed79636df2f3882d4d85460c5efa40b88e59b9b9a3f34a25c0ff,E5,E5-ASSUMED-GAUSSIAN,202607225046,solved,0.7567887156557771,0.7567878926830205,0.7567887156557772,8.229727567199419e-07,False,False,False
CRR-STAGEII-CONFIRM-2026-07-22,21c5b970e734ed79636df2f3882d4d85460c5efa40b88e59b9b9a3f34a25c0ff,E5,E5-ASSUMED-GAUSSIAN,202607225047,solved,0.7844094986848513,0.7844090678435796,0.7844094986848525,4.308412729914224e-07,False,False,False
CRR-STAGEII-CONFIRM-2026-07-22,21c5b970e734ed79636df2f3882d4d85460c5efa40b88e59b9b9a3f34a25c0ff,E5,E5-ASSUMED-GAUSSIAN,202607225048,solved,0.7369225232886729,0.7369221272655289,0.7369225232886737,3.9602314483300205e-07,False,False,False
CRR-STAGEII-CONFIRM-2026-07-22,21c5b970e734ed79636df2f3882d4d85460c5efa40b88e59b9b9a3f34a25c0ff,E5,E5-ASSUMED-GAUSSIAN,202607225049,solved,0.7000386335867061,0.7000379229723378,0.7000386335867061,7.106143683488497e-07,False,False,False
CRR-STAGEII-CONFIRM-2026-07-22,21c5b970e734ed79636df2f3882d4d85460c5efa40b88e59b9b9a3f34a25c0ff,E5,E5-ASSUMED-GAUSSIAN,202607225050,solved,0.2226371957599818,0.22263620989076288,0.22263719575998198,9.858692190944929e-07,False,False,False
CRR-STAGEII-CONFIRM-2026-07-22,21c5b970e734ed79636df2f3882d4d85460c5efa40b88e59b9b9a3f34a25c0ff,E5,E5-ASSUMED-GAUSSIAN,202607225051,solved,0.5362918053830141,0.5362910159440495,0.5362918053830161,7.894389666418533e-07,False,False,False
CRR-STAGEII-CONFIRM-2026-07-22,21c5b970e734ed79636df2f3882d4d85460c5efa40b88e59b9b9a3f34a25c0ff,E5,E5-ASSUMED-GAUSSIAN,202607225052,solved,0.9651266540010717,0.9651263051525312,0.9651266540010733,3.4884854216432615e-07,False,False,False
CRR-STAGEII-CONFIRM-2026-07-22,21c5b970e734ed79636df2f3882d4d85460c5efa40b88e59b9b9a3f34a25c0ff,E5,E5-ASSUMED-GAUSSIAN,202607225053,solved,-1.0,-1.0,-0.9999985308208637,1.4691791363485862e-06,True,True,True
CRR-STAGEII-CONFIRM-2026-07-22,21c5b970e734ed79636df2f3882d4d85460c5efa40b88e59b9b9a3f34a25c0ff,E5,E5-ASSUMED-GAUSSIAN,202607225054,solved,-1.0,-1.0,-0.9999903728698416,9.627130158396113e-06,True,True,True
CRR-STAGEII-CONFIRM-2026-07-22,21c5b970e734ed79636df2f3882d4d85460c5efa40b88e59b9b9a3f34a25c0ff,E5,E5-ASSUMED-GAUSSIAN,202607225055,solved,0.41389008937815164,0.41388933739504885,0.41389008937815186,7.519831030089463e-07,False,False,False
CRR-STAGEII-CONFIRM-2026-07-22,21c5b970e734ed79636df2f3882d4d85460c5efa40b88e59b9b9a3f34a25c0ff,E5,E5-ASSUMED-GAUSSIAN,202607225056,solved,0.8857633300821499,0.8857628540661248,0.8857633300821514,4.760160265959712e-07,False,False,False
CRR-STAGEII-CONFIRM-2026-07-22,21c5b970e734ed79636df2f3882d4d85460c5efa40b88e59b9b9a3f34a25c0ff,E5,E5-ASSUMED-GAUSSIAN,202607225057,solved,0.8687585784117569,0.8687582204320234,0.8687585784117566,3.5797973318985044e-07,False,False,False
CRR-STAGEII-CONFIRM-2026-07-22,21c5b970e734ed79636df2f3882d4d85460c5efa40b88e59b9b9a3f34a25c0ff,E5,E5-ASSUMED-GAUSSIAN,202607225058,solved,0.9197843623076247,0.9197772223981036,0.9197843623076306,7.139909527054122e-06,False,False,False
CRR-STAGEII-CONFIRM-2026-07-22,21c5b970e734ed79636df2f3882d4d85460c5efa40b88e59b9b9a3f34a25c0ff,E5,E5-ASSUMED-GAUSSIAN,202607225059,solved,-1.0,-1.0,-0.9999979049607219,2.09503927806054e-06,True,True,True
CRR-STAGEII-CONFIRM-2026-07-22,21c5b970e734ed79636df2f3882d4d85460c5efa40b88e59b9b9a3f34a25c0ff,E5,E5-ASSUMED-GAUSSIAN,202607225060,solved,0.3663589913917291,0.3663582064099999,0.3663589913917295,7.849817296179395e-07,False,False,False
CRR-STAGEII-CONFIRM-2026-07-22,21c5b970e734ed79636df2f3882d4d85460c5efa40b88e59b9b9a3f34a25c0ff,E5,E5-ASSUMED-GAUSSIAN,202607225061,solved,0.43657904583622753,0.436578553187054,0.4365790458362276,4.926491735668392e-07,False,False,False
CRR-STAGEII-CONFIRM-2026-07-22,21c5b970e734ed79636df2f3882d4d85460c5efa40b88e59b9b9a3f34a25c0ff,E5,E5-ASSUMED-GAUSSIAN,202607225062,solved,0.16942528402553725,0.1694239218582579,0.16942528411812846,1.3622598705742561e-06,False,False,False
CRR-STAGEII-CONFIRM-2026-07-22,21c5b970e734ed79636df2f3882d4d85460c5efa40b88e59b9b9a3f34a25c0ff,E5,E5-ASSUMED-GAUSSIAN,202607225063,solved,0.8921206501973351,0.8921203180502361,0.8921206501973351,3.321470990469422e-07,False,False,False
CRR-STAGEII-CONFIRM-2026-07-22,21c5b970e734ed79636df2f3882d4d85460c5efa40b88e59b9b9a3f34a25c0ff,E5,E5-ASSUMED-GAUSSIAN,202607225064,solved,0.2192494414606343,0.21924824339039595,0.21924944146063297,1.198070237018456e-06,False,False,False
CRR-STAGEII-CONFIRM-2026-07-22,21c5b970e734ed79636df2f3882d4d85460c5efa40b88e59b9b9a3f34a25c0ff,E5,E5-ASSUMED-STUDENT_T_DF4,202607225001,solved,0.880079372926674,0.8800787468117061,0.8800793729266758,6.261149697595059e-07,False,False,False
CRR-STAGEII-CONFIRM-2026-07-22,21c5b970e734ed79636df2f3882d4d85460c5efa40b88e59b9b9a3f34a25c0ff,E5,E5-ASSUMED-STUDENT_T_DF4,202607225002,solved,0.6163257243966489,0.6163237700170314,0.6163257243966492,1.9543796178078665e-06,False,False,False
CRR-STAGEII-CONFIRM-2026-07-22,21c5b970e734ed79636df2f3882d4d85460c5efa40b88e59b9b9a3f34a25c0ff,E5,E5-ASSUMED-STUDENT_T_DF4,202607225003,solved,0.7766254207125389,0.7766247867841594,0.7766254207125397,6.33928380344706e-07,False,False,False
CRR-STAGEII-CONFIRM-2026-07-22,21c5b970e734ed79636df2f3882d4d85460c5efa40b88e59b9b9a3f34a25c0ff,E5,E5-ASSUMED-STUDENT_T_DF4,202607225004,solved,-1.0,-1.0,-0.9999683953738042,3.1604626195780305e-05,True,True,True
CRR-STAGEII-CONFIRM-2026-07-22,21c5b970e734ed79636df2f3882d4d85460c5efa40b88e59b9b9a3f34a25c0ff,E5,E5-ASSUMED-STUDENT_T_DF4,202607225005,solved,0.5548838597451478,0.5548834867327652,0.5548838597451472,3.7301238198228504e-07,False,False,False
CRR-STAGEII-CONFIRM-2026-07-22,21c5b970e734ed79636df2f3882d4d85460c5efa40b88e59b9b9a3f34a25c0ff,E5,E5-ASSUMED-STUDENT_T_DF4,202607225006,solved,0.3830417504591353,0.3830411924655987,0.38304175045913474,5.579935360433552e-07,False,False,False
CRR-STAGEII-CONFIRM-2026-07-22,21c5b970e734ed79636df2f3882d4d85460c5efa40b88e59b9b9a3f34a25c0ff,E5,E5-ASSUMED-STUDENT_T_DF4,202607225007,solved,0.6759546858842738,0.6759517966723281,0.6759546858842731,2.889211945023007e-06,False,False,False
CRR-STAGEII-CONFIRM-2026-07-22,21c5b970e734ed79636df2f3882d4d85460c5efa40b88e59b9b9a3f34a25c0ff,E5,E5-ASSUMED-STUDENT_T_DF4,202607225008,solved,0.2210140520945829,0.22100609246434205,0.22101405209458314,7.95963024108337e-06,False,False,False
CRR-STAGEII-CONFIRM-2026-07-22,21c5b970e734ed79636df2f3882d4d85460c5efa40b88e59b9b9a3f34a25c0ff,E5,E5-ASSUMED-STUDENT_T_DF4,202607225009,solved,0.7057073010604149,0.7057066262251634,0.7057073010604151,6.748352516794398e-07,False,False,False
CRR-STAGEII-CONFIRM-2026-07-22,21c5b970e734ed79636df2f3882d4d85460c5efa40b88e59b9b9a3f34a25c0ff,E5,E5-ASSUMED-STUDENT_T_DF4,202607225010,solved,0.6947002245607028,0.6946983501172264,0.6947002245607053,1.8744434789885744e-06,False,False,False
CRR-STAGEII-CONFIRM-2026-07-22,21c5b970e734ed79636df2f3882d4d85460c5efa40b88e59b9b9a3f34a25c0ff,E5,E5-ASSUMED-STUDENT_T_DF4,202607225011,solved,0.2390045330846351,0.23900232993914577,0.2390045330846346,2.2031454888216118e-06,False,False,False
CRR-STAGEII-CONFIRM-2026-07-22,21c5b970e734ed79636df2f3882d4d85460c5efa40b88e59b9b9a3f34a25c0ff,E5,E5-ASSUMED-STUDENT_T_DF4,202607225012,solved,0.4918871578392184,0.49188590255928527,0.49188715783921894,1.2552799336651432e-06,False,False,False
CRR-STAGEII-CONFIRM-2026-07-22,21c5b970e734ed79636df2f3882d4d85460c5efa40b88e59b9b9a3f34a25c0ff,E5,E5-ASSUMED-STUDENT_T_DF4,202607225013,solved,0.38351651775890927,0.38351480636123636,0.38351651775890955,1.7113976731875091e-06,False,False,False
CRR-STAGEII-CONFIRM-2026-07-22,21c5b970e734ed79636df2f3882d4d85460c5efa40b88e59b9b9a3f34a25c0ff,E5,E5-ASSUMED-STUDENT_T_DF4,202607225014,solved,0.6862015803864914,0.6862010143319655,0.6862015803864918,5.660545263630468e-07,False,False,False
CRR-STAGEII-CONFIRM-2026-07-22,21c5b970e734ed79636df2f3882d4d85460c5efa40b88e59b9b9a3f34a25c0ff,E5,E5-ASSUMED-STUDENT_T_DF4,202607225015,solved,0.32628521188274284,0.3262845137695708,0.3262852148504274,7.010808565910409e-07,False,False,False
CRR-STAGEII-CONFIRM-2026-07-22,21c5b970e734ed79636df2f3882d4d85460c5efa40b88e59b9b9a3f34a25c0ff,E5,E5-ASSUMED-STUDENT_T_DF4,202607225016,solved,0.3578559947552405,0.35785429088652326,0.3578559947552416,1.7038687183390522e-06,False,False,False
CRR-STAGEII-CONFIRM-2026-07-22,21c5b970e734ed79636df2f3882d4d85460c5efa40b88e59b9b9a3f34a25c0ff,E5,E5-ASSUMED-STUDENT_T_DF4,202607225017,solved,-1.0,-1.0,-0.9999893049788824,1.0695021117612669e-05,True,True,True
CRR-STAGEII-CONFIRM-2026-07-22,21c5b970e734ed79636df2f3882d4d85460c5efa40b88e59b9b9a3f34a25c0ff,E5,E5-ASSUMED-STUDENT_T_DF4,202607225018,solved,0.7743625957903253,0.7743621154503791,0.7743625957903268,4.803399477060211e-07,False,False,False
CRR-STAGEII-CONFIRM-2026-07-22,21c5b970e734ed79636df2f3882d4d85460c5efa40b88e59b9b9a3f34a25c0ff,E5,E5-ASSUMED-STUDENT_T_DF4,202607225019,solved,1.0,0.999999399219467,1.0,6.007805329888427e-07,False,False,False
CRR-STAGEII-CONFIRM-2026-07-22,21c5b970e734ed79636df2f3882d4d85460c5efa40b88e59b9b9a3f34a25c0ff,E5,E5-ASSUMED-STUDENT_T_DF4,202607225020,solved,0.45227484670780393,0.45227427813590015,0.45227484670780854,5.685719083881047e-07,False,False,False
CRR-STAGEII-CONFIRM-2026-07-22,21c5b970e734ed79636df2f3882d4d85460c5efa40b88e59b9b9a3f34a25c0ff,E5,E5-ASSUMED-STUDENT_T_DF4,202607225021,solved,0.2765939104134203,0.27659288275967037,0.2765939104134201,1.027653749707813e-06,False,False,False
CRR-STAGEII-CONFIRM-2026-07-22,21c5b970e734ed79636df2f3882d4d85460c5efa40b88e59b9b9a3f34a25c0ff,E5,E5-ASSUMED-STUDENT_T_DF4,202607225022,solved,0.45953518629498635,0.45953320301941675,0.45953518629498635,1.983275569605869e-06,False,False,False
CRR-STAGEII-CONFIRM-2026-07-22,21c5b970e734ed79636df2f3882d4d85460c5efa40b88e59b9b9a3f34a25c0ff,E5,E5-ASSUMED-STUDENT_T_DF4,202607225023,solved,0.4919656784289159,0.49196291915141377,0.49196567842891464,2.7592775008744574e-06,False,False,False
CRR-STAGEII-CONFIRM-2026-07-22,21c5b970e734ed79636df2f3882d4d85460c5efa40b88e59b9b9a3f34a25c0ff,E5,E5-ASSUMED-STUDENT_T_DF4,202607225024,solved,0.47052147560033664,0.4705206819673008,0.47052147560033514,7.936330343460973e-07,False,False,False
CRR-STAGEII-CONFIRM-2026-07-22,21c5b970e734ed79636df2f3882d4d85460c5efa40b88e59b9b9a3f34a25c0ff,E5,E5-ASSUMED-STUDENT_T_DF4,202607225025,solved,0.6551734762503405,0.6551728142331666,0.6551734762503412,6.620171745241876e-07,False,False,False
CRR-STAGEII-CONFIRM-2026-07-22,21c5b970e734ed79636df2f3882d4d85460c5efa40b88e59b9b9a3f34a25c0ff,E5,E5-ASSUMED-STUDENT_T_DF4,202607225026,solved,0.618384232474418,0.6183771995608696,0.6183842324744188,7.0329135491986605e-06,False,False,False
CRR-STAGEII-CONFIRM-2026-07-22,21c5b970e734ed79636df2f3882d4d85460c5efa40b88e59b9b9a3f34a25c0ff,E5,E5-ASSUMED-STUDENT_T_DF4,202607225027,solved,0.5957092771403321,0.5957076634403597,0.5957092771403327,1.6136999729798873e-06,False,False,False
CRR-STAGEII-CONFIRM-2026-07-22,21c5b970e734ed79636df2f3882d4d85460c5efa40b88e59b9b9a3f34a25c0ff,E5,E5-ASSUMED-STUDENT_T_DF4,202607225028,solved,0.9015265210650492,0.9015260842671182,0.9015265210650493,4.3679793104711706e-07,False,False,False
CRR-STAGEII-CONFIRM-2026-07-22,21c5b970e734ed79636df2f3882d4d85460c5efa40b88e59b9b9a3f34a25c0ff,E5,E5-ASSUMED-STUDENT_T_DF4,202607225029,solved,0.45965326460032174,0.4596524879734435,0.4596532646003216,7.766268780851071e-07,False,False,False
CRR-STAGEII-CONFIRM-2026-07-22,21c5b970e734ed79636df2f3882d4d85460c5efa40b88e59b9b9a3f34a25c0ff,E5,E5-ASSUMED-STUDENT_T_DF4,202607225030,infeasible,,,,,False,False,False
CRR-STAGEII-CONFIRM-2026-07-22,21c5b970e734ed79636df2f3882d4d85460c5efa40b88e59b9b9a3f34a25c0ff,E5,E5-ASSUMED-STUDENT_T_DF4,202607225031,solved,0.7471841437529918,0.7471822085662587,0.7471841437529919,1.9351867331929284e-06,False,False,False
CRR-STAGEII-CONFIRM-2026-07-22,21c5b970e734ed79636df2f3882d4d85460c5efa40b88e59b9b9a3f34a25c0ff,E5,E5-ASSUMED-STUDENT_T_DF4,202607225032,solved,0.9128776289135654,0.9128734132280953,0.9128776289135665,4.215685471153918e-06,False,False,False
CRR-STAGEII-CONFIRM-2026-07-22,21c5b970e734ed79636df2f3882d4d85460c5efa40b88e59b9b9a3f34a25c0ff,E5,E5-ASSUMED-STUDENT_T_DF4,202607225033,solved,0.9550039196820537,0.9550033674842134,0.955003919682053,5.521978395650606e-07,False,False,False
CRR-STAGEII-CONFIRM-2026-07-22,21c5b970e734ed79636df2f3882d4d85460c5efa40b88e59b9b9a3f34a25c0ff,E5,E5-ASSUMED-STUDENT_T_DF4,202607225034,solved,0.40577323468072346,0.4057727539727749,0.4057732346807239,4.807079490021238e-07,False,False,False
CRR-STAGEII-CONFIRM-2026-07-22,21c5b970e734ed79636df2f3882d4d85460c5efa40b88e59b9b9a3f34a25c0ff,E5,E5-ASSUMED-STUDENT_T_DF4,202607225035,infeasible,,,,,False,False,False
CRR-STAGEII-CONFIRM-2026-07-22,21c5b970e734ed79636df2f3882d4d85460c5efa40b88e59b9b9a3f34a25c0ff,E5,E5-ASSUMED-STUDENT_T_DF4,202607225036,solved,0.6893459050539781,0.6893449561189925,0.689345905053979,9.489349864777452e-07,False,False,False
CRR-STAGEII-CONFIRM-2026-07-22,21c5b970e734ed79636df2f3882d4d85460c5efa40b88e59b9b9a3f34a25c0ff,E5,E5-ASSUMED-STUDENT_T_DF4,202607225037,solved,-1.0,-1.0,-0.9999887801246163,1.1219875383661204e-05,True,True,True
CRR-STAGEII-CONFIRM-2026-07-22,21c5b970e734ed79636df2f3882d4d85460c5efa40b88e59b9b9a3f34a25c0ff,E5,E5-ASSUMED-STUDENT_T_DF4,202607225038,solved,0.9279334531848622,0.9279326971440037,0.9279334531848621,7.560408583628941e-07,False,False,False
CRR-STAGEII-CONFIRM-2026-07-22,21c5b970e734ed79636df2f3882d4d85460c5efa40b88e59b9b9a3f34a25c0ff,E5,E5-ASSUMED-STUDENT_T_DF4,202607225039,solved,0.3506292854302575,0.3506284577124737,0.35062928543025684,8.277177831472748e-07,False,False,False
CRR-STAGEII-CONFIRM-2026-07-22,21c5b970e734ed79636df2f3882d4d85460c5efa40b88e59b9b9a3f34a25c0ff,E5,E5-ASSUMED-STUDENT_T_DF4,202607225040,solved,0.8440829295058534,0.8440822702893971,0.8440829295058541,6.592164569774184e-07,False,False,False
CRR-STAGEII-CONFIRM-2026-07-22,21c5b970e734ed79636df2f3882d4d85460c5efa40b88e59b9b9a3f34a25c0ff,E5,E5-ASSUMED-STUDENT_T_DF4,202607225041,solved,0.3939651443670569,0.3939634308947459,0.39396514436705804,1.7134723121481343e-06,False,False,False
CRR-STAGEII-CONFIRM-2026-07-22,21c5b970e734ed79636df2f3882d4d85460c5efa40b88e59b9b9a3f34a25c0ff,E5,E5-ASSUMED-STUDENT_T_DF4,202607225042,solved,0.3738678262414852,0.37386316200417763,0.3738678262516305,4.664247452879078e-06,False,False,False
CRR-STAGEII-CONFIRM-2026-07-22,21c5b970e734ed79636df2f3882d4d85460c5efa40b88e59b9b9a3f34a25c0ff,E5,E5-ASSUMED-STUDENT_T_DF4,202607225043,solved,0.38908904828735863,0.3890884332772337,0.38908904828735746,6.150101237722971e-07,False,False,False
CRR-STAGEII-CONFIRM-2026-07-22,21c5b970e734ed79636df2f3882d4d85460c5efa40b88e59b9b9a3f34a25c0ff,E5,E5-ASSUMED-STUDENT_T_DF4,202607225044,solved,0.6805581987474012,0.6805573364072298,0.6805581987474011,8.623401712704037e-07,False,False,False
CRR-STAGEII-CONFIRM-2026-07-22,21c5b970e734ed79636df2f3882d4d85460c5efa40b88e59b9b9a3f34a25c0ff,E5,E5-ASSUMED-STUDENT_T_DF4,202607225045,solved,0.6712208018150214,0.6712170210380495,0.6712208018150225,3.780776973050237e-06,False,False,False
CRR-STAGEII-CONFIRM-2026-07-22,21c5b970e734ed79636df2f3882d4d85460c5efa40b88e59b9b9a3f34a25c0ff,E5,E5-ASSUMED-STUDENT_T_DF4,202607225046,solved,0.16207564559020549,0.1620738667318386,0.16207564559020682,1.7788583682176728e-06,False,False,False
CRR-STAGEII-CONFIRM-2026-07-22,21c5b970e734ed79636df2f3882d4d85460c5efa40b88e59b9b9a3f34a25c0ff,E5,E5-ASSUMED-STUDENT_T_DF4,202607225047,solved,0.7672296488029375,0.7672291763622365,0.7672296488029388,4.724407022260735e-07,False,False,False
CRR-STAGEII-CONFIRM-2026-07-22,21c5b970e734ed79636df2f3882d4d85460c5efa40b88e59b9b9a3f34a25c0ff,E5,E5-ASSUMED-STUDENT_T_DF4,202607225048,solved,0.6386105874855885,0.6386099495346229,0.6386105874855877,6.379509648324344e-07,False,False,False
CRR-STAGEII-CONFIRM-2026-07-22,21c5b970e734ed79636df2f3882d4d85460c5efa40b88e59b9b9a3f34a25c0ff,E5,E5-ASSUMED-STUDENT_T_DF4,202607225049,solved,0.6476909776846094,0.6476901077592447,0.6476909776846091,8.699253644106619e-07,False,False,False
CRR-STAGEII-CONFIRM-2026-07-22,21c5b970e734ed79636df2f3882d4d85460c5efa40b88e59b9b9a3f34a25c0ff,E5,E5-ASSUMED-STUDENT_T_DF4,202607225050,solved,0.695101196989276,0.6951002870961067,0.6951011969892763,9.098931695872281e-07,False,False,False
CRR-STAGEII-CONFIRM-2026-07-22,21c5b970e734ed79636df2f3882d4d85460c5efa40b88e59b9b9a3f34a25c0ff,E5,E5-ASSUMED-STUDENT_T_DF4,202607225051,solved,0.3314884881894369,0.3314878637156043,0.33148848818943794,6.244738336436129e-07,False,False,False
CRR-STAGEII-CONFIRM-2026-07-22,21c5b970e734ed79636df2f3882d4d85460c5efa40b88e59b9b9a3f34a25c0ff,E5,E5-ASSUMED-STUDENT_T_DF4,202607225052,solved,0.9767461041160386,0.9767457563056355,0.9767461041160401,3.4781040458842227e-07,False,False,False
CRR-STAGEII-CONFIRM-2026-07-22,21c5b970e734ed79636df2f3882d4d85460c5efa40b88e59b9b9a3f34a25c0ff,E5,E5-ASSUMED-STUDENT_T_DF4,202607225053,solved,-1.0,-1.0,-0.9999990476727161,9.523272839206953e-07,True,True,True
CRR-STAGEII-CONFIRM-2026-07-22,21c5b970e734ed79636df2f3882d4d85460c5efa40b88e59b9b9a3f34a25c0ff,E5,E5-ASSUMED-STUDENT_T_DF4,202607225054,solved,-1.0,-1.0,-0.9999961152680898,3.88473191015315e-06,True,True,True
CRR-STAGEII-CONFIRM-2026-07-22,21c5b970e734ed79636df2f3882d4d85460c5efa40b88e59b9b9a3f34a25c0ff,E5,E5-ASSUMED-STUDENT_T_DF4,202607225055,solved,0.1897298666623255,0.18972820604924517,0.18972986819740456,1.6621481593870335e-06,False,False,False
CRR-STAGEII-CONFIRM-2026-07-22,21c5b970e734ed79636df2f3882d4d85460c5efa40b88e59b9b9a3f34a25c0ff,E5,E5-ASSUMED-STUDENT_T_DF4,202607225056,solved,1.0,0.9999995740331995,1.0,4.259668004991113e-07,False,False,False
CRR-STAGEII-CONFIRM-2026-07-22,21c5b970e734ed79636df2f3882d4d85460c5efa40b88e59b9b9a3f34a25c0ff,E5,E5-ASSUMED-STUDENT_T_DF4,202607225057,solved,0.45395055624467306,0.45395008854648156,0.4539505562446744,4.676981928408708e-07,False,False,False
CRR-STAGEII-CONFIRM-2026-07-22,21c5b970e734ed79636df2f3882d4d85460c5efa40b88e59b9b9a3f34a25c0ff,E5,E5-ASSUMED-STUDENT_T_DF4,202607225058,solved,0.6018990019630577,0.6018959152949163,0.6018990019630577,3.0866681414165598e-06,False,False,False
CRR-STAGEII-CONFIRM-2026-07-22,21c5b970e734ed79636df2f3882d4d85460c5efa40b88e59b9b9a3f34a25c0ff,E5,E5-ASSUMED-STUDENT_T_DF4,202607225059,solved,-1.0,-1.0,-0.9999988260432355,1.1739567644664106e-06,True,True,True
CRR-STAGEII-CONFIRM-2026-07-22,21c5b970e734ed79636df2f3882d4d85460c5efa40b88e59b9b9a3f34a25c0ff,E5,E5-ASSUMED-STUDENT_T_DF4,202607225060,solved,0.3201775895987046,0.32017711871703347,0.32017758959870446,4.708816709886321e-07,False,False,False
CRR-STAGEII-CONFIRM-2026-07-22,21c5b970e734ed79636df2f3882d4d85460c5efa40b88e59b9b9a3f34a25c0ff,E5,E5-ASSUMED-STUDENT_T_DF4,202607225061,solved,0.3051325326864416,0.3051320665325545,0.3051325326864411,4.661538866024273e-07,False,False,False
CRR-STAGEII-CONFIRM-2026-07-22,21c5b970e734ed79636df2f3882d4d85460c5efa40b88e59b9b9a3f34a25c0ff,E5,E5-ASSUMED-STUDENT_T_DF4,202607225062,solved,0.3469056185333168,0.3469049645927544,0.34690561853331653,6.539405621452943e-07,False,False,False
CRR-STAGEII-CONFIRM-2026-07-22,21c5b970e734ed79636df2f3882d4d85460c5efa40b88e59b9b9a3f34a25c0ff,E5,E5-ASSUMED-STUDENT_T_DF4,202607225063,solved,0.6041954462016912,0.6041949476062165,0.6041954462016914,4.985954749070487e-07,False,False,False
CRR-STAGEII-CONFIRM-2026-07-22,21c5b970e734ed79636df2f3882d4d85460c5efa40b88e59b9b9a3f34a25c0ff,E5,E5-ASSUMED-STUDENT_T_DF4,202607225064,solved,0.2702782488786819,0.2702773921431837,0.2702782488786827,8.5673549898857e-07,False,False,False
