design_id,design_sha256,replication_seed,assumed_family,true_family,risk_limit,policy_status,expected_profit,profit_variance,var_loss,cvar_loss,risk_violation,risk_feasible,hhi,effective_crop_count,tail_coexceedance,allocation_Corn,tail_contribution_Corn,allocation_Soybean,tail_contribution_Soybean,allocation_Winter_Wheat,tail_contribution_Winter_Wheat,reason_code
CRR-STAGEII-CONFIRM-2026-07-22,21c5b970e734ed79636df2f3882d4d85460c5efa40b88e59b9b9a3f34a25c0ff,202607225001,clayton,empirical_copula,-105.0,infeasible_or_failed,,,,,,,,,,,,,,,,ASSUMED_POLICY_INFEASIBLE
CRR-STAGEII-CONFIRM-2026-07-22,21c5b970e734ed79636df2f3882d4d85460c5efa40b88e59b9b9a3f34a25c0ff,202607225002,clayton,empirical_copula,-105.0,infeasible_or_failed,,,,,,,,,,,,,,,,ASSUMED_POLICY_INFEASIBLE
CRR-STAGEII-CONFIRM-2026-07-22,21c5b970e734ed79636df2f3882d4d85460c5efa40b88e59b9b9a3f34a25c0ff,202607225003,clayton,empirical_copula,-105.0,infeasible_or_failed,,,,,,,,,,,,,,,,ASSUMED_POLICY_INFEASIBLE
CRR-STAGEII-CONFIRM-2026-07-22,21c5b970e734ed79636df2f3882d4d85460c5efa40b88e59b9b9a3f34a25c0ff,202607225004,clayton,empirical_copula,-105.0,optimal,368.6007646837298,13281.876930578706,-172.78190293093982,-149.82501723471543,0.0,True,0.5824517847439903,1.7168803087100815,0.060872395833333336,0.29695839743541425,-55.64824548324071,0.7030416025645857,-94.17677175147509,0.0,-0.0,FEASIBLE
CRR-STAGEII-CONFIRM-2026-07-22,21c5b970e734ed79636df2f3882d4d85460c5efa40b88e59b9b9a3f34a25c0ff,202607225005,clayton,empirical_copula,-105.0,optimal,374.2955306735589,16481.131312528796,-156.31013105821296,-154.5573920886174,0.0,True,0.5025858857608432,1.9897096761604098,0.061767578125,0.5359575149366803,-15.680287054172037,0.4640424850633197,-138.87710503444544,0.0,-0.0,FEASIBLE
CRR-STAGEII-CONFIRM-2026-07-22,21c5b970e734ed79636df2f3882d4d85460c5efa40b88e59b9b9a3f34a25c0ff,202607225006,clayton,empirical_copula,-105.0,optimal,368.27455489310273,11966.950577116282,-193.2482169047594,-133.5609058979153,0.0,True,1.0,1.0,0.062093098958333336,0.0,-0.0,1.0,-133.5609058979157,0.0,-0.0,FEASIBLE
CRR-STAGEII-CONFIRM-2026-07-22,21c5b970e734ed79636df2f3882d4d85460c5efa40b88e59b9b9a3f34a25c0ff,202607225007,clayton,empirical_copula,-105.0,infeasible_or_failed,,,,,,,,,,,,,,,,ASSUMED_POLICY_INFEASIBLE
CRR-STAGEII-CONFIRM-2026-07-22,21c5b970e734ed79636df2f3882d4d85460c5efa40b88e59b9b9a3f34a25c0ff,202607225008,clayton,empirical_copula,-105.0,infeasible_or_failed,,,,,,,,,,,,,,,,ASSUMED_POLICY_INFEASIBLE
CRR-STAGEII-CONFIRM-2026-07-22,21c5b970e734ed79636df2f3882d4d85460c5efa40b88e59b9b9a3f34a25c0ff,202607225009,clayton,empirical_copula,-105.0,optimal,370.2805534559967,12564.971279824133,-183.64139212635624,-141.40496658776536,0.0,True,0.7600771858936579,1.3156558551672008,0.06575520833333333,0.13939135763707905,-26.121115129325233,0.8606086423629209,-115.2838514584405,0.0,-0.0,FEASIBLE
CRR-STAGEII-CONFIRM-2026-07-22,21c5b970e734ed79636df2f3882d4d85460c5efa40b88e59b9b9a3f34a25c0ff,202607225010,clayton,empirical_copula,-105.0,optimal,372.8648609980622,14781.265708961653,-162.94811769400297,-157.88964200687732,0.0,True,0.5072859675814042,1.971274712698474,0.061686197916666664,0.4396428646247846,-80.16836029382556,0.5603571353752155,-77.72128171305194,0.0,-0.0,FEASIBLE
CRR-STAGEII-CONFIRM-2026-07-22,21c5b970e734ed79636df2f3882d4d85460c5efa40b88e59b9b9a3f34a25c0ff,202607225011,clayton,empirical_copula,-105.0,optimal,368.93619016250204,12961.836781861039,-181.85552427742812,-138.62263800182134,0.0,True,0.7240433363727067,1.3811327993290758,0.064453125,0.165303617906686,-32.088917419423794,0.8346963820933136,-106.53372058239812,0.0,-0.0,FEASIBLE
CRR-STAGEII-CONFIRM-2026-07-22,21c5b970e734ed79636df2f3882d4d85460c5efa40b88e59b9b9a3f34a25c0ff,202607225012,clayton,empirical_copula,-105.0,optimal,372.93947091663813,15656.687375347443,-161.32583328278162,-158.88590945302693,0.0,True,0.5003476555981735,1.9986103438507856,0.059326171875,0.5131843770837593,-46.436705095651796,0.4868156229162407,-112.44920435737471,0.0,-0.0,FEASIBLE
CRR-STAGEII-CONFIRM-2026-07-22,21c5b970e734ed79636df2f3882d4d85460c5efa40b88e59b9b9a3f34a25c0ff,202607225013,clayton,empirical_copula,-105.0,optimal,368.68968726933,11613.91457466382,-193.2482169047594,-133.9561861032586,0.0,True,1.0,1.0,0.059326171875,0.0,-0.0,1.0,-133.95618610325894,0.0,-0.0,FEASIBLE
CRR-STAGEII-CONFIRM-2026-07-22,21c5b970e734ed79636df2f3882d4d85460c5efa40b88e59b9b9a3f34a25c0ff,202607225014,clayton,empirical_copula,-105.0,optimal,370.0026907504421,11791.364363036113,-193.2482169047594,-137.908988156692,0.0,True,1.0,1.0,0.06315104166666667,0.0,-0.0,1.0,-137.90898815669206,0.0,-0.0,FEASIBLE
CRR-STAGEII-CONFIRM-2026-07-22,21c5b970e734ed79636df2f3882d4d85460c5efa40b88e59b9b9a3f34a25c0ff,202607225015,clayton,empirical_copula,-105.0,infeasible_or_failed,,,,,,,,,,,,,,,,ASSUMED_POLICY_INFEASIBLE
CRR-STAGEII-CONFIRM-2026-07-22,21c5b970e734ed79636df2f3882d4d85460c5efa40b88e59b9b9a3f34a25c0ff,202607225016,clayton,empirical_copula,-105.0,optimal,369.26506388230933,14692.843414301866,-164.31609987861356,-156.01916414411593,0.0,True,0.5128660158736463,1.9498269899918028,0.064697265625,0.4197939657081639,-79.90238435891949,0.580206034291836,-76.11677978519691,0.0,-0.0,FEASIBLE
CRR-STAGEII-CONFIRM-2026-07-22,21c5b970e734ed79636df2f3882d4d85460c5efa40b88e59b9b9a3f34a25c0ff,202607225017,clayton,empirical_copula,-105.0,optimal,371.10401865156575,14721.590104428262,-168.43630079498269,-149.73961595633438,0.0,True,0.5391936026153971,1.8546214108428376,0.060872395833333336,0.36001142436720596,-72.61033094508826,0.6399885756327941,-77.12928501124655,0.0,-0.0,FEASIBLE
CRR-STAGEII-CONFIRM-2026-07-22,21c5b970e734ed79636df2f3882d4d85460c5efa40b88e59b9b9a3f34a25c0ff,202607225018,clayton,empirical_copula,-105.0,optimal,369.77079105502867,13383.484262581858,-175.15634733263798,-149.07085540736736,0.0,True,0.6128066896592612,1.6318359718886715,0.06339518229166667,0.26250611622690034,-48.529887059739394,0.7374938837730997,-100.54096834762827,0.0,-0.0,FEASIBLE
CRR-STAGEII-CONFIRM-2026-07-22,21c5b970e734ed79636df2f3882d4d85460c5efa40b88e59b9b9a3f34a25c0ff,202607225019,clayton,empirical_copula,-105.0,infeasible_or_failed,,,,,,,,,,,,,,,,ASSUMED_POLICY_INFEASIBLE
CRR-STAGEII-CONFIRM-2026-07-22,21c5b970e734ed79636df2f3882d4d85460c5efa40b88e59b9b9a3f34a25c0ff,202607225020,clayton,empirical_copula,-105.0,optimal,371.4141146285567,13464.919241429317,-170.20966346406752,-154.2714677295123,0.0,True,0.5549258327886221,1.80204261707332,0.059814453125,0.3342806094800278,-59.83132321275557,0.6657193905199722,-94.44014451675679,0.0,-0.0,FEASIBLE
CRR-STAGEII-CONFIRM-2026-07-22,21c5b970e734ed79636df2f3882d4d85460c5efa40b88e59b9b9a3f34a25c0ff,202607225021,clayton,empirical_copula,-105.0,infeasible_or_failed,,,,,,,,,,,,,,,,ASSUMED_POLICY_INFEASIBLE
CRR-STAGEII-CONFIRM-2026-07-22,21c5b970e734ed79636df2f3882d4d85460c5efa40b88e59b9b9a3f34a25c0ff,202607225022,clayton,empirical_copula,-105.0,optimal,369.33980404669046,11946.469441203024,-193.2482169047594,-128.02698302310853,0.0,True,1.0,1.0,0.062255859375,0.0,-0.0,1.0,-128.02698302310915,0.0,-0.0,FEASIBLE
CRR-STAGEII-CONFIRM-2026-07-22,21c5b970e734ed79636df2f3882d4d85460c5efa40b88e59b9b9a3f34a25c0ff,202607225023,clayton,empirical_copula,-105.0,infeasible_or_failed,,,,,,,,,,,,,,,,ASSUMED_POLICY_INFEASIBLE
CRR-STAGEII-CONFIRM-2026-07-22,21c5b970e734ed79636df2f3882d4d85460c5efa40b88e59b9b9a3f34a25c0ff,202607225024,clayton,empirical_copula,-105.0,infeasible_or_failed,,,,,,,,,,,,,,,,ASSUMED_POLICY_INFEASIBLE
CRR-STAGEII-CONFIRM-2026-07-22,21c5b970e734ed79636df2f3882d4d85460c5efa40b88e59b9b9a3f34a25c0ff,202607225025,clayton,empirical_copula,-105.0,optimal,371.86242912413184,14811.813265457946,-165.29463210322226,-155.6948015191689,0.0,True,0.5178242920070175,1.9311569878735007,0.060384114583333336,0.40559583693761836,-75.8357306318007,0.5944041630623816,-79.85907088736857,0.0,-0.0,FEASIBLE
CRR-STAGEII-CONFIRM-2026-07-22,21c5b970e734ed79636df2f3882d4d85460c5efa40b88e59b9b9a3f34a25c0ff,202607225026,clayton,empirical_copula,-105.0,optimal,373.3697904417579,15683.842971262657,-159.62736868785166,-158.28139306942805,0.0,True,0.5006913459745823,1.99723843449606,0.06306966145833333,0.51859228300374,-42.52395256710748,0.48140771699625995,-115.75744050232025,0.0,-0.0,FEASIBLE
CRR-STAGEII-CONFIRM-2026-07-22,21c5b970e734ed79636df2f3882d4d85460c5efa40b88e59b9b9a3f34a25c0ff,202607225027,clayton,empirical_copula,-105.0,optimal,372.4255075942157,13443.36407924422,-175.41978044040252,-145.01569582350925,0.0,True,0.6164670143834121,1.622146808617483,0.061930338541666664,0.25868380246716544,-50.10721958721771,0.7413161975328346,-94.90847623629203,0.0,-0.0,FEASIBLE
CRR-STAGEII-CONFIRM-2026-07-22,21c5b970e734ed79636df2f3882d4d85460c5efa40b88e59b9b9a3f34a25c0ff,202607225028,clayton,empirical_copula,-105.0,infeasible_or_failed,,,,,,,,,,,,,,,,ASSUMED_POLICY_INFEASIBLE
CRR-STAGEII-CONFIRM-2026-07-22,21c5b970e734ed79636df2f3882d4d85460c5efa40b88e59b9b9a3f34a25c0ff,202607225029,clayton,empirical_copula,-105.0,optimal,372.33399459511327,14616.27241519579,-168.33782434683775,-152.66811194381535,0.0,True,0.5383975920069387,1.8573634333548659,0.06315104166666667,0.36144028001085826,-68.64354735835302,0.6385597199891417,-84.02456458546276,0.0,-0.0,FEASIBLE
CRR-STAGEII-CONFIRM-2026-07-22,21c5b970e734ed79636df2f3882d4d85460c5efa40b88e59b9b9a3f34a25c0ff,202607225030,clayton,empirical_copula,-105.0,optimal,370.6801815828744,15373.55588709996,-160.9967033145101,-158.80012000161398,0.0,True,0.5020534895216417,1.9918196384867344,0.063232421875,0.4679571418125526,-90.05335999817625,0.5320428581874475,-68.74676000343817,0.0,-0.0,FEASIBLE
CRR-STAGEII-CONFIRM-2026-07-22,21c5b970e734ed79636df2f3882d4d85460c5efa40b88e59b9b9a3f34a25c0ff,202607225031,clayton,empirical_copula,-105.0,optimal,369.9978730179623,12783.026203357005,-177.10959332976188,-146.26521702762668,0.0,True,0.6413362148268076,1.559244553607579,0.056803385416666664,0.23416526296700077,-43.97963578140764,0.7658347370329992,-102.28558124621944,0.0,-0.0,FEASIBLE
CRR-STAGEII-CONFIRM-2026-07-22,21c5b970e734ed79636df2f3882d4d85460c5efa40b88e59b9b9a3f34a25c0ff,202607225032,clayton,empirical_copula,-105.0,optimal,368.6267041565206,13743.377570375476,-172.20993732818374,-149.0982883646407,0.0,True,0.5758493606379274,1.7365652692436742,0.06502278645833333,0.30525739983515787,-58.23016330432879,0.6947426001648422,-90.86812506031237,0.0,-0.0,FEASIBLE
CRR-STAGEII-CONFIRM-2026-07-22,21c5b970e734ed79636df2f3882d4d85460c5efa40b88e59b9b9a3f34a25c0ff,202607225033,clayton,empirical_copula,-105.0,optimal,369.19875802423394,11707.888185901877,-193.2482169047594,-132.7703454872286,0.0,True,1.0,1.0,0.061848958333333336,0.0,-0.0,1.0,-132.77034548722898,0.0,-0.0,FEASIBLE
CRR-STAGEII-CONFIRM-2026-07-22,21c5b970e734ed79636df2f3882d4d85460c5efa40b88e59b9b9a3f34a25c0ff,202607225034,clayton,empirical_copula,-105.0,infeasible_or_failed,,,,,,,,,,,,,,,,ASSUMED_POLICY_INFEASIBLE
CRR-STAGEII-CONFIRM-2026-07-22,21c5b970e734ed79636df2f3882d4d85460c5efa40b88e59b9b9a3f34a25c0ff,202607225035,clayton,empirical_copula,-105.0,infeasible_or_failed,,,,,,,,,,,,,,,,ASSUMED_POLICY_INFEASIBLE
CRR-STAGEII-CONFIRM-2026-07-22,21c5b970e734ed79636df2f3882d4d85460c5efa40b88e59b9b9a3f34a25c0ff,202607225036,clayton,empirical_copula,-105.0,optimal,373.2298472180651,14563.857770750283,-166.79460035167796,-152.248448028081,0.0,True,0.526990068551254,1.897568966999882,0.059000651041666664,0.3838318706545252,-76.28501016931186,0.6161681293454748,-75.9634378587696,0.0,-0.0,FEASIBLE
CRR-STAGEII-CONFIRM-2026-07-22,21c5b970e734ed79636df2f3882d4d85460c5efa40b88e59b9b9a3f34a25c0ff,202607225037,clayton,empirical_copula,-105.0,optimal,375.29342653533126,15933.548209619485,-154.7207367971778,-150.00400220783064,0.0,True,0.5069664890895772,1.9725169641800673,0.085693359375,0.5590190185007222,-30.274429954314627,0.4409809814992778,-119.72957225351595,0.0,-0.0,FEASIBLE
CRR-STAGEII-CONFIRM-2026-07-22,21c5b970e734ed79636df2f3882d4d85460c5efa40b88e59b9b9a3f34a25c0ff,202607225038,clayton,empirical_copula,-105.0,infeasible_or_failed,,,,,,,,,,,,,,,,ASSUMED_POLICY_INFEASIBLE
CRR-STAGEII-CONFIRM-2026-07-22,21c5b970e734ed79636df2f3882d4d85460c5efa40b88e59b9b9a3f34a25c0ff,202607225039,clayton,empirical_copula,-105.0,infeasible_or_failed,,,,,,,,,,,,,,,,ASSUMED_POLICY_INFEASIBLE
CRR-STAGEII-CONFIRM-2026-07-22,21c5b970e734ed79636df2f3882d4d85460c5efa40b88e59b9b9a3f34a25c0ff,202607225040,clayton,empirical_copula,-105.0,optimal,375.1112094197448,16803.684777552728,-152.13502492790408,-140.60527759887862,0.0,True,0.5186386727388738,1.928124631969903,0.060139973958333336,0.5965367099575952,-27.242515843279808,0.4034632900424048,-113.36276175559881,0.0,-0.0,FEASIBLE
CRR-STAGEII-CONFIRM-2026-07-22,21c5b970e734ed79636df2f3882d4d85460c5efa40b88e59b9b9a3f34a25c0ff,202607225041,clayton,empirical_copula,-105.0,infeasible_or_failed,,,,,,,,,,,,,,,,ASSUMED_POLICY_INFEASIBLE
CRR-STAGEII-CONFIRM-2026-07-22,21c5b970e734ed79636df2f3882d4d85460c5efa40b88e59b9b9a3f34a25c0ff,202607225042,clayton,empirical_copula,-105.0,optimal,372.7558887110855,16694.568229535562,-152.1406757010362,-140.12747243377098,0.0,True,0.5186070257883313,1.9282422918970414,0.057047526041666664,0.596454719398097,-25.213555762638943,0.403545280601903,-114.913916671132,0.0,-0.0,FEASIBLE
CRR-STAGEII-CONFIRM-2026-07-22,21c5b970e734ed79636df2f3882d4d85460c5efa40b88e59b9b9a3f34a25c0ff,202607225043,clayton,empirical_copula,-105.0,infeasible_or_failed,,,,,,,,,,,,,,,,ASSUMED_POLICY_INFEASIBLE
CRR-STAGEII-CONFIRM-2026-07-22,21c5b970e734ed79636df2f3882d4d85460c5efa40b88e59b9b9a3f34a25c0ff,202607225044,clayton,empirical_copula,-105.0,optimal,368.0601387679735,12216.65119076903,-193.2482169047594,-124.07418096967514,0.0,True,1.0,1.0,0.06754557291666667,0.0,-0.0,1.0,-124.07418096967571,0.0,-0.0,FEASIBLE
CRR-STAGEII-CONFIRM-2026-07-22,21c5b970e734ed79636df2f3882d4d85460c5efa40b88e59b9b9a3f34a25c0ff,202607225045,clayton,empirical_copula,-105.0,infeasible_or_failed,,,,,,,,,,,,,,,,ASSUMED_POLICY_INFEASIBLE
CRR-STAGEII-CONFIRM-2026-07-22,21c5b970e734ed79636df2f3882d4d85460c5efa40b88e59b9b9a3f34a25c0ff,202607225046,clayton,empirical_copula,-105.0,optimal,370.07408397168206,12218.05012961728,-193.2482169047594,-128.42226322845187,0.0,True,1.0,1.0,0.06770833333333333,0.0,-0.0,1.0,-128.4222632284525,0.0,-0.0,FEASIBLE
CRR-STAGEII-CONFIRM-2026-07-22,21c5b970e734ed79636df2f3882d4d85460c5efa40b88e59b9b9a3f34a25c0ff,202607225047,clayton,empirical_copula,-105.0,optimal,376.72807537653176,17596.88876920649,-148.53942134891614,-124.83960418705206,0.0,True,0.544227867483862,1.8374656274463068,0.057861328125,0.648707544334277,-20.81449811035041,0.351292455665723,-104.02510607670166,0.0,-0.0,FEASIBLE
CRR-STAGEII-CONFIRM-2026-07-22,21c5b970e734ed79636df2f3882d4d85460c5efa40b88e59b9b9a3f34a25c0ff,202607225048,clayton,empirical_copula,-105.0,optimal,373.8431524481154,15218.084159014481,-162.00133146106768,-158.36202579419086,0.0,True,0.504346779581992,1.9827627348563832,0.057698567708333336,0.45338037118341684,-83.62646963487938,0.5466196288165832,-74.73555615931177,0.0,-0.0,FEASIBLE
CRR-STAGEII-CONFIRM-2026-07-22,21c5b970e734ed79636df2f3882d4d85460c5efa40b88e59b9b9a3f34a25c0ff,202607225049,clayton,empirical_copula,-105.0,optimal,374.4732920168653,17814.80953754275,-148.57682886722182,-124.40392236883348,0.0,True,0.5439056014178949,1.8385543325774236,0.061848958333333336,0.6481647755336857,-19.329887281311898,0.3518352244663143,-105.07403508752161,0.0,-0.0,FEASIBLE
CRR-STAGEII-CONFIRM-2026-07-22,21c5b970e734ed79636df2f3882d4d85460c5efa40b88e59b9b9a3f34a25c0ff,202607225050,clayton,empirical_copula,-105.0,optimal,374.7223447908598,15553.049461490387,-163.57927505928598,-156.25438469551884,0.0,True,0.5096646670124595,1.9620744083787027,0.06689453125,0.4304850123625865,-83.5662170431174,0.5695149876374135,-72.68816765240193,0.0,-0.0,FEASIBLE
CRR-STAGEII-CONFIRM-2026-07-22,21c5b970e734ed79636df2f3882d4d85460c5efa40b88e59b9b9a3f34a25c0ff,202607225051,clayton,empirical_copula,-105.0,optimal,370.6154500610049,15420.842120365898,-160.9091202706864,-159.00569347534125,0.0,True,0.5018938395599661,1.9924532265164818,0.062174479166666664,0.4692279383208871,-88.32509978170594,0.5307720616791128,-70.6805936936357,0.0,-0.0,FEASIBLE
CRR-STAGEII-CONFIRM-2026-07-22,21c5b970e734ed79636df2f3882d4d85460c5efa40b88e59b9b9a3f34a25c0ff,202607225052,clayton,empirical_copula,-105.0,optimal,370.56939383068965,17312.972412529263,-152.5933040715913,-140.22024220910907,0.0,True,0.5161594370968996,1.937385869808805,0.062093098958333336,0.5898872546496433,-18.25954533224888,0.4101127453503567,-121.96069687686024,0.0,-0.0,FEASIBLE
CRR-STAGEII-CONFIRM-2026-07-22,21c5b970e734ed79636df2f3882d4d85460c5efa40b88e59b9b9a3f34a25c0ff,202607225053,clayton,empirical_copula,-105.0,optimal,370.7946655230583,15939.538998029835,-155.96774378213968,-153.70734735813087,0.0,True,0.5033497805801472,1.9866900485134358,0.06673177083333333,0.5409254235173394,-25.008982768195782,0.4590745764826606,-128.6983645899351,0.0,-0.0,FEASIBLE
CRR-STAGEII-CONFIRM-2026-07-22,21c5b970e734ed79636df2f3882d4d85460c5efa40b88e59b9b9a3f34a25c0ff,202607225054,clayton,empirical_copula,-105.0,infeasible_or_failed,,,,,,,,,,,,,,,,ASSUMED_POLICY_INFEASIBLE
CRR-STAGEII-CONFIRM-2026-07-22,21c5b970e734ed79636df2f3882d4d85460c5efa40b88e59b9b9a3f34a25c0ff,202607225055,clayton,empirical_copula,-105.0,optimal,376.1522976784343,14239.736710511095,-167.68375567859908,-154.98310531032317,0.0,True,0.5333178373142841,1.8750544797748818,0.072265625,0.3709305665266094,-67.48280017518877,0.6290694334733906,-87.5003051351345,0.0,-0.0,FEASIBLE
CRR-STAGEII-CONFIRM-2026-07-22,21c5b970e734ed79636df2f3882d4d85460c5efa40b88e59b9b9a3f34a25c0ff,202607225056,clayton,empirical_copula,-105.0,infeasible_or_failed,,,,,,,,,,,,,,,,ASSUMED_POLICY_INFEASIBLE
CRR-STAGEII-CONFIRM-2026-07-22,21c5b970e734ed79636df2f3882d4d85460c5efa40b88e59b9b9a3f34a25c0ff,202607225057,clayton,empirical_copula,-105.0,optimal,376.26035086889283,20037.744128488368,-140.3666262468839,-93.52924346839458,11.470756531605417,False,0.6428896835177889,1.5554768191770647,0.059895833333333336,0.7672916791800568,-24.619401062724787,0.2327083208199431,-68.90984240566976,0.0,-0.0,TRUE_LAW_RISK_VIOLATION
CRR-STAGEII-CONFIRM-2026-07-22,21c5b970e734ed79636df2f3882d4d85460c5efa40b88e59b9b9a3f34a25c0ff,202607225058,clayton,empirical_copula,-105.0,optimal,372.41588175125133,16029.046921526662,-158.6698912519468,-157.6910488598865,0.0,True,0.5009366560792827,1.9962603811563173,0.06494140625,0.5216408881435437,-47.49711108044196,0.47835911185645635,-110.19393777944418,0.0,-0.0,FEASIBLE
CRR-STAGEII-CONFIRM-2026-07-22,21c5b970e734ed79636df2f3882d4d85460c5efa40b88e59b9b9a3f34a25c0ff,202607225059,clayton,empirical_copula,-105.0,infeasible_or_failed,,,,,,,,,,,,,,,,ASSUMED_POLICY_INFEASIBLE
CRR-STAGEII-CONFIRM-2026-07-22,21c5b970e734ed79636df2f3882d4d85460c5efa40b88e59b9b9a3f34a25c0ff,202607225060,clayton,empirical_copula,-105.0,infeasible_or_failed,,,,,,,,,,,,,,,,ASSUMED_POLICY_INFEASIBLE
CRR-STAGEII-CONFIRM-2026-07-22,21c5b970e734ed79636df2f3882d4d85460c5efa40b88e59b9b9a3f34a25c0ff,202607225061,clayton,empirical_copula,-105.0,optimal,370.38591293619913,17983.864810416624,-147.75894260625236,-119.62420728195082,0.0,True,0.5512204774007334,1.8141561153814085,0.060139973958333336,0.6600319927400976,-15.948651485287002,0.3399680072599025,-103.67555579666384,0.0,-0.0,FEASIBLE
CRR-STAGEII-CONFIRM-2026-07-22,21c5b970e734ed79636df2f3882d4d85460c5efa40b88e59b9b9a3f34a25c0ff,202607225062,clayton,empirical_copula,-105.0,optimal,368.9768669823339,13295.726745134461,-173.21361921970797,-146.80163513111788,0.0,True,0.5876177027045908,1.7017867150655321,0.06282552083333333,0.29069435900507734,-56.55212283211319,0.7093056409949227,-90.24951229900519,0.0,-0.0,FEASIBLE
CRR-STAGEII-CONFIRM-2026-07-22,21c5b970e734ed79636df2f3882d4d85460c5efa40b88e59b9b9a3f34a25c0ff,202607225063,clayton,empirical_copula,-105.0,infeasible_or_failed,,,,,,,,,,,,,,,,ASSUMED_POLICY_INFEASIBLE
CRR-STAGEII-CONFIRM-2026-07-22,21c5b970e734ed79636df2f3882d4d85460c5efa40b88e59b9b9a3f34a25c0ff,202607225064,clayton,empirical_copula,-105.0,infeasible_or_failed,,,,,,,,,,,,,,,,ASSUMED_POLICY_INFEASIBLE
CRR-STAGEII-CONFIRM-2026-07-22,21c5b970e734ed79636df2f3882d4d85460c5efa40b88e59b9b9a3f34a25c0ff,202607225001,clayton,empirical_copula,-90.0,infeasible_or_failed,,,,,,,,,,,,,,,,ASSUMED_POLICY_INFEASIBLE
CRR-STAGEII-CONFIRM-2026-07-22,21c5b970e734ed79636df2f3882d4d85460c5efa40b88e59b9b9a3f34a25c0ff,202607225002,clayton,empirical_copula,-90.0,optimal,371.6145386850798,15166.030393865585,-161.92955012896329,-157.84593292505673,0.0,True,0.5041547280598844,1.9835180438518436,0.060791015625,0.45442189089110674,-88.21286983939233,0.5455781091088933,-69.63306308566489,0.0,-0.0,FEASIBLE
CRR-STAGEII-CONFIRM-2026-07-22,21c5b970e734ed79636df2f3882d4d85460c5efa40b88e59b9b9a3f34a25c0ff,202607225003,clayton,empirical_copula,-90.0,optimal,366.3904156463957,13646.902818385895,-172.23023455946338,-150.25276070814812,0.0,True,0.5760789448384389,1.735873197518874,0.06705729166666667,0.30496289476302346,-57.148240890353655,0.6950371052369766,-93.10451981779488,0.0,-0.0,FEASIBLE
CRR-STAGEII-CONFIRM-2026-07-22,21c5b970e734ed79636df2f3882d4d85460c5efa40b88e59b9b9a3f34a25c0ff,202607225004,clayton,empirical_copula,-90.0,optimal,369.3912098408833,15716.620693526544,-156.81436481338932,-156.54465055292124,0.0,True,0.5016406453555942,1.993458881887726,0.060872395833333336,0.528641275771115,-17.560359414787907,0.47135872422888503,-138.9842911381334,0.0,-0.0,FEASIBLE
CRR-STAGEII-CONFIRM-2026-07-22,21c5b970e734ed79636df2f3882d4d85460c5efa40b88e59b9b9a3f34a25c0ff,202607225005,clayton,empirical_copula,-90.0,optimal,375.13806315521566,18622.620615266165,-146.47354623296698,-116.01874705261275,0.0,True,0.5638549452889957,1.7735057719276799,0.061767578125,0.6786826030829467,-19.85593585019622,0.3213173969170533,-96.16281120241653,0.0,-0.0,FEASIBLE
CRR-STAGEII-CONFIRM-2026-07-22,21c5b970e734ed79636df2f3882d4d85460c5efa40b88e59b9b9a3f34a25c0ff,202607225006,clayton,empirical_copula,-90.0,optimal,368.27455489310273,11966.950577116282,-193.2482169047594,-133.5609058979153,0.0,True,1.0,1.0,0.062093098958333336,0.0,-0.0,1.0,-133.5609058979157,0.0,-0.0,FEASIBLE
CRR-STAGEII-CONFIRM-2026-07-22,21c5b970e734ed79636df2f3882d4d85460c5efa40b88e59b9b9a3f34a25c0ff,202607225007,clayton,empirical_copula,-90.0,infeasible_or_failed,,,,,,,,,,,,,,,,ASSUMED_POLICY_INFEASIBLE
CRR-STAGEII-CONFIRM-2026-07-22,21c5b970e734ed79636df2f3882d4d85460c5efa40b88e59b9b9a3f34a25c0ff,202607225008,clayton,empirical_copula,-90.0,infeasible_or_failed,,,,,,,,,,,,,,,,ASSUMED_POLICY_INFEASIBLE
CRR-STAGEII-CONFIRM-2026-07-22,21c5b970e734ed79636df2f3882d4d85460c5efa40b88e59b9b9a3f34a25c0ff,202607225009,clayton,empirical_copula,-90.0,optimal,372.02935798537726,13945.360535815338,-170.3817475900418,-151.68600988061627,0.0,True,0.5565934239239585,1.796643576832161,0.06575520833333333,0.3317837345498978,-62.17430746875801,0.6682162654501023,-89.51170241185862,0.0,-0.0,FEASIBLE
CRR-STAGEII-CONFIRM-2026-07-22,21c5b970e734ed79636df2f3882d4d85460c5efa40b88e59b9b9a3f34a25c0ff,202607225010,clayton,empirical_copula,-90.0,optimal,373.7884277776356,16488.16160167527,-153.46618768820915,-145.2697962640333,0.0,True,0.5119264890308453,1.9534054623607233,0.061686197916666664,0.5772220468222813,-27.01376201234473,0.4227779531777187,-118.25603425168859,0.0,-0.0,FEASIBLE
CRR-STAGEII-CONFIRM-2026-07-22,21c5b970e734ed79636df2f3882d4d85460c5efa40b88e59b9b9a3f34a25c0ff,202607225011,clayton,empirical_copula,-90.0,optimal,371.0463016793529,16095.199206500638,-162.24870530982867,-159.1563523970804,0.0,True,0.5002099592064433,1.9991605156891463,0.064453125,0.5102459554567494,-48.19206572337542,0.48975404454325044,-110.96428667370452,0.0,-0.0,FEASIBLE
CRR-STAGEII-CONFIRM-2026-07-22,21c5b970e734ed79636df2f3882d4d85460c5efa40b88e59b9b9a3f34a25c0ff,202607225012,clayton,empirical_copula,-90.0,optimal,373.7133632063999,16991.564105735488,-151.3460230735253,-136.3650388968245,0.0,True,0.5233214450586019,1.9108714336902806,0.059326171875,0.6079848254584919,-22.26035180531891,0.39201517454150814,-114.10468709150561,0.0,-0.0,FEASIBLE
CRR-STAGEII-CONFIRM-2026-07-22,21c5b970e734ed79636df2f3882d4d85460c5efa40b88e59b9b9a3f34a25c0ff,202607225013,clayton,empirical_copula,-90.0,optimal,368.68968726933,11613.91457466382,-193.2482169047594,-133.9561861032586,0.0,True,1.0,1.0,0.059326171875,0.0,-0.0,1.0,-133.95618610325894,0.0,-0.0,FEASIBLE
CRR-STAGEII-CONFIRM-2026-07-22,21c5b970e734ed79636df2f3882d4d85460c5efa40b88e59b9b9a3f34a25c0ff,202607225014,clayton,empirical_copula,-90.0,optimal,370.0026907504421,11791.364363036113,-193.2482169047594,-137.908988156692,0.0,True,1.0,1.0,0.06315104166666667,0.0,-0.0,1.0,-137.90898815669206,0.0,-0.0,FEASIBLE
CRR-STAGEII-CONFIRM-2026-07-22,21c5b970e734ed79636df2f3882d4d85460c5efa40b88e59b9b9a3f34a25c0ff,202607225015,clayton,empirical_copula,-90.0,optimal,372.2512873311342,13787.708589371201,-172.17675566341043,-150.58599334605952,0.0,True,0.5754747863779104,1.7376955927019655,0.06103515625,0.30573885311530985,-57.03656257230731,0.6942611468846902,-93.54943077375252,0.0,-0.0,FEASIBLE
CRR-STAGEII-CONFIRM-2026-07-22,21c5b970e734ed79636df2f3882d4d85460c5efa40b88e59b9b9a3f34a25c0ff,202607225016,clayton,empirical_copula,-90.0,optimal,370.17866813828414,16236.013548520345,-155.22980992520766,-151.02552776707063,0.0,True,0.5053318428933562,1.9788976571797736,0.064697265625,0.5516325618837389,-23.630987779644272,0.4483674381162611,-127.39453998742636,0.0,-0.0,FEASIBLE
CRR-STAGEII-CONFIRM-2026-07-22,21c5b970e734ed79636df2f3882d4d85460c5efa40b88e59b9b9a3f34a25c0ff,202607225017,clayton,empirical_copula,-90.0,optimal,371.7035771420081,15662.355686248611,-161.83013422273683,-157.5202210385769,0.0,True,0.503895906309385,1.9845368606467981,0.060872395833333336,0.45586437771264,-91.9428137314597,0.54413562228736,-65.57740730711762,0.0,-0.0,FEASIBLE
CRR-STAGEII-CONFIRM-2026-07-22,21c5b970e734ed79636df2f3882d4d85460c5efa40b88e59b9b9a3f34a25c0ff,202607225018,clayton,empirical_copula,-90.0,optimal,370.8734938670557,15336.747761247967,-162.3256730854246,-158.10812644432684,0.0,True,0.5052686553478621,1.9791451328235081,0.06339518229166667,0.4486742981155529,-82.94706929927267,0.551325701884447,-75.1610571450545,0.0,-0.0,FEASIBLE
CRR-STAGEII-CONFIRM-2026-07-22,21c5b970e734ed79636df2f3882d4d85460c5efa40b88e59b9b9a3f34a25c0ff,202607225019,clayton,empirical_copula,-90.0,infeasible_or_failed,,,,,,,,,,,,,,,,ASSUMED_POLICY_INFEASIBLE
CRR-STAGEII-CONFIRM-2026-07-22,21c5b970e734ed79636df2f3882d4d85460c5efa40b88e59b9b9a3f34a25c0ff,202607225020,clayton,empirical_copula,-90.0,optimal,372.0596229033846,14602.393214080968,-162.41599345619272,-158.46951478742423,0.0,True,0.5055411424613986,1.978078371883168,0.059814453125,0.4473637840389403,-80.07155185623898,0.5526362159610597,-78.39796293118536,0.0,-0.0,FEASIBLE
CRR-STAGEII-CONFIRM-2026-07-22,21c5b970e734ed79636df2f3882d4d85460c5efa40b88e59b9b9a3f34a25c0ff,202607225021,clayton,empirical_copula,-90.0,infeasible_or_failed,,,,,,,,,,,,,,,,ASSUMED_POLICY_INFEASIBLE
CRR-STAGEII-CONFIRM-2026-07-22,21c5b970e734ed79636df2f3882d4d85460c5efa40b88e59b9b9a3f34a25c0ff,202607225022,clayton,empirical_copula,-90.0,optimal,369.33980404669046,11946.469441203024,-193.2482169047594,-128.02698302310853,0.0,True,1.0,1.0,0.062255859375,0.0,-0.0,1.0,-128.02698302310915,0.0,-0.0,FEASIBLE
CRR-STAGEII-CONFIRM-2026-07-22,21c5b970e734ed79636df2f3882d4d85460c5efa40b88e59b9b9a3f34a25c0ff,202607225023,clayton,empirical_copula,-90.0,optimal,370.52810669564974,12425.677592087795,-185.77263853592763,-136.68446525990706,0.0,True,0.8065949485880657,1.2397796462158452,0.059895833333333336,0.10846778639040075,-20.782260501227533,0.8915322136095992,-115.90220475868009,0.0,-0.0,FEASIBLE
CRR-STAGEII-CONFIRM-2026-07-22,21c5b970e734ed79636df2f3882d4d85460c5efa40b88e59b9b9a3f34a25c0ff,202607225024,clayton,empirical_copula,-90.0,optimal,369.198158330971,13265.166516221714,-177.83283931709244,-141.22649971187946,0.0,True,0.6527151672310194,1.532061839840875,0.06998697916666667,0.22367123997761348,-43.983542473871665,0.7763287600223865,-97.2429572380083,0.0,-0.0,FEASIBLE
CRR-STAGEII-CONFIRM-2026-07-22,21c5b970e734ed79636df2f3882d4d85460c5efa40b88e59b9b9a3f34a25c0ff,202607225025,clayton,empirical_copula,-90.0,optimal,372.4911478153738,15851.884084883462,-161.04244058720494,-159.35905148412658,0.0,True,0.5000215318436761,1.999913876334098,0.060384114583333336,0.49671885357868806,-69.02387754304415,0.5032811464213119,-90.33517394108216,0.0,-0.0,FEASIBLE
CRR-STAGEII-CONFIRM-2026-07-22,21c5b970e734ed79636df2f3882d4d85460c5efa40b88e59b9b9a3f34a25c0ff,202607225026,clayton,empirical_copula,-90.0,optimal,373.8656888897931,16914.126013787263,-151.26009592555553,-136.04778729609563,0.0,True,0.5238630829330392,1.9088957259617036,0.06306966145833333,0.609231595550553,-22.306000215784913,0.39076840444944705,-113.74178708031074,0.0,-0.0,FEASIBLE
CRR-STAGEII-CONFIRM-2026-07-22,21c5b970e734ed79636df2f3882d4d85460c5efa40b88e59b9b9a3f34a25c0ff,202607225027,clayton,empirical_copula,-90.0,optimal,373.7953453896339,14686.14599795427,-166.0559713834607,-153.93846721202723,0.0,True,0.5222397868065058,1.914829213061295,0.061930338541666664,0.3945490948201348,-76.42441445323907,0.6054509051798652,-77.51405275878865,0.0,-0.0,FEASIBLE
CRR-STAGEII-CONFIRM-2026-07-22,21c5b970e734ed79636df2f3882d4d85460c5efa40b88e59b9b9a3f34a25c0ff,202607225028,clayton,empirical_copula,-90.0,infeasible_or_failed,,,,,,,,,,,,,,,,ASSUMED_POLICY_INFEASIBLE
CRR-STAGEII-CONFIRM-2026-07-22,21c5b970e734ed79636df2f3882d4d85460c5efa40b88e59b9b9a3f34a25c0ff,202607225029,clayton,empirical_copula,-90.0,optimal,373.35093868544664,16371.759499723314,-162.13716192754333,-159.1349342341005,0.0,True,0.500123988125549,1.9995041704517564,0.06315104166666667,0.507873630850792,-73.1362925176044,0.49212636914920804,-85.9986417164959,0.0,-0.0,FEASIBLE
CRR-STAGEII-CONFIRM-2026-07-22,21c5b970e734ed79636df2f3882d4d85460c5efa40b88e59b9b9a3f34a25c0ff,202607225030,clayton,empirical_copula,-90.0,optimal,371.8076589866213,17352.015379565102,-150.77335378820212,-134.78367603546255,0.0,True,0.5270486065596086,1.897358208624542,0.063232421875,0.6162940380234702,-24.308395301949243,0.38370596197652984,-110.47528073351332,0.0,-0.0,FEASIBLE
CRR-STAGEII-CONFIRM-2026-07-22,21c5b970e734ed79636df2f3882d4d85460c5efa40b88e59b9b9a3f34a25c0ff,202607225031,clayton,empirical_copula,-90.0,optimal,370.94599426477794,14797.925886391786,-162.22651183725992,-157.9811664684775,0.0,True,0.5049774075894933,1.9802866127684686,0.056803385416666664,0.45011308994589205,-84.53777262024552,0.549886910054108,-73.44339384823236,0.0,-0.0,FEASIBLE
CRR-STAGEII-CONFIRM-2026-07-22,21c5b970e734ed79636df2f3882d4d85460c5efa40b88e59b9b9a3f34a25c0ff,202607225032,clayton,empirical_copula,-90.0,optimal,369.45567261770987,14815.154522682262,-164.39973443175091,-155.89355122142408,0.0,True,0.5132582828927441,1.9483367990945226,0.06502278645833333,0.41858046029132817,-79.84739623651177,0.5814195397086719,-76.04615498491273,0.0,-0.0,FEASIBLE
CRR-STAGEII-CONFIRM-2026-07-22,21c5b970e734ed79636df2f3882d4d85460c5efa40b88e59b9b9a3f34a25c0ff,202607225033,clayton,empirical_copula,-90.0,optimal,369.19875802423394,11707.888185901877,-193.2482169047594,-132.7703454872286,0.0,True,1.0,1.0,0.061848958333333336,0.0,-0.0,1.0,-132.77034548722898,0.0,-0.0,FEASIBLE
CRR-STAGEII-CONFIRM-2026-07-22,21c5b970e734ed79636df2f3882d4d85460c5efa40b88e59b9b9a3f34a25c0ff,202607225034,clayton,empirical_copula,-90.0,infeasible_or_failed,,,,,,,,,,,,,,,,ASSUMED_POLICY_INFEASIBLE
CRR-STAGEII-CONFIRM-2026-07-22,21c5b970e734ed79636df2f3882d4d85460c5efa40b88e59b9b9a3f34a25c0ff,202607225035,clayton,empirical_copula,-90.0,optimal,372.0903209544514,12641.608695331233,-186.88540934109452,-140.80950371708127,0.0,True,0.8324028548671012,1.2013413867491562,0.068359375,0.09232190709635794,-17.067685084538528,0.9076780929036421,-123.74181863254296,0.0,-0.0,FEASIBLE
CRR-STAGEII-CONFIRM-2026-07-22,21c5b970e734ed79636df2f3882d4d85460c5efa40b88e59b9b9a3f34a25c0ff,202607225036,clayton,empirical_copula,-90.0,optimal,374.35471498775763,15837.8704150452,-161.3818928036363,-159.52422348184137,0.0,True,0.5000000631811251,1.9999997472755315,0.059000651041666664,0.5001777373414212,-74.55156943495757,0.49982226265857876,-84.9726540468836,0.0,-0.0,FEASIBLE
CRR-STAGEII-CONFIRM-2026-07-22,21c5b970e734ed79636df2f3882d4d85460c5efa40b88e59b9b9a3f34a25c0ff,202607225037,clayton,empirical_copula,-90.0,optimal,376.60668389143177,17973.64460390257,-144.4093316486036,-117.48513215876494,0.0,True,0.5870559315202087,1.7034152051073794,0.085693359375,0.7086335681526451,-38.3770079591408,0.2913664318473548,-79.10812419962407,0.0,-0.0,FEASIBLE
CRR-STAGEII-CONFIRM-2026-07-22,21c5b970e734ed79636df2f3882d4d85460c5efa40b88e59b9b9a3f34a25c0ff,202607225038,clayton,empirical_copula,-90.0,optimal,371.12357040565615,12902.680593604648,-175.74124964235148,-142.4525037718068,0.0,True,0.6210129041165446,1.610272497352698,0.08846028645833333,0.2540194071511486,-50.48531541865982,0.7459805928488513,-91.96718835314746,0.0,-0.0,FEASIBLE
CRR-STAGEII-CONFIRM-2026-07-22,21c5b970e734ed79636df2f3882d4d85460c5efa40b88e59b9b9a3f34a25c0ff,202607225039,clayton,empirical_copula,-90.0,optimal,372.4084716344464,12446.331654985768,-182.23854803234792,-144.0825152758794,0.0,True,0.7315454471646259,1.3669690705831998,0.059326171875,0.15974608954148237,-29.53249164290795,0.8402539104585176,-114.55002363297167,0.0,-0.0,FEASIBLE
CRR-STAGEII-CONFIRM-2026-07-22,21c5b970e734ed79636df2f3882d4d85460c5efa40b88e59b9b9a3f34a25c0ff,202607225040,clayton,empirical_copula,-90.0,optimal,376.0323732935827,18389.24890353992,-144.4174369797538,-114.25584580984936,0.0,True,0.5869578135631977,1.7036999540552673,0.060139973958333336,0.7085159628939686,-32.356361347363936,0.29148403710603144,-81.89948446248539,0.0,-0.0,FEASIBLE
CRR-STAGEII-CONFIRM-2026-07-22,21c5b970e734ed79636df2f3882d4d85460c5efa40b88e59b9b9a3f34a25c0ff,202607225041,clayton,empirical_copula,-90.0,infeasible_or_failed,,,,,,,,,,,,,,,,ASSUMED_POLICY_INFEASIBLE
CRR-STAGEII-CONFIRM-2026-07-22,21c5b970e734ed79636df2f3882d4d85460c5efa40b88e59b9b9a3f34a25c0ff,202607225042,clayton,empirical_copula,-90.0,optimal,373.47410531264586,18371.787193012835,-144.6108325684385,-113.63435273423941,0.0,True,0.5846330985821877,1.7104744880594884,0.057047526041666664,0.7057098667810902,-29.832029992629625,0.29429013321890984,-83.80232274160974,0.0,-0.0,FEASIBLE
CRR-STAGEII-CONFIRM-2026-07-22,21c5b970e734ed79636df2f3882d4d85460c5efa40b88e59b9b9a3f34a25c0ff,202607225043,clayton,empirical_copula,-90.0,infeasible_or_failed,,,,,,,,,,,,,,,,ASSUMED_POLICY_INFEASIBLE
CRR-STAGEII-CONFIRM-2026-07-22,21c5b970e734ed79636df2f3882d4d85460c5efa40b88e59b9b9a3f34a25c0ff,202607225044,clayton,empirical_copula,-90.0,optimal,368.0601387679735,12216.65119076903,-193.2482169047594,-124.07418096967514,0.0,True,1.0,1.0,0.06754557291666667,0.0,-0.0,1.0,-124.07418096967571,0.0,-0.0,FEASIBLE
CRR-STAGEII-CONFIRM-2026-07-22,21c5b970e734ed79636df2f3882d4d85460c5efa40b88e59b9b9a3f34a25c0ff,202607225045,clayton,empirical_copula,-90.0,optimal,368.18940639268465,12622.75352813567,-183.55980564537705,-129.96319392519808,0.0,True,0.7583724509011869,1.3186132998524445,0.06648763020833333,0.1405751463092828,-28.766177220844053,0.8594248536907172,-101.19701670435447,0.0,-0.0,FEASIBLE
CRR-STAGEII-CONFIRM-2026-07-22,21c5b970e734ed79636df2f3882d4d85460c5efa40b88e59b9b9a3f34a25c0ff,202607225046,clayton,empirical_copula,-90.0,optimal,370.07408397168206,12218.05012961728,-193.2482169047594,-128.42226322845187,0.0,True,1.0,1.0,0.06770833333333333,0.0,-0.0,1.0,-128.4222632284525,0.0,-0.0,FEASIBLE
CRR-STAGEII-CONFIRM-2026-07-22,21c5b970e734ed79636df2f3882d4d85460c5efa40b88e59b9b9a3f34a25c0ff,202607225047,clayton,empirical_copula,-90.0,optimal,377.2725133429673,18934.997730414896,-142.84560812468467,-103.0263391180404,0.0,True,0.6070202897342916,1.647391391872133,0.057861328125,0.7313225991275945,-23.46529339845932,0.26867740087240555,-79.56104571958105,0.0,-0.0,FEASIBLE
CRR-STAGEII-CONFIRM-2026-07-22,21c5b970e734ed79636df2f3882d4d85460c5efa40b88e59b9b9a3f34a25c0ff,202607225048,clayton,empirical_copula,-90.0,optimal,374.71036534080463,16891.57651196181,-153.1930211372022,-142.99062355888483,0.0,True,0.5131821997632106,1.9486256547117455,0.057698567708333336,0.5811855891251969,-20.292457097877293,0.4188144108748031,-122.69816646100757,0.0,-0.0,FEASIBLE
CRR-STAGEII-CONFIRM-2026-07-22,21c5b970e734ed79636df2f3882d4d85460c5efa40b88e59b9b9a3f34a25c0ff,202607225049,clayton,empirical_copula,-90.0,optimal,375.0916238427292,19497.338200169575,-141.6590746224817,-97.42108105252493,0.0,True,0.6235430174983765,1.6037385905016628,0.061848958333333336,0.7485387469775855,-22.323289001407947,0.2514612530224145,-75.09779205111697,0.0,-0.0,FEASIBLE
CRR-STAGEII-CONFIRM-2026-07-22,21c5b970e734ed79636df2f3882d4d85460c5efa40b88e59b9b9a3f34a25c0ff,202607225050,clayton,empirical_copula,-90.0,optimal,375.82480759246494,17350.699591639703,-153.81490322371548,-145.37284856128352,0.0,True,0.5104148001670508,1.9591908378689562,0.06689453125,0.5721623176147038,-20.30119274652736,0.4278376823852962,-125.07165581475618,0.0,-0.0,FEASIBLE
CRR-STAGEII-CONFIRM-2026-07-22,21c5b970e734ed79636df2f3882d4d85460c5efa40b88e59b9b9a3f34a25c0ff,202607225051,clayton,empirical_copula,-90.0,optimal,371.22306833681495,16636.961996833106,-154.3119206622842,-147.45084459001396,0.0,True,0.5084372088004091,1.9668112063618806,0.062174479166666664,0.5649507844464143,-21.643855357552034,0.43504921555358567,-125.80698923246197,0.0,-0.0,FEASIBLE
CRR-STAGEII-CONFIRM-2026-07-22,21c5b970e734ed79636df2f3882d4d85460c5efa40b88e59b9b9a3f34a25c0ff,202607225052,clayton,empirical_copula,-90.0,optimal,371.36908599391927,19478.50868960354,-143.0105812812502,-103.17550965246616,0.0,True,0.6048168840187207,1.653392996166832,0.062093098958333336,0.728928901647128,-22.563481781815042,0.271071098352872,-80.6120278706511,0.0,-0.0,FEASIBLE
CRR-STAGEII-CONFIRM-2026-07-22,21c5b970e734ed79636df2f3882d4d85460c5efa40b88e59b9b9a3f34a25c0ff,202607225053,clayton,empirical_copula,-90.0,optimal,372.0115469908889,18241.30762231302,-145.00070379804995,-116.45409809352788,0.0,True,0.5800423929537734,1.7240119207626523,0.06673177083333333,0.70005298417391,-32.3660383795367,0.29994701582608996,-84.08805971399114,0.0,-0.0,FEASIBLE
CRR-STAGEII-CONFIRM-2026-07-22,21c5b970e734ed79636df2f3882d4d85460c5efa40b88e59b9b9a3f34a25c0ff,202607225054,clayton,empirical_copula,-90.0,optimal,369.9183574647682,12314.640520851537,-183.2269276979875,-138.12960842831652,0.0,True,0.7514751171846175,1.3307160505147193,0.0576171875,0.14540507816339396,-28.042789966328737,0.854594921836606,-110.08681846198834,0.0,-0.0,FEASIBLE
CRR-STAGEII-CONFIRM-2026-07-22,21c5b970e734ed79636df2f3882d4d85460c5efa40b88e59b9b9a3f34a25c0ff,202607225055,clayton,empirical_copula,-90.0,optimal,377.2080827869454,15595.033781141648,-160.07634868995066,-159.8048674574118,0.0,True,0.5003445438799153,1.9986227735102553,0.072265625,0.4868747594323874,-72.77345904630839,0.5131252405676126,-87.0314084111032,0.0,-0.0,FEASIBLE
CRR-STAGEII-CONFIRM-2026-07-22,21c5b970e734ed79636df2f3882d4d85460c5efa40b88e59b9b9a3f34a25c0ff,202607225056,clayton,empirical_copula,-90.0,optimal,373.47256633646987,13057.893960021696,-180.83405282862046,-139.11138941158325,0.0,True,0.7046403147653273,1.419163762057865,0.06306966145833333,0.18012477841717148,-35.1174796747607,0.8198752215828286,-103.99390973682308,0.0,-0.0,FEASIBLE
CRR-STAGEII-CONFIRM-2026-07-22,21c5b970e734ed79636df2f3882d4d85460c5efa40b88e59b9b9a3f34a25c0ff,202607225057,clayton,empirical_copula,-90.0,optimal,376.89485974740535,21552.08803855938,-134.7665381407909,-72.07504371555419,17.924956284445813,False,0.7429697691123189,1.345949783656439,0.059895833333333336,0.8485468183130631,-27.226561954734862,0.15145318168693692,-44.84848176081925,0.0,-0.0,TRUE_LAW_RISK_VIOLATION
CRR-STAGEII-CONFIRM-2026-07-22,21c5b970e734ed79636df2f3882d4d85460c5efa40b88e59b9b9a3f34a25c0ff,202607225058,clayton,empirical_copula,-90.0,optimal,373.55442370930115,17979.377315842627,-147.3578258433126,-123.96309774210255,0.0,True,0.5550138008254507,1.8017569986777597,0.06494140625,0.6658520437399713,-29.654377928783404,0.33414795626002863,-94.30871981331914,0.0,-0.0,FEASIBLE
CRR-STAGEII-CONFIRM-2026-07-22,21c5b970e734ed79636df2f3882d4d85460c5efa40b88e59b9b9a3f34a25c0ff,202607225059,clayton,empirical_copula,-90.0,optimal,368.5006778998451,13677.587536672374,-169.5219369523448,-153.26836953352577,0.0,True,0.5485103571588825,1.8231196311035895,0.063720703125,0.34425925844711913,-63.354230042795244,0.6557407415528809,-89.91413949073076,0.0,-0.0,FEASIBLE
CRR-STAGEII-CONFIRM-2026-07-22,21c5b970e734ed79636df2f3882d4d85460c5efa40b88e59b9b9a3f34a25c0ff,202607225060,clayton,empirical_copula,-90.0,infeasible_or_failed,,,,,,,,,,,,,,,,ASSUMED_POLICY_INFEASIBLE
CRR-STAGEII-CONFIRM-2026-07-22,21c5b970e734ed79636df2f3882d4d85460c5efa40b88e59b9b9a3f34a25c0ff,202607225061,clayton,empirical_copula,-90.0,optimal,370.85409184186557,19445.688633527185,-141.91766295152865,-95.82564106304966,0.0,True,0.6198410854931142,1.6133167410231455,0.060139973958333336,0.7447867291062918,-17.996618503401052,0.2552132708937082,-77.8290225596486,0.0,-0.0,FEASIBLE
CRR-STAGEII-CONFIRM-2026-07-22,21c5b970e734ed79636df2f3882d4d85460c5efa40b88e59b9b9a3f34a25c0ff,202607225062,clayton,empirical_copula,-90.0,optimal,370.0499245221572,14792.607109915132,-161.6306989205686,-158.11318232574263,0.0,True,0.5034017873509169,1.9864848022538086,0.06282552083333333,0.4587581077609373,-89.2475001892665,0.5412418922390627,-68.86568213647661,0.0,-0.0,FEASIBLE
CRR-STAGEII-CONFIRM-2026-07-22,21c5b970e734ed79636df2f3882d4d85460c5efa40b88e59b9b9a3f34a25c0ff,202607225063,clayton,empirical_copula,-90.0,optimal,368.94166668961407,11564.858985288309,-193.2482169047594,-136.72314754066198,0.0,True,1.0,1.0,0.058024088541666664,0.0,-0.0,1.0,-136.7231475406622,0.0,-0.0,FEASIBLE
CRR-STAGEII-CONFIRM-2026-07-22,21c5b970e734ed79636df2f3882d4d85460c5efa40b88e59b9b9a3f34a25c0ff,202607225064,clayton,empirical_copula,-90.0,optimal,369.13641301092747,11506.990992231007,-193.2482169047594,-136.72314754066198,0.0,True,1.0,1.0,0.059488932291666664,0.0,-0.0,1.0,-136.7231475406622,0.0,-0.0,FEASIBLE
CRR-STAGEII-CONFIRM-2026-07-22,21c5b970e734ed79636df2f3882d4d85460c5efa40b88e59b9b9a3f34a25c0ff,202607225001,clayton,empirical_copula,-75.0,optimal,370.2263244518142,13633.823664545496,-173.64689397314874,-143.76597181210434,0.0,True,0.5929600728709754,1.6864541910186828,0.06282552083333333,0.2844077078476884,-57.242320000566494,0.7155922921523117,-86.52365181153831,0.0,-0.0,FEASIBLE
CRR-STAGEII-CONFIRM-2026-07-22,21c5b970e734ed79636df2f3882d4d85460c5efa40b88e59b9b9a3f34a25c0ff,202607225002,clayton,empirical_copula,-75.0,optimal,373.30573433964724,18117.395347820428,-146.3262609085529,-119.48610638317903,0.0,True,0.5653914966253738,1.7686859564897137,0.060791015625,0.6808196568758135,-28.394583388318757,0.3191803431241865,-91.09152299486027,0.0,-0.0,FEASIBLE
CRR-STAGEII-CONFIRM-2026-07-22,21c5b970e734ed79636df2f3882d4d85460c5efa40b88e59b9b9a3f34a25c0ff,202607225003,clayton,empirical_copula,-75.0,optimal,366.8040530930529,15208.863427375394,-161.86349013692484,-158.2907550844034,0.0,True,0.5039818180972386,1.9841985644947597,0.06705729166666667,0.4553803961400454,-85.33559007425647,0.5446196038599547,-72.95516501014731,0.0,-0.0,FEASIBLE
CRR-STAGEII-CONFIRM-2026-07-22,21c5b970e734ed79636df2f3882d4d85460c5efa40b88e59b9b9a3f34a25c0ff,202607225004,clayton,empirical_copula,-75.0,optimal,369.9032436101576,17822.37299820419,-146.47092902360885,-117.27776128026349,0.0,True,0.5638820898518508,1.7734203976273315,0.060872395833333336,0.6787205777909343,-22.545680472709986,0.3212794222090657,-94.73208080755349,0.0,-0.0,FEASIBLE
CRR-STAGEII-CONFIRM-2026-07-22,21c5b970e734ed79636df2f3882d4d85460c5efa40b88e59b9b9a3f34a25c0ff,202607225005,clayton,empirical_copula,-75.0,optimal,375.76459973882356,20467.436519475257,-139.1587181581369,-87.36006442205581,0.0,True,0.6622425453658065,1.5100207725971828,0.061767578125,0.7848179641155089,-22.961094153248244,0.21518203588449114,-64.39897026880752,0.0,-0.0,FEASIBLE
CRR-STAGEII-CONFIRM-2026-07-22,21c5b970e734ed79636df2f3882d4d85460c5efa40b88e59b9b9a3f34a25c0ff,202607225006,clayton,empirical_copula,-75.0,optimal,368.27455489310273,11966.950577116282,-193.2482169047594,-133.5609058979153,0.0,True,1.0,1.0,0.062093098958333336,0.0,-0.0,1.0,-133.5609058979157,0.0,-0.0,FEASIBLE
CRR-STAGEII-CONFIRM-2026-07-22,21c5b970e734ed79636df2f3882d4d85460c5efa40b88e59b9b9a3f34a25c0ff,202607225007,clayton,empirical_copula,-75.0,infeasible_or_failed,,,,,,,,,,,,,,,,ASSUMED_POLICY_INFEASIBLE
CRR-STAGEII-CONFIRM-2026-07-22,21c5b970e734ed79636df2f3882d4d85460c5efa40b88e59b9b9a3f34a25c0ff,202607225008,clayton,empirical_copula,-75.0,optimal,371.07969218102903,15717.808607907773,-161.0165365638452,-158.87848241190076,0.0,True,0.5020905394093219,1.9916726596291525,0.063720703125,0.4676693689411886,-88.62160013509904,0.5323306310588114,-70.25688227680213,0.0,-0.0,FEASIBLE
CRR-STAGEII-CONFIRM-2026-07-22,21c5b970e734ed79636df2f3882d4d85460c5efa40b88e59b9b9a3f34a25c0ff,202607225009,clayton,empirical_copula,-75.0,optimal,373.4018749993022,15457.356353097099,-159.97515987887166,-159.7548972852803,0.0,True,0.500593101791585,1.9976304036573322,0.06575520833333333,0.48277934682445206,-90.46999121204777,0.5172206531755479,-69.28490607323288,0.0,-0.0,FEASIBLE
CRR-STAGEII-CONFIRM-2026-07-22,21c5b970e734ed79636df2f3882d4d85460c5efa40b88e59b9b9a3f34a25c0ff,202607225010,clayton,empirical_copula,-75.0,optimal,374.47453056972347,17970.57541424124,-146.4222155627052,-121.46491221686881,0.0,True,0.5643883776407342,1.7718295408211926,0.061686197916666664,0.6794273914996457,-31.796931457627622,0.3205726085003543,-89.66798075924119,0.0,-0.0,FEASIBLE
CRR-STAGEII-CONFIRM-2026-07-22,21c5b970e734ed79636df2f3882d4d85460c5efa40b88e59b9b9a3f34a25c0ff,202607225011,clayton,empirical_copula,-75.0,optimal,371.9887490054134,18188.897079835955,-147.4641793288157,-123.01732182873249,0.0,True,0.5539948261450452,1.8050710093422118,0.064453125,0.6643088952933548,-26.57817316211802,0.33569110470664515,-96.43914866661444,0.0,-0.0,FEASIBLE
CRR-STAGEII-CONFIRM-2026-07-22,21c5b970e734ed79636df2f3882d4d85460c5efa40b88e59b9b9a3f34a25c0ff,202607225012,clayton,empirical_copula,-75.0,optimal,374.45041783753004,18417.681416166077,-145.1233988906827,-113.39048976555063,0.0,True,0.5786241471565124,1.7282375872390083,0.059326171875,0.6982727252504899,-25.566092884658513,0.3017272747495101,-87.82439688089208,0.0,-0.0,FEASIBLE
CRR-STAGEII-CONFIRM-2026-07-22,21c5b970e734ed79636df2f3882d4d85460c5efa40b88e59b9b9a3f34a25c0ff,202607225013,clayton,empirical_copula,-75.0,optimal,368.68968726933,11613.91457466382,-193.2482169047594,-133.9561861032586,0.0,True,1.0,1.0,0.059326171875,0.0,-0.0,1.0,-133.95618610325894,0.0,-0.0,FEASIBLE
CRR-STAGEII-CONFIRM-2026-07-22,21c5b970e734ed79636df2f3882d4d85460c5efa40b88e59b9b9a3f34a25c0ff,202607225014,clayton,empirical_copula,-75.0,optimal,370.0026907504421,11791.364363036113,-193.2482169047594,-137.908988156692,0.0,True,1.0,1.0,0.06315104166666667,0.0,-0.0,1.0,-137.90898815669206,0.0,-0.0,FEASIBLE
CRR-STAGEII-CONFIRM-2026-07-22,21c5b970e734ed79636df2f3882d4d85460c5efa40b88e59b9b9a3f34a25c0ff,202607225015,clayton,empirical_copula,-75.0,optimal,373.4627041916847,15738.76549749135,-159.93661015668545,-159.8264362235584,0.0,True,0.5004233538394647,1.9983080172569225,0.06103515625,0.4854508790735538,-70.5196119871276,0.5145491209264462,-89.30682423643059,0.0,-0.0,FEASIBLE
CRR-STAGEII-CONFIRM-2026-07-22,21c5b970e734ed79636df2f3882d4d85460c5efa40b88e59b9b9a3f34a25c0ff,202607225016,clayton,empirical_copula,-75.0,optimal,370.9974990861655,17879.387871534644,-147.08609193504472,-122.51398424927524,0.0,True,0.5576605474968844,1.793205570106404,0.064697265625,0.669794798944026,-28.692854269997635,0.33020520105597395,-93.82112997927759,0.0,-0.0,FEASIBLE
CRR-STAGEII-CONFIRM-2026-07-22,21c5b970e734ed79636df2f3882d4d85460c5efa40b88e59b9b9a3f34a25c0ff,202607225017,clayton,empirical_copula,-75.0,optimal,372.2188608417013,16602.92704644636,-156.15253978215867,-154.2297086746309,0.0,True,0.5029252230046062,1.9883671652531956,0.060872395833333336,0.5382441041508764,-22.44826062854228,0.4617558958491236,-131.78144804608866,0.0,-0.0,FEASIBLE
CRR-STAGEII-CONFIRM-2026-07-22,21c5b970e734ed79636df2f3882d4d85460c5efa40b88e59b9b9a3f34a25c0ff,202607225018,clayton,empirical_copula,-75.0,optimal,371.7395417809133,17331.673868902686,-152.2486346087038,-139.29269768277717,0.0,True,0.5180075701819876,1.9304737180745788,0.06339518229166667,0.5948882768891595,-20.097595975874764,0.40511172311084054,-119.19510170690243,0.0,-0.0,FEASIBLE
CRR-STAGEII-CONFIRM-2026-07-22,21c5b970e734ed79636df2f3882d4d85460c5efa40b88e59b9b9a3f34a25c0ff,202607225019,clayton,empirical_copula,-75.0,infeasible_or_failed,,,,,,,,,,,,,,,,ASSUMED_POLICY_INFEASIBLE
CRR-STAGEII-CONFIRM-2026-07-22,21c5b970e734ed79636df2f3882d4d85460c5efa40b88e59b9b9a3f34a25c0ff,202607225020,clayton,empirical_copula,-75.0,optimal,372.5727229042153,15668.824572234314,-156.22098055944608,-154.41179364711056,0.0,True,0.5027752821402256,1.9889601488425934,0.059814453125,0.5372510546174575,-20.886682123632824,0.4627489453825425,-133.52511152347776,0.0,-0.0,FEASIBLE
CRR-STAGEII-CONFIRM-2026-07-22,21c5b970e734ed79636df2f3882d4d85460c5efa40b88e59b9b9a3f34a25c0ff,202607225021,clayton,empirical_copula,-75.0,infeasible_or_failed,,,,,,,,,,,,,,,,ASSUMED_POLICY_INFEASIBLE
CRR-STAGEII-CONFIRM-2026-07-22,21c5b970e734ed79636df2f3882d4d85460c5efa40b88e59b9b9a3f34a25c0ff,202607225022,clayton,empirical_copula,-75.0,optimal,369.33980404669046,11946.469441203024,-193.2482169047594,-128.02698302310853,0.0,True,1.0,1.0,0.062255859375,0.0,-0.0,1.0,-128.02698302310915,0.0,-0.0,FEASIBLE
CRR-STAGEII-CONFIRM-2026-07-22,21c5b970e734ed79636df2f3882d4d85460c5efa40b88e59b9b9a3f34a25c0ff,202607225023,clayton,empirical_copula,-75.0,optimal,372.17219474720264,14382.759393718692,-167.40647717775744,-153.098688949007,0.0,True,0.5312731184487092,1.8822710302376107,0.059895833333333336,0.3749537716508228,-71.84056407603427,0.6250462283491772,-81.25812487297321,0.0,-0.0,FEASIBLE
CRR-STAGEII-CONFIRM-2026-07-22,21c5b970e734ed79636df2f3882d4d85460c5efa40b88e59b9b9a3f34a25c0ff,202607225024,clayton,empirical_copula,-75.0,optimal,370.5409265415593,14744.208685614813,-165.45248942983363,-154.04944774186788,0.0,True,0.5186996961995551,1.9278977939005348,0.06998697916666667,0.40330538743147265,-79.3074676914603,0.5966946125685273,-74.74198005040806,0.0,-0.0,FEASIBLE
CRR-STAGEII-CONFIRM-2026-07-22,21c5b970e734ed79636df2f3882d4d85460c5efa40b88e59b9b9a3f34a25c0ff,202607225025,clayton,empirical_copula,-75.0,optimal,373.08464150813916,16970.53411283126,-153.08612898780024,-143.3211129364907,0.0,True,0.5136906745301422,1.9466968149941026,0.060384114583333336,0.5827365533792114,-23.974110751397372,0.4172634466207886,-119.34700218509334,0.0,-0.0,FEASIBLE
CRR-STAGEII-CONFIRM-2026-07-22,21c5b970e734ed79636df2f3882d4d85460c5efa40b88e59b9b9a3f34a25c0ff,202607225026,clayton,empirical_copula,-75.0,optimal,374.32528677809853,18187.669259983497,-145.47053138160877,-114.67213754524973,0.0,True,0.5746802766597604,1.740097999904128,0.06306966145833333,0.693235965415034,-25.381680311842082,0.30676403458496604,-89.29045723340764,0.0,-0.0,FEASIBLE
CRR-STAGEII-CONFIRM-2026-07-22,21c5b970e734ed79636df2f3882d4d85460c5efa40b88e59b9b9a3f34a25c0ff,202607225027,clayton,empirical_copula,-75.0,optimal,374.7598289396459,15760.96220168831,-160.4036606417776,-159.69176888843975,0.0,True,0.5001916906004076,1.9992335314480036,0.061930338541666664,0.4902099387027565,-71.21094256853567,0.5097900612972435,-88.4808263199038,0.0,-0.0,FEASIBLE
CRR-STAGEII-CONFIRM-2026-07-22,21c5b970e734ed79636df2f3882d4d85460c5efa40b88e59b9b9a3f34a25c0ff,202607225028,clayton,empirical_copula,-75.0,infeasible_or_failed,,,,,,,,,,,,,,,,ASSUMED_POLICY_INFEASIBLE
CRR-STAGEII-CONFIRM-2026-07-22,21c5b970e734ed79636df2f3882d4d85460c5efa40b88e59b9b9a3f34a25c0ff,202607225029,clayton,empirical_copula,-75.0,optimal,374.154235611398,18047.133703764976,-150.27374461909116,-131.36860258671098,0.0,True,0.5305258327770304,1.884922351029569,0.06315104166666667,0.623543176211862,-19.65420614514806,0.37645682378813805,-111.71439644156293,0.0,-0.0,FEASIBLE
CRR-STAGEII-CONFIRM-2026-07-22,21c5b970e734ed79636df2f3882d4d85460c5efa40b88e59b9b9a3f34a25c0ff,202607225030,clayton,empirical_copula,-75.0,optimal,372.60288994137125,18987.036194340475,-143.56263366420546,-108.78717096763486,0.0,True,0.5976102610706764,1.6733313752150165,0.063232421875,0.7209188324596575,-28.43509571543461,0.2790811675403425,-80.35207525220022,0.0,-0.0,FEASIBLE
CRR-STAGEII-CONFIRM-2026-07-22,21c5b970e734ed79636df2f3882d4d85460c5efa40b88e59b9b9a3f34a25c0ff,202607225031,clayton,empirical_copula,-75.0,optimal,371.59261111749436,16667.593439219832,-152.07627910518607,-138.3894718610694,0.0,True,0.5189692694697934,1.9268963671426118,0.056803385416666664,0.5973890894037761,-19.167888798486768,0.4026109105962239,-119.22158306258268,0.0,-0.0,FEASIBLE
CRR-STAGEII-CONFIRM-2026-07-22,21c5b970e734ed79636df2f3882d4d85460c5efa40b88e59b9b9a3f34a25c0ff,202607225032,clayton,empirical_copula,-75.0,optimal,370.1785781542553,15933.683830524393,-160.00047115497972,-158.06926066137842,0.0,True,0.5006058211217169,1.9975796481137218,0.06502278645833333,0.5174043259237019,-52.38177702952489,0.4825956740762981,-105.6874836318531,0.0,-0.0,FEASIBLE
CRR-STAGEII-CONFIRM-2026-07-22,21c5b970e734ed79636df2f3882d4d85460c5efa40b88e59b9b9a3f34a25c0ff,202607225033,clayton,empirical_copula,-75.0,optimal,369.19875802423394,11707.888185901877,-193.2482169047594,-132.7703454872286,0.0,True,1.0,1.0,0.061848958333333336,0.0,-0.0,1.0,-132.77034548722898,0.0,-0.0,FEASIBLE
CRR-STAGEII-CONFIRM-2026-07-22,21c5b970e734ed79636df2f3882d4d85460c5efa40b88e59b9b9a3f34a25c0ff,202607225034,clayton,empirical_copula,-75.0,infeasible_or_failed,,,,,,,,,,,,,,,,ASSUMED_POLICY_INFEASIBLE
CRR-STAGEII-CONFIRM-2026-07-22,21c5b970e734ed79636df2f3882d4d85460c5efa40b88e59b9b9a3f34a25c0ff,202607225035,clayton,empirical_copula,-75.0,optimal,373.3457163759206,13553.537067447938,-177.23809650084235,-147.60457771209235,0.0,True,0.6433257971991058,1.5544223538893864,0.068359375,0.23230073104404467,-42.94577362044385,0.7676992689559553,-104.65880409164876,0.0,-0.0,FEASIBLE
CRR-STAGEII-CONFIRM-2026-07-22,21c5b970e734ed79636df2f3882d4d85460c5efa40b88e59b9b9a3f34a25c0ff,202607225036,clayton,empirical_copula,-75.0,optimal,375.3398603723747,17154.364823042237,-151.7535325100887,-139.0340628700239,0.0,True,0.5208373942097435,1.9199850301019201,0.059000651041666664,0.6020720192064002,-26.473156778900115,0.3979279807935998,-112.56090609112373,0.0,-0.0,FEASIBLE
CRR-STAGEII-CONFIRM-2026-07-22,21c5b970e734ed79636df2f3882d4d85460c5efa40b88e59b9b9a3f34a25c0ff,202607225037,clayton,empirical_copula,-75.0,optimal,377.53773120771746,19649.511480105935,-137.09895486212153,-94.43054461186904,0.0,True,0.6980776466180452,1.4325054022925223,0.085693359375,0.8147043426917121,-44.12141401279411,0.18529565730828784,-50.309130599074855,0.0,-0.0,FEASIBLE
CRR-STAGEII-CONFIRM-2026-07-22,21c5b970e734ed79636df2f3882d4d85460c5efa40b88e59b9b9a3f34a25c0ff,202607225038,clayton,empirical_copula,-75.0,optimal,372.42649222212265,14089.165506332181,-165.77400629642014,-153.36592588473644,0.0,True,0.5205475773574435,1.9210539891021945,0.08846028645833333,0.3986403005197736,-79.22812487454901,0.6013596994802263,-74.13780101018789,0.0,-0.0,FEASIBLE
CRR-STAGEII-CONFIRM-2026-07-22,21c5b970e734ed79636df2f3882d4d85460c5efa40b88e59b9b9a3f34a25c0ff,202607225039,clayton,empirical_copula,-75.0,optimal,373.4802777971987,13745.09293937846,-170.28838522605082,-152.49959906551388,0.0,True,0.5556855959286873,1.799578767790002,0.059326171875,0.3331383867861047,-61.58777752827349,0.6668616132138954,-90.91182153724064,0.0,-0.0,FEASIBLE
CRR-STAGEII-CONFIRM-2026-07-22,21c5b970e734ed79636df2f3882d4d85460c5efa40b88e59b9b9a3f34a25c0ff,202607225040,clayton,empirical_copula,-75.0,optimal,376.80330889318293,19885.569769147653,-137.9584740728755,-92.20361865208167,0.0,True,0.6826896297461094,1.4647944782344176,0.060139973958333336,0.8022330472881063,-36.63621389252377,0.1977669527118937,-55.567404759557824,0.0,-0.0,FEASIBLE
CRR-STAGEII-CONFIRM-2026-07-22,21c5b970e734ed79636df2f3882d4d85460c5efa40b88e59b9b9a3f34a25c0ff,202607225041,clayton,empirical_copula,-75.0,optimal,370.85670835633164,12057.925678899039,-193.2482169047594,-133.95618610325863,0.0,True,1.0,1.0,0.063232421875,0.0,-0.0,1.0,-133.95618610325897,0.0,-0.0,FEASIBLE
CRR-STAGEII-CONFIRM-2026-07-22,21c5b970e734ed79636df2f3882d4d85460c5efa40b88e59b9b9a3f34a25c0ff,202607225042,clayton,empirical_copula,-75.0,optimal,374.0963617339851,19998.604097671116,-138.08704401947344,-90.68095146430636,0.0,True,0.6804413259543076,1.4696344296806438,0.057047526041666664,0.8003675464779006,-33.83343463874594,0.19963245352209935,-56.84751682556036,0.0,-0.0,FEASIBLE
CRR-STAGEII-CONFIRM-2026-07-22,21c5b970e734ed79636df2f3882d4d85460c5efa40b88e59b9b9a3f34a25c0ff,202607225043,clayton,empirical_copula,-75.0,infeasible_or_failed,,,,,,,,,,,,,,,,ASSUMED_POLICY_INFEASIBLE
CRR-STAGEII-CONFIRM-2026-07-22,21c5b970e734ed79636df2f3882d4d85460c5efa40b88e59b9b9a3f34a25c0ff,202607225044,clayton,empirical_copula,-75.0,optimal,368.0601387679735,12216.65119076903,-193.2482169047594,-124.07418096967514,0.0,True,1.0,1.0,0.06754557291666667,0.0,-0.0,1.0,-124.07418096967571,0.0,-0.0,FEASIBLE
CRR-STAGEII-CONFIRM-2026-07-22,21c5b970e734ed79636df2f3882d4d85460c5efa40b88e59b9b9a3f34a25c0ff,202607225045,clayton,empirical_copula,-75.0,optimal,370.5959059557196,14848.621578505914,-163.85865266244315,-154.79904693130703,0.0,True,0.5108246925063255,1.9576187578043072,0.06648763020833333,0.42643135006565147,-87.26151180041339,0.5735686499343485,-67.53753513089407,0.0,-0.0,FEASIBLE
CRR-STAGEII-CONFIRM-2026-07-22,21c5b970e734ed79636df2f3882d4d85460c5efa40b88e59b9b9a3f34a25c0ff,202607225046,clayton,empirical_copula,-75.0,optimal,370.07408397168206,12218.05012961728,-193.2482169047594,-128.42226322845187,0.0,True,1.0,1.0,0.06770833333333333,0.0,-0.0,1.0,-128.4222632284525,0.0,-0.0,FEASIBLE
CRR-STAGEII-CONFIRM-2026-07-22,21c5b970e734ed79636df2f3882d4d85460c5efa40b88e59b9b9a3f34a25c0ff,202607225047,clayton,empirical_copula,-75.0,optimal,377.7916593616771,20331.34141285248,-137.41630185130177,-82.22641256299693,0.0,True,0.6923237211979845,1.4444110022254013,0.057861328125,0.810099759108246,-25.99294559223604,0.18990024089175395,-56.233466970760844,0.0,-0.0,FEASIBLE
CRR-STAGEII-CONFIRM-2026-07-22,21c5b970e734ed79636df2f3882d4d85460c5efa40b88e59b9b9a3f34a25c0ff,202607225048,clayton,empirical_copula,-75.0,optimal,375.5515948474394,18804.68339024314,-144.64862493357583,-110.99865345254301,0.0,True,0.5841824936535339,1.7117938501475851,0.057698567708333336,0.7051615139999873,-24.62115378920114,0.2948384860000127,-86.37749966334184,0.0,-0.0,FEASIBLE
CRR-STAGEII-CONFIRM-2026-07-22,21c5b970e734ed79636df2f3882d4d85460c5efa40b88e59b9b9a3f34a25c0ff,202607225049,clayton,empirical_copula,-75.0,optimal,375.63298334514764,21126.92427789772,-135.60246902797903,-73.79716758433653,1.2028324156634653,False,0.7263538460373462,1.3767394575736631,0.061848958333333336,0.8364177804734362,-24.944060564421004,0.16358221952656382,-48.853107019915456,0.0,-0.0,TRUE_LAW_RISK_VIOLATION
CRR-STAGEII-CONFIRM-2026-07-22,21c5b970e734ed79636df2f3882d4d85460c5efa40b88e59b9b9a3f34a25c0ff,202607225050,clayton,empirical_copula,-75.0,optimal,376.5771390394872,18790.524556712957,-147.15159995251005,-120.53980664336945,0.0,True,0.5570167970647907,1.795277997485025,0.06689453125,0.6688443026352838,-23.731617212791136,0.3311556973647162,-96.8081894305783,0.0,-0.0,FEASIBLE
CRR-STAGEII-CONFIRM-2026-07-22,21c5b970e734ed79636df2f3882d4d85460c5efa40b88e59b9b9a3f34a25c0ff,202607225051,clayton,empirical_copula,-75.0,optimal,371.769890024604,17873.83384048956,-148.3748184252927,-125.83982460079676,0.0,True,0.5456599237872822,1.8326432937556831,0.062174479166666664,0.6510958698761855,-24.944163667828892,0.3489041301238144,-100.89566093296787,0.0,-0.0,FEASIBLE
CRR-STAGEII-CONFIRM-2026-07-22,21c5b970e734ed79636df2f3882d4d85460c5efa40b88e59b9b9a3f34a25c0ff,202607225052,clayton,empirical_copula,-75.0,optimal,372.07347754555406,21684.874632479794,-134.56984710184545,-70.54545793345628,4.454542066543723,False,0.7469649463003734,1.338750907861043,0.062093098958333336,0.8514007301503324,-26.35451114691954,0.14859926984966765,-44.190946786536664,0.0,-0.0,TRUE_LAW_RISK_VIOLATION
CRR-STAGEII-CONFIRM-2026-07-22,21c5b970e734ed79636df2f3882d4d85460c5efa40b88e59b9b9a3f34a25c0ff,202607225053,clayton,empirical_copula,-75.0,optimal,372.9585435132413,20340.817587737907,-136.46597876525973,-87.46302670939538,0.0,True,0.709807629761458,1.4088324189133692,0.06673177083333333,0.8238885840543457,-38.091416128212124,0.17611141594565427,-49.3716105811832,0.0,-0.0,FEASIBLE
CRR-STAGEII-CONFIRM-2026-07-22,21c5b970e734ed79636df2f3882d4d85460c5efa40b88e59b9b9a3f34a25c0ff,202607225054,clayton,empirical_copula,-75.0,optimal,371.06145463305654,13329.854677158452,-173.52660335284548,-147.14342380736568,0.0,True,0.5914610114167409,1.6907285192048005,0.0576171875,0.2861530787961389,-55.1874170301064,0.7138469212038612,-91.95600677725982,0.0,-0.0,FEASIBLE
CRR-STAGEII-CONFIRM-2026-07-22,21c5b970e734ed79636df2f3882d4d85460c5efa40b88e59b9b9a3f34a25c0ff,202607225055,clayton,empirical_copula,-75.0,optimal,378.0542312813533,16860.02966618164,-153.28871678340371,-143.85220812764155,0.0,True,0.5127351485452911,1.9503246516981616,0.072265625,0.579797081855451,-22.86885121566305,0.420202918144549,-120.9833569119785,0.0,-0.0,FEASIBLE
CRR-STAGEII-CONFIRM-2026-07-22,21c5b970e734ed79636df2f3882d4d85460c5efa40b88e59b9b9a3f34a25c0ff,202607225056,clayton,empirical_copula,-75.0,optimal,375.6236278887762,15010.195490606768,-164.23520033168856,-155.51781185610122,0.0,True,0.5124921813107536,1.9512492804132016,0.06306966145833333,0.42096778722965694,-82.07270449781248,0.5790322127703431,-73.4451073582892,0.0,-0.0,FEASIBLE
CRR-STAGEII-CONFIRM-2026-07-22,21c5b970e734ed79636df2f3882d4d85460c5efa40b88e59b9b9a3f34a25c0ff,202607225057,clayton,empirical_copula,-75.0,optimal,377.50986315013705,23139.648777199367,-129.33860268160763,-51.2803688138965,23.7196311861035,False,0.8651775677615003,1.1558320941992632,0.059895833333333336,0.9273040883033419,-29.753575956200354,0.07269591169665802,-21.526792857696037,0.0,-0.0,TRUE_LAW_RISK_VIOLATION
CRR-STAGEII-CONFIRM-2026-07-22,21c5b970e734ed79636df2f3882d4d85460c5efa40b88e59b9b9a3f34a25c0ff,202607225058,clayton,empirical_copula,-75.0,optimal,374.53874573794053,19963.169004856103,-138.7650982711431,-94.32727576225555,0.0,True,0.668814476625146,1.4951829467657818,0.06494140625,0.7905292383092846,-35.2069998387384,0.20947076169071532,-59.1202759235171,0.0,-0.0,FEASIBLE
CRR-STAGEII-CONFIRM-2026-07-22,21c5b970e734ed79636df2f3882d4d85460c5efa40b88e59b9b9a3f34a25c0ff,202607225059,clayton,empirical_copula,-75.0,optimal,369.2426462127978,15630.23696080492,-159.2785106372698,-157.9068555175167,0.0,True,0.5007764200384593,1.9968991349936176,0.063720703125,0.5197030459378668,-49.0852755982287,0.48029695406213324,-108.82157991928754,0.0,-0.0,FEASIBLE
CRR-STAGEII-CONFIRM-2026-07-22,21c5b970e734ed79636df2f3882d4d85460c5efa40b88e59b9b9a3f34a25c0ff,202607225060,clayton,empirical_copula,-75.0,infeasible_or_failed,,,,,,,,,,,,,,,,ASSUMED_POLICY_INFEASIBLE
CRR-STAGEII-CONFIRM-2026-07-22,21c5b970e734ed79636df2f3882d4d85460c5efa40b88e59b9b9a3f34a25c0ff,202607225061,clayton,empirical_copula,-75.0,optimal,371.29428783629555,20946.739980959974,-136.42551481064936,-73.44950793115399,1.5504920688460118,False,0.7105689605313372,1.407322941959408,0.060139973958333336,0.8244757005781306,-19.922179153800904,0.17552429942186934,-53.52732877735304,0.0,-0.0,TRUE_LAW_RISK_VIOLATION
CRR-STAGEII-CONFIRM-2026-07-22,21c5b970e734ed79636df2f3882d4d85460c5efa40b88e59b9b9a3f34a25c0ff,202607225062,clayton,empirical_copula,-75.0,optimal,370.95448382985455,16432.86430927862,-151.8666014905024,-139.4259950900724,0.0,True,0.520172944863873,1.9224375467311081,0.06282552083333333,0.6004314314940125,-26.401020000684067,0.39956856850598754,-113.02497508938832,0.0,-0.0,FEASIBLE
CRR-STAGEII-CONFIRM-2026-07-22,21c5b970e734ed79636df2f3882d4d85460c5efa40b88e59b9b9a3f34a25c0ff,202607225063,clayton,empirical_copula,-75.0,optimal,368.94166668961407,11564.858985288309,-193.2482169047594,-136.72314754066198,0.0,True,1.0,1.0,0.058024088541666664,0.0,-0.0,1.0,-136.7231475406622,0.0,-0.0,FEASIBLE
CRR-STAGEII-CONFIRM-2026-07-22,21c5b970e734ed79636df2f3882d4d85460c5efa40b88e59b9b9a3f34a25c0ff,202607225064,clayton,empirical_copula,-75.0,optimal,369.13641301092747,11506.990992231007,-193.2482169047594,-136.72314754066198,0.0,True,1.0,1.0,0.059488932291666664,0.0,-0.0,1.0,-136.7231475406622,0.0,-0.0,FEASIBLE
CRR-STAGEII-CONFIRM-2026-07-22,21c5b970e734ed79636df2f3882d4d85460c5efa40b88e59b9b9a3f34a25c0ff,202607225001,clayton,empirical_copula,-60.0,optimal,371.51601340004623,15009.082161961298,-163.3642994278007,-155.7548947328272,0.0,True,0.5088167974367662,1.9653439215010902,0.06282552083333333,0.4336042266527218,-87.2708833508325,0.5663957733472782,-68.4840113819951,0.0,-0.0,FEASIBLE
CRR-STAGEII-CONFIRM-2026-07-22,21c5b970e734ed79636df2f3882d4d85460c5efa40b88e59b9b9a3f34a25c0ff,202607225002,clayton,empirical_copula,-60.0,optimal,374.2768579253034,20223.427492091494,-137.36649204039696,-87.8062965403394,0.0,True,0.6932212286895929,1.442540935871678,0.060791015625,0.8108224804366577,-33.8165420186769,0.18917751956334228,-53.98975452166245,0.0,-0.0,FEASIBLE
CRR-STAGEII-CONFIRM-2026-07-22,21c5b970e734ed79636df2f3882d4d85460c5efa40b88e59b9b9a3f34a25c0ff,202607225003,clayton,empirical_copula,-60.0,optimal,367.11838356393434,16679.086290577234,-153.98561621090934,-145.19617131738275,0.0,True,0.5097120924927803,1.9618918497880533,0.06705729166666667,0.5696853373844897,-15.055112661220123,0.4303146626155103,-130.1410586561627,0.0,-0.0,FEASIBLE
CRR-STAGEII-CONFIRM-2026-07-22,21c5b970e734ed79636df2f3882d4d85460c5efa40b88e59b9b9a3f34a25c0ff,202607225004,clayton,empirical_copula,-60.0,optimal,370.2595137661515,19532.72598768627,-139.27402580458602,-89.95608523847679,0.0,True,0.6603420622390723,1.5143666550775572,0.060872395833333336,0.7831448942141394,-26.014438233556806,0.21685510578586065,-63.941647004919936,0.0,-0.0,FEASIBLE
CRR-STAGEII-CONFIRM-2026-07-22,21c5b970e734ed79636df2f3882d4d85460c5efa40b88e59b9b9a3f34a25c0ff,202607225005,clayton,empirical_copula,-60.0,optimal,376.311954760722,22255.252585365033,-132.76833651748913,-62.32326007696982,0.0,True,0.7850728436020387,1.2737671518630571,0.061767578125,0.8775399605353311,-25.67382320280825,0.12246003946466888,-36.649436874161474,0.0,-0.0,FEASIBLE
CRR-STAGEII-CONFIRM-2026-07-22,21c5b970e734ed79636df2f3882d4d85460c5efa40b88e59b9b9a3f34a25c0ff,202607225006,clayton,empirical_copula,-60.0,optimal,368.27455489310273,11966.950577116282,-193.2482169047594,-133.5609058979153,0.0,True,1.0,1.0,0.062093098958333336,0.0,-0.0,1.0,-133.5609058979157,0.0,-0.0,FEASIBLE
CRR-STAGEII-CONFIRM-2026-07-22,21c5b970e734ed79636df2f3882d4d85460c5efa40b88e59b9b9a3f34a25c0ff,202607225007,clayton,empirical_copula,-60.0,optimal,367.369828913993,12962.89357532547,-174.18988225850788,-148.73332157254885,0.0,True,0.5998784369031902,1.667004410364199,0.06396484375,0.2765291552537668,-51.819926453440765,0.7234708447462332,-96.9133951191084,0.0,-0.0,FEASIBLE
CRR-STAGEII-CONFIRM-2026-07-22,21c5b970e734ed79636df2f3882d4d85460c5efa40b88e59b9b9a3f34a25c0ff,202607225008,clayton,empirical_copula,-60.0,optimal,372.33949916247843,18117.01515092711,-149.05997801682938,-128.0610889584731,0.0,True,0.5398491665098423,1.8523692580004538,0.063720703125,0.6411544659404057,-23.837634661302808,0.3588455340595943,-104.2234542971703,0.0,-0.0,FEASIBLE
CRR-STAGEII-CONFIRM-2026-07-22,21c5b970e734ed79636df2f3882d4d85460c5efa40b88e59b9b9a3f34a25c0ff,202607225009,clayton,empirical_copula,-60.0,optimal,374.51319022251005,16957.777627746585,-151.5490353006432,-140.5602243877188,0.0,True,0.5220664652227389,1.9154649199184848,0.06575520833333333,0.6050391955955939,-34.82107847537707,0.39496080440440606,-105.73914591234167,0.0,-0.0,FEASIBLE
CRR-STAGEII-CONFIRM-2026-07-22,21c5b970e734ed79636df2f3882d4d85460c5efa40b88e59b9b9a3f34a25c0ff,202607225010,clayton,empirical_copula,-60.0,optimal,375.0921455618934,19461.318971358844,-140.0813831986513,-100.03626705765606,0.0,True,0.6473489749482804,1.5447618497888167,0.061686197916666664,0.7714304468443808,-36.102637823442265,0.22856955315561922,-63.93362923421378,0.0,-0.0,FEASIBLE
CRR-STAGEII-CONFIRM-2026-07-22,21c5b970e734ed79636df2f3882d4d85460c5efa40b88e59b9b9a3f34a25c0ff,202607225011,clayton,empirical_copula,-60.0,optimal,372.7885855917219,20302.059513297274,-138.4529014606977,-90.68585323246532,0.0,True,0.6741197388091191,1.4834159904093176,0.064453125,0.7950590947667256,-31.809326120035497,0.20494090523327438,-58.876527112429756,0.0,-0.0,FEASIBLE
CRR-STAGEII-CONFIRM-2026-07-22,21c5b970e734ed79636df2f3882d4d85460c5efa40b88e59b9b9a3f34a25c0ff,202607225012,clayton,empirical_copula,-60.0,optimal,375.0716010202766,19736.864753482005,-139.87902577141142,-94.02774113232213,0.0,True,0.6505540358447133,1.5371513277933138,0.059326171875,0.7743665758111884,-28.35214249111889,0.2256334241888116,-65.67559864120318,0.0,-0.0,FEASIBLE
CRR-STAGEII-CONFIRM-2026-07-22,21c5b970e734ed79636df2f3882d4d85460c5efa40b88e59b9b9a3f34a25c0ff,202607225013,clayton,empirical_copula,-60.0,optimal,368.68968726933,11613.91457466382,-193.2482169047594,-133.9561861032586,0.0,True,1.0,1.0,0.059326171875,0.0,-0.0,1.0,-133.95618610325894,0.0,-0.0,FEASIBLE
CRR-STAGEII-CONFIRM-2026-07-22,21c5b970e734ed79636df2f3882d4d85460c5efa40b88e59b9b9a3f34a25c0ff,202607225014,clayton,empirical_copula,-60.0,optimal,370.0026907504421,11791.364363036113,-193.2482169047594,-137.908988156692,0.0,True,1.0,1.0,0.06315104166666667,0.0,-0.0,1.0,-137.90898815669206,0.0,-0.0,FEASIBLE
CRR-STAGEII-CONFIRM-2026-07-22,21c5b970e734ed79636df2f3882d4d85460c5efa40b88e59b9b9a3f34a25c0ff,202607225015,clayton,empirical_copula,-60.0,optimal,374.3086921017846,17461.204374560846,-151.1415244353173,-134.70817962988647,0.0,True,0.5246207026285125,1.906139035287189,0.06103515625,0.6109520225784834,-19.25733045384618,0.38904797742151653,-115.45084917604034,0.0,-0.0,FEASIBLE
CRR-STAGEII-CONFIRM-2026-07-22,21c5b970e734ed79636df2f3882d4d85460c5efa40b88e59b9b9a3f34a25c0ff,202607225016,clayton,empirical_copula,-60.0,optimal,371.7331084785726,19565.545867983394,-139.77005746153117,-96.9002000390118,0.0,True,0.6522942269321741,1.533050514187642,0.064697265625,0.7759476643606303,-33.240259986708544,0.22405233563936966,-63.659940052303206,0.0,-0.0,FEASIBLE
CRR-STAGEII-CONFIRM-2026-07-22,21c5b970e734ed79636df2f3882d4d85460c5efa40b88e59b9b9a3f34a25c0ff,202607225017,clayton,empirical_copula,-60.0,optimal,372.6949676398755,17580.479187366458,-150.90661154487074,-135.68123812232434,0.0,True,0.5261566565569721,1.900574643574276,0.060872395833333336,0.6143605188799265,-25.622807461049646,0.3856394811200735,-110.0584306612747,0.0,-0.0,FEASIBLE
CRR-STAGEII-CONFIRM-2026-07-22,21c5b970e734ed79636df2f3882d4d85460c5efa40b88e59b9b9a3f34a25c0ff,202607225018,clayton,empirical_copula,-60.0,optimal,372.39999766519486,19125.52920188314,-144.5637949461543,-110.25213687231573,0.0,True,0.5851956164225077,1.7088302986842712,0.06339518229166667,0.7063923647116189,-23.86462954129126,0.2936076352883809,-86.38750733102444,0.0,-0.0,FEASIBLE
CRR-STAGEII-CONFIRM-2026-07-22,21c5b970e734ed79636df2f3882d4d85460c5efa40b88e59b9b9a3f34a25c0ff,202607225019,clayton,empirical_copula,-60.0,optimal,372.61938255938094,13194.594736988021,-176.77001134216198,-146.73278387053554,0.0,True,0.6361454806301847,1.5719674672676605,0.05908203125,0.23909246788355767,-44.80451289097422,0.7609075321164424,-101.92827097956163,0.0,-0.0,FEASIBLE
CRR-STAGEII-CONFIRM-2026-07-22,21c5b970e734ed79636df2f3882d4d85460c5efa40b88e59b9b9a3f34a25c0ff,202607225020,clayton,empirical_copula,-60.0,optimal,372.99405483324267,16651.996425794106,-151.133947369211,-135.9833739374953,0.0,True,0.5246695192122552,1.9059616832733324,0.059814453125,0.6110619629131756,-23.756225078605706,0.3889380370868244,-112.22714885888956,0.0,-0.0,FEASIBLE
CRR-STAGEII-CONFIRM-2026-07-22,21c5b970e734ed79636df2f3882d4d85460c5efa40b88e59b9b9a3f34a25c0ff,202607225021,clayton,empirical_copula,-60.0,optimal,369.575893125608,14848.94870860737,-162.8497871982317,-157.02913115282834,0.0,True,0.5069455834859924,1.9725983075412894,0.061360677083333336,0.4410696025552498,-85.25002452579554,0.5589303974447501,-71.77910662703327,0.0,-0.0,FEASIBLE
CRR-STAGEII-CONFIRM-2026-07-22,21c5b970e734ed79636df2f3882d4d85460c5efa40b88e59b9b9a3f34a25c0ff,202607225022,clayton,empirical_copula,-60.0,optimal,369.33980404669046,11946.469441203024,-193.2482169047594,-128.02698302310853,0.0,True,1.0,1.0,0.062255859375,0.0,-0.0,1.0,-128.02698302310915,0.0,-0.0,FEASIBLE
CRR-STAGEII-CONFIRM-2026-07-22,21c5b970e734ed79636df2f3882d4d85460c5efa40b88e59b9b9a3f34a25c0ff,202607225023,clayton,empirical_copula,-60.0,optimal,373.31620342144913,16510.852550259784,-154.62671888773627,-148.43802393997376,0.0,True,0.5072922574458195,1.9712502710664834,0.059895833333333336,0.5603831824509918,-20.200373984614703,0.43961681754900817,-128.2376499553591,0.0,-0.0,FEASIBLE
CRR-STAGEII-CONFIRM-2026-07-22,21c5b970e734ed79636df2f3882d4d85460c5efa40b88e59b9b9a3f34a25c0ff,202607225024,clayton,empirical_copula,-60.0,optimal,371.6245036722287,16343.431176018534,-155.46188650839466,-151.96386695032078,0.0,True,0.5046590627914626,1.9815358005632893,0.06998697916666667,0.5482652193171362,-25.038063331639886,0.45173478068286377,-126.9258036186809,0.0,-0.0,FEASIBLE
CRR-STAGEII-CONFIRM-2026-07-22,21c5b970e734ed79636df2f3882d4d85460c5efa40b88e59b9b9a3f34a25c0ff,202607225025,clayton,empirical_copula,-60.0,optimal,373.6256605339696,18106.076473787998,-147.68196801808696,-124.11930402698233,0.0,True,0.5519379131297714,1.8117979870770002,0.060384114583333336,0.6611488646093595,-27.200037497889458,0.3388511353906405,-96.91926652909288,0.0,-0.0,FEASIBLE
CRR-STAGEII-CONFIRM-2026-07-22,21c5b970e734ed79636df2f3882d4d85460c5efa40b88e59b9b9a3f34a25c0ff,202607225026,clayton,empirical_copula,-60.0,optimal,374.7433686246366,19457.570967548494,-140.203945314146,-95.22737649176572,0.0,True,0.6454245288025608,1.5493678274906497,0.06306966145833333,0.7696521173684353,-28.179530447013846,0.2303478826315647,-67.04784604475182,0.0,-0.0,FEASIBLE
CRR-STAGEII-CONFIRM-2026-07-22,21c5b970e734ed79636df2f3882d4d85460c5efa40b88e59b9b9a3f34a25c0ff,202607225027,clayton,empirical_copula,-60.0,optimal,375.5966909278692,16827.331322462516,-153.74250206466508,-146.2586206191202,0.0,True,0.5107202371800605,1.9580191408147354,0.061930338541666664,0.5732128307746005,-27.15051558427426,0.4267871692253995,-119.10810503484589,0.0,-0.0,FEASIBLE
CRR-STAGEII-CONFIRM-2026-07-22,21c5b970e734ed79636df2f3882d4d85460c5efa40b88e59b9b9a3f34a25c0ff,202607225028,clayton,empirical_copula,-60.0,optimal,369.80102740576916,11846.745673075466,-189.88722512439378,-136.56217617382345,0.0,True,0.9072229697795626,1.1022648602503753,0.061442057291666664,0.048766706802588294,-9.138592122655433,0.9512332931974117,-127.42358405116842,0.0,-0.0,FEASIBLE
CRR-STAGEII-CONFIRM-2026-07-22,21c5b970e734ed79636df2f3882d4d85460c5efa40b88e59b9b9a3f34a25c0ff,202607225029,clayton,empirical_copula,-60.0,optimal,374.89627961056476,19821.161910065708,-142.9096967581092,-103.02868879575519,0.0,True,0.6061615901586555,1.6497251165951674,0.06315104166666667,0.7303926975390663,-23.022124516788992,0.2696073024609337,-80.00656427896617,0.0,-0.0,FEASIBLE
CRR-STAGEII-CONFIRM-2026-07-22,21c5b970e734ed79636df2f3882d4d85460c5efa40b88e59b9b9a3f34a25c0ff,202607225030,clayton,empirical_copula,-60.0,optimal,373.27066810480585,20513.08914569686,-137.50758586622698,-86.95716258300222,0.0,True,0.6906843259863784,1.447839428775052,0.063232421875,0.8087752629230347,-31.900404009461393,0.1912247370769653,-55.05675857354076,0.0,-0.0,FEASIBLE
CRR-STAGEII-CONFIRM-2026-07-22,21c5b970e734ed79636df2f3882d4d85460c5efa40b88e59b9b9a3f34a25c0ff,202607225031,clayton,empirical_copula,-60.0,optimal,372.0742164356558,18321.23350676908,-144.51630592507433,-109.42686062004901,0.0,True,0.5857654226123578,1.7071680256240909,0.056803385416666664,0.7070814122662362,-22.687488141644867,0.2929185877337638,-86.73937247840414,0.0,-0.0,FEASIBLE
CRR-STAGEII-CONFIRM-2026-07-22,21c5b970e734ed79636df2f3882d4d85460c5efa40b88e59b9b9a3f34a25c0ff,202607225032,clayton,empirical_copula,-60.0,optimal,370.788656740473,17010.93361074395,-151.84090144361963,-139.16079819670273,0.0,True,0.5203230256340765,1.9218830432910001,0.06502278645833333,0.6008043293566215,-25.737421512067947,0.3991956706433784,-113.42337668463479,0.0,-0.0,FEASIBLE
CRR-STAGEII-CONFIRM-2026-07-22,21c5b970e734ed79636df2f3882d4d85460c5efa40b88e59b9b9a3f34a25c0ff,202607225033,clayton,empirical_copula,-60.0,optimal,369.19875802423394,11707.888185901877,-193.2482169047594,-132.7703454872286,0.0,True,1.0,1.0,0.061848958333333336,0.0,-0.0,1.0,-132.77034548722898,0.0,-0.0,FEASIBLE
CRR-STAGEII-CONFIRM-2026-07-22,21c5b970e734ed79636df2f3882d4d85460c5efa40b88e59b9b9a3f34a25c0ff,202607225034,clayton,empirical_copula,-60.0,infeasible_or_failed,,,,,,,,,,,,,,,,ASSUMED_POLICY_INFEASIBLE
CRR-STAGEII-CONFIRM-2026-07-22,21c5b970e734ed79636df2f3882d4d85460c5efa40b88e59b9b9a3f34a25c0ff,202607225035,clayton,empirical_copula,-60.0,optimal,374.2433261437429,14422.370982315708,-170.34025213200388,-152.46306666839155,0.0,True,0.5561890281529228,1.797949886427915,0.068359375,0.33238581779437215,-61.448649005485564,0.6676141822056278,-91.01441766290624,0.0,-0.0,FEASIBLE
CRR-STAGEII-CONFIRM-2026-07-22,21c5b970e734ed79636df2f3882d4d85460c5efa40b88e59b9b9a3f34a25c0ff,202607225036,clayton,empirical_copula,-60.0,optimal,376.1726638514451,18413.478892960695,-145.8169564267481,-118.4560454923411,0.0,True,0.5708456094571176,1.7517871442525668,0.059000651041666664,0.6882094703476921,-30.260627672505176,0.3117905296523079,-88.19541781983587,0.0,-0.0,FEASIBLE
CRR-STAGEII-CONFIRM-2026-07-22,21c5b970e734ed79636df2f3882d4d85460c5efa40b88e59b9b9a3f34a25c0ff,202607225037,clayton,empirical_copula,-60.0,optimal,378.3888094552008,21348.03518196349,-130.41647744657672,-73.35615062280479,0.0,True,0.83893538241233,1.1919869169476847,0.085693359375,0.9116645372219533,-49.37242430138006,0.0883354627780467,-23.983726321424662,0.0,-0.0,FEASIBLE
CRR-STAGEII-CONFIRM-2026-07-22,21c5b970e734ed79636df2f3882d4d85460c5efa40b88e59b9b9a3f34a25c0ff,202607225038,clayton,empirical_copula,-60.0,optimal,373.36593821845486,15166.26781992527,-161.6506566155883,-159.79590365424383,0.0,True,0.5000170100107313,1.9999319622717198,0.08846028645833333,0.5029163342342154,-79.6115481374436,0.49708366576578455,-80.18435551680015,0.0,-0.0,FEASIBLE
CRR-STAGEII-CONFIRM-2026-07-22,21c5b970e734ed79636df2f3882d4d85460c5efa40b88e59b9b9a3f34a25c0ff,202607225039,clayton,empirical_copula,-60.0,optimal,374.24975078744313,15017.768082522622,-161.7091030498263,-158.54240685840412,0.0,True,0.503592045092101,1.9857343056662302,0.059326171875,0.4576204937965239,-84.60096549130114,0.5423795062034761,-73.94144136710322,0.0,-0.0,FEASIBLE
CRR-STAGEII-CONFIRM-2026-07-22,21c5b970e734ed79636df2f3882d4d85460c5efa40b88e59b9b9a3f34a25c0ff,202607225040,clayton,empirical_copula,-60.0,optimal,377.5099592389056,21392.659211745147,-132.0380983974992,-71.990239022097,0.0,True,0.8012982344423407,1.247974795172168,0.060139973958333336,0.8881354366985451,-40.55918655359575,0.11186456330145489,-31.431052468501175,0.0,-0.0,FEASIBLE
CRR-STAGEII-CONFIRM-2026-07-22,21c5b970e734ed79636df2f3882d4d85460c5efa40b88e59b9b9a3f34a25c0ff,202607225041,clayton,empirical_copula,-60.0,optimal,370.85670835633164,12057.925678899039,-193.2482169047594,-133.95618610325863,0.0,True,1.0,1.0,0.063232421875,0.0,-0.0,1.0,-133.95618610325897,0.0,-0.0,FEASIBLE
CRR-STAGEII-CONFIRM-2026-07-22,21c5b970e734ed79636df2f3882d4d85460c5efa40b88e59b9b9a3f34a25c0ff,202607225042,clayton,empirical_copula,-60.0,optimal,374.6373460298015,21543.983389037738,-132.41531925587577,-70.7254649530021,0.0,True,0.7928605749593003,1.2612558015655309,0.057047526041666664,0.8826621061454218,-37.31222087625405,0.11733789385457816,-33.41324407674795,0.0,-0.0,FEASIBLE
CRR-STAGEII-CONFIRM-2026-07-22,21c5b970e734ed79636df2f3882d4d85460c5efa40b88e59b9b9a3f34a25c0ff,202607225043,clayton,empirical_copula,-60.0,infeasible_or_failed,,,,,,,,,,,,,,,,ASSUMED_POLICY_INFEASIBLE
CRR-STAGEII-CONFIRM-2026-07-22,21c5b970e734ed79636df2f3882d4d85460c5efa40b88e59b9b9a3f34a25c0ff,202607225044,clayton,empirical_copula,-60.0,optimal,368.0601387679735,12216.65119076903,-193.2482169047594,-124.07418096967514,0.0,True,1.0,1.0,0.06754557291666667,0.0,-0.0,1.0,-124.07418096967571,0.0,-0.0,FEASIBLE
CRR-STAGEII-CONFIRM-2026-07-22,21c5b970e734ed79636df2f3882d4d85460c5efa40b88e59b9b9a3f34a25c0ff,202607225045,clayton,empirical_copula,-60.0,optimal,371.5803986404438,16176.666238324346,-155.79896244256705,-153.07609119639332,0.0,True,0.5037626730350938,1.9850617235595314,0.06648763020833333,0.5433743762784767,-24.199714129392284,0.45662562372152327,-128.87637706700102,0.0,-0.0,FEASIBLE
CRR-STAGEII-CONFIRM-2026-07-22,21c5b970e734ed79636df2f3882d4d85460c5efa40b88e59b9b9a3f34a25c0ff,202607225046,clayton,empirical_copula,-60.0,optimal,370.07408397168206,12218.05012961728,-193.2482169047594,-128.42226322845187,0.0,True,1.0,1.0,0.06770833333333333,0.0,-0.0,1.0,-128.4222632284525,0.0,-0.0,FEASIBLE
CRR-STAGEII-CONFIRM-2026-07-22,21c5b970e734ed79636df2f3882d4d85460c5efa40b88e59b9b9a3f34a25c0ff,202607225047,clayton,empirical_copula,-60.0,optimal,378.300324071868,21813.491865484244,-132.09661066123599,-61.846426524755586,0.0,True,0.7999815826716716,1.2500287777380243,0.057861328125,0.8872864461039605,-28.469565703483934,0.11271355389603954,-33.37686082127155,0.0,-0.0,FEASIBLE
CRR-STAGEII-CONFIRM-2026-07-22,21c5b970e734ed79636df2f3882d4d85460c5efa40b88e59b9b9a3f34a25c0ff,202607225048,clayton,empirical_copula,-60.0,optimal,376.34347080064055,20866.279869738642,-136.605514421032,-80.88359968547911,0.0,True,0.7071928367966211,1.4140414720965084,0.057698567708333336,0.8218639749930249,-28.69589295553613,0.17813602500697512,-52.187706729942924,0.0,-0.0,FEASIBLE
CRR-STAGEII-CONFIRM-2026-07-22,21c5b970e734ed79636df2f3882d4d85460c5efa40b88e59b9b9a3f34a25c0ff,202607225049,clayton,empirical_copula,-60.0,optimal,376.14246790087316,22794.02687696041,-129.90247300549382,-51.564217014395226,8.435782985604774,False,0.8513274159701223,1.1746361990004273,0.061848958333333336,0.9191225453075283,-27.410522554050253,0.08087745469247165,-24.15369446034486,0.0,-0.0,TRUE_LAW_RISK_VIOLATION
CRR-STAGEII-CONFIRM-2026-07-22,21c5b970e734ed79636df2f3882d4d85460c5efa40b88e59b9b9a3f34a25c0ff,202607225050,clayton,empirical_copula,-60.0,optimal,377.18875639808647,20088.43916149469,-141.73458334046873,-100.35147135054646,0.0,True,0.6224562193465246,1.6065386912670476,0.06689453125,0.7474431443246353,-26.520424139890853,0.2525568556753647,-73.83104721065557,0.0,-0.0,FEASIBLE
CRR-STAGEII-CONFIRM-2026-07-22,21c5b970e734ed79636df2f3882d4d85460c5efa40b88e59b9b9a3f34a25c0ff,202607225051,clayton,empirical_copula,-60.0,optimal,372.2960491978755,19191.349428800007,-142.66205890166535,-105.04541087325728,0.0,True,0.6094987356306414,1.6406924929307876,0.062174479166666664,0.7339858282360723,-28.119764655962516,0.2660141717639276,-76.92564621729474,0.0,-0.0,FEASIBLE
CRR-STAGEII-CONFIRM-2026-07-22,21c5b970e734ed79636df2f3882d4d85460c5efa40b88e59b9b9a3f34a25c0ff,202607225052,clayton,empirical_copula,-60.0,optimal,372.7537826833053,24081.56004769634,-126.41774076934486,-39.031179010017794,20.968820989982206,False,0.9412073950994557,1.0624650902730441,0.062093098958333336,0.9696846788535133,-30.015907636501144,0.030315321146486718,-9.015271373516512,0.0,-0.0,TRUE_LAW_RISK_VIOLATION
CRR-STAGEII-CONFIRM-2026-07-22,21c5b970e734ed79636df2f3882d4d85460c5efa40b88e59b9b9a3f34a25c0ff,202607225053,clayton,empirical_copula,-60.0,optimal,373.78769721814865,22400.5904603978,-128.99330202963114,-62.07956047693611,0.0,True,0.8737912541119919,1.1444380969643262,0.06673177083333333,0.9323142688554195,-43.1043365141458,0.06768573114458054,-18.975223962790217,0.0,-0.0,FEASIBLE
CRR-STAGEII-CONFIRM-2026-07-22,21c5b970e734ed79636df2f3882d4d85460c5efa40b88e59b9b9a3f34a25c0ff,202607225054,clayton,empirical_copula,-60.0,optimal,372.0193711302877,14461.054120945431,-165.3977224698499,-154.69700953404288,0.0,True,0.5183936065358947,1.9290361366190147,0.0576171875,0.40410003509934234,-77.93463992325549,0.5958999649006577,-76.76236961078789,0.0,-0.0,FEASIBLE
CRR-STAGEII-CONFIRM-2026-07-22,21c5b970e734ed79636df2f3882d4d85460c5efa40b88e59b9b9a3f34a25c0ff,202607225055,clayton,empirical_copula,-60.0,optimal,378.76693892231344,18048.971688963335,-147.8944936639536,-124.404643078611,0.0,True,0.5499692140641026,1.8182835955676662,0.072265625,0.6580651986746333,-25.95596906168604,0.3419348013253667,-98.44867401692493,0.0,-0.0,FEASIBLE
CRR-STAGEII-CONFIRM-2026-07-22,21c5b970e734ed79636df2f3882d4d85460c5efa40b88e59b9b9a3f34a25c0ff,202607225056,clayton,empirical_copula,-60.0,optimal,376.825982666542,16550.176169039205,-154.95712570675738,-150.138712342482,0.0,True,0.5061802973507243,1.975580648306261,0.06306966145833333,0.5555891057255123,-24.429299205612452,0.4444108942744876,-125.70941313686953,0.0,-0.0,FEASIBLE
CRR-STAGEII-CONFIRM-2026-07-22,21c5b970e734ed79636df2f3882d4d85460c5efa40b88e59b9b9a3f34a25c0ff,202607225057,clayton,empirical_copula,-60.0,optimal,378.065904942182,24676.493502535126,-124.43105429013279,-32.47932113522195,27.52067886477805,False,0.9970259172541898,1.0029829542987216,0.059895833333333336,0.9985107407339333,-32.03832005299043,0.0014892592660667864,-0.44100108223139534,0.0,-0.0,TRUE_LAW_RISK_VIOLATION
CRR-STAGEII-CONFIRM-2026-07-22,21c5b970e734ed79636df2f3882d4d85460c5efa40b88e59b9b9a3f34a25c0ff,202607225058,clayton,empirical_copula,-60.0,optimal,375.4081328648191,21944.878014398928,-131.17570524867494,-68.15189679674145,0.0,True,0.8210383318808041,1.2179699304772253,0.06494140625,0.9006484318456794,-40.11126680471372,0.0993515681543206,-28.04062999202765,0.0,-0.0,FEASIBLE
CRR-STAGEII-CONFIRM-2026-07-22,21c5b970e734ed79636df2f3882d4d85460c5efa40b88e59b9b9a3f34a25c0ff,202607225059,clayton,empirical_copula,-60.0,optimal,369.74951247706736,17281.738418985045,-149.17019570906396,-128.1972251298265,0.0,True,0.5389513352312724,1.8554550933079783,0.063720703125,0.6395552493302784,-23.054323585852746,0.3604447506697216,-105.14290154397375,0.0,-0.0,FEASIBLE
CRR-STAGEII-CONFIRM-2026-07-22,21c5b970e734ed79636df2f3882d4d85460c5efa40b88e59b9b9a3f34a25c0ff,202607225060,clayton,empirical_copula,-60.0,optimal,367.81922431658995,11518.999896356603,-193.2482169047594,-135.14202671928862,0.0,True,1.0,1.0,0.060709635416666664,0.0,-0.0,1.0,-135.14202671928896,0.0,-0.0,FEASIBLE
CRR-STAGEII-CONFIRM-2026-07-22,21c5b970e734ed79636df2f3882d4d85460c5efa40b88e59b9b9a3f34a25c0ff,202607225061,clayton,empirical_copula,-60.0,optimal,371.69036199814434,22402.20645600938,-131.48385700555124,-53.316184848313185,6.683815151686815,False,0.8139128546789025,1.2286327636323067,0.060139973958333336,0.8961772675702775,-21.65473653811698,0.10382273242972243,-31.66144831019614,0.0,-0.0,TRUE_LAW_RISK_VIOLATION
CRR-STAGEII-CONFIRM-2026-07-22,21c5b970e734ed79636df2f3882d4d85460c5efa40b88e59b9b9a3f34a25c0ff,202607225062,clayton,empirical_copula,-60.0,optimal,371.68770584969525,18016.466894025754,-143.9519725892541,-111.99143200499,0.0,True,0.5926820645614437,1.6872452530514013,0.06282552083333333,0.7152696733883382,-31.45046705170129,0.28473032661166175,-80.54096495328868,0.0,-0.0,FEASIBLE
CRR-STAGEII-CONFIRM-2026-07-22,21c5b970e734ed79636df2f3882d4d85460c5efa40b88e59b9b9a3f34a25c0ff,202607225063,clayton,empirical_copula,-60.0,optimal,368.94166668961407,11564.858985288309,-193.2482169047594,-136.72314754066198,0.0,True,1.0,1.0,0.058024088541666664,0.0,-0.0,1.0,-136.7231475406622,0.0,-0.0,FEASIBLE
CRR-STAGEII-CONFIRM-2026-07-22,21c5b970e734ed79636df2f3882d4d85460c5efa40b88e59b9b9a3f34a25c0ff,202607225064,clayton,empirical_copula,-60.0,optimal,369.13641301092747,11506.990992231007,-193.2482169047594,-136.72314754066198,0.0,True,1.0,1.0,0.059488932291666664,0.0,-0.0,1.0,-136.7231475406622,0.0,-0.0,FEASIBLE
CRR-STAGEII-CONFIRM-2026-07-22,21c5b970e734ed79636df2f3882d4d85460c5efa40b88e59b9b9a3f34a25c0ff,202607225001,clayton,empirical_copula,-45.0,optimal,372.61125021145915,16492.182176011902,-154.63205737956324,-148.8140325095343,0.0,True,0.5072735604468185,1.9713229270596648,0.06282552083333333,0.5603057229739371,-23.051293726682754,0.4396942770260629,-125.76273878285154,0.0,-0.0,FEASIBLE
CRR-STAGEII-CONFIRM-2026-07-22,21c5b970e734ed79636df2f3882d4d85460c5efa40b88e59b9b9a3f34a25c0ff,202607225002,clayton,empirical_copula,-45.0,optimal,375.07430320643493,22177.1667573246,-130.00911187841305,-61.79218748206608,0.0,True,0.8487381888444658,1.1782196360946984,0.060791015625,0.9175752559985241,-38.268823260872,0.08242474400147592,-23.523364221194004,0.0,-0.0,FEASIBLE
CRR-STAGEII-CONFIRM-2026-07-22,21c5b970e734ed79636df2f3882d4d85460c5efa40b88e59b9b9a3f34a25c0ff,202607225003,clayton,empirical_copula,-45.0,optimal,367.3637424025994,17996.702387364923,-147.83633646651577,-120.56996207612058,0.0,True,0.5505041643302501,1.8165166856032995,0.06705729166666667,0.6589090373928589,-17.413033372053356,0.3410909626071411,-103.15692870406725,0.0,-0.0,FEASIBLE
CRR-STAGEII-CONFIRM-2026-07-22,21c5b970e734ed79636df2f3882d4d85460c5efa40b88e59b9b9a3f34a25c0ff,202607225004,clayton,empirical_copula,-45.0,optimal,370.5782253825845,21233.272561945945,-132.83583102554866,-65.51470167480228,0.0,True,0.7835958327110928,1.2761680936206488,0.060872395833333336,0.8765606410069252,-29.117514296411173,0.12343935899307479,-36.397187378391024,0.0,-0.0,FEASIBLE
CRR-STAGEII-CONFIRM-2026-07-22,21c5b970e734ed79636df2f3882d4d85460c5efa40b88e59b9b9a3f34a25c0ff,202607225005,clayton,empirical_copula,-45.0,optimal,376.7623169164009,23849.44505252154,-127.51034867385765,-41.723048651021585,3.2769513489784146,False,0.9119257985526108,1.096580447210923,0.061767578125,0.9538313555455433,-27.90584895146239,0.046168644454456675,-13.817199699559072,0.0,-0.0,TRUE_LAW_RISK_VIOLATION
CRR-STAGEII-CONFIRM-2026-07-22,21c5b970e734ed79636df2f3882d4d85460c5efa40b88e59b9b9a3f34a25c0ff,202607225006,clayton,empirical_copula,-45.0,optimal,368.27455489310273,11966.950577116282,-193.2482169047594,-133.5609058979153,0.0,True,1.0,1.0,0.062093098958333336,0.0,-0.0,1.0,-133.5609058979157,0.0,-0.0,FEASIBLE
CRR-STAGEII-CONFIRM-2026-07-22,21c5b970e734ed79636df2f3882d4d85460c5efa40b88e59b9b9a3f34a25c0ff,202607225007,clayton,empirical_copula,-45.0,optimal,368.1700422044974,14291.26744348998,-164.87169062159177,-155.95830647827873,0.0,True,0.5155822832458057,1.9395546210482304,0.06396484375,0.41173255626844735,-77.15624330728674,0.5882674437315527,-78.8020631709923,0.0,-0.0,FEASIBLE
CRR-STAGEII-CONFIRM-2026-07-22,21c5b970e734ed79636df2f3882d4d85460c5efa40b88e59b9b9a3f34a25c0ff,202607225008,clayton,empirical_copula,-45.0,optimal,373.1791910711238,20026.898861699643,-141.09064174944072,-98.77591909681684,0.0,True,0.6318786037339634,1.5825824677251215,0.063720703125,0.7567864908186989,-28.13674526665829,0.24321350918130114,-70.63917383015851,0.0,-0.0,FEASIBLE
CRR-STAGEII-CONFIRM-2026-07-22,21c5b970e734ed79636df2f3882d4d85460c5efa40b88e59b9b9a3f34a25c0ff,202607225009,clayton,empirical_copula,-45.0,optimal,375.49723328229436,18492.66105569823,-144.08790344630742,-117.80773051215505,0.0,True,0.5909915348857604,1.6920716135017089,0.06575520833333333,0.7132973685793621,-41.051528278481015,0.2867026314206379,-76.75620223367397,0.0,-0.0,FEASIBLE
CRR-STAGEII-CONFIRM-2026-07-22,21c5b970e734ed79636df2f3882d4d85460c5efa40b88e59b9b9a3f34a25c0ff,202607225010,clayton,empirical_copula,-45.0,optimal,375.6301472426338,20880.589557912346,-134.55791224603,-81.36986928913508,0.0,True,0.7472084148131992,1.338314692628292,0.061686197916666664,0.8515739003489873,-39.85331954417602,0.14842609965101272,-41.516549744959,0.0,-0.0,FEASIBLE
CRR-STAGEII-CONFIRM-2026-07-22,21c5b970e734ed79636df2f3882d4d85460c5efa40b88e59b9b9a3f34a25c0ff,202607225011,clayton,empirical_copula,-45.0,optimal,373.4634371766919,22325.167671026808,-130.8497544479159,-63.40660244537412,0.0,True,0.8286624081328924,1.206764045509387,0.064453125,0.9053778534484169,-36.22304252823912,0.09462214655158302,-27.1835599171349,0.0,-0.0,FEASIBLE
CRR-STAGEII-CONFIRM-2026-07-22,21c5b970e734ed79636df2f3882d4d85460c5efa40b88e59b9b9a3f34a25c0ff,202607225012,clayton,empirical_copula,-45.0,optimal,375.6478699391493,21056.572991476638,-135.01384379039663,-76.06500400228514,0.0,True,0.7379927442215166,1.3550268723236105,0.059326171875,0.8449585078103717,-30.936748512714825,0.15504149218962826,-45.12825548957022,0.0,-0.0,FEASIBLE
CRR-STAGEII-CONFIRM-2026-07-22,21c5b970e734ed79636df2f3882d4d85460c5efa40b88e59b9b9a3f34a25c0ff,202607225013,clayton,empirical_copula,-45.0,optimal,368.68968726933,11613.91457466382,-193.2482169047594,-133.9561861032586,0.0,True,1.0,1.0,0.059326171875,0.0,-0.0,1.0,-133.95618610325894,0.0,-0.0,FEASIBLE
CRR-STAGEII-CONFIRM-2026-07-22,21c5b970e734ed79636df2f3882d4d85460c5efa40b88e59b9b9a3f34a25c0ff,202607225014,clayton,empirical_copula,-45.0,optimal,370.0026907504421,11791.364363036113,-193.2482169047594,-137.908988156692,0.0,True,1.0,1.0,0.06315104166666667,0.0,-0.0,1.0,-137.90898815669206,0.0,-0.0,FEASIBLE
CRR-STAGEII-CONFIRM-2026-07-22,21c5b970e734ed79636df2f3882d4d85460c5efa40b88e59b9b9a3f34a25c0ff,202607225015,clayton,empirical_copula,-45.0,optimal,374.9985909699145,19084.96077033112,-144.0878894762976,-107.56286357203626,0.0,True,0.5909917078269278,1.6920711183529,0.06103515625,0.7132975712788683,-22.483282703722455,0.2867024287211317,-85.07958086831378,0.0,-0.0,FEASIBLE
CRR-STAGEII-CONFIRM-2026-07-22,21c5b970e734ed79636df2f3882d4d85460c5efa40b88e59b9b9a3f34a25c0ff,202607225016,clayton,empirical_copula,-45.0,optimal,372.3567551272664,21150.60274225015,-133.56755321372046,-75.18493804266325,0.0,True,0.76782948298985,1.3023724956563294,0.064697265625,0.8659436315813202,-37.09553204379499,0.13405636841867985,-38.08940599886817,0.0,-0.0,FEASIBLE
CRR-STAGEII-CONFIRM-2026-07-22,21c5b970e734ed79636df2f3882d4d85460c5efa40b88e59b9b9a3f34a25c0ff,202607225017,clayton,empirical_copula,-45.0,optimal,373.1672614057235,18653.158749874216,-145.70269676764292,-117.28131810130135,0.0,True,0.5720992093086601,1.747948579073246,0.060872395833333336,0.6898673343530426,-28.771930061557743,0.3101326656469574,-88.50938803974357,0.0,-0.0,FEASIBLE
CRR-STAGEII-CONFIRM-2026-07-22,21c5b970e734ed79636df2f3882d4d85460c5efa40b88e59b9b9a3f34a25c0ff,202607225018,clayton,empirical_copula,-45.0,optimal,372.9932046904249,20937.74317849117,-137.66144009689773,-84.16854052715547,0.0,True,0.6879370951690471,1.453621278780249,0.06339518229166667,0.8065428968097671,-27.248096671292352,0.19345710319023293,-56.92044385586304,0.0,-0.0,FEASIBLE
CRR-STAGEII-CONFIRM-2026-07-22,21c5b970e734ed79636df2f3882d4d85460c5efa40b88e59b9b9a3f34a25c0ff,202607225019,clayton,empirical_copula,-45.0,optimal,374.20308558063186,14835.378223940532,-164.18709016102247,-156.48912063050898,0.0,True,0.5122724789185086,1.9520861282869701,0.05908203125,0.4216658474274836,-79.01768325863473,0.5783341525725164,-77.47143737187456,0.0,-0.0,FEASIBLE
CRR-STAGEII-CONFIRM-2026-07-22,21c5b970e734ed79636df2f3882d4d85460c5efa40b88e59b9b9a3f34a25c0ff,202607225020,clayton,empirical_copula,-45.0,optimal,373.4024183180855,17697.395373363637,-146.20349121823537,-118.12217431244731,0.0,True,0.5666862490749603,1.764644901181856,0.059814453125,0.682600998183143,-26.53744454066726,0.317399001816857,-91.58472977178002,0.0,-0.0,FEASIBLE
CRR-STAGEII-CONFIRM-2026-07-22,21c5b970e734ed79636df2f3882d4d85460c5efa40b88e59b9b9a3f34a25c0ff,202607225021,clayton,empirical_copula,-45.0,optimal,370.64591556437796,16738.603928744575,-152.16525413158965,-140.0491039941914,0.0,True,0.5184696880173802,1.928753065244728,0.061360677083333336,0.5960980957599583,-24.523812147316267,0.4039019042400417,-115.52529184687513,0.0,-0.0,FEASIBLE
CRR-STAGEII-CONFIRM-2026-07-22,21c5b970e734ed79636df2f3882d4d85460c5efa40b88e59b9b9a3f34a25c0ff,202607225022,clayton,empirical_copula,-45.0,optimal,369.33980404669046,11946.469441203024,-193.2482169047594,-128.02698302310853,0.0,True,1.0,1.0,0.062255859375,0.0,-0.0,1.0,-128.02698302310915,0.0,-0.0,FEASIBLE
CRR-STAGEII-CONFIRM-2026-07-22,21c5b970e734ed79636df2f3882d4d85460c5efa40b88e59b9b9a3f34a25c0ff,202607225023,clayton,empirical_copula,-45.0,optimal,374.0491104145241,18204.69629562677,-146.4393909142539,-118.06739178510945,0.0,True,0.5642096430351,1.7723908344079633,0.059895833333333336,0.67917818370982,-24.482628570548798,0.32082181629018003,-93.58476321456062,0.0,-0.0,FEASIBLE
CRR-STAGEII-CONFIRM-2026-07-22,21c5b970e734ed79636df2f3882d4d85460c5efa40b88e59b9b9a3f34a25c0ff,202607225024,clayton,empirical_copula,-45.0,optimal,372.52936485009644,17956.51810106904,-147.1190482634443,-123.47970211292346,0.0,True,0.5573362323713779,1.794249040198154,0.06998697916666667,0.6693166152085759,-30.566213595280995,0.3306833847914241,-92.91348851764243,0.0,-0.0,FEASIBLE
CRR-STAGEII-CONFIRM-2026-07-22,21c5b970e734ed79636df2f3882d4d85460c5efa40b88e59b9b9a3f34a25c0ff,202607225025,clayton,empirical_copula,-45.0,optimal,374.1228968769458,19247.12197375719,-142.71514594873204,-106.4714269933821,0.0,True,0.6087789906197256,1.6426322448841717,0.060384114583333336,0.7332155554628869,-30.164901840087108,0.26678444453711314,-76.30652515329496,0.0,-0.0,FEASIBLE
CRR-STAGEII-CONFIRM-2026-07-22,21c5b970e734ed79636df2f3882d4d85460c5efa40b88e59b9b9a3f34a25c0ff,202607225026,clayton,empirical_copula,-45.0,optimal,375.15203566361816,20801.447464996734,-135.05595778119445,-76.22049305678502,0.0,True,0.7371503324940218,1.3565753902825646,0.06306966145833333,0.8443474498918366,-30.914375644724643,0.15565255010816337,-45.3061174120603,0.0,-0.0,FEASIBLE
CRR-STAGEII-CONFIRM-2026-07-22,21c5b970e734ed79636df2f3882d4d85460c5efa40b88e59b9b9a3f34a25c0ff,202607225027,clayton,empirical_copula,-45.0,optimal,376.36084856148665,17909.624625358425,-148.5189447978615,-128.69649655129538,0.0,True,0.5444047721989036,1.8368685416935329,0.061930338541666664,0.649004651267844,-30.740433487335803,0.350995348732156,-97.95606306395952,0.0,-0.0,FEASIBLE
CRR-STAGEII-CONFIRM-2026-07-22,21c5b970e734ed79636df2f3882d4d85460c5efa40b88e59b9b9a3f34a25c0ff,202607225028,clayton,empirical_copula,-45.0,optimal,371.289968180512,13534.133339476306,-173.24083821756702,-149.46917560279925,0.0,True,0.5879486650417547,1.7008287618596472,0.061442057291666664,0.290299421744056,-54.40039286435584,0.709700578255944,-95.06878273844376,0.0,-0.0,FEASIBLE
CRR-STAGEII-CONFIRM-2026-07-22,21c5b970e734ed79636df2f3882d4d85460c5efa40b88e59b9b9a3f34a25c0ff,202607225029,clayton,empirical_copula,-45.0,optimal,375.5629508631714,21600.41812209259,-136.29364836037269,-77.56738751577666,0.0,True,0.713059600938647,1.4024073144567926,0.06315104166666667,0.8263890323974191,-26.047948271203186,0.17361096760258088,-51.51943924457341,0.0,-0.0,FEASIBLE
CRR-STAGEII-CONFIRM-2026-07-22,21c5b970e734ed79636df2f3882d4d85460c5efa40b88e59b9b9a3f34a25c0ff,202607225030,clayton,empirical_copula,-45.0,optimal,373.88324882797394,22035.895479662762,-131.95303832033935,-66.93158664286683,0.0,True,0.8032174111849895,1.2449929322681097,0.063232421875,0.8893696259243841,-35.07927564227603,0.11063037407561593,-31.852311000590714,0.0,-0.0,FEASIBLE
CRR-STAGEII-CONFIRM-2026-07-22,21c5b970e734ed79636df2f3882d4d85460c5efa40b88e59b9b9a3f34a25c0ff,202607225031,clayton,empirical_copula,-45.0,optimal,372.4964212588093,19954.28097877506,-137.88876877133495,-84.03645545642445,0.0,True,0.6839143863437886,1.4621713184686864,0.056803385416666664,0.8032444445853779,-25.772985253515866,0.19675555541462209,-58.26347020290852,0.0,-0.0,FEASIBLE
CRR-STAGEII-CONFIRM-2026-07-22,21c5b970e734ed79636df2f3882d4d85460c5efa40b88e59b9b9a3f34a25c0ff,202607225032,clayton,empirical_copula,-45.0,optimal,371.3436117356485,18096.821882115113,-146.61234171712343,-120.85536223275358,0.0,True,0.562423682884162,1.7780190102804796,0.06502278645833333,0.6766687336290184,-28.98732177928393,0.32333126637098153,-91.86804045346963,0.0,-0.0,FEASIBLE
CRR-STAGEII-CONFIRM-2026-07-22,21c5b970e734ed79636df2f3882d4d85460c5efa40b88e59b9b9a3f34a25c0ff,202607225033,clayton,empirical_copula,-45.0,optimal,369.19875802423394,11707.888185901877,-193.2482169047594,-132.7703454872286,0.0,True,1.0,1.0,0.061848958333333336,0.0,-0.0,1.0,-132.77034548722898,0.0,-0.0,FEASIBLE
CRR-STAGEII-CONFIRM-2026-07-22,21c5b970e734ed79636df2f3882d4d85460c5efa40b88e59b9b9a3f34a25c0ff,202607225034,clayton,empirical_copula,-45.0,optimal,370.225069807398,14448.66483707696,-166.7319068027777,-155.24891953802154,0.0,True,0.5265690297675897,1.8990862421995598,0.06551106770833333,0.3847415300995417,-70.6424459935364,0.6152584699004583,-84.60647354448537,0.0,-0.0,FEASIBLE
CRR-STAGEII-CONFIRM-2026-07-22,21c5b970e734ed79636df2f3882d4d85460c5efa40b88e59b9b9a3f34a25c0ff,202607225035,clayton,empirical_copula,-45.0,optimal,375.12289120954483,15449.099293354011,-163.5810755347075,-157.22388513509898,0.0,True,0.509671932474107,1.9620464386682765,0.068359375,0.43045888815201844,-79.57955999707762,0.5695411118479816,-77.64432513802164,0.0,-0.0,FEASIBLE
CRR-STAGEII-CONFIRM-2026-07-22,21c5b970e734ed79636df2f3882d4d85460c5efa40b88e59b9b9a3f34a25c0ff,202607225036,clayton,empirical_copula,-45.0,optimal,376.95944259808454,19726.058340429918,-140.2084641382742,-99.01526849317352,0.0,True,0.6453538169133168,1.5495375928555464,0.059000651041666664,0.7695865509565684,-33.838784677721264,0.23041344904343164,-65.1764838154522,0.0,-0.0,FEASIBLE
CRR-STAGEII-CONFIRM-2026-07-22,21c5b970e734ed79636df2f3882d4d85460c5efa40b88e59b9b9a3f34a25c0ff,202607225037,clayton,empirical_copula,-45.0,optimal,379.16418321776405,23033.99496250354,-124.32841483628681,-54.15635059342003,0.0,True,1.0,1.0,0.085693359375,1.0,-54.15635059341995,0.0,-0.0,0.0,-0.0,FEASIBLE
CRR-STAGEII-CONFIRM-2026-07-22,21c5b970e734ed79636df2f3882d4d85460c5efa40b88e59b9b9a3f34a25c0ff,202607225038,clayton,empirical_copula,-45.0,optimal,374.25938510565163,16362.904183557375,-151.75252844082343,-139.65772063640722,0.0,True,0.5208433428450107,1.919963101645275,0.08846028645833333,0.602086587867875,-28.858858743717256,0.39791341213212506,-110.79886189268993,0.0,-0.0,FEASIBLE
CRR-STAGEII-CONFIRM-2026-07-22,21c5b970e734ed79636df2f3882d4d85460c5efa40b88e59b9b9a3f34a25c0ff,202607225039,clayton,empirical_copula,-45.0,optimal,374.88100806075965,16274.197404025403,-154.67086474615698,-148.60178159468094,0.0,True,0.50713836676361,1.9718484451919316,0.059326171875,0.5597426429094411,-20.177284179823157,0.4402573570905589,-128.42449741485783,0.0,-0.0,FEASIBLE
CRR-STAGEII-CONFIRM-2026-07-22,21c5b970e734ed79636df2f3882d4d85460c5efa40b88e59b9b9a3f34a25c0ff,202607225040,clayton,empirical_copula,-45.0,optimal,378.20290677512884,22996.421659773012,-126.23252600572049,-52.16882140286418,0.0,True,0.9462707531946055,1.0567799930664714,0.060139973958333336,0.9723720743199187,-44.406088004384955,0.027627925680081322,-7.762733398479133,0.0,-0.0,FEASIBLE
CRR-STAGEII-CONFIRM-2026-07-22,21c5b970e734ed79636df2f3882d4d85460c5efa40b88e59b9b9a3f34a25c0ff,202607225041,clayton,empirical_copula,-45.0,optimal,370.85670835633164,12057.925678899039,-193.2482169047594,-133.95618610325863,0.0,True,1.0,1.0,0.063232421875,0.0,-0.0,1.0,-133.95618610325897,0.0,-0.0,FEASIBLE
CRR-STAGEII-CONFIRM-2026-07-22,21c5b970e734ed79636df2f3882d4d85460c5efa40b88e59b9b9a3f34a25c0ff,202607225042,clayton,empirical_copula,-45.0,optimal,375.1524730194731,23128.782884754757,-127.01468466017322,-51.72378639505598,0.0,True,0.9250848759912045,1.0809818925301593,0.057047526041666664,0.9610232510357827,-40.62473234118328,0.03897674896421732,-11.099054053872582,0.0,-0.0,FEASIBLE
CRR-STAGEII-CONFIRM-2026-07-22,21c5b970e734ed79636df2f3882d4d85460c5efa40b88e59b9b9a3f34a25c0ff,202607225043,clayton,empirical_copula,-45.0,optimal,371.556942539445,14164.391348275372,-171.83267281712074,-149.4265271509057,0.0,True,0.5716452333191495,1.7493367244465416,0.06722005208333333,0.31073136377208516,-59.27436342573916,0.6892686362279148,-90.152163725167,0.0,-0.0,FEASIBLE
CRR-STAGEII-CONFIRM-2026-07-22,21c5b970e734ed79636df2f3882d4d85460c5efa40b88e59b9b9a3f34a25c0ff,202607225044,clayton,empirical_copula,-45.0,optimal,368.0601387679735,12216.65119076903,-193.2482169047594,-124.07418096967514,0.0,True,1.0,1.0,0.06754557291666667,0.0,-0.0,1.0,-124.07418096967571,0.0,-0.0,FEASIBLE
CRR-STAGEII-CONFIRM-2026-07-22,21c5b970e734ed79636df2f3882d4d85460c5efa40b88e59b9b9a3f34a25c0ff,202607225045,clayton,empirical_copula,-45.0,optimal,372.37629134790836,17427.483271537058,-149.2832729204859,-130.60385369898162,0.0,True,0.5380408418944616,1.8585949655400942,0.06648763020833333,0.6379145421891063,-28.410153724376134,0.36208545781089374,-102.19369997460545,0.0,-0.0,FEASIBLE
CRR-STAGEII-CONFIRM-2026-07-22,21c5b970e734ed79636df2f3882d4d85460c5efa40b88e59b9b9a3f34a25c0ff,202607225046,clayton,empirical_copula,-45.0,optimal,370.07408397168206,12218.05012961728,-193.2482169047594,-128.42226322845187,0.0,True,1.0,1.0,0.06770833333333333,0.0,-0.0,1.0,-128.4222632284525,0.0,-0.0,FEASIBLE
CRR-STAGEII-CONFIRM-2026-07-22,21c5b970e734ed79636df2f3882d4d85460c5efa40b88e59b9b9a3f34a25c0ff,202607225047,clayton,empirical_copula,-45.0,optimal,378.7873857797151,23338.444665504485,-127.00284688257524,-42.33197897842692,2.6680210215730824,False,0.9254016794170661,1.08061182753626,0.057861328125,0.9611950126665867,-30.841003699684844,0.03880498733341331,-11.490975278741974,0.0,-0.0,TRUE_LAW_RISK_VIOLATION
CRR-STAGEII-CONFIRM-2026-07-22,21c5b970e734ed79636df2f3882d4d85460c5efa40b88e59b9b9a3f34a25c0ff,202607225048,clayton,empirical_copula,-45.0,optimal,377.0973590786962,23063.92353032381,-128.94824599407738,-52.21321774469341,0.0,True,0.8749226035402464,1.1429582410531471,0.057698567708333336,0.9329680147194747,-32.57515975384651,0.06703198528052534,-19.638057990846768,0.0,-0.0,FEASIBLE
CRR-STAGEII-CONFIRM-2026-07-22,21c5b970e734ed79636df2f3882d4d85460c5efa40b88e59b9b9a3f34a25c0ff,202607225049,clayton,empirical_copula,-45.0,optimal,376.6230726591092,24485.25214634652,-124.52557751465451,-30.591526648297503,14.408473351702497,False,0.9942948575497705,1.0057378778607873,0.061848958333333336,0.9971392448548849,-29.737174765393704,0.0028607551451150792,-0.8543518829036666,0.0,-0.0,TRUE_LAW_RISK_VIOLATION
CRR-STAGEII-CONFIRM-2026-07-22,21c5b970e734ed79636df2f3882d4d85460c5efa40b88e59b9b9a3f34a25c0ff,202607225050,clayton,empirical_copula,-45.0,optimal,377.781851150957,21456.157569999283,-136.48161907507836,-80.77453233300929,0.0,True,0.7095137262397937,1.4094160028442226,0.06689453125,0.8236616491336235,-29.224773079593948,0.1763383508663765,-51.549759253415246,0.0,-0.0,FEASIBLE
CRR-STAGEII-CONFIRM-2026-07-22,21c5b970e734ed79636df2f3882d4d85460c5efa40b88e59b9b9a3f34a25c0ff,202607225051,clayton,empirical_copula,-45.0,optimal,372.80426287604405,20582.538315925074,-137.1441421238528,-84.960223685278,0.0,True,0.6972531628811298,1.4341993026863953,0.062174479166666664,0.8140486927859514,-31.187056723760726,0.18595130721404865,-53.7731669615172,0.0,-0.0,FEASIBLE
CRR-STAGEII-CONFIRM-2026-07-22,21c5b970e734ed79636df2f3882d4d85460c5efa40b88e59b9b9a3f34a25c0ff,202607225052,clayton,empirical_copula,-45.0,optimal,372.9281399731544,24737.85435688554,-124.32841483628681,-30.95429709376245,14.045702906237551,False,1.0,1.0,0.062093098958333336,1.0,-30.954297093762307,0.0,-0.0,0.0,-0.0,TRUE_LAW_RISK_VIOLATION
CRR-STAGEII-CONFIRM-2026-07-22,21c5b970e734ed79636df2f3882d4d85460c5efa40b88e59b9b9a3f34a25c0ff,202607225053,clayton,empirical_copula,-45.0,optimal,374.30530404581924,23791.27879253737,-124.32841483628681,-46.2336981789028,0.0,True,1.0,1.0,0.06673177083333333,1.0,-46.23369817890269,0.0,-0.0,0.0,-0.0,FEASIBLE
CRR-STAGEII-CONFIRM-2026-07-22,21c5b970e734ed79636df2f3882d4d85460c5efa40b88e59b9b9a3f34a25c0ff,202607225054,clayton,empirical_copula,-45.0,optimal,372.87745797581965,15691.507894843126,-162.32180807983397,-159.50834991494781,0.0,True,0.5001903240330793,1.999238993543319,0.0576171875,0.5097551020773569,-77.9079597904758,0.49024489792264314,-81.60039012447194,0.0,-0.0,FEASIBLE
CRR-STAGEII-CONFIRM-2026-07-22,21c5b970e734ed79636df2f3882d4d85460c5efa40b88e59b9b9a3f34a25c0ff,202607225055,clayton,empirical_copula,-45.0,optimal,379.4177965494292,19233.341236634835,-142.96839064795577,-106.6447716901971,0.0,True,0.6053782071200082,1.651859925314033,0.072265625,0.7295410716190113,-28.775181429302148,0.27045892838098873,-77.8695902608949,0.0,-0.0,FEASIBLE
CRR-STAGEII-CONFIRM-2026-07-22,21c5b970e734ed79636df2f3882d4d85460c5efa40b88e59b9b9a3f34a25c0ff,202607225056,clayton,empirical_copula,-45.0,optimal,377.78532797716787,18009.706362030203,-147.55425465100927,-124.47806096846496,0.0,True,0.5531392627867242,1.8078629872737373,0.06306966145833333,0.6630019367779477,-29.152250324092872,0.33699806322205234,-95.32581064437205,0.0,-0.0,FEASIBLE
CRR-STAGEII-CONFIRM-2026-07-22,21c5b970e734ed79636df2f3882d4d85460c5efa40b88e59b9b9a3f34a25c0ff,202607225057,clayton,empirical_copula,-45.0,optimal,378.0775343386337,24709.664928753275,-124.32841483628681,-32.08610458155063,12.913895418449371,False,1.0,1.0,0.059895833333333336,1.0,-32.08610458155049,0.0,-0.0,0.0,-0.0,TRUE_LAW_RISK_VIOLATION
CRR-STAGEII-CONFIRM-2026-07-22,21c5b970e734ed79636df2f3882d4d85460c5efa40b88e59b9b9a3f34a25c0ff,202607225058,clayton,empirical_copula,-45.0,optimal,376.1925099712496,23917.582702265656,-124.32841483628681,-44.53598694722055,0.4640130527794497,False,1.0,1.0,0.06494140625,1.0,-44.53598694722042,0.0,-0.0,0.0,-0.0,TRUE_LAW_RISK_VIOLATION
CRR-STAGEII-CONFIRM-2026-07-22,21c5b970e734ed79636df2f3882d4d85460c5efa40b88e59b9b9a3f34a25c0ff,202607225059,clayton,empirical_copula,-45.0,optimal,370.2126340357439,19016.084232412162,-141.62289497101594,-100.20075360458748,0.0,True,0.6240654532151431,1.602396022481404,0.063720703125,0.7490636998993863,-27.001821878532382,0.25093630010061374,-73.19893172605504,0.0,-0.0,FEASIBLE
CRR-STAGEII-CONFIRM-2026-07-22,21c5b970e734ed79636df2f3882d4d85460c5efa40b88e59b9b9a3f34a25c0ff,202607225060,clayton,empirical_copula,-45.0,optimal,367.81922431658995,11518.999896356603,-193.2482169047594,-135.14202671928862,0.0,True,1.0,1.0,0.060709635416666664,0.0,-0.0,1.0,-135.14202671928896,0.0,-0.0,FEASIBLE
CRR-STAGEII-CONFIRM-2026-07-22,21c5b970e734ed79636df2f3882d4d85460c5efa40b88e59b9b9a3f34a25c0ff,202607225061,clayton,empirical_copula,-45.0,optimal,372.0755504348223,23912.949055254074,-126.67801600936511,-33.736207181474924,11.263792818525076,False,0.934140872858396,1.0705023504004063,0.060139973958333336,0.9659081845484129,-23.33967621508152,0.03409181545158722,-10.396530966393296,0.0,-0.0,TRUE_LAW_RISK_VIOLATION
CRR-STAGEII-CONFIRM-2026-07-22,21c5b970e734ed79636df2f3882d4d85460c5efa40b88e59b9b9a3f34a25c0ff,202607225062,clayton,empirical_copula,-45.0,optimal,372.35134948124403,19645.901462823487,-136.78839467662237,-87.16024502059446,0.0,True,0.7037906257743727,1.4208771236469817,0.06282552083333333,0.8192104523463891,-36.02075175070534,0.18078954765361088,-51.13949326988905,0.0,-0.0,FEASIBLE
CRR-STAGEII-CONFIRM-2026-07-22,21c5b970e734ed79636df2f3882d4d85460c5efa40b88e59b9b9a3f34a25c0ff,202607225063,clayton,empirical_copula,-45.0,optimal,368.94166668961407,11564.858985288309,-193.2482169047594,-136.72314754066198,0.0,True,1.0,1.0,0.058024088541666664,0.0,-0.0,1.0,-136.7231475406622,0.0,-0.0,FEASIBLE
CRR-STAGEII-CONFIRM-2026-07-22,21c5b970e734ed79636df2f3882d4d85460c5efa40b88e59b9b9a3f34a25c0ff,202607225064,clayton,empirical_copula,-45.0,optimal,369.13641301092747,11506.990992231007,-193.2482169047594,-136.72314754066198,0.0,True,1.0,1.0,0.059488932291666664,0.0,-0.0,1.0,-136.7231475406622,0.0,-0.0,FEASIBLE
CRR-STAGEII-CONFIRM-2026-07-22,21c5b970e734ed79636df2f3882d4d85460c5efa40b88e59b9b9a3f34a25c0ff,202607225001,clayton,empirical_copula,-30.0,optimal,373.53861716495624,17974.302479870665,-147.23822928586912,-122.54263257149705,0.0,True,0.5561710358059658,1.7980080507983789,0.06282552083333333,0.6675873441014653,-27.464920178612424,0.33241265589853475,-95.0777123928846,0.0,-0.0,FEASIBLE
CRR-STAGEII-CONFIRM-2026-07-22,21c5b970e734ed79636df2f3882d4d85460c5efa40b88e59b9b9a3f34a25c0ff,202607225002,clayton,empirical_copula,-30.0,optimal,375.69001762516086,23824.08117315635,-124.32841483628681,-41.70646822775009,0.0,True,1.0,1.0,0.060791015625,1.0,-41.70646822774998,0.0,-0.0,0.0,-0.0,FEASIBLE
CRR-STAGEII-CONFIRM-2026-07-22,21c5b970e734ed79636df2f3882d4d85460c5efa40b88e59b9b9a3f34a25c0ff,202607225003,clayton,empirical_copula,-30.0,optimal,367.6081775247444,19457.56382017845,-141.71020726895998,-96.03646453999698,0.0,True,0.6228065397104827,1.6056350347009187,0.06705729166666667,0.7477968318103388,-19.762077083282577,0.25220316818966115,-76.27438745671438,0.0,-0.0,FEASIBLE
CRR-STAGEII-CONFIRM-2026-07-22,21c5b970e734ed79636df2f3882d4d85460c5efa40b88e59b9b9a3f34a25c0ff,202607225004,clayton,empirical_copula,-30.0,optimal,370.8737422620409,22953.92273639501,-126.86618595353457,-42.85207807429177,0.0,True,0.9290675536266324,1.0763479965439342,0.060872395833333336,0.9631779105412047,-31.994759139487076,0.03682208945879528,-10.857318934804562,0.0,-0.0,FEASIBLE
CRR-STAGEII-CONFIRM-2026-07-22,21c5b970e734ed79636df2f3882d4d85460c5efa40b88e59b9b9a3f34a25c0ff,202607225005,clayton,empirical_copula,-30.0,optimal,377.03485892770505,24868.202015999283,-124.32841483628681,-29.2565858620802,0.7434141379197996,False,1.0,1.0,0.061767578125,1.0,-29.256585862080048,0.0,-0.0,0.0,-0.0,TRUE_LAW_RISK_VIOLATION
CRR-STAGEII-CONFIRM-2026-07-22,21c5b970e734ed79636df2f3882d4d85460c5efa40b88e59b9b9a3f34a25c0ff,202607225006,clayton,empirical_copula,-30.0,optimal,368.27455489310273,11966.950577116282,-193.2482169047594,-133.5609058979153,0.0,True,1.0,1.0,0.062093098958333336,0.0,-0.0,1.0,-133.5609058979157,0.0,-0.0,FEASIBLE
CRR-STAGEII-CONFIRM-2026-07-22,21c5b970e734ed79636df2f3882d4d85460c5efa40b88e59b9b9a3f34a25c0ff,202607225007,clayton,empirical_copula,-30.0,optimal,368.78144463083106,15536.95370132125,-160.7447250498159,-158.9035792855197,0.0,True,0.5004520798296439,1.9981933142138293,0.06396484375,0.5150346238669926,-41.06638864693101,0.4849653761330074,-117.83719063858835,0.0,-0.0,FEASIBLE
CRR-STAGEII-CONFIRM-2026-07-22,21c5b970e734ed79636df2f3882d4d85460c5efa40b88e59b9b9a3f34a25c0ff,202607225008,clayton,empirical_copula,-30.0,optimal,373.85570263572663,21746.43463088199,-134.67001521774745,-75.18184146097543,0.0,True,0.7449262662237186,1.342414740010895,0.063720703125,0.8499473290537582,-31.600394269447097,0.15005267094624175,-43.58144719152825,0.0,-0.0,FEASIBLE
CRR-STAGEII-CONFIRM-2026-07-22,21c5b970e734ed79636df2f3882d4d85460c5efa40b88e59b9b9a3f34a25c0ff,202607225009,clayton,empirical_copula,-30.0,optimal,376.42550598621426,20118.159984537237,-137.04962908233247,-96.3447276478083,0.0,True,0.6989796044197971,1.4306569085518186,0.06575520833333333,0.8154200409135389,-46.92886914060992,0.18457995908646108,-49.41585850719833,0.0,-0.0,FEASIBLE
CRR-STAGEII-CONFIRM-2026-07-22,21c5b970e734ed79636df2f3882d4d85460c5efa40b88e59b9b9a3f34a25c0ff,202607225010,clayton,empirical_copula,-30.0,optimal,376.11032294935967,22242.220059686777,-129.62811989927633,-64.70978984813736,0.0,True,0.8580328118354414,1.1654565958391179,0.061686197916666664,0.9231033040732732,-43.20086716424762,0.07689669592672677,-21.50892268388968,0.0,-0.0,FEASIBLE
CRR-STAGEII-CONFIRM-2026-07-22,21c5b970e734ed79636df2f3882d4d85460c5efa40b88e59b9b9a3f34a25c0ff,202607225011,clayton,empirical_copula,-30.0,optimal,374.0422680694311,24235.53434275558,-124.32841483628681,-40.00875699606786,0.0,True,1.0,1.0,0.064453125,1.0,-40.00875699606771,0.0,-0.0,0.0,-0.0,FEASIBLE
CRR-STAGEII-CONFIRM-2026-07-22,21c5b970e734ed79636df2f3882d4d85460c5efa40b88e59b9b9a3f34a25c0ff,202607225012,clayton,empirical_copula,-30.0,optimal,376.1917457812606,22386.77090225093,-130.4221421381107,-59.11198352300498,0.0,True,0.8388000529568611,1.1921792285001551,0.059326171875,0.9115823447117606,-33.37606934103763,0.08841765528823942,-25.735914181967246,0.0,-0.0,FEASIBLE
CRR-STAGEII-CONFIRM-2026-07-22,21c5b970e734ed79636df2f3882d4d85460c5efa40b88e59b9b9a3f34a25c0ff,202607225013,clayton,empirical_copula,-30.0,optimal,368.68968726933,11613.91457466382,-193.2482169047594,-133.9561861032586,0.0,True,1.0,1.0,0.059326171875,0.0,-0.0,1.0,-133.95618610325894,0.0,-0.0,FEASIBLE
CRR-STAGEII-CONFIRM-2026-07-22,21c5b970e734ed79636df2f3882d4d85460c5efa40b88e59b9b9a3f34a25c0ff,202607225014,clayton,empirical_copula,-30.0,optimal,370.0026907504421,11791.364363036113,-193.2482169047594,-137.908988156692,0.0,True,1.0,1.0,0.06315104166666667,0.0,-0.0,1.0,-137.90898815669206,0.0,-0.0,FEASIBLE
CRR-STAGEII-CONFIRM-2026-07-22,21c5b970e734ed79636df2f3882d4d85460c5efa40b88e59b9b9a3f34a25c0ff,202607225015,clayton,empirical_copula,-30.0,optimal,375.62851913468785,20739.493756685926,-137.64740445744184,-82.77720306955617,0.0,True,0.6881868901272213,1.4530936499170095,0.06103515625,0.8067465485765255,-25.428813236218204,0.19325345142347436,-57.34838983333791,0.0,-0.0,FEASIBLE
CRR-STAGEII-CONFIRM-2026-07-22,21c5b970e734ed79636df2f3882d4d85460c5efa40b88e59b9b9a3f34a25c0ff,202607225016,clayton,empirical_copula,-30.0,optimal,372.9138212731217,22687.12318536021,-128.02722818637426,-55.787996951294275,0.0,True,0.8984238501474375,1.1130603888530932,0.064697265625,0.9463316312717694,-40.53921533875506,0.05366836872823055,-15.248781612539108,0.0,-0.0,FEASIBLE
CRR-STAGEII-CONFIRM-2026-07-22,21c5b970e734ed79636df2f3882d4d85460c5efa40b88e59b9b9a3f34a25c0ff,202607225017,clayton,empirical_copula,-30.0,optimal,373.627907780904,19798.165025454724,-140.6271174307557,-99.3351645117472,0.0,True,0.6388772026897023,1.5652460219114945,0.060872395833333336,0.7635120516121628,-31.843391122066873,0.23648794838783715,-67.49177338968028,0.0,-0.0,FEASIBLE
CRR-STAGEII-CONFIRM-2026-07-22,21c5b970e734ed79636df2f3882d4d85460c5efa40b88e59b9b9a3f34a25c0ff,202607225018,clayton,empirical_copula,-30.0,optimal,373.5265405907785,22729.453592500002,-131.45572525955072,-60.71750615039264,0.0,True,0.8145600358575094,1.2276565949460962,0.06339518229166667,0.8965854484581535,-30.290077651534936,0.10341455154184655,-30.427428498857612,0.0,-0.0,FEASIBLE
CRR-STAGEII-CONFIRM-2026-07-22,21c5b970e734ed79636df2f3882d4d85460c5efa40b88e59b9b9a3f34a25c0ff,202607225019,clayton,empirical_copula,-30.0,optimal,375.38412634290574,16437.502407968404,-154.8034225011176,-149.86214372650346,0.0,True,0.506686138400458,1.9736083626776717,0.05908203125,0.5578192805232735,-26.737064311878967,0.44218071947672655,-123.12507941462447,0.0,-0.0,FEASIBLE
CRR-STAGEII-CONFIRM-2026-07-22,21c5b970e734ed79636df2f3882d4d85460c5efa40b88e59b9b9a3f34a25c0ff,202607225020,clayton,empirical_copula,-30.0,optimal,373.8015655147868,18807.185098961552,-141.3843097189927,-100.66408115604065,0.0,True,0.6275382368706128,1.593528395953635,0.059814453125,0.7525254807644298,-29.255895119372518,0.24747451923557018,-71.40818603666807,0.0,-0.0,FEASIBLE
CRR-STAGEII-CONFIRM-2026-07-22,21c5b970e734ed79636df2f3882d4d85460c5efa40b88e59b9b9a3f34a25c0ff,202607225021,clayton,empirical_copula,-30.0,optimal,371.39396951538527,18312.912465893183,-144.69568444260446,-113.50858260558462,0.0,True,0.5836230762814543,1.7134346475322482,0.061360677083333336,0.7044786985011572,-28.982651323189728,0.2955213014988428,-84.52593128239486,0.0,-0.0,FEASIBLE
CRR-STAGEII-CONFIRM-2026-07-22,21c5b970e734ed79636df2f3882d4d85460c5efa40b88e59b9b9a3f34a25c0ff,202607225022,clayton,empirical_copula,-30.0,optimal,369.33980404669046,11946.469441203024,-193.2482169047594,-128.02698302310853,0.0,True,1.0,1.0,0.062255859375,0.0,-0.0,1.0,-128.02698302310915,0.0,-0.0,FEASIBLE
CRR-STAGEII-CONFIRM-2026-07-22,21c5b970e734ed79636df2f3882d4d85460c5efa40b88e59b9b9a3f34a25c0ff,202607225023,clayton,empirical_copula,-30.0,optimal,374.59829400951435,19643.089947833858,-140.30444302546923,-95.30999813689938,0.0,True,0.6438559724346866,1.5531423840312997,0.059895833333333336,0.7681939339682077,-27.691417667101945,0.23180606603179232,-67.61858046979738,0.0,-0.0,FEASIBLE
CRR-STAGEII-CONFIRM-2026-07-22,21c5b970e734ed79636df2f3882d4d85460c5efa40b88e59b9b9a3f34a25c0ff,202607225024,clayton,empirical_copula,-30.0,optimal,373.21182268695406,19340.279036124226,-140.82677329225046,-101.99658183425836,0.0,True,0.6358404829340922,1.57272150301832,0.06998697916666667,0.7606151213322936,-34.73561500516231,0.2393848786677064,-67.260966829096,0.0,-0.0,FEASIBLE
CRR-STAGEII-CONFIRM-2026-07-22,21c5b970e734ed79636df2f3882d4d85460c5efa40b88e59b9b9a3f34a25c0ff,202607225025,clayton,empirical_copula,-30.0,optimal,374.6009541635756,20432.11888089801,-137.93990070532038,-89.50425166794128,0.0,True,0.6830155731178178,1.4640954604229843,0.060384114583333336,0.8025025397561297,-33.01540748529517,0.19749746024387027,-56.48884418264604,0.0,-0.0,FEASIBLE
CRR-STAGEII-CONFIRM-2026-07-22,21c5b970e734ed79636df2f3882d4d85460c5efa40b88e59b9b9a3f34a25c0ff,202607225026,clayton,empirical_copula,-30.0,optimal,375.5418454938253,22177.80621593519,-130.14551491521405,-58.090648225107614,0.0,True,0.8454402367398848,1.1828157172364016,0.06306966145833333,0.9155961000417863,-33.52302630766828,0.08440389995821374,-24.567621917439237,0.0,-0.0,FEASIBLE
CRR-STAGEII-CONFIRM-2026-07-22,21c5b970e734ed79636df2f3882d4d85460c5efa40b88e59b9b9a3f34a25c0ff,202607225027,clayton,empirical_copula,-30.0,optimal,377.08750735238846,19034.941036926102,-143.55171861216874,-111.99618331830453,0.0,True,0.5977502617558696,1.6729394598047291,0.061930338541666664,0.7210772056950576,-34.154186472470876,0.2789227943049424,-77.84199684583358,0.0,-0.0,FEASIBLE
CRR-STAGEII-CONFIRM-2026-07-22,21c5b970e734ed79636df2f3882d4d85460c5efa40b88e59b9b9a3f34a25c0ff,202607225028,clayton,empirical_copula,-30.0,optimal,372.4244387108812,15566.732579244675,-160.5574355575933,-159.30342202552384,0.0,True,0.5013178208772715,1.9947425731845503,0.061442057291666664,0.47433074916099516,-88.8867740313737,0.5256692508390048,-70.41664799415047,0.0,-0.0,FEASIBLE
CRR-STAGEII-CONFIRM-2026-07-22,21c5b970e734ed79636df2f3882d4d85460c5efa40b88e59b9b9a3f34a25c0ff,202607225029,clayton,empirical_copula,-30.0,optimal,376.1331478544464,23261.442404922134,-130.63501094985332,-55.79060124065158,0.0,True,0.8337342051788401,1.199423022095507,0.06315104166666667,0.9084936995712665,-28.63590387023179,0.09150630042873353,-27.15469737041968,0.0,-0.0,FEASIBLE
CRR-STAGEII-CONFIRM-2026-07-22,21c5b970e734ed79636df2f3882d4d85460c5efa40b88e59b9b9a3f34a25c0ff,202607225030,clayton,empirical_copula,-30.0,optimal,374.47080132291114,23606.97197909287,-126.62543308334266,-47.7241962350688,0.0,True,0.9355639108911222,1.0688740644639687,0.063232421875,0.9666711427178255,-38.12826802533017,0.033328857282174496,-9.59592820973849,0.0,-0.0,FEASIBLE
CRR-STAGEII-CONFIRM-2026-07-22,21c5b970e734ed79636df2f3882d4d85460c5efa40b88e59b9b9a3f34a25c0ff,202607225031,clayton,empirical_copula,-30.0,optimal,372.8774384635623,21575.079249359376,-131.9077720080732,-61.122976802312195,0.0,True,0.8042412210005359,1.2434080396375675,0.056803385416666664,0.8900264228232081,-28.557480883048722,0.1099735771767919,-32.565495919263384,0.0,-0.0,FEASIBLE
CRR-STAGEII-CONFIRM-2026-07-22,21c5b970e734ed79636df2f3882d4d85460c5efa40b88e59b9b9a3f34a25c0ff,202607225032,clayton,empirical_copula,-30.0,optimal,371.89394443996446,19273.36696224291,-141.42733133074057,-102.70239457717562,0.0,True,0.6269084831432281,1.5951291566292822,0.06502278645833333,0.751901253612629,-32.210153213116584,0.24809874638737084,-70.49224136405901,0.0,-0.0,FEASIBLE
CRR-STAGEII-CONFIRM-2026-07-22,21c5b970e734ed79636df2f3882d4d85460c5efa40b88e59b9b9a3f34a25c0ff,202607225033,clayton,empirical_copula,-30.0,optimal,369.19875802423394,11707.888185901877,-193.2482169047594,-132.7703454872286,0.0,True,1.0,1.0,0.061848958333333336,0.0,-0.0,1.0,-132.77034548722898,0.0,-0.0,FEASIBLE
CRR-STAGEII-CONFIRM-2026-07-22,21c5b970e734ed79636df2f3882d4d85460c5efa40b88e59b9b9a3f34a25c0ff,202607225034,clayton,empirical_copula,-30.0,optimal,371.08944752812135,16135.4049671548,-157.59350004557666,-157.1928040358033,0.0,True,0.5012568207145227,1.9949853222436709,0.06551106770833333,0.5250681143539225,-50.18627534371693,0.47493188564607747,-107.006528692086,0.0,-0.0,FEASIBLE
CRR-STAGEII-CONFIRM-2026-07-22,21c5b970e734ed79636df2f3882d4d85460c5efa40b88e59b9b9a3f34a25c0ff,202607225035,clayton,empirical_copula,-30.0,optimal,375.95161972136464,16575.306692385137,-158.28587576080372,-157.43686750295677,0.0,True,0.5010454877018499,1.9958267753027965,0.068359375,0.522863592257669,-52.342689724488956,0.477136407742331,-105.0941777784674,0.0,-0.0,FEASIBLE
CRR-STAGEII-CONFIRM-2026-07-22,21c5b970e734ed79636df2f3882d4d85460c5efa40b88e59b9b9a3f34a25c0ff,202607225036,clayton,empirical_copula,-30.0,optimal,377.72547954598804,21118.901511282766,-134.74782818012937,-80.08700747833734,0.0,True,0.7433484026371435,1.3452642078093464,0.059000651041666664,0.8488182926948811,-37.322610954299336,0.15118170730511893,-42.76439652403791,0.0,-0.0,FEASIBLE
CRR-STAGEII-CONFIRM-2026-07-22,21c5b970e734ed79636df2f3882d4d85460c5efa40b88e59b9b9a3f34a25c0ff,202607225037,clayton,empirical_copula,-30.0,optimal,379.16418321776405,23033.99496250354,-124.32841483628681,-54.15635059342003,0.0,True,1.0,1.0,0.085693359375,1.0,-54.15635059341995,0.0,-0.0,0.0,-0.0,FEASIBLE
CRR-STAGEII-CONFIRM-2026-07-22,21c5b970e734ed79636df2f3882d4d85460c5efa40b88e59b9b9a3f34a25c0ff,202607225038,clayton,empirical_copula,-30.0,optimal,375.0926839056864,17630.351901434584,-145.37786204499614,-118.33616974815114,0.0,True,0.5757231902855269,1.736945839378218,0.08846028645833333,0.6945805620887233,-33.29222529010883,0.30541943791127657,-85.04394445804225,0.0,-0.0,FEASIBLE
CRR-STAGEII-CONFIRM-2026-07-22,21c5b970e734ed79636df2f3882d4d85460c5efa40b88e59b9b9a3f34a25c0ff,202607225039,clayton,empirical_copula,-30.0,optimal,375.42993302697164,17522.34079554976,-148.55059510912747,-125.89883645350221,0.0,True,0.5441314820266726,1.837791109375622,0.059326171875,0.6485454173420921,-23.37839604503837,0.35145458265790785,-102.52044040846383,0.0,-0.0,FEASIBLE
CRR-STAGEII-CONFIRM-2026-07-22,21c5b970e734ed79636df2f3882d4d85460c5efa40b88e59b9b9a3f34a25c0ff,202607225040,clayton,empirical_copula,-30.0,optimal,378.43017965272185,23549.572441221528,-124.32841483628681,-45.667794435008716,0.0,True,1.0,1.0,0.060139973958333336,1.0,-45.6677944350086,0.0,-0.0,0.0,-0.0,FEASIBLE
CRR-STAGEII-CONFIRM-2026-07-22,21c5b970e734ed79636df2f3882d4d85460c5efa40b88e59b9b9a3f34a25c0ff,202607225041,clayton,empirical_copula,-30.0,optimal,370.85670835633164,12057.925678899039,-193.2482169047594,-133.95618610325863,0.0,True,1.0,1.0,0.063232421875,0.0,-0.0,1.0,-133.95618610325897,0.0,-0.0,FEASIBLE
CRR-STAGEII-CONFIRM-2026-07-22,21c5b970e734ed79636df2f3882d4d85460c5efa40b88e59b9b9a3f34a25c0ff,202607225042,clayton,empirical_copula,-30.0,optimal,375.40869662862553,23958.21490536598,-124.32841483628681,-42.272371971644205,0.0,True,1.0,1.0,0.057047526041666664,1.0,-42.27237197164407,0.0,-0.0,0.0,-0.0,FEASIBLE
CRR-STAGEII-CONFIRM-2026-07-22,21c5b970e734ed79636df2f3882d4d85460c5efa40b88e59b9b9a3f34a25c0ff,202607225043,clayton,empirical_copula,-30.0,optimal,373.69056478556143,17131.781038829893,-153.8671463041056,-145.99045934754665,0.0,True,0.5101971453966453,1.9600266466065086,0.06722005208333333,0.5714042904755915,-22.86117540414843,0.4285957095244085,-123.12928394339819,0.0,-0.0,FEASIBLE
CRR-STAGEII-CONFIRM-2026-07-22,21c5b970e734ed79636df2f3882d4d85460c5efa40b88e59b9b9a3f34a25c0ff,202607225044,clayton,empirical_copula,-30.0,optimal,368.0601387679735,12216.65119076903,-193.2482169047594,-124.07418096967514,0.0,True,1.0,1.0,0.06754557291666667,0.0,-0.0,1.0,-124.07418096967571,0.0,-0.0,FEASIBLE
CRR-STAGEII-CONFIRM-2026-07-22,21c5b970e734ed79636df2f3882d4d85460c5efa40b88e59b9b9a3f34a25c0ff,202607225045,clayton,empirical_copula,-30.0,optimal,373.11519181808967,18730.539225305027,-143.23415850309348,-109.74080683709853,0.0,True,0.6018673315356293,1.661495727718862,0.06648763020833333,0.7256848815667869,-32.31909241325363,0.2743151184332131,-77.42171442384486,0.0,-0.0,FEASIBLE
CRR-STAGEII-CONFIRM-2026-07-22,21c5b970e734ed79636df2f3882d4d85460c5efa40b88e59b9b9a3f34a25c0ff,202607225046,clayton,empirical_copula,-30.0,optimal,370.07408397168206,12218.05012961728,-193.2482169047594,-128.42226322845187,0.0,True,1.0,1.0,0.06770833333333333,0.0,-0.0,1.0,-128.4222632284525,0.0,-0.0,FEASIBLE
CRR-STAGEII-CONFIRM-2026-07-22,21c5b970e734ed79636df2f3882d4d85460c5efa40b88e59b9b9a3f34a25c0ff,202607225047,clayton,empirical_copula,-30.0,optimal,379.04311287986917,24180.52519725403,-124.32841483628681,-32.08610458155063,0.0,True,1.0,1.0,0.057861328125,1.0,-32.08610458155049,0.0,-0.0,0.0,-0.0,FEASIBLE
CRR-STAGEII-CONFIRM-2026-07-22,21c5b970e734ed79636df2f3882d4d85460c5efa40b88e59b9b9a3f34a25c0ff,202607225048,clayton,empirical_copula,-30.0,optimal,377.55219967749156,24500.66187188353,-124.32841483628681,-34.91562330102106,0.0,True,1.0,1.0,0.057698567708333336,1.0,-34.915623301020915,0.0,-0.0,0.0,-0.0,FEASIBLE
CRR-STAGEII-CONFIRM-2026-07-22,21c5b970e734ed79636df2f3882d4d85460c5efa40b88e59b9b9a3f34a25c0ff,202607225049,clayton,empirical_copula,-30.0,optimal,376.6406957134408,24549.455652172208,-124.32841483628681,-29.822489605974283,0.17751039402571678,False,1.0,1.0,0.061848958333333336,1.0,-29.822489605974134,0.0,-0.0,0.0,-0.0,TRUE_LAW_RISK_VIOLATION
CRR-STAGEII-CONFIRM-2026-07-22,21c5b970e734ed79636df2f3882d4d85460c5efa40b88e59b9b9a3f34a25c0ff,202607225050,clayton,empirical_copula,-30.0,optimal,378.3543838379175,22878.36912986501,-131.41077039396012,-61.87630832423946,0.0,True,0.8155956225265577,1.2260978018766127,0.06689453125,0.8972377263846912,-31.835364654436464,0.10276227361530876,-30.04094366980288,0.0,-0.0,FEASIBLE
CRR-STAGEII-CONFIRM-2026-07-22,21c5b970e734ed79636df2f3882d4d85460c5efa40b88e59b9b9a3f34a25c0ff,202607225051,clayton,empirical_copula,-30.0,optimal,373.27031736662946,21960.76986804582,-132.08396762747935,-66.54121592275256,0.0,True,0.8002658339387374,1.2495847724476925,0.062174479166666664,0.8874698916940111,-33.99989963520345,0.11253010830598885,-32.541316287549016,0.0,-0.0,FEASIBLE
CRR-STAGEII-CONFIRM-2026-07-22,21c5b970e734ed79636df2f3882d4d85460c5efa40b88e59b9b9a3f34a25c0ff,202607225052,clayton,empirical_copula,-30.0,optimal,372.9281399731544,24737.85435688554,-124.32841483628681,-30.95429709376245,0.0,True,1.0,1.0,0.062093098958333336,1.0,-30.954297093762307,0.0,-0.0,0.0,-0.0,FEASIBLE
CRR-STAGEII-CONFIRM-2026-07-22,21c5b970e734ed79636df2f3882d4d85460c5efa40b88e59b9b9a3f34a25c0ff,202607225053,clayton,empirical_copula,-30.0,optimal,374.30530404581924,23791.27879253737,-124.32841483628681,-46.2336981789028,0.0,True,1.0,1.0,0.06673177083333333,1.0,-46.23369817890269,0.0,-0.0,0.0,-0.0,FEASIBLE
CRR-STAGEII-CONFIRM-2026-07-22,21c5b970e734ed79636df2f3882d4d85460c5efa40b88e59b9b9a3f34a25c0ff,202607225054,clayton,empirical_copula,-30.0,optimal,373.63623283979814,16950.508794264395,-151.67703149221674,-137.13264284849257,0.0,True,0.5212930584000444,1.918306764086224,0.0576171875,0.6031820197516126,-20.37779025714219,0.39681798024838744,-116.75485259135041,0.0,-0.0,FEASIBLE
CRR-STAGEII-CONFIRM-2026-07-22,21c5b970e734ed79636df2f3882d4d85460c5efa40b88e59b9b9a3f34a25c0ff,202607225055,clayton,empirical_copula,-30.0,optimal,380.03762444062625,20448.754352268705,-138.27714033910482,-89.7316048592405,0.0,True,0.6771426164857546,1.4767937737988133,0.072265625,0.7976093214986341,-31.45998742043639,0.20239067850136594,-58.27161743880404,0.0,-0.0,FEASIBLE
CRR-STAGEII-CONFIRM-2026-07-22,21c5b970e734ed79636df2f3882d4d85460c5efa40b88e59b9b9a3f34a25c0ff,202607225056,clayton,empirical_copula,-30.0,optimal,378.6582946781896,19515.836837412593,-140.8179316064837,-101.12787211786934,0.0,True,0.6359742525670481,1.5723906997234518,0.06306966145833333,0.7607434108151615,-33.44995106992492,0.2392565891848384,-67.67792104794437,0.0,-0.0,FEASIBLE
CRR-STAGEII-CONFIRM-2026-07-22,21c5b970e734ed79636df2f3882d4d85460c5efa40b88e59b9b9a3f34a25c0ff,202607225057,clayton,empirical_copula,-30.0,optimal,378.0775343386337,24709.664928753275,-124.32841483628681,-32.08610458155063,0.0,True,1.0,1.0,0.059895833333333336,1.0,-32.08610458155049,0.0,-0.0,0.0,-0.0,FEASIBLE
CRR-STAGEII-CONFIRM-2026-07-22,21c5b970e734ed79636df2f3882d4d85460c5efa40b88e59b9b9a3f34a25c0ff,202607225058,clayton,empirical_copula,-30.0,optimal,376.1925099712496,23917.582702265656,-124.32841483628681,-44.53598694722055,0.0,True,1.0,1.0,0.06494140625,1.0,-44.53598694722042,0.0,-0.0,0.0,-0.0,FEASIBLE
CRR-STAGEII-CONFIRM-2026-07-22,21c5b970e734ed79636df2f3882d4d85460c5efa40b88e59b9b9a3f34a25c0ff,202607225059,clayton,empirical_copula,-30.0,optimal,370.6122159896915,20685.427577572224,-135.11107292464553,-76.04535728129426,0.0,True,0.7360501133553912,1.358603146518591,0.063720703125,0.8435477502148654,-30.40772914292597,0.1564522497851346,-45.6376281383682,0.0,-0.0,FEASIBLE
CRR-STAGEII-CONFIRM-2026-07-22,21c5b970e734ed79636df2f3882d4d85460c5efa40b88e59b9b9a3f34a25c0ff,202607225060,clayton,empirical_copula,-30.0,optimal,367.81922431658995,11518.999896356603,-193.2482169047594,-135.14202671928862,0.0,True,1.0,1.0,0.060709635416666664,0.0,-0.0,1.0,-135.14202671928896,0.0,-0.0,FEASIBLE
CRR-STAGEII-CONFIRM-2026-07-22,21c5b970e734ed79636df2f3882d4d85460c5efa40b88e59b9b9a3f34a25c0ff,202607225061,clayton,empirical_copula,-30.0,optimal,372.2638711061454,24685.754068030892,-124.32841483628681,-24.163452167033412,5.836547832966588,False,1.0,1.0,0.060139973958333336,1.0,-24.163452167033274,0.0,-0.0,0.0,-0.0,TRUE_LAW_RISK_VIOLATION
CRR-STAGEII-CONFIRM-2026-07-22,21c5b970e734ed79636df2f3882d4d85460c5efa40b88e59b9b9a3f34a25c0ff,202607225062,clayton,empirical_copula,-30.0,optimal,372.8962933951927,21123.220327768337,-130.90609881781222,-66.77037976763319,0.0,True,0.8273381020680202,1.2086956922452778,0.06282552083333333,0.9045603181653017,-39.77359245215566,0.09543968183469831,-26.99678731547744,0.0,-0.0,FEASIBLE
CRR-STAGEII-CONFIRM-2026-07-22,21c5b970e734ed79636df2f3882d4d85460c5efa40b88e59b9b9a3f34a25c0ff,202607225063,clayton,empirical_copula,-30.0,optimal,368.94166668961407,11564.858985288309,-193.2482169047594,-136.72314754066198,0.0,True,1.0,1.0,0.058024088541666664,0.0,-0.0,1.0,-136.7231475406622,0.0,-0.0,FEASIBLE
CRR-STAGEII-CONFIRM-2026-07-22,21c5b970e734ed79636df2f3882d4d85460c5efa40b88e59b9b9a3f34a25c0ff,202607225064,clayton,empirical_copula,-30.0,optimal,369.13641301092747,11506.990992231007,-193.2482169047594,-136.72314754066198,0.0,True,1.0,1.0,0.059488932291666664,0.0,-0.0,1.0,-136.7231475406622,0.0,-0.0,FEASIBLE
CRR-STAGEII-CONFIRM-2026-07-22,21c5b970e734ed79636df2f3882d4d85460c5efa40b88e59b9b9a3f34a25c0ff,202607225001,empirical_copula,empirical_copula,-105.0,optimal,373.987273359414,18765.842567050415,-143.66112664868487,-109.83264083108554,0.0,True,0.5963514891913988,1.6768634238776092,0.06282552083333333,0.7194897368801088,-29.600213915588622,0.28051026311989125,-80.2324269154969,0.0,-0.0,FEASIBLE
CRR-STAGEII-CONFIRM-2026-07-22,21c5b970e734ed79636df2f3882d4d85460c5efa40b88e59b9b9a3f34a25c0ff,202607225002,empirical_copula,empirical_copula,-105.0,optimal,373.70423884669026,18945.313671242,-142.64958336847286,-106.48616776454497,0.0,True,0.6096682211491598,1.6402363864646026,0.060791015625,0.7341668434569246,-30.61950613050372,0.2658331565430754,-75.86666163404124,0.0,-0.0,FEASIBLE
CRR-STAGEII-CONFIRM-2026-07-22,21c5b970e734ed79636df2f3882d4d85460c5efa40b88e59b9b9a3f34a25c0ff,202607225003,empirical_copula,empirical_copula,-105.0,optimal,367.53033502395806,18976.28655946727,-143.66112664868487,-103.84937123069383,1.1506287693061665,False,0.5963514891913988,1.6768634238776092,0.06705729166666667,0.7194897368801088,-19.01400358494916,0.28051026311989125,-84.83536764574468,0.0,-0.0,TRUE_LAW_RISK_VIOLATION
CRR-STAGEII-CONFIRM-2026-07-22,21c5b970e734ed79636df2f3882d4d85460c5efa40b88e59b9b9a3f34a25c0ff,202607225004,empirical_copula,empirical_copula,-105.0,optimal,370.0198732333208,18360.12734360821,-144.11493008219915,-108.33365881382397,0.0,True,0.5906572674648669,1.6930291982896517,0.060872395833333336,0.7129052224170028,-23.68122299202032,0.2870947775829972,-84.65243582180364,0.0,-0.0,FEASIBLE
CRR-STAGEII-CONFIRM-2026-07-22,21c5b970e734ed79636df2f3882d4d85460c5efa40b88e59b9b9a3f34a25c0ff,202607225005,empirical_copula,empirical_copula,-105.0,optimal,375.5140755356375,19703.95195293396,-142.08359361287455,-98.81940106452086,6.180598935479139,False,0.6174952936542784,1.619445541166954,0.061767578125,0.7423791385972383,-21.719479010587126,0.25762086140276175,-77.09992205393372,0.0,-0.0,TRUE_LAW_RISK_VIOLATION
CRR-STAGEII-CONFIRM-2026-07-22,21c5b970e734ed79636df2f3882d4d85460c5efa40b88e59b9b9a3f34a25c0ff,202607225006,empirical_copula,empirical_copula,-105.0,optimal,373.6859967688973,20720.476977090904,-139.2856060293485,-89.0816829149454,15.918317085054596,False,0.6601518174307337,1.5148030704390583,0.062093098958333336,0.7829768695765907,-24.679588180293635,0.21702313042340926,-64.40209473465173,0.0,-0.0,TRUE_LAW_RISK_VIOLATION
CRR-STAGEII-CONFIRM-2026-07-22,21c5b970e734ed79636df2f3882d4d85460c5efa40b88e59b9b9a3f34a25c0ff,202607225007,empirical_copula,empirical_copula,-105.0,optimal,370.23678558861087,19306.249700237393,-140.80521841221562,-94.65005405271907,10.34994594728093,False,0.6361667112855613,1.571915006334121,0.06396484375,0.760927874407432,-23.553987491332702,0.23907212559256796,-71.09606656138634,0.0,-0.0,TRUE_LAW_RISK_VIOLATION
CRR-STAGEII-CONFIRM-2026-07-22,21c5b970e734ed79636df2f3882d4d85460c5efa40b88e59b9b9a3f34a25c0ff,202607225008,empirical_copula,empirical_copula,-105.0,optimal,373.01493264110775,19633.735656400266,-142.64958336847286,-104.50461074515167,0.49538925484833385,False,0.6096682211491598,1.6402363864646026,0.063720703125,0.7341668434569246,-27.29576400766228,0.2658331565430754,-77.20884673748937,0.0,-0.0,TRUE_LAW_RISK_VIOLATION
CRR-STAGEII-CONFIRM-2026-07-22,21c5b970e734ed79636df2f3882d4d85460c5efa40b88e59b9b9a3f34a25c0ff,202607225009,empirical_copula,empirical_copula,-105.0,optimal,375.9301841385882,19229.345761834553,-140.80521841221562,-107.79728268845446,0.0,True,0.6361667112855613,1.571915006334121,0.06575520833333333,0.760927874407432,-43.79274834047794,0.23907212559256796,-64.00453434797646,0.0,-0.0,FEASIBLE
CRR-STAGEII-CONFIRM-2026-07-22,21c5b970e734ed79636df2f3882d4d85460c5efa40b88e59b9b9a3f34a25c0ff,202607225010,empirical_copula,empirical_copula,-105.0,optimal,374.95681029447184,19121.988604875274,-141.47082201497562,-104.73183219106632,0.26816780893368275,False,0.6262734473179496,1.596746603712092,0.061686197916666664,0.7512702203982295,-35.159147251088946,0.24872977960177045,-69.57268493997735,0.0,-0.0,TRUE_LAW_RISK_VIOLATION
CRR-STAGEII-CONFIRM-2026-07-22,21c5b970e734ed79636df2f3882d4d85460c5efa40b88e59b9b9a3f34a25c0ff,202607225011,empirical_copula,empirical_copula,-105.0,optimal,372.3695475046509,19156.45760140783,-143.17395161589153,-107.62445917359256,0.0,True,0.6026574720487035,1.6593173508669041,0.064453125,0.7265584605004891,-29.06870088960113,0.2734415394995109,-78.55575828399138,0.0,-0.0,FEASIBLE
CRR-STAGEII-CONFIRM-2026-07-22,21c5b970e734ed79636df2f3882d4d85460c5efa40b88e59b9b9a3f34a25c0ff,202607225012,empirical_copula,empirical_copula,-105.0,optimal,375.04783847378724,19684.428055782897,-140.07964237455698,-94.76843764075426,10.231562359245743,False,0.6473764001371574,1.5446964081300052,0.059326171875,0.7714557055369784,-28.24556582398794,0.2285442944630216,-66.52287181676625,0.0,-0.0,TRUE_LAW_RISK_VIOLATION
CRR-STAGEII-CONFIRM-2026-07-22,21c5b970e734ed79636df2f3882d4d85460c5efa40b88e59b9b9a3f34a25c0ff,202607225013,empirical_copula,empirical_copula,-105.0,optimal,373.668359966876,19132.324771786934,-140.80521841221562,-97.16760847232797,7.83239152767203,False,0.6361667112855613,1.571915006334121,0.059326171875,0.760927874407432,-27.42949488797752,0.23907212559256796,-69.7381135843504,0.0,-0.0,TRUE_LAW_RISK_VIOLATION
CRR-STAGEII-CONFIRM-2026-07-22,21c5b970e734ed79636df2f3882d4d85460c5efa40b88e59b9b9a3f34a25c0ff,202607225014,empirical_copula,empirical_copula,-105.0,optimal,375.3158874204671,18679.553941369253,-144.11493008219915,-112.77853723225567,0.0,True,0.5906572674648669,1.6930291982896517,0.06315104166666667,0.7129052224170028,-31.749937680168916,0.2870947775829972,-81.02859955208669,0.0,-0.0,FEASIBLE
CRR-STAGEII-CONFIRM-2026-07-22,21c5b970e734ed79636df2f3882d4d85460c5efa40b88e59b9b9a3f34a25c0ff,202607225015,empirical_copula,empirical_copula,-105.0,optimal,374.8793326615555,18790.199795119606,-145.30720525119546,-112.25529694521508,0.0,True,0.5765232307395595,1.734535482147368,0.06103515625,0.6956057651752109,-21.9256334221543,0.3043942348247891,-90.32966352306077,0.0,-0.0,FEASIBLE
CRR-STAGEII-CONFIRM-2026-07-22,21c5b970e734ed79636df2f3882d4d85460c5efa40b88e59b9b9a3f34a25c0ff,202607225016,empirical_copula,empirical_copula,-105.0,optimal,371.5621007578851,19155.847673437853,-141.47082201497562,-102.8546575285308,2.145342471469206,False,0.6262734473179496,1.596746603712092,0.064697265625,0.7512702203982295,-32.18312083829248,0.24872977960177045,-70.67153669023828,0.0,-0.0,TRUE_LAW_RISK_VIOLATION
CRR-STAGEII-CONFIRM-2026-07-22,21c5b970e734ed79636df2f3882d4d85460c5efa40b88e59b9b9a3f34a25c0ff,202607225017,empirical_copula,empirical_copula,-105.0,optimal,373.35254899804625,19101.991891087706,-143.66112664868487,-110.06276658494676,0.0,True,0.5963514891913988,1.6768634238776092,0.060872395833333336,0.7194897368801088,-30.00737585138245,0.28051026311989125,-80.05539073356428,0.0,-0.0,FEASIBLE
CRR-STAGEII-CONFIRM-2026-07-22,21c5b970e734ed79636df2f3882d4d85460c5efa40b88e59b9b9a3f34a25c0ff,202607225018,empirical_copula,empirical_copula,-105.0,optimal,372.4775754176005,19351.712746090663,-143.66112664868487,-106.84100603088969,0.0,True,0.5963514891913988,1.6768634238776092,0.06339518229166667,0.7194897368801088,-24.307108750268885,0.28051026311989125,-82.53389728062078,0.0,-0.0,FEASIBLE
CRR-STAGEII-CONFIRM-2026-07-22,21c5b970e734ed79636df2f3882d4d85460c5efa40b88e59b9b9a3f34a25c0ff,202607225019,empirical_copula,empirical_copula,-105.0,optimal,376.5526148122026,18340.849827782058,-145.51948598465006,-118.80986387562776,0.0,True,0.5741322539921737,1.7417589641525897,0.05908203125,0.6925256528260243,-33.1937305929368,0.3074743471739757,-85.6161332826909,0.0,-0.0,FEASIBLE
CRR-STAGEII-CONFIRM-2026-07-22,21c5b970e734ed79636df2f3882d4d85460c5efa40b88e59b9b9a3f34a25c0ff,202607225020,empirical_copula,empirical_copula,-105.0,optimal,373.74364754552477,18640.75495802084,-142.08359361287455,-103.19732531048524,1.8026746895147596,False,0.6174952936542784,1.619445541166954,0.059814453125,0.7423791385972383,-28.86143628724488,0.25762086140276175,-74.3358890232403,0.0,-0.0,TRUE_LAW_RISK_VIOLATION
CRR-STAGEII-CONFIRM-2026-07-22,21c5b970e734ed79636df2f3882d4d85460c5efa40b88e59b9b9a3f34a25c0ff,202607225021,empirical_copula,empirical_copula,-105.0,optimal,372.02316659573927,19798.44414742848,-138.4129404861279,-91.1850342220818,13.814965777918204,False,0.6748047340461347,1.481910172745813,0.061360677083333336,0.7956389132422648,-32.73303401610841,0.20436108675773523,-58.45200020597332,0.0,-0.0,TRUE_LAW_RISK_VIOLATION
CRR-STAGEII-CONFIRM-2026-07-22,21c5b970e734ed79636df2f3882d4d85460c5efa40b88e59b9b9a3f34a25c0ff,202607225022,empirical_copula,empirical_copula,-105.0,optimal,376.2810093910475,18707.305108059398,-145.51948598465006,-118.61201482296833,0.0,True,0.5741322539921737,1.7417589641525897,0.062255859375,0.6925256528260243,-32.801827733259856,0.3074743471739757,-85.81018708970839,0.0,-0.0,FEASIBLE
CRR-STAGEII-CONFIRM-2026-07-22,21c5b970e734ed79636df2f3882d4d85460c5efa40b88e59b9b9a3f34a25c0ff,202607225023,empirical_copula,empirical_copula,-105.0,optimal,374.2192570483332,18634.841700905374,-144.5386773070145,-111.01675524237184,0.0,True,0.5854967586667285,1.707951385208627,0.059895833333333336,0.7067568120603629,-25.476767267265284,0.2932431879396371,-85.53998797510654,0.0,-0.0,FEASIBLE
CRR-STAGEII-CONFIRM-2026-07-22,21c5b970e734ed79636df2f3882d4d85460c5efa40b88e59b9b9a3f34a25c0ff,202607225024,empirical_copula,empirical_copula,-105.0,optimal,373.0755084156836,19052.399114705917,-142.08359361287455,-106.28762477822478,0.0,True,0.6174952936542784,1.619445541166954,0.06998697916666667,0.7423791385972383,-33.902817894297435,0.25762086140276175,-72.38480688392731,0.0,-0.0,FEASIBLE
CRR-STAGEII-CONFIRM-2026-07-22,21c5b970e734ed79636df2f3882d4d85460c5efa40b88e59b9b9a3f34a25c0ff,202607225025,empirical_copula,empirical_copula,-105.0,optimal,374.31410271648383,19710.730730423875,-140.80521841221562,-99.68516289193687,5.314837108063131,False,0.6361667112855613,1.571915006334121,0.060384114583333336,0.760927874407432,-31.305002284622347,0.23907212559256796,-68.38016060731448,0.0,-0.0,TRUE_LAW_RISK_VIOLATION
CRR-STAGEII-CONFIRM-2026-07-22,21c5b970e734ed79636df2f3882d4d85460c5efa40b88e59b9b9a3f34a25c0ff,202607225026,empirical_copula,empirical_copula,-105.0,optimal,374.4689242810626,18611.993058862423,-143.66112664868487,-107.99163480019578,0.0,True,0.5963514891913988,1.6768634238776092,0.06306966145833333,0.7194897368801088,-26.342918429238004,0.28051026311989125,-81.64871637095777,0.0,-0.0,FEASIBLE
CRR-STAGEII-CONFIRM-2026-07-22,21c5b970e734ed79636df2f3882d4d85460c5efa40b88e59b9b9a3f34a25c0ff,202607225027,empirical_copula,empirical_copula,-105.0,optimal,376.83069605552555,18626.53102741727,-145.30720525119546,-117.89830568038246,0.0,True,0.5765232307395595,1.734535482147368,0.061930338541666664,0.6956057651752109,-32.947718812189294,0.3043942348247891,-84.9505868681931,0.0,-0.0,FEASIBLE
CRR-STAGEII-CONFIRM-2026-07-22,21c5b970e734ed79636df2f3882d4d85460c5efa40b88e59b9b9a3f34a25c0ff,202607225028,empirical_copula,empirical_copula,-105.0,optimal,374.25608070128027,20211.906047499026,-140.07964237455698,-90.09115199081333,14.90884800918667,False,0.6473764001371574,1.5446964081300052,0.061442057291666664,0.7714557055369784,-21.26045107179866,0.2285442944630216,-68.83070091901465,0.0,-0.0,TRUE_LAW_RISK_VIOLATION
CRR-STAGEII-CONFIRM-2026-07-22,21c5b970e734ed79636df2f3882d4d85460c5efa40b88e59b9b9a3f34a25c0ff,202607225029,empirical_copula,empirical_copula,-105.0,optimal,375.1083390047222,20368.086039927963,-140.80521841221562,-94.9297823215645,10.070217678435498,False,0.6361667112855613,1.571915006334121,0.06315104166666667,0.760927874407432,-23.984599424293236,0.23907212559256796,-70.94518289727122,0.0,-0.0,TRUE_LAW_RISK_VIOLATION
CRR-STAGEII-CONFIRM-2026-07-22,21c5b970e734ed79636df2f3882d4d85460c5efa40b88e59b9b9a3f34a25c0ff,202607225030,empirical_copula,empirical_copula,-105.0,optimal,372.54198018475427,18854.795489169945,-144.11493008219915,-110.77834194396141,0.0,True,0.5906572674648669,1.6930291982896517,0.063232421875,0.7129052224170028,-28.119016070502038,0.2870947775829972,-82.65932587345934,0.0,-0.0,FEASIBLE
CRR-STAGEII-CONFIRM-2026-07-22,21c5b970e734ed79636df2f3882d4d85460c5efa40b88e59b9b9a3f34a25c0ff,202607225031,empirical_copula,empirical_copula,-105.0,optimal,372.3568524596094,19395.48699665464,-140.07964237455698,-92.4297948157838,12.570205184216206,False,0.6473764001371574,1.5446964081300052,0.056803385416666664,0.7714557055369784,-24.7530084478933,0.2285442944630216,-67.67678636789044,0.0,-0.0,TRUE_LAW_RISK_VIOLATION
CRR-STAGEII-CONFIRM-2026-07-22,21c5b970e734ed79636df2f3882d4d85460c5efa40b88e59b9b9a3f34a25c0ff,202607225032,empirical_copula,empirical_copula,-105.0,optimal,371.5637087571812,18555.44934918222,-144.5386773070145,-113.59536463195974,0.0,True,0.5854967586667285,1.707951385208627,0.06502278645833333,0.7067568120603629,-30.276243178876605,0.2932431879396371,-83.31912145308311,0.0,-0.0,FEASIBLE
CRR-STAGEII-CONFIRM-2026-07-22,21c5b970e734ed79636df2f3882d4d85460c5efa40b88e59b9b9a3f34a25c0ff,202607225033,empirical_copula,empirical_copula,-105.0,optimal,373.24482220084144,18418.18757297612,-144.5386773070145,-110.37210289497487,0.0,True,0.5854967586667285,1.707951385208627,0.061848958333333336,0.7067568120603629,-24.276898289362457,0.2932431879396371,-86.0952046056124,0.0,-0.0,FEASIBLE
CRR-STAGEII-CONFIRM-2026-07-22,21c5b970e734ed79636df2f3882d4d85460c5efa40b88e59b9b9a3f34a25c0ff,202607225034,empirical_copula,empirical_copula,-105.0,optimal,372.42803072546474,19454.34602166519,-142.08359361287455,-103.96990017742012,1.030099822579885,False,0.6174952936542784,1.619445541166954,0.06551106770833333,0.7423791385972383,-30.121781689008017,0.25762086140276175,-73.84811848841207,0.0,-0.0,TRUE_LAW_RISK_VIOLATION
CRR-STAGEII-CONFIRM-2026-07-22,21c5b970e734ed79636df2f3882d4d85460c5efa40b88e59b9b9a3f34a25c0ff,202607225035,empirical_copula,empirical_copula,-105.0,optimal,378.00007696021146,20020.2681829294,-141.47082201497562,-104.7318321910663,0.26816780893369696,False,0.6262734473179496,1.596746603712092,0.068359375,0.7512702203982295,-35.15914725108895,0.24872977960177045,-69.57268493997731,0.0,-0.0,TRUE_LAW_RISK_VIOLATION
CRR-STAGEII-CONFIRM-2026-07-22,21c5b970e734ed79636df2f3882d4d85460c5efa40b88e59b9b9a3f34a25c0ff,202607225036,empirical_copula,empirical_copula,-105.0,optimal,376.6169939274712,19140.059186256633,-142.64958336847286,-107.47694627424164,0.0,True,0.6096682211491598,1.6402363864646026,0.059000651041666664,0.7341668434569246,-32.28137719192444,0.2658331565430754,-75.19556908231714,0.0,-0.0,FEASIBLE
CRR-STAGEII-CONFIRM-2026-07-22,21c5b970e734ed79636df2f3882d4d85460c5efa40b88e59b9b9a3f34a25c0ff,202607225037,empirical_copula,empirical_copula,-105.0,optimal,377.3703824068825,19334.24875145466,-138.4129404861279,-98.57443452189852,6.4255654781014755,False,0.6748047340461347,1.481910172745813,0.085693359375,0.7956389132422648,-43.08889993131573,0.20436108675773523,-55.48553459058274,0.0,-0.0,TRUE_LAW_RISK_VIOLATION
CRR-STAGEII-CONFIRM-2026-07-22,21c5b970e734ed79636df2f3882d4d85460c5efa40b88e59b9b9a3f34a25c0ff,202607225038,empirical_copula,empirical_copula,-105.0,optimal,375.20238245173505,17808.085796700823,-144.5386773070145,-115.52932167415067,0.0,True,0.5854967586667285,1.707951385208627,0.08846028645833333,0.7067568120603629,-33.87585011258511,0.2932431879396371,-81.65347156156551,0.0,-0.0,FEASIBLE
CRR-STAGEII-CONFIRM-2026-07-22,21c5b970e734ed79636df2f3882d4d85460c5efa40b88e59b9b9a3f34a25c0ff,202607225039,empirical_copula,empirical_copula,-105.0,optimal,376.0649155419547,19146.706400813535,-141.47082201497562,-99.63664382132706,5.3633561786729445,False,0.6262734473179496,1.596746603712092,0.059326171875,0.7512702203982295,-27.08136127349853,0.24872977960177045,-72.5552825478285,0.0,-0.0,TRUE_LAW_RISK_VIOLATION
CRR-STAGEII-CONFIRM-2026-07-22,21c5b970e734ed79636df2f3882d4d85460c5efa40b88e59b9b9a3f34a25c0ff,202607225040,empirical_copula,empirical_copula,-105.0,optimal,376.0684802258893,18455.885199792247,-144.11493008219915,-113.22302507409884,0.0,True,0.5906572674648669,1.6930291982896517,0.060139973958333336,0.7129052224170028,-32.556809148983774,0.2870947775829972,-80.66621592511503,0.0,-0.0,FEASIBLE
CRR-STAGEII-CONFIRM-2026-07-22,21c5b970e734ed79636df2f3882d4d85460c5efa40b88e59b9b9a3f34a25c0ff,202607225041,empirical_copula,empirical_copula,-105.0,optimal,375.6321487955403,19106.55525047571,-144.11493008219915,-110.77834194396141,0.0,True,0.5906572674648669,1.6930291982896517,0.063232421875,0.7129052224170028,-28.11901607050204,0.2870947775829972,-82.65932587345932,0.0,-0.0,FEASIBLE
CRR-STAGEII-CONFIRM-2026-07-22,21c5b970e734ed79636df2f3882d4d85460c5efa40b88e59b9b9a3f34a25c0ff,202607225042,empirical_copula,empirical_copula,-105.0,optimal,373.66117451321315,18843.905685709255,-142.64958336847286,-106.73386239196914,0.0,True,0.6096682211491598,1.6402363864646026,0.057047526041666664,0.7341668434569246,-31.0349738958589,0.2658331565430754,-75.69888849611019,0.0,-0.0,FEASIBLE
CRR-STAGEII-CONFIRM-2026-07-22,21c5b970e734ed79636df2f3882d4d85460c5efa40b88e59b9b9a3f34a25c0ff,202607225043,empirical_copula,empirical_copula,-105.0,optimal,374.75133382249294,19065.341589934393,-144.93525862255123,-113.94383396234221,0.0,True,0.5808040652236536,1.7217510342578684,0.06722005208333333,0.7010025686697232,-28.04624142352623,0.2989974313302768,-85.89759253881593,0.0,-0.0,FEASIBLE
CRR-STAGEII-CONFIRM-2026-07-22,21c5b970e734ed79636df2f3882d4d85460c5efa40b88e59b9b9a3f34a25c0ff,202607225044,empirical_copula,empirical_copula,-105.0,optimal,372.52927278595735,19939.536031502652,-140.80521841221562,-95.48923885925538,9.51076114074462,False,0.6361667112855613,1.571915006334121,0.06754557291666667,0.760927874407432,-24.845823290214312,0.23907212559256796,-70.64341556904101,0.0,-0.0,TRUE_LAW_RISK_VIOLATION
CRR-STAGEII-CONFIRM-2026-07-22,21c5b970e734ed79636df2f3882d4d85460c5efa40b88e59b9b9a3f34a25c0ff,202607225045,empirical_copula,empirical_copula,-105.0,optimal,373.411887309587,19292.184330528595,-140.80521841221562,-101.36353250500949,3.6364674949905123,False,0.6361667112855613,1.571915006334121,0.06648763020833333,0.760927874407432,-33.88867388238558,0.23907212559256796,-67.47485862262384,0.0,-0.0,TRUE_LAW_RISK_VIOLATION
CRR-STAGEII-CONFIRM-2026-07-22,21c5b970e734ed79636df2f3882d4d85460c5efa40b88e59b9b9a3f34a25c0ff,202607225046,empirical_copula,empirical_copula,-105.0,optimal,376.03890344306615,19066.594049822288,-143.17395161589153,-109.29456955678782,0.0,True,0.6026574720487035,1.6593173508669041,0.06770833333333333,0.7265584605004891,-31.9468359602872,0.2734415394995109,-77.34773359650058,0.0,-0.0,FEASIBLE
CRR-STAGEII-CONFIRM-2026-07-22,21c5b970e734ed79636df2f3882d4d85460c5efa40b88e59b9b9a3f34a25c0ff,202607225047,empirical_copula,empirical_copula,-105.0,optimal,372.4530553195658,11582.346979291417,-193.2482169047594,-136.32786733531864,0.0,True,1.0,1.0,0.057861328125,0.0,-0.0,1.0,-136.32786733531879,0.0,-0.0,FEASIBLE
CRR-STAGEII-CONFIRM-2026-07-22,21c5b970e734ed79636df2f3882d4d85460c5efa40b88e59b9b9a3f34a25c0ff,202607225048,empirical_copula,empirical_copula,-105.0,optimal,376.1655225757708,20380.977869317747,-138.4129404861279,-87.65097320912597,17.349026790874035,False,0.6748047340461347,1.481910172745813,0.057698567708333336,0.7956389132422648,-27.78022857840058,0.20436108675773523,-59.870744630725326,0.0,-0.0,TRUE_LAW_RISK_VIOLATION
CRR-STAGEII-CONFIRM-2026-07-22,21c5b970e734ed79636df2f3882d4d85460c5efa40b88e59b9b9a3f34a25c0ff,202607225049,empirical_copula,empirical_copula,-105.0,optimal,375.10845048536555,19545.789073919215,-141.47082201497562,-96.68679792305699,8.313202076943014,False,0.6262734473179496,1.596746603712092,0.061848958333333336,0.7512702203982295,-22.4047483391041,0.24872977960177045,-74.28204958395287,0.0,-0.0,TRUE_LAW_RISK_VIOLATION
CRR-STAGEII-CONFIRM-2026-07-22,21c5b970e734ed79636df2f3882d4d85460c5efa40b88e59b9b9a3f34a25c0ff,202607225050,empirical_copula,empirical_copula,-105.0,optimal,376.87215545924664,19402.31633854946,-144.5386773070145,-110.80187112657285,0.0,True,0.5854967586667285,1.707951385208627,0.06689453125,0.7067568120603629,-25.076810941297673,0.2932431879396371,-85.72506018527515,0.0,-0.0,FEASIBLE
CRR-STAGEII-CONFIRM-2026-07-22,21c5b970e734ed79636df2f3882d4d85460c5efa40b88e59b9b9a3f34a25c0ff,202607225051,empirical_copula,empirical_copula,-105.0,optimal,372.46706876430136,19646.488686185545,-140.80521841221562,-98.28652154770971,6.713478452290289,False,0.6361667112855613,1.571915006334121,0.062174479166666664,0.760927874407432,-29.151942619819664,0.23907212559256796,-69.13457892788999,0.0,-0.0,TRUE_LAW_RISK_VIOLATION
CRR-STAGEII-CONFIRM-2026-07-22,21c5b970e734ed79636df2f3882d4d85460c5efa40b88e59b9b9a3f34a25c0ff,202607225052,empirical_copula,empirical_copula,-105.0,optimal,371.5531267349519,20027.961765586708,-140.80521841221562,-94.65005405271907,10.34994594728093,False,0.6361667112855613,1.571915006334121,0.062093098958333336,0.760927874407432,-23.553987491332702,0.23907212559256796,-71.09606656138634,0.0,-0.0,TRUE_LAW_RISK_VIOLATION
CRR-STAGEII-CONFIRM-2026-07-22,21c5b970e734ed79636df2f3882d4d85460c5efa40b88e59b9b9a3f34a25c0ff,202607225053,empirical_copula,empirical_copula,-105.0,optimal,372.1098307229692,18446.657418438186,-144.11493008219915,-113.44526899502043,0.0,True,0.5906572674648669,1.6930291982896517,0.06673177083333333,0.7129052224170028,-32.960244883391205,0.2870947775829972,-80.48502411162919,0.0,-0.0,FEASIBLE
CRR-STAGEII-CONFIRM-2026-07-22,21c5b970e734ed79636df2f3882d4d85460c5efa40b88e59b9b9a3f34a25c0ff,202607225054,empirical_copula,empirical_copula,-105.0,optimal,368.7374374349554,11648.269557631356,-193.2482169047594,-128.8175434337952,0.0,True,1.0,1.0,0.0576171875,0.0,-0.0,1.0,-128.81754343379583,0.0,-0.0,FEASIBLE
CRR-STAGEII-CONFIRM-2026-07-22,21c5b970e734ed79636df2f3882d4d85460c5efa40b88e59b9b9a3f34a25c0ff,202607225055,empirical_copula,empirical_copula,-105.0,optimal,379.4599187195824,19313.234395746724,-142.64958336847286,-105.49538925484833,0.0,True,0.6096682211491598,1.6402363864646026,0.072265625,0.7341668434569246,-28.957635069083,0.2658331565430754,-76.53775418576528,0.0,-0.0,FEASIBLE
CRR-STAGEII-CONFIRM-2026-07-22,21c5b970e734ed79636df2f3882d4d85460c5efa40b88e59b9b9a3f34a25c0ff,202607225056,empirical_copula,empirical_copula,-105.0,optimal,378.1247262375898,18575.11666194572,-144.93525862255123,-115.39980693295607,0.0,True,0.5808040652236536,1.7217510342578684,0.06306966145833333,0.7010025686697232,-30.823141270153215,0.2989974313302768,-84.57666566280281,0.0,-0.0,FEASIBLE
CRR-STAGEII-CONFIRM-2026-07-22,21c5b970e734ed79636df2f3882d4d85460c5efa40b88e59b9b9a3f34a25c0ff,202607225057,empirical_copula,empirical_copula,-105.0,optimal,376.13524176253645,19753.965739102343,-141.47082201497562,-97.75946915879155,7.240530841208454,False,0.6262734473179496,1.596746603712092,0.059895833333333336,0.7512702203982295,-24.105334860702076,0.24872977960177045,-73.65413429808945,0.0,-0.0,TRUE_LAW_RISK_VIOLATION
CRR-STAGEII-CONFIRM-2026-07-22,21c5b970e734ed79636df2f3882d4d85460c5efa40b88e59b9b9a3f34a25c0ff,202607225058,empirical_copula,empirical_copula,-105.0,optimal,373.87736540423776,18599.80693817806,-144.5386773070145,-114.24001697935671,0.0,True,0.5854967586667285,1.707951385208627,0.06494140625,0.7067568120603629,-31.47611215677944,0.2932431879396371,-82.76390482257727,0.0,-0.0,FEASIBLE
CRR-STAGEII-CONFIRM-2026-07-22,21c5b970e734ed79636df2f3882d4d85460c5efa40b88e59b9b9a3f34a25c0ff,202607225059,empirical_copula,empirical_copula,-105.0,optimal,370.1174572571972,18642.086806550044,-143.17395161589153,-105.95434879039729,0.0,True,0.6026574720487035,1.6593173508669041,0.063720703125,0.7265584605004891,-26.190565818915058,0.2734415394995109,-79.76378297148219,0.0,-0.0,FEASIBLE
CRR-STAGEII-CONFIRM-2026-07-22,21c5b970e734ed79636df2f3882d4d85460c5efa40b88e59b9b9a3f34a25c0ff,202607225060,empirical_copula,empirical_copula,-105.0,optimal,373.2860467587876,19020.0211406031,-140.80521841221562,-100.52434769847318,4.4756523015268215,False,0.6361667112855613,1.571915006334121,0.060709635416666664,0.760927874407432,-32.59683808350397,0.23907212559256796,-67.92750961496917,0.0,-0.0,TRUE_LAW_RISK_VIOLATION
CRR-STAGEII-CONFIRM-2026-07-22,21c5b970e734ed79636df2f3882d4d85460c5efa40b88e59b9b9a3f34a25c0ff,202607225061,empirical_copula,empirical_copula,-105.0,optimal,370.75340023200454,19119.577566888023,-143.17395161589153,-100.94401764081154,4.055982359188462,False,0.6026574720487035,1.6593173508669041,0.060139973958333336,0.7265584605004891,-17.556160606856903,0.2734415394995109,-83.38785703395465,0.0,-0.0,TRUE_LAW_RISK_VIOLATION
CRR-STAGEII-CONFIRM-2026-07-22,21c5b970e734ed79636df2f3882d4d85460c5efa40b88e59b9b9a3f34a25c0ff,202607225062,empirical_copula,empirical_copula,-105.0,optimal,371.97922544997186,18709.282055237367,-140.80521841221562,-101.08380423616404,3.916195763835958,False,0.6361667112855613,1.571915006334121,0.06282552083333333,0.760927874407432,-33.458061949425044,0.23907212559256796,-67.62574228673894,0.0,-0.0,TRUE_LAW_RISK_VIOLATION
CRR-STAGEII-CONFIRM-2026-07-22,21c5b970e734ed79636df2f3882d4d85460c5efa40b88e59b9b9a3f34a25c0ff,202607225063,empirical_copula,empirical_copula,-105.0,optimal,373.918638902548,19303.512520641263,-142.64958336847286,-102.2753590983342,2.7246409016657935,False,0.6096682211491598,1.6402363864646026,0.058024088541666664,0.7341668434569246,-23.556554119465684,0.2658331565430754,-78.71880497886849,0.0,-0.0,TRUE_LAW_RISK_VIOLATION
CRR-STAGEII-CONFIRM-2026-07-22,21c5b970e734ed79636df2f3882d4d85460c5efa40b88e59b9b9a3f34a25c0ff,202607225064,empirical_copula,empirical_copula,-105.0,optimal,375.6929880664226,18633.12474516795,-142.08359361287455,-108.34782442338448,0.0,True,0.6174952936542784,1.619445541166954,0.059488932291666664,0.7423791385972383,-37.263738965665816,0.25762086140276175,-71.08408545771859,0.0,-0.0,FEASIBLE
CRR-STAGEII-CONFIRM-2026-07-22,21c5b970e734ed79636df2f3882d4d85460c5efa40b88e59b9b9a3f34a25c0ff,202607225001,empirical_copula,empirical_copula,-90.0,optimal,374.46747255244935,19666.855095920888,-139.83253401807107,-96.22906675225887,0.0,True,0.6512952721182597,1.5354019026541066,0.06282552083333333,0.7750411533918693,-31.885630548760243,0.2249588466081307,-64.34343620349858,0.0,-0.0,FEASIBLE
CRR-STAGEII-CONFIRM-2026-07-22,21c5b970e734ed79636df2f3882d4d85460c5efa40b88e59b9b9a3f34a25c0ff,202607225002,empirical_copula,empirical_copula,-90.0,optimal,374.15088975040396,19933.30994968996,-138.5286981164437,-91.91560650459651,0.0,True,0.6728241568650002,1.4862724380460175,0.060791015625,0.793959314246887,-33.11323891376396,0.20604068575311296,-58.80236759083252,0.0,-0.0,FEASIBLE
CRR-STAGEII-CONFIRM-2026-07-22,21c5b970e734ed79636df2f3882d4d85460c5efa40b88e59b9b9a3f34a25c0ff,202607225003,empirical_copula,empirical_copula,-90.0,optimal,367.68309747429635,19934.939605900272,-139.83253401807107,-88.51688886850978,1.4831111314902188,False,0.6512952721182597,1.5354019026541066,0.06705729166666667,0.7750411533918693,-20.48206459897253,0.2249588466081307,-68.03482426953722,0.0,-0.0,TRUE_LAW_RISK_VIOLATION
CRR-STAGEII-CONFIRM-2026-07-22,21c5b970e734ed79636df2f3882d4d85460c5efa40b88e59b9b9a3f34a25c0ff,202607225004,empirical_copula,empirical_copula,-90.0,optimal,370.2029096928936,19247.541871304704,-140.4174671795801,-94.2969432255326,0.0,True,0.6421020662797421,1.5573848030016055,0.060872395833333336,0.7665539966683507,-25.463323257729392,0.23344600333164933,-68.83361996780316,0.0,-0.0,FEASIBLE
CRR-STAGEII-CONFIRM-2026-07-22,21c5b970e734ed79636df2f3882d4d85460c5efa40b88e59b9b9a3f34a25c0ff,202607225005,empirical_copula,empirical_copula,-90.0,optimal,375.8810497652554,20834.038917080095,-137.79916159760327,-82.03347306706615,7.966526932933846,False,0.6854948395027303,1.4588001869210527,0.061767578125,0.8045446104454405,-23.538228475370772,0.19545538955455954,-58.49524459169533,0.0,-0.0,TRUE_LAW_RISK_VIOLATION
CRR-STAGEII-CONFIRM-2026-07-22,21c5b970e734ed79636df2f3882d4d85460c5efa40b88e59b9b9a3f34a25c0ff,202607225006,empirical_copula,empirical_copula,-90.0,optimal,374.1967225563036,22143.589491618855,-134.1926756122046,-69.48197203719069,20.518027962809313,False,0.7547171678607296,1.3249996721745876,0.062093098958333336,0.8568733443819597,-27.008819907353683,0.14312665561804028,-42.473152129836926,0.0,-0.0,TRUE_LAW_RISK_VIOLATION
CRR-STAGEII-CONFIRM-2026-07-22,21c5b970e734ed79636df2f3882d4d85460c5efa40b88e59b9b9a3f34a25c0ff,202607225007,empirical_copula,empirical_copula,-90.0,optimal,370.6364398193733,20539.54791210993,-136.15139079532986,-76.65936359822507,13.34063640177493,False,0.7157629242063095,1.3971106440150884,0.06396484375,0.8284531353224608,-25.64418447903032,0.1715468646775392,-51.015179119194684,0.0,-0.0,TRUE_LAW_RISK_VIOLATION
CRR-STAGEII-CONFIRM-2026-07-22,21c5b970e734ed79636df2f3882d4d85460c5efa40b88e59b9b9a3f34a25c0ff,202607225008,empirical_copula,empirical_copula,-90.0,optimal,373.4491311598407,20693.67830501436,-138.5286981164437,-89.36146449846791,0.6385355015320897,False,0.6728241568650002,1.4862724380460175,0.063720703125,0.793959314246887,-29.518802526308775,0.20604068575311296,-59.84266197215907,0.0,-0.0,TRUE_LAW_RISK_VIOLATION
CRR-STAGEII-CONFIRM-2026-07-22,21c5b970e734ed79636df2f3882d4d85460c5efa40b88e59b9b9a3f34a25c0ff,202607225009,empirical_copula,empirical_copula,-90.0,optimal,376.54397395724254,20338.016102916805,-136.15139079532986,-93.60557740588521,0.0,True,0.7157629242063095,1.3971106440150884,0.06575520833333333,0.8284531353224608,-47.67894683225984,0.1715468646775392,-45.92663057362533,0.0,-0.0,FEASIBLE
CRR-STAGEII-CONFIRM-2026-07-22,21c5b970e734ed79636df2f3882d4d85460c5efa40b88e59b9b9a3f34a25c0ff,202607225010,empirical_copula,empirical_copula,-90.0,optimal,375.39137268412355,20236.822819343262,-137.0093252905787,-89.65434319639279,0.34565680360721274,False,0.6997181096355451,1.4291469467909863,0.061686197916666664,0.8160048335354582,-38.188701376537495,0.18399516646454184,-51.46564181985525,0.0,-0.0,TRUE_LAW_RISK_VIOLATION
CRR-STAGEII-CONFIRM-2026-07-22,21c5b970e734ed79636df2f3882d4d85460c5efa40b88e59b9b9a3f34a25c0ff,202607225011,empirical_copula,empirical_copula,-90.0,optimal,372.7218664158397,20113.98452084839,-139.20458629644781,-93.38281530788086,0.0,True,0.6614852125767992,1.5117495916568187,0.064453125,0.7841524349506785,-31.37296421781649,0.21584756504932145,-62.00985109006428,0.0,-0.0,FEASIBLE
CRR-STAGEII-CONFIRM-2026-07-22,21c5b970e734ed79636df2f3882d4d85460c5efa40b88e59b9b9a3f34a25c0ff,202607225012,empirical_copula,empirical_copula,-90.0,optimal,375.6239067412836,20999.8556127806,-135.21615440380194,-76.81195496555782,13.188045034442183,False,0.733959544536519,1.362472914813691,0.059326171875,0.8420230580944207,-30.82927191026078,0.15797694190557932,-45.98268305529696,0.0,-0.0,TRUE_LAW_RISK_VIOLATION
CRR-STAGEII-CONFIRM-2026-07-22,21c5b970e734ed79636df2f3882d4d85460c5efa40b88e59b9b9a3f34a25c0ff,202607225013,empirical_copula,empirical_copula,-90.0,optimal,374.11017079313086,20305.188053928556,-136.15139079532986,-79.9043832635217,10.095616736478306,False,0.7157629242063095,1.3971106440150884,0.059326171875,0.8284531353224608,-29.863607057308293,0.1715468646775392,-50.040776206213316,0.0,-0.0,TRUE_LAW_RISK_VIOLATION
CRR-STAGEII-CONFIRM-2026-07-22,21c5b970e734ed79636df2f3882d4d85460c5efa40b88e59b9b9a3f34a25c0ff,202607225014,empirical_copula,empirical_copula,-90.0,optimal,375.7157252667053,19562.235951327762,-140.4174671795801,-100.02620085957577,0.0,True,0.6421020662797421,1.5573848030016055,0.06315104166666667,0.7665539966683507,-34.13923878996132,0.23344600333164933,-65.88696206961437,0.0,-0.0,FEASIBLE
CRR-STAGEII-CONFIRM-2026-07-22,21c5b970e734ed79636df2f3882d4d85460c5efa40b88e59b9b9a3f34a25c0ff,202607225015,empirical_copula,empirical_copula,-90.0,optimal,375.20727619996586,19614.90302151483,-141.9542587339962,-99.35176657211923,0.0,True,0.6193217313679769,1.6146696447921653,0.06103515625,0.7442557382826215,-23.459090345246462,0.2557442617173785,-75.89267622687275,0.0,-0.0,FEASIBLE
CRR-STAGEII-CONFIRM-2026-07-22,21c5b970e734ed79636df2f3882d4d85460c5efa40b88e59b9b9a3f34a25c0ff,202607225016,empirical_copula,empirical_copula,-90.0,optimal,372.0106933535791,20253.428251788046,-137.0093252905787,-87.23474557114241,2.765254428857588,False,0.6997181096355451,1.4291469467909863,0.064697265625,0.8160048335354582,-34.956240044203774,0.18399516646454184,-52.27850552693857,0.0,-0.0,TRUE_LAW_RISK_VIOLATION
CRR-STAGEII-CONFIRM-2026-07-22,21c5b970e734ed79636df2f3882d4d85460c5efa40b88e59b9b9a3f34a25c0ff,202607225017,empirical_copula,empirical_copula,-90.0,optimal,373.7000221041246,19986.246951295372,-139.83253401807107,-96.52568897855693,0.0,True,0.6512952721182597,1.5354019026541066,0.060872395833333336,0.7750411533918693,-32.3242292391367,0.2249588466081307,-64.20145973942017,0.0,-0.0,FEASIBLE
CRR-STAGEII-CONFIRM-2026-07-22,21c5b970e734ed79636df2f3882d4d85460c5efa40b88e59b9b9a3f34a25c0ff,202607225018,empirical_copula,empirical_copula,-90.0,optimal,372.8066150127567,20347.214910866023,-139.83253401807107,-92.37297781038433,0.0,True,0.6512952721182597,1.5354019026541066,0.06339518229166667,0.7750411533918693,-26.183847573866377,0.2249588466081307,-66.1891302365179,0.0,-0.0,FEASIBLE
CRR-STAGEII-CONFIRM-2026-07-22,21c5b970e734ed79636df2f3882d4d85460c5efa40b88e59b9b9a3f34a25c0ff,202607225019,empirical_copula,empirical_copula,-90.0,optimal,376.96690073741433,19091.6911857976,-142.22787949438904,-107.80032221049001,0.0,True,0.6154743444931168,1.6247630936161364,0.05908203125,0.7402856055750289,-35.48293244157953,0.25971439442497113,-72.31738976891042,0.0,-0.0,FEASIBLE
CRR-STAGEII-CONFIRM-2026-07-22,21c5b970e734ed79636df2f3882d4d85460c5efa40b88e59b9b9a3f34a25c0ff,202607225020,empirical_copula,empirical_copula,-90.0,optimal,374.09850428387784,19689.216903735694,-137.79916159760327,-87.676429644561,2.323570355439003,False,0.6854948395027303,1.4588001869210527,0.059814453125,0.8045446104454405,-31.27824019744581,0.19545538955455954,-56.3981894471151,0.0,-0.0,TRUE_LAW_RISK_VIOLATION
CRR-STAGEII-CONFIRM-2026-07-22,21c5b970e734ed79636df2f3882d4d85460c5efa40b88e59b9b9a3f34a25c0ff,202607225021,empirical_copula,empirical_copula,-90.0,optimal,372.5584609098595,21178.34459310809,-133.06784715689062,-72.19310165628576,17.806898343714238,False,0.7785477853639697,1.2844426749380602,0.061360677083333336,0.8731941755735008,-35.92370128710899,0.12680582442649924,-36.26940036917668,0.0,-0.0,TRUE_LAW_RISK_VIOLATION
CRR-STAGEII-CONFIRM-2026-07-22,21c5b970e734ed79636df2f3882d4d85460c5efa40b88e59b9b9a3f34a25c0ff,202607225022,empirical_copula,empirical_copula,-90.0,optimal,376.7597088268226,19490.67145527709,-142.22787949438904,-107.54530326764632,0.0,True,0.6154743444931168,1.6247630936161364,0.062255859375,0.7402856055750289,-35.06400204583372,0.25971439442497113,-72.48130122181252,0.0,-0.0,FEASIBLE
CRR-STAGEII-CONFIRM-2026-07-22,21c5b970e734ed79636df2f3882d4d85460c5efa40b88e59b9b9a3f34a25c0ff,202607225023,empirical_copula,empirical_copula,-90.0,optimal,374.53928279985723,19481.581493804686,-140.96365917723088,-97.75533944001349,0.0,True,0.6337778773147154,1.5778398643968912,0.059895833333333336,0.7586289594329253,-27.34662490954463,0.2413710405670747,-70.40871453046881,0.0,-0.0,FEASIBLE
CRR-STAGEII-CONFIRM-2026-07-22,21c5b970e734ed79636df2f3882d4d85460c5efa40b88e59b9b9a3f34a25c0ff,202607225024,empirical_copula,empirical_copula,-90.0,optimal,373.5401963415437,20057.31097150936,-137.79916159760327,-91.65969311102792,0.0,True,0.6854948395027303,1.4588001869210527,0.06998697916666667,0.8045446104454405,-36.74177788361645,0.19545538955455954,-54.91791522741141,0.0,-0.0,FEASIBLE
CRR-STAGEII-CONFIRM-2026-07-22,21c5b970e734ed79636df2f3882d4d85460c5efa40b88e59b9b9a3f34a25c0ff,202607225025,empirical_copula,empirical_copula,-90.0,optimal,374.7800046941971,20898.142173553642,-136.15139079532986,-83.14940292881832,6.8505970711816815,False,0.7157629242063095,1.3971106440150884,0.060384114583333336,0.8284531353224608,-34.08302963558628,0.1715468646775392,-49.06637329323197,0.0,-0.0,TRUE_LAW_RISK_VIOLATION
CRR-STAGEII-CONFIRM-2026-07-22,21c5b970e734ed79636df2f3882d4d85460c5efa40b88e59b9b9a3f34a25c0ff,202607225026,empirical_copula,empirical_copula,-90.0,optimal,374.7728526810062,19551.13340955463,-139.83253401807107,-93.85608894187453,0.0,True,0.6512952721182597,1.5354019026541066,0.06306966145833333,0.7750411533918693,-28.37684102574862,0.2249588466081307,-65.47924791612587,0.0,-0.0,FEASIBLE
CRR-STAGEII-CONFIRM-2026-07-22,21c5b970e734ed79636df2f3882d4d85460c5efa40b88e59b9b9a3f34a25c0ff,202607225027,empirical_copula,empirical_copula,-90.0,optimal,377.32120081030484,19416.758563104737,-141.9542587339962,-106.62536279487873,0.0,True,0.6193217313679769,1.6146696447921653,0.061930338541666664,0.7442557382826215,-35.25204938909271,0.2557442617173785,-71.37331340578594,0.0,-0.0,FEASIBLE
CRR-STAGEII-CONFIRM-2026-07-22,21c5b970e734ed79636df2f3882d4d85460c5efa40b88e59b9b9a3f34a25c0ff,202607225028,empirical_copula,empirical_copula,-90.0,optimal,374.69109675537425,21562.599852635376,-135.21615440380194,-70.78313437838423,19.216865621615767,False,0.733959544536519,1.362472914813691,0.061442057291666664,0.8420230580944207,-23.205207893928293,0.15797694190557932,-47.57792648445589,0.0,-0.0,TRUE_LAW_RISK_VIOLATION
CRR-STAGEII-CONFIRM-2026-07-22,21c5b970e734ed79636df2f3882d4d85460c5efa40b88e59b9b9a3f34a25c0ff,202607225029,empirical_copula,empirical_copula,-90.0,optimal,375.57728555714266,21640.60289241291,-136.15139079532986,-77.01992133881359,12.980078661186411,False,0.7157629242063095,1.3971106440150884,0.06315104166666667,0.8284531353224608,-26.113009209950093,0.1715468646775392,-50.90691212886342,0.0,-0.0,TRUE_LAW_RISK_VIOLATION
CRR-STAGEII-CONFIRM-2026-07-22,21c5b970e734ed79636df2f3882d4d85460c5efa40b88e59b9b9a3f34a25c0ff,202607225030,empirical_copula,empirical_copula,-90.0,optimal,372.94975318157566,19762.270560043024,-140.4174671795801,-97.44803492425635,0.0,True,0.6421020662797421,1.5573848030016055,0.063232421875,0.7665539966683507,-30.23507680045694,0.23344600333164933,-67.21295812379935,0.0,-0.0,FEASIBLE
CRR-STAGEII-CONFIRM-2026-07-22,21c5b970e734ed79636df2f3882d4d85460c5efa40b88e59b9b9a3f34a25c0ff,202607225031,empirical_copula,empirical_copula,-90.0,optimal,372.6666791766793,20661.293415928936,-135.21615440380194,-73.79754467197102,16.202455328028975,False,0.733959544536519,1.362472914813691,0.056803385416666664,0.8420230580944207,-27.017239902094538,0.15797694190557932,-46.78030476987642,0.0,-0.0,TRUE_LAW_RISK_VIOLATION
CRR-STAGEII-CONFIRM-2026-07-22,21c5b970e734ed79636df2f3882d4d85460c5efa40b88e59b9b9a3f34a25c0ff,202607225032,empirical_copula,empirical_copula,-90.0,optimal,371.94315821797875,19383.416357413942,-140.96365917723088,-101.07905634287636,0.0,True,0.6337778773147154,1.5778398643968912,0.06502278645833333,0.7586289594329253,-32.49835652997946,0.2413710405670747,-68.58069981289685,0.0,-0.0,FEASIBLE
CRR-STAGEII-CONFIRM-2026-07-22,21c5b970e734ed79636df2f3882d4d85460c5efa40b88e59b9b9a3f34a25c0ff,202607225033,empirical_copula,empirical_copula,-90.0,optimal,373.5417815419704,19266.950832824925,-140.96365917723088,-96.92441021429778,0.0,True,0.6337778773147154,1.5778398643968912,0.061848958333333336,0.7586289594329253,-26.058692004435926,0.2413710405670747,-70.86571820986178,0.0,-0.0,FEASIBLE
CRR-STAGEII-CONFIRM-2026-07-22,21c5b970e734ed79636df2f3882d4d85460c5efa40b88e59b9b9a3f34a25c0ff,202607225034,empirical_copula,empirical_copula,-90.0,optimal,372.8109549528972,20561.797126478476,-137.79916159760327,-88.67224551117772,1.3277544888222792,False,0.6854948395027303,1.4588001869210527,0.06551106770833333,0.8045446104454405,-32.64412461898847,0.19545538955455954,-56.02812089218919,0.0,-0.0,TRUE_LAW_RISK_VIOLATION
CRR-STAGEII-CONFIRM-2026-07-22,21c5b970e734ed79636df2f3882d4d85460c5efa40b88e59b9b9a3f34a25c0ff,202607225035,empirical_copula,empirical_copula,-90.0,optimal,378.58064718255764,21167.864795253674,-137.0093252905787,-89.65434319639277,0.34565680360722695,False,0.6997181096355451,1.4291469467909863,0.068359375,0.8160048335354582,-38.1887013765375,0.18399516646454184,-51.465641819855215,0.0,-0.0,TRUE_LAW_RISK_VIOLATION
CRR-STAGEII-CONFIRM-2026-07-22,21c5b970e734ed79636df2f3882d4d85460c5efa40b88e59b9b9a3f34a25c0ff,202607225036,empirical_copula,empirical_copula,-90.0,optimal,377.19508600050466,20142.446640164027,-138.5286981164437,-93.19267750766082,0.0,True,0.6728241568650002,1.4862724380460175,0.059000651041666664,0.793959314246887,-34.91045710749155,0.20604068575311296,-58.28222040016921,0.0,-0.0,FEASIBLE
CRR-STAGEII-CONFIRM-2026-07-22,21c5b970e734ed79636df2f3882d4d85460c5efa40b88e59b9b9a3f34a25c0ff,202607225037,empirical_copula,empirical_copula,-90.0,optimal,378.051131832642,20655.07876429779,-133.06784715689062,-81.71772170059808,8.282278299401924,False,0.7785477853639697,1.2844426749380602,0.085693359375,0.8731941755735008,-47.289009908490804,0.12680582442649924,-34.428711792107215,0.0,-0.0,TRUE_LAW_RISK_VIOLATION
CRR-STAGEII-CONFIRM-2026-07-22,21c5b970e734ed79636df2f3882d4d85460c5efa40b88e59b9b9a3f34a25c0ff,202607225038,empirical_copula,empirical_copula,-90.0,optimal,375.6697101725397,18593.619543184835,-140.96365917723088,-103.57184402002352,0.0,True,0.6337778773147154,1.5778398643968912,0.08846028645833333,0.7586289594329253,-36.3621552453056,0.2413710405670747,-67.20968877471786,0.0,-0.0,FEASIBLE
CRR-STAGEII-CONFIRM-2026-07-22,21c5b970e734ed79636df2f3882d4d85460c5efa40b88e59b9b9a3f34a25c0ff,202607225039,empirical_copula,empirical_copula,-90.0,optimal,376.46506571244345,20269.818629998303,-137.0093252905787,-83.08686392785606,6.913136072143942,False,0.6997181096355451,1.4291469467909863,0.059326171875,0.8160048335354582,-29.414877760203108,0.18399516646454184,-53.671986167652875,0.0,-0.0,TRUE_LAW_RISK_VIOLATION
CRR-STAGEII-CONFIRM-2026-07-22,21c5b970e734ed79636df2f3882d4d85460c5efa40b88e59b9b9a3f34a25c0ff,202607225040,empirical_copula,empirical_copula,-90.0,optimal,376.5098058413058,19297.714943892366,-140.4174671795801,-100.5991266229801,0.0,True,0.6421020662797421,1.5573848030016055,0.060139973958333336,0.7665539966683507,-35.006830343184504,0.23344600333164933,-65.59229627979552,0.0,-0.0,FEASIBLE
CRR-STAGEII-CONFIRM-2026-07-22,21c5b970e734ed79636df2f3882d4d85460c5efa40b88e59b9b9a3f34a25c0ff,202607225041,empirical_copula,empirical_copula,-90.0,optimal,375.99151848174523,20018.221193243407,-140.4174671795801,-97.44803492425635,0.0,True,0.6421020662797421,1.5573848030016055,0.063232421875,0.7665539966683507,-30.235076800456948,0.23344600333164933,-67.21295812379934,0.0,-0.0,FEASIBLE
CRR-STAGEII-CONFIRM-2026-07-22,21c5b970e734ed79636df2f3882d4d85460c5efa40b88e59b9b9a3f34a25c0ff,202607225042,empirical_copula,empirical_copula,-90.0,optimal,374.0542355835453,19883.38129395595,-138.5286981164437,-92.2348742553626,0.0,True,0.6728241568650002,1.4862724380460175,0.057047526041666664,0.793959314246887,-33.562543462195855,0.20604068575311296,-58.67233079316667,0.0,-0.0,FEASIBLE
CRR-STAGEII-CONFIRM-2026-07-22,21c5b970e734ed79636df2f3882d4d85460c5efa40b88e59b9b9a3f34a25c0ff,202607225043,empirical_copula,empirical_copula,-90.0,optimal,375.16230066981353,19896.247395404564,-141.4748354830069,-101.5282183633818,0.0,True,0.6262149243328807,1.596895827842685,0.06722005208333333,0.7512119865102784,-30.05505782082303,0.24878801348972157,-71.4731605425587,0.0,-0.0,FEASIBLE
CRR-STAGEII-CONFIRM-2026-07-22,21c5b970e734ed79636df2f3882d4d85460c5efa40b88e59b9b9a3f34a25c0ff,202607225044,empirical_copula,empirical_copula,-90.0,optimal,372.9258668006839,21145.1455409612,-136.15139079532986,-77.74103681999061,12.258963180009388,False,0.7157629242063095,1.3971106440150884,0.06754557291666667,0.8284531353224608,-27.050658671789645,0.1715468646775392,-50.69037814820089,0.0,-0.0,TRUE_LAW_RISK_VIOLATION
CRR-STAGEII-CONFIRM-2026-07-22,21c5b970e734ed79636df2f3882d4d85460c5efa40b88e59b9b9a3f34a25c0ff,202607225045,empirical_copula,empirical_copula,-90.0,optimal,373.98035323318936,20429.789858050983,-136.15139079532986,-85.3127493723494,4.687250627650599,False,0.7157629242063095,1.3971106440150884,0.06648763020833333,0.8284531353224608,-36.89597802110495,0.1715468646775392,-48.41677135124438,0.0,-0.0,TRUE_LAW_RISK_VIOLATION
CRR-STAGEII-CONFIRM-2026-07-22,21c5b970e734ed79636df2f3882d4d85460c5efa40b88e59b9b9a3f34a25c0ff,202607225046,empirical_copula,empirical_copula,-90.0,optimal,376.5117320988611,20011.165418168566,-139.20458629644781,-95.53551595835043,0.0,True,0.6614852125767992,1.5117495916568187,0.06770833333333333,0.7841524349506785,-34.47924780887228,0.21584756504932145,-61.0562681494781,0.0,-0.0,FEASIBLE
CRR-STAGEII-CONFIRM-2026-07-22,21c5b970e734ed79636df2f3882d4d85460c5efa40b88e59b9b9a3f34a25c0ff,202607225047,empirical_copula,empirical_copula,-90.0,optimal,372.4530553195658,11582.346979291417,-193.2482169047594,-136.32786733531864,0.0,True,1.0,1.0,0.057861328125,0.0,-0.0,1.0,-136.32786733531879,0.0,-0.0,FEASIBLE
CRR-STAGEII-CONFIRM-2026-07-22,21c5b970e734ed79636df2f3882d4d85460c5efa40b88e59b9b9a3f34a25c0ff,202607225048,empirical_copula,empirical_copula,-90.0,optimal,376.6917680958887,21853.112884221373,-133.06784715689062,-67.63784859161464,22.36215140838536,False,0.7785477853639697,1.2844426749380602,0.057698567708333336,0.8731941755735008,-30.48811890296987,0.12680582442649924,-37.14972968864468,0.0,-0.0,TRUE_LAW_RISK_VIOLATION
CRR-STAGEII-CONFIRM-2026-07-22,21c5b970e734ed79636df2f3882d4d85460c5efa40b88e59b9b9a3f34a25c0ff,202607225049,empirical_copula,empirical_copula,-90.0,optimal,375.5072338647808,20735.368073432044,-137.0093252905787,-79.28463908817687,10.715360911823126,False,0.6997181096355451,1.4291469467909863,0.061848958333333336,0.8160048335354582,-24.335295666535856,0.18399516646454184,-54.94934342164099,0.0,-0.0,TRUE_LAW_RISK_VIOLATION
CRR-STAGEII-CONFIRM-2026-07-22,21c5b970e734ed79636df2f3882d4d85460c5efa40b88e59b9b9a3f34a25c0ff,202607225050,empirical_copula,empirical_copula,-90.0,optimal,377.2757988855235,20282.438828624523,-140.96365917723088,-97.47836303144157,0.0,True,0.6337778773147154,1.5778398643968912,0.06689453125,0.7586289594329253,-26.917313941175063,0.2413710405670747,-70.56104909026648,0.0,-0.0,FEASIBLE
CRR-STAGEII-CONFIRM-2026-07-22,21c5b970e734ed79636df2f3882d4d85460c5efa40b88e59b9b9a3f34a25c0ff,202607225051,empirical_copula,empirical_copula,-90.0,optimal,372.8956977099661,20845.203852660798,-136.15139079532986,-81.34661422587575,8.653385774124246,False,0.7157629242063095,1.3971106440150884,0.062174479166666664,0.8284531353224608,-31.7389059809874,0.1715468646775392,-49.60770824488827,0.0,-0.0,TRUE_LAW_RISK_VIOLATION
CRR-STAGEII-CONFIRM-2026-07-22,21c5b970e734ed79636df2f3882d4d85460c5efa40b88e59b9b9a3f34a25c0ff,202607225052,empirical_copula,empirical_copula,-90.0,optimal,371.9414954226067,21250.15312784524,-136.15139079532986,-76.65936359822507,13.34063640177493,False,0.7157629242063095,1.3971106440150884,0.062093098958333336,0.8284531353224608,-25.64418447903032,0.1715468646775392,-51.015179119194684,0.0,-0.0,TRUE_LAW_RISK_VIOLATION
CRR-STAGEII-CONFIRM-2026-07-22,21c5b970e734ed79636df2f3882d4d85460c5efa40b88e59b9b9a3f34a25c0ff,202607225053,empirical_copula,empirical_copula,-90.0,optimal,372.5200940292684,19335.227111645145,-140.4174671795801,-100.88558950468226,0.0,True,0.6421020662797421,1.5573848030016055,0.06673177083333333,0.7665539966683507,-35.44062611979611,0.23344600333164933,-65.44496338488608,0.0,-0.0,FEASIBLE
CRR-STAGEII-CONFIRM-2026-07-22,21c5b970e734ed79636df2f3882d4d85460c5efa40b88e59b9b9a3f34a25c0ff,202607225054,empirical_copula,empirical_copula,-90.0,optimal,368.7374374349554,11648.269557631356,-193.2482169047594,-128.8175434337952,0.0,True,1.0,1.0,0.0576171875,0.0,-0.0,1.0,-128.81754343379583,0.0,-0.0,FEASIBLE
CRR-STAGEII-CONFIRM-2026-07-22,21c5b970e734ed79636df2f3882d4d85460c5efa40b88e59b9b9a3f34a25c0ff,202607225055,empirical_copula,empirical_copula,-90.0,optimal,380.0043875599704,20381.414357184545,-138.5286981164437,-90.6385355015322,0.0,True,0.6728241568650002,1.4862724380460175,0.072265625,0.793959314246887,-31.316020720036366,0.20604068575311296,-59.32251478149578,0.0,-0.0,FEASIBLE
CRR-STAGEII-CONFIRM-2026-07-22,21c5b970e734ed79636df2f3882d4d85460c5efa40b88e59b9b9a3f34a25c0ff,202607225056,empirical_copula,empirical_copula,-90.0,optimal,378.57316586144697,19361.499962977476,-141.4748354830069,-103.40490507369975,0.0,True,0.6262149243328807,1.596895827842685,0.06306966145833333,0.7512119865102784,-33.03085355019301,0.24878801348972157,-70.37405152350671,0.0,-0.0,FEASIBLE
CRR-STAGEII-CONFIRM-2026-07-22,21c5b970e734ed79636df2f3882d4d85460c5efa40b88e59b9b9a3f34a25c0ff,202607225057,empirical_copula,empirical_copula,-90.0,optimal,376.64074439561193,20930.5405358584,-137.0093252905787,-80.66726630260567,9.332733697394332,False,0.6997181096355451,1.4291469467909863,0.059895833333333336,0.8160048335354582,-26.182416427869406,0.18399516646454184,-54.48484987473621,0.0,-0.0,TRUE_LAW_RISK_VIOLATION
CRR-STAGEII-CONFIRM-2026-07-22,21c5b970e734ed79636df2f3882d4d85460c5efa40b88e59b9b9a3f34a25c0ff,202607225058,empirical_copula,empirical_copula,-90.0,optimal,374.286894167762,19429.313596917505,-140.96365917723088,-101.90998556859208,0.0,True,0.6337778773147154,1.5778398643968912,0.06494140625,0.7586289594329253,-33.78628943508817,0.2413710405670747,-68.12369613350388,0.0,-0.0,FEASIBLE
CRR-STAGEII-CONFIRM-2026-07-22,21c5b970e734ed79636df2f3882d4d85460c5efa40b88e59b9b9a3f34a25c0ff,202607225059,empirical_copula,empirical_copula,-90.0,optimal,370.36102760340464,19617.33085571031,-139.20458629644781,-91.23011465741126,0.0,True,0.6614852125767992,1.5117495916568187,0.063720703125,0.7841524349506785,-28.2666806267607,0.21584756504932145,-62.963434030650475,0.0,-0.0,FEASIBLE
CRR-STAGEII-CONFIRM-2026-07-22,21c5b970e734ed79636df2f3882d4d85460c5efa40b88e59b9b9a3f34a25c0ff,202607225060,empirical_copula,empirical_copula,-90.0,optimal,373.77117632783245,20182.71342166353,-136.15139079532986,-84.23107615058386,5.76892384941614,False,0.7157629242063095,1.3971106440150884,0.060709635416666664,0.8284531353224608,-35.48950382834562,0.1715468646775392,-48.74157232223818,0.0,-0.0,TRUE_LAW_RISK_VIOLATION
CRR-STAGEII-CONFIRM-2026-07-22,21c5b970e734ed79636df2f3882d4d85460c5efa40b88e59b9b9a3f34a25c0ff,202607225061,empirical_copula,empirical_copula,-90.0,optimal,371.0715450943113,20171.8605054886,-139.20458629644781,-84.7720127060025,5.227987293997501,False,0.6614852125767992,1.5117495916568187,0.060139973958333336,0.7841524349506785,-18.94782985359339,0.21584756504932145,-65.82418285240907,0.0,-0.0,TRUE_LAW_RISK_VIOLATION
CRR-STAGEII-CONFIRM-2026-07-22,21c5b970e734ed79636df2f3882d4d85460c5efa40b88e59b9b9a3f34a25c0ff,202607225062,empirical_copula,empirical_copula,-90.0,optimal,372.4103623899117,19799.816550495074,-136.15139079532986,-84.95219163176088,5.047808368239117,False,0.7157629242063095,1.3971106440150884,0.06282552083333333,0.8284531353224608,-36.427153290185174,0.1715468646775392,-48.52503834157564,0.0,-0.0,TRUE_LAW_RISK_VIOLATION
CRR-STAGEII-CONFIRM-2026-07-22,21c5b970e734ed79636df2f3882d4d85460c5efa40b88e59b9b9a3f34a25c0ff,202607225063,empirical_copula,empirical_copula,-90.0,optimal,374.32397655612965,20382.09388710425,-138.5286981164437,-86.48805474157322,3.5119452584267776,False,0.6728241568650002,1.4862724380460175,0.058024088541666664,0.793959314246887,-25.47506159042172,0.20604068575311296,-61.01299315115144,0.0,-0.0,TRUE_LAW_RISK_VIOLATION
CRR-STAGEII-CONFIRM-2026-07-22,21c5b970e734ed79636df2f3882d4d85460c5efa40b88e59b9b9a3f34a25c0ff,202607225064,empirical_copula,empirical_copula,-90.0,optimal,376.24202367483576,19657.684459227024,-137.79916159760327,-94.31520208867255,0.0,True,0.6854948395027303,1.4588001869210527,0.059488932291666664,0.8045446104454405,-40.38413634106355,0.19545538955455954,-53.93106574760892,0.0,-0.0,FEASIBLE
CRR-STAGEII-CONFIRM-2026-07-22,21c5b970e734ed79636df2f3882d4d85460c5efa40b88e59b9b9a3f34a25c0ff,202607225001,empirical_copula,empirical_copula,-75.0,optimal,374.9476717454846,20623.518213033378,-136.00394138745722,-82.62549267343203,0.0,True,0.7185828945509736,1.391627893709991,0.06282552083333333,0.8305925699036305,-34.17104718193189,0.1694074300963695,-48.454445491500074,0.0,-0.0,FEASIBLE
CRR-STAGEII-CONFIRM-2026-07-22,21c5b970e734ed79636df2f3882d4d85460c5efa40b88e59b9b9a3f34a25c0ff,202607225002,empirical_copula,empirical_copula,-75.0,optimal,374.59754065411767,20984.77794092173,-134.40781286441455,-77.34504524464795,0.0,True,0.7502806508335154,1.3328345851503194,0.060791015625,0.8537517850368499,-35.606971697024214,0.1462482149631501,-41.738073547623664,0.0,-0.0,FEASIBLE
CRR-STAGEII-CONFIRM-2026-07-22,21c5b970e734ed79636df2f3882d4d85460c5efa40b88e59b9b9a3f34a25c0ff,202607225003,empirical_copula,empirical_copula,-75.0,optimal,367.83585992463463,20951.369190098536,-136.00394138745722,-73.18440650632554,1.8155934936744558,False,0.7185828945509736,1.391627893709991,0.06705729166666667,0.8305925699036305,-21.95012561299592,0.1694074300963695,-51.23428089332958,0.0,-0.0,TRUE_LAW_RISK_VIOLATION
CRR-STAGEII-CONFIRM-2026-07-22,21c5b970e734ed79636df2f3882d4d85460c5efa40b88e59b9b9a3f34a25c0ff,202607225004,empirical_copula,empirical_copula,-75.0,optimal,370.3859461524664,20188.062412220566,-136.72000427696096,-80.26022763724107,0.0,True,0.7050596290093065,1.418319754607309,0.060872395833333336,0.8202027709196991,-27.245423523438483,0.17979722908030094,-53.014804113802526,0.0,-0.0,FEASIBLE
CRR-STAGEII-CONFIRM-2026-07-22,21c5b970e734ed79636df2f3882d4d85460c5efa40b88e59b9b9a3f34a25c0ff,202607225005,empirical_copula,empirical_copula,-75.0,optimal,376.24802399487334,22037.96402596803,-133.51472958233188,-65.24754506961115,9.75245493038885,False,0.7689525689116219,1.3004703286386097,0.061767578125,0.8667100822936438,-25.356977940154454,0.13328991770635623,-39.89056712945661,0.0,-0.0,TRUE_LAW_RISK_VIOLATION
CRR-STAGEII-CONFIRM-2026-07-22,21c5b970e734ed79636df2f3882d4d85460c5efa40b88e59b9b9a3f34a25c0ff,202607225006,empirical_copula,empirical_copula,-75.0,optimal,374.70744834370987,23669.666059108535,-129.0997451950607,-49.882261159436084,25.117738840563916,False,0.871125274245367,1.1479405196528982,0.062093098958333336,0.9307698191873283,-29.338051634413713,0.06923018081267174,-20.544209525022264,0.0,-0.0,TRUE_LAW_RISK_VIOLATION
CRR-STAGEII-CONFIRM-2026-07-22,21c5b970e734ed79636df2f3882d4d85460c5efa40b88e59b9b9a3f34a25c0ff,202607225007,empirical_copula,empirical_copula,-75.0,optimal,371.03609405013583,21858.251242638493,-131.4975631784441,-58.66867314373103,16.331326856268973,False,0.8135977805736287,1.22910856430182,0.06396484375,0.8959783962374896,-27.73438146672794,0.10402160376251035,-30.934291677003,0.0,-0.0,TRUE_LAW_RISK_VIOLATION
CRR-STAGEII-CONFIRM-2026-07-22,21c5b970e734ed79636df2f3882d4d85460c5efa40b88e59b9b9a3f34a25c0ff,202607225008,empirical_copula,empirical_copula,-75.0,optimal,373.88332967857366,21820.08523028385,-134.40781286441455,-74.21831825178404,0.7816817482159593,False,0.7502806508335154,1.3328345851503194,0.063720703125,0.8537517850368499,-31.741841044955287,0.1462482149631501,-42.476477206828655,0.0,-0.0,TRUE_LAW_RISK_VIOLATION
CRR-STAGEII-CONFIRM-2026-07-22,21c5b970e734ed79636df2f3882d4d85460c5efa40b88e59b9b9a3f34a25c0ff,202607225009,empirical_copula,empirical_copula,-75.0,optimal,377.1577637758969,21522.07203094273,-131.4975631784441,-79.41387212331597,0.0,True,0.8135977805736287,1.22910856430182,0.06575520833333333,0.8959783962374896,-51.565145324041744,0.10402160376251035,-27.848726799274182,0.0,-0.0,FEASIBLE
CRR-STAGEII-CONFIRM-2026-07-22,21c5b970e734ed79636df2f3882d4d85460c5efa40b88e59b9b9a3f34a25c0ff,202607225010,empirical_copula,empirical_copula,-75.0,optimal,375.8259350737754,21424.97490885362,-132.54782856618172,-74.5768542017191,0.42314579828089904,False,0.7899250525052484,1.2659428851237198,0.061686197916666664,0.8807394466726874,-41.21825550198608,0.11926055332731256,-33.35859869973296,0.0,-0.0,TRUE_LAW_RISK_VIOLATION
CRR-STAGEII-CONFIRM-2026-07-22,21c5b970e734ed79636df2f3882d4d85460c5efa40b88e59b9b9a3f34a25c0ff,202607225011,empirical_copula,empirical_copula,-75.0,optimal,373.07418532702854,21131.419521318727,-135.23522097700405,-79.14117144216902,0.0,True,0.7335812166767719,1.3631755792905158,0.064453125,0.8417464094008684,-33.67722754603187,0.15825359059913158,-45.46394389613707,0.0,-0.0,FEASIBLE
CRR-STAGEII-CONFIRM-2026-07-22,21c5b970e734ed79636df2f3882d4d85460c5efa40b88e59b9b9a3f34a25c0ff,202607225012,empirical_copula,empirical_copula,-75.0,optimal,376.1999750087799,22407.529207729083,-130.35266643304686,-58.85547229036135,16.144527709638652,False,0.8404616939237461,1.18982222179745,0.059326171875,0.9125904106518632,-33.41297799653363,0.0874095893481368,-25.4424942938276,0.0,-0.0,TRUE_LAW_RISK_VIOLATION
CRR-STAGEII-CONFIRM-2026-07-22,21c5b970e734ed79636df2f3882d4d85460c5efa40b88e59b9b9a3f34a25c0ff,202607225013,empirical_copula,empirical_copula,-75.0,optimal,374.55198161938574,21560.48399284832,-131.4975631784441,-62.64115805471539,12.35884194528461,False,0.8135977805736287,1.22910856430182,0.059326171875,0.8959783962374896,-32.297719226639074,0.10402160376251035,-30.343438828076206,0.0,-0.0,TRUE_LAW_RISK_VIOLATION
CRR-STAGEII-CONFIRM-2026-07-22,21c5b970e734ed79636df2f3882d4d85460c5efa40b88e59b9b9a3f34a25c0ff,202607225014,empirical_copula,empirical_copula,-75.0,optimal,376.1155631129435,20495.913261703485,-136.72000427696096,-87.27386448689572,0.0,True,0.7050596290093065,1.418319754607309,0.06315104166666667,0.8202027709196991,-36.528539899753746,0.17979722908030094,-50.7453245871419,0.0,-0.0,FEASIBLE
CRR-STAGEII-CONFIRM-2026-07-22,21c5b970e734ed79636df2f3882d4d85460c5efa40b88e59b9b9a3f34a25c0ff,202607225015,empirical_copula,empirical_copula,-75.0,optimal,375.5352197383762,20484.085552302473,-138.6013122167969,-86.44823619902328,0.0,True,0.671587511529802,1.4890092249066853,0.06103515625,0.7929057113900325,-24.99254726833864,0.20709428860996748,-61.455688930684595,0.0,-0.0,FEASIBLE
CRR-STAGEII-CONFIRM-2026-07-22,21c5b970e734ed79636df2f3882d4d85460c5efa40b88e59b9b9a3f34a25c0ff,202607225016,empirical_copula,empirical_copula,-75.0,optimal,372.45928594927307,21424.855956851843,-132.54782856618172,-71.61483361375386,3.3851663862461407,False,0.7899250525052484,1.2659428851237198,0.064697265625,0.8807394466726874,-37.7293592501151,0.11926055332731256,-33.885474363638664,0.0,-0.0,TRUE_LAW_RISK_VIOLATION
CRR-STAGEII-CONFIRM-2026-07-22,21c5b970e734ed79636df2f3882d4d85460c5efa40b88e59b9b9a3f34a25c0ff,202607225017,empirical_copula,empirical_copula,-75.0,optimal,374.04749521020295,20926.00569320457,-136.00394138745722,-82.9886113721669,0.0,True,0.7185828945509736,1.391627893709991,0.060872395833333336,0.8305925699036305,-34.64108262689097,0.1694074300963695,-48.347528745275866,0.0,-0.0,FEASIBLE
CRR-STAGEII-CONFIRM-2026-07-22,21c5b970e734ed79636df2f3882d4d85460c5efa40b88e59b9b9a3f34a25c0ff,202607225018,empirical_copula,empirical_copula,-75.0,optimal,373.1356546079129,21401.244852553715,-136.00394138745722,-77.9049495898788,0.0,True,0.7185828945509736,1.391627893709991,0.06339518229166667,0.8305925699036305,-28.060586397463894,0.1694074300963695,-49.844363192414825,0.0,-0.0,FEASIBLE
CRR-STAGEII-CONFIRM-2026-07-22,21c5b970e734ed79636df2f3882d4d85460c5efa40b88e59b9b9a3f34a25c0ff,202607225019,empirical_copula,empirical_copula,-75.0,optimal,377.3811866626262,19882.324443383735,-138.936273004128,-96.7907805453521,0.0,True,0.6659404873404091,1.5016356851852282,0.05908203125,0.7880455583240341,-37.7721342902223,0.2119544416759659,-59.01864625512976,0.0,-0.0,FEASIBLE
CRR-STAGEII-CONFIRM-2026-07-22,21c5b970e734ed79636df2f3882d4d85460c5efa40b88e59b9b9a3f34a25c0ff,202607225020,empirical_copula,empirical_copula,-75.0,optimal,374.4533610222309,20806.426761111983,-133.51472958233188,-72.15553397863647,2.84446602136353,False,0.7689525689116219,1.3004703286386097,0.059814453125,0.8667100822936438,-33.69504410764679,0.13328991770635623,-38.46048987098958,0.0,-0.0,TRUE_LAW_RISK_VIOLATION
CRR-STAGEII-CONFIRM-2026-07-22,21c5b970e734ed79636df2f3882d4d85460c5efa40b88e59b9b9a3f34a25c0ff,202607225021,empirical_copula,empirical_copula,-75.0,optimal,373.09375522397977,22664.9579127466,-127.72275382765332,-53.20116909048953,21.79883090951047,False,0.9063501115428736,1.1033263937019955,0.061360677083333336,0.9507494379047375,-39.1143685581096,0.04925056209526246,-14.086800532379819,0.0,-0.0,TRUE_LAW_RISK_VIOLATION
CRR-STAGEII-CONFIRM-2026-07-22,21c5b970e734ed79636df2f3882d4d85460c5efa40b88e59b9b9a3f34a25c0ff,202607225022,empirical_copula,empirical_copula,-75.0,optimal,377.2384082625978,20314.95436646822,-138.936273004128,-96.47859171232415,0.0,True,0.6659404873404091,1.5016356851852282,0.062255859375,0.7880455583240341,-37.326176358407615,0.2119544416759659,-59.15241535391645,0.0,-0.0,FEASIBLE
CRR-STAGEII-CONFIRM-2026-07-22,21c5b970e734ed79636df2f3882d4d85460c5efa40b88e59b9b9a3f34a25c0ff,202607225023,empirical_copula,empirical_copula,-75.0,optimal,374.85930855138145,20377.531792765505,-137.3886410474472,-84.49392363765503,0.0,True,0.6928218746548662,1.443372440424397,0.059895833333333336,0.8105011068054881,-29.216482551823997,0.18949889319451185,-55.27744108583095,0.0,-0.0,FEASIBLE
CRR-STAGEII-CONFIRM-2026-07-22,21c5b970e734ed79636df2f3882d4d85460c5efa40b88e59b9b9a3f34a25c0ff,202607225024,empirical_copula,empirical_copula,-75.0,optimal,374.00488426740384,21128.86047553857,-133.51472958233188,-77.0317614438308,0.0,True,0.7689525689116219,1.3004703286386097,0.06998697916666667,0.8667100822936438,-39.580737872935515,0.13328991770635623,-37.45102357089521,0.0,-0.0,FEASIBLE
CRR-STAGEII-CONFIRM-2026-07-22,21c5b970e734ed79636df2f3882d4d85460c5efa40b88e59b9b9a3f34a25c0ff,202607225025,empirical_copula,empirical_copula,-75.0,optimal,375.2459066719103,22167.45739381785,-131.4975631784441,-66.61364296569974,8.38635703430026,False,0.8135977805736287,1.22910856430182,0.060384114583333336,0.8959783962374896,-36.86105698655022,0.10402160376251035,-29.75258597914942,0.0,-0.0,TRUE_LAW_RISK_VIOLATION
CRR-STAGEII-CONFIRM-2026-07-22,21c5b970e734ed79636df2f3882d4d85460c5efa40b88e59b9b9a3f34a25c0ff,202607225026,empirical_copula,empirical_copula,-75.0,optimal,375.0767810809498,20546.360113537776,-136.00394138745722,-79.72054308355312,0.0,True,0.7185828945509736,1.391627893709991,0.06306966145833333,0.8305925699036305,-30.410763622259267,0.1694074300963695,-49.30977946129378,0.0,-0.0,FEASIBLE
CRR-STAGEII-CONFIRM-2026-07-22,21c5b970e734ed79636df2f3882d4d85460c5efa40b88e59b9b9a3f34a25c0ff,202607225027,empirical_copula,empirical_copula,-75.0,optimal,377.81170556508414,20249.686966641464,-138.6013122167969,-95.35241990937489,0.0,True,0.671587511529802,1.4890092249066853,0.061930338541666664,0.7929057113900325,-37.55637996599615,0.20709428860996748,-57.79603994337866,0.0,-0.0,FEASIBLE
CRR-STAGEII-CONFIRM-2026-07-22,21c5b970e734ed79636df2f3882d4d85460c5efa40b88e59b9b9a3f34a25c0ff,202607225028,empirical_copula,empirical_copula,-75.0,optimal,375.12611280946817,23008.27940242691,-130.35266643304686,-51.47511676595511,23.524883234044893,False,0.8404616939237461,1.18982222179745,0.061442057291666664,0.9125904106518632,-25.149964716057934,0.0874095893481368,-26.32515204989707,0.0,-0.0,TRUE_LAW_RISK_VIOLATION
CRR-STAGEII-CONFIRM-2026-07-22,21c5b970e734ed79636df2f3882d4d85460c5efa40b88e59b9b9a3f34a25c0ff,202607225029,empirical_copula,empirical_copula,-75.0,optimal,376.046232109563,22999.95733467274,-131.4975631784441,-59.11006035606263,15.889939643937367,False,0.8135977805736287,1.22910856430182,0.06315104166666667,0.8959783962374896,-28.241418995606953,0.10402160376251035,-30.868641360455577,0.0,-0.0,TRUE_LAW_RISK_VIOLATION
CRR-STAGEII-CONFIRM-2026-07-22,21c5b970e734ed79636df2f3882d4d85460c5efa40b88e59b9b9a3f34a25c0ff,202607225030,empirical_copula,empirical_copula,-75.0,optimal,373.35752617839705,20721.853578449278,-136.72000427696096,-84.11772790455115,0.0,True,0.7050596290093065,1.418319754607309,0.063232421875,0.8202027709196991,-32.35113753041187,0.17979722908030094,-51.7665903741392,0.0,-0.0,FEASIBLE
CRR-STAGEII-CONFIRM-2026-07-22,21c5b970e734ed79636df2f3882d4d85460c5efa40b88e59b9b9a3f34a25c0ff,202607225031,empirical_copula,empirical_copula,-75.0,optimal,372.97650589374916,22019.35350475986,-130.35266643304686,-55.16529452815821,19.834705471841787,False,0.8404616939237461,1.18982222179745,0.056803385416666664,0.9125904106518632,-29.281471356295782,0.0874095893481368,-25.883823171862335,0.0,-0.0,TRUE_LAW_RISK_VIOLATION
CRR-STAGEII-CONFIRM-2026-07-22,21c5b970e734ed79636df2f3882d4d85460c5efa40b88e59b9b9a3f34a25c0ff,202607225032,empirical_copula,empirical_copula,-75.0,optimal,372.3226076787762,20258.582940152246,-137.3886410474472,-88.56274805379289,0.0,True,0.6928218746548662,1.443372440424397,0.06502278645833333,0.8105011068054881,-34.72046988108234,0.18949889319451185,-53.84227817271047,0.0,-0.0,FEASIBLE
CRR-STAGEII-CONFIRM-2026-07-22,21c5b970e734ed79636df2f3882d4d85460c5efa40b88e59b9b9a3f34a25c0ff,202607225033,empirical_copula,empirical_copula,-75.0,optimal,373.8387408830993,20164.4339491557,-137.3886410474472,-83.47671753362056,0.0,True,0.6928218746548662,1.443372440424397,0.061848958333333336,0.8105011068054881,-27.840485719509413,0.18949889319451185,-55.63623181411106,0.0,-0.0,FEASIBLE
CRR-STAGEII-CONFIRM-2026-07-22,21c5b970e734ed79636df2f3882d4d85460c5efa40b88e59b9b9a3f34a25c0ff,202607225034,empirical_copula,empirical_copula,-75.0,optimal,373.19387918032965,21739.543260043392,-133.51472958233188,-73.37459084493506,1.6254091550649434,False,0.7689525689116219,1.3004703286386097,0.06551106770833333,0.8667100822936438,-35.16646754896896,0.13328991770635623,-38.208123295966,0.0,-0.0,TRUE_LAW_RISK_VIOLATION
CRR-STAGEII-CONFIRM-2026-07-22,21c5b970e734ed79636df2f3882d4d85460c5efa40b88e59b9b9a3f34a25c0ff,202607225035,empirical_copula,empirical_copula,-75.0,optimal,379.1612174049038,22391.0878105075,-132.54782856618172,-74.5768542017191,0.42314579828089904,False,0.7899250525052484,1.2659428851237198,0.068359375,0.8807394466726874,-41.218255501986086,0.11926055332731256,-33.35859869973294,0.0,-0.0,TRUE_LAW_RISK_VIOLATION
CRR-STAGEII-CONFIRM-2026-07-22,21c5b970e734ed79636df2f3882d4d85460c5efa40b88e59b9b9a3f34a25c0ff,202607225036,empirical_copula,empirical_copula,-75.0,optimal,377.7731780735382,21209.3772694344,-134.40781286441455,-78.90840874107991,0.0,True,0.7502806508335154,1.3328345851503194,0.059000651041666664,0.8537517850368499,-37.53953702305868,0.1462482149631501,-41.36887171802115,0.0,-0.0,FEASIBLE
CRR-STAGEII-CONFIRM-2026-07-22,21c5b970e734ed79636df2f3882d4d85460c5efa40b88e59b9b9a3f34a25c0ff,202607225037,empirical_copula,empirical_copula,-75.0,optimal,378.7318812584014,22077.714143260146,-127.72275382765332,-64.86100887929747,10.138991120702528,False,0.9063501115428736,1.1033263937019955,0.085693359375,0.9507494379047375,-51.489119885665914,0.04925056209526246,-13.371888993631483,0.0,-0.0,TRUE_LAW_RISK_VIOLATION
CRR-STAGEII-CONFIRM-2026-07-22,21c5b970e734ed79636df2f3882d4d85460c5efa40b88e59b9b9a3f34a25c0ff,202607225038,empirical_copula,empirical_copula,-75.0,optimal,376.1370378933442,19425.10327919444,-137.3886410474472,-91.61436636589627,0.0,True,0.6928218746548662,1.443372440424397,0.08846028645833333,0.8105011068054881,-38.84846037802611,0.18949889319451185,-52.76590598787009,0.0,-0.0,FEASIBLE
CRR-STAGEII-CONFIRM-2026-07-22,21c5b970e734ed79636df2f3882d4d85460c5efa40b88e59b9b9a3f34a25c0ff,202607225039,empirical_copula,empirical_copula,-75.0,optimal,376.86521588293215,21469.840664262534,-132.54782856618172,-66.53708403438486,8.462915965615139,False,0.7899250525052484,1.2659428851237198,0.059326171875,0.8807394466726874,-31.74839424690771,0.11926055332731256,-34.788689787477054,0.0,-0.0,TRUE_LAW_RISK_VIOLATION
CRR-STAGEII-CONFIRM-2026-07-22,21c5b970e734ed79636df2f3882d4d85460c5efa40b88e59b9b9a3f34a25c0ff,202607225040,empirical_copula,empirical_copula,-75.0,optimal,376.9511314567223,20190.110974327494,-136.72000427696096,-87.97522817186119,0.0,True,0.7050596290093065,1.418319754607309,0.060139973958333336,0.8202027709196991,-37.45685153738527,0.17979722908030094,-50.51837663447586,0.0,-0.0,FEASIBLE
CRR-STAGEII-CONFIRM-2026-07-22,21c5b970e734ed79636df2f3882d4d85460c5efa40b88e59b9b9a3f34a25c0ff,202607225041,empirical_copula,empirical_copula,-75.0,optimal,376.3508881679502,20983.24942655702,-136.72000427696096,-84.11772790455115,0.0,True,0.7050596290093065,1.418319754607309,0.063232421875,0.8202027709196991,-32.351137530411876,0.17979722908030094,-51.766590374139184,0.0,-0.0,FEASIBLE
CRR-STAGEII-CONFIRM-2026-07-22,21c5b970e734ed79636df2f3882d4d85460c5efa40b88e59b9b9a3f34a25c0ff,202607225042,empirical_copula,empirical_copula,-75.0,optimal,374.4472966538776,20987.199117239965,-134.40781286441455,-77.73588611875594,0.0,True,0.7502806508335154,1.3328345851503194,0.057047526041666664,0.8537517850368499,-36.090113028532826,0.1462482149631501,-41.645773090223024,0.0,-0.0,FEASIBLE
CRR-STAGEII-CONFIRM-2026-07-22,21c5b970e734ed79636df2f3882d4d85460c5efa40b88e59b9b9a3f34a25c0ff,202607225043,empirical_copula,empirical_copula,-75.0,optimal,375.5732675171341,20772.836241649427,-138.01441234346257,-89.11260276442125,0.0,True,0.6817097260016582,1.4669000042953289,0.06722005208333333,0.8014214043508342,-32.06387421811985,0.1985785956491658,-57.04872854630132,0.0,-0.0,FEASIBLE
CRR-STAGEII-CONFIRM-2026-07-22,21c5b970e734ed79636df2f3882d4d85460c5efa40b88e59b9b9a3f34a25c0ff,202607225044,empirical_copula,empirical_copula,-75.0,optimal,373.32246081541047,22435.567894534695,-131.4975631784441,-59.99283478072583,15.007165219274171,False,0.8135977805736287,1.22910856430182,0.06754557291666667,0.8959783962374896,-29.255494053364984,0.10402160376251035,-30.73734072736073,0.0,-0.0,TRUE_LAW_RISK_VIOLATION
CRR-STAGEII-CONFIRM-2026-07-22,21c5b970e734ed79636df2f3882d4d85460c5efa40b88e59b9b9a3f34a25c0ff,202607225045,empirical_copula,empirical_copula,-75.0,optimal,374.54881915679186,21648.212215611635,-131.4975631784441,-69.2619662396893,5.7380337603106994,False,0.8135977805736287,1.22910856430182,0.06648763020833333,0.8959783962374896,-39.903282159824336,0.10402160376251035,-29.35868407986488,0.0,-0.0,TRUE_LAW_RISK_VIOLATION
CRR-STAGEII-CONFIRM-2026-07-22,21c5b970e734ed79636df2f3882d4d85460c5efa40b88e59b9b9a3f34a25c0ff,202607225046,empirical_copula,empirical_copula,-75.0,optimal,376.9845607546561,21014.743013981293,-135.23522097700405,-81.77646235991294,0.0,True,0.7335812166767719,1.3631755792905158,0.06770833333333333,0.8417464094008684,-37.01165965745738,0.15825359059913158,-44.7648027024555,0.0,-0.0,FEASIBLE
CRR-STAGEII-CONFIRM-2026-07-22,21c5b970e734ed79636df2f3882d4d85460c5efa40b88e59b9b9a3f34a25c0ff,202607225047,empirical_copula,empirical_copula,-75.0,optimal,372.4530553195658,11582.346979291417,-193.2482169047594,-136.32786733531864,0.0,True,1.0,1.0,0.057861328125,0.0,-0.0,1.0,-136.32786733531879,0.0,-0.0,FEASIBLE
CRR-STAGEII-CONFIRM-2026-07-22,21c5b970e734ed79636df2f3882d4d85460c5efa40b88e59b9b9a3f34a25c0ff,202607225048,empirical_copula,empirical_copula,-75.0,optimal,377.2180136160066,23436.914639429382,-127.72275382765332,-47.624723974103134,27.375276025896866,False,0.9063501115428736,1.1033263937019955,0.057698567708333336,0.9507494379047375,-33.19600922753919,0.04925056209526246,-14.428714746563806,0.0,-0.0,TRUE_LAW_RISK_VIOLATION
CRR-STAGEII-CONFIRM-2026-07-22,21c5b970e734ed79636df2f3882d4d85460c5efa40b88e59b9b9a3f34a25c0ff,202607225049,empirical_copula,empirical_copula,-75.0,optimal,375.9060172441961,22004.234492667263,-132.54782856618172,-61.88248025329662,13.11751974670338,False,0.7899250525052484,1.2659428851237198,0.061848958333333336,0.8807394466726874,-26.26584299396763,0.11926055332731256,-35.61663725932891,0.0,-0.0,TRUE_LAW_RISK_VIOLATION
CRR-STAGEII-CONFIRM-2026-07-22,21c5b970e734ed79636df2f3882d4d85460c5efa40b88e59b9b9a3f34a25c0ff,202607225050,empirical_copula,empirical_copula,-75.0,optimal,377.6794423118003,21212.321920018756,-137.3886410474472,-84.1548549363102,0.0,True,0.6928218746548662,1.443372440424397,0.06689453125,0.8105011068054881,-28.757816941052468,0.18949889319451185,-55.397037995257655,0.0,-0.0,FEASIBLE
CRR-STAGEII-CONFIRM-2026-07-22,21c5b970e734ed79636df2f3882d4d85460c5efa40b88e59b9b9a3f34a25c0ff,202607225051,empirical_copula,empirical_copula,-75.0,optimal,373.32432665563084,22126.825433072798,-131.4975631784441,-64.40670690404177,10.59329309595823,False,0.8135977805736287,1.22910856430182,0.062174479166666664,0.8959783962374896,-34.32586934215514,0.10402160376251035,-30.080837561886522,0.0,-0.0,TRUE_LAW_RISK_VIOLATION
CRR-STAGEII-CONFIRM-2026-07-22,21c5b970e734ed79636df2f3882d4d85460c5efa40b88e59b9b9a3f34a25c0ff,202607225052,empirical_copula,empirical_copula,-75.0,optimal,372.3298641102616,22557.45013640052,-131.4975631784441,-58.668673143731056,16.331326856268944,False,0.8135977805736287,1.22910856430182,0.062093098958333336,0.8959783962374896,-27.73438146672794,0.10402160376251035,-30.934291677003,0.0,-0.0,TRUE_LAW_RISK_VIOLATION
CRR-STAGEII-CONFIRM-2026-07-22,21c5b970e734ed79636df2f3882d4d85460c5efa40b88e59b9b9a3f34a25c0ff,202607225053,empirical_copula,empirical_copula,-75.0,optimal,372.93035733556763,20274.432753920166,-136.72000427696096,-88.32591001434392,0.0,True,0.7050596290093065,1.418319754607309,0.06673177083333333,0.8202027709196991,-37.92100735620103,0.17979722908030094,-50.404902658142824,0.0,-0.0,FEASIBLE
CRR-STAGEII-CONFIRM-2026-07-22,21c5b970e734ed79636df2f3882d4d85460c5efa40b88e59b9b9a3f34a25c0ff,202607225054,empirical_copula,empirical_copula,-75.0,optimal,368.7374374349554,11648.269557631356,-193.2482169047594,-128.8175434337952,0.0,True,1.0,1.0,0.0576171875,0.0,-0.0,1.0,-128.81754343379583,0.0,-0.0,FEASIBLE
CRR-STAGEII-CONFIRM-2026-07-22,21c5b970e734ed79636df2f3882d4d85460c5efa40b88e59b9b9a3f34a25c0ff,202607225055,empirical_copula,empirical_copula,-75.0,optimal,380.54885640035843,21515.468832860046,-134.40781286441455,-75.78168174821599,0.0,True,0.7502806508335154,1.3328345851503194,0.072265625,0.8537517850368499,-33.67440637098975,0.1462482149631501,-42.107275377226145,0.0,-0.0,FEASIBLE
CRR-STAGEII-CONFIRM-2026-07-22,21c5b970e734ed79636df2f3882d4d85460c5efa40b88e59b9b9a3f34a25c0ff,202607225056,empirical_copula,empirical_copula,-75.0,optimal,379.0216054853041,20192.64404856742,-138.01441234346257,-91.41000321444332,0.0,True,0.6817097260016582,1.4669000042953289,0.06306966145833333,0.8014214043508342,-35.23856583023282,0.1985785956491658,-56.17143738421044,0.0,-0.0,FEASIBLE
CRR-STAGEII-CONFIRM-2026-07-22,21c5b970e734ed79636df2f3882d4d85460c5efa40b88e59b9b9a3f34a25c0ff,202607225057,empirical_copula,empirical_copula,-75.0,optimal,377.1462470286873,22186.768773913624,-132.54782856618172,-63.57506344641962,11.42493655358038,False,0.7899250525052484,1.2659428851237198,0.059895833333333336,0.8807394466726874,-28.259497995036757,0.11926055332731256,-35.31556545138278,0.0,-0.0,TRUE_LAW_RISK_VIOLATION
CRR-STAGEII-CONFIRM-2026-07-22,21c5b970e734ed79636df2f3882d4d85460c5efa40b88e59b9b9a3f34a25c0ff,202607225058,empirical_copula,empirical_copula,-75.0,optimal,374.69642293128624,20306.598740384226,-137.3886410474472,-89.57995415782733,0.0,True,0.6928218746548662,1.443372440424397,0.06494140625,0.8105011068054881,-36.09646671339693,0.18949889319451185,-53.48348744443036,0.0,-0.0,FEASIBLE
CRR-STAGEII-CONFIRM-2026-07-22,21c5b970e734ed79636df2f3882d4d85460c5efa40b88e59b9b9a3f34a25c0ff,202607225059,empirical_copula,empirical_copula,-75.0,optimal,370.6045979496119,20652.1034223949,-135.23522097700405,-76.5058805244251,0.0,True,0.7335812166767719,1.3631755792905158,0.063720703125,0.8417464094008684,-30.34279543460636,0.15825359059913158,-46.16308508981864,0.0,-0.0,FEASIBLE
CRR-STAGEII-CONFIRM-2026-07-22,21c5b970e734ed79636df2f3882d4d85460c5efa40b88e59b9b9a3f34a25c0ff,202607225060,empirical_copula,empirical_copula,-75.0,optimal,374.2563058968774,21426.431881008255,-131.4975631784441,-67.93780460269451,7.062195397305487,False,0.8135977805736287,1.22910856430182,0.060709635416666664,0.8959783962374896,-38.38216957318728,0.10402160376251035,-29.55563502950715,0.0,-0.0,TRUE_LAW_RISK_VIOLATION
CRR-STAGEII-CONFIRM-2026-07-22,21c5b970e734ed79636df2f3882d4d85460c5efa40b88e59b9b9a3f34a25c0ff,202607225061,empirical_copula,empirical_copula,-75.0,optimal,371.3896899566181,21288.235369157486,-135.23522097700405,-68.6000077711933,6.3999922288066955,False,0.7335812166767719,1.3631755792905158,0.060139973958333336,0.8417464094008684,-20.339499100329892,0.15825359059913158,-48.26050867086336,0.0,-0.0,TRUE_LAW_RISK_VIOLATION
CRR-STAGEII-CONFIRM-2026-07-22,21c5b970e734ed79636df2f3882d4d85460c5efa40b88e59b9b9a3f34a25c0ff,202607225062,empirical_copula,empirical_copula,-75.0,optimal,372.84149932985144,20968.994517555217,-131.4975631784441,-68.82057902735771,6.179420972642291,False,0.8135977805736287,1.22910856430182,0.06282552083333333,0.8959783962374896,-39.39624463094532,0.10402160376251035,-29.424334396412302,0.0,-0.0,TRUE_LAW_RISK_VIOLATION
CRR-STAGEII-CONFIRM-2026-07-22,21c5b970e734ed79636df2f3882d4d85460c5efa40b88e59b9b9a3f34a25c0ff,202607225063,empirical_copula,empirical_copula,-75.0,optimal,374.72931420971145,21528.20130453854,-134.40781286441455,-70.70075038481211,4.29924961518789,False,0.7502806508335154,1.3328345851503194,0.058024088541666664,0.8537517850368499,-27.393569061377768,0.1462482149631501,-43.30718132343426,0.0,-0.0,TRUE_LAW_RISK_VIOLATION
CRR-STAGEII-CONFIRM-2026-07-22,21c5b970e734ed79636df2f3882d4d85460c5efa40b88e59b9b9a3f34a25c0ff,202607225064,empirical_copula,empirical_copula,-75.0,optimal,376.7910592832489,20748.359270507513,-133.51472958233188,-80.28257975396036,0.0,True,0.7689525689116219,1.3004703286386097,0.059488932291666664,0.8667100822936438,-43.50453371646134,0.13328991770635623,-36.77804603749894,0.0,-0.0,FEASIBLE
CRR-STAGEII-CONFIRM-2026-07-22,21c5b970e734ed79636df2f3882d4d85460c5efa40b88e59b9b9a3f34a25c0ff,202607225001,empirical_copula,empirical_copula,-60.0,optimal,375.42787093851996,21635.831918387852,-132.1753487568434,-69.02191859460535,0.0,True,0.7982143564895396,1.252796309499984,0.06282552083333333,0.8861439864153912,-36.45646381510352,0.11385601358460884,-32.56545477950173,0.0,-0.0,FEASIBLE
CRR-STAGEII-CONFIRM-2026-07-22,21c5b970e734ed79636df2f3882d4d85460c5efa40b88e59b9b9a3f34a25c0ff,202607225002,empirical_copula,empirical_copula,-60.0,optimal,375.04419155783137,22099.717644937304,-130.2869276123854,-62.77448398469943,0.0,True,0.8420377030547044,1.1875952779456875,0.060791015625,0.9135442558268125,-38.100704480284456,0.08645574417318747,-24.67377950441488,0.0,-0.0,FEASIBLE
CRR-STAGEII-CONFIRM-2026-07-22,21c5b970e734ed79636df2f3882d4d85460c5efa40b88e59b9b9a3f34a25c0ff,202607225003,empirical_copula,empirical_copula,-60.0,optimal,367.9886223749729,22025.575312062054,-132.1753487568434,-57.851924144141464,2.1480758558585364,False,0.7982143564895396,1.252796309499984,0.06705729166666667,0.8861439864153912,-23.41818662701929,0.11385601358460884,-34.433737517122104,0.0,-0.0,TRUE_LAW_RISK_VIOLATION
CRR-STAGEII-CONFIRM-2026-07-22,21c5b970e734ed79636df2f3882d4d85460c5efa40b88e59b9b9a3f34a25c0ff,202607225004,empirical_copula,empirical_copula,-60.0,optimal,370.5689826120391,21181.688966355785,-133.02254137434193,-66.2235120489497,0.0,True,0.7795299556535586,1.2828243388820113,0.060872395833333336,0.8738515451710469,-29.027523789147555,0.1261484548289531,-37.19598825980206,0.0,-0.0,FEASIBLE
CRR-STAGEII-CONFIRM-2026-07-22,21c5b970e734ed79636df2f3882d4d85460c5efa40b88e59b9b9a3f34a25c0ff,202607225005,empirical_copula,empirical_copula,-60.0,optimal,376.61499822449133,23315.727279597737,-129.23029756706057,-48.46161707215643,11.538382927843571,False,0.867868481880951,1.152248319736969,0.061767578125,0.928875554141846,-27.1757274049381,0.07112444585815403,-21.285889667218225,0.0,-0.0,TRUE_LAW_RISK_VIOLATION
CRR-STAGEII-CONFIRM-2026-07-22,21c5b970e734ed79636df2f3882d4d85460c5efa40b88e59b9b9a3f34a25c0ff,202607225006,empirical_copula,empirical_copula,-60.0,optimal,375.18592365259235,25192.79306076432,-124.32841483628681,-31.52020083765653,28.47979916234347,False,1.0,1.0,0.062093098958333336,1.0,-31.520200837656393,0.0,-0.0,0.0,-0.0,TRUE_LAW_RISK_VIOLATION
CRR-STAGEII-CONFIRM-2026-07-22,21c5b970e734ed79636df2f3882d4d85460c5efa40b88e59b9b9a3f34a25c0ff,202607225007,empirical_copula,empirical_copula,-60.0,optimal,371.43574828089817,23262.359691823083,-126.84373556155835,-40.67798268923701,19.322017310762988,False,0.9296712803875189,1.0756490182026122,0.06396484375,0.9635036571525185,-29.82457845442556,0.03649634284748149,-10.853404234811316,0.0,-0.0,TRUE_LAW_RISK_VIOLATION
CRR-STAGEII-CONFIRM-2026-07-22,21c5b970e734ed79636df2f3882d4d85460c5efa40b88e59b9b9a3f34a25c0ff,202607225008,empirical_copula,empirical_copula,-60.0,optimal,374.3175281973066,23012.956432208735,-130.2869276123854,-59.075172005100185,0.9248279948998146,False,0.8420377030547044,1.1875952779456875,0.063720703125,0.9135442558268125,-33.96487956360179,0.08645574417318747,-25.1102924414983,0.0,-0.0,TRUE_LAW_RISK_VIOLATION
CRR-STAGEII-CONFIRM-2026-07-22,21c5b970e734ed79636df2f3882d4d85460c5efa40b88e59b9b9a3f34a25c0ff,202607225009,empirical_copula,empirical_copula,-60.0,optimal,377.7715535945512,22781.51354591233,-126.84373556155835,-65.22216684074671,0.0,True,0.9296712803875189,1.0756490182026122,0.06575520833333333,0.9635036571525185,-55.45134381582364,0.03649634284748149,-9.77082302492303,0.0,-0.0,FEASIBLE
CRR-STAGEII-CONFIRM-2026-07-22,21c5b970e734ed79636df2f3882d4d85460c5efa40b88e59b9b9a3f34a25c0ff,202607225010,empirical_copula,empirical_copula,-60.0,optimal,376.2604974634272,22686.444873406304,-128.08633184178478,-59.49936520704556,0.5006347929544432,False,0.8968942759270573,1.1149586153466857,0.061686197916666664,0.9454740598099161,-44.24780962743463,0.054525940190083944,-15.25155557961085,0.0,-0.0,TRUE_LAW_RISK_VIOLATION
CRR-STAGEII-CONFIRM-2026-07-22,21c5b970e734ed79636df2f3882d4d85460c5efa40b88e59b9b9a3f34a25c0ff,202607225011,empirical_copula,empirical_copula,-60.0,optimal,373.42650423821726,22208.762602818835,-131.2658556575603,-64.89952757645725,0.0,True,0.8189454843486208,1.2210825007422659,0.064453125,0.8993403838510581,-35.98149087424724,0.10065961614894192,-28.918036702209907,0.0,-0.0,FEASIBLE
CRR-STAGEII-CONFIRM-2026-07-22,21c5b970e734ed79636df2f3882d4d85460c5efa40b88e59b9b9a3f34a25c0ff,202607225012,empirical_copula,empirical_copula,-60.0,optimal,376.77604327627625,23907.448840628327,-125.48917846229183,-40.89898961516492,19.101010384835078,False,0.9668828482988385,1.0342514625835268,0.059326171875,0.9831577632093055,-35.99668408280647,0.01684223679069452,-4.902305532358305,0.0,-0.0,TRUE_LAW_RISK_VIOLATION
CRR-STAGEII-CONFIRM-2026-07-22,21c5b970e734ed79636df2f3882d4d85460c5efa40b88e59b9b9a3f34a25c0ff,202607225013,empirical_copula,empirical_copula,-60.0,optimal,374.9937924456407,22898.212588546237,-126.84373556155835,-45.37793284590906,14.622067154090942,False,0.9296712803875189,1.0756490182026122,0.059326171875,0.9635036571525185,-34.73183139596985,0.03649634284748149,-10.646101449939092,0.0,-0.0,TRUE_LAW_RISK_VIOLATION
CRR-STAGEII-CONFIRM-2026-07-22,21c5b970e734ed79636df2f3882d4d85460c5efa40b88e59b9b9a3f34a25c0ff,202607225014,empirical_copula,empirical_copula,-60.0,optimal,376.51540095918176,21480.5858724964,-133.02254137434193,-74.52152811421581,0.0,True,0.7795299556535586,1.2828243388820113,0.06315104166666667,0.8738515451710469,-38.91784100954615,0.1261484548289531,-35.603687104669575,0.0,-0.0,FEASIBLE
CRR-STAGEII-CONFIRM-2026-07-22,21c5b970e734ed79636df2f3882d4d85460c5efa40b88e59b9b9a3f34a25c0ff,202607225015,empirical_copula,empirical_copula,-60.0,optimal,375.8631632767865,21397.747387482526,-135.24836569959763,-73.5447058259274,0.0,True,0.7333205712250341,1.3636600952424802,0.06103515625,0.8415556844974433,-26.52600419143081,0.15844431550255667,-47.01870163449651,0.0,-0.0,FEASIBLE
CRR-STAGEII-CONFIRM-2026-07-22,21c5b970e734ed79636df2f3882d4d85460c5efa40b88e59b9b9a3f34a25c0ff,202607225016,empirical_copula,empirical_copula,-60.0,optimal,372.90787854496716,22670.130788629238,-128.08633184178478,-55.99492165636546,4.005078343634537,False,0.8968942759270573,1.1149586153466857,0.064697265625,0.9454740598099161,-40.5024784560264,0.054525940190083944,-15.492443200338954,0.0,-0.0,TRUE_LAW_RISK_VIOLATION
CRR-STAGEII-CONFIRM-2026-07-22,21c5b970e734ed79636df2f3882d4d85460c5efa40b88e59b9b9a3f34a25c0ff,202607225017,empirical_copula,empirical_copula,-60.0,optimal,374.39496831628134,21921.268116815274,-132.1753487568434,-69.45153376577703,0.0,True,0.7982143564895396,1.252796309499984,0.060872395833333336,0.8861439864153912,-36.95793601464522,0.11385601358460884,-32.493597751131716,0.0,-0.0,FEASIBLE
CRR-STAGEII-CONFIRM-2026-07-22,21c5b970e734ed79636df2f3882d4d85460c5efa40b88e59b9b9a3f34a25c0ff,202607225018,empirical_copula,empirical_copula,-60.0,optimal,373.46469420306914,22513.802571153712,-132.1753487568434,-63.43692136937341,0.0,True,0.7982143564895396,1.252796309499984,0.06339518229166667,0.8861439864153912,-29.937325221061393,0.11385601358460884,-33.499596148311916,0.0,-0.0,FEASIBLE
CRR-STAGEII-CONFIRM-2026-07-22,21c5b970e734ed79636df2f3882d4d85460c5efa40b88e59b9b9a3f34a25c0ff,202607225019,empirical_copula,empirical_copula,-60.0,optimal,377.79547258783793,20712.74960054044,-135.64466651386698,-85.78123888021435,0.0,True,0.7255306825340495,1.3783014613624829,0.05908203125,0.8358055110730388,-40.06133613886503,0.1641944889269612,-45.71990274134925,0.0,-0.0,FEASIBLE
CRR-STAGEII-CONFIRM-2026-07-22,21c5b970e734ed79636df2f3882d4d85460c5efa40b88e59b9b9a3f34a25c0ff,202607225020,empirical_copula,empirical_copula,-60.0,optimal,374.8082177605841,21992.384530149677,-129.23029756706057,-56.6346383127122,3.365361687287802,False,0.867868481880951,1.152248319736969,0.059814453125,0.928875554141846,-36.11184801784771,0.07112444585815403,-20.522790294864382,0.0,-0.0,TRUE_LAW_RISK_VIOLATION
CRR-STAGEII-CONFIRM-2026-07-22,21c5b970e734ed79636df2f3882d4d85460c5efa40b88e59b9b9a3f34a25c0ff,202607225021,empirical_copula,empirical_copula,-60.0,optimal,373.43368761624254,23664.414936806385,-124.32841483628681,-41.14056448385601,18.85943551614399,False,1.0,1.0,0.061360677083333336,1.0,-41.14056448385589,0.0,-0.0,0.0,-0.0,TRUE_LAW_RISK_VIOLATION
CRR-STAGEII-CONFIRM-2026-07-22,21c5b970e734ed79636df2f3882d4d85460c5efa40b88e59b9b9a3f34a25c0ff,202607225022,empirical_copula,empirical_copula,-60.0,optimal,377.71710769837296,21180.153841632768,-135.64466651386698,-85.41188015700212,0.0,True,0.7255306825340495,1.3783014613624829,0.062255859375,0.8358055110730388,-39.588350670981484,0.1641944889269612,-45.82352948602055,0.0,-0.0,FEASIBLE
CRR-STAGEII-CONFIRM-2026-07-22,21c5b970e734ed79636df2f3882d4d85460c5efa40b88e59b9b9a3f34a25c0ff,202607225023,empirical_copula,empirical_copula,-60.0,optimal,375.17933430290554,21322.692597787824,-133.81362291766357,-71.23250783529663,0.0,True,0.7626287506871803,1.3112540001920097,0.059895833333333336,0.8623732541780507,-31.08634019410335,0.13762674582194934,-40.14616764119318,0.0,-0.0,FEASIBLE
CRR-STAGEII-CONFIRM-2026-07-22,21c5b970e734ed79636df2f3882d4d85460c5efa40b88e59b9b9a3f34a25c0ff,202607225024,empirical_copula,empirical_copula,-60.0,optimal,374.46957219326407,22267.047626793523,-129.23029756706057,-62.40382977663393,0.0,True,0.867868481880951,1.152248319736969,0.06998697916666667,0.928875554141846,-42.41969786225452,0.07112444585815403,-19.98413191437932,0.0,-0.0,FEASIBLE
CRR-STAGEII-CONFIRM-2026-07-22,21c5b970e734ed79636df2f3882d4d85460c5efa40b88e59b9b9a3f34a25c0ff,202607225025,empirical_copula,empirical_copula,-60.0,optimal,375.71180864962355,23518.6763912165,-126.84373556155835,-50.077883002581146,9.922116997418854,False,0.9296712803875189,1.0756490182026122,0.060384114583333336,0.9635036571525185,-39.639084337514156,0.03649634284748149,-10.43879866506687,0.0,-0.0,TRUE_LAW_RISK_VIOLATION
CRR-STAGEII-CONFIRM-2026-07-22,21c5b970e734ed79636df2f3882d4d85460c5efa40b88e59b9b9a3f34a25c0ff,202607225026,empirical_copula,empirical_copula,-60.0,optimal,375.38070948089336,21597.673170811853,-132.1753487568434,-65.58499722523185,0.0,True,0.7982143564895396,1.252796309499984,0.06306966145833333,0.8861439864153912,-32.44468621876989,0.11385601358460884,-33.14031100646185,0.0,-0.0,FEASIBLE
CRR-STAGEII-CONFIRM-2026-07-22,21c5b970e734ed79636df2f3882d4d85460c5efa40b88e59b9b9a3f34a25c0ff,202607225027,empirical_copula,empirical_copula,-60.0,optimal,378.3022103198634,21125.316238027444,-135.24836569959763,-84.07947702387108,0.0,True,0.7333205712250341,1.3636600952424802,0.061930338541666664,0.8415556844974433,-39.860710542899575,0.15844431550255667,-44.21876648097144,0.0,-0.0,FEASIBLE
CRR-STAGEII-CONFIRM-2026-07-22,21c5b970e734ed79636df2f3882d4d85460c5efa40b88e59b9b9a3f34a25c0ff,202607225028,empirical_copula,empirical_copula,-60.0,optimal,375.5611288635621,24548.94469687361,-125.48917846229183,-32.16709915352601,27.83290084647399,False,0.9668828482988385,1.0342514625835268,0.061442057291666664,0.9831577632093055,-27.094721538187564,0.01684223679069452,-5.072377615338317,0.0,-0.0,TRUE_LAW_RISK_VIOLATION
CRR-STAGEII-CONFIRM-2026-07-22,21c5b970e734ed79636df2f3882d4d85460c5efa40b88e59b9b9a3f34a25c0ff,202607225029,empirical_copula,empirical_copula,-60.0,optimal,376.51517866198344,24446.149366707472,-126.84373556155835,-41.20019937331166,18.799800626688338,False,0.9296712803875189,1.0756490182026122,0.06315104166666667,0.9635036571525185,-30.369828781263813,0.03649634284748149,-10.830370592047736,0.0,-0.0,TRUE_LAW_RISK_VIOLATION
CRR-STAGEII-CONFIRM-2026-07-22,21c5b970e734ed79636df2f3882d4d85460c5efa40b88e59b9b9a3f34a25c0ff,202607225030,empirical_copula,empirical_copula,-60.0,optimal,373.76529917521844,21733.54454438867,-133.02254137434193,-70.78742088484607,0.0,True,0.7795299556535586,1.2828243388820113,0.063232421875,0.8738515451710469,-34.46719826036677,0.1261484548289531,-36.32022262447921,0.0,-0.0,FEASIBLE
CRR-STAGEII-CONFIRM-2026-07-22,21c5b970e734ed79636df2f3882d4d85460c5efa40b88e59b9b9a3f34a25c0ff,202607225031,empirical_copula,empirical_copula,-60.0,optimal,373.28633261081904,23469.667263147392,-125.48917846229183,-36.53304438434546,23.46695561565454,False,0.9668828482988385,1.0342514625835268,0.056803385416666664,0.9831577632093055,-31.54570281049702,0.01684223679069452,-4.987341573848311,0.0,-0.0,TRUE_LAW_RISK_VIOLATION
CRR-STAGEII-CONFIRM-2026-07-22,21c5b970e734ed79636df2f3882d4d85460c5efa40b88e59b9b9a3f34a25c0ff,202607225032,empirical_copula,empirical_copula,-60.0,optimal,372.7020571395737,21180.94909739712,-133.81362291766357,-76.04643976470946,0.0,True,0.7626287506871803,1.3112540001920097,0.06502278645833333,0.8623732541780507,-36.9425832321852,0.13762674582194934,-39.10385653252418,0.0,-0.0,FEASIBLE
CRR-STAGEII-CONFIRM-2026-07-22,21c5b970e734ed79636df2f3882d4d85460c5efa40b88e59b9b9a3f34a25c0ff,202607225033,empirical_copula,empirical_copula,-60.0,optimal,374.13570022422823,21110.636921968442,-133.81362291766357,-70.02902485294341,0.0,True,0.7626287506871803,1.3112540001920097,0.061848958333333336,0.8623732541780507,-29.62227943458289,0.13762674582194934,-40.40674541836043,0.0,-0.0,FEASIBLE
CRR-STAGEII-CONFIRM-2026-07-22,21c5b970e734ed79636df2f3882d4d85460c5efa40b88e59b9b9a3f34a25c0ff,202607225034,empirical_copula,empirical_copula,-60.0,optimal,373.57680340776216,22987.584422359916,-129.23029756706057,-58.076936178692634,1.923063821307366,False,0.867868481880951,1.152248319736969,0.06551106770833333,0.928875554141846,-37.688810478949414,0.07112444585815403,-20.388125699743124,0.0,-0.0,TRUE_LAW_RISK_VIOLATION
CRR-STAGEII-CONFIRM-2026-07-22,21c5b970e734ed79636df2f3882d4d85460c5efa40b88e59b9b9a3f34a25c0ff,202607225035,empirical_copula,empirical_copula,-60.0,optimal,379.74178762724995,23689.937228690866,-128.08633184178478,-59.49936520704556,0.5006347929544432,False,0.8968942759270573,1.1149586153466857,0.068359375,0.9454740598099161,-44.247809627434634,0.054525940190083944,-15.25155557961084,0.0,-0.0,TRUE_LAW_RISK_VIOLATION
CRR-STAGEII-CONFIRM-2026-07-22,21c5b970e734ed79636df2f3882d4d85460c5efa40b88e59b9b9a3f34a25c0ff,202607225036,empirical_copula,empirical_copula,-60.0,optimal,378.3512701465717,22340.851074067752,-130.2869276123854,-64.62413997449904,0.0,True,0.8420377030547044,1.1875952779456875,0.059000651041666664,0.9135442558268125,-40.168616938625796,0.08645574417318747,-24.455523035873156,0.0,-0.0,FEASIBLE
CRR-STAGEII-CONFIRM-2026-07-22,21c5b970e734ed79636df2f3882d4d85460c5efa40b88e59b9b9a3f34a25c0ff,202607225037,empirical_copula,empirical_copula,-60.0,optimal,379.16418321776405,23033.99496250354,-124.32841483628681,-54.15635059342003,5.843649406579971,False,1.0,1.0,0.085693359375,1.0,-54.15635059341995,0.0,-0.0,0.0,-0.0,TRUE_LAW_RISK_VIOLATION
CRR-STAGEII-CONFIRM-2026-07-22,21c5b970e734ed79636df2f3882d4d85460c5efa40b88e59b9b9a3f34a25c0ff,202607225038,empirical_copula,empirical_copula,-60.0,optimal,376.6043656141487,20302.53700472963,-133.81362291766357,-79.6568887117691,0.0,True,0.7626287506871803,1.3112540001920097,0.08846028645833333,0.8623732541780507,-41.3347655107466,0.13762674582194934,-38.32212320102242,0.0,-0.0,FEASIBLE
CRR-STAGEII-CONFIRM-2026-07-22,21c5b970e734ed79636df2f3882d4d85460c5efa40b88e59b9b9a3f34a25c0ff,202607225039,empirical_copula,empirical_copula,-60.0,optimal,377.26536605342085,22746.772503606193,-128.08633184178478,-49.98730414091385,10.01269585908615,False,0.8968942759270573,1.1149586153466857,0.059326171875,0.9454740598099161,-34.08191073361229,0.054525940190083944,-15.905393407301432,0.0,-0.0,TRUE_LAW_RISK_VIOLATION
CRR-STAGEII-CONFIRM-2026-07-22,21c5b970e734ed79636df2f3882d4d85460c5efa40b88e59b9b9a3f34a25c0ff,202607225040,empirical_copula,empirical_copula,-60.0,optimal,377.39245707213877,21133.0732910976,-133.02254137434193,-75.35132972074241,0.0,True,0.7795299556535586,1.2828243388820113,0.060139973958333336,0.8738515451710469,-39.906872731586006,0.1261484548289531,-35.44445698915634,0.0,-0.0,FEASIBLE
CRR-STAGEII-CONFIRM-2026-07-22,21c5b970e734ed79636df2f3882d4d85460c5efa40b88e59b9b9a3f34a25c0ff,202607225041,empirical_copula,empirical_copula,-60.0,optimal,376.7102578541551,22001.639950416502,-133.02254137434193,-70.78742088484606,0.0,True,0.7795299556535586,1.2828243388820113,0.063232421875,0.8738515451710469,-34.46719826036678,0.1261484548289531,-36.3202226244792,0.0,-0.0,FEASIBLE
CRR-STAGEII-CONFIRM-2026-07-22,21c5b970e734ed79636df2f3882d4d85460c5efa40b88e59b9b9a3f34a25c0ff,202607225042,empirical_copula,empirical_copula,-60.0,optimal,374.84035772420975,22155.359155561295,-130.2869276123854,-63.23689798214933,0.0,True,0.8420377030547044,1.1875952779456875,0.057047526041666664,0.9135442558268125,-38.61768259486979,0.08645574417318747,-24.619215387279443,0.0,-0.0,FEASIBLE
CRR-STAGEII-CONFIRM-2026-07-22,21c5b970e734ed79636df2f3882d4d85460c5efa40b88e59b9b9a3f34a25c0ff,202607225043,empirical_copula,empirical_copula,-60.0,optimal,375.98423436445466,21695.10812866898,-134.55398920391826,-76.69698716546081,0.0,True,0.7472884702299851,1.3381713218353823,0.06722005208333333,0.8516308221913895,-34.072690615416654,0.14836917780861048,-42.624296550044065,0.0,-0.0,FEASIBLE
CRR-STAGEII-CONFIRM-2026-07-22,21c5b970e734ed79636df2f3882d4d85460c5efa40b88e59b9b9a3f34a25c0ff,202607225044,empirical_copula,empirical_copula,-60.0,optimal,373.719054830137,23810.803092223137,-126.84373556155835,-42.24463274146102,17.755367258538982,False,0.9296712803875189,1.0756490182026122,0.06754557291666667,0.9635036571525185,-31.460329434940324,0.03649634284748149,-10.784303306520574,0.0,-0.0,TRUE_LAW_RISK_VIOLATION
CRR-STAGEII-CONFIRM-2026-07-22,21c5b970e734ed79636df2f3882d4d85460c5efa40b88e59b9b9a3f34a25c0ff,202607225045,empirical_copula,empirical_copula,-60.0,optimal,375.11728508039425,22947.451403210576,-126.84373556155835,-53.211183107029186,6.788816892970814,False,0.9296712803875189,1.0756490182026122,0.06648763020833333,0.9635036571525185,-42.91058629854371,0.03649634284748149,-10.300596808485382,0.0,-0.0,TRUE_LAW_RISK_VIOLATION
CRR-STAGEII-CONFIRM-2026-07-22,21c5b970e734ed79636df2f3882d4d85460c5efa40b88e59b9b9a3f34a25c0ff,202607225046,empirical_copula,empirical_copula,-60.0,optimal,377.457389410451,22077.32683726044,-131.2658556575603,-68.01740876147551,0.0,True,0.8189454843486208,1.2210825007422659,0.06770833333333333,0.8993403838510581,-39.54407150604247,0.10065961614894192,-28.473337255432963,0.0,-0.0,FEASIBLE
CRR-STAGEII-CONFIRM-2026-07-22,21c5b970e734ed79636df2f3882d4d85460c5efa40b88e59b9b9a3f34a25c0ff,202607225047,empirical_copula,empirical_copula,-60.0,optimal,372.4530553195658,11582.346979291417,-193.2482169047594,-136.32786733531864,0.0,True,1.0,1.0,0.057861328125,0.0,-0.0,1.0,-136.32786733531879,0.0,-0.0,FEASIBLE
CRR-STAGEII-CONFIRM-2026-07-22,21c5b970e734ed79636df2f3882d4d85460c5efa40b88e59b9b9a3f34a25c0ff,202607225048,empirical_copula,empirical_copula,-60.0,optimal,377.55219967749156,24500.66187188353,-124.32841483628681,-34.91562330102106,25.084376698978943,False,1.0,1.0,0.057698567708333336,1.0,-34.915623301020915,0.0,-0.0,0.0,-0.0,TRUE_LAW_RISK_VIOLATION
CRR-STAGEII-CONFIRM-2026-07-22,21c5b970e734ed79636df2f3882d4d85460c5efa40b88e59b9b9a3f34a25c0ff,202607225049,empirical_copula,empirical_copula,-60.0,optimal,376.3048006236114,23352.388331624843,-128.08633184178478,-44.48032141841654,15.519678581583463,False,0.8968942759270573,1.1149586153466857,0.061848958333333336,0.9454740598099161,-28.196390321399388,0.054525940190083944,-16.283931097017035,0.0,-0.0,TRUE_LAW_RISK_VIOLATION
CRR-STAGEII-CONFIRM-2026-07-22,21c5b970e734ed79636df2f3882d4d85460c5efa40b88e59b9b9a3f34a25c0ff,202607225050,empirical_copula,empirical_copula,-60.0,optimal,378.08308573807705,22191.965612732143,-133.81362291766357,-70.83134684117888,0.0,True,0.7626287506871803,1.3112540001920097,0.06689453125,0.8623732541780507,-30.59831994092986,0.13762674582194934,-40.23302690024894,0.0,-0.0,FEASIBLE
CRR-STAGEII-CONFIRM-2026-07-22,21c5b970e734ed79636df2f3882d4d85460c5efa40b88e59b9b9a3f34a25c0ff,202607225051,empirical_copula,empirical_copula,-60.0,optimal,373.7529556012956,23491.353427421538,-126.84373556155835,-47.46679958220777,12.53320041779223,False,0.9296712803875189,1.0756490182026122,0.062174479166666664,0.9635036571525185,-36.91283270332288,0.03649634284748149,-10.55396687888477,0.0,-0.0,TRUE_LAW_RISK_VIOLATION
CRR-STAGEII-CONFIRM-2026-07-22,21c5b970e734ed79636df2f3882d4d85460c5efa40b88e59b9b9a3f34a25c0ff,202607225052,empirical_copula,empirical_copula,-60.0,optimal,372.71823279791647,23949.852791252553,-126.84373556155835,-40.677982689237,19.322017310763,False,0.9296712803875189,1.0756490182026122,0.062093098958333336,0.9635036571525185,-29.82457845442556,0.03649634284748149,-10.853404234811316,0.0,-0.0,TRUE_LAW_RISK_VIOLATION
CRR-STAGEII-CONFIRM-2026-07-22,21c5b970e734ed79636df2f3882d4d85460c5efa40b88e59b9b9a3f34a25c0ff,202607225053,empirical_copula,empirical_copula,-60.0,optimal,373.34062064186685,21264.274345263217,-133.02254137434193,-75.76623052400573,0.0,True,0.7795299556535586,1.2828243388820113,0.06673177083333333,0.8738515451710469,-40.40138859260593,0.1261484548289531,-35.36484193139972,0.0,-0.0,FEASIBLE
CRR-STAGEII-CONFIRM-2026-07-22,21c5b970e734ed79636df2f3882d4d85460c5efa40b88e59b9b9a3f34a25c0ff,202607225054,empirical_copula,empirical_copula,-60.0,optimal,368.7374374349554,11648.269557631356,-193.2482169047594,-128.8175434337952,0.0,True,1.0,1.0,0.0576171875,0.0,-0.0,1.0,-128.81754343379583,0.0,-0.0,FEASIBLE
CRR-STAGEII-CONFIRM-2026-07-22,21c5b970e734ed79636df2f3882d4d85460c5efa40b88e59b9b9a3f34a25c0ff,202607225055,empirical_copula,empirical_copula,-60.0,optimal,381.0933252407464,22715.39782277322,-130.2869276123854,-60.9248279948998,0.0,True,0.8420377030547044,1.1875952779456875,0.072265625,0.9135442558268125,-36.03279202194312,0.08645574417318747,-24.89203597295658,0.0,-0.0,FEASIBLE
CRR-STAGEII-CONFIRM-2026-07-22,21c5b970e734ed79636df2f3882d4d85460c5efa40b88e59b9b9a3f34a25c0ff,202607225056,empirical_copula,empirical_copula,-60.0,optimal,379.47004510916133,21068.54891871553,-134.55398920391826,-79.415101355187,0.0,True,0.7472884702299851,1.3381713218353823,0.06306966145833333,0.8516308221913895,-37.446278110272615,0.14836917780861048,-41.968823244914304,0.0,-0.0,FEASIBLE
CRR-STAGEII-CONFIRM-2026-07-22,21c5b970e734ed79636df2f3882d4d85460c5efa40b88e59b9b9a3f34a25c0ff,202607225057,empirical_copula,empirical_copula,-60.0,optimal,377.6517496617628,23522.650453267983,-128.08633184178478,-46.48286059023373,13.517139409766273,False,0.8968942759270573,1.1149586153466857,0.059895833333333336,0.9454740598099161,-30.336579562204086,0.054525940190083944,-16.14628102802954,0.0,-0.0,TRUE_LAW_RISK_VIOLATION
CRR-STAGEII-CONFIRM-2026-07-22,21c5b970e734ed79636df2f3882d4d85460c5efa40b88e59b9b9a3f34a25c0ff,202607225058,empirical_copula,empirical_copula,-60.0,optimal,375.10595169481047,21231.66236857822,-133.81362291766357,-77.24992274706267,0.0,True,0.7626287506871803,1.3112540001920097,0.06494140625,0.8623732541780507,-38.406643991705664,0.13762674582194934,-38.84327875535694,0.0,-0.0,FEASIBLE
CRR-STAGEII-CONFIRM-2026-07-22,21c5b970e734ed79636df2f3882d4d85460c5efa40b88e59b9b9a3f34a25c0ff,202607225059,empirical_copula,empirical_copula,-60.0,optimal,370.8481682958193,21746.404506603805,-131.2658556575603,-61.78164639143898,0.0,True,0.8189454843486208,1.2210825007422659,0.063720703125,0.8993403838510581,-32.41891024245201,0.10065961614894192,-29.362736148986862,0.0,-0.0,FEASIBLE
CRR-STAGEII-CONFIRM-2026-07-22,21c5b970e734ed79636df2f3882d4d85460c5efa40b88e59b9b9a3f34a25c0ff,202607225060,empirical_copula,empirical_copula,-60.0,optimal,374.7414354659223,22751.17651863727,-126.84373556155835,-51.644533054805166,8.355466945194834,False,0.9296712803875189,1.0756490182026122,0.060709635416666664,0.9635036571525185,-41.27483531802894,0.03649634284748149,-10.369697736776127,0.0,-0.0,TRUE_LAW_RISK_VIOLATION
CRR-STAGEII-CONFIRM-2026-07-22,21c5b970e734ed79636df2f3882d4d85460c5efa40b88e59b9b9a3f34a25c0ff,202607225061,empirical_copula,empirical_copula,-60.0,optimal,371.7078348189249,22468.70215789469,-131.2658556575603,-52.428002836384195,7.571997163615805,False,0.8189454843486208,1.2210825007422659,0.060139973958333336,0.8993403838510581,-21.731168347066387,0.10065961614894192,-30.696834489317723,0.0,-0.0,TRUE_LAW_RISK_VIOLATION
CRR-STAGEII-CONFIRM-2026-07-22,21c5b970e734ed79636df2f3882d4d85460c5efa40b88e59b9b9a3f34a25c0ff,202607225062,empirical_copula,empirical_copula,-60.0,optimal,373.27263626979124,22216.81595641781,-126.84373556155835,-52.68896642295452,7.311033577045478,False,0.9296712803875189,1.0756490182026122,0.06282552083333333,0.9635036571525185,-42.365335971705456,0.03649634284748149,-10.323630451248963,0.0,-0.0,TRUE_LAW_RISK_VIOLATION
CRR-STAGEII-CONFIRM-2026-07-22,21c5b970e734ed79636df2f3882d4d85460c5efa40b88e59b9b9a3f34a25c0ff,202607225063,empirical_copula,empirical_copula,-60.0,optimal,375.13465186329313,22741.834772944138,-130.2869276123854,-54.913446028051055,5.086553971948945,False,0.8420377030547044,1.1875952779456875,0.058024088541666664,0.9135442558268125,-29.312076532333812,0.08645574417318747,-25.601369495717144,0.0,-0.0,TRUE_LAW_RISK_VIOLATION
CRR-STAGEII-CONFIRM-2026-07-22,21c5b970e734ed79636df2f3882d4d85460c5efa40b88e59b9b9a3f34a25c0ff,202607225064,empirical_copula,empirical_copula,-60.0,optimal,377.34009489166226,21905.149179009382,-129.23029756706057,-66.2499574192484,0.0,True,0.867868481880951,1.152248319736969,0.059488932291666664,0.928875554141846,-46.624931091859075,0.07112444585815403,-19.625026327389264,0.0,-0.0,FEASIBLE
CRR-STAGEII-CONFIRM-2026-07-22,21c5b970e734ed79636df2f3882d4d85460c5efa40b88e59b9b9a3f34a25c0ff,202607225001,empirical_copula,empirical_copula,-45.0,optimal,375.90807013155523,22703.79621198433,-128.34675612622956,-55.41834451577867,0.0,True,0.8901896579339579,1.1233561197744097,0.06282552083333333,0.9416954029271517,-38.74188044827514,0.058304597072848297,-16.676464067503417,0.0,-0.0,FEASIBLE
CRR-STAGEII-CONFIRM-2026-07-22,21c5b970e734ed79636df2f3882d4d85460c5efa40b88e59b9b9a3f34a25c0ff,202607225002,empirical_copula,empirical_copula,-45.0,optimal,375.49084246154507,23278.129061736687,-126.16604236035624,-48.203922724750925,0.0,True,0.9480953135285672,1.0547462746949532,0.060791015625,0.9733367266167751,-40.5944372635447,0.02666327338322494,-7.609485461206127,0.0,-0.0,FEASIBLE
CRR-STAGEII-CONFIRM-2026-07-22,21c5b970e734ed79636df2f3882d4d85460c5efa40b88e59b9b9a3f34a25c0ff,202607225003,empirical_copula,empirical_copula,-45.0,optimal,368.14138482531115,23157.557971790833,-128.34675612622956,-42.5194417819574,2.480558218042603,False,0.8901896579339579,1.1233561197744097,0.06705729166666667,0.9416954029271517,-24.886247641042658,0.058304597072848297,-17.633194140914654,0.0,-0.0,TRUE_LAW_RISK_VIOLATION
CRR-STAGEII-CONFIRM-2026-07-22,21c5b970e734ed79636df2f3882d4d85460c5efa40b88e59b9b9a3f34a25c0ff,202607225004,empirical_copula,empirical_copula,-45.0,optimal,370.7520190716119,22228.421533710363,-129.32507847172283,-52.186796460658314,0.0,True,0.8655130462124991,1.1553840862087732,0.060872395833333336,0.9275003194223947,-30.809624054856627,0.07249968057760525,-21.377172405801588,0.0,-0.0,FEASIBLE
CRR-STAGEII-CONFIRM-2026-07-22,21c5b970e734ed79636df2f3882d4d85460c5efa40b88e59b9b9a3f34a25c0ff,202607225005,empirical_copula,empirical_copula,-45.0,optimal,376.98197245410927,24667.328677969213,-124.9458655517893,-31.675689074701793,13.324310925298207,False,0.9822425784107178,1.0180784482159324,0.061767578125,0.991041025990048,-28.99447686972174,0.008958974009952048,-2.681212204979903,0.0,-0.0,TRUE_LAW_RISK_VIOLATION
CRR-STAGEII-CONFIRM-2026-07-22,21c5b970e734ed79636df2f3882d4d85460c5efa40b88e59b9b9a3f34a25c0ff,202607225006,empirical_copula,empirical_copula,-45.0,optimal,375.18592365259235,25192.79306076432,-124.32841483628681,-31.52020083765653,13.479799162343468,False,1.0,1.0,0.062093098958333336,1.0,-31.520200837656393,0.0,-0.0,0.0,-0.0,TRUE_LAW_RISK_VIOLATION
CRR-STAGEII-CONFIRM-2026-07-22,21c5b970e734ed79636df2f3882d4d85460c5efa40b88e59b9b9a3f34a25c0ff,202607225007,empirical_copula,empirical_copula,-45.0,optimal,371.65175511491407,24056.81272689538,-124.32841483628681,-30.95429709376245,14.045702906237551,False,1.0,1.0,0.06396484375,1.0,-30.954297093762307,0.0,-0.0,0.0,-0.0,TRUE_LAW_RISK_VIOLATION
CRR-STAGEII-CONFIRM-2026-07-22,21c5b970e734ed79636df2f3882d4d85460c5efa40b88e59b9b9a3f34a25c0ff,202607225008,empirical_copula,empirical_copula,-45.0,optimal,374.75172671603957,24272.291910789005,-126.16604236035624,-43.93202575841639,1.067974241583613,False,0.9480953135285672,1.0547462746949532,0.063720703125,0.9733367266167751,-36.18791808224829,0.02666327338322494,-7.744107676167978,0.0,-0.0,TRUE_LAW_RISK_VIOLATION
CRR-STAGEII-CONFIRM-2026-07-22,21c5b970e734ed79636df2f3882d4d85460c5efa40b88e59b9b9a3f34a25c0ff,202607225009,empirical_copula,empirical_copula,-45.0,optimal,378.10329735021173,23493.60520651214,-124.32841483628681,-57.55177305678454,0.0,True,1.0,1.0,0.06575520833333333,1.0,-57.5517730567845,0.0,-0.0,0.0,-0.0,FEASIBLE
CRR-STAGEII-CONFIRM-2026-07-22,21c5b970e734ed79636df2f3882d4d85460c5efa40b88e59b9b9a3f34a25c0ff,202607225010,empirical_copula,empirical_copula,-45.0,optimal,376.6265292000621,23805.866724262054,-124.32841483628681,-46.799601922796896,0.0,True,1.0,1.0,0.061686197916666664,1.0,-46.79960192279678,0.0,-0.0,0.0,-0.0,FEASIBLE
CRR-STAGEII-CONFIRM-2026-07-22,21c5b970e734ed79636df2f3882d4d85460c5efa40b88e59b9b9a3f34a25c0ff,202607225011,empirical_copula,empirical_copula,-45.0,optimal,373.7788231494061,23346.01376534872,-127.2964903381166,-50.65788371074554,0.0,True,0.9175780155923456,1.0898255875871727,0.064453125,0.9569343583012475,-38.2857542024626,0.04306564169875249,-12.372129508282818,0.0,-0.0,FEASIBLE
CRR-STAGEII-CONFIRM-2026-07-22,21c5b970e734ed79636df2f3882d4d85460c5efa40b88e59b9b9a3f34a25c0ff,202607225012,empirical_copula,empirical_copula,-45.0,optimal,376.91353289175925,24279.068535355633,-124.32841483628681,-36.61333453270332,8.38666546729668,False,1.0,1.0,0.059326171875,1.0,-36.61333453270317,0.0,-0.0,0.0,-0.0,TRUE_LAW_RISK_VIOLATION
CRR-STAGEII-CONFIRM-2026-07-22,21c5b970e734ed79636df2f3882d4d85460c5efa40b88e59b9b9a3f34a25c0ff,202607225013,empirical_copula,empirical_copula,-45.0,optimal,375.2325842573304,23655.55090837526,-124.32841483628681,-36.04743078880922,8.952569211190777,False,1.0,1.0,0.059326171875,1.0,-36.04743078880909,0.0,-0.0,0.0,-0.0,TRUE_LAW_RISK_VIOLATION
CRR-STAGEII-CONFIRM-2026-07-22,21c5b970e734ed79636df2f3882d4d85460c5efa40b88e59b9b9a3f34a25c0ff,202607225014,empirical_copula,empirical_copula,-45.0,optimal,376.91523880541996,22516.253783706503,-129.32507847172283,-61.769191741535906,0.0,True,0.8655130462124991,1.1553840862087732,0.06315104166666667,0.9275003194223947,-41.30714211933855,0.07249968057760525,-20.46204962219726,0.0,-0.0,FEASIBLE
CRR-STAGEII-CONFIRM-2026-07-22,21c5b970e734ed79636df2f3882d4d85460c5efa40b88e59b9b9a3f34a25c0ff,202607225015,empirical_copula,empirical_copula,-45.0,optimal,376.19110681519703,22355.88852705499,-131.89541918239837,-60.64117545283153,0.0,True,0.8045209104536732,1.2429757722967016,0.06103515625,0.890205657604854,-28.059461114522982,0.10979434239514596,-32.58171433830845,0.0,-0.0,FEASIBLE
CRR-STAGEII-CONFIRM-2026-07-22,21c5b970e734ed79636df2f3882d4d85460c5efa40b88e59b9b9a3f34a25c0ff,202607225016,empirical_copula,empirical_copula,-45.0,optimal,373.2857279188511,23776.322123243233,-124.32841483628681,-42.83827571553829,2.1617242844617124,False,1.0,1.0,0.064697265625,1.0,-42.83827571553816,0.0,-0.0,0.0,-0.0,TRUE_LAW_RISK_VIOLATION
CRR-STAGEII-CONFIRM-2026-07-22,21c5b970e734ed79636df2f3882d4d85460c5efa40b88e59b9b9a3f34a25c0ff,202607225017,empirical_copula,empirical_copula,-45.0,optimal,374.74244142235966,22972.03422212749,-128.34675612622956,-55.91445615938716,0.0,True,0.8901896579339579,1.1233561197744097,0.060872395833333336,0.9416954029271517,-39.27478940239947,0.058304597072848297,-16.639666756987598,0.0,-0.0,FEASIBLE
CRR-STAGEII-CONFIRM-2026-07-22,21c5b970e734ed79636df2f3882d4d85460c5efa40b88e59b9b9a3f34a25c0ff,202607225018,empirical_copula,empirical_copula,-45.0,optimal,373.7937337982253,23684.888066666022,-128.34675612622956,-48.968893148868034,0.0,True,0.8901896579339579,1.1233561197744097,0.06339518229166667,0.9416954029271517,-31.814064044658885,0.058304597072848297,-17.154829104209036,0.0,-0.0,FEASIBLE
CRR-STAGEII-CONFIRM-2026-07-22,21c5b970e734ed79636df2f3882d4d85460c5efa40b88e59b9b9a3f34a25c0ff,202607225019,empirical_copula,empirical_copula,-45.0,optimal,378.2097585130498,21582.966657267723,-132.35306002360596,-74.77169721507656,0.0,True,0.7942449300740388,1.259057454615141,0.05908203125,0.8835654638220436,-42.35053798750777,0.1164345361779564,-32.421159227568715,0.0,-0.0,FEASIBLE
CRR-STAGEII-CONFIRM-2026-07-22,21c5b970e734ed79636df2f3882d4d85460c5efa40b88e59b9b9a3f34a25c0ff,202607225020,empirical_copula,empirical_copula,-45.0,optimal,375.1630744989372,23247.09021084877,-124.9458655517893,-41.113742646788026,3.886257353211974,False,0.9822425784107178,1.0180784482159324,0.059814453125,0.991041025990048,-38.52865192804864,0.008958974009952048,-2.585090718739248,0.0,-0.0,TRUE_LAW_RISK_VIOLATION
CRR-STAGEII-CONFIRM-2026-07-22,21c5b970e734ed79636df2f3882d4d85460c5efa40b88e59b9b9a3f34a25c0ff,202607225021,empirical_copula,empirical_copula,-45.0,optimal,373.43368761624254,23664.414936806385,-124.32841483628681,-41.14056448385601,3.8594355161439893,False,1.0,1.0,0.061360677083333336,1.0,-41.14056448385589,0.0,-0.0,0.0,-0.0,TRUE_LAW_RISK_VIOLATION
CRR-STAGEII-CONFIRM-2026-07-22,21c5b970e734ed79636df2f3882d4d85460c5efa40b88e59b9b9a3f34a25c0ff,202607225022,empirical_copula,empirical_copula,-45.0,optimal,378.195807134148,22086.269880770742,-132.35306002360596,-74.34516860168004,0.0,True,0.7942449300740388,1.259057454615141,0.062255859375,0.8835654638220436,-41.85052498355536,0.1164345361779564,-32.494643618124606,0.0,-0.0,FEASIBLE
CRR-STAGEII-CONFIRM-2026-07-22,21c5b970e734ed79636df2f3882d4d85460c5efa40b88e59b9b9a3f34a25c0ff,202607225023,empirical_copula,empirical_copula,-45.0,optimal,375.49936005442976,22317.06390887165,-130.2386047878799,-57.97109203293826,0.0,True,0.8431985054116573,1.1859603564071675,0.059895833333333336,0.9142454015506131,-32.9561978363827,0.08575459844938693,-25.014894196555453,0.0,-0.0,FEASIBLE
CRR-STAGEII-CONFIRM-2026-07-22,21c5b970e734ed79636df2f3882d4d85460c5efa40b88e59b9b9a3f34a25c0ff,202607225024,empirical_copula,empirical_copula,-45.0,optimal,374.93426011912413,23471.872425274214,-124.9458655517893,-47.77589810943712,0.0,True,0.9822425784107178,1.0180784482159324,0.06998697916666667,0.991041025990048,-45.258657851573524,0.008958974009952048,-2.5172402578634916,0.0,-0.0,FEASIBLE
CRR-STAGEII-CONFIRM-2026-07-22,21c5b970e734ed79636df2f3882d4d85460c5efa40b88e59b9b9a3f34a25c0ff,202607225025,empirical_copula,empirical_copula,-45.0,optimal,375.96362135025623,24283.085886664056,-124.32841483628681,-41.14056448385604,3.859435516143961,False,1.0,1.0,0.060384114583333336,1.0,-41.14056448385588,0.0,-0.0,0.0,-0.0,TRUE_LAW_RISK_VIOLATION
CRR-STAGEII-CONFIRM-2026-07-22,21c5b970e734ed79636df2f3882d4d85460c5efa40b88e59b9b9a3f34a25c0ff,202607225026,empirical_copula,empirical_copula,-45.0,optimal,375.68463788083693,22705.07258137685,-128.34675612622956,-51.44945136691058,0.0,True,0.8901896579339579,1.1233561197744097,0.06306966145833333,0.9416954029271517,-34.47860881528051,0.058304597072848297,-16.970842551629953,0.0,-0.0,FEASIBLE
CRR-STAGEII-CONFIRM-2026-07-22,21c5b970e734ed79636df2f3882d4d85460c5efa40b88e59b9b9a3f34a25c0ff,202607225027,empirical_copula,empirical_copula,-45.0,optimal,378.79271507464273,22043.646377262667,-131.89541918239837,-72.80653413836734,0.0,True,0.8045209104536732,1.2429757722967016,0.061930338541666664,0.890205657604854,-42.16504111980299,0.10979434239514596,-30.64149301856425,0.0,-0.0,FEASIBLE
CRR-STAGEII-CONFIRM-2026-07-22,21c5b970e734ed79636df2f3882d4d85460c5efa40b88e59b9b9a3f34a25c0ff,202607225028,empirical_copula,empirical_copula,-45.0,optimal,375.6649536936751,24930.69408861208,-124.32841483628681,-27.558874630397938,17.441125369602062,False,1.0,1.0,0.061442057291666664,1.0,-27.55887463039779,0.0,-0.0,0.0,-0.0,TRUE_LAW_RISK_VIOLATION
CRR-STAGEII-CONFIRM-2026-07-22,21c5b970e734ed79636df2f3882d4d85460c5efa40b88e59b9b9a3f34a25c0ff,202607225029,empirical_copula,empirical_copula,-45.0,optimal,376.7686369074216,25263.944260410495,-124.32841483628681,-31.52020083765653,13.479799162343468,False,1.0,1.0,0.06315104166666667,1.0,-31.520200837656393,0.0,-0.0,0.0,-0.0,TRUE_LAW_RISK_VIOLATION
CRR-STAGEII-CONFIRM-2026-07-22,21c5b970e734ed79636df2f3882d4d85460c5efa40b88e59b9b9a3f34a25c0ff,202607225030,empirical_copula,empirical_copula,-45.0,optimal,374.17307217203984,22797.343457861218,-129.32507847172283,-57.457113865141,0.0,True,0.8655130462124991,1.1553840862087732,0.063232421875,0.9275003194223947,-36.583258990321674,0.07249968057760525,-20.873854874819212,0.0,-0.0,FEASIBLE
CRR-STAGEII-CONFIRM-2026-07-22,21c5b970e734ed79636df2f3882d4d85460c5efa40b88e59b9b9a3f34a25c0ff,202607225031,empirical_copula,empirical_copula,-45.0,optimal,373.3602786318027,23829.44870336539,-124.32841483628681,-32.08610458155064,12.913895418449357,False,1.0,1.0,0.056803385416666664,1.0,-32.08610458155048,0.0,-0.0,0.0,-0.0,TRUE_LAW_RISK_VIOLATION
CRR-STAGEII-CONFIRM-2026-07-22,21c5b970e734ed79636df2f3882d4d85460c5efa40b88e59b9b9a3f34a25c0ff,202607225032,empirical_copula,empirical_copula,-45.0,optimal,373.0815066003712,22150.514829148582,-130.2386047878799,-63.53013147562608,0.0,True,0.8431985054116573,1.1859603564071675,0.06502278645833333,0.9142454015506131,-39.164696583288055,0.08575459844938693,-24.36543489233793,0.0,-0.0,FEASIBLE
CRR-STAGEII-CONFIRM-2026-07-22,21c5b970e734ed79636df2f3882d4d85460c5efa40b88e59b9b9a3f34a25c0ff,202607225033,empirical_copula,empirical_copula,-45.0,optimal,374.4326595653572,22105.559751263154,-130.2386047878799,-56.5813321722663,0.0,True,0.8431985054116573,1.1859603564071675,0.061848958333333336,0.9142454015506131,-31.404073149656362,0.08575459844938693,-25.17725902260983,0.0,-0.0,FEASIBLE
CRR-STAGEII-CONFIRM-2026-07-22,21c5b970e734ed79636df2f3882d4d85460c5efa40b88e59b9b9a3f34a25c0ff,202607225034,empirical_copula,empirical_copula,-45.0,optimal,373.95972763519455,24305.920613428043,-124.9458655517893,-42.7792815124503,2.2207184875497035,False,0.9822425784107178,1.0180784482159324,0.06551106770833333,0.991041025990048,-40.21115340892985,0.008958974009952048,-2.5681281035203094,0.0,-0.0,TRUE_LAW_RISK_VIOLATION
CRR-STAGEII-CONFIRM-2026-07-22,21c5b970e734ed79636df2f3882d4d85460c5efa40b88e59b9b9a3f34a25c0ff,202607225035,empirical_copula,empirical_copula,-45.0,optimal,380.2308017062046,24842.63492938813,-124.32841483628681,-46.799601922796896,0.0,True,1.0,1.0,0.068359375,1.0,-46.79960192279679,0.0,-0.0,0.0,-0.0,FEASIBLE
CRR-STAGEII-CONFIRM-2026-07-22,21c5b970e734ed79636df2f3882d4d85460c5efa40b88e59b9b9a3f34a25c0ff,202607225036,empirical_copula,empirical_copula,-45.0,optimal,378.9293622196052,23536.868054064078,-126.16604236035624,-50.33987120791821,0.0,True,0.9480953135285672,1.0547462746949532,0.059000651041666664,0.9733367266167751,-42.79769685419291,0.02666327338322494,-7.542174353725197,0.0,-0.0,FEASIBLE
CRR-STAGEII-CONFIRM-2026-07-22,21c5b970e734ed79636df2f3882d4d85460c5efa40b88e59b9b9a3f34a25c0ff,202607225037,empirical_copula,empirical_copula,-45.0,optimal,379.16418321776405,23033.99496250354,-124.32841483628681,-54.15635059342003,0.0,True,1.0,1.0,0.085693359375,1.0,-54.15635059341995,0.0,-0.0,0.0,-0.0,FEASIBLE
CRR-STAGEII-CONFIRM-2026-07-22,21c5b970e734ed79636df2f3882d4d85460c5efa40b88e59b9b9a3f34a25c0ff,202607225038,empirical_copula,empirical_copula,-45.0,optimal,377.07169333495324,21225.920719790407,-130.2386047878799,-67.69941105764194,0.0,True,0.8431985054116573,1.1859603564071675,0.08846028645833333,0.9142454015506131,-43.82107064346709,0.08575459844938693,-23.878340414174772,0.0,-0.0,FEASIBLE
CRR-STAGEII-CONFIRM-2026-07-22,21c5b970e734ed79636df2f3882d4d85460c5efa40b88e59b9b9a3f34a25c0ff,202607225039,empirical_copula,empirical_copula,-45.0,optimal,377.602412390855,23882.004807297453,-124.32841483628681,-36.04743078880924,8.952569211190763,False,1.0,1.0,0.059326171875,1.0,-36.04743078880909,0.0,-0.0,0.0,-0.0,TRUE_LAW_RISK_VIOLATION
CRR-STAGEII-CONFIRM-2026-07-22,21c5b970e734ed79636df2f3882d4d85460c5efa40b88e59b9b9a3f34a25c0ff,202607225040,empirical_copula,empirical_copula,-45.0,optimal,377.8337826875553,22126.601894202693,-129.32507847172283,-62.727431269623665,0.0,True,0.8655130462124991,1.1553840862087732,0.060139973958333336,0.9275003194223947,-42.35689392578674,0.07249968057760525,-20.370537343836833,0.0,-0.0,FEASIBLE
CRR-STAGEII-CONFIRM-2026-07-22,21c5b970e734ed79636df2f3882d4d85460c5efa40b88e59b9b9a3f34a25c0ff,202607225041,empirical_copula,empirical_copula,-45.0,optimal,377.0696275403601,23073.392764821878,-129.32507847172283,-57.457113865141,0.0,True,0.8655130462124991,1.1553840862087732,0.063232421875,0.9275003194223947,-36.58325899032168,0.07249968057760525,-20.87385487481921,0.0,-0.0,FEASIBLE
CRR-STAGEII-CONFIRM-2026-07-22,21c5b970e734ed79636df2f3882d4d85460c5efa40b88e59b9b9a3f34a25c0ff,202607225042,empirical_copula,empirical_copula,-45.0,optimal,375.233418794542,23387.86140891993,-126.16604236035624,-48.737909845542745,0.0,True,0.9480953135285672,1.0547462746949532,0.057047526041666664,0.9733367266167751,-41.14525216120675,0.02666327338322494,-7.592657684335892,0.0,-0.0,FEASIBLE
CRR-STAGEII-CONFIRM-2026-07-22,21c5b970e734ed79636df2f3882d4d85460c5efa40b88e59b9b9a3f34a25c0ff,202607225043,empirical_copula,empirical_copula,-45.0,optimal,376.3952012117752,22663.063056463216,-131.09356606437396,-64.28137156650038,0.0,True,0.822951157017862,1.2151389441187639,0.06722005208333333,0.9018402400319447,-36.08150701271346,0.09815975996805526,-28.19986455378684,0.0,-0.0,FEASIBLE
CRR-STAGEII-CONFIRM-2026-07-22,21c5b970e734ed79636df2f3882d4d85460c5efa40b88e59b9b9a3f34a25c0ff,202607225044,empirical_copula,empirical_copula,-45.0,optimal,373.9334076654549,24589.404022267754,-124.32841483628681,-32.65200832544471,12.347991674555288,False,1.0,1.0,0.06754557291666667,1.0,-32.65200832544457,0.0,-0.0,0.0,-0.0,TRUE_LAW_RISK_VIOLATION
CRR-STAGEII-CONFIRM-2026-07-22,21c5b970e734ed79636df2f3882d4d85460c5efa40b88e59b9b9a3f34a25c0ff,202607225045,empirical_copula,empirical_copula,-45.0,optimal,375.4245319827203,23683.314127766775,-124.32841483628681,-44.53598694722055,0.4640130527794497,False,1.0,1.0,0.06648763020833333,1.0,-44.53598694722043,0.0,-0.0,0.0,-0.0,TRUE_LAW_RISK_VIOLATION
CRR-STAGEII-CONFIRM-2026-07-22,21c5b970e734ed79636df2f3882d4d85460c5efa40b88e59b9b9a3f34a25c0ff,202607225046,empirical_copula,empirical_copula,-45.0,optimal,377.930218066246,23198.91688800602,-127.2964903381166,-54.25835516303813,0.0,True,0.9175780155923456,1.0898255875871727,0.06770833333333333,0.9569343583012475,-42.076483354627555,0.04306564169875249,-12.181871808410486,0.0,-0.0,FEASIBLE
CRR-STAGEII-CONFIRM-2026-07-22,21c5b970e734ed79636df2f3882d4d85460c5efa40b88e59b9b9a3f34a25c0ff,202607225047,empirical_copula,empirical_copula,-45.0,optimal,372.4530553195658,11582.346979291417,-193.2482169047594,-136.32786733531864,0.0,True,1.0,1.0,0.057861328125,0.0,-0.0,1.0,-136.32786733531879,0.0,-0.0,FEASIBLE
CRR-STAGEII-CONFIRM-2026-07-22,21c5b970e734ed79636df2f3882d4d85460c5efa40b88e59b9b9a3f34a25c0ff,202607225048,empirical_copula,empirical_copula,-45.0,optimal,377.55219967749156,24500.66187188353,-124.32841483628681,-34.91562330102106,10.084376698978943,False,1.0,1.0,0.057698567708333336,1.0,-34.915623301020915,0.0,-0.0,0.0,-0.0,TRUE_LAW_RISK_VIOLATION
CRR-STAGEII-CONFIRM-2026-07-22,21c5b970e734ed79636df2f3882d4d85460c5efa40b88e59b9b9a3f34a25c0ff,202607225049,empirical_copula,empirical_copula,-45.0,optimal,376.6406957134408,24549.455652172208,-124.32841483628681,-29.822489605974283,15.177510394025717,False,1.0,1.0,0.061848958333333336,1.0,-29.822489605974134,0.0,-0.0,0.0,-0.0,TRUE_LAW_RISK_VIOLATION
CRR-STAGEII-CONFIRM-2026-07-22,21c5b970e734ed79636df2f3882d4d85460c5efa40b88e59b9b9a3f34a25c0ff,202607225050,empirical_copula,empirical_copula,-45.0,optimal,378.4867291643539,23221.36990676469,-130.2386047878799,-57.5078387460476,0.0,True,0.8431985054116573,1.1859603564071675,0.06689453125,0.9142454015506131,-32.43882294080725,0.08575459844938693,-25.069015805240248,0.0,-0.0,FEASIBLE
CRR-STAGEII-CONFIRM-2026-07-22,21c5b970e734ed79636df2f3882d4d85460c5efa40b88e59b9b9a3f34a25c0ff,202607225051,empirical_copula,empirical_copula,-45.0,optimal,373.9846228135855,24263.37362815667,-124.32841483628681,-38.31104576438558,6.688954235614418,False,1.0,1.0,0.062174479166666664,1.0,-38.31104576438544,0.0,-0.0,0.0,-0.0,TRUE_LAW_RISK_VIOLATION
CRR-STAGEII-CONFIRM-2026-07-22,21c5b970e734ed79636df2f3882d4d85460c5efa40b88e59b9b9a3f34a25c0ff,202607225052,empirical_copula,empirical_copula,-45.0,optimal,372.9281399731544,24737.85435688554,-124.32841483628681,-30.95429709376245,14.045702906237551,False,1.0,1.0,0.062093098958333336,1.0,-30.954297093762307,0.0,-0.0,0.0,-0.0,TRUE_LAW_RISK_VIOLATION
CRR-STAGEII-CONFIRM-2026-07-22,21c5b970e734ed79636df2f3882d4d85460c5efa40b88e59b9b9a3f34a25c0ff,202607225053,empirical_copula,empirical_copula,-45.0,optimal,373.7508839481661,22304.75188567432,-129.32507847172283,-63.20655103366754,0.0,True,0.8655130462124991,1.1553840862087732,0.06673177083333333,0.9275003194223947,-42.881769829010835,0.07249968057760525,-20.324781204656617,0.0,-0.0,FEASIBLE
CRR-STAGEII-CONFIRM-2026-07-22,21c5b970e734ed79636df2f3882d4d85460c5efa40b88e59b9b9a3f34a25c0ff,202607225054,empirical_copula,empirical_copula,-45.0,optimal,368.7374374349554,11648.269557631356,-193.2482169047594,-128.8175434337952,0.0,True,1.0,1.0,0.0576171875,0.0,-0.0,1.0,-128.81754343379583,0.0,-0.0,FEASIBLE
CRR-STAGEII-CONFIRM-2026-07-22,21c5b970e734ed79636df2f3882d4d85460c5efa40b88e59b9b9a3f34a25c0ff,202607225055,empirical_copula,empirical_copula,-45.0,optimal,381.6377940811344,23981.201326924063,-126.16604236035624,-46.06797424158367,0.0,True,0.9480953135285672,1.0547462746949532,0.072265625,0.9733367266167751,-38.39117767289649,0.02666327338322494,-7.67679656868705,0.0,-0.0,FEASIBLE
CRR-STAGEII-CONFIRM-2026-07-22,21c5b970e734ed79636df2f3882d4d85460c5efa40b88e59b9b9a3f34a25c0ff,202607225056,empirical_copula,empirical_copula,-45.0,optimal,379.91848473301843,21989.214573421814,-131.09356606437396,-67.42019949593069,0.0,True,0.822951157017862,1.2151389441187639,0.06306966145833333,0.9018402400319447,-39.65399039031241,0.09815975996805526,-27.766209105618202,0.0,-0.0,FEASIBLE
CRR-STAGEII-CONFIRM-2026-07-22,21c5b970e734ed79636df2f3882d4d85460c5efa40b88e59b9b9a3f34a25c0ff,202607225057,empirical_copula,empirical_copula,-45.0,optimal,378.0775343386337,24709.664928753275,-124.32841483628681,-32.08610458155063,12.913895418449371,False,1.0,1.0,0.059895833333333336,1.0,-32.08610458155049,0.0,-0.0,0.0,-0.0,TRUE_LAW_RISK_VIOLATION
CRR-STAGEII-CONFIRM-2026-07-22,21c5b970e734ed79636df2f3882d4d85460c5efa40b88e59b9b9a3f34a25c0ff,202607225058,empirical_copula,empirical_copula,-45.0,optimal,375.51548045833476,22204.50448149949,-130.2386047878799,-64.91989133629804,0.0,True,0.8431985054116573,1.1859603564071675,0.06494140625,0.9142454015506131,-40.7168212700144,0.08575459844938693,-24.20307006628355,0.0,-0.0,FEASIBLE
CRR-STAGEII-CONFIRM-2026-07-22,21c5b970e734ed79636df2f3882d4d85460c5efa40b88e59b9b9a3f34a25c0ff,202607225059,empirical_copula,empirical_copula,-45.0,optimal,371.09173864202666,22900.234108337037,-127.2964903381166,-47.05741225845294,0.0,True,0.9175780155923456,1.0898255875871727,0.063720703125,0.9569343583012475,-34.49502505029765,0.04306564169875249,-12.562387208155151,0.0,-0.0,FEASIBLE
CRR-STAGEII-CONFIRM-2026-07-22,21c5b970e734ed79636df2f3882d4d85460c5efa40b88e59b9b9a3f34a25c0ff,202607225060,empirical_copula,empirical_copula,-45.0,optimal,375.0036403776455,23500.911690765166,-124.32841483628681,-42.83827571553829,2.1617242844617124,False,1.0,1.0,0.060709635416666664,1.0,-42.83827571553816,0.0,-0.0,0.0,-0.0,TRUE_LAW_RISK_VIOLATION
CRR-STAGEII-CONFIRM-2026-07-22,21c5b970e734ed79636df2f3882d4d85460c5efa40b88e59b9b9a3f34a25c0ff,202607225061,empirical_copula,empirical_copula,-45.0,optimal,372.0259796812317,23713.260871700204,-127.2964903381166,-36.25599790157513,8.744002098424872,False,0.9175780155923456,1.0898255875871727,0.060139973958333336,0.9569343583012475,-23.122837593802874,0.04306564169875249,-13.133160307772153,0.0,-0.0,TRUE_LAW_RISK_VIOLATION
CRR-STAGEII-CONFIRM-2026-07-22,21c5b970e734ed79636df2f3882d4d85460c5efa40b88e59b9b9a3f34a25c0ff,202607225062,empirical_copula,empirical_copula,-45.0,optimal,373.5056590135916,22923.98341819336,-124.32841483628681,-43.97008320332645,1.0299167966735467,False,1.0,1.0,0.06282552083333333,1.0,-43.97008320332634,0.0,-0.0,0.0,-0.0,TRUE_LAW_RISK_VIOLATION
CRR-STAGEII-CONFIRM-2026-07-22,21c5b970e734ed79636df2f3882d4d85460c5efa40b88e59b9b9a3f34a25c0ff,202607225063,empirical_copula,empirical_copula,-45.0,optimal,375.5399895168748,24022.994292321033,-126.16604236035624,-39.12614167129004,5.873858328709957,False,0.9480953135285672,1.0547462746949532,0.058024088541666664,0.9733367266167751,-31.230584003289852,0.02666327338322494,-7.89555766800006,0.0,-0.0,TRUE_LAW_RISK_VIOLATION
CRR-STAGEII-CONFIRM-2026-07-22,21c5b970e734ed79636df2f3882d4d85460c5efa40b88e59b9b9a3f34a25c0ff,202607225064,empirical_copula,empirical_copula,-45.0,optimal,377.88913050007534,23128.05418473265,-124.9458655517893,-52.21733508453653,0.0,True,0.9822425784107178,1.0180784482159324,0.059488932291666664,0.991041025990048,-49.7453284672568,0.008958974009952048,-2.472006617279652,0.0,-0.0,FEASIBLE
CRR-STAGEII-CONFIRM-2026-07-22,21c5b970e734ed79636df2f3882d4d85460c5efa40b88e59b9b9a3f34a25c0ff,202607225001,empirical_copula,empirical_copula,-30.0,optimal,376.38826932459057,23827.411093822808,-124.51816349561571,-41.81477043695182,0.0,True,0.9945087988842298,1.0055215208974833,0.06282552083333333,0.9972468194389129,-41.02729708144679,0.0027531805610870874,-0.7874733555049118,0.0,-0.0,FEASIBLE
CRR-STAGEII-CONFIRM-2026-07-22,21c5b970e734ed79636df2f3882d4d85460c5efa40b88e59b9b9a3f34a25c0ff,202607225002,empirical_copula,empirical_copula,-30.0,optimal,375.69001762516086,23824.08117315635,-124.32841483628681,-41.70646822775009,0.0,True,1.0,1.0,0.060791015625,1.0,-41.70646822774998,0.0,-0.0,0.0,-0.0,FEASIBLE
CRR-STAGEII-CONFIRM-2026-07-22,21c5b970e734ed79636df2f3882d4d85460c5efa40b88e59b9b9a3f34a25c0ff,202607225003,empirical_copula,empirical_copula,-30.0,optimal,368.2941472756494,24347.317169284885,-124.51816349561571,-27.186959419773174,2.8130405802268257,False,0.9945087988842298,1.0055215208974833,0.06705729166666667,0.9972468194389129,-26.354308655066042,0.0027531805610870874,-0.8326507647070052,0.0,-0.0,TRUE_LAW_RISK_VIOLATION
CRR-STAGEII-CONFIRM-2026-07-22,21c5b970e734ed79636df2f3882d4d85460c5efa40b88e59b9b9a3f34a25c0ff,202607225004,empirical_copula,empirical_copula,-30.0,optimal,370.93505553118473,23328.260114284305,-125.62761556910377,-38.1500808723669,0.0,True,0.9630089006861282,1.038412001475289,0.060872395833333336,0.9811490936737428,-32.59172432056571,0.01885090632625719,-5.558356551801054,0.0,-0.0,FEASIBLE
CRR-STAGEII-CONFIRM-2026-07-22,21c5b970e734ed79636df2f3882d4d85460c5efa40b88e59b9b9a3f34a25c0ff,202607225005,empirical_copula,empirical_copula,-30.0,optimal,377.03485892770505,24868.202015999283,-124.32841483628681,-29.2565858620802,0.7434141379197996,False,1.0,1.0,0.061767578125,1.0,-29.256585862080048,0.0,-0.0,0.0,-0.0,TRUE_LAW_RISK_VIOLATION
CRR-STAGEII-CONFIRM-2026-07-22,21c5b970e734ed79636df2f3882d4d85460c5efa40b88e59b9b9a3f34a25c0ff,202607225006,empirical_copula,empirical_copula,-30.0,optimal,375.18592365259235,25192.79306076432,-124.32841483628681,-31.52020083765653,0.0,True,1.0,1.0,0.062093098958333336,1.0,-31.520200837656393,0.0,-0.0,0.0,-0.0,FEASIBLE
CRR-STAGEII-CONFIRM-2026-07-22,21c5b970e734ed79636df2f3882d4d85460c5efa40b88e59b9b9a3f34a25c0ff,202607225007,empirical_copula,empirical_copula,-30.0,optimal,371.65175511491407,24056.81272689538,-124.32841483628681,-30.95429709376245,0.0,True,1.0,1.0,0.06396484375,1.0,-30.954297093762307,0.0,-0.0,0.0,-0.0,FEASIBLE
CRR-STAGEII-CONFIRM-2026-07-22,21c5b970e734ed79636df2f3882d4d85460c5efa40b88e59b9b9a3f34a25c0ff,202607225008,empirical_copula,empirical_copula,-30.0,optimal,374.9453489841046,24855.29529072949,-124.32841483628681,-37.17923827659742,0.0,True,1.0,1.0,0.063720703125,1.0,-37.17923827659726,0.0,-0.0,0.0,-0.0,FEASIBLE
CRR-STAGEII-CONFIRM-2026-07-22,21c5b970e734ed79636df2f3882d4d85460c5efa40b88e59b9b9a3f34a25c0ff,202607225009,empirical_copula,empirical_copula,-30.0,optimal,378.10329735021173,23493.60520651214,-124.32841483628681,-57.55177305678454,0.0,True,1.0,1.0,0.06575520833333333,1.0,-57.5517730567845,0.0,-0.0,0.0,-0.0,FEASIBLE
CRR-STAGEII-CONFIRM-2026-07-22,21c5b970e734ed79636df2f3882d4d85460c5efa40b88e59b9b9a3f34a25c0ff,202607225010,empirical_copula,empirical_copula,-30.0,optimal,376.6265292000621,23805.866724262054,-124.32841483628681,-46.799601922796896,0.0,True,1.0,1.0,0.061686197916666664,1.0,-46.79960192279678,0.0,-0.0,0.0,-0.0,FEASIBLE
CRR-STAGEII-CONFIRM-2026-07-22,21c5b970e734ed79636df2f3882d4d85460c5efa40b88e59b9b9a3f34a25c0ff,202607225011,empirical_copula,empirical_copula,-30.0,optimal,374.0422680694311,24235.53434275558,-124.32841483628681,-40.00875699606786,0.0,True,1.0,1.0,0.064453125,1.0,-40.00875699606771,0.0,-0.0,0.0,-0.0,FEASIBLE
CRR-STAGEII-CONFIRM-2026-07-22,21c5b970e734ed79636df2f3882d4d85460c5efa40b88e59b9b9a3f34a25c0ff,202607225012,empirical_copula,empirical_copula,-30.0,optimal,376.91353289175925,24279.068535355633,-124.32841483628681,-36.61333453270332,0.0,True,1.0,1.0,0.059326171875,1.0,-36.61333453270317,0.0,-0.0,0.0,-0.0,FEASIBLE
CRR-STAGEII-CONFIRM-2026-07-22,21c5b970e734ed79636df2f3882d4d85460c5efa40b88e59b9b9a3f34a25c0ff,202607225013,empirical_copula,empirical_copula,-30.0,optimal,375.2325842573304,23655.55090837526,-124.32841483628681,-36.04743078880922,0.0,True,1.0,1.0,0.059326171875,1.0,-36.04743078880909,0.0,-0.0,0.0,-0.0,FEASIBLE
CRR-STAGEII-CONFIRM-2026-07-22,21c5b970e734ed79636df2f3882d4d85460c5efa40b88e59b9b9a3f34a25c0ff,202607225014,empirical_copula,empirical_copula,-30.0,optimal,377.31507665165816,23602.916995333806,-125.62761556910377,-49.01685536885596,0.0,True,0.9630089006861282,1.038412001475289,0.06315104166666667,0.9811490936737428,-43.69644322913096,0.01885090632625719,-5.320412139724876,0.0,-0.0,FEASIBLE
CRR-STAGEII-CONFIRM-2026-07-22,21c5b970e734ed79636df2f3882d4d85460c5efa40b88e59b9b9a3f34a25c0ff,202607225015,empirical_copula,empirical_copula,-30.0,optimal,376.5190503536073,23358.508971019877,-128.54247266519909,-47.73764507973556,0.0,True,0.88518852921572,1.1297028452074536,0.06103515625,0.9388556307122651,-29.59291803761516,0.06114436928773492,-18.144727042120298,0.0,-0.0,FEASIBLE
CRR-STAGEII-CONFIRM-2026-07-22,21c5b970e734ed79636df2f3882d4d85460c5efa40b88e59b9b9a3f34a25c0ff,202607225016,empirical_copula,empirical_copula,-30.0,optimal,373.2857279188511,23776.322123243233,-124.32841483628681,-42.83827571553829,0.0,True,1.0,1.0,0.064697265625,1.0,-42.83827571553816,0.0,-0.0,0.0,-0.0,FEASIBLE
CRR-STAGEII-CONFIRM-2026-07-22,21c5b970e734ed79636df2f3882d4d85460c5efa40b88e59b9b9a3f34a25c0ff,202607225017,empirical_copula,empirical_copula,-30.0,optimal,375.08991452843804,24078.30400914124,-124.51816349561571,-42.37737855299714,0.0,True,0.9945087988842298,1.0055215208974833,0.060872395833333336,0.9972468194389129,-41.59164279015374,0.0027531805610870874,-0.7857357628432928,0.0,-0.0,FEASIBLE
CRR-STAGEII-CONFIRM-2026-07-22,21c5b970e734ed79636df2f3882d4d85460c5efa40b88e59b9b9a3f34a25c0ff,202607225018,empirical_copula,empirical_copula,-30.0,optimal,374.1227733933815,24914.50133909067,-124.51816349561571,-34.50086492836249,0.0,True,0.9945087988842298,1.0055215208974833,0.06339518229166667,0.9972468194389129,-33.690802868256405,0.0027531805610870874,-0.8100620601059584,0.0,-0.0,FEASIBLE
CRR-STAGEII-CONFIRM-2026-07-22,21c5b970e734ed79636df2f3882d4d85460c5efa40b88e59b9b9a3f34a25c0ff,202607225019,empirical_copula,empirical_copula,-30.0,optimal,378.62404443826154,22492.975613565588,-129.06145353334497,-63.76215554993877,0.0,True,0.8720832299603771,1.1466795434713666,0.05908203125,0.9313254165710485,-44.63973983615052,0.0686745834289515,-19.12241571378815,0.0,-0.0,FEASIBLE
CRR-STAGEII-CONFIRM-2026-07-22,21c5b970e734ed79636df2f3882d4d85460c5efa40b88e59b9b9a3f34a25c0ff,202607225020,empirical_copula,empirical_copula,-30.0,optimal,375.21421466085735,23433.579777970375,-124.32841483628681,-38.876949508279665,0.0,True,1.0,1.0,0.059814453125,1.0,-38.87694950827953,0.0,-0.0,0.0,-0.0,FEASIBLE
CRR-STAGEII-CONFIRM-2026-07-22,21c5b970e734ed79636df2f3882d4d85460c5efa40b88e59b9b9a3f34a25c0ff,202607225021,empirical_copula,empirical_copula,-30.0,optimal,373.43368761624254,23664.414936806385,-124.32841483628681,-41.14056448385601,0.0,True,1.0,1.0,0.061360677083333336,1.0,-41.14056448385589,0.0,-0.0,0.0,-0.0,FEASIBLE
CRR-STAGEII-CONFIRM-2026-07-22,21c5b970e734ed79636df2f3882d4d85460c5efa40b88e59b9b9a3f34a25c0ff,202607225022,empirical_copula,empirical_copula,-30.0,optimal,378.6745065699232,23033.30248388215,-129.06145353334497,-63.278457046357985,0.0,True,0.8720832299603771,1.1466795434713666,0.062255859375,0.9313254165710485,-44.11269929612924,0.0686745834289515,-19.16575775022864,0.0,-0.0,FEASIBLE
CRR-STAGEII-CONFIRM-2026-07-22,21c5b970e734ed79636df2f3882d4d85460c5efa40b88e59b9b9a3f34a25c0ff,202607225023,empirical_copula,empirical_copula,-30.0,optimal,375.81938580595386,23360.645726016966,-126.66358665809625,-44.709676230579845,0.0,True,0.9345311388282982,1.07005530201357,0.059895833333333336,0.9661175489231757,-34.826055478662056,0.033882451076824305,-9.883620751917656,0.0,-0.0,FEASIBLE
CRR-STAGEII-CONFIRM-2026-07-22,21c5b970e734ed79636df2f3882d4d85460c5efa40b88e59b9b9a3f34a25c0ff,202607225024,empirical_copula,empirical_copula,-30.0,optimal,375.0012285973927,23650.999436938026,-124.32841483628681,-45.667794435008716,0.0,True,1.0,1.0,0.06998697916666667,1.0,-45.6677944350086,0.0,-0.0,0.0,-0.0,FEASIBLE
CRR-STAGEII-CONFIRM-2026-07-22,21c5b970e734ed79636df2f3882d4d85460c5efa40b88e59b9b9a3f34a25c0ff,202607225025,empirical_copula,empirical_copula,-30.0,optimal,375.96362135025623,24283.085886664056,-124.32841483628681,-41.14056448385604,0.0,True,1.0,1.0,0.060384114583333336,1.0,-41.14056448385588,0.0,-0.0,0.0,-0.0,FEASIBLE
CRR-STAGEII-CONFIRM-2026-07-22,21c5b970e734ed79636df2f3882d4d85460c5efa40b88e59b9b9a3f34a25c0ff,202607225026,empirical_copula,empirical_copula,-30.0,optimal,375.9885662807805,23868.558345232796,-124.51816349561571,-37.31390550858917,0.0,True,0.9945087988842298,1.0055215208974833,0.06306966145833333,0.9972468194389129,-36.51253141179115,0.0027531805610870874,-0.8013740967978638,0.0,-0.0,FEASIBLE
CRR-STAGEII-CONFIRM-2026-07-22,21c5b970e734ed79636df2f3882d4d85460c5efa40b88e59b9b9a3f34a25c0ff,202607225027,empirical_copula,empirical_copula,-30.0,optimal,379.2832198294221,23004.67738434714,-128.54247266519909,-61.53359125286349,0.0,True,0.88518852921572,1.1297028452074536,0.061930338541666664,0.9388556307122651,-44.46937169670643,0.06114436928773492,-17.06421955615697,0.0,-0.0,FEASIBLE
CRR-STAGEII-CONFIRM-2026-07-22,21c5b970e734ed79636df2f3882d4d85460c5efa40b88e59b9b9a3f34a25c0ff,202607225028,empirical_copula,empirical_copula,-30.0,optimal,375.6649536936751,24930.69408861208,-124.32841483628681,-27.558874630397938,2.4411253696020623,False,1.0,1.0,0.061442057291666664,1.0,-27.55887463039779,0.0,-0.0,0.0,-0.0,TRUE_LAW_RISK_VIOLATION
CRR-STAGEII-CONFIRM-2026-07-22,21c5b970e734ed79636df2f3882d4d85460c5efa40b88e59b9b9a3f34a25c0ff,202607225029,empirical_copula,empirical_copula,-30.0,optimal,376.7686369074216,25263.944260410495,-124.32841483628681,-31.52020083765653,0.0,True,1.0,1.0,0.06315104166666667,1.0,-31.520200837656393,0.0,-0.0,0.0,-0.0,FEASIBLE
CRR-STAGEII-CONFIRM-2026-07-22,21c5b970e734ed79636df2f3882d4d85460c5efa40b88e59b9b9a3f34a25c0ff,202607225030,empirical_copula,empirical_copula,-30.0,optimal,374.5808451688613,23913.250318866918,-125.62761556910377,-44.12680684543588,0.0,True,0.9630089006861282,1.038412001475289,0.063232421875,0.9811490936737428,-38.699319720276584,0.01885090632625719,-5.427487125159158,0.0,-0.0,FEASIBLE
CRR-STAGEII-CONFIRM-2026-07-22,21c5b970e734ed79636df2f3882d4d85460c5efa40b88e59b9b9a3f34a25c0ff,202607225031,empirical_copula,empirical_copula,-30.0,optimal,373.3602786318027,23829.44870336539,-124.32841483628681,-32.08610458155064,0.0,True,1.0,1.0,0.056803385416666664,1.0,-32.08610458155048,0.0,-0.0,0.0,-0.0,FEASIBLE
CRR-STAGEII-CONFIRM-2026-07-22,21c5b970e734ed79636df2f3882d4d85460c5efa40b88e59b9b9a3f34a25c0ff,202607225032,empirical_copula,empirical_copula,-30.0,optimal,373.46095606116864,23167.28013540662,-126.66358665809625,-51.01382318654264,0.0,True,0.9345311388282982,1.07005530201357,0.06502278645833333,0.9661175489231757,-41.38680993439092,0.033882451076824305,-9.627013252151608,0.0,-0.0,FEASIBLE
CRR-STAGEII-CONFIRM-2026-07-22,21c5b970e734ed79636df2f3882d4d85460c5efa40b88e59b9b9a3f34a25c0ff,202607225033,empirical_copula,empirical_copula,-30.0,optimal,374.7296189064861,23149.202437039843,-126.66358665809625,-43.133639491589136,0.0,True,0.9345311388282982,1.07005530201357,0.061848958333333336,0.9661175489231757,-33.18586686472984,0.033882451076824305,-9.947772626859168,0.0,-0.0,FEASIBLE
CRR-STAGEII-CONFIRM-2026-07-22,21c5b970e734ed79636df2f3882d4d85460c5efa40b88e59b9b9a3f34a25c0ff,202607225034,empirical_copula,empirical_copula,-30.0,optimal,374.0149127419645,24501.70783599881,-124.32841483628681,-40.57466073996193,0.0,True,1.0,1.0,0.06551106770833333,1.0,-40.57466073996179,0.0,-0.0,0.0,-0.0,FEASIBLE
CRR-STAGEII-CONFIRM-2026-07-22,21c5b970e734ed79636df2f3882d4d85460c5efa40b88e59b9b9a3f34a25c0ff,202607225035,empirical_copula,empirical_copula,-30.0,optimal,380.2308017062046,24842.63492938813,-124.32841483628681,-46.799601922796896,0.0,True,1.0,1.0,0.068359375,1.0,-46.79960192279679,0.0,-0.0,0.0,-0.0,FEASIBLE
CRR-STAGEII-CONFIRM-2026-07-22,21c5b970e734ed79636df2f3882d4d85460c5efa40b88e59b9b9a3f34a25c0ff,202607225036,empirical_copula,empirical_copula,-30.0,optimal,379.1871509809714,24091.016450268442,-124.32841483628681,-43.97008320332645,0.0,True,1.0,1.0,0.059000651041666664,1.0,-43.97008320332635,0.0,-0.0,0.0,-0.0,FEASIBLE
CRR-STAGEII-CONFIRM-2026-07-22,21c5b970e734ed79636df2f3882d4d85460c5efa40b88e59b9b9a3f34a25c0ff,202607225037,empirical_copula,empirical_copula,-30.0,optimal,379.16418321776405,23033.99496250354,-124.32841483628681,-54.15635059342003,0.0,True,1.0,1.0,0.085693359375,1.0,-54.15635059341995,0.0,-0.0,0.0,-0.0,FEASIBLE
CRR-STAGEII-CONFIRM-2026-07-22,21c5b970e734ed79636df2f3882d4d85460c5efa40b88e59b9b9a3f34a25c0ff,202607225038,empirical_copula,empirical_copula,-30.0,optimal,377.5390210557578,22195.254424376773,-126.66358665809625,-55.74193340351475,0.0,True,0.9345311388282982,1.07005530201357,0.08846028645833333,0.9661175489231757,-46.30737577618759,0.033882451076824305,-9.434557627327067,0.0,-0.0,FEASIBLE
CRR-STAGEII-CONFIRM-2026-07-22,21c5b970e734ed79636df2f3882d4d85460c5efa40b88e59b9b9a3f34a25c0ff,202607225039,empirical_copula,empirical_copula,-30.0,optimal,377.602412390855,23882.004807297453,-124.32841483628681,-36.04743078880924,0.0,True,1.0,1.0,0.059326171875,1.0,-36.04743078880909,0.0,-0.0,0.0,-0.0,FEASIBLE
CRR-STAGEII-CONFIRM-2026-07-22,21c5b970e734ed79636df2f3882d4d85460c5efa40b88e59b9b9a3f34a25c0ff,202607225040,empirical_copula,empirical_copula,-30.0,optimal,378.2751083029718,23170.696783642783,-125.62761556910377,-50.10353281850486,0.0,True,0.9630089006861282,1.038412001475289,0.060139973958333336,0.9811490936737428,-44.80691511998749,0.01885090632625719,-5.29661769851726,0.0,-0.0,FEASIBLE
CRR-STAGEII-CONFIRM-2026-07-22,21c5b970e734ed79636df2f3882d4d85460c5efa40b88e59b9b9a3f34a25c0ff,202607225041,empirical_copula,empirical_copula,-30.0,optimal,377.428997226565,24198.507869773144,-125.62761556910377,-44.12680684543588,0.0,True,0.9630089006861282,1.038412001475289,0.063232421875,0.9811490936737428,-38.69931972027659,0.01885090632625719,-5.427487125159157,0.0,-0.0,FEASIBLE
CRR-STAGEII-CONFIRM-2026-07-22,21c5b970e734ed79636df2f3882d4d85460c5efa40b88e59b9b9a3f34a25c0ff,202607225042,empirical_copula,empirical_copula,-30.0,optimal,375.40869662862553,23958.21490536598,-124.32841483628681,-42.272371971644205,0.0,True,1.0,1.0,0.057047526041666664,1.0,-42.27237197164407,0.0,-0.0,0.0,-0.0,FEASIBLE
CRR-STAGEII-CONFIRM-2026-07-22,21c5b970e734ed79636df2f3882d4d85460c5efa40b88e59b9b9a3f34a25c0ff,202607225043,empirical_copula,empirical_copula,-30.0,optimal,376.8061680590958,23676.70102503216,-127.63314292482961,-51.86575596753987,0.0,True,0.9086977863652894,1.1004758842870206,0.06722005208333333,0.9520496578725004,-38.09032341001028,0.0479503421274996,-13.775432557529484,0.0,-0.0,FEASIBLE
CRR-STAGEII-CONFIRM-2026-07-22,21c5b970e734ed79636df2f3882d4d85460c5efa40b88e59b9b9a3f34a25c0ff,202607225044,empirical_copula,empirical_copula,-30.0,optimal,373.9334076654549,24589.404022267754,-124.32841483628681,-32.65200832544471,0.0,True,1.0,1.0,0.06754557291666667,1.0,-32.65200832544457,0.0,-0.0,0.0,-0.0,FEASIBLE
CRR-STAGEII-CONFIRM-2026-07-22,21c5b970e734ed79636df2f3882d4d85460c5efa40b88e59b9b9a3f34a25c0ff,202607225045,empirical_copula,empirical_copula,-30.0,optimal,375.4245319827203,23683.314127766775,-124.32841483628681,-44.53598694722055,0.0,True,1.0,1.0,0.06648763020833333,1.0,-44.53598694722043,0.0,-0.0,0.0,-0.0,FEASIBLE
CRR-STAGEII-CONFIRM-2026-07-22,21c5b970e734ed79636df2f3882d4d85460c5efa40b88e59b9b9a3f34a25c0ff,202607225046,empirical_copula,empirical_copula,-30.0,optimal,378.2837736190578,24076.137635506693,-124.32841483628681,-43.97008320332645,0.0,True,1.0,1.0,0.06770833333333333,1.0,-43.97008320332634,0.0,-0.0,0.0,-0.0,FEASIBLE
CRR-STAGEII-CONFIRM-2026-07-22,21c5b970e734ed79636df2f3882d4d85460c5efa40b88e59b9b9a3f34a25c0ff,202607225047,empirical_copula,empirical_copula,-30.0,optimal,372.4530553195658,11582.346979291417,-193.2482169047594,-136.32786733531864,0.0,True,1.0,1.0,0.057861328125,0.0,-0.0,1.0,-136.32786733531879,0.0,-0.0,FEASIBLE
CRR-STAGEII-CONFIRM-2026-07-22,21c5b970e734ed79636df2f3882d4d85460c5efa40b88e59b9b9a3f34a25c0ff,202607225048,empirical_copula,empirical_copula,-30.0,optimal,377.55219967749156,24500.66187188353,-124.32841483628681,-34.91562330102106,0.0,True,1.0,1.0,0.057698567708333336,1.0,-34.915623301020915,0.0,-0.0,0.0,-0.0,FEASIBLE
CRR-STAGEII-CONFIRM-2026-07-22,21c5b970e734ed79636df2f3882d4d85460c5efa40b88e59b9b9a3f34a25c0ff,202607225049,empirical_copula,empirical_copula,-30.0,optimal,376.6406957134408,24549.455652172208,-124.32841483628681,-29.822489605974283,0.17751039402571678,False,1.0,1.0,0.061848958333333336,1.0,-29.822489605974134,0.0,-0.0,0.0,-0.0,TRUE_LAW_RISK_VIOLATION
CRR-STAGEII-CONFIRM-2026-07-22,21c5b970e734ed79636df2f3882d4d85460c5efa40b88e59b9b9a3f34a25c0ff,202607225050,empirical_copula,empirical_copula,-30.0,optimal,378.8903725906307,24300.534802116395,-126.66358665809625,-44.184330650916266,0.0,True,0.9345311388282982,1.07005530201357,0.06689453125,0.9661175489231757,-34.27932594068465,0.033882451076824305,-9.905004710231493,0.0,-0.0,FEASIBLE
CRR-STAGEII-CONFIRM-2026-07-22,21c5b970e734ed79636df2f3882d4d85460c5efa40b88e59b9b9a3f34a25c0ff,202607225051,empirical_copula,empirical_copula,-30.0,optimal,373.9846228135855,24263.37362815667,-124.32841483628681,-38.31104576438558,0.0,True,1.0,1.0,0.062174479166666664,1.0,-38.31104576438544,0.0,-0.0,0.0,-0.0,FEASIBLE
CRR-STAGEII-CONFIRM-2026-07-22,21c5b970e734ed79636df2f3882d4d85460c5efa40b88e59b9b9a3f34a25c0ff,202607225052,empirical_copula,empirical_copula,-30.0,optimal,372.9281399731544,24737.85435688554,-124.32841483628681,-30.95429709376245,0.0,True,1.0,1.0,0.062093098958333336,1.0,-30.954297093762307,0.0,-0.0,0.0,-0.0,FEASIBLE
CRR-STAGEII-CONFIRM-2026-07-22,21c5b970e734ed79636df2f3882d4d85460c5efa40b88e59b9b9a3f34a25c0ff,202607225053,empirical_copula,empirical_copula,-30.0,optimal,374.1611472544653,23395.865375153466,-125.62761556910377,-50.64687154332931,0.0,True,0.9630089006861282,1.038412001475289,0.06673177083333333,0.9811490936737428,-45.36215106541575,0.01885090632625719,-5.284720477913452,0.0,-0.0,FEASIBLE
CRR-STAGEII-CONFIRM-2026-07-22,21c5b970e734ed79636df2f3882d4d85460c5efa40b88e59b9b9a3f34a25c0ff,202607225054,empirical_copula,empirical_copula,-30.0,optimal,368.7374374349554,11648.269557631356,-193.2482169047594,-128.8175434337952,0.0,True,1.0,1.0,0.0576171875,0.0,-0.0,1.0,-128.81754343379583,0.0,-0.0,FEASIBLE
CRR-STAGEII-CONFIRM-2026-07-22,21c5b970e734ed79636df2f3882d4d85460c5efa40b88e59b9b9a3f34a25c0ff,202607225055,empirical_copula,empirical_copula,-30.0,optimal,381.8805892248726,24566.89886061904,-124.32841483628681,-39.44285325217375,0.0,True,1.0,1.0,0.072265625,1.0,-39.44285325217362,0.0,-0.0,0.0,-0.0,FEASIBLE
CRR-STAGEII-CONFIRM-2026-07-22,21c5b970e734ed79636df2f3882d4d85460c5efa40b88e59b9b9a3f34a25c0ff,202607225056,empirical_copula,empirical_copula,-30.0,optimal,380.36692435687564,22954.641012686287,-127.63314292482961,-55.42529763667429,0.0,True,0.9086977863652894,1.1004758842870206,0.06306966145833333,0.9520496578725004,-41.861702670352216,0.0479503421274996,-13.563594966321974,0.0,-0.0,FEASIBLE
CRR-STAGEII-CONFIRM-2026-07-22,21c5b970e734ed79636df2f3882d4d85460c5efa40b88e59b9b9a3f34a25c0ff,202607225057,empirical_copula,empirical_copula,-30.0,optimal,378.0775343386337,24709.664928753275,-124.32841483628681,-32.08610458155063,0.0,True,1.0,1.0,0.059895833333333336,1.0,-32.08610458155049,0.0,-0.0,0.0,-0.0,FEASIBLE
CRR-STAGEII-CONFIRM-2026-07-22,21c5b970e734ed79636df2f3882d4d85460c5efa40b88e59b9b9a3f34a25c0ff,202607225058,empirical_copula,empirical_copula,-30.0,optimal,375.92500922185894,23225.12507914804,-126.66358665809625,-52.58985992553335,0.0,True,0.9345311388282982,1.07005530201357,0.06494140625,0.9661175489231757,-43.02699854832314,0.033882451076824305,-9.562861377210098,0.0,-0.0,FEASIBLE
CRR-STAGEII-CONFIRM-2026-07-22,21c5b970e734ed79636df2f3882d4d85460c5efa40b88e59b9b9a3f34a25c0ff,202607225059,empirical_copula,empirical_copula,-30.0,optimal,371.27386729972636,23801.90312100855,-124.32841483628681,-36.04743078880924,0.0,True,1.0,1.0,0.063720703125,1.0,-36.04743078880908,0.0,-0.0,0.0,-0.0,FEASIBLE
CRR-STAGEII-CONFIRM-2026-07-22,21c5b970e734ed79636df2f3882d4d85460c5efa40b88e59b9b9a3f34a25c0ff,202607225060,empirical_copula,empirical_copula,-30.0,optimal,375.0036403776455,23500.911690765166,-124.32841483628681,-42.83827571553829,0.0,True,1.0,1.0,0.060709635416666664,1.0,-42.83827571553816,0.0,-0.0,0.0,-0.0,FEASIBLE
CRR-STAGEII-CONFIRM-2026-07-22,21c5b970e734ed79636df2f3882d4d85460c5efa40b88e59b9b9a3f34a25c0ff,202607225061,empirical_copula,empirical_copula,-30.0,optimal,372.2638711061454,24685.754068030892,-124.32841483628681,-24.163452167033412,5.836547832966588,False,1.0,1.0,0.060139973958333336,1.0,-24.163452167033274,0.0,-0.0,0.0,-0.0,TRUE_LAW_RISK_VIOLATION
CRR-STAGEII-CONFIRM-2026-07-22,21c5b970e734ed79636df2f3882d4d85460c5efa40b88e59b9b9a3f34a25c0ff,202607225062,empirical_copula,empirical_copula,-30.0,optimal,373.5056590135916,22923.98341819336,-124.32841483628681,-43.97008320332645,0.0,True,1.0,1.0,0.06282552083333333,1.0,-43.97008320332634,0.0,-0.0,0.0,-0.0,FEASIBLE
CRR-STAGEII-CONFIRM-2026-07-22,21c5b970e734ed79636df2f3882d4d85460c5efa40b88e59b9b9a3f34a25c0ff,202607225063,empirical_copula,empirical_copula,-30.0,optimal,375.7207418511934,24616.071980534372,-124.32841483628681,-32.08610458155063,0.0,True,1.0,1.0,0.058024088541666664,1.0,-32.08610458155048,0.0,-0.0,0.0,-0.0,FEASIBLE
CRR-STAGEII-CONFIRM-2026-07-22,21c5b970e734ed79636df2f3882d4d85460c5efa40b88e59b9b9a3f34a25c0ff,202607225064,empirical_copula,empirical_copula,-30.0,optimal,377.9682547405915,23309.743744514537,-124.32841483628681,-50.19502438616142,0.0,True,1.0,1.0,0.059488932291666664,1.0,-50.19502438616133,0.0,-0.0,0.0,-0.0,FEASIBLE
CRR-STAGEII-CONFIRM-2026-07-22,21c5b970e734ed79636df2f3882d4d85460c5efa40b88e59b9b9a3f34a25c0ff,202607225001,gaussian,empirical_copula,-105.0,optimal,373.31523288403247,17598.31283667495,-149.01925562690417,-128.87089104770047,0.0,True,0.540183478436064,1.8512228528262178,0.06282552083333333,0.6417453322618843,-26.401765224133577,0.35825466773811565,-102.46912582356688,0.0,-0.0,FEASIBLE
CRR-STAGEII-CONFIRM-2026-07-22,21c5b970e734ed79636df2f3882d4d85460c5efa40b88e59b9b9a3f34a25c0ff,202607225002,gaussian,empirical_copula,-105.0,optimal,373.77060286648424,19088.09680494287,-142.03729643888025,-104.32125326907291,0.678746730927088,False,0.6181474730847487,1.6177369374490655,0.060791015625,0.7430508929059393,-30.99002845658281,0.2569491070940607,-73.33122481249008,0.0,-0.0,TRUE_LAW_RISK_VIOLATION
CRR-STAGEII-CONFIRM-2026-07-22,21c5b970e734ed79636df2f3882d4d85460c5efa40b88e59b9b9a3f34a25c0ff,202607225003,gaussian,empirical_copula,-105.0,optimal,366.8942299819231,15605.626795589473,-160.20374122269396,-159.69665207647924,0.0,True,0.5002797634778915,1.9988815718791157,0.06705729166666667,0.48817283893126845,-67.22058745793791,0.5118271610687316,-92.47606461854107,0.0,-0.0,FEASIBLE
CRR-STAGEII-CONFIRM-2026-07-22,21c5b970e734ed79636df2f3882d4d85460c5efa40b88e59b9b9a3f34a25c0ff,202607225004,gaussian,empirical_copula,-105.0,optimal,367.58761546521583,11609.430147482557,-193.2482169047594,-133.95618610325863,0.0,True,1.0,1.0,0.060872395833333336,0.0,-0.0,1.0,-133.956186103259,0.0,-0.0,FEASIBLE
CRR-STAGEII-CONFIRM-2026-07-22,21c5b970e734ed79636df2f3882d4d85460c5efa40b88e59b9b9a3f34a25c0ff,202607225005,gaussian,empirical_copula,-105.0,optimal,374.49723638473955,16958.377089018482,-153.9552125465098,-145.33108334187466,0.0,True,0.5098354472191918,1.9614171699012395,0.061767578125,0.5701264829404408,-16.67995440039272,0.42987351705955923,-128.651128941482,0.0,-0.0,FEASIBLE
CRR-STAGEII-CONFIRM-2026-07-22,21c5b970e734ed79636df2f3882d4d85460c5efa40b88e59b9b9a3f34a25c0ff,202607225006,gaussian,empirical_copula,-105.0,optimal,371.2958100760466,15428.84363773103,-163.12042073979046,-157.27748211977254,0.0,True,0.5079020518517976,1.9688835600368735,0.062093098958333336,0.4371428132517943,-82.10176636653023,0.5628571867482057,-75.17571575324266,0.0,-0.0,FEASIBLE
CRR-STAGEII-CONFIRM-2026-07-22,21c5b970e734ed79636df2f3882d4d85460c5efa40b88e59b9b9a3f34a25c0ff,202607225007,gaussian,empirical_copula,-105.0,optimal,368.7024786773218,15364.825851738786,-161.53056018973302,-159.77166791504118,0.0,True,0.5000057297839509,1.999977081126837,0.06396484375,0.5016925991774226,-78.9959701112678,0.4983074008225774,-80.77569780377333,0.0,-0.0,FEASIBLE
CRR-STAGEII-CONFIRM-2026-07-22,21c5b970e734ed79636df2f3882d4d85460c5efa40b88e59b9b9a3f34a25c0ff,202607225008,gaussian,empirical_copula,-105.0,optimal,372.98471614585765,19562.44634729442,-142.93636166059477,-105.55844392719379,0.0,True,0.6058053360583047,1.650695265423936,0.063720703125,0.7300057999902444,-27.1410595811353,0.2699942000097556,-78.41738434605847,0.0,-0.0,FEASIBLE
CRR-STAGEII-CONFIRM-2026-07-22,21c5b970e734ed79636df2f3882d4d85460c5efa40b88e59b9b9a3f34a25c0ff,202607225009,gaussian,empirical_copula,-105.0,optimal,374.3265531624111,16688.526498717863,-152.96413975207685,-144.87554222328512,0.0,True,0.5142827209452653,1.9444557619240512,0.06575520833333333,0.5845065705885207,-33.63938950070993,0.41549342941147926,-111.23615272257514,0.0,-0.0,FEASIBLE
CRR-STAGEII-CONFIRM-2026-07-22,21c5b970e734ed79636df2f3882d4d85460c5efa40b88e59b9b9a3f34a25c0ff,202607225010,gaussian,empirical_copula,-105.0,optimal,374.31999989644834,17620.745883077776,-148.00872674971413,-126.826477278936,0.0,True,0.5489267499003238,1.8217366892423879,0.061686197916666664,0.6564077202383625,-30.719620006205922,0.34359227976163753,-96.1068572727301,0.0,-0.0,FEASIBLE
CRR-STAGEII-CONFIRM-2026-07-22,21c5b970e734ed79636df2f3882d4d85460c5efa40b88e59b9b9a3f34a25c0ff,202607225011,gaussian,empirical_copula,-105.0,optimal,370.7142622411469,15459.675035952234,-161.82305534004118,-157.94867223004547,0.0,True,0.503877794397231,1.9846081949220649,0.064453125,0.4559670895963539,-88.51282548632358,0.5440329104036461,-69.43584674372238,0.0,-0.0,FEASIBLE
CRR-STAGEII-CONFIRM-2026-07-22,21c5b970e734ed79636df2f3882d4d85460c5efa40b88e59b9b9a3f34a25c0ff,202607225012,gaussian,empirical_copula,-105.0,optimal,372.10809385214236,14408.143886950842,-164.89859771573674,-156.35563088914284,0.0,True,0.5157204306442944,1.9390350674117962,0.059326171875,0.41134214461116725,-75.87247607584592,0.5886578553888328,-80.48315481329716,0.0,-0.0,FEASIBLE
CRR-STAGEII-CONFIRM-2026-07-22,21c5b970e734ed79636df2f3882d4d85460c5efa40b88e59b9b9a3f34a25c0ff,202607225013,gaussian,empirical_copula,-105.0,optimal,371.6702451582498,14857.40571042181,-161.85242080179313,-158.29933784191255,0.0,True,0.5039532039456758,1.9843112260633553,0.059326171875,0.4555410079642164,-85.36568777917464,0.5444589920357836,-72.93365006273821,0.0,-0.0,FEASIBLE
CRR-STAGEII-CONFIRM-2026-07-22,21c5b970e734ed79636df2f3882d4d85460c5efa40b88e59b9b9a3f34a25c0ff,202607225014,gaussian,empirical_copula,-105.0,optimal,374.8303842038169,17676.31142362041,-148.60457544607755,-128.26306524027584,0.0,True,0.543667325611765,1.8393601250079612,0.06315104166666667,0.6477621832739435,-28.848728139191355,0.3522378167260565,-99.41433710108441,0.0,-0.0,FEASIBLE
CRR-STAGEII-CONFIRM-2026-07-22,21c5b970e734ed79636df2f3882d4d85460c5efa40b88e59b9b9a3f34a25c0ff,202607225015,gaussian,empirical_copula,-105.0,optimal,373.27513816330264,15396.967658633659,-161.7087430948727,-158.45471365053368,0.0,True,0.5035911597864127,1.9857377965572875,0.06103515625,0.45762571660539453,-85.37154357027818,0.5423742833946055,-73.08317008025581,0.0,-0.0,FEASIBLE
CRR-STAGEII-CONFIRM-2026-07-22,21c5b970e734ed79636df2f3882d4d85460c5efa40b88e59b9b9a3f34a25c0ff,202607225016,gaussian,empirical_copula,-105.0,optimal,368.5354939875893,13680.489094894756,-171.57206827121757,-149.7919925934923,0.0,True,0.5688111242739723,1.7580528181061772,0.064697265625,0.31451263617974895,-59.86343681567262,0.685487363820251,-89.92855577782014,0.0,-0.0,FEASIBLE
CRR-STAGEII-CONFIRM-2026-07-22,21c5b970e734ed79636df2f3882d4d85460c5efa40b88e59b9b9a3f34a25c0ff,202607225017,gaussian,empirical_copula,-105.0,optimal,372.15003557255017,16470.234250501777,-156.9111132129222,-156.91094469457488,0.0,True,0.5014841258429777,1.994081065515352,0.060872395833333336,0.5272408318795305,-49.20047453849092,0.4727591681204695,-107.71047015608353,0.0,-0.0,FEASIBLE
CRR-STAGEII-CONFIRM-2026-07-22,21c5b970e734ed79636df2f3882d4d85460c5efa40b88e59b9b9a3f34a25c0ff,202607225018,gaussian,empirical_copula,-105.0,optimal,372.003013759136,18019.015439017192,-149.18296443087178,-127.70770890831871,0.0,True,0.5388479826808499,1.855810974785225,0.06339518229166667,0.6393699800546191,-21.600357642675544,0.3606300199453809,-106.10735126564317,0.0,-0.0,FEASIBLE
CRR-STAGEII-CONFIRM-2026-07-22,21c5b970e734ed79636df2f3882d4d85460c5efa40b88e59b9b9a3f34a25c0ff,202607225019,gaussian,empirical_copula,-105.0,optimal,375.5174253607166,16638.63679543944,-153.74432807992213,-146.3197566908824,0.0,True,0.5107124795515094,1.958048882765047,0.05908203125,0.5731863359907757,-27.473628938926986,0.42681366400922427,-118.84612775195536,0.0,-0.0,FEASIBLE
CRR-STAGEII-CONFIRM-2026-07-22,21c5b970e734ed79636df2f3882d4d85460c5efa40b88e59b9b9a3f34a25c0ff,202607225020,gaussian,empirical_copula,-105.0,optimal,371.8665281455302,14238.287045185723,-164.74736066193313,-157.21372781811687,0.0,True,0.514951861045024,1.9419290921109353,0.059814453125,0.4135365364878785,-74.01697099145689,0.5864634635121215,-83.19675682666006,0.0,-0.0,FEASIBLE
CRR-STAGEII-CONFIRM-2026-07-22,21c5b970e734ed79636df2f3882d4d85460c5efa40b88e59b9b9a3f34a25c0ff,202607225021,gaussian,empirical_copula,-105.0,infeasible_or_failed,,,,,,,,,,,,,,,,ASSUMED_POLICY_INFEASIBLE
CRR-STAGEII-CONFIRM-2026-07-22,21c5b970e734ed79636df2f3882d4d85460c5efa40b88e59b9b9a3f34a25c0ff,202607225022,gaussian,empirical_copula,-105.0,optimal,375.38051860639797,17344.577846802043,-151.7113907366854,-139.42982037522597,0.0,True,0.5210877942283672,1.9190624134284542,0.062255859375,0.6026834802399276,-28.54640779852527,0.39731651976007243,-110.88341257670065,0.0,-0.0,FEASIBLE
CRR-STAGEII-CONFIRM-2026-07-22,21c5b970e734ed79636df2f3882d4d85460c5efa40b88e59b9b9a3f34a25c0ff,202607225023,gaussian,empirical_copula,-105.0,optimal,369.85891356187733,12000.996642150463,-193.2482169047594,-130.00338404982523,0.0,True,1.0,1.0,0.059895833333333336,0.0,-0.0,1.0,-130.00338404982583,0.0,-0.0,FEASIBLE
CRR-STAGEII-CONFIRM-2026-07-22,21c5b970e734ed79636df2f3882d4d85460c5efa40b88e59b9b9a3f34a25c0ff,202607225024,gaussian,empirical_copula,-105.0,optimal,372.1472891773857,17244.575131379832,-150.641793644418,-135.50707902779635,0.0,True,0.5279438631710887,1.8941407785167,0.06998697916666667,0.6182029254525636,-28.231964118688623,0.3817970745474364,-107.27511490910771,0.0,-0.0,FEASIBLE
CRR-STAGEII-CONFIRM-2026-07-22,21c5b970e734ed79636df2f3882d4d85460c5efa40b88e59b9b9a3f34a25c0ff,202607225025,gaussian,empirical_copula,-105.0,optimal,373.0588898282959,16919.237610244218,-153.34335880129916,-144.23508973183712,0.0,True,0.5124833421037338,1.9512829351584777,0.060384114583333336,0.5790042470495536,-23.82056156216858,0.42099575295044644,-120.41452816966857,0.0,-0.0,FEASIBLE
CRR-STAGEII-CONFIRM-2026-07-22,21c5b970e734ed79636df2f3882d4d85460c5efa40b88e59b9b9a3f34a25c0ff,202607225026,gaussian,empirical_copula,-105.0,optimal,374.2872090850913,18077.28343530525,-145.95019690436175,-116.44311049737692,0.0,True,0.5693976468009744,1.756241891090107,0.06306966145833333,0.6862762019166356,-25.12686016260673,0.31372379808336437,-91.31625033477019,0.0,-0.0,FEASIBLE
CRR-STAGEII-CONFIRM-2026-07-22,21c5b970e734ed79636df2f3882d4d85460c5efa40b88e59b9b9a3f34a25c0ff,202607225027,gaussian,empirical_copula,-105.0,optimal,375.8197661374014,17132.56653675237,-152.21762541548517,-141.13183220019783,0.0,True,0.5181787479759378,1.9298359956021125,0.061930338541666664,0.5953382084369582,-28.198495285318337,0.40466179156304183,-112.93333691487942,0.0,-0.0,FEASIBLE
CRR-STAGEII-CONFIRM-2026-07-22,21c5b970e734ed79636df2f3882d4d85460c5efa40b88e59b9b9a3f34a25c0ff,202607225028,gaussian,empirical_copula,-105.0,optimal,373.7502669200444,18760.82204940427,-145.7346503158307,-112.54149906375739,0.0,True,0.5717475235833072,1.749023753933748,0.061442057291666664,0.6894037005753942,-18.999190153889586,0.31059629942460576,-93.54230890986781,0.0,-0.0,FEASIBLE
CRR-STAGEII-CONFIRM-2026-07-22,21c5b970e734ed79636df2f3882d4d85460c5efa40b88e59b9b9a3f34a25c0ff,202607225029,gaussian,empirical_copula,-105.0,optimal,374.3359666397066,18461.49947043864,-148.47024510721135,-124.42798763504656,0.0,True,0.5448269258408598,1.8354452626522595,0.06315104166666667,0.6497112651754369,-20.4790295648176,0.350288734824563,-103.94895807022898,0.0,-0.0,FEASIBLE
CRR-STAGEII-CONFIRM-2026-07-22,21c5b970e734ed79636df2f3882d4d85460c5efa40b88e59b9b9a3f34a25c0ff,202607225030,gaussian,empirical_copula,-105.0,infeasible_or_failed,,,,,,,,,,,,,,,,ASSUMED_POLICY_INFEASIBLE
CRR-STAGEII-CONFIRM-2026-07-22,21c5b970e734ed79636df2f3882d4d85460c5efa40b88e59b9b9a3f34a25c0ff,202607225031,gaussian,empirical_copula,-105.0,optimal,371.8826483313062,17636.766376818363,-147.52343578106593,-120.94731590413286,0.0,True,0.5534312210324874,1.8069092635113517,0.056803385416666664,0.6634491068077268,-21.28749742556898,0.33655089319227316,-99.65981847856389,0.0,-0.0,FEASIBLE
CRR-STAGEII-CONFIRM-2026-07-22,21c5b970e734ed79636df2f3882d4d85460c5efa40b88e59b9b9a3f34a25c0ff,202607225032,gaussian,empirical_copula,-105.0,optimal,370.1391363109782,15868.238210484426,-161.69389184135076,-158.7041961046295,0.0,True,0.5002885993415392,1.9988462685661073,0.06502278645833333,0.5120124797926839,-51.83590899622565,0.48798752020731606,-106.86828710840341,0.0,-0.0,FEASIBLE
CRR-STAGEII-CONFIRM-2026-07-22,21c5b970e734ed79636df2f3882d4d85460c5efa40b88e59b9b9a3f34a25c0ff,202607225033,gaussian,empirical_copula,-105.0,optimal,373.09326231447756,18003.780046332926,-146.36326830805552,-117.23543565558762,0.0,True,0.5650036992566634,1.7698999162583031,0.061848958333333336,0.6802826936462057,-23.36751974631399,0.31971730635379425,-93.8679159092736,0.0,-0.0,FEASIBLE
CRR-STAGEII-CONFIRM-2026-07-22,21c5b970e734ed79636df2f3882d4d85460c5efa40b88e59b9b9a3f34a25c0ff,202607225034,gaussian,empirical_copula,-105.0,optimal,372.25657155078943,18981.25527710481,-144.00200233361923,-110.81961888320322,0.0,True,0.5920580506903286,1.6890235659054358,0.06551106770833333,0.7145437609094337,-28.992370682756647,0.2854562390905663,-81.82724820044655,0.0,-0.0,FEASIBLE
CRR-STAGEII-CONFIRM-2026-07-22,21c5b970e734ed79636df2f3882d4d85460c5efa40b88e59b9b9a3f34a25c0ff,202607225035,gaussian,empirical_copula,-105.0,infeasible_or_failed,,,,,,,,,,,,,,,,ASSUMED_POLICY_INFEASIBLE
CRR-STAGEII-CONFIRM-2026-07-22,21c5b970e734ed79636df2f3882d4d85460c5efa40b88e59b9b9a3f34a25c0ff,202607225036,gaussian,empirical_copula,-105.0,optimal,375.53102359041475,17431.53949546583,-150.39084009014647,-134.31054751296503,0.0,True,0.5296920014099941,1.8878895609865487,0.059000651041666664,0.6218441656584222,-27.342539703503874,0.37815583434157785,-106.96800780946113,0.0,-0.0,FEASIBLE
CRR-STAGEII-CONFIRM-2026-07-22,21c5b970e734ed79636df2f3882d4d85460c5efa40b88e59b9b9a3f34a25c0ff,202607225037,gaussian,empirical_copula,-105.0,optimal,375.8617091682302,16769.852073332862,-150.2587077519957,-135.93219137460994,0.0,True,0.5306337461854408,1.8845390199712808,0.085693359375,0.6237613554091922,-33.78063865016704,0.3762386445908078,-102.15155272444285,0.0,-0.0,FEASIBLE
CRR-STAGEII-CONFIRM-2026-07-22,21c5b970e734ed79636df2f3882d4d85460c5efa40b88e59b9b9a3f34a25c0ff,202607225038,gaussian,empirical_copula,-105.0,optimal,375.0250106346757,17521.970216437894,-145.8955569301796,-120.0677204134933,0.0,True,0.5699896268115883,1.7544178928199212,0.08846028645833333,0.6870690070690336,-32.93218587114995,0.3129309929309664,-87.13553454234331,0.0,-0.0,FEASIBLE
CRR-STAGEII-CONFIRM-2026-07-22,21c5b970e734ed79636df2f3882d4d85460c5efa40b88e59b9b9a3f34a25c0ff,202607225039,gaussian,empirical_copula,-105.0,optimal,375.4615353475423,17598.60405422684,-148.1982432669749,-124.5917985258946,0.0,True,0.5472215053634361,1.8274135614166918,0.059326171875,0.6536579079700033,-23.562688197106436,0.34634209202999666,-101.02911032878815,0.0,-0.0,FEASIBLE
CRR-STAGEII-CONFIRM-2026-07-22,21c5b970e734ed79636df2f3882d4d85460c5efa40b88e59b9b9a3f34a25c0ff,202607225040,gaussian,empirical_copula,-105.0,optimal,374.1837897819141,15429.903129848379,-159.90502418979477,-159.79970330710117,0.0,True,0.5005250751386796,1.9979019027626772,0.060139973958333336,0.4837969888804642,-93.711789166023,0.5162030111195358,-66.08791414107864,0.0,-0.0,FEASIBLE
CRR-STAGEII-CONFIRM-2026-07-22,21c5b970e734ed79636df2f3882d4d85460c5efa40b88e59b9b9a3f34a25c0ff,202607225041,gaussian,empirical_copula,-105.0,optimal,375.23117799034424,18152.33940229259,-148.240416271372,-125.65178326186421,0.0,True,0.5468461524283089,1.8286678905199012,0.063232421875,0.6530459937866865,-25.757997299848164,0.3469540062133135,-99.89378596201601,0.0,-0.0,FEASIBLE
CRR-STAGEII-CONFIRM-2026-07-22,21c5b970e734ed79636df2f3882d4d85460c5efa40b88e59b9b9a3f34a25c0ff,202607225042,gaussian,empirical_copula,-105.0,optimal,369.4228393453797,11722.809083340573,-187.08464500283813,-142.92548000259822,0.0,True,0.837133686397,1.1945523352476377,0.057047526041666664,0.08943107375435733,-16.270051120699236,0.9105689262456427,-126.65542888189901,0.0,-0.0,FEASIBLE
CRR-STAGEII-CONFIRM-2026-07-22,21c5b970e734ed79636df2f3882d4d85460c5efa40b88e59b9b9a3f34a25c0ff,202607225043,gaussian,empirical_copula,-105.0,optimal,371.17451977220406,13762.655952661624,-175.0527490872072,-146.6249015127137,0.0,True,0.6113832330626938,1.6356353035567395,0.06722005208333333,0.26400928719259553,-50.36177309832954,0.7359907128074045,-96.26312841438458,0.0,-0.0,FEASIBLE
CRR-STAGEII-CONFIRM-2026-07-22,21c5b970e734ed79636df2f3882d4d85460c5efa40b88e59b9b9a3f34a25c0ff,202607225044,gaussian,empirical_copula,-105.0,optimal,371.3717737421731,16905.83955751324,-154.38787678943842,-147.2891302507161,0.0,True,0.5081533104440823,1.9679100370832692,0.06754557291666667,0.5638486900573626,-18.41079212204402,0.4361513099426374,-128.87833812867214,0.0,-0.0,FEASIBLE
CRR-STAGEII-CONFIRM-2026-07-22,21c5b970e734ed79636df2f3882d4d85460c5efa40b88e59b9b9a3f34a25c0ff,202607225045,gaussian,empirical_copula,-105.0,optimal,367.0059651249373,12059.388746687315,-193.2482169047594,-117.74969768418174,0.0,True,1.0,1.0,0.06648763020833333,0.0,-0.0,1.0,-117.7496976841822,0.0,-0.0,FEASIBLE
CRR-STAGEII-CONFIRM-2026-07-22,21c5b970e734ed79636df2f3882d4d85460c5efa40b88e59b9b9a3f34a25c0ff,202607225046,gaussian,empirical_copula,-105.0,optimal,375.7656697990137,18547.65536543899,-145.4677300016021,-117.24551818762627,0.0,True,0.574711697777501,1.7400028638135514,0.06770833333333333,0.693276612368777,-30.48343032877535,0.306723387631223,-86.7620878588509,0.0,-0.0,FEASIBLE
CRR-STAGEII-CONFIRM-2026-07-22,21c5b970e734ed79636df2f3882d4d85460c5efa40b88e59b9b9a3f34a25c0ff,202607225047,gaussian,empirical_copula,-105.0,optimal,376.8419011319901,17865.959874060904,-147.3490146696573,-120.2791004592362,0.0,True,0.5550986481032796,1.8014815986616197,0.057861328125,0.6659798905037588,-21.368700415913146,0.33402010949624117,-98.91040004332307,0.0,-0.0,FEASIBLE
CRR-STAGEII-CONFIRM-2026-07-22,21c5b970e734ed79636df2f3882d4d85460c5efa40b88e59b9b9a3f34a25c0ff,202607225048,gaussian,empirical_copula,-105.0,optimal,375.0515228948084,17633.034291016145,-149.72787246341318,-130.0163969261312,0.0,True,0.5345653418743477,1.870678702240025,0.057698567708333336,0.6314635726624445,-22.04794423139876,0.36853642733755554,-107.96845269473245,0.0,-0.0,FEASIBLE
CRR-STAGEII-CONFIRM-2026-07-22,21c5b970e734ed79636df2f3882d4d85460c5efa40b88e59b9b9a3f34a25c0ff,202607225049,gaussian,empirical_copula,-105.0,optimal,373.8417612601979,16293.13469361946,-155.64224971389442,-151.962740273309,0.0,True,0.5041675196324654,1.9834677186840457,0.061848958333333336,0.5456482181057782,-16.272588312977877,0.45435178189422176,-135.69015196033118,0.0,-0.0,FEASIBLE
CRR-STAGEII-CONFIRM-2026-07-22,21c5b970e734ed79636df2f3882d4d85460c5efa40b88e59b9b9a3f34a25c0ff,202607225050,gaussian,empirical_copula,-105.0,optimal,374.00411130869816,14581.607774757156,-169.94057702282885,-150.11741077244665,0.0,True,0.5523682201988548,1.810386556344599,0.06689453125,0.3381849509488464,-65.6488291116252,0.6618150490511538,-84.46858166082198,0.0,-0.0,FEASIBLE
CRR-STAGEII-CONFIRM-2026-07-22,21c5b970e734ed79636df2f3882d4d85460c5efa40b88e59b9b9a3f34a25c0ff,202607225051,gaussian,empirical_copula,-105.0,optimal,370.73167744570867,15640.579481929752,-160.1414528196745,-159.743238571178,0.0,True,0.5003105956724297,1.9987583885885434,0.062174479166666664,0.48753814475228924,-68.77302670229629,0.5124618552477107,-90.97021186888145,0.0,-0.0,FEASIBLE
CRR-STAGEII-CONFIRM-2026-07-22,21c5b970e734ed79636df2f3882d4d85460c5efa40b88e59b9b9a3f34a25c0ff,202607225052,gaussian,empirical_copula,-105.0,optimal,371.84938203583005,20952.574558390832,-137.2551868450446,-80.92640025924335,24.07359974075665,False,0.6952343531954104,1.4383639062193014,0.062093098958333336,0.8124374763015877,-25.148431011545817,0.1875625236984123,-55.77796924769747,0.0,-0.0,TRUE_LAW_RISK_VIOLATION
CRR-STAGEII-CONFIRM-2026-07-22,21c5b970e734ed79636df2f3882d4d85460c5efa40b88e59b9b9a3f34a25c0ff,202607225053,gaussian,empirical_copula,-105.0,optimal,366.6580965928195,11446.115166551079,-193.2482169047594,-133.5609058979153,0.0,True,1.0,1.0,0.06673177083333333,0.0,-0.0,1.0,-133.56090589791575,0.0,-0.0,FEASIBLE
CRR-STAGEII-CONFIRM-2026-07-22,21c5b970e734ed79636df2f3882d4d85460c5efa40b88e59b9b9a3f34a25c0ff,202607225054,gaussian,empirical_copula,-105.0,optimal,368.7374374349554,11648.269557631356,-193.2482169047594,-128.8175434337952,0.0,True,1.0,1.0,0.0576171875,0.0,-0.0,1.0,-128.81754343379583,0.0,-0.0,FEASIBLE
CRR-STAGEII-CONFIRM-2026-07-22,21c5b970e734ed79636df2f3882d4d85460c5efa40b88e59b9b9a3f34a25c0ff,202607225055,gaussian,empirical_copula,-105.0,optimal,376.79473126604614,15034.915461501532,-162.82141113247022,-158.00504557679503,0.0,True,0.5068488698447463,1.9729747060624039,0.072265625,0.4414813284295248,-80.31798658833175,0.5585186715704752,-77.6870589884634,0.0,-0.0,FEASIBLE
CRR-STAGEII-CONFIRM-2026-07-22,21c5b970e734ed79636df2f3882d4d85460c5efa40b88e59b9b9a3f34a25c0ff,202607225056,gaussian,empirical_copula,-105.0,optimal,378.4227634230639,19092.765715694382,-142.6354289059255,-107.42788250883504,0.0,True,0.6098606743604791,1.6397187784712213,0.06306966145833333,0.7343722193013489,-32.290407584891724,0.2656277806986511,-75.13747492394326,0.0,-0.0,FEASIBLE
CRR-STAGEII-CONFIRM-2026-07-22,21c5b970e734ed79636df2f3882d4d85460c5efa40b88e59b9b9a3f34a25c0ff,202607225057,gaussian,empirical_copula,-105.0,optimal,375.9484557441337,19339.368753537477,-143.11936972717456,-104.07513263578619,0.9248673642138101,False,0.6033764295446735,1.6573401794210472,0.059895833333333336,0.7273504228549769,-23.337841735159756,0.27264957714502314,-80.73729090062642,0.0,-0.0,TRUE_LAW_RISK_VIOLATION
CRR-STAGEII-CONFIRM-2026-07-22,21c5b970e734ed79636df2f3882d4d85460c5efa40b88e59b9b9a3f34a25c0ff,202607225058,gaussian,empirical_copula,-105.0,optimal,374.33124735987656,19522.01913974064,-140.5764740023508,-100.57460622372082,4.425393776279179,False,0.6396528149311516,1.563348079860532,0.06494140625,0.764246868412051,-34.036488556053186,0.23575313158794886,-66.53811766766759,0.0,-0.0,TRUE_LAW_RISK_VIOLATION
CRR-STAGEII-CONFIRM-2026-07-22,21c5b970e734ed79636df2f3882d4d85460c5efa40b88e59b9b9a3f34a25c0ff,202607225059,gaussian,empirical_copula,-105.0,optimal,367.04477304928525,11451.455186884812,-193.2482169047594,-137.11842774600532,0.0,True,1.0,1.0,0.063720703125,0.0,-0.0,1.0,-137.1184277460055,0.0,-0.0,FEASIBLE
CRR-STAGEII-CONFIRM-2026-07-22,21c5b970e734ed79636df2f3882d4d85460c5efa40b88e59b9b9a3f34a25c0ff,202607225060,gaussian,empirical_copula,-105.0,optimal,371.37082642587416,15221.240977459978,-160.8097722650814,-159.59857756215885,0.0,True,0.5000638889545257,1.9997444768321133,0.060709635416666664,0.4943480554441055,-72.43559889865743,0.5056519445558945,-87.16297866350122,0.0,-0.0,FEASIBLE
CRR-STAGEII-CONFIRM-2026-07-22,21c5b970e734ed79636df2f3882d4d85460c5efa40b88e59b9b9a3f34a25c0ff,202607225061,gaussian,empirical_copula,-105.0,optimal,369.03075682934946,14534.888196384261,-164.6666795848064,-155.37631523202705,0.0,True,0.5145497275249632,1.9434467584116744,0.060139973958333336,0.4147071880960559,-79.98033301310272,0.5852928119039441,-75.3959822189248,0.0,-0.0,FEASIBLE
CRR-STAGEII-CONFIRM-2026-07-22,21c5b970e734ed79636df2f3882d4d85460c5efa40b88e59b9b9a3f34a25c0ff,202607225062,gaussian,empirical_copula,-105.0,optimal,369.77540483858314,14363.287437937972,-164.59395065440154,-155.21935581471197,0.0,True,0.5141919272699857,1.944799105091613,0.06282552083333333,0.41576245709309406,-80.88306089936604,0.584237542906906,-74.3362949153464,0.0,-0.0,FEASIBLE
CRR-STAGEII-CONFIRM-2026-07-22,21c5b970e734ed79636df2f3882d4d85460c5efa40b88e59b9b9a3f34a25c0ff,202607225063,gaussian,empirical_copula,-105.0,optimal,373.2562802380987,17686.33998482918,-149.38348540733836,-128.07325311730392,0.0,True,0.5372429346396257,1.861355330193006,0.058024088541666664,0.6364604972869908,-20.421538077976013,0.36353950271300917,-107.65171503932793,0.0,-0.0,FEASIBLE
CRR-STAGEII-CONFIRM-2026-07-22,21c5b970e734ed79636df2f3882d4d85460c5efa40b88e59b9b9a3f34a25c0ff,202607225064,gaussian,empirical_copula,-105.0,optimal,372.66466038509327,14169.9906107513,-165.71532873497003,-155.7900339395551,0.0,True,0.5202038409506724,1.92232336880193,0.059488932291666664,0.3994916895210341,-73.6866476065459,0.6005083104789659,-82.10338633300945,0.0,-0.0,FEASIBLE
CRR-STAGEII-CONFIRM-2026-07-22,21c5b970e734ed79636df2f3882d4d85460c5efa40b88e59b9b9a3f34a25c0ff,202607225001,gaussian,empirical_copula,-90.0,optimal,373.94543774806885,18689.98049698551,-143.99467888204242,-111.01780283535706,0.0,True,0.5921492633690486,1.688763394402408,0.06282552083333333,0.7146500213941857,-29.401105288556487,0.28534997860581435,-81.61669754680054,0.0,-0.0,FEASIBLE
CRR-STAGEII-CONFIRM-2026-07-22,21c5b970e734ed79636df2f3882d4d85460c5efa40b88e59b9b9a3f34a25c0ff,202607225002,gaussian,empirical_copula,-90.0,optimal,374.2724869159382,20213.276061092365,-137.40681979497992,-87.94888678071015,2.051113219289846,False,0.6924944144134872,1.4440549687999384,0.060791015625,0.8102373401232411,-33.79213788278661,0.1897626598767589,-54.15674889792349,0.0,-0.0,TRUE_LAW_RISK_VIOLATION
CRR-STAGEII-CONFIRM-2026-07-22,21c5b970e734ed79636df2f3882d4d85460c5efa40b88e59b9b9a3f34a25c0ff,202607225003,gaussian,empirical_copula,-90.0,optimal,367.13451422416597,16761.13321871428,-153.58134325801467,-143.57716702055527,0.0,True,0.5114159626549649,1.9553554699556108,0.06705729166666667,0.5755511834949159,-15.210129770228571,0.4244488165050842,-128.36703725032677,0.0,-0.0,FEASIBLE
CRR-STAGEII-CONFIRM-2026-07-22,21c5b970e734ed79636df2f3882d4d85460c5efa40b88e59b9b9a3f34a25c0ff,202607225004,gaussian,empirical_copula,-90.0,optimal,367.58761546521583,11609.430147482557,-193.2482169047594,-133.95618610325863,0.0,True,1.0,1.0,0.060872395833333336,0.0,-0.0,1.0,-133.956186103259,0.0,-0.0,FEASIBLE
CRR-STAGEII-CONFIRM-2026-07-22,21c5b970e734ed79636df2f3882d4d85460c5efa40b88e59b9b9a3f34a25c0ff,202607225005,gaussian,empirical_copula,-90.0,optimal,375.31904663151306,19133.413974735966,-144.36056025874493,-107.7403030729906,0.0,True,0.5876474947821095,1.7017004392587163,0.061767578125,0.7093412223883646,-20.75290237831801,0.2906587776116354,-86.98740069467257,0.0,-0.0,FEASIBLE
CRR-STAGEII-CONFIRM-2026-07-22,21c5b970e734ed79636df2f3882d4d85460c5efa40b88e59b9b9a3f34a25c0ff,202607225006,gaussian,empirical_copula,-90.0,optimal,372.31447614172583,17408.318834488233,-152.96233685458571,-141.71542183766422,0.0,True,0.5142915648630272,1.944422324457787,0.062093098958333336,0.5845327299423931,-18.4245890439678,0.41546727005760686,-123.29083279369645,0.0,-0.0,FEASIBLE
CRR-STAGEII-CONFIRM-2026-07-22,21c5b970e734ed79636df2f3882d4d85460c5efa40b88e59b9b9a3f34a25c0ff,202607225007,gaussian,empirical_copula,-90.0,optimal,369.1889944609803,16478.33039838872,-153.00636358010945,-141.81704088082444,0.0,True,0.5140763792815207,1.9452362339573195,0.06396484375,0.5838939189736678,-18.07402583915209,0.4161060810263322,-123.74301504167238,0.0,-0.0,FEASIBLE
CRR-STAGEII-CONFIRM-2026-07-22,21c5b970e734ed79636df2f3882d4d85460c5efa40b88e59b9b9a3f34a25c0ff,202607225008,gaussian,empirical_copula,-90.0,optimal,373.6129480903033,21110.848030677407,-136.97394667522252,-83.64817062791863,6.351829372081369,False,0.7003674959411512,1.4278218303894925,0.063720703125,0.8165181637293121,-30.35752336646175,0.18348183627068793,-53.29064726145682,0.0,-0.0,TRUE_LAW_RISK_VIOLATION
CRR-STAGEII-CONFIRM-2026-07-22,21c5b970e734ed79636df2f3882d4d85460c5efa40b88e59b9b9a3f34a25c0ff,202607225009,gaussian,empirical_copula,-90.0,optimal,374.8979777155438,17534.888392962686,-148.63153063163656,-131.66338294201677,0.0,True,0.5434364668027993,1.8401415088746282,0.06575520833333333,0.647371073828617,-37.25735312451145,0.352628926171383,-94.40602981750526,0.0,-0.0,FEASIBLE
CRR-STAGEII-CONFIRM-2026-07-22,21c5b970e734ed79636df2f3882d4d85460c5efa40b88e59b9b9a3f34a25c0ff,202607225010,gaussian,empirical_copula,-90.0,optimal,374.8685183038591,18904.444172277133,-142.3772843234718,-107.79519328370156,0.0,True,0.6134001720003042,1.6302571235658279,0.061686197916666664,0.73811779857909,-34.543619145632505,0.26188220142091,-73.25157413806905,0.0,-0.0,FEASIBLE
CRR-STAGEII-CONFIRM-2026-07-22,21c5b970e734ed79636df2f3882d4d85460c5efa40b88e59b9b9a3f34a25c0ff,202607225011,gaussian,empirical_copula,-90.0,optimal,371.2156614800655,16439.8458921225,-156.1740916115723,-154.2675240273025,0.0,True,0.50287758150474,1.9885555387212548,0.064453125,0.5379313953390861,-21.521966476677125,0.46206860466091393,-132.74555755062536,0.0,-0.0,FEASIBLE
CRR-STAGEII-CONFIRM-2026-07-22,21c5b970e734ed79636df2f3882d4d85460c5efa40b88e59b9b9a3f34a25c0ff,202607225012,gaussian,empirical_copula,-90.0,optimal,373.0346725000114,15811.91914884937,-157.66313273234698,-157.24737205563912,0.0,True,0.5012346875932612,1.9950734152131822,0.059326171875,0.5248464040985934,-47.49197126018857,0.4751535959014066,-109.75540079545013,0.0,-0.0,FEASIBLE
CRR-STAGEII-CONFIRM-2026-07-22,21c5b970e734ed79636df2f3882d4d85460c5efa40b88e59b9b9a3f34a25c0ff,202607225013,gaussian,empirical_copula,-90.0,optimal,372.0661272061392,15570.452799255321,-160.42688381890338,-158.45695572024405,0.0,True,0.5005149886266714,1.9979421650165383,0.059326171875,0.5160466293449971,-47.279768216911485,0.4839533706550029,-111.17718750333212,0.0,-0.0,FEASIBLE
CRR-STAGEII-CONFIRM-2026-07-22,21c5b970e734ed79636df2f3882d4d85460c5efa40b88e59b9b9a3f34a25c0ff,202607225014,gaussian,empirical_copula,-90.0,optimal,375.3643801300294,18783.88911230493,-143.6664983083164,-111.23192189861714,0.0,True,0.5962830725803108,1.6770558246315375,0.06315104166666667,0.71941179615088,-32.039714363052,0.28058820384912,-79.19220753556509,0.0,-0.0,FEASIBLE
CRR-STAGEII-CONFIRM-2026-07-22,21c5b970e734ed79636df2f3882d4d85460c5efa40b88e59b9b9a3f34a25c0ff,202607225015,gaussian,empirical_copula,-90.0,optimal,373.9637357331599,16723.129781067655,-154.66841281486046,-148.28111051157794,0.0,True,0.5071468710521984,1.9718153794881137,0.06103515625,0.5597782194958929,-17.644321903056248,0.4402217805041071,-130.63678860852175,0.0,-0.0,FEASIBLE
CRR-STAGEII-CONFIRM-2026-07-22,21c5b970e734ed79636df2f3882d4d85460c5efa40b88e59b9b9a3f34a25c0ff,202607225016,gaussian,empirical_copula,-90.0,optimal,369.45883400800983,14994.547934535432,-162.38895085877482,-157.67306985329526,0.0,True,0.5054588372603736,1.9784004676228004,0.064697265625,0.4477561617969471,-85.22462889294086,0.5522438382030529,-72.44844096035482,0.0,-0.0,FEASIBLE
CRR-STAGEII-CONFIRM-2026-07-22,21c5b970e734ed79636df2f3882d4d85460c5efa40b88e59b9b9a3f34a25c0ff,202607225017,gaussian,empirical_copula,-90.0,optimal,372.6411558915364,17464.768543283117,-151.49953013202858,-137.77767033724496,0.0,True,0.5223692962083583,1.914354475384649,0.060872395833333336,0.6057574966807514,-25.26400578903712,0.3942425033192486,-112.51366454820784,0.0,-0.0,FEASIBLE
CRR-STAGEII-CONFIRM-2026-07-22,21c5b970e734ed79636df2f3882d4d85460c5efa40b88e59b9b9a3f34a25c0ff,202607225018,gaussian,empirical_copula,-90.0,optimal,372.5399928092696,19536.057023619855,-142.93485914384766,-104.09648349495814,0.0,True,0.6058253943831511,1.6506406124130797,0.06339518229166667,0.7300276009342695,-24.663118008539538,0.26997239906573045,-79.43336548641857,0.0,-0.0,FEASIBLE
CRR-STAGEII-CONFIRM-2026-07-22,21c5b970e734ed79636df2f3882d4d85460c5efa40b88e59b9b9a3f34a25c0ff,202607225019,gaussian,empirical_copula,-90.0,optimal,376.37834762356806,18036.90192716058,-146.9040828879978,-123.44096948984081,0.0,True,0.5594681279483276,1.7874119186506365,0.05908203125,0.6724356806875067,-32.23078991331827,0.3275643193124933,-91.21017957652249,0.0,-0.0,FEASIBLE
CRR-STAGEII-CONFIRM-2026-07-22,21c5b970e734ed79636df2f3882d4d85460c5efa40b88e59b9b9a3f34a25c0ff,202607225020,gaussian,empirical_copula,-90.0,optimal,372.48045918295554,15466.463813153592,-158.8435804976033,-157.72388978218552,0.0,True,0.5008893958586391,1.9964487335288283,0.059814453125,0.521087862132506,-49.21606968361662,0.478912137867494,-108.50782009856846,0.0,-0.0,FEASIBLE
CRR-STAGEII-CONFIRM-2026-07-22,21c5b970e734ed79636df2f3882d4d85460c5efa40b88e59b9b9a3f34a25c0ff,202607225021,gaussian,empirical_copula,-90.0,infeasible_or_failed,,,,,,,,,,,,,,,,ASSUMED_POLICY_INFEASIBLE
CRR-STAGEII-CONFIRM-2026-07-22,21c5b970e734ed79636df2f3882d4d85460c5efa40b88e59b9b9a3f34a25c0ff,202607225022,gaussian,empirical_copula,-90.0,optimal,375.96138011128414,18207.029610685302,-147.7173030972666,-126.00129665499848,0.0,True,0.5516079557242654,1.8128817570932105,0.062255859375,0.6606361661087959,-31.29136606944711,0.33936383389120406,-94.7099305855513,0.0,-0.0,FEASIBLE
CRR-STAGEII-CONFIRM-2026-07-22,21c5b970e734ed79636df2f3882d4d85460c5efa40b88e59b9b9a3f34a25c0ff,202607225023,gaussian,empirical_copula,-90.0,optimal,369.85891356187733,12000.996642150463,-193.2482169047594,-130.00338404982523,0.0,True,1.0,1.0,0.059895833333333336,0.0,-0.0,1.0,-130.00338404982583,0.0,-0.0,FEASIBLE
CRR-STAGEII-CONFIRM-2026-07-22,21c5b970e734ed79636df2f3882d4d85460c5efa40b88e59b9b9a3f34a25c0ff,202607225024,gaussian,empirical_copula,-90.0,optimal,372.67794774032535,18245.5469958001,-145.74911102946035,-118.80245477287033,0.0,True,0.5715886493252326,1.749509898736639,0.06998697916666667,0.6891938811447565,-31.473964489984493,0.31080611885524345,-87.32849028288582,0.0,-0.0,FEASIBLE
CRR-STAGEII-CONFIRM-2026-07-22,21c5b970e734ed79636df2f3882d4d85460c5efa40b88e59b9b9a3f34a25c0ff,202607225025,gaussian,empirical_copula,-90.0,optimal,373.58221068510545,18010.80103945499,-148.1159822877534,-125.66142298251319,0.0,True,0.5479579637938921,1.8249575078283529,0.060384114583333336,0.6548514833540384,-26.940959678275494,0.3451485166459616,-98.72046330423768,0.0,-0.0,FEASIBLE
CRR-STAGEII-CONFIRM-2026-07-22,21c5b970e734ed79636df2f3882d4d85460c5efa40b88e59b9b9a3f34a25c0ff,202607225026,gaussian,empirical_copula,-90.0,optimal,374.7005166765621,19322.528927358282,-140.74375223128823,-97.22039747051625,0.0,True,0.6370991370202042,1.5696144318718286,0.06306966145833333,0.7618197252120283,-27.892760452799997,0.23818027478797166,-69.32763701771619,0.0,-0.0,FEASIBLE
CRR-STAGEII-CONFIRM-2026-07-22,21c5b970e734ed79636df2f3882d4d85460c5efa40b88e59b9b9a3f34a25c0ff,202607225027,gaussian,empirical_copula,-90.0,optimal,376.70665551576633,18433.46008645847,-146.15510996919195,-120.7490464868025,0.0,True,0.5671999734771077,1.7630466268707612,0.061930338541666664,0.68330299162467,-32.36499172186514,0.31669700837533,-88.3840547649373,0.0,-0.0,FEASIBLE
CRR-STAGEII-CONFIRM-2026-07-22,21c5b970e734ed79636df2f3882d4d85460c5efa40b88e59b9b9a3f34a25c0ff,202607225028,gaussian,empirical_copula,-90.0,optimal,374.2677316628386,20246.843525728375,-139.94938439705578,-89.57402861374827,0.4259713862517316,False,0.6494357423572146,1.5397982198675502,0.061442057291666664,0.7733456990307462,-21.312537165545677,0.22665430096925376,-68.26149144820256,0.0,-0.0,TRUE_LAW_RISK_VIOLATION
CRR-STAGEII-CONFIRM-2026-07-22,21c5b970e734ed79636df2f3882d4d85460c5efa40b88e59b9b9a3f34a25c0ff,202607225029,gaussian,empirical_copula,-90.0,optimal,374.9116691832795,19860.25570475382,-142.7569705718471,-102.44093501767037,0.0,True,0.6082136110574757,1.6441591931185846,0.06315104166666667,0.7326086961588879,-23.091973238341737,0.2673913038411122,-79.34896177932862,0.0,-0.0,FEASIBLE
CRR-STAGEII-CONFIRM-2026-07-22,21c5b970e734ed79636df2f3882d4d85460c5efa40b88e59b9b9a3f34a25c0ff,202607225030,gaussian,empirical_copula,-90.0,infeasible_or_failed,,,,,,,,,,,,,,,,ASSUMED_POLICY_INFEASIBLE
CRR-STAGEII-CONFIRM-2026-07-22,21c5b970e734ed79636df2f3882d4d85460c5efa40b88e59b9b9a3f34a25c0ff,202607225031,gaussian,empirical_copula,-90.0,optimal,372.2326937633337,18914.125044573364,-142.02861672871256,-99.89640682528471,0.0,True,0.6182699434228116,1.6174164871478114,0.056803385416666664,0.7431768321847412,-23.845649560064995,0.25682316781525877,-76.05075726521967,0.0,-0.0,FEASIBLE
CRR-STAGEII-CONFIRM-2026-07-22,21c5b970e734ed79636df2f3882d4d85460c5efa40b88e59b9b9a3f34a25c0ff,202607225032,gaussian,empirical_copula,-90.0,optimal,370.794905804466,17022.599218489468,-151.78202531022896,-138.95467005703048,0.0,True,0.5206689417293598,1.9206062045463683,0.06502278645833333,0.6016585995608827,-25.77401697461366,0.39834140043911725,-113.18065308241682,0.0,-0.0,FEASIBLE
CRR-STAGEII-CONFIRM-2026-07-22,21c5b970e734ed79636df2f3882d4d85460c5efa40b88e59b9b9a3f34a25c0ff,202607225033,gaussian,empirical_copula,-90.0,optimal,373.5227293884589,19211.03374701854,-141.19302321729103,-97.78717985930487,0.0,True,0.6303571754991915,1.5864021841396214,0.061848958333333336,0.7553009748308762,-25.944376666665104,0.24469902516912378,-71.8428031926397,0.0,-0.0,FEASIBLE
CRR-STAGEII-CONFIRM-2026-07-22,21c5b970e734ed79636df2f3882d4d85460c5efa40b88e59b9b9a3f34a25c0ff,202607225034,gaussian,empirical_copula,-90.0,optimal,372.7970699512591,20520.41220846175,-137.9545169950649,-89.22694522690054,0.7730547730994601,False,0.6827590480118813,1.4646455479599858,0.06551106770833333,0.8022904629754974,-32.552663350137685,0.19770953702450256,-56.67428187676279,0.0,-0.0,TRUE_LAW_RISK_VIOLATION
CRR-STAGEII-CONFIRM-2026-07-22,21c5b970e734ed79636df2f3882d4d85460c5efa40b88e59b9b9a3f34a25c0ff,202607225035,gaussian,empirical_copula,-90.0,optimal,372.91267337690425,13199.020915233568,-180.5658936341965,-145.2606475280126,0.0,True,0.6996921988072387,1.429199870606953,0.068359375,0.18401566588892512,-34.01924347961972,0.8159843341110748,-111.24140404839312,0.0,-0.0,FEASIBLE
CRR-STAGEII-CONFIRM-2026-07-22,21c5b970e734ed79636df2f3882d4d85460c5efa40b88e59b9b9a3f34a25c0ff,202607225036,gaussian,empirical_copula,-90.0,optimal,376.25329874116557,18542.503239213627,-145.24215676532998,-116.46361125831498,0.0,True,0.5772634856899049,1.7323111972080998,0.059000651041666664,0.6965495938559845,-30.62734359709081,0.3034504061440155,-85.83626766122413,0.0,-0.0,FEASIBLE
CRR-STAGEII-CONFIRM-2026-07-22,21c5b970e734ed79636df2f3882d4d85460c5efa40b88e59b9b9a3f34a25c0ff,202607225037,gaussian,empirical_copula,-90.0,optimal,376.523194320205,17832.668940639778,-145.06487322284346,-119.55250037457145,0.0,True,0.5792990703497095,1.726224071784412,0.085693359375,0.6991219103334807,-37.86189128356149,0.3008780896665193,-81.6906090910099,0.0,-0.0,FEASIBLE
CRR-STAGEII-CONFIRM-2026-07-22,21c5b970e734ed79636df2f3882d4d85460c5efa40b88e59b9b9a3f34a25c0ff,202607225038,gaussian,empirical_copula,-90.0,optimal,375.974825107765,19131.28266306578,-138.62955534272987,-95.76489215845424,0.0,True,0.6711077199069899,1.4900737546851524,0.08846028645833333,0.7924959144218855,-37.9854461303713,0.2075040855781145,-57.77944602808289,0.0,-0.0,FEASIBLE
CRR-STAGEII-CONFIRM-2026-07-22,21c5b970e734ed79636df2f3882d4d85460c5efa40b88e59b9b9a3f34a25c0ff,202607225039,gaussian,empirical_copula,-90.0,optimal,375.89409495141655,18690.68359366925,-143.37539575091768,-106.70159938844944,0.0,True,0.6000257480165356,1.6665951474676413,0.059326171875,0.7236355830548168,-26.085203596488018,0.2763644169451832,-80.61639579196138,0.0,-0.0,FEASIBLE
CRR-STAGEII-CONFIRM-2026-07-22,21c5b970e734ed79636df2f3882d4d85460c5efa40b88e59b9b9a3f34a25c0ff,202607225040,gaussian,empirical_copula,-90.0,optimal,375.00161567543785,16629.709349075183,-153.0532104802012,-143.7401518293333,0.0,True,0.5138492022852635,1.9460962390379457,0.060139973958333336,0.5832141883492938,-26.63410566511594,0.41678581165070616,-117.10604616421737,0.0,-0.0,FEASIBLE
CRR-STAGEII-CONFIRM-2026-07-22,21c5b970e734ed79636df2f3882d4d85460c5efa40b88e59b9b9a3f34a25c0ff,202607225041,gaussian,empirical_copula,-90.0,optimal,375.7752356445378,19463.15113788635,-142.6427460435062,-105.47073893558904,0.0,True,0.6097611647683938,1.6399863713521852,0.063232421875,0.7342660504302682,-28.961548075174186,0.26573394956973184,-76.5091908604148,0.0,-0.0,FEASIBLE
CRR-STAGEII-CONFIRM-2026-07-22,21c5b970e734ed79636df2f3882d4d85460c5efa40b88e59b9b9a3f34a25c0ff,202607225042,gaussian,empirical_copula,-90.0,optimal,368.8349413524313,11325.865666378742,-193.2482169047594,-139.09482877272202,0.0,True,1.0,1.0,0.057047526041666664,0.0,-0.0,1.0,-139.09482877272202,0.0,-0.0,FEASIBLE
CRR-STAGEII-CONFIRM-2026-07-22,21c5b970e734ed79636df2f3882d4d85460c5efa40b88e59b9b9a3f34a25c0ff,202607225043,gaussian,empirical_copula,-90.0,optimal,372.36465167459517,15142.895822311897,-165.03160017703317,-155.3437967673687,0.0,True,0.5164122520186074,1.9364374026586184,0.06722005208333333,0.40941232970594893,-78.09850581986558,0.5905876702940511,-77.24529094750353,0.0,-0.0,FEASIBLE
CRR-STAGEII-CONFIRM-2026-07-22,21c5b970e734ed79636df2f3882d4d85460c5efa40b88e59b9b9a3f34a25c0ff,202607225044,gaussian,empirical_copula,-90.0,optimal,372.11751595730163,18777.571707500585,-145.63697388376596,-113.91600052147267,0.0,True,0.5728252686136098,1.7457330442497188,0.06754557291666667,0.6908209482913364,-22.55669135500023,0.30917905170866355,-91.35930916647243,0.0,-0.0,FEASIBLE
CRR-STAGEII-CONFIRM-2026-07-22,21c5b970e734ed79636df2f3882d4d85460c5efa40b88e59b9b9a3f34a25c0ff,202607225045,gaussian,empirical_copula,-90.0,optimal,367.0059651249373,12059.388746687315,-193.2482169047594,-117.74969768418174,0.0,True,1.0,1.0,0.06648763020833333,0.0,-0.0,1.0,-117.7496976841822,0.0,-0.0,FEASIBLE
CRR-STAGEII-CONFIRM-2026-07-22,21c5b970e734ed79636df2f3882d4d85460c5efa40b88e59b9b9a3f34a25c0ff,202607225046,gaussian,empirical_copula,-90.0,optimal,376.307015366306,19594.958937188694,-140.92316973794382,-101.49266018216417,0.0,True,0.6343863314734075,1.5763265227947592,0.06770833333333333,0.759216445729633,-33.382810288065656,0.24078355427036702,-68.10984989409847,0.0,-0.0,FEASIBLE
CRR-STAGEII-CONFIRM-2026-07-22,21c5b970e734ed79636df2f3882d4d85460c5efa40b88e59b9b9a3f34a25c0ff,202607225047,gaussian,empirical_copula,-90.0,optimal,377.3880719098564,19235.64550561673,-141.6370794457713,-98.39640916100385,0.0,True,0.6238604974262381,1.6029224548204941,0.057861328125,0.7488578885892891,-24.027932529995013,0.25114211141071086,-74.36847663100882,0.0,-0.0,FEASIBLE
CRR-STAGEII-CONFIRM-2026-07-22,21c5b970e734ed79636df2f3882d4d85460c5efa40b88e59b9b9a3f34a25c0ff,202607225048,gaussian,empirical_copula,-90.0,optimal,375.71398140333815,19206.8370761964,-142.99925926011923,-104.82309042127179,0.0,True,0.6049673701063041,1.6529817134175042,0.057698567708333336,0.7290931798486198,-25.4567428189379,0.27090682015138023,-79.36634760233386,0.0,-0.0,FEASIBLE
CRR-STAGEII-CONFIRM-2026-07-22,21c5b970e734ed79636df2f3882d4d85460c5efa40b88e59b9b9a3f34a25c0ff,202607225049,gaussian,empirical_copula,-90.0,optimal,374.6648993756615,18315.805346129513,-146.43316980877933,-116.04253655432561,0.0,True,0.5642743540251417,1.7721875766047028,0.061848958333333336,0.6792684495737352,-20.257476277078883,0.3207315504262648,-95.78506027724673,0.0,-0.0,FEASIBLE
CRR-STAGEII-CONFIRM-2026-07-22,21c5b970e734ed79636df2f3882d4d85460c5efa40b88e59b9b9a3f34a25c0ff,202607225050,gaussian,empirical_copula,-90.0,optimal,374.85513887783117,15749.916850095764,-162.4031348386218,-157.38904893649638,0.0,True,0.5055019299615553,1.9782318142208726,0.06689453125,0.4475503576677809,-86.87896036457005,0.552449642332219,-70.5100885719268,0.0,-0.0,FEASIBLE
CRR-STAGEII-CONFIRM-2026-07-22,21c5b970e734ed79636df2f3882d4d85460c5efa40b88e59b9b9a3f34a25c0ff,202607225051,gaussian,empirical_copula,-90.0,optimal,371.3788660876254,16975.61997802424,-152.62035063953218,-141.29353886819453,0.0,True,0.5160186453562293,1.9379144707254872,0.062174479166666664,0.589494819280865,-22.584162999337345,0.410505180719135,-118.7093758688572,0.0,-0.0,FEASIBLE
CRR-STAGEII-CONFIRM-2026-07-22,21c5b970e734ed79636df2f3882d4d85460c5efa40b88e59b9b9a3f34a25c0ff,202607225052,gaussian,empirical_copula,-90.0,optimal,372.20777088323246,22137.29727121991,-132.9606080887178,-64.32448815635729,25.67551184364271,False,0.7808753850561052,1.2806140635719372,0.062093098958333336,0.8747501734863542,-27.077276752916728,0.1252498265136458,-37.24721140344048,0.0,-0.0,TRUE_LAW_RISK_VIOLATION
CRR-STAGEII-CONFIRM-2026-07-22,21c5b970e734ed79636df2f3882d4d85460c5efa40b88e59b9b9a3f34a25c0ff,202607225053,gaussian,empirical_copula,-90.0,optimal,366.6580965928195,11446.115166551079,-193.2482169047594,-133.5609058979153,0.0,True,1.0,1.0,0.06673177083333333,0.0,-0.0,1.0,-133.56090589791575,0.0,-0.0,FEASIBLE
CRR-STAGEII-CONFIRM-2026-07-22,21c5b970e734ed79636df2f3882d4d85460c5efa40b88e59b9b9a3f34a25c0ff,202607225054,gaussian,empirical_copula,-90.0,optimal,368.7374374349554,11648.269557631356,-193.2482169047594,-128.8175434337952,0.0,True,1.0,1.0,0.0576171875,0.0,-0.0,1.0,-128.81754343379583,0.0,-0.0,FEASIBLE
CRR-STAGEII-CONFIRM-2026-07-22,21c5b970e734ed79636df2f3882d4d85460c5efa40b88e59b9b9a3f34a25c0ff,202607225055,gaussian,empirical_copula,-90.0,optimal,377.81857942141585,16491.744683671554,-155.07227940847037,-150.28241121748687,0.0,True,0.5058143595724947,1.9770099070441225,0.072265625,0.5539182695034559,-21.84811701772277,0.4460817304965441,-128.43429419976408,0.0,-0.0,FEASIBLE
CRR-STAGEII-CONFIRM-2026-07-22,21c5b970e734ed79636df2f3882d4d85460c5efa40b88e59b9b9a3f34a25c0ff,202607225056,gaussian,empirical_copula,-90.0,optimal,379.06273947942714,20271.123541321707,-137.69699832045325,-90.30974758060489,0.0,True,0.6873050011908775,1.454958131058734,0.06306966145833333,0.8060269605695529,-35.44107252036748,0.19397303943044708,-54.86867506023735,0.0,-0.0,FEASIBLE
CRR-STAGEII-CONFIRM-2026-07-22,21c5b970e734ed79636df2f3882d4d85460c5efa40b88e59b9b9a3f34a25c0ff,202607225057,gaussian,empirical_copula,-90.0,optimal,376.6191774499018,20878.71603956854,-137.19967218759712,-81.39649417788195,8.603505822118052,False,0.6962423199846217,1.436281552121232,0.059895833333333336,0.8132429727740287,-26.0937990746385,0.18675702722597132,-55.302695103243394,0.0,-0.0,TRUE_LAW_RISK_VIOLATION
CRR-STAGEII-CONFIRM-2026-07-22,21c5b970e734ed79636df2f3882d4d85460c5efa40b88e59b9b9a3f34a25c0ff,202607225058,gaussian,empirical_copula,-90.0,optimal,374.860375033365,20671.206722653445,-135.95740644428056,-84.64370852981261,5.3562914701873865,False,0.7194766763836875,1.3898991208809013,0.06494140625,0.831267774152337,-37.021330739293454,0.16873222584766298,-47.622377790519096,0.0,-0.0,TRUE_LAW_RISK_VIOLATION
CRR-STAGEII-CONFIRM-2026-07-22,21c5b970e734ed79636df2f3882d4d85460c5efa40b88e59b9b9a3f34a25c0ff,202607225059,gaussian,empirical_copula,-90.0,optimal,367.04477304928525,11451.455186884812,-193.2482169047594,-137.11842774600532,0.0,True,1.0,1.0,0.063720703125,0.0,-0.0,1.0,-137.1184277460055,0.0,-0.0,FEASIBLE
CRR-STAGEII-CONFIRM-2026-07-22,21c5b970e734ed79636df2f3882d4d85460c5efa40b88e59b9b9a3f34a25c0ff,202607225060,gaussian,empirical_copula,-90.0,optimal,371.8436166062331,16041.612399829977,-154.64239039206905,-148.96894407857414,0.0,True,0.5072374393224564,1.971463307865745,0.060709635416666664,0.5601557949097856,-23.996108386001843,0.4398442050902144,-124.97283569257232,0.0,-0.0,FEASIBLE
CRR-STAGEII-CONFIRM-2026-07-22,21c5b970e734ed79636df2f3882d4d85460c5efa40b88e59b9b9a3f34a25c0ff,202607225061,gaussian,empirical_copula,-90.0,optimal,369.74013359157124,16195.267730994947,-155.81607141227082,-152.4505954637228,0.0,True,0.5037197264645775,1.9852309676625735,0.060139973958333336,0.5431261316638623,-13.12380230312555,0.45687386833613775,-139.32679316059736,0.0,-0.0,FEASIBLE
CRR-STAGEII-CONFIRM-2026-07-22,21c5b970e734ed79636df2f3882d4d85460c5efa40b88e59b9b9a3f34a25c0ff,202607225062,gaussian,empirical_copula,-90.0,optimal,370.19820868051033,15037.770628424656,-160.03007311618592,-159.67630750139926,0.0,True,0.5006492550826963,1.9974063475532824,0.06282552083333333,0.4819825767283963,-93.7656237134158,0.5180174232716037,-65.9106837879839,0.0,-0.0,FEASIBLE
CRR-STAGEII-CONFIRM-2026-07-22,21c5b970e734ed79636df2f3882d4d85460c5efa40b88e59b9b9a3f34a25c0ff,202607225063,gaussian,empirical_copula,-90.0,optimal,374.09710250275293,19770.07406085811,-140.83522437268343,-95.32446482996049,0.0,True,0.6357126844702337,1.5730376700495483,0.058024088541666664,0.7604924993836037,-24.401241868707025,0.23950750061639625,-70.92322296125343,0.0,-0.0,FEASIBLE
CRR-STAGEII-CONFIRM-2026-07-22,21c5b970e734ed79636df2f3882d4d85460c5efa40b88e59b9b9a3f34a25c0ff,202607225064,gaussian,empirical_copula,-90.0,optimal,373.3646195339118,15022.858297395724,-160.25315589840775,-159.57266031436924,0.0,True,0.5009034879203156,1.9963925668632625,0.059488932291666664,0.47874573077808186,-88.30513595734111,0.5212542692219182,-71.26752435702838,0.0,-0.0,FEASIBLE
CRR-STAGEII-CONFIRM-2026-07-22,21c5b970e734ed79636df2f3882d4d85460c5efa40b88e59b9b9a3f34a25c0ff,202607225001,gaussian,empirical_copula,-75.0,optimal,374.4915329049293,19713.464316258363,-139.64070260825002,-95.54746046871762,0.0,True,0.6543729654627586,1.528180491522631,0.06282552083333333,0.777824553866967,-32.000141215490395,0.22217544613303297,-63.54731925322717,0.0,-0.0,FEASIBLE
CRR-STAGEII-CONFIRM-2026-07-22,21c5b970e734ed79636df2f3882d4d85460c5efa40b88e59b9b9a3f34a25c0ff,202607225002,gaussian,empirical_copula,-75.0,optimal,374.73139770751607,21312.254231563562,-133.17282251144923,-72.97838577882905,2.0216142211709496,False,0.7762786990926431,1.2881971399818835,0.060791015625,0.8716710232804296,-36.354319837495545,0.12832897671957044,-36.624065941333434,0.0,-0.0,TRUE_LAW_RISK_VIOLATION
CRR-STAGEII-CONFIRM-2026-07-22,21c5b970e734ed79636df2f3882d4d85460c5efa40b88e59b9b9a3f34a25c0ff,202607225003,gaussian,empirical_copula,-75.0,optimal,367.34661293000624,17899.874850645956,-148.2656420477729,-122.28921530770737,0.0,True,0.5466223510023666,1.8294165947774619,0.06705729166666667,0.6526799774075935,-17.248417585587404,0.3473200225924065,-105.04079772212,0.0,-0.0,FEASIBLE
CRR-STAGEII-CONFIRM-2026-07-22,21c5b970e734ed79636df2f3882d4d85460c5efa40b88e59b9b9a3f34a25c0ff,202607225004,gaussian,empirical_copula,-75.0,optimal,367.58761546521583,11609.430147482557,-193.2482169047594,-133.95618610325863,0.0,True,1.0,1.0,0.060872395833333336,0.0,-0.0,1.0,-133.956186103259,0.0,-0.0,FEASIBLE
CRR-STAGEII-CONFIRM-2026-07-22,21c5b970e734ed79636df2f3882d4d85460c5efa40b88e59b9b9a3f34a25c0ff,202607225005,gaussian,empirical_copula,-75.0,optimal,375.8464895963653,20724.462384086575,-138.2026523119244,-83.61430479787549,0.0,True,0.6784315687824731,1.4739880129614547,0.061767578125,0.798690114317894,-23.366945906735996,0.20130988568210595,-60.247358891139434,0.0,-0.0,FEASIBLE
CRR-STAGEII-CONFIRM-2026-07-22,21c5b970e734ed79636df2f3882d4d85460c5efa40b88e59b9b9a3f34a25c0ff,202607225006,gaussian,empirical_copula,-75.0,optimal,373.1432590158183,19321.01157241762,-144.69775806738562,-109.90989113371516,0.0,True,0.5835984690777994,1.7135068938412348,0.062093098958333336,0.7044486109977266,-22.204361698456424,0.2955513890022734,-87.70552943525874,0.0,-0.0,FEASIBLE
CRR-STAGEII-CONFIRM-2026-07-22,21c5b970e734ed79636df2f3882d4d85460c5efa40b88e59b9b9a3f34a25c0ff,202607225007,gaussian,empirical_copula,-75.0,optimal,369.60015115625936,17518.0338719077,-148.21859396309068,-123.30855963955835,0.0,True,0.5470401908087252,1.8280192512393554,0.06396484375,0.653362627143521,-20.224380870561596,0.346637372856479,-103.08417876899676,0.0,-0.0,FEASIBLE
CRR-STAGEII-CONFIRM-2026-07-22,21c5b970e734ed79636df2f3882d4d85460c5efa40b88e59b9b9a3f34a25c0ff,202607225008,gaussian,empirical_copula,-75.0,optimal,374.0982853511935,22402.32454254789,-132.36771456162876,-66.72150505091068,8.278494949089321,False,0.7939187877175529,1.2595746762397608,0.063720703125,0.8833528320735043,-32.84238542596783,0.11664716792649565,-33.87911962494277,0.0,-0.0,TRUE_LAW_RISK_VIOLATION
CRR-STAGEII-CONFIRM-2026-07-22,21c5b970e734ed79636df2f3882d4d85460c5efa40b88e59b9b9a3f34a25c0ff,202607225009,gaussian,empirical_copula,-75.0,optimal,375.406513584051,18343.050664072885,-144.7757510192854,-119.90530069279832,0.0,True,0.5826755749356417,1.7162209006451885,0.06575520833333333,0.7033169630597036,-40.47713824499895,0.2966830369402964,-79.42816244779931,0.0,-0.0,FEASIBLE
CRR-STAGEII-CONFIRM-2026-07-22,21c5b970e734ed79636df2f3882d4d85460c5efa40b88e59b9b9a3f34a25c0ff,202607225010,gaussian,empirical_copula,-75.0,optimal,375.3342920906646,20086.20449992485,-137.59535134071146,-91.63479995054698,0.0,True,0.6891147378876887,1.4511371546997434,0.061686197916666664,0.8075018194155026,-37.79076370057965,0.1924981805844974,-53.844036249967296,0.0,-0.0,FEASIBLE
CRR-STAGEII-CONFIRM-2026-07-22,21c5b970e734ed79636df2f3882d4d85460c5efa40b88e59b9b9a3f34a25c0ff,202607225011,gaussian,empirical_copula,-75.0,optimal,371.66990308956156,17432.582338720313,-151.05642453744846,-135.90590043575946,0.0,True,0.525171751515944,1.9041389737993941,0.064453125,0.612186789587598,-24.49283250081304,0.387813210412402,-111.41306793494641,0.0,-0.0,FEASIBLE
CRR-STAGEII-CONFIRM-2026-07-22,21c5b970e734ed79636df2f3882d4d85460c5efa40b88e59b9b9a3f34a25c0ff,202607225012,gaussian,empirical_copula,-75.0,optimal,373.75651908949374,17070.90381929687,-150.981677161527,-135.01983744964988,0.0,True,0.5256607954037389,1.9023674748883266,0.059326171875,0.6132713454580171,-22.453908930575352,0.3867286545419829,-112.56592851907452,0.0,-0.0,FEASIBLE
CRR-STAGEII-CONFIRM-2026-07-22,21c5b970e734ed79636df2f3882d4d85460c5efa40b88e59b9b9a3f34a25c0ff,202607225013,gaussian,empirical_copula,-75.0,optimal,372.4341150155246,16292.611807682284,-153.80617470224325,-145.39424143790043,0.0,True,0.5104513889582328,1.9590504044682382,0.059326171875,0.5722889651268881,-20.629546861610677,0.4277110348731119,-124.76469457628978,0.0,-0.0,FEASIBLE
CRR-STAGEII-CONFIRM-2026-07-22,21c5b970e734ed79636df2f3882d4d85460c5efa40b88e59b9b9a3f34a25c0ff,202607225014,gaussian,empirical_copula,-75.0,optimal,375.86984103521763,19916.078017701107,-138.99229609549172,-95.11086795926778,0.0,True,0.665005230285121,1.5037475713856414,0.06315104166666667,0.7872326846696952,-35.060184568874845,0.2127673153303048,-60.05068339039287,0.0,-0.0,FEASIBLE
CRR-STAGEII-CONFIRM-2026-07-22,21c5b970e734ed79636df2f3882d4d85460c5efa40b88e59b9b9a3f34a25c0ff,202607225015,gaussian,empirical_copula,-75.0,optimal,374.50766417788185,17909.308647266243,-149.107202512696,-126.87926420205382,0.0,True,0.5394632240689379,1.8536944788514633,0.06103515625,0.6404692565455835,-20.187719596661267,0.3595307434544165,-106.69154460539256,0.0,-0.0,FEASIBLE
CRR-STAGEII-CONFIRM-2026-07-22,21c5b970e734ed79636df2f3882d4d85460c5efa40b88e59b9b9a3f34a25c0ff,202607225016,gaussian,empirical_copula,-75.0,optimal,369.99883485905286,15908.044960423518,-157.4008420914658,-157.0945491528827,0.0,True,0.5013190826517657,1.9947375525990818,0.064697265625,0.5256815366729262,-53.21975805552078,0.47431846332707384,-103.87479109736152,0.0,-0.0,FEASIBLE
CRR-STAGEII-CONFIRM-2026-07-22,21c5b970e734ed79636df2f3882d4d85460c5efa40b88e59b9b9a3f34a25c0ff,202607225017,gaussian,empirical_copula,-75.0,optimal,373.0913721545677,18473.883505617698,-146.53887379151953,-120.23785967075091,0.0,True,0.5631792650583104,1.7756335540806214,0.060872395833333336,0.6777347251640917,-28.265921781899056,0.3222652748359083,-91.97193788885183,0.0,-0.0,FEASIBLE
CRR-STAGEII-CONFIRM-2026-07-22,21c5b970e734ed79636df2f3882d4d85460c5efa40b88e59b9b9a3f34a25c0ff,202607225018,gaussian,empirical_copula,-75.0,optimal,372.96532961028083,20848.326914149136,-137.98578503285188,-85.39422112034254,0.0,True,0.6822108783201564,1.4658224191064682,0.06339518229166667,0.801836775691893,-27.089105942251333,0.19816322430810696,-58.30511517809116,0.0,-0.0,FEASIBLE
CRR-STAGEII-CONFIRM-2026-07-22,21c5b970e734ed79636df2f3882d4d85460c5efa40b88e59b9b9a3f34a25c0ff,202607225019,gaussian,empirical_copula,-75.0,optimal,376.92545137655037,19014.77797663049,-142.5572051531529,-108.90182829035922,0.0,True,0.610927297643844,1.6368559791921036,0.05908203125,0.7355072160718691,-35.25389749798034,0.2644927839281309,-73.64793079237882,0.0,-0.0,FEASIBLE
CRR-STAGEII-CONFIRM-2026-07-22,21c5b970e734ed79636df2f3882d4d85460c5efa40b88e59b9b9a3f34a25c0ff,202607225020,gaussian,empirical_copula,-75.0,optimal,372.87041713577753,16353.442486299793,-152.62671121462216,-141.39109935265128,0.0,True,0.5159856246571599,1.9380384883095092,0.059814453125,0.5894025297661086,-22.914172389769227,0.41059747023389137,-118.47692696288205,0.0,-0.0,FEASIBLE
CRR-STAGEII-CONFIRM-2026-07-22,21c5b970e734ed79636df2f3882d4d85460c5efa40b88e59b9b9a3f34a25c0ff,202607225021,gaussian,empirical_copula,-75.0,optimal,370.22229105762096,15939.495078275015,-156.39528696668424,-155.07905640227844,0.0,True,0.5024112255729439,1.9904013865526424,0.061360677083333336,0.534721935235121,-21.99876225747271,0.465278064764879,-133.08029414480575,0.0,-0.0,FEASIBLE
CRR-STAGEII-CONFIRM-2026-07-22,21c5b970e734ed79636df2f3882d4d85460c5efa40b88e59b9b9a3f34a25c0ff,202607225022,gaussian,empirical_copula,-75.0,optimal,376.51439019171846,19084.10907414253,-143.9147258767817,-113.21665019423396,0.0,True,0.5931480062566843,1.6859198538168074,0.062255859375,0.715810108957718,-33.90470777211141,0.284189891042282,-79.31194242212248,0.0,-0.0,FEASIBLE
CRR-STAGEII-CONFIRM-2026-07-22,21c5b970e734ed79636df2f3882d4d85460c5efa40b88e59b9b9a3f34a25c0ff,202607225023,gaussian,empirical_copula,-75.0,optimal,369.85891356187733,12000.996642150463,-193.2482169047594,-130.00338404982523,0.0,True,1.0,1.0,0.059895833333333336,0.0,-0.0,1.0,-130.00338404982583,0.0,-0.0,FEASIBLE
CRR-STAGEII-CONFIRM-2026-07-22,21c5b970e734ed79636df2f3882d4d85460c5efa40b88e59b9b9a3f34a25c0ff,202607225024,gaussian,empirical_copula,-75.0,optimal,373.1684650790048,19248.090911077375,-141.22653130890134,-103.36143788288749,0.0,True,0.6298611495354851,1.587651501823041,0.06998697916666667,0.7548147852220168,-34.47072644802424,0.24518521477798316,-68.89071143486322,0.0,-0.0,FEASIBLE
CRR-STAGEII-CONFIRM-2026-07-22,21c5b970e734ed79636df2f3882d4d85460c5efa40b88e59b9b9a3f34a25c0ff,202607225025,gaussian,empirical_copula,-75.0,optimal,374.06447369252385,19108.21720808143,-143.29872670634944,-108.54497851300492,0.0,True,0.601023346429109,1.6638288777654837,0.060384114583333336,0.7247480216032045,-29.816542717313613,0.2752519783967955,-78.7284357956913,0.0,-0.0,FEASIBLE
CRR-STAGEII-CONFIRM-2026-07-22,21c5b970e734ed79636df2f3882d4d85460c5efa40b88e59b9b9a3f34a25c0ff,202607225026,gaussian,empirical_copula,-75.0,optimal,375.08323923398706,20568.116164704024,-135.92258789390235,-79.42017787110296,0.0,True,0.72014661788495,1.388606118760887,0.06306966145833333,0.8317729780173108,-30.45398229941056,0.16822702198268924,-48.96619557169234,0.0,-0.0,FEASIBLE
CRR-STAGEII-CONFIRM-2026-07-22,21c5b970e734ed79636df2f3882d4d85460c5efa40b88e59b9b9a3f34a25c0ff,202607225027,gaussian,empirical_copula,-75.0,optimal,377.44068841175704,19615.72698959174,-141.13747656576228,-103.87925912601082,0.0,True,0.6311815248482322,1.584330276841437,0.061930338541666664,0.756106935525214,-35.8133873392438,0.24389306447478598,-68.06587178676695,0.0,-0.0,FEASIBLE
CRR-STAGEII-CONFIRM-2026-07-22,21c5b970e734ed79636df2f3882d4d85460c5efa40b88e59b9b9a3f34a25c0ff,202607225028,gaussian,empirical_copula,-75.0,optimal,374.77049150931623,21819.36480107424,-134.32851950595335,-67.25922924196296,7.740770758037044,False,0.7519112870458247,1.3299441266919774,0.061442057291666664,0.8549023013773119,-23.560145344895886,0.14509769862268806,-43.699083897067,0.0,-0.0,TRUE_LAW_RISK_VIOLATION
CRR-STAGEII-CONFIRM-2026-07-22,21c5b970e734ed79636df2f3882d4d85460c5efa40b88e59b9b9a3f34a25c0ff,202607225029,gaussian,empirical_copula,-75.0,optimal,375.40675967089754,21167.82253083338,-137.84369042884995,-83.53259298731508,0.0,True,0.6847086137619822,1.460475273570341,0.06315104166666667,0.8038985141144839,-25.339042617982084,0.19610148588551615,-58.19355036933295,0.0,-0.0,FEASIBLE
CRR-STAGEII-CONFIRM-2026-07-22,21c5b970e734ed79636df2f3882d4d85460c5efa40b88e59b9b9a3f34a25c0ff,202607225030,gaussian,empirical_copula,-75.0,optimal,367.9578970613443,12238.700678635754,-185.68089306516188,-136.15502969983916,0.0,True,0.8045136749468087,1.2429869511740943,0.063232421875,0.10979897812357753,-21.129642056740106,0.8902010218764225,-115.02538764309962,0.0,-0.0,FEASIBLE
CRR-STAGEII-CONFIRM-2026-07-22,21c5b970e734ed79636df2f3882d4d85460c5efa40b88e59b9b9a3f34a25c0ff,202607225031,gaussian,empirical_copula,-75.0,optimal,372.56578729332614,20238.967193037926,-136.79989923276764,-79.86494526897059,0.0,True,0.7035775424948443,1.4213074460194668,0.056803385416666664,0.8190435256315698,-26.279916220256368,0.18095647436843015,-53.58502904871414,0.0,-0.0,FEASIBLE
CRR-STAGEII-CONFIRM-2026-07-22,21c5b970e734ed79636df2f3882d4d85460c5efa40b88e59b9b9a3f34a25c0ff,202607225032,gaussian,empirical_copula,-75.0,optimal,371.36162236993573,18133.754989049594,-146.44265286324952,-120.26127349496146,0.0,True,0.5641757257639862,1.7724973874865608,0.06502278645833333,0.6791308540759885,-29.092794773836104,0.3208691459240115,-91.16847872112534,0.0,-0.0,FEASIBLE
CRR-STAGEII-CONFIRM-2026-07-22,21c5b970e734ed79636df2f3882d4d85460c5efa40b88e59b9b9a3f34a25c0ff,202607225033,gaussian,empirical_copula,-75.0,optimal,373.84429034122195,20181.669492662564,-137.3218325297449,-83.2254123984026,0.0,True,0.6940277109470303,1.440864657457924,0.061848958333333336,0.8114704728758653,-27.873783172175063,0.18852952712413473,-55.351629226227466,0.0,-0.0,FEASIBLE
CRR-STAGEII-CONFIRM-2026-07-22,21c5b970e734ed79636df2f3882d4d85460c5efa40b88e59b9b9a3f34a25c0ff,202607225034,gaussian,empirical_copula,-75.0,optimal,373.2865924583692,22035.268412091445,-132.4773866611572,-69.67073611645787,5.329263883542126,False,0.7914837343323864,1.2634498431524892,0.06551106770833333,0.8817615318051221,-35.77717500654186,0.11823846819487793,-33.89356110991593,0.0,-0.0,TRUE_LAW_RISK_VIOLATION
CRR-STAGEII-CONFIRM-2026-07-22,21c5b970e734ed79636df2f3882d4d85460c5efa40b88e59b9b9a3f34a25c0ff,202607225035,gaussian,empirical_copula,-75.0,optimal,374.44169946128903,14638.775305443181,-168.8158165471693,-153.53680116535517,0.0,True,0.5423377089011253,1.84386957349173,0.068359375,0.35450479578157,-65.53781659908076,0.64549520421843,-87.99898456627469,0.0,-0.0,FEASIBLE
CRR-STAGEII-CONFIRM-2026-07-22,21c5b970e734ed79636df2f3882d4d85460c5efa40b88e59b9b9a3f34a25c0ff,202607225036,gaussian,empirical_copula,-75.0,optimal,376.9293355592562,19673.631008404132,-140.42307986832398,-99.75919330109124,0.0,True,0.6420152490789459,1.5575954020323186,0.059000651041666664,0.7664725586987766,-33.701862179051645,0.23352744130122338,-66.05733112203954,0.0,-0.0,FEASIBLE
CRR-STAGEII-CONFIRM-2026-07-22,21c5b970e734ed79636df2f3882d4d85460c5efa40b88e59b9b9a3f34a25c0ff,202607225037,gaussian,empirical_copula,-75.0,optimal,377.0844856032942,18809.890873694312,-140.6577387039243,-105.65380929954367,0.0,True,0.638409280744934,1.5663932686460016,0.085693359375,0.7630677486361013,-41.32496452166835,0.23693225136389873,-64.32884477787525,0.0,-0.0,FEASIBLE
CRR-STAGEII-CONFIRM-2026-07-22,21c5b970e734ed79636df2f3882d4d85460c5efa40b88e59b9b9a3f34a25c0ff,202607225038,gaussian,empirical_copula,-75.0,optimal,376.7599243005674,20604.800384914124,-132.62361192658784,-75.67662083133332,0.0,True,0.7882528451789796,1.2686284687915605,0.08846028645833333,0.8796398590631519,-42.16237821862519,0.1203601409368481,-33.51424261270805,0.0,-0.0,FEASIBLE
CRR-STAGEII-CONFIRM-2026-07-22,21c5b970e734ed79636df2f3882d4d85460c5efa40b88e59b9b9a3f34a25c0ff,202607225039,gaussian,empirical_copula,-75.0,optimal,376.2923006667015,19775.479733618653,-138.93557883865657,-90.23224006707437,0.0,True,0.6659520924101061,1.5016095172566568,0.059326171875,0.7880556303998466,-28.407380794569786,0.2119443696001534,-61.82485927250452,0.0,-0.0,FEASIBLE
CRR-STAGEII-CONFIRM-2026-07-22,21c5b970e734ed79636df2f3882d4d85460c5efa40b88e59b9b9a3f34a25c0ff,202607225040,gaussian,empirical_copula,-75.0,optimal,375.6206847686808,17653.397890017142,-147.86659786025754,-126.0319901130709,0.0,True,0.5502254539915633,1.8174368211168457,0.060139973958333336,0.658469956129803,-30.070870598164973,0.34153004387019703,-95.96111951490592,0.0,-0.0,FEASIBLE
CRR-STAGEII-CONFIRM-2026-07-22,21c5b970e734ed79636df2f3882d4d85460c5efa40b88e59b9b9a3f34a25c0ff,202607225041,gaussian,empirical_copula,-75.0,optimal,376.30156281922217,20847.634829103965,-137.22750019017087,-85.94738151095827,0.0,True,0.6957367289710945,1.4373252961344616,0.063232421875,0.8128391990872423,-32.060697247212445,0.18716080091275766,-53.88668426374575,0.0,-0.0,FEASIBLE
CRR-STAGEII-CONFIRM-2026-07-22,21c5b970e734ed79636df2f3882d4d85460c5efa40b88e59b9b9a3f34a25c0ff,202607225042,gaussian,empirical_copula,-75.0,optimal,368.8349413524313,11325.865666378742,-193.2482169047594,-139.09482877272202,0.0,True,1.0,1.0,0.057047526041666664,0.0,-0.0,1.0,-139.09482877272202,0.0,-0.0,FEASIBLE
CRR-STAGEII-CONFIRM-2026-07-22,21c5b970e734ed79636df2f3882d4d85460c5efa40b88e59b9b9a3f34a25c0ff,202607225043,gaussian,empirical_copula,-75.0,optimal,373.108999986221,16200.882566656186,-161.39902007332478,-159.3661728510231,0.0,True,0.5000002481706112,1.999999007318048,0.06722005208333333,0.5003522574422126,-72.05317787583321,0.49964774255778743,-87.31299497518962,0.0,-0.0,FEASIBLE
CRR-STAGEII-CONFIRM-2026-07-22,21c5b970e734ed79636df2f3882d4d85460c5efa40b88e59b9b9a3f34a25c0ff,202607225044,gaussian,empirical_copula,-75.0,optimal,372.61092031906566,20180.80409272084,-139.84712643321234,-91.83538413677891,0.0,True,0.651062423517881,1.5359510300052444,0.06754557291666667,0.7748294230226096,-25.29973677133366,0.2251705769773904,-66.5356473654452,0.0,-0.0,FEASIBLE
CRR-STAGEII-CONFIRM-2026-07-22,21c5b970e734ed79636df2f3882d4d85460c5efa40b88e59b9b9a3f34a25c0ff,202607225045,gaussian,empirical_copula,-75.0,optimal,367.0059651249373,12059.388746687315,-193.2482169047594,-117.74969768418174,0.0,True,1.0,1.0,0.06648763020833333,0.0,-0.0,1.0,-117.7496976841822,0.0,-0.0,FEASIBLE
CRR-STAGEII-CONFIRM-2026-07-22,21c5b970e734ed79636df2f3882d4d85460c5efa40b88e59b9b9a3f34a25c0ff,202607225046,gaussian,empirical_copula,-75.0,optimal,376.81948612334645,20657.668377372982,-136.62101159821452,-86.58004325987373,0.0,True,0.7069034430046246,1.414620355715905,0.06770833333333333,0.8216391168721745,-36.12754033197709,0.1783608831278255,-50.45250292789658,0.0,-0.0,FEASIBLE
CRR-STAGEII-CONFIRM-2026-07-22,21c5b970e734ed79636df2f3882d4d85460c5efa40b88e59b9b9a3f34a25c0ff,202607225047,gaussian,empirical_copula,-75.0,optimal,377.8756441596239,20568.279780064808,-136.53797634377926,-78.86150641698468,0.0,True,0.7084564020061186,1.4115194628326098,0.057861328125,0.8228439266937807,-26.40185628619031,0.1771560733062193,-52.4596501307943,0.0,-0.0,FEASIBLE
CRR-STAGEII-CONFIRM-2026-07-22,21c5b970e734ed79636df2f3882d4d85460c5efa40b88e59b9b9a3f34a25c0ff,202607225048,gaussian,empirical_copula,-75.0,optimal,376.22699163823756,20547.173332889342,-137.7885971650253,-85.31330388893093,0.0,True,0.6856816160515087,1.4584028163952985,0.057698567708333336,0.8046978963264341,-28.096528619257754,0.19530210367356593,-57.21677526967312,0.0,-0.0,FEASIBLE
CRR-STAGEII-CONFIRM-2026-07-22,21c5b970e734ed79636df2f3882d4d85460c5efa40b88e59b9b9a3f34a25c0ff,202607225049,gaussian,empirical_copula,-75.0,optimal,375.23390292933254,19911.468216523288,-140.06728892729484,-91.2122885306664,0.0,True,0.6475710914033013,1.5442319974984944,0.061848958333333336,0.7716349493376187,-23.01207525622751,0.22836505066238133,-68.20021327443887,0.0,-0.0,FEASIBLE
CRR-STAGEII-CONFIRM-2026-07-22,21c5b970e734ed79636df2f3882d4d85460c5efa40b88e59b9b9a3f34a25c0ff,202607225050,gaussian,empirical_copula,-75.0,optimal,375.533534244438,16839.674704015837,-156.3946739622709,-154.98723234087183,0.0,True,0.5024124610626042,1.9903964919281587,0.06689453125,0.5347308296949853,-18.973066395572456,0.4652691703050147,-136.0141659452994,0.0,-0.0,FEASIBLE
CRR-STAGEII-CONFIRM-2026-07-22,21c5b970e734ed79636df2f3882d4d85460c5efa40b88e59b9b9a3f34a25c0ff,202607225051,gaussian,empirical_copula,-75.0,optimal,371.95279848099705,18317.6753645551,-146.38889462258888,-118.61107271407799,0.0,True,0.5647358391303888,1.7707393983350779,0.062174479166666664,0.6799108656118202,-26.048096288157364,0.32008913438817976,-92.56297642592061,0.0,-0.0,FEASIBLE
CRR-STAGEII-CONFIRM-2026-07-22,21c5b970e734ed79636df2f3882d4d85460c5efa40b88e59b9b9a3f34a25c0ff,202607225052,gaussian,empirical_copula,-75.0,optimal,372.5216154022007,23234.291804942222,-129.1998046660669,-49.78603598171691,25.213964018283093,False,0.8686278807801453,1.1512409653508529,0.062093098958333336,0.929317994486689,-28.76638529592033,0.07068200551331105,-21.01965068579646,0.0,-0.0,TRUE_LAW_RISK_VIOLATION
CRR-STAGEII-CONFIRM-2026-07-22,21c5b970e734ed79636df2f3882d4d85460c5efa40b88e59b9b9a3f34a25c0ff,202607225053,gaussian,empirical_copula,-75.0,optimal,366.6580965928195,11446.115166551079,-193.2482169047594,-133.5609058979153,0.0,True,1.0,1.0,0.06673177083333333,0.0,-0.0,1.0,-133.56090589791575,0.0,-0.0,FEASIBLE
CRR-STAGEII-CONFIRM-2026-07-22,21c5b970e734ed79636df2f3882d4d85460c5efa40b88e59b9b9a3f34a25c0ff,202607225054,gaussian,empirical_copula,-75.0,optimal,368.7374374349554,11648.269557631356,-193.2482169047594,-128.8175434337952,0.0,True,1.0,1.0,0.0576171875,0.0,-0.0,1.0,-128.81754343379583,0.0,-0.0,FEASIBLE
CRR-STAGEII-CONFIRM-2026-07-22,21c5b970e734ed79636df2f3882d4d85460c5efa40b88e59b9b9a3f34a25c0ff,202607225055,gaussian,empirical_copula,-75.0,optimal,378.6010488705473,17762.154482310667,-149.15005471184412,-128.93126435681452,0.0,True,0.5391146395234189,1.8548930537000572,0.072265625,0.6398474875058877,-25.237410553466724,0.3601525124941123,-103.69385380334778,0.0,-0.0,FEASIBLE
CRR-STAGEII-CONFIRM-2026-07-22,21c5b970e734ed79636df2f3882d4d85460c5efa40b88e59b9b9a3f34a25c0ff,202607225056,gaussian,empirical_copula,-75.0,optimal,379.68950833371935,21513.5236894314,-132.86048225195077,-73.54488003609899,1.4551199639010122,False,0.7830573359242019,1.2770456952807319,0.06306966145833333,0.8762029611288313,-38.52671710383563,0.12379703887116866,-35.01816293226328,0.0,-0.0,TRUE_LAW_RISK_VIOLATION
CRR-STAGEII-CONFIRM-2026-07-22,21c5b970e734ed79636df2f3882d4d85460c5efa40b88e59b9b9a3f34a25c0ff,202607225057,gaussian,empirical_copula,-75.0,optimal,377.0966420762488,22059.970465476297,-132.98563505488752,-65.25232060449262,9.747679395507376,False,0.7803313140872419,1.281506947045571,0.059895833333333336,0.8743870417677686,-28.055674066913177,0.1256129582322314,-37.19664653757936,0.0,-0.0,TRUE_LAW_RISK_VIOLATION
CRR-STAGEII-CONFIRM-2026-07-22,21c5b970e734ed79636df2f3882d4d85460c5efa40b88e59b9b9a3f34a25c0ff,202607225058,gaussian,empirical_copula,-75.0,optimal,375.3732751798261,21861.278723654643,-131.47999854113928,-69.20138681832003,5.798613181679968,False,0.8140015806386197,1.228498842981922,0.06494140625,0.8962332524149252,-39.91463243121601,0.10376674758507465,-29.286754387103958,0.0,-0.0,TRUE_LAW_RISK_VIOLATION
CRR-STAGEII-CONFIRM-2026-07-22,21c5b970e734ed79636df2f3882d4d85460c5efa40b88e59b9b9a3f34a25c0ff,202607225059,gaussian,empirical_copula,-75.0,optimal,367.04477304928525,11451.455186884812,-193.2482169047594,-137.11842774600532,0.0,True,1.0,1.0,0.063720703125,0.0,-0.0,1.0,-137.1184277460055,0.0,-0.0,FEASIBLE
CRR-STAGEII-CONFIRM-2026-07-22,21c5b970e734ed79636df2f3882d4d85460c5efa40b88e59b9b9a3f34a25c0ff,202607225060,gaussian,empirical_copula,-75.0,optimal,372.2883279845767,16883.499155057176,-150.37629278405717,-134.03313370929087,0.0,True,0.5297949639613837,1.8875226606965052,0.060709635416666664,0.6220552415125702,-26.64777394621116,0.3779447584874298,-107.38535976307972,0.0,-0.0,FEASIBLE
CRR-STAGEII-CONFIRM-2026-07-22,21c5b970e734ed79636df2f3882d4d85460c5efa40b88e59b9b9a3f34a25c0ff,202607225061,gaussian,empirical_copula,-75.0,optimal,370.27156877573645,17647.929736853395,-149.1855686461333,-125.4365731138555,0.0,True,0.5388269205061769,1.8558835164742598,0.060139973958333336,0.639332193886009,-15.448472885809021,0.36066780611399096,-109.98810022804653,0.0,-0.0,FEASIBLE
CRR-STAGEII-CONFIRM-2026-07-22,21c5b970e734ed79636df2f3882d4d85460c5efa40b88e59b9b9a3f34a25c0ff,202607225062,gaussian,empirical_copula,-75.0,optimal,370.544769030804,15647.02983134473,-156.28919178660064,-154.75606728823257,0.0,True,0.5026297689434711,1.9895359602396854,0.06282552083333333,0.5362613357687745,-23.57945555247994,0.46373866423122495,-131.17661173575266,0.0,-0.0,FEASIBLE
CRR-STAGEII-CONFIRM-2026-07-22,21c5b970e734ed79636df2f3882d4d85460c5efa40b88e59b9b9a3f34a25c0ff,202607225063,gaussian,empirical_copula,-75.0,optimal,374.7737275002924,21657.886353995804,-133.95628295464132,-68.97091815804463,6.029081841955374,False,0.7596369526119122,1.3164183187266376,0.058024088541666664,0.8603033115389811,-27.603782025893953,0.1396966884610189,-41.367136132150584,0.0,-0.0,TRUE_LAW_RISK_VIOLATION
CRR-STAGEII-CONFIRM-2026-07-22,21c5b970e734ed79636df2f3882d4d85460c5efa40b88e59b9b9a3f34a25c0ff,202607225064,gaussian,empirical_copula,-75.0,optimal,373.9457367890401,15812.563681116211,-155.71837284545737,-153.00525087011792,0.0,True,0.503968282516762,1.9842518561011626,0.059488932291666664,0.5445437005465529,-27.333384328264753,0.4554562994534471,-125.67186654185308,0.0,-0.0,FEASIBLE
CRR-STAGEII-CONFIRM-2026-07-22,21c5b970e734ed79636df2f3882d4d85460c5efa40b88e59b9b9a3f34a25c0ff,202607225001,gaussian,empirical_copula,-60.0,optimal,374.9975877730795,20726.155053193244,-135.6059645933042,-81.21142036978083,0.0,True,0.7262855996613227,1.3768688246969432,0.06282552083333333,0.8363670611559065,-34.408613011657614,0.16363293884409347,-46.80280735812313,0.0,-0.0,FEASIBLE
CRR-STAGEII-CONFIRM-2026-07-22,21c5b970e734ed79636df2f3882d4d85460c5efa40b88e59b9b9a3f34a25c0ff,202607225002,gaussian,empirical_copula,-60.0,optimal,375.1665885167993,22416.327429949593,-129.15767024626268,-58.78167355076731,1.2183264492326913,False,0.8696784899575387,1.149850216542465,0.060791015625,0.9299293488223028,-38.7840688407096,0.07007065117769717,-19.997604710057605,0.0,-0.0,TRUE_LAW_RISK_VIOLATION
CRR-STAGEII-CONFIRM-2026-07-22,21c5b970e734ed79636df2f3882d4d85460c5efa40b88e59b9b9a3f34a25c0ff,202607225003,gaussian,empirical_copula,-60.0,optimal,367.5344832772182,19001.555556495703,-143.55716149346034,-103.43301878410136,0.0,True,0.5976804367112601,1.673134903833402,0.06705729166666667,0.7209982315667482,-19.053868675317254,0.2790017684332517,-84.3791501087841,0.0,-0.0,FEASIBLE
CRR-STAGEII-CONFIRM-2026-07-22,21c5b970e734ed79636df2f3882d4d85460c5efa40b88e59b9b9a3f34a25c0ff,202607225004,gaussian,empirical_copula,-60.0,optimal,367.58761546521583,11609.430147482557,-193.2482169047594,-133.95618610325863,0.0,True,1.0,1.0,0.060872395833333336,0.0,-0.0,1.0,-133.956186103259,0.0,-0.0,FEASIBLE
CRR-STAGEII-CONFIRM-2026-07-22,21c5b970e734ed79636df2f3882d4d85460c5efa40b88e59b9b9a3f34a25c0ff,202607225005,gaussian,empirical_copula,-60.0,optimal,376.2816172432706,22151.861721425223,-133.12252768553898,-63.710941670008836,0.0,True,0.7773646848554487,1.286397516483464,0.061767578125,0.8724007819912901,-25.523468384473958,0.12759921800870988,-38.1874732855348,0.0,-0.0,FEASIBLE
CRR-STAGEII-CONFIRM-2026-07-22,21c5b970e734ed79636df2f3882d4d85460c5efa40b88e59b9b9a3f34a25c0ff,202607225006,gaussian,empirical_copula,-60.0,optimal,373.7925186138833,21008.796856349414,-138.22337585065662,-84.99378013938345,0.0,True,0.6780724963370888,1.474768561476754,0.062093098958333336,0.7983894236874766,-25.165394981290003,0.20161057631252344,-59.8283851580934,0.0,-0.0,FEASIBLE
CRR-STAGEII-CONFIRM-2026-07-22,21c5b970e734ed79636df2f3882d4d85460c5efa40b88e59b9b9a3f34a25c0ff,202607225007,gaussian,empirical_copula,-60.0,optimal,369.94262191897667,18453.051873923498,-144.23064695582607,-107.89201952184894,0.0,True,0.5892330276253146,1.697121432636133,0.06396484375,0.7112262147856115,-22.01550755334582,0.28877378521438846,-85.87651196850311,0.0,-0.0,FEASIBLE
CRR-STAGEII-CONFIRM-2026-07-22,21c5b970e734ed79636df2f3882d4d85460c5efa40b88e59b9b9a3f34a25c0ff,202607225008,gaussian,empirical_copula,-60.0,optimal,374.5555438505022,23695.05849364069,-128.0279719672398,-50.77411686594837,9.225883134051628,False,0.8984045831789536,1.1130842592783274,0.063720703125,0.9463208392955417,-35.18348797027845,0.05367916070445833,-15.5906288956698,0.0,-0.0,TRUE_LAW_RISK_VIOLATION
CRR-STAGEII-CONFIRM-2026-07-22,21c5b970e734ed79636df2f3882d4d85460c5efa40b88e59b9b9a3f34a25c0ff,202607225009,gaussian,empirical_copula,-60.0,optimal,375.8601326685383,19107.60669420521,-141.33635701375889,-109.4169736434757,0.0,True,0.6282420091819869,1.591743285843089,0.06575520833333333,0.7532212561989878,-43.34921879831028,0.24677874380101217,-66.06775484516537,0.0,-0.0,FEASIBLE
CRR-STAGEII-CONFIRM-2026-07-22,21c5b970e734ed79636df2f3882d4d85460c5efa40b88e59b9b9a3f34a25c0ff,202607225010,gaussian,empirical_copula,-60.0,optimal,375.75331423110924,21221.317336562384,-133.2934008002111,-77.0964923069856,0.0,True,0.7736838003226465,1.2925176920894217,0.061686197916666664,0.8699214783725369,-40.7119788919256,0.13007852162746314,-36.384513415059956,0.0,-0.0,FEASIBLE
CRR-STAGEII-CONFIRM-2026-07-22,21c5b970e734ed79636df2f3882d4d85460c5efa40b88e59b9b9a3f34a25c0ff,202607225011,gaussian,empirical_copula,-60.0,optimal,372.1080572879496,18484.515722315056,-146.12000465075747,-118.19457171187106,0.0,True,0.5675739647193125,1.7618849033967563,0.064453125,0.683812356384592,-27.358482397499593,0.31618764361540797,-90.83608931437143,0.0,-0.0,FEASIBLE
CRR-STAGEII-CONFIRM-2026-07-22,21c5b970e734ed79636df2f3882d4d85460c5efa40b88e59b9b9a3f34a25c0ff,202607225012,gaussian,empirical_copula,-60.0,optimal,374.3831354860038,18281.234452257442,-145.69143383680864,-115.4877314427894,0.0,True,0.5722233758262073,1.7475692924221167,0.059326171875,0.6900307551769019,-25.26432687714571,0.30996924482309807,-90.22340456564365,0.0,-0.0,FEASIBLE
CRR-STAGEII-CONFIRM-2026-07-22,21c5b970e734ed79636df2f3882d4d85460c5efa40b88e59b9b9a3f34a25c0ff,202607225013,gaussian,empirical_copula,-60.0,optimal,372.7730494763615,17008.34721602665,-150.2359983724151,-132.1507861381495,0.0,True,0.5307970829875459,1.8839591098948503,0.059326171875,0.6240908598317095,-22.496872075711902,0.37590914016829047,-109.6539140624376,0.0,-0.0,FEASIBLE
CRR-STAGEII-CONFIRM-2026-07-22,21c5b970e734ed79636df2f3882d4d85460c5efa40b88e59b9b9a3f34a25c0ff,202607225014,gaussian,empirical_copula,-60.0,optimal,376.3416893324738,21046.524876603373,-134.6289233152942,-80.06184681207519,0.0,True,0.7457615705133278,1.3409111431039187,0.06315104166666667,0.8505435568608612,-37.87979674639775,0.14945644313913875,-42.182050065677345,0.0,-0.0,FEASIBLE
CRR-STAGEII-CONFIRM-2026-07-22,21c5b970e734ed79636df2f3882d4d85460c5efa40b88e59b9b9a3f34a25c0ff,202607225015,gaussian,empirical_copula,-60.0,optimal,374.98470996381116,19050.349745700438,-144.2298110744336,-108.1090368088453,0.0,True,0.5892432751957466,1.6970919178802677,0.06103515625,0.711238343105302,-22.418375418121084,0.288761656894698,-85.6906613907242,0.0,-0.0,FEASIBLE
CRR-STAGEII-CONFIRM-2026-07-22,21c5b970e734ed79636df2f3882d4d85460c5efa40b88e59b9b9a3f34a25c0ff,202607225016,gaussian,empirical_copula,-60.0,optimal,370.45497729044024,16763.054460392596,-152.4817655100781,-141.40449373501752,0.0,True,0.516746563047583,1.9351846175857739,0.064697265625,0.5915056365684186,-25.339081546612828,0.4084943634315814,-116.06541218840468,0.0,-0.0,FEASIBLE
CRR-STAGEII-CONFIRM-2026-07-22,21c5b970e734ed79636df2f3882d4d85460c5efa40b88e59b9b9a3f34a25c0ff,202607225017,gaussian,empirical_copula,-60.0,optimal,373.490146182776,19445.513624367824,-142.14502782482083,-104.70216820905912,0.0,True,0.6166326683942778,1.6217110303351547,0.060872395833333336,0.7414877516503453,-30.924835355470893,0.2585122483496547,-73.77733285358818,0.0,-0.0,FEASIBLE
CRR-STAGEII-CONFIRM-2026-07-22,21c5b970e734ed79636df2f3882d4d85460c5efa40b88e59b9b9a3f34a25c0ff,202607225018,gaussian,empirical_copula,-60.0,optimal,373.31767306009124,22009.45743607861,-133.88603668873918,-69.90151127565922,0.0,True,0.7611079818718254,1.313874015012505,0.06339518229166667,0.8613225580224859,-29.098762656014134,0.13867744197751408,-40.80274861964499,0.0,-0.0,FEASIBLE
CRR-STAGEII-CONFIRM-2026-07-22,21c5b970e734ed79636df2f3882d4d85460c5efa40b88e59b9b9a3f34a25c0ff,202607225019,gaussian,empirical_copula,-60.0,optimal,377.38589235577587,19891.533458084603,-138.89888508151168,-96.66572796296262,0.0,True,0.6665661168927202,1.5002262711186445,0.05908203125,0.7885880427986581,-37.798136335674386,0.21141195720134187,-58.86759162728817,0.0,-0.0,FEASIBLE
CRR-STAGEII-CONFIRM-2026-07-22,21c5b970e734ed79636df2f3882d4d85460c5efa40b88e59b9b9a3f34a25c0ff,202607225020,gaussian,empirical_copula,-60.0,optimal,373.2216032948902,17223.28269228343,-148.3865966534461,-126.03074925700096,0.0,True,0.5455566945185005,1.8329900632647973,0.059814453125,0.6509249722850737,-25.305977281205063,0.34907502771492627,-100.72477197579587,0.0,-0.0,FEASIBLE
CRR-STAGEII-CONFIRM-2026-07-22,21c5b970e734ed79636df2f3882d4d85460c5efa40b88e59b9b9a3f34a25c0ff,202607225021,gaussian,empirical_copula,-60.0,optimal,371.0314022249564,17523.850021609895,-148.31604048665443,-126.37226030353436,0.0,True,0.5461768241699956,1.8309088847181725,0.061360677083333336,0.6519487153121006,-26.82153816246448,0.34805128468789936,-99.55072214106985,0.0,-0.0,FEASIBLE
CRR-STAGEII-CONFIRM-2026-07-22,21c5b970e734ed79636df2f3882d4d85460c5efa40b88e59b9b9a3f34a25c0ff,202607225022,gaussian,empirical_copula,-60.0,optimal,377.0312762648632,19953.267398144988,-140.36054255017407,-101.26712894779169,0.0,True,0.6429840767093402,1.5552484676102611,0.062255859375,0.767379951295287,-36.34733943158189,0.23262004870471298,-64.91978951620973,0.0,-0.0,FEASIBLE
CRR-STAGEII-CONFIRM-2026-07-22,21c5b970e734ed79636df2f3882d4d85460c5efa40b88e59b9b9a3f34a25c0ff,202607225023,gaussian,empirical_copula,-60.0,optimal,369.85891356187733,12000.996642150463,-193.2482169047594,-130.00338404982523,0.0,True,1.0,1.0,0.059895833333333336,0.0,-0.0,1.0,-130.00338404982583,0.0,-0.0,FEASIBLE
CRR-STAGEII-CONFIRM-2026-07-22,21c5b970e734ed79636df2f3882d4d85460c5efa40b88e59b9b9a3f34a25c0ff,202607225024,gaussian,empirical_copula,-60.0,optimal,373.6239247795433,20245.463252211273,-137.0271837165549,-89.02400192668603,0.0,True,0.6993907125722736,1.4298159555509713,0.06998697916666667,0.8157457145966304,-37.25330760543811,0.18425428540336963,-51.770694321247845,0.0,-0.0,FEASIBLE
CRR-STAGEII-CONFIRM-2026-07-22,21c5b970e734ed79636df2f3882d4d85460c5efa40b88e59b9b9a3f34a25c0ff,202607225025,gaussian,empirical_copula,-60.0,optimal,374.5107627279966,20201.95470543214,-138.8408099389846,-92.70531970543709,0.0,True,0.667540249706142,1.4980370104127956,0.060384114583333336,0.789430690931475,-32.47762424580125,0.210569309068525,-60.22769545963578,0.0,-0.0,FEASIBLE
CRR-STAGEII-CONFIRM-2026-07-22,21c5b970e734ed79636df2f3882d4d85460c5efa40b88e59b9b9a3f34a25c0ff,202607225026,gaussian,empirical_copula,-60.0,optimal,375.4405977712511,21811.446323644337,-131.42093466732064,-62.79962516100605,0.0,True,0.815361327986712,1.2264501217750874,0.06306966145833333,0.8970902466610783,-32.84546530702726,0.10290975333892172,-29.954159853978684,0.0,-0.0,FEASIBLE
CRR-STAGEII-CONFIRM-2026-07-22,21c5b970e734ed79636df2f3882d4d85460c5efa40b88e59b9b9a3f34a25c0ff,202607225027,gaussian,empirical_copula,-60.0,optimal,378.0080599364347,20595.08542807723,-137.2590913735903,-90.8397386519835,0.0,True,0.6951635572612198,1.4385103901875462,0.061930338541666664,0.8123808230839561,-38.47882847929412,0.1876191769160439,-52.3609101726893,0.0,-0.0,FEASIBLE
CRR-STAGEII-CONFIRM-2026-07-22,21c5b970e734ed79636df2f3882d4d85460c5efa40b88e59b9b9a3f34a25c0ff,202607225028,gaussian,empirical_copula,-60.0,optimal,375.23009353811574,23367.90189006028,-129.1901598583846,-46.859972747276785,13.140027252723215,False,0.8688682392388882,1.1509224930076631,0.061442057291666664,0.9294579369617519,-25.614814758957092,0.07054206303824806,-21.245157988319598,0.0,-0.0,TRUE_LAW_RISK_VIOLATION
CRR-STAGEII-CONFIRM-2026-07-22,21c5b970e734ed79636df2f3882d4d85460c5efa40b88e59b9b9a3f34a25c0ff,202607225029,gaussian,empirical_copula,-60.0,optimal,375.8779474812318,22502.15410424955,-133.16762055872167,-65.53713457889421,0.0,True,0.7763909229442898,1.2880109368199752,0.06315104166666667,0.8717465016273117,-27.477624810817222,0.1282534983726883,-38.0595097680769,0.0,-0.0,FEASIBLE
CRR-STAGEII-CONFIRM-2026-07-22,21c5b970e734ed79636df2f3882d4d85460c5efa40b88e59b9b9a3f34a25c0ff,202607225030,gaussian,empirical_copula,-60.0,optimal,367.12333822971823,11742.775142463117,-193.2482169047594,-129.21282363913855,0.0,True,1.0,1.0,0.063232421875,0.0,-0.0,1.0,-129.21282363913915,0.0,-0.0,FEASIBLE
CRR-STAGEII-CONFIRM-2026-07-22,21c5b970e734ed79636df2f3882d4d85460c5efa40b88e59b9b9a3f34a25c0ff,202607225031,gaussian,empirical_copula,-60.0,optimal,372.8714140607209,21548.366655570015,-132.00233974266754,-61.48527022158055,0.0,True,0.802104300465823,1.2467206564274107,0.056803385416666664,0.8886542811200097,-28.51345420085919,0.1113457188799904,-32.97181602072128,0.0,-0.0,FEASIBLE
CRR-STAGEII-CONFIRM-2026-07-22,21c5b970e734ed79636df2f3882d4d85460c5efa40b88e59b9b9a3f34a25c0ff,202607225032,gaussian,empirical_copula,-60.0,optimal,371.87860177719597,19239.2208107905,-141.57188364461524,-103.20847909442114,0.0,True,0.6248039317045648,1.6005020923473392,0.06502278645833333,0.7498038547586534,-32.12030426272452,0.2501961452413466,-71.08817483169658,0.0,-0.0,FEASIBLE
CRR-STAGEII-CONFIRM-2026-07-22,21c5b970e734ed79636df2f3882d4d85460c5efa40b88e59b9b9a3f34a25c0ff,202607225033,gaussian,empirical_copula,-60.0,optimal,374.15064188358326,21159.532955746556,-133.63374407337474,-69.35239739821843,0.0,True,0.7664255127028059,1.3047582360267362,0.061848958333333336,0.8649832274932684,-29.711931286012202,0.1350167725067316,-39.640466112206134,0.0,-0.0,FEASIBLE
CRR-STAGEII-CONFIRM-2026-07-22,21c5b970e734ed79636df2f3882d4d85460c5efa40b88e59b9b9a3f34a25c0ff,202607225034,gaussian,empirical_copula,-60.0,optimal,373.7517492471359,23581.16859621624,-127.27287753078559,-51.087926749907865,8.912073250092135,False,0.918204456624776,1.08908205877795,0.06551106770833333,0.9572769711153055,-38.84118833718173,0.04272302888469448,-12.246738412726025,0.0,-0.0,TRUE_LAW_RISK_VIOLATION
CRR-STAGEII-CONFIRM-2026-07-22,21c5b970e734ed79636df2f3882d4d85460c5efa40b88e59b9b9a3f34a25c0ff,202607225035,gaussian,empirical_copula,-60.0,optimal,375.29083530921275,15664.878614985852,-162.29047877016396,-158.13291552086662,0.0,True,0.5051643377622747,1.9795538307983058,0.068359375,0.4491849541854251,-83.04147502875992,0.5508150458145749,-75.09144049210694,0.0,-0.0,FEASIBLE
CRR-STAGEII-CONFIRM-2026-07-22,21c5b970e734ed79636df2f3882d4d85460c5efa40b88e59b9b9a3f34a25c0ff,202607225036,gaussian,empirical_copula,-60.0,optimal,377.5660401491725,20819.662080604718,-135.8843797600222,-84.02664841502136,0.0,True,0.72088295298734,1.3871877478250785,0.059000651041666664,0.8323273634440445,-36.59750342303988,0.16767263655595555,-47.42914499198139,0.0,-0.0,FEASIBLE
CRR-STAGEII-CONFIRM-2026-07-22,21c5b970e734ed79636df2f3882d4d85460c5efa40b88e59b9b9a3f34a25c0ff,202607225037,gaussian,empirical_copula,-60.0,optimal,377.6016442073113,19771.5385376756,-136.59712418132506,-92.847931334598,0.0,True,0.7073496002540065,1.4137280909481025,0.085693359375,0.8219857141660221,-44.51574651915777,0.17801428583397794,-48.332184815440186,0.0,-0.0,FEASIBLE
CRR-STAGEII-CONFIRM-2026-07-22,21c5b970e734ed79636df2f3882d4d85460c5efa40b88e59b9b9a3f34a25c0ff,202607225038,gaussian,empirical_copula,-60.0,optimal,377.42620095440253,21957.03485286737,-127.52665103410801,-58.628652467750214,1.3713475322497857,False,0.9114965115296905,1.0970969031157138,0.08846028645833333,0.9535948145259657,-45.7071434668549,0.04640518547403427,-12.921509000895222,0.0,-0.0,TRUE_LAW_RISK_VIOLATION
CRR-STAGEII-CONFIRM-2026-07-22,21c5b970e734ed79636df2f3882d4d85460c5efa40b88e59b9b9a3f34a25c0ff,202607225039,gaussian,empirical_copula,-60.0,optimal,376.66592020449684,20862.5534532339,-134.76988688853447,-74.77973855529893,0.0,True,0.7429020315982757,1.3460725068265125,0.059326171875,0.8484982292625572,-30.586181193769097,0.15150177073744275,-44.19355736152975,0.0,-0.0,FEASIBLE
CRR-STAGEII-CONFIRM-2026-07-22,21c5b970e734ed79636df2f3882d4d85460c5efa40b88e59b9b9a3f34a25c0ff,202607225040,gaussian,empirical_copula,-60.0,optimal,376.1264465513311,18563.571454857134,-143.62928336142116,-111.56492733311067,0.0,True,0.5967575629683144,1.6757223737993854,0.060139973958333336,0.71995177081387,-32.878609472648236,0.28004822918613004,-78.68631786046238,0.0,-0.0,FEASIBLE
CRR-STAGEII-CONFIRM-2026-07-22,21c5b970e734ed79636df2f3882d4d85460c5efa40b88e59b9b9a3f34a25c0ff,202607225041,gaussian,empirical_copula,-60.0,optimal,376.82687153587875,22343.569971901507,-131.82273299132478,-66.46180233729953,0.0,True,0.8061692548388142,1.2404343058207303,0.063232421875,0.8912603064705223,-35.153849477604105,0.10873969352947765,-31.307952859695323,0.0,-0.0,FEASIBLE
CRR-STAGEII-CONFIRM-2026-07-22,21c5b970e734ed79636df2f3882d4d85460c5efa40b88e59b9b9a3f34a25c0ff,202607225042,gaussian,empirical_copula,-60.0,optimal,368.8349413524313,11325.865666378742,-193.2482169047594,-139.09482877272202,0.0,True,1.0,1.0,0.057047526041666664,0.0,-0.0,1.0,-139.09482877272202,0.0,-0.0,FEASIBLE
CRR-STAGEII-CONFIRM-2026-07-22,21c5b970e734ed79636df2f3882d4d85460c5efa40b88e59b9b9a3f34a25c0ff,202607225043,gaussian,empirical_copula,-60.0,optimal,373.73758054135726,17211.03499567347,-153.47126422665872,-144.57007822711932,0.0,True,0.5119037476002175,1.9534922428053252,0.06722005208333333,0.5771483881886637,-23.090989613712402,0.42285161181133635,-121.47908861340689,0.0,-0.0,FEASIBLE
CRR-STAGEII-CONFIRM-2026-07-22,21c5b970e734ed79636df2f3882d4d85460c5efa40b88e59b9b9a3f34a25c0ff,202607225044,gaussian,empirical_copula,-60.0,optimal,373.0524669114977,21547.856433415283,-134.66580334285098,-72.07548398388539,0.0,True,0.7450118185918682,1.3422605857314853,0.06754557291666667,0.8500084417495299,-27.754482716703816,0.14999155825047006,-44.3210012671815,0.0,-0.0,FEASIBLE
CRR-STAGEII-CONFIRM-2026-07-22,21c5b970e734ed79636df2f3882d4d85460c5efa40b88e59b9b9a3f34a25c0ff,202607225045,gaussian,empirical_copula,-60.0,optimal,367.0059651249373,12059.388746687315,-193.2482169047594,-117.74969768418174,0.0,True,1.0,1.0,0.06648763020833333,0.0,-0.0,1.0,-117.7496976841822,0.0,-0.0,FEASIBLE
CRR-STAGEII-CONFIRM-2026-07-22,21c5b970e734ed79636df2f3882d4d85460c5efa40b88e59b9b9a3f34a25c0ff,202607225046,gaussian,empirical_copula,-60.0,optimal,377.28542903745495,21684.054198478316,-132.70945162519823,-73.0213609540144,0.0,True,0.7863645800719603,1.271674774451934,0.06770833333333333,0.8783943578278886,-38.62307299902467,0.12160564217211145,-34.39828795498965,0.0,-0.0,FEASIBLE
CRR-STAGEII-CONFIRM-2026-07-22,21c5b970e734ed79636df2f3882d4d85460c5efa40b88e59b9b9a3f34a25c0ff,202607225047,gaussian,empirical_copula,-60.0,optimal,378.33273597330844,21911.757859598914,-131.75764217552822,-60.547822384156504,0.0,True,0.8076491308135099,1.238161426599622,0.057861328125,0.8922047493424257,-28.627374895557107,0.10779525065757434,-31.92044748859932,0.0,-0.0,FEASIBLE
CRR-STAGEII-CONFIRM-2026-07-22,21c5b970e734ed79636df2f3882d4d85460c5efa40b88e59b9b9a3f34a25c0ff,202607225048,gaussian,empirical_copula,-60.0,optimal,376.6596532570311,21760.074499094073,-133.39403864809574,-68.85917637029938,0.0,True,0.7715274026650722,1.2961302431329325,0.057698567708333336,0.8684612616443365,-30.322866263103016,0.13153873835566354,-38.53631010719627,0.0,-0.0,FEASIBLE
CRR-STAGEII-CONFIRM-2026-07-22,21c5b970e734ed79636df2f3882d4d85460c5efa40b88e59b9b9a3f34a25c0ff,202607225049,gaussian,empirical_copula,-60.0,optimal,375.7167726250402,21392.202416383934,-134.66505383698322,-70.14076054076897,0.0,True,0.7450270442569713,1.3422331547673114,0.061848958333333336,0.8500193167933531,-25.349692239947007,0.14998068320664693,-44.791068300821884,0.0,-0.0,FEASIBLE
CRR-STAGEII-CONFIRM-2026-07-22,21c5b970e734ed79636df2f3882d4d85460c5efa40b88e59b9b9a3f34a25c0ff,202607225050,gaussian,empirical_copula,-60.0,optimal,376.12950242248644,17913.00169646599,-151.11626013809425,-135.31544697845,0.0,True,0.5247836604679341,1.905547133667099,0.06689453125,0.6113185978799909,-21.69051736373841,0.38868140212000907,-113.6249296147116,0.0,-0.0,FEASIBLE
CRR-STAGEII-CONFIRM-2026-07-22,21c5b970e734ed79636df2f3882d4d85460c5efa40b88e59b9b9a3f34a25c0ff,202607225051,gaussian,empirical_copula,-60.0,optimal,372.51288651918685,19770.666411169033,-140.30775333155253,-96.47575134820659,0.0,True,0.6438044502604863,1.553266678407388,0.062174479166666664,0.7681459026915071,-29.42847283173949,0.23185409730849293,-67.04727851646705,0.0,-0.0,FEASIBLE
CRR-STAGEII-CONFIRM-2026-07-22,21c5b970e734ed79636df2f3882d4d85460c5efa40b88e59b9b9a3f34a25c0ff,202607225052,gaussian,empirical_copula,-60.0,optimal,372.8278536844663,24358.273315503964,-125.53014688814257,-35.59993314520011,24.40006685479989,False,0.9657347291316523,1.03548103825484,0.062093098958333336,0.9825633270005358,-30.41455713741011,0.017436672999464164,-5.185376007789885,0.0,-0.0,TRUE_LAW_RISK_VIOLATION
CRR-STAGEII-CONFIRM-2026-07-22,21c5b970e734ed79636df2f3882d4d85460c5efa40b88e59b9b9a3f34a25c0ff,202607225053,gaussian,empirical_copula,-60.0,optimal,366.6580965928195,11446.115166551079,-193.2482169047594,-133.5609058979153,0.0,True,1.0,1.0,0.06673177083333333,0.0,-0.0,1.0,-133.56090589791575,0.0,-0.0,FEASIBLE
CRR-STAGEII-CONFIRM-2026-07-22,21c5b970e734ed79636df2f3882d4d85460c5efa40b88e59b9b9a3f34a25c0ff,202607225054,gaussian,empirical_copula,-60.0,optimal,368.7374374349554,11648.269557631356,-193.2482169047594,-128.8175434337952,0.0,True,1.0,1.0,0.0576171875,0.0,-0.0,1.0,-128.81754343379583,0.0,-0.0,FEASIBLE
CRR-STAGEII-CONFIRM-2026-07-22,21c5b970e734ed79636df2f3882d4d85460c5efa40b88e59b9b9a3f34a25c0ff,202607225055,gaussian,empirical_copula,-60.0,optimal,379.21203765675637,18848.745025562435,-144.5257043515008,-112.25928908793608,0.0,True,0.5856525030427272,1.7074971844302753,0.072265625,0.7069450446890758,-27.883929655022538,0.2930549553109242,-84.37535943291348,0.0,-0.0,FEASIBLE
CRR-STAGEII-CONFIRM-2026-07-22,21c5b970e734ed79636df2f3882d4d85460c5efa40b88e59b9b9a3f34a25c0ff,202607225056,gaussian,empirical_copula,-60.0,optimal,380.28504148641684,22775.01852589105,-128.26499917613666,-57.61550774045463,2.384492259545368,False,0.8922883384591098,1.1207139630748701,0.06306966145833333,0.942881665041075,-41.458585262746944,0.05711833495892504,-16.156922477707603,0.0,-0.0,TRUE_LAW_RISK_VIOLATION
CRR-STAGEII-CONFIRM-2026-07-22,21c5b970e734ed79636df2f3882d4d85460c5efa40b88e59b9b9a3f34a25c0ff,202607225057,gaussian,empirical_copula,-60.0,optimal,377.56511230530214,23288.039675296845,-128.85098123581014,-49.41226822267082,10.587731777329182,False,0.8773707337820082,1.1397690411775923,0.059895833333333336,0.9343792892058784,-29.980591592294623,0.06562071079412157,-19.43167663037609,0.0,-0.0,TRUE_LAW_RISK_VIOLATION
CRR-STAGEII-CONFIRM-2026-07-22,21c5b970e734ed79636df2f3882d4d85460c5efa40b88e59b9b9a3f34a25c0ff,202607225058,gaussian,empirical_copula,-60.0,optimal,375.87586016414286,23100.113683493862,-127.0926377725642,-54.069632482248664,5.9303675177513355,False,0.923001636572822,1.0834216976180877,0.06494140625,0.9598921811538124,-42.74974565060513,0.04010781884618759,-11.319886831643439,0.0,-0.0,TRUE_LAW_RISK_VIOLATION
CRR-STAGEII-CONFIRM-2026-07-22,21c5b970e734ed79636df2f3882d4d85460c5efa40b88e59b9b9a3f34a25c0ff,202607225059,gaussian,empirical_copula,-60.0,optimal,367.04477304928525,11451.455186884812,-193.2482169047594,-137.11842774600532,0.0,True,1.0,1.0,0.063720703125,0.0,-0.0,1.0,-137.1184277460055,0.0,-0.0,FEASIBLE
CRR-STAGEII-CONFIRM-2026-07-22,21c5b970e734ed79636df2f3882d4d85460c5efa40b88e59b9b9a3f34a25c0ff,202607225060,gaussian,empirical_copula,-60.0,optimal,372.72747005805115,17781.656260561173,-146.1636212841615,-119.28437068231278,0.0,True,0.5671094552867825,1.7633280324947296,0.060709635416666664,0.6831794956958646,-29.26623159982176,0.31682050430413544,-90.018139082491,0.0,-0.0,FEASIBLE
CRR-STAGEII-CONFIRM-2026-07-22,21c5b970e734ed79636df2f3882d4d85460c5efa40b88e59b9b9a3f34a25c0ff,202607225061,gaussian,empirical_copula,-60.0,optimal,370.70772323135157,18973.759690624935,-143.74384515738538,-103.26588031246057,0.0,True,0.5953006316316354,1.6798235158245012,0.060139973958333336,0.7182895229181138,-17.35635452911299,0.28171047708188623,-85.90952578334758,0.0,-0.0,FEASIBLE
CRR-STAGEII-CONFIRM-2026-07-22,21c5b970e734ed79636df2f3882d4d85460c5efa40b88e59b9b9a3f34a25c0ff,202607225062,gaussian,empirical_copula,-60.0,optimal,370.8541221177385,16233.802306918367,-152.94993735030565,-143.1811738052005,0.0,True,0.5143524634335666,1.9441921077318984,0.06282552083333333,0.5847126420127684,-25.709863519338196,0.41528735798723115,-117.4713102858623,0.0,-0.0,FEASIBLE
CRR-STAGEII-CONFIRM-2026-07-22,21c5b970e734ed79636df2f3882d4d85460c5efa40b88e59b9b9a3f34a25c0ff,202607225063,gaussian,empirical_copula,-60.0,optimal,375.3550807408461,23430.17317221584,-128.0459265541244,-46.32806604127059,13.671933958729412,False,0.8979396272542579,1.1136606177609343,0.058024088541666664,0.9460603250986676,-30.355390531571494,0.053939674901332446,-15.972675509698984,0.0,-0.0,TRUE_LAW_RISK_VIOLATION
CRR-STAGEII-CONFIRM-2026-07-22,21c5b970e734ed79636df2f3882d4d85460c5efa40b88e59b9b9a3f34a25c0ff,202607225064,gaussian,empirical_copula,-60.0,optimal,374.5205220589082,16666.52548017723,-151.23300181597807,-138.31450132306145,0.0,True,0.5240351587904001,1.9082689075829222,0.059488932291666664,0.6096247207303171,-30.600127723465057,0.39037527926968285,-107.7143735995963,0.0,-0.0,FEASIBLE
CRR-STAGEII-CONFIRM-2026-07-22,21c5b970e734ed79636df2f3882d4d85460c5efa40b88e59b9b9a3f34a25c0ff,202607225001,gaussian,empirical_copula,-45.0,optimal,375.4796033290081,21748.210184015596,-131.76289023575544,-67.5563905044143,0.0,True,0.8075296810024979,1.238344575469427,0.06282552083333333,0.8921286019933371,-36.70267427819909,0.1078713980066629,-30.85371622621511,0.0,-0.0,FEASIBLE
CRR-STAGEII-CONFIRM-2026-07-22,21c5b970e734ed79636df2f3882d4d85460c5efa40b88e59b9b9a3f34a25c0ff,202607225002,gaussian,empirical_copula,-45.0,optimal,375.57663328205024,23511.739876856343,-125.37452011325072,-45.40527081266865,0.0,True,0.9701036031707551,1.0308177360969792,0.060791015625,0.9848214120533225,-41.073422931809766,0.01517858794667748,-4.3318478808587635,0.0,-0.0,FEASIBLE
CRR-STAGEII-CONFIRM-2026-07-22,21c5b970e734ed79636df2f3882d4d85460c5efa40b88e59b9b9a3f34a25c0ff,202607225003,gaussian,empirical_copula,-45.0,optimal,367.70388689445326,20069.86898688114,-139.31150139106603,-86.43029352279491,0.0,True,0.6597268061381827,1.5157789416708127,0.06705729166666667,0.7826011377703412,-20.68185281373949,0.21739886222965873,-65.74844070905539,0.0,-0.0,FEASIBLE
CRR-STAGEII-CONFIRM-2026-07-22,21c5b970e734ed79636df2f3882d4d85460c5efa40b88e59b9b9a3f34a25c0ff,202607225004,gaussian,empirical_copula,-45.0,optimal,367.58761546521583,11609.430147482557,-193.2482169047594,-133.95618610325863,0.0,True,1.0,1.0,0.060872395833333336,0.0,-0.0,1.0,-133.956186103259,0.0,-0.0,FEASIBLE
CRR-STAGEII-CONFIRM-2026-07-22,21c5b970e734ed79636df2f3882d4d85460c5efa40b88e59b9b9a3f34a25c0ff,202607225005,gaussian,empirical_copula,-45.0,optimal,376.69333444363144,23598.04848142603,-128.31572052553724,-44.878405969164135,0.1215940308358654,False,0.8909856712500155,1.1223525049477416,0.061767578125,0.9421457176373054,-27.563967082646847,0.05785428236269463,-17.31443888651717,0.0,-0.0,TRUE_LAW_RISK_VIOLATION
CRR-STAGEII-CONFIRM-2026-07-22,21c5b970e734ed79636df2f3882d4d85460c5efa40b88e59b9b9a3f34a25c0ff,202607225006,gaussian,empirical_copula,-45.0,optimal,374.3321695789357,22538.280228993422,-132.84200509882044,-64.2840310905944,0.0,True,0.7834609143641622,1.2763878601545497,0.062093098958333336,0.8764710575623059,-27.62654376275698,0.12352894243769408,-36.65748732783734,0.0,-0.0,FEASIBLE
CRR-STAGEII-CONFIRM-2026-07-22,21c5b970e734ed79636df2f3882d4d85460c5efa40b88e59b9b9a3f34a25c0ff,202607225007,gaussian,empirical_copula,-45.0,optimal,370.2679615546201,19399.38475900944,-140.44218566933733,-93.24664803091639,0.0,True,0.6417199189535232,1.5583122332103039,0.06396484375,0.7661953408246688,-23.717038211743265,0.23380465917533122,-69.52960981917309,0.0,-0.0,FEASIBLE
CRR-STAGEII-CONFIRM-2026-07-22,21c5b970e734ed79636df2f3882d4d85460c5efa40b88e59b9b9a3f34a25c0ff,202607225008,gaussian,empirical_copula,-45.0,optimal,374.9453489841046,24855.29529072949,-124.32841483628681,-37.17923827659742,7.820761723402583,False,1.0,1.0,0.063720703125,1.0,-37.17923827659726,0.0,-0.0,0.0,-0.0,TRUE_LAW_RISK_VIOLATION
CRR-STAGEII-CONFIRM-2026-07-22,21c5b970e734ed79636df2f3882d4d85460c5efa40b88e59b9b9a3f34a25c0ff,202607225009,gaussian,empirical_copula,-45.0,optimal,376.31114940773773,19908.59774613091,-137.91669430060745,-98.98881656805054,0.0,True,0.683423229735401,1.4632221389184665,0.06575520833333333,0.8028392558234492,-46.2048226522289,0.19716074417655083,-52.783993915821604,0.0,-0.0,FEASIBLE
CRR-STAGEII-CONFIRM-2026-07-22,21c5b970e734ed79636df2f3882d4d85460c5efa40b88e59b9b9a3f34a25c0ff,202607225010,gaussian,empirical_copula,-45.0,optimal,376.1286503361695,22295.964439660624,-129.43995916984778,-64.07390653308859,0.0,True,0.8626682447018512,1.159194170112999,0.061686197916666664,0.9258334443781108,-43.3286366437074,0.07416655562188923,-20.7452698893811,0.0,-0.0,FEASIBLE
CRR-STAGEII-CONFIRM-2026-07-22,21c5b970e734ed79636df2f3882d4d85460c5efa40b88e59b9b9a3f34a25c0ff,202607225011,gaussian,empirical_copula,-45.0,optimal,372.5137426645944,19541.107034755307,-141.5493914548145,-101.79571694642847,0.0,True,0.6251302417485971,1.5996666505892077,0.064453125,0.7501302078404337,-30.01177720089768,0.24986979215956628,-71.78393974553073,0.0,-0.0,FEASIBLE
CRR-STAGEII-CONFIRM-2026-07-22,21c5b970e734ed79636df2f3882d4d85460c5efa40b88e59b9b9a3f34a25c0ff,202607225012,gaussian,empirical_copula,-45.0,optimal,375.0097518825138,19600.70995462299,-140.40119051209032,-95.95562543592897,0.0,True,0.6423539841702419,1.5567740290297192,0.059326171875,0.7667901648957866,-28.07474482371606,0.23320983510421345,-67.88088061221285,0.0,-0.0,FEASIBLE
CRR-STAGEII-CONFIRM-2026-07-22,21c5b970e734ed79636df2f3882d4d85460c5efa40b88e59b9b9a3f34a25c0ff,202607225013,gaussian,empirical_copula,-45.0,optimal,373.09756713234754,17739.099916474912,-146.81768188977767,-119.47065010117409,0.0,True,0.5603359640477797,1.7846436141206352,0.059326171875,0.6736893261656854,-24.28476935811698,0.32631067383431456,-95.18588074305711,0.0,-0.0,FEASIBLE
CRR-STAGEII-CONFIRM-2026-07-22,21c5b970e734ed79636df2f3882d4d85460c5efa40b88e59b9b9a3f34a25c0ff,202607225014,gaussian,empirical_copula,-45.0,optimal,376.79156576595767,22190.46619640534,-130.46873328021104,-65.71359123821341,0.0,True,0.8376880159126987,1.1937618552540172,0.06315104166666667,0.9109063250381397,-40.568112202039124,0.08909367496186027,-25.145479036174194,0.0,-0.0,FEASIBLE
CRR-STAGEII-CONFIRM-2026-07-22,21c5b970e734ed79636df2f3882d4d85460c5efa40b88e59b9b9a3f34a25c0ff,202607225015,gaussian,empirical_copula,-45.0,optimal,375.40056995863813,20121.82725589769,-139.97799282530352,-91.74627479128675,0.0,True,0.6489822266510501,1.5408742472968955,0.06103515625,0.7729306016655609,-24.362927798069073,0.22706939833443907,-67.38334699321764,0.0,-0.0,FEASIBLE
CRR-STAGEII-CONFIRM-2026-07-22,21c5b970e734ed79636df2f3882d4d85460c5efa40b88e59b9b9a3f34a25c0ff,202607225016,gaussian,empirical_copula,-45.0,optimal,370.9045250517389,17680.408578736493,-148.0107691455679,-125.7513230863508,0.0,True,0.548908211471184,1.8217982152604344,0.064697265625,0.6563780858547386,-28.118105415482468,0.34362191414526144,-97.6332176708683,0.0,-0.0,FEASIBLE
CRR-STAGEII-CONFIRM-2026-07-22,21c5b970e734ed79636df2f3882d4d85460c5efa40b88e59b9b9a3f34a25c0ff,202607225017,gaussian,empirical_copula,-45.0,optimal,373.8512468450074,20388.42050269228,-138.16628152720966,-90.6341796285494,0.0,True,0.6790626321590822,1.4726182131690801,0.060872395833333336,0.7992178405101225,-33.33255347228637,0.20078215948987754,-57.30162615626298,0.0,-0.0,FEASIBLE
CRR-STAGEII-CONFIRM-2026-07-22,21c5b970e734ed79636df2f3882d4d85460c5efa40b88e59b9b9a3f34a25c0ff,202607225018,gaussian,empirical_copula,-45.0,optimal,373.6467120762698,23154.38954270195,-130.05745079491183,-55.433508513077015,0.0,True,0.8475676582932583,1.1798468124818422,0.06339518229166667,0.916873876786048,-30.975498177304498,0.08312612321395196,-24.458010335772407,0.0,-0.0,FEASIBLE
CRR-STAGEII-CONFIRM-2026-07-22,21c5b970e734ed79636df2f3882d4d85460c5efa40b88e59b9b9a3f34a25c0ff,202607225019,gaussian,empirical_copula,-45.0,optimal,377.84633333500136,20817.441059228586,-135.24056500987052,-84.42962763556613,0.0,True,0.7334752328055936,1.3633725520286906,0.05908203125,0.8416688695254467,-40.34237517336841,0.15833113047455327,-44.08725246219765,0.0,-0.0,FEASIBLE
CRR-STAGEII-CONFIRM-2026-07-22,21c5b970e734ed79636df2f3882d4d85460c5efa40b88e59b9b9a3f34a25c0ff,202607225020,gaussian,empirical_copula,-45.0,optimal,373.5662980288944,18142.522155520837,-144.22485757892048,-110.95432425264192,0.0,True,0.5893040151378512,1.6969169975298368,0.059814453125,0.7113102164329155,-27.65357136898584,0.2886897835670845,-83.30075288365603,0.0,-0.0,FEASIBLE
CRR-STAGEII-CONFIRM-2026-07-22,21c5b970e734ed79636df2f3882d4d85460c5efa40b88e59b9b9a3f34a25c0ff,202607225021,gaussian,empirical_copula,-45.0,optimal,371.62355459176877,18837.87810239621,-142.40320042418858,-105.36303692394682,0.0,True,0.6130422944664498,1.6312088236429623,0.061360677083333336,0.737741765857884,-30.35111269070999,0.262258234142116,-75.01192423323678,0.0,-0.0,FEASIBLE
CRR-STAGEII-CONFIRM-2026-07-22,21c5b970e734ed79636df2f3882d4d85460c5efa40b88e59b9b9a3f34a25c0ff,202607225022,gaussian,empirical_copula,-45.0,optimal,377.53754290683366,20850.81367395342,-136.87937996677886,-89.56311077259367,0.0,True,0.7021084736436058,1.424281343323604,0.062255859375,0.8178902905434561,-38.73978719146752,0.18210970945654392,-50.8233235811261,0.0,-0.0,FEASIBLE
CRR-STAGEII-CONFIRM-2026-07-22,21c5b970e734ed79636df2f3882d4d85460c5efa40b88e59b9b9a3f34a25c0ff,202607225023,gaussian,empirical_copula,-45.0,optimal,369.85891356187733,12000.996642150463,-193.2482169047594,-130.00338404982523,0.0,True,1.0,1.0,0.059895833333333336,0.0,-0.0,1.0,-130.00338404982583,0.0,-0.0,FEASIBLE
CRR-STAGEII-CONFIRM-2026-07-22,21c5b970e734ed79636df2f3882d4d85460c5efa40b88e59b9b9a3f34a25c0ff,202607225024,gaussian,empirical_copula,-45.0,optimal,374.0520563844257,21241.362922757675,-133.0798017153717,-75.54682829624525,0.0,True,0.7782889143476628,1.284869900579489,0.06998697916666667,0.8730207194966941,-39.86893075547833,0.12697928050330587,-35.67789754076685,0.0,-0.0,FEASIBLE
CRR-STAGEII-CONFIRM-2026-07-22,21c5b970e734ed79636df2f3882d4d85460c5efa40b88e59b9b9a3f34a25c0ff,202607225025,gaussian,empirical_copula,-45.0,optimal,374.9159756098452,21260.121221942656,-134.7931969421031,-78.32353283022412,0.0,True,0.7424307841375373,1.3469269073502579,0.060384114583333336,0.8481600092899365,-34.893781554820436,0.1518399907100635,-43.42975127540361,0.0,-0.0,FEASIBLE
CRR-STAGEII-CONFIRM-2026-07-22,21c5b970e734ed79636df2f3882d4d85460c5efa40b88e59b9b9a3f34a25c0ff,202607225026,gaussian,empirical_copula,-45.0,optimal,375.78953969264103,23100.314845507557,-127.02530573302612,-46.57052471295911,0.0,True,0.9248007345401503,1.0813140200383187,0.06306966145833333,0.9608691433260369,-35.180623386748096,0.0391308566739631,-11.389901326210882,0.0,-0.0,FEASIBLE
CRR-STAGEII-CONFIRM-2026-07-22,21c5b970e734ed79636df2f3882d4d85460c5efa40b88e59b9b9a3f34a25c0ff,202607225027,gaussian,empirical_copula,-45.0,optimal,378.52849516847334,21543.664341584157,-133.70154889986475,-78.87892361561327,0.0,True,0.7649911342092075,1.307204692030487,0.061930338541666664,0.863999405362981,-40.92376873073783,0.13600059463701897,-37.95515488487537,0.0,-0.0,FEASIBLE
CRR-STAGEII-CONFIRM-2026-07-22,21c5b970e734ed79636df2f3882d4d85460c5efa40b88e59b9b9a3f34a25c0ff,202607225028,gaussian,empirical_copula,-45.0,optimal,375.65801329645876,24905.006463082314,-124.40600861255356,-27.866921449426215,17.133078550573785,False,0.9977508229995455,1.0022542472014133,0.061442057291666664,0.9988741439479227,-27.527847304606716,0.0011258560520772676,-0.3390741448193597,0.0,-0.0,TRUE_LAW_RISK_VIOLATION
CRR-STAGEII-CONFIRM-2026-07-22,21c5b970e734ed79636df2f3882d4d85460c5efa40b88e59b9b9a3f34a25c0ff,202607225029,gaussian,empirical_copula,-45.0,optimal,376.32277201619206,23842.278016360317,-128.75317994756435,-48.548534189921455,0.0,True,0.8798404011756964,1.1365697672711312,0.06315104166666667,0.9357983485373117,-29.496551889443243,0.06420165146268823,-19.05198230047808,0.0,-0.0,FEASIBLE
CRR-STAGEII-CONFIRM-2026-07-22,21c5b970e734ed79636df2f3882d4d85460c5efa40b88e59b9b9a3f34a25c0ff,202607225030,gaussian,empirical_copula,-45.0,optimal,367.12333822971823,11742.775142463117,-193.2482169047594,-129.21282363913855,0.0,True,1.0,1.0,0.063232421875,0.0,-0.0,1.0,-129.21282363913915,0.0,-0.0,FEASIBLE
CRR-STAGEII-CONFIRM-2026-07-22,21c5b970e734ed79636df2f3882d4d85460c5efa40b88e59b9b9a3f34a25c0ff,202607225031,gaussian,empirical_copula,-45.0,optimal,373.16239489041146,22878.438185514133,-127.43468405982495,-43.98636742480478,1.013632575195217,False,0.9139211907663862,1.094186249430797,0.056803385416666664,0.9549292201905623,-30.639958827012826,0.04507077980943762,-13.346408597791834,0.0,-0.0,TRUE_LAW_RISK_VIOLATION
CRR-STAGEII-CONFIRM-2026-07-22,21c5b970e734ed79636df2f3882d4d85460c5efa40b88e59b9b9a3f34a25c0ff,202607225032,gaussian,empirical_copula,-45.0,optimal,372.3778655180927,20389.967486006528,-136.8680242123257,-86.74004378424505,0.0,True,0.7023180400964759,1.423856348418207,0.06502278645833333,0.8180550582025664,-35.04406813377215,0.1819449417974336,-51.69597565047283,0.0,-0.0,FEASIBLE
CRR-STAGEII-CONFIRM-2026-07-22,21c5b970e734ed79636df2f3882d4d85460c5efa40b88e59b9b9a3f34a25c0ff,202607225033,gaussian,empirical_copula,-45.0,optimal,374.4519305414359,22171.80800440413,-130.00660639847675,-55.70865322915435,0.0,True,0.8487989128707081,1.1781353449404375,0.061848958333333336,0.9176116095552829,-31.519701450587725,0.08238839044471713,-24.188951778566523,0.0,-0.0,FEASIBLE
CRR-STAGEII-CONFIRM-2026-07-22,21c5b970e734ed79636df2f3882d4d85460c5efa40b88e59b9b9a3f34a25c0ff,202607225034,gaussian,empirical_copula,-45.0,optimal,374.0149127419645,24501.70783599881,-124.32841483628681,-40.57466073996193,4.425339260038072,False,1.0,1.0,0.06551106770833333,1.0,-40.57466073996179,0.0,-0.0,0.0,-0.0,TRUE_LAW_RISK_VIOLATION
CRR-STAGEII-CONFIRM-2026-07-22,21c5b970e734ed79636df2f3882d4d85460c5efa40b88e59b9b9a3f34a25c0ff,202607225035,gaussian,empirical_copula,-45.0,optimal,376.0478875831034,16716.120457021552,-156.47277384807762,-155.43046039476442,0.0,True,0.5022576015083409,1.991010184807314,0.068359375,0.5335976301868217,-24.972156679690993,0.4664023698131783,-130.4583037150734,0.0,-0.0,FEASIBLE
CRR-STAGEII-CONFIRM-2026-07-22,21c5b970e734ed79636df2f3882d4d85460c5efa40b88e59b9b9a3f34a25c0ff,202607225036,gaussian,empirical_copula,-45.0,optimal,378.17295228970863,21984.95357246736,-131.5580528548832,-69.03025504185821,0.0,True,0.8122091486278518,1.2312099681337036,0.059000651041666664,0.8951007141399847,-39.35765287609196,0.10489928586001529,-29.672602165766158,0.0,-0.0,FEASIBLE
CRR-STAGEII-CONFIRM-2026-07-22,21c5b970e734ed79636df2f3882d4d85460c5efa40b88e59b9b9a3f34a25c0ff,202607225037,gaussian,empirical_copula,-45.0,optimal,378.1031262704247,20760.146230448463,-132.65959837689348,-80.43023577281912,0.0,True,0.7874604751862457,1.269905006677936,0.085693359375,0.8791177094163802,-47.60980688403777,0.12088229058361977,-32.820428888781265,0.0,-0.0,FEASIBLE
CRR-STAGEII-CONFIRM-2026-07-22,21c5b970e734ed79636df2f3882d4d85460c5efa40b88e59b9b9a3f34a25c0ff,202607225038,gaussian,empirical_copula,-45.0,optimal,377.84427559868766,22853.224628549095,-124.32841483628681,-47.93140941058506,0.0,True,1.0,1.0,0.08846028645833333,1.0,-47.93140941058497,0.0,-0.0,0.0,-0.0,FEASIBLE
CRR-STAGEII-CONFIRM-2026-07-22,21c5b970e734ed79636df2f3882d4d85460c5efa40b88e59b9b9a3f34a25c0ff,202607225039,gaussian,empirical_copula,-45.0,optimal,377.0282226361152,21980.732932205716,-130.73037564721255,-59.795300360935784,0.0,True,0.8314770948247394,1.202678950778292,0.059326171875,0.9071099942427964,-32.698984735304215,0.09289000575720363,-27.096315625631473,0.0,-0.0,FEASIBLE
CRR-STAGEII-CONFIRM-2026-07-22,21c5b970e734ed79636df2f3882d4d85460c5efa40b88e59b9b9a3f34a25c0ff,202607225040,gaussian,empirical_copula,-45.0,optimal,376.62374966240316,19523.27617944966,-139.46283632024827,-97.33982062210777,0.0,True,0.6572542934283307,1.5214811222972153,0.060139973958333336,0.7804053257592755,-35.63938999276051,0.21959467424072454,-61.7004306293472,0.0,-0.0,FEASIBLE
CRR-STAGEII-CONFIRM-2026-07-22,21c5b970e734ed79636df2f3882d4d85460c5efa40b88e59b9b9a3f34a25c0ff,202607225041,gaussian,empirical_copula,-45.0,optimal,377.33595926642636,23902.105266626077,-126.58485937500447,-47.57791755606088,0.0,True,0.9366635380705186,1.0676192243587825,0.063232421875,0.9672598517262737,-38.151488388358636,0.03274014827372629,-9.426429167702123,0.0,-0.0,FEASIBLE
CRR-STAGEII-CONFIRM-2026-07-22,21c5b970e734ed79636df2f3882d4d85460c5efa40b88e59b9b9a3f34a25c0ff,202607225042,gaussian,empirical_copula,-45.0,optimal,368.8349413524313,11325.865666378742,-193.2482169047594,-139.09482877272202,0.0,True,1.0,1.0,0.057047526041666664,0.0,-0.0,1.0,-139.09482877272202,0.0,-0.0,FEASIBLE
CRR-STAGEII-CONFIRM-2026-07-22,21c5b970e734ed79636df2f3882d4d85460c5efa40b88e59b9b9a3f34a25c0ff,202607225043,gaussian,empirical_copula,-45.0,optimal,374.3242778470663,18250.307023740257,-148.53115544216578,-126.84551414580615,0.0,True,0.544299237298865,1.8372246945679953,0.06722005208333333,0.6488274794835702,-25.958780959029273,0.3511725205164298,-100.88673318677684,0.0,-0.0,FEASIBLE
CRR-STAGEII-CONFIRM-2026-07-22,21c5b970e734ed79636df2f3882d4d85460c5efa40b88e59b9b9a3f34a25c0ff,202607225044,gaussian,empirical_copula,-45.0,optimal,373.4695793102183,22935.822709009863,-129.77120299985336,-53.40905219045587,0.0,True,0.8545278449181772,1.17023688104131,0.06754557291666667,0.9210272229429929,-30.073388551495697,0.07897277705700712,-23.335663638960064,0.0,-0.0,FEASIBLE
CRR-STAGEII-CONFIRM-2026-07-22,21c5b970e734ed79636df2f3882d4d85460c5efa40b88e59b9b9a3f34a25c0ff,202607225045,gaussian,empirical_copula,-45.0,optimal,367.0059651249373,12059.388746687315,-193.2482169047594,-117.74969768418174,0.0,True,1.0,1.0,0.06648763020833333,0.0,-0.0,1.0,-117.7496976841822,0.0,-0.0,FEASIBLE
CRR-STAGEII-CONFIRM-2026-07-22,21c5b970e734ed79636df2f3882d4d85460c5efa40b88e59b9b9a3f34a25c0ff,202607225046,gaussian,empirical_copula,-45.0,optimal,377.73294924972095,22723.8048085024,-128.95254901672055,-59.99876913034271,0.0,True,0.8748144815326309,1.1430995040777678,0.06770833333333333,0.9329055795047176,-41.01993595166981,0.06709442049528236,-18.978833178672808,0.0,-0.0,FEASIBLE
CRR-STAGEII-CONFIRM-2026-07-22,21c5b970e734ed79636df2f3882d4d85460c5efa40b88e59b9b9a3f34a25c0ff,202607225047,gaussian,empirical_copula,-45.0,optimal,378.7711931483159,23286.08424392405,-127.17219182998946,-42.98074740137476,2.0192525986252434,False,0.920880889077416,1.0859167693249117,0.057861328125,0.9587378821709714,-30.76216395363202,0.041262117829028555,-12.218583447742612,0.0,-0.0,TRUE_LAW_RISK_VIOLATION
CRR-STAGEII-CONFIRM-2026-07-22,21c5b970e734ed79636df2f3882d4d85460c5efa40b88e59b9b9a3f34a25c0ff,202607225048,gaussian,empirical_copula,-45.0,optimal,377.07052746705466,22981.774197480263,-129.22077556994049,-53.23362431717963,0.0,True,0.8681055347714679,1.1519336762013086,0.057698567708333336,0.9290137146825658,-32.43709290333859,0.07098628531743423,-20.796531413840928,0.0,-0.0,FEASIBLE
CRR-STAGEII-CONFIRM-2026-07-22,21c5b970e734ed79636df2f3882d4d85460c5efa40b88e59b9b9a3f34a25c0ff,202607225049,gaussian,empirical_copula,-45.0,optimal,376.1394609888831,22783.808204854668,-129.9361136452161,-51.695433014746115,0.0,True,0.8505095761093391,1.1757657151545615,0.061848958333333336,0.9186344324761994,-27.395965814211404,0.08136556752380064,-24.29946720053461,0.0,-0.0,FEASIBLE
CRR-STAGEII-CONFIRM-2026-07-22,21c5b970e734ed79636df2f3882d4d85460c5efa40b88e59b9b9a3f34a25c0ff,202607225050,gaussian,empirical_copula,-45.0,optimal,376.690557409647,19022.581226644994,-146.14706797409573,-116.79608018930765,0.0,True,0.5672855564829056,1.762780646487575,0.06689453125,0.6834196779013985,-24.248773784485564,0.3165803220986016,-92.54730640482207,0.0,-0.0,FEASIBLE
CRR-STAGEII-CONFIRM-2026-07-22,21c5b970e734ed79636df2f3882d4d85460c5efa40b88e59b9b9a3f34a25c0ff,202607225051,gaussian,empirical_copula,-45.0,optimal,373.02061119898974,21210.141361434416,-134.7951458407621,-76.40988993623463,0.0,True,0.7423914049751135,1.3469983532925225,0.062174479166666664,0.8481317315148919,-32.49281358029449,0.15186826848510815,-43.917076355940054,0.0,-0.0,FEASIBLE
CRR-STAGEII-CONFIRM-2026-07-22,21c5b970e734ed79636df2f3882d4d85460c5efa40b88e59b9b9a3f34a25c0ff,202607225052,gaussian,empirical_copula,-45.0,optimal,372.9281399731544,24737.85435688554,-124.32841483628681,-30.95429709376245,14.045702906237551,False,1.0,1.0,0.062093098958333336,1.0,-30.954297093762307,0.0,-0.0,0.0,-0.0,TRUE_LAW_RISK_VIOLATION
CRR-STAGEII-CONFIRM-2026-07-22,21c5b970e734ed79636df2f3882d4d85460c5efa40b88e59b9b9a3f34a25c0ff,202607225053,gaussian,empirical_copula,-45.0,optimal,366.6580965928195,11446.115166551079,-193.2482169047594,-133.5609058979153,0.0,True,1.0,1.0,0.06673177083333333,0.0,-0.0,1.0,-133.56090589791575,0.0,-0.0,FEASIBLE
CRR-STAGEII-CONFIRM-2026-07-22,21c5b970e734ed79636df2f3882d4d85460c5efa40b88e59b9b9a3f34a25c0ff,202607225054,gaussian,empirical_copula,-45.0,optimal,368.7374374349554,11648.269557631356,-193.2482169047594,-128.8175434337952,0.0,True,1.0,1.0,0.0576171875,0.0,-0.0,1.0,-128.81754343379583,0.0,-0.0,FEASIBLE
CRR-STAGEII-CONFIRM-2026-07-22,21c5b970e734ed79636df2f3882d4d85460c5efa40b88e59b9b9a3f34a25c0ff,202607225055,gaussian,empirical_copula,-45.0,optimal,379.7643216480295,19902.31563843045,-140.3456690845655,-97.18918428121233,0.0,True,0.643214981111228,1.5546901570488685,0.072265625,0.7675957595994637,-30.276166902872387,0.2324042404005363,-66.91301737833987,0.0,-0.0,FEASIBLE
CRR-STAGEII-CONFIRM-2026-07-22,21c5b970e734ed79636df2f3882d4d85460c5efa40b88e59b9b9a3f34a25c0ff,202607225056,gaussian,empirical_copula,-45.0,optimal,380.79518730658276,23918.415158657524,-124.32841483628681,-43.97008320332645,1.0299167966735467,False,1.0,1.0,0.06306966145833333,1.0,-43.97008320332634,0.0,-0.0,0.0,-0.0,TRUE_LAW_RISK_VIOLATION
CRR-STAGEII-CONFIRM-2026-07-22,21c5b970e734ed79636df2f3882d4d85460c5efa40b88e59b9b9a3f34a25c0ff,202607225057,gaussian,empirical_copula,-45.0,optimal,378.02577141654484,24562.34132866602,-124.78526726836967,-33.836327640507946,11.163672359492054,False,0.9868303722310998,1.0133453814753648,0.059895833333333336,0.9933712457324099,-31.873413678875192,0.006628754267590131,-1.9629139616326097,0.0,-0.0,TRUE_LAW_RISK_VIOLATION
CRR-STAGEII-CONFIRM-2026-07-22,21c5b970e734ed79636df2f3882d4d85460c5efa40b88e59b9b9a3f34a25c0ff,202607225058,gaussian,empirical_copula,-45.0,optimal,376.1925099712496,23917.582702265656,-124.32841483628681,-44.53598694722055,0.4640130527794497,False,1.0,1.0,0.06494140625,1.0,-44.53598694722042,0.0,-0.0,0.0,-0.0,TRUE_LAW_RISK_VIOLATION
CRR-STAGEII-CONFIRM-2026-07-22,21c5b970e734ed79636df2f3882d4d85460c5efa40b88e59b9b9a3f34a25c0ff,202607225059,gaussian,empirical_copula,-45.0,optimal,367.04477304928525,11451.455186884812,-193.2482169047594,-137.11842774600532,0.0,True,1.0,1.0,0.063720703125,0.0,-0.0,1.0,-137.1184277460055,0.0,-0.0,FEASIBLE
CRR-STAGEII-CONFIRM-2026-07-22,21c5b970e734ed79636df2f3882d4d85460c5efa40b88e59b9b9a3f34a25c0ff,202607225060,gaussian,empirical_copula,-45.0,optimal,373.1625014075774,18736.869210319444,-141.99038378676,-104.67366797121876,0.0,True,0.6188101638067232,1.6160044848783968,0.060709635416666664,0.7437315775671293,-31.86017837817284,0.25626842243287073,-72.81348959304589,0.0,-0.0,FEASIBLE
CRR-STAGEII-CONFIRM-2026-07-22,21c5b970e734ed79636df2f3882d4d85460c5efa40b88e59b9b9a3f34a25c0ff,202607225061,gaussian,empirical_copula,-45.0,optimal,371.0941771960635,20249.159367786626,-138.92221467758864,-83.62157306486601,0.0,True,0.6661755937807026,1.5011057284833353,0.060139973958333336,0.7882495392717069,-19.046830037877907,0.21175046072829307,-64.57474302698809,0.0,-0.0,FEASIBLE
CRR-STAGEII-CONFIRM-2026-07-22,21c5b970e734ed79636df2f3882d4d85460c5efa40b88e59b9b9a3f34a25c0ff,202607225062,gaussian,empirical_copula,-45.0,optimal,371.1585430081177,16850.745733453063,-149.6639225936021,-131.79082559480258,0.0,True,0.5350549978087913,1.8689667493908033,0.06282552083333333,0.6323914608439514,-27.806305150381633,0.367608539156049,-103.98452044442094,0.0,-0.0,FEASIBLE
CRR-STAGEII-CONFIRM-2026-07-22,21c5b970e734ed79636df2f3882d4d85460c5efa40b88e59b9b9a3f34a25c0ff,202607225063,gaussian,empirical_copula,-45.0,optimal,375.7207418511934,24616.071980534372,-124.32841483628681,-32.08610458155063,12.913895418449371,False,1.0,1.0,0.058024088541666664,1.0,-32.08610458155048,0.0,-0.0,0.0,-0.0,TRUE_LAW_RISK_VIOLATION
CRR-STAGEII-CONFIRM-2026-07-22,21c5b970e734ed79636df2f3882d4d85460c5efa40b88e59b9b9a3f34a25c0ff,202607225064,gaussian,empirical_copula,-45.0,optimal,375.07908170844956,17565.803446416823,-146.87424837947518,-124.03845712243945,0.0,True,0.5597670836110384,1.7864573128327481,0.059488932291666664,0.6728685680091069,-33.774654179898576,0.3271314319908931,-90.2638029425408,0.0,-0.0,FEASIBLE
CRR-STAGEII-CONFIRM-2026-07-22,21c5b970e734ed79636df2f3882d4d85460c5efa40b88e59b9b9a3f34a25c0ff,202607225001,gaussian,empirical_copula,-30.0,optimal,375.94830163596527,22795.7977252121,-128.02599331875984,-54.278625294084605,0.0,True,0.8984558393013846,1.1130207587916323,0.06282552083333333,0.9463495487291237,-38.933354633758434,0.05365045127087631,-15.345270660326062,0.0,-0.0,FEASIBLE
CRR-STAGEII-CONFIRM-2026-07-22,21c5b970e734ed79636df2f3882d4d85460c5efa40b88e59b9b9a3f34a25c0ff,202607225002,gaussian,empirical_copula,-30.0,optimal,375.69001762516086,23824.08117315635,-124.32841483628681,-41.70646822775009,0.0,True,1.0,1.0,0.060791015625,1.0,-41.70646822774998,0.0,-0.0,0.0,-0.0,FEASIBLE
CRR-STAGEII-CONFIRM-2026-07-22,21c5b970e734ed79636df2f3882d4d85460c5efa40b88e59b9b9a3f34a25c0ff,202607225003,gaussian,empirical_copula,-30.0,optimal,367.86765430651724,21170.182116599848,-135.2070980800805,-69.9932636675485,0.0,True,0.7341393515852328,1.362139214906124,0.06705729166666667,0.8421544618920179,-22.25567250886863,0.1578455381079822,-47.73759115867982,0.0,-0.0,FEASIBLE
CRR-STAGEII-CONFIRM-2026-07-22,21c5b970e734ed79636df2f3882d4d85460c5efa40b88e59b9b9a3f34a25c0ff,202607225004,gaussian,empirical_copula,-30.0,optimal,367.58761546521583,11609.430147482557,-193.2482169047594,-133.95618610325863,0.0,True,1.0,1.0,0.060872395833333336,0.0,-0.0,1.0,-133.956186103259,0.0,-0.0,FEASIBLE
CRR-STAGEII-CONFIRM-2026-07-22,21c5b970e734ed79636df2f3882d4d85460c5efa40b88e59b9b9a3f34a25c0ff,202607225005,gaussian,empirical_copula,-30.0,optimal,377.03485892770505,24868.202015999283,-124.32841483628681,-29.2565858620802,0.7434141379197996,False,1.0,1.0,0.061767578125,1.0,-29.256585862080048,0.0,-0.0,0.0,-0.0,TRUE_LAW_RISK_VIOLATION
CRR-STAGEII-CONFIRM-2026-07-22,21c5b970e734ed79636df2f3882d4d85460c5efa40b88e59b9b9a3f34a25c0ff,202607225006,gaussian,empirical_copula,-30.0,optimal,374.8473573104903,24105.688173433973,-127.70458041169233,-44.51308778750135,0.0,True,0.9068256818638074,1.1027477717048007,0.062093098958333336,0.9510131272279153,-29.97612476947156,0.04898687277208469,-14.536963018029667,0.0,-0.0,FEASIBLE
CRR-STAGEII-CONFIRM-2026-07-22,21c5b970e734ed79636df2f3882d4d85460c5efa40b88e59b9b9a3f34a25c0ff,202607225007,gaussian,empirical_copula,-30.0,optimal,370.56777573053455,20321.58033500594,-136.9509590429041,-79.75032141263937,0.0,True,0.700790006547342,1.4269609878240248,0.06396484375,0.8168517054927604,-25.285070373369336,0.18314829450723957,-54.465251039269965,0.0,-0.0,FEASIBLE
CRR-STAGEII-CONFIRM-2026-07-22,21c5b970e734ed79636df2f3882d4d85460c5efa40b88e59b9b9a3f34a25c0ff,202607225008,gaussian,empirical_copula,-30.0,optimal,374.9453489841046,24855.29529072949,-124.32841483628681,-37.17923827659742,0.0,True,1.0,1.0,0.063720703125,1.0,-37.17923827659726,0.0,-0.0,0.0,-0.0,FEASIBLE
CRR-STAGEII-CONFIRM-2026-07-22,21c5b970e734ed79636df2f3882d4d85460c5efa40b88e59b9b9a3f34a25c0ff,202607225009,gaussian,empirical_copula,-30.0,optimal,376.7582527736961,20742.814277484445,-134.52670325015188,-88.65114232243528,0.0,True,0.7478456386166126,1.3371743423547007,0.06575520833333333,0.8520267309570486,-49.035649058354046,0.14797326904295138,-39.61549326408117,0.0,-0.0,FEASIBLE
CRR-STAGEII-CONFIRM-2026-07-22,21c5b970e734ed79636df2f3882d4d85460c5efa40b88e59b9b9a3f34a25c0ff,202607225010,gaussian,empirical_copula,-30.0,optimal,376.4952635536165,23398.439447662466,-125.67607230869808,-51.35396830790661,0.0,True,0.9616567272355971,1.039872099553263,0.061686197916666664,0.9804460048931603,-45.88448273579637,0.01955399510683975,-5.469485572110149,0.0,-0.0,FEASIBLE
CRR-STAGEII-CONFIRM-2026-07-22,21c5b970e734ed79636df2f3882d4d85460c5efa40b88e59b9b9a3f34a25c0ff,202607225011,gaussian,empirical_copula,-30.0,optimal,372.89488407619166,20606.142941298556,-137.25530035452937,-86.38899288461968,0.0,True,0.695232294888658,1.4383681646436617,0.064453125,0.812435829322325,-32.50454767025565,0.18756417067767495,-53.88444521436397,0.0,-0.0,FEASIBLE
CRR-STAGEII-CONFIRM-2026-07-22,21c5b970e734ed79636df2f3882d4d85460c5efa40b88e59b9b9a3f34a25c0ff,202607225012,gaussian,empirical_copula,-30.0,optimal,375.61162827626345,20970.85613237618,-135.31981601874233,-77.19468398718863,0.0,True,0.7319063346743013,1.3662950470909647,0.059326171875,0.8405189676613487,-30.774202144067278,0.1594810323386513,-46.420481843121266,0.0,-0.0,FEASIBLE
CRR-STAGEII-CONFIRM-2026-07-22,21c5b970e734ed79636df2f3882d4d85460c5efa40b88e59b9b9a3f34a25c0ff,202607225013,gaussian,empirical_copula,-30.0,optimal,373.42175357976646,18513.512433531134,-143.40285420253608,-106.80345563951761,0.0,True,0.5996696693993657,1.667584757124049,0.059326171875,0.723237171411221,-26.070841880340044,0.276762828588779,-80.73261375917753,0.0,-0.0,FEASIBLE
CRR-STAGEII-CONFIRM-2026-07-22,21c5b970e734ed79636df2f3882d4d85460c5efa40b88e59b9b9a3f34a25c0ff,202607225014,gaussian,empirical_copula,-30.0,optimal,377.22490535128327,23353.399629469917,-126.46146619418525,-51.8927580988269,0.0,True,0.940016254617567,1.0638113916517715,0.06315104166666667,0.9690502396426032,-43.1576088239238,0.030949760357396827,-8.735149274902998,0.0,-0.0,FEASIBLE
CRR-STAGEII-CONFIRM-2026-07-22,21c5b970e734ed79636df2f3882d4d85460c5efa40b88e59b9b9a3f34a25c0ff,202607225015,gaussian,empirical_copula,-30.0,optimal,375.79030766289776,21190.926063483894,-135.99325299950013,-76.41134144016135,0.0,True,0.7187880216893598,1.3912307520786318,0.06103515625,0.8307476543298228,-26.185332909887965,0.16925234567017722,-50.226008530273326,0.0,-0.0,FEASIBLE
CRR-STAGEII-CONFIRM-2026-07-22,21c5b970e734ed79636df2f3882d4d85460c5efa40b88e59b9b9a3f34a25c0ff,202607225016,gaussian,empirical_copula,-30.0,optimal,371.32625657370033,18608.42108626374,-143.81642037149842,-111.06670879283672,0.0,True,0.5943833802096652,1.6824158166186545,0.064697265625,0.7172364842857493,-30.72517426707618,0.28276351571425073,-80.3415345257605,0.0,-0.0,FEASIBLE
CRR-STAGEII-CONFIRM-2026-07-22,21c5b970e734ed79636df2f3882d4d85460c5efa40b88e59b9b9a3f34a25c0ff,202607225017,gaussian,empirical_copula,-30.0,optimal,374.19724034529247,21348.112957800746,-134.3539917636013,-77.1547454429024,0.0,True,0.7513868830046779,1.3308723144076688,0.060872395833333336,0.8545327086494827,-35.63954126286278,0.14546729135051728,-41.51520418003953,0.0,-0.0,FEASIBLE
CRR-STAGEII-CONFIRM-2026-07-22,21c5b970e734ed79636df2f3882d4d85460c5efa40b88e59b9b9a3f34a25c0ff,202607225018,gaussian,empirical_copula,-30.0,optimal,373.9676633204397,24327.566584262353,-126.32297146080015,-41.32112895020887,0.0,True,0.9437945673176062,1.059552613067203,0.06339518229166667,0.9710597453177284,-32.806103579458835,0.02894025468227157,-8.515025370749909,0.0,-0.0,FEASIBLE
CRR-STAGEII-CONFIRM-2026-07-22,21c5b970e734ed79636df2f3882d4d85460c5efa40b88e59b9b9a3f34a25c0ff,202607225019,gaussian,empirical_copula,-30.0,optimal,378.3061841589323,21791.219569688976,-131.58693387135403,-72.20921053298824,0.0,True,0.8115472280442679,1.232214177368187,0.05908203125,0.8946816616238129,-42.88335301543342,0.10531833837618709,-29.325857517554745,0.0,-0.0,FEASIBLE
CRR-STAGEII-CONFIRM-2026-07-22,21c5b970e734ed79636df2f3882d4d85460c5efa40b88e59b9b9a3f34a25c0ff,202607225020,gaussian,empirical_copula,-30.0,optimal,373.90927930848056,19121.57610238691,-140.08380623037417,-95.95284314641128,0.0,True,0.6473108064121018,1.5448529363240127,0.059814453125,0.7713952895797032,-29.989495723914786,0.22860471042029684,-65.96334742249643,0.0,-0.0,FEASIBLE
CRR-STAGEII-CONFIRM-2026-07-22,21c5b970e734ed79636df2f3882d4d85460c5efa40b88e59b9b9a3f34a25c0ff,202607225021,gaussian,empirical_copula,-30.0,optimal,372.08941751044597,19963.44170397857,-137.75140287417508,-88.83449009832971,0.0,True,0.6863399498395075,1.4570039238337185,0.061360677083333336,0.805237571278101,-33.12792822599022,0.19476242872189897,-55.70656187233942,0.0,-0.0,FEASIBLE
CRR-STAGEII-CONFIRM-2026-07-22,21c5b970e734ed79636df2f3882d4d85460c5efa40b88e59b9b9a3f34a25c0ff,202607225022,gaussian,empirical_copula,-30.0,optimal,378.03597419802725,21779.17675703072,-133.4520943874982,-78.04023249542564,0.0,True,0.7702873039859284,1.2982169053357109,0.062255859375,0.867618895043446,-41.095207689708424,0.13238110495655397,-36.94502480571715,0.0,-0.0,FEASIBLE
CRR-STAGEII-CONFIRM-2026-07-22,21c5b970e734ed79636df2f3882d4d85460c5efa40b88e59b9b9a3f34a25c0ff,202607225023,gaussian,empirical_copula,-30.0,optimal,369.85891356187733,12000.996642150463,-193.2482169047594,-130.00338404982523,0.0,True,1.0,1.0,0.059895833333333336,0.0,-0.0,1.0,-130.00338404982583,0.0,-0.0,FEASIBLE
CRR-STAGEII-CONFIRM-2026-07-22,21c5b970e734ed79636df2f3882d4d85460c5efa40b88e59b9b9a3f34a25c0ff,202607225024,gaussian,empirical_copula,-30.0,optimal,374.46120431621625,22245.962514020404,-129.30744956161027,-62.66724254645685,0.0,True,0.8659505761598525,1.1548003171666026,0.06998697916666667,0.9277561081737188,-42.36857523390099,0.07224389182628121,-20.298667312555768,0.0,-0.0,FEASIBLE
CRR-STAGEII-CONFIRM-2026-07-22,21c5b970e734ed79636df2f3882d4d85460c5efa40b88e59b9b9a3f34a25c0ff,202607225025,gaussian,empirical_copula,-30.0,optimal,375.31275141884606,22356.289434644845,-130.82986064826773,-64.24119394638004,0.0,True,0.8291306263658578,1.206082573964341,0.060384114583333336,0.9056665048816933,-37.25963124495368,0.09433349511830669,-26.981562701426267,0.0,-0.0,FEASIBLE
CRR-STAGEII-CONFIRM-2026-07-22,21c5b970e734ed79636df2f3882d4d85460c5efa40b88e59b9b9a3f34a25c0ff,202607225026,gaussian,empirical_copula,-30.0,optimal,376.00362925874276,23927.680524664323,-124.32841483628681,-36.61333453270332,0.0,True,1.0,1.0,0.06306966145833333,1.0,-36.61333453270317,0.0,-0.0,0.0,-0.0,FEASIBLE
CRR-STAGEII-CONFIRM-2026-07-22,21c5b970e734ed79636df2f3882d4d85460c5efa40b88e59b9b9a3f34a25c0ff,202607225027,gaussian,empirical_copula,-30.0,optimal,379.01795621097205,22479.65239397928,-130.3557368934367,-67.62996767175247,0.0,True,0.8403881722896875,1.1899263137835943,0.061930338541666664,0.9125458594445517,-43.22319607663621,0.08745414055544831,-24.406771595116158,0.0,-0.0,FEASIBLE
CRR-STAGEII-CONFIRM-2026-07-22,21c5b970e734ed79636df2f3882d4d85460c5efa40b88e59b9b9a3f34a25c0ff,202607225028,gaussian,empirical_copula,-30.0,optimal,375.6649536936751,24930.69408861208,-124.32841483628681,-27.558874630397938,2.4411253696020623,False,1.0,1.0,0.061442057291666664,1.0,-27.55887463039779,0.0,-0.0,0.0,-0.0,TRUE_LAW_RISK_VIOLATION
CRR-STAGEII-CONFIRM-2026-07-22,21c5b970e734ed79636df2f3882d4d85460c5efa40b88e59b9b9a3f34a25c0ff,202607225029,gaussian,empirical_copula,-30.0,optimal,376.75704913467155,25226.002401378122,-124.44341194323691,-31.962757453080286,0.0,True,0.9966684400285222,1.003342696364884,0.06315104166666667,0.9983314359081324,-31.467607362370227,0.0016685640918676747,-0.4951500907099118,0.0,-0.0,FEASIBLE
CRR-STAGEII-CONFIRM-2026-07-22,21c5b970e734ed79636df2f3882d4d85460c5efa40b88e59b9b9a3f34a25c0ff,202607225030,gaussian,empirical_copula,-30.0,optimal,367.12333822971823,11742.775142463117,-193.2482169047594,-129.21282363913855,0.0,True,1.0,1.0,0.063232421875,0.0,-0.0,1.0,-129.21282363913915,0.0,-0.0,FEASIBLE
CRR-STAGEII-CONFIRM-2026-07-22,21c5b970e734ed79636df2f3882d4d85460c5efa40b88e59b9b9a3f34a25c0ff,202607225031,gaussian,empirical_copula,-30.0,optimal,373.3602786318027,23829.44870336539,-124.32841483628681,-32.08610458155064,0.0,True,1.0,1.0,0.056803385416666664,1.0,-32.08610458155048,0.0,-0.0,0.0,-0.0,FEASIBLE
CRR-STAGEII-CONFIRM-2026-07-22,21c5b970e734ed79636df2f3882d4d85460c5efa40b88e59b9b9a3f34a25c0ff,202607225032,gaussian,empirical_copula,-30.0,optimal,372.841774566734,21532.463710271513,-132.49726227744796,-71.43779863495092,0.0,True,0.7910435194999315,1.2641529515748553,0.06502278645833333,0.8814731442054154,-37.76078958731391,0.11852685579458455,-33.67700904763694,0.0,-0.0,FEASIBLE
CRR-STAGEII-CONFIRM-2026-07-22,21c5b970e734ed79636df2f3882d4d85460c5efa40b88e59b9b9a3f34a25c0ff,202607225033,gaussian,empirical_copula,-30.0,optimal,374.7500352062285,23222.744000290655,-126.4178000078276,-42.20909499479636,0.0,True,0.9412057802728633,1.0624669131442135,0.061848958333333336,0.9696838193257584,-33.30836725292344,0.030316180674241577,-8.900727741872778,0.0,-0.0,FEASIBLE
CRR-STAGEII-CONFIRM-2026-07-22,21c5b970e734ed79636df2f3882d4d85460c5efa40b88e59b9b9a3f34a25c0ff,202607225034,gaussian,empirical_copula,-30.0,optimal,374.0149127419645,24501.70783599881,-124.32841483628681,-40.57466073996193,0.0,True,1.0,1.0,0.06551106770833333,1.0,-40.57466073996179,0.0,-0.0,0.0,-0.0,FEASIBLE
CRR-STAGEII-CONFIRM-2026-07-22,21c5b970e734ed79636df2f3882d4d85460c5efa40b88e59b9b9a3f34a25c0ff,202607225035,gaussian,empirical_copula,-30.0,optimal,376.7437474272102,17795.811981195016,-151.1253132039951,-137.35888397295227,0.0,True,0.5247252052789918,1.9057594145269021,0.068359375,0.6111872413521259,-28.603319595571815,0.3888127586478741,-108.75556437738041,0.0,-0.0,FEASIBLE
CRR-STAGEII-CONFIRM-2026-07-22,21c5b970e734ed79636df2f3882d4d85460c5efa40b88e59b9b9a3f34a25c0ff,202607225036,gaussian,empirical_copula,-30.0,optimal,378.74674027010576,23152.06660241279,-127.46784899894254,-54.85233752775308,0.0,True,0.9130459868465977,1.0952350860811697,0.059000651041666664,0.9544480095932855,-41.96715839506599,0.04555199040671454,-12.885179132686996,0.0,-0.0,FEASIBLE
CRR-STAGEII-CONFIRM-2026-07-22,21c5b970e734ed79636df2f3882d4d85460c5efa40b88e59b9b9a3f34a25c0ff,202607225037,gaussian,empirical_copula,-30.0,optimal,378.5874793285801,21767.434706228945,-128.8565657158613,-68.43668851960524,0.0,True,0.8772299582051257,1.139951948342109,0.085693359375,0.93429826053366,-50.59818415628331,0.06570173946633995,-17.838504363321874,0.0,-0.0,FEASIBLE
CRR-STAGEII-CONFIRM-2026-07-22,21c5b970e734ed79636df2f3882d4d85460c5efa40b88e59b9b9a3f34a25c0ff,202607225038,gaussian,empirical_copula,-30.0,optimal,377.84427559868766,22853.224628549095,-124.32841483628681,-47.93140941058506,0.0,True,1.0,1.0,0.08846028645833333,1.0,-47.93140941058497,0.0,-0.0,0.0,-0.0,FEASIBLE
CRR-STAGEII-CONFIRM-2026-07-22,21c5b970e734ed79636df2f3882d4d85460c5efa40b88e59b9b9a3f34a25c0ff,202607225039,gaussian,empirical_copula,-30.0,optimal,377.37394409825094,23106.52513264618,-126.87573485326091,-45.49663319853477,0.0,True,0.9288108971774713,1.0766454216233494,0.059326171875,0.9630393596539453,-34.71509466402461,0.03696064034605473,-10.781538534510013,0.0,-0.0,FEASIBLE
CRR-STAGEII-CONFIRM-2026-07-22,21c5b970e734ed79636df2f3882d4d85460c5efa40b88e59b9b9a3f34a25c0ff,202607225040,gaussian,empirical_copula,-30.0,optimal,377.10591064365985,20515.063986320285,-135.42325130861346,-83.54784695946009,0.0,True,0.729866627136438,1.3701133369029415,0.060139973958333336,0.8390181611185734,-38.31610890920194,0.1609818388814266,-45.23173805025809,0.0,-0.0,FEASIBLE
CRR-STAGEII-CONFIRM-2026-07-22,21c5b970e734ed79636df2f3882d4d85460c5efa40b88e59b9b9a3f34a25c0ff,202607225041,gaussian,empirical_copula,-30.0,optimal,377.5552712073909,24606.515938181063,-124.32841483628681,-39.44285325217375,0.0,True,1.0,1.0,0.063232421875,1.0,-39.44285325217363,0.0,-0.0,0.0,-0.0,FEASIBLE
CRR-STAGEII-CONFIRM-2026-07-22,21c5b970e734ed79636df2f3882d4d85460c5efa40b88e59b9b9a3f34a25c0ff,202607225042,gaussian,empirical_copula,-30.0,optimal,368.8349413524313,11325.865666378742,-193.2482169047594,-139.09482877272202,0.0,True,1.0,1.0,0.057047526041666664,0.0,-0.0,1.0,-139.09482877272202,0.0,-0.0,FEASIBLE
CRR-STAGEII-CONFIRM-2026-07-22,21c5b970e734ed79636df2f3882d4d85460c5efa40b88e59b9b9a3f34a25c0ff,202607225043,gaussian,empirical_copula,-30.0,optimal,374.834825055637,19230.449116398093,-144.23224572259443,-111.42150141080253,0.0,True,0.589213429025262,1.6971778828162554,0.06722005208333333,0.7112030172905467,-28.45434869364763,0.2887969827094533,-82.96715271715483,0.0,-0.0,FEASIBLE
CRR-STAGEII-CONFIRM-2026-07-22,21c5b970e734ed79636df2f3882d4d85460c5efa40b88e59b9b9a3f34a25c0ff,202607225044,gaussian,empirical_copula,-30.0,optimal,373.8737596806302,24370.254728966807,-125.02835338493162,-35.321348876724244,0.0,True,0.9798946002956812,1.0205179207011164,0.06754557291666667,0.9898441590422822,-32.32039972194128,0.010155840957717821,-3.000949154782814,0.0,-0.0,FEASIBLE
CRR-STAGEII-CONFIRM-2026-07-22,21c5b970e734ed79636df2f3882d4d85460c5efa40b88e59b9b9a3f34a25c0ff,202607225045,gaussian,empirical_copula,-30.0,optimal,367.0059651249373,12059.388746687315,-193.2482169047594,-117.74969768418174,0.0,True,1.0,1.0,0.06648763020833333,0.0,-0.0,1.0,-117.7496976841822,0.0,-0.0,FEASIBLE
CRR-STAGEII-CONFIRM-2026-07-22,21c5b970e734ed79636df2f3882d4d85460c5efa40b88e59b9b9a3f34a25c0ff,202607225046,gaussian,empirical_copula,-30.0,optimal,378.17679742384666,23807.233740827553,-125.22647292577234,-47.083031595154836,0.0,True,0.9742786271846784,1.0264004280681465,0.06770833333333333,0.9869695201882138,-43.39713192182284,0.013030479811786178,-3.68589967333189,0.0,-0.0,FEASIBLE
CRR-STAGEII-CONFIRM-2026-07-22,21c5b970e734ed79636df2f3882d4d85460c5efa40b88e59b9b9a3f34a25c0ff,202607225047,gaussian,empirical_copula,-30.0,optimal,379.04311287986917,24180.52519725403,-124.32841483628681,-32.08610458155063,0.0,True,1.0,1.0,0.057861328125,1.0,-32.08610458155049,0.0,-0.0,0.0,-0.0,FEASIBLE
CRR-STAGEII-CONFIRM-2026-07-22,21c5b970e734ed79636df2f3882d4d85460c5efa40b88e59b9b9a3f34a25c0ff,202607225048,gaussian,empirical_copula,-30.0,optimal,377.4800389543444,24267.155091885896,-125.0613537121194,-37.6598966290135,0.0,True,0.9789568659208956,1.0214954660533582,0.057698567708333336,0.9893653369012233,-34.54430741033076,0.010634663098776698,-3.1155892186825924,0.0,-0.0,FEASIBLE
CRR-STAGEII-CONFIRM-2026-07-22,21c5b970e734ed79636df2f3882d4d85460c5efa40b88e59b9b9a3f34a25c0ff,202607225049,gaussian,empirical_copula,-30.0,optimal,376.5285511716008,24143.538247298857,-125.58306217593201,-34.716267105994035,0.0,True,0.9642538970402594,1.0370712558896178,0.061848958333333336,0.9817955463888491,-29.27958747737315,0.01820445361115086,-5.436679628620765,0.0,-0.0,FEASIBLE
CRR-STAGEII-CONFIRM-2026-07-22,21c5b970e734ed79636df2f3882d4d85460c5efa40b88e59b9b9a3f34a25c0ff,202607225050,gaussian,empirical_copula,-30.0,optimal,377.1979092190911,20108.730036219655,-141.6535179770804,-100.04935399445787,0.0,True,0.6236231840482329,1.6035324304470646,0.06689453125,0.7486193717796674,-26.562158486147545,0.2513806282203325,-73.48719550831028,0.0,-0.0,FEASIBLE
CRR-STAGEII-CONFIRM-2026-07-22,21c5b970e734ed79636df2f3882d4d85460c5efa40b88e59b9b9a3f34a25c0ff,202607225051,gaussian,empirical_copula,-30.0,optimal,373.46288348046244,22558.848757363798,-129.99318606058677,-58.93078234226259,0.0,True,0.8491242646778545,1.1776839287231835,0.062174479166666664,0.917806333531371,-35.16212044676316,0.08219366646862902,-23.76866189549932,0.0,-0.0,FEASIBLE
CRR-STAGEII-CONFIRM-2026-07-22,21c5b970e734ed79636df2f3882d4d85460c5efa40b88e59b9b9a3f34a25c0ff,202607225052,gaussian,empirical_copula,-30.0,optimal,372.9281399731544,24737.85435688554,-124.32841483628681,-30.95429709376245,0.0,True,1.0,1.0,0.062093098958333336,1.0,-30.954297093762307,0.0,-0.0,0.0,-0.0,FEASIBLE
CRR-STAGEII-CONFIRM-2026-07-22,21c5b970e734ed79636df2f3882d4d85460c5efa40b88e59b9b9a3f34a25c0ff,202607225053,gaussian,empirical_copula,-30.0,optimal,366.6580965928195,11446.115166551079,-193.2482169047594,-133.5609058979153,0.0,True,1.0,1.0,0.06673177083333333,0.0,-0.0,1.0,-133.56090589791575,0.0,-0.0,FEASIBLE
CRR-STAGEII-CONFIRM-2026-07-22,21c5b970e734ed79636df2f3882d4d85460c5efa40b88e59b9b9a3f34a25c0ff,202607225054,gaussian,empirical_copula,-30.0,optimal,368.7374374349554,11648.269557631356,-193.2482169047594,-128.8175434337952,0.0,True,1.0,1.0,0.0576171875,0.0,-0.0,1.0,-128.81754343379583,0.0,-0.0,FEASIBLE
CRR-STAGEII-CONFIRM-2026-07-22,21c5b970e734ed79636df2f3882d4d85460c5efa40b88e59b9b9a3f34a25c0ff,202607225055,gaussian,empirical_copula,-30.0,optimal,380.2814485647651,20950.26298775956,-136.43172483922666,-83.07840620919495,0.0,True,0.7104520290524299,1.4075545696361185,0.072265625,0.8243855954357637,-32.5161200639786,0.17561440456423627,-50.562286145216284,0.0,-0.0,FEASIBLE
CRR-STAGEII-CONFIRM-2026-07-22,21c5b970e734ed79636df2f3882d4d85460c5efa40b88e59b9b9a3f34a25c0ff,202607225056,gaussian,empirical_copula,-30.0,optimal,380.79518730658276,23918.415158657524,-124.32841483628681,-43.97008320332645,0.0,True,1.0,1.0,0.06306966145833333,1.0,-43.97008320332634,0.0,-0.0,0.0,-0.0,FEASIBLE
CRR-STAGEII-CONFIRM-2026-07-22,21c5b970e734ed79636df2f3882d4d85460c5efa40b88e59b9b9a3f34a25c0ff,202607225057,gaussian,empirical_copula,-30.0,optimal,378.0775343386337,24709.664928753275,-124.32841483628681,-32.08610458155063,0.0,True,1.0,1.0,0.059895833333333336,1.0,-32.08610458155049,0.0,-0.0,0.0,-0.0,FEASIBLE
CRR-STAGEII-CONFIRM-2026-07-22,21c5b970e734ed79636df2f3882d4d85460c5efa40b88e59b9b9a3f34a25c0ff,202607225058,gaussian,empirical_copula,-30.0,optimal,376.1925099712496,23917.582702265656,-124.32841483628681,-44.53598694722055,0.0,True,1.0,1.0,0.06494140625,1.0,-44.53598694722042,0.0,-0.0,0.0,-0.0,FEASIBLE
CRR-STAGEII-CONFIRM-2026-07-22,21c5b970e734ed79636df2f3882d4d85460c5efa40b88e59b9b9a3f34a25c0ff,202607225059,gaussian,empirical_copula,-30.0,optimal,367.04477304928525,11451.455186884812,-193.2482169047594,-137.11842774600532,0.0,True,1.0,1.0,0.063720703125,0.0,-0.0,1.0,-137.1184277460055,0.0,-0.0,FEASIBLE
CRR-STAGEII-CONFIRM-2026-07-22,21c5b970e734ed79636df2f3882d4d85460c5efa40b88e59b9b9a3f34a25c0ff,202607225060,gaussian,empirical_copula,-30.0,optimal,373.593021576479,19746.32232360442,-137.86042185596074,-90.21447507442923,0.0,True,0.684413625977951,1.4611047501737142,0.060709635416666664,0.8036557474986691,-34.4272264917249,0.19634425250133092,-55.787248582704294,0.0,-0.0,FEASIBLE
CRR-STAGEII-CONFIRM-2026-07-22,21c5b970e734ed79636df2f3882d4d85460c5efa40b88e59b9b9a3f34a25c0ff,202607225061,gaussian,empirical_copula,-30.0,optimal,371.4653976587912,21563.33532553745,-134.29064646701025,-64.75161831656494,0.0,True,0.7526919993715442,1.3285646729803746,0.060139973958333336,0.855451824704519,-20.670669247448977,0.14454817529548103,-44.08094906911591,0.0,-0.0,FEASIBLE
CRR-STAGEII-CONFIRM-2026-07-22,21c5b970e734ed79636df2f3882d4d85460c5efa40b88e59b9b9a3f34a25c0ff,202607225062,gaussian,empirical_copula,-30.0,optimal,371.4602585678831,17500.89397021462,-146.407110025704,-120.50170124480351,0.0,True,0.5645457781208446,1.771335538684949,0.06282552083333333,0.6796465670710753,-29.884116102970296,0.3203534329289246,-90.61758514183319,0.0,-0.0,FEASIBLE
CRR-STAGEII-CONFIRM-2026-07-22,21c5b970e734ed79636df2f3882d4d85460c5efa40b88e59b9b9a3f34a25c0ff,202607225063,gaussian,empirical_copula,-30.0,optimal,375.7207418511934,24616.071980534372,-124.32841483628681,-32.08610458155063,0.0,True,1.0,1.0,0.058024088541666664,1.0,-32.08610458155048,0.0,-0.0,0.0,-0.0,FEASIBLE
CRR-STAGEII-CONFIRM-2026-07-22,21c5b970e734ed79636df2f3882d4d85460c5efa40b88e59b9b9a3f34a25c0ff,202607225064,gaussian,empirical_copula,-30.0,optimal,375.6265949743206,18513.709019821148,-142.60169605474817,-110.0447438450465,0.0,True,0.6103200081508555,1.6384847074402737,0.059488932291666664,0.7348616700856649,-36.88639945040519,0.26513832991433506,-73.15834439464122,0.0,-0.0,FEASIBLE
CRR-STAGEII-CONFIRM-2026-07-22,21c5b970e734ed79636df2f3882d4d85460c5efa40b88e59b9b9a3f34a25c0ff,202607225001,student_t_df4,empirical_copula,-105.0,optimal,373.6184074957548,18111.52075446864,-146.602066883015,-120.28225043938113,0.0,True,0.5625290812040612,1.7776858715633996,0.06282552083333333,0.6768178175468484,-27.84466706660873,0.32318218245315156,-92.43758337277238,0.0,-0.0,FEASIBLE
CRR-STAGEII-CONFIRM-2026-07-22,21c5b970e734ed79636df2f3882d4d85460c5efa40b88e59b9b9a3f34a25c0ff,202607225002,student_t_df4,empirical_copula,-105.0,optimal,372.94927900986943,17419.646605926628,-149.6149848297967,-131.11432469815037,0.0,True,0.5354320340986238,1.867650675185051,0.060791015625,0.6331015291020802,-26.404428808435835,0.3668984708979198,-104.70989588971453,0.0,-0.0,FEASIBLE
CRR-STAGEII-CONFIRM-2026-07-22,21c5b970e734ed79636df2f3882d4d85460c5efa40b88e59b9b9a3f34a25c0ff,202607225003,student_t_df4,empirical_copula,-105.0,optimal,367.1443758500838,16811.610663034506,-153.3341873094734,-142.5873740111303,0.0,True,0.5125254314325866,1.951122692984908,0.06705729166666667,0.579137321892349,-15.304900890440226,0.420862678107651,-127.28247312069013,0.0,-0.0,FEASIBLE
CRR-STAGEII-CONFIRM-2026-07-22,21c5b970e734ed79636df2f3882d4d85460c5efa40b88e59b9b9a3f34a25c0ff,202607225004,student_t_df4,empirical_copula,-105.0,optimal,367.58761546521583,11609.430147482557,-193.2482169047594,-133.95618610325863,0.0,True,1.0,1.0,0.060872395833333336,0.0,-0.0,1.0,-133.956186103259,0.0,-0.0,FEASIBLE
CRR-STAGEII-CONFIRM-2026-07-22,21c5b970e734ed79636df2f3882d4d85460c5efa40b88e59b9b9a3f34a25c0ff,202607225005,student_t_df4,empirical_copula,-105.0,optimal,374.15586601388384,16163.748253200914,-161.6041217839866,-158.72420061914065,0.0,True,0.5003024967284594,1.9987907446777202,0.061767578125,0.5122983073725498,-50.99511145912846,0.4877016926274502,-107.72908916001174,0.0,-0.0,FEASIBLE
CRR-STAGEII-CONFIRM-2026-07-22,21c5b970e734ed79636df2f3882d4d85460c5efa40b88e59b9b9a3f34a25c0ff,202607225006,student_t_df4,empirical_copula,-105.0,infeasible_or_failed,,,,,,,,,,,,,,,,ASSUMED_POLICY_INFEASIBLE
CRR-STAGEII-CONFIRM-2026-07-22,21c5b970e734ed79636df2f3882d4d85460c5efa40b88e59b9b9a3f34a25c0ff,202607225007,student_t_df4,empirical_copula,-105.0,optimal,369.423494926039,17060.242947895782,-150.27569127274904,-131.26085267219145,0.0,True,0.5305118763652676,1.8849719385197716,0.06396484375,0.623514931010926,-19.300466416908915,0.37648506898907397,-111.96038625528254,0.0,-0.0,FEASIBLE
CRR-STAGEII-CONFIRM-2026-07-22,21c5b970e734ed79636df2f3882d4d85460c5efa40b88e59b9b9a3f34a25c0ff,202607225008,student_t_df4,empirical_copula,-105.0,infeasible_or_failed,,,,,,,,,,,,,,,,ASSUMED_POLICY_INFEASIBLE
CRR-STAGEII-CONFIRM-2026-07-22,21c5b970e734ed79636df2f3882d4d85460c5efa40b88e59b9b9a3f34a25c0ff,202607225009,student_t_df4,empirical_copula,-105.0,optimal,374.8898126425968,17522.334608949386,-148.6934391886372,-131.85217119713704,0.0,True,0.5429085648084975,1.8419307869138781,0.06575520833333333,0.6464728043161895,-37.205656121388394,0.3535271956838105,-94.64651507574858,0.0,-0.0,FEASIBLE
CRR-STAGEII-CONFIRM-2026-07-22,21c5b970e734ed79636df2f3882d4d85460c5efa40b88e59b9b9a3f34a25c0ff,202607225010,student_t_df4,empirical_copula,-105.0,optimal,374.27198156195925,17513.92909447873,-148.50171382622096,-128.4925117242605,0.0,True,0.544553910695666,1.8363654733881223,0.061686197916666664,0.6492546660839553,-30.384859919247457,0.35074533391604473,-98.10765180501305,0.0,-0.0,FEASIBLE
CRR-STAGEII-CONFIRM-2026-07-22,21c5b970e734ed79636df2f3882d4d85460c5efa40b88e59b9b9a3f34a25c0ff,202607225011,student_t_df4,empirical_copula,-105.0,optimal,370.19101998450714,14566.181247122624,-167.71811121474656,-152.26150246739965,0.0,True,0.5335756913606231,1.8741483470695421,0.064453125,0.3704320808212481,-71.90867690317847,0.6295679191787519,-80.35282556422167,0.0,-0.0,FEASIBLE
CRR-STAGEII-CONFIRM-2026-07-22,21c5b970e734ed79636df2f3882d4d85460c5efa40b88e59b9b9a3f34a25c0ff,202607225012,student_t_df4,empirical_copula,-105.0,optimal,373.0188491428835,15785.943665551142,-158.27190641875586,-157.5197116689903,0.0,True,0.5010495593971143,1.995810556551024,0.059326171875,0.5229080705987451,-47.316576557760236,0.477091929401255,-110.20313511122967,0.0,-0.0,FEASIBLE
CRR-STAGEII-CONFIRM-2026-07-22,21c5b970e734ed79636df2f3882d4d85460c5efa40b88e59b9b9a3f34a25c0ff,202607225013,student_t_df4,empirical_copula,-105.0,optimal,371.9977814977432,15442.624410967845,-161.91411219425044,-159.39343165481506,0.0,True,0.5000627388696173,1.9997490760069063,0.059326171875,0.5056008423302766,-75.1473103885983,0.4943991576697234,-84.24612126621658,0.0,-0.0,FEASIBLE
CRR-STAGEII-CONFIRM-2026-07-22,21c5b970e734ed79636df2f3882d4d85460c5efa40b88e59b9b9a3f34a25c0ff,202607225014,student_t_df4,empirical_copula,-105.0,optimal,374.3999205320665,16849.6876988471,-152.58524779162133,-141.99217465306845,0.0,True,0.5162014933844108,1.937228025908303,0.06315104166666667,0.5900041481944328,-26.276417042793167,0.4099958518055672,-115.71575761027525,0.0,-0.0,FEASIBLE
CRR-STAGEII-CONFIRM-2026-07-22,21c5b970e734ed79636df2f3882d4d85460c5efa40b88e59b9b9a3f34a25c0ff,202607225015,student_t_df4,empirical_copula,-105.0,infeasible_or_failed,,,,,,,,,,,,,,,,ASSUMED_POLICY_INFEASIBLE
CRR-STAGEII-CONFIRM-2026-07-22,21c5b970e734ed79636df2f3882d4d85460c5efa40b88e59b9b9a3f34a25c0ff,202607225016,student_t_df4,empirical_copula,-105.0,optimal,369.7534333713021,15479.644414492495,-160.4094199817913,-159.6483417782444,0.0,True,0.5001893993538725,1.9992426894527666,0.064697265625,0.4902686240985004,-69.36432058067065,0.5097313759014995,-90.28402119757348,0.0,-0.0,FEASIBLE
CRR-STAGEII-CONFIRM-2026-07-22,21c5b970e734ed79636df2f3882d4d85460c5efa40b88e59b9b9a3f34a25c0ff,202607225017,student_t_df4,empirical_copula,-105.0,infeasible_or_failed,,,,,,,,,,,,,,,,ASSUMED_POLICY_INFEASIBLE
CRR-STAGEII-CONFIRM-2026-07-22,21c5b970e734ed79636df2f3882d4d85460c5efa40b88e59b9b9a3f34a25c0ff,202607225018,student_t_df4,empirical_copula,-105.0,optimal,372.3590869477838,19007.56128246667,-145.03981811631036,-112.05100066481276,0.0,True,0.5795888898090596,1.725360885246508,0.06339518229166667,0.6994854503579894,-23.631287618930468,0.30051454964201063,-88.41971304588228,0.0,-0.0,FEASIBLE
CRR-STAGEII-CONFIRM-2026-07-22,21c5b970e734ed79636df2f3882d4d85460c5efa40b88e59b9b9a3f34a25c0ff,202607225019,student_t_df4,empirical_copula,-105.0,optimal,377.42452635347274,19967.334069030298,-138.59192819539828,-95.63903943349666,9.360960566503337,False,0.6717470750943162,1.4886555328277324,0.05908203125,0.7930418699557422,-38.01161454858456,0.20695813004425778,-57.62742488491203,0.0,-0.0,TRUE_LAW_RISK_VIOLATION
CRR-STAGEII-CONFIRM-2026-07-22,21c5b970e734ed79636df2f3882d4d85460c5efa40b88e59b9b9a3f34a25c0ff,202607225020,student_t_df4,empirical_copula,-105.0,optimal,371.3858548123245,13420.319179320823,-170.55086386503203,-154.08768071543804,0.0,True,0.5582565510464583,1.7912911153939681,0.059814453125,0.32932992200379957,-58.94522281053272,0.6706700779962005,-95.14245790490538,0.0,-0.0,FEASIBLE
CRR-STAGEII-CONFIRM-2026-07-22,21c5b970e734ed79636df2f3882d4d85460c5efa40b88e59b9b9a3f34a25c0ff,202607225021,student_t_df4,empirical_copula,-105.0,infeasible_or_failed,,,,,,,,,,,,,,,,ASSUMED_POLICY_INFEASIBLE
CRR-STAGEII-CONFIRM-2026-07-22,21c5b970e734ed79636df2f3882d4d85460c5efa40b88e59b9b9a3f34a25c0ff,202607225022,student_t_df4,empirical_copula,-105.0,optimal,374.83097675861177,16584.08859770833,-155.49011988833735,-152.13428723380935,0.0,True,0.5045803099654954,1.9818450705466149,0.062255859375,0.5478555637595851,-25.949455809782755,0.4521444362404149,-126.18483142402653,0.0,-0.0,FEASIBLE
CRR-STAGEII-CONFIRM-2026-07-22,21c5b970e734ed79636df2f3882d4d85460c5efa40b88e59b9b9a3f34a25c0ff,202607225023,student_t_df4,empirical_copula,-105.0,optimal,372.98676196045034,15833.552361627031,-162.04993932570184,-159.36329963255804,0.0,True,0.500097576735479,1.9996097692129764,0.059895833333333336,0.5069848670523861,-75.35301759212767,0.4930151329476139,-84.0102820404302,0.0,-0.0,FEASIBLE
CRR-STAGEII-CONFIRM-2026-07-22,21c5b970e734ed79636df2f3882d4d85460c5efa40b88e59b9b9a3f34a25c0ff,202607225024,student_t_df4,empirical_copula,-105.0,optimal,371.6446155500141,16376.538802769464,-155.2764545910246,-151.33076426447155,0.0,True,0.5051929800960572,1.9794415983568505,0.06998697916666667,0.550955765601437,-25.160934646269208,0.449044234398563,-126.16982961820234,0.0,-0.0,FEASIBLE
CRR-STAGEII-CONFIRM-2026-07-22,21c5b970e734ed79636df2f3882d4d85460c5efa40b88e59b9b9a3f34a25c0ff,202607225025,student_t_df4,empirical_copula,-105.0,optimal,373.28146525746627,17370.865510257587,-151.12008496117193,-136.3354583790913,0.0,True,0.524758955358703,1.9056368448565921,0.060384114583333336,0.6112631011582522,-25.147709029802797,0.3887368988417478,-111.18774934928854,0.0,-0.0,FEASIBLE
CRR-STAGEII-CONFIRM-2026-07-22,21c5b970e734ed79636df2f3882d4d85460c5efa40b88e59b9b9a3f34a25c0ff,202607225026,student_t_df4,empirical_copula,-105.0,optimal,373.847372786605,16866.029656047136,-151.49082427374697,-136.89965937060038,0.0,True,0.5224227647098295,1.9141585465852207,0.06306966145833333,0.6058838153586975,-22.18342681967855,0.3941161846413025,-114.71623255092187,0.0,-0.0,FEASIBLE
CRR-STAGEII-CONFIRM-2026-07-22,21c5b970e734ed79636df2f3882d4d85460c5efa40b88e59b9b9a3f34a25c0ff,202607225027,student_t_df4,empirical_copula,-105.0,optimal,376.20845894224226,17685.518859723274,-149.56063550141587,-132.19876530067515,0.0,True,0.5358531269113883,1.8661830075788017,0.061930338541666664,0.6338901170949304,-30.024525933319268,0.36610988290506963,-102.17423936735582,0.0,-0.0,FEASIBLE
CRR-STAGEII-CONFIRM-2026-07-22,21c5b970e734ed79636df2f3882d4d85460c5efa40b88e59b9b9a3f34a25c0ff,202607225028,student_t_df4,empirical_copula,-105.0,optimal,373.76134703100286,18791.23305975437,-145.61077445917277,-112.04971266755614,0.0,True,0.5731157151133217,1.744848332770409,0.061442057291666664,0.6912010919337566,-19.048724236996453,0.30879890806624344,-93.0009884305597,0.0,-0.0,FEASIBLE
CRR-STAGEII-CONFIRM-2026-07-22,21c5b970e734ed79636df2f3882d4d85460c5efa40b88e59b9b9a3f34a25c0ff,202607225029,student_t_df4,empirical_copula,-105.0,optimal,373.5170019648914,16697.21170049774,-156.59765408641735,-155.7056319636406,0.0,True,0.5020206570795852,1.991949904645996,0.06315104166666667,0.5317856656339393,-16.761990983368555,0.46821433436606075,-138.9436409802721,0.0,-0.0,FEASIBLE
CRR-STAGEII-CONFIRM-2026-07-22,21c5b970e734ed79636df2f3882d4d85460c5efa40b88e59b9b9a3f34a25c0ff,202607225030,student_t_df4,empirical_copula,-105.0,infeasible_or_failed,,,,,,,,,,,,,,,,ASSUMED_POLICY_INFEASIBLE
CRR-STAGEII-CONFIRM-2026-07-22,21c5b970e734ed79636df2f3882d4d85460c5efa40b88e59b9b9a3f34a25c0ff,202607225031,student_t_df4,empirical_copula,-105.0,optimal,371.9898647949838,18015.50179549653,-145.8404111978591,-114.49956991996262,0.0,True,0.570589635478411,1.7525730188939548,0.056803385416666664,0.6878691505788151,-22.071041503894158,0.31213084942118485,-92.42852841606846,0.0,-0.0,FEASIBLE
CRR-STAGEII-CONFIRM-2026-07-22,21c5b970e734ed79636df2f3882d4d85460c5efa40b88e59b9b9a3f34a25c0ff,202607225032,student_t_df4,empirical_copula,-105.0,optimal,371.55340818455875,18533.631307917025,-144.63572510303766,-113.93513357569799,0.0,True,0.5843361653661701,1.7113436738480103,0.06502278645833333,0.7053486856132394,-30.215921469892386,0.2946513143867606,-83.71921210580557,0.0,-0.0,FEASIBLE
CRR-STAGEII-CONFIRM-2026-07-22,21c5b970e734ed79636df2f3882d4d85460c5efa40b88e59b9b9a3f34a25c0ff,202607225033,student_t_df4,empirical_copula,-105.0,optimal,373.7599560053786,19921.57875221451,-138.33711219212793,-87.04446125046942,17.955538749530575,False,0.6761082496339466,1.4790530962185604,0.061848958333333336,0.7967391528210817,-27.367766459586967,0.20326084717891835,-59.67669479088239,0.0,-0.0,TRUE_LAW_RISK_VIOLATION
CRR-STAGEII-CONFIRM-2026-07-22,21c5b970e734ed79636df2f3882d4d85460c5efa40b88e59b9b9a3f34a25c0ff,202607225034,student_t_df4,empirical_copula,-105.0,optimal,370.00311578404444,14073.340991385006,-169.21528825385624,-153.5879306856546,0.0,True,0.5457781670043195,1.8322462503196573,0.06551106770833333,0.3487086139194973,-64.0264372289514,0.6512913860805027,-89.56149345670343,0.0,-0.0,FEASIBLE
CRR-STAGEII-CONFIRM-2026-07-22,21c5b970e734ed79636df2f3882d4d85460c5efa40b88e59b9b9a3f34a25c0ff,202607225035,student_t_df4,empirical_copula,-105.0,infeasible_or_failed,,,,,,,,,,,,,,,,ASSUMED_POLICY_INFEASIBLE
CRR-STAGEII-CONFIRM-2026-07-22,21c5b970e734ed79636df2f3882d4d85460c5efa40b88e59b9b9a3f34a25c0ff,202607225036,student_t_df4,empirical_copula,-105.0,optimal,373.45872870551665,14803.28304648906,-165.16303612497597,-154.03489474081454,0.0,True,0.5171105596599102,1.9338224318174306,0.059000651041666664,0.4075052443110688,-80.9899960972699,0.5924947556889312,-73.0448986435451,0.0,-0.0,FEASIBLE
CRR-STAGEII-CONFIRM-2026-07-22,21c5b970e734ed79636df2f3882d4d85460c5efa40b88e59b9b9a3f34a25c0ff,202607225037,student_t_df4,empirical_copula,-105.0,optimal,371.1270372014564,11968.93449376611,-187.43430069134675,-134.54646671147012,0.0,True,0.8455170376356049,1.1827082784711112,0.085693359375,0.08435770328586334,-16.233740109610633,0.9156422967141367,-118.31272660186008,0.0,-0.0,FEASIBLE
CRR-STAGEII-CONFIRM-2026-07-22,21c5b970e734ed79636df2f3882d4d85460c5efa40b88e59b9b9a3f34a25c0ff,202607225038,student_t_df4,empirical_copula,-105.0,optimal,375.010093589477,17498.20952592071,-146.00967108316937,-120.44940167631731,0.0,True,0.5687561497415928,1.7582227470495702,0.08846028645833333,0.6854132543018336,-32.85282330738258,0.31458674569816636,-87.59657836893469,0.0,-0.0,FEASIBLE
CRR-STAGEII-CONFIRM-2026-07-22,21c5b970e734ed79636df2f3882d4d85460c5efa40b88e59b9b9a3f34a25c0ff,202607225039,student_t_df4,empirical_copula,-105.0,optimal,374.06503729052554,14686.319228815068,-163.7685765231053,-157.0918190239033,0.0,True,0.5104435006663839,1.9590806792416795,0.059326171875,0.4277383204375103,-79.0766046914217,0.5722616795624897,-78.01521433248185,0.0,-0.0,FEASIBLE
CRR-STAGEII-CONFIRM-2026-07-22,21c5b970e734ed79636df2f3882d4d85460c5efa40b88e59b9b9a3f34a25c0ff,202607225040,student_t_df4,empirical_copula,-105.0,optimal,375.77634794860563,17926.456391958258,-146.56243872475676,-121.57932272349441,0.0,True,0.5629364159399255,1.7763995571867859,0.060139973958333336,0.6773928069848458,-30.9350354611374,0.32260719301515417,-90.64428726235701,0.0,-0.0,FEASIBLE
CRR-STAGEII-CONFIRM-2026-07-22,21c5b970e734ed79636df2f3882d4d85460c5efa40b88e59b9b9a3f34a25c0ff,202607225041,student_t_df4,empirical_copula,-105.0,optimal,374.06197589335875,15749.193328801639,-160.27003798187607,-159.52625959180375,0.0,True,0.5009244330763489,1.9963090916900512,0.063232421875,0.47850077819607123,-89.66821278313228,0.5214992218039287,-69.8580468086718,0.0,-0.0,FEASIBLE
CRR-STAGEII-CONFIRM-2026-07-22,21c5b970e734ed79636df2f3882d4d85460c5efa40b88e59b9b9a3f34a25c0ff,202607225042,student_t_df4,empirical_copula,-105.0,optimal,371.25116147929486,13877.164122292903,-167.91636229490823,-154.83854062688627,0.0,True,0.5350830734755154,1.8688686852019407,0.057047526041666664,0.36755553338188235,-66.86878583438379,0.6324444666181177,-87.9697547925026,0.0,-0.0,FEASIBLE
CRR-STAGEII-CONFIRM-2026-07-22,21c5b970e734ed79636df2f3882d4d85460c5efa40b88e59b9b9a3f34a25c0ff,202607225043,student_t_df4,empirical_copula,-105.0,infeasible_or_failed,,,,,,,,,,,,,,,,ASSUMED_POLICY_INFEASIBLE
CRR-STAGEII-CONFIRM-2026-07-22,21c5b970e734ed79636df2f3882d4d85460c5efa40b88e59b9b9a3f34a25c0ff,202607225044,student_t_df4,empirical_copula,-105.0,optimal,371.4396491872002,17063.794581241462,-153.59139320964192,-144.25159799578387,0.0,True,0.5113719373983652,1.9555238112743512,0.06754557291666667,0.5754053625359802,-18.788140688030275,0.4245946374640198,-125.46345730775363,0.0,-0.0,FEASIBLE
CRR-STAGEII-CONFIRM-2026-07-22,21c5b970e734ed79636df2f3882d4d85460c5efa40b88e59b9b9a3f34a25c0ff,202607225045,student_t_df4,empirical_copula,-105.0,optimal,372.6767610890669,17940.890987406932,-146.82343439475576,-122.12001244654662,0.0,True,0.5602779889165537,1.7848282812854483,0.06648763020833333,0.6736058595159646,-29.999701766974198,0.32639414048403537,-92.1203106795724,0.0,-0.0,FEASIBLE
CRR-STAGEII-CONFIRM-2026-07-22,21c5b970e734ed79636df2f3882d4d85460c5efa40b88e59b9b9a3f34a25c0ff,202607225046,student_t_df4,empirical_copula,-105.0,optimal,372.4749909932786,13845.487583051792,-173.0927611176901,-147.38983712035218,0.0,True,0.5861556953814808,1.7060313631332742,0.06770833333333333,0.29244796389642336,-56.524403292031664,0.7075520361035766,-90.86543382832104,0.0,-0.0,FEASIBLE
CRR-STAGEII-CONFIRM-2026-07-22,21c5b970e734ed79636df2f3882d4d85460c5efa40b88e59b9b9a3f34a25c0ff,202607225047,student_t_df4,empirical_copula,-105.0,optimal,377.05221271076255,18377.976806614788,-145.14954490037695,-111.8528287852007,0.0,True,0.5783235612027893,1.7291358455467627,0.057861328125,0.6978933566378483,-22.392679227851314,0.30210664336215165,-89.46014955734937,0.0,-0.0,FEASIBLE
CRR-STAGEII-CONFIRM-2026-07-22,21c5b970e734ed79636df2f3882d4d85460c5efa40b88e59b9b9a3f34a25c0ff,202607225048,student_t_df4,empirical_copula,-105.0,optimal,374.7227916421716,16917.759754819144,-153.06680677906616,-142.5180511410976,0.0,True,0.5137836151058774,1.9463446684533254,0.057698567708333336,0.5830169112466775,-20.356398851213736,0.4169830887533225,-122.16165228988389,0.0,-0.0,FEASIBLE
CRR-STAGEII-CONFIRM-2026-07-22,21c5b970e734ed79636df2f3882d4d85460c5efa40b88e59b9b9a3f34a25c0ff,202607225049,student_t_df4,empirical_copula,-105.0,optimal,373.8926197333559,16408.316324821244,-155.07325681420346,-149.7433718801428,0.0,True,0.5058113013457748,1.977021860404016,0.061848958333333336,0.553904087719647,-16.51879889872576,0.44609591228035295,-133.2245729814171,0.0,-0.0,FEASIBLE
CRR-STAGEII-CONFIRM-2026-07-22,21c5b970e734ed79636df2f3882d4d85460c5efa40b88e59b9b9a3f34a25c0ff,202607225050,student_t_df4,empirical_copula,-105.0,optimal,375.99517589990205,17661.61277491117,-152.30597294471596,-139.7493121042935,0.0,True,0.5176931824898459,1.931646067252613,0.06689453125,0.5940563195374076,-21.07802536786919,0.40594368046259244,-118.67128673642434,0.0,-0.0,FEASIBLE
CRR-STAGEII-CONFIRM-2026-07-22,21c5b970e734ed79636df2f3882d4d85460c5efa40b88e59b9b9a3f34a25c0ff,202607225051,student_t_df4,empirical_copula,-105.0,optimal,370.27758350469696,14816.694537651609,-164.5774976084086,-156.07453184976748,0.0,True,0.5141116020090478,1.9451029622599356,0.062174479166666664,0.41600118450523305,-78.3059641806861,0.583998815494767,-77.76856766908179,0.0,-0.0,FEASIBLE
CRR-STAGEII-CONFIRM-2026-07-22,21c5b970e734ed79636df2f3882d4d85460c5efa40b88e59b9b9a3f34a25c0ff,202607225052,student_t_df4,empirical_copula,-105.0,optimal,371.6643783576377,20369.3714157371,-139.47208860403012,-89.49646271046522,15.503537289534776,False,0.6571037550620631,1.5218296841197485,0.062093098958333336,0.7802710786560603,-24.152742782390067,0.21972892134393973,-65.34371992807512,0.0,-0.0,TRUE_LAW_RISK_VIOLATION
CRR-STAGEII-CONFIRM-2026-07-22,21c5b970e734ed79636df2f3882d4d85460c5efa40b88e59b9b9a3f34a25c0ff,202607225053,student_t_df4,empirical_copula,-105.0,optimal,366.6580965928195,11446.115166551079,-193.2482169047594,-133.5609058979153,0.0,True,1.0,1.0,0.06673177083333333,0.0,-0.0,1.0,-133.56090589791575,0.0,-0.0,FEASIBLE
CRR-STAGEII-CONFIRM-2026-07-22,21c5b970e734ed79636df2f3882d4d85460c5efa40b88e59b9b9a3f34a25c0ff,202607225054,student_t_df4,empirical_copula,-105.0,infeasible_or_failed,,,,,,,,,,,,,,,,ASSUMED_POLICY_INFEASIBLE
CRR-STAGEII-CONFIRM-2026-07-22,21c5b970e734ed79636df2f3882d4d85460c5efa40b88e59b9b9a3f34a25c0ff,202607225055,student_t_df4,empirical_copula,-105.0,infeasible_or_failed,,,,,,,,,,,,,,,,ASSUMED_POLICY_INFEASIBLE
CRR-STAGEII-CONFIRM-2026-07-22,21c5b970e734ed79636df2f3882d4d85460c5efa40b88e59b9b9a3f34a25c0ff,202607225056,student_t_df4,empirical_copula,-105.0,optimal,379.7327672707151,21602.498593374137,-132.52667092349475,-72.38778624644608,32.61221375355392,False,0.7903927727547422,1.2651937548906442,0.06306966145833333,0.8810464359856566,-38.73968509628345,0.11895356401434343,-33.64810115016255,0.0,-0.0,TRUE_LAW_RISK_VIOLATION
CRR-STAGEII-CONFIRM-2026-07-22,21c5b970e734ed79636df2f3882d4d85460c5efa40b88e59b9b9a3f34a25c0ff,202607225057,student_t_df4,empirical_copula,-105.0,infeasible_or_failed,,,,,,,,,,,,,,,,ASSUMED_POLICY_INFEASIBLE
CRR-STAGEII-CONFIRM-2026-07-22,21c5b970e734ed79636df2f3882d4d85460c5efa40b88e59b9b9a3f34a25c0ff,202607225058,student_t_df4,empirical_copula,-105.0,optimal,372.95778637433955,16911.27941313718,-152.56622505570948,-141.92656633367068,0.0,True,0.5163010148774102,1.9368546084253555,0.06494140625,0.5902801608256494,-26.28870953773429,0.4097198391743506,-115.6378567959364,0.0,-0.0,FEASIBLE
CRR-STAGEII-CONFIRM-2026-07-22,21c5b970e734ed79636df2f3882d4d85460c5efa40b88e59b9b9a3f34a25c0ff,202607225059,student_t_df4,empirical_copula,-105.0,optimal,367.04477304928525,11451.455186884812,-193.2482169047594,-137.11842774600532,0.0,True,1.0,1.0,0.063720703125,0.0,-0.0,1.0,-137.1184277460055,0.0,-0.0,FEASIBLE
CRR-STAGEII-CONFIRM-2026-07-22,21c5b970e734ed79636df2f3882d4d85460c5efa40b88e59b9b9a3f34a25c0ff,202607225060,student_t_df4,empirical_copula,-105.0,infeasible_or_failed,,,,,,,,,,,,,,,,ASSUMED_POLICY_INFEASIBLE
CRR-STAGEII-CONFIRM-2026-07-22,21c5b970e734ed79636df2f3882d4d85460c5efa40b88e59b9b9a3f34a25c0ff,202607225061,student_t_df4,empirical_copula,-105.0,optimal,369.1279105692179,14743.456086040222,-163.4545314995223,-156.5026774714805,0.0,True,0.5091679357394991,1.9639885582104304,0.060139973958333336,0.4322949937615427,-83.37231317277516,0.5677050062384573,-73.1303642987058,0.0,-0.0,FEASIBLE
CRR-STAGEII-CONFIRM-2026-07-22,21c5b970e734ed79636df2f3882d4d85460c5efa40b88e59b9b9a3f34a25c0ff,202607225062,student_t_df4,empirical_copula,-105.0,optimal,370.26573009314825,15152.488725594067,-160.6340851544297,-159.6643778868504,0.0,True,0.5001107704994381,1.9995570161413343,0.06282552083333333,0.49255787330671,-72.7945577255997,0.50744212669329,-86.86982016125047,0.0,-0.0,FEASIBLE
CRR-STAGEII-CONFIRM-2026-07-22,21c5b970e734ed79636df2f3882d4d85460c5efa40b88e59b9b9a3f34a25c0ff,202607225063,student_t_df4,empirical_copula,-105.0,optimal,372.9809476687603,17067.16042685873,-152.18266755675043,-138.79705100054292,0.0,True,0.5183726942889156,1.9291139580022878,0.058024088541666664,0.5958454336129678,-19.11835889734498,0.4041545663870322,-119.67869210319797,0.0,-0.0,FEASIBLE
CRR-STAGEII-CONFIRM-2026-07-22,21c5b970e734ed79636df2f3882d4d85460c5efa40b88e59b9b9a3f34a25c0ff,202607225064,student_t_df4,empirical_copula,-105.0,infeasible_or_failed,,,,,,,,,,,,,,,,ASSUMED_POLICY_INFEASIBLE
CRR-STAGEII-CONFIRM-2026-07-22,21c5b970e734ed79636df2f3882d4d85460c5efa40b88e59b9b9a3f34a25c0ff,202607225001,student_t_df4,empirical_copula,-90.0,optimal,374.43716830901417,19608.349138414127,-140.07414750842057,-97.08755636751117,0.0,True,0.6474629837759713,1.5444898396631892,0.06282552083333333,0.7715354339455269,-31.741403271815688,0.22846456605447307,-65.34615309569544,0.0,-0.0,FEASIBLE
CRR-STAGEII-CONFIRM-2026-07-22,21c5b970e734ed79636df2f3882d4d85460c5efa40b88e59b9b9a3f34a25c0ff,202607225002,student_t_df4,empirical_copula,-90.0,optimal,373.4436546257566,18398.21617950548,-145.0537824063083,-114.98689690876012,0.0,True,0.5794272957302766,1.7258420639981378,0.060791015625,0.6992828338446097,-29.16461729195118,0.30071716615539035,-85.82227961680893,0.0,-0.0,FEASIBLE
CRR-STAGEII-CONFIRM-2026-07-22,21c5b970e734ed79636df2f3882d4d85460c5efa40b88e59b9b9a3f34a25c0ff,202607225003,student_t_df4,empirical_copula,-90.0,optimal,367.50841737824686,18843.48290460949,-144.2104353084007,-106.04920447206362,0.0,True,0.5894809792049225,1.6964075776436003,0.06705729166666667,0.7115194780687142,-18.803373020196464,0.2884805219312858,-87.24583145186718,0.0,-0.0,FEASIBLE
CRR-STAGEII-CONFIRM-2026-07-22,21c5b970e734ed79636df2f3882d4d85460c5efa40b88e59b9b9a3f34a25c0ff,202607225004,student_t_df4,empirical_copula,-90.0,optimal,367.58761546521583,11609.430147482557,-193.2482169047594,-133.95618610325863,0.0,True,1.0,1.0,0.060872395833333336,0.0,-0.0,1.0,-133.956186103259,0.0,-0.0,FEASIBLE
CRR-STAGEII-CONFIRM-2026-07-22,21c5b970e734ed79636df2f3882d4d85460c5efa40b88e59b9b9a3f34a25c0ff,202607225005,student_t_df4,empirical_copula,-90.0,optimal,374.7468233755733,17579.79112561852,-151.04127906612086,-133.9146161376252,0.0,True,0.5252704625337089,1.9037811400556826,0.061767578125,0.6124065445908488,-17.91692465432192,0.38759345540915124,-115.9976914833033,0.0,-0.0,FEASIBLE
CRR-STAGEII-CONFIRM-2026-07-22,21c5b970e734ed79636df2f3882d4d85460c5efa40b88e59b9b9a3f34a25c0ff,202607225006,student_t_df4,empirical_copula,-90.0,optimal,371.4243594256295,15656.057356163066,-161.8385334555792,-158.2865827296331,0.0,True,0.5039174511869337,1.9844520122186424,0.062093098958333336,0.4557425080526829,-85.59505906342224,0.5442574919473171,-72.69152366621122,0.0,-0.0,FEASIBLE
CRR-STAGEII-CONFIRM-2026-07-22,21c5b970e734ed79636df2f3882d4d85460c5efa40b88e59b9b9a3f34a25c0ff,202607225007,student_t_df4,empirical_copula,-90.0,optimal,369.8813729638533,18281.224169942958,-144.94386867830056,-110.6491803560626,0.0,True,0.5807036525440527,1.722048751749739,0.06396484375,0.7008776400499227,-21.695174696480308,0.2991223599500773,-88.95400565958228,0.0,-0.0,FEASIBLE
CRR-STAGEII-CONFIRM-2026-07-22,21c5b970e734ed79636df2f3882d4d85460c5efa40b88e59b9b9a3f34a25c0ff,202607225008,student_t_df4,empirical_copula,-90.0,infeasible_or_failed,,,,,,,,,,,,,,,,ASSUMED_POLICY_INFEASIBLE
CRR-STAGEII-CONFIRM-2026-07-22,21c5b970e734ed79636df2f3882d4d85460c5efa40b88e59b9b9a3f34a25c0ff,202607225009,student_t_df4,empirical_copula,-90.0,optimal,375.5632046416547,18602.49195742884,-143.58770073068126,-116.28237759707274,0.0,True,0.5972891209468234,1.6742310631990063,0.06575520833333333,0.7205551189009489,-41.46922467789178,0.2794448810990511,-74.81315291918091,0.0,-0.0,FEASIBLE
CRR-STAGEII-CONFIRM-2026-07-22,21c5b970e734ed79636df2f3882d4d85460c5efa40b88e59b9b9a3f34a25c0ff,202607225010,student_t_df4,empirical_copula,-90.0,optimal,374.7818870519899,18693.9333631285,-143.26669642090198,-110.80093371995518,0.0,True,0.6014415824693913,1.6626718689689073,0.061686197916666664,0.7252127688091766,-33.93966888959872,0.2747872311908233,-76.86126483035645,0.0,-0.0,FEASIBLE
CRR-STAGEII-CONFIRM-2026-07-22,21c5b970e734ed79636df2f3882d4d85460c5efa40b88e59b9b9a3f34a25c0ff,202607225011,student_t_df4,empirical_copula,-90.0,optimal,370.79058952006847,15601.055673188946,-160.9631217847956,-158.778280670953,0.0,True,0.50199151216388,1.9920655544341956,0.064453125,0.4684443969802496,-90.93493391521841,0.5315556030197504,-67.84334675573508,0.0,-0.0,FEASIBLE
CRR-STAGEII-CONFIRM-2026-07-22,21c5b970e734ed79636df2f3882d4d85460c5efa40b88e59b9b9a3f34a25c0ff,202607225012,student_t_df4,empirical_copula,-90.0,optimal,373.7792052819305,17112.818737914527,-150.79014773655453,-134.31269170939345,0.0,True,0.5269353740843365,1.8977659295273446,0.059326171875,0.6160503642483226,-22.555658075217476,0.3839496357516773,-111.75703363417598,0.0,-0.0,FEASIBLE
CRR-STAGEII-CONFIRM-2026-07-22,21c5b970e734ed79636df2f3882d4d85460c5efa40b88e59b9b9a3f34a25c0ff,202607225013,student_t_df4,empirical_copula,-90.0,optimal,372.48788200745963,16402.915236570636,-153.23981847674008,-143.29336107142626,0.0,True,0.5129626180755092,1.9494597944616654,0.059326171875,0.5805065776055264,-20.925770678683644,0.4194934223944736,-122.36759039274264,0.0,-0.0,FEASIBLE
CRR-STAGEII-CONFIRM-2026-07-22,21c5b970e734ed79636df2f3882d4d85460c5efa40b88e59b9b9a3f34a25c0ff,202607225014,student_t_df4,empirical_copula,-90.0,optimal,375.1321094675239,18290.951912404988,-145.8143994288856,-118.63990902550688,0.0,True,0.57087354329515,1.751701426252618,0.06315104166666667,0.68824657140988,-30.651740320779627,0.31175342859012,-87.9881687047272,0.0,-0.0,FEASIBLE
CRR-STAGEII-CONFIRM-2026-07-22,21c5b970e734ed79636df2f3882d4d85460c5efa40b88e59b9b9a3f34a25c0ff,202607225015,student_t_df4,empirical_copula,-90.0,optimal,372.126985817587,13621.84755662039,-173.44763396444665,-149.63068441550516,0.0,True,0.5904835206003385,1.693527363783684,0.06103515625,0.28729889445475554,-53.5965292063916,0.7127011055452445,-96.03415520911386,0.0,-0.0,FEASIBLE
CRR-STAGEII-CONFIRM-2026-07-22,21c5b970e734ed79636df2f3882d4d85460c5efa40b88e59b9b9a3f34a25c0ff,202607225016,student_t_df4,empirical_copula,-90.0,optimal,370.23465595968025,16340.543170732242,-154.672980668188,-149.07604208833337,0.0,True,0.5071310319605584,1.9718769646850836,0.064697265625,0.5597119416890731,-23.97709447935573,0.4402880583109268,-125.09894760897764,0.0,-0.0,FEASIBLE
CRR-STAGEII-CONFIRM-2026-07-22,21c5b970e734ed79636df2f3882d4d85460c5efa40b88e59b9b9a3f34a25c0ff,202607225017,student_t_df4,empirical_copula,-90.0,optimal,368.85215370007376,12664.083189685663,-193.2482169047594,-120.5166591215851,0.0,True,1.0,1.0,0.060872395833333336,0.0,-0.0,1.0,-120.5166591215856,0.0,-0.0,FEASIBLE
CRR-STAGEII-CONFIRM-2026-07-22,21c5b970e734ed79636df2f3882d4d85460c5efa40b88e59b9b9a3f34a25c0ff,202607225018,student_t_df4,empirical_copula,-90.0,optimal,372.77693317177955,20255.01145362373,-140.17790180754363,-93.6781025407063,0.0,True,0.6458324003962448,1.5483893334965213,0.06339518229166667,0.770029998700371,-26.014551646757184,0.22997000129962897,-67.66355089394906,0.0,-0.0,FEASIBLE
CRR-STAGEII-CONFIRM-2026-07-22,21c5b970e734ed79636df2f3882d4d85460c5efa40b88e59b9b9a3f34a25c0ff,202607225019,student_t_df4,empirical_copula,-90.0,optimal,378.1714549851557,21500.83978208583,-132.6573912435271,-75.78960359472342,14.210396405276583,False,0.7875090417034138,1.2698266902903865,0.05908203125,0.8791497340783808,-42.13888583731777,0.12085026592161918,-33.65071775740555,0.0,-0.0,TRUE_LAW_RISK_VIOLATION
CRR-STAGEII-CONFIRM-2026-07-22,21c5b970e734ed79636df2f3882d4d85460c5efa40b88e59b9b9a3f34a25c0ff,202607225020,student_t_df4,empirical_copula,-90.0,optimal,372.55487902986533,15629.325352030168,-156.43642205534766,-155.1922576544937,0.0,True,0.5023290422809338,1.9907270251771298,0.059814453125,0.534125080812606,-20.76515379785741,0.465874919187394,-134.4271038566363,0.0,-0.0,FEASIBLE
CRR-STAGEII-CONFIRM-2026-07-22,21c5b970e734ed79636df2f3882d4d85460c5efa40b88e59b9b9a3f34a25c0ff,202607225021,student_t_df4,empirical_copula,-90.0,infeasible_or_failed,,,,,,,,,,,,,,,,ASSUMED_POLICY_INFEASIBLE
CRR-STAGEII-CONFIRM-2026-07-22,21c5b970e734ed79636df2f3882d4d85460c5efa40b88e59b9b9a3f34a25c0ff,202607225022,student_t_df4,empirical_copula,-90.0,optimal,375.46305296931143,17463.45133376957,-151.14387253145523,-137.52176718045357,0.0,True,0.5246055844181812,1.9061939668619037,0.062255859375,0.6109179526005173,-28.936437745782992,0.3890820473994827,-108.5853294346705,0.0,-0.0,FEASIBLE
CRR-STAGEII-CONFIRM-2026-07-22,21c5b970e734ed79636df2f3882d4d85460c5efa40b88e59b9b9a3f34a25c0ff,202607225023,student_t_df4,empirical_copula,-90.0,optimal,373.5640833000625,17054.850783554037,-151.85764466220542,-138.16623136179726,0.0,True,0.5202251869815752,1.922244491471377,0.059895833333333336,0.6005613916510087,-21.648695199970607,0.39943860834899125,-116.51753616182667,0.0,-0.0,FEASIBLE
CRR-STAGEII-CONFIRM-2026-07-22,21c5b970e734ed79636df2f3882d4d85460c5efa40b88e59b9b9a3f34a25c0ff,202607225024,student_t_df4,empirical_copula,-90.0,optimal,372.12149813377175,17198.14037021481,-150.87958758486164,-136.31895642467995,0.0,True,0.5263363304470533,1.8999258499800533,0.06998697916666667,0.6147526262162513,-28.07439656242544,0.38524737378374874,-108.24455986225449,0.0,-0.0,FEASIBLE
CRR-STAGEII-CONFIRM-2026-07-22,21c5b970e734ed79636df2f3882d4d85460c5efa40b88e59b9b9a3f34a25c0ff,202607225025,student_t_df4,empirical_copula,-90.0,optimal,373.8274315348487,18557.848162875907,-145.66650660968722,-116.95806196822964,0.0,True,0.5724985622050665,1.746729277621844,0.060384114583333336,0.6903924397199984,-28.40313468546718,0.3096075602800016,-88.55492728276245,0.0,-0.0,FEASIBLE
CRR-STAGEII-CONFIRM-2026-07-22,21c5b970e734ed79636df2f3882d4d85460c5efa40b88e59b9b9a3f34a25c0ff,202607225026,student_t_df4,empirical_copula,-90.0,optimal,374.250473007928,17971.621275909794,-146.41296206329676,-118.15168562063589,0.0,True,0.5644847767841211,1.771526958967815,0.06306966145833333,0.6795616562411378,-24.881018255554615,0.32043834375886215,-93.27066736508127,0.0,-0.0,FEASIBLE
CRR-STAGEII-CONFIRM-2026-07-22,21c5b970e734ed79636df2f3882d4d85460c5efa40b88e59b9b9a3f34a25c0ff,202607225027,student_t_df4,empirical_copula,-90.0,optimal,376.80536706403586,18586.884202416022,-145.48034680175536,-118.4804249598155,0.0,True,0.5745702361091585,1.7404312600174736,0.061930338541666664,0.6930935474182895,-32.82872634778788,0.30690645258171045,-85.65169861202756,0.0,-0.0,FEASIBLE
CRR-STAGEII-CONFIRM-2026-07-22,21c5b970e734ed79636df2f3882d4d85460c5efa40b88e59b9b9a3f34a25c0ff,202607225028,student_t_df4,empirical_copula,-90.0,optimal,374.36470010264566,20540.263976764516,-138.86527534842247,-85.27012229575726,4.729877704242739,False,0.6671295289708057,1.4989592823791211,0.061442057291666664,0.7890757071865481,-21.746038488246555,0.21092429281345193,-63.524083807510664,0.0,-0.0,TRUE_LAW_RISK_VIOLATION
CRR-STAGEII-CONFIRM-2026-07-22,21c5b970e734ed79636df2f3882d4d85460c5efa40b88e59b9b9a3f34a25c0ff,202607225029,student_t_df4,empirical_copula,-90.0,optimal,374.00661265627934,17720.137398045877,-151.7387554649364,-137.00657260779843,0.0,True,0.5209250269050844,1.9196620403154598,0.06315104166666667,0.6022864284865893,-18.98418918769207,0.39771357151341075,-118.0223834201064,0.0,-0.0,FEASIBLE
CRR-STAGEII-CONFIRM-2026-07-22,21c5b970e734ed79636df2f3882d4d85460c5efa40b88e59b9b9a3f34a25c0ff,202607225030,student_t_df4,empirical_copula,-90.0,infeasible_or_failed,,,,,,,,,,,,,,,,ASSUMED_POLICY_INFEASIBLE
CRR-STAGEII-CONFIRM-2026-07-22,21c5b970e734ed79636df2f3882d4d85460c5efa40b88e59b9b9a3f34a25c0ff,202607225031,student_t_df4,empirical_copula,-90.0,optimal,372.28903715990407,19130.7317380598,-141.14416933811063,-96.50804745854423,0.0,True,0.6310820619711637,1.5845799781989263,0.056803385416666664,0.7560098259551414,-24.257410340276444,0.24399017404485857,-72.25063711826775,0.0,-0.0,FEASIBLE
CRR-STAGEII-CONFIRM-2026-07-22,21c5b970e734ed79636df2f3882d4d85460c5efa40b88e59b9b9a3f34a25c0ff,202607225032,student_t_df4,empirical_copula,-90.0,optimal,372.24782432853533,20082.367291993338,-138.09321928655035,-91.02950993701955,0.0,True,0.6803336893615872,1.46986694270334,0.06502278645833333,0.800277945711625,-34.28252728745907,0.19972205428837497,-56.74698264956042,0.0,-0.0,FEASIBLE
CRR-STAGEII-CONFIRM-2026-07-22,21c5b970e734ed79636df2f3882d4d85460c5efa40b88e59b9b9a3f34a25c0ff,202607225033,student_t_df4,empirical_copula,-90.0,optimal,374.11653629433664,21048.104210060428,-134.04433260519167,-70.89685624951338,19.103143750486623,False,0.7577989707798223,1.3196111878733985,0.061848958333333336,0.8590257447452915,-29.507293424352774,0.14097425525470852,-41.389562825160496,0.0,-0.0,TRUE_LAW_RISK_VIOLATION
CRR-STAGEII-CONFIRM-2026-07-22,21c5b970e734ed79636df2f3882d4d85460c5efa40b88e59b9b9a3f34a25c0ff,202607225034,student_t_df4,empirical_copula,-90.0,optimal,371.003853303469,15952.398762437386,-161.95773599542193,-158.99547698174192,0.0,True,0.5002496450809363,1.999001918008774,0.06551106770833333,0.511172400837248,-48.858116033370436,0.488827599162752,-110.13736094837107,0.0,-0.0,FEASIBLE
CRR-STAGEII-CONFIRM-2026-07-22,21c5b970e734ed79636df2f3882d4d85460c5efa40b88e59b9b9a3f34a25c0ff,202607225035,student_t_df4,empirical_copula,-90.0,infeasible_or_failed,,,,,,,,,,,,,,,,ASSUMED_POLICY_INFEASIBLE
CRR-STAGEII-CONFIRM-2026-07-22,21c5b970e734ed79636df2f3882d4d85460c5efa40b88e59b9b9a3f34a25c0ff,202607225036,student_t_df4,empirical_copula,-90.0,optimal,375.48194018231715,17359.698201827312,-150.7407274212205,-135.52336572298967,0.0,True,0.5272692673535176,1.8965641692322095,0.059000651041666664,0.6167674341447942,-27.1193153964487,0.3832325658552058,-108.40405032654094,0.0,-0.0,FEASIBLE
CRR-STAGEII-CONFIRM-2026-07-22,21c5b970e734ed79636df2f3882d4d85460c5efa40b88e59b9b9a3f34a25c0ff,202607225037,student_t_df4,empirical_copula,-90.0,optimal,370.3865786388257,11663.424603058178,-193.2482169047594,-129.21282363913855,0.0,True,1.0,1.0,0.085693359375,0.0,-0.0,1.0,-129.21282363913917,0.0,-0.0,FEASIBLE
CRR-STAGEII-CONFIRM-2026-07-22,21c5b970e734ed79636df2f3882d4d85460c5efa40b88e59b9b9a3f34a25c0ff,202607225038,student_t_df4,empirical_copula,-90.0,optimal,376.02351753051994,19218.899131480364,-138.25706236535567,-94.51900296528791,0.0,True,0.6774895888542305,1.4760374424221023,0.08846028645833333,0.7979006452277592,-38.24450249538163,0.20209935477224084,-56.274500469906215,0.0,-0.0,FEASIBLE
CRR-STAGEII-CONFIRM-2026-07-22,21c5b970e734ed79636df2f3882d4d85460c5efa40b88e59b9b9a3f34a25c0ff,202607225039,student_t_df4,empirical_copula,-90.0,optimal,374.73775651241635,15972.286032971118,-156.26805590296203,-154.52651128200242,0.0,True,0.5026744386180225,1.9893591620637197,0.059326171875,0.5365680093662655,-19.34189818111952,0.4634319906337345,-135.18461310088293,0.0,-0.0,FEASIBLE
CRR-STAGEII-CONFIRM-2026-07-22,21c5b970e734ed79636df2f3882d4d85460c5efa40b88e59b9b9a3f34a25c0ff,202607225040,student_t_df4,empirical_copula,-90.0,optimal,376.55631766755744,19389.381819534905,-140.02778721066127,-99.2686791010911,0.0,True,0.6481945039363464,1.5427468050519006,0.060139973958333336,0.7722081041559439,-35.265040961641354,0.22779189584405612,-64.00363813944969,0.0,-0.0,FEASIBLE
CRR-STAGEII-CONFIRM-2026-07-22,21c5b970e734ed79636df2f3882d4d85460c5efa40b88e59b9b9a3f34a25c0ff,202607225041,student_t_df4,empirical_copula,-90.0,optimal,374.58969980337594,16763.925124006626,-154.84042147548948,-149.44650359299115,0.0,True,0.5065625557590999,1.9740898505643958,0.063232421875,0.5572824395390942,-21.980809482753813,0.4427175604609058,-127.46569411023735,0.0,-0.0,FEASIBLE
CRR-STAGEII-CONFIRM-2026-07-22,21c5b970e734ed79636df2f3882d4d85460c5efa40b88e59b9b9a3f34a25c0ff,202607225042,student_t_df4,empirical_copula,-90.0,optimal,372.2702643532327,15682.246501633197,-158.37446750630656,-157.48749495177165,0.0,True,0.5010198497675683,1.9959289047408344,0.057047526041666664,0.5225815164190578,-51.427259241406674,0.4774184835809422,-106.06023571036454,0.0,-0.0,FEASIBLE
CRR-STAGEII-CONFIRM-2026-07-22,21c5b970e734ed79636df2f3882d4d85460c5efa40b88e59b9b9a3f34a25c0ff,202607225043,student_t_df4,empirical_copula,-90.0,optimal,372.2069960660735,14938.042696900033,-166.35909196709918,-154.18881324474592,0.0,True,0.5241336359438595,1.9079103713677918,0.06722005208333333,0.3901509309464584,-74.42424797766225,0.6098490690535416,-79.76456526708411,0.0,-0.0,FEASIBLE
CRR-STAGEII-CONFIRM-2026-07-22,21c5b970e734ed79636df2f3882d4d85460c5efa40b88e59b9b9a3f34a25c0ff,202607225044,student_t_df4,empirical_copula,-90.0,optimal,372.05832543451675,18618.053588554136,-146.33154434969697,-116.5648689314503,0.0,True,0.5653360613240554,1.7688593889764117,0.06754557291666667,0.680742996163137,-22.22762597820683,0.3192570038368628,-94.33724295324348,0.0,-0.0,FEASIBLE
CRR-STAGEII-CONFIRM-2026-07-22,21c5b970e734ed79636df2f3882d4d85460c5efa40b88e59b9b9a3f34a25c0ff,202607225045,student_t_df4,empirical_copula,-90.0,optimal,373.1497697347625,18794.86195050464,-142.95108144101263,-108.76449037088386,0.0,True,0.6056089302152452,1.6512306046157221,0.06648763020833333,0.7297922215994759,-32.50201685533726,0.2702077784005241,-76.26247351554656,0.0,-0.0,FEASIBLE
CRR-STAGEII-CONFIRM-2026-07-22,21c5b970e734ed79636df2f3882d4d85460c5efa40b88e59b9b9a3f34a25c0ff,202607225046,student_t_df4,empirical_copula,-90.0,optimal,373.3905115905414,14866.747751772946,-165.407026204053,-154.62260557907854,0.0,True,0.5184454265196525,1.9288433243842944,0.06770833333333333,0.40396504147016915,-78.07844724140135,0.5960349585298308,-76.5441583376777,0.0,-0.0,FEASIBLE
CRR-STAGEII-CONFIRM-2026-07-22,21c5b970e734ed79636df2f3882d4d85460c5efa40b88e59b9b9a3f34a25c0ff,202607225047,student_t_df4,empirical_copula,-90.0,optimal,377.4840150741695,19489.684725153416,-140.63369156429007,-94.55238320443794,0.0,True,0.6387766771620045,1.565492347721367,0.057861328125,0.7634166634459602,-24.495066902625407,0.23658333655403985,-70.0573163018125,0.0,-0.0,FEASIBLE
CRR-STAGEII-CONFIRM-2026-07-22,21c5b970e734ed79636df2f3882d4d85460c5efa40b88e59b9b9a3f34a25c0ff,202607225048,student_t_df4,empirical_copula,-90.0,optimal,375.3710189248446,18369.969363071064,-146.48274061225374,-117.86595835805912,0.0,True,0.5637596308929331,1.7738056171494758,0.057698567708333336,0.6785491961518353,-23.69196812404803,0.3214508038481647,-94.17399023401109,0.0,-0.0,FEASIBLE
CRR-STAGEII-CONFIRM-2026-07-22,21c5b970e734ed79636df2f3882d4d85460c5efa40b88e59b9b9a3f34a25c0ff,202607225049,student_t_df4,empirical_copula,-90.0,optimal,374.5021990855946,17889.220412069255,-148.2534232312169,-123.14247209922392,0.0,True,0.546730688619068,1.8290540860726132,0.061848958333333336,0.6528572677681177,-19.46982908219936,0.3471427322318823,-103.67264301702458,0.0,-0.0,FEASIBLE
CRR-STAGEII-CONFIRM-2026-07-22,21c5b970e734ed79636df2f3882d4d85460c5efa40b88e59b9b9a3f34a25c0ff,202607225050,student_t_df4,empirical_copula,-90.0,optimal,376.70838920467224,19059.422901530346,-145.9891340493688,-116.20748627224063,0.0,True,0.5689773284458445,1.7575392726657306,0.06689453125,0.6857112388169392,-24.330081865085393,0.3142887611830608,-91.87740440715523,0.0,-0.0,FEASIBLE
CRR-STAGEII-CONFIRM-2026-07-22,21c5b970e734ed79636df2f3882d4d85460c5efa40b88e59b9b9a3f34a25c0ff,202607225051,student_t_df4,empirical_copula,-90.0,optimal,370.84574071877637,15862.15217306927,-161.90494397446835,-159.08818246814488,0.0,True,0.5000606633897354,1.9997573758778617,0.062174479166666664,0.505507421798601,-71.30780594660517,0.494492578201399,-87.78037652153945,0.0,-0.0,FEASIBLE
CRR-STAGEII-CONFIRM-2026-07-22,21c5b970e734ed79636df2f3882d4d85460c5efa40b88e59b9b9a3f34a25c0ff,202607225052,student_t_df4,empirical_copula,-90.0,optimal,372.11193027033255,21813.37881559431,-134.10906754312433,-68.76418387452209,21.23581612547791,False,0.7564518335847241,1.3219612348100653,0.062093098958333336,0.8580864655252444,-26.561463386004842,0.14191353447475563,-42.20272048851718,0.0,-0.0,TRUE_LAW_RISK_VIOLATION
CRR-STAGEII-CONFIRM-2026-07-22,21c5b970e734ed79636df2f3882d4d85460c5efa40b88e59b9b9a3f34a25c0ff,202607225053,student_t_df4,empirical_copula,-90.0,optimal,366.6580965928195,11446.115166551079,-193.2482169047594,-133.5609058979153,0.0,True,1.0,1.0,0.06673177083333333,0.0,-0.0,1.0,-133.56090589791575,0.0,-0.0,FEASIBLE
CRR-STAGEII-CONFIRM-2026-07-22,21c5b970e734ed79636df2f3882d4d85460c5efa40b88e59b9b9a3f34a25c0ff,202607225054,student_t_df4,empirical_copula,-90.0,optimal,370.70567361712085,12974.843588666085,-176.5457616065459,-144.3379366782041,0.0,True,0.6327709140223672,1.58035076808959,0.0576171875,0.24234624588183531,-46.738841299309534,0.7576537541181646,-97.59909537889514,0.0,-0.0,FEASIBLE
CRR-STAGEII-CONFIRM-2026-07-22,21c5b970e734ed79636df2f3882d4d85460c5efa40b88e59b9b9a3f34a25c0ff,202607225055,student_t_df4,empirical_copula,-90.0,optimal,376.24614229533756,14350.173822545092,-166.9734801419805,-155.42454055293805,0.0,True,0.5282095885855632,1.8931878966411697,0.072265625,0.3812363932310001,-69.35772261861224,0.6187636067689999,-86.06681793432593,0.0,-0.0,FEASIBLE
CRR-STAGEII-CONFIRM-2026-07-22,21c5b970e734ed79636df2f3882d4d85460c5efa40b88e59b9b9a3f34a25c0ff,202607225056,student_t_df4,empirical_copula,-90.0,optimal,380.41146735809144,23052.97955926867,-127.28942300377051,-54.233857586161164,35.766142413838836,False,0.9177654607181238,1.0896030007683337,0.06306966145833333,0.9570369026228209,-42.080992236979164,0.04296309737717907,-12.152865349181896,0.0,-0.0,TRUE_LAW_RISK_VIOLATION
CRR-STAGEII-CONFIRM-2026-07-22,21c5b970e734ed79636df2f3882d4d85460c5efa40b88e59b9b9a3f34a25c0ff,202607225057,student_t_df4,empirical_copula,-90.0,optimal,373.5712313734655,15012.782762613831,-164.10042511429893,-156.15396513314198,0.0,True,0.5118816279206104,1.9535766580688723,0.059895833333333336,0.4229233241485779,-80.67583044237436,0.5770766758514221,-75.47813469076806,0.0,-0.0,FEASIBLE
CRR-STAGEII-CONFIRM-2026-07-22,21c5b970e734ed79636df2f3882d4d85460c5efa40b88e59b9b9a3f34a25c0ff,202607225058,student_t_df4,empirical_copula,-90.0,optimal,373.5771059151995,18021.983853119887,-147.1598194893454,-123.28018524339178,0.0,True,0.5569362784456006,1.795537548372648,0.06494140625,0.6687250402957435,-29.782329665890686,0.33127495970425647,-93.4978555775011,0.0,-0.0,FEASIBLE
CRR-STAGEII-CONFIRM-2026-07-22,21c5b970e734ed79636df2f3882d4d85460c5efa40b88e59b9b9a3f34a25c0ff,202607225059,student_t_df4,empirical_copula,-90.0,optimal,367.04477304928525,11451.455186884812,-193.2482169047594,-137.11842774600532,0.0,True,1.0,1.0,0.063720703125,0.0,-0.0,1.0,-137.1184277460055,0.0,-0.0,FEASIBLE
CRR-STAGEII-CONFIRM-2026-07-22,21c5b970e734ed79636df2f3882d4d85460c5efa40b88e59b9b9a3f34a25c0ff,202607225060,student_t_df4,empirical_copula,-90.0,optimal,371.0419865885651,14696.025157237698,-162.33239354337712,-158.01528871716752,0.0,True,0.5052886937038212,1.9790666453862067,0.060709635416666664,0.44857678683794044,-83.49483811038463,0.5514232131620596,-74.52045060678323,0.0,-0.0,FEASIBLE
CRR-STAGEII-CONFIRM-2026-07-22,21c5b970e734ed79636df2f3882d4d85460c5efa40b88e59b9b9a3f34a25c0ff,202607225061,student_t_df4,empirical_copula,-90.0,optimal,369.61372260454635,15876.056017517883,-159.1092826767252,-157.8524230898575,0.0,True,0.5008194663780079,1.996727497898856,0.060139973958333336,0.5202418672311614,-48.547352926588594,0.4797581327688386,-109.30507016326845,0.0,-0.0,FEASIBLE
CRR-STAGEII-CONFIRM-2026-07-22,21c5b970e734ed79636df2f3882d4d85460c5efa40b88e59b9b9a3f34a25c0ff,202607225062,student_t_df4,empirical_copula,-90.0,optimal,370.7159718512741,15966.75926367721,-154.4411747410119,-148.3502659737178,0.0,True,0.5079570013567656,1.968670571188064,0.06282552083333333,0.5630753571403508,-24.75847030320392,0.43692464285964916,-123.59179567051386,0.0,-0.0,FEASIBLE
CRR-STAGEII-CONFIRM-2026-07-22,21c5b970e734ed79636df2f3882d4d85460c5efa40b88e59b9b9a3f34a25c0ff,202607225063,student_t_df4,empirical_copula,-90.0,optimal,373.4729696928679,18195.549784262264,-147.1805013752904,-119.6335181380539,0.0,True,0.5567339302809294,1.7961901468721284,0.058024088541666664,0.668424954031357,-21.447152979968195,0.33157504596864296,-98.1863651580857,0.0,-0.0,FEASIBLE
CRR-STAGEII-CONFIRM-2026-07-22,21c5b970e734ed79636df2f3882d4d85460c5efa40b88e59b9b9a3f34a25c0ff,202607225064,student_t_df4,empirical_copula,-90.0,optimal,373.21952391336686,14837.237056952714,-161.385418200547,-158.7885538103401,0.0,True,0.502840011354357,1.9887041154632559,0.059488932291666664,0.46231703730890494,-85.27484677222537,0.5376829626910951,-73.51370703811496,0.0,-0.0,FEASIBLE
CRR-STAGEII-CONFIRM-2026-07-22,21c5b970e734ed79636df2f3882d4d85460c5efa40b88e59b9b9a3f34a25c0ff,202607225001,student_t_df4,empirical_copula,-75.0,optimal,375.2037582822428,21156.451844488445,-133.96218238067033,-75.37081123309197,0.0,True,0.7595136016921544,1.3166321153065004,0.06282552083333333,0.8602177131209363,-35.389842296806926,0.1397822868790637,-39.98096893628498,0.0,-0.0,FEASIBLE
CRR-STAGEII-CONFIRM-2026-07-22,21c5b970e734ed79636df2f3882d4d85460c5efa40b88e59b9b9a3f34a25c0ff,202607225002,student_t_df4,empirical_copula,-75.0,optimal,373.8614230220552,19285.76859882423,-141.199372600448,-101.35853534019188,0.0,True,0.6302631118956579,1.5866389466968414,0.060791015625,0.7552088477067926,-31.497093812199022,0.24479115229320736,-69.86144152799281,0.0,-0.0,FEASIBLE
CRR-STAGEII-CONFIRM-2026-07-22,21c5b970e734ed79636df2f3882d4d85460c5efa40b88e59b9b9a3f34a25c0ff,202607225003,student_t_df4,empirical_copula,-75.0,optimal,367.77156400224766,20516.52464269297,-137.61535108980226,-79.63766837647044,0.0,True,0.6887579720701444,1.4518888209662102,0.06705729166666667,0.8072116306962877,-21.332235962706193,0.19278836930371235,-58.305432413764215,0.0,-0.0,FEASIBLE
CRR-STAGEII-CONFIRM-2026-07-22,21c5b970e734ed79636df2f3882d4d85460c5efa40b88e59b9b9a3f34a25c0ff,202607225004,student_t_df4,empirical_copula,-75.0,optimal,367.58761546521583,11609.430147482557,-193.2482169047594,-133.95618610325863,0.0,True,1.0,1.0,0.060872395833333336,0.0,-0.0,1.0,-133.956186103259,0.0,-0.0,FEASIBLE
CRR-STAGEII-CONFIRM-2026-07-22,21c5b970e734ed79636df2f3882d4d85460c5efa40b88e59b9b9a3f34a25c0ff,202607225005,student_t_df4,empirical_copula,-75.0,optimal,375.2622141459368,18971.080178785007,-145.02408074889956,-110.33990253748729,0.0,True,0.5797711986661052,1.7248183461005415,0.061767578125,0.6997137935472976,-20.471236679798263,0.30028620645270243,-89.86866585768901,0.0,-0.0,FEASIBLE
CRR-STAGEII-CONFIRM-2026-07-22,21c5b970e734ed79636df2f3882d4d85460c5efa40b88e59b9b9a3f34a25c0ff,202607225006,student_t_df4,empirical_copula,-75.0,optimal,372.3104558047513,17399.70138946203,-153.00242744129486,-141.86970706130938,0.0,True,0.5140955511596164,1.9451636913495096,0.062093098958333336,0.5839510308442256,-18.406253771566476,0.41604896915577444,-123.46345328974294,0.0,-0.0,FEASIBLE
CRR-STAGEII-CONFIRM-2026-07-22,21c5b970e734ed79636df2f3882d4d85460c5efa40b88e59b9b9a3f34a25c0ff,202607225007,student_t_df4,empirical_copula,-75.0,optimal,370.3132138125536,19535.495975972455,-139.91523964578212,-91.20958873769914,0.0,True,0.6499779249372963,1.53851378890517,0.06396484375,0.7738411263281105,-23.953708127731982,0.22615887367188947,-67.25588060996712,0.0,-0.0,FEASIBLE
CRR-STAGEII-CONFIRM-2026-07-22,21c5b970e734ed79636df2f3882d4d85460c5efa40b88e59b9b9a3f34a25c0ff,202607225008,student_t_df4,empirical_copula,-75.0,optimal,371.24325620623534,15997.697362779541,-160.4020367047888,-159.641864254242,0.0,True,0.5001923391433908,1.999230939267402,0.063720703125,0.49019339142743934,-68.94148486510396,0.5098066085725607,-90.70037938913777,0.0,-0.0,FEASIBLE
CRR-STAGEII-CONFIRM-2026-07-22,21c5b970e734ed79636df2f3882d4d85460c5efa40b88e59b9b9a3f34a25c0ff,202607225009,student_t_df4,empirical_copula,-75.0,optimal,376.2004438845046,19708.219006342802,-138.75607678253567,-101.54848782868227,0.0,True,0.6689666300895414,1.4948428740999378,0.06575520833333333,0.790660136662685,-45.50389275025706,0.20933986333731502,-56.04459507842516,0.0,-0.0,FEASIBLE
CRR-STAGEII-CONFIRM-2026-07-22,21c5b970e734ed79636df2f3882d4d85460c5efa40b88e59b9b9a3f34a25c0ff,202607225010,student_t_df4,empirical_copula,-75.0,optimal,375.2200056121326,19788.43912959061,-138.76868976519458,-95.60006055141923,0.0,True,0.6687539227395394,1.4953183315972436,0.061686197916666664,0.7904771271025822,-36.994014877476886,0.20952287289741775,-58.60604567394232,0.0,-0.0,FEASIBLE
CRR-STAGEII-CONFIRM-2026-07-22,21c5b970e734ed79636df2f3882d4d85460c5efa40b88e59b9b9a3f34a25c0ff,202607225011,student_t_df4,empirical_copula,-75.0,optimal,371.2896786185205,16594.817602335,-155.34018501985364,-151.27555938289146,0.0,True,0.5050062142145746,1.9801736530218321,0.064453125,0.5500310614247517,-22.00605907683208,0.44996893857524833,-129.26950030605937,0.0,-0.0,FEASIBLE
CRR-STAGEII-CONFIRM-2026-07-22,21c5b970e734ed79636df2f3882d4d85460c5efa40b88e59b9b9a3f34a25c0ff,202607225012,student_t_df4,empirical_copula,-75.0,optimal,374.3333847803374,18181.150478032134,-146.11145690038884,-117.03849848687642,0.0,True,0.5676651844939202,1.7616017809714912,0.059326171875,0.6839363809771197,-25.04119151580161,0.3160636190228802,-91.99730697107479,0.0,-0.0,FEASIBLE
CRR-STAGEII-CONFIRM-2026-07-22,21c5b970e734ed79636df2f3882d4d85460c5efa40b88e59b9b9a3f34a25c0ff,202607225013,student_t_df4,empirical_copula,-75.0,optimal,372.8740966329907,17231.118348862652,-149.17161511111,-128.20249035647421,0.0,True,0.5389398395284869,1.8554946705645106,0.059326171875,0.6395346543488156,-23.053581189683875,0.3604653456511844,-105.14890916679035,0.0,-0.0,FEASIBLE
CRR-STAGEII-CONFIRM-2026-07-22,21c5b970e734ed79636df2f3882d4d85460c5efa40b88e59b9b9a3f34a25c0ff,202607225014,student_t_df4,empirical_copula,-75.0,optimal,375.7581401865099,19658.862850525016,-140.0252391952347,-98.67342915560337,0.0,True,0.6482347615998225,1.5426509950377116,0.06315104166666667,0.7722450748864179,-34.39269657519677,0.22775492511358209,-64.28073258040654,0.0,-0.0,FEASIBLE
CRR-STAGEII-CONFIRM-2026-07-22,21c5b970e734ed79636df2f3882d4d85460c5efa40b88e59b9b9a3f34a25c0ff,202607225015,student_t_df4,empirical_copula,-75.0,optimal,373.81969406359946,16429.501231490667,-156.1411175878388,-153.9486899588644,0.0,True,0.5029506309765251,1.988266717268865,0.06103515625,0.5384098358270717,-16.970786158238905,0.4615901641729283,-136.97790380062557,0.0,-0.0,FEASIBLE
CRR-STAGEII-CONFIRM-2026-07-22,21c5b970e734ed79636df2f3882d4d85460c5efa40b88e59b9b9a3f34a25c0ff,202607225016,student_t_df4,empirical_copula,-75.0,optimal,370.6555032492961,17163.088474557728,-150.48742606448872,-134.4222166030167,0.0,True,0.5290129072699195,1.890313045783149,0.064697265625,0.6204427400674682,-26.57869716471418,0.37955725993253175,-107.8435194383025,0.0,-0.0,FEASIBLE
CRR-STAGEII-CONFIRM-2026-07-22,21c5b970e734ed79636df2f3882d4d85460c5efa40b88e59b9b9a3f34a25c0ff,202607225017,student_t_df4,empirical_copula,-75.0,optimal,368.85215370007376,12664.083189685663,-193.2482169047594,-120.5166591215851,0.0,True,1.0,1.0,0.060872395833333336,0.0,-0.0,1.0,-120.5166591215856,0.0,-0.0,FEASIBLE
CRR-STAGEII-CONFIRM-2026-07-22,21c5b970e734ed79636df2f3882d4d85460c5efa40b88e59b9b9a3f34a25c0ff,202607225018,student_t_df4,empirical_copula,-75.0,optimal,373.1280427896512,21376.20019873734,-136.09250991152348,-78.23964487592022,0.0,True,0.716886825461805,1.3949203200321316,0.06339518229166667,0.8293074744534392,-28.017170969472208,0.17069252554656078,-50.222473906447945,0.0,-0.0,FEASIBLE
CRR-STAGEII-CONFIRM-2026-07-22,21c5b970e734ed79636df2f3882d4d85460c5efa40b88e59b9b9a3f34a25c0ff,202607225019,student_t_df4,empirical_copula,-75.0,optimal,378.83979818334774,22982.65191493272,-127.34723544287797,-58.028555392699815,16.971444607300185,False,0.9162333512389249,1.091425015961061,0.05908203125,0.956198066216268,-45.831920989421576,0.04380193378373198,-12.19663440327814,0.0,-0.0,TRUE_LAW_RISK_VIOLATION
CRR-STAGEII-CONFIRM-2026-07-22,21c5b970e734ed79636df2f3882d4d85460c5efa40b88e59b9b9a3f34a25c0ff,202607225020,student_t_df4,empirical_copula,-75.0,optimal,373.20201011160026,17172.97953990875,-148.62315877188868,-126.88772538493812,0.0,True,0.5435081024372181,1.8398989739357423,0.059814453125,0.6474925463154294,-25.172535030092295,0.3525074536845706,-101.7151903548458,0.0,-0.0,FEASIBLE
CRR-STAGEII-CONFIRM-2026-07-22,21c5b970e734ed79636df2f3882d4d85460c5efa40b88e59b9b9a3f34a25c0ff,202607225021,student_t_df4,empirical_copula,-75.0,optimal,370.11467129515,15747.131363499966,-159.45860761792812,-157.89522433916486,0.0,True,0.5007318845481324,1.9970767407839711,0.061360677083333336,0.5191296177187681,-51.67511259812103,0.4808703822812319,-106.2201117410434,0.0,-0.0,FEASIBLE
CRR-STAGEII-CONFIRM-2026-07-22,21c5b970e734ed79636df2f3882d4d85460c5efa40b88e59b9b9a3f34a25c0ff,202607225022,student_t_df4,empirical_copula,-75.0,optimal,376.0769835550685,18385.863423134426,-146.92239711363786,-123.32874291552605,0.0,True,0.5592849821743658,1.7879972319518396,0.062255859375,0.672169948269676,-31.837669493746656,0.327830051730324,-91.49107342177935,0.0,-0.0,FEASIBLE
CRR-STAGEII-CONFIRM-2026-07-22,21c5b970e734ed79636df2f3882d4d85460c5efa40b88e59b9b9a3f34a25c0ff,202607225023,student_t_df4,empirical_copula,-75.0,optimal,374.02912366559224,18155.081040009183,-146.66266353980566,-118.89561447300548,0.0,True,0.5619087701205833,1.7796483222452715,0.059895833333333336,0.6759385832053095,-24.365849295579068,0.32406141679469047,-94.5297651774264,0.0,-0.0,FEASIBLE
CRR-STAGEII-CONFIRM-2026-07-22,21c5b970e734ed79636df2f3882d4d85460c5efa40b88e59b9b9a3f34a25c0ff,202607225024,student_t_df4,empirical_copula,-75.0,optimal,372.5818892762881,18057.912034480883,-146.63477199837249,-121.82628338944596,0.0,True,0.56219390396763,1.7787457191239446,0.06998697916666667,0.6763432788166734,-30.88710582449955,0.32365672118332656,-90.93917756494639,0.0,-0.0,FEASIBLE
CRR-STAGEII-CONFIRM-2026-07-22,21c5b970e734ed79636df2f3882d4d85460c5efa40b88e59b9b9a3f34a25c0ff,202607225025,student_t_df4,empirical_copula,-75.0,optimal,374.3147568410407,19712.34043588497,-140.7986844564194,-99.66194674953749,0.0,True,0.6362656785415719,1.5716705045165542,0.060384114583333336,0.7610226796100025,-31.308902624172102,0.23897732038999753,-68.35304412536533,0.0,-0.0,FEASIBLE
CRR-STAGEII-CONFIRM-2026-07-22,21c5b970e734ed79636df2f3882d4d85460c5efa40b88e59b9b9a3f34a25c0ff,202607225026,student_t_df4,empirical_copula,-75.0,optimal,374.6132544273609,19050.980866874837,-141.84299667269153,-101.2789175874684,0.0,True,0.6209042203000861,1.6105543613742794,0.06306966145833333,0.7458701082889968,-27.30879179272858,0.2541298917110032,-73.97012579473979,0.0,-0.0,FEASIBLE
CRR-STAGEII-CONFIRM-2026-07-22,21c5b970e734ed79636df2f3882d4d85460c5efa40b88e59b9b9a3f34a25c0ff,202607225027,student_t_df4,empirical_copula,-75.0,optimal,377.3736582414714,19503.79762478521,-141.59567513329208,-105.41976872122427,0.0,True,0.6244592354675853,1.6013855560182655,0.061930338541666664,0.7494586493465253,-35.49848790257334,0.2505413506534747,-69.92128081865086,0.0,-0.0,FEASIBLE
CRR-STAGEII-CONFIRM-2026-07-22,21c5b970e734ed79636df2f3882d4d85460c5efa40b88e59b9b9a3f34a25c0ff,202607225028,student_t_df4,empirical_copula,-75.0,optimal,374.88797513370423,22205.115146477667,-133.01505029350923,-62.04476447105132,12.955235528948677,False,0.7796925190488799,1.282556874112202,0.061442057291666664,0.8739602378922657,-24.08536062802558,0.12603976210773427,-37.95940384302567,0.0,-0.0,TRUE_LAW_RISK_VIOLATION
CRR-STAGEII-CONFIRM-2026-07-22,21c5b970e734ed79636df2f3882d4d85460c5efa40b88e59b9b9a3f34a25c0ff,202607225029,student_t_df4,empirical_copula,-75.0,optimal,374.44948054055624,18726.940067898726,-147.34373266363437,-120.092700013606,0.0,True,0.5551495425725719,1.8013164441530187,0.06315104166666667,0.6660565303933752,-20.994235607231776,0.33394346960662474,-99.09846440637423,0.0,-0.0,FEASIBLE
CRR-STAGEII-CONFIRM-2026-07-22,21c5b970e734ed79636df2f3882d4d85460c5efa40b88e59b9b9a3f34a25c0ff,202607225030,student_t_df4,empirical_copula,-75.0,infeasible_or_failed,,,,,,,,,,,,,,,,ASSUMED_POLICY_INFEASIBLE
CRR-STAGEII-CONFIRM-2026-07-22,21c5b970e734ed79636df2f3882d4d85460c5efa40b88e59b9b9a3f34a25c0ff,202607225031,student_t_df4,empirical_copula,-75.0,optimal,372.55748529662776,20204.65123632017,-136.93021937254758,-80.36420782657476,0.0,True,0.7011715816689166,1.42618444064692,0.056803385416666664,0.8171526301868839,-26.2192447512654,0.1828473698131161,-54.1449630753093,0.0,-0.0,FEASIBLE
CRR-STAGEII-CONFIRM-2026-07-22,21c5b970e734ed79636df2f3882d4d85460c5efa40b88e59b9b9a3f34a25c0ff,202607225032,student_t_df4,empirical_copula,-75.0,optimal,372.8564878011748,21569.853115768157,-132.35864018067912,-70.95247608948367,4.0475239105163325,False,0.7941207202202452,1.2592543860619267,0.06502278645833333,0.8834844978745849,-37.84695251035525,0.11651550212541506,-33.105523579128345,0.0,-0.0,TRUE_LAW_RISK_VIOLATION
CRR-STAGEII-CONFIRM-2026-07-22,21c5b970e734ed79636df2f3882d4d85460c5efa40b88e59b9b9a3f34a25c0ff,202607225033,student_t_df4,empirical_copula,-75.0,optimal,374.46543508966886,22218.355150956642,-129.84402857019995,-55.09710481401646,19.90289518598354,False,0.8527505286530941,1.172675907430376,0.061848958333333336,0.9199705517373177,-31.600730452992096,0.08002944826268232,-23.49637436102425,0.0,-0.0,TRUE_LAW_RISK_VIOLATION
CRR-STAGEII-CONFIRM-2026-07-22,21c5b970e734ed79636df2f3882d4d85460c5efa40b88e59b9b9a3f34a25c0ff,202607225034,student_t_df4,empirical_copula,-75.0,optimal,371.69213412520435,17523.421405230976,-150.31733472459666,-133.36864607638887,0.0,True,0.5302140805617669,1.8860306367957833,0.06551106770833333,0.6229107004328078,-25.27439034135315,0.37708929956719217,-108.09425573503573,0.0,-0.0,FEASIBLE
CRR-STAGEII-CONFIRM-2026-07-22,21c5b970e734ed79636df2f3882d4d85460c5efa40b88e59b9b9a3f34a25c0ff,202607225035,student_t_df4,empirical_copula,-75.0,infeasible_or_failed,,,,,,,,,,,,,,,,ASSUMED_POLICY_INFEASIBLE
CRR-STAGEII-CONFIRM-2026-07-22,21c5b970e734ed79636df2f3882d4d85460c5efa40b88e59b9b9a3f34a25c0ff,202607225036,student_t_df4,empirical_copula,-75.0,optimal,376.93937809313815,19691.099263540094,-140.3514924314814,-99.51104900062417,0.0,True,0.6431245538683104,1.554908755986893,0.059000651041666664,0.7675112650602871,-33.74753418419109,0.2324887349397129,-65.76351481643303,0.0,-0.0,FEASIBLE
CRR-STAGEII-CONFIRM-2026-07-22,21c5b970e734ed79636df2f3882d4d85460c5efa40b88e59b9b9a3f34a25c0ff,202607225037,student_t_df4,empirical_copula,-75.0,optimal,370.3865786388257,11663.424603058178,-193.2482169047594,-129.21282363913855,0.0,True,1.0,1.0,0.085693359375,0.0,-0.0,1.0,-129.21282363913917,0.0,-0.0,FEASIBLE
CRR-STAGEII-CONFIRM-2026-07-22,21c5b970e734ed79636df2f3882d4d85460c5efa40b88e59b9b9a3f34a25c0ff,202607225038,student_t_df4,empirical_copula,-75.0,optimal,376.82984389785366,20742.318441195177,-132.0887328325433,-73.88759359216667,1.1124064078333333,False,0.8001586828037448,1.2497521072895366,0.08846028645833333,0.8874007503888866,-42.53436867815004,0.11259924961111345,-31.35322491401655,0.0,-0.0,TRUE_LAW_RISK_VIOLATION
CRR-STAGEII-CONFIRM-2026-07-22,21c5b970e734ed79636df2f3882d4d85460c5efa40b88e59b9b9a3f34a25c0ff,202607225039,student_t_df4,empirical_copula,-75.0,optimal,375.21644660899403,17019.717797932084,-150.93087387633915,-134.7284046715044,0.0,True,0.5259958678076333,1.9011556196592005,0.059326171875,0.6140084817187591,-22.133428248498717,0.3859915182812409,-112.59497642300568,0.0,-0.0,FEASIBLE
CRR-STAGEII-CONFIRM-2026-07-22,21c5b970e734ed79636df2f3882d4d85460c5efa40b88e59b9b9a3f34a25c0ff,202607225040,student_t_df4,empirical_copula,-75.0,optimal,377.19402117257994,20702.826800108713,-134.6850539309136,-81.02748935793706,0.0,True,0.7446209190475279,1.342965224881322,0.060139973958333336,0.8497291230706473,-38.805254917830446,0.1502708769293527,-42.22223444010655,0.0,-0.0,FEASIBLE
CRR-STAGEII-CONFIRM-2026-07-22,21c5b970e734ed79636df2f3882d4d85460c5efa40b88e59b9b9a3f34a25c0ff,202607225041,student_t_df4,empirical_copula,-75.0,optimal,375.06085482018227,17767.113196610102,-149.99282786117692,-131.9696788384344,0.0,True,0.5325733056422197,1.8776757854848163,0.063232421875,0.6276191710563498,-24.755090862226464,0.3723808289436502,-107.21458797620792,0.0,-0.0,FEASIBLE
CRR-STAGEII-CONFIRM-2026-07-22,21c5b970e734ed79636df2f3882d4d85460c5efa40b88e59b9b9a3f34a25c0ff,202607225042,student_t_df4,empirical_copula,-75.0,optimal,372.83096596165836,16859.838285121412,-151.35355950459567,-137.35807030380323,0.0,True,0.5232742360932735,1.9110438294572376,0.057047526041666664,0.6078754747226484,-25.696338179915514,0.39212452527735164,-111.66173212388769,0.0,-0.0,FEASIBLE
CRR-STAGEII-CONFIRM-2026-07-22,21c5b970e734ed79636df2f3882d4d85460c5efa40b88e59b9b9a3f34a25c0ff,202607225043,student_t_df4,empirical_copula,-75.0,optimal,373.5777754439101,16944.09089467693,-154.81685514385524,-149.39790965341257,0.0,True,0.5066411378817438,1.9737836611155966,0.06722005208333333,0.5576243780085468,-22.309858234827356,0.44237562199145325,-127.0880514185852,0.0,-0.0,FEASIBLE
CRR-STAGEII-CONFIRM-2026-07-22,21c5b970e734ed79636df2f3882d4d85460c5efa40b88e59b9b9a3f34a25c0ff,202607225044,student_t_df4,empirical_copula,-75.0,optimal,372.56348576095706,20040.197658072724,-140.40374667538356,-93.9581547528101,0.0,True,0.642314407049976,1.5568699518866527,0.06754557291666667,0.7667530759428802,-25.036027819247156,0.23324692405711975,-68.92212693356291,0.0,-0.0,FEASIBLE
CRR-STAGEII-CONFIRM-2026-07-22,21c5b970e734ed79636df2f3882d4d85460c5efa40b88e59b9b9a3f34a25c0ff,202607225045,student_t_df4,empirical_copula,-75.0,optimal,373.606682498103,19672.90369419002,-139.2104997310896,-95.86343971784174,0.0,True,0.66138770427813,1.5119724686920928,0.06648763020833333,0.7840666332730138,-34.91918134519801,0.21593336672698615,-60.94425837264366,0.0,-0.0,FEASIBLE
CRR-STAGEII-CONFIRM-2026-07-22,21c5b970e734ed79636df2f3882d4d85460c5efa40b88e59b9b9a3f34a25c0ff,202607225046,student_t_df4,empirical_copula,-75.0,optimal,374.1905974914047,15940.380990474558,-161.50393825275606,-159.4569486685916,0.0,True,0.5000040403702979,1.9999838386494042,0.06770833333333333,0.5014213321740422,-74.1044780479264,0.49857866782595783,-85.35247062066497,0.0,-0.0,FEASIBLE
CRR-STAGEII-CONFIRM-2026-07-22,21c5b970e734ed79636df2f3882d4d85460c5efa40b88e59b9b9a3f34a25c0ff,202607225047,student_t_df4,empirical_copula,-75.0,optimal,377.89750696126583,20630.463826568484,-136.3093319126743,-77.98555889537991,0.0,True,0.7127626090835535,1.4029916654659633,0.057861328125,0.8261614700447875,-26.50830332910454,0.17383852995521254,-51.47725556627532,0.0,-0.0,FEASIBLE
CRR-STAGEII-CONFIRM-2026-07-22,21c5b970e734ed79636df2f3882d4d85460c5efa40b88e59b9b9a3f34a25c0ff,202607225048,student_t_df4,empirical_copula,-75.0,optimal,375.85856634846857,19573.852953401372,-141.53070514197407,-99.3245229008067,0.0,True,0.6254016612475495,1.598972407596748,0.057698567708333336,0.7504013391014008,-26.20073048064617,0.2495986608985992,-73.12379242016048,0.0,-0.0,FEASIBLE
CRR-STAGEII-CONFIRM-2026-07-22,21c5b970e734ed79636df2f3882d4d85460c5efa40b88e59b9b9a3f34a25c0ff,202607225049,student_t_df4,empirical_copula,-75.0,optimal,375.06980987609506,19434.736880399814,-141.9031242637337,-98.3730016484627,0.0,True,0.620047726324801,1.612779077390194,0.061848958333333336,0.7449976799122809,-22.217685565658844,0.25500232008771906,-76.15531608280385,0.0,-0.0,FEASIBLE
CRR-STAGEII-CONFIRM-2026-07-22,21c5b970e734ed79636df2f3882d4d85460c5efa40b88e59b9b9a3f34a25c0ff,202607225050,student_t_df4,empirical_copula,-75.0,optimal,377.37060385192365,20496.372133362212,-140.1239837319979,-94.34902992438924,0.0,True,0.6466786354877139,1.5463631317367046,0.06689453125,0.7708123293793266,-27.349598511426507,0.22918767062067336,-66.99943141296269,0.0,-0.0,FEASIBLE
CRR-STAGEII-CONFIRM-2026-07-22,21c5b970e734ed79636df2f3882d4d85460c5efa40b88e59b9b9a3f34a25c0ff,202607225051,student_t_df4,empirical_copula,-75.0,optimal,371.36478918763214,16944.570855554903,-152.77319021467278,-141.8498740939765,0.0,True,0.5152346107026826,1.9408634032488403,0.062174479166666664,0.5872771754317319,-22.499202744344096,0.41272282456826814,-119.35067134963244,0.0,-0.0,FEASIBLE
CRR-STAGEII-CONFIRM-2026-07-22,21c5b970e734ed79636df2f3882d4d85460c5efa40b88e59b9b9a3f34a25c0ff,202607225052,student_t_df4,empirical_copula,-75.0,optimal,372.5115370903776,23198.20093036752,-129.32057322281392,-50.252901087160055,24.747098912839945,False,0.8656248365858108,1.155234875126955,0.062093098958333336,0.9275656888630159,-28.712143907046087,0.07243431113698406,-21.54075718011384,0.0,-0.0,TRUE_LAW_RISK_VIOLATION
CRR-STAGEII-CONFIRM-2026-07-22,21c5b970e734ed79636df2f3882d4d85460c5efa40b88e59b9b9a3f34a25c0ff,202607225053,student_t_df4,empirical_copula,-75.0,optimal,366.6580965928195,11446.115166551079,-193.2482169047594,-133.5609058979153,0.0,True,1.0,1.0,0.06673177083333333,0.0,-0.0,1.0,-133.56090589791575,0.0,-0.0,FEASIBLE
CRR-STAGEII-CONFIRM-2026-07-22,21c5b970e734ed79636df2f3882d4d85460c5efa40b88e59b9b9a3f34a25c0ff,202607225054,student_t_df4,empirical_copula,-75.0,optimal,369.46426670454923,12012.41468379622,-187.08034259433634,-134.5489064622053,0.0,True,0.8370311729890041,1.194698635212164,0.0576171875,0.08949350005815734,-17.259695859194167,0.9105064999418426,-117.28921060301174,0.0,-0.0,FEASIBLE
CRR-STAGEII-CONFIRM-2026-07-22,21c5b970e734ed79636df2f3882d4d85460c5efa40b88e59b9b9a3f34a25c0ff,202607225055,student_t_df4,empirical_copula,-75.0,optimal,377.342729679425,15785.687290031507,-161.52749928920394,-159.5070662772713,0.0,True,0.5000055205651285,1.9999779179832966,0.072265625,0.5016614098122428,-74.98362844819937,0.49833859018775717,-84.52343782907174,0.0,-0.0,FEASIBLE
CRR-STAGEII-CONFIRM-2026-07-22,21c5b970e734ed79636df2f3882d4d85460c5efa40b88e59b9b9a3f34a25c0ff,202607225056,student_t_df4,empirical_copula,-75.0,optimal,380.79518730658276,23918.415158657524,-124.32841483628681,-43.97008320332645,31.029916796673547,False,1.0,1.0,0.06306966145833333,1.0,-43.97008320332634,0.0,-0.0,0.0,-0.0,TRUE_LAW_RISK_VIOLATION
CRR-STAGEII-CONFIRM-2026-07-22,21c5b970e734ed79636df2f3882d4d85460c5efa40b88e59b9b9a3f34a25c0ff,202607225057,student_t_df4,empirical_copula,-75.0,optimal,375.0297268898986,17458.42458035032,-151.22794425396054,-135.13946132361264,0.0,True,0.5240673480525498,1.9081516978991924,0.059895833333333336,0.6096981040231549,-19.562837128859996,0.39030189597684506,-115.57662419475268,0.0,-0.0,FEASIBLE
CRR-STAGEII-CONFIRM-2026-07-22,21c5b970e734ed79636df2f3882d4d85460c5efa40b88e59b9b9a3f34a25c0ff,202607225058,student_t_df4,empirical_copula,-75.0,optimal,374.113386020272,19072.037086300865,-142.47831413724833,-107.13394319775693,0.0,True,0.6120082384123782,1.6339649325540426,0.06494140625,0.7366518945755328,-32.80751916146112,0.2633481054244672,-74.32642403629579,0.0,-0.0,FEASIBLE
CRR-STAGEII-CONFIRM-2026-07-22,21c5b970e734ed79636df2f3882d4d85460c5efa40b88e59b9b9a3f34a25c0ff,202607225059,student_t_df4,empirical_copula,-75.0,optimal,367.04477304928525,11451.455186884812,-193.2482169047594,-137.11842774600532,0.0,True,1.0,1.0,0.063720703125,0.0,-0.0,1.0,-137.1184277460055,0.0,-0.0,FEASIBLE
CRR-STAGEII-CONFIRM-2026-07-22,21c5b970e734ed79636df2f3882d4d85460c5efa40b88e59b9b9a3f34a25c0ff,202607225060,student_t_df4,empirical_copula,-75.0,optimal,371.880693850938,16109.201931793863,-154.2867099380719,-147.72368991397533,0.0,True,0.5085325118791026,1.9664426101388335,0.060709635416666664,0.5653165824240006,-24.217187624445092,0.43468341757599943,-123.50650228953025,0.0,-0.0,FEASIBLE
CRR-STAGEII-CONFIRM-2026-07-22,21c5b970e734ed79636df2f3882d4d85460c5efa40b88e59b9b9a3f34a25c0ff,202607225061,student_t_df4,empirical_copula,-75.0,optimal,369.990768155398,16858.087304004526,-152.6890048983121,-139.71028787663886,0.0,True,0.5156640299667659,1.9392471490874577,0.060139973958333336,0.5884986722125417,-14.220159516370344,0.4115013277874583,-125.4901283602686,0.0,-0.0,FEASIBLE
CRR-STAGEII-CONFIRM-2026-07-22,21c5b970e734ed79636df2f3882d4d85460c5efa40b88e59b9b9a3f34a25c0ff,202607225062,student_t_df4,empirical_copula,-75.0,optimal,371.07728986972495,16682.24108459832,-150.5409945036619,-134.83102936770405,0.0,True,0.5286396553937266,1.8916477222186594,0.06282552083333333,0.6196654824787134,-27.24674282281839,0.38033451752128655,-107.58428654488566,0.0,-0.0,FEASIBLE
CRR-STAGEII-CONFIRM-2026-07-22,21c5b970e734ed79636df2f3882d4d85460c5efa40b88e59b9b9a3f34a25c0ff,202607225063,student_t_df4,empirical_copula,-75.0,optimal,373.9343049336793,19343.944489903246,-142.49031389011012,-101.66519026909614,0.0,True,0.6118434834644813,1.6344049205813793,0.058024088541666664,0.736477782745527,-23.630703159161392,0.263522217254473,-78.03448710993472,0.0,-0.0,FEASIBLE
CRR-STAGEII-CONFIRM-2026-07-22,21c5b970e734ed79636df2f3882d4d85460c5efa40b88e59b9b9a3f34a25c0ff,202607225064,student_t_df4,empirical_copula,-75.0,optimal,374.062852355871,15980.68486354905,-154.80445455613776,-150.0119322334594,0.0,True,0.5066826755378515,1.9736218510697736,0.059488932291666664,0.5578043057991857,-27.99900073229592,0.4421956942008143,-122.01293150116341,0.0,-0.0,FEASIBLE
CRR-STAGEII-CONFIRM-2026-07-22,21c5b970e734ed79636df2f3882d4d85460c5efa40b88e59b9b9a3f34a25c0ff,202607225001,student_t_df4,empirical_copula,-60.0,optimal,375.8937577384653,22671.160793671126,-128.4608677771972,-55.823800631632494,4.176199368367506,False,0.887269851325504,1.1270528334824936,0.06282552083333333,0.940039686463337,-38.67376333832859,0.05996031353666298,-17.150037293303782,0.0,-0.0,TRUE_LAW_RISK_VIOLATION
CRR-STAGEII-CONFIRM-2026-07-22,21c5b970e734ed79636df2f3882d4d85460c5efa40b88e59b9b9a3f34a25c0ff,202607225002,student_t_df4,empirical_copula,-60.0,optimal,374.2569905260474,20177.335516464256,-137.5497924029606,-88.45440707930405,0.0,True,0.689928699276527,1.4494251377694825,0.060791015625,0.8081628621983244,-33.7056187351219,0.19183713780167555,-54.748788344182095,0.0,-0.0,FEASIBLE
CRR-STAGEII-CONFIRM-2026-07-22,21c5b970e734ed79636df2f3882d4d85460c5efa40b88e59b9b9a3f34a25c0ff,202607225003,student_t_df4,empirical_copula,-60.0,optimal,367.9945862117951,22068.68407946389,-132.02588073209688,-57.25334496002789,2.7466550399721115,False,0.8015735220484641,1.2475461981883413,0.06705729166666667,0.8883127103562695,-23.475499640218665,0.11168728964373054,-33.77784531980915,0.0,-0.0,TRUE_LAW_RISK_VIOLATION
CRR-STAGEII-CONFIRM-2026-07-22,21c5b970e734ed79636df2f3882d4d85460c5efa40b88e59b9b9a3f34a25c0ff,202607225004,student_t_df4,empirical_copula,-60.0,optimal,367.58761546521583,11609.430147482557,-193.2482169047594,-133.95618610325863,0.0,True,1.0,1.0,0.060872395833333336,0.0,-0.0,1.0,-133.956186103259,0.0,-0.0,FEASIBLE
CRR-STAGEII-CONFIRM-2026-07-22,21c5b970e734ed79636df2f3882d4d85460c5efa40b88e59b9b9a3f34a25c0ff,202607225005,student_t_df4,empirical_copula,-60.0,optimal,375.7210576502097,20332.269199101494,-139.66707297821026,-89.35174205318518,0.0,True,0.6539480489028364,1.5291734590809674,0.061767578125,0.7774419298725739,-22.745296574098173,0.22255807012742612,-66.60644547908696,0.0,-0.0,FEASIBLE
CRR-STAGEII-CONFIRM-2026-07-22,21c5b970e734ed79636df2f3882d4d85460c5efa40b88e59b9b9a3f34a25c0ff,202607225006,student_t_df4,empirical_copula,-60.0,optimal,373.05391066669927,19101.770813093044,-145.58873505772067,-113.3387405345463,0.0,True,0.5733604912973992,1.7441034308750532,0.062093098958333336,0.6915208752295676,-21.796876870667898,0.3084791247704323,-91.5418636638784,0.0,-0.0,FEASIBLE
CRR-STAGEII-CONFIRM-2026-07-22,21c5b970e734ed79636df2f3882d4d85460c5efa40b88e59b9b9a3f34a25c0ff,202607225007,student_t_df4,empirical_copula,-60.0,optimal,370.6928096847879,20720.3729971757,-135.49498429132274,-74.12183810349883,0.0,True,0.7284573686844535,1.372763929625607,0.06396484375,0.8379773429421369,-25.93899963127245,0.16202265705786312,-48.18283847222632,0.0,-0.0,FEASIBLE
CRR-STAGEII-CONFIRM-2026-07-22,21c5b970e734ed79636df2f3882d4d85460c5efa40b88e59b9b9a3f34a25c0ff,202607225008,student_t_df4,empirical_copula,-60.0,optimal,372.1169448370134,17652.48601109982,-151.17219350816825,-135.82291345336904,0.0,True,0.5244236056116335,1.9068554300367608,0.063720703125,0.6105070260472915,-22.69818619094902,0.38949297395270854,-113.12472726242002,0.0,-0.0,FEASIBLE
CRR-STAGEII-CONFIRM-2026-07-22,21c5b970e734ed79636df2f3882d4d85460c5efa40b88e59b9b9a3f34a25c0ff,202607225009,student_t_df4,empirical_copula,-60.0,optimal,376.7657692913366,20757.18067039045,-134.46971211684323,-88.47734960078365,0.0,True,0.7490113973849875,1.3350931687972778,0.06575520833333333,0.8528536505302075,-49.0832397459647,0.14714634946979255,-39.3941098548189,0.0,-0.0,FEASIBLE
CRR-STAGEII-CONFIRM-2026-07-22,21c5b970e734ed79636df2f3882d4d85460c5efa40b88e59b9b9a3f34a25c0ff,202607225010,student_t_df4,empirical_copula,-60.0,optimal,375.6017930230357,20802.984763399345,-134.84901488369954,-82.35364157160299,0.0,True,0.7413042010023453,1.348973874217713,0.061686197916666664,0.8473501122803513,-39.6556479439576,0.15264988771964855,-42.697993627645346,0.0,-0.0,FEASIBLE
CRR-STAGEII-CONFIRM-2026-07-22,21c5b970e734ed79636df2f3882d4d85460c5efa40b88e59b9b9a3f34a25c0ff,202607225011,student_t_df4,empirical_copula,-60.0,optimal,371.714653966717,17535.773173026377,-150.5522433136927,-134.09695395322348,0.0,True,0.5285615834175023,1.8919271308639851,0.064453125,0.6195022665423175,-24.78551564060475,0.38049773345768245,-109.31143831261872,0.0,-0.0,FEASIBLE
CRR-STAGEII-CONFIRM-2026-07-22,21c5b970e734ed79636df2f3882d4d85460c5efa40b88e59b9b9a3f34a25c0ff,202607225012,student_t_df4,empirical_copula,-60.0,optimal,374.8395732342964,19231.566393955487,-141.83793309137187,-101.26022234019163,0.0,True,0.620976488023572,1.610366929000443,0.059326171875,0.7459435789196092,-27.311481797505518,0.2540564210803908,-73.94874054268607,0.0,-0.0,FEASIBLE
CRR-STAGEII-CONFIRM-2026-07-22,21c5b970e734ed79636df2f3882d4d85460c5efa40b88e59b9b9a3f34a25c0ff,202607225013,student_t_df4,empirical_copula,-60.0,optimal,373.21579029777683,18016.368440521863,-145.57237462355616,-114.85122249003042,0.0,True,0.5735424596969599,1.743550077405543,0.059326171875,0.6917582588794546,-24.93610795954422,0.30824174112054537,-89.91511453048618,0.0,-0.0,FEASIBLE
CRR-STAGEII-CONFIRM-2026-07-22,21c5b970e734ed79636df2f3882d4d85460c5efa40b88e59b9b9a3f34a25c0ff,202607225014,student_t_df4,empirical_copula,-60.0,optimal,376.28621928985,20909.94695109934,-135.14187732086808,-81.83099560276577,0.0,True,0.7354363044624592,1.3597370621116047,0.06315104166666667,0.8431007901932457,-37.54832578723762,0.15689920980675431,-44.28266981552805,0.0,-0.0,FEASIBLE
CRR-STAGEII-CONFIRM-2026-07-22,21c5b970e734ed79636df2f3882d4d85460c5efa40b88e59b9b9a3f34a25c0ff,202607225015,student_t_df4,empirical_copula,-60.0,optimal,374.66050246233584,18264.634304390685,-147.54455976010897,-120.86556606613854,0.0,True,0.5532310197466832,1.8075631414483702,0.06103515625,0.6631426059413714,-20.902388123278858,0.3368573940586286,-99.96317794285969,0.0,-0.0,FEASIBLE
CRR-STAGEII-CONFIRM-2026-07-22,21c5b970e734ed79636df2f3882d4d85460c5efa40b88e59b9b9a3f34a25c0ff,202607225016,student_t_df4,empirical_copula,-60.0,optimal,371.06078957318243,18016.65430122387,-146.45663370674933,-120.31022109215743,0.0,True,0.5640304564911314,1.772953904335348,0.064697265625,0.6789279973776202,-29.084104742660664,0.3210720026223797,-91.22611634949673,0.0,-0.0,FEASIBLE
CRR-STAGEII-CONFIRM-2026-07-22,21c5b970e734ed79636df2f3882d4d85460c5efa40b88e59b9b9a3f34a25c0ff,202607225017,student_t_df4,empirical_copula,-60.0,optimal,368.85215370007376,12664.083189685663,-193.2482169047594,-120.5166591215851,0.0,True,1.0,1.0,0.060872395833333336,0.0,-0.0,1.0,-120.5166591215856,0.0,-0.0,FEASIBLE
CRR-STAGEII-CONFIRM-2026-07-22,21c5b970e734ed79636df2f3882d4d85460c5efa40b88e59b9b9a3f34a25c0ff,202607225018,student_t_df4,empirical_copula,-60.0,optimal,373.4708383587142,22535.134007297722,-132.1038574549742,-63.1667599098612,0.0,True,0.7998187148795655,1.2502833222033036,0.06339518229166667,0.8871812978951626,-29.972369561034945,0.11281870210483735,-33.19439034882615,0.0,-0.0,FEASIBLE
CRR-STAGEII-CONFIRM-2026-07-22,21c5b970e734ed79636df2f3882d4d85460c5efa40b88e59b9b9a3f34a25c0ff,202607225019,student_t_df4,empirical_copula,-60.0,optimal,379.2197509182055,23871.233189821334,-124.32841483628681,-47.93140941058506,12.068590589414939,False,1.0,1.0,0.05908203125,1.0,-47.93140941058497,0.0,-0.0,0.0,-0.0,TRUE_LAW_RISK_VIOLATION
CRR-STAGEII-CONFIRM-2026-07-22,21c5b970e734ed79636df2f3882d4d85460c5efa40b88e59b9b9a3f34a25c0ff,202607225020,student_t_df4,empirical_copula,-60.0,optimal,373.6509355958659,18378.15475183081,-143.2029694126978,-107.25240540933859,0.0,True,0.6022762684822838,1.6603675959538748,0.059814453125,0.726137423353902,-28.230007943801844,0.27386257664609803,-79.02239746553671,0.0,-0.0,FEASIBLE
CRR-STAGEII-CONFIRM-2026-07-22,21c5b970e734ed79636df2f3882d4d85460c5efa40b88e59b9b9a3f34a25c0ff,202607225021,student_t_df4,empirical_copula,-60.0,optimal,370.9371763872443,17326.79921800107,-149.25691709100423,-129.71533851038322,0.0,True,0.5382520956388935,1.8578655022476442,0.061360677083333336,0.6382969552067101,-26.259897045530533,0.36170304479328985,-103.45544146485267,0.0,-0.0,FEASIBLE
CRR-STAGEII-CONFIRM-2026-07-22,21c5b970e734ed79636df2f3882d4d85460c5efa40b88e59b9b9a3f34a25c0ff,202607225022,student_t_df4,empirical_copula,-60.0,optimal,376.65428647347574,19314.640104915,-142.95277882904853,-109.98248762338785,0.0,True,0.6055862937215839,1.6512923267377422,0.062255859375,0.7297675931474932,-34.565811068594954,0.2702324068525068,-75.41667655479284,0.0,-0.0,FEASIBLE
CRR-STAGEII-CONFIRM-2026-07-22,21c5b970e734ed79636df2f3882d4d85460c5efa40b88e59b9b9a3f34a25c0ff,202607225023,student_t_df4,empirical_copula,-60.0,optimal,374.4612624299329,19270.61519370913,-141.83522727962176,-100.98839353548388,0.0,True,0.6210151143760116,1.610266766219994,0.059895833333333336,0.745982839214458,-26.89076476622247,0.25401716078554204,-74.09762876926136,0.0,-0.0,FEASIBLE
CRR-STAGEII-CONFIRM-2026-07-22,21c5b970e734ed79636df2f3882d4d85460c5efa40b88e59b9b9a3f34a25c0ff,202607225024,student_t_df4,empirical_copula,-60.0,optimal,373.0222982524935,18941.58148641277,-142.57419238685267,-107.96262984685067,0.0,True,0.610695229500559,1.6374779950677258,0.06998697916666667,0.7352607378001683,-33.57773622999085,0.2647392621998317,-74.38489361685978,0.0,-0.0,FEASIBLE
CRR-STAGEII-CONFIRM-2026-07-22,21c5b970e734ed79636df2f3882d4d85460c5efa40b88e59b9b9a3f34a25c0ff,202607225025,student_t_df4,empirical_copula,-60.0,optimal,374.77402683995064,20882.38813881122,-136.2111027186798,-83.36156850793606,0.0,True,0.7146261419909778,1.3993330795511607,0.060384114583333336,0.8275867381251703,-34.047385565822516,0.17241326187482975,-49.31418294211349,0.0,-0.0,FEASIBLE
CRR-STAGEII-CONFIRM-2026-07-22,21c5b970e734ed79636df2f3882d4d85460c5efa40b88e59b9b9a3f34a25c0ff,202607225026,student_t_df4,empirical_copula,-60.0,optimal,374.95969665629747,20156.32064657131,-137.4788564183225,-85.16607648640591,0.0,True,0.6911995294864874,1.4467602440975755,0.06306966145833333,0.809192116237209,-29.62722165301896,0.190807883762791,-55.53885483338689,0.0,-0.0,FEASIBLE
CRR-STAGEII-CONFIRM-2026-07-22,21c5b970e734ed79636df2f3882d4d85460c5efa40b88e59b9b9a3f34a25c0ff,202607225027,student_t_df4,empirical_copula,-60.0,optimal,377.8616022486352,20336.809568094304,-138.26023313509083,-94.20567778635274,0.0,True,0.6774347714355284,1.4761568820580833,0.061930338541666664,0.797854638570166,-37.7907884043908,0.20214536142983397,-56.41488938196186,0.0,-0.0,FEASIBLE
CRR-STAGEII-CONFIRM-2026-07-22,21c5b970e734ed79636df2f3882d4d85460c5efa40b88e59b9b9a3f34a25c0ff,202607225028,student_t_df4,empirical_copula,-60.0,optimal,375.3614312949546,23829.896470465672,-127.72180117488216,-41.03059771994916,18.969402280050844,False,0.9063750340918253,1.1032960555913651,0.061442057291666664,0.9507632605325246,-26.201965500204075,0.04923673946747542,-14.828632219744973,0.0,-0.0,TRUE_LAW_RISK_VIOLATION
CRR-STAGEII-CONFIRM-2026-07-22,21c5b970e734ed79636df2f3882d4d85460c5efa40b88e59b9b9a3f34a25c0ff,202607225029,student_t_df4,empirical_copula,-60.0,optimal,374.89234842483313,19811.19060112226,-142.94870986233238,-103.1788274194137,0.0,True,0.6056405618288667,1.6511443635483678,0.06315104166666667,0.7298266323001609,-23.004282026771474,0.27017336769983913,-80.1745453926422,0.0,-0.0,FEASIBLE
CRR-STAGEII-CONFIRM-2026-07-22,21c5b970e734ed79636df2f3882d4d85460c5efa40b88e59b9b9a3f34a25c0ff,202607225030,student_t_df4,empirical_copula,-60.0,infeasible_or_failed,,,,,,,,,,,,,,,,ASSUMED_POLICY_INFEASIBLE
CRR-STAGEII-CONFIRM-2026-07-22,21c5b970e734ed79636df2f3882d4d85460c5efa40b88e59b9b9a3f34a25c0ff,202607225031,student_t_df4,empirical_copula,-60.0,optimal,372.8052832697445,21257.43134104622,-133.04042422244441,-65.46222047084987,0.0,True,0.7791420723379459,1.283462972291219,0.056803385416666664,0.8735920718764959,-28.03016657984261,0.1264079281235041,-37.43205389100718,0.0,-0.0,FEASIBLE
CRR-STAGEII-CONFIRM-2026-07-22,21c5b970e734ed79636df2f3882d4d85460c5efa40b88e59b9b9a3f34a25c0ff,202607225032,student_t_df4,empirical_copula,-60.0,optimal,373.3901552410658,22973.981838826694,-127.33064312179336,-53.349219551753265,6.650780448246735,False,0.9166727826854266,1.0909018123898728,0.06502278645833333,0.9564388144567827,-40.972189638742094,0.04356118554321731,-12.377029913011055,0.0,-0.0,TRUE_LAW_RISK_VIOLATION
CRR-STAGEII-CONFIRM-2026-07-22,21c5b970e734ed79636df2f3882d4d85460c5efa40b88e59b9b9a3f34a25c0ff,202607225033,student_t_df4,empirical_copula,-60.0,optimal,374.79479274903065,23384.770956494245,-125.8789753109718,-40.18226641126847,19.817733588731528,False,0.9560162433040431,1.0460073319925471,0.061848958333333336,0.9775019598410268,-33.57691818708112,0.022498040158973165,-6.605348224187212,0.0,-0.0,TRUE_LAW_RISK_VIOLATION
CRR-STAGEII-CONFIRM-2026-07-22,21c5b970e734ed79636df2f3882d4d85460c5efa40b88e59b9b9a3f34a25c0ff,202607225034,student_t_df4,empirical_copula,-60.0,optimal,372.18476637401614,18787.31718821666,-144.80541036108343,-113.68820415108176,0.0,True,0.5823259589916288,1.7172512826521196,0.06551106770833333,0.7028866173403617,-28.519386037244523,0.29711338265963827,-85.16881811383722,0.0,-0.0,FEASIBLE
CRR-STAGEII-CONFIRM-2026-07-22,21c5b970e734ed79636df2f3882d4d85460c5efa40b88e59b9b9a3f34a25c0ff,202607225035,student_t_df4,empirical_copula,-60.0,infeasible_or_failed,,,,,,,,,,,,,,,,ASSUMED_POLICY_INFEASIBLE
CRR-STAGEII-CONFIRM-2026-07-22,21c5b970e734ed79636df2f3882d4d85460c5efa40b88e59b9b9a3f34a25c0ff,202607225036,student_t_df4,empirical_copula,-60.0,optimal,377.6854011170584,21043.21946365858,-135.03352420400697,-81.0773186714485,0.0,True,0.7375988884073441,1.3557504162719711,0.059000651041666664,0.844672952526989,-37.14034000221103,0.15532704747301096,-43.9369786692374,0.0,-0.0,FEASIBLE
CRR-STAGEII-CONFIRM-2026-07-22,21c5b970e734ed79636df2f3882d4d85460c5efa40b88e59b9b9a3f34a25c0ff,202607225037,student_t_df4,empirical_copula,-60.0,optimal,370.3865786388257,11663.424603058178,-193.2482169047594,-129.21282363913855,0.0,True,1.0,1.0,0.085693359375,0.0,-0.0,1.0,-129.21282363913917,0.0,-0.0,FEASIBLE
CRR-STAGEII-CONFIRM-2026-07-22,21c5b970e734ed79636df2f3882d4d85460c5efa40b88e59b9b9a3f34a25c0ff,202607225038,student_t_df4,empirical_copula,-60.0,optimal,377.519643818674,22154.148920311294,-126.81182090741562,-56.237737245471735,3.7622627545282654,False,0.9305302467697913,1.0746560936319516,0.08846028645833333,0.9639667265924311,-46.20428383048324,0.0360332734075689,-10.033453414988417,0.0,-0.0,TRUE_LAW_RISK_VIOLATION
CRR-STAGEII-CONFIRM-2026-07-22,21c5b970e734ed79636df2f3882d4d85460c5efa40b88e59b9b9a3f34a25c0ff,202607225039,student_t_df4,empirical_copula,-60.0,optimal,375.5954041648645,17926.978513984854,-146.70566539489144,-119.05512848380565,0.0,True,0.5614704479006665,1.7810376374019186,0.059326171875,0.6753146427151288,-24.34335784394294,0.32468535728487125,-94.71177063986268,0.0,-0.0,FEASIBLE
CRR-STAGEII-CONFIRM-2026-07-22,21c5b970e734ed79636df2f3882d4d85460c5efa40b88e59b9b9a3f34a25c0ff,202607225040,student_t_df4,empirical_copula,-60.0,optimal,377.78887705028603,22023.197820777033,-129.70130165506316,-64.01193455918482,0.0,True,0.8562379959415918,1.1678995848581974,0.060139973958333336,0.9220414647529267,-42.10760007289089,0.0779585352470733,-21.904334486293845,0.0,-0.0,FEASIBLE
CRR-STAGEII-CONFIRM-2026-07-22,21c5b970e734ed79636df2f3882d4d85460c5efa40b88e59b9b9a3f34a25c0ff,202607225041,student_t_df4,empirical_copula,-60.0,optimal,375.52548992219596,18846.24706790223,-145.2123159846957,-114.7347010433356,0.0,True,0.577604267488078,1.731289147756583,0.063232421875,0.6969825721835284,-27.490981313957423,0.30301742781647156,-87.24371972937814,0.0,-0.0,FEASIBLE
CRR-STAGEII-CONFIRM-2026-07-22,21c5b970e734ed79636df2f3882d4d85460c5efa40b88e59b9b9a3f34a25c0ff,202607225042,student_t_df4,empirical_copula,-60.0,optimal,373.35067678820553,18068.263053108018,-145.90486757835646,-118.187306070641,0.0,True,0.5698885757492667,1.7547289813368168,0.057047526041666664,0.6869339131207426,-29.03832589537706,0.3130660868792574,-89.1489801752639,0.0,-0.0,FEASIBLE
CRR-STAGEII-CONFIRM-2026-07-22,21c5b970e734ed79636df2f3882d4d85460c5efa40b88e59b9b9a3f34a25c0ff,202607225043,student_t_df4,empirical_copula,-60.0,optimal,374.6984743727548,18961.784486516935,-145.38034577303554,-115.5407574441271,0.0,True,0.5756951437485812,1.7370304593653514,0.06722005208333333,0.6945445241436793,-27.787863089413953,0.30545547585632066,-87.75289435471308,0.0,-0.0,FEASIBLE
CRR-STAGEII-CONFIRM-2026-07-22,21c5b970e734ed79636df2f3882d4d85460c5efa40b88e59b9b9a3f34a25c0ff,202607225044,student_t_df4,empirical_copula,-60.0,optimal,372.9953238675288,21365.016156013553,-135.33634769364954,-74.63272451662013,0.0,True,0.7315797309411536,1.366905010768317,0.06754557291666667,0.8402790993737006,-27.436800148447137,0.15972090062629943,-47.19592436817292,0.0,-0.0,FEASIBLE
CRR-STAGEII-CONFIRM-2026-07-22,21c5b970e734ed79636df2f3882d4d85460c5efa40b88e59b9b9a3f34a25c0ff,202607225045,student_t_df4,empirical_copula,-60.0,optimal,374.04060715203605,20555.106123822276,-135.65811346785674,-83.61146430996291,0.0,True,0.7252686823946002,1.3787993667372025,0.06648763020833333,0.8356104009075107,-37.21473390777853,0.1643895990924893,-46.396730402184325,0.0,-0.0,FEASIBLE
CRR-STAGEII-CONFIRM-2026-07-22,21c5b970e734ed79636df2f3882d4d85460c5efa40b88e59b9b9a3f34a25c0ff,202607225046,student_t_df4,empirical_copula,-60.0,optimal,374.84422417021676,16942.872614365162,-153.20320516342466,-144.0590787434014,0.0,True,0.5131342574467409,1.948807715500834,0.06770833333333333,0.5810378227951027,-25.548281412580252,0.41896217720489726,-118.51079733082115,0.0,-0.0,FEASIBLE
CRR-STAGEII-CONFIRM-2026-07-22,21c5b970e734ed79636df2f3882d4d85460c5efa40b88e59b9b9a3f34a25c0ff,202607225047,student_t_df4,empirical_copula,-60.0,optimal,378.27612787350887,21740.432797886617,-132.34965810224202,-62.81586311993732,0.0,True,0.7943206670011393,1.2589374059413283,0.057861328125,0.8836148244014688,-28.351757665553897,0.11638517559853123,-34.464105454383336,0.0,-0.0,FEASIBLE
CRR-STAGEII-CONFIRM-2026-07-22,21c5b970e734ed79636df2f3882d4d85460c5efa40b88e59b9b9a3f34a25c0ff,202607225048,student_t_df4,empirical_copula,-60.0,optimal,376.3261090574799,20818.368660097996,-136.78185822635422,-81.5438670248977,0.0,True,0.7039117412243441,1.4206326467301948,0.057698567708333336,0.8193052937427941,-28.60655500485569,0.18069470625720568,-52.93731202004192,0.0,-0.0,FEASIBLE
CRR-STAGEII-CONFIRM-2026-07-22,21c5b970e734ed79636df2f3882d4d85460c5efa40b88e59b9b9a3f34a25c0ff,202607225049,student_t_df4,empirical_copula,-60.0,optimal,375.5555345013115,20884.83308353938,-136.46894887874373,-77.1768898886869,0.0,True,0.7097518012870225,1.4089432364759882,0.061848958333333336,0.8238454888423047,-24.569123527928312,0.17615451115769531,-52.607766360758525,0.0,-0.0,FEASIBLE
CRR-STAGEII-CONFIRM-2026-07-22,21c5b970e734ed79636df2f3882d4d85460c5efa40b88e59b9b9a3f34a25c0ff,202607225050,student_t_df4,empirical_copula,-60.0,optimal,377.9677431538652,21906.95081520734,-134.83519741349346,-74.63858797139193,0.0,True,0.741582837027962,1.3484670222516142,0.06689453125,0.847550598494638,-30.07238948242139,0.15244940150536201,-44.566198488970464,0.0,-0.0,FEASIBLE
CRR-STAGEII-CONFIRM-2026-07-22,21c5b970e734ed79636df2f3882d4d85460c5efa40b88e59b9b9a3f34a25c0ff,202607225051,student_t_df4,empirical_copula,-60.0,optimal,371.8628732594988,18097.57824916993,-147.3652553735265,-122.16502055983584,0.0,True,0.5549423089010592,1.8019891148329983,0.062174479166666664,0.6657442440947184,-25.50535820288895,0.33425575590528156,-96.65966235694688,0.0,-0.0,FEASIBLE
CRR-STAGEII-CONFIRM-2026-07-22,21c5b970e734ed79636df2f3882d4d85460c5efa40b88e59b9b9a3f34a25c0ff,202607225052,student_t_df4,empirical_copula,-60.0,optimal,372.8612680728837,24484.115520899108,-125.12974178710856,-34.05205367433919,25.94794632566081,False,0.9770164759529296,1.0235241929002818,0.062093098958333336,0.9883730520580193,-30.594393092872526,0.011626947941980714,-3.457660581466517,0.0,-0.0,TRUE_LAW_RISK_VIOLATION
CRR-STAGEII-CONFIRM-2026-07-22,21c5b970e734ed79636df2f3882d4d85460c5efa40b88e59b9b9a3f34a25c0ff,202607225053,student_t_df4,empirical_copula,-60.0,optimal,366.6580965928195,11446.115166551079,-193.2482169047594,-133.5609058979153,0.0,True,1.0,1.0,0.06673177083333333,0.0,-0.0,1.0,-133.56090589791575,0.0,-0.0,FEASIBLE
CRR-STAGEII-CONFIRM-2026-07-22,21c5b970e734ed79636df2f3882d4d85460c5efa40b88e59b9b9a3f34a25c0ff,202607225054,student_t_df4,empirical_copula,-60.0,optimal,368.7374374349554,11648.269557631356,-193.2482169047594,-128.8175434337952,0.0,True,1.0,1.0,0.0576171875,0.0,-0.0,1.0,-128.81754343379583,0.0,-0.0,FEASIBLE
CRR-STAGEII-CONFIRM-2026-07-22,21c5b970e734ed79636df2f3882d4d85460c5efa40b88e59b9b9a3f34a25c0ff,202607225055,student_t_df4,empirical_copula,-60.0,optimal,378.191438784434,17080.146492594024,-152.25024344210053,-140.10824399982167,0.0,True,0.5179987111518519,1.9305067338417543,0.072265625,0.5948649333311627,-23.463170270245097,0.40513506666883725,-116.64507372957655,0.0,-0.0,FEASIBLE
CRR-STAGEII-CONFIRM-2026-07-22,21c5b970e734ed79636df2f3882d4d85460c5efa40b88e59b9b9a3f34a25c0ff,202607225056,student_t_df4,empirical_copula,-60.0,optimal,380.79518730658276,23918.415158657524,-124.32841483628681,-43.97008320332645,16.029916796673547,False,1.0,1.0,0.06306966145833333,1.0,-43.97008320332634,0.0,-0.0,0.0,-0.0,TRUE_LAW_RISK_VIOLATION
CRR-STAGEII-CONFIRM-2026-07-22,21c5b970e734ed79636df2f3882d4d85460c5efa40b88e59b9b9a3f34a25c0ff,202607225057,student_t_df4,empirical_copula,-60.0,optimal,375.9455262966412,19332.953065787442,-143.14522462789515,-104.17418397107609,0.0,True,0.6030355537574241,1.6582770182771975,0.059895833333333336,0.7269752781223365,-23.32580480203504,0.27302472187766347,-80.84837916904104,0.0,-0.0,FEASIBLE
CRR-STAGEII-CONFIRM-2026-07-22,21c5b970e734ed79636df2f3882d4d85460c5efa40b88e59b9b9a3f34a25c0ff,202607225058,student_t_df4,empirical_copula,-60.0,optimal,374.6210133421157,20141.468774817095,-138.04693583027054,-91.85037490958044,0.0,True,0.6811412042820624,1.4681243679187221,0.06494140625,0.8009495009815288,-35.671076521096076,0.19905049901847116,-56.17929838848431,0.0,-0.0,FEASIBLE
CRR-STAGEII-CONFIRM-2026-07-22,21c5b970e734ed79636df2f3882d4d85460c5efa40b88e59b9b9a3f34a25c0ff,202607225059,student_t_df4,empirical_copula,-60.0,optimal,367.04477304928525,11451.455186884812,-193.2482169047594,-137.11842774600532,0.0,True,1.0,1.0,0.063720703125,0.0,-0.0,1.0,-137.1184277460055,0.0,-0.0,FEASIBLE
CRR-STAGEII-CONFIRM-2026-07-22,21c5b970e734ed79636df2f3882d4d85460c5efa40b88e59b9b9a3f34a25c0ff,202607225060,student_t_df4,empirical_copula,-60.0,optimal,372.5615768556693,17434.55942213843,-147.75502781957144,-124.85596055608448,0.0,True,0.5512568444406183,1.8140364334428152,0.060709635416666664,0.6600887947993523,-28.277065788351948,0.3399112052006477,-96.57889476773252,0.0,-0.0,FEASIBLE
CRR-STAGEII-CONFIRM-2026-07-22,21c5b970e734ed79636df2f3882d4d85460c5efa40b88e59b9b9a3f34a25c0ff,202607225061,student_t_df4,empirical_copula,-60.0,optimal,370.34467281482824,17861.749724875513,-148.27347899182246,-121.72053359533354,0.0,True,0.5465529312518211,1.8296489558835716,0.060139973958333336,0.6525662663432208,-15.76825376260391,0.3474337336567792,-105.95227983272966,0.0,-0.0,FEASIBLE
CRR-STAGEII-CONFIRM-2026-07-22,21c5b970e734ed79636df2f3882d4d85460c5efa40b88e59b9b9a3f34a25c0ff,202607225062,student_t_df4,empirical_copula,-60.0,optimal,371.42071251133575,17413.48536677381,-146.83398258764447,-121.98137418663907,0.0,True,0.5601717540849915,1.78516676841988,0.06282552083333333,0.6734528092666584,-29.611776056968832,0.3265471907333416,-92.36959812967021,0.0,-0.0,FEASIBLE
CRR-STAGEII-CONFIRM-2026-07-22,21c5b970e734ed79636df2f3882d4d85460c5efa40b88e59b9b9a3f34a25c0ff,202607225063,student_t_df4,empirical_copula,-60.0,optimal,374.3791474414463,20534.121617733377,-137.96780058907657,-84.33923005077666,0.0,True,0.6825260686054304,1.4651455028571252,0.058024088541666664,0.8020977231008456,-25.736191428037248,0.1979022768991544,-58.60303862273937,0.0,-0.0,FEASIBLE
CRR-STAGEII-CONFIRM-2026-07-22,21c5b970e734ed79636df2f3882d4d85460c5efa40b88e59b9b9a3f34a25c0ff,202607225064,student_t_df4,empirical_copula,-60.0,optimal,374.7458612342931,17021.085799690605,-149.47455416245705,-132.55513071587995,0.0,True,0.5365251659084633,1.8638454699636777,0.059488932291666664,0.635139124439341,-31.880823839837873,0.36486087556065905,-100.67430687604198,0.0,-0.0,FEASIBLE
CRR-STAGEII-CONFIRM-2026-07-22,21c5b970e734ed79636df2f3882d4d85460c5efa40b88e59b9b9a3f34a25c0ff,202607225001,student_t_df4,empirical_copula,-45.0,optimal,376.41206844919856,23884.545901116842,-124.32841483628681,-41.14056448385604,3.859435516143961,False,1.0,1.0,0.06282552083333333,1.0,-41.14056448385589,0.0,-0.0,0.0,-0.0,TRUE_LAW_RISK_VIOLATION
CRR-STAGEII-CONFIRM-2026-07-22,21c5b970e734ed79636df2f3882d4d85460c5efa40b88e59b9b9a3f34a25c0ff,202607225002,student_t_df4,empirical_copula,-45.0,optimal,374.64782545546325,21107.129315409133,-133.94387582870425,-75.70466397068571,0.0,True,0.7598964684671234,1.3159687424488464,0.060791015625,0.8604833341966889,-35.887720838182574,0.13951666580331112,-39.81694313250306,0.0,-0.0,FEASIBLE
CRR-STAGEII-CONFIRM-2026-07-22,21c5b970e734ed79636df2f3882d4d85460c5efa40b88e59b9b9a3f34a25c0ff,202607225003,student_t_df4,empirical_copula,-45.0,optimal,368.2145285077987,23720.0135376054,-126.51360037933168,-35.178146724420344,9.821853275579656,False,0.9385981522477798,1.0654186752926942,0.06705729166666667,0.9682937925318783,-25.589165069012058,0.031706207468121694,-9.588981655408181,0.0,-0.0,TRUE_LAW_RISK_VIOLATION
CRR-STAGEII-CONFIRM-2026-07-22,21c5b970e734ed79636df2f3882d4d85460c5efa40b88e59b9b9a3f34a25c0ff,202607225004,student_t_df4,empirical_copula,-45.0,optimal,367.58761546521583,11609.430147482557,-193.2482169047594,-133.95618610325863,0.0,True,1.0,1.0,0.060872395833333336,0.0,-0.0,1.0,-133.956186103259,0.0,-0.0,FEASIBLE
CRR-STAGEII-CONFIRM-2026-07-22,21c5b970e734ed79636df2f3882d4d85460c5efa40b88e59b9b9a3f34a25c0ff,202607225005,student_t_df4,empirical_copula,-45.0,optimal,376.16649046699877,21764.098427931847,-134.4666352720248,-68.97700566336057,0.0,True,0.7490744123429411,1.3349808557366396,0.061767578125,0.8528982943731389,-24.952892180949362,0.1471017056268611,-44.02411348241113,0.0,-0.0,FEASIBLE
CRR-STAGEII-CONFIRM-2026-07-22,21c5b970e734ed79636df2f3882d4d85460c5efa40b88e59b9b9a3f34a25c0ff,202607225006,student_t_df4,empirical_copula,-45.0,optimal,373.5850405108287,20451.355469475795,-140.292336471001,-92.95599965836738,0.0,True,0.6440444795226232,1.552687790665044,0.062093098958333336,0.7683695954487236,-24.219163966092562,0.23163040455127631,-68.73683569227478,0.0,-0.0,FEASIBLE
CRR-STAGEII-CONFIRM-2026-07-22,21c5b970e734ed79636df2f3882d4d85460c5efa40b88e59b9b9a3f34a25c0ff,202607225007,student_t_df4,empirical_copula,-45.0,optimal,371.03529919983805,21855.543786322494,-131.50681891998863,-58.70445383755171,0.0,True,0.8133851013683859,1.2294299444600907,0.06396484375,0.8958440989634593,-27.730224389008722,0.10415590103654071,-30.974229448542903,0.0,-0.0,FEASIBLE
CRR-STAGEII-CONFIRM-2026-07-22,21c5b970e734ed79636df2f3882d4d85460c5efa40b88e59b9b9a3f34a25c0ff,202607225008,student_t_df4,empirical_copula,-45.0,optimal,372.75660324857085,19034.650485023532,-145.10133236793303,-113.51412966847144,0.0,True,0.5788782815019664,1.7274788706969362,0.063720703125,0.6985929020659681,-25.973151964250203,0.30140709793403186,-87.54097770422123,0.0,-0.0,FEASIBLE
CRR-STAGEII-CONFIRM-2026-07-22,21c5b970e734ed79636df2f3882d4d85460c5efa40b88e59b9b9a3f34a25c0ff,202607225009,student_t_df4,empirical_copula,-45.0,optimal,377.27504508931804,21756.896686343636,-130.6083222709615,-76.70215911563858,0.0,True,0.8343672496360595,1.1985130054375785,0.06575520833333333,0.9088809421066598,-52.307709715758975,0.09111905789334018,-24.394449399879544,0.0,-0.0,FEASIBLE
CRR-STAGEII-CONFIRM-2026-07-22,21c5b970e734ed79636df2f3882d4d85460c5efa40b88e59b9b9a3f34a25c0ff,202607225010,student_t_df4,empirical_copula,-45.0,optimal,375.95768701971093,21799.68652613882,-131.19517843073055,-70.00561526762232,0.0,True,0.8205856812021302,1.2186417858705918,0.061686197916666664,0.9003658834129915,-42.13676492859526,0.09963411658700838,-27.868850339026977,0.0,-0.0,FEASIBLE
CRR-STAGEII-CONFIRM-2026-07-22,21c5b970e734ed79636df2f3882d4d85460c5efa40b88e59b9b9a3f34a25c0ff,202607225011,student_t_df4,empirical_copula,-45.0,optimal,372.0475376791155,18333.703405157194,-146.8018426924383,-120.64093121326196,0.0,True,0.5604957392948344,1.7841348825561287,0.064453125,0.6739191468683573,-26.96266738205337,0.3260808531316427,-93.67826383120855,0.0,-0.0,FEASIBLE
CRR-STAGEII-CONFIRM-2026-07-22,21c5b970e734ed79636df2f3882d4d85460c5efa40b88e59b9b9a3f34a25c0ff,202607225012,student_t_df4,empirical_copula,-45.0,optimal,375.3093056608253,20270.044675262554,-137.8721912951329,-86.61830808304339,0.0,True,0.6842062630541887,1.4615475683256067,0.059326171875,0.8034849774323176,-29.4182642707309,0.19651502256768236,-57.2000438123124,0.0,-0.0,FEASIBLE
CRR-STAGEII-CONFIRM-2026-07-22,21c5b970e734ed79636df2f3882d4d85460c5efa40b88e59b9b9a3f34a25c0ff,202607225013,student_t_df4,empirical_copula,-45.0,optimal,373.54371442530925,18816.340316083522,-142.11817597050376,-102.03798268560834,0.0,True,0.6170093163015196,1.6207210711083022,0.059326171875,0.7418773617988251,-26.74277285322743,0.25812263820117487,-75.29520983238086,0.0,-0.0,FEASIBLE
CRR-STAGEII-CONFIRM-2026-07-22,21c5b970e734ed79636df2f3882d4d85460c5efa40b88e59b9b9a3f34a25c0ff,202607225014,student_t_df4,empirical_copula,-45.0,optimal,376.7600259901383,22108.1628234825,-130.76039439270056,-66.71951359937133,0.0,True,0.8307681900719182,1.2037052115746412,0.06315104166666667,0.9066744337132089,-40.37964074522994,0.09332556628679112,-26.339872854141294,0.0,-0.0,FEASIBLE
CRR-STAGEII-CONFIRM-2026-07-22,21c5b970e734ed79636df2f3882d4d85460c5efa40b88e59b9b9a3f34a25c0ff,202607225015,student_t_df4,empirical_copula,-45.0,optimal,375.30444267623795,19867.796320014197,-140.96081333853525,-95.52857620251845,0.0,True,0.6338205979862035,1.5777335150943883,0.06103515625,0.7586702514652618,-23.913438695740332,0.2413297485347382,-71.61513750677808,0.0,-0.0,FEASIBLE
CRR-STAGEII-CONFIRM-2026-07-22,21c5b970e734ed79636df2f3882d4d85460c5efa40b88e59b9b9a3f34a25c0ff,202607225016,student_t_df4,empirical_copula,-45.0,optimal,371.4503539882617,18893.923678642583,-142.5822042611874,-106.7456595642162,0.0,True,0.6105858610042223,1.6377713010833783,0.064697265625,0.7351444885641829,-31.492322291870757,0.26485551143581704,-75.25333727234539,0.0,-0.0,FEASIBLE
CRR-STAGEII-CONFIRM-2026-07-22,21c5b970e734ed79636df2f3882d4d85460c5efa40b88e59b9b9a3f34a25c0ff,202607225017,student_t_df4,empirical_copula,-45.0,optimal,368.85215370007376,12664.083189685663,-193.2482169047594,-120.5166591215851,0.0,True,1.0,1.0,0.060872395833333336,0.0,-0.0,1.0,-120.5166591215856,0.0,-0.0,FEASIBLE
CRR-STAGEII-CONFIRM-2026-07-22,21c5b970e734ed79636df2f3882d4d85460c5efa40b88e59b9b9a3f34a25c0ff,202607225018,student_t_df4,empirical_copula,-45.0,optimal,373.80967766481984,23743.12062954587,-128.1612387263606,-48.267833716418494,0.0,True,0.8949599484364881,1.1173684383832136,0.06339518229166667,0.9443871895298559,-31.905002867453174,0.0556128104701441,-16.362830848965213,0.0,-0.0,FEASIBLE
CRR-STAGEII-CONFIRM-2026-07-22,21c5b970e734ed79636df2f3882d4d85460c5efa40b88e59b9b9a3f34a25c0ff,202607225019,student_t_df4,empirical_copula,-45.0,optimal,379.2197509182055,23871.233189821334,-124.32841483628681,-47.93140941058506,0.0,True,1.0,1.0,0.05908203125,1.0,-47.93140941058497,0.0,-0.0,0.0,-0.0,FEASIBLE
CRR-STAGEII-CONFIRM-2026-07-22,21c5b970e734ed79636df2f3882d4d85460c5efa40b88e59b9b9a3f34a25c0ff,202607225020,student_t_df4,empirical_copula,-45.0,optimal,374.06549307271894,19588.781542797497,-138.197728891572,-89.12028996571654,0.0,True,0.6785169290302284,1.473802579147512,0.059814453125,0.7987615512664142,-31.05341249773942,0.20123844873358576,-58.066877467977044,0.0,-0.0,FEASIBLE
CRR-STAGEII-CONFIRM-2026-07-22,21c5b970e734ed79636df2f3882d4d85460c5efa40b88e59b9b9a3f34a25c0ff,202607225021,student_t_df4,empirical_copula,-45.0,optimal,371.573568824286,18721.909752244715,-142.90232508380276,-107.1365030345322,0.0,True,0.606260184415496,1.6494568267980754,0.061360677083333336,0.7304996577172035,-30.053168273749264,0.2695003422827965,-77.08333476078289,0.0,-0.0,FEASIBLE
CRR-STAGEII-CONFIRM-2026-07-22,21c5b970e734ed79636df2f3882d4d85460c5efa40b88e59b9b9a3f34a25c0ff,202607225022,student_t_df4,empirical_copula,-45.0,optimal,377.2280726595026,20296.725090123637,-139.0073421044576,-96.71753316421731,0.0,True,0.6647545004189166,1.5043147498359433,0.062255859375,0.7870143728273173,-37.27733373591947,0.21298562717268266,-59.44019942829777,0.0,-0.0,FEASIBLE
CRR-STAGEII-CONFIRM-2026-07-22,21c5b970e734ed79636df2f3882d4d85460c5efa40b88e59b9b9a3f34a25c0ff,202607225023,student_t_df4,empirical_copula,-45.0,optimal,374.8613466836422,20383.39548760658,-137.36587300534995,-84.40946631120352,0.0,True,0.6932323960338447,1.4425176978474308,0.059895833333333336,0.8108314623987126,-29.228391022206452,0.18916853760128738,-55.181075288997,0.0,-0.0,FEASIBLE
CRR-STAGEII-CONFIRM-2026-07-22,21c5b970e734ed79636df2f3882d4d85460c5efa40b88e59b9b9a3f34a25c0ff,202607225024,student_t_df4,empirical_copula,-45.0,optimal,373.4529452206936,19863.544490082455,-138.60361868532829,-94.40627498383859,0.0,True,0.6715483042661945,1.4890961583064481,0.06998697916666667,0.792872245412735,-36.20872671673248,0.20712775458726496,-58.197548267106036,0.0,-0.0,FEASIBLE
CRR-STAGEII-CONFIRM-2026-07-22,21c5b970e734ed79636df2f3882d4d85460c5efa40b88e59b9b9a3f34a25c0ff,202607225025,student_t_df4,empirical_copula,-45.0,optimal,375.2287108743533,22119.153033751845,-131.66932951856145,-67.22395499350635,0.0,True,0.8096626725598957,1.235082255723014,0.060384114583333336,0.8934861322587466,-36.75852383962195,0.10651386774125338,-30.465431153884296,0.0,-0.0,FEASIBLE
CRR-STAGEII-CONFIRM-2026-07-22,21c5b970e734ed79636df2f3882d4d85460c5efa40b88e59b9b9a3f34a25c0ff,202607225026,student_t_df4,empirical_copula,-45.0,optimal,375.28978854717036,21277.290725396506,-133.3206817263351,-69.81368078478354,0.0,True,0.7730984010129209,1.293496401867848,0.06306966145833333,0.8695256425560484,-31.836233235668278,0.13047435744395164,-37.97744754911518,0.0,-0.0,FEASIBLE
CRR-STAGEII-CONFIRM-2026-07-22,21c5b970e734ed79636df2f3882d4d85460c5efa40b88e59b9b9a3f34a25c0ff,202607225027,student_t_df4,empirical_copula,-45.0,optimal,378.34701833847873,21207.434251363586,-134.94207123762743,-83.04968428538729,0.0,True,0.7394318617844542,1.3523896543850877,0.061930338541666664,0.8459999001332618,-40.071213063781926,0.15400009986673824,-42.97847122160528,0.0,-0.0,FEASIBLE
CRR-STAGEII-CONFIRM-2026-07-22,21c5b970e734ed79636df2f3882d4d85460c5efa40b88e59b9b9a3f34a25c0ff,202607225028,student_t_df4,empirical_copula,-45.0,optimal,375.6649536936751,24930.69408861208,-124.32841483628681,-27.558874630397938,17.441125369602062,False,1.0,1.0,0.061442057291666664,1.0,-27.55887463039779,0.0,-0.0,0.0,-0.0,TRUE_LAW_RISK_VIOLATION
CRR-STAGEII-CONFIRM-2026-07-22,21c5b970e734ed79636df2f3882d4d85460c5efa40b88e59b9b9a3f34a25c0ff,202607225029,student_t_df4,empirical_copula,-45.0,optimal,375.33521630911,20972.88899771647,-138.55368706103042,-86.2649548252214,0.0,True,0.6723980846739688,1.4872142303690206,0.06315104166666667,0.7935967342069465,-25.014328446311175,0.20640326579305351,-61.25062637891016,0.0,-0.0,FEASIBLE
CRR-STAGEII-CONFIRM-2026-07-22,21c5b970e734ed79636df2f3882d4d85460c5efa40b88e59b9b9a3f34a25c0ff,202607225030,student_t_df4,empirical_copula,-45.0,infeasible_or_failed,,,,,,,,,,,,,,,,ASSUMED_POLICY_INFEASIBLE
CRR-STAGEII-CONFIRM-2026-07-22,21c5b970e734ed79636df2f3882d4d85460c5efa40b88e59b9b9a3f34a25c0ff,202607225031,student_t_df4,empirical_copula,-45.0,optimal,373.037511221275,22297.62828120053,-129.39503863587078,-51.49657759723445,0.0,True,0.8637792928639316,1.1577031404450753,0.056803385416666664,0.9264852241660498,-29.727301795853116,0.07351477583395016,-21.769275801381223,0.0,-0.0,FEASIBLE
CRR-STAGEII-CONFIRM-2026-07-22,21c5b970e734ed79636df2f3882d4d85460c5efa40b88e59b9b9a3f34a25c0ff,202607225032,student_t_df4,empirical_copula,-45.0,optimal,373.7088092626037,23856.90694620861,-124.32841483628681,-42.83827571553829,2.1617242844617124,False,1.0,1.0,0.06502278645833333,1.0,-42.83827571553815,0.0,-0.0,0.0,-0.0,TRUE_LAW_RISK_VIOLATION
CRR-STAGEII-CONFIRM-2026-07-22,21c5b970e734ed79636df2f3882d4d85460c5efa40b88e59b9b9a3f34a25c0ff,202607225033,student_t_df4,empirical_copula,-45.0,optimal,374.92359025444944,23857.206165354288,-124.32841483628681,-34.349719557126974,10.650280442873026,False,1.0,1.0,0.061848958333333336,1.0,-34.349719557126825,0.0,-0.0,0.0,-0.0,TRUE_LAW_RISK_VIOLATION
CRR-STAGEII-CONFIRM-2026-07-22,21c5b970e734ed79636df2f3882d4d85460c5efa40b88e59b9b9a3f34a25c0ff,202607225034,student_t_df4,empirical_copula,-45.0,optimal,372.6398815358914,20058.350272659074,-139.7132541837424,-95.50655336752894,0.0,True,0.6532053230072714,1.5309122029136741,0.06551106770833333,0.7767718582219582,-31.517254619705653,0.22322814177804184,-63.98929874782323,0.0,-0.0,FEASIBLE
CRR-STAGEII-CONFIRM-2026-07-22,21c5b970e734ed79636df2f3882d4d85460c5efa40b88e59b9b9a3f34a25c0ff,202607225035,student_t_df4,empirical_copula,-45.0,optimal,377.1725914505626,18515.312773174664,-147.82978385746407,-126.22174535706279,0.0,True,0.5505646160589556,1.8163172329493074,0.068359375,0.6590041132470409,-30.841130165447208,0.3409958867529591,-95.38061519161552,0.0,-0.0,FEASIBLE
CRR-STAGEII-CONFIRM-2026-07-22,21c5b970e734ed79636df2f3882d4d85460c5efa40b88e59b9b9a3f34a25c0ff,202607225036,student_t_df4,empirical_copula,-45.0,optimal,378.38987745361874,22418.714593149198,-130.01171836864717,-63.67017921990907,0.0,True,0.8486750222939858,1.1783073305220881,0.059000651041666664,0.917537436820931,-40.34419743918313,0.08246256317906897,-23.32598178072586,0.0,-0.0,FEASIBLE
CRR-STAGEII-CONFIRM-2026-07-22,21c5b970e734ed79636df2f3882d4d85460c5efa40b88e59b9b9a3f34a25c0ff,202607225037,student_t_df4,empirical_copula,-45.0,optimal,370.3865786388257,11663.424603058178,-193.2482169047594,-129.21282363913855,0.0,True,1.0,1.0,0.085693359375,0.0,-0.0,1.0,-129.21282363913917,0.0,-0.0,FEASIBLE
CRR-STAGEII-CONFIRM-2026-07-22,21c5b970e734ed79636df2f3882d4d85460c5efa40b88e59b9b9a3f34a25c0ff,202607225038,student_t_df4,empirical_copula,-45.0,optimal,377.84427559868766,22853.224628549095,-124.32841483628681,-47.93140941058506,0.0,True,1.0,1.0,0.08846028645833333,1.0,-47.93140941058497,0.0,-0.0,0.0,-0.0,FEASIBLE
CRR-STAGEII-CONFIRM-2026-07-22,21c5b970e734ed79636df2f3882d4d85460c5efa40b88e59b9b9a3f34a25c0ff,202607225039,student_t_df4,empirical_copula,-45.0,optimal,375.9493463410599,18836.649229216022,-142.75936728937484,-104.41646144563816,0.0,True,0.6081812571824505,1.6442466586897897,0.059326171875,0.7325739207031289,-26.407407704232554,0.2674260792968711,-78.00905374140557,0.0,-0.0,FEASIBLE
CRR-STAGEII-CONFIRM-2026-07-22,21c5b970e734ed79636df2f3882d4d85460c5efa40b88e59b9b9a3f34a25c0ff,202607225040,student_t_df4,empirical_copula,-45.0,optimal,378.34127697865546,23331.59874401726,-125.07324887224908,-48.210810952162745,0.0,True,0.9786190789655251,1.0218480525201656,0.060139973958333336,0.9891927426718048,-45.17425082893834,0.010807257328195208,-3.0365601232242914,0.0,-0.0,FEASIBLE
CRR-STAGEII-CONFIRM-2026-07-22,21c5b970e734ed79636df2f3882d4d85460c5efa40b88e59b9b9a3f34a25c0ff,202607225041,student_t_df4,empirical_copula,-45.0,optimal,375.9761979088761,19978.266269734024,-140.57509664028638,-98.01632976910179,0.0,True,0.6396739396218538,1.5632964516127617,0.063232421875,0.7642668534094408,-30.144865344529066,0.23573314659055922,-67.87146442457265,0.0,-0.0,FEASIBLE
CRR-STAGEII-CONFIRM-2026-07-22,21c5b970e734ed79636df2f3882d4d85460c5efa40b88e59b9b9a3f34a25c0ff,202607225042,student_t_df4,empirical_copula,-45.0,optimal,373.7912610173279,19180.80444537685,-141.28574554082596,-101.93531371275736,0.0,True,0.6289869030276423,1.5898582230988882,0.057047526041666664,0.7539556093371853,-31.871491968009057,0.2460443906628147,-70.06382174474822,0.0,-0.0,FEASIBLE
CRR-STAGEII-CONFIRM-2026-07-22,21c5b970e734ed79636df2f3882d4d85460c5efa40b88e59b9b9a3f34a25c0ff,202607225043,student_t_df4,empirical_copula,-45.0,optimal,375.5695434993068,20764.687837607704,-138.04576931920326,-89.22510812617695,0.0,True,0.6811615798945874,1.4680804518580661,0.06722005208333333,0.8009664266114971,-32.04567112430809,0.19903357338850294,-57.17943700186876,0.0,-0.0,FEASIBLE
CRR-STAGEII-CONFIRM-2026-07-22,21c5b970e734ed79636df2f3882d4d85460c5efa40b88e59b9b9a3f34a25c0ff,202607225044,student_t_df4,empirical_copula,-45.0,optimal,373.41436051427524,22746.691139957322,-130.41916728571815,-55.88017961641161,0.0,True,0.83887111879799,1.192078231794283,0.06754557291666667,0.9116255086835545,-29.766403699223062,0.08837449131644537,-26.113775917188462,0.0,-0.0,FEASIBLE
CRR-STAGEII-CONFIRM-2026-07-22,21c5b970e734ed79636df2f3882d4d85460c5efa40b88e59b9b9a3f34a25c0ff,202607225045,student_t_df4,empirical_copula,-45.0,optimal,374.44719689420396,21424.467672347673,-132.32950837073378,-72.13129724181965,0.0,True,0.7947694600051456,1.2582265050717043,0.06648763020833333,0.883907189308266,-39.36567904558723,0.11609281069173405,-32.76561819623234,0.0,-0.0,FEASIBLE
CRR-STAGEII-CONFIRM-2026-07-22,21c5b970e734ed79636df2f3882d4d85460c5efa40b88e59b9b9a3f34a25c0ff,202607225046,student_t_df4,empirical_copula,-45.0,optimal,375.3990914051767,17882.3831187585,-148.54513139324996,-127.91274765229109,0.0,True,0.5441785991978103,1.8376319860320296,0.06770833333333333,0.6486246937722838,-28.520081752899387,0.3513753062277162,-99.39266589939169,0.0,-0.0,FEASIBLE
CRR-STAGEII-CONFIRM-2026-07-22,21c5b970e734ed79636df2f3882d4d85460c5efa40b88e59b9b9a3f34a25c0ff,202607225047,student_t_df4,empirical_copula,-45.0,optimal,378.6200884953213,22802.985043781973,-128.75246676396608,-49.034854668196786,0.0,True,0.8798584399926994,1.136546465370381,0.057861328125,0.9358086965588798,-30.02645570611266,0.06419130344112023,-19.008398962084023,0.0,-0.0,FEASIBLE
CRR-STAGEII-CONFIRM-2026-07-22,21c5b970e734ed79636df2f3882d4d85460c5efa40b88e59b9b9a3f34a25c0ff,202607225048,student_t_df4,empirical_copula,-45.0,optimal,376.77857665357806,22106.683221209143,-132.18612973624167,-64.33651790757277,0.0,True,0.7979727906687188,1.2531755614899824,0.057698567708333336,0.8859875585227579,-30.934807842771836,0.11401244147724217,-33.40171006480084,0.0,-0.0,FEASIBLE
CRR-STAGEII-CONFIRM-2026-07-22,21c5b970e734ed79636df2f3882d4d85460c5efa40b88e59b9b9a3f34a25c0ff,202607225049,student_t_df4,empirical_copula,-45.0,optimal,375.97778576164995,22241.00933947876,-131.74489890044566,-58.750636739892585,0.0,True,0.807939273905953,1.2377167842894137,0.061848958333333336,0.8923896493958225,-26.61328104358582,0.10761035060417745,-32.13735569630668,0.0,-0.0,FEASIBLE
CRR-STAGEII-CONFIRM-2026-07-22,21c5b970e734ed79636df2f3882d4d85460c5efa40b88e59b9b9a3f34a25c0ff,202607225050,student_t_df4,empirical_copula,-45.0,optimal,378.5252022869362,23322.08468406875,-129.89785326862497,-56.23791354276028,0.0,True,0.8514398011278803,1.1744811537766098,0.06689453125,0.9191895759247123,-32.614249797576626,0.08081042407528771,-23.62366374518354,0.0,-0.0,FEASIBLE
CRR-STAGEII-CONFIRM-2026-07-22,21c5b970e734ed79636df2f3882d4d85460c5efa40b88e59b9b9a3f34a25c0ff,202607225051,student_t_df4,empirical_copula,-45.0,optimal,372.3364229215555,19297.607056239416,-142.22370224806372,-103.44979502814559,0.0,True,0.6155326069213163,1.6246093038054608,0.062174479166666664,0.7403462158234619,-28.36343775590223,0.25965378417653806,-75.08635727224332,0.0,-0.0,FEASIBLE
CRR-STAGEII-CONFIRM-2026-07-22,21c5b970e734ed79636df2f3882d4d85460c5efa40b88e59b9b9a3f34a25c0ff,202607225052,student_t_df4,empirical_copula,-45.0,optimal,372.9281399731544,24737.85435688554,-124.32841483628681,-30.95429709376245,14.045702906237551,False,1.0,1.0,0.062093098958333336,1.0,-30.954297093762307,0.0,-0.0,0.0,-0.0,TRUE_LAW_RISK_VIOLATION
CRR-STAGEII-CONFIRM-2026-07-22,21c5b970e734ed79636df2f3882d4d85460c5efa40b88e59b9b9a3f34a25c0ff,202607225053,student_t_df4,empirical_copula,-45.0,optimal,366.6580965928195,11446.115166551079,-193.2482169047594,-133.5609058979153,0.0,True,1.0,1.0,0.06673177083333333,0.0,-0.0,1.0,-133.56090589791575,0.0,-0.0,FEASIBLE
CRR-STAGEII-CONFIRM-2026-07-22,21c5b970e734ed79636df2f3882d4d85460c5efa40b88e59b9b9a3f34a25c0ff,202607225054,student_t_df4,empirical_copula,-45.0,optimal,368.7374374349554,11648.269557631356,-193.2482169047594,-128.8175434337952,0.0,True,1.0,1.0,0.0576171875,0.0,-0.0,1.0,-128.81754343379583,0.0,-0.0,FEASIBLE
CRR-STAGEII-CONFIRM-2026-07-22,21c5b970e734ed79636df2f3882d4d85460c5efa40b88e59b9b9a3f34a25c0ff,202607225055,student_t_df4,empirical_copula,-45.0,optimal,378.9356828317788,18346.997027859627,-146.617332812306,-119.8001489391428,0.0,True,0.5623725167627232,1.7781807790972137,0.072265625,0.6765963147445653,-26.686889153431363,0.3234036852554347,-93.1132597857114,0.0,-0.0,FEASIBLE
CRR-STAGEII-CONFIRM-2026-07-22,21c5b970e734ed79636df2f3882d4d85460c5efa40b88e59b9b9a3f34a25c0ff,202607225056,student_t_df4,empirical_copula,-45.0,optimal,380.79518730658276,23918.415158657524,-124.32841483628681,-43.97008320332645,1.0299167966735467,False,1.0,1.0,0.06306966145833333,1.0,-43.97008320332634,0.0,-0.0,0.0,-0.0,TRUE_LAW_RISK_VIOLATION
CRR-STAGEII-CONFIRM-2026-07-22,21c5b970e734ed79636df2f3882d4d85460c5efa40b88e59b9b9a3f34a25c0ff,202607225057,student_t_df4,empirical_copula,-45.0,optimal,376.4908453678149,20573.33745647489,-138.33231349627394,-85.73569606619378,0.0,True,0.676190903847081,1.4788723041239662,0.059895833333333336,0.796808780064776,-25.56648984865606,0.20319121993522404,-60.16920621753768,0.0,-0.0,FEASIBLE
CRR-STAGEII-CONFIRM-2026-07-22,21c5b970e734ed79636df2f3882d4d85460c5efa40b88e59b9b9a3f34a25c0ff,202607225058,student_t_df4,empirical_copula,-45.0,optimal,375.10830211673954,21237.109511972405,-133.79310469829213,-77.1791565914354,0.0,True,0.7630604587278598,1.3105121469236596,0.06494140625,0.862670965702977,-38.41990286829382,0.13732903429702303,-38.759253723141505,0.0,-0.0,FEASIBLE
CRR-STAGEII-CONFIRM-2026-07-22,21c5b970e734ed79636df2f3882d4d85460c5efa40b88e59b9b9a3f34a25c0ff,202607225059,student_t_df4,empirical_copula,-45.0,optimal,367.04477304928525,11451.455186884812,-193.2482169047594,-137.11842774600532,0.0,True,1.0,1.0,0.063720703125,0.0,-0.0,1.0,-137.1184277460055,0.0,-0.0,FEASIBLE
CRR-STAGEII-CONFIRM-2026-07-22,21c5b970e734ed79636df2f3882d4d85460c5efa40b88e59b9b9a3f34a25c0ff,202607225060,student_t_df4,empirical_copula,-45.0,optimal,373.19042994925576,18800.418572537073,-141.72246645733838,-103.73567667458963,0.0,True,0.622630294414295,1.6060895349473716,0.060709635416666664,0.7476189556700931,-32.02670695315815,0.25238104432990693,-71.70896972143144,0.0,-0.0,FEASIBLE
CRR-STAGEII-CONFIRM-2026-07-22,21c5b970e734ed79636df2f3882d4d85460c5efa40b88e59b9b9a3f34a25c0ff,202607225061,student_t_df4,empirical_copula,-45.0,optimal,370.69406598091854,18930.41725908295,-143.91424117080703,-103.96010846939734,0.0,True,0.5931540774379997,1.6859025977184257,0.060139973958333336,0.7158171418562481,-17.296613267585922,0.2841828581437519,-86.66349520181143,0.0,-0.0,FEASIBLE
CRR-STAGEII-CONFIRM-2026-07-22,21c5b970e734ed79636df2f3882d4d85460c5efa40b88e59b9b9a3f34a25c0ff,202607225062,student_t_df4,empirical_copula,-45.0,optimal,371.76282138484976,18191.545090947202,-143.14115189732195,-109.18087554036607,0.0,True,0.6030892120363696,1.6581294774340858,0.06282552083333333,0.7270343718871325,-31.96776182355532,0.2729656281128675,-77.21311371681071,0.0,-0.0,FEASIBLE
CRR-STAGEII-CONFIRM-2026-07-22,21c5b970e734ed79636df2f3882d4d85460c5efa40b88e59b9b9a3f34a25c0ff,202607225063,student_t_df4,empirical_copula,-45.0,optimal,374.764763963005,21631.647882093777,-134.0474111986804,-69.32003472794521,0.0,True,0.7577348251770946,1.3197228987941583,0.058024088541666664,0.8589810755298214,-27.56135662302256,0.1410189244701786,-41.758678104922566,0.0,-0.0,FEASIBLE
CRR-STAGEII-CONFIRM-2026-07-22,21c5b970e734ed79636df2f3882d4d85460c5efa40b88e59b9b9a3f34a25c0ff,202607225064,student_t_df4,empirical_copula,-45.0,optimal,375.35095476902546,18028.27698721451,-144.75267078601522,-117.08974209634161,0.0,True,0.5829481507359457,1.7154184274151056,0.059488932291666664,0.703651848427587,-35.31982169119022,0.296348151572413,-81.76992040515132,0.0,-0.0,FEASIBLE
CRR-STAGEII-CONFIRM-2026-07-22,21c5b970e734ed79636df2f3882d4d85460c5efa40b88e59b9b9a3f34a25c0ff,202607225001,student_t_df4,empirical_copula,-30.0,optimal,376.41206844919856,23884.545901116842,-124.32841483628681,-41.14056448385604,0.0,True,1.0,1.0,0.06282552083333333,1.0,-41.14056448385589,0.0,-0.0,0.0,-0.0,FEASIBLE
CRR-STAGEII-CONFIRM-2026-07-22,21c5b970e734ed79636df2f3882d4d85460c5efa40b88e59b9b9a3f34a25c0ff,202607225002,student_t_df4,empirical_copula,-30.0,optimal,375.0309478898667,22065.74541304782,-130.4091161841418,-63.20651641490734,0.0,True,0.8391112833132388,1.1917370435676786,0.060791015625,0.9117713463278126,-38.02676268659374,0.08822865367218735,-25.179753728313496,0.0,-0.0,FEASIBLE
CRR-STAGEII-CONFIRM-2026-07-22,21c5b970e734ed79636df2f3882d4d85460c5efa40b88e59b9b9a3f34a25c0ff,202607225003,student_t_df4,empirical_copula,-30.0,optimal,368.30171832667105,24407.78544420786,-124.32841483628681,-26.427067142609758,3.572932857390242,False,1.0,1.0,0.06705729166666667,1.0,-26.42706714260962,0.0,-0.0,0.0,-0.0,TRUE_LAW_RISK_VIOLATION
CRR-STAGEII-CONFIRM-2026-07-22,21c5b970e734ed79636df2f3882d4d85460c5efa40b88e59b9b9a3f34a25c0ff,202607225004,student_t_df4,empirical_copula,-30.0,optimal,367.58761546521583,11609.430147482557,-193.2482169047594,-133.95618610325863,0.0,True,1.0,1.0,0.060872395833333336,0.0,-0.0,1.0,-133.956186103259,0.0,-0.0,FEASIBLE
CRR-STAGEII-CONFIRM-2026-07-22,21c5b970e734ed79636df2f3882d4d85460c5efa40b88e59b9b9a3f34a25c0ff,202607225005,student_t_df4,empirical_copula,-30.0,optimal,376.57832335066576,23184.70856625959,-129.6584775069374,-50.139178442043544,0.0,True,0.8572877302883983,1.166469511541466,0.061767578125,0.9226628267830034,-26.99396421352643,0.07733717321699662,-23.145214228517013,0.0,-0.0,FEASIBLE
CRR-STAGEII-CONFIRM-2026-07-22,21c5b970e734ed79636df2f3882d4d85460c5efa40b88e59b9b9a3f34a25c0ff,202607225006,student_t_df4,empirical_copula,-30.0,optimal,374.07652203752764,21799.39181526323,-135.39130879918204,-74.09481022444689,0.0,True,0.730495560635304,1.368933712793971,0.062093098958333336,0.8394816347280837,-26.4606297261533,0.16051836527191615,-47.634180498293524,0.0,-0.0,FEASIBLE
CRR-STAGEII-CONFIRM-2026-07-22,21c5b970e734ed79636df2f3882d4d85460c5efa40b88e59b9b9a3f34a25c0ff,202607225007,student_t_df4,empirical_copula,-30.0,optimal,371.348591731285,22948.87019417716,-127.85864176387358,-44.601390436431956,0.0,True,0.9028029483106479,1.1076614247563437,0.06396484375,0.948777755860653,-29.368748530863737,0.05122224413934695,-15.232641905568105,0.0,-0.0,FEASIBLE
CRR-STAGEII-CONFIRM-2026-07-22,21c5b970e734ed79636df2f3882d4d85460c5efa40b88e59b9b9a3f34a25c0ff,202607225008,student_t_df4,empirical_copula,-30.0,optimal,373.2509957328596,20201.755850930276,-140.4091590662722,-96.2716533129729,0.0,True,0.6422306250684715,1.557073052835786,0.063720703125,0.7666745442186707,-28.504375560107558,0.23332545578132935,-67.7672777528653,0.0,-0.0,FEASIBLE
CRR-STAGEII-CONFIRM-2026-07-22,21c5b970e734ed79636df2f3882d4d85460c5efa40b88e59b9b9a3f34a25c0ff,202607225009,student_t_df4,empirical_copula,-30.0,optimal,377.74408531022766,22723.539759603005,-127.05200336967222,-65.85727316524279,0.0,True,0.9240869225096136,1.0821492823253287,0.06575520833333333,0.9604817708170507,-55.2774288992414,0.03951822918294934,-10.579844266001357,0.0,-0.0,FEASIBLE
CRR-STAGEII-CONFIRM-2026-07-22,21c5b970e734ed79636df2f3882d4d85460c5efa40b88e59b9b9a3f34a25c0ff,202607225010,student_t_df4,empirical_copula,-30.0,optimal,376.29248260760875,22782.189797002786,-127.75795179925544,-58.38961509779814,0.0,True,0.905429825791809,1.1044478230275752,0.061686197916666664,0.9502387287827475,-44.47079423865704,0.04976127121725244,-13.918820859141006,0.0,-0.0,FEASIBLE
CRR-STAGEII-CONFIRM-2026-07-22,21c5b970e734ed79636df2f3882d4d85460c5efa40b88e59b9b9a3f34a25c0ff,202607225011,student_t_df4,empirical_copula,-30.0,optimal,372.36217189976145,19137.052494806896,-143.25704812115583,-107.92260024633853,0.0,True,0.601567734639467,1.6623231972361723,0.064453125,0.7253527619527516,-29.020462389394186,0.27464723804724844,-78.9021378569443,0.0,-0.0,FEASIBLE
CRR-STAGEII-CONFIRM-2026-07-22,21c5b970e734ed79636df2f3882d4d85460c5efa40b88e59b9b9a3f34a25c0ff,202607225012,student_t_df4,empirical_copula,-30.0,optimal,375.7377595903066,21270.751032253258,-134.25494547614124,-73.26307573308722,0.0,True,0.7534290432202957,1.3272650012611862,0.059326171875,0.8559698324439134,-31.33990982517088,0.1440301675560866,-41.923165907916236,0.0,-0.0,FEASIBLE
CRR-STAGEII-CONFIRM-2026-07-22,21c5b970e734ed79636df2f3882d4d85460c5efa40b88e59b9b9a3f34a25c0ff,202607225013,student_t_df4,empirical_copula,-30.0,optimal,373.8598224451756,19630.47401131509,-138.78844264268204,-89.68644303792374,0.0,True,0.6684210762554308,1.4960629392509752,0.059326171875,0.7901905203960243,-28.484338093948722,0.20980947960397567,-61.20210494397495,0.0,-0.0,FEASIBLE
CRR-STAGEII-CONFIRM-2026-07-22,21c5b970e734ed79636df2f3882d4d85460c5efa40b88e59b9b9a3f34a25c0ff,202607225014,student_t_df4,empirical_copula,-30.0,optimal,377.18524578307245,23244.476938080905,-126.82821432364126,-53.1576512523353,0.0,True,0.930088919328413,1.0751660182362646,0.06315104166666667,0.9637288643854364,-42.92061612492936,0.03627113561456363,-10.237035127405832,0.0,-0.0,FEASIBLE
CRR-STAGEII-CONFIRM-2026-07-22,21c5b970e734ed79636df2f3882d4d85460c5efa40b88e59b9b9a3f34a25c0ff,202607225015,student_t_df4,empirical_copula,-30.0,optimal,375.8520315766565,21366.004815514993,-135.36217795936236,-73.98270265742218,0.0,True,0.7310698827487869,1.3678582904277892,0.06103515625,0.8399043120856124,-26.47395260135214,0.16009568791438755,-47.50875005606997,0.0,-0.0,FEASIBLE
CRR-STAGEII-CONFIRM-2026-07-22,21c5b970e734ed79636df2f3882d4d85460c5efa40b88e59b9b9a3f34a25c0ff,202607225016,student_t_df4,empirical_copula,-30.0,optimal,371.8134687668296,19761.778446618853,-138.97083079958534,-94.1020695315242,0.0,True,0.665363262496665,1.5029384042750817,0.064697265625,0.7875441379133514,-33.737032918087955,0.21245586208664854,-60.36503661343619,0.0,-0.0,FEASIBLE
CRR-STAGEII-CONFIRM-2026-07-22,21c5b970e734ed79636df2f3882d4d85460c5efa40b88e59b9b9a3f34a25c0ff,202607225017,student_t_df4,empirical_copula,-30.0,optimal,368.85215370007376,12664.083189685663,-193.2482169047594,-120.5166591215851,0.0,True,1.0,1.0,0.060872395833333336,0.0,-0.0,1.0,-120.5166591215856,0.0,-0.0,FEASIBLE
CRR-STAGEII-CONFIRM-2026-07-22,21c5b970e734ed79636df2f3882d4d85460c5efa40b88e59b9b9a3f34a25c0ff,202607225018,student_t_df4,empirical_copula,-30.0,optimal,374.13908090584647,24976.964358220368,-124.32841483628681,-33.78381581323289,0.0,True,1.0,1.0,0.06339518229166667,1.0,-33.78381581323274,0.0,-0.0,0.0,-0.0,FEASIBLE
CRR-STAGEII-CONFIRM-2026-07-22,21c5b970e734ed79636df2f3882d4d85460c5efa40b88e59b9b9a3f34a25c0ff,202607225019,student_t_df4,empirical_copula,-30.0,optimal,379.2197509182055,23871.233189821334,-124.32841483628681,-47.93140941058506,0.0,True,1.0,1.0,0.05908203125,1.0,-47.93140941058497,0.0,-0.0,0.0,-0.0,FEASIBLE
CRR-STAGEII-CONFIRM-2026-07-22,21c5b970e734ed79636df2f3882d4d85460c5efa40b88e59b9b9a3f34a25c0ff,202607225020,student_t_df4,empirical_copula,-30.0,optimal,374.46318959862833,20838.348902403173,-133.3960623489674,-71.72564695009945,0.0,True,0.771484127690804,1.2962029471600234,0.059814453125,0.8684318985177614,-33.76198307005434,0.13156810148223863,-37.96366388004501,0.0,-0.0,FEASIBLE
CRR-STAGEII-CONFIRM-2026-07-22,21c5b970e734ed79636df2f3882d4d85460c5efa40b88e59b9b9a3f34a25c0ff,202607225021,student_t_df4,empirical_copula,-30.0,optimal,372.11513890173387,20027.941201726288,-137.49456615208592,-87.9219100167704,0.0,True,0.6909177216329421,1.4473503409878685,0.061360677083333336,0.8089641740015678,-33.28124276564072,0.19103582599843216,-54.64066725112961,0.0,-0.0,FEASIBLE
CRR-STAGEII-CONFIRM-2026-07-22,21c5b970e734ed79636df2f3882d4d85460c5efa40b88e59b9b9a3f34a25c0ff,202607225022,student_t_df4,empirical_copula,-30.0,optimal,377.7902249712517,21315.907832573186,-135.14190158044212,-83.72153396440407,0.0,True,0.7354358213807026,1.3597379552747462,0.062255859375,0.8431004381960935,-39.93387858296663,0.15689956180390652,-43.78765538143738,0.0,-0.0,FEASIBLE
CRR-STAGEII-CONFIRM-2026-07-22,21c5b970e734ed79636df2f3882d4d85460c5efa40b88e59b9b9a3f34a25c0ff,202607225023,student_t_df4,empirical_copula,-30.0,optimal,375.22467195436224,21460.57198128894,-133.30715453145578,-69.35377949982461,0.0,True,0.7733885917999479,1.2930110562823889,0.059895833333333336,0.8697219169862316,-31.351240608071546,0.13027808301376842,-38.00253889175296,0.0,-0.0,FEASIBLE
CRR-STAGEII-CONFIRM-2026-07-22,21c5b970e734ed79636df2f3882d4d85460c5efa40b88e59b9b9a3f34a25c0ff,202607225024,student_t_df4,empirical_copula,-30.0,optimal,373.8835504852466,20842.641996113005,-134.6334294922687,-80.85123291177023,0.0,True,0.7456699008367695,1.3410759893591366,0.06998697916666667,0.8504781739543631,-38.83946241960934,0.1495218260456369,-42.01177049216082,0.0,-0.0,FEASIBLE
CRR-STAGEII-CONFIRM-2026-07-22,21c5b970e734ed79636df2f3882d4d85460c5efa40b88e59b9b9a3f34a25c0ff,202607225025,student_t_df4,empirical_copula,-30.0,optimal,375.683394908756,23433.925046529075,-127.1275563184431,-51.08634147907652,0.0,True,0.922070123717504,1.084516214415783,0.060384114583333336,0.9593855263923233,-39.4696621134214,0.04061447360767667,-11.616679365655004,0.0,-0.0,FEASIBLE
CRR-STAGEII-CONFIRM-2026-07-22,21c5b970e734ed79636df2f3882d4d85460c5efa40b88e59b9b9a3f34a25c0ff,202607225026,student_t_df4,empirical_copula,-30.0,optimal,375.6073615553146,22418.189767910688,-129.32020767096986,-55.043531562724965,0.0,True,0.8656339079058539,1.1552227689638512,0.06306966145833333,0.927570992880629,-33.961467065170105,0.07242900711937095,-21.082064497554747,0.0,-0.0,FEASIBLE
CRR-STAGEII-CONFIRM-2026-07-22,21c5b970e734ed79636df2f3882d4d85460c5efa40b88e59b9b9a3f34a25c0ff,202607225027,student_t_df4,empirical_copula,-30.0,optimal,378.81694742250306,22090.121413292458,-131.7297739657718,-72.24961828638172,0.0,True,0.8082838208879359,1.2371891830043749,0.061930338541666664,0.8926091064200726,-42.27888168827983,0.10739089357992737,-29.970736598101798,0.0,-0.0,FEASIBLE
CRR-STAGEII-CONFIRM-2026-07-22,21c5b970e734ed79636df2f3882d4d85460c5efa40b88e59b9b9a3f34a25c0ff,202607225028,student_t_df4,empirical_copula,-30.0,optimal,375.6649536936751,24930.69408861208,-124.32841483628681,-27.558874630397938,2.4411253696020623,False,1.0,1.0,0.061442057291666664,1.0,-27.55887463039779,0.0,-0.0,0.0,-0.0,TRUE_LAW_RISK_VIOLATION
CRR-STAGEII-CONFIRM-2026-07-22,21c5b970e734ed79636df2f3882d4d85460c5efa40b88e59b9b9a3f34a25c0ff,202607225029,student_t_df4,empirical_copula,-30.0,optimal,375.7374680082744,22095.16526512099,-134.56173945666401,-70.90228294944815,0.0,True,0.7471303274673529,1.3384545684149018,0.06315104166666667,0.8515183689847181,-26.840030007351917,0.1484816310152818,-44.06225294209615,0.0,-0.0,FEASIBLE
CRR-STAGEII-CONFIRM-2026-07-22,21c5b970e734ed79636df2f3882d4d85460c5efa40b88e59b9b9a3f34a25c0ff,202607225030,student_t_df4,empirical_copula,-30.0,infeasible_or_failed,,,,,,,,,,,,,,,,ASSUMED_POLICY_INFEASIBLE
CRR-STAGEII-CONFIRM-2026-07-22,21c5b970e734ed79636df2f3882d4d85460c5efa40b88e59b9b9a3f34a25c0ff,202607225031,student_t_df4,empirical_copula,-30.0,optimal,373.26426148738085,23363.29941649817,-125.8356387171002,-37.86034984316345,0.0,True,0.9572180420820025,1.044694057191969,0.056803385416666664,0.9781307572631165,-31.384405771975523,0.02186924273688351,-6.475944071187807,0.0,-0.0,FEASIBLE
CRR-STAGEII-CONFIRM-2026-07-22,21c5b970e734ed79636df2f3882d4d85460c5efa40b88e59b9b9a3f34a25c0ff,202607225032,student_t_df4,empirical_copula,-30.0,optimal,373.7088092626037,23856.90694620861,-124.32841483628681,-42.83827571553829,0.0,True,1.0,1.0,0.06502278645833333,1.0,-42.83827571553815,0.0,-0.0,0.0,-0.0,FEASIBLE
CRR-STAGEII-CONFIRM-2026-07-22,21c5b970e734ed79636df2f3882d4d85460c5efa40b88e59b9b9a3f34a25c0ff,202607225033,student_t_df4,empirical_copula,-30.0,optimal,374.92359025444944,23857.206165354288,-124.32841483628681,-34.349719557126974,0.0,True,1.0,1.0,0.061848958333333336,1.0,-34.349719557126825,0.0,-0.0,0.0,-0.0,FEASIBLE
CRR-STAGEII-CONFIRM-2026-07-22,21c5b970e734ed79636df2f3882d4d85460c5efa40b88e59b9b9a3f34a25c0ff,202607225034,student_t_df4,empirical_copula,-30.0,optimal,373.08401043530233,21394.432874934715,-134.744020222491,-77.7637989431309,0.0,True,0.7434255003908139,1.345124695715047,0.06551106770833333,0.8488735447055379,-34.44275608755599,0.15112645529446211,-43.321042855574845,0.0,-0.0,FEASIBLE
CRR-STAGEII-CONFIRM-2026-07-22,21c5b970e734ed79636df2f3882d4d85460c5efa40b88e59b9b9a3f34a25c0ff,202607225035,student_t_df4,empirical_copula,-30.0,optimal,378.31665717610224,20636.66754101863,-139.03800417168753,-96.51020018635379,0.0,True,0.6642441313793508,1.5054705834185211,0.068359375,0.7865694779450096,-36.81113845244854,0.21343052205499036,-59.699061733905175,0.0,-0.0,FEASIBLE
CRR-STAGEII-CONFIRM-2026-07-22,21c5b970e734ed79636df2f3882d4d85460c5efa40b88e59b9b9a3f34a25c0ff,202607225036,student_t_df4,empirical_copula,-30.0,optimal,379.0624071897185,23821.261782066074,-125.2176414381302,-47.052418914778244,0.0,True,0.974528264067585,1.0261375035200093,0.059000651041666664,0.9870976617001898,-43.402766314766225,0.012902338299810245,-3.649652600011908,0.0,-0.0,FEASIBLE
CRR-STAGEII-CONFIRM-2026-07-22,21c5b970e734ed79636df2f3882d4d85460c5efa40b88e59b9b9a3f34a25c0ff,202607225037,student_t_df4,empirical_copula,-30.0,optimal,370.3865786388257,11663.424603058178,-193.2482169047594,-129.21282363913855,0.0,True,1.0,1.0,0.085693359375,0.0,-0.0,1.0,-129.21282363913917,0.0,-0.0,FEASIBLE
CRR-STAGEII-CONFIRM-2026-07-22,21c5b970e734ed79636df2f3882d4d85460c5efa40b88e59b9b9a3f34a25c0ff,202607225038,student_t_df4,empirical_copula,-30.0,optimal,377.84427559868766,22853.224628549095,-124.32841483628681,-47.93140941058506,0.0,True,1.0,1.0,0.08846028645833333,1.0,-47.93140941058497,0.0,-0.0,0.0,-0.0,FEASIBLE
CRR-STAGEII-CONFIRM-2026-07-22,21c5b970e734ed79636df2f3882d4d85460c5efa40b88e59b9b9a3f34a25c0ff,202607225039,student_t_df4,empirical_copula,-30.0,optimal,376.29102044962366,19771.87011406702,-138.9498526906263,-90.28518846599152,0.0,True,0.6657135435351207,1.5021475974331646,0.059326171875,0.7878485222605117,-28.39991507825131,0.21215147773948828,-61.885273387740156,0.0,-0.0,FEASIBLE
CRR-STAGEII-CONFIRM-2026-07-22,21c5b970e734ed79636df2f3882d4d85460c5efa40b88e59b9b9a3f34a25c0ff,202607225040,student_t_df4,empirical_copula,-30.0,optimal,378.43017965272185,23549.572441221528,-124.32841483628681,-45.667794435008716,0.0,True,1.0,1.0,0.060139973958333336,1.0,-45.6677944350086,0.0,-0.0,0.0,-0.0,FEASIBLE
CRR-STAGEII-CONFIRM-2026-07-22,21c5b970e734ed79636df2f3882d4d85460c5efa40b88e59b9b9a3f34a25c0ff,202607225041,student_t_df4,empirical_copula,-30.0,optimal,376.42690589555616,21194.22027742678,-135.9378772958771,-81.29795849486804,0.0,True,0.7198523097559795,1.3891738436443817,0.063232421875,0.8315511346353527,-32.79874937510069,0.16844886536464732,-48.499209119767286,0.0,-0.0,FEASIBLE
CRR-STAGEII-CONFIRM-2026-07-22,21c5b970e734ed79636df2f3882d4d85460c5efa40b88e59b9b9a3f34a25c0ff,202607225042,student_t_df4,empirical_copula,-30.0,optimal,374.19864271747974,20281.43708006404,-137.01472160379902,-86.90807524169739,0.0,True,0.6996191511505665,1.4293490942256781,0.057047526041666664,0.8159265350920737,-34.49114999294684,0.1840734649079263,-52.41692524875047,0.0,-0.0,FEASIBLE
CRR-STAGEII-CONFIRM-2026-07-22,21c5b970e734ed79636df2f3882d4d85460c5efa40b88e59b9b9a3f34a25c0ff,202607225043,student_t_df4,empirical_copula,-30.0,optimal,376.24506173768555,22304.141691196975,-132.3577704976178,-68.81719728743346,0.0,True,0.7941400769478757,1.2592236924288058,0.06722005208333333,0.8834971166435777,-35.34762144651939,0.1165028833564223,-33.46957584091396,0.0,-0.0,FEASIBLE
CRR-STAGEII-CONFIRM-2026-07-22,21c5b970e734ed79636df2f3882d4d85460c5efa40b88e59b9b9a3f34a25c0ff,202607225044,student_t_df4,empirical_copula,-30.0,optimal,373.812383631716,24146.759125170865,-125.74856988050682,-38.06802299699041,0.0,True,0.9596373924632831,1.0420602696953176,0.06754557291666667,0.9793940928209708,-31.97918407268157,0.02060590717902921,-6.0888389243087016,0.0,-0.0,FEASIBLE
CRR-STAGEII-CONFIRM-2026-07-22,21c5b970e734ed79636df2f3882d4d85460c5efa40b88e59b9b9a3f34a25c0ff,202607225045,student_t_df4,empirical_copula,-30.0,optimal,374.84600213717675,22317.348178463344,-129.06463219004024,-60.8709275321296,0.0,True,0.872003661413717,1.1467841756292305,0.06648763020833333,0.9312792954766765,-41.475442547565905,0.06872070452332346,-19.39548498456361,0.0,-0.0,FEASIBLE
CRR-STAGEII-CONFIRM-2026-07-22,21c5b970e734ed79636df2f3882d4d85460c5efa40b88e59b9b9a3f34a25c0ff,202607225046,student_t_df4,empirical_copula,-30.0,optimal,375.93376853312907,18864.58446143207,-144.05655223717915,-112.35393756074173,0.0,True,0.5913800595737286,1.690959956818307,0.06770833333333333,0.7137522626473563,-31.383746375166687,0.28624773735264375,-80.970191185575,0.0,-0.0,FEASIBLE
CRR-STAGEII-CONFIRM-2026-07-22,21c5b970e734ed79636df2f3882d4d85460c5efa40b88e59b9b9a3f34a25c0ff,202607225047,student_t_df4,empirical_copula,-30.0,optimal,378.9504565434817,23872.123704065674,-125.29742858249188,-35.798441616339844,0.0,True,0.9722753297144775,1.0285152460812352,0.057861328125,0.9859399807149426,-31.634973332351517,0.014060019285057401,-4.1634682839881965,0.0,-0.0,FEASIBLE
CRR-STAGEII-CONFIRM-2026-07-22,21c5b970e734ed79636df2f3882d4d85460c5efa40b88e59b9b9a3f34a25c0ff,202607225048,student_t_df4,empirical_copula,-30.0,optimal,377.207703977464,23404.814093446163,-127.82746917076517,-48.01679967455901,0.0,True,0.9036152905216868,1.1066656468624687,0.057698567708333336,0.949230058278432,-33.14295914085586,0.05076994172156796,-14.873840533703024,0.0,-0.0,FEASIBLE
CRR-STAGEII-CONFIRM-2026-07-22,21c5b970e734ed79636df2f3882d4d85460c5efa40b88e59b9b9a3f34a25c0ff,202607225049,student_t_df4,empirical_copula,-30.0,optimal,376.368477445476,23574.99947843442,-127.37393020512287,-41.70158432608018,0.0,True,0.9155268530368381,1.0922672521105865,0.061848958333333336,0.9558107354137451,-28.504655722154904,0.04418926458625494,-13.196928603925146,0.0,-0.0,FEASIBLE
CRR-STAGEII-CONFIRM-2026-07-22,21c5b970e734ed79636df2f3882d4d85460c5efa40b88e59b9b9a3f34a25c0ff,202607225050,student_t_df4,empirical_copula,-30.0,optimal,379.0468543776047,24732.282943553913,-125.27764751231828,-39.01916203979941,0.0,True,0.9728333842247727,1.0279252503211285,0.06689453125,0.9862269964866064,-34.992839848264815,0.013773003513393611,-4.026322191534468,0.0,-0.0,FEASIBLE
CRR-STAGEII-CONFIRM-2026-07-22,21c5b970e734ed79636df2f3882d4d85460c5efa40b88e59b9b9a3f34a25c0ff,202607225051,student_t_df4,empirical_copula,-30.0,optimal,372.77996032141255,20513.358814239873,-137.40800647797275,-85.92068850527035,0.0,True,0.6924730479470802,1.4440995255549953,0.062174479166666664,0.8102201218063394,-31.040380165748616,0.1897798781936606,-54.88030833952166,0.0,-0.0,FEASIBLE
CRR-STAGEII-CONFIRM-2026-07-22,21c5b970e734ed79636df2f3882d4d85460c5efa40b88e59b9b9a3f34a25c0ff,202607225052,student_t_df4,empirical_copula,-30.0,optimal,372.9281399731544,24737.85435688554,-124.32841483628681,-30.95429709376245,0.0,True,1.0,1.0,0.062093098958333336,1.0,-30.954297093762307,0.0,-0.0,0.0,-0.0,FEASIBLE
CRR-STAGEII-CONFIRM-2026-07-22,21c5b970e734ed79636df2f3882d4d85460c5efa40b88e59b9b9a3f34a25c0ff,202607225053,student_t_df4,empirical_copula,-30.0,optimal,366.6580965928195,11446.115166551079,-193.2482169047594,-133.5609058979153,0.0,True,1.0,1.0,0.06673177083333333,0.0,-0.0,1.0,-133.56090589791575,0.0,-0.0,FEASIBLE
CRR-STAGEII-CONFIRM-2026-07-22,21c5b970e734ed79636df2f3882d4d85460c5efa40b88e59b9b9a3f34a25c0ff,202607225054,student_t_df4,empirical_copula,-30.0,optimal,368.7374374349554,11648.269557631356,-193.2482169047594,-128.8175434337952,0.0,True,1.0,1.0,0.0576171875,0.0,-0.0,1.0,-128.81754343379583,0.0,-0.0,FEASIBLE
CRR-STAGEII-CONFIRM-2026-07-22,21c5b970e734ed79636df2f3882d4d85460c5efa40b88e59b9b9a3f34a25c0ff,202607225055,student_t_df4,empirical_copula,-30.0,optimal,379.50195947401306,19393.36626041645,-142.3313922947756,-104.34822840022296,0.0,True,0.6140352863049203,1.6285709018738959,0.072265625,0.7387836743842847,-29.139736053840963,0.2612163256157153,-75.20849234638195,0.0,-0.0,FEASIBLE
CRR-STAGEII-CONFIRM-2026-07-22,21c5b970e734ed79636df2f3882d4d85460c5efa40b88e59b9b9a3f34a25c0ff,202607225056,student_t_df4,empirical_copula,-30.0,optimal,380.79518730658276,23918.415158657524,-124.32841483628681,-43.97008320332645,0.0,True,1.0,1.0,0.06306966145833333,1.0,-43.97008320332634,0.0,-0.0,0.0,-0.0,FEASIBLE
CRR-STAGEII-CONFIRM-2026-07-22,21c5b970e734ed79636df2f3882d4d85460c5efa40b88e59b9b9a3f34a25c0ff,202607225057,student_t_df4,empirical_copula,-30.0,optimal,376.93243555551453,21645.703988723544,-134.43489922572533,-70.80451950328488,0.0,True,0.7497248438965434,1.3338226792681727,0.059895833333333336,0.8533587722814756,-27.380958813006952,0.1466412277185244,-43.42356069027785,0.0,-0.0,FEASIBLE
CRR-STAGEII-CONFIRM-2026-07-22,21c5b970e734ed79636df2f3882d4d85460c5efa40b88e59b9b9a3f34a25c0ff,202607225058,student_t_df4,empirical_copula,-30.0,optimal,375.5120976105013,22196.27276920615,-130.26813566192865,-65.02174161827982,0.0,True,0.8424888863070208,1.1869592777459843,0.06494140625,0.9138169198492376,-40.69773841455482,0.08618308015076237,-24.32400320372493,0.0,-0.0,FEASIBLE
CRR-STAGEII-CONFIRM-2026-07-22,21c5b970e734ed79636df2f3882d4d85460c5efa40b88e59b9b9a3f34a25c0ff,202607225059,student_t_df4,empirical_copula,-30.0,optimal,367.04477304928525,11451.455186884812,-193.2482169047594,-137.11842774600532,0.0,True,1.0,1.0,0.063720703125,0.0,-0.0,1.0,-137.1184277460055,0.0,-0.0,FEASIBLE
CRR-STAGEII-CONFIRM-2026-07-22,21c5b970e734ed79636df2f3882d4d85460c5efa40b88e59b9b9a3f34a25c0ff,202607225060,student_t_df4,empirical_copula,-30.0,optimal,373.7614415636407,20158.585832998888,-136.2447759800935,-84.55802211832506,0.0,True,0.7139864020385704,1.4005868979364382,0.060709635416666664,0.8270981519655609,-35.431458677712776,0.1729018480344391,-49.12656344061221,0.0,-0.0,FEASIBLE
CRR-STAGEII-CONFIRM-2026-07-22,21c5b970e734ed79636df2f3882d4d85460c5efa40b88e59b9b9a3f34a25c0ff,202607225061,student_t_df4,empirical_copula,-30.0,optimal,371.0395715128879,20063.209046040494,-139.60350779503892,-86.39730035897199,0.0,True,0.654973296210762,1.5267798027573523,0.060139973958333336,0.7783642363978911,-18.80796699472982,0.2216357636021089,-67.58933336424214,0.0,-0.0,FEASIBLE
CRR-STAGEII-CONFIRM-2026-07-22,21c5b970e734ed79636df2f3882d4d85460c5efa40b88e59b9b9a3f34a25c0ff,202607225062,student_t_df4,empirical_copula,-30.0,optimal,372.09072494475777,18983.77387110564,-139.60165782616198,-96.91188926241219,0.0,True,0.6550031854435854,1.5267101324442778,0.06282552083333333,0.7783910787395901,-34.225920496906724,0.22160892126040987,-62.68596876550541,0.0,-0.0,FEASIBLE
CRR-STAGEII-CONFIRM-2026-07-22,21c5b970e734ed79636df2f3882d4d85460c5efa40b88e59b9b9a3f34a25c0ff,202607225063,student_t_df4,empirical_copula,-30.0,optimal,375.1317625808117,22732.94493639978,-130.31630164527203,-55.02597932344881,0.0,True,0.8413330461919815,1.1885899460697193,0.058024088541666664,0.9131180498307847,-29.29840124217198,0.0868819501692153,-25.727578081276718,0.0,-0.0,FEASIBLE
CRR-STAGEII-CONFIRM-2026-07-22,21c5b970e734ed79636df2f3882d4d85460c5efa40b88e59b9b9a3f34a25c0ff,202607225064,student_t_df4,empirical_copula,-30.0,optimal,375.9430642992085,19091.59511734774,-140.1321088610872,-101.95620742113708,0.0,True,0.6465509562940317,1.5466685034879608,0.059488932291666664,0.770694436860117,-38.685026052472445,0.22930556313988304,-63.27118136866456,0.0,-0.0,FEASIBLE
