design_id,design_sha256,experiment_id,replication_seed,stream_id,purpose,generator,scenario_seed,n_scenarios,scenario_sha256,copula_family,kendall_tau,marginal_family,lower_tail_metric,ordering_scope
CRR-STAGEII-CONFIRM-2026-07-22,21c5b970e734ed79636df2f3882d4d85460c5efa40b88e59b9b9a3f34a25c0ff,ATTRIBUTION,202607227001,ATTR-M0-D0,block_subset_optimization,numpy_PCG64,202607227001,512,7aabe60782d535e72aa4cc3f55b9f39b3efb97cb2add8134c645fb52c9e3e065,gaussian,0.0,student_t_df5,0.0,WITHIN_NAMED_FAMILY_ONLY; scalar tail dependence is not a cross-family order
CRR-STAGEII-CONFIRM-2026-07-22,21c5b970e734ed79636df2f3882d4d85460c5efa40b88e59b9b9a3f34a25c0ff,ATTRIBUTION,202607227001,ATTR-M0-D1,block_subset_optimization,numpy_PCG64,202607227001,512,ce25321672e434db7c320b77774d1a51b087251d5da659ba8e5c98b2fd87fd88,student_t_df4,0.25,student_t_df5,0.1953801683718518,WITHIN_NAMED_FAMILY_ONLY; scalar tail dependence is not a cross-family order
CRR-STAGEII-CONFIRM-2026-07-22,21c5b970e734ed79636df2f3882d4d85460c5efa40b88e59b9b9a3f34a25c0ff,ATTRIBUTION,202607227001,ATTR-M1-D0,block_subset_optimization,numpy_PCG64,202607227001,512,38b33cb436b0d95b2389a7233d0d583c004b6e9edb64e766f9fbe9f13cd82a89,gaussian,0.0,student_t_df5,0.0,WITHIN_NAMED_FAMILY_ONLY; scalar tail dependence is not a cross-family order
CRR-STAGEII-CONFIRM-2026-07-22,21c5b970e734ed79636df2f3882d4d85460c5efa40b88e59b9b9a3f34a25c0ff,ATTRIBUTION,202607227001,ATTR-M1-D1,block_subset_optimization,numpy_PCG64,202607227001,512,0b9b5aa877f797849f2bbca1eb17c3b8a7642dbe7a3ee1b3359631ec93e2f9a4,student_t_df4,0.25,student_t_df5,0.1953801683718518,WITHIN_NAMED_FAMILY_ONLY; scalar tail dependence is not a cross-family order
CRR-STAGEII-CONFIRM-2026-07-22,21c5b970e734ed79636df2f3882d4d85460c5efa40b88e59b9b9a3f34a25c0ff,ATTRIBUTION,202607227001,ATTR-TRUE-EVAL,common_true_law_evaluation,numpy_PCG64,202607727001,4096,31965e5134ff6b1bbab6ef6a45716a9b8efbe71537271f15f456812ebb95db4e,student_t_df4,0.25,student_t_df5,0.1953801683718518,WITHIN_NAMED_FAMILY_ONLY; scalar tail dependence is not a cross-family order
CRR-STAGEII-CONFIRM-2026-07-22,21c5b970e734ed79636df2f3882d4d85460c5efa40b88e59b9b9a3f34a25c0ff,ATTRIBUTION,202607227002,ATTR-M0-D0,block_subset_optimization,numpy_PCG64,202607227002,512,45ab3cb6b9f77036e78d1ad616b8351f7f1d8f95d623ca3299f5b1802943a933,gaussian,0.0,student_t_df5,0.0,WITHIN_NAMED_FAMILY_ONLY; scalar tail dependence is not a cross-family order
CRR-STAGEII-CONFIRM-2026-07-22,21c5b970e734ed79636df2f3882d4d85460c5efa40b88e59b9b9a3f34a25c0ff,ATTRIBUTION,202607227002,ATTR-M0-D1,block_subset_optimization,numpy_PCG64,202607227002,512,4fa11e770287ea8bad9c3ca64a5522d7732f996945ae2f71f265c94f528607ed,student_t_df4,0.25,student_t_df5,0.1953801683718518,WITHIN_NAMED_FAMILY_ONLY; scalar tail dependence is not a cross-family order
CRR-STAGEII-CONFIRM-2026-07-22,21c5b970e734ed79636df2f3882d4d85460c5efa40b88e59b9b9a3f34a25c0ff,ATTRIBUTION,202607227002,ATTR-M1-D0,block_subset_optimization,numpy_PCG64,202607227002,512,fb5004a95627fcc7a4707aa1ea640c0e198bcc99c01aa5b29eed7e3eb379579e,gaussian,0.0,student_t_df5,0.0,WITHIN_NAMED_FAMILY_ONLY; scalar tail dependence is not a cross-family order
CRR-STAGEII-CONFIRM-2026-07-22,21c5b970e734ed79636df2f3882d4d85460c5efa40b88e59b9b9a3f34a25c0ff,ATTRIBUTION,202607227002,ATTR-M1-D1,block_subset_optimization,numpy_PCG64,202607227002,512,d74779b4f261af6a46a10c0c13ca185f9b3a191bfc26a6c6ec969f1f02df6bfb,student_t_df4,0.25,student_t_df5,0.1953801683718518,WITHIN_NAMED_FAMILY_ONLY; scalar tail dependence is not a cross-family order
CRR-STAGEII-CONFIRM-2026-07-22,21c5b970e734ed79636df2f3882d4d85460c5efa40b88e59b9b9a3f34a25c0ff,ATTRIBUTION,202607227002,ATTR-TRUE-EVAL,common_true_law_evaluation,numpy_PCG64,202607727002,4096,363cce3be7f4a517f2e1c2519b37fe60f3c6507c677f77c8fe4fbfc78f2aa7ee,student_t_df4,0.25,student_t_df5,0.1953801683718518,WITHIN_NAMED_FAMILY_ONLY; scalar tail dependence is not a cross-family order
CRR-STAGEII-CONFIRM-2026-07-22,21c5b970e734ed79636df2f3882d4d85460c5efa40b88e59b9b9a3f34a25c0ff,ATTRIBUTION,202607227003,ATTR-M0-D0,block_subset_optimization,numpy_PCG64,202607227003,512,b52ca2c6e2586b029b11307e074311056501ff3cfbd8c6e4e28d9aada1222c0c,gaussian,0.0,student_t_df5,0.0,WITHIN_NAMED_FAMILY_ONLY; scalar tail dependence is not a cross-family order
CRR-STAGEII-CONFIRM-2026-07-22,21c5b970e734ed79636df2f3882d4d85460c5efa40b88e59b9b9a3f34a25c0ff,ATTRIBUTION,202607227003,ATTR-M0-D1,block_subset_optimization,numpy_PCG64,202607227003,512,8456deddff755d66ba896996c403375eb3d59093e87ce0d568d38a40ec69609e,student_t_df4,0.25,student_t_df5,0.1953801683718518,WITHIN_NAMED_FAMILY_ONLY; scalar tail dependence is not a cross-family order
CRR-STAGEII-CONFIRM-2026-07-22,21c5b970e734ed79636df2f3882d4d85460c5efa40b88e59b9b9a3f34a25c0ff,ATTRIBUTION,202607227003,ATTR-M1-D0,block_subset_optimization,numpy_PCG64,202607227003,512,e8bc1ed2e6f3157d501bb51d5b9ba1e72ef21b1476d201c2df8c052277786ccc,gaussian,0.0,student_t_df5,0.0,WITHIN_NAMED_FAMILY_ONLY; scalar tail dependence is not a cross-family order
CRR-STAGEII-CONFIRM-2026-07-22,21c5b970e734ed79636df2f3882d4d85460c5efa40b88e59b9b9a3f34a25c0ff,ATTRIBUTION,202607227003,ATTR-M1-D1,block_subset_optimization,numpy_PCG64,202607227003,512,63535dff362ab1263bb7c90651dc1c1f16445f64f95e4f79a3162a1fcd50a48a,student_t_df4,0.25,student_t_df5,0.1953801683718518,WITHIN_NAMED_FAMILY_ONLY; scalar tail dependence is not a cross-family order
CRR-STAGEII-CONFIRM-2026-07-22,21c5b970e734ed79636df2f3882d4d85460c5efa40b88e59b9b9a3f34a25c0ff,ATTRIBUTION,202607227003,ATTR-TRUE-EVAL,common_true_law_evaluation,numpy_PCG64,202607727003,4096,0993bae2ca0f48e71136bfa4793f2549fdc0703b1b903566195aaf66e59cc93e,student_t_df4,0.25,student_t_df5,0.1953801683718518,WITHIN_NAMED_FAMILY_ONLY; scalar tail dependence is not a cross-family order
CRR-STAGEII-CONFIRM-2026-07-22,21c5b970e734ed79636df2f3882d4d85460c5efa40b88e59b9b9a3f34a25c0ff,ATTRIBUTION,202607227004,ATTR-M0-D0,block_subset_optimization,numpy_PCG64,202607227004,512,b2801d139884569a60245701a7c95c43ef1e5d23df81285a9d4ceced306fbb77,gaussian,0.0,student_t_df5,0.0,WITHIN_NAMED_FAMILY_ONLY; scalar tail dependence is not a cross-family order
CRR-STAGEII-CONFIRM-2026-07-22,21c5b970e734ed79636df2f3882d4d85460c5efa40b88e59b9b9a3f34a25c0ff,ATTRIBUTION,202607227004,ATTR-M0-D1,block_subset_optimization,numpy_PCG64,202607227004,512,b6c79e5580c343140ecaf4450f6c4d3dc5b8bdcf545836834f38c7b7f6f07fef,student_t_df4,0.25,student_t_df5,0.1953801683718518,WITHIN_NAMED_FAMILY_ONLY; scalar tail dependence is not a cross-family order
CRR-STAGEII-CONFIRM-2026-07-22,21c5b970e734ed79636df2f3882d4d85460c5efa40b88e59b9b9a3f34a25c0ff,ATTRIBUTION,202607227004,ATTR-M1-D0,block_subset_optimization,numpy_PCG64,202607227004,512,26897cefee434c33da0ac6127f074629ebb64498b26c2c9e1d5e88e2c03a32ae,gaussian,0.0,student_t_df5,0.0,WITHIN_NAMED_FAMILY_ONLY; scalar tail dependence is not a cross-family order
CRR-STAGEII-CONFIRM-2026-07-22,21c5b970e734ed79636df2f3882d4d85460c5efa40b88e59b9b9a3f34a25c0ff,ATTRIBUTION,202607227004,ATTR-M1-D1,block_subset_optimization,numpy_PCG64,202607227004,512,23d0b2b46d3e89f3d6375c290dab8cf4fc0ae80bdc5c085fc607ad144a915171,student_t_df4,0.25,student_t_df5,0.1953801683718518,WITHIN_NAMED_FAMILY_ONLY; scalar tail dependence is not a cross-family order
CRR-STAGEII-CONFIRM-2026-07-22,21c5b970e734ed79636df2f3882d4d85460c5efa40b88e59b9b9a3f34a25c0ff,ATTRIBUTION,202607227004,ATTR-TRUE-EVAL,common_true_law_evaluation,numpy_PCG64,202607727004,4096,c528edaa39830d90e409da1fb9a0d16293750629a5637bea0570695cecaf035e,student_t_df4,0.25,student_t_df5,0.1953801683718518,WITHIN_NAMED_FAMILY_ONLY; scalar tail dependence is not a cross-family order
CRR-STAGEII-CONFIRM-2026-07-22,21c5b970e734ed79636df2f3882d4d85460c5efa40b88e59b9b9a3f34a25c0ff,ATTRIBUTION,202607227005,ATTR-M0-D0,block_subset_optimization,numpy_PCG64,202607227005,512,df90a1a630433a42228b1bd0eb45a99317b8435f8fdacaecb473fed8ab788a54,gaussian,0.0,student_t_df5,0.0,WITHIN_NAMED_FAMILY_ONLY; scalar tail dependence is not a cross-family order
CRR-STAGEII-CONFIRM-2026-07-22,21c5b970e734ed79636df2f3882d4d85460c5efa40b88e59b9b9a3f34a25c0ff,ATTRIBUTION,202607227005,ATTR-M0-D1,block_subset_optimization,numpy_PCG64,202607227005,512,a3d71527f37c7971a975f2b6248499758968c0295b94fd16dd879096a3e37955,student_t_df4,0.25,student_t_df5,0.1953801683718518,WITHIN_NAMED_FAMILY_ONLY; scalar tail dependence is not a cross-family order
CRR-STAGEII-CONFIRM-2026-07-22,21c5b970e734ed79636df2f3882d4d85460c5efa40b88e59b9b9a3f34a25c0ff,ATTRIBUTION,202607227005,ATTR-M1-D0,block_subset_optimization,numpy_PCG64,202607227005,512,6775076403709b5564ee3256ed3e8b820995fd951beda315449ba010718082b6,gaussian,0.0,student_t_df5,0.0,WITHIN_NAMED_FAMILY_ONLY; scalar tail dependence is not a cross-family order
CRR-STAGEII-CONFIRM-2026-07-22,21c5b970e734ed79636df2f3882d4d85460c5efa40b88e59b9b9a3f34a25c0ff,ATTRIBUTION,202607227005,ATTR-M1-D1,block_subset_optimization,numpy_PCG64,202607227005,512,c6b6c988a33193a14d8122f2f4b2667e8809978024384e1d1f6c3b5477539a3e,student_t_df4,0.25,student_t_df5,0.1953801683718518,WITHIN_NAMED_FAMILY_ONLY; scalar tail dependence is not a cross-family order
CRR-STAGEII-CONFIRM-2026-07-22,21c5b970e734ed79636df2f3882d4d85460c5efa40b88e59b9b9a3f34a25c0ff,ATTRIBUTION,202607227005,ATTR-TRUE-EVAL,common_true_law_evaluation,numpy_PCG64,202607727005,4096,fbea97c6f269f7bc9acbb8bdee2e13995ba71365c098b0437f80b2dc4f0fd77d,student_t_df4,0.25,student_t_df5,0.1953801683718518,WITHIN_NAMED_FAMILY_ONLY; scalar tail dependence is not a cross-family order
CRR-STAGEII-CONFIRM-2026-07-22,21c5b970e734ed79636df2f3882d4d85460c5efa40b88e59b9b9a3f34a25c0ff,ATTRIBUTION,202607227006,ATTR-M0-D0,block_subset_optimization,numpy_PCG64,202607227006,512,b7c1e40b152b4faf3926fe910f9afd7557e7bb75edea2ec3055f302e73e87759,gaussian,0.0,student_t_df5,0.0,WITHIN_NAMED_FAMILY_ONLY; scalar tail dependence is not a cross-family order
CRR-STAGEII-CONFIRM-2026-07-22,21c5b970e734ed79636df2f3882d4d85460c5efa40b88e59b9b9a3f34a25c0ff,ATTRIBUTION,202607227006,ATTR-M0-D1,block_subset_optimization,numpy_PCG64,202607227006,512,1d2d6a4d1a0a8c5e1d78efed3e6c8448dd9716eb6ae2b7ec5d5d82492188d645,student_t_df4,0.25,student_t_df5,0.1953801683718518,WITHIN_NAMED_FAMILY_ONLY; scalar tail dependence is not a cross-family order
CRR-STAGEII-CONFIRM-2026-07-22,21c5b970e734ed79636df2f3882d4d85460c5efa40b88e59b9b9a3f34a25c0ff,ATTRIBUTION,202607227006,ATTR-M1-D0,block_subset_optimization,numpy_PCG64,202607227006,512,1b2378b926eee80826ca2672e20ba4349b24344f55db4862f607cbc068f426db,gaussian,0.0,student_t_df5,0.0,WITHIN_NAMED_FAMILY_ONLY; scalar tail dependence is not a cross-family order
CRR-STAGEII-CONFIRM-2026-07-22,21c5b970e734ed79636df2f3882d4d85460c5efa40b88e59b9b9a3f34a25c0ff,ATTRIBUTION,202607227006,ATTR-M1-D1,block_subset_optimization,numpy_PCG64,202607227006,512,2c71c19e7fb7cf3ad5a13920babcc89f91821ebcd9f1cbae46079f214c5a810c,student_t_df4,0.25,student_t_df5,0.1953801683718518,WITHIN_NAMED_FAMILY_ONLY; scalar tail dependence is not a cross-family order
CRR-STAGEII-CONFIRM-2026-07-22,21c5b970e734ed79636df2f3882d4d85460c5efa40b88e59b9b9a3f34a25c0ff,ATTRIBUTION,202607227006,ATTR-TRUE-EVAL,common_true_law_evaluation,numpy_PCG64,202607727006,4096,b49119fde3a05bd07c27f19b9550c0de4c6bc620645320b07ff411a469b2a596,student_t_df4,0.25,student_t_df5,0.1953801683718518,WITHIN_NAMED_FAMILY_ONLY; scalar tail dependence is not a cross-family order
CRR-STAGEII-CONFIRM-2026-07-22,21c5b970e734ed79636df2f3882d4d85460c5efa40b88e59b9b9a3f34a25c0ff,ATTRIBUTION,202607227007,ATTR-M0-D0,block_subset_optimization,numpy_PCG64,202607227007,512,77011ab9beb0397567e67e522e4bd304458f028278ef8cdd1ee7c947feb067e8,gaussian,0.0,student_t_df5,0.0,WITHIN_NAMED_FAMILY_ONLY; scalar tail dependence is not a cross-family order
CRR-STAGEII-CONFIRM-2026-07-22,21c5b970e734ed79636df2f3882d4d85460c5efa40b88e59b9b9a3f34a25c0ff,ATTRIBUTION,202607227007,ATTR-M0-D1,block_subset_optimization,numpy_PCG64,202607227007,512,f32f981016d2afd08ebf62a6da1d8ce480d4b51932eaf9a801258b3207717dae,student_t_df4,0.25,student_t_df5,0.1953801683718518,WITHIN_NAMED_FAMILY_ONLY; scalar tail dependence is not a cross-family order
CRR-STAGEII-CONFIRM-2026-07-22,21c5b970e734ed79636df2f3882d4d85460c5efa40b88e59b9b9a3f34a25c0ff,ATTRIBUTION,202607227007,ATTR-M1-D0,block_subset_optimization,numpy_PCG64,202607227007,512,ccc14b0b8657204bd178b27d13ea96ed0509bd0dc93158a80083c3506d6efc64,gaussian,0.0,student_t_df5,0.0,WITHIN_NAMED_FAMILY_ONLY; scalar tail dependence is not a cross-family order
CRR-STAGEII-CONFIRM-2026-07-22,21c5b970e734ed79636df2f3882d4d85460c5efa40b88e59b9b9a3f34a25c0ff,ATTRIBUTION,202607227007,ATTR-M1-D1,block_subset_optimization,numpy_PCG64,202607227007,512,377b2da02fed0d63ee631bd443c0e5121992cda4018e27eecc6d2a2b31f91177,student_t_df4,0.25,student_t_df5,0.1953801683718518,WITHIN_NAMED_FAMILY_ONLY; scalar tail dependence is not a cross-family order
CRR-STAGEII-CONFIRM-2026-07-22,21c5b970e734ed79636df2f3882d4d85460c5efa40b88e59b9b9a3f34a25c0ff,ATTRIBUTION,202607227007,ATTR-TRUE-EVAL,common_true_law_evaluation,numpy_PCG64,202607727007,4096,e679e196fde140e394e2e093f37a654326a8f5783a97297b22abd59ec0da1636,student_t_df4,0.25,student_t_df5,0.1953801683718518,WITHIN_NAMED_FAMILY_ONLY; scalar tail dependence is not a cross-family order
CRR-STAGEII-CONFIRM-2026-07-22,21c5b970e734ed79636df2f3882d4d85460c5efa40b88e59b9b9a3f34a25c0ff,ATTRIBUTION,202607227008,ATTR-M0-D0,block_subset_optimization,numpy_PCG64,202607227008,512,9e51480938c48ddd7a91cfc0996bb2f618be882eedc6ad4c757da1d311d3ef19,gaussian,0.0,student_t_df5,0.0,WITHIN_NAMED_FAMILY_ONLY; scalar tail dependence is not a cross-family order
CRR-STAGEII-CONFIRM-2026-07-22,21c5b970e734ed79636df2f3882d4d85460c5efa40b88e59b9b9a3f34a25c0ff,ATTRIBUTION,202607227008,ATTR-M0-D1,block_subset_optimization,numpy_PCG64,202607227008,512,beabb0debf07d69eb42fd84bd30153e5be97564da0764ecc6a8c9eb26f8a497a,student_t_df4,0.25,student_t_df5,0.1953801683718518,WITHIN_NAMED_FAMILY_ONLY; scalar tail dependence is not a cross-family order
CRR-STAGEII-CONFIRM-2026-07-22,21c5b970e734ed79636df2f3882d4d85460c5efa40b88e59b9b9a3f34a25c0ff,ATTRIBUTION,202607227008,ATTR-M1-D0,block_subset_optimization,numpy_PCG64,202607227008,512,ebaf655a7463069c2348c52ea04a03bb466c22cf649828c02e497b86ecfde321,gaussian,0.0,student_t_df5,0.0,WITHIN_NAMED_FAMILY_ONLY; scalar tail dependence is not a cross-family order
CRR-STAGEII-CONFIRM-2026-07-22,21c5b970e734ed79636df2f3882d4d85460c5efa40b88e59b9b9a3f34a25c0ff,ATTRIBUTION,202607227008,ATTR-M1-D1,block_subset_optimization,numpy_PCG64,202607227008,512,f5d0a9e9b470469170b1e05c2144c271f76ccc669e67d057cd3555af3e52d694,student_t_df4,0.25,student_t_df5,0.1953801683718518,WITHIN_NAMED_FAMILY_ONLY; scalar tail dependence is not a cross-family order
CRR-STAGEII-CONFIRM-2026-07-22,21c5b970e734ed79636df2f3882d4d85460c5efa40b88e59b9b9a3f34a25c0ff,ATTRIBUTION,202607227008,ATTR-TRUE-EVAL,common_true_law_evaluation,numpy_PCG64,202607727008,4096,832bc78a05294a5174c212f8441214212cbd2c16d1fd1d89efe0d0f2ce37457f,student_t_df4,0.25,student_t_df5,0.1953801683718518,WITHIN_NAMED_FAMILY_ONLY; scalar tail dependence is not a cross-family order
CRR-STAGEII-CONFIRM-2026-07-22,21c5b970e734ed79636df2f3882d4d85460c5efa40b88e59b9b9a3f34a25c0ff,ATTRIBUTION,202607227009,ATTR-M0-D0,block_subset_optimization,numpy_PCG64,202607227009,512,952388c97187437ebdb1a472f5ea0c69447cd3a6bd2a7f5c08a58f3a84fc7f96,gaussian,0.0,student_t_df5,0.0,WITHIN_NAMED_FAMILY_ONLY; scalar tail dependence is not a cross-family order
CRR-STAGEII-CONFIRM-2026-07-22,21c5b970e734ed79636df2f3882d4d85460c5efa40b88e59b9b9a3f34a25c0ff,ATTRIBUTION,202607227009,ATTR-M0-D1,block_subset_optimization,numpy_PCG64,202607227009,512,2e59ea05e68bbf93d0268bdc6a631dcbb7932a32803a60ceb94b6a24a54038a1,student_t_df4,0.25,student_t_df5,0.1953801683718518,WITHIN_NAMED_FAMILY_ONLY; scalar tail dependence is not a cross-family order
CRR-STAGEII-CONFIRM-2026-07-22,21c5b970e734ed79636df2f3882d4d85460c5efa40b88e59b9b9a3f34a25c0ff,ATTRIBUTION,202607227009,ATTR-M1-D0,block_subset_optimization,numpy_PCG64,202607227009,512,d35c8a975533a7f2366862154807a8087feb5f46c5eee498deb74c78c833bb45,gaussian,0.0,student_t_df5,0.0,WITHIN_NAMED_FAMILY_ONLY; scalar tail dependence is not a cross-family order
CRR-STAGEII-CONFIRM-2026-07-22,21c5b970e734ed79636df2f3882d4d85460c5efa40b88e59b9b9a3f34a25c0ff,ATTRIBUTION,202607227009,ATTR-M1-D1,block_subset_optimization,numpy_PCG64,202607227009,512,cbc3ad9c729dd112749b4fb7972269b1628b9b9133ed73f67fab8cf1acc123c7,student_t_df4,0.25,student_t_df5,0.1953801683718518,WITHIN_NAMED_FAMILY_ONLY; scalar tail dependence is not a cross-family order
CRR-STAGEII-CONFIRM-2026-07-22,21c5b970e734ed79636df2f3882d4d85460c5efa40b88e59b9b9a3f34a25c0ff,ATTRIBUTION,202607227009,ATTR-TRUE-EVAL,common_true_law_evaluation,numpy_PCG64,202607727009,4096,22a4867d9105b874d9183e6f747d40a103a223fa9dd7c237bc8c87b6124452a3,student_t_df4,0.25,student_t_df5,0.1953801683718518,WITHIN_NAMED_FAMILY_ONLY; scalar tail dependence is not a cross-family order
CRR-STAGEII-CONFIRM-2026-07-22,21c5b970e734ed79636df2f3882d4d85460c5efa40b88e59b9b9a3f34a25c0ff,ATTRIBUTION,202607227010,ATTR-M0-D0,block_subset_optimization,numpy_PCG64,202607227010,512,1083d0b137a9a7bf2cba0e78827e21589145d5c1977042db911a5a1d286357ba,gaussian,0.0,student_t_df5,0.0,WITHIN_NAMED_FAMILY_ONLY; scalar tail dependence is not a cross-family order
CRR-STAGEII-CONFIRM-2026-07-22,21c5b970e734ed79636df2f3882d4d85460c5efa40b88e59b9b9a3f34a25c0ff,ATTRIBUTION,202607227010,ATTR-M0-D1,block_subset_optimization,numpy_PCG64,202607227010,512,2a4bffbd7d5c3d5b0d7c3b49c5adc3bce13f3cc5f20e47f53210d7b94d746ff0,student_t_df4,0.25,student_t_df5,0.1953801683718518,WITHIN_NAMED_FAMILY_ONLY; scalar tail dependence is not a cross-family order
CRR-STAGEII-CONFIRM-2026-07-22,21c5b970e734ed79636df2f3882d4d85460c5efa40b88e59b9b9a3f34a25c0ff,ATTRIBUTION,202607227010,ATTR-M1-D0,block_subset_optimization,numpy_PCG64,202607227010,512,1c01115a7766601371bcc07cc36f8ba5d403d0fb09958ac58cedc846af53f39e,gaussian,0.0,student_t_df5,0.0,WITHIN_NAMED_FAMILY_ONLY; scalar tail dependence is not a cross-family order
CRR-STAGEII-CONFIRM-2026-07-22,21c5b970e734ed79636df2f3882d4d85460c5efa40b88e59b9b9a3f34a25c0ff,ATTRIBUTION,202607227010,ATTR-M1-D1,block_subset_optimization,numpy_PCG64,202607227010,512,d3e319f805e04ef8a9b44dbe0fde85f8a0a905e80eda52bbcf936fc7a6bec91f,student_t_df4,0.25,student_t_df5,0.1953801683718518,WITHIN_NAMED_FAMILY_ONLY; scalar tail dependence is not a cross-family order
CRR-STAGEII-CONFIRM-2026-07-22,21c5b970e734ed79636df2f3882d4d85460c5efa40b88e59b9b9a3f34a25c0ff,ATTRIBUTION,202607227010,ATTR-TRUE-EVAL,common_true_law_evaluation,numpy_PCG64,202607727010,4096,a112f550a6f3564ec520f5a4c3e3f00d566d2d8fb5790cf111be4b859087cbbe,student_t_df4,0.25,student_t_df5,0.1953801683718518,WITHIN_NAMED_FAMILY_ONLY; scalar tail dependence is not a cross-family order
CRR-STAGEII-CONFIRM-2026-07-22,21c5b970e734ed79636df2f3882d4d85460c5efa40b88e59b9b9a3f34a25c0ff,ATTRIBUTION,202607227011,ATTR-M0-D0,block_subset_optimization,numpy_PCG64,202607227011,512,00e66b4d4094dcd41e07ec42d598fa35d9152b87996621063a18bb0734d23a58,gaussian,0.0,student_t_df5,0.0,WITHIN_NAMED_FAMILY_ONLY; scalar tail dependence is not a cross-family order
CRR-STAGEII-CONFIRM-2026-07-22,21c5b970e734ed79636df2f3882d4d85460c5efa40b88e59b9b9a3f34a25c0ff,ATTRIBUTION,202607227011,ATTR-M0-D1,block_subset_optimization,numpy_PCG64,202607227011,512,0c031748048e90b85bf6e6d343678111e4b0554061b3e3e4afe1893d5e7bd299,student_t_df4,0.25,student_t_df5,0.1953801683718518,WITHIN_NAMED_FAMILY_ONLY; scalar tail dependence is not a cross-family order
CRR-STAGEII-CONFIRM-2026-07-22,21c5b970e734ed79636df2f3882d4d85460c5efa40b88e59b9b9a3f34a25c0ff,ATTRIBUTION,202607227011,ATTR-M1-D0,block_subset_optimization,numpy_PCG64,202607227011,512,af8f1f4eb7ee7b8faac194705cb6a561562b1aa0c076dee4ed29ffe4ceafbfd9,gaussian,0.0,student_t_df5,0.0,WITHIN_NAMED_FAMILY_ONLY; scalar tail dependence is not a cross-family order
CRR-STAGEII-CONFIRM-2026-07-22,21c5b970e734ed79636df2f3882d4d85460c5efa40b88e59b9b9a3f34a25c0ff,ATTRIBUTION,202607227011,ATTR-M1-D1,block_subset_optimization,numpy_PCG64,202607227011,512,c8e2635b2424aac838f96cd3bd6aa4242c941a2545cac1a4ab9bda2cfefe198f,student_t_df4,0.25,student_t_df5,0.1953801683718518,WITHIN_NAMED_FAMILY_ONLY; scalar tail dependence is not a cross-family order
CRR-STAGEII-CONFIRM-2026-07-22,21c5b970e734ed79636df2f3882d4d85460c5efa40b88e59b9b9a3f34a25c0ff,ATTRIBUTION,202607227011,ATTR-TRUE-EVAL,common_true_law_evaluation,numpy_PCG64,202607727011,4096,5230877cd50f39e42ef79a7a46779050806a6e9fe1ec9a0413b63942e532ad72,student_t_df4,0.25,student_t_df5,0.1953801683718518,WITHIN_NAMED_FAMILY_ONLY; scalar tail dependence is not a cross-family order
CRR-STAGEII-CONFIRM-2026-07-22,21c5b970e734ed79636df2f3882d4d85460c5efa40b88e59b9b9a3f34a25c0ff,ATTRIBUTION,202607227012,ATTR-M0-D0,block_subset_optimization,numpy_PCG64,202607227012,512,be47f2d908976d6675acb9955b8449efef57f2097b7d1e8a1db901e83d54ad79,gaussian,0.0,student_t_df5,0.0,WITHIN_NAMED_FAMILY_ONLY; scalar tail dependence is not a cross-family order
CRR-STAGEII-CONFIRM-2026-07-22,21c5b970e734ed79636df2f3882d4d85460c5efa40b88e59b9b9a3f34a25c0ff,ATTRIBUTION,202607227012,ATTR-M0-D1,block_subset_optimization,numpy_PCG64,202607227012,512,255c46659dcb043110c6c24a79db5029abef6a9bb5665d477d592b08bbe8a899,student_t_df4,0.25,student_t_df5,0.1953801683718518,WITHIN_NAMED_FAMILY_ONLY; scalar tail dependence is not a cross-family order
CRR-STAGEII-CONFIRM-2026-07-22,21c5b970e734ed79636df2f3882d4d85460c5efa40b88e59b9b9a3f34a25c0ff,ATTRIBUTION,202607227012,ATTR-M1-D0,block_subset_optimization,numpy_PCG64,202607227012,512,08222597075d71d2ae62ab5c514e8488779e2a279f07750cd108c59764a078e0,gaussian,0.0,student_t_df5,0.0,WITHIN_NAMED_FAMILY_ONLY; scalar tail dependence is not a cross-family order
CRR-STAGEII-CONFIRM-2026-07-22,21c5b970e734ed79636df2f3882d4d85460c5efa40b88e59b9b9a3f34a25c0ff,ATTRIBUTION,202607227012,ATTR-M1-D1,block_subset_optimization,numpy_PCG64,202607227012,512,5c7e85d91c2844fa5f8d348e8ff160e664ba826cd28f6de1842cac9eb775130a,student_t_df4,0.25,student_t_df5,0.1953801683718518,WITHIN_NAMED_FAMILY_ONLY; scalar tail dependence is not a cross-family order
CRR-STAGEII-CONFIRM-2026-07-22,21c5b970e734ed79636df2f3882d4d85460c5efa40b88e59b9b9a3f34a25c0ff,ATTRIBUTION,202607227012,ATTR-TRUE-EVAL,common_true_law_evaluation,numpy_PCG64,202607727012,4096,4ee657ddc1ce5f3327683713f65d9d1f0d18e95ef2a9404cb8c5ed9e4a30c3fa,student_t_df4,0.25,student_t_df5,0.1953801683718518,WITHIN_NAMED_FAMILY_ONLY; scalar tail dependence is not a cross-family order
CRR-STAGEII-CONFIRM-2026-07-22,21c5b970e734ed79636df2f3882d4d85460c5efa40b88e59b9b9a3f34a25c0ff,ATTRIBUTION,202607227013,ATTR-M0-D0,block_subset_optimization,numpy_PCG64,202607227013,512,ed846b5cf2e8085a4a8ded1c8a6594f559b50fa3e3000431c561c90ed971dfd1,gaussian,0.0,student_t_df5,0.0,WITHIN_NAMED_FAMILY_ONLY; scalar tail dependence is not a cross-family order
CRR-STAGEII-CONFIRM-2026-07-22,21c5b970e734ed79636df2f3882d4d85460c5efa40b88e59b9b9a3f34a25c0ff,ATTRIBUTION,202607227013,ATTR-M0-D1,block_subset_optimization,numpy_PCG64,202607227013,512,372c7c8669a4e77c46e50758f108b376b6879269056eb2e35534a55286e1ec20,student_t_df4,0.25,student_t_df5,0.1953801683718518,WITHIN_NAMED_FAMILY_ONLY; scalar tail dependence is not a cross-family order
CRR-STAGEII-CONFIRM-2026-07-22,21c5b970e734ed79636df2f3882d4d85460c5efa40b88e59b9b9a3f34a25c0ff,ATTRIBUTION,202607227013,ATTR-M1-D0,block_subset_optimization,numpy_PCG64,202607227013,512,ad28957711a378d5c794769486abbeb2dad309a931878b4b95d9f9cb5d015515,gaussian,0.0,student_t_df5,0.0,WITHIN_NAMED_FAMILY_ONLY; scalar tail dependence is not a cross-family order
CRR-STAGEII-CONFIRM-2026-07-22,21c5b970e734ed79636df2f3882d4d85460c5efa40b88e59b9b9a3f34a25c0ff,ATTRIBUTION,202607227013,ATTR-M1-D1,block_subset_optimization,numpy_PCG64,202607227013,512,6d87ec1f20cb88e3b6ba2b1693234e01326f2a550ab567c6a75db4e7481f2042,student_t_df4,0.25,student_t_df5,0.1953801683718518,WITHIN_NAMED_FAMILY_ONLY; scalar tail dependence is not a cross-family order
CRR-STAGEII-CONFIRM-2026-07-22,21c5b970e734ed79636df2f3882d4d85460c5efa40b88e59b9b9a3f34a25c0ff,ATTRIBUTION,202607227013,ATTR-TRUE-EVAL,common_true_law_evaluation,numpy_PCG64,202607727013,4096,7f59668dcfaa9d82751fed9d1cd24d5ff2885c00cb9b60f4691f2ecd5cd6965d,student_t_df4,0.25,student_t_df5,0.1953801683718518,WITHIN_NAMED_FAMILY_ONLY; scalar tail dependence is not a cross-family order
CRR-STAGEII-CONFIRM-2026-07-22,21c5b970e734ed79636df2f3882d4d85460c5efa40b88e59b9b9a3f34a25c0ff,ATTRIBUTION,202607227014,ATTR-M0-D0,block_subset_optimization,numpy_PCG64,202607227014,512,4a73bb4065094aa5a05c80efefc80945ac4194e8e648a673463b62081fdec093,gaussian,0.0,student_t_df5,0.0,WITHIN_NAMED_FAMILY_ONLY; scalar tail dependence is not a cross-family order
CRR-STAGEII-CONFIRM-2026-07-22,21c5b970e734ed79636df2f3882d4d85460c5efa40b88e59b9b9a3f34a25c0ff,ATTRIBUTION,202607227014,ATTR-M0-D1,block_subset_optimization,numpy_PCG64,202607227014,512,d6f298630d290d2a572b6d076748a280b4ae5faa08c9629df45de6b52ab0822d,student_t_df4,0.25,student_t_df5,0.1953801683718518,WITHIN_NAMED_FAMILY_ONLY; scalar tail dependence is not a cross-family order
CRR-STAGEII-CONFIRM-2026-07-22,21c5b970e734ed79636df2f3882d4d85460c5efa40b88e59b9b9a3f34a25c0ff,ATTRIBUTION,202607227014,ATTR-M1-D0,block_subset_optimization,numpy_PCG64,202607227014,512,ffa6e03d950565c71f060402d69342a441e121b8a755a89c02d0a2c8abccf72e,gaussian,0.0,student_t_df5,0.0,WITHIN_NAMED_FAMILY_ONLY; scalar tail dependence is not a cross-family order
CRR-STAGEII-CONFIRM-2026-07-22,21c5b970e734ed79636df2f3882d4d85460c5efa40b88e59b9b9a3f34a25c0ff,ATTRIBUTION,202607227014,ATTR-M1-D1,block_subset_optimization,numpy_PCG64,202607227014,512,6e659e36da65eb313c89661f41b49c287e475beef1f2724ae43019bcc6aed5df,student_t_df4,0.25,student_t_df5,0.1953801683718518,WITHIN_NAMED_FAMILY_ONLY; scalar tail dependence is not a cross-family order
CRR-STAGEII-CONFIRM-2026-07-22,21c5b970e734ed79636df2f3882d4d85460c5efa40b88e59b9b9a3f34a25c0ff,ATTRIBUTION,202607227014,ATTR-TRUE-EVAL,common_true_law_evaluation,numpy_PCG64,202607727014,4096,b5a35a5759ebb2c245f9e2591663b3577962d4690f9352bb7b2fe0b0a86d2175,student_t_df4,0.25,student_t_df5,0.1953801683718518,WITHIN_NAMED_FAMILY_ONLY; scalar tail dependence is not a cross-family order
CRR-STAGEII-CONFIRM-2026-07-22,21c5b970e734ed79636df2f3882d4d85460c5efa40b88e59b9b9a3f34a25c0ff,ATTRIBUTION,202607227015,ATTR-M0-D0,block_subset_optimization,numpy_PCG64,202607227015,512,1d18408f9a075c58555c43f3ee206b0a9e208c9987573126f8331a62c21de646,gaussian,0.0,student_t_df5,0.0,WITHIN_NAMED_FAMILY_ONLY; scalar tail dependence is not a cross-family order
CRR-STAGEII-CONFIRM-2026-07-22,21c5b970e734ed79636df2f3882d4d85460c5efa40b88e59b9b9a3f34a25c0ff,ATTRIBUTION,202607227015,ATTR-M0-D1,block_subset_optimization,numpy_PCG64,202607227015,512,f99ec60b003aa014c9b4ae1611f256e0b22b756becd8d2c1a83ad780af394fb3,student_t_df4,0.25,student_t_df5,0.1953801683718518,WITHIN_NAMED_FAMILY_ONLY; scalar tail dependence is not a cross-family order
CRR-STAGEII-CONFIRM-2026-07-22,21c5b970e734ed79636df2f3882d4d85460c5efa40b88e59b9b9a3f34a25c0ff,ATTRIBUTION,202607227015,ATTR-M1-D0,block_subset_optimization,numpy_PCG64,202607227015,512,05dc96b18eb5184c1c3916dc3876685808a895d7336e81b1f736c05e98f33587,gaussian,0.0,student_t_df5,0.0,WITHIN_NAMED_FAMILY_ONLY; scalar tail dependence is not a cross-family order
CRR-STAGEII-CONFIRM-2026-07-22,21c5b970e734ed79636df2f3882d4d85460c5efa40b88e59b9b9a3f34a25c0ff,ATTRIBUTION,202607227015,ATTR-M1-D1,block_subset_optimization,numpy_PCG64,202607227015,512,8f7d24b0267939c8110ee63cb9226b675e67899fef38b0dca9962a71faf6bc88,student_t_df4,0.25,student_t_df5,0.1953801683718518,WITHIN_NAMED_FAMILY_ONLY; scalar tail dependence is not a cross-family order
CRR-STAGEII-CONFIRM-2026-07-22,21c5b970e734ed79636df2f3882d4d85460c5efa40b88e59b9b9a3f34a25c0ff,ATTRIBUTION,202607227015,ATTR-TRUE-EVAL,common_true_law_evaluation,numpy_PCG64,202607727015,4096,bf8c4b1e563efacd541809655c14f766075782df3552c79fa7857c5640dcd9ad,student_t_df4,0.25,student_t_df5,0.1953801683718518,WITHIN_NAMED_FAMILY_ONLY; scalar tail dependence is not a cross-family order
CRR-STAGEII-CONFIRM-2026-07-22,21c5b970e734ed79636df2f3882d4d85460c5efa40b88e59b9b9a3f34a25c0ff,ATTRIBUTION,202607227016,ATTR-M0-D0,block_subset_optimization,numpy_PCG64,202607227016,512,4fe0b829652f878d28ad5fd405b730b5f319f2beb0cf419bac709a7ac38ed533,gaussian,0.0,student_t_df5,0.0,WITHIN_NAMED_FAMILY_ONLY; scalar tail dependence is not a cross-family order
CRR-STAGEII-CONFIRM-2026-07-22,21c5b970e734ed79636df2f3882d4d85460c5efa40b88e59b9b9a3f34a25c0ff,ATTRIBUTION,202607227016,ATTR-M0-D1,block_subset_optimization,numpy_PCG64,202607227016,512,d85bb09f13c9ff2463ba2d351550262cbfc94a3f9e2213bee76896aaf16a0d27,student_t_df4,0.25,student_t_df5,0.1953801683718518,WITHIN_NAMED_FAMILY_ONLY; scalar tail dependence is not a cross-family order
CRR-STAGEII-CONFIRM-2026-07-22,21c5b970e734ed79636df2f3882d4d85460c5efa40b88e59b9b9a3f34a25c0ff,ATTRIBUTION,202607227016,ATTR-M1-D0,block_subset_optimization,numpy_PCG64,202607227016,512,e6057ef1b7083f6d2626fe4d8e481d6c2aaf231b218858fec8981f00d8a9907b,gaussian,0.0,student_t_df5,0.0,WITHIN_NAMED_FAMILY_ONLY; scalar tail dependence is not a cross-family order
CRR-STAGEII-CONFIRM-2026-07-22,21c5b970e734ed79636df2f3882d4d85460c5efa40b88e59b9b9a3f34a25c0ff,ATTRIBUTION,202607227016,ATTR-M1-D1,block_subset_optimization,numpy_PCG64,202607227016,512,ea0dcf0b6bf3b8b0a309bfbcf92f69bc52825ae9979af6ff35b6f2a77a30925b,student_t_df4,0.25,student_t_df5,0.1953801683718518,WITHIN_NAMED_FAMILY_ONLY; scalar tail dependence is not a cross-family order
CRR-STAGEII-CONFIRM-2026-07-22,21c5b970e734ed79636df2f3882d4d85460c5efa40b88e59b9b9a3f34a25c0ff,ATTRIBUTION,202607227016,ATTR-TRUE-EVAL,common_true_law_evaluation,numpy_PCG64,202607727016,4096,dee5eb721d845447f35fa4904e409c0b6ab8c9357a49e81dfe9dfad3c8b19e5f,student_t_df4,0.25,student_t_df5,0.1953801683718518,WITHIN_NAMED_FAMILY_ONLY; scalar tail dependence is not a cross-family order
CRR-STAGEII-CONFIRM-2026-07-22,21c5b970e734ed79636df2f3882d4d85460c5efa40b88e59b9b9a3f34a25c0ff,E1,202607221001,E1-GAP-+0000.0,margin_control,numpy_PCG64,202607221001,512,bd5536517f8aeeb4d05cc0e33e54c8d3e899728d02edd6962b49957c3043f621,gaussian,0.25,student_t_df5,0.0,WITHIN_NAMED_FAMILY_ONLY; scalar tail dependence is not a cross-family order
CRR-STAGEII-CONFIRM-2026-07-22,21c5b970e734ed79636df2f3882d4d85460c5efa40b88e59b9b9a3f34a25c0ff,E1,202607221001,E1-GAP-+0005.0,margin_control,numpy_PCG64,202607221001,512,cbdbdc645a09079f34cb8c0ccef461c8437740552f2bf12f563f940fcbff8461,gaussian,0.25,student_t_df5,0.0,WITHIN_NAMED_FAMILY_ONLY; scalar tail dependence is not a cross-family order
CRR-STAGEII-CONFIRM-2026-07-22,21c5b970e734ed79636df2f3882d4d85460c5efa40b88e59b9b9a3f34a25c0ff,E1,202607221001,E1-GAP-+0025.0,margin_control,numpy_PCG64,202607221001,512,a42f9dbd4517bf4a1edb3016676e8eb42a58bb3a2022b2379eede351a5bdfde5,gaussian,0.25,student_t_df5,0.0,WITHIN_NAMED_FAMILY_ONLY; scalar tail dependence is not a cross-family order
CRR-STAGEII-CONFIRM-2026-07-22,21c5b970e734ed79636df2f3882d4d85460c5efa40b88e59b9b9a3f34a25c0ff,E1,202607221001,E1-GAP-+0100.0,margin_control,numpy_PCG64,202607221001,512,9cc558ab0140a2381e6d1f97f13b481f66b016b81936613e4fb19a76856b1250,gaussian,0.25,student_t_df5,0.0,WITHIN_NAMED_FAMILY_ONLY; scalar tail dependence is not a cross-family order
CRR-STAGEII-CONFIRM-2026-07-22,21c5b970e734ed79636df2f3882d4d85460c5efa40b88e59b9b9a3f34a25c0ff,E1,202607221001,E1-GAP--0025.0,margin_control,numpy_PCG64,202607221001,512,d6a3a942c014286f508e1957d791770bbacab5fc20cf8583fd72f6859cf8e850,gaussian,0.25,student_t_df5,0.0,WITHIN_NAMED_FAMILY_ONLY; scalar tail dependence is not a cross-family order
CRR-STAGEII-CONFIRM-2026-07-22,21c5b970e734ed79636df2f3882d4d85460c5efa40b88e59b9b9a3f34a25c0ff,E1,202607221002,E1-GAP-+0000.0,margin_control,numpy_PCG64,202607221002,512,dc80d4999d946fe20945367500e263f3ef5968393ceca02156cb55338d683cb1,gaussian,0.25,student_t_df5,0.0,WITHIN_NAMED_FAMILY_ONLY; scalar tail dependence is not a cross-family order
CRR-STAGEII-CONFIRM-2026-07-22,21c5b970e734ed79636df2f3882d4d85460c5efa40b88e59b9b9a3f34a25c0ff,E1,202607221002,E1-GAP-+0005.0,margin_control,numpy_PCG64,202607221002,512,a91e4af5996c756832608bc6d649c4f0d2f55edeccee7105450d83d0a4ad5d6b,gaussian,0.25,student_t_df5,0.0,WITHIN_NAMED_FAMILY_ONLY; scalar tail dependence is not a cross-family order
CRR-STAGEII-CONFIRM-2026-07-22,21c5b970e734ed79636df2f3882d4d85460c5efa40b88e59b9b9a3f34a25c0ff,E1,202607221002,E1-GAP-+0025.0,margin_control,numpy_PCG64,202607221002,512,68da2e963d946d40047900b97da05102ec569881905ba273127681fb3f54c20c,gaussian,0.25,student_t_df5,0.0,WITHIN_NAMED_FAMILY_ONLY; scalar tail dependence is not a cross-family order
CRR-STAGEII-CONFIRM-2026-07-22,21c5b970e734ed79636df2f3882d4d85460c5efa40b88e59b9b9a3f34a25c0ff,E1,202607221002,E1-GAP-+0100.0,margin_control,numpy_PCG64,202607221002,512,32a2905e5a402cdf085be4bccfb505b12754b1823136f5d76cddfb2f31d8a54f,gaussian,0.25,student_t_df5,0.0,WITHIN_NAMED_FAMILY_ONLY; scalar tail dependence is not a cross-family order
CRR-STAGEII-CONFIRM-2026-07-22,21c5b970e734ed79636df2f3882d4d85460c5efa40b88e59b9b9a3f34a25c0ff,E1,202607221002,E1-GAP--0025.0,margin_control,numpy_PCG64,202607221002,512,9e2129727fd36e5c11c124ccac0857ffc486f0430d03a64b5ce6b2cc5b2e9875,gaussian,0.25,student_t_df5,0.0,WITHIN_NAMED_FAMILY_ONLY; scalar tail dependence is not a cross-family order
CRR-STAGEII-CONFIRM-2026-07-22,21c5b970e734ed79636df2f3882d4d85460c5efa40b88e59b9b9a3f34a25c0ff,E1,202607221003,E1-GAP-+0000.0,margin_control,numpy_PCG64,202607221003,512,15a97551166b786196203c725f02a1c49e4149a71defb1fdd3393a452c776eab,gaussian,0.25,student_t_df5,0.0,WITHIN_NAMED_FAMILY_ONLY; scalar tail dependence is not a cross-family order
CRR-STAGEII-CONFIRM-2026-07-22,21c5b970e734ed79636df2f3882d4d85460c5efa40b88e59b9b9a3f34a25c0ff,E1,202607221003,E1-GAP-+0005.0,margin_control,numpy_PCG64,202607221003,512,5360b7400f3438c3d087f62f1173913130907aaef3dba18de5da6affd487b573,gaussian,0.25,student_t_df5,0.0,WITHIN_NAMED_FAMILY_ONLY; scalar tail dependence is not a cross-family order
CRR-STAGEII-CONFIRM-2026-07-22,21c5b970e734ed79636df2f3882d4d85460c5efa40b88e59b9b9a3f34a25c0ff,E1,202607221003,E1-GAP-+0025.0,margin_control,numpy_PCG64,202607221003,512,86599ddedb109c0486deb12b4e6c82c526b2545cff4824ec47727ef27f8d45f1,gaussian,0.25,student_t_df5,0.0,WITHIN_NAMED_FAMILY_ONLY; scalar tail dependence is not a cross-family order
CRR-STAGEII-CONFIRM-2026-07-22,21c5b970e734ed79636df2f3882d4d85460c5efa40b88e59b9b9a3f34a25c0ff,E1,202607221003,E1-GAP-+0100.0,margin_control,numpy_PCG64,202607221003,512,c016d401d7d8e5176ba1cd74ad1b174203a585ce7e97a262036e5de943dd7f6b,gaussian,0.25,student_t_df5,0.0,WITHIN_NAMED_FAMILY_ONLY; scalar tail dependence is not a cross-family order
CRR-STAGEII-CONFIRM-2026-07-22,21c5b970e734ed79636df2f3882d4d85460c5efa40b88e59b9b9a3f34a25c0ff,E1,202607221003,E1-GAP--0025.0,margin_control,numpy_PCG64,202607221003,512,c13a6a5c34116964c3e9877208cd38d4e28b3808fbaf1c4cee86177b16636490,gaussian,0.25,student_t_df5,0.0,WITHIN_NAMED_FAMILY_ONLY; scalar tail dependence is not a cross-family order
CRR-STAGEII-CONFIRM-2026-07-22,21c5b970e734ed79636df2f3882d4d85460c5efa40b88e59b9b9a3f34a25c0ff,E1,202607221004,E1-GAP-+0000.0,margin_control,numpy_PCG64,202607221004,512,b544b688a6c5b142a803061761500ce6776a29c52e0876edcc73b5971a8e40d6,gaussian,0.25,student_t_df5,0.0,WITHIN_NAMED_FAMILY_ONLY; scalar tail dependence is not a cross-family order
CRR-STAGEII-CONFIRM-2026-07-22,21c5b970e734ed79636df2f3882d4d85460c5efa40b88e59b9b9a3f34a25c0ff,E1,202607221004,E1-GAP-+0005.0,margin_control,numpy_PCG64,202607221004,512,917b98ed361795fdeac61722e92a9ba7c165af39cd38b09e916a550dac344999,gaussian,0.25,student_t_df5,0.0,WITHIN_NAMED_FAMILY_ONLY; scalar tail dependence is not a cross-family order
CRR-STAGEII-CONFIRM-2026-07-22,21c5b970e734ed79636df2f3882d4d85460c5efa40b88e59b9b9a3f34a25c0ff,E1,202607221004,E1-GAP-+0025.0,margin_control,numpy_PCG64,202607221004,512,3acc7ff53634bf8d6b5ac765c9d69a37391cb67d3460d8935f69ec14ef18c7b5,gaussian,0.25,student_t_df5,0.0,WITHIN_NAMED_FAMILY_ONLY; scalar tail dependence is not a cross-family order
CRR-STAGEII-CONFIRM-2026-07-22,21c5b970e734ed79636df2f3882d4d85460c5efa40b88e59b9b9a3f34a25c0ff,E1,202607221004,E1-GAP-+0100.0,margin_control,numpy_PCG64,202607221004,512,5d491c17f074978765012e1d2153752e049cdadba6dcfedf51bf8442b754aa90,gaussian,0.25,student_t_df5,0.0,WITHIN_NAMED_FAMILY_ONLY; scalar tail dependence is not a cross-family order
CRR-STAGEII-CONFIRM-2026-07-22,21c5b970e734ed79636df2f3882d4d85460c5efa40b88e59b9b9a3f34a25c0ff,E1,202607221004,E1-GAP--0025.0,margin_control,numpy_PCG64,202607221004,512,475f646f219d0e9150142ca4169f251baacdf7670cd42efcad16547b491228c0,gaussian,0.25,student_t_df5,0.0,WITHIN_NAMED_FAMILY_ONLY; scalar tail dependence is not a cross-family order
CRR-STAGEII-CONFIRM-2026-07-22,21c5b970e734ed79636df2f3882d4d85460c5efa40b88e59b9b9a3f34a25c0ff,E1,202607221005,E1-GAP-+0000.0,margin_control,numpy_PCG64,202607221005,512,31a82785840ae614a52706fb04c355200498cf47a2d3a53095c766fd55443899,gaussian,0.25,student_t_df5,0.0,WITHIN_NAMED_FAMILY_ONLY; scalar tail dependence is not a cross-family order
CRR-STAGEII-CONFIRM-2026-07-22,21c5b970e734ed79636df2f3882d4d85460c5efa40b88e59b9b9a3f34a25c0ff,E1,202607221005,E1-GAP-+0005.0,margin_control,numpy_PCG64,202607221005,512,467c9d717cd533026bd50ed4140ddb30aaa4950e7c3fa2d375f7f5e59fcfd46a,gaussian,0.25,student_t_df5,0.0,WITHIN_NAMED_FAMILY_ONLY; scalar tail dependence is not a cross-family order
CRR-STAGEII-CONFIRM-2026-07-22,21c5b970e734ed79636df2f3882d4d85460c5efa40b88e59b9b9a3f34a25c0ff,E1,202607221005,E1-GAP-+0025.0,margin_control,numpy_PCG64,202607221005,512,b8da04f4a4e8933cbdd67eefbd0d0e8e5be8eb535abe3ec236bf4a748515ba95,gaussian,0.25,student_t_df5,0.0,WITHIN_NAMED_FAMILY_ONLY; scalar tail dependence is not a cross-family order
CRR-STAGEII-CONFIRM-2026-07-22,21c5b970e734ed79636df2f3882d4d85460c5efa40b88e59b9b9a3f34a25c0ff,E1,202607221005,E1-GAP-+0100.0,margin_control,numpy_PCG64,202607221005,512,ed5ff8b1a56879fb834f91a2c1832ab822e523e6062e1e7d4204593d24957fc6,gaussian,0.25,student_t_df5,0.0,WITHIN_NAMED_FAMILY_ONLY; scalar tail dependence is not a cross-family order
CRR-STAGEII-CONFIRM-2026-07-22,21c5b970e734ed79636df2f3882d4d85460c5efa40b88e59b9b9a3f34a25c0ff,E1,202607221005,E1-GAP--0025.0,margin_control,numpy_PCG64,202607221005,512,a84ecc8b9ec159515b2560220c0db55b0258bd4b23aa2b5835e824d2ca6cf1f4,gaussian,0.25,student_t_df5,0.0,WITHIN_NAMED_FAMILY_ONLY; scalar tail dependence is not a cross-family order
CRR-STAGEII-CONFIRM-2026-07-22,21c5b970e734ed79636df2f3882d4d85460c5efa40b88e59b9b9a3f34a25c0ff,E1,202607221006,E1-GAP-+0000.0,margin_control,numpy_PCG64,202607221006,512,7ec0d84ef267411fe4a0cc4c3172d972b60f56bade7dd428cbf4007e0ec7a4f6,gaussian,0.25,student_t_df5,0.0,WITHIN_NAMED_FAMILY_ONLY; scalar tail dependence is not a cross-family order
CRR-STAGEII-CONFIRM-2026-07-22,21c5b970e734ed79636df2f3882d4d85460c5efa40b88e59b9b9a3f34a25c0ff,E1,202607221006,E1-GAP-+0005.0,margin_control,numpy_PCG64,202607221006,512,99253bcef55ab14645c7951d6c6dbcdd5266cf610cfa2fa3f6b9acd434369f74,gaussian,0.25,student_t_df5,0.0,WITHIN_NAMED_FAMILY_ONLY; scalar tail dependence is not a cross-family order
CRR-STAGEII-CONFIRM-2026-07-22,21c5b970e734ed79636df2f3882d4d85460c5efa40b88e59b9b9a3f34a25c0ff,E1,202607221006,E1-GAP-+0025.0,margin_control,numpy_PCG64,202607221006,512,c83e781caf91d2009d22ea3675fbafd0d4cc61f9422b099d8bff3ed34891e06f,gaussian,0.25,student_t_df5,0.0,WITHIN_NAMED_FAMILY_ONLY; scalar tail dependence is not a cross-family order
CRR-STAGEII-CONFIRM-2026-07-22,21c5b970e734ed79636df2f3882d4d85460c5efa40b88e59b9b9a3f34a25c0ff,E1,202607221006,E1-GAP-+0100.0,margin_control,numpy_PCG64,202607221006,512,12410170a926fa1126aaa5d08488092dd1f8a0cabf9575d68a04dad48ac1959f,gaussian,0.25,student_t_df5,0.0,WITHIN_NAMED_FAMILY_ONLY; scalar tail dependence is not a cross-family order
CRR-STAGEII-CONFIRM-2026-07-22,21c5b970e734ed79636df2f3882d4d85460c5efa40b88e59b9b9a3f34a25c0ff,E1,202607221006,E1-GAP--0025.0,margin_control,numpy_PCG64,202607221006,512,d39f85ca5410aeab805de38032cc382969e507513b42872ce00480dd9d472083,gaussian,0.25,student_t_df5,0.0,WITHIN_NAMED_FAMILY_ONLY; scalar tail dependence is not a cross-family order
CRR-STAGEII-CONFIRM-2026-07-22,21c5b970e734ed79636df2f3882d4d85460c5efa40b88e59b9b9a3f34a25c0ff,E1,202607221007,E1-GAP-+0000.0,margin_control,numpy_PCG64,202607221007,512,56ea8a69565d036ef49fdb1e2c0dbc2d26bac3410274eba641152e651ca6dae2,gaussian,0.25,student_t_df5,0.0,WITHIN_NAMED_FAMILY_ONLY; scalar tail dependence is not a cross-family order
CRR-STAGEII-CONFIRM-2026-07-22,21c5b970e734ed79636df2f3882d4d85460c5efa40b88e59b9b9a3f34a25c0ff,E1,202607221007,E1-GAP-+0005.0,margin_control,numpy_PCG64,202607221007,512,e60e58cc3961b0b790d35107cd90d0af6a9da05808c0854786e07485e647d8b8,gaussian,0.25,student_t_df5,0.0,WITHIN_NAMED_FAMILY_ONLY; scalar tail dependence is not a cross-family order
CRR-STAGEII-CONFIRM-2026-07-22,21c5b970e734ed79636df2f3882d4d85460c5efa40b88e59b9b9a3f34a25c0ff,E1,202607221007,E1-GAP-+0025.0,margin_control,numpy_PCG64,202607221007,512,93313cdb46fb272f07fe3938f1039781bfe05cf015bccc66d83ae0919ad116f0,gaussian,0.25,student_t_df5,0.0,WITHIN_NAMED_FAMILY_ONLY; scalar tail dependence is not a cross-family order
CRR-STAGEII-CONFIRM-2026-07-22,21c5b970e734ed79636df2f3882d4d85460c5efa40b88e59b9b9a3f34a25c0ff,E1,202607221007,E1-GAP-+0100.0,margin_control,numpy_PCG64,202607221007,512,b84ba7a82f10bd62c437fb0c21e43ca49421a7f9e97e0437f87b3ce750b48f02,gaussian,0.25,student_t_df5,0.0,WITHIN_NAMED_FAMILY_ONLY; scalar tail dependence is not a cross-family order
CRR-STAGEII-CONFIRM-2026-07-22,21c5b970e734ed79636df2f3882d4d85460c5efa40b88e59b9b9a3f34a25c0ff,E1,202607221007,E1-GAP--0025.0,margin_control,numpy_PCG64,202607221007,512,3c14c4bd4224fe63779b00ee6916a277da7f6561d9150811932eb2d9bc21cf81,gaussian,0.25,student_t_df5,0.0,WITHIN_NAMED_FAMILY_ONLY; scalar tail dependence is not a cross-family order
CRR-STAGEII-CONFIRM-2026-07-22,21c5b970e734ed79636df2f3882d4d85460c5efa40b88e59b9b9a3f34a25c0ff,E1,202607221008,E1-GAP-+0000.0,margin_control,numpy_PCG64,202607221008,512,fe53218b0f315eb965f318193f62fbf467ae5b6274ba0d2d0b01441917e7fda7,gaussian,0.25,student_t_df5,0.0,WITHIN_NAMED_FAMILY_ONLY; scalar tail dependence is not a cross-family order
CRR-STAGEII-CONFIRM-2026-07-22,21c5b970e734ed79636df2f3882d4d85460c5efa40b88e59b9b9a3f34a25c0ff,E1,202607221008,E1-GAP-+0005.0,margin_control,numpy_PCG64,202607221008,512,e15c75df0e5be916bfb6cc378180a46398c27cc41a02462bd1f929646ffdbeec,gaussian,0.25,student_t_df5,0.0,WITHIN_NAMED_FAMILY_ONLY; scalar tail dependence is not a cross-family order
CRR-STAGEII-CONFIRM-2026-07-22,21c5b970e734ed79636df2f3882d4d85460c5efa40b88e59b9b9a3f34a25c0ff,E1,202607221008,E1-GAP-+0025.0,margin_control,numpy_PCG64,202607221008,512,53fa42515899122b751642a3655f922ef172d47091ceb369b25536a9bbe93713,gaussian,0.25,student_t_df5,0.0,WITHIN_NAMED_FAMILY_ONLY; scalar tail dependence is not a cross-family order
CRR-STAGEII-CONFIRM-2026-07-22,21c5b970e734ed79636df2f3882d4d85460c5efa40b88e59b9b9a3f34a25c0ff,E1,202607221008,E1-GAP-+0100.0,margin_control,numpy_PCG64,202607221008,512,39077dc546856c065b4131f92e00de605439c6d766ca19de45695b6ba1584be7,gaussian,0.25,student_t_df5,0.0,WITHIN_NAMED_FAMILY_ONLY; scalar tail dependence is not a cross-family order
CRR-STAGEII-CONFIRM-2026-07-22,21c5b970e734ed79636df2f3882d4d85460c5efa40b88e59b9b9a3f34a25c0ff,E1,202607221008,E1-GAP--0025.0,margin_control,numpy_PCG64,202607221008,512,a7a3875ca41df9ba6f14fbc30ba700ae530b3061f429f1327e02c555498e7b5d,gaussian,0.25,student_t_df5,0.0,WITHIN_NAMED_FAMILY_ONLY; scalar tail dependence is not a cross-family order
CRR-STAGEII-CONFIRM-2026-07-22,21c5b970e734ed79636df2f3882d4d85460c5efa40b88e59b9b9a3f34a25c0ff,E1,202607221009,E1-GAP-+0000.0,margin_control,numpy_PCG64,202607221009,512,f8ba3937043f232c81e039c003c1fa858d55d85440c48ac24311d4bf9a8f26a9,gaussian,0.25,student_t_df5,0.0,WITHIN_NAMED_FAMILY_ONLY; scalar tail dependence is not a cross-family order
CRR-STAGEII-CONFIRM-2026-07-22,21c5b970e734ed79636df2f3882d4d85460c5efa40b88e59b9b9a3f34a25c0ff,E1,202607221009,E1-GAP-+0005.0,margin_control,numpy_PCG64,202607221009,512,bb773d532e2071f49a20f60a0d29df70a9784f680936cb4f0cf00b5626e47c19,gaussian,0.25,student_t_df5,0.0,WITHIN_NAMED_FAMILY_ONLY; scalar tail dependence is not a cross-family order
CRR-STAGEII-CONFIRM-2026-07-22,21c5b970e734ed79636df2f3882d4d85460c5efa40b88e59b9b9a3f34a25c0ff,E1,202607221009,E1-GAP-+0025.0,margin_control,numpy_PCG64,202607221009,512,e9da8c387c9d9dba25f6538607b855d86cf23c613ec110ef339b054e1027c3ac,gaussian,0.25,student_t_df5,0.0,WITHIN_NAMED_FAMILY_ONLY; scalar tail dependence is not a cross-family order
CRR-STAGEII-CONFIRM-2026-07-22,21c5b970e734ed79636df2f3882d4d85460c5efa40b88e59b9b9a3f34a25c0ff,E1,202607221009,E1-GAP-+0100.0,margin_control,numpy_PCG64,202607221009,512,b1a1435176f6e3d143ae38b02a8981051e5d88e71b62eb43e2553d059bbfaa9c,gaussian,0.25,student_t_df5,0.0,WITHIN_NAMED_FAMILY_ONLY; scalar tail dependence is not a cross-family order
CRR-STAGEII-CONFIRM-2026-07-22,21c5b970e734ed79636df2f3882d4d85460c5efa40b88e59b9b9a3f34a25c0ff,E1,202607221009,E1-GAP--0025.0,margin_control,numpy_PCG64,202607221009,512,9d8a22a037054f24e606a1e018278c384d1bc958122123d435568945e1dc779c,gaussian,0.25,student_t_df5,0.0,WITHIN_NAMED_FAMILY_ONLY; scalar tail dependence is not a cross-family order
CRR-STAGEII-CONFIRM-2026-07-22,21c5b970e734ed79636df2f3882d4d85460c5efa40b88e59b9b9a3f34a25c0ff,E1,202607221010,E1-GAP-+0000.0,margin_control,numpy_PCG64,202607221010,512,1803d3c043483728334c3aaebb07d8a7db6298d3cdea7caf1348eaf32d03c6d1,gaussian,0.25,student_t_df5,0.0,WITHIN_NAMED_FAMILY_ONLY; scalar tail dependence is not a cross-family order
CRR-STAGEII-CONFIRM-2026-07-22,21c5b970e734ed79636df2f3882d4d85460c5efa40b88e59b9b9a3f34a25c0ff,E1,202607221010,E1-GAP-+0005.0,margin_control,numpy_PCG64,202607221010,512,7ad695d23b4bee473be0bc9d9c18cf1f1a3607535c28b313627d149781807bcd,gaussian,0.25,student_t_df5,0.0,WITHIN_NAMED_FAMILY_ONLY; scalar tail dependence is not a cross-family order
CRR-STAGEII-CONFIRM-2026-07-22,21c5b970e734ed79636df2f3882d4d85460c5efa40b88e59b9b9a3f34a25c0ff,E1,202607221010,E1-GAP-+0025.0,margin_control,numpy_PCG64,202607221010,512,7f7352ea21538e3786ee1020cbdde0be5ec1884323f4ebdc14aacd330b61bf87,gaussian,0.25,student_t_df5,0.0,WITHIN_NAMED_FAMILY_ONLY; scalar tail dependence is not a cross-family order
CRR-STAGEII-CONFIRM-2026-07-22,21c5b970e734ed79636df2f3882d4d85460c5efa40b88e59b9b9a3f34a25c0ff,E1,202607221010,E1-GAP-+0100.0,margin_control,numpy_PCG64,202607221010,512,105c67b8014fcd9ebb1cf3b91f21deff63b10ffd70ecb58157f24cac288fc905,gaussian,0.25,student_t_df5,0.0,WITHIN_NAMED_FAMILY_ONLY; scalar tail dependence is not a cross-family order
CRR-STAGEII-CONFIRM-2026-07-22,21c5b970e734ed79636df2f3882d4d85460c5efa40b88e59b9b9a3f34a25c0ff,E1,202607221010,E1-GAP--0025.0,margin_control,numpy_PCG64,202607221010,512,6f87383457600eed1a8b893358b1ea695bb65edbb230269d872ea74b10871374,gaussian,0.25,student_t_df5,0.0,WITHIN_NAMED_FAMILY_ONLY; scalar tail dependence is not a cross-family order
CRR-STAGEII-CONFIRM-2026-07-22,21c5b970e734ed79636df2f3882d4d85460c5efa40b88e59b9b9a3f34a25c0ff,E1,202607221011,E1-GAP-+0000.0,margin_control,numpy_PCG64,202607221011,512,601bcafcdde24dd87812be95b113e5e3a1672917b7cecb1b72b00703d8af7356,gaussian,0.25,student_t_df5,0.0,WITHIN_NAMED_FAMILY_ONLY; scalar tail dependence is not a cross-family order
CRR-STAGEII-CONFIRM-2026-07-22,21c5b970e734ed79636df2f3882d4d85460c5efa40b88e59b9b9a3f34a25c0ff,E1,202607221011,E1-GAP-+0005.0,margin_control,numpy_PCG64,202607221011,512,2183f5998e0aa136bc4663dfde6e644642c39359a46486cda27c637cd85ad3e2,gaussian,0.25,student_t_df5,0.0,WITHIN_NAMED_FAMILY_ONLY; scalar tail dependence is not a cross-family order
CRR-STAGEII-CONFIRM-2026-07-22,21c5b970e734ed79636df2f3882d4d85460c5efa40b88e59b9b9a3f34a25c0ff,E1,202607221011,E1-GAP-+0025.0,margin_control,numpy_PCG64,202607221011,512,d1f56a6b141600ef09050102955e5e067626cbee11487cc86a27640482cf4cd0,gaussian,0.25,student_t_df5,0.0,WITHIN_NAMED_FAMILY_ONLY; scalar tail dependence is not a cross-family order
CRR-STAGEII-CONFIRM-2026-07-22,21c5b970e734ed79636df2f3882d4d85460c5efa40b88e59b9b9a3f34a25c0ff,E1,202607221011,E1-GAP-+0100.0,margin_control,numpy_PCG64,202607221011,512,69bc962d34acc16301847b744001769011398aacc17ba86851809944eac3d634,gaussian,0.25,student_t_df5,0.0,WITHIN_NAMED_FAMILY_ONLY; scalar tail dependence is not a cross-family order
CRR-STAGEII-CONFIRM-2026-07-22,21c5b970e734ed79636df2f3882d4d85460c5efa40b88e59b9b9a3f34a25c0ff,E1,202607221011,E1-GAP--0025.0,margin_control,numpy_PCG64,202607221011,512,9a4942b121cfdea0fea7032e5ceea2c2f868609d78088807441c0043fbab3792,gaussian,0.25,student_t_df5,0.0,WITHIN_NAMED_FAMILY_ONLY; scalar tail dependence is not a cross-family order
CRR-STAGEII-CONFIRM-2026-07-22,21c5b970e734ed79636df2f3882d4d85460c5efa40b88e59b9b9a3f34a25c0ff,E1,202607221012,E1-GAP-+0000.0,margin_control,numpy_PCG64,202607221012,512,3fa112eadfc3cd3c8cdc5b2f9226c1664ce08909ea5236adaf8796b63fc93d67,gaussian,0.25,student_t_df5,0.0,WITHIN_NAMED_FAMILY_ONLY; scalar tail dependence is not a cross-family order
CRR-STAGEII-CONFIRM-2026-07-22,21c5b970e734ed79636df2f3882d4d85460c5efa40b88e59b9b9a3f34a25c0ff,E1,202607221012,E1-GAP-+0005.0,margin_control,numpy_PCG64,202607221012,512,7283cd31acb795709456fdaccc3488b1ef1c5205902ab2123ceca35c7c16fcc3,gaussian,0.25,student_t_df5,0.0,WITHIN_NAMED_FAMILY_ONLY; scalar tail dependence is not a cross-family order
CRR-STAGEII-CONFIRM-2026-07-22,21c5b970e734ed79636df2f3882d4d85460c5efa40b88e59b9b9a3f34a25c0ff,E1,202607221012,E1-GAP-+0025.0,margin_control,numpy_PCG64,202607221012,512,0ba8433e7820e30fedae07c22c7134c7ec195d5438eec913478551640036f0ff,gaussian,0.25,student_t_df5,0.0,WITHIN_NAMED_FAMILY_ONLY; scalar tail dependence is not a cross-family order
CRR-STAGEII-CONFIRM-2026-07-22,21c5b970e734ed79636df2f3882d4d85460c5efa40b88e59b9b9a3f34a25c0ff,E1,202607221012,E1-GAP-+0100.0,margin_control,numpy_PCG64,202607221012,512,58c15ff47f3a5d47492675c89da86b472ccbcd3e6dc04ccbb0968692a4d6369f,gaussian,0.25,student_t_df5,0.0,WITHIN_NAMED_FAMILY_ONLY; scalar tail dependence is not a cross-family order
CRR-STAGEII-CONFIRM-2026-07-22,21c5b970e734ed79636df2f3882d4d85460c5efa40b88e59b9b9a3f34a25c0ff,E1,202607221012,E1-GAP--0025.0,margin_control,numpy_PCG64,202607221012,512,156149ae123ae3c36ff2dd6ab1d4e0305745fc91b2aa721c6e30320da55541f9,gaussian,0.25,student_t_df5,0.0,WITHIN_NAMED_FAMILY_ONLY; scalar tail dependence is not a cross-family order
CRR-STAGEII-CONFIRM-2026-07-22,21c5b970e734ed79636df2f3882d4d85460c5efa40b88e59b9b9a3f34a25c0ff,E1,202607221013,E1-GAP-+0000.0,margin_control,numpy_PCG64,202607221013,512,a8a59809ac5936438193fb71474b4dd444bc73700248c61c367b40d26b98b1c3,gaussian,0.25,student_t_df5,0.0,WITHIN_NAMED_FAMILY_ONLY; scalar tail dependence is not a cross-family order
CRR-STAGEII-CONFIRM-2026-07-22,21c5b970e734ed79636df2f3882d4d85460c5efa40b88e59b9b9a3f34a25c0ff,E1,202607221013,E1-GAP-+0005.0,margin_control,numpy_PCG64,202607221013,512,7b3d85c9d049d68e9c952278ab069bb071926976897f343b42ca35ce7c358ced,gaussian,0.25,student_t_df5,0.0,WITHIN_NAMED_FAMILY_ONLY; scalar tail dependence is not a cross-family order
CRR-STAGEII-CONFIRM-2026-07-22,21c5b970e734ed79636df2f3882d4d85460c5efa40b88e59b9b9a3f34a25c0ff,E1,202607221013,E1-GAP-+0025.0,margin_control,numpy_PCG64,202607221013,512,dc26c5e9c3569298064dc7941af25a2ccf34cdf55e712e7c766280d2d461f81e,gaussian,0.25,student_t_df5,0.0,WITHIN_NAMED_FAMILY_ONLY; scalar tail dependence is not a cross-family order
CRR-STAGEII-CONFIRM-2026-07-22,21c5b970e734ed79636df2f3882d4d85460c5efa40b88e59b9b9a3f34a25c0ff,E1,202607221013,E1-GAP-+0100.0,margin_control,numpy_PCG64,202607221013,512,f791a018716bda3c881a276e2c267ae15597ec853c403584f3bb8c4015d45bf4,gaussian,0.25,student_t_df5,0.0,WITHIN_NAMED_FAMILY_ONLY; scalar tail dependence is not a cross-family order
CRR-STAGEII-CONFIRM-2026-07-22,21c5b970e734ed79636df2f3882d4d85460c5efa40b88e59b9b9a3f34a25c0ff,E1,202607221013,E1-GAP--0025.0,margin_control,numpy_PCG64,202607221013,512,69b5ac6defb27498f6a577e2c65e1367c495df82438da8eada8a666707e11f0a,gaussian,0.25,student_t_df5,0.0,WITHIN_NAMED_FAMILY_ONLY; scalar tail dependence is not a cross-family order
CRR-STAGEII-CONFIRM-2026-07-22,21c5b970e734ed79636df2f3882d4d85460c5efa40b88e59b9b9a3f34a25c0ff,E1,202607221014,E1-GAP-+0000.0,margin_control,numpy_PCG64,202607221014,512,31b195bb62022a6928324c91919a85323656a027d50c90a8eec8210ad5b12e64,gaussian,0.25,student_t_df5,0.0,WITHIN_NAMED_FAMILY_ONLY; scalar tail dependence is not a cross-family order
CRR-STAGEII-CONFIRM-2026-07-22,21c5b970e734ed79636df2f3882d4d85460c5efa40b88e59b9b9a3f34a25c0ff,E1,202607221014,E1-GAP-+0005.0,margin_control,numpy_PCG64,202607221014,512,0551e7ee39b80989a791cae9f36686521dd772ce242ed61cd9ff268a049e6cd2,gaussian,0.25,student_t_df5,0.0,WITHIN_NAMED_FAMILY_ONLY; scalar tail dependence is not a cross-family order
CRR-STAGEII-CONFIRM-2026-07-22,21c5b970e734ed79636df2f3882d4d85460c5efa40b88e59b9b9a3f34a25c0ff,E1,202607221014,E1-GAP-+0025.0,margin_control,numpy_PCG64,202607221014,512,f123c0af52d2748c729057ffd2f364726143c3ff4e8b6c6b2bd6d36fbb9b55fd,gaussian,0.25,student_t_df5,0.0,WITHIN_NAMED_FAMILY_ONLY; scalar tail dependence is not a cross-family order
CRR-STAGEII-CONFIRM-2026-07-22,21c5b970e734ed79636df2f3882d4d85460c5efa40b88e59b9b9a3f34a25c0ff,E1,202607221014,E1-GAP-+0100.0,margin_control,numpy_PCG64,202607221014,512,f2e3bd51a3570f724cbf2ba93ceb070037d83a892a933e8fcf433476c448b120,gaussian,0.25,student_t_df5,0.0,WITHIN_NAMED_FAMILY_ONLY; scalar tail dependence is not a cross-family order
CRR-STAGEII-CONFIRM-2026-07-22,21c5b970e734ed79636df2f3882d4d85460c5efa40b88e59b9b9a3f34a25c0ff,E1,202607221014,E1-GAP--0025.0,margin_control,numpy_PCG64,202607221014,512,cdc9fff315eac108a7efb9db61916da50ceffbd6f33b1568e85fad2f8f68835d,gaussian,0.25,student_t_df5,0.0,WITHIN_NAMED_FAMILY_ONLY; scalar tail dependence is not a cross-family order
CRR-STAGEII-CONFIRM-2026-07-22,21c5b970e734ed79636df2f3882d4d85460c5efa40b88e59b9b9a3f34a25c0ff,E1,202607221015,E1-GAP-+0000.0,margin_control,numpy_PCG64,202607221015,512,bcc49769e6c4e8028e92e860c20a495c398b819b806565a5fe149f9507f3ae2b,gaussian,0.25,student_t_df5,0.0,WITHIN_NAMED_FAMILY_ONLY; scalar tail dependence is not a cross-family order
CRR-STAGEII-CONFIRM-2026-07-22,21c5b970e734ed79636df2f3882d4d85460c5efa40b88e59b9b9a3f34a25c0ff,E1,202607221015,E1-GAP-+0005.0,margin_control,numpy_PCG64,202607221015,512,561eb1736ed7899cddd56157c41099b49fd20d5b1306f3ba8a50161b5f79919b,gaussian,0.25,student_t_df5,0.0,WITHIN_NAMED_FAMILY_ONLY; scalar tail dependence is not a cross-family order
CRR-STAGEII-CONFIRM-2026-07-22,21c5b970e734ed79636df2f3882d4d85460c5efa40b88e59b9b9a3f34a25c0ff,E1,202607221015,E1-GAP-+0025.0,margin_control,numpy_PCG64,202607221015,512,4cce7e56eec55c2936c964fe82d373c3d4bfd0fae596550df79fce2dd91b17a4,gaussian,0.25,student_t_df5,0.0,WITHIN_NAMED_FAMILY_ONLY; scalar tail dependence is not a cross-family order
CRR-STAGEII-CONFIRM-2026-07-22,21c5b970e734ed79636df2f3882d4d85460c5efa40b88e59b9b9a3f34a25c0ff,E1,202607221015,E1-GAP-+0100.0,margin_control,numpy_PCG64,202607221015,512,95d8e82dff25e697f9a71676c0cc98cd8734673389ec2777b748fb9c96947257,gaussian,0.25,student_t_df5,0.0,WITHIN_NAMED_FAMILY_ONLY; scalar tail dependence is not a cross-family order
CRR-STAGEII-CONFIRM-2026-07-22,21c5b970e734ed79636df2f3882d4d85460c5efa40b88e59b9b9a3f34a25c0ff,E1,202607221015,E1-GAP--0025.0,margin_control,numpy_PCG64,202607221015,512,726757b0de4b681373bec7420915228de575f21b037d63131d8e6614b0d58caf,gaussian,0.25,student_t_df5,0.0,WITHIN_NAMED_FAMILY_ONLY; scalar tail dependence is not a cross-family order
CRR-STAGEII-CONFIRM-2026-07-22,21c5b970e734ed79636df2f3882d4d85460c5efa40b88e59b9b9a3f34a25c0ff,E1,202607221016,E1-GAP-+0000.0,margin_control,numpy_PCG64,202607221016,512,e6800995f046234a04e5ab099cc01dfee42f6ea3dc46185333f48239905bd4e0,gaussian,0.25,student_t_df5,0.0,WITHIN_NAMED_FAMILY_ONLY; scalar tail dependence is not a cross-family order
CRR-STAGEII-CONFIRM-2026-07-22,21c5b970e734ed79636df2f3882d4d85460c5efa40b88e59b9b9a3f34a25c0ff,E1,202607221016,E1-GAP-+0005.0,margin_control,numpy_PCG64,202607221016,512,152bd61dcd6aef02ffb6d0f124f873c4a048b3218ff1b5183ed2f474967195d9,gaussian,0.25,student_t_df5,0.0,WITHIN_NAMED_FAMILY_ONLY; scalar tail dependence is not a cross-family order
CRR-STAGEII-CONFIRM-2026-07-22,21c5b970e734ed79636df2f3882d4d85460c5efa40b88e59b9b9a3f34a25c0ff,E1,202607221016,E1-GAP-+0025.0,margin_control,numpy_PCG64,202607221016,512,23a4eec41c852481ce864855cfc1c1c678e33eb4db20b227a1a8807d1e86e721,gaussian,0.25,student_t_df5,0.0,WITHIN_NAMED_FAMILY_ONLY; scalar tail dependence is not a cross-family order
CRR-STAGEII-CONFIRM-2026-07-22,21c5b970e734ed79636df2f3882d4d85460c5efa40b88e59b9b9a3f34a25c0ff,E1,202607221016,E1-GAP-+0100.0,margin_control,numpy_PCG64,202607221016,512,c00a2d709ef3366ccf5f86ec9ed88df57636d49e389d4fb0b5a6028a0e2d5c09,gaussian,0.25,student_t_df5,0.0,WITHIN_NAMED_FAMILY_ONLY; scalar tail dependence is not a cross-family order
CRR-STAGEII-CONFIRM-2026-07-22,21c5b970e734ed79636df2f3882d4d85460c5efa40b88e59b9b9a3f34a25c0ff,E1,202607221016,E1-GAP--0025.0,margin_control,numpy_PCG64,202607221016,512,841f788ec87a24ce45f03ac13563ecd582573e1b19718d0c14377dbbe285cb89,gaussian,0.25,student_t_df5,0.0,WITHIN_NAMED_FAMILY_ONLY; scalar tail dependence is not a cross-family order
CRR-STAGEII-CONFIRM-2026-07-22,21c5b970e734ed79636df2f3882d4d85460c5efa40b88e59b9b9a3f34a25c0ff,E1,202607221017,E1-GAP-+0000.0,margin_control,numpy_PCG64,202607221017,512,3281038892e4e4eedba09d633d877d979976516690fc567a75ce2c74180a7ce9,gaussian,0.25,student_t_df5,0.0,WITHIN_NAMED_FAMILY_ONLY; scalar tail dependence is not a cross-family order
CRR-STAGEII-CONFIRM-2026-07-22,21c5b970e734ed79636df2f3882d4d85460c5efa40b88e59b9b9a3f34a25c0ff,E1,202607221017,E1-GAP-+0005.0,margin_control,numpy_PCG64,202607221017,512,e74081f413d53b83ad1fd33d23da0e2904d6438b33bd95f336ef617481874ad2,gaussian,0.25,student_t_df5,0.0,WITHIN_NAMED_FAMILY_ONLY; scalar tail dependence is not a cross-family order
CRR-STAGEII-CONFIRM-2026-07-22,21c5b970e734ed79636df2f3882d4d85460c5efa40b88e59b9b9a3f34a25c0ff,E1,202607221017,E1-GAP-+0025.0,margin_control,numpy_PCG64,202607221017,512,a9b922f1ba89f09fb277fec6900e62132fe8ac977b53662aadda861afcfa73fc,gaussian,0.25,student_t_df5,0.0,WITHIN_NAMED_FAMILY_ONLY; scalar tail dependence is not a cross-family order
CRR-STAGEII-CONFIRM-2026-07-22,21c5b970e734ed79636df2f3882d4d85460c5efa40b88e59b9b9a3f34a25c0ff,E1,202607221017,E1-GAP-+0100.0,margin_control,numpy_PCG64,202607221017,512,dcb522a9b43cffe084fa9256fb8d1c309f73ae20bd200ff5a60c1a1a9c76ab89,gaussian,0.25,student_t_df5,0.0,WITHIN_NAMED_FAMILY_ONLY; scalar tail dependence is not a cross-family order
CRR-STAGEII-CONFIRM-2026-07-22,21c5b970e734ed79636df2f3882d4d85460c5efa40b88e59b9b9a3f34a25c0ff,E1,202607221017,E1-GAP--0025.0,margin_control,numpy_PCG64,202607221017,512,0656cd3c2f3697e829dcecf81e13dd49a50f4d433961f17ed1f256b1f09e6a84,gaussian,0.25,student_t_df5,0.0,WITHIN_NAMED_FAMILY_ONLY; scalar tail dependence is not a cross-family order
CRR-STAGEII-CONFIRM-2026-07-22,21c5b970e734ed79636df2f3882d4d85460c5efa40b88e59b9b9a3f34a25c0ff,E1,202607221018,E1-GAP-+0000.0,margin_control,numpy_PCG64,202607221018,512,2e26c0401b0e2ba8ba9a02abb53de01019cb5dbfab9583b309108f987ae3140d,gaussian,0.25,student_t_df5,0.0,WITHIN_NAMED_FAMILY_ONLY; scalar tail dependence is not a cross-family order
CRR-STAGEII-CONFIRM-2026-07-22,21c5b970e734ed79636df2f3882d4d85460c5efa40b88e59b9b9a3f34a25c0ff,E1,202607221018,E1-GAP-+0005.0,margin_control,numpy_PCG64,202607221018,512,78648072438c662271f23fcdb0ab32f9f24efa17a64b67e5707691163c2a6d28,gaussian,0.25,student_t_df5,0.0,WITHIN_NAMED_FAMILY_ONLY; scalar tail dependence is not a cross-family order
CRR-STAGEII-CONFIRM-2026-07-22,21c5b970e734ed79636df2f3882d4d85460c5efa40b88e59b9b9a3f34a25c0ff,E1,202607221018,E1-GAP-+0025.0,margin_control,numpy_PCG64,202607221018,512,5c456d8e6dc3b668bd480039d8e2600d1ea8db4698b9453cab0ee84209223819,gaussian,0.25,student_t_df5,0.0,WITHIN_NAMED_FAMILY_ONLY; scalar tail dependence is not a cross-family order
CRR-STAGEII-CONFIRM-2026-07-22,21c5b970e734ed79636df2f3882d4d85460c5efa40b88e59b9b9a3f34a25c0ff,E1,202607221018,E1-GAP-+0100.0,margin_control,numpy_PCG64,202607221018,512,4b3380d01283baecc6b132cbe2cabcae3c1f76f188a8525428ab6cbf0687e1b2,gaussian,0.25,student_t_df5,0.0,WITHIN_NAMED_FAMILY_ONLY; scalar tail dependence is not a cross-family order
CRR-STAGEII-CONFIRM-2026-07-22,21c5b970e734ed79636df2f3882d4d85460c5efa40b88e59b9b9a3f34a25c0ff,E1,202607221018,E1-GAP--0025.0,margin_control,numpy_PCG64,202607221018,512,798e7951dd6eb0ce9a4adf1ee35029b3b19645643f7bca6d5990edc5d6c6a6c9,gaussian,0.25,student_t_df5,0.0,WITHIN_NAMED_FAMILY_ONLY; scalar tail dependence is not a cross-family order
CRR-STAGEII-CONFIRM-2026-07-22,21c5b970e734ed79636df2f3882d4d85460c5efa40b88e59b9b9a3f34a25c0ff,E1,202607221019,E1-GAP-+0000.0,margin_control,numpy_PCG64,202607221019,512,55e1c331c4e92b3d859aadf845e321d9ee5f217f798180f457ca9348189f6358,gaussian,0.25,student_t_df5,0.0,WITHIN_NAMED_FAMILY_ONLY; scalar tail dependence is not a cross-family order
CRR-STAGEII-CONFIRM-2026-07-22,21c5b970e734ed79636df2f3882d4d85460c5efa40b88e59b9b9a3f34a25c0ff,E1,202607221019,E1-GAP-+0005.0,margin_control,numpy_PCG64,202607221019,512,e2039d4e3f0391531d215e836834c4100fefcc7cccf21533d435b460040b977a,gaussian,0.25,student_t_df5,0.0,WITHIN_NAMED_FAMILY_ONLY; scalar tail dependence is not a cross-family order
CRR-STAGEII-CONFIRM-2026-07-22,21c5b970e734ed79636df2f3882d4d85460c5efa40b88e59b9b9a3f34a25c0ff,E1,202607221019,E1-GAP-+0025.0,margin_control,numpy_PCG64,202607221019,512,2ee18da91bea1622e88cbddb024f0eec1b415c8bf21ee4864327ec719dfac92b,gaussian,0.25,student_t_df5,0.0,WITHIN_NAMED_FAMILY_ONLY; scalar tail dependence is not a cross-family order
CRR-STAGEII-CONFIRM-2026-07-22,21c5b970e734ed79636df2f3882d4d85460c5efa40b88e59b9b9a3f34a25c0ff,E1,202607221019,E1-GAP-+0100.0,margin_control,numpy_PCG64,202607221019,512,e16931d76bc2056c0970bbbc80cfd2879aaa5475c5ee584389d643b9735bc1cb,gaussian,0.25,student_t_df5,0.0,WITHIN_NAMED_FAMILY_ONLY; scalar tail dependence is not a cross-family order
CRR-STAGEII-CONFIRM-2026-07-22,21c5b970e734ed79636df2f3882d4d85460c5efa40b88e59b9b9a3f34a25c0ff,E1,202607221019,E1-GAP--0025.0,margin_control,numpy_PCG64,202607221019,512,52154e3890c60a7b622d02e6d313f34af77b135ac523988a99757320753582e0,gaussian,0.25,student_t_df5,0.0,WITHIN_NAMED_FAMILY_ONLY; scalar tail dependence is not a cross-family order
CRR-STAGEII-CONFIRM-2026-07-22,21c5b970e734ed79636df2f3882d4d85460c5efa40b88e59b9b9a3f34a25c0ff,E1,202607221020,E1-GAP-+0000.0,margin_control,numpy_PCG64,202607221020,512,21fa32d9434a51891b4f9e5711cf486acae07ce423f124b4ee75de3eb5607d00,gaussian,0.25,student_t_df5,0.0,WITHIN_NAMED_FAMILY_ONLY; scalar tail dependence is not a cross-family order
CRR-STAGEII-CONFIRM-2026-07-22,21c5b970e734ed79636df2f3882d4d85460c5efa40b88e59b9b9a3f34a25c0ff,E1,202607221020,E1-GAP-+0005.0,margin_control,numpy_PCG64,202607221020,512,602bfbf8737438ad64a767688c50541a14536dfc0d16238eab1eadc73b117ba8,gaussian,0.25,student_t_df5,0.0,WITHIN_NAMED_FAMILY_ONLY; scalar tail dependence is not a cross-family order
CRR-STAGEII-CONFIRM-2026-07-22,21c5b970e734ed79636df2f3882d4d85460c5efa40b88e59b9b9a3f34a25c0ff,E1,202607221020,E1-GAP-+0025.0,margin_control,numpy_PCG64,202607221020,512,743869e5c0d2a182d3b463a2978dda50a3a60740846c2cd548608ccf5ff1dc72,gaussian,0.25,student_t_df5,0.0,WITHIN_NAMED_FAMILY_ONLY; scalar tail dependence is not a cross-family order
CRR-STAGEII-CONFIRM-2026-07-22,21c5b970e734ed79636df2f3882d4d85460c5efa40b88e59b9b9a3f34a25c0ff,E1,202607221020,E1-GAP-+0100.0,margin_control,numpy_PCG64,202607221020,512,907f36ebef07df3212e8cf206447f86894ab08da4a7fea422051dfb618842493,gaussian,0.25,student_t_df5,0.0,WITHIN_NAMED_FAMILY_ONLY; scalar tail dependence is not a cross-family order
CRR-STAGEII-CONFIRM-2026-07-22,21c5b970e734ed79636df2f3882d4d85460c5efa40b88e59b9b9a3f34a25c0ff,E1,202607221020,E1-GAP--0025.0,margin_control,numpy_PCG64,202607221020,512,259d77c655e5a65a1ece554034826cf629da34a4ae61e7aee1a48bbf21805b84,gaussian,0.25,student_t_df5,0.0,WITHIN_NAMED_FAMILY_ONLY; scalar tail dependence is not a cross-family order
CRR-STAGEII-CONFIRM-2026-07-22,21c5b970e734ed79636df2f3882d4d85460c5efa40b88e59b9b9a3f34a25c0ff,E1,202607221021,E1-GAP-+0000.0,margin_control,numpy_PCG64,202607221021,512,69f33b5f75f9b4faa51e71cf253c01f86d9ef76e99d013fb1f41f329a19c59f8,gaussian,0.25,student_t_df5,0.0,WITHIN_NAMED_FAMILY_ONLY; scalar tail dependence is not a cross-family order
CRR-STAGEII-CONFIRM-2026-07-22,21c5b970e734ed79636df2f3882d4d85460c5efa40b88e59b9b9a3f34a25c0ff,E1,202607221021,E1-GAP-+0005.0,margin_control,numpy_PCG64,202607221021,512,98b87f6ea8ffee47fbdc769ae45f9772e56957916825b623d290e8e80874a323,gaussian,0.25,student_t_df5,0.0,WITHIN_NAMED_FAMILY_ONLY; scalar tail dependence is not a cross-family order
CRR-STAGEII-CONFIRM-2026-07-22,21c5b970e734ed79636df2f3882d4d85460c5efa40b88e59b9b9a3f34a25c0ff,E1,202607221021,E1-GAP-+0025.0,margin_control,numpy_PCG64,202607221021,512,bb21628922c83bb83cb19338df86d84ce86814dafd1d8b3deb24a64c01b20453,gaussian,0.25,student_t_df5,0.0,WITHIN_NAMED_FAMILY_ONLY; scalar tail dependence is not a cross-family order
CRR-STAGEII-CONFIRM-2026-07-22,21c5b970e734ed79636df2f3882d4d85460c5efa40b88e59b9b9a3f34a25c0ff,E1,202607221021,E1-GAP-+0100.0,margin_control,numpy_PCG64,202607221021,512,fc161887cd24bcc44e29b2723aa548a5740bda9e620696b4b74d366418684b57,gaussian,0.25,student_t_df5,0.0,WITHIN_NAMED_FAMILY_ONLY; scalar tail dependence is not a cross-family order
CRR-STAGEII-CONFIRM-2026-07-22,21c5b970e734ed79636df2f3882d4d85460c5efa40b88e59b9b9a3f34a25c0ff,E1,202607221021,E1-GAP--0025.0,margin_control,numpy_PCG64,202607221021,512,114271a259e294e5bb63afa4e296fe2de6ceed046775f1d76657f35961a59fa5,gaussian,0.25,student_t_df5,0.0,WITHIN_NAMED_FAMILY_ONLY; scalar tail dependence is not a cross-family order
CRR-STAGEII-CONFIRM-2026-07-22,21c5b970e734ed79636df2f3882d4d85460c5efa40b88e59b9b9a3f34a25c0ff,E1,202607221022,E1-GAP-+0000.0,margin_control,numpy_PCG64,202607221022,512,977686f18cf38fa0d0a7c31f1fc3be50ae1b92381724a046dff002327898403f,gaussian,0.25,student_t_df5,0.0,WITHIN_NAMED_FAMILY_ONLY; scalar tail dependence is not a cross-family order
CRR-STAGEII-CONFIRM-2026-07-22,21c5b970e734ed79636df2f3882d4d85460c5efa40b88e59b9b9a3f34a25c0ff,E1,202607221022,E1-GAP-+0005.0,margin_control,numpy_PCG64,202607221022,512,b49873b958ccdfd959a72149314b85bf42719e552b090f9163bd4404ae487915,gaussian,0.25,student_t_df5,0.0,WITHIN_NAMED_FAMILY_ONLY; scalar tail dependence is not a cross-family order
CRR-STAGEII-CONFIRM-2026-07-22,21c5b970e734ed79636df2f3882d4d85460c5efa40b88e59b9b9a3f34a25c0ff,E1,202607221022,E1-GAP-+0025.0,margin_control,numpy_PCG64,202607221022,512,38b8f7cf82ec2e82487cb655cea22a2701ab8bea7be60119005eaae6ad360548,gaussian,0.25,student_t_df5,0.0,WITHIN_NAMED_FAMILY_ONLY; scalar tail dependence is not a cross-family order
CRR-STAGEII-CONFIRM-2026-07-22,21c5b970e734ed79636df2f3882d4d85460c5efa40b88e59b9b9a3f34a25c0ff,E1,202607221022,E1-GAP-+0100.0,margin_control,numpy_PCG64,202607221022,512,6e7c61f7a9a6004344f3cba9595fdc2ef0cab8af38d09028b71e208bb7d550f5,gaussian,0.25,student_t_df5,0.0,WITHIN_NAMED_FAMILY_ONLY; scalar tail dependence is not a cross-family order
CRR-STAGEII-CONFIRM-2026-07-22,21c5b970e734ed79636df2f3882d4d85460c5efa40b88e59b9b9a3f34a25c0ff,E1,202607221022,E1-GAP--0025.0,margin_control,numpy_PCG64,202607221022,512,781f677b4ab9afba626ad70a57190fba79ea912715d38f1b6743c414d85c2d1d,gaussian,0.25,student_t_df5,0.0,WITHIN_NAMED_FAMILY_ONLY; scalar tail dependence is not a cross-family order
CRR-STAGEII-CONFIRM-2026-07-22,21c5b970e734ed79636df2f3882d4d85460c5efa40b88e59b9b9a3f34a25c0ff,E1,202607221023,E1-GAP-+0000.0,margin_control,numpy_PCG64,202607221023,512,b442fe004c0ea76f17c88a65c95620a03159637dbdd6ffca2dc9947870ae7216,gaussian,0.25,student_t_df5,0.0,WITHIN_NAMED_FAMILY_ONLY; scalar tail dependence is not a cross-family order
CRR-STAGEII-CONFIRM-2026-07-22,21c5b970e734ed79636df2f3882d4d85460c5efa40b88e59b9b9a3f34a25c0ff,E1,202607221023,E1-GAP-+0005.0,margin_control,numpy_PCG64,202607221023,512,47cfe5b5d531f572ae822f6b7330fc5c9915279c3f9407ef65f969a419d186e8,gaussian,0.25,student_t_df5,0.0,WITHIN_NAMED_FAMILY_ONLY; scalar tail dependence is not a cross-family order
CRR-STAGEII-CONFIRM-2026-07-22,21c5b970e734ed79636df2f3882d4d85460c5efa40b88e59b9b9a3f34a25c0ff,E1,202607221023,E1-GAP-+0025.0,margin_control,numpy_PCG64,202607221023,512,ba5e8bfce54972355d627cc9413f76b66580ccf4d17c36a94f9d7811e0619870,gaussian,0.25,student_t_df5,0.0,WITHIN_NAMED_FAMILY_ONLY; scalar tail dependence is not a cross-family order
CRR-STAGEII-CONFIRM-2026-07-22,21c5b970e734ed79636df2f3882d4d85460c5efa40b88e59b9b9a3f34a25c0ff,E1,202607221023,E1-GAP-+0100.0,margin_control,numpy_PCG64,202607221023,512,44ceff1d1740ada78ce506fb04c87f0e6955731d2396c2b153d0478273410be8,gaussian,0.25,student_t_df5,0.0,WITHIN_NAMED_FAMILY_ONLY; scalar tail dependence is not a cross-family order
CRR-STAGEII-CONFIRM-2026-07-22,21c5b970e734ed79636df2f3882d4d85460c5efa40b88e59b9b9a3f34a25c0ff,E1,202607221023,E1-GAP--0025.0,margin_control,numpy_PCG64,202607221023,512,4079a24ad42050bd6292d3fad266ae6fd2c77b7e54f2bf6bfa5e8594a4da8ca6,gaussian,0.25,student_t_df5,0.0,WITHIN_NAMED_FAMILY_ONLY; scalar tail dependence is not a cross-family order
CRR-STAGEII-CONFIRM-2026-07-22,21c5b970e734ed79636df2f3882d4d85460c5efa40b88e59b9b9a3f34a25c0ff,E1,202607221024,E1-GAP-+0000.0,margin_control,numpy_PCG64,202607221024,512,86c6223d4b2c6d157b20a1a75b92a0b4b3bacd2084db9946d5a427531e04e970,gaussian,0.25,student_t_df5,0.0,WITHIN_NAMED_FAMILY_ONLY; scalar tail dependence is not a cross-family order
CRR-STAGEII-CONFIRM-2026-07-22,21c5b970e734ed79636df2f3882d4d85460c5efa40b88e59b9b9a3f34a25c0ff,E1,202607221024,E1-GAP-+0005.0,margin_control,numpy_PCG64,202607221024,512,b8a61c7627bd0d611e393f516bb01a4a9ead021de8001b3c6a2876465d3e639a,gaussian,0.25,student_t_df5,0.0,WITHIN_NAMED_FAMILY_ONLY; scalar tail dependence is not a cross-family order
CRR-STAGEII-CONFIRM-2026-07-22,21c5b970e734ed79636df2f3882d4d85460c5efa40b88e59b9b9a3f34a25c0ff,E1,202607221024,E1-GAP-+0025.0,margin_control,numpy_PCG64,202607221024,512,ac69ef9a65b742293a133ffef75f90bdeb9b2fb251ffb293980855c05cd1a89e,gaussian,0.25,student_t_df5,0.0,WITHIN_NAMED_FAMILY_ONLY; scalar tail dependence is not a cross-family order
CRR-STAGEII-CONFIRM-2026-07-22,21c5b970e734ed79636df2f3882d4d85460c5efa40b88e59b9b9a3f34a25c0ff,E1,202607221024,E1-GAP-+0100.0,margin_control,numpy_PCG64,202607221024,512,6f43c5264f910dd4e809ee6c4d3ea30d2433da48df6bcd0ff8383eaf01a1664c,gaussian,0.25,student_t_df5,0.0,WITHIN_NAMED_FAMILY_ONLY; scalar tail dependence is not a cross-family order
CRR-STAGEII-CONFIRM-2026-07-22,21c5b970e734ed79636df2f3882d4d85460c5efa40b88e59b9b9a3f34a25c0ff,E1,202607221024,E1-GAP--0025.0,margin_control,numpy_PCG64,202607221024,512,b0ee2536d6ea97307cb306216eee196cd8b6d42fb6e2fec974ecebb9ebfbc9db,gaussian,0.25,student_t_df5,0.0,WITHIN_NAMED_FAMILY_ONLY; scalar tail dependence is not a cross-family order
CRR-STAGEII-CONFIRM-2026-07-22,21c5b970e734ed79636df2f3882d4d85460c5efa40b88e59b9b9a3f34a25c0ff,E1,202607221025,E1-GAP-+0000.0,margin_control,numpy_PCG64,202607221025,512,81e6168ed7745f889fe997d1eb49e3d3923f558f71986c329ac3c1529fd61bde,gaussian,0.25,student_t_df5,0.0,WITHIN_NAMED_FAMILY_ONLY; scalar tail dependence is not a cross-family order
CRR-STAGEII-CONFIRM-2026-07-22,21c5b970e734ed79636df2f3882d4d85460c5efa40b88e59b9b9a3f34a25c0ff,E1,202607221025,E1-GAP-+0005.0,margin_control,numpy_PCG64,202607221025,512,06ab972b4e5f3f16201a5ddd863264e961a6647fba5dfeef85e6e68adb154001,gaussian,0.25,student_t_df5,0.0,WITHIN_NAMED_FAMILY_ONLY; scalar tail dependence is not a cross-family order
CRR-STAGEII-CONFIRM-2026-07-22,21c5b970e734ed79636df2f3882d4d85460c5efa40b88e59b9b9a3f34a25c0ff,E1,202607221025,E1-GAP-+0025.0,margin_control,numpy_PCG64,202607221025,512,20eaf85e372e9349445f64edf92fa2927c24f49382fbcccc7b3d59f64e93e725,gaussian,0.25,student_t_df5,0.0,WITHIN_NAMED_FAMILY_ONLY; scalar tail dependence is not a cross-family order
CRR-STAGEII-CONFIRM-2026-07-22,21c5b970e734ed79636df2f3882d4d85460c5efa40b88e59b9b9a3f34a25c0ff,E1,202607221025,E1-GAP-+0100.0,margin_control,numpy_PCG64,202607221025,512,6069712ffaddcf4829b6014e70643b41ec5514cc474628e58f18bd715d9e1b7c,gaussian,0.25,student_t_df5,0.0,WITHIN_NAMED_FAMILY_ONLY; scalar tail dependence is not a cross-family order
CRR-STAGEII-CONFIRM-2026-07-22,21c5b970e734ed79636df2f3882d4d85460c5efa40b88e59b9b9a3f34a25c0ff,E1,202607221025,E1-GAP--0025.0,margin_control,numpy_PCG64,202607221025,512,3d912a9c74055abbc0da3d2d3aa17f47265d4c52e760fb0648de948cb32d4a78,gaussian,0.25,student_t_df5,0.0,WITHIN_NAMED_FAMILY_ONLY; scalar tail dependence is not a cross-family order
CRR-STAGEII-CONFIRM-2026-07-22,21c5b970e734ed79636df2f3882d4d85460c5efa40b88e59b9b9a3f34a25c0ff,E1,202607221026,E1-GAP-+0000.0,margin_control,numpy_PCG64,202607221026,512,9c3d9467b5bdf480fd2bbea0fb6737b65014add78300761b94caee9443d1bfd0,gaussian,0.25,student_t_df5,0.0,WITHIN_NAMED_FAMILY_ONLY; scalar tail dependence is not a cross-family order
CRR-STAGEII-CONFIRM-2026-07-22,21c5b970e734ed79636df2f3882d4d85460c5efa40b88e59b9b9a3f34a25c0ff,E1,202607221026,E1-GAP-+0005.0,margin_control,numpy_PCG64,202607221026,512,0d986f891616b362656b09755c38b44399c0b09363c429b73ef3bf090790ab43,gaussian,0.25,student_t_df5,0.0,WITHIN_NAMED_FAMILY_ONLY; scalar tail dependence is not a cross-family order
CRR-STAGEII-CONFIRM-2026-07-22,21c5b970e734ed79636df2f3882d4d85460c5efa40b88e59b9b9a3f34a25c0ff,E1,202607221026,E1-GAP-+0025.0,margin_control,numpy_PCG64,202607221026,512,b021d7de5c3d75e9f41f476b160c198c0e46d83fe83680f65163306051d6b3b7,gaussian,0.25,student_t_df5,0.0,WITHIN_NAMED_FAMILY_ONLY; scalar tail dependence is not a cross-family order
CRR-STAGEII-CONFIRM-2026-07-22,21c5b970e734ed79636df2f3882d4d85460c5efa40b88e59b9b9a3f34a25c0ff,E1,202607221026,E1-GAP-+0100.0,margin_control,numpy_PCG64,202607221026,512,75a5496b8d34dc4e86366145f15f43a83153e737d44d1c2a9ca4c9b12090a3f0,gaussian,0.25,student_t_df5,0.0,WITHIN_NAMED_FAMILY_ONLY; scalar tail dependence is not a cross-family order
CRR-STAGEII-CONFIRM-2026-07-22,21c5b970e734ed79636df2f3882d4d85460c5efa40b88e59b9b9a3f34a25c0ff,E1,202607221026,E1-GAP--0025.0,margin_control,numpy_PCG64,202607221026,512,0ec663e9cac4beec2d1970319d720d17bea9cf602e4799d61db6baa7413b68ec,gaussian,0.25,student_t_df5,0.0,WITHIN_NAMED_FAMILY_ONLY; scalar tail dependence is not a cross-family order
CRR-STAGEII-CONFIRM-2026-07-22,21c5b970e734ed79636df2f3882d4d85460c5efa40b88e59b9b9a3f34a25c0ff,E1,202607221027,E1-GAP-+0000.0,margin_control,numpy_PCG64,202607221027,512,a9b91f4f41184fb1f5fca51c2c726ab805f4aa02e4223d0040855ac8eefe373d,gaussian,0.25,student_t_df5,0.0,WITHIN_NAMED_FAMILY_ONLY; scalar tail dependence is not a cross-family order
CRR-STAGEII-CONFIRM-2026-07-22,21c5b970e734ed79636df2f3882d4d85460c5efa40b88e59b9b9a3f34a25c0ff,E1,202607221027,E1-GAP-+0005.0,margin_control,numpy_PCG64,202607221027,512,7673f6c4a94d792aeca6ff8dd46100e0a826330947f3895195a2c106638e6d9c,gaussian,0.25,student_t_df5,0.0,WITHIN_NAMED_FAMILY_ONLY; scalar tail dependence is not a cross-family order
CRR-STAGEII-CONFIRM-2026-07-22,21c5b970e734ed79636df2f3882d4d85460c5efa40b88e59b9b9a3f34a25c0ff,E1,202607221027,E1-GAP-+0025.0,margin_control,numpy_PCG64,202607221027,512,bb29454b79c6e16854693777fe0c5805a3b0b787cfc3cc8a2d1a357339893d5a,gaussian,0.25,student_t_df5,0.0,WITHIN_NAMED_FAMILY_ONLY; scalar tail dependence is not a cross-family order
CRR-STAGEII-CONFIRM-2026-07-22,21c5b970e734ed79636df2f3882d4d85460c5efa40b88e59b9b9a3f34a25c0ff,E1,202607221027,E1-GAP-+0100.0,margin_control,numpy_PCG64,202607221027,512,3ddc6385619e9a1667c760c23449fe5ac6ea653980279fc5dd3d48d546c8b092,gaussian,0.25,student_t_df5,0.0,WITHIN_NAMED_FAMILY_ONLY; scalar tail dependence is not a cross-family order
CRR-STAGEII-CONFIRM-2026-07-22,21c5b970e734ed79636df2f3882d4d85460c5efa40b88e59b9b9a3f34a25c0ff,E1,202607221027,E1-GAP--0025.0,margin_control,numpy_PCG64,202607221027,512,49a64b59ec8e985219c5c3eb8a3427fdd48fab46b41a7d7e3e431275ddf853cf,gaussian,0.25,student_t_df5,0.0,WITHIN_NAMED_FAMILY_ONLY; scalar tail dependence is not a cross-family order
CRR-STAGEII-CONFIRM-2026-07-22,21c5b970e734ed79636df2f3882d4d85460c5efa40b88e59b9b9a3f34a25c0ff,E1,202607221028,E1-GAP-+0000.0,margin_control,numpy_PCG64,202607221028,512,e50ba5bc6331fa0740a951a07ad8a95bdfd263bfbca06fc7f6b7bf13ff60e7bd,gaussian,0.25,student_t_df5,0.0,WITHIN_NAMED_FAMILY_ONLY; scalar tail dependence is not a cross-family order
CRR-STAGEII-CONFIRM-2026-07-22,21c5b970e734ed79636df2f3882d4d85460c5efa40b88e59b9b9a3f34a25c0ff,E1,202607221028,E1-GAP-+0005.0,margin_control,numpy_PCG64,202607221028,512,0266835fee55ed7dd2809fee00986854672add7cdce2dec3ef210358047095bc,gaussian,0.25,student_t_df5,0.0,WITHIN_NAMED_FAMILY_ONLY; scalar tail dependence is not a cross-family order
CRR-STAGEII-CONFIRM-2026-07-22,21c5b970e734ed79636df2f3882d4d85460c5efa40b88e59b9b9a3f34a25c0ff,E1,202607221028,E1-GAP-+0025.0,margin_control,numpy_PCG64,202607221028,512,7ff59d029c07ee154154113f71e8f4b638537406dc7980df04bfdd9dcd066b3e,gaussian,0.25,student_t_df5,0.0,WITHIN_NAMED_FAMILY_ONLY; scalar tail dependence is not a cross-family order
CRR-STAGEII-CONFIRM-2026-07-22,21c5b970e734ed79636df2f3882d4d85460c5efa40b88e59b9b9a3f34a25c0ff,E1,202607221028,E1-GAP-+0100.0,margin_control,numpy_PCG64,202607221028,512,7c3a5e76318cfb64fdf013c913d88c083437fd2bbdbf77bb5436212232132810,gaussian,0.25,student_t_df5,0.0,WITHIN_NAMED_FAMILY_ONLY; scalar tail dependence is not a cross-family order
CRR-STAGEII-CONFIRM-2026-07-22,21c5b970e734ed79636df2f3882d4d85460c5efa40b88e59b9b9a3f34a25c0ff,E1,202607221028,E1-GAP--0025.0,margin_control,numpy_PCG64,202607221028,512,9093da1a7d1d1c52d807f4123d4ba3ad50caab4a795ba7024620a2b3d9265235,gaussian,0.25,student_t_df5,0.0,WITHIN_NAMED_FAMILY_ONLY; scalar tail dependence is not a cross-family order
CRR-STAGEII-CONFIRM-2026-07-22,21c5b970e734ed79636df2f3882d4d85460c5efa40b88e59b9b9a3f34a25c0ff,E1,202607221029,E1-GAP-+0000.0,margin_control,numpy_PCG64,202607221029,512,f947361dc9ef597f677898bc651c55741829e137d37d6faa685c038b0914f16f,gaussian,0.25,student_t_df5,0.0,WITHIN_NAMED_FAMILY_ONLY; scalar tail dependence is not a cross-family order
CRR-STAGEII-CONFIRM-2026-07-22,21c5b970e734ed79636df2f3882d4d85460c5efa40b88e59b9b9a3f34a25c0ff,E1,202607221029,E1-GAP-+0005.0,margin_control,numpy_PCG64,202607221029,512,13d9f280a5505f49d528b0757194cb89521524297e31befece303c7f3e67039e,gaussian,0.25,student_t_df5,0.0,WITHIN_NAMED_FAMILY_ONLY; scalar tail dependence is not a cross-family order
CRR-STAGEII-CONFIRM-2026-07-22,21c5b970e734ed79636df2f3882d4d85460c5efa40b88e59b9b9a3f34a25c0ff,E1,202607221029,E1-GAP-+0025.0,margin_control,numpy_PCG64,202607221029,512,4c2a081d6ad56e5c8a5cb2020c09bdb807f6e5b97b57f143e72743ae3d57e4ec,gaussian,0.25,student_t_df5,0.0,WITHIN_NAMED_FAMILY_ONLY; scalar tail dependence is not a cross-family order
CRR-STAGEII-CONFIRM-2026-07-22,21c5b970e734ed79636df2f3882d4d85460c5efa40b88e59b9b9a3f34a25c0ff,E1,202607221029,E1-GAP-+0100.0,margin_control,numpy_PCG64,202607221029,512,de70af5734d32655530703bb95e975fde1771c9ed9558e723cee957c6eea6845,gaussian,0.25,student_t_df5,0.0,WITHIN_NAMED_FAMILY_ONLY; scalar tail dependence is not a cross-family order
CRR-STAGEII-CONFIRM-2026-07-22,21c5b970e734ed79636df2f3882d4d85460c5efa40b88e59b9b9a3f34a25c0ff,E1,202607221029,E1-GAP--0025.0,margin_control,numpy_PCG64,202607221029,512,765e2841c47d730f20e79ff3a6efb0a812c6830fb18bcac09d467e398cabde50,gaussian,0.25,student_t_df5,0.0,WITHIN_NAMED_FAMILY_ONLY; scalar tail dependence is not a cross-family order
CRR-STAGEII-CONFIRM-2026-07-22,21c5b970e734ed79636df2f3882d4d85460c5efa40b88e59b9b9a3f34a25c0ff,E1,202607221030,E1-GAP-+0000.0,margin_control,numpy_PCG64,202607221030,512,9cfffb50e522e7d74415b7de4fc0ece0c7951441cabe65f026bf2e6fd58eecf8,gaussian,0.25,student_t_df5,0.0,WITHIN_NAMED_FAMILY_ONLY; scalar tail dependence is not a cross-family order
CRR-STAGEII-CONFIRM-2026-07-22,21c5b970e734ed79636df2f3882d4d85460c5efa40b88e59b9b9a3f34a25c0ff,E1,202607221030,E1-GAP-+0005.0,margin_control,numpy_PCG64,202607221030,512,5581766466806f4bbc28d26d6fe4c04892769894eb14d9254d400eb788f5938f,gaussian,0.25,student_t_df5,0.0,WITHIN_NAMED_FAMILY_ONLY; scalar tail dependence is not a cross-family order
CRR-STAGEII-CONFIRM-2026-07-22,21c5b970e734ed79636df2f3882d4d85460c5efa40b88e59b9b9a3f34a25c0ff,E1,202607221030,E1-GAP-+0025.0,margin_control,numpy_PCG64,202607221030,512,72bee4cc3f8285b5f9894e2cddd575277511d16a6b8c5cd39d5c9ef7d581f52f,gaussian,0.25,student_t_df5,0.0,WITHIN_NAMED_FAMILY_ONLY; scalar tail dependence is not a cross-family order
CRR-STAGEII-CONFIRM-2026-07-22,21c5b970e734ed79636df2f3882d4d85460c5efa40b88e59b9b9a3f34a25c0ff,E1,202607221030,E1-GAP-+0100.0,margin_control,numpy_PCG64,202607221030,512,0ed4cf0e5a1ec9dcfe7dc3caf0b3f889f927dc1733e47bf2dd00fbf7b74b1ed3,gaussian,0.25,student_t_df5,0.0,WITHIN_NAMED_FAMILY_ONLY; scalar tail dependence is not a cross-family order
CRR-STAGEII-CONFIRM-2026-07-22,21c5b970e734ed79636df2f3882d4d85460c5efa40b88e59b9b9a3f34a25c0ff,E1,202607221030,E1-GAP--0025.0,margin_control,numpy_PCG64,202607221030,512,da2405e5cdfeb6f3f8d629a32198f41e4fee10059793804a0427f1cdecfd409c,gaussian,0.25,student_t_df5,0.0,WITHIN_NAMED_FAMILY_ONLY; scalar tail dependence is not a cross-family order
CRR-STAGEII-CONFIRM-2026-07-22,21c5b970e734ed79636df2f3882d4d85460c5efa40b88e59b9b9a3f34a25c0ff,E1,202607221031,E1-GAP-+0000.0,margin_control,numpy_PCG64,202607221031,512,9a094e119bbfdeb301a9cb672f63e80aefc4f1cd1044ada8b1f89c3ac9a960c3,gaussian,0.25,student_t_df5,0.0,WITHIN_NAMED_FAMILY_ONLY; scalar tail dependence is not a cross-family order
CRR-STAGEII-CONFIRM-2026-07-22,21c5b970e734ed79636df2f3882d4d85460c5efa40b88e59b9b9a3f34a25c0ff,E1,202607221031,E1-GAP-+0005.0,margin_control,numpy_PCG64,202607221031,512,6db93a3339cbd59d927970a063a5dd5c2d96e944ca5cdd11cd41950ad2b78394,gaussian,0.25,student_t_df5,0.0,WITHIN_NAMED_FAMILY_ONLY; scalar tail dependence is not a cross-family order
CRR-STAGEII-CONFIRM-2026-07-22,21c5b970e734ed79636df2f3882d4d85460c5efa40b88e59b9b9a3f34a25c0ff,E1,202607221031,E1-GAP-+0025.0,margin_control,numpy_PCG64,202607221031,512,78b57c3e363125f1bede177969abcf28ad95242a7866848503628a74a06a6e1d,gaussian,0.25,student_t_df5,0.0,WITHIN_NAMED_FAMILY_ONLY; scalar tail dependence is not a cross-family order
CRR-STAGEII-CONFIRM-2026-07-22,21c5b970e734ed79636df2f3882d4d85460c5efa40b88e59b9b9a3f34a25c0ff,E1,202607221031,E1-GAP-+0100.0,margin_control,numpy_PCG64,202607221031,512,23880a86452dd0789d4f7566cf4d425d9b933834e35a5df73fb7038ad25d723c,gaussian,0.25,student_t_df5,0.0,WITHIN_NAMED_FAMILY_ONLY; scalar tail dependence is not a cross-family order
CRR-STAGEII-CONFIRM-2026-07-22,21c5b970e734ed79636df2f3882d4d85460c5efa40b88e59b9b9a3f34a25c0ff,E1,202607221031,E1-GAP--0025.0,margin_control,numpy_PCG64,202607221031,512,3bf082ae17c546a7db533f0270c4470f90a00574e1c8bbf865a6d1fee7df877a,gaussian,0.25,student_t_df5,0.0,WITHIN_NAMED_FAMILY_ONLY; scalar tail dependence is not a cross-family order
CRR-STAGEII-CONFIRM-2026-07-22,21c5b970e734ed79636df2f3882d4d85460c5efa40b88e59b9b9a3f34a25c0ff,E1,202607221032,E1-GAP-+0000.0,margin_control,numpy_PCG64,202607221032,512,a6ffecf530b2e22cdd947e53ad824821c4dadd8bd5cebdabb9830280c3f12edf,gaussian,0.25,student_t_df5,0.0,WITHIN_NAMED_FAMILY_ONLY; scalar tail dependence is not a cross-family order
CRR-STAGEII-CONFIRM-2026-07-22,21c5b970e734ed79636df2f3882d4d85460c5efa40b88e59b9b9a3f34a25c0ff,E1,202607221032,E1-GAP-+0005.0,margin_control,numpy_PCG64,202607221032,512,70ec2777c318de773a8694a4453bdb6e2e45a2e346fecc81a573caf6dd0a7f70,gaussian,0.25,student_t_df5,0.0,WITHIN_NAMED_FAMILY_ONLY; scalar tail dependence is not a cross-family order
CRR-STAGEII-CONFIRM-2026-07-22,21c5b970e734ed79636df2f3882d4d85460c5efa40b88e59b9b9a3f34a25c0ff,E1,202607221032,E1-GAP-+0025.0,margin_control,numpy_PCG64,202607221032,512,2730ecc7bf0978f84995528bd04b6d46862203bd9d35cdbdc2da860abe510769,gaussian,0.25,student_t_df5,0.0,WITHIN_NAMED_FAMILY_ONLY; scalar tail dependence is not a cross-family order
CRR-STAGEII-CONFIRM-2026-07-22,21c5b970e734ed79636df2f3882d4d85460c5efa40b88e59b9b9a3f34a25c0ff,E1,202607221032,E1-GAP-+0100.0,margin_control,numpy_PCG64,202607221032,512,0f5e5ccc60170f8563d4ebd305b770531694d9f6e461678c7e1e45b018c42fa2,gaussian,0.25,student_t_df5,0.0,WITHIN_NAMED_FAMILY_ONLY; scalar tail dependence is not a cross-family order
CRR-STAGEII-CONFIRM-2026-07-22,21c5b970e734ed79636df2f3882d4d85460c5efa40b88e59b9b9a3f34a25c0ff,E1,202607221032,E1-GAP--0025.0,margin_control,numpy_PCG64,202607221032,512,53f4ebaf675613b363aa72497b957b2c7755bafaad4c49fe98393e90d13e5c34,gaussian,0.25,student_t_df5,0.0,WITHIN_NAMED_FAMILY_ONLY; scalar tail dependence is not a cross-family order
CRR-STAGEII-CONFIRM-2026-07-22,21c5b970e734ed79636df2f3882d4d85460c5efa40b88e59b9b9a3f34a25c0ff,E1,202607221033,E1-GAP-+0000.0,margin_control,numpy_PCG64,202607221033,512,bd7f7342d4200d787defaa9f4003cacf7265c7ef2f09ed1a771d5bff2ad4c47c,gaussian,0.25,student_t_df5,0.0,WITHIN_NAMED_FAMILY_ONLY; scalar tail dependence is not a cross-family order
CRR-STAGEII-CONFIRM-2026-07-22,21c5b970e734ed79636df2f3882d4d85460c5efa40b88e59b9b9a3f34a25c0ff,E1,202607221033,E1-GAP-+0005.0,margin_control,numpy_PCG64,202607221033,512,d2393fe8667dc30dd755a6ae994bbaf9f2ad84c872d1c430a602d726dfaeba42,gaussian,0.25,student_t_df5,0.0,WITHIN_NAMED_FAMILY_ONLY; scalar tail dependence is not a cross-family order
CRR-STAGEII-CONFIRM-2026-07-22,21c5b970e734ed79636df2f3882d4d85460c5efa40b88e59b9b9a3f34a25c0ff,E1,202607221033,E1-GAP-+0025.0,margin_control,numpy_PCG64,202607221033,512,fc68437ea05d1c86cff34c6a8ef30c62a03f289287daecd32e8ae57877656f99,gaussian,0.25,student_t_df5,0.0,WITHIN_NAMED_FAMILY_ONLY; scalar tail dependence is not a cross-family order
CRR-STAGEII-CONFIRM-2026-07-22,21c5b970e734ed79636df2f3882d4d85460c5efa40b88e59b9b9a3f34a25c0ff,E1,202607221033,E1-GAP-+0100.0,margin_control,numpy_PCG64,202607221033,512,8082301af345ddd22c18ce02075a105c02956b35ac9d3261636b1058cdf26f93,gaussian,0.25,student_t_df5,0.0,WITHIN_NAMED_FAMILY_ONLY; scalar tail dependence is not a cross-family order
CRR-STAGEII-CONFIRM-2026-07-22,21c5b970e734ed79636df2f3882d4d85460c5efa40b88e59b9b9a3f34a25c0ff,E1,202607221033,E1-GAP--0025.0,margin_control,numpy_PCG64,202607221033,512,04c68f8979c0721f349d75cc9708f8955bedcfb9b65cbd67f5916dcaacf605c4,gaussian,0.25,student_t_df5,0.0,WITHIN_NAMED_FAMILY_ONLY; scalar tail dependence is not a cross-family order
CRR-STAGEII-CONFIRM-2026-07-22,21c5b970e734ed79636df2f3882d4d85460c5efa40b88e59b9b9a3f34a25c0ff,E1,202607221034,E1-GAP-+0000.0,margin_control,numpy_PCG64,202607221034,512,f9513419ff0c2b341bf9517bbaafdd683dcb4beba4b034100c41c341034a1569,gaussian,0.25,student_t_df5,0.0,WITHIN_NAMED_FAMILY_ONLY; scalar tail dependence is not a cross-family order
CRR-STAGEII-CONFIRM-2026-07-22,21c5b970e734ed79636df2f3882d4d85460c5efa40b88e59b9b9a3f34a25c0ff,E1,202607221034,E1-GAP-+0005.0,margin_control,numpy_PCG64,202607221034,512,4f8f2e968e3f7ffe1f8d5d0b4885594af754bb4ab4579d201df61bb622802a18,gaussian,0.25,student_t_df5,0.0,WITHIN_NAMED_FAMILY_ONLY; scalar tail dependence is not a cross-family order
CRR-STAGEII-CONFIRM-2026-07-22,21c5b970e734ed79636df2f3882d4d85460c5efa40b88e59b9b9a3f34a25c0ff,E1,202607221034,E1-GAP-+0025.0,margin_control,numpy_PCG64,202607221034,512,2feda188d93856c0319bcd0d8f21524e62642f90ff66ebc103191b12196865ed,gaussian,0.25,student_t_df5,0.0,WITHIN_NAMED_FAMILY_ONLY; scalar tail dependence is not a cross-family order
CRR-STAGEII-CONFIRM-2026-07-22,21c5b970e734ed79636df2f3882d4d85460c5efa40b88e59b9b9a3f34a25c0ff,E1,202607221034,E1-GAP-+0100.0,margin_control,numpy_PCG64,202607221034,512,65ae72a6a3dfb1ce31cb3b56d051e3169e79a25a4dfd6c8038884e8f6292b217,gaussian,0.25,student_t_df5,0.0,WITHIN_NAMED_FAMILY_ONLY; scalar tail dependence is not a cross-family order
CRR-STAGEII-CONFIRM-2026-07-22,21c5b970e734ed79636df2f3882d4d85460c5efa40b88e59b9b9a3f34a25c0ff,E1,202607221034,E1-GAP--0025.0,margin_control,numpy_PCG64,202607221034,512,3239ada10417e9253a108b426d90eba83cbdc2ab14b9be8237751f01dc18e0f9,gaussian,0.25,student_t_df5,0.0,WITHIN_NAMED_FAMILY_ONLY; scalar tail dependence is not a cross-family order
CRR-STAGEII-CONFIRM-2026-07-22,21c5b970e734ed79636df2f3882d4d85460c5efa40b88e59b9b9a3f34a25c0ff,E1,202607221035,E1-GAP-+0000.0,margin_control,numpy_PCG64,202607221035,512,87300af802d6aa37cfd830f45d9751c3d3ad6638361c064b5f485bfb4e11c577,gaussian,0.25,student_t_df5,0.0,WITHIN_NAMED_FAMILY_ONLY; scalar tail dependence is not a cross-family order
CRR-STAGEII-CONFIRM-2026-07-22,21c5b970e734ed79636df2f3882d4d85460c5efa40b88e59b9b9a3f34a25c0ff,E1,202607221035,E1-GAP-+0005.0,margin_control,numpy_PCG64,202607221035,512,ab167f11167d2b4ed4c7a2a4649d72860d0a418b5695f23cf026861118685e99,gaussian,0.25,student_t_df5,0.0,WITHIN_NAMED_FAMILY_ONLY; scalar tail dependence is not a cross-family order
CRR-STAGEII-CONFIRM-2026-07-22,21c5b970e734ed79636df2f3882d4d85460c5efa40b88e59b9b9a3f34a25c0ff,E1,202607221035,E1-GAP-+0025.0,margin_control,numpy_PCG64,202607221035,512,9a5e4f44f2039c2450862c93ab7f0fb6d2be6506baae5aa9b7e9757875b7972a,gaussian,0.25,student_t_df5,0.0,WITHIN_NAMED_FAMILY_ONLY; scalar tail dependence is not a cross-family order
CRR-STAGEII-CONFIRM-2026-07-22,21c5b970e734ed79636df2f3882d4d85460c5efa40b88e59b9b9a3f34a25c0ff,E1,202607221035,E1-GAP-+0100.0,margin_control,numpy_PCG64,202607221035,512,553ce979de4c08e90592d58c8ff3837ecb21f070fb9bd0f1f39f01a70a7a9134,gaussian,0.25,student_t_df5,0.0,WITHIN_NAMED_FAMILY_ONLY; scalar tail dependence is not a cross-family order
CRR-STAGEII-CONFIRM-2026-07-22,21c5b970e734ed79636df2f3882d4d85460c5efa40b88e59b9b9a3f34a25c0ff,E1,202607221035,E1-GAP--0025.0,margin_control,numpy_PCG64,202607221035,512,17da747cabb8330c7542a56c6e6869584c47cefa3137bdc50e1d98e95b781555,gaussian,0.25,student_t_df5,0.0,WITHIN_NAMED_FAMILY_ONLY; scalar tail dependence is not a cross-family order
CRR-STAGEII-CONFIRM-2026-07-22,21c5b970e734ed79636df2f3882d4d85460c5efa40b88e59b9b9a3f34a25c0ff,E1,202607221036,E1-GAP-+0000.0,margin_control,numpy_PCG64,202607221036,512,92245b7de78ae296e39da66cf59b50f4d9fab19ccfbde7153d0b69ba72eb7f52,gaussian,0.25,student_t_df5,0.0,WITHIN_NAMED_FAMILY_ONLY; scalar tail dependence is not a cross-family order
CRR-STAGEII-CONFIRM-2026-07-22,21c5b970e734ed79636df2f3882d4d85460c5efa40b88e59b9b9a3f34a25c0ff,E1,202607221036,E1-GAP-+0005.0,margin_control,numpy_PCG64,202607221036,512,44873d6eda6aa40ff42e4f6d0bdd761956d356ce87c8321ef6e106fab9181cc5,gaussian,0.25,student_t_df5,0.0,WITHIN_NAMED_FAMILY_ONLY; scalar tail dependence is not a cross-family order
CRR-STAGEII-CONFIRM-2026-07-22,21c5b970e734ed79636df2f3882d4d85460c5efa40b88e59b9b9a3f34a25c0ff,E1,202607221036,E1-GAP-+0025.0,margin_control,numpy_PCG64,202607221036,512,0efb4c8b928b1044897e1c7348c60c3c788e149eee5c5818d545fafc869a42cd,gaussian,0.25,student_t_df5,0.0,WITHIN_NAMED_FAMILY_ONLY; scalar tail dependence is not a cross-family order
CRR-STAGEII-CONFIRM-2026-07-22,21c5b970e734ed79636df2f3882d4d85460c5efa40b88e59b9b9a3f34a25c0ff,E1,202607221036,E1-GAP-+0100.0,margin_control,numpy_PCG64,202607221036,512,6d4529949d0c2c51c2e9dd3fc106e6fe9a7dd227a9154b9a7dc7599b1e82fd3e,gaussian,0.25,student_t_df5,0.0,WITHIN_NAMED_FAMILY_ONLY; scalar tail dependence is not a cross-family order
CRR-STAGEII-CONFIRM-2026-07-22,21c5b970e734ed79636df2f3882d4d85460c5efa40b88e59b9b9a3f34a25c0ff,E1,202607221036,E1-GAP--0025.0,margin_control,numpy_PCG64,202607221036,512,a47ba9572c86ddf299139ce92f29836a4dd5dd26455e362b73a6e62eb51349a9,gaussian,0.25,student_t_df5,0.0,WITHIN_NAMED_FAMILY_ONLY; scalar tail dependence is not a cross-family order
CRR-STAGEII-CONFIRM-2026-07-22,21c5b970e734ed79636df2f3882d4d85460c5efa40b88e59b9b9a3f34a25c0ff,E1,202607221037,E1-GAP-+0000.0,margin_control,numpy_PCG64,202607221037,512,143884973ef1c8dfc66da15bea528da9d5968b022029e32fbc2b86aae5503337,gaussian,0.25,student_t_df5,0.0,WITHIN_NAMED_FAMILY_ONLY; scalar tail dependence is not a cross-family order
CRR-STAGEII-CONFIRM-2026-07-22,21c5b970e734ed79636df2f3882d4d85460c5efa40b88e59b9b9a3f34a25c0ff,E1,202607221037,E1-GAP-+0005.0,margin_control,numpy_PCG64,202607221037,512,956923519124391cc4fb4bc309dc6b8d2ca8331d07b2cd12503cb4d2dea7b030,gaussian,0.25,student_t_df5,0.0,WITHIN_NAMED_FAMILY_ONLY; scalar tail dependence is not a cross-family order
CRR-STAGEII-CONFIRM-2026-07-22,21c5b970e734ed79636df2f3882d4d85460c5efa40b88e59b9b9a3f34a25c0ff,E1,202607221037,E1-GAP-+0025.0,margin_control,numpy_PCG64,202607221037,512,df0599f43bc450c4d759d46893670f2e1f3005f292facb5ccc5743301bb874b0,gaussian,0.25,student_t_df5,0.0,WITHIN_NAMED_FAMILY_ONLY; scalar tail dependence is not a cross-family order
CRR-STAGEII-CONFIRM-2026-07-22,21c5b970e734ed79636df2f3882d4d85460c5efa40b88e59b9b9a3f34a25c0ff,E1,202607221037,E1-GAP-+0100.0,margin_control,numpy_PCG64,202607221037,512,4d8a7af3c6cfc864b2584655daca43e889ff0966877874046543043b55af904e,gaussian,0.25,student_t_df5,0.0,WITHIN_NAMED_FAMILY_ONLY; scalar tail dependence is not a cross-family order
CRR-STAGEII-CONFIRM-2026-07-22,21c5b970e734ed79636df2f3882d4d85460c5efa40b88e59b9b9a3f34a25c0ff,E1,202607221037,E1-GAP--0025.0,margin_control,numpy_PCG64,202607221037,512,892b959ccdd2c005e40459d984f40b9cdeaf8f6b448b95cb737d7f3b64921883,gaussian,0.25,student_t_df5,0.0,WITHIN_NAMED_FAMILY_ONLY; scalar tail dependence is not a cross-family order
CRR-STAGEII-CONFIRM-2026-07-22,21c5b970e734ed79636df2f3882d4d85460c5efa40b88e59b9b9a3f34a25c0ff,E1,202607221038,E1-GAP-+0000.0,margin_control,numpy_PCG64,202607221038,512,3c26bb5963d7010f1dd493bcf175b3a6a396210281e5e1d0c00049652907709a,gaussian,0.25,student_t_df5,0.0,WITHIN_NAMED_FAMILY_ONLY; scalar tail dependence is not a cross-family order
CRR-STAGEII-CONFIRM-2026-07-22,21c5b970e734ed79636df2f3882d4d85460c5efa40b88e59b9b9a3f34a25c0ff,E1,202607221038,E1-GAP-+0005.0,margin_control,numpy_PCG64,202607221038,512,ff6187a4af6144f8f8e7b62b25bb9d420a1fbdb5f794a693d3c9ae68d4b41bf5,gaussian,0.25,student_t_df5,0.0,WITHIN_NAMED_FAMILY_ONLY; scalar tail dependence is not a cross-family order
CRR-STAGEII-CONFIRM-2026-07-22,21c5b970e734ed79636df2f3882d4d85460c5efa40b88e59b9b9a3f34a25c0ff,E1,202607221038,E1-GAP-+0025.0,margin_control,numpy_PCG64,202607221038,512,e5d13918fa683619136db69d59ed07ffade54243087bf707cd09d395e477a0f3,gaussian,0.25,student_t_df5,0.0,WITHIN_NAMED_FAMILY_ONLY; scalar tail dependence is not a cross-family order
CRR-STAGEII-CONFIRM-2026-07-22,21c5b970e734ed79636df2f3882d4d85460c5efa40b88e59b9b9a3f34a25c0ff,E1,202607221038,E1-GAP-+0100.0,margin_control,numpy_PCG64,202607221038,512,a739739e60359440d95ace91cb7d58a35779929c49fdf9204d0eaa39849d641c,gaussian,0.25,student_t_df5,0.0,WITHIN_NAMED_FAMILY_ONLY; scalar tail dependence is not a cross-family order
CRR-STAGEII-CONFIRM-2026-07-22,21c5b970e734ed79636df2f3882d4d85460c5efa40b88e59b9b9a3f34a25c0ff,E1,202607221038,E1-GAP--0025.0,margin_control,numpy_PCG64,202607221038,512,1dca2aacd402d8e074a402ac64fc04afe2e46210a357ea4dd83043d6e46987af,gaussian,0.25,student_t_df5,0.0,WITHIN_NAMED_FAMILY_ONLY; scalar tail dependence is not a cross-family order
CRR-STAGEII-CONFIRM-2026-07-22,21c5b970e734ed79636df2f3882d4d85460c5efa40b88e59b9b9a3f34a25c0ff,E1,202607221039,E1-GAP-+0000.0,margin_control,numpy_PCG64,202607221039,512,81635dcc5c93667e340ed0312b672f8d5b173cdf51f8098a13794a7f856fed4a,gaussian,0.25,student_t_df5,0.0,WITHIN_NAMED_FAMILY_ONLY; scalar tail dependence is not a cross-family order
CRR-STAGEII-CONFIRM-2026-07-22,21c5b970e734ed79636df2f3882d4d85460c5efa40b88e59b9b9a3f34a25c0ff,E1,202607221039,E1-GAP-+0005.0,margin_control,numpy_PCG64,202607221039,512,bb9084b46127af772f05aa68d821f8b0e0b8e1d6b5061cd7d225aff374b9a7ec,gaussian,0.25,student_t_df5,0.0,WITHIN_NAMED_FAMILY_ONLY; scalar tail dependence is not a cross-family order
CRR-STAGEII-CONFIRM-2026-07-22,21c5b970e734ed79636df2f3882d4d85460c5efa40b88e59b9b9a3f34a25c0ff,E1,202607221039,E1-GAP-+0025.0,margin_control,numpy_PCG64,202607221039,512,b515c5044ec57a3a8ed36c986b606fe6d3cce5c3dff4f7ac28b42ef5a0c03546,gaussian,0.25,student_t_df5,0.0,WITHIN_NAMED_FAMILY_ONLY; scalar tail dependence is not a cross-family order
CRR-STAGEII-CONFIRM-2026-07-22,21c5b970e734ed79636df2f3882d4d85460c5efa40b88e59b9b9a3f34a25c0ff,E1,202607221039,E1-GAP-+0100.0,margin_control,numpy_PCG64,202607221039,512,adb0383ab6d3fc60d9b45a05ef79780addbe878b2cbc024ce3ba6b4f079517ab,gaussian,0.25,student_t_df5,0.0,WITHIN_NAMED_FAMILY_ONLY; scalar tail dependence is not a cross-family order
CRR-STAGEII-CONFIRM-2026-07-22,21c5b970e734ed79636df2f3882d4d85460c5efa40b88e59b9b9a3f34a25c0ff,E1,202607221039,E1-GAP--0025.0,margin_control,numpy_PCG64,202607221039,512,9f3c237fb352c99e85cd48d008a1369194da98b9279bbad9819d12cb4d83e42d,gaussian,0.25,student_t_df5,0.0,WITHIN_NAMED_FAMILY_ONLY; scalar tail dependence is not a cross-family order
CRR-STAGEII-CONFIRM-2026-07-22,21c5b970e734ed79636df2f3882d4d85460c5efa40b88e59b9b9a3f34a25c0ff,E1,202607221040,E1-GAP-+0000.0,margin_control,numpy_PCG64,202607221040,512,c0a2a01f3729d67b531c26e517f04706bcb9344a45e117e87370541701eb6564,gaussian,0.25,student_t_df5,0.0,WITHIN_NAMED_FAMILY_ONLY; scalar tail dependence is not a cross-family order
CRR-STAGEII-CONFIRM-2026-07-22,21c5b970e734ed79636df2f3882d4d85460c5efa40b88e59b9b9a3f34a25c0ff,E1,202607221040,E1-GAP-+0005.0,margin_control,numpy_PCG64,202607221040,512,854f889d6f01167d2e4053c7dc83bbffd6fb84f4870653e357866916c07ff4b4,gaussian,0.25,student_t_df5,0.0,WITHIN_NAMED_FAMILY_ONLY; scalar tail dependence is not a cross-family order
CRR-STAGEII-CONFIRM-2026-07-22,21c5b970e734ed79636df2f3882d4d85460c5efa40b88e59b9b9a3f34a25c0ff,E1,202607221040,E1-GAP-+0025.0,margin_control,numpy_PCG64,202607221040,512,113c2d3558ed6a2380d5b45ccbed2cfe93b6e7476ab66d454a16cba73668ae73,gaussian,0.25,student_t_df5,0.0,WITHIN_NAMED_FAMILY_ONLY; scalar tail dependence is not a cross-family order
CRR-STAGEII-CONFIRM-2026-07-22,21c5b970e734ed79636df2f3882d4d85460c5efa40b88e59b9b9a3f34a25c0ff,E1,202607221040,E1-GAP-+0100.0,margin_control,numpy_PCG64,202607221040,512,ebf053446b9bfda9344e594a51943eca381a5d197da53ec044ff5a1d53646c93,gaussian,0.25,student_t_df5,0.0,WITHIN_NAMED_FAMILY_ONLY; scalar tail dependence is not a cross-family order
CRR-STAGEII-CONFIRM-2026-07-22,21c5b970e734ed79636df2f3882d4d85460c5efa40b88e59b9b9a3f34a25c0ff,E1,202607221040,E1-GAP--0025.0,margin_control,numpy_PCG64,202607221040,512,e69d48b82119bac877a6164182249ef8bd81b0abf259598b926d38225dd28f00,gaussian,0.25,student_t_df5,0.0,WITHIN_NAMED_FAMILY_ONLY; scalar tail dependence is not a cross-family order
CRR-STAGEII-CONFIRM-2026-07-22,21c5b970e734ed79636df2f3882d4d85460c5efa40b88e59b9b9a3f34a25c0ff,E1,202607221041,E1-GAP-+0000.0,margin_control,numpy_PCG64,202607221041,512,f7f5c35993ee5d843217f9bd4371ed7e91041d104603dce68c809ffb4dbbe8ae,gaussian,0.25,student_t_df5,0.0,WITHIN_NAMED_FAMILY_ONLY; scalar tail dependence is not a cross-family order
CRR-STAGEII-CONFIRM-2026-07-22,21c5b970e734ed79636df2f3882d4d85460c5efa40b88e59b9b9a3f34a25c0ff,E1,202607221041,E1-GAP-+0005.0,margin_control,numpy_PCG64,202607221041,512,9ce69770ac5d832ac72d642747b48daad3d4f1e94a62e482a8049f4fbc233cd6,gaussian,0.25,student_t_df5,0.0,WITHIN_NAMED_FAMILY_ONLY; scalar tail dependence is not a cross-family order
CRR-STAGEII-CONFIRM-2026-07-22,21c5b970e734ed79636df2f3882d4d85460c5efa40b88e59b9b9a3f34a25c0ff,E1,202607221041,E1-GAP-+0025.0,margin_control,numpy_PCG64,202607221041,512,0ecc2a2141b2bf1d3c9756dd528efa0c9582bd76cbec5bff52376a5109124455,gaussian,0.25,student_t_df5,0.0,WITHIN_NAMED_FAMILY_ONLY; scalar tail dependence is not a cross-family order
CRR-STAGEII-CONFIRM-2026-07-22,21c5b970e734ed79636df2f3882d4d85460c5efa40b88e59b9b9a3f34a25c0ff,E1,202607221041,E1-GAP-+0100.0,margin_control,numpy_PCG64,202607221041,512,6362655566284bb6eb180636c8f0c391114a84e147da24a8ff2ca6f153498215,gaussian,0.25,student_t_df5,0.0,WITHIN_NAMED_FAMILY_ONLY; scalar tail dependence is not a cross-family order
CRR-STAGEII-CONFIRM-2026-07-22,21c5b970e734ed79636df2f3882d4d85460c5efa40b88e59b9b9a3f34a25c0ff,E1,202607221041,E1-GAP--0025.0,margin_control,numpy_PCG64,202607221041,512,888acabeabae3a9d30b3f138a4b6edf55932b202f8a84a64ecaa9862ae7e1a9b,gaussian,0.25,student_t_df5,0.0,WITHIN_NAMED_FAMILY_ONLY; scalar tail dependence is not a cross-family order
CRR-STAGEII-CONFIRM-2026-07-22,21c5b970e734ed79636df2f3882d4d85460c5efa40b88e59b9b9a3f34a25c0ff,E1,202607221042,E1-GAP-+0000.0,margin_control,numpy_PCG64,202607221042,512,484e35e4ca0055896b154cd2b07f6cd80e7f009ab73fc118d1e0b857a852cfda,gaussian,0.25,student_t_df5,0.0,WITHIN_NAMED_FAMILY_ONLY; scalar tail dependence is not a cross-family order
CRR-STAGEII-CONFIRM-2026-07-22,21c5b970e734ed79636df2f3882d4d85460c5efa40b88e59b9b9a3f34a25c0ff,E1,202607221042,E1-GAP-+0005.0,margin_control,numpy_PCG64,202607221042,512,74f79471b485bb6f8377e38535aa7519571c23db38769f30a98810c7cc06103a,gaussian,0.25,student_t_df5,0.0,WITHIN_NAMED_FAMILY_ONLY; scalar tail dependence is not a cross-family order
CRR-STAGEII-CONFIRM-2026-07-22,21c5b970e734ed79636df2f3882d4d85460c5efa40b88e59b9b9a3f34a25c0ff,E1,202607221042,E1-GAP-+0025.0,margin_control,numpy_PCG64,202607221042,512,d96d0659288aced1af58889908350d377eba31ff3ab61b18de458a08ef5f0457,gaussian,0.25,student_t_df5,0.0,WITHIN_NAMED_FAMILY_ONLY; scalar tail dependence is not a cross-family order
CRR-STAGEII-CONFIRM-2026-07-22,21c5b970e734ed79636df2f3882d4d85460c5efa40b88e59b9b9a3f34a25c0ff,E1,202607221042,E1-GAP-+0100.0,margin_control,numpy_PCG64,202607221042,512,0534daddba764c2aa2cfd4ac58778a0e361eaffd5a0f9a678ce062ba6048d532,gaussian,0.25,student_t_df5,0.0,WITHIN_NAMED_FAMILY_ONLY; scalar tail dependence is not a cross-family order
CRR-STAGEII-CONFIRM-2026-07-22,21c5b970e734ed79636df2f3882d4d85460c5efa40b88e59b9b9a3f34a25c0ff,E1,202607221042,E1-GAP--0025.0,margin_control,numpy_PCG64,202607221042,512,a89dccc41033a742db7c9dc0a5c56213b9ff4ce14c0b8265c5b01ba75e6b4331,gaussian,0.25,student_t_df5,0.0,WITHIN_NAMED_FAMILY_ONLY; scalar tail dependence is not a cross-family order
CRR-STAGEII-CONFIRM-2026-07-22,21c5b970e734ed79636df2f3882d4d85460c5efa40b88e59b9b9a3f34a25c0ff,E1,202607221043,E1-GAP-+0000.0,margin_control,numpy_PCG64,202607221043,512,87d877ac4a1a2a39579c8c03a2552a601c29a8ebd5e6556bbe7d3705111ae720,gaussian,0.25,student_t_df5,0.0,WITHIN_NAMED_FAMILY_ONLY; scalar tail dependence is not a cross-family order
CRR-STAGEII-CONFIRM-2026-07-22,21c5b970e734ed79636df2f3882d4d85460c5efa40b88e59b9b9a3f34a25c0ff,E1,202607221043,E1-GAP-+0005.0,margin_control,numpy_PCG64,202607221043,512,d34f16354502c3c8960e9d06171fac8022ae404b5eeb9d926463b2cddc3b4386,gaussian,0.25,student_t_df5,0.0,WITHIN_NAMED_FAMILY_ONLY; scalar tail dependence is not a cross-family order
CRR-STAGEII-CONFIRM-2026-07-22,21c5b970e734ed79636df2f3882d4d85460c5efa40b88e59b9b9a3f34a25c0ff,E1,202607221043,E1-GAP-+0025.0,margin_control,numpy_PCG64,202607221043,512,c453c5563583cce1e10f4d1ffcead41bcba540da65aa67ee87b00279e3f87456,gaussian,0.25,student_t_df5,0.0,WITHIN_NAMED_FAMILY_ONLY; scalar tail dependence is not a cross-family order
CRR-STAGEII-CONFIRM-2026-07-22,21c5b970e734ed79636df2f3882d4d85460c5efa40b88e59b9b9a3f34a25c0ff,E1,202607221043,E1-GAP-+0100.0,margin_control,numpy_PCG64,202607221043,512,df97b4ba0bc2f021956e29a54feea43184f4b9e759a6048a862c433676530d23,gaussian,0.25,student_t_df5,0.0,WITHIN_NAMED_FAMILY_ONLY; scalar tail dependence is not a cross-family order
CRR-STAGEII-CONFIRM-2026-07-22,21c5b970e734ed79636df2f3882d4d85460c5efa40b88e59b9b9a3f34a25c0ff,E1,202607221043,E1-GAP--0025.0,margin_control,numpy_PCG64,202607221043,512,066dae4e64501c7cc08cc39f600d4b4d30efb88b4bcc3855240ddac6d4ed2bb6,gaussian,0.25,student_t_df5,0.0,WITHIN_NAMED_FAMILY_ONLY; scalar tail dependence is not a cross-family order
CRR-STAGEII-CONFIRM-2026-07-22,21c5b970e734ed79636df2f3882d4d85460c5efa40b88e59b9b9a3f34a25c0ff,E1,202607221044,E1-GAP-+0000.0,margin_control,numpy_PCG64,202607221044,512,a1cf1b9b655eb920c903734e3c02b43e5afcadb211d095ee0aa115fd5030b1e2,gaussian,0.25,student_t_df5,0.0,WITHIN_NAMED_FAMILY_ONLY; scalar tail dependence is not a cross-family order
CRR-STAGEII-CONFIRM-2026-07-22,21c5b970e734ed79636df2f3882d4d85460c5efa40b88e59b9b9a3f34a25c0ff,E1,202607221044,E1-GAP-+0005.0,margin_control,numpy_PCG64,202607221044,512,b63d029257d83c5d639614a06d546a49dbe659726fc3df47b0349b5125d551dd,gaussian,0.25,student_t_df5,0.0,WITHIN_NAMED_FAMILY_ONLY; scalar tail dependence is not a cross-family order
CRR-STAGEII-CONFIRM-2026-07-22,21c5b970e734ed79636df2f3882d4d85460c5efa40b88e59b9b9a3f34a25c0ff,E1,202607221044,E1-GAP-+0025.0,margin_control,numpy_PCG64,202607221044,512,012f2cad4567fd797c1cd774f593bc703cccb4bf6e2ecedd28dcbbd7ca07f7c6,gaussian,0.25,student_t_df5,0.0,WITHIN_NAMED_FAMILY_ONLY; scalar tail dependence is not a cross-family order
CRR-STAGEII-CONFIRM-2026-07-22,21c5b970e734ed79636df2f3882d4d85460c5efa40b88e59b9b9a3f34a25c0ff,E1,202607221044,E1-GAP-+0100.0,margin_control,numpy_PCG64,202607221044,512,8e314b717d132de124da3d51fadcfbbae7f2f62903f8113c42d8d8711d576bc6,gaussian,0.25,student_t_df5,0.0,WITHIN_NAMED_FAMILY_ONLY; scalar tail dependence is not a cross-family order
CRR-STAGEII-CONFIRM-2026-07-22,21c5b970e734ed79636df2f3882d4d85460c5efa40b88e59b9b9a3f34a25c0ff,E1,202607221044,E1-GAP--0025.0,margin_control,numpy_PCG64,202607221044,512,6f6f5a9bab2bc7531e1d571e9a9e0af73eb1cc7f03601150aed7c6cce7ed3491,gaussian,0.25,student_t_df5,0.0,WITHIN_NAMED_FAMILY_ONLY; scalar tail dependence is not a cross-family order
CRR-STAGEII-CONFIRM-2026-07-22,21c5b970e734ed79636df2f3882d4d85460c5efa40b88e59b9b9a3f34a25c0ff,E1,202607221045,E1-GAP-+0000.0,margin_control,numpy_PCG64,202607221045,512,ea6b4cf226aa7e590e2f1cc3cdbb5d62c81143441fd1249e6698577125ae5c55,gaussian,0.25,student_t_df5,0.0,WITHIN_NAMED_FAMILY_ONLY; scalar tail dependence is not a cross-family order
CRR-STAGEII-CONFIRM-2026-07-22,21c5b970e734ed79636df2f3882d4d85460c5efa40b88e59b9b9a3f34a25c0ff,E1,202607221045,E1-GAP-+0005.0,margin_control,numpy_PCG64,202607221045,512,51fc0d883a3b510faf6c9674e39029ee5c422dc067bc1c8ba23b2b9870ba0b4d,gaussian,0.25,student_t_df5,0.0,WITHIN_NAMED_FAMILY_ONLY; scalar tail dependence is not a cross-family order
CRR-STAGEII-CONFIRM-2026-07-22,21c5b970e734ed79636df2f3882d4d85460c5efa40b88e59b9b9a3f34a25c0ff,E1,202607221045,E1-GAP-+0025.0,margin_control,numpy_PCG64,202607221045,512,740f3472531225895280f1b966fbc050d4d4f9826c0e3c77773b9b304042e667,gaussian,0.25,student_t_df5,0.0,WITHIN_NAMED_FAMILY_ONLY; scalar tail dependence is not a cross-family order
CRR-STAGEII-CONFIRM-2026-07-22,21c5b970e734ed79636df2f3882d4d85460c5efa40b88e59b9b9a3f34a25c0ff,E1,202607221045,E1-GAP-+0100.0,margin_control,numpy_PCG64,202607221045,512,75ddfe35be2427d024ba4c4b92cb39b1a0fff29bd4bdb018b92f369ed4531bc3,gaussian,0.25,student_t_df5,0.0,WITHIN_NAMED_FAMILY_ONLY; scalar tail dependence is not a cross-family order
CRR-STAGEII-CONFIRM-2026-07-22,21c5b970e734ed79636df2f3882d4d85460c5efa40b88e59b9b9a3f34a25c0ff,E1,202607221045,E1-GAP--0025.0,margin_control,numpy_PCG64,202607221045,512,17374304747fed41cca2bfe3b57d15c7945e3e141f22aff489cf2632a69c554a,gaussian,0.25,student_t_df5,0.0,WITHIN_NAMED_FAMILY_ONLY; scalar tail dependence is not a cross-family order
CRR-STAGEII-CONFIRM-2026-07-22,21c5b970e734ed79636df2f3882d4d85460c5efa40b88e59b9b9a3f34a25c0ff,E1,202607221046,E1-GAP-+0000.0,margin_control,numpy_PCG64,202607221046,512,ffca350307cc1adf5142114d19480a12cd3484e8f9175497ee6e3d20cb7eba37,gaussian,0.25,student_t_df5,0.0,WITHIN_NAMED_FAMILY_ONLY; scalar tail dependence is not a cross-family order
CRR-STAGEII-CONFIRM-2026-07-22,21c5b970e734ed79636df2f3882d4d85460c5efa40b88e59b9b9a3f34a25c0ff,E1,202607221046,E1-GAP-+0005.0,margin_control,numpy_PCG64,202607221046,512,9de7b0be5973be8e6b491383c39ecd8eb67ec69b7af22bd641a0e9a0934fe0f3,gaussian,0.25,student_t_df5,0.0,WITHIN_NAMED_FAMILY_ONLY; scalar tail dependence is not a cross-family order
CRR-STAGEII-CONFIRM-2026-07-22,21c5b970e734ed79636df2f3882d4d85460c5efa40b88e59b9b9a3f34a25c0ff,E1,202607221046,E1-GAP-+0025.0,margin_control,numpy_PCG64,202607221046,512,512ce8b6046b34c999bd6bd0bea64920d5ade2cd2a5c619227e6baf8382ac516,gaussian,0.25,student_t_df5,0.0,WITHIN_NAMED_FAMILY_ONLY; scalar tail dependence is not a cross-family order
CRR-STAGEII-CONFIRM-2026-07-22,21c5b970e734ed79636df2f3882d4d85460c5efa40b88e59b9b9a3f34a25c0ff,E1,202607221046,E1-GAP-+0100.0,margin_control,numpy_PCG64,202607221046,512,5b46d2b345a2a8d1745ac08843f97a98c3abd90d6184818bc92599f9c2938bed,gaussian,0.25,student_t_df5,0.0,WITHIN_NAMED_FAMILY_ONLY; scalar tail dependence is not a cross-family order
CRR-STAGEII-CONFIRM-2026-07-22,21c5b970e734ed79636df2f3882d4d85460c5efa40b88e59b9b9a3f34a25c0ff,E1,202607221046,E1-GAP--0025.0,margin_control,numpy_PCG64,202607221046,512,baa4fa1d07ed64b457224853dc5ddc3d34599859eae6b1134032c9f1251e6b9b,gaussian,0.25,student_t_df5,0.0,WITHIN_NAMED_FAMILY_ONLY; scalar tail dependence is not a cross-family order
CRR-STAGEII-CONFIRM-2026-07-22,21c5b970e734ed79636df2f3882d4d85460c5efa40b88e59b9b9a3f34a25c0ff,E1,202607221047,E1-GAP-+0000.0,margin_control,numpy_PCG64,202607221047,512,3e33385ea92b36bc29d6efd296ce24cd480f91124aa68504e5550e403c63c7c6,gaussian,0.25,student_t_df5,0.0,WITHIN_NAMED_FAMILY_ONLY; scalar tail dependence is not a cross-family order
CRR-STAGEII-CONFIRM-2026-07-22,21c5b970e734ed79636df2f3882d4d85460c5efa40b88e59b9b9a3f34a25c0ff,E1,202607221047,E1-GAP-+0005.0,margin_control,numpy_PCG64,202607221047,512,74fab056001382263feb608dcdacec2073d75ea8dd594e93c6c5f95195ef1f3d,gaussian,0.25,student_t_df5,0.0,WITHIN_NAMED_FAMILY_ONLY; scalar tail dependence is not a cross-family order
CRR-STAGEII-CONFIRM-2026-07-22,21c5b970e734ed79636df2f3882d4d85460c5efa40b88e59b9b9a3f34a25c0ff,E1,202607221047,E1-GAP-+0025.0,margin_control,numpy_PCG64,202607221047,512,2af2970bcb7a4cdcc84c08cb181465175166f986f0c88eea48aafda0a95b719c,gaussian,0.25,student_t_df5,0.0,WITHIN_NAMED_FAMILY_ONLY; scalar tail dependence is not a cross-family order
CRR-STAGEII-CONFIRM-2026-07-22,21c5b970e734ed79636df2f3882d4d85460c5efa40b88e59b9b9a3f34a25c0ff,E1,202607221047,E1-GAP-+0100.0,margin_control,numpy_PCG64,202607221047,512,52e9ac0c1eedb101d1d3f878670b1b1c258b0ffbece63100ccef0eabedce7a75,gaussian,0.25,student_t_df5,0.0,WITHIN_NAMED_FAMILY_ONLY; scalar tail dependence is not a cross-family order
CRR-STAGEII-CONFIRM-2026-07-22,21c5b970e734ed79636df2f3882d4d85460c5efa40b88e59b9b9a3f34a25c0ff,E1,202607221047,E1-GAP--0025.0,margin_control,numpy_PCG64,202607221047,512,5e42ba19f2172640a2bf0923ecca78ae6e7de696b2d026f2d2ef255b811595a0,gaussian,0.25,student_t_df5,0.0,WITHIN_NAMED_FAMILY_ONLY; scalar tail dependence is not a cross-family order
CRR-STAGEII-CONFIRM-2026-07-22,21c5b970e734ed79636df2f3882d4d85460c5efa40b88e59b9b9a3f34a25c0ff,E1,202607221048,E1-GAP-+0000.0,margin_control,numpy_PCG64,202607221048,512,c44617f24c106cf1ae21120a6feaface417cf4a926ebb20da29eb6c9f2b23334,gaussian,0.25,student_t_df5,0.0,WITHIN_NAMED_FAMILY_ONLY; scalar tail dependence is not a cross-family order
CRR-STAGEII-CONFIRM-2026-07-22,21c5b970e734ed79636df2f3882d4d85460c5efa40b88e59b9b9a3f34a25c0ff,E1,202607221048,E1-GAP-+0005.0,margin_control,numpy_PCG64,202607221048,512,f52f21a5e5bd739ee7254933c8545321c713f05e0120c7445a887ed692101e78,gaussian,0.25,student_t_df5,0.0,WITHIN_NAMED_FAMILY_ONLY; scalar tail dependence is not a cross-family order
CRR-STAGEII-CONFIRM-2026-07-22,21c5b970e734ed79636df2f3882d4d85460c5efa40b88e59b9b9a3f34a25c0ff,E1,202607221048,E1-GAP-+0025.0,margin_control,numpy_PCG64,202607221048,512,0765fbf8364a39364a9ea6ff27f343178254e5b6362fe7f5cbe862ac1d1b5e2d,gaussian,0.25,student_t_df5,0.0,WITHIN_NAMED_FAMILY_ONLY; scalar tail dependence is not a cross-family order
CRR-STAGEII-CONFIRM-2026-07-22,21c5b970e734ed79636df2f3882d4d85460c5efa40b88e59b9b9a3f34a25c0ff,E1,202607221048,E1-GAP-+0100.0,margin_control,numpy_PCG64,202607221048,512,1eeeb0afec012887328194c9809cc943fe09f7f520b6d9ea19b467a184aa26b4,gaussian,0.25,student_t_df5,0.0,WITHIN_NAMED_FAMILY_ONLY; scalar tail dependence is not a cross-family order
CRR-STAGEII-CONFIRM-2026-07-22,21c5b970e734ed79636df2f3882d4d85460c5efa40b88e59b9b9a3f34a25c0ff,E1,202607221048,E1-GAP--0025.0,margin_control,numpy_PCG64,202607221048,512,29b470b7581dad480c5a6e6e62f4f0b1f943fb81b041bce61b5279573938616e,gaussian,0.25,student_t_df5,0.0,WITHIN_NAMED_FAMILY_ONLY; scalar tail dependence is not a cross-family order
CRR-STAGEII-CONFIRM-2026-07-22,21c5b970e734ed79636df2f3882d4d85460c5efa40b88e59b9b9a3f34a25c0ff,E1,202607221049,E1-GAP-+0000.0,margin_control,numpy_PCG64,202607221049,512,9b8eed771ea30da2fe3b8464b7aadb7229dcf5157a3b149b23ef2baab240ac61,gaussian,0.25,student_t_df5,0.0,WITHIN_NAMED_FAMILY_ONLY; scalar tail dependence is not a cross-family order
CRR-STAGEII-CONFIRM-2026-07-22,21c5b970e734ed79636df2f3882d4d85460c5efa40b88e59b9b9a3f34a25c0ff,E1,202607221049,E1-GAP-+0005.0,margin_control,numpy_PCG64,202607221049,512,06e2590b56efbd4a56a89b679f4f3233abacf14d727b3311a92cc1f26f07e71c,gaussian,0.25,student_t_df5,0.0,WITHIN_NAMED_FAMILY_ONLY; scalar tail dependence is not a cross-family order
CRR-STAGEII-CONFIRM-2026-07-22,21c5b970e734ed79636df2f3882d4d85460c5efa40b88e59b9b9a3f34a25c0ff,E1,202607221049,E1-GAP-+0025.0,margin_control,numpy_PCG64,202607221049,512,fc0a4684899c54af936c9913dcaa91ff7b2ba7a2e2b15c613cc6c475279665fe,gaussian,0.25,student_t_df5,0.0,WITHIN_NAMED_FAMILY_ONLY; scalar tail dependence is not a cross-family order
CRR-STAGEII-CONFIRM-2026-07-22,21c5b970e734ed79636df2f3882d4d85460c5efa40b88e59b9b9a3f34a25c0ff,E1,202607221049,E1-GAP-+0100.0,margin_control,numpy_PCG64,202607221049,512,37e3945e1b622bbdea728bbb4f51550fa474492641447b57cad491170a855962,gaussian,0.25,student_t_df5,0.0,WITHIN_NAMED_FAMILY_ONLY; scalar tail dependence is not a cross-family order
CRR-STAGEII-CONFIRM-2026-07-22,21c5b970e734ed79636df2f3882d4d85460c5efa40b88e59b9b9a3f34a25c0ff,E1,202607221049,E1-GAP--0025.0,margin_control,numpy_PCG64,202607221049,512,bf7efa9c00b6fee364b643af63b2fab6ed4221b142ed5518757b9c92293d93cf,gaussian,0.25,student_t_df5,0.0,WITHIN_NAMED_FAMILY_ONLY; scalar tail dependence is not a cross-family order
CRR-STAGEII-CONFIRM-2026-07-22,21c5b970e734ed79636df2f3882d4d85460c5efa40b88e59b9b9a3f34a25c0ff,E1,202607221050,E1-GAP-+0000.0,margin_control,numpy_PCG64,202607221050,512,040ceff90e905b58529f6b116f68503113d7942e7eefdadc2cb6fbcca81eb7ab,gaussian,0.25,student_t_df5,0.0,WITHIN_NAMED_FAMILY_ONLY; scalar tail dependence is not a cross-family order
CRR-STAGEII-CONFIRM-2026-07-22,21c5b970e734ed79636df2f3882d4d85460c5efa40b88e59b9b9a3f34a25c0ff,E1,202607221050,E1-GAP-+0005.0,margin_control,numpy_PCG64,202607221050,512,6c852d985d4b262ccbf1b03edb19b23f05fb589e54c8a78d9f5c72ccc0c207e5,gaussian,0.25,student_t_df5,0.0,WITHIN_NAMED_FAMILY_ONLY; scalar tail dependence is not a cross-family order
CRR-STAGEII-CONFIRM-2026-07-22,21c5b970e734ed79636df2f3882d4d85460c5efa40b88e59b9b9a3f34a25c0ff,E1,202607221050,E1-GAP-+0025.0,margin_control,numpy_PCG64,202607221050,512,9d565ff6f65d1691e0b407b293e6efc40133e02db256c1f3303c49e5e5e6b4d7,gaussian,0.25,student_t_df5,0.0,WITHIN_NAMED_FAMILY_ONLY; scalar tail dependence is not a cross-family order
CRR-STAGEII-CONFIRM-2026-07-22,21c5b970e734ed79636df2f3882d4d85460c5efa40b88e59b9b9a3f34a25c0ff,E1,202607221050,E1-GAP-+0100.0,margin_control,numpy_PCG64,202607221050,512,343fe6b6bec333d1fd4458c32dd168068c55b05d05136409064a7039631399bd,gaussian,0.25,student_t_df5,0.0,WITHIN_NAMED_FAMILY_ONLY; scalar tail dependence is not a cross-family order
CRR-STAGEII-CONFIRM-2026-07-22,21c5b970e734ed79636df2f3882d4d85460c5efa40b88e59b9b9a3f34a25c0ff,E1,202607221050,E1-GAP--0025.0,margin_control,numpy_PCG64,202607221050,512,f12f3017b8229d9aa2be7b6a8cbb3c67329a1104e84221152e32fae25a7a52d7,gaussian,0.25,student_t_df5,0.0,WITHIN_NAMED_FAMILY_ONLY; scalar tail dependence is not a cross-family order
CRR-STAGEII-CONFIRM-2026-07-22,21c5b970e734ed79636df2f3882d4d85460c5efa40b88e59b9b9a3f34a25c0ff,E1,202607221051,E1-GAP-+0000.0,margin_control,numpy_PCG64,202607221051,512,57a4f5613d561ce332453533524b7f05c21217b985641f411c3f3d2018363fa0,gaussian,0.25,student_t_df5,0.0,WITHIN_NAMED_FAMILY_ONLY; scalar tail dependence is not a cross-family order
CRR-STAGEII-CONFIRM-2026-07-22,21c5b970e734ed79636df2f3882d4d85460c5efa40b88e59b9b9a3f34a25c0ff,E1,202607221051,E1-GAP-+0005.0,margin_control,numpy_PCG64,202607221051,512,bade8c003ed7bb4e131de50c083eed92230c7db74d99c48a2d13d1f47eeea5a7,gaussian,0.25,student_t_df5,0.0,WITHIN_NAMED_FAMILY_ONLY; scalar tail dependence is not a cross-family order
CRR-STAGEII-CONFIRM-2026-07-22,21c5b970e734ed79636df2f3882d4d85460c5efa40b88e59b9b9a3f34a25c0ff,E1,202607221051,E1-GAP-+0025.0,margin_control,numpy_PCG64,202607221051,512,0f38c7e3a3e735dc9898347b70573e3b43e73536156f069c8df8fa26c90010fb,gaussian,0.25,student_t_df5,0.0,WITHIN_NAMED_FAMILY_ONLY; scalar tail dependence is not a cross-family order
CRR-STAGEII-CONFIRM-2026-07-22,21c5b970e734ed79636df2f3882d4d85460c5efa40b88e59b9b9a3f34a25c0ff,E1,202607221051,E1-GAP-+0100.0,margin_control,numpy_PCG64,202607221051,512,31d74b2eb4b51765bc71fdd23d2ef09ff693916a49ef01b4f92407a21c055b7c,gaussian,0.25,student_t_df5,0.0,WITHIN_NAMED_FAMILY_ONLY; scalar tail dependence is not a cross-family order
CRR-STAGEII-CONFIRM-2026-07-22,21c5b970e734ed79636df2f3882d4d85460c5efa40b88e59b9b9a3f34a25c0ff,E1,202607221051,E1-GAP--0025.0,margin_control,numpy_PCG64,202607221051,512,44fa6ad216f5484b7c98e405ec97a30ee4422cc4a092d48de74110bd7f351eb4,gaussian,0.25,student_t_df5,0.0,WITHIN_NAMED_FAMILY_ONLY; scalar tail dependence is not a cross-family order
CRR-STAGEII-CONFIRM-2026-07-22,21c5b970e734ed79636df2f3882d4d85460c5efa40b88e59b9b9a3f34a25c0ff,E1,202607221052,E1-GAP-+0000.0,margin_control,numpy_PCG64,202607221052,512,85d1ae1d5a04e3d92392be5574380b38081a59a1130c8a814e09666bde312cf1,gaussian,0.25,student_t_df5,0.0,WITHIN_NAMED_FAMILY_ONLY; scalar tail dependence is not a cross-family order
CRR-STAGEII-CONFIRM-2026-07-22,21c5b970e734ed79636df2f3882d4d85460c5efa40b88e59b9b9a3f34a25c0ff,E1,202607221052,E1-GAP-+0005.0,margin_control,numpy_PCG64,202607221052,512,1775be92f63cd80490339cbc443fa95f2cdcfd049846cdf6270e3d366895e049,gaussian,0.25,student_t_df5,0.0,WITHIN_NAMED_FAMILY_ONLY; scalar tail dependence is not a cross-family order
CRR-STAGEII-CONFIRM-2026-07-22,21c5b970e734ed79636df2f3882d4d85460c5efa40b88e59b9b9a3f34a25c0ff,E1,202607221052,E1-GAP-+0025.0,margin_control,numpy_PCG64,202607221052,512,c27075d7d2bf4e691b1aab17762eb2fb60f1b8aa7e0ff48cbf59df152d39a92c,gaussian,0.25,student_t_df5,0.0,WITHIN_NAMED_FAMILY_ONLY; scalar tail dependence is not a cross-family order
CRR-STAGEII-CONFIRM-2026-07-22,21c5b970e734ed79636df2f3882d4d85460c5efa40b88e59b9b9a3f34a25c0ff,E1,202607221052,E1-GAP-+0100.0,margin_control,numpy_PCG64,202607221052,512,eca8b232a73228a31299d084ed95756be54667beaddbb5987d925e019194a1f6,gaussian,0.25,student_t_df5,0.0,WITHIN_NAMED_FAMILY_ONLY; scalar tail dependence is not a cross-family order
CRR-STAGEII-CONFIRM-2026-07-22,21c5b970e734ed79636df2f3882d4d85460c5efa40b88e59b9b9a3f34a25c0ff,E1,202607221052,E1-GAP--0025.0,margin_control,numpy_PCG64,202607221052,512,e17747f45f4f5119df66e465a81483b42123787355717955ab5858aaf17e44bb,gaussian,0.25,student_t_df5,0.0,WITHIN_NAMED_FAMILY_ONLY; scalar tail dependence is not a cross-family order
CRR-STAGEII-CONFIRM-2026-07-22,21c5b970e734ed79636df2f3882d4d85460c5efa40b88e59b9b9a3f34a25c0ff,E1,202607221053,E1-GAP-+0000.0,margin_control,numpy_PCG64,202607221053,512,d99d72f1adad1d9a47a272bd8939d661bf4e21457b721cfc269919de1f18bc6c,gaussian,0.25,student_t_df5,0.0,WITHIN_NAMED_FAMILY_ONLY; scalar tail dependence is not a cross-family order
CRR-STAGEII-CONFIRM-2026-07-22,21c5b970e734ed79636df2f3882d4d85460c5efa40b88e59b9b9a3f34a25c0ff,E1,202607221053,E1-GAP-+0005.0,margin_control,numpy_PCG64,202607221053,512,64822eea01367af75d25bc4aa7fa837a378e713c40403aaeeb89e5a7a07f5116,gaussian,0.25,student_t_df5,0.0,WITHIN_NAMED_FAMILY_ONLY; scalar tail dependence is not a cross-family order
CRR-STAGEII-CONFIRM-2026-07-22,21c5b970e734ed79636df2f3882d4d85460c5efa40b88e59b9b9a3f34a25c0ff,E1,202607221053,E1-GAP-+0025.0,margin_control,numpy_PCG64,202607221053,512,8a65adf967a0085ebe84dbe241344bb7b86a7304c5f4ddf4d95eface03a74e09,gaussian,0.25,student_t_df5,0.0,WITHIN_NAMED_FAMILY_ONLY; scalar tail dependence is not a cross-family order
CRR-STAGEII-CONFIRM-2026-07-22,21c5b970e734ed79636df2f3882d4d85460c5efa40b88e59b9b9a3f34a25c0ff,E1,202607221053,E1-GAP-+0100.0,margin_control,numpy_PCG64,202607221053,512,5b86cce5f4dcc5893d86ea47245278cd30fb5fc0f6fc2a534aa8e6874efdc7de,gaussian,0.25,student_t_df5,0.0,WITHIN_NAMED_FAMILY_ONLY; scalar tail dependence is not a cross-family order
CRR-STAGEII-CONFIRM-2026-07-22,21c5b970e734ed79636df2f3882d4d85460c5efa40b88e59b9b9a3f34a25c0ff,E1,202607221053,E1-GAP--0025.0,margin_control,numpy_PCG64,202607221053,512,e01f918eab4d03862b9db2ecf29f2ca48d2167f514f331e7107734e595e20097,gaussian,0.25,student_t_df5,0.0,WITHIN_NAMED_FAMILY_ONLY; scalar tail dependence is not a cross-family order
CRR-STAGEII-CONFIRM-2026-07-22,21c5b970e734ed79636df2f3882d4d85460c5efa40b88e59b9b9a3f34a25c0ff,E1,202607221054,E1-GAP-+0000.0,margin_control,numpy_PCG64,202607221054,512,437ec9b52b715c9ba442c3e4001597e96494fbb880b416c3f12e05a9de45f495,gaussian,0.25,student_t_df5,0.0,WITHIN_NAMED_FAMILY_ONLY; scalar tail dependence is not a cross-family order
CRR-STAGEII-CONFIRM-2026-07-22,21c5b970e734ed79636df2f3882d4d85460c5efa40b88e59b9b9a3f34a25c0ff,E1,202607221054,E1-GAP-+0005.0,margin_control,numpy_PCG64,202607221054,512,6bce00ccd228bd3674c4e16b7bd2a9dcfa8360074de3e78315aead0fbca5cae4,gaussian,0.25,student_t_df5,0.0,WITHIN_NAMED_FAMILY_ONLY; scalar tail dependence is not a cross-family order
CRR-STAGEII-CONFIRM-2026-07-22,21c5b970e734ed79636df2f3882d4d85460c5efa40b88e59b9b9a3f34a25c0ff,E1,202607221054,E1-GAP-+0025.0,margin_control,numpy_PCG64,202607221054,512,058bc68289cb339efc80de107e3c616baadac978aec65da35aaabbf320be2222,gaussian,0.25,student_t_df5,0.0,WITHIN_NAMED_FAMILY_ONLY; scalar tail dependence is not a cross-family order
CRR-STAGEII-CONFIRM-2026-07-22,21c5b970e734ed79636df2f3882d4d85460c5efa40b88e59b9b9a3f34a25c0ff,E1,202607221054,E1-GAP-+0100.0,margin_control,numpy_PCG64,202607221054,512,a29a0f0dbbee77b024774766f90cfa59e60435faa5685cf6811b2d72054e84f7,gaussian,0.25,student_t_df5,0.0,WITHIN_NAMED_FAMILY_ONLY; scalar tail dependence is not a cross-family order
CRR-STAGEII-CONFIRM-2026-07-22,21c5b970e734ed79636df2f3882d4d85460c5efa40b88e59b9b9a3f34a25c0ff,E1,202607221054,E1-GAP--0025.0,margin_control,numpy_PCG64,202607221054,512,350b7259ddb255d21826c7364e06e885d3f8b0fc1ecdacac7cd09a0baaae0988,gaussian,0.25,student_t_df5,0.0,WITHIN_NAMED_FAMILY_ONLY; scalar tail dependence is not a cross-family order
CRR-STAGEII-CONFIRM-2026-07-22,21c5b970e734ed79636df2f3882d4d85460c5efa40b88e59b9b9a3f34a25c0ff,E1,202607221055,E1-GAP-+0000.0,margin_control,numpy_PCG64,202607221055,512,434b54b1facff970a05b7f4c1abe76aaf177185fa2c1683c1ce46b78b810b9b3,gaussian,0.25,student_t_df5,0.0,WITHIN_NAMED_FAMILY_ONLY; scalar tail dependence is not a cross-family order
CRR-STAGEII-CONFIRM-2026-07-22,21c5b970e734ed79636df2f3882d4d85460c5efa40b88e59b9b9a3f34a25c0ff,E1,202607221055,E1-GAP-+0005.0,margin_control,numpy_PCG64,202607221055,512,960cf63c2db8b6d5bb437b7d5d160e9f0f615d933f0391e57990383c05e30f3b,gaussian,0.25,student_t_df5,0.0,WITHIN_NAMED_FAMILY_ONLY; scalar tail dependence is not a cross-family order
CRR-STAGEII-CONFIRM-2026-07-22,21c5b970e734ed79636df2f3882d4d85460c5efa40b88e59b9b9a3f34a25c0ff,E1,202607221055,E1-GAP-+0025.0,margin_control,numpy_PCG64,202607221055,512,8d64d876ed8581544ef7d36361009fbf3f15d13dbeb49e196caa8cae2acd7d98,gaussian,0.25,student_t_df5,0.0,WITHIN_NAMED_FAMILY_ONLY; scalar tail dependence is not a cross-family order
CRR-STAGEII-CONFIRM-2026-07-22,21c5b970e734ed79636df2f3882d4d85460c5efa40b88e59b9b9a3f34a25c0ff,E1,202607221055,E1-GAP-+0100.0,margin_control,numpy_PCG64,202607221055,512,ce1b2fc6b51f427ff819229e88a3666594ea1ba644c331f99d13f69dea9f9a6b,gaussian,0.25,student_t_df5,0.0,WITHIN_NAMED_FAMILY_ONLY; scalar tail dependence is not a cross-family order
CRR-STAGEII-CONFIRM-2026-07-22,21c5b970e734ed79636df2f3882d4d85460c5efa40b88e59b9b9a3f34a25c0ff,E1,202607221055,E1-GAP--0025.0,margin_control,numpy_PCG64,202607221055,512,e74317d54326723cded5e704ea39db7ec4b3efa9d98937da9d433d85436bc06a,gaussian,0.25,student_t_df5,0.0,WITHIN_NAMED_FAMILY_ONLY; scalar tail dependence is not a cross-family order
CRR-STAGEII-CONFIRM-2026-07-22,21c5b970e734ed79636df2f3882d4d85460c5efa40b88e59b9b9a3f34a25c0ff,E1,202607221056,E1-GAP-+0000.0,margin_control,numpy_PCG64,202607221056,512,a585433aa0bf4713462636d468ba26cbbbd0de16326249609c06b8dccfe112b2,gaussian,0.25,student_t_df5,0.0,WITHIN_NAMED_FAMILY_ONLY; scalar tail dependence is not a cross-family order
CRR-STAGEII-CONFIRM-2026-07-22,21c5b970e734ed79636df2f3882d4d85460c5efa40b88e59b9b9a3f34a25c0ff,E1,202607221056,E1-GAP-+0005.0,margin_control,numpy_PCG64,202607221056,512,e6c90538f9f29a4ec15d16a08a6b4cad41c893f30747bfe51f070288e0989f63,gaussian,0.25,student_t_df5,0.0,WITHIN_NAMED_FAMILY_ONLY; scalar tail dependence is not a cross-family order
CRR-STAGEII-CONFIRM-2026-07-22,21c5b970e734ed79636df2f3882d4d85460c5efa40b88e59b9b9a3f34a25c0ff,E1,202607221056,E1-GAP-+0025.0,margin_control,numpy_PCG64,202607221056,512,c724c0cb09a38340a725864841136b8a6e5b215a2e6689010622ce7c47e4798e,gaussian,0.25,student_t_df5,0.0,WITHIN_NAMED_FAMILY_ONLY; scalar tail dependence is not a cross-family order
CRR-STAGEII-CONFIRM-2026-07-22,21c5b970e734ed79636df2f3882d4d85460c5efa40b88e59b9b9a3f34a25c0ff,E1,202607221056,E1-GAP-+0100.0,margin_control,numpy_PCG64,202607221056,512,cd1189bdb3db4a2b044b08d87d8ddc053bce228999fc212142c7d235fb534618,gaussian,0.25,student_t_df5,0.0,WITHIN_NAMED_FAMILY_ONLY; scalar tail dependence is not a cross-family order
CRR-STAGEII-CONFIRM-2026-07-22,21c5b970e734ed79636df2f3882d4d85460c5efa40b88e59b9b9a3f34a25c0ff,E1,202607221056,E1-GAP--0025.0,margin_control,numpy_PCG64,202607221056,512,991fb152f997519493098bf113d85fd584cb745626d8d8cee95bf44427cc3d07,gaussian,0.25,student_t_df5,0.0,WITHIN_NAMED_FAMILY_ONLY; scalar tail dependence is not a cross-family order
CRR-STAGEII-CONFIRM-2026-07-22,21c5b970e734ed79636df2f3882d4d85460c5efa40b88e59b9b9a3f34a25c0ff,E1,202607221057,E1-GAP-+0000.0,margin_control,numpy_PCG64,202607221057,512,2bcbec531313a3717b3a5f4a15a3c2caf7d9542fe7fc6a0d2f074d9ae4007003,gaussian,0.25,student_t_df5,0.0,WITHIN_NAMED_FAMILY_ONLY; scalar tail dependence is not a cross-family order
CRR-STAGEII-CONFIRM-2026-07-22,21c5b970e734ed79636df2f3882d4d85460c5efa40b88e59b9b9a3f34a25c0ff,E1,202607221057,E1-GAP-+0005.0,margin_control,numpy_PCG64,202607221057,512,85567cb89dee81bea1552d2607394504859fab43972933dbc3fbf7691b90b1c5,gaussian,0.25,student_t_df5,0.0,WITHIN_NAMED_FAMILY_ONLY; scalar tail dependence is not a cross-family order
CRR-STAGEII-CONFIRM-2026-07-22,21c5b970e734ed79636df2f3882d4d85460c5efa40b88e59b9b9a3f34a25c0ff,E1,202607221057,E1-GAP-+0025.0,margin_control,numpy_PCG64,202607221057,512,6302e176bfb40e88fcb589a3efa4c02c576e5fe6829a8a1934a0de9c80ff8e6b,gaussian,0.25,student_t_df5,0.0,WITHIN_NAMED_FAMILY_ONLY; scalar tail dependence is not a cross-family order
CRR-STAGEII-CONFIRM-2026-07-22,21c5b970e734ed79636df2f3882d4d85460c5efa40b88e59b9b9a3f34a25c0ff,E1,202607221057,E1-GAP-+0100.0,margin_control,numpy_PCG64,202607221057,512,f902d7521a51f967e312418eb377d5942e37d3e77c0bf294a5cd528f15a024fb,gaussian,0.25,student_t_df5,0.0,WITHIN_NAMED_FAMILY_ONLY; scalar tail dependence is not a cross-family order
CRR-STAGEII-CONFIRM-2026-07-22,21c5b970e734ed79636df2f3882d4d85460c5efa40b88e59b9b9a3f34a25c0ff,E1,202607221057,E1-GAP--0025.0,margin_control,numpy_PCG64,202607221057,512,a40f1bbbf690605b325506007e823be58c1ee5e773dffbf92cd587293d6bcb4e,gaussian,0.25,student_t_df5,0.0,WITHIN_NAMED_FAMILY_ONLY; scalar tail dependence is not a cross-family order
CRR-STAGEII-CONFIRM-2026-07-22,21c5b970e734ed79636df2f3882d4d85460c5efa40b88e59b9b9a3f34a25c0ff,E1,202607221058,E1-GAP-+0000.0,margin_control,numpy_PCG64,202607221058,512,5c1a977069b6a3e46ec641444f084205a8f043e268bf08c597f4334e470601b8,gaussian,0.25,student_t_df5,0.0,WITHIN_NAMED_FAMILY_ONLY; scalar tail dependence is not a cross-family order
CRR-STAGEII-CONFIRM-2026-07-22,21c5b970e734ed79636df2f3882d4d85460c5efa40b88e59b9b9a3f34a25c0ff,E1,202607221058,E1-GAP-+0005.0,margin_control,numpy_PCG64,202607221058,512,592d003d1a81d0cd68134f8af6cef698264ac33510571ca1d6187b167fb9cb5f,gaussian,0.25,student_t_df5,0.0,WITHIN_NAMED_FAMILY_ONLY; scalar tail dependence is not a cross-family order
CRR-STAGEII-CONFIRM-2026-07-22,21c5b970e734ed79636df2f3882d4d85460c5efa40b88e59b9b9a3f34a25c0ff,E1,202607221058,E1-GAP-+0025.0,margin_control,numpy_PCG64,202607221058,512,575f9e89cd861b9fc527b39e5c990fd6528d1c24deeece7105a0b7a004b52d11,gaussian,0.25,student_t_df5,0.0,WITHIN_NAMED_FAMILY_ONLY; scalar tail dependence is not a cross-family order
CRR-STAGEII-CONFIRM-2026-07-22,21c5b970e734ed79636df2f3882d4d85460c5efa40b88e59b9b9a3f34a25c0ff,E1,202607221058,E1-GAP-+0100.0,margin_control,numpy_PCG64,202607221058,512,a9f805f293201310f93cc933dac5b0a3f0cf60aff9dad27f9df46e231e52c851,gaussian,0.25,student_t_df5,0.0,WITHIN_NAMED_FAMILY_ONLY; scalar tail dependence is not a cross-family order
CRR-STAGEII-CONFIRM-2026-07-22,21c5b970e734ed79636df2f3882d4d85460c5efa40b88e59b9b9a3f34a25c0ff,E1,202607221058,E1-GAP--0025.0,margin_control,numpy_PCG64,202607221058,512,741abd1e91baee988e5ca4dde821482c53f602b58963bf8d4ad6a9aebb9ee10e,gaussian,0.25,student_t_df5,0.0,WITHIN_NAMED_FAMILY_ONLY; scalar tail dependence is not a cross-family order
CRR-STAGEII-CONFIRM-2026-07-22,21c5b970e734ed79636df2f3882d4d85460c5efa40b88e59b9b9a3f34a25c0ff,E1,202607221059,E1-GAP-+0000.0,margin_control,numpy_PCG64,202607221059,512,0254ade3ddd878a872efb91d53a7a5999912805cf75580584390a61ede75c858,gaussian,0.25,student_t_df5,0.0,WITHIN_NAMED_FAMILY_ONLY; scalar tail dependence is not a cross-family order
CRR-STAGEII-CONFIRM-2026-07-22,21c5b970e734ed79636df2f3882d4d85460c5efa40b88e59b9b9a3f34a25c0ff,E1,202607221059,E1-GAP-+0005.0,margin_control,numpy_PCG64,202607221059,512,c64b5d34d591a7a6fe06a15506c1a90aa66d7e3c939d8ebfe67b7fa139585437,gaussian,0.25,student_t_df5,0.0,WITHIN_NAMED_FAMILY_ONLY; scalar tail dependence is not a cross-family order
CRR-STAGEII-CONFIRM-2026-07-22,21c5b970e734ed79636df2f3882d4d85460c5efa40b88e59b9b9a3f34a25c0ff,E1,202607221059,E1-GAP-+0025.0,margin_control,numpy_PCG64,202607221059,512,b22fefa05d5b99ab4a83362a74667a33f6a62e6df4ef294b2bfd0c95d37dff4c,gaussian,0.25,student_t_df5,0.0,WITHIN_NAMED_FAMILY_ONLY; scalar tail dependence is not a cross-family order
CRR-STAGEII-CONFIRM-2026-07-22,21c5b970e734ed79636df2f3882d4d85460c5efa40b88e59b9b9a3f34a25c0ff,E1,202607221059,E1-GAP-+0100.0,margin_control,numpy_PCG64,202607221059,512,b059a8e3835588b7052d301b63839ac73b99cfe9e986d1779d7f0b4a19b539f0,gaussian,0.25,student_t_df5,0.0,WITHIN_NAMED_FAMILY_ONLY; scalar tail dependence is not a cross-family order
CRR-STAGEII-CONFIRM-2026-07-22,21c5b970e734ed79636df2f3882d4d85460c5efa40b88e59b9b9a3f34a25c0ff,E1,202607221059,E1-GAP--0025.0,margin_control,numpy_PCG64,202607221059,512,61efe90864e3025ed0356a765ff01ff06abbd42ff5897d77cb389d4e6e79dd97,gaussian,0.25,student_t_df5,0.0,WITHIN_NAMED_FAMILY_ONLY; scalar tail dependence is not a cross-family order
CRR-STAGEII-CONFIRM-2026-07-22,21c5b970e734ed79636df2f3882d4d85460c5efa40b88e59b9b9a3f34a25c0ff,E1,202607221060,E1-GAP-+0000.0,margin_control,numpy_PCG64,202607221060,512,72c5cc4ffc5b5fb7933595b32378db2a15bc57a629fe21ebe913fdb7d1cf209e,gaussian,0.25,student_t_df5,0.0,WITHIN_NAMED_FAMILY_ONLY; scalar tail dependence is not a cross-family order
CRR-STAGEII-CONFIRM-2026-07-22,21c5b970e734ed79636df2f3882d4d85460c5efa40b88e59b9b9a3f34a25c0ff,E1,202607221060,E1-GAP-+0005.0,margin_control,numpy_PCG64,202607221060,512,820c59042e9cf302acfdd0ce880c046aab45375d92ef3dd14795582a4ce81f70,gaussian,0.25,student_t_df5,0.0,WITHIN_NAMED_FAMILY_ONLY; scalar tail dependence is not a cross-family order
CRR-STAGEII-CONFIRM-2026-07-22,21c5b970e734ed79636df2f3882d4d85460c5efa40b88e59b9b9a3f34a25c0ff,E1,202607221060,E1-GAP-+0025.0,margin_control,numpy_PCG64,202607221060,512,0435a380c7e060ef1d89b0dca2bccb8d361558fab3221dc57fd878f003b7ef68,gaussian,0.25,student_t_df5,0.0,WITHIN_NAMED_FAMILY_ONLY; scalar tail dependence is not a cross-family order
CRR-STAGEII-CONFIRM-2026-07-22,21c5b970e734ed79636df2f3882d4d85460c5efa40b88e59b9b9a3f34a25c0ff,E1,202607221060,E1-GAP-+0100.0,margin_control,numpy_PCG64,202607221060,512,e52feed21ad79e0d40060106be77212498fb730231003b125765a5f56a591edd,gaussian,0.25,student_t_df5,0.0,WITHIN_NAMED_FAMILY_ONLY; scalar tail dependence is not a cross-family order
CRR-STAGEII-CONFIRM-2026-07-22,21c5b970e734ed79636df2f3882d4d85460c5efa40b88e59b9b9a3f34a25c0ff,E1,202607221060,E1-GAP--0025.0,margin_control,numpy_PCG64,202607221060,512,d0377a76f3566179ce7adaecbcb13bf4458780b11a905c6f6ccef3af9b15cebc,gaussian,0.25,student_t_df5,0.0,WITHIN_NAMED_FAMILY_ONLY; scalar tail dependence is not a cross-family order
CRR-STAGEII-CONFIRM-2026-07-22,21c5b970e734ed79636df2f3882d4d85460c5efa40b88e59b9b9a3f34a25c0ff,E1,202607221061,E1-GAP-+0000.0,margin_control,numpy_PCG64,202607221061,512,5250702d5c56f2378234d1691d06a70ee83593ad933d8be31c2c9c825235afab,gaussian,0.25,student_t_df5,0.0,WITHIN_NAMED_FAMILY_ONLY; scalar tail dependence is not a cross-family order
CRR-STAGEII-CONFIRM-2026-07-22,21c5b970e734ed79636df2f3882d4d85460c5efa40b88e59b9b9a3f34a25c0ff,E1,202607221061,E1-GAP-+0005.0,margin_control,numpy_PCG64,202607221061,512,50e77fdacb9a2fd936f172407e9675eb88a2288e5009f6ba5b11c3a7d30f76b9,gaussian,0.25,student_t_df5,0.0,WITHIN_NAMED_FAMILY_ONLY; scalar tail dependence is not a cross-family order
CRR-STAGEII-CONFIRM-2026-07-22,21c5b970e734ed79636df2f3882d4d85460c5efa40b88e59b9b9a3f34a25c0ff,E1,202607221061,E1-GAP-+0025.0,margin_control,numpy_PCG64,202607221061,512,209a0f6b42a6b8423c30b1cfba1561f5bc62f2cea71c04510ff62f96a8d1e51a,gaussian,0.25,student_t_df5,0.0,WITHIN_NAMED_FAMILY_ONLY; scalar tail dependence is not a cross-family order
CRR-STAGEII-CONFIRM-2026-07-22,21c5b970e734ed79636df2f3882d4d85460c5efa40b88e59b9b9a3f34a25c0ff,E1,202607221061,E1-GAP-+0100.0,margin_control,numpy_PCG64,202607221061,512,bb75e88cf1f12193f52d6ca8f41b419e06efe40b96c12998afc042270c0f664a,gaussian,0.25,student_t_df5,0.0,WITHIN_NAMED_FAMILY_ONLY; scalar tail dependence is not a cross-family order
CRR-STAGEII-CONFIRM-2026-07-22,21c5b970e734ed79636df2f3882d4d85460c5efa40b88e59b9b9a3f34a25c0ff,E1,202607221061,E1-GAP--0025.0,margin_control,numpy_PCG64,202607221061,512,f05f9bdd1674599b15b5faadcd1ab092cf56f57cf3ecdb71c1e6b42656c3ebf8,gaussian,0.25,student_t_df5,0.0,WITHIN_NAMED_FAMILY_ONLY; scalar tail dependence is not a cross-family order
CRR-STAGEII-CONFIRM-2026-07-22,21c5b970e734ed79636df2f3882d4d85460c5efa40b88e59b9b9a3f34a25c0ff,E1,202607221062,E1-GAP-+0000.0,margin_control,numpy_PCG64,202607221062,512,cd8cf77076bf05c2b16a26e0ad2e5881542b7caa97af2e98966a50880b473110,gaussian,0.25,student_t_df5,0.0,WITHIN_NAMED_FAMILY_ONLY; scalar tail dependence is not a cross-family order
CRR-STAGEII-CONFIRM-2026-07-22,21c5b970e734ed79636df2f3882d4d85460c5efa40b88e59b9b9a3f34a25c0ff,E1,202607221062,E1-GAP-+0005.0,margin_control,numpy_PCG64,202607221062,512,8f2ce4224ba3f423b9ffed81facaa57ce6e9400f50d0f1feb65a087a01fdc4e3,gaussian,0.25,student_t_df5,0.0,WITHIN_NAMED_FAMILY_ONLY; scalar tail dependence is not a cross-family order
CRR-STAGEII-CONFIRM-2026-07-22,21c5b970e734ed79636df2f3882d4d85460c5efa40b88e59b9b9a3f34a25c0ff,E1,202607221062,E1-GAP-+0025.0,margin_control,numpy_PCG64,202607221062,512,877edafcefa9357dd1d97e7156d4316dacd7e1a3234dd210d536c5560e82dee0,gaussian,0.25,student_t_df5,0.0,WITHIN_NAMED_FAMILY_ONLY; scalar tail dependence is not a cross-family order
CRR-STAGEII-CONFIRM-2026-07-22,21c5b970e734ed79636df2f3882d4d85460c5efa40b88e59b9b9a3f34a25c0ff,E1,202607221062,E1-GAP-+0100.0,margin_control,numpy_PCG64,202607221062,512,01973f8fdf6a4761812f13fc106dea89185c6eb58f9fe4ced37c556d6aff4ad8,gaussian,0.25,student_t_df5,0.0,WITHIN_NAMED_FAMILY_ONLY; scalar tail dependence is not a cross-family order
CRR-STAGEII-CONFIRM-2026-07-22,21c5b970e734ed79636df2f3882d4d85460c5efa40b88e59b9b9a3f34a25c0ff,E1,202607221062,E1-GAP--0025.0,margin_control,numpy_PCG64,202607221062,512,213d6db0227140cd37d6f705d26331afd8a3dd9efb87fe62f1470d40d043fc9a,gaussian,0.25,student_t_df5,0.0,WITHIN_NAMED_FAMILY_ONLY; scalar tail dependence is not a cross-family order
CRR-STAGEII-CONFIRM-2026-07-22,21c5b970e734ed79636df2f3882d4d85460c5efa40b88e59b9b9a3f34a25c0ff,E1,202607221063,E1-GAP-+0000.0,margin_control,numpy_PCG64,202607221063,512,667fc50973a080cf23f58dd99bf05bd4105eaea96cfe1e6fe279c08e2182adc0,gaussian,0.25,student_t_df5,0.0,WITHIN_NAMED_FAMILY_ONLY; scalar tail dependence is not a cross-family order
CRR-STAGEII-CONFIRM-2026-07-22,21c5b970e734ed79636df2f3882d4d85460c5efa40b88e59b9b9a3f34a25c0ff,E1,202607221063,E1-GAP-+0005.0,margin_control,numpy_PCG64,202607221063,512,055ea90c1c24feedd27dddda6b5fe9b2f8939ed0c88aa94283dec3919c73f433,gaussian,0.25,student_t_df5,0.0,WITHIN_NAMED_FAMILY_ONLY; scalar tail dependence is not a cross-family order
CRR-STAGEII-CONFIRM-2026-07-22,21c5b970e734ed79636df2f3882d4d85460c5efa40b88e59b9b9a3f34a25c0ff,E1,202607221063,E1-GAP-+0025.0,margin_control,numpy_PCG64,202607221063,512,dad1895ee0d14ca5202c7cd193acef17d6877108e722154e944e53959219fb40,gaussian,0.25,student_t_df5,0.0,WITHIN_NAMED_FAMILY_ONLY; scalar tail dependence is not a cross-family order
CRR-STAGEII-CONFIRM-2026-07-22,21c5b970e734ed79636df2f3882d4d85460c5efa40b88e59b9b9a3f34a25c0ff,E1,202607221063,E1-GAP-+0100.0,margin_control,numpy_PCG64,202607221063,512,35174bc3d47ca77414a8f7bed297e86cde991949442d7f39168b4442dfc5f3b8,gaussian,0.25,student_t_df5,0.0,WITHIN_NAMED_FAMILY_ONLY; scalar tail dependence is not a cross-family order
CRR-STAGEII-CONFIRM-2026-07-22,21c5b970e734ed79636df2f3882d4d85460c5efa40b88e59b9b9a3f34a25c0ff,E1,202607221063,E1-GAP--0025.0,margin_control,numpy_PCG64,202607221063,512,577e60b8ba2afccd044c9a2fba5d7fbbf351986ba0394890e9169bc2ceeceec4,gaussian,0.25,student_t_df5,0.0,WITHIN_NAMED_FAMILY_ONLY; scalar tail dependence is not a cross-family order
CRR-STAGEII-CONFIRM-2026-07-22,21c5b970e734ed79636df2f3882d4d85460c5efa40b88e59b9b9a3f34a25c0ff,E1,202607221064,E1-GAP-+0000.0,margin_control,numpy_PCG64,202607221064,512,b90844fbf35063d36b98fcc4a5eda94892f136f4841aa2fc5ef01e5449d1bfd8,gaussian,0.25,student_t_df5,0.0,WITHIN_NAMED_FAMILY_ONLY; scalar tail dependence is not a cross-family order
CRR-STAGEII-CONFIRM-2026-07-22,21c5b970e734ed79636df2f3882d4d85460c5efa40b88e59b9b9a3f34a25c0ff,E1,202607221064,E1-GAP-+0005.0,margin_control,numpy_PCG64,202607221064,512,c69501d6616522444d11d8a98ab7adc7c3f8b0a28c01722aafff7b6c8c92229d,gaussian,0.25,student_t_df5,0.0,WITHIN_NAMED_FAMILY_ONLY; scalar tail dependence is not a cross-family order
CRR-STAGEII-CONFIRM-2026-07-22,21c5b970e734ed79636df2f3882d4d85460c5efa40b88e59b9b9a3f34a25c0ff,E1,202607221064,E1-GAP-+0025.0,margin_control,numpy_PCG64,202607221064,512,fea859973669375a719fb716fb355e2ca833116d04dd1576453867ef35098f84,gaussian,0.25,student_t_df5,0.0,WITHIN_NAMED_FAMILY_ONLY; scalar tail dependence is not a cross-family order
CRR-STAGEII-CONFIRM-2026-07-22,21c5b970e734ed79636df2f3882d4d85460c5efa40b88e59b9b9a3f34a25c0ff,E1,202607221064,E1-GAP-+0100.0,margin_control,numpy_PCG64,202607221064,512,052cc61579293a44b6b753b7e92cddce6cce8ed85deda60deecd48692176d015,gaussian,0.25,student_t_df5,0.0,WITHIN_NAMED_FAMILY_ONLY; scalar tail dependence is not a cross-family order
CRR-STAGEII-CONFIRM-2026-07-22,21c5b970e734ed79636df2f3882d4d85460c5efa40b88e59b9b9a3f34a25c0ff,E1,202607221064,E1-GAP--0025.0,margin_control,numpy_PCG64,202607221064,512,8a550d78de07aa5e02b8ddff03607521de73f8aca32c597c3cac5ea228f95c57,gaussian,0.25,student_t_df5,0.0,WITHIN_NAMED_FAMILY_ONLY; scalar tail dependence is not a cross-family order
CRR-STAGEII-CONFIRM-2026-07-22,21c5b970e734ed79636df2f3882d4d85460c5efa40b88e59b9b9a3f34a25c0ff,E2,202607222001,E2-COMMON,operations_common_random_numbers,numpy_PCG64,202607222001,512,5f1316953c9fec2fc442fc954bd0b9bdde023cb74f92e55b60445a4ef35d1995,gaussian,0.25,student_t_df5,0.0,WITHIN_NAMED_FAMILY_ONLY; scalar tail dependence is not a cross-family order
CRR-STAGEII-CONFIRM-2026-07-22,21c5b970e734ed79636df2f3882d4d85460c5efa40b88e59b9b9a3f34a25c0ff,E2,202607222002,E2-COMMON,operations_common_random_numbers,numpy_PCG64,202607222002,512,ce3b96d900262be043493378b8d8b89f106b0aa805c378e3e66f7fc69da0b592,gaussian,0.25,student_t_df5,0.0,WITHIN_NAMED_FAMILY_ONLY; scalar tail dependence is not a cross-family order
CRR-STAGEII-CONFIRM-2026-07-22,21c5b970e734ed79636df2f3882d4d85460c5efa40b88e59b9b9a3f34a25c0ff,E2,202607222003,E2-COMMON,operations_common_random_numbers,numpy_PCG64,202607222003,512,01542ef9dcd23d8d349855e3f24179e8df69d1c28477790b5ff5ad003ac76957,gaussian,0.25,student_t_df5,0.0,WITHIN_NAMED_FAMILY_ONLY; scalar tail dependence is not a cross-family order
CRR-STAGEII-CONFIRM-2026-07-22,21c5b970e734ed79636df2f3882d4d85460c5efa40b88e59b9b9a3f34a25c0ff,E2,202607222004,E2-COMMON,operations_common_random_numbers,numpy_PCG64,202607222004,512,a1d74db1144ad69bf0bc4c220a5d266df7260d532c3de8ed15a81cab93c1c57f,gaussian,0.25,student_t_df5,0.0,WITHIN_NAMED_FAMILY_ONLY; scalar tail dependence is not a cross-family order
CRR-STAGEII-CONFIRM-2026-07-22,21c5b970e734ed79636df2f3882d4d85460c5efa40b88e59b9b9a3f34a25c0ff,E2,202607222005,E2-COMMON,operations_common_random_numbers,numpy_PCG64,202607222005,512,277cc3cd12e950fec8413615b1aeeccb1666df71d7b638da343385556b6c03db,gaussian,0.25,student_t_df5,0.0,WITHIN_NAMED_FAMILY_ONLY; scalar tail dependence is not a cross-family order
CRR-STAGEII-CONFIRM-2026-07-22,21c5b970e734ed79636df2f3882d4d85460c5efa40b88e59b9b9a3f34a25c0ff,E2,202607222006,E2-COMMON,operations_common_random_numbers,numpy_PCG64,202607222006,512,29d2511a73fb10d912ef3acb8429717db8d77970d9c70ad77bc03861c5e7864d,gaussian,0.25,student_t_df5,0.0,WITHIN_NAMED_FAMILY_ONLY; scalar tail dependence is not a cross-family order
CRR-STAGEII-CONFIRM-2026-07-22,21c5b970e734ed79636df2f3882d4d85460c5efa40b88e59b9b9a3f34a25c0ff,E2,202607222007,E2-COMMON,operations_common_random_numbers,numpy_PCG64,202607222007,512,0c22ea052bb946669ef1c223299700acae80c8fd8052ae0026b47be52955b2fa,gaussian,0.25,student_t_df5,0.0,WITHIN_NAMED_FAMILY_ONLY; scalar tail dependence is not a cross-family order
CRR-STAGEII-CONFIRM-2026-07-22,21c5b970e734ed79636df2f3882d4d85460c5efa40b88e59b9b9a3f34a25c0ff,E2,202607222008,E2-COMMON,operations_common_random_numbers,numpy_PCG64,202607222008,512,3e46f3df9281fc4083d416c0a3917c16753de4efec9ad2e16ac7aba8f03e8a25,gaussian,0.25,student_t_df5,0.0,WITHIN_NAMED_FAMILY_ONLY; scalar tail dependence is not a cross-family order
CRR-STAGEII-CONFIRM-2026-07-22,21c5b970e734ed79636df2f3882d4d85460c5efa40b88e59b9b9a3f34a25c0ff,E2,202607222009,E2-COMMON,operations_common_random_numbers,numpy_PCG64,202607222009,512,a98377356a1eea405f30d5040701a58c2ec12d7783857c36206fee3845911b62,gaussian,0.25,student_t_df5,0.0,WITHIN_NAMED_FAMILY_ONLY; scalar tail dependence is not a cross-family order
CRR-STAGEII-CONFIRM-2026-07-22,21c5b970e734ed79636df2f3882d4d85460c5efa40b88e59b9b9a3f34a25c0ff,E2,202607222010,E2-COMMON,operations_common_random_numbers,numpy_PCG64,202607222010,512,0b075f57ddc06ff8a30a96e764b9be1e45fc46bfbbaba2ea414af78ec384626a,gaussian,0.25,student_t_df5,0.0,WITHIN_NAMED_FAMILY_ONLY; scalar tail dependence is not a cross-family order
CRR-STAGEII-CONFIRM-2026-07-22,21c5b970e734ed79636df2f3882d4d85460c5efa40b88e59b9b9a3f34a25c0ff,E2,202607222011,E2-COMMON,operations_common_random_numbers,numpy_PCG64,202607222011,512,6c198ce8f329d7b0ee55e81feffccf919604c0449872f0b4633776f87c2a52f5,gaussian,0.25,student_t_df5,0.0,WITHIN_NAMED_FAMILY_ONLY; scalar tail dependence is not a cross-family order
CRR-STAGEII-CONFIRM-2026-07-22,21c5b970e734ed79636df2f3882d4d85460c5efa40b88e59b9b9a3f34a25c0ff,E2,202607222012,E2-COMMON,operations_common_random_numbers,numpy_PCG64,202607222012,512,c715cb79bb271a5a6576de695eaf8bd80317484a3a3c2bb93db198bab24f96ed,gaussian,0.25,student_t_df5,0.0,WITHIN_NAMED_FAMILY_ONLY; scalar tail dependence is not a cross-family order
CRR-STAGEII-CONFIRM-2026-07-22,21c5b970e734ed79636df2f3882d4d85460c5efa40b88e59b9b9a3f34a25c0ff,E2,202607222013,E2-COMMON,operations_common_random_numbers,numpy_PCG64,202607222013,512,59ed20838f50ce9f536c328654538343df3203f971089b5eb28373ffe4e3b8cb,gaussian,0.25,student_t_df5,0.0,WITHIN_NAMED_FAMILY_ONLY; scalar tail dependence is not a cross-family order
CRR-STAGEII-CONFIRM-2026-07-22,21c5b970e734ed79636df2f3882d4d85460c5efa40b88e59b9b9a3f34a25c0ff,E2,202607222014,E2-COMMON,operations_common_random_numbers,numpy_PCG64,202607222014,512,d2a93799d452b3e654fcdefdd457dbe3301cad14e5906ee39196fd3a370b220a,gaussian,0.25,student_t_df5,0.0,WITHIN_NAMED_FAMILY_ONLY; scalar tail dependence is not a cross-family order
CRR-STAGEII-CONFIRM-2026-07-22,21c5b970e734ed79636df2f3882d4d85460c5efa40b88e59b9b9a3f34a25c0ff,E2,202607222015,E2-COMMON,operations_common_random_numbers,numpy_PCG64,202607222015,512,e9529930a7bb78fbb1b1629e413b3facaf7eb599a6af1db2a86787276331c7a9,gaussian,0.25,student_t_df5,0.0,WITHIN_NAMED_FAMILY_ONLY; scalar tail dependence is not a cross-family order
CRR-STAGEII-CONFIRM-2026-07-22,21c5b970e734ed79636df2f3882d4d85460c5efa40b88e59b9b9a3f34a25c0ff,E2,202607222016,E2-COMMON,operations_common_random_numbers,numpy_PCG64,202607222016,512,092597def3e94e76d9031e273764094779989da3b00d3afafbf96b5d5c774be8,gaussian,0.25,student_t_df5,0.0,WITHIN_NAMED_FAMILY_ONLY; scalar tail dependence is not a cross-family order
CRR-STAGEII-CONFIRM-2026-07-22,21c5b970e734ed79636df2f3882d4d85460c5efa40b88e59b9b9a3f34a25c0ff,E3,202607223001,E3-COMMON,risk_frontier_common_draw,numpy_PCG64,202607223001,512,56496a930268988508b03191cb7e57fa8d20c0644f6c3bac0edb4691b8c02eb3,student_t_df4,0.25,student_t_df5,0.1953801683718518,WITHIN_NAMED_FAMILY_ONLY; scalar tail dependence is not a cross-family order
CRR-STAGEII-CONFIRM-2026-07-22,21c5b970e734ed79636df2f3882d4d85460c5efa40b88e59b9b9a3f34a25c0ff,E3,202607223002,E3-COMMON,risk_frontier_common_draw,numpy_PCG64,202607223002,512,e5f016f068b798e8a721145e4a525404fa9dd45060c56ff31c9d5aafd657dd15,student_t_df4,0.25,student_t_df5,0.1953801683718518,WITHIN_NAMED_FAMILY_ONLY; scalar tail dependence is not a cross-family order
CRR-STAGEII-CONFIRM-2026-07-22,21c5b970e734ed79636df2f3882d4d85460c5efa40b88e59b9b9a3f34a25c0ff,E3,202607223003,E3-COMMON,risk_frontier_common_draw,numpy_PCG64,202607223003,512,80230912b821f68603e45818115b3ea81fca6ddef1a89c0898bb8761399f1885,student_t_df4,0.25,student_t_df5,0.1953801683718518,WITHIN_NAMED_FAMILY_ONLY; scalar tail dependence is not a cross-family order
CRR-STAGEII-CONFIRM-2026-07-22,21c5b970e734ed79636df2f3882d4d85460c5efa40b88e59b9b9a3f34a25c0ff,E3,202607223004,E3-COMMON,risk_frontier_common_draw,numpy_PCG64,202607223004,512,e0a8286316a5e00d7246367d0e83a6281d9dfff71ea3cad7376bef66a2f4f076,student_t_df4,0.25,student_t_df5,0.1953801683718518,WITHIN_NAMED_FAMILY_ONLY; scalar tail dependence is not a cross-family order
CRR-STAGEII-CONFIRM-2026-07-22,21c5b970e734ed79636df2f3882d4d85460c5efa40b88e59b9b9a3f34a25c0ff,E3,202607223005,E3-COMMON,risk_frontier_common_draw,numpy_PCG64,202607223005,512,d2117e4abb492e6b02bbca7a3b2e01b525e81f6a515d565293965eea1929ac6a,student_t_df4,0.25,student_t_df5,0.1953801683718518,WITHIN_NAMED_FAMILY_ONLY; scalar tail dependence is not a cross-family order
CRR-STAGEII-CONFIRM-2026-07-22,21c5b970e734ed79636df2f3882d4d85460c5efa40b88e59b9b9a3f34a25c0ff,E3,202607223006,E3-COMMON,risk_frontier_common_draw,numpy_PCG64,202607223006,512,99b374cfc4f829f9b109bb37e4e231be55e80ce696e536666307097fe905341e,student_t_df4,0.25,student_t_df5,0.1953801683718518,WITHIN_NAMED_FAMILY_ONLY; scalar tail dependence is not a cross-family order
CRR-STAGEII-CONFIRM-2026-07-22,21c5b970e734ed79636df2f3882d4d85460c5efa40b88e59b9b9a3f34a25c0ff,E3,202607223007,E3-COMMON,risk_frontier_common_draw,numpy_PCG64,202607223007,512,f7cfd2887184c71a0dc4c8cc2277f6053e6dbad28783a3cdb6c17641f5d17763,student_t_df4,0.25,student_t_df5,0.1953801683718518,WITHIN_NAMED_FAMILY_ONLY; scalar tail dependence is not a cross-family order
CRR-STAGEII-CONFIRM-2026-07-22,21c5b970e734ed79636df2f3882d4d85460c5efa40b88e59b9b9a3f34a25c0ff,E3,202607223008,E3-COMMON,risk_frontier_common_draw,numpy_PCG64,202607223008,512,673a4acde2fc36814556f966d0f14151c26f3d85d9a2f3d6e3db0c6bdccae73b,student_t_df4,0.25,student_t_df5,0.1953801683718518,WITHIN_NAMED_FAMILY_ONLY; scalar tail dependence is not a cross-family order
CRR-STAGEII-CONFIRM-2026-07-22,21c5b970e734ed79636df2f3882d4d85460c5efa40b88e59b9b9a3f34a25c0ff,E3,202607223009,E3-COMMON,risk_frontier_common_draw,numpy_PCG64,202607223009,512,597951ac045eb3cb4cc4d826aefe04b2615942ae44666ac7559be04ab112f77e,student_t_df4,0.25,student_t_df5,0.1953801683718518,WITHIN_NAMED_FAMILY_ONLY; scalar tail dependence is not a cross-family order
CRR-STAGEII-CONFIRM-2026-07-22,21c5b970e734ed79636df2f3882d4d85460c5efa40b88e59b9b9a3f34a25c0ff,E3,202607223010,E3-COMMON,risk_frontier_common_draw,numpy_PCG64,202607223010,512,4189bf7c66065201c9d12b23781672157ec2b28988fd6d47d83cf340a983ede9,student_t_df4,0.25,student_t_df5,0.1953801683718518,WITHIN_NAMED_FAMILY_ONLY; scalar tail dependence is not a cross-family order
CRR-STAGEII-CONFIRM-2026-07-22,21c5b970e734ed79636df2f3882d4d85460c5efa40b88e59b9b9a3f34a25c0ff,E3,202607223011,E3-COMMON,risk_frontier_common_draw,numpy_PCG64,202607223011,512,55d29a9ee7c783ccaf1fe46b0db37f48bef8e86fa5ff628a6159d300c2fa75d8,student_t_df4,0.25,student_t_df5,0.1953801683718518,WITHIN_NAMED_FAMILY_ONLY; scalar tail dependence is not a cross-family order
CRR-STAGEII-CONFIRM-2026-07-22,21c5b970e734ed79636df2f3882d4d85460c5efa40b88e59b9b9a3f34a25c0ff,E3,202607223012,E3-COMMON,risk_frontier_common_draw,numpy_PCG64,202607223012,512,97a21627b37d539efb256d34435758e209926acd6da529e7d08331f31025dbc9,student_t_df4,0.25,student_t_df5,0.1953801683718518,WITHIN_NAMED_FAMILY_ONLY; scalar tail dependence is not a cross-family order
CRR-STAGEII-CONFIRM-2026-07-22,21c5b970e734ed79636df2f3882d4d85460c5efa40b88e59b9b9a3f34a25c0ff,E3,202607223013,E3-COMMON,risk_frontier_common_draw,numpy_PCG64,202607223013,512,17f504df8226bbca79017a7effacc7c15bb2d35e12969d5922c12316c4145d75,student_t_df4,0.25,student_t_df5,0.1953801683718518,WITHIN_NAMED_FAMILY_ONLY; scalar tail dependence is not a cross-family order
CRR-STAGEII-CONFIRM-2026-07-22,21c5b970e734ed79636df2f3882d4d85460c5efa40b88e59b9b9a3f34a25c0ff,E3,202607223014,E3-COMMON,risk_frontier_common_draw,numpy_PCG64,202607223014,512,650bdfb2bd86f87c4476ced777a6198a02d2b454355655145e547d9727329cbc,student_t_df4,0.25,student_t_df5,0.1953801683718518,WITHIN_NAMED_FAMILY_ONLY; scalar tail dependence is not a cross-family order
CRR-STAGEII-CONFIRM-2026-07-22,21c5b970e734ed79636df2f3882d4d85460c5efa40b88e59b9b9a3f34a25c0ff,E3,202607223015,E3-COMMON,risk_frontier_common_draw,numpy_PCG64,202607223015,512,52ebfbfb74bf7667a3ec3e5dea5ffae4c019f3c739dee2db5909d3e90041eb3c,student_t_df4,0.25,student_t_df5,0.1953801683718518,WITHIN_NAMED_FAMILY_ONLY; scalar tail dependence is not a cross-family order
CRR-STAGEII-CONFIRM-2026-07-22,21c5b970e734ed79636df2f3882d4d85460c5efa40b88e59b9b9a3f34a25c0ff,E3,202607223016,E3-COMMON,risk_frontier_common_draw,numpy_PCG64,202607223016,512,4fc8715c510aa3fe0170c8eb833a5b44845003baf738bb2b4f958cc9e8a19751,student_t_df4,0.25,student_t_df5,0.1953801683718518,WITHIN_NAMED_FAMILY_ONLY; scalar tail dependence is not a cross-family order
CRR-STAGEII-CONFIRM-2026-07-22,21c5b970e734ed79636df2f3882d4d85460c5efa40b88e59b9b9a3f34a25c0ff,E3,202607223017,E3-COMMON,risk_frontier_common_draw,numpy_PCG64,202607223017,512,8a272fb84dd7c4855d78014dd5c0d97aa2c6a446056b4319cfa668ce16dfa1aa,student_t_df4,0.25,student_t_df5,0.1953801683718518,WITHIN_NAMED_FAMILY_ONLY; scalar tail dependence is not a cross-family order
CRR-STAGEII-CONFIRM-2026-07-22,21c5b970e734ed79636df2f3882d4d85460c5efa40b88e59b9b9a3f34a25c0ff,E3,202607223018,E3-COMMON,risk_frontier_common_draw,numpy_PCG64,202607223018,512,57252259adf4f3dbba1952a2ff2f5bf87cee6180d4cc435acd751d1f569445e8,student_t_df4,0.25,student_t_df5,0.1953801683718518,WITHIN_NAMED_FAMILY_ONLY; scalar tail dependence is not a cross-family order
CRR-STAGEII-CONFIRM-2026-07-22,21c5b970e734ed79636df2f3882d4d85460c5efa40b88e59b9b9a3f34a25c0ff,E3,202607223019,E3-COMMON,risk_frontier_common_draw,numpy_PCG64,202607223019,512,cb81286503f7465ede36507549bcf5ad6312f07aba2b589207d02fbac4b55acf,student_t_df4,0.25,student_t_df5,0.1953801683718518,WITHIN_NAMED_FAMILY_ONLY; scalar tail dependence is not a cross-family order
CRR-STAGEII-CONFIRM-2026-07-22,21c5b970e734ed79636df2f3882d4d85460c5efa40b88e59b9b9a3f34a25c0ff,E3,202607223020,E3-COMMON,risk_frontier_common_draw,numpy_PCG64,202607223020,512,33a2639fa0db67fbefe694cf2f2e89d834d7c199eaf02de2c53862ae435d6635,student_t_df4,0.25,student_t_df5,0.1953801683718518,WITHIN_NAMED_FAMILY_ONLY; scalar tail dependence is not a cross-family order
CRR-STAGEII-CONFIRM-2026-07-22,21c5b970e734ed79636df2f3882d4d85460c5efa40b88e59b9b9a3f34a25c0ff,E3,202607223021,E3-COMMON,risk_frontier_common_draw,numpy_PCG64,202607223021,512,8c8641d3b96994b5f9ea8b30820301709f4146b0850e3a8929992ffbfa2d2655,student_t_df4,0.25,student_t_df5,0.1953801683718518,WITHIN_NAMED_FAMILY_ONLY; scalar tail dependence is not a cross-family order
CRR-STAGEII-CONFIRM-2026-07-22,21c5b970e734ed79636df2f3882d4d85460c5efa40b88e59b9b9a3f34a25c0ff,E3,202607223022,E3-COMMON,risk_frontier_common_draw,numpy_PCG64,202607223022,512,61a74723943a48a98d47d7f90e5eaade7aead21d7306dad0e49594ac19e9b1f3,student_t_df4,0.25,student_t_df5,0.1953801683718518,WITHIN_NAMED_FAMILY_ONLY; scalar tail dependence is not a cross-family order
CRR-STAGEII-CONFIRM-2026-07-22,21c5b970e734ed79636df2f3882d4d85460c5efa40b88e59b9b9a3f34a25c0ff,E3,202607223023,E3-COMMON,risk_frontier_common_draw,numpy_PCG64,202607223023,512,39dba06d658a1797673e582c67683f2e0bf22a19ea512a00a5387e450fb1a137,student_t_df4,0.25,student_t_df5,0.1953801683718518,WITHIN_NAMED_FAMILY_ONLY; scalar tail dependence is not a cross-family order
CRR-STAGEII-CONFIRM-2026-07-22,21c5b970e734ed79636df2f3882d4d85460c5efa40b88e59b9b9a3f34a25c0ff,E3,202607223024,E3-COMMON,risk_frontier_common_draw,numpy_PCG64,202607223024,512,0256587ef384602f45a1a6dca930300789fa585c8016dfcd0d3da4c93c903669,student_t_df4,0.25,student_t_df5,0.1953801683718518,WITHIN_NAMED_FAMILY_ONLY; scalar tail dependence is not a cross-family order
CRR-STAGEII-CONFIRM-2026-07-22,21c5b970e734ed79636df2f3882d4d85460c5efa40b88e59b9b9a3f34a25c0ff,E3,202607223025,E3-COMMON,risk_frontier_common_draw,numpy_PCG64,202607223025,512,b8fd8dbbc858a540e3e40916570aec256fd61f8af68f8872fad3873addcd59be,student_t_df4,0.25,student_t_df5,0.1953801683718518,WITHIN_NAMED_FAMILY_ONLY; scalar tail dependence is not a cross-family order
CRR-STAGEII-CONFIRM-2026-07-22,21c5b970e734ed79636df2f3882d4d85460c5efa40b88e59b9b9a3f34a25c0ff,E3,202607223026,E3-COMMON,risk_frontier_common_draw,numpy_PCG64,202607223026,512,f89d93708b51c7ff2496f635a22e761e3be7d5a2442c227a0376031304da0163,student_t_df4,0.25,student_t_df5,0.1953801683718518,WITHIN_NAMED_FAMILY_ONLY; scalar tail dependence is not a cross-family order
CRR-STAGEII-CONFIRM-2026-07-22,21c5b970e734ed79636df2f3882d4d85460c5efa40b88e59b9b9a3f34a25c0ff,E3,202607223027,E3-COMMON,risk_frontier_common_draw,numpy_PCG64,202607223027,512,56b79b83fa02f48f4d682718ed5a81b374d786e04786613ca55610072c5b328c,student_t_df4,0.25,student_t_df5,0.1953801683718518,WITHIN_NAMED_FAMILY_ONLY; scalar tail dependence is not a cross-family order
CRR-STAGEII-CONFIRM-2026-07-22,21c5b970e734ed79636df2f3882d4d85460c5efa40b88e59b9b9a3f34a25c0ff,E3,202607223028,E3-COMMON,risk_frontier_common_draw,numpy_PCG64,202607223028,512,5231ef4e803785347cb6c6d683ab46458fc0fc183bd7bab2c524706dfba670d0,student_t_df4,0.25,student_t_df5,0.1953801683718518,WITHIN_NAMED_FAMILY_ONLY; scalar tail dependence is not a cross-family order
CRR-STAGEII-CONFIRM-2026-07-22,21c5b970e734ed79636df2f3882d4d85460c5efa40b88e59b9b9a3f34a25c0ff,E3,202607223029,E3-COMMON,risk_frontier_common_draw,numpy_PCG64,202607223029,512,a587fa2d4cb4e7d424ccaaa4a43b5576963cea6a86e44f9b376cc9fe15054176,student_t_df4,0.25,student_t_df5,0.1953801683718518,WITHIN_NAMED_FAMILY_ONLY; scalar tail dependence is not a cross-family order
CRR-STAGEII-CONFIRM-2026-07-22,21c5b970e734ed79636df2f3882d4d85460c5efa40b88e59b9b9a3f34a25c0ff,E3,202607223030,E3-COMMON,risk_frontier_common_draw,numpy_PCG64,202607223030,512,a51101c9a20974d4387e0555b4d441a45300a722efd30bc2d510e1b31ca5981c,student_t_df4,0.25,student_t_df5,0.1953801683718518,WITHIN_NAMED_FAMILY_ONLY; scalar tail dependence is not a cross-family order
CRR-STAGEII-CONFIRM-2026-07-22,21c5b970e734ed79636df2f3882d4d85460c5efa40b88e59b9b9a3f34a25c0ff,E3,202607223031,E3-COMMON,risk_frontier_common_draw,numpy_PCG64,202607223031,512,a979397b27b830b066c16b92d1a067af2eaf2d1cefa17ee3aadd7a8e16f51a99,student_t_df4,0.25,student_t_df5,0.1953801683718518,WITHIN_NAMED_FAMILY_ONLY; scalar tail dependence is not a cross-family order
CRR-STAGEII-CONFIRM-2026-07-22,21c5b970e734ed79636df2f3882d4d85460c5efa40b88e59b9b9a3f34a25c0ff,E3,202607223032,E3-COMMON,risk_frontier_common_draw,numpy_PCG64,202607223032,512,119598949c05a60f959f09367cb716c004a0f41f5b033ddc74056e2852e9a8d4,student_t_df4,0.25,student_t_df5,0.1953801683718518,WITHIN_NAMED_FAMILY_ONLY; scalar tail dependence is not a cross-family order
CRR-STAGEII-CONFIRM-2026-07-22,21c5b970e734ed79636df2f3882d4d85460c5efa40b88e59b9b9a3f34a25c0ff,E3,202607223033,E3-COMMON,risk_frontier_common_draw,numpy_PCG64,202607223033,512,825aae296c613346bc332d8f4298ebf7d2b3ceb18785817b1e3db04b01379d10,student_t_df4,0.25,student_t_df5,0.1953801683718518,WITHIN_NAMED_FAMILY_ONLY; scalar tail dependence is not a cross-family order
CRR-STAGEII-CONFIRM-2026-07-22,21c5b970e734ed79636df2f3882d4d85460c5efa40b88e59b9b9a3f34a25c0ff,E3,202607223034,E3-COMMON,risk_frontier_common_draw,numpy_PCG64,202607223034,512,d4f0714e7cf9921675a3739f4d123d61088cc35d799db30028c2ecf12ca1ddf1,student_t_df4,0.25,student_t_df5,0.1953801683718518,WITHIN_NAMED_FAMILY_ONLY; scalar tail dependence is not a cross-family order
CRR-STAGEII-CONFIRM-2026-07-22,21c5b970e734ed79636df2f3882d4d85460c5efa40b88e59b9b9a3f34a25c0ff,E3,202607223035,E3-COMMON,risk_frontier_common_draw,numpy_PCG64,202607223035,512,d9318352c2fa21c352115cead099a191ad38c4b362deba5b11bd49725900e174,student_t_df4,0.25,student_t_df5,0.1953801683718518,WITHIN_NAMED_FAMILY_ONLY; scalar tail dependence is not a cross-family order
CRR-STAGEII-CONFIRM-2026-07-22,21c5b970e734ed79636df2f3882d4d85460c5efa40b88e59b9b9a3f34a25c0ff,E3,202607223036,E3-COMMON,risk_frontier_common_draw,numpy_PCG64,202607223036,512,d42bc84db73bf36704a05081fdb0e80a6fdfc5056499542d253d1206da43c811,student_t_df4,0.25,student_t_df5,0.1953801683718518,WITHIN_NAMED_FAMILY_ONLY; scalar tail dependence is not a cross-family order
CRR-STAGEII-CONFIRM-2026-07-22,21c5b970e734ed79636df2f3882d4d85460c5efa40b88e59b9b9a3f34a25c0ff,E3,202607223037,E3-COMMON,risk_frontier_common_draw,numpy_PCG64,202607223037,512,d27222432604213effc642c94db76eba7b913bda48be908bc530fc3cc4ac2e86,student_t_df4,0.25,student_t_df5,0.1953801683718518,WITHIN_NAMED_FAMILY_ONLY; scalar tail dependence is not a cross-family order
CRR-STAGEII-CONFIRM-2026-07-22,21c5b970e734ed79636df2f3882d4d85460c5efa40b88e59b9b9a3f34a25c0ff,E3,202607223038,E3-COMMON,risk_frontier_common_draw,numpy_PCG64,202607223038,512,e1d98e8e13b27ba599ef40176e7670452f382c9c95265efa636c91319f05efce,student_t_df4,0.25,student_t_df5,0.1953801683718518,WITHIN_NAMED_FAMILY_ONLY; scalar tail dependence is not a cross-family order
CRR-STAGEII-CONFIRM-2026-07-22,21c5b970e734ed79636df2f3882d4d85460c5efa40b88e59b9b9a3f34a25c0ff,E3,202607223039,E3-COMMON,risk_frontier_common_draw,numpy_PCG64,202607223039,512,0f576c1281d1feb4eb8a33741d2ccb84ecc8a375815fdcfa4101337708dc6cbc,student_t_df4,0.25,student_t_df5,0.1953801683718518,WITHIN_NAMED_FAMILY_ONLY; scalar tail dependence is not a cross-family order
CRR-STAGEII-CONFIRM-2026-07-22,21c5b970e734ed79636df2f3882d4d85460c5efa40b88e59b9b9a3f34a25c0ff,E3,202607223040,E3-COMMON,risk_frontier_common_draw,numpy_PCG64,202607223040,512,82394d400f68bb8a8261255027c5231c275c2fda65855e13f64a8e07182b96f3,student_t_df4,0.25,student_t_df5,0.1953801683718518,WITHIN_NAMED_FAMILY_ONLY; scalar tail dependence is not a cross-family order
CRR-STAGEII-CONFIRM-2026-07-22,21c5b970e734ed79636df2f3882d4d85460c5efa40b88e59b9b9a3f34a25c0ff,E3,202607223041,E3-COMMON,risk_frontier_common_draw,numpy_PCG64,202607223041,512,326c06a1abe8443101bb71fe3051caf144f3c3434139d7701b60ac4a9b76f019,student_t_df4,0.25,student_t_df5,0.1953801683718518,WITHIN_NAMED_FAMILY_ONLY; scalar tail dependence is not a cross-family order
CRR-STAGEII-CONFIRM-2026-07-22,21c5b970e734ed79636df2f3882d4d85460c5efa40b88e59b9b9a3f34a25c0ff,E3,202607223042,E3-COMMON,risk_frontier_common_draw,numpy_PCG64,202607223042,512,64b3809c2ac68c99a22e0664167b899c7119236ce2021d6ec7046d47c7971311,student_t_df4,0.25,student_t_df5,0.1953801683718518,WITHIN_NAMED_FAMILY_ONLY; scalar tail dependence is not a cross-family order
CRR-STAGEII-CONFIRM-2026-07-22,21c5b970e734ed79636df2f3882d4d85460c5efa40b88e59b9b9a3f34a25c0ff,E3,202607223043,E3-COMMON,risk_frontier_common_draw,numpy_PCG64,202607223043,512,437627877b4f4158cdefd02882e433d76688ff87fde92dd3391d71d506562544,student_t_df4,0.25,student_t_df5,0.1953801683718518,WITHIN_NAMED_FAMILY_ONLY; scalar tail dependence is not a cross-family order
CRR-STAGEII-CONFIRM-2026-07-22,21c5b970e734ed79636df2f3882d4d85460c5efa40b88e59b9b9a3f34a25c0ff,E3,202607223044,E3-COMMON,risk_frontier_common_draw,numpy_PCG64,202607223044,512,39a64aa3a7c00068d02ba1f3ad49e38405536d3d9e7b0a112993df905fe48c53,student_t_df4,0.25,student_t_df5,0.1953801683718518,WITHIN_NAMED_FAMILY_ONLY; scalar tail dependence is not a cross-family order
CRR-STAGEII-CONFIRM-2026-07-22,21c5b970e734ed79636df2f3882d4d85460c5efa40b88e59b9b9a3f34a25c0ff,E3,202607223045,E3-COMMON,risk_frontier_common_draw,numpy_PCG64,202607223045,512,78c6fcccd8a14855e6753f22a6e49de80c6e278c32b5d9a574ac329ec711eb79,student_t_df4,0.25,student_t_df5,0.1953801683718518,WITHIN_NAMED_FAMILY_ONLY; scalar tail dependence is not a cross-family order
CRR-STAGEII-CONFIRM-2026-07-22,21c5b970e734ed79636df2f3882d4d85460c5efa40b88e59b9b9a3f34a25c0ff,E3,202607223046,E3-COMMON,risk_frontier_common_draw,numpy_PCG64,202607223046,512,a39e81202af44a2a8a81b465ab498fe842c8cbcc5e4de9c500e3ae686b6f5ecb,student_t_df4,0.25,student_t_df5,0.1953801683718518,WITHIN_NAMED_FAMILY_ONLY; scalar tail dependence is not a cross-family order
CRR-STAGEII-CONFIRM-2026-07-22,21c5b970e734ed79636df2f3882d4d85460c5efa40b88e59b9b9a3f34a25c0ff,E3,202607223047,E3-COMMON,risk_frontier_common_draw,numpy_PCG64,202607223047,512,9aeaa722db8e80deed3a36a08c49184ced72950848ac0a1f4e26396144960d3a,student_t_df4,0.25,student_t_df5,0.1953801683718518,WITHIN_NAMED_FAMILY_ONLY; scalar tail dependence is not a cross-family order
CRR-STAGEII-CONFIRM-2026-07-22,21c5b970e734ed79636df2f3882d4d85460c5efa40b88e59b9b9a3f34a25c0ff,E3,202607223048,E3-COMMON,risk_frontier_common_draw,numpy_PCG64,202607223048,512,c3ba03169f907298468968556573f6bd784f82ac5fe58b544f2007123a16d059,student_t_df4,0.25,student_t_df5,0.1953801683718518,WITHIN_NAMED_FAMILY_ONLY; scalar tail dependence is not a cross-family order
CRR-STAGEII-CONFIRM-2026-07-22,21c5b970e734ed79636df2f3882d4d85460c5efa40b88e59b9b9a3f34a25c0ff,E3,202607223049,E3-COMMON,risk_frontier_common_draw,numpy_PCG64,202607223049,512,fbee27877729f5b8064b3b95e85edc5126313b92f3f346de9746b9bf602e3291,student_t_df4,0.25,student_t_df5,0.1953801683718518,WITHIN_NAMED_FAMILY_ONLY; scalar tail dependence is not a cross-family order
CRR-STAGEII-CONFIRM-2026-07-22,21c5b970e734ed79636df2f3882d4d85460c5efa40b88e59b9b9a3f34a25c0ff,E3,202607223050,E3-COMMON,risk_frontier_common_draw,numpy_PCG64,202607223050,512,8eff9d60f384c690b3737dc7bde37a503136a39cea21804efdafe91e8b3bbd0f,student_t_df4,0.25,student_t_df5,0.1953801683718518,WITHIN_NAMED_FAMILY_ONLY; scalar tail dependence is not a cross-family order
CRR-STAGEII-CONFIRM-2026-07-22,21c5b970e734ed79636df2f3882d4d85460c5efa40b88e59b9b9a3f34a25c0ff,E3,202607223051,E3-COMMON,risk_frontier_common_draw,numpy_PCG64,202607223051,512,668813d0ef1b066f0fe6d1b65d7d5c074c66253bccd4aaea69a0dbd2eb2d05b5,student_t_df4,0.25,student_t_df5,0.1953801683718518,WITHIN_NAMED_FAMILY_ONLY; scalar tail dependence is not a cross-family order
CRR-STAGEII-CONFIRM-2026-07-22,21c5b970e734ed79636df2f3882d4d85460c5efa40b88e59b9b9a3f34a25c0ff,E3,202607223052,E3-COMMON,risk_frontier_common_draw,numpy_PCG64,202607223052,512,03b8f17c45e6d663d8f1c3bdfbaba290c4455e4c1330d652fe31d9eaee15a4fd,student_t_df4,0.25,student_t_df5,0.1953801683718518,WITHIN_NAMED_FAMILY_ONLY; scalar tail dependence is not a cross-family order
CRR-STAGEII-CONFIRM-2026-07-22,21c5b970e734ed79636df2f3882d4d85460c5efa40b88e59b9b9a3f34a25c0ff,E3,202607223053,E3-COMMON,risk_frontier_common_draw,numpy_PCG64,202607223053,512,c1c6ea48c4e3c7341ecbf941422bbf93abad4542c5ae02ff8f555ccf3b7ee597,student_t_df4,0.25,student_t_df5,0.1953801683718518,WITHIN_NAMED_FAMILY_ONLY; scalar tail dependence is not a cross-family order
CRR-STAGEII-CONFIRM-2026-07-22,21c5b970e734ed79636df2f3882d4d85460c5efa40b88e59b9b9a3f34a25c0ff,E3,202607223054,E3-COMMON,risk_frontier_common_draw,numpy_PCG64,202607223054,512,978e46fb005553dc85d25c95b871f24d97db3efe81e8925b49ca5695b90489ac,student_t_df4,0.25,student_t_df5,0.1953801683718518,WITHIN_NAMED_FAMILY_ONLY; scalar tail dependence is not a cross-family order
CRR-STAGEII-CONFIRM-2026-07-22,21c5b970e734ed79636df2f3882d4d85460c5efa40b88e59b9b9a3f34a25c0ff,E3,202607223055,E3-COMMON,risk_frontier_common_draw,numpy_PCG64,202607223055,512,030c40f6170a8bb40eb72a4c6fae1f3082db407701a9977018e8e5d88a6ebb5f,student_t_df4,0.25,student_t_df5,0.1953801683718518,WITHIN_NAMED_FAMILY_ONLY; scalar tail dependence is not a cross-family order
CRR-STAGEII-CONFIRM-2026-07-22,21c5b970e734ed79636df2f3882d4d85460c5efa40b88e59b9b9a3f34a25c0ff,E3,202607223056,E3-COMMON,risk_frontier_common_draw,numpy_PCG64,202607223056,512,b88d91d98f9cd605470125a945beaa5a37e237a59ab33096879210370b36e3c4,student_t_df4,0.25,student_t_df5,0.1953801683718518,WITHIN_NAMED_FAMILY_ONLY; scalar tail dependence is not a cross-family order
CRR-STAGEII-CONFIRM-2026-07-22,21c5b970e734ed79636df2f3882d4d85460c5efa40b88e59b9b9a3f34a25c0ff,E3,202607223057,E3-COMMON,risk_frontier_common_draw,numpy_PCG64,202607223057,512,a259748ec6f71daa4d70f1f109250bb5370aadbad2afaaf3e40595a8c2a17993,student_t_df4,0.25,student_t_df5,0.1953801683718518,WITHIN_NAMED_FAMILY_ONLY; scalar tail dependence is not a cross-family order
CRR-STAGEII-CONFIRM-2026-07-22,21c5b970e734ed79636df2f3882d4d85460c5efa40b88e59b9b9a3f34a25c0ff,E3,202607223058,E3-COMMON,risk_frontier_common_draw,numpy_PCG64,202607223058,512,c0e829006821d6033f076c103b6de2c87b29d4d10ad1a57364b16fd7819db83e,student_t_df4,0.25,student_t_df5,0.1953801683718518,WITHIN_NAMED_FAMILY_ONLY; scalar tail dependence is not a cross-family order
CRR-STAGEII-CONFIRM-2026-07-22,21c5b970e734ed79636df2f3882d4d85460c5efa40b88e59b9b9a3f34a25c0ff,E3,202607223059,E3-COMMON,risk_frontier_common_draw,numpy_PCG64,202607223059,512,b7fa7c46bf22ab596bc5651f6729b5c5e2a7fd352d223048402aa191035eac43,student_t_df4,0.25,student_t_df5,0.1953801683718518,WITHIN_NAMED_FAMILY_ONLY; scalar tail dependence is not a cross-family order
CRR-STAGEII-CONFIRM-2026-07-22,21c5b970e734ed79636df2f3882d4d85460c5efa40b88e59b9b9a3f34a25c0ff,E3,202607223060,E3-COMMON,risk_frontier_common_draw,numpy_PCG64,202607223060,512,e8b899cac55fdd36f6763d6009b287e18243b1d74f39487c9b2e0f3e57838f77,student_t_df4,0.25,student_t_df5,0.1953801683718518,WITHIN_NAMED_FAMILY_ONLY; scalar tail dependence is not a cross-family order
CRR-STAGEII-CONFIRM-2026-07-22,21c5b970e734ed79636df2f3882d4d85460c5efa40b88e59b9b9a3f34a25c0ff,E3,202607223061,E3-COMMON,risk_frontier_common_draw,numpy_PCG64,202607223061,512,139faca236da1b96890a04f72c5d7c990e4cc51306c4c01b17294aac314d3a5a,student_t_df4,0.25,student_t_df5,0.1953801683718518,WITHIN_NAMED_FAMILY_ONLY; scalar tail dependence is not a cross-family order
CRR-STAGEII-CONFIRM-2026-07-22,21c5b970e734ed79636df2f3882d4d85460c5efa40b88e59b9b9a3f34a25c0ff,E3,202607223062,E3-COMMON,risk_frontier_common_draw,numpy_PCG64,202607223062,512,5632391b5e78e95b11c754aa778d842de1cbb1581c7e27b548c4c5a12c7a7cea,student_t_df4,0.25,student_t_df5,0.1953801683718518,WITHIN_NAMED_FAMILY_ONLY; scalar tail dependence is not a cross-family order
CRR-STAGEII-CONFIRM-2026-07-22,21c5b970e734ed79636df2f3882d4d85460c5efa40b88e59b9b9a3f34a25c0ff,E3,202607223063,E3-COMMON,risk_frontier_common_draw,numpy_PCG64,202607223063,512,0c862d37373068932ec3fd0f1a41ded1395dadd17283ac5b62dcca8bbe35c007,student_t_df4,0.25,student_t_df5,0.1953801683718518,WITHIN_NAMED_FAMILY_ONLY; scalar tail dependence is not a cross-family order
CRR-STAGEII-CONFIRM-2026-07-22,21c5b970e734ed79636df2f3882d4d85460c5efa40b88e59b9b9a3f34a25c0ff,E3,202607223064,E3-COMMON,risk_frontier_common_draw,numpy_PCG64,202607223064,512,b7890369f45b42b8927215412e9df6a41ce065fa3738bc6826437df98f16d60d,student_t_df4,0.25,student_t_df5,0.1953801683718518,WITHIN_NAMED_FAMILY_ONLY; scalar tail dependence is not a cross-family order
CRR-STAGEII-CONFIRM-2026-07-22,21c5b970e734ed79636df2f3882d4d85460c5efa40b88e59b9b9a3f34a25c0ff,E4,202607224001,E4-CLAYTON-T0.00,within_family_dependence_sweep,numpy_PCG64,202607224001,512,11916fa30b761b120cba14bdb5fff6e93e8da7da5b2091bf3dc36bf3f52e4275,clayton,0.0,student_t_df5,0.0,WITHIN_NAMED_FAMILY_ONLY; scalar tail dependence is not a cross-family order
CRR-STAGEII-CONFIRM-2026-07-22,21c5b970e734ed79636df2f3882d4d85460c5efa40b88e59b9b9a3f34a25c0ff,E4,202607224001,E4-CLAYTON-T0.25,within_family_dependence_sweep,numpy_PCG64,202607224001,512,1b8905b11fd26e642d26b034fbf8e40ae36bf897c2ab51b4595b07a04d0d7057,clayton,0.25,student_t_df5,0.3535533905932738,WITHIN_NAMED_FAMILY_ONLY; scalar tail dependence is not a cross-family order
CRR-STAGEII-CONFIRM-2026-07-22,21c5b970e734ed79636df2f3882d4d85460c5efa40b88e59b9b9a3f34a25c0ff,E4,202607224001,E4-CLAYTON-T0.50,within_family_dependence_sweep,numpy_PCG64,202607224001,512,378bf3cd489a1a880a0f074730bfde5280530b31c6c24651ed5e1e10a4589e63,clayton,0.5,student_t_df5,0.7071067811865476,WITHIN_NAMED_FAMILY_ONLY; scalar tail dependence is not a cross-family order
CRR-STAGEII-CONFIRM-2026-07-22,21c5b970e734ed79636df2f3882d4d85460c5efa40b88e59b9b9a3f34a25c0ff,E4,202607224001,E4-EMPIRICAL_COPULA-TEMP,within_family_dependence_sweep,numpy_PCG64,202607224001,512,2c4898d1249b0da230cc990dd19545af84b0a24e07370186e0b34e8779101971,empirical_copula,,student_t_df5,0.6119791666666666,EMPIRICAL_COPULA_MODEL_SENSITIVITY_NOT_PARAMETRIC_ORDER
CRR-STAGEII-CONFIRM-2026-07-22,21c5b970e734ed79636df2f3882d4d85460c5efa40b88e59b9b9a3f34a25c0ff,E4,202607224001,E4-GAUSSIAN-T0.00,within_family_dependence_sweep,numpy_PCG64,202607224001,512,81460485f2d98079fc0daefd7aefe0ac709f1b1d959ea205e192673c55a1d4e8,gaussian,0.0,student_t_df5,0.0,WITHIN_NAMED_FAMILY_ONLY; scalar tail dependence is not a cross-family order
CRR-STAGEII-CONFIRM-2026-07-22,21c5b970e734ed79636df2f3882d4d85460c5efa40b88e59b9b9a3f34a25c0ff,E4,202607224001,E4-GAUSSIAN-T0.25,within_family_dependence_sweep,numpy_PCG64,202607224001,512,3ffa3376072d73d37dbd8d8cc8e2ce4a31091c9faeee4d26c4fe1f6f44a0a2a9,gaussian,0.25,student_t_df5,0.0,WITHIN_NAMED_FAMILY_ONLY; scalar tail dependence is not a cross-family order
CRR-STAGEII-CONFIRM-2026-07-22,21c5b970e734ed79636df2f3882d4d85460c5efa40b88e59b9b9a3f34a25c0ff,E4,202607224001,E4-GAUSSIAN-T0.50,within_family_dependence_sweep,numpy_PCG64,202607224001,512,1dd03ddd1375fa927fe3b652043ef20fc5d13d3d52123fcd411baf884fa7a8f8,gaussian,0.5,student_t_df5,0.0,WITHIN_NAMED_FAMILY_ONLY; scalar tail dependence is not a cross-family order
CRR-STAGEII-CONFIRM-2026-07-22,21c5b970e734ed79636df2f3882d4d85460c5efa40b88e59b9b9a3f34a25c0ff,E4,202607224001,E4-STUDENT_T_DF4-T0.00,within_family_dependence_sweep,numpy_PCG64,202607224001,512,5dabd26d71dae8f9e16002777b9f67b93af86d710d6779a6881faaa35d515d2d,student_t_df4,0.0,student_t_df5,0.0755868184216124,WITHIN_NAMED_FAMILY_ONLY; scalar tail dependence is not a cross-family order
CRR-STAGEII-CONFIRM-2026-07-22,21c5b970e734ed79636df2f3882d4d85460c5efa40b88e59b9b9a3f34a25c0ff,E4,202607224001,E4-STUDENT_T_DF4-T0.25,within_family_dependence_sweep,numpy_PCG64,202607224001,512,086773ccf7bf0636c361c5e824bc0b7092e4968f6f932b88d4c4932e8f0a0e43,student_t_df4,0.25,student_t_df5,0.1953801683718518,WITHIN_NAMED_FAMILY_ONLY; scalar tail dependence is not a cross-family order
CRR-STAGEII-CONFIRM-2026-07-22,21c5b970e734ed79636df2f3882d4d85460c5efa40b88e59b9b9a3f34a25c0ff,E4,202607224001,E4-STUDENT_T_DF4-T0.50,within_family_dependence_sweep,numpy_PCG64,202607224001,512,2ab35fe8bc4317b09d8a8a12319410331029613119a3b73851883a200df0cd25,student_t_df4,0.5,student_t_df5,0.3968429135836659,WITHIN_NAMED_FAMILY_ONLY; scalar tail dependence is not a cross-family order
CRR-STAGEII-CONFIRM-2026-07-22,21c5b970e734ed79636df2f3882d4d85460c5efa40b88e59b9b9a3f34a25c0ff,E4,202607224002,E4-CLAYTON-T0.00,within_family_dependence_sweep,numpy_PCG64,202607224002,512,fdc695080993abd3cfb12546f03001e01b9ec2ae9f7b04c2bbc00cd893d019f0,clayton,0.0,student_t_df5,0.0,WITHIN_NAMED_FAMILY_ONLY; scalar tail dependence is not a cross-family order
CRR-STAGEII-CONFIRM-2026-07-22,21c5b970e734ed79636df2f3882d4d85460c5efa40b88e59b9b9a3f34a25c0ff,E4,202607224002,E4-CLAYTON-T0.25,within_family_dependence_sweep,numpy_PCG64,202607224002,512,3305f4af1ccb82df8043fa5d46ac220c7919d96c53b6807e78857d5a2b664190,clayton,0.25,student_t_df5,0.3535533905932738,WITHIN_NAMED_FAMILY_ONLY; scalar tail dependence is not a cross-family order
CRR-STAGEII-CONFIRM-2026-07-22,21c5b970e734ed79636df2f3882d4d85460c5efa40b88e59b9b9a3f34a25c0ff,E4,202607224002,E4-CLAYTON-T0.50,within_family_dependence_sweep,numpy_PCG64,202607224002,512,8cad524afe018cf73d261a99f391830cad766dc3df6ece1665d6952970087170,clayton,0.5,student_t_df5,0.7071067811865476,WITHIN_NAMED_FAMILY_ONLY; scalar tail dependence is not a cross-family order
CRR-STAGEII-CONFIRM-2026-07-22,21c5b970e734ed79636df2f3882d4d85460c5efa40b88e59b9b9a3f34a25c0ff,E4,202607224002,E4-EMPIRICAL_COPULA-TEMP,within_family_dependence_sweep,numpy_PCG64,202607224002,512,526ceaee76dd075aa8f19bc397ffe2c9c82c3043a4524fb4c195f7a005319d44,empirical_copula,,student_t_df5,0.6184895833333334,EMPIRICAL_COPULA_MODEL_SENSITIVITY_NOT_PARAMETRIC_ORDER
CRR-STAGEII-CONFIRM-2026-07-22,21c5b970e734ed79636df2f3882d4d85460c5efa40b88e59b9b9a3f34a25c0ff,E4,202607224002,E4-GAUSSIAN-T0.00,within_family_dependence_sweep,numpy_PCG64,202607224002,512,9cb2947599e9716e19d0c08b19aa50e10777707dacaf8fb15d1fdd829039224a,gaussian,0.0,student_t_df5,0.0,WITHIN_NAMED_FAMILY_ONLY; scalar tail dependence is not a cross-family order
CRR-STAGEII-CONFIRM-2026-07-22,21c5b970e734ed79636df2f3882d4d85460c5efa40b88e59b9b9a3f34a25c0ff,E4,202607224002,E4-GAUSSIAN-T0.25,within_family_dependence_sweep,numpy_PCG64,202607224002,512,45466979cdff5abbd8cf193bf163765ce6af8dc81862d5f6be1cda3b6e92d9f4,gaussian,0.25,student_t_df5,0.0,WITHIN_NAMED_FAMILY_ONLY; scalar tail dependence is not a cross-family order
CRR-STAGEII-CONFIRM-2026-07-22,21c5b970e734ed79636df2f3882d4d85460c5efa40b88e59b9b9a3f34a25c0ff,E4,202607224002,E4-GAUSSIAN-T0.50,within_family_dependence_sweep,numpy_PCG64,202607224002,512,cc89617f3bde900c93379d0a324a722f907395bd69e1c94da8f06a4cb537f096,gaussian,0.5,student_t_df5,0.0,WITHIN_NAMED_FAMILY_ONLY; scalar tail dependence is not a cross-family order
CRR-STAGEII-CONFIRM-2026-07-22,21c5b970e734ed79636df2f3882d4d85460c5efa40b88e59b9b9a3f34a25c0ff,E4,202607224002,E4-STUDENT_T_DF4-T0.00,within_family_dependence_sweep,numpy_PCG64,202607224002,512,dbb5e6105c3e82568b5cf2b0fb42dcfa65c32ed6e6578fe13737e230cc7d47cd,student_t_df4,0.0,student_t_df5,0.0755868184216124,WITHIN_NAMED_FAMILY_ONLY; scalar tail dependence is not a cross-family order
CRR-STAGEII-CONFIRM-2026-07-22,21c5b970e734ed79636df2f3882d4d85460c5efa40b88e59b9b9a3f34a25c0ff,E4,202607224002,E4-STUDENT_T_DF4-T0.25,within_family_dependence_sweep,numpy_PCG64,202607224002,512,cf701b0f8c9e5872c0a1ba2c50420bc1c6b3cbc4764bd6e9ee0eb22af6893313,student_t_df4,0.25,student_t_df5,0.1953801683718518,WITHIN_NAMED_FAMILY_ONLY; scalar tail dependence is not a cross-family order
CRR-STAGEII-CONFIRM-2026-07-22,21c5b970e734ed79636df2f3882d4d85460c5efa40b88e59b9b9a3f34a25c0ff,E4,202607224002,E4-STUDENT_T_DF4-T0.50,within_family_dependence_sweep,numpy_PCG64,202607224002,512,a4b0a34fe372d584d72e44d3a8fbe539d8e7ec3483db83f232df7085044aa30e,student_t_df4,0.5,student_t_df5,0.3968429135836659,WITHIN_NAMED_FAMILY_ONLY; scalar tail dependence is not a cross-family order
CRR-STAGEII-CONFIRM-2026-07-22,21c5b970e734ed79636df2f3882d4d85460c5efa40b88e59b9b9a3f34a25c0ff,E4,202607224003,E4-CLAYTON-T0.00,within_family_dependence_sweep,numpy_PCG64,202607224003,512,1104a5d17f423e960457746648aebb4b169c359e72823974e22aafdc0902fca3,clayton,0.0,student_t_df5,0.0,WITHIN_NAMED_FAMILY_ONLY; scalar tail dependence is not a cross-family order
CRR-STAGEII-CONFIRM-2026-07-22,21c5b970e734ed79636df2f3882d4d85460c5efa40b88e59b9b9a3f34a25c0ff,E4,202607224003,E4-CLAYTON-T0.25,within_family_dependence_sweep,numpy_PCG64,202607224003,512,c8c54504710c72ebf7237734428c38058bf4cb7c1c34f06822a0a74ff7f9504f,clayton,0.25,student_t_df5,0.3535533905932738,WITHIN_NAMED_FAMILY_ONLY; scalar tail dependence is not a cross-family order
CRR-STAGEII-CONFIRM-2026-07-22,21c5b970e734ed79636df2f3882d4d85460c5efa40b88e59b9b9a3f34a25c0ff,E4,202607224003,E4-CLAYTON-T0.50,within_family_dependence_sweep,numpy_PCG64,202607224003,512,abd4fbe2d20fbbbfc9257a01d88991047fc81a4ce2d12ab59e8f122206a44e2b,clayton,0.5,student_t_df5,0.7071067811865476,WITHIN_NAMED_FAMILY_ONLY; scalar tail dependence is not a cross-family order
CRR-STAGEII-CONFIRM-2026-07-22,21c5b970e734ed79636df2f3882d4d85460c5efa40b88e59b9b9a3f34a25c0ff,E4,202607224003,E4-EMPIRICAL_COPULA-TEMP,within_family_dependence_sweep,numpy_PCG64,202607224003,512,52d0e1a6c90e0ecf9a6bbaf07cdba022cf20c4808c7302d4e9d285b501f6d79a,empirical_copula,,student_t_df5,0.68359375,EMPIRICAL_COPULA_MODEL_SENSITIVITY_NOT_PARAMETRIC_ORDER
CRR-STAGEII-CONFIRM-2026-07-22,21c5b970e734ed79636df2f3882d4d85460c5efa40b88e59b9b9a3f34a25c0ff,E4,202607224003,E4-GAUSSIAN-T0.00,within_family_dependence_sweep,numpy_PCG64,202607224003,512,76ac80b6a38d37ed696af327f9ecea2e3f000979d12e647a0c7a05cf3c9025b8,gaussian,0.0,student_t_df5,0.0,WITHIN_NAMED_FAMILY_ONLY; scalar tail dependence is not a cross-family order
CRR-STAGEII-CONFIRM-2026-07-22,21c5b970e734ed79636df2f3882d4d85460c5efa40b88e59b9b9a3f34a25c0ff,E4,202607224003,E4-GAUSSIAN-T0.25,within_family_dependence_sweep,numpy_PCG64,202607224003,512,ee25d90d205e2607e4442ee146e767a0783cc1b3129aa18115a6bfa472c2137c,gaussian,0.25,student_t_df5,0.0,WITHIN_NAMED_FAMILY_ONLY; scalar tail dependence is not a cross-family order
CRR-STAGEII-CONFIRM-2026-07-22,21c5b970e734ed79636df2f3882d4d85460c5efa40b88e59b9b9a3f34a25c0ff,E4,202607224003,E4-GAUSSIAN-T0.50,within_family_dependence_sweep,numpy_PCG64,202607224003,512,1f47f9eb7f2cc6f75b165e30fb756a01515cde25767b3084c18944494c9bafcf,gaussian,0.5,student_t_df5,0.0,WITHIN_NAMED_FAMILY_ONLY; scalar tail dependence is not a cross-family order
CRR-STAGEII-CONFIRM-2026-07-22,21c5b970e734ed79636df2f3882d4d85460c5efa40b88e59b9b9a3f34a25c0ff,E4,202607224003,E4-STUDENT_T_DF4-T0.00,within_family_dependence_sweep,numpy_PCG64,202607224003,512,01075849611b10552bbd159db0d42fb22ce911c7e08ed7c3400bd9e0673f4d12,student_t_df4,0.0,student_t_df5,0.0755868184216124,WITHIN_NAMED_FAMILY_ONLY; scalar tail dependence is not a cross-family order
CRR-STAGEII-CONFIRM-2026-07-22,21c5b970e734ed79636df2f3882d4d85460c5efa40b88e59b9b9a3f34a25c0ff,E4,202607224003,E4-STUDENT_T_DF4-T0.25,within_family_dependence_sweep,numpy_PCG64,202607224003,512,15a4724adc31d7f9a899d2013edd745dbe12bdc595c79e4d7d02931749f9bfb6,student_t_df4,0.25,student_t_df5,0.1953801683718518,WITHIN_NAMED_FAMILY_ONLY; scalar tail dependence is not a cross-family order
CRR-STAGEII-CONFIRM-2026-07-22,21c5b970e734ed79636df2f3882d4d85460c5efa40b88e59b9b9a3f34a25c0ff,E4,202607224003,E4-STUDENT_T_DF4-T0.50,within_family_dependence_sweep,numpy_PCG64,202607224003,512,10dda5b8383b3fd0fdcddc637001ce234e82d45db33371f7820cc794b414af28,student_t_df4,0.5,student_t_df5,0.3968429135836659,WITHIN_NAMED_FAMILY_ONLY; scalar tail dependence is not a cross-family order
CRR-STAGEII-CONFIRM-2026-07-22,21c5b970e734ed79636df2f3882d4d85460c5efa40b88e59b9b9a3f34a25c0ff,E4,202607224004,E4-CLAYTON-T0.00,within_family_dependence_sweep,numpy_PCG64,202607224004,512,8b28619855ab2302a1ef641ebc0ed2c90fffe61c0187ca3daeebdec50a5bbe90,clayton,0.0,student_t_df5,0.0,WITHIN_NAMED_FAMILY_ONLY; scalar tail dependence is not a cross-family order
CRR-STAGEII-CONFIRM-2026-07-22,21c5b970e734ed79636df2f3882d4d85460c5efa40b88e59b9b9a3f34a25c0ff,E4,202607224004,E4-CLAYTON-T0.25,within_family_dependence_sweep,numpy_PCG64,202607224004,512,b94bb57ff90a8b04dbcc800cb2f44fed6af5a3d5cf253084653f65f207e0d6b1,clayton,0.25,student_t_df5,0.3535533905932738,WITHIN_NAMED_FAMILY_ONLY; scalar tail dependence is not a cross-family order
CRR-STAGEII-CONFIRM-2026-07-22,21c5b970e734ed79636df2f3882d4d85460c5efa40b88e59b9b9a3f34a25c0ff,E4,202607224004,E4-CLAYTON-T0.50,within_family_dependence_sweep,numpy_PCG64,202607224004,512,c2e62c75f07f9ec26226b593e453b9fe104830f0330907469aba654e7a96030a,clayton,0.5,student_t_df5,0.7071067811865476,WITHIN_NAMED_FAMILY_ONLY; scalar tail dependence is not a cross-family order
CRR-STAGEII-CONFIRM-2026-07-22,21c5b970e734ed79636df2f3882d4d85460c5efa40b88e59b9b9a3f34a25c0ff,E4,202607224004,E4-EMPIRICAL_COPULA-TEMP,within_family_dependence_sweep,numpy_PCG64,202607224004,512,0e4aed640f60b2eb21aac8b8411707e772f4bdcdb9f7878100ca8c26fe5dd32b,empirical_copula,,student_t_df5,0.5989583333333334,EMPIRICAL_COPULA_MODEL_SENSITIVITY_NOT_PARAMETRIC_ORDER
CRR-STAGEII-CONFIRM-2026-07-22,21c5b970e734ed79636df2f3882d4d85460c5efa40b88e59b9b9a3f34a25c0ff,E4,202607224004,E4-GAUSSIAN-T0.00,within_family_dependence_sweep,numpy_PCG64,202607224004,512,fc11f2625994dc97c5d32c2c08aed8ed3bc8e8b326a35264832789e986623e9f,gaussian,0.0,student_t_df5,0.0,WITHIN_NAMED_FAMILY_ONLY; scalar tail dependence is not a cross-family order
CRR-STAGEII-CONFIRM-2026-07-22,21c5b970e734ed79636df2f3882d4d85460c5efa40b88e59b9b9a3f34a25c0ff,E4,202607224004,E4-GAUSSIAN-T0.25,within_family_dependence_sweep,numpy_PCG64,202607224004,512,6c9895faff0e4af6308fc42812931d5ed1d5d1b61d00bd3bdc8bf07b01573f35,gaussian,0.25,student_t_df5,0.0,WITHIN_NAMED_FAMILY_ONLY; scalar tail dependence is not a cross-family order
CRR-STAGEII-CONFIRM-2026-07-22,21c5b970e734ed79636df2f3882d4d85460c5efa40b88e59b9b9a3f34a25c0ff,E4,202607224004,E4-GAUSSIAN-T0.50,within_family_dependence_sweep,numpy_PCG64,202607224004,512,a313bfa5f005d015e5829e282ad78765c2f819bdb0cc4dc4ab98a6522abd071b,gaussian,0.5,student_t_df5,0.0,WITHIN_NAMED_FAMILY_ONLY; scalar tail dependence is not a cross-family order
CRR-STAGEII-CONFIRM-2026-07-22,21c5b970e734ed79636df2f3882d4d85460c5efa40b88e59b9b9a3f34a25c0ff,E4,202607224004,E4-STUDENT_T_DF4-T0.00,within_family_dependence_sweep,numpy_PCG64,202607224004,512,13e1cffc2f886020cceba844ef66b9871343166880f93c5b2e611683e49057bd,student_t_df4,0.0,student_t_df5,0.0755868184216124,WITHIN_NAMED_FAMILY_ONLY; scalar tail dependence is not a cross-family order
CRR-STAGEII-CONFIRM-2026-07-22,21c5b970e734ed79636df2f3882d4d85460c5efa40b88e59b9b9a3f34a25c0ff,E4,202607224004,E4-STUDENT_T_DF4-T0.25,within_family_dependence_sweep,numpy_PCG64,202607224004,512,c99fffbebf335ab2ea37719b57cd3a64de0ed13006519f49bcbd619d805b77c9,student_t_df4,0.25,student_t_df5,0.1953801683718518,WITHIN_NAMED_FAMILY_ONLY; scalar tail dependence is not a cross-family order
CRR-STAGEII-CONFIRM-2026-07-22,21c5b970e734ed79636df2f3882d4d85460c5efa40b88e59b9b9a3f34a25c0ff,E4,202607224004,E4-STUDENT_T_DF4-T0.50,within_family_dependence_sweep,numpy_PCG64,202607224004,512,f54a3cbe867b7a67c37b02d14b765b2500aa7d1c1cb3ffe117c43754234e7daa,student_t_df4,0.5,student_t_df5,0.3968429135836659,WITHIN_NAMED_FAMILY_ONLY; scalar tail dependence is not a cross-family order
CRR-STAGEII-CONFIRM-2026-07-22,21c5b970e734ed79636df2f3882d4d85460c5efa40b88e59b9b9a3f34a25c0ff,E4,202607224005,E4-CLAYTON-T0.00,within_family_dependence_sweep,numpy_PCG64,202607224005,512,ecec16c867e0cdada87a3c6a0b8de68bdda9a5a44ca767ea87174f77672e0a67,clayton,0.0,student_t_df5,0.0,WITHIN_NAMED_FAMILY_ONLY; scalar tail dependence is not a cross-family order
CRR-STAGEII-CONFIRM-2026-07-22,21c5b970e734ed79636df2f3882d4d85460c5efa40b88e59b9b9a3f34a25c0ff,E4,202607224005,E4-CLAYTON-T0.25,within_family_dependence_sweep,numpy_PCG64,202607224005,512,16925167bdd8fab69afa0a8cedf662a556999af898c249863e0e24bca22b952c,clayton,0.25,student_t_df5,0.3535533905932738,WITHIN_NAMED_FAMILY_ONLY; scalar tail dependence is not a cross-family order
CRR-STAGEII-CONFIRM-2026-07-22,21c5b970e734ed79636df2f3882d4d85460c5efa40b88e59b9b9a3f34a25c0ff,E4,202607224005,E4-CLAYTON-T0.50,within_family_dependence_sweep,numpy_PCG64,202607224005,512,a4415d28f97ee96863eafcdc52ebc6038d759c0f2dfad30b0e4c500619e6e548,clayton,0.5,student_t_df5,0.7071067811865476,WITHIN_NAMED_FAMILY_ONLY; scalar tail dependence is not a cross-family order
CRR-STAGEII-CONFIRM-2026-07-22,21c5b970e734ed79636df2f3882d4d85460c5efa40b88e59b9b9a3f34a25c0ff,E4,202607224005,E4-EMPIRICAL_COPULA-TEMP,within_family_dependence_sweep,numpy_PCG64,202607224005,512,680d42f2fd97a0a3333151977740ee4c307b335a0d26cad395ef244a5879b634,empirical_copula,,student_t_df5,0.68359375,EMPIRICAL_COPULA_MODEL_SENSITIVITY_NOT_PARAMETRIC_ORDER
CRR-STAGEII-CONFIRM-2026-07-22,21c5b970e734ed79636df2f3882d4d85460c5efa40b88e59b9b9a3f34a25c0ff,E4,202607224005,E4-GAUSSIAN-T0.00,within_family_dependence_sweep,numpy_PCG64,202607224005,512,8081020a80d0970f63e9b91fc9291a9abc3d5ed888c7b878d0510cb698378df9,gaussian,0.0,student_t_df5,0.0,WITHIN_NAMED_FAMILY_ONLY; scalar tail dependence is not a cross-family order
CRR-STAGEII-CONFIRM-2026-07-22,21c5b970e734ed79636df2f3882d4d85460c5efa40b88e59b9b9a3f34a25c0ff,E4,202607224005,E4-GAUSSIAN-T0.25,within_family_dependence_sweep,numpy_PCG64,202607224005,512,67d68357ef8cc617d3cf89c880405cdeb275e073e808487f28b8682f04dbc48e,gaussian,0.25,student_t_df5,0.0,WITHIN_NAMED_FAMILY_ONLY; scalar tail dependence is not a cross-family order
CRR-STAGEII-CONFIRM-2026-07-22,21c5b970e734ed79636df2f3882d4d85460c5efa40b88e59b9b9a3f34a25c0ff,E4,202607224005,E4-GAUSSIAN-T0.50,within_family_dependence_sweep,numpy_PCG64,202607224005,512,023e5a5639419e81849e12d44e7825633d4ca39713c34da1df08b120a54e905b,gaussian,0.5,student_t_df5,0.0,WITHIN_NAMED_FAMILY_ONLY; scalar tail dependence is not a cross-family order
CRR-STAGEII-CONFIRM-2026-07-22,21c5b970e734ed79636df2f3882d4d85460c5efa40b88e59b9b9a3f34a25c0ff,E4,202607224005,E4-STUDENT_T_DF4-T0.00,within_family_dependence_sweep,numpy_PCG64,202607224005,512,b3a0970712d43b3103a770aee75f9a011f8ae9eb60b13eecc18ac0688fd7e7fc,student_t_df4,0.0,student_t_df5,0.0755868184216124,WITHIN_NAMED_FAMILY_ONLY; scalar tail dependence is not a cross-family order
CRR-STAGEII-CONFIRM-2026-07-22,21c5b970e734ed79636df2f3882d4d85460c5efa40b88e59b9b9a3f34a25c0ff,E4,202607224005,E4-STUDENT_T_DF4-T0.25,within_family_dependence_sweep,numpy_PCG64,202607224005,512,10ba17e9be5e3d4fa76def56867b7dfe0a955183674363bc517c48878b5b4605,student_t_df4,0.25,student_t_df5,0.1953801683718518,WITHIN_NAMED_FAMILY_ONLY; scalar tail dependence is not a cross-family order
CRR-STAGEII-CONFIRM-2026-07-22,21c5b970e734ed79636df2f3882d4d85460c5efa40b88e59b9b9a3f34a25c0ff,E4,202607224005,E4-STUDENT_T_DF4-T0.50,within_family_dependence_sweep,numpy_PCG64,202607224005,512,1ba73d30f2b921aa82a4c470aadeb0f88bc178c6b5f89684cafb5b4351f3f65b,student_t_df4,0.5,student_t_df5,0.3968429135836659,WITHIN_NAMED_FAMILY_ONLY; scalar tail dependence is not a cross-family order
CRR-STAGEII-CONFIRM-2026-07-22,21c5b970e734ed79636df2f3882d4d85460c5efa40b88e59b9b9a3f34a25c0ff,E4,202607224006,E4-CLAYTON-T0.00,within_family_dependence_sweep,numpy_PCG64,202607224006,512,f8461be4f4890f65d2527278ed8decdbeda053f3fcf26c53297060ae996f153b,clayton,0.0,student_t_df5,0.0,WITHIN_NAMED_FAMILY_ONLY; scalar tail dependence is not a cross-family order
CRR-STAGEII-CONFIRM-2026-07-22,21c5b970e734ed79636df2f3882d4d85460c5efa40b88e59b9b9a3f34a25c0ff,E4,202607224006,E4-CLAYTON-T0.25,within_family_dependence_sweep,numpy_PCG64,202607224006,512,f4e94fd2cf671b4450451f48febe13ce414f748b5e9e854deb35bbfe46471519,clayton,0.25,student_t_df5,0.3535533905932738,WITHIN_NAMED_FAMILY_ONLY; scalar tail dependence is not a cross-family order
CRR-STAGEII-CONFIRM-2026-07-22,21c5b970e734ed79636df2f3882d4d85460c5efa40b88e59b9b9a3f34a25c0ff,E4,202607224006,E4-CLAYTON-T0.50,within_family_dependence_sweep,numpy_PCG64,202607224006,512,2423e4ed1b1342a71151b2b25e807a5c19bee7d7d32507c2bf04a5c8fa25fd01,clayton,0.5,student_t_df5,0.7071067811865476,WITHIN_NAMED_FAMILY_ONLY; scalar tail dependence is not a cross-family order
CRR-STAGEII-CONFIRM-2026-07-22,21c5b970e734ed79636df2f3882d4d85460c5efa40b88e59b9b9a3f34a25c0ff,E4,202607224006,E4-EMPIRICAL_COPULA-TEMP,within_family_dependence_sweep,numpy_PCG64,202607224006,512,5a869f31f5f1bc2d8f06e2c52d64af14b864bebc1c958539ec843794d56eb6be,empirical_copula,,student_t_df5,0.6119791666666666,EMPIRICAL_COPULA_MODEL_SENSITIVITY_NOT_PARAMETRIC_ORDER
CRR-STAGEII-CONFIRM-2026-07-22,21c5b970e734ed79636df2f3882d4d85460c5efa40b88e59b9b9a3f34a25c0ff,E4,202607224006,E4-GAUSSIAN-T0.00,within_family_dependence_sweep,numpy_PCG64,202607224006,512,885e216c02fbb847969e1ac651ba53d843aa92e3ece8994e6178bf4ab0659a30,gaussian,0.0,student_t_df5,0.0,WITHIN_NAMED_FAMILY_ONLY; scalar tail dependence is not a cross-family order
CRR-STAGEII-CONFIRM-2026-07-22,21c5b970e734ed79636df2f3882d4d85460c5efa40b88e59b9b9a3f34a25c0ff,E4,202607224006,E4-GAUSSIAN-T0.25,within_family_dependence_sweep,numpy_PCG64,202607224006,512,ff7d5ff27ce5e4d0a0577192155dd5f65a4ed8e2a692b4099fa471af32204217,gaussian,0.25,student_t_df5,0.0,WITHIN_NAMED_FAMILY_ONLY; scalar tail dependence is not a cross-family order
CRR-STAGEII-CONFIRM-2026-07-22,21c5b970e734ed79636df2f3882d4d85460c5efa40b88e59b9b9a3f34a25c0ff,E4,202607224006,E4-GAUSSIAN-T0.50,within_family_dependence_sweep,numpy_PCG64,202607224006,512,df969035eff736a498e287bfae4cbc906473a1aafd39e73d2db4115aca0b1507,gaussian,0.5,student_t_df5,0.0,WITHIN_NAMED_FAMILY_ONLY; scalar tail dependence is not a cross-family order
CRR-STAGEII-CONFIRM-2026-07-22,21c5b970e734ed79636df2f3882d4d85460c5efa40b88e59b9b9a3f34a25c0ff,E4,202607224006,E4-STUDENT_T_DF4-T0.00,within_family_dependence_sweep,numpy_PCG64,202607224006,512,d03a5a72cbbe0c5453e8dfb1a3c82dafcd9d0f46a07c25f88eabb44cc9802f41,student_t_df4,0.0,student_t_df5,0.0755868184216124,WITHIN_NAMED_FAMILY_ONLY; scalar tail dependence is not a cross-family order
CRR-STAGEII-CONFIRM-2026-07-22,21c5b970e734ed79636df2f3882d4d85460c5efa40b88e59b9b9a3f34a25c0ff,E4,202607224006,E4-STUDENT_T_DF4-T0.25,within_family_dependence_sweep,numpy_PCG64,202607224006,512,fffef0898fec2608049ce2d5d234ad5d287986cf4ba25dfe702d9523f2528517,student_t_df4,0.25,student_t_df5,0.1953801683718518,WITHIN_NAMED_FAMILY_ONLY; scalar tail dependence is not a cross-family order
CRR-STAGEII-CONFIRM-2026-07-22,21c5b970e734ed79636df2f3882d4d85460c5efa40b88e59b9b9a3f34a25c0ff,E4,202607224006,E4-STUDENT_T_DF4-T0.50,within_family_dependence_sweep,numpy_PCG64,202607224006,512,c564a78dc41f7ed4dd0e5489d57c68b16b359eba5bc382c99df9d6aa80f4eee6,student_t_df4,0.5,student_t_df5,0.3968429135836659,WITHIN_NAMED_FAMILY_ONLY; scalar tail dependence is not a cross-family order
CRR-STAGEII-CONFIRM-2026-07-22,21c5b970e734ed79636df2f3882d4d85460c5efa40b88e59b9b9a3f34a25c0ff,E4,202607224007,E4-CLAYTON-T0.00,within_family_dependence_sweep,numpy_PCG64,202607224007,512,952d20774855506c64317f5de8a6ab8af158a503546993dc0378ea79562b2e4d,clayton,0.0,student_t_df5,0.0,WITHIN_NAMED_FAMILY_ONLY; scalar tail dependence is not a cross-family order
CRR-STAGEII-CONFIRM-2026-07-22,21c5b970e734ed79636df2f3882d4d85460c5efa40b88e59b9b9a3f34a25c0ff,E4,202607224007,E4-CLAYTON-T0.25,within_family_dependence_sweep,numpy_PCG64,202607224007,512,17ded186a92e99f19e7c79ce080037b141b58d2962655cc2a1cd13ca338d6188,clayton,0.25,student_t_df5,0.3535533905932738,WITHIN_NAMED_FAMILY_ONLY; scalar tail dependence is not a cross-family order
CRR-STAGEII-CONFIRM-2026-07-22,21c5b970e734ed79636df2f3882d4d85460c5efa40b88e59b9b9a3f34a25c0ff,E4,202607224007,E4-CLAYTON-T0.50,within_family_dependence_sweep,numpy_PCG64,202607224007,512,1433c9cad38baca0f5ee49001cb7f8fea401c9110bbe22da0f191b09c6f7ad8d,clayton,0.5,student_t_df5,0.7071067811865476,WITHIN_NAMED_FAMILY_ONLY; scalar tail dependence is not a cross-family order
CRR-STAGEII-CONFIRM-2026-07-22,21c5b970e734ed79636df2f3882d4d85460c5efa40b88e59b9b9a3f34a25c0ff,E4,202607224007,E4-EMPIRICAL_COPULA-TEMP,within_family_dependence_sweep,numpy_PCG64,202607224007,512,482e3ac2fbe147acf3daee9485f31fbf21fe865a4a8a17379058804664f3fe01,empirical_copula,,student_t_df5,0.6119791666666666,EMPIRICAL_COPULA_MODEL_SENSITIVITY_NOT_PARAMETRIC_ORDER
CRR-STAGEII-CONFIRM-2026-07-22,21c5b970e734ed79636df2f3882d4d85460c5efa40b88e59b9b9a3f34a25c0ff,E4,202607224007,E4-GAUSSIAN-T0.00,within_family_dependence_sweep,numpy_PCG64,202607224007,512,41f807c80f485114744a447fdc0310a5d1e5cbfbd25514854a1fea5072f1c14c,gaussian,0.0,student_t_df5,0.0,WITHIN_NAMED_FAMILY_ONLY; scalar tail dependence is not a cross-family order
CRR-STAGEII-CONFIRM-2026-07-22,21c5b970e734ed79636df2f3882d4d85460c5efa40b88e59b9b9a3f34a25c0ff,E4,202607224007,E4-GAUSSIAN-T0.25,within_family_dependence_sweep,numpy_PCG64,202607224007,512,16693c4ff91b167b5cb83b9a50556af60f0d1f8c0340dd194e9b8ddac403af3f,gaussian,0.25,student_t_df5,0.0,WITHIN_NAMED_FAMILY_ONLY; scalar tail dependence is not a cross-family order
CRR-STAGEII-CONFIRM-2026-07-22,21c5b970e734ed79636df2f3882d4d85460c5efa40b88e59b9b9a3f34a25c0ff,E4,202607224007,E4-GAUSSIAN-T0.50,within_family_dependence_sweep,numpy_PCG64,202607224007,512,70b211a6b69d764342481d56aeddb7434f820bfd6e4c48c2c9ff4fe2c627a0c2,gaussian,0.5,student_t_df5,0.0,WITHIN_NAMED_FAMILY_ONLY; scalar tail dependence is not a cross-family order
CRR-STAGEII-CONFIRM-2026-07-22,21c5b970e734ed79636df2f3882d4d85460c5efa40b88e59b9b9a3f34a25c0ff,E4,202607224007,E4-STUDENT_T_DF4-T0.00,within_family_dependence_sweep,numpy_PCG64,202607224007,512,ca48963e39374455509f9111383356f2c7806c0788c0627a3980caa93325187d,student_t_df4,0.0,student_t_df5,0.0755868184216124,WITHIN_NAMED_FAMILY_ONLY; scalar tail dependence is not a cross-family order
CRR-STAGEII-CONFIRM-2026-07-22,21c5b970e734ed79636df2f3882d4d85460c5efa40b88e59b9b9a3f34a25c0ff,E4,202607224007,E4-STUDENT_T_DF4-T0.25,within_family_dependence_sweep,numpy_PCG64,202607224007,512,95a1c441e55357eb695146f231615ed47158a9271da3c53b9afbbbaa0a05ff8d,student_t_df4,0.25,student_t_df5,0.1953801683718518,WITHIN_NAMED_FAMILY_ONLY; scalar tail dependence is not a cross-family order
CRR-STAGEII-CONFIRM-2026-07-22,21c5b970e734ed79636df2f3882d4d85460c5efa40b88e59b9b9a3f34a25c0ff,E4,202607224007,E4-STUDENT_T_DF4-T0.50,within_family_dependence_sweep,numpy_PCG64,202607224007,512,b4eece75dda049c83b8f4cb1aec8ec657c0f28e6f814c67106cc5b21ec579e9f,student_t_df4,0.5,student_t_df5,0.3968429135836659,WITHIN_NAMED_FAMILY_ONLY; scalar tail dependence is not a cross-family order
CRR-STAGEII-CONFIRM-2026-07-22,21c5b970e734ed79636df2f3882d4d85460c5efa40b88e59b9b9a3f34a25c0ff,E4,202607224008,E4-CLAYTON-T0.00,within_family_dependence_sweep,numpy_PCG64,202607224008,512,2cdc27f087f8454794c5f8182611f067777419ba7d97c12b508bc85fda96e205,clayton,0.0,student_t_df5,0.0,WITHIN_NAMED_FAMILY_ONLY; scalar tail dependence is not a cross-family order
CRR-STAGEII-CONFIRM-2026-07-22,21c5b970e734ed79636df2f3882d4d85460c5efa40b88e59b9b9a3f34a25c0ff,E4,202607224008,E4-CLAYTON-T0.25,within_family_dependence_sweep,numpy_PCG64,202607224008,512,408af0b1911ee074e064ca151c7b60a1c726771a4adddfe58df533cf4a0b88fb,clayton,0.25,student_t_df5,0.3535533905932738,WITHIN_NAMED_FAMILY_ONLY; scalar tail dependence is not a cross-family order
CRR-STAGEII-CONFIRM-2026-07-22,21c5b970e734ed79636df2f3882d4d85460c5efa40b88e59b9b9a3f34a25c0ff,E4,202607224008,E4-CLAYTON-T0.50,within_family_dependence_sweep,numpy_PCG64,202607224008,512,c1df1848d1da0c6cf8909f3fd559559e4c5c58c38f8001e3a7666f7fcff8b06e,clayton,0.5,student_t_df5,0.7071067811865476,WITHIN_NAMED_FAMILY_ONLY; scalar tail dependence is not a cross-family order
CRR-STAGEII-CONFIRM-2026-07-22,21c5b970e734ed79636df2f3882d4d85460c5efa40b88e59b9b9a3f34a25c0ff,E4,202607224008,E4-EMPIRICAL_COPULA-TEMP,within_family_dependence_sweep,numpy_PCG64,202607224008,512,0118cc31f3f63aad19e523de103942902fe5bb155cca350c32ef72102ad6bb3d,empirical_copula,,student_t_df5,0.6510416666666666,EMPIRICAL_COPULA_MODEL_SENSITIVITY_NOT_PARAMETRIC_ORDER
CRR-STAGEII-CONFIRM-2026-07-22,21c5b970e734ed79636df2f3882d4d85460c5efa40b88e59b9b9a3f34a25c0ff,E4,202607224008,E4-GAUSSIAN-T0.00,within_family_dependence_sweep,numpy_PCG64,202607224008,512,2583ee8a9528172c60ae7209f489ac7172877f4ba73d53268533d0a5d993456e,gaussian,0.0,student_t_df5,0.0,WITHIN_NAMED_FAMILY_ONLY; scalar tail dependence is not a cross-family order
CRR-STAGEII-CONFIRM-2026-07-22,21c5b970e734ed79636df2f3882d4d85460c5efa40b88e59b9b9a3f34a25c0ff,E4,202607224008,E4-GAUSSIAN-T0.25,within_family_dependence_sweep,numpy_PCG64,202607224008,512,133fc409c3e8cf56ef3044b625660cc1067d6bd6931df031775383f9c45049f2,gaussian,0.25,student_t_df5,0.0,WITHIN_NAMED_FAMILY_ONLY; scalar tail dependence is not a cross-family order
CRR-STAGEII-CONFIRM-2026-07-22,21c5b970e734ed79636df2f3882d4d85460c5efa40b88e59b9b9a3f34a25c0ff,E4,202607224008,E4-GAUSSIAN-T0.50,within_family_dependence_sweep,numpy_PCG64,202607224008,512,58ea0f4cbde1e4a0618bdfc7f95d3b4c8d5703f72398634c0bfe3f0b95651e36,gaussian,0.5,student_t_df5,0.0,WITHIN_NAMED_FAMILY_ONLY; scalar tail dependence is not a cross-family order
CRR-STAGEII-CONFIRM-2026-07-22,21c5b970e734ed79636df2f3882d4d85460c5efa40b88e59b9b9a3f34a25c0ff,E4,202607224008,E4-STUDENT_T_DF4-T0.00,within_family_dependence_sweep,numpy_PCG64,202607224008,512,3b024d603f2931e9a5e615182286fa1ad8a58741e7ac770ba324f9688e107bb5,student_t_df4,0.0,student_t_df5,0.0755868184216124,WITHIN_NAMED_FAMILY_ONLY; scalar tail dependence is not a cross-family order
CRR-STAGEII-CONFIRM-2026-07-22,21c5b970e734ed79636df2f3882d4d85460c5efa40b88e59b9b9a3f34a25c0ff,E4,202607224008,E4-STUDENT_T_DF4-T0.25,within_family_dependence_sweep,numpy_PCG64,202607224008,512,70d19a1500e4f2fa0815e3e88a7554ddf169ae914ad27aeec404922c53477140,student_t_df4,0.25,student_t_df5,0.1953801683718518,WITHIN_NAMED_FAMILY_ONLY; scalar tail dependence is not a cross-family order
CRR-STAGEII-CONFIRM-2026-07-22,21c5b970e734ed79636df2f3882d4d85460c5efa40b88e59b9b9a3f34a25c0ff,E4,202607224008,E4-STUDENT_T_DF4-T0.50,within_family_dependence_sweep,numpy_PCG64,202607224008,512,9788eeaad30cbbfade77c44e3b055c362ac797b86b318662ec62672124418c4f,student_t_df4,0.5,student_t_df5,0.3968429135836659,WITHIN_NAMED_FAMILY_ONLY; scalar tail dependence is not a cross-family order
CRR-STAGEII-CONFIRM-2026-07-22,21c5b970e734ed79636df2f3882d4d85460c5efa40b88e59b9b9a3f34a25c0ff,E4,202607224009,E4-CLAYTON-T0.00,within_family_dependence_sweep,numpy_PCG64,202607224009,512,12dbc252ebf316ffcb738f1a1cbfc475e2e26041923dde77b6a71d26db08439b,clayton,0.0,student_t_df5,0.0,WITHIN_NAMED_FAMILY_ONLY; scalar tail dependence is not a cross-family order
CRR-STAGEII-CONFIRM-2026-07-22,21c5b970e734ed79636df2f3882d4d85460c5efa40b88e59b9b9a3f34a25c0ff,E4,202607224009,E4-CLAYTON-T0.25,within_family_dependence_sweep,numpy_PCG64,202607224009,512,7bf73bcc22be89ae1e80f6f75427f62bfc6813af56974117d5daaca1739d97e2,clayton,0.25,student_t_df5,0.3535533905932738,WITHIN_NAMED_FAMILY_ONLY; scalar tail dependence is not a cross-family order
CRR-STAGEII-CONFIRM-2026-07-22,21c5b970e734ed79636df2f3882d4d85460c5efa40b88e59b9b9a3f34a25c0ff,E4,202607224009,E4-CLAYTON-T0.50,within_family_dependence_sweep,numpy_PCG64,202607224009,512,57fca388e9cd6f58db38b5cf37e6b2e570919d599235f5a5fa3fbc05b8b509ff,clayton,0.5,student_t_df5,0.7071067811865476,WITHIN_NAMED_FAMILY_ONLY; scalar tail dependence is not a cross-family order
CRR-STAGEII-CONFIRM-2026-07-22,21c5b970e734ed79636df2f3882d4d85460c5efa40b88e59b9b9a3f34a25c0ff,E4,202607224009,E4-EMPIRICAL_COPULA-TEMP,within_family_dependence_sweep,numpy_PCG64,202607224009,512,ad8cf353f3a25445e6d58208734cd470c43562a37dee563a654d40b2ddcf3c88,empirical_copula,,student_t_df5,0.5338541666666666,EMPIRICAL_COPULA_MODEL_SENSITIVITY_NOT_PARAMETRIC_ORDER
CRR-STAGEII-CONFIRM-2026-07-22,21c5b970e734ed79636df2f3882d4d85460c5efa40b88e59b9b9a3f34a25c0ff,E4,202607224009,E4-GAUSSIAN-T0.00,within_family_dependence_sweep,numpy_PCG64,202607224009,512,00af0254aa23638004f1599e5a98d8d08ca972555b9f7a3d61d4c588b325013d,gaussian,0.0,student_t_df5,0.0,WITHIN_NAMED_FAMILY_ONLY; scalar tail dependence is not a cross-family order
CRR-STAGEII-CONFIRM-2026-07-22,21c5b970e734ed79636df2f3882d4d85460c5efa40b88e59b9b9a3f34a25c0ff,E4,202607224009,E4-GAUSSIAN-T0.25,within_family_dependence_sweep,numpy_PCG64,202607224009,512,1e262ce5cd6144c89b7a492c3de997772d3be1d6f3e9724594815fed11bb4bec,gaussian,0.25,student_t_df5,0.0,WITHIN_NAMED_FAMILY_ONLY; scalar tail dependence is not a cross-family order
CRR-STAGEII-CONFIRM-2026-07-22,21c5b970e734ed79636df2f3882d4d85460c5efa40b88e59b9b9a3f34a25c0ff,E4,202607224009,E4-GAUSSIAN-T0.50,within_family_dependence_sweep,numpy_PCG64,202607224009,512,fa3702a920908f4883480dec521c3c368bd437172e1a7c22768a3146bb70ff4e,gaussian,0.5,student_t_df5,0.0,WITHIN_NAMED_FAMILY_ONLY; scalar tail dependence is not a cross-family order
CRR-STAGEII-CONFIRM-2026-07-22,21c5b970e734ed79636df2f3882d4d85460c5efa40b88e59b9b9a3f34a25c0ff,E4,202607224009,E4-STUDENT_T_DF4-T0.00,within_family_dependence_sweep,numpy_PCG64,202607224009,512,e82b3df38d0b53dc309604ad6b3b73eed42db660cfc5e1342129236d3df81d16,student_t_df4,0.0,student_t_df5,0.0755868184216124,WITHIN_NAMED_FAMILY_ONLY; scalar tail dependence is not a cross-family order
CRR-STAGEII-CONFIRM-2026-07-22,21c5b970e734ed79636df2f3882d4d85460c5efa40b88e59b9b9a3f34a25c0ff,E4,202607224009,E4-STUDENT_T_DF4-T0.25,within_family_dependence_sweep,numpy_PCG64,202607224009,512,79237a3430488a13e4c754ab1e41935f77f15f8f01f33644c41dbb74964a2453,student_t_df4,0.25,student_t_df5,0.1953801683718518,WITHIN_NAMED_FAMILY_ONLY; scalar tail dependence is not a cross-family order
CRR-STAGEII-CONFIRM-2026-07-22,21c5b970e734ed79636df2f3882d4d85460c5efa40b88e59b9b9a3f34a25c0ff,E4,202607224009,E4-STUDENT_T_DF4-T0.50,within_family_dependence_sweep,numpy_PCG64,202607224009,512,158383f6d339ebe636022fce512ece60a30f32db2e1ae1ce081935086e6dccec,student_t_df4,0.5,student_t_df5,0.3968429135836659,WITHIN_NAMED_FAMILY_ONLY; scalar tail dependence is not a cross-family order
CRR-STAGEII-CONFIRM-2026-07-22,21c5b970e734ed79636df2f3882d4d85460c5efa40b88e59b9b9a3f34a25c0ff,E4,202607224010,E4-CLAYTON-T0.00,within_family_dependence_sweep,numpy_PCG64,202607224010,512,e773ab0bc3018b53ced00a7acfabf407e86479c34d57715af5bcc8ef4ece8ca5,clayton,0.0,student_t_df5,0.0,WITHIN_NAMED_FAMILY_ONLY; scalar tail dependence is not a cross-family order
CRR-STAGEII-CONFIRM-2026-07-22,21c5b970e734ed79636df2f3882d4d85460c5efa40b88e59b9b9a3f34a25c0ff,E4,202607224010,E4-CLAYTON-T0.25,within_family_dependence_sweep,numpy_PCG64,202607224010,512,d39a174e4dedd51f5411abdecdf41cf484df769f46c984ac34516400eb340c44,clayton,0.25,student_t_df5,0.3535533905932738,WITHIN_NAMED_FAMILY_ONLY; scalar tail dependence is not a cross-family order
CRR-STAGEII-CONFIRM-2026-07-22,21c5b970e734ed79636df2f3882d4d85460c5efa40b88e59b9b9a3f34a25c0ff,E4,202607224010,E4-CLAYTON-T0.50,within_family_dependence_sweep,numpy_PCG64,202607224010,512,96b941b0b26bff53b8c654b1afd9d71b7e1ba3701505d4dad84991c7aa195197,clayton,0.5,student_t_df5,0.7071067811865476,WITHIN_NAMED_FAMILY_ONLY; scalar tail dependence is not a cross-family order
CRR-STAGEII-CONFIRM-2026-07-22,21c5b970e734ed79636df2f3882d4d85460c5efa40b88e59b9b9a3f34a25c0ff,E4,202607224010,E4-EMPIRICAL_COPULA-TEMP,within_family_dependence_sweep,numpy_PCG64,202607224010,512,82d139c5358c0074bd989c2b458bd4687101d8e6d379f491c8d22cdc1ee6f357,empirical_copula,,student_t_df5,0.5859375,EMPIRICAL_COPULA_MODEL_SENSITIVITY_NOT_PARAMETRIC_ORDER
CRR-STAGEII-CONFIRM-2026-07-22,21c5b970e734ed79636df2f3882d4d85460c5efa40b88e59b9b9a3f34a25c0ff,E4,202607224010,E4-GAUSSIAN-T0.00,within_family_dependence_sweep,numpy_PCG64,202607224010,512,dc3e29ca47abbb213b9003a5ff3ed547cfc42a94ad1090e2f1102993ebbbef86,gaussian,0.0,student_t_df5,0.0,WITHIN_NAMED_FAMILY_ONLY; scalar tail dependence is not a cross-family order
CRR-STAGEII-CONFIRM-2026-07-22,21c5b970e734ed79636df2f3882d4d85460c5efa40b88e59b9b9a3f34a25c0ff,E4,202607224010,E4-GAUSSIAN-T0.25,within_family_dependence_sweep,numpy_PCG64,202607224010,512,8ba51fa4821ac03531d392bb2735ea2a4831a8b4d5543c18c7a47f0f68a0db86,gaussian,0.25,student_t_df5,0.0,WITHIN_NAMED_FAMILY_ONLY; scalar tail dependence is not a cross-family order
CRR-STAGEII-CONFIRM-2026-07-22,21c5b970e734ed79636df2f3882d4d85460c5efa40b88e59b9b9a3f34a25c0ff,E4,202607224010,E4-GAUSSIAN-T0.50,within_family_dependence_sweep,numpy_PCG64,202607224010,512,97f4c0843fe6cfa1a842f43f2b7b3735acb63ac3c2516f9fc9e501f5e6ffa9d7,gaussian,0.5,student_t_df5,0.0,WITHIN_NAMED_FAMILY_ONLY; scalar tail dependence is not a cross-family order
CRR-STAGEII-CONFIRM-2026-07-22,21c5b970e734ed79636df2f3882d4d85460c5efa40b88e59b9b9a3f34a25c0ff,E4,202607224010,E4-STUDENT_T_DF4-T0.00,within_family_dependence_sweep,numpy_PCG64,202607224010,512,e85f8668d5982eea8ff17512f2be79c1f70daed195e37545227848c78ef4d015,student_t_df4,0.0,student_t_df5,0.0755868184216124,WITHIN_NAMED_FAMILY_ONLY; scalar tail dependence is not a cross-family order
CRR-STAGEII-CONFIRM-2026-07-22,21c5b970e734ed79636df2f3882d4d85460c5efa40b88e59b9b9a3f34a25c0ff,E4,202607224010,E4-STUDENT_T_DF4-T0.25,within_family_dependence_sweep,numpy_PCG64,202607224010,512,33d8dddbab1e2a7c59a3bcc35c609c26e81f8e95913142feed346d26530f36fb,student_t_df4,0.25,student_t_df5,0.1953801683718518,WITHIN_NAMED_FAMILY_ONLY; scalar tail dependence is not a cross-family order
CRR-STAGEII-CONFIRM-2026-07-22,21c5b970e734ed79636df2f3882d4d85460c5efa40b88e59b9b9a3f34a25c0ff,E4,202607224010,E4-STUDENT_T_DF4-T0.50,within_family_dependence_sweep,numpy_PCG64,202607224010,512,d8381cce1f0ea1713f378c5de2adc03e8267a9c991c1cbaabe114780f400c73f,student_t_df4,0.5,student_t_df5,0.3968429135836659,WITHIN_NAMED_FAMILY_ONLY; scalar tail dependence is not a cross-family order
CRR-STAGEII-CONFIRM-2026-07-22,21c5b970e734ed79636df2f3882d4d85460c5efa40b88e59b9b9a3f34a25c0ff,E4,202607224011,E4-CLAYTON-T0.00,within_family_dependence_sweep,numpy_PCG64,202607224011,512,4ca97427dcb1e7d94d4749af3fa9d34e1c403042d10e62408476b5f147e834bd,clayton,0.0,student_t_df5,0.0,WITHIN_NAMED_FAMILY_ONLY; scalar tail dependence is not a cross-family order
CRR-STAGEII-CONFIRM-2026-07-22,21c5b970e734ed79636df2f3882d4d85460c5efa40b88e59b9b9a3f34a25c0ff,E4,202607224011,E4-CLAYTON-T0.25,within_family_dependence_sweep,numpy_PCG64,202607224011,512,3e383da3b2b8b096b64c9336d00005fb931c565dd3869397c94bad23c73fa354,clayton,0.25,student_t_df5,0.3535533905932738,WITHIN_NAMED_FAMILY_ONLY; scalar tail dependence is not a cross-family order
CRR-STAGEII-CONFIRM-2026-07-22,21c5b970e734ed79636df2f3882d4d85460c5efa40b88e59b9b9a3f34a25c0ff,E4,202607224011,E4-CLAYTON-T0.50,within_family_dependence_sweep,numpy_PCG64,202607224011,512,959d9ac7884c81973d11925056ed2635a63f1be1e12fcdaa159991449c6e0bb7,clayton,0.5,student_t_df5,0.7071067811865476,WITHIN_NAMED_FAMILY_ONLY; scalar tail dependence is not a cross-family order
CRR-STAGEII-CONFIRM-2026-07-22,21c5b970e734ed79636df2f3882d4d85460c5efa40b88e59b9b9a3f34a25c0ff,E4,202607224011,E4-EMPIRICAL_COPULA-TEMP,within_family_dependence_sweep,numpy_PCG64,202607224011,512,e6c899c776ec22f00006082541aec78a652fa7119bf3e9a7ec74c36ccbcb97ba,empirical_copula,,student_t_df5,0.5403645833333334,EMPIRICAL_COPULA_MODEL_SENSITIVITY_NOT_PARAMETRIC_ORDER
CRR-STAGEII-CONFIRM-2026-07-22,21c5b970e734ed79636df2f3882d4d85460c5efa40b88e59b9b9a3f34a25c0ff,E4,202607224011,E4-GAUSSIAN-T0.00,within_family_dependence_sweep,numpy_PCG64,202607224011,512,c5fc815425b81a1b8177b18966d61e75c02a3c7101ba745854cbdc514519a8ee,gaussian,0.0,student_t_df5,0.0,WITHIN_NAMED_FAMILY_ONLY; scalar tail dependence is not a cross-family order
CRR-STAGEII-CONFIRM-2026-07-22,21c5b970e734ed79636df2f3882d4d85460c5efa40b88e59b9b9a3f34a25c0ff,E4,202607224011,E4-GAUSSIAN-T0.25,within_family_dependence_sweep,numpy_PCG64,202607224011,512,7101f6aec6961da17557914e313d1168d0c46bd16a2ede45746a30b1a94d8dff,gaussian,0.25,student_t_df5,0.0,WITHIN_NAMED_FAMILY_ONLY; scalar tail dependence is not a cross-family order
CRR-STAGEII-CONFIRM-2026-07-22,21c5b970e734ed79636df2f3882d4d85460c5efa40b88e59b9b9a3f34a25c0ff,E4,202607224011,E4-GAUSSIAN-T0.50,within_family_dependence_sweep,numpy_PCG64,202607224011,512,018ac4ef2c384e4940fa8d8ac867d7c711f5988279304327eec3d837851906a6,gaussian,0.5,student_t_df5,0.0,WITHIN_NAMED_FAMILY_ONLY; scalar tail dependence is not a cross-family order
CRR-STAGEII-CONFIRM-2026-07-22,21c5b970e734ed79636df2f3882d4d85460c5efa40b88e59b9b9a3f34a25c0ff,E4,202607224011,E4-STUDENT_T_DF4-T0.00,within_family_dependence_sweep,numpy_PCG64,202607224011,512,f0e7297e66a585f20a0dd5a3cd00037b2ff838d9cbd78592c15b252d6cbf2b7f,student_t_df4,0.0,student_t_df5,0.0755868184216124,WITHIN_NAMED_FAMILY_ONLY; scalar tail dependence is not a cross-family order
CRR-STAGEII-CONFIRM-2026-07-22,21c5b970e734ed79636df2f3882d4d85460c5efa40b88e59b9b9a3f34a25c0ff,E4,202607224011,E4-STUDENT_T_DF4-T0.25,within_family_dependence_sweep,numpy_PCG64,202607224011,512,d536ad1018809649fc6776c102a215a5d0d839f5d50c860a0eda5d86678ddde1,student_t_df4,0.25,student_t_df5,0.1953801683718518,WITHIN_NAMED_FAMILY_ONLY; scalar tail dependence is not a cross-family order
CRR-STAGEII-CONFIRM-2026-07-22,21c5b970e734ed79636df2f3882d4d85460c5efa40b88e59b9b9a3f34a25c0ff,E4,202607224011,E4-STUDENT_T_DF4-T0.50,within_family_dependence_sweep,numpy_PCG64,202607224011,512,659db573444ed522bfa978d792f4645d3a360041b67fa184badd6914a6846dae,student_t_df4,0.5,student_t_df5,0.3968429135836659,WITHIN_NAMED_FAMILY_ONLY; scalar tail dependence is not a cross-family order
CRR-STAGEII-CONFIRM-2026-07-22,21c5b970e734ed79636df2f3882d4d85460c5efa40b88e59b9b9a3f34a25c0ff,E4,202607224012,E4-CLAYTON-T0.00,within_family_dependence_sweep,numpy_PCG64,202607224012,512,1b98dc75ab0a67cdefed9c11ecc30c4befbe1b92462545963aca8efec56db1cf,clayton,0.0,student_t_df5,0.0,WITHIN_NAMED_FAMILY_ONLY; scalar tail dependence is not a cross-family order
CRR-STAGEII-CONFIRM-2026-07-22,21c5b970e734ed79636df2f3882d4d85460c5efa40b88e59b9b9a3f34a25c0ff,E4,202607224012,E4-CLAYTON-T0.25,within_family_dependence_sweep,numpy_PCG64,202607224012,512,50160e9f4cfe6913a7e55c7421c0804d6353340718cd5e5bb185730239b11828,clayton,0.25,student_t_df5,0.3535533905932738,WITHIN_NAMED_FAMILY_ONLY; scalar tail dependence is not a cross-family order
CRR-STAGEII-CONFIRM-2026-07-22,21c5b970e734ed79636df2f3882d4d85460c5efa40b88e59b9b9a3f34a25c0ff,E4,202607224012,E4-CLAYTON-T0.50,within_family_dependence_sweep,numpy_PCG64,202607224012,512,c4c07edd357a030fde54cd66415ae2ff158e68345903e633710e95bff3f3e1cf,clayton,0.5,student_t_df5,0.7071067811865476,WITHIN_NAMED_FAMILY_ONLY; scalar tail dependence is not a cross-family order
CRR-STAGEII-CONFIRM-2026-07-22,21c5b970e734ed79636df2f3882d4d85460c5efa40b88e59b9b9a3f34a25c0ff,E4,202607224012,E4-EMPIRICAL_COPULA-TEMP,within_family_dependence_sweep,numpy_PCG64,202607224012,512,42984d09d000dad38a074a47b2016aaf0c95dc603c386b06d825ed61050e08d0,empirical_copula,,student_t_df5,0.5078125,EMPIRICAL_COPULA_MODEL_SENSITIVITY_NOT_PARAMETRIC_ORDER
CRR-STAGEII-CONFIRM-2026-07-22,21c5b970e734ed79636df2f3882d4d85460c5efa40b88e59b9b9a3f34a25c0ff,E4,202607224012,E4-GAUSSIAN-T0.00,within_family_dependence_sweep,numpy_PCG64,202607224012,512,dc75de71a860a11ca5489f0e6bc8d070665cf3fdb60a5165c119ee12d71fb9aa,gaussian,0.0,student_t_df5,0.0,WITHIN_NAMED_FAMILY_ONLY; scalar tail dependence is not a cross-family order
CRR-STAGEII-CONFIRM-2026-07-22,21c5b970e734ed79636df2f3882d4d85460c5efa40b88e59b9b9a3f34a25c0ff,E4,202607224012,E4-GAUSSIAN-T0.25,within_family_dependence_sweep,numpy_PCG64,202607224012,512,47d849357c491e58590ba760d475b477e21a65f10b687f417786133dd0d5b70e,gaussian,0.25,student_t_df5,0.0,WITHIN_NAMED_FAMILY_ONLY; scalar tail dependence is not a cross-family order
CRR-STAGEII-CONFIRM-2026-07-22,21c5b970e734ed79636df2f3882d4d85460c5efa40b88e59b9b9a3f34a25c0ff,E4,202607224012,E4-GAUSSIAN-T0.50,within_family_dependence_sweep,numpy_PCG64,202607224012,512,51da6b615c1d7b7470f6102128b5476432fadc19bcaa9cd78817c25425292f94,gaussian,0.5,student_t_df5,0.0,WITHIN_NAMED_FAMILY_ONLY; scalar tail dependence is not a cross-family order
CRR-STAGEII-CONFIRM-2026-07-22,21c5b970e734ed79636df2f3882d4d85460c5efa40b88e59b9b9a3f34a25c0ff,E4,202607224012,E4-STUDENT_T_DF4-T0.00,within_family_dependence_sweep,numpy_PCG64,202607224012,512,d7ac18d948ccf91258185cb74288fd3b0f87cde5b750e15bd82bc4a0033a7ca5,student_t_df4,0.0,student_t_df5,0.0755868184216124,WITHIN_NAMED_FAMILY_ONLY; scalar tail dependence is not a cross-family order
CRR-STAGEII-CONFIRM-2026-07-22,21c5b970e734ed79636df2f3882d4d85460c5efa40b88e59b9b9a3f34a25c0ff,E4,202607224012,E4-STUDENT_T_DF4-T0.25,within_family_dependence_sweep,numpy_PCG64,202607224012,512,888e2fdc737adfd6465350f899867770c809e6b22b537616ff9aba5ae464331b,student_t_df4,0.25,student_t_df5,0.1953801683718518,WITHIN_NAMED_FAMILY_ONLY; scalar tail dependence is not a cross-family order
CRR-STAGEII-CONFIRM-2026-07-22,21c5b970e734ed79636df2f3882d4d85460c5efa40b88e59b9b9a3f34a25c0ff,E4,202607224012,E4-STUDENT_T_DF4-T0.50,within_family_dependence_sweep,numpy_PCG64,202607224012,512,78c98b95a89a6c1543932d085a18b28b1f2f7335f60cd6fbe8bdeeff98c94865,student_t_df4,0.5,student_t_df5,0.3968429135836659,WITHIN_NAMED_FAMILY_ONLY; scalar tail dependence is not a cross-family order
CRR-STAGEII-CONFIRM-2026-07-22,21c5b970e734ed79636df2f3882d4d85460c5efa40b88e59b9b9a3f34a25c0ff,E4,202607224013,E4-CLAYTON-T0.00,within_family_dependence_sweep,numpy_PCG64,202607224013,512,9975d745a3b062b664e3315f5cdc6ae8d447ea5786e3830448767401d6ee48fe,clayton,0.0,student_t_df5,0.0,WITHIN_NAMED_FAMILY_ONLY; scalar tail dependence is not a cross-family order
CRR-STAGEII-CONFIRM-2026-07-22,21c5b970e734ed79636df2f3882d4d85460c5efa40b88e59b9b9a3f34a25c0ff,E4,202607224013,E4-CLAYTON-T0.25,within_family_dependence_sweep,numpy_PCG64,202607224013,512,53648f6b2ef015430dde5ae6d2227548a91340946b206cfa8150d316c38dba00,clayton,0.25,student_t_df5,0.3535533905932738,WITHIN_NAMED_FAMILY_ONLY; scalar tail dependence is not a cross-family order
CRR-STAGEII-CONFIRM-2026-07-22,21c5b970e734ed79636df2f3882d4d85460c5efa40b88e59b9b9a3f34a25c0ff,E4,202607224013,E4-CLAYTON-T0.50,within_family_dependence_sweep,numpy_PCG64,202607224013,512,3501e1ce2a85053fd312468d658e71932a476733c0b03301eafcb2fd75b35212,clayton,0.5,student_t_df5,0.7071067811865476,WITHIN_NAMED_FAMILY_ONLY; scalar tail dependence is not a cross-family order
CRR-STAGEII-CONFIRM-2026-07-22,21c5b970e734ed79636df2f3882d4d85460c5efa40b88e59b9b9a3f34a25c0ff,E4,202607224013,E4-EMPIRICAL_COPULA-TEMP,within_family_dependence_sweep,numpy_PCG64,202607224013,512,fe4de237201ec1f06024ba3415dec93f26662c83fdb4176ba5522147760f9026,empirical_copula,,student_t_df5,0.6705729166666666,EMPIRICAL_COPULA_MODEL_SENSITIVITY_NOT_PARAMETRIC_ORDER
CRR-STAGEII-CONFIRM-2026-07-22,21c5b970e734ed79636df2f3882d4d85460c5efa40b88e59b9b9a3f34a25c0ff,E4,202607224013,E4-GAUSSIAN-T0.00,within_family_dependence_sweep,numpy_PCG64,202607224013,512,abfc35695f0ab207273ff22d103b2bc7afd3cc315223eb22ec9620dcc09b303d,gaussian,0.0,student_t_df5,0.0,WITHIN_NAMED_FAMILY_ONLY; scalar tail dependence is not a cross-family order
CRR-STAGEII-CONFIRM-2026-07-22,21c5b970e734ed79636df2f3882d4d85460c5efa40b88e59b9b9a3f34a25c0ff,E4,202607224013,E4-GAUSSIAN-T0.25,within_family_dependence_sweep,numpy_PCG64,202607224013,512,a659be95637a82e53eb4be8f44ae30afdded44198914e6b67d29aa1387399f0c,gaussian,0.25,student_t_df5,0.0,WITHIN_NAMED_FAMILY_ONLY; scalar tail dependence is not a cross-family order
CRR-STAGEII-CONFIRM-2026-07-22,21c5b970e734ed79636df2f3882d4d85460c5efa40b88e59b9b9a3f34a25c0ff,E4,202607224013,E4-GAUSSIAN-T0.50,within_family_dependence_sweep,numpy_PCG64,202607224013,512,b522d23a5f8d6e106ecabe9f76ad6eaf4bd0817294a3b53a7a5a181daca423a2,gaussian,0.5,student_t_df5,0.0,WITHIN_NAMED_FAMILY_ONLY; scalar tail dependence is not a cross-family order
CRR-STAGEII-CONFIRM-2026-07-22,21c5b970e734ed79636df2f3882d4d85460c5efa40b88e59b9b9a3f34a25c0ff,E4,202607224013,E4-STUDENT_T_DF4-T0.00,within_family_dependence_sweep,numpy_PCG64,202607224013,512,bc9e3104c70904feb43a747bab1739e6ea3a15296cc1706608103bd5d2a5f196,student_t_df4,0.0,student_t_df5,0.0755868184216124,WITHIN_NAMED_FAMILY_ONLY; scalar tail dependence is not a cross-family order
CRR-STAGEII-CONFIRM-2026-07-22,21c5b970e734ed79636df2f3882d4d85460c5efa40b88e59b9b9a3f34a25c0ff,E4,202607224013,E4-STUDENT_T_DF4-T0.25,within_family_dependence_sweep,numpy_PCG64,202607224013,512,39c772fc726d786eb4e272d202d14efcd36eee4118b9a418fc6186b8983801b0,student_t_df4,0.25,student_t_df5,0.1953801683718518,WITHIN_NAMED_FAMILY_ONLY; scalar tail dependence is not a cross-family order
CRR-STAGEII-CONFIRM-2026-07-22,21c5b970e734ed79636df2f3882d4d85460c5efa40b88e59b9b9a3f34a25c0ff,E4,202607224013,E4-STUDENT_T_DF4-T0.50,within_family_dependence_sweep,numpy_PCG64,202607224013,512,3b4a3f40d7509ba1e09d90662911d667cda3e5c08db38307ca297154c36c6d1f,student_t_df4,0.5,student_t_df5,0.3968429135836659,WITHIN_NAMED_FAMILY_ONLY; scalar tail dependence is not a cross-family order
CRR-STAGEII-CONFIRM-2026-07-22,21c5b970e734ed79636df2f3882d4d85460c5efa40b88e59b9b9a3f34a25c0ff,E4,202607224014,E4-CLAYTON-T0.00,within_family_dependence_sweep,numpy_PCG64,202607224014,512,2bbd49ce43f6466b7bc92cc086c6dc97c532640c4fe2ce891594433e9fa5c945,clayton,0.0,student_t_df5,0.0,WITHIN_NAMED_FAMILY_ONLY; scalar tail dependence is not a cross-family order
CRR-STAGEII-CONFIRM-2026-07-22,21c5b970e734ed79636df2f3882d4d85460c5efa40b88e59b9b9a3f34a25c0ff,E4,202607224014,E4-CLAYTON-T0.25,within_family_dependence_sweep,numpy_PCG64,202607224014,512,90a88646ed6ad03428c86f17273d65c7074c93bedf24bca85310aebcbfb2fd34,clayton,0.25,student_t_df5,0.3535533905932738,WITHIN_NAMED_FAMILY_ONLY; scalar tail dependence is not a cross-family order
CRR-STAGEII-CONFIRM-2026-07-22,21c5b970e734ed79636df2f3882d4d85460c5efa40b88e59b9b9a3f34a25c0ff,E4,202607224014,E4-CLAYTON-T0.50,within_family_dependence_sweep,numpy_PCG64,202607224014,512,42cf89d8195894f6c26924fffacbac9f594b162e16a65d193616b3bb77327d2f,clayton,0.5,student_t_df5,0.7071067811865476,WITHIN_NAMED_FAMILY_ONLY; scalar tail dependence is not a cross-family order
CRR-STAGEII-CONFIRM-2026-07-22,21c5b970e734ed79636df2f3882d4d85460c5efa40b88e59b9b9a3f34a25c0ff,E4,202607224014,E4-EMPIRICAL_COPULA-TEMP,within_family_dependence_sweep,numpy_PCG64,202607224014,512,38b0f5d397b902da223706db669184512247906cd22cde3b40702aebb4fc6bc5,empirical_copula,,student_t_df5,0.5208333333333334,EMPIRICAL_COPULA_MODEL_SENSITIVITY_NOT_PARAMETRIC_ORDER
CRR-STAGEII-CONFIRM-2026-07-22,21c5b970e734ed79636df2f3882d4d85460c5efa40b88e59b9b9a3f34a25c0ff,E4,202607224014,E4-GAUSSIAN-T0.00,within_family_dependence_sweep,numpy_PCG64,202607224014,512,ff7089c2fc37f32481eb07a8c91a052c985ca304ddfce1f7dd1f9525c1d57835,gaussian,0.0,student_t_df5,0.0,WITHIN_NAMED_FAMILY_ONLY; scalar tail dependence is not a cross-family order
CRR-STAGEII-CONFIRM-2026-07-22,21c5b970e734ed79636df2f3882d4d85460c5efa40b88e59b9b9a3f34a25c0ff,E4,202607224014,E4-GAUSSIAN-T0.25,within_family_dependence_sweep,numpy_PCG64,202607224014,512,12699cf4db7d3088f7005e9776032684809e301ef35d637498a823b2bcc8ad77,gaussian,0.25,student_t_df5,0.0,WITHIN_NAMED_FAMILY_ONLY; scalar tail dependence is not a cross-family order
CRR-STAGEII-CONFIRM-2026-07-22,21c5b970e734ed79636df2f3882d4d85460c5efa40b88e59b9b9a3f34a25c0ff,E4,202607224014,E4-GAUSSIAN-T0.50,within_family_dependence_sweep,numpy_PCG64,202607224014,512,2270ed70732b94e5d3e3fda9ec6e97b43356d2e7954971848851fbe6ea6f5fc0,gaussian,0.5,student_t_df5,0.0,WITHIN_NAMED_FAMILY_ONLY; scalar tail dependence is not a cross-family order
CRR-STAGEII-CONFIRM-2026-07-22,21c5b970e734ed79636df2f3882d4d85460c5efa40b88e59b9b9a3f34a25c0ff,E4,202607224014,E4-STUDENT_T_DF4-T0.00,within_family_dependence_sweep,numpy_PCG64,202607224014,512,ffbc91159d080bb057a2019c7b0cb2d4fe7f4f9ca0eff1fdc2ce906b899c2b7d,student_t_df4,0.0,student_t_df5,0.0755868184216124,WITHIN_NAMED_FAMILY_ONLY; scalar tail dependence is not a cross-family order
CRR-STAGEII-CONFIRM-2026-07-22,21c5b970e734ed79636df2f3882d4d85460c5efa40b88e59b9b9a3f34a25c0ff,E4,202607224014,E4-STUDENT_T_DF4-T0.25,within_family_dependence_sweep,numpy_PCG64,202607224014,512,f3aa88737ae4bc8b320599785090aeaee5fa7c551fad025309944ef292914ed1,student_t_df4,0.25,student_t_df5,0.1953801683718518,WITHIN_NAMED_FAMILY_ONLY; scalar tail dependence is not a cross-family order
CRR-STAGEII-CONFIRM-2026-07-22,21c5b970e734ed79636df2f3882d4d85460c5efa40b88e59b9b9a3f34a25c0ff,E4,202607224014,E4-STUDENT_T_DF4-T0.50,within_family_dependence_sweep,numpy_PCG64,202607224014,512,a3604e0069157e1d9f05c664c6876590533f65c3593eef3fa5f16a29fccc9987,student_t_df4,0.5,student_t_df5,0.3968429135836659,WITHIN_NAMED_FAMILY_ONLY; scalar tail dependence is not a cross-family order
CRR-STAGEII-CONFIRM-2026-07-22,21c5b970e734ed79636df2f3882d4d85460c5efa40b88e59b9b9a3f34a25c0ff,E4,202607224015,E4-CLAYTON-T0.00,within_family_dependence_sweep,numpy_PCG64,202607224015,512,2f517c6377cd6ff2e4b35e913016ddf2f390627e3940b725d3ab96a3c76fddc6,clayton,0.0,student_t_df5,0.0,WITHIN_NAMED_FAMILY_ONLY; scalar tail dependence is not a cross-family order
CRR-STAGEII-CONFIRM-2026-07-22,21c5b970e734ed79636df2f3882d4d85460c5efa40b88e59b9b9a3f34a25c0ff,E4,202607224015,E4-CLAYTON-T0.25,within_family_dependence_sweep,numpy_PCG64,202607224015,512,a625efe74b67819bd21d7e72361343aef6f6c02156dcdc3ac36889b16fcfaf7a,clayton,0.25,student_t_df5,0.3535533905932738,WITHIN_NAMED_FAMILY_ONLY; scalar tail dependence is not a cross-family order
CRR-STAGEII-CONFIRM-2026-07-22,21c5b970e734ed79636df2f3882d4d85460c5efa40b88e59b9b9a3f34a25c0ff,E4,202607224015,E4-CLAYTON-T0.50,within_family_dependence_sweep,numpy_PCG64,202607224015,512,0390ca8083d28842398c46eee18fa8ce6fdae16ae5f3497fec14a59195bcb4da,clayton,0.5,student_t_df5,0.7071067811865476,WITHIN_NAMED_FAMILY_ONLY; scalar tail dependence is not a cross-family order
CRR-STAGEII-CONFIRM-2026-07-22,21c5b970e734ed79636df2f3882d4d85460c5efa40b88e59b9b9a3f34a25c0ff,E4,202607224015,E4-EMPIRICAL_COPULA-TEMP,within_family_dependence_sweep,numpy_PCG64,202607224015,512,77c2217e8bfc56c8d128749d532e61f9e554eb9e06e49324f7a7b758ff159586,empirical_copula,,student_t_df5,0.4817708333333333,EMPIRICAL_COPULA_MODEL_SENSITIVITY_NOT_PARAMETRIC_ORDER
CRR-STAGEII-CONFIRM-2026-07-22,21c5b970e734ed79636df2f3882d4d85460c5efa40b88e59b9b9a3f34a25c0ff,E4,202607224015,E4-GAUSSIAN-T0.00,within_family_dependence_sweep,numpy_PCG64,202607224015,512,ff41cbe6d335ab82e246416f414bc80e926efbaffc1975360578b4bd1a933b2c,gaussian,0.0,student_t_df5,0.0,WITHIN_NAMED_FAMILY_ONLY; scalar tail dependence is not a cross-family order
CRR-STAGEII-CONFIRM-2026-07-22,21c5b970e734ed79636df2f3882d4d85460c5efa40b88e59b9b9a3f34a25c0ff,E4,202607224015,E4-GAUSSIAN-T0.25,within_family_dependence_sweep,numpy_PCG64,202607224015,512,f92b5e4512f4351203ec2fec8ba8f04838b22ff4b1d10889928ee3e6e40ed572,gaussian,0.25,student_t_df5,0.0,WITHIN_NAMED_FAMILY_ONLY; scalar tail dependence is not a cross-family order
CRR-STAGEII-CONFIRM-2026-07-22,21c5b970e734ed79636df2f3882d4d85460c5efa40b88e59b9b9a3f34a25c0ff,E4,202607224015,E4-GAUSSIAN-T0.50,within_family_dependence_sweep,numpy_PCG64,202607224015,512,91709e95a48652ab6e694dae52aab1a62a7b0dd068f88ad5ab844c76afc3ecc6,gaussian,0.5,student_t_df5,0.0,WITHIN_NAMED_FAMILY_ONLY; scalar tail dependence is not a cross-family order
CRR-STAGEII-CONFIRM-2026-07-22,21c5b970e734ed79636df2f3882d4d85460c5efa40b88e59b9b9a3f34a25c0ff,E4,202607224015,E4-STUDENT_T_DF4-T0.00,within_family_dependence_sweep,numpy_PCG64,202607224015,512,0c6e9c6188164e85b740f9dd5f1d247bc7bbf074672df496a1354eaca2f25775,student_t_df4,0.0,student_t_df5,0.0755868184216124,WITHIN_NAMED_FAMILY_ONLY; scalar tail dependence is not a cross-family order
CRR-STAGEII-CONFIRM-2026-07-22,21c5b970e734ed79636df2f3882d4d85460c5efa40b88e59b9b9a3f34a25c0ff,E4,202607224015,E4-STUDENT_T_DF4-T0.25,within_family_dependence_sweep,numpy_PCG64,202607224015,512,b1d5a1d2809eef620f09900c821a1c8fbd8600d278d2204ba65fe433fa1ad5a1,student_t_df4,0.25,student_t_df5,0.1953801683718518,WITHIN_NAMED_FAMILY_ONLY; scalar tail dependence is not a cross-family order
CRR-STAGEII-CONFIRM-2026-07-22,21c5b970e734ed79636df2f3882d4d85460c5efa40b88e59b9b9a3f34a25c0ff,E4,202607224015,E4-STUDENT_T_DF4-T0.50,within_family_dependence_sweep,numpy_PCG64,202607224015,512,8b28cf63320c6e07f664a556a1bac1eb040d78f3787db74f9bebc8bc79f936d8,student_t_df4,0.5,student_t_df5,0.3968429135836659,WITHIN_NAMED_FAMILY_ONLY; scalar tail dependence is not a cross-family order
CRR-STAGEII-CONFIRM-2026-07-22,21c5b970e734ed79636df2f3882d4d85460c5efa40b88e59b9b9a3f34a25c0ff,E4,202607224016,E4-CLAYTON-T0.00,within_family_dependence_sweep,numpy_PCG64,202607224016,512,6a85123ae6ef48044137efda022415d1ddab319541a037422912dbb498432b69,clayton,0.0,student_t_df5,0.0,WITHIN_NAMED_FAMILY_ONLY; scalar tail dependence is not a cross-family order
CRR-STAGEII-CONFIRM-2026-07-22,21c5b970e734ed79636df2f3882d4d85460c5efa40b88e59b9b9a3f34a25c0ff,E4,202607224016,E4-CLAYTON-T0.25,within_family_dependence_sweep,numpy_PCG64,202607224016,512,e7fd21a4d93156fca614cf3d05dea673d8b8de8fcb93fde83c77f0795dcfa14d,clayton,0.25,student_t_df5,0.3535533905932738,WITHIN_NAMED_FAMILY_ONLY; scalar tail dependence is not a cross-family order
CRR-STAGEII-CONFIRM-2026-07-22,21c5b970e734ed79636df2f3882d4d85460c5efa40b88e59b9b9a3f34a25c0ff,E4,202607224016,E4-CLAYTON-T0.50,within_family_dependence_sweep,numpy_PCG64,202607224016,512,9dbadef674eafd58df5ddab3b0ae1f9ae7efac80b3f92212b2bf6b9f53cd01d7,clayton,0.5,student_t_df5,0.7071067811865476,WITHIN_NAMED_FAMILY_ONLY; scalar tail dependence is not a cross-family order
CRR-STAGEII-CONFIRM-2026-07-22,21c5b970e734ed79636df2f3882d4d85460c5efa40b88e59b9b9a3f34a25c0ff,E4,202607224016,E4-EMPIRICAL_COPULA-TEMP,within_family_dependence_sweep,numpy_PCG64,202607224016,512,483f19fb56118d158860de56a98e80094a5a574b0ade0c20b67ac6bfdf5d8843,empirical_copula,,student_t_df5,0.8072916666666666,EMPIRICAL_COPULA_MODEL_SENSITIVITY_NOT_PARAMETRIC_ORDER
CRR-STAGEII-CONFIRM-2026-07-22,21c5b970e734ed79636df2f3882d4d85460c5efa40b88e59b9b9a3f34a25c0ff,E4,202607224016,E4-GAUSSIAN-T0.00,within_family_dependence_sweep,numpy_PCG64,202607224016,512,2ac5d856965c590aa1217dec301479cb4e366eda4588a6fa7915329cb92b5f56,gaussian,0.0,student_t_df5,0.0,WITHIN_NAMED_FAMILY_ONLY; scalar tail dependence is not a cross-family order
CRR-STAGEII-CONFIRM-2026-07-22,21c5b970e734ed79636df2f3882d4d85460c5efa40b88e59b9b9a3f34a25c0ff,E4,202607224016,E4-GAUSSIAN-T0.25,within_family_dependence_sweep,numpy_PCG64,202607224016,512,4cea8d4ff5852aa4d566dfabd4ebc64576f385dff903007f2dd21a3742a52273,gaussian,0.25,student_t_df5,0.0,WITHIN_NAMED_FAMILY_ONLY; scalar tail dependence is not a cross-family order
CRR-STAGEII-CONFIRM-2026-07-22,21c5b970e734ed79636df2f3882d4d85460c5efa40b88e59b9b9a3f34a25c0ff,E4,202607224016,E4-GAUSSIAN-T0.50,within_family_dependence_sweep,numpy_PCG64,202607224016,512,a85f7a934a3abcb0e8a8e7e4307b1668950e3c4b9870e0113037792a3d0532ff,gaussian,0.5,student_t_df5,0.0,WITHIN_NAMED_FAMILY_ONLY; scalar tail dependence is not a cross-family order
CRR-STAGEII-CONFIRM-2026-07-22,21c5b970e734ed79636df2f3882d4d85460c5efa40b88e59b9b9a3f34a25c0ff,E4,202607224016,E4-STUDENT_T_DF4-T0.00,within_family_dependence_sweep,numpy_PCG64,202607224016,512,fc77e7b9c9484308c3757597d11a533bcf79dce29f3d82d849bc9fa741b7e0ec,student_t_df4,0.0,student_t_df5,0.0755868184216124,WITHIN_NAMED_FAMILY_ONLY; scalar tail dependence is not a cross-family order
CRR-STAGEII-CONFIRM-2026-07-22,21c5b970e734ed79636df2f3882d4d85460c5efa40b88e59b9b9a3f34a25c0ff,E4,202607224016,E4-STUDENT_T_DF4-T0.25,within_family_dependence_sweep,numpy_PCG64,202607224016,512,416416cc7c13ed83bb96a9633f2e1d26bbe29e625e18b667e92da7e619a55c5c,student_t_df4,0.25,student_t_df5,0.1953801683718518,WITHIN_NAMED_FAMILY_ONLY; scalar tail dependence is not a cross-family order
CRR-STAGEII-CONFIRM-2026-07-22,21c5b970e734ed79636df2f3882d4d85460c5efa40b88e59b9b9a3f34a25c0ff,E4,202607224016,E4-STUDENT_T_DF4-T0.50,within_family_dependence_sweep,numpy_PCG64,202607224016,512,f4ac9b899227022005d25133d2c8860e0ff72d5e5271c4737187211eafbabdad,student_t_df4,0.5,student_t_df5,0.3968429135836659,WITHIN_NAMED_FAMILY_ONLY; scalar tail dependence is not a cross-family order
CRR-STAGEII-CONFIRM-2026-07-22,21c5b970e734ed79636df2f3882d4d85460c5efa40b88e59b9b9a3f34a25c0ff,E4,202607224017,E4-CLAYTON-T0.00,within_family_dependence_sweep,numpy_PCG64,202607224017,512,f25115dcd4f576c721492b42c058c4875d591ee17ce56c891f26b5073332237b,clayton,0.0,student_t_df5,0.0,WITHIN_NAMED_FAMILY_ONLY; scalar tail dependence is not a cross-family order
CRR-STAGEII-CONFIRM-2026-07-22,21c5b970e734ed79636df2f3882d4d85460c5efa40b88e59b9b9a3f34a25c0ff,E4,202607224017,E4-CLAYTON-T0.25,within_family_dependence_sweep,numpy_PCG64,202607224017,512,9eceacdc32a5e4f63d5df03b1002b554f992b8cdca6a268085dbcac63aa296ad,clayton,0.25,student_t_df5,0.3535533905932738,WITHIN_NAMED_FAMILY_ONLY; scalar tail dependence is not a cross-family order
CRR-STAGEII-CONFIRM-2026-07-22,21c5b970e734ed79636df2f3882d4d85460c5efa40b88e59b9b9a3f34a25c0ff,E4,202607224017,E4-CLAYTON-T0.50,within_family_dependence_sweep,numpy_PCG64,202607224017,512,18fb64ba08e17fdcc11f3a7c6eed531c6bb27da61c9b182bdda52149db5021d5,clayton,0.5,student_t_df5,0.7071067811865476,WITHIN_NAMED_FAMILY_ONLY; scalar tail dependence is not a cross-family order
CRR-STAGEII-CONFIRM-2026-07-22,21c5b970e734ed79636df2f3882d4d85460c5efa40b88e59b9b9a3f34a25c0ff,E4,202607224017,E4-EMPIRICAL_COPULA-TEMP,within_family_dependence_sweep,numpy_PCG64,202607224017,512,c0182307b3d7fe8be3a2b24f4609a080027114dd44c663f6a987ac18f763154e,empirical_copula,,student_t_df5,0.703125,EMPIRICAL_COPULA_MODEL_SENSITIVITY_NOT_PARAMETRIC_ORDER
CRR-STAGEII-CONFIRM-2026-07-22,21c5b970e734ed79636df2f3882d4d85460c5efa40b88e59b9b9a3f34a25c0ff,E4,202607224017,E4-GAUSSIAN-T0.00,within_family_dependence_sweep,numpy_PCG64,202607224017,512,183ab5fe9d51278822d508a2253d6d5183197aa5f0bef605be7107212b72e836,gaussian,0.0,student_t_df5,0.0,WITHIN_NAMED_FAMILY_ONLY; scalar tail dependence is not a cross-family order
CRR-STAGEII-CONFIRM-2026-07-22,21c5b970e734ed79636df2f3882d4d85460c5efa40b88e59b9b9a3f34a25c0ff,E4,202607224017,E4-GAUSSIAN-T0.25,within_family_dependence_sweep,numpy_PCG64,202607224017,512,ad438f0a04d7aa31b67d4e905f3f13f5e5511a8eccaacac7173a2010f91b962d,gaussian,0.25,student_t_df5,0.0,WITHIN_NAMED_FAMILY_ONLY; scalar tail dependence is not a cross-family order
CRR-STAGEII-CONFIRM-2026-07-22,21c5b970e734ed79636df2f3882d4d85460c5efa40b88e59b9b9a3f34a25c0ff,E4,202607224017,E4-GAUSSIAN-T0.50,within_family_dependence_sweep,numpy_PCG64,202607224017,512,9f3e6d677a58d32975c6da771dc34691f5963e66073dfdf98e57918f8f0dde98,gaussian,0.5,student_t_df5,0.0,WITHIN_NAMED_FAMILY_ONLY; scalar tail dependence is not a cross-family order
CRR-STAGEII-CONFIRM-2026-07-22,21c5b970e734ed79636df2f3882d4d85460c5efa40b88e59b9b9a3f34a25c0ff,E4,202607224017,E4-STUDENT_T_DF4-T0.00,within_family_dependence_sweep,numpy_PCG64,202607224017,512,6f5b0989a7c7f16dd64f80844af24df31879450904127ac8924dac243c0afcae,student_t_df4,0.0,student_t_df5,0.0755868184216124,WITHIN_NAMED_FAMILY_ONLY; scalar tail dependence is not a cross-family order
CRR-STAGEII-CONFIRM-2026-07-22,21c5b970e734ed79636df2f3882d4d85460c5efa40b88e59b9b9a3f34a25c0ff,E4,202607224017,E4-STUDENT_T_DF4-T0.25,within_family_dependence_sweep,numpy_PCG64,202607224017,512,1e1a1e7c7bb17307a67e0c784591ed1bdf99f3d697a60d7ddd6fa6b0399efcbe,student_t_df4,0.25,student_t_df5,0.1953801683718518,WITHIN_NAMED_FAMILY_ONLY; scalar tail dependence is not a cross-family order
CRR-STAGEII-CONFIRM-2026-07-22,21c5b970e734ed79636df2f3882d4d85460c5efa40b88e59b9b9a3f34a25c0ff,E4,202607224017,E4-STUDENT_T_DF4-T0.50,within_family_dependence_sweep,numpy_PCG64,202607224017,512,d998f185384c4a46401f36a50910915a62484c74af2c33833bb3288b8844b44e,student_t_df4,0.5,student_t_df5,0.3968429135836659,WITHIN_NAMED_FAMILY_ONLY; scalar tail dependence is not a cross-family order
CRR-STAGEII-CONFIRM-2026-07-22,21c5b970e734ed79636df2f3882d4d85460c5efa40b88e59b9b9a3f34a25c0ff,E4,202607224018,E4-CLAYTON-T0.00,within_family_dependence_sweep,numpy_PCG64,202607224018,512,b0b62516beda606b96f7af2e28fe39732128595602052774aa62ad0d91224500,clayton,0.0,student_t_df5,0.0,WITHIN_NAMED_FAMILY_ONLY; scalar tail dependence is not a cross-family order
CRR-STAGEII-CONFIRM-2026-07-22,21c5b970e734ed79636df2f3882d4d85460c5efa40b88e59b9b9a3f34a25c0ff,E4,202607224018,E4-CLAYTON-T0.25,within_family_dependence_sweep,numpy_PCG64,202607224018,512,6dd7dc4c822661c84b81ddff41c954e6c920b23584297e2881d0c5212de3ebd9,clayton,0.25,student_t_df5,0.3535533905932738,WITHIN_NAMED_FAMILY_ONLY; scalar tail dependence is not a cross-family order
CRR-STAGEII-CONFIRM-2026-07-22,21c5b970e734ed79636df2f3882d4d85460c5efa40b88e59b9b9a3f34a25c0ff,E4,202607224018,E4-CLAYTON-T0.50,within_family_dependence_sweep,numpy_PCG64,202607224018,512,4c7f4936512a78f11366bf8bb6b7c28d0f4e62ba9cb19d8d0e4ae485e6d4f4d5,clayton,0.5,student_t_df5,0.7071067811865476,WITHIN_NAMED_FAMILY_ONLY; scalar tail dependence is not a cross-family order
CRR-STAGEII-CONFIRM-2026-07-22,21c5b970e734ed79636df2f3882d4d85460c5efa40b88e59b9b9a3f34a25c0ff,E4,202607224018,E4-EMPIRICAL_COPULA-TEMP,within_family_dependence_sweep,numpy_PCG64,202607224018,512,086f7f90013372cfd08c1ed1397f79ca09751942576cc99e10e028fb741e3e15,empirical_copula,,student_t_df5,0.5403645833333334,EMPIRICAL_COPULA_MODEL_SENSITIVITY_NOT_PARAMETRIC_ORDER
CRR-STAGEII-CONFIRM-2026-07-22,21c5b970e734ed79636df2f3882d4d85460c5efa40b88e59b9b9a3f34a25c0ff,E4,202607224018,E4-GAUSSIAN-T0.00,within_family_dependence_sweep,numpy_PCG64,202607224018,512,25f55e1e35ae731cac1f4908efe4a5e2bce0fa0eb7958ef726ebe4e969e67260,gaussian,0.0,student_t_df5,0.0,WITHIN_NAMED_FAMILY_ONLY; scalar tail dependence is not a cross-family order
CRR-STAGEII-CONFIRM-2026-07-22,21c5b970e734ed79636df2f3882d4d85460c5efa40b88e59b9b9a3f34a25c0ff,E4,202607224018,E4-GAUSSIAN-T0.25,within_family_dependence_sweep,numpy_PCG64,202607224018,512,faae24966558940c2b235964190d6aa04d86cddaedfa3d37728bdd1455d3f3fd,gaussian,0.25,student_t_df5,0.0,WITHIN_NAMED_FAMILY_ONLY; scalar tail dependence is not a cross-family order
CRR-STAGEII-CONFIRM-2026-07-22,21c5b970e734ed79636df2f3882d4d85460c5efa40b88e59b9b9a3f34a25c0ff,E4,202607224018,E4-GAUSSIAN-T0.50,within_family_dependence_sweep,numpy_PCG64,202607224018,512,53ba7a6017a8987860b71d2ecb2c89950fbafa0c367ef1b9bf4027c190cba778,gaussian,0.5,student_t_df5,0.0,WITHIN_NAMED_FAMILY_ONLY; scalar tail dependence is not a cross-family order
CRR-STAGEII-CONFIRM-2026-07-22,21c5b970e734ed79636df2f3882d4d85460c5efa40b88e59b9b9a3f34a25c0ff,E4,202607224018,E4-STUDENT_T_DF4-T0.00,within_family_dependence_sweep,numpy_PCG64,202607224018,512,1e86ceadd3f95927e542533e4a5d307b03e811ff40ca9c19c3b06e0fbe7e3b56,student_t_df4,0.0,student_t_df5,0.0755868184216124,WITHIN_NAMED_FAMILY_ONLY; scalar tail dependence is not a cross-family order
CRR-STAGEII-CONFIRM-2026-07-22,21c5b970e734ed79636df2f3882d4d85460c5efa40b88e59b9b9a3f34a25c0ff,E4,202607224018,E4-STUDENT_T_DF4-T0.25,within_family_dependence_sweep,numpy_PCG64,202607224018,512,7fc9e430311bb979bbd8289e7a0ae0587e606cab9f571f7be45c0815f86b0ffd,student_t_df4,0.25,student_t_df5,0.1953801683718518,WITHIN_NAMED_FAMILY_ONLY; scalar tail dependence is not a cross-family order
CRR-STAGEII-CONFIRM-2026-07-22,21c5b970e734ed79636df2f3882d4d85460c5efa40b88e59b9b9a3f34a25c0ff,E4,202607224018,E4-STUDENT_T_DF4-T0.50,within_family_dependence_sweep,numpy_PCG64,202607224018,512,541d123d8c5adcea19766d5dd93789f3cae0e0c797c6cf6530d43baad0266826,student_t_df4,0.5,student_t_df5,0.3968429135836659,WITHIN_NAMED_FAMILY_ONLY; scalar tail dependence is not a cross-family order
CRR-STAGEII-CONFIRM-2026-07-22,21c5b970e734ed79636df2f3882d4d85460c5efa40b88e59b9b9a3f34a25c0ff,E4,202607224019,E4-CLAYTON-T0.00,within_family_dependence_sweep,numpy_PCG64,202607224019,512,7a937a7f63041bb7914c3b01a864c66d2f3c1f11a22c79096e5c66dd59dc6c17,clayton,0.0,student_t_df5,0.0,WITHIN_NAMED_FAMILY_ONLY; scalar tail dependence is not a cross-family order
CRR-STAGEII-CONFIRM-2026-07-22,21c5b970e734ed79636df2f3882d4d85460c5efa40b88e59b9b9a3f34a25c0ff,E4,202607224019,E4-CLAYTON-T0.25,within_family_dependence_sweep,numpy_PCG64,202607224019,512,c8dbc00a290b56302c213d0ae7c5fd9f0ab8f6c975a7e32b72d79a47bd1dd6e1,clayton,0.25,student_t_df5,0.3535533905932738,WITHIN_NAMED_FAMILY_ONLY; scalar tail dependence is not a cross-family order
CRR-STAGEII-CONFIRM-2026-07-22,21c5b970e734ed79636df2f3882d4d85460c5efa40b88e59b9b9a3f34a25c0ff,E4,202607224019,E4-CLAYTON-T0.50,within_family_dependence_sweep,numpy_PCG64,202607224019,512,5bf7eb69a0df2d86a9ac518f2a8248b0de57163aa2aab03cbc056da8c51ebb58,clayton,0.5,student_t_df5,0.7071067811865476,WITHIN_NAMED_FAMILY_ONLY; scalar tail dependence is not a cross-family order
CRR-STAGEII-CONFIRM-2026-07-22,21c5b970e734ed79636df2f3882d4d85460c5efa40b88e59b9b9a3f34a25c0ff,E4,202607224019,E4-EMPIRICAL_COPULA-TEMP,within_family_dependence_sweep,numpy_PCG64,202607224019,512,4aec9fd0983a3ab07e0a616211a20aab6a9f72cd689dd06cec6f51f34b5389ba,empirical_copula,,student_t_df5,0.4817708333333333,EMPIRICAL_COPULA_MODEL_SENSITIVITY_NOT_PARAMETRIC_ORDER
CRR-STAGEII-CONFIRM-2026-07-22,21c5b970e734ed79636df2f3882d4d85460c5efa40b88e59b9b9a3f34a25c0ff,E4,202607224019,E4-GAUSSIAN-T0.00,within_family_dependence_sweep,numpy_PCG64,202607224019,512,fb58cf755d7914e3c547d7287be0ce66024fc4c4988a9d30acf275f07e27fcf6,gaussian,0.0,student_t_df5,0.0,WITHIN_NAMED_FAMILY_ONLY; scalar tail dependence is not a cross-family order
CRR-STAGEII-CONFIRM-2026-07-22,21c5b970e734ed79636df2f3882d4d85460c5efa40b88e59b9b9a3f34a25c0ff,E4,202607224019,E4-GAUSSIAN-T0.25,within_family_dependence_sweep,numpy_PCG64,202607224019,512,58fcb07c912dea6f23aff62c3e0113437a49003edb121338c72d47d0504e484b,gaussian,0.25,student_t_df5,0.0,WITHIN_NAMED_FAMILY_ONLY; scalar tail dependence is not a cross-family order
CRR-STAGEII-CONFIRM-2026-07-22,21c5b970e734ed79636df2f3882d4d85460c5efa40b88e59b9b9a3f34a25c0ff,E4,202607224019,E4-GAUSSIAN-T0.50,within_family_dependence_sweep,numpy_PCG64,202607224019,512,4cb25b073a78a53ad51b8c59f6520c249af4974b04cbe169c1932ca5a2cb0c67,gaussian,0.5,student_t_df5,0.0,WITHIN_NAMED_FAMILY_ONLY; scalar tail dependence is not a cross-family order
CRR-STAGEII-CONFIRM-2026-07-22,21c5b970e734ed79636df2f3882d4d85460c5efa40b88e59b9b9a3f34a25c0ff,E4,202607224019,E4-STUDENT_T_DF4-T0.00,within_family_dependence_sweep,numpy_PCG64,202607224019,512,027058da13e26b7fb5de89346f46b376ae9f178b28affd0ad5ce6660d1b646a9,student_t_df4,0.0,student_t_df5,0.0755868184216124,WITHIN_NAMED_FAMILY_ONLY; scalar tail dependence is not a cross-family order
CRR-STAGEII-CONFIRM-2026-07-22,21c5b970e734ed79636df2f3882d4d85460c5efa40b88e59b9b9a3f34a25c0ff,E4,202607224019,E4-STUDENT_T_DF4-T0.25,within_family_dependence_sweep,numpy_PCG64,202607224019,512,6c0d1210810b45f35f6278cd0b98540d76e950f5c8f4c4df66820dfc785910db,student_t_df4,0.25,student_t_df5,0.1953801683718518,WITHIN_NAMED_FAMILY_ONLY; scalar tail dependence is not a cross-family order
CRR-STAGEII-CONFIRM-2026-07-22,21c5b970e734ed79636df2f3882d4d85460c5efa40b88e59b9b9a3f34a25c0ff,E4,202607224019,E4-STUDENT_T_DF4-T0.50,within_family_dependence_sweep,numpy_PCG64,202607224019,512,0d6904d69537873344ebf4ceb7d60dbd1507a7028fff877a348f75c2b1423bb3,student_t_df4,0.5,student_t_df5,0.3968429135836659,WITHIN_NAMED_FAMILY_ONLY; scalar tail dependence is not a cross-family order
CRR-STAGEII-CONFIRM-2026-07-22,21c5b970e734ed79636df2f3882d4d85460c5efa40b88e59b9b9a3f34a25c0ff,E4,202607224020,E4-CLAYTON-T0.00,within_family_dependence_sweep,numpy_PCG64,202607224020,512,37f5bac50d68bc0a0e62aad52b0622e13b02415a04886024f361dd189b9835ed,clayton,0.0,student_t_df5,0.0,WITHIN_NAMED_FAMILY_ONLY; scalar tail dependence is not a cross-family order
CRR-STAGEII-CONFIRM-2026-07-22,21c5b970e734ed79636df2f3882d4d85460c5efa40b88e59b9b9a3f34a25c0ff,E4,202607224020,E4-CLAYTON-T0.25,within_family_dependence_sweep,numpy_PCG64,202607224020,512,31d176d9d809edf2dce797b34b7e54de8fbf23b4efc3be79991c623fd2bbe8cf,clayton,0.25,student_t_df5,0.3535533905932738,WITHIN_NAMED_FAMILY_ONLY; scalar tail dependence is not a cross-family order
CRR-STAGEII-CONFIRM-2026-07-22,21c5b970e734ed79636df2f3882d4d85460c5efa40b88e59b9b9a3f34a25c0ff,E4,202607224020,E4-CLAYTON-T0.50,within_family_dependence_sweep,numpy_PCG64,202607224020,512,b0545099f7f78a1bac8977275b1c9b29c598758abd7352f17e131be2b5190a02,clayton,0.5,student_t_df5,0.7071067811865476,WITHIN_NAMED_FAMILY_ONLY; scalar tail dependence is not a cross-family order
CRR-STAGEII-CONFIRM-2026-07-22,21c5b970e734ed79636df2f3882d4d85460c5efa40b88e59b9b9a3f34a25c0ff,E4,202607224020,E4-EMPIRICAL_COPULA-TEMP,within_family_dependence_sweep,numpy_PCG64,202607224020,512,9b0a66ec6fb3643baa05eeb862de19798b34799a241accd2be2fa5c0a9e1966b,empirical_copula,,student_t_df5,0.5924479166666666,EMPIRICAL_COPULA_MODEL_SENSITIVITY_NOT_PARAMETRIC_ORDER
CRR-STAGEII-CONFIRM-2026-07-22,21c5b970e734ed79636df2f3882d4d85460c5efa40b88e59b9b9a3f34a25c0ff,E4,202607224020,E4-GAUSSIAN-T0.00,within_family_dependence_sweep,numpy_PCG64,202607224020,512,1deb233372ffd04c8187fbda3b93c843e466373034cd25e07b1c1352e16d6ef3,gaussian,0.0,student_t_df5,0.0,WITHIN_NAMED_FAMILY_ONLY; scalar tail dependence is not a cross-family order
CRR-STAGEII-CONFIRM-2026-07-22,21c5b970e734ed79636df2f3882d4d85460c5efa40b88e59b9b9a3f34a25c0ff,E4,202607224020,E4-GAUSSIAN-T0.25,within_family_dependence_sweep,numpy_PCG64,202607224020,512,338d6702fbe598c591bbb567d572b614f6a80f7af176d6a2dd2b3a21ec797884,gaussian,0.25,student_t_df5,0.0,WITHIN_NAMED_FAMILY_ONLY; scalar tail dependence is not a cross-family order
CRR-STAGEII-CONFIRM-2026-07-22,21c5b970e734ed79636df2f3882d4d85460c5efa40b88e59b9b9a3f34a25c0ff,E4,202607224020,E4-GAUSSIAN-T0.50,within_family_dependence_sweep,numpy_PCG64,202607224020,512,a09e834b219fcb4bb97499767ac598d8f8834555584760047eca58d3600ac010,gaussian,0.5,student_t_df5,0.0,WITHIN_NAMED_FAMILY_ONLY; scalar tail dependence is not a cross-family order
CRR-STAGEII-CONFIRM-2026-07-22,21c5b970e734ed79636df2f3882d4d85460c5efa40b88e59b9b9a3f34a25c0ff,E4,202607224020,E4-STUDENT_T_DF4-T0.00,within_family_dependence_sweep,numpy_PCG64,202607224020,512,0e6b5fa4894b22d032b411947e0b9b15ca3d1a2bb0a4ca545a3ec925221f4440,student_t_df4,0.0,student_t_df5,0.0755868184216124,WITHIN_NAMED_FAMILY_ONLY; scalar tail dependence is not a cross-family order
CRR-STAGEII-CONFIRM-2026-07-22,21c5b970e734ed79636df2f3882d4d85460c5efa40b88e59b9b9a3f34a25c0ff,E4,202607224020,E4-STUDENT_T_DF4-T0.25,within_family_dependence_sweep,numpy_PCG64,202607224020,512,dec885f22f26d98a10eeb05d8c8cf698c497c85fda84f12d89a74d4275e1bb90,student_t_df4,0.25,student_t_df5,0.1953801683718518,WITHIN_NAMED_FAMILY_ONLY; scalar tail dependence is not a cross-family order
CRR-STAGEII-CONFIRM-2026-07-22,21c5b970e734ed79636df2f3882d4d85460c5efa40b88e59b9b9a3f34a25c0ff,E4,202607224020,E4-STUDENT_T_DF4-T0.50,within_family_dependence_sweep,numpy_PCG64,202607224020,512,c1cd5c7d221c648d3c9eee247e29a92fadfecce8e513dafe8a263a20eda667ee,student_t_df4,0.5,student_t_df5,0.3968429135836659,WITHIN_NAMED_FAMILY_ONLY; scalar tail dependence is not a cross-family order
CRR-STAGEII-CONFIRM-2026-07-22,21c5b970e734ed79636df2f3882d4d85460c5efa40b88e59b9b9a3f34a25c0ff,E4,202607224021,E4-CLAYTON-T0.00,within_family_dependence_sweep,numpy_PCG64,202607224021,512,967541fd3dc9a135310c7cd34a002f7fd421c7e5c19d0852a857986e609acfb5,clayton,0.0,student_t_df5,0.0,WITHIN_NAMED_FAMILY_ONLY; scalar tail dependence is not a cross-family order
CRR-STAGEII-CONFIRM-2026-07-22,21c5b970e734ed79636df2f3882d4d85460c5efa40b88e59b9b9a3f34a25c0ff,E4,202607224021,E4-CLAYTON-T0.25,within_family_dependence_sweep,numpy_PCG64,202607224021,512,60049f79d8c087d591dcf8121ef88f1a96c5bd772799b36aaf0b04b2806ec41a,clayton,0.25,student_t_df5,0.3535533905932738,WITHIN_NAMED_FAMILY_ONLY; scalar tail dependence is not a cross-family order
CRR-STAGEII-CONFIRM-2026-07-22,21c5b970e734ed79636df2f3882d4d85460c5efa40b88e59b9b9a3f34a25c0ff,E4,202607224021,E4-CLAYTON-T0.50,within_family_dependence_sweep,numpy_PCG64,202607224021,512,b5c1a0cf5ed92e411f665b587f9f818137d97e432ec8bbe8b470e730651deb2e,clayton,0.5,student_t_df5,0.7071067811865476,WITHIN_NAMED_FAMILY_ONLY; scalar tail dependence is not a cross-family order
CRR-STAGEII-CONFIRM-2026-07-22,21c5b970e734ed79636df2f3882d4d85460c5efa40b88e59b9b9a3f34a25c0ff,E4,202607224021,E4-EMPIRICAL_COPULA-TEMP,within_family_dependence_sweep,numpy_PCG64,202607224021,512,84a59cc51354d36794f75471824585bec059cdd2a43f26f7208b058b82d84c10,empirical_copula,,student_t_df5,0.6770833333333334,EMPIRICAL_COPULA_MODEL_SENSITIVITY_NOT_PARAMETRIC_ORDER
CRR-STAGEII-CONFIRM-2026-07-22,21c5b970e734ed79636df2f3882d4d85460c5efa40b88e59b9b9a3f34a25c0ff,E4,202607224021,E4-GAUSSIAN-T0.00,within_family_dependence_sweep,numpy_PCG64,202607224021,512,711a7283c01bbf200f901398f0d0ed5c2eff440e5a3ae5a0978b92a44eb047f1,gaussian,0.0,student_t_df5,0.0,WITHIN_NAMED_FAMILY_ONLY; scalar tail dependence is not a cross-family order
CRR-STAGEII-CONFIRM-2026-07-22,21c5b970e734ed79636df2f3882d4d85460c5efa40b88e59b9b9a3f34a25c0ff,E4,202607224021,E4-GAUSSIAN-T0.25,within_family_dependence_sweep,numpy_PCG64,202607224021,512,c50606165f0ade2250784ac95370e626b460b1b207e968261c0f88048f8e4b6d,gaussian,0.25,student_t_df5,0.0,WITHIN_NAMED_FAMILY_ONLY; scalar tail dependence is not a cross-family order
CRR-STAGEII-CONFIRM-2026-07-22,21c5b970e734ed79636df2f3882d4d85460c5efa40b88e59b9b9a3f34a25c0ff,E4,202607224021,E4-GAUSSIAN-T0.50,within_family_dependence_sweep,numpy_PCG64,202607224021,512,f6c3786f4eb606c8eec50b3fb250faa3fd8297a575cd87bbf1922368ac3a037d,gaussian,0.5,student_t_df5,0.0,WITHIN_NAMED_FAMILY_ONLY; scalar tail dependence is not a cross-family order
CRR-STAGEII-CONFIRM-2026-07-22,21c5b970e734ed79636df2f3882d4d85460c5efa40b88e59b9b9a3f34a25c0ff,E4,202607224021,E4-STUDENT_T_DF4-T0.00,within_family_dependence_sweep,numpy_PCG64,202607224021,512,e543e5e84b5fa5e0bb84b4e942e1849632d7c3e6dd14c320f4e6149fde15a434,student_t_df4,0.0,student_t_df5,0.0755868184216124,WITHIN_NAMED_FAMILY_ONLY; scalar tail dependence is not a cross-family order
CRR-STAGEII-CONFIRM-2026-07-22,21c5b970e734ed79636df2f3882d4d85460c5efa40b88e59b9b9a3f34a25c0ff,E4,202607224021,E4-STUDENT_T_DF4-T0.25,within_family_dependence_sweep,numpy_PCG64,202607224021,512,bd091138062b6b89b90926df5efde93987488a98a619cdf1707f61e4ac85c37b,student_t_df4,0.25,student_t_df5,0.1953801683718518,WITHIN_NAMED_FAMILY_ONLY; scalar tail dependence is not a cross-family order
CRR-STAGEII-CONFIRM-2026-07-22,21c5b970e734ed79636df2f3882d4d85460c5efa40b88e59b9b9a3f34a25c0ff,E4,202607224021,E4-STUDENT_T_DF4-T0.50,within_family_dependence_sweep,numpy_PCG64,202607224021,512,2f4b3418dff2c025a90986d39eeece1728dcc28508769565bc73d5f9d454fb6b,student_t_df4,0.5,student_t_df5,0.3968429135836659,WITHIN_NAMED_FAMILY_ONLY; scalar tail dependence is not a cross-family order
CRR-STAGEII-CONFIRM-2026-07-22,21c5b970e734ed79636df2f3882d4d85460c5efa40b88e59b9b9a3f34a25c0ff,E4,202607224022,E4-CLAYTON-T0.00,within_family_dependence_sweep,numpy_PCG64,202607224022,512,d23f414746ab5cc79845d63dfd05da54b0bb400a26b75de0ab89acf99458abd9,clayton,0.0,student_t_df5,0.0,WITHIN_NAMED_FAMILY_ONLY; scalar tail dependence is not a cross-family order
CRR-STAGEII-CONFIRM-2026-07-22,21c5b970e734ed79636df2f3882d4d85460c5efa40b88e59b9b9a3f34a25c0ff,E4,202607224022,E4-CLAYTON-T0.25,within_family_dependence_sweep,numpy_PCG64,202607224022,512,4edec1ec0e16a99a6e4a45677ef99443670df747674bf6b46a89b59448b28ab7,clayton,0.25,student_t_df5,0.3535533905932738,WITHIN_NAMED_FAMILY_ONLY; scalar tail dependence is not a cross-family order
CRR-STAGEII-CONFIRM-2026-07-22,21c5b970e734ed79636df2f3882d4d85460c5efa40b88e59b9b9a3f34a25c0ff,E4,202607224022,E4-CLAYTON-T0.50,within_family_dependence_sweep,numpy_PCG64,202607224022,512,320aa2339568b76239aab8f5a0caa3c8629273650f9ddbabbf9576ea5ccd1907,clayton,0.5,student_t_df5,0.7071067811865476,WITHIN_NAMED_FAMILY_ONLY; scalar tail dependence is not a cross-family order
CRR-STAGEII-CONFIRM-2026-07-22,21c5b970e734ed79636df2f3882d4d85460c5efa40b88e59b9b9a3f34a25c0ff,E4,202607224022,E4-EMPIRICAL_COPULA-TEMP,within_family_dependence_sweep,numpy_PCG64,202607224022,512,f6e3455f433eb11b3523b7a7b7159ee3b2a0d11e229563336ddd277bb8375ec0,empirical_copula,,student_t_df5,0.7747395833333334,EMPIRICAL_COPULA_MODEL_SENSITIVITY_NOT_PARAMETRIC_ORDER
CRR-STAGEII-CONFIRM-2026-07-22,21c5b970e734ed79636df2f3882d4d85460c5efa40b88e59b9b9a3f34a25c0ff,E4,202607224022,E4-GAUSSIAN-T0.00,within_family_dependence_sweep,numpy_PCG64,202607224022,512,d4556b82fad81ed1160ce43d0e3f4be450cf57e1a273431c28755ea285b40f4b,gaussian,0.0,student_t_df5,0.0,WITHIN_NAMED_FAMILY_ONLY; scalar tail dependence is not a cross-family order
CRR-STAGEII-CONFIRM-2026-07-22,21c5b970e734ed79636df2f3882d4d85460c5efa40b88e59b9b9a3f34a25c0ff,E4,202607224022,E4-GAUSSIAN-T0.25,within_family_dependence_sweep,numpy_PCG64,202607224022,512,c0d9247d53363d90551d1f78f45b72731d43a9a015e9aeaed84eb80cb79cfd91,gaussian,0.25,student_t_df5,0.0,WITHIN_NAMED_FAMILY_ONLY; scalar tail dependence is not a cross-family order
CRR-STAGEII-CONFIRM-2026-07-22,21c5b970e734ed79636df2f3882d4d85460c5efa40b88e59b9b9a3f34a25c0ff,E4,202607224022,E4-GAUSSIAN-T0.50,within_family_dependence_sweep,numpy_PCG64,202607224022,512,faa8c5c9a76ccc817c282da632fd0e574a48b88b1c455f632fe59e98a483c402,gaussian,0.5,student_t_df5,0.0,WITHIN_NAMED_FAMILY_ONLY; scalar tail dependence is not a cross-family order
CRR-STAGEII-CONFIRM-2026-07-22,21c5b970e734ed79636df2f3882d4d85460c5efa40b88e59b9b9a3f34a25c0ff,E4,202607224022,E4-STUDENT_T_DF4-T0.00,within_family_dependence_sweep,numpy_PCG64,202607224022,512,b8e3f16fb3175df43063399cc4a77ece1cb071a2b792f0b9f3bd603cd959c1a8,student_t_df4,0.0,student_t_df5,0.0755868184216124,WITHIN_NAMED_FAMILY_ONLY; scalar tail dependence is not a cross-family order
CRR-STAGEII-CONFIRM-2026-07-22,21c5b970e734ed79636df2f3882d4d85460c5efa40b88e59b9b9a3f34a25c0ff,E4,202607224022,E4-STUDENT_T_DF4-T0.25,within_family_dependence_sweep,numpy_PCG64,202607224022,512,72ae2d5e867933a0348e6159c0e80d076c9a5685d9130c72c941901d76c07a4b,student_t_df4,0.25,student_t_df5,0.1953801683718518,WITHIN_NAMED_FAMILY_ONLY; scalar tail dependence is not a cross-family order
CRR-STAGEII-CONFIRM-2026-07-22,21c5b970e734ed79636df2f3882d4d85460c5efa40b88e59b9b9a3f34a25c0ff,E4,202607224022,E4-STUDENT_T_DF4-T0.50,within_family_dependence_sweep,numpy_PCG64,202607224022,512,35fbc1723bdc164fa259b6a7c1dc364a72e528915a6215e91f5baacd33d86df1,student_t_df4,0.5,student_t_df5,0.3968429135836659,WITHIN_NAMED_FAMILY_ONLY; scalar tail dependence is not a cross-family order
CRR-STAGEII-CONFIRM-2026-07-22,21c5b970e734ed79636df2f3882d4d85460c5efa40b88e59b9b9a3f34a25c0ff,E4,202607224023,E4-CLAYTON-T0.00,within_family_dependence_sweep,numpy_PCG64,202607224023,512,a3ca5277d8486c290b3180c2ceb50beb43a7846d695306732e90848d1439ec11,clayton,0.0,student_t_df5,0.0,WITHIN_NAMED_FAMILY_ONLY; scalar tail dependence is not a cross-family order
CRR-STAGEII-CONFIRM-2026-07-22,21c5b970e734ed79636df2f3882d4d85460c5efa40b88e59b9b9a3f34a25c0ff,E4,202607224023,E4-CLAYTON-T0.25,within_family_dependence_sweep,numpy_PCG64,202607224023,512,da7b1df6d0122621885205c2aa7310881c5f065adb01d369929dd469426e52a7,clayton,0.25,student_t_df5,0.3535533905932738,WITHIN_NAMED_FAMILY_ONLY; scalar tail dependence is not a cross-family order
CRR-STAGEII-CONFIRM-2026-07-22,21c5b970e734ed79636df2f3882d4d85460c5efa40b88e59b9b9a3f34a25c0ff,E4,202607224023,E4-CLAYTON-T0.50,within_family_dependence_sweep,numpy_PCG64,202607224023,512,b395e5bf301ee743d815e75f8d9a51a810e264ecfc8e7acf5514a66e8b7aebd7,clayton,0.5,student_t_df5,0.7071067811865476,WITHIN_NAMED_FAMILY_ONLY; scalar tail dependence is not a cross-family order
CRR-STAGEII-CONFIRM-2026-07-22,21c5b970e734ed79636df2f3882d4d85460c5efa40b88e59b9b9a3f34a25c0ff,E4,202607224023,E4-EMPIRICAL_COPULA-TEMP,within_family_dependence_sweep,numpy_PCG64,202607224023,512,8bde9a5afedca4b3bcfbd51bfa785e4e5cd5c371e17eaec92c4314bfe8c6fc2a,empirical_copula,,student_t_df5,0.546875,EMPIRICAL_COPULA_MODEL_SENSITIVITY_NOT_PARAMETRIC_ORDER
CRR-STAGEII-CONFIRM-2026-07-22,21c5b970e734ed79636df2f3882d4d85460c5efa40b88e59b9b9a3f34a25c0ff,E4,202607224023,E4-GAUSSIAN-T0.00,within_family_dependence_sweep,numpy_PCG64,202607224023,512,a971709ff4a40c7df8a1d2fd77b98cc212f8ce152ea334eb3f5e13c1aac439fb,gaussian,0.0,student_t_df5,0.0,WITHIN_NAMED_FAMILY_ONLY; scalar tail dependence is not a cross-family order
CRR-STAGEII-CONFIRM-2026-07-22,21c5b970e734ed79636df2f3882d4d85460c5efa40b88e59b9b9a3f34a25c0ff,E4,202607224023,E4-GAUSSIAN-T0.25,within_family_dependence_sweep,numpy_PCG64,202607224023,512,56eaa3498d8044fff280349a25d73e6acd90bd3add4dc5f85fee74e216e366ef,gaussian,0.25,student_t_df5,0.0,WITHIN_NAMED_FAMILY_ONLY; scalar tail dependence is not a cross-family order
CRR-STAGEII-CONFIRM-2026-07-22,21c5b970e734ed79636df2f3882d4d85460c5efa40b88e59b9b9a3f34a25c0ff,E4,202607224023,E4-GAUSSIAN-T0.50,within_family_dependence_sweep,numpy_PCG64,202607224023,512,fa38d08fba4eaa8877259b40a1160077458bd3febb23d1495d2cd6c30db195e0,gaussian,0.5,student_t_df5,0.0,WITHIN_NAMED_FAMILY_ONLY; scalar tail dependence is not a cross-family order
CRR-STAGEII-CONFIRM-2026-07-22,21c5b970e734ed79636df2f3882d4d85460c5efa40b88e59b9b9a3f34a25c0ff,E4,202607224023,E4-STUDENT_T_DF4-T0.00,within_family_dependence_sweep,numpy_PCG64,202607224023,512,b06bbca017fee4813338685fcf42810562d67f3b14d93a07acf776f5de50a696,student_t_df4,0.0,student_t_df5,0.0755868184216124,WITHIN_NAMED_FAMILY_ONLY; scalar tail dependence is not a cross-family order
CRR-STAGEII-CONFIRM-2026-07-22,21c5b970e734ed79636df2f3882d4d85460c5efa40b88e59b9b9a3f34a25c0ff,E4,202607224023,E4-STUDENT_T_DF4-T0.25,within_family_dependence_sweep,numpy_PCG64,202607224023,512,1638fc1f973524df2f7ad33ea91ed951b5de62c2ee703a6d803cd3b6f9590669,student_t_df4,0.25,student_t_df5,0.1953801683718518,WITHIN_NAMED_FAMILY_ONLY; scalar tail dependence is not a cross-family order
CRR-STAGEII-CONFIRM-2026-07-22,21c5b970e734ed79636df2f3882d4d85460c5efa40b88e59b9b9a3f34a25c0ff,E4,202607224023,E4-STUDENT_T_DF4-T0.50,within_family_dependence_sweep,numpy_PCG64,202607224023,512,ef5b709ac20c07ddbb6e610f81fbd826d06666e5fa2d174a2ed7c681017fd8ee,student_t_df4,0.5,student_t_df5,0.3968429135836659,WITHIN_NAMED_FAMILY_ONLY; scalar tail dependence is not a cross-family order
CRR-STAGEII-CONFIRM-2026-07-22,21c5b970e734ed79636df2f3882d4d85460c5efa40b88e59b9b9a3f34a25c0ff,E4,202607224024,E4-CLAYTON-T0.00,within_family_dependence_sweep,numpy_PCG64,202607224024,512,bbd27862f54a6ce3a2281861a5588392342abfe985fb54576bc17198263b1084,clayton,0.0,student_t_df5,0.0,WITHIN_NAMED_FAMILY_ONLY; scalar tail dependence is not a cross-family order
CRR-STAGEII-CONFIRM-2026-07-22,21c5b970e734ed79636df2f3882d4d85460c5efa40b88e59b9b9a3f34a25c0ff,E4,202607224024,E4-CLAYTON-T0.25,within_family_dependence_sweep,numpy_PCG64,202607224024,512,9dc3707b31941731740b179aa5fce7876a05ee259429aff3a87aa54851d2c4c7,clayton,0.25,student_t_df5,0.3535533905932738,WITHIN_NAMED_FAMILY_ONLY; scalar tail dependence is not a cross-family order
CRR-STAGEII-CONFIRM-2026-07-22,21c5b970e734ed79636df2f3882d4d85460c5efa40b88e59b9b9a3f34a25c0ff,E4,202607224024,E4-CLAYTON-T0.50,within_family_dependence_sweep,numpy_PCG64,202607224024,512,886d0ded1d963c6eda9ec91507183ccb854c7539017972b5d343334a618f11b9,clayton,0.5,student_t_df5,0.7071067811865476,WITHIN_NAMED_FAMILY_ONLY; scalar tail dependence is not a cross-family order
CRR-STAGEII-CONFIRM-2026-07-22,21c5b970e734ed79636df2f3882d4d85460c5efa40b88e59b9b9a3f34a25c0ff,E4,202607224024,E4-EMPIRICAL_COPULA-TEMP,within_family_dependence_sweep,numpy_PCG64,202607224024,512,514767099b8fd188e8ee79f228e79748a7a05646f7093d878885c00b7cd9f679,empirical_copula,,student_t_df5,0.72265625,EMPIRICAL_COPULA_MODEL_SENSITIVITY_NOT_PARAMETRIC_ORDER
CRR-STAGEII-CONFIRM-2026-07-22,21c5b970e734ed79636df2f3882d4d85460c5efa40b88e59b9b9a3f34a25c0ff,E4,202607224024,E4-GAUSSIAN-T0.00,within_family_dependence_sweep,numpy_PCG64,202607224024,512,2d2c1b77f7d7370c299bc4b11b0a6a079e14cf9a9d691053247b41f8f4c7172d,gaussian,0.0,student_t_df5,0.0,WITHIN_NAMED_FAMILY_ONLY; scalar tail dependence is not a cross-family order
CRR-STAGEII-CONFIRM-2026-07-22,21c5b970e734ed79636df2f3882d4d85460c5efa40b88e59b9b9a3f34a25c0ff,E4,202607224024,E4-GAUSSIAN-T0.25,within_family_dependence_sweep,numpy_PCG64,202607224024,512,924902abcfbee45b76d205407a2b6f9e1ec0e3c86c5f7f92c90554f4ba15e8cd,gaussian,0.25,student_t_df5,0.0,WITHIN_NAMED_FAMILY_ONLY; scalar tail dependence is not a cross-family order
CRR-STAGEII-CONFIRM-2026-07-22,21c5b970e734ed79636df2f3882d4d85460c5efa40b88e59b9b9a3f34a25c0ff,E4,202607224024,E4-GAUSSIAN-T0.50,within_family_dependence_sweep,numpy_PCG64,202607224024,512,9c57d87dd4a505a18466b35313bffa201e7a64b03bbe3140a64742e4e07c1d1e,gaussian,0.5,student_t_df5,0.0,WITHIN_NAMED_FAMILY_ONLY; scalar tail dependence is not a cross-family order
CRR-STAGEII-CONFIRM-2026-07-22,21c5b970e734ed79636df2f3882d4d85460c5efa40b88e59b9b9a3f34a25c0ff,E4,202607224024,E4-STUDENT_T_DF4-T0.00,within_family_dependence_sweep,numpy_PCG64,202607224024,512,23b5998fcc49b4c5432cc5128e5a85fb98cd20be47e19fc6efc7e5d6cc440bf8,student_t_df4,0.0,student_t_df5,0.0755868184216124,WITHIN_NAMED_FAMILY_ONLY; scalar tail dependence is not a cross-family order
CRR-STAGEII-CONFIRM-2026-07-22,21c5b970e734ed79636df2f3882d4d85460c5efa40b88e59b9b9a3f34a25c0ff,E4,202607224024,E4-STUDENT_T_DF4-T0.25,within_family_dependence_sweep,numpy_PCG64,202607224024,512,39a04317e33aa04beb2f0078909b00e0e2f9224b2d6db5f79b06a3e4d651dea4,student_t_df4,0.25,student_t_df5,0.1953801683718518,WITHIN_NAMED_FAMILY_ONLY; scalar tail dependence is not a cross-family order
CRR-STAGEII-CONFIRM-2026-07-22,21c5b970e734ed79636df2f3882d4d85460c5efa40b88e59b9b9a3f34a25c0ff,E4,202607224024,E4-STUDENT_T_DF4-T0.50,within_family_dependence_sweep,numpy_PCG64,202607224024,512,0a638fd227fbd356746a772c0f4053ce3f62098f79eaee8af3d9a0661790ba84,student_t_df4,0.5,student_t_df5,0.3968429135836659,WITHIN_NAMED_FAMILY_ONLY; scalar tail dependence is not a cross-family order
CRR-STAGEII-CONFIRM-2026-07-22,21c5b970e734ed79636df2f3882d4d85460c5efa40b88e59b9b9a3f34a25c0ff,E4,202607224025,E4-CLAYTON-T0.00,within_family_dependence_sweep,numpy_PCG64,202607224025,512,58984bb84db6ee1f71711f31a993b2b605384fdab6fc2127eceeba488e6eab28,clayton,0.0,student_t_df5,0.0,WITHIN_NAMED_FAMILY_ONLY; scalar tail dependence is not a cross-family order
CRR-STAGEII-CONFIRM-2026-07-22,21c5b970e734ed79636df2f3882d4d85460c5efa40b88e59b9b9a3f34a25c0ff,E4,202607224025,E4-CLAYTON-T0.25,within_family_dependence_sweep,numpy_PCG64,202607224025,512,a7e0a73a75bcac1bff05e59938800f5ad472ccad44c9da4460e5c3189174056f,clayton,0.25,student_t_df5,0.3535533905932738,WITHIN_NAMED_FAMILY_ONLY; scalar tail dependence is not a cross-family order
CRR-STAGEII-CONFIRM-2026-07-22,21c5b970e734ed79636df2f3882d4d85460c5efa40b88e59b9b9a3f34a25c0ff,E4,202607224025,E4-CLAYTON-T0.50,within_family_dependence_sweep,numpy_PCG64,202607224025,512,a32f827d1d834914eb4bdc41b5dc7331d7f9432e87142c39f67be8628259054a,clayton,0.5,student_t_df5,0.7071067811865476,WITHIN_NAMED_FAMILY_ONLY; scalar tail dependence is not a cross-family order
CRR-STAGEII-CONFIRM-2026-07-22,21c5b970e734ed79636df2f3882d4d85460c5efa40b88e59b9b9a3f34a25c0ff,E4,202607224025,E4-EMPIRICAL_COPULA-TEMP,within_family_dependence_sweep,numpy_PCG64,202607224025,512,916b5e1b6000aeb28c8b9efa59dcf13818e64c23c6021d3b9ab99ee45901ce3d,empirical_copula,,student_t_df5,0.8723958333333334,EMPIRICAL_COPULA_MODEL_SENSITIVITY_NOT_PARAMETRIC_ORDER
CRR-STAGEII-CONFIRM-2026-07-22,21c5b970e734ed79636df2f3882d4d85460c5efa40b88e59b9b9a3f34a25c0ff,E4,202607224025,E4-GAUSSIAN-T0.00,within_family_dependence_sweep,numpy_PCG64,202607224025,512,90bb19e8f584c8ee9e42e1708ecbba4e84e435e7fc80371558211186be1c544e,gaussian,0.0,student_t_df5,0.0,WITHIN_NAMED_FAMILY_ONLY; scalar tail dependence is not a cross-family order
CRR-STAGEII-CONFIRM-2026-07-22,21c5b970e734ed79636df2f3882d4d85460c5efa40b88e59b9b9a3f34a25c0ff,E4,202607224025,E4-GAUSSIAN-T0.25,within_family_dependence_sweep,numpy_PCG64,202607224025,512,38c3831b1c798aa12b5543566f1d15ac6036c20dd418e1c162caca09f816eb5e,gaussian,0.25,student_t_df5,0.0,WITHIN_NAMED_FAMILY_ONLY; scalar tail dependence is not a cross-family order
CRR-STAGEII-CONFIRM-2026-07-22,21c5b970e734ed79636df2f3882d4d85460c5efa40b88e59b9b9a3f34a25c0ff,E4,202607224025,E4-GAUSSIAN-T0.50,within_family_dependence_sweep,numpy_PCG64,202607224025,512,854b39322530236451d5b7b0e6ac8f5a994b7f016930c902c2ddff4e999af6d4,gaussian,0.5,student_t_df5,0.0,WITHIN_NAMED_FAMILY_ONLY; scalar tail dependence is not a cross-family order
CRR-STAGEII-CONFIRM-2026-07-22,21c5b970e734ed79636df2f3882d4d85460c5efa40b88e59b9b9a3f34a25c0ff,E4,202607224025,E4-STUDENT_T_DF4-T0.00,within_family_dependence_sweep,numpy_PCG64,202607224025,512,d9b7a654bbb5e41fe3b94c491e1b5a922fae47d45815133bb9909d9e7516a7ad,student_t_df4,0.0,student_t_df5,0.0755868184216124,WITHIN_NAMED_FAMILY_ONLY; scalar tail dependence is not a cross-family order
CRR-STAGEII-CONFIRM-2026-07-22,21c5b970e734ed79636df2f3882d4d85460c5efa40b88e59b9b9a3f34a25c0ff,E4,202607224025,E4-STUDENT_T_DF4-T0.25,within_family_dependence_sweep,numpy_PCG64,202607224025,512,e2234b69bdee7c4aad9da352de750177f5b1d7fcaff1395162948e9a3b067560,student_t_df4,0.25,student_t_df5,0.1953801683718518,WITHIN_NAMED_FAMILY_ONLY; scalar tail dependence is not a cross-family order
CRR-STAGEII-CONFIRM-2026-07-22,21c5b970e734ed79636df2f3882d4d85460c5efa40b88e59b9b9a3f34a25c0ff,E4,202607224025,E4-STUDENT_T_DF4-T0.50,within_family_dependence_sweep,numpy_PCG64,202607224025,512,7cb5e7e1acc4f947bf3cafa1ce33b7eb1265df4acd610583f4928ad81f574138,student_t_df4,0.5,student_t_df5,0.3968429135836659,WITHIN_NAMED_FAMILY_ONLY; scalar tail dependence is not a cross-family order
CRR-STAGEII-CONFIRM-2026-07-22,21c5b970e734ed79636df2f3882d4d85460c5efa40b88e59b9b9a3f34a25c0ff,E4,202607224026,E4-CLAYTON-T0.00,within_family_dependence_sweep,numpy_PCG64,202607224026,512,ee06822697555df73fe65196615112dd94aca35f0d46ea0283a0ebeb8ec5f8d2,clayton,0.0,student_t_df5,0.0,WITHIN_NAMED_FAMILY_ONLY; scalar tail dependence is not a cross-family order
CRR-STAGEII-CONFIRM-2026-07-22,21c5b970e734ed79636df2f3882d4d85460c5efa40b88e59b9b9a3f34a25c0ff,E4,202607224026,E4-CLAYTON-T0.25,within_family_dependence_sweep,numpy_PCG64,202607224026,512,182e6f8430016265ca5c51ecdd5ecf2745adaf74ea6012d9bf18cd22da09d7df,clayton,0.25,student_t_df5,0.3535533905932738,WITHIN_NAMED_FAMILY_ONLY; scalar tail dependence is not a cross-family order
CRR-STAGEII-CONFIRM-2026-07-22,21c5b970e734ed79636df2f3882d4d85460c5efa40b88e59b9b9a3f34a25c0ff,E4,202607224026,E4-CLAYTON-T0.50,within_family_dependence_sweep,numpy_PCG64,202607224026,512,cf8c6fef4e50685f12604f94ab317f6f9eae940b03d5c9e090be7ac83168ae9a,clayton,0.5,student_t_df5,0.7071067811865476,WITHIN_NAMED_FAMILY_ONLY; scalar tail dependence is not a cross-family order
CRR-STAGEII-CONFIRM-2026-07-22,21c5b970e734ed79636df2f3882d4d85460c5efa40b88e59b9b9a3f34a25c0ff,E4,202607224026,E4-EMPIRICAL_COPULA-TEMP,within_family_dependence_sweep,numpy_PCG64,202607224026,512,6322be8fc73c2793239507f006a0936e6adc05154a13a448a11fbc0ae2e01851,empirical_copula,,student_t_df5,0.703125,EMPIRICAL_COPULA_MODEL_SENSITIVITY_NOT_PARAMETRIC_ORDER
CRR-STAGEII-CONFIRM-2026-07-22,21c5b970e734ed79636df2f3882d4d85460c5efa40b88e59b9b9a3f34a25c0ff,E4,202607224026,E4-GAUSSIAN-T0.00,within_family_dependence_sweep,numpy_PCG64,202607224026,512,de81a1f4b0314168538df5284f76c09f105a82631d52acc81462b7b0c2b0787f,gaussian,0.0,student_t_df5,0.0,WITHIN_NAMED_FAMILY_ONLY; scalar tail dependence is not a cross-family order
CRR-STAGEII-CONFIRM-2026-07-22,21c5b970e734ed79636df2f3882d4d85460c5efa40b88e59b9b9a3f34a25c0ff,E4,202607224026,E4-GAUSSIAN-T0.25,within_family_dependence_sweep,numpy_PCG64,202607224026,512,962144b3cf25d14cb7cb969d3ff0fc9b57d1b849e6e6c14600cebb35eb9c2cfd,gaussian,0.25,student_t_df5,0.0,WITHIN_NAMED_FAMILY_ONLY; scalar tail dependence is not a cross-family order
CRR-STAGEII-CONFIRM-2026-07-22,21c5b970e734ed79636df2f3882d4d85460c5efa40b88e59b9b9a3f34a25c0ff,E4,202607224026,E4-GAUSSIAN-T0.50,within_family_dependence_sweep,numpy_PCG64,202607224026,512,b0dbccdd596367417e9ba20395a85aa7130fcd622af65dc45da03b6a24918ffd,gaussian,0.5,student_t_df5,0.0,WITHIN_NAMED_FAMILY_ONLY; scalar tail dependence is not a cross-family order
CRR-STAGEII-CONFIRM-2026-07-22,21c5b970e734ed79636df2f3882d4d85460c5efa40b88e59b9b9a3f34a25c0ff,E4,202607224026,E4-STUDENT_T_DF4-T0.00,within_family_dependence_sweep,numpy_PCG64,202607224026,512,4188ef31542d2c6c5fc6776c82ea4f0a06d68e19228744d59a98dddc87578336,student_t_df4,0.0,student_t_df5,0.0755868184216124,WITHIN_NAMED_FAMILY_ONLY; scalar tail dependence is not a cross-family order
CRR-STAGEII-CONFIRM-2026-07-22,21c5b970e734ed79636df2f3882d4d85460c5efa40b88e59b9b9a3f34a25c0ff,E4,202607224026,E4-STUDENT_T_DF4-T0.25,within_family_dependence_sweep,numpy_PCG64,202607224026,512,4b7545ee1052a23e8a4bd5934bade702ea59f1e4f05a849654c4f45a4f13467d,student_t_df4,0.25,student_t_df5,0.1953801683718518,WITHIN_NAMED_FAMILY_ONLY; scalar tail dependence is not a cross-family order
CRR-STAGEII-CONFIRM-2026-07-22,21c5b970e734ed79636df2f3882d4d85460c5efa40b88e59b9b9a3f34a25c0ff,E4,202607224026,E4-STUDENT_T_DF4-T0.50,within_family_dependence_sweep,numpy_PCG64,202607224026,512,eb0f1668cc246fff0bccd7ddd990064e4b4642701f8e7ae4b05fa1dcb6226ab4,student_t_df4,0.5,student_t_df5,0.3968429135836659,WITHIN_NAMED_FAMILY_ONLY; scalar tail dependence is not a cross-family order
CRR-STAGEII-CONFIRM-2026-07-22,21c5b970e734ed79636df2f3882d4d85460c5efa40b88e59b9b9a3f34a25c0ff,E4,202607224027,E4-CLAYTON-T0.00,within_family_dependence_sweep,numpy_PCG64,202607224027,512,2740f33774c9c8a6b8b1329be46c4c580b4a72741f1d73263485c38bf70f45b4,clayton,0.0,student_t_df5,0.0,WITHIN_NAMED_FAMILY_ONLY; scalar tail dependence is not a cross-family order
CRR-STAGEII-CONFIRM-2026-07-22,21c5b970e734ed79636df2f3882d4d85460c5efa40b88e59b9b9a3f34a25c0ff,E4,202607224027,E4-CLAYTON-T0.25,within_family_dependence_sweep,numpy_PCG64,202607224027,512,03a033d2db0985705812f33075ceb181191342c475c2a7ca326cd4b7724a1963,clayton,0.25,student_t_df5,0.3535533905932738,WITHIN_NAMED_FAMILY_ONLY; scalar tail dependence is not a cross-family order
CRR-STAGEII-CONFIRM-2026-07-22,21c5b970e734ed79636df2f3882d4d85460c5efa40b88e59b9b9a3f34a25c0ff,E4,202607224027,E4-CLAYTON-T0.50,within_family_dependence_sweep,numpy_PCG64,202607224027,512,31b155b163b76af6d01cd12a7542d7d117ad57f8c0bb3c2b1083e1453a10709a,clayton,0.5,student_t_df5,0.7071067811865476,WITHIN_NAMED_FAMILY_ONLY; scalar tail dependence is not a cross-family order
CRR-STAGEII-CONFIRM-2026-07-22,21c5b970e734ed79636df2f3882d4d85460c5efa40b88e59b9b9a3f34a25c0ff,E4,202607224027,E4-EMPIRICAL_COPULA-TEMP,within_family_dependence_sweep,numpy_PCG64,202607224027,512,1a3d361d3c1d994751ee1e43796ea391fdc28a50d6e640434e4611beb4b802b6,empirical_copula,,student_t_df5,0.6770833333333334,EMPIRICAL_COPULA_MODEL_SENSITIVITY_NOT_PARAMETRIC_ORDER
CRR-STAGEII-CONFIRM-2026-07-22,21c5b970e734ed79636df2f3882d4d85460c5efa40b88e59b9b9a3f34a25c0ff,E4,202607224027,E4-GAUSSIAN-T0.00,within_family_dependence_sweep,numpy_PCG64,202607224027,512,c9c193de6975a4d4c5c25c332bab6a70abee913e78134fbc06ee04db751a1cda,gaussian,0.0,student_t_df5,0.0,WITHIN_NAMED_FAMILY_ONLY; scalar tail dependence is not a cross-family order
CRR-STAGEII-CONFIRM-2026-07-22,21c5b970e734ed79636df2f3882d4d85460c5efa40b88e59b9b9a3f34a25c0ff,E4,202607224027,E4-GAUSSIAN-T0.25,within_family_dependence_sweep,numpy_PCG64,202607224027,512,f0aac213a36c3dc810772e72d2173a6f5af28635555b09f978104d5ea39a4d57,gaussian,0.25,student_t_df5,0.0,WITHIN_NAMED_FAMILY_ONLY; scalar tail dependence is not a cross-family order
CRR-STAGEII-CONFIRM-2026-07-22,21c5b970e734ed79636df2f3882d4d85460c5efa40b88e59b9b9a3f34a25c0ff,E4,202607224027,E4-GAUSSIAN-T0.50,within_family_dependence_sweep,numpy_PCG64,202607224027,512,cbbe84c7b2b236ffd1b0a4d01155ee0132e07bc4378cd23b7282e4c97e286f63,gaussian,0.5,student_t_df5,0.0,WITHIN_NAMED_FAMILY_ONLY; scalar tail dependence is not a cross-family order
CRR-STAGEII-CONFIRM-2026-07-22,21c5b970e734ed79636df2f3882d4d85460c5efa40b88e59b9b9a3f34a25c0ff,E4,202607224027,E4-STUDENT_T_DF4-T0.00,within_family_dependence_sweep,numpy_PCG64,202607224027,512,828f277e8161f72bc3496608e862a382bec50ebf81cf0f3f04ff918136774cfc,student_t_df4,0.0,student_t_df5,0.0755868184216124,WITHIN_NAMED_FAMILY_ONLY; scalar tail dependence is not a cross-family order
CRR-STAGEII-CONFIRM-2026-07-22,21c5b970e734ed79636df2f3882d4d85460c5efa40b88e59b9b9a3f34a25c0ff,E4,202607224027,E4-STUDENT_T_DF4-T0.25,within_family_dependence_sweep,numpy_PCG64,202607224027,512,294b167f84944dca95ffdd091c2ce1c39cb55652796ffb24f9d0eb3022655b23,student_t_df4,0.25,student_t_df5,0.1953801683718518,WITHIN_NAMED_FAMILY_ONLY; scalar tail dependence is not a cross-family order
CRR-STAGEII-CONFIRM-2026-07-22,21c5b970e734ed79636df2f3882d4d85460c5efa40b88e59b9b9a3f34a25c0ff,E4,202607224027,E4-STUDENT_T_DF4-T0.50,within_family_dependence_sweep,numpy_PCG64,202607224027,512,4879e0a340abadebe32f977d910da8a54d894b66a330e0786a01fafc656301ae,student_t_df4,0.5,student_t_df5,0.3968429135836659,WITHIN_NAMED_FAMILY_ONLY; scalar tail dependence is not a cross-family order
CRR-STAGEII-CONFIRM-2026-07-22,21c5b970e734ed79636df2f3882d4d85460c5efa40b88e59b9b9a3f34a25c0ff,E4,202607224028,E4-CLAYTON-T0.00,within_family_dependence_sweep,numpy_PCG64,202607224028,512,6cf3555a08c8a81dc033a21321a3d5a6e876a1816999b7d3b5b809d8b9ca0be7,clayton,0.0,student_t_df5,0.0,WITHIN_NAMED_FAMILY_ONLY; scalar tail dependence is not a cross-family order
CRR-STAGEII-CONFIRM-2026-07-22,21c5b970e734ed79636df2f3882d4d85460c5efa40b88e59b9b9a3f34a25c0ff,E4,202607224028,E4-CLAYTON-T0.25,within_family_dependence_sweep,numpy_PCG64,202607224028,512,9409ef277696b83d59bf007ebc728cdad5bb12c11904c3dff440688019d4bd95,clayton,0.25,student_t_df5,0.3535533905932738,WITHIN_NAMED_FAMILY_ONLY; scalar tail dependence is not a cross-family order
CRR-STAGEII-CONFIRM-2026-07-22,21c5b970e734ed79636df2f3882d4d85460c5efa40b88e59b9b9a3f34a25c0ff,E4,202607224028,E4-CLAYTON-T0.50,within_family_dependence_sweep,numpy_PCG64,202607224028,512,71d62cf04c5d9a04fa2d6f8a26e0a438c607df167ff6837e3e2f039ac5213950,clayton,0.5,student_t_df5,0.7071067811865476,WITHIN_NAMED_FAMILY_ONLY; scalar tail dependence is not a cross-family order
CRR-STAGEII-CONFIRM-2026-07-22,21c5b970e734ed79636df2f3882d4d85460c5efa40b88e59b9b9a3f34a25c0ff,E4,202607224028,E4-EMPIRICAL_COPULA-TEMP,within_family_dependence_sweep,numpy_PCG64,202607224028,512,f8c97e7a2b75b784f3a702a78846084e030be68272d780c68a968b0a7281ca03,empirical_copula,,student_t_df5,0.52734375,EMPIRICAL_COPULA_MODEL_SENSITIVITY_NOT_PARAMETRIC_ORDER
CRR-STAGEII-CONFIRM-2026-07-22,21c5b970e734ed79636df2f3882d4d85460c5efa40b88e59b9b9a3f34a25c0ff,E4,202607224028,E4-GAUSSIAN-T0.00,within_family_dependence_sweep,numpy_PCG64,202607224028,512,93942a5fd8e1041704373d1404b71ccfda669249dccf7a405278020baaa87bba,gaussian,0.0,student_t_df5,0.0,WITHIN_NAMED_FAMILY_ONLY; scalar tail dependence is not a cross-family order
CRR-STAGEII-CONFIRM-2026-07-22,21c5b970e734ed79636df2f3882d4d85460c5efa40b88e59b9b9a3f34a25c0ff,E4,202607224028,E4-GAUSSIAN-T0.25,within_family_dependence_sweep,numpy_PCG64,202607224028,512,7139d2226d5b38dac36de384ab390b4f3debf18111ac82baf285e5d84a683bde,gaussian,0.25,student_t_df5,0.0,WITHIN_NAMED_FAMILY_ONLY; scalar tail dependence is not a cross-family order
CRR-STAGEII-CONFIRM-2026-07-22,21c5b970e734ed79636df2f3882d4d85460c5efa40b88e59b9b9a3f34a25c0ff,E4,202607224028,E4-GAUSSIAN-T0.50,within_family_dependence_sweep,numpy_PCG64,202607224028,512,125356e545aff52de29e3295990c1321b20c9027fd94e04da33b060cec1f1a9a,gaussian,0.5,student_t_df5,0.0,WITHIN_NAMED_FAMILY_ONLY; scalar tail dependence is not a cross-family order
CRR-STAGEII-CONFIRM-2026-07-22,21c5b970e734ed79636df2f3882d4d85460c5efa40b88e59b9b9a3f34a25c0ff,E4,202607224028,E4-STUDENT_T_DF4-T0.00,within_family_dependence_sweep,numpy_PCG64,202607224028,512,eb13ad74a6d739d6989f82b30d726207c52bb9ec32969b2fd503b2ceed5c2fa7,student_t_df4,0.0,student_t_df5,0.0755868184216124,WITHIN_NAMED_FAMILY_ONLY; scalar tail dependence is not a cross-family order
CRR-STAGEII-CONFIRM-2026-07-22,21c5b970e734ed79636df2f3882d4d85460c5efa40b88e59b9b9a3f34a25c0ff,E4,202607224028,E4-STUDENT_T_DF4-T0.25,within_family_dependence_sweep,numpy_PCG64,202607224028,512,cc2eac375d06499804576230bf5e02183bc549a9ecd2153664ac5cb44b2a10bd,student_t_df4,0.25,student_t_df5,0.1953801683718518,WITHIN_NAMED_FAMILY_ONLY; scalar tail dependence is not a cross-family order
CRR-STAGEII-CONFIRM-2026-07-22,21c5b970e734ed79636df2f3882d4d85460c5efa40b88e59b9b9a3f34a25c0ff,E4,202607224028,E4-STUDENT_T_DF4-T0.50,within_family_dependence_sweep,numpy_PCG64,202607224028,512,50aed4c23cba6ae895bce02f5f136c94965e0876b772b00aeabbbb5ce3d2d419,student_t_df4,0.5,student_t_df5,0.3968429135836659,WITHIN_NAMED_FAMILY_ONLY; scalar tail dependence is not a cross-family order
CRR-STAGEII-CONFIRM-2026-07-22,21c5b970e734ed79636df2f3882d4d85460c5efa40b88e59b9b9a3f34a25c0ff,E4,202607224029,E4-CLAYTON-T0.00,within_family_dependence_sweep,numpy_PCG64,202607224029,512,7c054b793fa9ddf2322604989c056faca98d61839f751bfc9c190257046b93fc,clayton,0.0,student_t_df5,0.0,WITHIN_NAMED_FAMILY_ONLY; scalar tail dependence is not a cross-family order
CRR-STAGEII-CONFIRM-2026-07-22,21c5b970e734ed79636df2f3882d4d85460c5efa40b88e59b9b9a3f34a25c0ff,E4,202607224029,E4-CLAYTON-T0.25,within_family_dependence_sweep,numpy_PCG64,202607224029,512,3d4b3bf3d69f3ed6543637f56dab1af0bb0313ee1b0bc5461c8ac4e8d37bf018,clayton,0.25,student_t_df5,0.3535533905932738,WITHIN_NAMED_FAMILY_ONLY; scalar tail dependence is not a cross-family order
CRR-STAGEII-CONFIRM-2026-07-22,21c5b970e734ed79636df2f3882d4d85460c5efa40b88e59b9b9a3f34a25c0ff,E4,202607224029,E4-CLAYTON-T0.50,within_family_dependence_sweep,numpy_PCG64,202607224029,512,426db92d5f325989aa342fc130cdae9a6e384f2f5f921b671fe7854b20102d69,clayton,0.5,student_t_df5,0.7071067811865476,WITHIN_NAMED_FAMILY_ONLY; scalar tail dependence is not a cross-family order
CRR-STAGEII-CONFIRM-2026-07-22,21c5b970e734ed79636df2f3882d4d85460c5efa40b88e59b9b9a3f34a25c0ff,E4,202607224029,E4-EMPIRICAL_COPULA-TEMP,within_family_dependence_sweep,numpy_PCG64,202607224029,512,9498dbdfd017822e6a158b1673010d03d569c222ba58598f87433ab8fe029d3f,empirical_copula,,student_t_df5,0.6575520833333334,EMPIRICAL_COPULA_MODEL_SENSITIVITY_NOT_PARAMETRIC_ORDER
CRR-STAGEII-CONFIRM-2026-07-22,21c5b970e734ed79636df2f3882d4d85460c5efa40b88e59b9b9a3f34a25c0ff,E4,202607224029,E4-GAUSSIAN-T0.00,within_family_dependence_sweep,numpy_PCG64,202607224029,512,6ff51b50e2d42ef7206a983c186a53ee5920bfa6786eb95bd3deb3b99e50b6b7,gaussian,0.0,student_t_df5,0.0,WITHIN_NAMED_FAMILY_ONLY; scalar tail dependence is not a cross-family order
CRR-STAGEII-CONFIRM-2026-07-22,21c5b970e734ed79636df2f3882d4d85460c5efa40b88e59b9b9a3f34a25c0ff,E4,202607224029,E4-GAUSSIAN-T0.25,within_family_dependence_sweep,numpy_PCG64,202607224029,512,ce31a5e15448a1f677016d3636f3032d9b1f595a617b865c74c0137e2e1a9a30,gaussian,0.25,student_t_df5,0.0,WITHIN_NAMED_FAMILY_ONLY; scalar tail dependence is not a cross-family order
CRR-STAGEII-CONFIRM-2026-07-22,21c5b970e734ed79636df2f3882d4d85460c5efa40b88e59b9b9a3f34a25c0ff,E4,202607224029,E4-GAUSSIAN-T0.50,within_family_dependence_sweep,numpy_PCG64,202607224029,512,b100e92974a157860d2cd5737820606e6d27887f4f06a33f74a49122453f2664,gaussian,0.5,student_t_df5,0.0,WITHIN_NAMED_FAMILY_ONLY; scalar tail dependence is not a cross-family order
CRR-STAGEII-CONFIRM-2026-07-22,21c5b970e734ed79636df2f3882d4d85460c5efa40b88e59b9b9a3f34a25c0ff,E4,202607224029,E4-STUDENT_T_DF4-T0.00,within_family_dependence_sweep,numpy_PCG64,202607224029,512,b67c60e1806e9585a6976e4258c845e654e1639e6d99b8d805fcb53d962cea27,student_t_df4,0.0,student_t_df5,0.0755868184216124,WITHIN_NAMED_FAMILY_ONLY; scalar tail dependence is not a cross-family order
CRR-STAGEII-CONFIRM-2026-07-22,21c5b970e734ed79636df2f3882d4d85460c5efa40b88e59b9b9a3f34a25c0ff,E4,202607224029,E4-STUDENT_T_DF4-T0.25,within_family_dependence_sweep,numpy_PCG64,202607224029,512,e540d5796efc3b682671079126abe60b80c7bcd17bcd9ca280bd7b60fa8018d3,student_t_df4,0.25,student_t_df5,0.1953801683718518,WITHIN_NAMED_FAMILY_ONLY; scalar tail dependence is not a cross-family order
CRR-STAGEII-CONFIRM-2026-07-22,21c5b970e734ed79636df2f3882d4d85460c5efa40b88e59b9b9a3f34a25c0ff,E4,202607224029,E4-STUDENT_T_DF4-T0.50,within_family_dependence_sweep,numpy_PCG64,202607224029,512,b660b792b486210f6361341c14e38371e4e55e3b84b3dcf8d02f83a377cd1311,student_t_df4,0.5,student_t_df5,0.3968429135836659,WITHIN_NAMED_FAMILY_ONLY; scalar tail dependence is not a cross-family order
CRR-STAGEII-CONFIRM-2026-07-22,21c5b970e734ed79636df2f3882d4d85460c5efa40b88e59b9b9a3f34a25c0ff,E4,202607224030,E4-CLAYTON-T0.00,within_family_dependence_sweep,numpy_PCG64,202607224030,512,a17b8032e53fec9ae74601a0522d19075743dd129a808b0bd1494f3c761c3e7c,clayton,0.0,student_t_df5,0.0,WITHIN_NAMED_FAMILY_ONLY; scalar tail dependence is not a cross-family order
CRR-STAGEII-CONFIRM-2026-07-22,21c5b970e734ed79636df2f3882d4d85460c5efa40b88e59b9b9a3f34a25c0ff,E4,202607224030,E4-CLAYTON-T0.25,within_family_dependence_sweep,numpy_PCG64,202607224030,512,e8c85a2ed8875a62be03d92236c8c82ee9b751ba2f6f4f0f4c876daba4f2f615,clayton,0.25,student_t_df5,0.3535533905932738,WITHIN_NAMED_FAMILY_ONLY; scalar tail dependence is not a cross-family order
CRR-STAGEII-CONFIRM-2026-07-22,21c5b970e734ed79636df2f3882d4d85460c5efa40b88e59b9b9a3f34a25c0ff,E4,202607224030,E4-CLAYTON-T0.50,within_family_dependence_sweep,numpy_PCG64,202607224030,512,dad5bb9ba0cff1b86cddccf56ac258d2be962db8513c922838f9c1b4ff88f36a,clayton,0.5,student_t_df5,0.7071067811865476,WITHIN_NAMED_FAMILY_ONLY; scalar tail dependence is not a cross-family order
CRR-STAGEII-CONFIRM-2026-07-22,21c5b970e734ed79636df2f3882d4d85460c5efa40b88e59b9b9a3f34a25c0ff,E4,202607224030,E4-EMPIRICAL_COPULA-TEMP,within_family_dependence_sweep,numpy_PCG64,202607224030,512,2893610eabd650f2c4a17de03ad6d3912ed137ac6b50343de717fc12f61d49da,empirical_copula,,student_t_df5,0.5924479166666666,EMPIRICAL_COPULA_MODEL_SENSITIVITY_NOT_PARAMETRIC_ORDER
CRR-STAGEII-CONFIRM-2026-07-22,21c5b970e734ed79636df2f3882d4d85460c5efa40b88e59b9b9a3f34a25c0ff,E4,202607224030,E4-GAUSSIAN-T0.00,within_family_dependence_sweep,numpy_PCG64,202607224030,512,2870547fae7c64a327f85650324c0b5008958085d8ba424c6c53395cf17a1758,gaussian,0.0,student_t_df5,0.0,WITHIN_NAMED_FAMILY_ONLY; scalar tail dependence is not a cross-family order
CRR-STAGEII-CONFIRM-2026-07-22,21c5b970e734ed79636df2f3882d4d85460c5efa40b88e59b9b9a3f34a25c0ff,E4,202607224030,E4-GAUSSIAN-T0.25,within_family_dependence_sweep,numpy_PCG64,202607224030,512,ff90bd57a6341e5c2914f5017a66607ef3b1f3138610ca298b7d5c85b9901e70,gaussian,0.25,student_t_df5,0.0,WITHIN_NAMED_FAMILY_ONLY; scalar tail dependence is not a cross-family order
CRR-STAGEII-CONFIRM-2026-07-22,21c5b970e734ed79636df2f3882d4d85460c5efa40b88e59b9b9a3f34a25c0ff,E4,202607224030,E4-GAUSSIAN-T0.50,within_family_dependence_sweep,numpy_PCG64,202607224030,512,3b580f6581a96b65c22646e2b50af114662a00f67c46bbc38a5e2100fd063a8d,gaussian,0.5,student_t_df5,0.0,WITHIN_NAMED_FAMILY_ONLY; scalar tail dependence is not a cross-family order
CRR-STAGEII-CONFIRM-2026-07-22,21c5b970e734ed79636df2f3882d4d85460c5efa40b88e59b9b9a3f34a25c0ff,E4,202607224030,E4-STUDENT_T_DF4-T0.00,within_family_dependence_sweep,numpy_PCG64,202607224030,512,05d8a3715337a1aac5e6e3865cf8e6869f617adf0ec12fedbbcae9379d129571,student_t_df4,0.0,student_t_df5,0.0755868184216124,WITHIN_NAMED_FAMILY_ONLY; scalar tail dependence is not a cross-family order
CRR-STAGEII-CONFIRM-2026-07-22,21c5b970e734ed79636df2f3882d4d85460c5efa40b88e59b9b9a3f34a25c0ff,E4,202607224030,E4-STUDENT_T_DF4-T0.25,within_family_dependence_sweep,numpy_PCG64,202607224030,512,6c24763a8bff907c4774f18ca924d90586899f1e47183f6ffa4bee497fd2721a,student_t_df4,0.25,student_t_df5,0.1953801683718518,WITHIN_NAMED_FAMILY_ONLY; scalar tail dependence is not a cross-family order
CRR-STAGEII-CONFIRM-2026-07-22,21c5b970e734ed79636df2f3882d4d85460c5efa40b88e59b9b9a3f34a25c0ff,E4,202607224030,E4-STUDENT_T_DF4-T0.50,within_family_dependence_sweep,numpy_PCG64,202607224030,512,8bb72f9ba7bc92f36a80b317234a5f9efa2f305574f820ce69be41fd5ee21cc3,student_t_df4,0.5,student_t_df5,0.3968429135836659,WITHIN_NAMED_FAMILY_ONLY; scalar tail dependence is not a cross-family order
CRR-STAGEII-CONFIRM-2026-07-22,21c5b970e734ed79636df2f3882d4d85460c5efa40b88e59b9b9a3f34a25c0ff,E4,202607224031,E4-CLAYTON-T0.00,within_family_dependence_sweep,numpy_PCG64,202607224031,512,eb2cc485b6984d7a66ed0571a3d8f0e6146d3c49fb5c3fa014866291e2db9034,clayton,0.0,student_t_df5,0.0,WITHIN_NAMED_FAMILY_ONLY; scalar tail dependence is not a cross-family order
CRR-STAGEII-CONFIRM-2026-07-22,21c5b970e734ed79636df2f3882d4d85460c5efa40b88e59b9b9a3f34a25c0ff,E4,202607224031,E4-CLAYTON-T0.25,within_family_dependence_sweep,numpy_PCG64,202607224031,512,6d4f5863c42ede9e741310fe589bd2be1c4121a1c9518d79f8c8903f3bc811a9,clayton,0.25,student_t_df5,0.3535533905932738,WITHIN_NAMED_FAMILY_ONLY; scalar tail dependence is not a cross-family order
CRR-STAGEII-CONFIRM-2026-07-22,21c5b970e734ed79636df2f3882d4d85460c5efa40b88e59b9b9a3f34a25c0ff,E4,202607224031,E4-CLAYTON-T0.50,within_family_dependence_sweep,numpy_PCG64,202607224031,512,7c7f875b82e6a468242ff1a62e73e2764bede5f10e3b65f451ed682a9a95b6fc,clayton,0.5,student_t_df5,0.7071067811865476,WITHIN_NAMED_FAMILY_ONLY; scalar tail dependence is not a cross-family order
CRR-STAGEII-CONFIRM-2026-07-22,21c5b970e734ed79636df2f3882d4d85460c5efa40b88e59b9b9a3f34a25c0ff,E4,202607224031,E4-EMPIRICAL_COPULA-TEMP,within_family_dependence_sweep,numpy_PCG64,202607224031,512,cc67141902cd98257dff1ceee1bdeb9774ad36c0cb11c27d2f63cbddcf835dc1,empirical_copula,,student_t_df5,0.5989583333333334,EMPIRICAL_COPULA_MODEL_SENSITIVITY_NOT_PARAMETRIC_ORDER
CRR-STAGEII-CONFIRM-2026-07-22,21c5b970e734ed79636df2f3882d4d85460c5efa40b88e59b9b9a3f34a25c0ff,E4,202607224031,E4-GAUSSIAN-T0.00,within_family_dependence_sweep,numpy_PCG64,202607224031,512,48d9f9f88f9a14f35c41111639107e73f11e9319755d9e562d4df032cbabe85f,gaussian,0.0,student_t_df5,0.0,WITHIN_NAMED_FAMILY_ONLY; scalar tail dependence is not a cross-family order
CRR-STAGEII-CONFIRM-2026-07-22,21c5b970e734ed79636df2f3882d4d85460c5efa40b88e59b9b9a3f34a25c0ff,E4,202607224031,E4-GAUSSIAN-T0.25,within_family_dependence_sweep,numpy_PCG64,202607224031,512,0063005e1c501a540ff8c26ee65b491fe933bd467802f43edccc5cc4c2f20dc0,gaussian,0.25,student_t_df5,0.0,WITHIN_NAMED_FAMILY_ONLY; scalar tail dependence is not a cross-family order
CRR-STAGEII-CONFIRM-2026-07-22,21c5b970e734ed79636df2f3882d4d85460c5efa40b88e59b9b9a3f34a25c0ff,E4,202607224031,E4-GAUSSIAN-T0.50,within_family_dependence_sweep,numpy_PCG64,202607224031,512,22a98aa3175439d1eedbb2579b8954851a4d4b04bdde419e905685c0ffa6b158,gaussian,0.5,student_t_df5,0.0,WITHIN_NAMED_FAMILY_ONLY; scalar tail dependence is not a cross-family order
CRR-STAGEII-CONFIRM-2026-07-22,21c5b970e734ed79636df2f3882d4d85460c5efa40b88e59b9b9a3f34a25c0ff,E4,202607224031,E4-STUDENT_T_DF4-T0.00,within_family_dependence_sweep,numpy_PCG64,202607224031,512,62d9fd5207280a4241d3e4878c61a3957b1504ba87edbbf019366eb6ca4f4e8e,student_t_df4,0.0,student_t_df5,0.0755868184216124,WITHIN_NAMED_FAMILY_ONLY; scalar tail dependence is not a cross-family order
CRR-STAGEII-CONFIRM-2026-07-22,21c5b970e734ed79636df2f3882d4d85460c5efa40b88e59b9b9a3f34a25c0ff,E4,202607224031,E4-STUDENT_T_DF4-T0.25,within_family_dependence_sweep,numpy_PCG64,202607224031,512,a70bd7a78d575c147063b1228e1aba12d16bed50da7450542470362715fb47ce,student_t_df4,0.25,student_t_df5,0.1953801683718518,WITHIN_NAMED_FAMILY_ONLY; scalar tail dependence is not a cross-family order
CRR-STAGEII-CONFIRM-2026-07-22,21c5b970e734ed79636df2f3882d4d85460c5efa40b88e59b9b9a3f34a25c0ff,E4,202607224031,E4-STUDENT_T_DF4-T0.50,within_family_dependence_sweep,numpy_PCG64,202607224031,512,9474026e149bf0ac9cef2a6919b98cb1c16a4afdfb7eff660fe5cc7bc0ac2381,student_t_df4,0.5,student_t_df5,0.3968429135836659,WITHIN_NAMED_FAMILY_ONLY; scalar tail dependence is not a cross-family order
CRR-STAGEII-CONFIRM-2026-07-22,21c5b970e734ed79636df2f3882d4d85460c5efa40b88e59b9b9a3f34a25c0ff,E4,202607224032,E4-CLAYTON-T0.00,within_family_dependence_sweep,numpy_PCG64,202607224032,512,d04ca568f8190846fd6969705c4f891bd26e5c012bfcc539371bb2ca3701f30a,clayton,0.0,student_t_df5,0.0,WITHIN_NAMED_FAMILY_ONLY; scalar tail dependence is not a cross-family order
CRR-STAGEII-CONFIRM-2026-07-22,21c5b970e734ed79636df2f3882d4d85460c5efa40b88e59b9b9a3f34a25c0ff,E4,202607224032,E4-CLAYTON-T0.25,within_family_dependence_sweep,numpy_PCG64,202607224032,512,2654cdc9fcb7198a6e1166fa9e4a0b4355a1cd868b6f02d4121a8766e3036500,clayton,0.25,student_t_df5,0.3535533905932738,WITHIN_NAMED_FAMILY_ONLY; scalar tail dependence is not a cross-family order
CRR-STAGEII-CONFIRM-2026-07-22,21c5b970e734ed79636df2f3882d4d85460c5efa40b88e59b9b9a3f34a25c0ff,E4,202607224032,E4-CLAYTON-T0.50,within_family_dependence_sweep,numpy_PCG64,202607224032,512,51f8e2ebfbbe1be94902182e82d1c65ee3f6cb8b8f1173d9fbc84d437372e7ff,clayton,0.5,student_t_df5,0.7071067811865476,WITHIN_NAMED_FAMILY_ONLY; scalar tail dependence is not a cross-family order
CRR-STAGEII-CONFIRM-2026-07-22,21c5b970e734ed79636df2f3882d4d85460c5efa40b88e59b9b9a3f34a25c0ff,E4,202607224032,E4-EMPIRICAL_COPULA-TEMP,within_family_dependence_sweep,numpy_PCG64,202607224032,512,1882c3e6135ada074420ec6f5361db7664c6d397ca3a888c0a6befd860395bfd,empirical_copula,,student_t_df5,0.6901041666666666,EMPIRICAL_COPULA_MODEL_SENSITIVITY_NOT_PARAMETRIC_ORDER
CRR-STAGEII-CONFIRM-2026-07-22,21c5b970e734ed79636df2f3882d4d85460c5efa40b88e59b9b9a3f34a25c0ff,E4,202607224032,E4-GAUSSIAN-T0.00,within_family_dependence_sweep,numpy_PCG64,202607224032,512,f3deeb4ae20bbff1e8c31f70d7a75040d8ec609052a14efd43ecc7aeeb0962d1,gaussian,0.0,student_t_df5,0.0,WITHIN_NAMED_FAMILY_ONLY; scalar tail dependence is not a cross-family order
CRR-STAGEII-CONFIRM-2026-07-22,21c5b970e734ed79636df2f3882d4d85460c5efa40b88e59b9b9a3f34a25c0ff,E4,202607224032,E4-GAUSSIAN-T0.25,within_family_dependence_sweep,numpy_PCG64,202607224032,512,fc6a6aaeba113e9ba8741d5d0efe019043f6e65a0c8cacbc4e08b8165655f274,gaussian,0.25,student_t_df5,0.0,WITHIN_NAMED_FAMILY_ONLY; scalar tail dependence is not a cross-family order
CRR-STAGEII-CONFIRM-2026-07-22,21c5b970e734ed79636df2f3882d4d85460c5efa40b88e59b9b9a3f34a25c0ff,E4,202607224032,E4-GAUSSIAN-T0.50,within_family_dependence_sweep,numpy_PCG64,202607224032,512,7ab06deb9b96d0703eaca0e59014694118256622a7ada8cfe0beb03b8a6fadf1,gaussian,0.5,student_t_df5,0.0,WITHIN_NAMED_FAMILY_ONLY; scalar tail dependence is not a cross-family order
CRR-STAGEII-CONFIRM-2026-07-22,21c5b970e734ed79636df2f3882d4d85460c5efa40b88e59b9b9a3f34a25c0ff,E4,202607224032,E4-STUDENT_T_DF4-T0.00,within_family_dependence_sweep,numpy_PCG64,202607224032,512,0151d93aedd7f77b2a1bcd4e9fa5977461d3c0d0b8269abab339822178a8777a,student_t_df4,0.0,student_t_df5,0.0755868184216124,WITHIN_NAMED_FAMILY_ONLY; scalar tail dependence is not a cross-family order
CRR-STAGEII-CONFIRM-2026-07-22,21c5b970e734ed79636df2f3882d4d85460c5efa40b88e59b9b9a3f34a25c0ff,E4,202607224032,E4-STUDENT_T_DF4-T0.25,within_family_dependence_sweep,numpy_PCG64,202607224032,512,50d238df4d1ca8f848a73f328fa06f5112e046c0a69845d7012734998d76d56c,student_t_df4,0.25,student_t_df5,0.1953801683718518,WITHIN_NAMED_FAMILY_ONLY; scalar tail dependence is not a cross-family order
CRR-STAGEII-CONFIRM-2026-07-22,21c5b970e734ed79636df2f3882d4d85460c5efa40b88e59b9b9a3f34a25c0ff,E4,202607224032,E4-STUDENT_T_DF4-T0.50,within_family_dependence_sweep,numpy_PCG64,202607224032,512,c6dca819ba232939c4d01c6742c3972c0a182dcfde22c3b66f65d2e4b0f301a5,student_t_df4,0.5,student_t_df5,0.3968429135836659,WITHIN_NAMED_FAMILY_ONLY; scalar tail dependence is not a cross-family order
CRR-STAGEII-CONFIRM-2026-07-22,21c5b970e734ed79636df2f3882d4d85460c5efa40b88e59b9b9a3f34a25c0ff,E4,202607224033,E4-CLAYTON-T0.00,within_family_dependence_sweep,numpy_PCG64,202607224033,512,fbbe94b42b23c6b5de3ffdd9bed7ec1330145ccbb99a2fb879a26ac16f6f0f3c,clayton,0.0,student_t_df5,0.0,WITHIN_NAMED_FAMILY_ONLY; scalar tail dependence is not a cross-family order
CRR-STAGEII-CONFIRM-2026-07-22,21c5b970e734ed79636df2f3882d4d85460c5efa40b88e59b9b9a3f34a25c0ff,E4,202607224033,E4-CLAYTON-T0.25,within_family_dependence_sweep,numpy_PCG64,202607224033,512,fbf2c7e980bd4ba1de54d5eeacc294f7cef824fa131e268b0ab6a9ddbebaa819,clayton,0.25,student_t_df5,0.3535533905932738,WITHIN_NAMED_FAMILY_ONLY; scalar tail dependence is not a cross-family order
CRR-STAGEII-CONFIRM-2026-07-22,21c5b970e734ed79636df2f3882d4d85460c5efa40b88e59b9b9a3f34a25c0ff,E4,202607224033,E4-CLAYTON-T0.50,within_family_dependence_sweep,numpy_PCG64,202607224033,512,09882d7021fab91bba79800029f902e51c2fcf2ab7fefcd7b6797e77c4fc500c,clayton,0.5,student_t_df5,0.7071067811865476,WITHIN_NAMED_FAMILY_ONLY; scalar tail dependence is not a cross-family order
CRR-STAGEII-CONFIRM-2026-07-22,21c5b970e734ed79636df2f3882d4d85460c5efa40b88e59b9b9a3f34a25c0ff,E4,202607224033,E4-EMPIRICAL_COPULA-TEMP,within_family_dependence_sweep,numpy_PCG64,202607224033,512,d704c5e76db11a9f247e654a424728fd952f59fb24089512ca9d7e38db9b1962,empirical_copula,,student_t_df5,0.7291666666666666,EMPIRICAL_COPULA_MODEL_SENSITIVITY_NOT_PARAMETRIC_ORDER
CRR-STAGEII-CONFIRM-2026-07-22,21c5b970e734ed79636df2f3882d4d85460c5efa40b88e59b9b9a3f34a25c0ff,E4,202607224033,E4-GAUSSIAN-T0.00,within_family_dependence_sweep,numpy_PCG64,202607224033,512,08064241f57b7f8d6c9973332ddeafe9585f3bdca278b8b87456674192014fa7,gaussian,0.0,student_t_df5,0.0,WITHIN_NAMED_FAMILY_ONLY; scalar tail dependence is not a cross-family order
CRR-STAGEII-CONFIRM-2026-07-22,21c5b970e734ed79636df2f3882d4d85460c5efa40b88e59b9b9a3f34a25c0ff,E4,202607224033,E4-GAUSSIAN-T0.25,within_family_dependence_sweep,numpy_PCG64,202607224033,512,3602066b5ad7aa2b6c841c298ba3e6cb4eee309bf8a72dd22e845e3bb3ff2451,gaussian,0.25,student_t_df5,0.0,WITHIN_NAMED_FAMILY_ONLY; scalar tail dependence is not a cross-family order
CRR-STAGEII-CONFIRM-2026-07-22,21c5b970e734ed79636df2f3882d4d85460c5efa40b88e59b9b9a3f34a25c0ff,E4,202607224033,E4-GAUSSIAN-T0.50,within_family_dependence_sweep,numpy_PCG64,202607224033,512,a7b33d6e96836a2836280dc9bd52ec36b38ae581929ee067794601ef76da4ce5,gaussian,0.5,student_t_df5,0.0,WITHIN_NAMED_FAMILY_ONLY; scalar tail dependence is not a cross-family order
CRR-STAGEII-CONFIRM-2026-07-22,21c5b970e734ed79636df2f3882d4d85460c5efa40b88e59b9b9a3f34a25c0ff,E4,202607224033,E4-STUDENT_T_DF4-T0.00,within_family_dependence_sweep,numpy_PCG64,202607224033,512,8b257d91239dba0be133572cc07bb02f7b10f8999f689f59f3b5c02a9656d346,student_t_df4,0.0,student_t_df5,0.0755868184216124,WITHIN_NAMED_FAMILY_ONLY; scalar tail dependence is not a cross-family order
CRR-STAGEII-CONFIRM-2026-07-22,21c5b970e734ed79636df2f3882d4d85460c5efa40b88e59b9b9a3f34a25c0ff,E4,202607224033,E4-STUDENT_T_DF4-T0.25,within_family_dependence_sweep,numpy_PCG64,202607224033,512,e045a9041ce5131bb2e691e9833335d3ba8f655a0d80c7889b40969a6758781f,student_t_df4,0.25,student_t_df5,0.1953801683718518,WITHIN_NAMED_FAMILY_ONLY; scalar tail dependence is not a cross-family order
CRR-STAGEII-CONFIRM-2026-07-22,21c5b970e734ed79636df2f3882d4d85460c5efa40b88e59b9b9a3f34a25c0ff,E4,202607224033,E4-STUDENT_T_DF4-T0.50,within_family_dependence_sweep,numpy_PCG64,202607224033,512,0e322fb678b6fb777bc6f7938042ec04bac7f59ca14335fa9619936db2c3c619,student_t_df4,0.5,student_t_df5,0.3968429135836659,WITHIN_NAMED_FAMILY_ONLY; scalar tail dependence is not a cross-family order
CRR-STAGEII-CONFIRM-2026-07-22,21c5b970e734ed79636df2f3882d4d85460c5efa40b88e59b9b9a3f34a25c0ff,E4,202607224034,E4-CLAYTON-T0.00,within_family_dependence_sweep,numpy_PCG64,202607224034,512,253257af7167fa22b974ff2b253386390a4a15f8090aaaaaa4dc75efd61a74e2,clayton,0.0,student_t_df5,0.0,WITHIN_NAMED_FAMILY_ONLY; scalar tail dependence is not a cross-family order
CRR-STAGEII-CONFIRM-2026-07-22,21c5b970e734ed79636df2f3882d4d85460c5efa40b88e59b9b9a3f34a25c0ff,E4,202607224034,E4-CLAYTON-T0.25,within_family_dependence_sweep,numpy_PCG64,202607224034,512,b771a7aef8b36b0f8a082c580c7a946cf24143375da8d5ada64beb5a9a0dd06c,clayton,0.25,student_t_df5,0.3535533905932738,WITHIN_NAMED_FAMILY_ONLY; scalar tail dependence is not a cross-family order
CRR-STAGEII-CONFIRM-2026-07-22,21c5b970e734ed79636df2f3882d4d85460c5efa40b88e59b9b9a3f34a25c0ff,E4,202607224034,E4-CLAYTON-T0.50,within_family_dependence_sweep,numpy_PCG64,202607224034,512,b9141d5bcbdbd3541482705d38c7bf9955f43e9c581ac00910998e906f7809b5,clayton,0.5,student_t_df5,0.7071067811865476,WITHIN_NAMED_FAMILY_ONLY; scalar tail dependence is not a cross-family order
CRR-STAGEII-CONFIRM-2026-07-22,21c5b970e734ed79636df2f3882d4d85460c5efa40b88e59b9b9a3f34a25c0ff,E4,202607224034,E4-EMPIRICAL_COPULA-TEMP,within_family_dependence_sweep,numpy_PCG64,202607224034,512,65ae3c87be91b9f986c7cd11b36023cb5355753c9d812e9690e328e0415a6279,empirical_copula,,student_t_df5,0.5989583333333334,EMPIRICAL_COPULA_MODEL_SENSITIVITY_NOT_PARAMETRIC_ORDER
CRR-STAGEII-CONFIRM-2026-07-22,21c5b970e734ed79636df2f3882d4d85460c5efa40b88e59b9b9a3f34a25c0ff,E4,202607224034,E4-GAUSSIAN-T0.00,within_family_dependence_sweep,numpy_PCG64,202607224034,512,65749085ed3f52a748972b0eee1287cd40daacd538becbd7b12ca3d1ae462edc,gaussian,0.0,student_t_df5,0.0,WITHIN_NAMED_FAMILY_ONLY; scalar tail dependence is not a cross-family order
CRR-STAGEII-CONFIRM-2026-07-22,21c5b970e734ed79636df2f3882d4d85460c5efa40b88e59b9b9a3f34a25c0ff,E4,202607224034,E4-GAUSSIAN-T0.25,within_family_dependence_sweep,numpy_PCG64,202607224034,512,b123d48dc83c9df7ee64d130d8693e57df8a29f40eec8f5c04c40dbed2f746ad,gaussian,0.25,student_t_df5,0.0,WITHIN_NAMED_FAMILY_ONLY; scalar tail dependence is not a cross-family order
CRR-STAGEII-CONFIRM-2026-07-22,21c5b970e734ed79636df2f3882d4d85460c5efa40b88e59b9b9a3f34a25c0ff,E4,202607224034,E4-GAUSSIAN-T0.50,within_family_dependence_sweep,numpy_PCG64,202607224034,512,33ce2cf4dfa26a363c90710fa9b843bb4d3a1fe7790732826ea95b497d1381fd,gaussian,0.5,student_t_df5,0.0,WITHIN_NAMED_FAMILY_ONLY; scalar tail dependence is not a cross-family order
CRR-STAGEII-CONFIRM-2026-07-22,21c5b970e734ed79636df2f3882d4d85460c5efa40b88e59b9b9a3f34a25c0ff,E4,202607224034,E4-STUDENT_T_DF4-T0.00,within_family_dependence_sweep,numpy_PCG64,202607224034,512,0005a256900f83c58ca6177bb5e0fae2e6d61ba4208bd9fbb8f49bd67432f6dc,student_t_df4,0.0,student_t_df5,0.0755868184216124,WITHIN_NAMED_FAMILY_ONLY; scalar tail dependence is not a cross-family order
CRR-STAGEII-CONFIRM-2026-07-22,21c5b970e734ed79636df2f3882d4d85460c5efa40b88e59b9b9a3f34a25c0ff,E4,202607224034,E4-STUDENT_T_DF4-T0.25,within_family_dependence_sweep,numpy_PCG64,202607224034,512,111b12560f1f5361e1b9bc6eaa3edcec246b8966f1d4d7ff014bb58f169e260c,student_t_df4,0.25,student_t_df5,0.1953801683718518,WITHIN_NAMED_FAMILY_ONLY; scalar tail dependence is not a cross-family order
CRR-STAGEII-CONFIRM-2026-07-22,21c5b970e734ed79636df2f3882d4d85460c5efa40b88e59b9b9a3f34a25c0ff,E4,202607224034,E4-STUDENT_T_DF4-T0.50,within_family_dependence_sweep,numpy_PCG64,202607224034,512,93eecfa157ce74a1e96980a8403331bc97ce1b475984b1f96687e1ebfb23463a,student_t_df4,0.5,student_t_df5,0.3968429135836659,WITHIN_NAMED_FAMILY_ONLY; scalar tail dependence is not a cross-family order
CRR-STAGEII-CONFIRM-2026-07-22,21c5b970e734ed79636df2f3882d4d85460c5efa40b88e59b9b9a3f34a25c0ff,E4,202607224035,E4-CLAYTON-T0.00,within_family_dependence_sweep,numpy_PCG64,202607224035,512,e5d9c1cb0199de3ed0be6f43845496302cc49bb57f8834494500159a9dd1f985,clayton,0.0,student_t_df5,0.0,WITHIN_NAMED_FAMILY_ONLY; scalar tail dependence is not a cross-family order
CRR-STAGEII-CONFIRM-2026-07-22,21c5b970e734ed79636df2f3882d4d85460c5efa40b88e59b9b9a3f34a25c0ff,E4,202607224035,E4-CLAYTON-T0.25,within_family_dependence_sweep,numpy_PCG64,202607224035,512,d8c045189e6b428e27fb48f1a5d8a97e55ec97e3ab8e936898f170d03933e557,clayton,0.25,student_t_df5,0.3535533905932738,WITHIN_NAMED_FAMILY_ONLY; scalar tail dependence is not a cross-family order
CRR-STAGEII-CONFIRM-2026-07-22,21c5b970e734ed79636df2f3882d4d85460c5efa40b88e59b9b9a3f34a25c0ff,E4,202607224035,E4-CLAYTON-T0.50,within_family_dependence_sweep,numpy_PCG64,202607224035,512,1ba2fe187d440a70b15af18fe03a0b44afa451f6fb62cfbd6bbc28aa22bdb57a,clayton,0.5,student_t_df5,0.7071067811865476,WITHIN_NAMED_FAMILY_ONLY; scalar tail dependence is not a cross-family order
CRR-STAGEII-CONFIRM-2026-07-22,21c5b970e734ed79636df2f3882d4d85460c5efa40b88e59b9b9a3f34a25c0ff,E4,202607224035,E4-EMPIRICAL_COPULA-TEMP,within_family_dependence_sweep,numpy_PCG64,202607224035,512,b88c8fd181322f3983e0e2944ee5f98acb5b081d704dfb37e3f298900643857c,empirical_copula,,student_t_df5,0.6380208333333334,EMPIRICAL_COPULA_MODEL_SENSITIVITY_NOT_PARAMETRIC_ORDER
CRR-STAGEII-CONFIRM-2026-07-22,21c5b970e734ed79636df2f3882d4d85460c5efa40b88e59b9b9a3f34a25c0ff,E4,202607224035,E4-GAUSSIAN-T0.00,within_family_dependence_sweep,numpy_PCG64,202607224035,512,8e26613eadd209ac580e58b05b8eeb55dc8a3520260c8cfc4aad9f90c0f7a929,gaussian,0.0,student_t_df5,0.0,WITHIN_NAMED_FAMILY_ONLY; scalar tail dependence is not a cross-family order
CRR-STAGEII-CONFIRM-2026-07-22,21c5b970e734ed79636df2f3882d4d85460c5efa40b88e59b9b9a3f34a25c0ff,E4,202607224035,E4-GAUSSIAN-T0.25,within_family_dependence_sweep,numpy_PCG64,202607224035,512,3d16d2f3c9d5ffdf2ec0893c025fe5aa3722c6a5019b0976f851f66d2582354f,gaussian,0.25,student_t_df5,0.0,WITHIN_NAMED_FAMILY_ONLY; scalar tail dependence is not a cross-family order
CRR-STAGEII-CONFIRM-2026-07-22,21c5b970e734ed79636df2f3882d4d85460c5efa40b88e59b9b9a3f34a25c0ff,E4,202607224035,E4-GAUSSIAN-T0.50,within_family_dependence_sweep,numpy_PCG64,202607224035,512,6c02e2c1fda161ea6759b9d4bd0e13dbeb49de7bdc1fadd3e5e2becbe959785a,gaussian,0.5,student_t_df5,0.0,WITHIN_NAMED_FAMILY_ONLY; scalar tail dependence is not a cross-family order
CRR-STAGEII-CONFIRM-2026-07-22,21c5b970e734ed79636df2f3882d4d85460c5efa40b88e59b9b9a3f34a25c0ff,E4,202607224035,E4-STUDENT_T_DF4-T0.00,within_family_dependence_sweep,numpy_PCG64,202607224035,512,70d9bf4d4b512d667ead0f51c70922691a84a4edbe924a899b2cb8bfe089562a,student_t_df4,0.0,student_t_df5,0.0755868184216124,WITHIN_NAMED_FAMILY_ONLY; scalar tail dependence is not a cross-family order
CRR-STAGEII-CONFIRM-2026-07-22,21c5b970e734ed79636df2f3882d4d85460c5efa40b88e59b9b9a3f34a25c0ff,E4,202607224035,E4-STUDENT_T_DF4-T0.25,within_family_dependence_sweep,numpy_PCG64,202607224035,512,ea75cd2da3e48c3e046b90b48c08ded2616d8332ee51588d3b0acb759bb05128,student_t_df4,0.25,student_t_df5,0.1953801683718518,WITHIN_NAMED_FAMILY_ONLY; scalar tail dependence is not a cross-family order
CRR-STAGEII-CONFIRM-2026-07-22,21c5b970e734ed79636df2f3882d4d85460c5efa40b88e59b9b9a3f34a25c0ff,E4,202607224035,E4-STUDENT_T_DF4-T0.50,within_family_dependence_sweep,numpy_PCG64,202607224035,512,c80861513845a968496ae76b9b3c4a9c949694ae49d82e22610162d011b9dbb0,student_t_df4,0.5,student_t_df5,0.3968429135836659,WITHIN_NAMED_FAMILY_ONLY; scalar tail dependence is not a cross-family order
CRR-STAGEII-CONFIRM-2026-07-22,21c5b970e734ed79636df2f3882d4d85460c5efa40b88e59b9b9a3f34a25c0ff,E4,202607224036,E4-CLAYTON-T0.00,within_family_dependence_sweep,numpy_PCG64,202607224036,512,621acfe091ca1e91ff8ddb356719591feca95ccd847d4dc4f4451edc8bae026b,clayton,0.0,student_t_df5,0.0,WITHIN_NAMED_FAMILY_ONLY; scalar tail dependence is not a cross-family order
CRR-STAGEII-CONFIRM-2026-07-22,21c5b970e734ed79636df2f3882d4d85460c5efa40b88e59b9b9a3f34a25c0ff,E4,202607224036,E4-CLAYTON-T0.25,within_family_dependence_sweep,numpy_PCG64,202607224036,512,1d80da91429ab95cae8b1f84cf752c59604c51d0e0fd4eac2cf1e7b1e18a22e9,clayton,0.25,student_t_df5,0.3535533905932738,WITHIN_NAMED_FAMILY_ONLY; scalar tail dependence is not a cross-family order
CRR-STAGEII-CONFIRM-2026-07-22,21c5b970e734ed79636df2f3882d4d85460c5efa40b88e59b9b9a3f34a25c0ff,E4,202607224036,E4-CLAYTON-T0.50,within_family_dependence_sweep,numpy_PCG64,202607224036,512,f17cc2fbfdfd1708128176c96341a1a41c2d883ba807ad8decdabcb5135c95cd,clayton,0.5,student_t_df5,0.7071067811865476,WITHIN_NAMED_FAMILY_ONLY; scalar tail dependence is not a cross-family order
CRR-STAGEII-CONFIRM-2026-07-22,21c5b970e734ed79636df2f3882d4d85460c5efa40b88e59b9b9a3f34a25c0ff,E4,202607224036,E4-EMPIRICAL_COPULA-TEMP,within_family_dependence_sweep,numpy_PCG64,202607224036,512,d4bed2cd38a0e5f0a9352cc81030aa14f4080a5815dbbaa64e897ea58aa9bf93,empirical_copula,,student_t_df5,0.6575520833333334,EMPIRICAL_COPULA_MODEL_SENSITIVITY_NOT_PARAMETRIC_ORDER
CRR-STAGEII-CONFIRM-2026-07-22,21c5b970e734ed79636df2f3882d4d85460c5efa40b88e59b9b9a3f34a25c0ff,E4,202607224036,E4-GAUSSIAN-T0.00,within_family_dependence_sweep,numpy_PCG64,202607224036,512,15aee2d299041f1cb415444a1e4db93aca860c31e45adfff9f0a43a91f4508c7,gaussian,0.0,student_t_df5,0.0,WITHIN_NAMED_FAMILY_ONLY; scalar tail dependence is not a cross-family order
CRR-STAGEII-CONFIRM-2026-07-22,21c5b970e734ed79636df2f3882d4d85460c5efa40b88e59b9b9a3f34a25c0ff,E4,202607224036,E4-GAUSSIAN-T0.25,within_family_dependence_sweep,numpy_PCG64,202607224036,512,e6cdc8efaffb2fa0aeda0fe0e5a68ce8fb510199d666e058a1c6870ec34f760e,gaussian,0.25,student_t_df5,0.0,WITHIN_NAMED_FAMILY_ONLY; scalar tail dependence is not a cross-family order
CRR-STAGEII-CONFIRM-2026-07-22,21c5b970e734ed79636df2f3882d4d85460c5efa40b88e59b9b9a3f34a25c0ff,E4,202607224036,E4-GAUSSIAN-T0.50,within_family_dependence_sweep,numpy_PCG64,202607224036,512,64e6bcab8e5a3f8a0177579fa3aa53dbc99b284ff443f425f5bd8e7a03c70dc8,gaussian,0.5,student_t_df5,0.0,WITHIN_NAMED_FAMILY_ONLY; scalar tail dependence is not a cross-family order
CRR-STAGEII-CONFIRM-2026-07-22,21c5b970e734ed79636df2f3882d4d85460c5efa40b88e59b9b9a3f34a25c0ff,E4,202607224036,E4-STUDENT_T_DF4-T0.00,within_family_dependence_sweep,numpy_PCG64,202607224036,512,32c1a2ec0095077036d1976b2a2a36eb4017de9db34ed95ef0d74421e56d5788,student_t_df4,0.0,student_t_df5,0.0755868184216124,WITHIN_NAMED_FAMILY_ONLY; scalar tail dependence is not a cross-family order
CRR-STAGEII-CONFIRM-2026-07-22,21c5b970e734ed79636df2f3882d4d85460c5efa40b88e59b9b9a3f34a25c0ff,E4,202607224036,E4-STUDENT_T_DF4-T0.25,within_family_dependence_sweep,numpy_PCG64,202607224036,512,2235b0bad7b2dd5c09cb9eedf5a8ec7a0d79c80362403ba115f1f8e3ae4af911,student_t_df4,0.25,student_t_df5,0.1953801683718518,WITHIN_NAMED_FAMILY_ONLY; scalar tail dependence is not a cross-family order
CRR-STAGEII-CONFIRM-2026-07-22,21c5b970e734ed79636df2f3882d4d85460c5efa40b88e59b9b9a3f34a25c0ff,E4,202607224036,E4-STUDENT_T_DF4-T0.50,within_family_dependence_sweep,numpy_PCG64,202607224036,512,a4b6ea5627a40f1046480a1b1f7eac7540ab62561a02eba2c1068996bf742ce9,student_t_df4,0.5,student_t_df5,0.3968429135836659,WITHIN_NAMED_FAMILY_ONLY; scalar tail dependence is not a cross-family order
CRR-STAGEII-CONFIRM-2026-07-22,21c5b970e734ed79636df2f3882d4d85460c5efa40b88e59b9b9a3f34a25c0ff,E4,202607224037,E4-CLAYTON-T0.00,within_family_dependence_sweep,numpy_PCG64,202607224037,512,156fcdad47573ef2c0fe30b4f94fd2881ba8c467f8bfa21b348bdd6cd4255085,clayton,0.0,student_t_df5,0.0,WITHIN_NAMED_FAMILY_ONLY; scalar tail dependence is not a cross-family order
CRR-STAGEII-CONFIRM-2026-07-22,21c5b970e734ed79636df2f3882d4d85460c5efa40b88e59b9b9a3f34a25c0ff,E4,202607224037,E4-CLAYTON-T0.25,within_family_dependence_sweep,numpy_PCG64,202607224037,512,eca93656ffd0b1a8415a9fedc6f0840c0c41ba429b04835a3d37a6a910e19b36,clayton,0.25,student_t_df5,0.3535533905932738,WITHIN_NAMED_FAMILY_ONLY; scalar tail dependence is not a cross-family order
CRR-STAGEII-CONFIRM-2026-07-22,21c5b970e734ed79636df2f3882d4d85460c5efa40b88e59b9b9a3f34a25c0ff,E4,202607224037,E4-CLAYTON-T0.50,within_family_dependence_sweep,numpy_PCG64,202607224037,512,134179cfa07a09be5b78c8a7211baa1800864fe7f370f6f179fb2ef67d1087cb,clayton,0.5,student_t_df5,0.7071067811865476,WITHIN_NAMED_FAMILY_ONLY; scalar tail dependence is not a cross-family order
CRR-STAGEII-CONFIRM-2026-07-22,21c5b970e734ed79636df2f3882d4d85460c5efa40b88e59b9b9a3f34a25c0ff,E4,202607224037,E4-EMPIRICAL_COPULA-TEMP,within_family_dependence_sweep,numpy_PCG64,202607224037,512,bcf2cf45b9492d721695849a2682fd21044994a64fbbaab6ee40e87982016297,empirical_copula,,student_t_df5,0.46875,EMPIRICAL_COPULA_MODEL_SENSITIVITY_NOT_PARAMETRIC_ORDER
CRR-STAGEII-CONFIRM-2026-07-22,21c5b970e734ed79636df2f3882d4d85460c5efa40b88e59b9b9a3f34a25c0ff,E4,202607224037,E4-GAUSSIAN-T0.00,within_family_dependence_sweep,numpy_PCG64,202607224037,512,d2a254664583b99097b5f0c86b1daaa048e8a7b6c10b9ef6e1dffeee7286165f,gaussian,0.0,student_t_df5,0.0,WITHIN_NAMED_FAMILY_ONLY; scalar tail dependence is not a cross-family order
CRR-STAGEII-CONFIRM-2026-07-22,21c5b970e734ed79636df2f3882d4d85460c5efa40b88e59b9b9a3f34a25c0ff,E4,202607224037,E4-GAUSSIAN-T0.25,within_family_dependence_sweep,numpy_PCG64,202607224037,512,3123c5c94c936b2d508d431bccf1a9ff109dc37b3fe435e92140f9d25f00cc30,gaussian,0.25,student_t_df5,0.0,WITHIN_NAMED_FAMILY_ONLY; scalar tail dependence is not a cross-family order
CRR-STAGEII-CONFIRM-2026-07-22,21c5b970e734ed79636df2f3882d4d85460c5efa40b88e59b9b9a3f34a25c0ff,E4,202607224037,E4-GAUSSIAN-T0.50,within_family_dependence_sweep,numpy_PCG64,202607224037,512,996803d55543a93e0795707cdda49ead4a47d5da05eca23a6839feb0e019637b,gaussian,0.5,student_t_df5,0.0,WITHIN_NAMED_FAMILY_ONLY; scalar tail dependence is not a cross-family order
CRR-STAGEII-CONFIRM-2026-07-22,21c5b970e734ed79636df2f3882d4d85460c5efa40b88e59b9b9a3f34a25c0ff,E4,202607224037,E4-STUDENT_T_DF4-T0.00,within_family_dependence_sweep,numpy_PCG64,202607224037,512,0d1db1ed80f93176439d31d81390f4c2cb3369cbc7d16c830339af5b136779b9,student_t_df4,0.0,student_t_df5,0.0755868184216124,WITHIN_NAMED_FAMILY_ONLY; scalar tail dependence is not a cross-family order
CRR-STAGEII-CONFIRM-2026-07-22,21c5b970e734ed79636df2f3882d4d85460c5efa40b88e59b9b9a3f34a25c0ff,E4,202607224037,E4-STUDENT_T_DF4-T0.25,within_family_dependence_sweep,numpy_PCG64,202607224037,512,ef6d5c7d151caf6642467f3a2dda150c910953d0edaa41b2ac301c8c11595fcf,student_t_df4,0.25,student_t_df5,0.1953801683718518,WITHIN_NAMED_FAMILY_ONLY; scalar tail dependence is not a cross-family order
CRR-STAGEII-CONFIRM-2026-07-22,21c5b970e734ed79636df2f3882d4d85460c5efa40b88e59b9b9a3f34a25c0ff,E4,202607224037,E4-STUDENT_T_DF4-T0.50,within_family_dependence_sweep,numpy_PCG64,202607224037,512,dbb018f4a192c2a39c6980aa6661daf221f2bb975a1d81c3b0a877ed3a0aacc7,student_t_df4,0.5,student_t_df5,0.3968429135836659,WITHIN_NAMED_FAMILY_ONLY; scalar tail dependence is not a cross-family order
CRR-STAGEII-CONFIRM-2026-07-22,21c5b970e734ed79636df2f3882d4d85460c5efa40b88e59b9b9a3f34a25c0ff,E4,202607224038,E4-CLAYTON-T0.00,within_family_dependence_sweep,numpy_PCG64,202607224038,512,90476f3898cdef1fa39676780413a7a06a9fc5b1e06c56edc1d92a582a4a1550,clayton,0.0,student_t_df5,0.0,WITHIN_NAMED_FAMILY_ONLY; scalar tail dependence is not a cross-family order
CRR-STAGEII-CONFIRM-2026-07-22,21c5b970e734ed79636df2f3882d4d85460c5efa40b88e59b9b9a3f34a25c0ff,E4,202607224038,E4-CLAYTON-T0.25,within_family_dependence_sweep,numpy_PCG64,202607224038,512,fab423c6391d47d832cc3aa542dfb4962c945a59b5c7c833c1a1d02f3713dad7,clayton,0.25,student_t_df5,0.3535533905932738,WITHIN_NAMED_FAMILY_ONLY; scalar tail dependence is not a cross-family order
CRR-STAGEII-CONFIRM-2026-07-22,21c5b970e734ed79636df2f3882d4d85460c5efa40b88e59b9b9a3f34a25c0ff,E4,202607224038,E4-CLAYTON-T0.50,within_family_dependence_sweep,numpy_PCG64,202607224038,512,645112b9e11fa6b3557df40a6c8e495266aa676e2acb5699836e71c871f8a6d8,clayton,0.5,student_t_df5,0.7071067811865476,WITHIN_NAMED_FAMILY_ONLY; scalar tail dependence is not a cross-family order
CRR-STAGEII-CONFIRM-2026-07-22,21c5b970e734ed79636df2f3882d4d85460c5efa40b88e59b9b9a3f34a25c0ff,E4,202607224038,E4-EMPIRICAL_COPULA-TEMP,within_family_dependence_sweep,numpy_PCG64,202607224038,512,a6c15ee9c4c99f72537821c5ae8a3578236b1ed785529b5c09044bbdd652a1e6,empirical_copula,,student_t_df5,0.64453125,EMPIRICAL_COPULA_MODEL_SENSITIVITY_NOT_PARAMETRIC_ORDER
CRR-STAGEII-CONFIRM-2026-07-22,21c5b970e734ed79636df2f3882d4d85460c5efa40b88e59b9b9a3f34a25c0ff,E4,202607224038,E4-GAUSSIAN-T0.00,within_family_dependence_sweep,numpy_PCG64,202607224038,512,3212a8a196e648844cb3dc9818fffcc49315fb3362b244b5047f5e60a744f899,gaussian,0.0,student_t_df5,0.0,WITHIN_NAMED_FAMILY_ONLY; scalar tail dependence is not a cross-family order
CRR-STAGEII-CONFIRM-2026-07-22,21c5b970e734ed79636df2f3882d4d85460c5efa40b88e59b9b9a3f34a25c0ff,E4,202607224038,E4-GAUSSIAN-T0.25,within_family_dependence_sweep,numpy_PCG64,202607224038,512,21df46a66e140f8730917eb417b848d73047b8c00da78461087074745b80fd0a,gaussian,0.25,student_t_df5,0.0,WITHIN_NAMED_FAMILY_ONLY; scalar tail dependence is not a cross-family order
CRR-STAGEII-CONFIRM-2026-07-22,21c5b970e734ed79636df2f3882d4d85460c5efa40b88e59b9b9a3f34a25c0ff,E4,202607224038,E4-GAUSSIAN-T0.50,within_family_dependence_sweep,numpy_PCG64,202607224038,512,dc529462c8c0a01b6dcff8c2a7135bfd8a853861ee5a8c7469be0bda1dec9640,gaussian,0.5,student_t_df5,0.0,WITHIN_NAMED_FAMILY_ONLY; scalar tail dependence is not a cross-family order
CRR-STAGEII-CONFIRM-2026-07-22,21c5b970e734ed79636df2f3882d4d85460c5efa40b88e59b9b9a3f34a25c0ff,E4,202607224038,E4-STUDENT_T_DF4-T0.00,within_family_dependence_sweep,numpy_PCG64,202607224038,512,83566a81c275de8a8f8de803444b3f912bec9cdddb947589e90affd065ff37ac,student_t_df4,0.0,student_t_df5,0.0755868184216124,WITHIN_NAMED_FAMILY_ONLY; scalar tail dependence is not a cross-family order
CRR-STAGEII-CONFIRM-2026-07-22,21c5b970e734ed79636df2f3882d4d85460c5efa40b88e59b9b9a3f34a25c0ff,E4,202607224038,E4-STUDENT_T_DF4-T0.25,within_family_dependence_sweep,numpy_PCG64,202607224038,512,9bf2bbb2cf9d01c0623f7edad8cebf4f936250f8c70e994ba118196b447bd728,student_t_df4,0.25,student_t_df5,0.1953801683718518,WITHIN_NAMED_FAMILY_ONLY; scalar tail dependence is not a cross-family order
CRR-STAGEII-CONFIRM-2026-07-22,21c5b970e734ed79636df2f3882d4d85460c5efa40b88e59b9b9a3f34a25c0ff,E4,202607224038,E4-STUDENT_T_DF4-T0.50,within_family_dependence_sweep,numpy_PCG64,202607224038,512,ec36e32cfd1cc88002868d16efefd144df9a93aad951ea1db16af2ea4501b229,student_t_df4,0.5,student_t_df5,0.3968429135836659,WITHIN_NAMED_FAMILY_ONLY; scalar tail dependence is not a cross-family order
CRR-STAGEII-CONFIRM-2026-07-22,21c5b970e734ed79636df2f3882d4d85460c5efa40b88e59b9b9a3f34a25c0ff,E4,202607224039,E4-CLAYTON-T0.00,within_family_dependence_sweep,numpy_PCG64,202607224039,512,a9d41743d14b65d1cf1b83ff1d92184a58ba0606ced428e3af285353a28371bd,clayton,0.0,student_t_df5,0.0,WITHIN_NAMED_FAMILY_ONLY; scalar tail dependence is not a cross-family order
CRR-STAGEII-CONFIRM-2026-07-22,21c5b970e734ed79636df2f3882d4d85460c5efa40b88e59b9b9a3f34a25c0ff,E4,202607224039,E4-CLAYTON-T0.25,within_family_dependence_sweep,numpy_PCG64,202607224039,512,600e4e0a1719780919aa9c9eb8ad0ecf290b1b022fd5343dbb5e9d36dd4a60aa,clayton,0.25,student_t_df5,0.3535533905932738,WITHIN_NAMED_FAMILY_ONLY; scalar tail dependence is not a cross-family order
CRR-STAGEII-CONFIRM-2026-07-22,21c5b970e734ed79636df2f3882d4d85460c5efa40b88e59b9b9a3f34a25c0ff,E4,202607224039,E4-CLAYTON-T0.50,within_family_dependence_sweep,numpy_PCG64,202607224039,512,e9c385e5b1dfb4baf77e5a0cd61a786a33ff2c7a6385c7d47af3645a7a05db7e,clayton,0.5,student_t_df5,0.7071067811865476,WITHIN_NAMED_FAMILY_ONLY; scalar tail dependence is not a cross-family order
CRR-STAGEII-CONFIRM-2026-07-22,21c5b970e734ed79636df2f3882d4d85460c5efa40b88e59b9b9a3f34a25c0ff,E4,202607224039,E4-EMPIRICAL_COPULA-TEMP,within_family_dependence_sweep,numpy_PCG64,202607224039,512,844852df82a3cfb810873e382d1c7d2bfdd0cd1eed9df5bc987ddd6641e66f21,empirical_copula,,student_t_df5,0.46875,EMPIRICAL_COPULA_MODEL_SENSITIVITY_NOT_PARAMETRIC_ORDER
CRR-STAGEII-CONFIRM-2026-07-22,21c5b970e734ed79636df2f3882d4d85460c5efa40b88e59b9b9a3f34a25c0ff,E4,202607224039,E4-GAUSSIAN-T0.00,within_family_dependence_sweep,numpy_PCG64,202607224039,512,5ca4695b30f5c0a7f25a121a613a460c78454ae82036842c3e8b17276133c50c,gaussian,0.0,student_t_df5,0.0,WITHIN_NAMED_FAMILY_ONLY; scalar tail dependence is not a cross-family order
CRR-STAGEII-CONFIRM-2026-07-22,21c5b970e734ed79636df2f3882d4d85460c5efa40b88e59b9b9a3f34a25c0ff,E4,202607224039,E4-GAUSSIAN-T0.25,within_family_dependence_sweep,numpy_PCG64,202607224039,512,9a4670a96202bf4e411af8089135d4085198aee9f368d56cfd28970185d345b4,gaussian,0.25,student_t_df5,0.0,WITHIN_NAMED_FAMILY_ONLY; scalar tail dependence is not a cross-family order
CRR-STAGEII-CONFIRM-2026-07-22,21c5b970e734ed79636df2f3882d4d85460c5efa40b88e59b9b9a3f34a25c0ff,E4,202607224039,E4-GAUSSIAN-T0.50,within_family_dependence_sweep,numpy_PCG64,202607224039,512,bfd535e6b419c159a56137ffd2947004d8a957e167ca8517dfd514e6f563f2ff,gaussian,0.5,student_t_df5,0.0,WITHIN_NAMED_FAMILY_ONLY; scalar tail dependence is not a cross-family order
CRR-STAGEII-CONFIRM-2026-07-22,21c5b970e734ed79636df2f3882d4d85460c5efa40b88e59b9b9a3f34a25c0ff,E4,202607224039,E4-STUDENT_T_DF4-T0.00,within_family_dependence_sweep,numpy_PCG64,202607224039,512,2de2f5ddecc4d1ae356ab183323aee2b2e08d3ba59cc0ff4d1c3ec053ce7bb0d,student_t_df4,0.0,student_t_df5,0.0755868184216124,WITHIN_NAMED_FAMILY_ONLY; scalar tail dependence is not a cross-family order
CRR-STAGEII-CONFIRM-2026-07-22,21c5b970e734ed79636df2f3882d4d85460c5efa40b88e59b9b9a3f34a25c0ff,E4,202607224039,E4-STUDENT_T_DF4-T0.25,within_family_dependence_sweep,numpy_PCG64,202607224039,512,ac7c93e684951a8d61d18d08ade5cd75415fe0fde4b49cf778a1a117c7453369,student_t_df4,0.25,student_t_df5,0.1953801683718518,WITHIN_NAMED_FAMILY_ONLY; scalar tail dependence is not a cross-family order
CRR-STAGEII-CONFIRM-2026-07-22,21c5b970e734ed79636df2f3882d4d85460c5efa40b88e59b9b9a3f34a25c0ff,E4,202607224039,E4-STUDENT_T_DF4-T0.50,within_family_dependence_sweep,numpy_PCG64,202607224039,512,93be5f3853347bbac8fa70c05ecb91ec987b21885f9462bd5c73a192befb2ab7,student_t_df4,0.5,student_t_df5,0.3968429135836659,WITHIN_NAMED_FAMILY_ONLY; scalar tail dependence is not a cross-family order
CRR-STAGEII-CONFIRM-2026-07-22,21c5b970e734ed79636df2f3882d4d85460c5efa40b88e59b9b9a3f34a25c0ff,E4,202607224040,E4-CLAYTON-T0.00,within_family_dependence_sweep,numpy_PCG64,202607224040,512,168c0a319d47c8b8c3d153522351f846568a0994c3e383d6b251034d83c13018,clayton,0.0,student_t_df5,0.0,WITHIN_NAMED_FAMILY_ONLY; scalar tail dependence is not a cross-family order
CRR-STAGEII-CONFIRM-2026-07-22,21c5b970e734ed79636df2f3882d4d85460c5efa40b88e59b9b9a3f34a25c0ff,E4,202607224040,E4-CLAYTON-T0.25,within_family_dependence_sweep,numpy_PCG64,202607224040,512,239a5c2cae4f967a691c69e2c140f2316b9b0b6c245c3ecb513c83eaed290173,clayton,0.25,student_t_df5,0.3535533905932738,WITHIN_NAMED_FAMILY_ONLY; scalar tail dependence is not a cross-family order
CRR-STAGEII-CONFIRM-2026-07-22,21c5b970e734ed79636df2f3882d4d85460c5efa40b88e59b9b9a3f34a25c0ff,E4,202607224040,E4-CLAYTON-T0.50,within_family_dependence_sweep,numpy_PCG64,202607224040,512,0739a3682673977ed65841bdf583421754bbcb50a762eb20e3170cd2dbba0e3e,clayton,0.5,student_t_df5,0.7071067811865476,WITHIN_NAMED_FAMILY_ONLY; scalar tail dependence is not a cross-family order
CRR-STAGEII-CONFIRM-2026-07-22,21c5b970e734ed79636df2f3882d4d85460c5efa40b88e59b9b9a3f34a25c0ff,E4,202607224040,E4-EMPIRICAL_COPULA-TEMP,within_family_dependence_sweep,numpy_PCG64,202607224040,512,1bbcd6d4f2873697a610ac8c782f5d04db195b3b4a9fdca6b98c968ab87fd02c,empirical_copula,,student_t_df5,0.6380208333333334,EMPIRICAL_COPULA_MODEL_SENSITIVITY_NOT_PARAMETRIC_ORDER
CRR-STAGEII-CONFIRM-2026-07-22,21c5b970e734ed79636df2f3882d4d85460c5efa40b88e59b9b9a3f34a25c0ff,E4,202607224040,E4-GAUSSIAN-T0.00,within_family_dependence_sweep,numpy_PCG64,202607224040,512,a9bbeb8e0815ad16db89ba4ff96acd57d1822de4465b7b72346eb885cf93b942,gaussian,0.0,student_t_df5,0.0,WITHIN_NAMED_FAMILY_ONLY; scalar tail dependence is not a cross-family order
CRR-STAGEII-CONFIRM-2026-07-22,21c5b970e734ed79636df2f3882d4d85460c5efa40b88e59b9b9a3f34a25c0ff,E4,202607224040,E4-GAUSSIAN-T0.25,within_family_dependence_sweep,numpy_PCG64,202607224040,512,657b67690fea91a55754ebcc31b8a4272fc2eec5d0191cfb337a678b0475dd23,gaussian,0.25,student_t_df5,0.0,WITHIN_NAMED_FAMILY_ONLY; scalar tail dependence is not a cross-family order
CRR-STAGEII-CONFIRM-2026-07-22,21c5b970e734ed79636df2f3882d4d85460c5efa40b88e59b9b9a3f34a25c0ff,E4,202607224040,E4-GAUSSIAN-T0.50,within_family_dependence_sweep,numpy_PCG64,202607224040,512,a9ff2aa2c6ff9ae757ca02c577bd4047e381468a1968cb7f9fb2305e3e344cf9,gaussian,0.5,student_t_df5,0.0,WITHIN_NAMED_FAMILY_ONLY; scalar tail dependence is not a cross-family order
CRR-STAGEII-CONFIRM-2026-07-22,21c5b970e734ed79636df2f3882d4d85460c5efa40b88e59b9b9a3f34a25c0ff,E4,202607224040,E4-STUDENT_T_DF4-T0.00,within_family_dependence_sweep,numpy_PCG64,202607224040,512,de28c224f390fc1b095bbc1cc903e3df7442e33a5c4aa376b4cd7813de6ff521,student_t_df4,0.0,student_t_df5,0.0755868184216124,WITHIN_NAMED_FAMILY_ONLY; scalar tail dependence is not a cross-family order
CRR-STAGEII-CONFIRM-2026-07-22,21c5b970e734ed79636df2f3882d4d85460c5efa40b88e59b9b9a3f34a25c0ff,E4,202607224040,E4-STUDENT_T_DF4-T0.25,within_family_dependence_sweep,numpy_PCG64,202607224040,512,a1d3461c798a2659440fa4ba7a9fde58d327b9cf6808a6cc814409540e8d23f8,student_t_df4,0.25,student_t_df5,0.1953801683718518,WITHIN_NAMED_FAMILY_ONLY; scalar tail dependence is not a cross-family order
CRR-STAGEII-CONFIRM-2026-07-22,21c5b970e734ed79636df2f3882d4d85460c5efa40b88e59b9b9a3f34a25c0ff,E4,202607224040,E4-STUDENT_T_DF4-T0.50,within_family_dependence_sweep,numpy_PCG64,202607224040,512,2f2f903cb6556bade55417d7169df76b6c75eacce3df0570d84df9a4ab0dcde1,student_t_df4,0.5,student_t_df5,0.3968429135836659,WITHIN_NAMED_FAMILY_ONLY; scalar tail dependence is not a cross-family order
CRR-STAGEII-CONFIRM-2026-07-22,21c5b970e734ed79636df2f3882d4d85460c5efa40b88e59b9b9a3f34a25c0ff,E4,202607224041,E4-CLAYTON-T0.00,within_family_dependence_sweep,numpy_PCG64,202607224041,512,e2e3eee8ed4a10efbaf5e6326af4d6f2c99502c815cd28db8a08b41b4636a7e0,clayton,0.0,student_t_df5,0.0,WITHIN_NAMED_FAMILY_ONLY; scalar tail dependence is not a cross-family order
CRR-STAGEII-CONFIRM-2026-07-22,21c5b970e734ed79636df2f3882d4d85460c5efa40b88e59b9b9a3f34a25c0ff,E4,202607224041,E4-CLAYTON-T0.25,within_family_dependence_sweep,numpy_PCG64,202607224041,512,09ebb042a85ed7c9454c19ca3770a33a2177ff287499c807e95aba98bbb8cb38,clayton,0.25,student_t_df5,0.3535533905932738,WITHIN_NAMED_FAMILY_ONLY; scalar tail dependence is not a cross-family order
CRR-STAGEII-CONFIRM-2026-07-22,21c5b970e734ed79636df2f3882d4d85460c5efa40b88e59b9b9a3f34a25c0ff,E4,202607224041,E4-CLAYTON-T0.50,within_family_dependence_sweep,numpy_PCG64,202607224041,512,1100df85b7ad09a3a04ca5c5c3aec6320e2734bf413623f33de7c2d7307adb13,clayton,0.5,student_t_df5,0.7071067811865476,WITHIN_NAMED_FAMILY_ONLY; scalar tail dependence is not a cross-family order
CRR-STAGEII-CONFIRM-2026-07-22,21c5b970e734ed79636df2f3882d4d85460c5efa40b88e59b9b9a3f34a25c0ff,E4,202607224041,E4-EMPIRICAL_COPULA-TEMP,within_family_dependence_sweep,numpy_PCG64,202607224041,512,987bd5b4543e195ae6a70cc1cffbb5fb6e7f2136e16d67dc45ba583a1ee7409b,empirical_copula,,student_t_df5,0.5533854166666666,EMPIRICAL_COPULA_MODEL_SENSITIVITY_NOT_PARAMETRIC_ORDER
CRR-STAGEII-CONFIRM-2026-07-22,21c5b970e734ed79636df2f3882d4d85460c5efa40b88e59b9b9a3f34a25c0ff,E4,202607224041,E4-GAUSSIAN-T0.00,within_family_dependence_sweep,numpy_PCG64,202607224041,512,503314233659dc1ec17433f6c0cbd5a99f7b04d9c0d94c76a3471d1a9f6ded98,gaussian,0.0,student_t_df5,0.0,WITHIN_NAMED_FAMILY_ONLY; scalar tail dependence is not a cross-family order
CRR-STAGEII-CONFIRM-2026-07-22,21c5b970e734ed79636df2f3882d4d85460c5efa40b88e59b9b9a3f34a25c0ff,E4,202607224041,E4-GAUSSIAN-T0.25,within_family_dependence_sweep,numpy_PCG64,202607224041,512,63f8a4d63b8c71e0eda5116230b5cab470d9becd3ddf5d5db9dfe4697133e03b,gaussian,0.25,student_t_df5,0.0,WITHIN_NAMED_FAMILY_ONLY; scalar tail dependence is not a cross-family order
CRR-STAGEII-CONFIRM-2026-07-22,21c5b970e734ed79636df2f3882d4d85460c5efa40b88e59b9b9a3f34a25c0ff,E4,202607224041,E4-GAUSSIAN-T0.50,within_family_dependence_sweep,numpy_PCG64,202607224041,512,63b28b1cbd3dcf0699e27e96f896faa1d88fb8a525076b544bf75806e64afd64,gaussian,0.5,student_t_df5,0.0,WITHIN_NAMED_FAMILY_ONLY; scalar tail dependence is not a cross-family order
CRR-STAGEII-CONFIRM-2026-07-22,21c5b970e734ed79636df2f3882d4d85460c5efa40b88e59b9b9a3f34a25c0ff,E4,202607224041,E4-STUDENT_T_DF4-T0.00,within_family_dependence_sweep,numpy_PCG64,202607224041,512,611519bac52389fdaf67b4f1d44d218a33e341b59e91e2f5228cffc63dc5d699,student_t_df4,0.0,student_t_df5,0.0755868184216124,WITHIN_NAMED_FAMILY_ONLY; scalar tail dependence is not a cross-family order
CRR-STAGEII-CONFIRM-2026-07-22,21c5b970e734ed79636df2f3882d4d85460c5efa40b88e59b9b9a3f34a25c0ff,E4,202607224041,E4-STUDENT_T_DF4-T0.25,within_family_dependence_sweep,numpy_PCG64,202607224041,512,083c36c0d853d3912524a7bb76bc9fd0e0b668a88338988eb8d0d16f8aa9937b,student_t_df4,0.25,student_t_df5,0.1953801683718518,WITHIN_NAMED_FAMILY_ONLY; scalar tail dependence is not a cross-family order
CRR-STAGEII-CONFIRM-2026-07-22,21c5b970e734ed79636df2f3882d4d85460c5efa40b88e59b9b9a3f34a25c0ff,E4,202607224041,E4-STUDENT_T_DF4-T0.50,within_family_dependence_sweep,numpy_PCG64,202607224041,512,b9abdb9a94e8fac4d7c07588790723d6fae0c161e7da994fb4543e8f579573bc,student_t_df4,0.5,student_t_df5,0.3968429135836659,WITHIN_NAMED_FAMILY_ONLY; scalar tail dependence is not a cross-family order
CRR-STAGEII-CONFIRM-2026-07-22,21c5b970e734ed79636df2f3882d4d85460c5efa40b88e59b9b9a3f34a25c0ff,E4,202607224042,E4-CLAYTON-T0.00,within_family_dependence_sweep,numpy_PCG64,202607224042,512,a528dded6bc6d5a64c4b523be5e64768391a89ca0eeec2d76c77d4e0f112eb06,clayton,0.0,student_t_df5,0.0,WITHIN_NAMED_FAMILY_ONLY; scalar tail dependence is not a cross-family order
CRR-STAGEII-CONFIRM-2026-07-22,21c5b970e734ed79636df2f3882d4d85460c5efa40b88e59b9b9a3f34a25c0ff,E4,202607224042,E4-CLAYTON-T0.25,within_family_dependence_sweep,numpy_PCG64,202607224042,512,901ae2dad1dd6dc4012f6f10604ad80c9a7e2db30b4478770b42623d0d936047,clayton,0.25,student_t_df5,0.3535533905932738,WITHIN_NAMED_FAMILY_ONLY; scalar tail dependence is not a cross-family order
CRR-STAGEII-CONFIRM-2026-07-22,21c5b970e734ed79636df2f3882d4d85460c5efa40b88e59b9b9a3f34a25c0ff,E4,202607224042,E4-CLAYTON-T0.50,within_family_dependence_sweep,numpy_PCG64,202607224042,512,9ae943ed606fe4e6e665dd92c2eceb727b0a20c2b1ec5d9b7c660ee6e13747bb,clayton,0.5,student_t_df5,0.7071067811865476,WITHIN_NAMED_FAMILY_ONLY; scalar tail dependence is not a cross-family order
CRR-STAGEII-CONFIRM-2026-07-22,21c5b970e734ed79636df2f3882d4d85460c5efa40b88e59b9b9a3f34a25c0ff,E4,202607224042,E4-EMPIRICAL_COPULA-TEMP,within_family_dependence_sweep,numpy_PCG64,202607224042,512,9f0e43580ae1fbf2950f0474c0081e1c1a0af46287f67eea1b27b4c8741a6ba9,empirical_copula,,student_t_df5,0.5729166666666666,EMPIRICAL_COPULA_MODEL_SENSITIVITY_NOT_PARAMETRIC_ORDER
CRR-STAGEII-CONFIRM-2026-07-22,21c5b970e734ed79636df2f3882d4d85460c5efa40b88e59b9b9a3f34a25c0ff,E4,202607224042,E4-GAUSSIAN-T0.00,within_family_dependence_sweep,numpy_PCG64,202607224042,512,b0389f92393d96c16085000d0fa92c427fbd68f3a8dcf97cb0f4cee8cee7bdbc,gaussian,0.0,student_t_df5,0.0,WITHIN_NAMED_FAMILY_ONLY; scalar tail dependence is not a cross-family order
CRR-STAGEII-CONFIRM-2026-07-22,21c5b970e734ed79636df2f3882d4d85460c5efa40b88e59b9b9a3f34a25c0ff,E4,202607224042,E4-GAUSSIAN-T0.25,within_family_dependence_sweep,numpy_PCG64,202607224042,512,17b627c50e6ffaa8a8fcc5d575348e2a23633efaa381dc9f4266f1fb88a9eebe,gaussian,0.25,student_t_df5,0.0,WITHIN_NAMED_FAMILY_ONLY; scalar tail dependence is not a cross-family order
CRR-STAGEII-CONFIRM-2026-07-22,21c5b970e734ed79636df2f3882d4d85460c5efa40b88e59b9b9a3f34a25c0ff,E4,202607224042,E4-GAUSSIAN-T0.50,within_family_dependence_sweep,numpy_PCG64,202607224042,512,02c2539d40b0e075fc0828c69c51c27ee62140a97a1e3c58cca5e2feeb4b56cb,gaussian,0.5,student_t_df5,0.0,WITHIN_NAMED_FAMILY_ONLY; scalar tail dependence is not a cross-family order
CRR-STAGEII-CONFIRM-2026-07-22,21c5b970e734ed79636df2f3882d4d85460c5efa40b88e59b9b9a3f34a25c0ff,E4,202607224042,E4-STUDENT_T_DF4-T0.00,within_family_dependence_sweep,numpy_PCG64,202607224042,512,28c2fb81ef0abf7391f077b143285f7cca779bc84b339977d01facb0857df919,student_t_df4,0.0,student_t_df5,0.0755868184216124,WITHIN_NAMED_FAMILY_ONLY; scalar tail dependence is not a cross-family order
CRR-STAGEII-CONFIRM-2026-07-22,21c5b970e734ed79636df2f3882d4d85460c5efa40b88e59b9b9a3f34a25c0ff,E4,202607224042,E4-STUDENT_T_DF4-T0.25,within_family_dependence_sweep,numpy_PCG64,202607224042,512,76d0670ce0ffeee447c73ad846d46600423011f4d60a661a8f95b0c5d4d5e914,student_t_df4,0.25,student_t_df5,0.1953801683718518,WITHIN_NAMED_FAMILY_ONLY; scalar tail dependence is not a cross-family order
CRR-STAGEII-CONFIRM-2026-07-22,21c5b970e734ed79636df2f3882d4d85460c5efa40b88e59b9b9a3f34a25c0ff,E4,202607224042,E4-STUDENT_T_DF4-T0.50,within_family_dependence_sweep,numpy_PCG64,202607224042,512,8877b343c76b9e8eb3f3121a27985d3efad059f73e3639d58e4001137efa9e4d,student_t_df4,0.5,student_t_df5,0.3968429135836659,WITHIN_NAMED_FAMILY_ONLY; scalar tail dependence is not a cross-family order
CRR-STAGEII-CONFIRM-2026-07-22,21c5b970e734ed79636df2f3882d4d85460c5efa40b88e59b9b9a3f34a25c0ff,E4,202607224043,E4-CLAYTON-T0.00,within_family_dependence_sweep,numpy_PCG64,202607224043,512,2edaa7888908b21ad47774f111761c12a1af36b343e9e9013512a5572fe02f9d,clayton,0.0,student_t_df5,0.0,WITHIN_NAMED_FAMILY_ONLY; scalar tail dependence is not a cross-family order
CRR-STAGEII-CONFIRM-2026-07-22,21c5b970e734ed79636df2f3882d4d85460c5efa40b88e59b9b9a3f34a25c0ff,E4,202607224043,E4-CLAYTON-T0.25,within_family_dependence_sweep,numpy_PCG64,202607224043,512,fb2bacfe505f645ea2c8b8133471cca1d5a1e06aefb56f8f86810eadf5e48f21,clayton,0.25,student_t_df5,0.3535533905932738,WITHIN_NAMED_FAMILY_ONLY; scalar tail dependence is not a cross-family order
CRR-STAGEII-CONFIRM-2026-07-22,21c5b970e734ed79636df2f3882d4d85460c5efa40b88e59b9b9a3f34a25c0ff,E4,202607224043,E4-CLAYTON-T0.50,within_family_dependence_sweep,numpy_PCG64,202607224043,512,7cc8d4008ba6bc9d98a31881f96bb92308797acfeb201a9683eb42a5bd27265e,clayton,0.5,student_t_df5,0.7071067811865476,WITHIN_NAMED_FAMILY_ONLY; scalar tail dependence is not a cross-family order
CRR-STAGEII-CONFIRM-2026-07-22,21c5b970e734ed79636df2f3882d4d85460c5efa40b88e59b9b9a3f34a25c0ff,E4,202607224043,E4-EMPIRICAL_COPULA-TEMP,within_family_dependence_sweep,numpy_PCG64,202607224043,512,f40c385a6860bbd09de6f5fb879ee76ec3776c3d303cb9e0944c97d3acf4e947,empirical_copula,,student_t_df5,0.5013020833333334,EMPIRICAL_COPULA_MODEL_SENSITIVITY_NOT_PARAMETRIC_ORDER
CRR-STAGEII-CONFIRM-2026-07-22,21c5b970e734ed79636df2f3882d4d85460c5efa40b88e59b9b9a3f34a25c0ff,E4,202607224043,E4-GAUSSIAN-T0.00,within_family_dependence_sweep,numpy_PCG64,202607224043,512,2f31e329ab9438c6749cf3fc8eba44f83acc666d243392f54aff53713bf5ac2c,gaussian,0.0,student_t_df5,0.0,WITHIN_NAMED_FAMILY_ONLY; scalar tail dependence is not a cross-family order
CRR-STAGEII-CONFIRM-2026-07-22,21c5b970e734ed79636df2f3882d4d85460c5efa40b88e59b9b9a3f34a25c0ff,E4,202607224043,E4-GAUSSIAN-T0.25,within_family_dependence_sweep,numpy_PCG64,202607224043,512,81b6b2d4511ff24aa81dff49deed7c1252bb3e3f80fd271f3dd600e4af365353,gaussian,0.25,student_t_df5,0.0,WITHIN_NAMED_FAMILY_ONLY; scalar tail dependence is not a cross-family order
CRR-STAGEII-CONFIRM-2026-07-22,21c5b970e734ed79636df2f3882d4d85460c5efa40b88e59b9b9a3f34a25c0ff,E4,202607224043,E4-GAUSSIAN-T0.50,within_family_dependence_sweep,numpy_PCG64,202607224043,512,3943ad9252ce3708a3a65b4af42031da5364f9150da2de3e88210e5e41fef44c,gaussian,0.5,student_t_df5,0.0,WITHIN_NAMED_FAMILY_ONLY; scalar tail dependence is not a cross-family order
CRR-STAGEII-CONFIRM-2026-07-22,21c5b970e734ed79636df2f3882d4d85460c5efa40b88e59b9b9a3f34a25c0ff,E4,202607224043,E4-STUDENT_T_DF4-T0.00,within_family_dependence_sweep,numpy_PCG64,202607224043,512,f6f590ed8e87003400100e6f847d1255662f84bc7bba24a9a208c6dd96dbf778,student_t_df4,0.0,student_t_df5,0.0755868184216124,WITHIN_NAMED_FAMILY_ONLY; scalar tail dependence is not a cross-family order
CRR-STAGEII-CONFIRM-2026-07-22,21c5b970e734ed79636df2f3882d4d85460c5efa40b88e59b9b9a3f34a25c0ff,E4,202607224043,E4-STUDENT_T_DF4-T0.25,within_family_dependence_sweep,numpy_PCG64,202607224043,512,49a040294e9cf1a6eef949fb41085ce84db041691aa1a894971015d613d494e9,student_t_df4,0.25,student_t_df5,0.1953801683718518,WITHIN_NAMED_FAMILY_ONLY; scalar tail dependence is not a cross-family order
CRR-STAGEII-CONFIRM-2026-07-22,21c5b970e734ed79636df2f3882d4d85460c5efa40b88e59b9b9a3f34a25c0ff,E4,202607224043,E4-STUDENT_T_DF4-T0.50,within_family_dependence_sweep,numpy_PCG64,202607224043,512,801bfce6fee5434300954bc44e4d6a5ad51d1b43ad6f6f0e8db171347416f1b5,student_t_df4,0.5,student_t_df5,0.3968429135836659,WITHIN_NAMED_FAMILY_ONLY; scalar tail dependence is not a cross-family order
CRR-STAGEII-CONFIRM-2026-07-22,21c5b970e734ed79636df2f3882d4d85460c5efa40b88e59b9b9a3f34a25c0ff,E4,202607224044,E4-CLAYTON-T0.00,within_family_dependence_sweep,numpy_PCG64,202607224044,512,5920d78ad49878c465cad3afbc85cab5664dcdeb9feebadcab6939b1c7b13f8d,clayton,0.0,student_t_df5,0.0,WITHIN_NAMED_FAMILY_ONLY; scalar tail dependence is not a cross-family order
CRR-STAGEII-CONFIRM-2026-07-22,21c5b970e734ed79636df2f3882d4d85460c5efa40b88e59b9b9a3f34a25c0ff,E4,202607224044,E4-CLAYTON-T0.25,within_family_dependence_sweep,numpy_PCG64,202607224044,512,a6a78cefa265ce3b7593538a6fd9bf9c1f1b13e2ecda1d281ff89a36b886a372,clayton,0.25,student_t_df5,0.3535533905932738,WITHIN_NAMED_FAMILY_ONLY; scalar tail dependence is not a cross-family order
CRR-STAGEII-CONFIRM-2026-07-22,21c5b970e734ed79636df2f3882d4d85460c5efa40b88e59b9b9a3f34a25c0ff,E4,202607224044,E4-CLAYTON-T0.50,within_family_dependence_sweep,numpy_PCG64,202607224044,512,5a137c4c68d232ad71336b7dc1037c5170093967d377bf06b73094c3f6aa3f79,clayton,0.5,student_t_df5,0.7071067811865476,WITHIN_NAMED_FAMILY_ONLY; scalar tail dependence is not a cross-family order
CRR-STAGEII-CONFIRM-2026-07-22,21c5b970e734ed79636df2f3882d4d85460c5efa40b88e59b9b9a3f34a25c0ff,E4,202607224044,E4-EMPIRICAL_COPULA-TEMP,within_family_dependence_sweep,numpy_PCG64,202607224044,512,33fa1c6f77808a32fb09b13f01dfa8bca076246275923e0da8f9120e4c526535,empirical_copula,,student_t_df5,0.5208333333333334,EMPIRICAL_COPULA_MODEL_SENSITIVITY_NOT_PARAMETRIC_ORDER
CRR-STAGEII-CONFIRM-2026-07-22,21c5b970e734ed79636df2f3882d4d85460c5efa40b88e59b9b9a3f34a25c0ff,E4,202607224044,E4-GAUSSIAN-T0.00,within_family_dependence_sweep,numpy_PCG64,202607224044,512,82dd484e0c6df5584884eac1bf2f4344ab00f89913072d503ff98767008a3d20,gaussian,0.0,student_t_df5,0.0,WITHIN_NAMED_FAMILY_ONLY; scalar tail dependence is not a cross-family order
CRR-STAGEII-CONFIRM-2026-07-22,21c5b970e734ed79636df2f3882d4d85460c5efa40b88e59b9b9a3f34a25c0ff,E4,202607224044,E4-GAUSSIAN-T0.25,within_family_dependence_sweep,numpy_PCG64,202607224044,512,f2afc6989d95eac310e8791ee7a4ff270045f162fe026e4fa39a129a3322ea99,gaussian,0.25,student_t_df5,0.0,WITHIN_NAMED_FAMILY_ONLY; scalar tail dependence is not a cross-family order
CRR-STAGEII-CONFIRM-2026-07-22,21c5b970e734ed79636df2f3882d4d85460c5efa40b88e59b9b9a3f34a25c0ff,E4,202607224044,E4-GAUSSIAN-T0.50,within_family_dependence_sweep,numpy_PCG64,202607224044,512,515665552925cb9849dcdc476b756c7ef4a25d1f4e2a4cab6e77871575dee8fe,gaussian,0.5,student_t_df5,0.0,WITHIN_NAMED_FAMILY_ONLY; scalar tail dependence is not a cross-family order
CRR-STAGEII-CONFIRM-2026-07-22,21c5b970e734ed79636df2f3882d4d85460c5efa40b88e59b9b9a3f34a25c0ff,E4,202607224044,E4-STUDENT_T_DF4-T0.00,within_family_dependence_sweep,numpy_PCG64,202607224044,512,34b630c755b3039e1e093a0d2d28097d2e31170dfdfa772b5adf29cd14fb803b,student_t_df4,0.0,student_t_df5,0.0755868184216124,WITHIN_NAMED_FAMILY_ONLY; scalar tail dependence is not a cross-family order
CRR-STAGEII-CONFIRM-2026-07-22,21c5b970e734ed79636df2f3882d4d85460c5efa40b88e59b9b9a3f34a25c0ff,E4,202607224044,E4-STUDENT_T_DF4-T0.25,within_family_dependence_sweep,numpy_PCG64,202607224044,512,e236c64ab7e2c694206ab39b74cac268873c733aeae4e2aa6e57033ce4556e73,student_t_df4,0.25,student_t_df5,0.1953801683718518,WITHIN_NAMED_FAMILY_ONLY; scalar tail dependence is not a cross-family order
CRR-STAGEII-CONFIRM-2026-07-22,21c5b970e734ed79636df2f3882d4d85460c5efa40b88e59b9b9a3f34a25c0ff,E4,202607224044,E4-STUDENT_T_DF4-T0.50,within_family_dependence_sweep,numpy_PCG64,202607224044,512,3c2c3252d96877bce57ad321d07675bc1bbcf8aa21e05f996cc853ce032ecdcd,student_t_df4,0.5,student_t_df5,0.3968429135836659,WITHIN_NAMED_FAMILY_ONLY; scalar tail dependence is not a cross-family order
CRR-STAGEII-CONFIRM-2026-07-22,21c5b970e734ed79636df2f3882d4d85460c5efa40b88e59b9b9a3f34a25c0ff,E4,202607224045,E4-CLAYTON-T0.00,within_family_dependence_sweep,numpy_PCG64,202607224045,512,dcc4632c3413fa8db92d89b9de441b038da95aca944a7f88db4324261905c688,clayton,0.0,student_t_df5,0.0,WITHIN_NAMED_FAMILY_ONLY; scalar tail dependence is not a cross-family order
CRR-STAGEII-CONFIRM-2026-07-22,21c5b970e734ed79636df2f3882d4d85460c5efa40b88e59b9b9a3f34a25c0ff,E4,202607224045,E4-CLAYTON-T0.25,within_family_dependence_sweep,numpy_PCG64,202607224045,512,d99e5289c4d5cbcfb0875dfe99c64c7a9bab683167c21a7a6e2112f823c3c965,clayton,0.25,student_t_df5,0.3535533905932738,WITHIN_NAMED_FAMILY_ONLY; scalar tail dependence is not a cross-family order
CRR-STAGEII-CONFIRM-2026-07-22,21c5b970e734ed79636df2f3882d4d85460c5efa40b88e59b9b9a3f34a25c0ff,E4,202607224045,E4-CLAYTON-T0.50,within_family_dependence_sweep,numpy_PCG64,202607224045,512,051e31c9197edf0c804834378bc43f0599b4f7c65a46666be845be91d1887888,clayton,0.5,student_t_df5,0.7071067811865476,WITHIN_NAMED_FAMILY_ONLY; scalar tail dependence is not a cross-family order
CRR-STAGEII-CONFIRM-2026-07-22,21c5b970e734ed79636df2f3882d4d85460c5efa40b88e59b9b9a3f34a25c0ff,E4,202607224045,E4-EMPIRICAL_COPULA-TEMP,within_family_dependence_sweep,numpy_PCG64,202607224045,512,289ef779dd0a517913917328e85de1cac3d034d5838286dcdb798b5bec6237fc,empirical_copula,,student_t_df5,0.5533854166666666,EMPIRICAL_COPULA_MODEL_SENSITIVITY_NOT_PARAMETRIC_ORDER
CRR-STAGEII-CONFIRM-2026-07-22,21c5b970e734ed79636df2f3882d4d85460c5efa40b88e59b9b9a3f34a25c0ff,E4,202607224045,E4-GAUSSIAN-T0.00,within_family_dependence_sweep,numpy_PCG64,202607224045,512,a8c866d373d0cf289bb29997b441f59f2381626aea1d09126805bc8a6c937497,gaussian,0.0,student_t_df5,0.0,WITHIN_NAMED_FAMILY_ONLY; scalar tail dependence is not a cross-family order
CRR-STAGEII-CONFIRM-2026-07-22,21c5b970e734ed79636df2f3882d4d85460c5efa40b88e59b9b9a3f34a25c0ff,E4,202607224045,E4-GAUSSIAN-T0.25,within_family_dependence_sweep,numpy_PCG64,202607224045,512,e2f3b75e2d7dddb4bbd9c218fb8fdd3324bc06eff262b5c57c2c526de23db47d,gaussian,0.25,student_t_df5,0.0,WITHIN_NAMED_FAMILY_ONLY; scalar tail dependence is not a cross-family order
CRR-STAGEII-CONFIRM-2026-07-22,21c5b970e734ed79636df2f3882d4d85460c5efa40b88e59b9b9a3f34a25c0ff,E4,202607224045,E4-GAUSSIAN-T0.50,within_family_dependence_sweep,numpy_PCG64,202607224045,512,1a90a4a3510574f4bdc4a1257823f0506aa1720279e57f61695a4368802a9956,gaussian,0.5,student_t_df5,0.0,WITHIN_NAMED_FAMILY_ONLY; scalar tail dependence is not a cross-family order
CRR-STAGEII-CONFIRM-2026-07-22,21c5b970e734ed79636df2f3882d4d85460c5efa40b88e59b9b9a3f34a25c0ff,E4,202607224045,E4-STUDENT_T_DF4-T0.00,within_family_dependence_sweep,numpy_PCG64,202607224045,512,e469c2a3b3312bc366b8fe688a03bfc32d2089e6bb86117ae3f3eb94d26bc0a6,student_t_df4,0.0,student_t_df5,0.0755868184216124,WITHIN_NAMED_FAMILY_ONLY; scalar tail dependence is not a cross-family order
CRR-STAGEII-CONFIRM-2026-07-22,21c5b970e734ed79636df2f3882d4d85460c5efa40b88e59b9b9a3f34a25c0ff,E4,202607224045,E4-STUDENT_T_DF4-T0.25,within_family_dependence_sweep,numpy_PCG64,202607224045,512,6d03b54939f60d06567f0bb9fce861c7d0f84e8a2d1aafa0c10ce5a8782a222d,student_t_df4,0.25,student_t_df5,0.1953801683718518,WITHIN_NAMED_FAMILY_ONLY; scalar tail dependence is not a cross-family order
CRR-STAGEII-CONFIRM-2026-07-22,21c5b970e734ed79636df2f3882d4d85460c5efa40b88e59b9b9a3f34a25c0ff,E4,202607224045,E4-STUDENT_T_DF4-T0.50,within_family_dependence_sweep,numpy_PCG64,202607224045,512,6e6c8b2a76e627927ffa9b3b835a8fa0305763568434b58c82a4a11d6798562c,student_t_df4,0.5,student_t_df5,0.3968429135836659,WITHIN_NAMED_FAMILY_ONLY; scalar tail dependence is not a cross-family order
CRR-STAGEII-CONFIRM-2026-07-22,21c5b970e734ed79636df2f3882d4d85460c5efa40b88e59b9b9a3f34a25c0ff,E4,202607224046,E4-CLAYTON-T0.00,within_family_dependence_sweep,numpy_PCG64,202607224046,512,1ed4bf2ee7e9817e4c88322030fa7f7a7ae2b58233ced123e00cd58d861dd560,clayton,0.0,student_t_df5,0.0,WITHIN_NAMED_FAMILY_ONLY; scalar tail dependence is not a cross-family order
CRR-STAGEII-CONFIRM-2026-07-22,21c5b970e734ed79636df2f3882d4d85460c5efa40b88e59b9b9a3f34a25c0ff,E4,202607224046,E4-CLAYTON-T0.25,within_family_dependence_sweep,numpy_PCG64,202607224046,512,b3f7a916b2b37a60a288f3ca4adaccbe43497324f0325599fac8f2be2c6f2452,clayton,0.25,student_t_df5,0.3535533905932738,WITHIN_NAMED_FAMILY_ONLY; scalar tail dependence is not a cross-family order
CRR-STAGEII-CONFIRM-2026-07-22,21c5b970e734ed79636df2f3882d4d85460c5efa40b88e59b9b9a3f34a25c0ff,E4,202607224046,E4-CLAYTON-T0.50,within_family_dependence_sweep,numpy_PCG64,202607224046,512,f5ce34881a948c81339f614267e56423730a7fe721d484765e4c539b69d424c4,clayton,0.5,student_t_df5,0.7071067811865476,WITHIN_NAMED_FAMILY_ONLY; scalar tail dependence is not a cross-family order
CRR-STAGEII-CONFIRM-2026-07-22,21c5b970e734ed79636df2f3882d4d85460c5efa40b88e59b9b9a3f34a25c0ff,E4,202607224046,E4-EMPIRICAL_COPULA-TEMP,within_family_dependence_sweep,numpy_PCG64,202607224046,512,c0d15addb0b2274a4ed8e6a6e59476c8ef9a32e6e214b1de8a5984e9a6f8c38c,empirical_copula,,student_t_df5,0.5989583333333334,EMPIRICAL_COPULA_MODEL_SENSITIVITY_NOT_PARAMETRIC_ORDER
CRR-STAGEII-CONFIRM-2026-07-22,21c5b970e734ed79636df2f3882d4d85460c5efa40b88e59b9b9a3f34a25c0ff,E4,202607224046,E4-GAUSSIAN-T0.00,within_family_dependence_sweep,numpy_PCG64,202607224046,512,300ceaeb7f5fca579b5082ea2e31ee2d8cf38320ffd69d185b593535fcc40364,gaussian,0.0,student_t_df5,0.0,WITHIN_NAMED_FAMILY_ONLY; scalar tail dependence is not a cross-family order
CRR-STAGEII-CONFIRM-2026-07-22,21c5b970e734ed79636df2f3882d4d85460c5efa40b88e59b9b9a3f34a25c0ff,E4,202607224046,E4-GAUSSIAN-T0.25,within_family_dependence_sweep,numpy_PCG64,202607224046,512,ef50eae58d868b0f1c8f715e99d55556eb59a4afc252d01602e23e2c3e65b422,gaussian,0.25,student_t_df5,0.0,WITHIN_NAMED_FAMILY_ONLY; scalar tail dependence is not a cross-family order
CRR-STAGEII-CONFIRM-2026-07-22,21c5b970e734ed79636df2f3882d4d85460c5efa40b88e59b9b9a3f34a25c0ff,E4,202607224046,E4-GAUSSIAN-T0.50,within_family_dependence_sweep,numpy_PCG64,202607224046,512,f540b704dfa39a62d87bde3cebdd33d082a4714bb31e3612a2399543ad7ef3fd,gaussian,0.5,student_t_df5,0.0,WITHIN_NAMED_FAMILY_ONLY; scalar tail dependence is not a cross-family order
CRR-STAGEII-CONFIRM-2026-07-22,21c5b970e734ed79636df2f3882d4d85460c5efa40b88e59b9b9a3f34a25c0ff,E4,202607224046,E4-STUDENT_T_DF4-T0.00,within_family_dependence_sweep,numpy_PCG64,202607224046,512,add90ccd047dd9f6b002c1e7753f84e0fc0ff2321cb5b7b2e753ce54e1b2cc60,student_t_df4,0.0,student_t_df5,0.0755868184216124,WITHIN_NAMED_FAMILY_ONLY; scalar tail dependence is not a cross-family order
CRR-STAGEII-CONFIRM-2026-07-22,21c5b970e734ed79636df2f3882d4d85460c5efa40b88e59b9b9a3f34a25c0ff,E4,202607224046,E4-STUDENT_T_DF4-T0.25,within_family_dependence_sweep,numpy_PCG64,202607224046,512,6227bde680528e7fdcaf200fa7d2b6c74763b6c4c5ee8df15d160d8fe4ac9fa4,student_t_df4,0.25,student_t_df5,0.1953801683718518,WITHIN_NAMED_FAMILY_ONLY; scalar tail dependence is not a cross-family order
CRR-STAGEII-CONFIRM-2026-07-22,21c5b970e734ed79636df2f3882d4d85460c5efa40b88e59b9b9a3f34a25c0ff,E4,202607224046,E4-STUDENT_T_DF4-T0.50,within_family_dependence_sweep,numpy_PCG64,202607224046,512,9153488a64ed09ca85e12e73cfdf3f68309de92507fc15fe63c311c68e08de05,student_t_df4,0.5,student_t_df5,0.3968429135836659,WITHIN_NAMED_FAMILY_ONLY; scalar tail dependence is not a cross-family order
CRR-STAGEII-CONFIRM-2026-07-22,21c5b970e734ed79636df2f3882d4d85460c5efa40b88e59b9b9a3f34a25c0ff,E4,202607224047,E4-CLAYTON-T0.00,within_family_dependence_sweep,numpy_PCG64,202607224047,512,00294cdf3477ebde4aa46394cc6852cbe180f808be67164c884d6d2d43ee1953,clayton,0.0,student_t_df5,0.0,WITHIN_NAMED_FAMILY_ONLY; scalar tail dependence is not a cross-family order
CRR-STAGEII-CONFIRM-2026-07-22,21c5b970e734ed79636df2f3882d4d85460c5efa40b88e59b9b9a3f34a25c0ff,E4,202607224047,E4-CLAYTON-T0.25,within_family_dependence_sweep,numpy_PCG64,202607224047,512,55f2c66366031103ebf02b1461341224952a090815a88891a274912e671c222c,clayton,0.25,student_t_df5,0.3535533905932738,WITHIN_NAMED_FAMILY_ONLY; scalar tail dependence is not a cross-family order
CRR-STAGEII-CONFIRM-2026-07-22,21c5b970e734ed79636df2f3882d4d85460c5efa40b88e59b9b9a3f34a25c0ff,E4,202607224047,E4-CLAYTON-T0.50,within_family_dependence_sweep,numpy_PCG64,202607224047,512,c07002f808abc6321c4ca6600b370fb92b3daa6f04b67a89c2791856b8b18a15,clayton,0.5,student_t_df5,0.7071067811865476,WITHIN_NAMED_FAMILY_ONLY; scalar tail dependence is not a cross-family order
CRR-STAGEII-CONFIRM-2026-07-22,21c5b970e734ed79636df2f3882d4d85460c5efa40b88e59b9b9a3f34a25c0ff,E4,202607224047,E4-EMPIRICAL_COPULA-TEMP,within_family_dependence_sweep,numpy_PCG64,202607224047,512,72fd58138eaf6a8ea1ea618f8af2091bc1646c28d84f15a884b1cac5497c1342,empirical_copula,,student_t_df5,0.5143229166666666,EMPIRICAL_COPULA_MODEL_SENSITIVITY_NOT_PARAMETRIC_ORDER
CRR-STAGEII-CONFIRM-2026-07-22,21c5b970e734ed79636df2f3882d4d85460c5efa40b88e59b9b9a3f34a25c0ff,E4,202607224047,E4-GAUSSIAN-T0.00,within_family_dependence_sweep,numpy_PCG64,202607224047,512,d5e81de6f2b76bf071c073f46aa664dfb9b17138ccd63c20f575e84c3cbf4a8a,gaussian,0.0,student_t_df5,0.0,WITHIN_NAMED_FAMILY_ONLY; scalar tail dependence is not a cross-family order
CRR-STAGEII-CONFIRM-2026-07-22,21c5b970e734ed79636df2f3882d4d85460c5efa40b88e59b9b9a3f34a25c0ff,E4,202607224047,E4-GAUSSIAN-T0.25,within_family_dependence_sweep,numpy_PCG64,202607224047,512,aa2a5097a22f306b783b9a584a26c315e46d5cfd7211c8cdacc585f711a22027,gaussian,0.25,student_t_df5,0.0,WITHIN_NAMED_FAMILY_ONLY; scalar tail dependence is not a cross-family order
CRR-STAGEII-CONFIRM-2026-07-22,21c5b970e734ed79636df2f3882d4d85460c5efa40b88e59b9b9a3f34a25c0ff,E4,202607224047,E4-GAUSSIAN-T0.50,within_family_dependence_sweep,numpy_PCG64,202607224047,512,1b91296cb6f7692905cf2f1796887db6e92280cd11257c2ad62b9de7e7bb442b,gaussian,0.5,student_t_df5,0.0,WITHIN_NAMED_FAMILY_ONLY; scalar tail dependence is not a cross-family order
CRR-STAGEII-CONFIRM-2026-07-22,21c5b970e734ed79636df2f3882d4d85460c5efa40b88e59b9b9a3f34a25c0ff,E4,202607224047,E4-STUDENT_T_DF4-T0.00,within_family_dependence_sweep,numpy_PCG64,202607224047,512,40bd1208c2088feed84e435122bec790332ca8d3d3016cdaa2ee76be051daae9,student_t_df4,0.0,student_t_df5,0.0755868184216124,WITHIN_NAMED_FAMILY_ONLY; scalar tail dependence is not a cross-family order
CRR-STAGEII-CONFIRM-2026-07-22,21c5b970e734ed79636df2f3882d4d85460c5efa40b88e59b9b9a3f34a25c0ff,E4,202607224047,E4-STUDENT_T_DF4-T0.25,within_family_dependence_sweep,numpy_PCG64,202607224047,512,59149e2ce59f9db50487b785a5e7ef10c6169e6d08b57acc232b616d85ba5a39,student_t_df4,0.25,student_t_df5,0.1953801683718518,WITHIN_NAMED_FAMILY_ONLY; scalar tail dependence is not a cross-family order
CRR-STAGEII-CONFIRM-2026-07-22,21c5b970e734ed79636df2f3882d4d85460c5efa40b88e59b9b9a3f34a25c0ff,E4,202607224047,E4-STUDENT_T_DF4-T0.50,within_family_dependence_sweep,numpy_PCG64,202607224047,512,4b5e8b2cbbb5d550c12941cdc41e713ea7257fa886e2b502a523a0ded574976d,student_t_df4,0.5,student_t_df5,0.3968429135836659,WITHIN_NAMED_FAMILY_ONLY; scalar tail dependence is not a cross-family order
CRR-STAGEII-CONFIRM-2026-07-22,21c5b970e734ed79636df2f3882d4d85460c5efa40b88e59b9b9a3f34a25c0ff,E4,202607224048,E4-CLAYTON-T0.00,within_family_dependence_sweep,numpy_PCG64,202607224048,512,5a9fc8157db0d58e2f979bf7ece465834d34bed81e9d66655db80c62427c3835,clayton,0.0,student_t_df5,0.0,WITHIN_NAMED_FAMILY_ONLY; scalar tail dependence is not a cross-family order
CRR-STAGEII-CONFIRM-2026-07-22,21c5b970e734ed79636df2f3882d4d85460c5efa40b88e59b9b9a3f34a25c0ff,E4,202607224048,E4-CLAYTON-T0.25,within_family_dependence_sweep,numpy_PCG64,202607224048,512,0415bb671e441bb8424e2e463a8e00467dc7a5bed2dae59163467c28768e59e1,clayton,0.25,student_t_df5,0.3535533905932738,WITHIN_NAMED_FAMILY_ONLY; scalar tail dependence is not a cross-family order
CRR-STAGEII-CONFIRM-2026-07-22,21c5b970e734ed79636df2f3882d4d85460c5efa40b88e59b9b9a3f34a25c0ff,E4,202607224048,E4-CLAYTON-T0.50,within_family_dependence_sweep,numpy_PCG64,202607224048,512,f0da47559b775ee7b1390c36772ac223ada08e7872fa7a5b3f110c21827eb662,clayton,0.5,student_t_df5,0.7071067811865476,WITHIN_NAMED_FAMILY_ONLY; scalar tail dependence is not a cross-family order
CRR-STAGEII-CONFIRM-2026-07-22,21c5b970e734ed79636df2f3882d4d85460c5efa40b88e59b9b9a3f34a25c0ff,E4,202607224048,E4-EMPIRICAL_COPULA-TEMP,within_family_dependence_sweep,numpy_PCG64,202607224048,512,72533e7bbf25d0aefdec6a2403e9504d96d786124e08c28f4c739f2e0204b93b,empirical_copula,,student_t_df5,0.41015625,EMPIRICAL_COPULA_MODEL_SENSITIVITY_NOT_PARAMETRIC_ORDER
CRR-STAGEII-CONFIRM-2026-07-22,21c5b970e734ed79636df2f3882d4d85460c5efa40b88e59b9b9a3f34a25c0ff,E4,202607224048,E4-GAUSSIAN-T0.00,within_family_dependence_sweep,numpy_PCG64,202607224048,512,788cc18209f5281352bfd9eb7665c4511a29351b28520ee7fbde804d01ad6d0d,gaussian,0.0,student_t_df5,0.0,WITHIN_NAMED_FAMILY_ONLY; scalar tail dependence is not a cross-family order
CRR-STAGEII-CONFIRM-2026-07-22,21c5b970e734ed79636df2f3882d4d85460c5efa40b88e59b9b9a3f34a25c0ff,E4,202607224048,E4-GAUSSIAN-T0.25,within_family_dependence_sweep,numpy_PCG64,202607224048,512,50514b3e8e116b93c9f50e1e473bc5f256f811ddbdcdd9d4466ebf42c39ec540,gaussian,0.25,student_t_df5,0.0,WITHIN_NAMED_FAMILY_ONLY; scalar tail dependence is not a cross-family order
CRR-STAGEII-CONFIRM-2026-07-22,21c5b970e734ed79636df2f3882d4d85460c5efa40b88e59b9b9a3f34a25c0ff,E4,202607224048,E4-GAUSSIAN-T0.50,within_family_dependence_sweep,numpy_PCG64,202607224048,512,9cfa02c37aaaabcd8549c8eb781d1ab187defdb20cf604759bcf2cb1b1e079fc,gaussian,0.5,student_t_df5,0.0,WITHIN_NAMED_FAMILY_ONLY; scalar tail dependence is not a cross-family order
CRR-STAGEII-CONFIRM-2026-07-22,21c5b970e734ed79636df2f3882d4d85460c5efa40b88e59b9b9a3f34a25c0ff,E4,202607224048,E4-STUDENT_T_DF4-T0.00,within_family_dependence_sweep,numpy_PCG64,202607224048,512,dfbf705ad80c46659d470a30762f4559f6b3df90c5e7f45bd8762f9c712bf26b,student_t_df4,0.0,student_t_df5,0.0755868184216124,WITHIN_NAMED_FAMILY_ONLY; scalar tail dependence is not a cross-family order
CRR-STAGEII-CONFIRM-2026-07-22,21c5b970e734ed79636df2f3882d4d85460c5efa40b88e59b9b9a3f34a25c0ff,E4,202607224048,E4-STUDENT_T_DF4-T0.25,within_family_dependence_sweep,numpy_PCG64,202607224048,512,6699bb8a8446964c59006d9b83cafb3f5c6ad63dfe6c5a94626469f526ee3af2,student_t_df4,0.25,student_t_df5,0.1953801683718518,WITHIN_NAMED_FAMILY_ONLY; scalar tail dependence is not a cross-family order
CRR-STAGEII-CONFIRM-2026-07-22,21c5b970e734ed79636df2f3882d4d85460c5efa40b88e59b9b9a3f34a25c0ff,E4,202607224048,E4-STUDENT_T_DF4-T0.50,within_family_dependence_sweep,numpy_PCG64,202607224048,512,77c29e15f10790fcd1bb8fae8397d6d4e748bdb0e64763fbe389922c936b44e5,student_t_df4,0.5,student_t_df5,0.3968429135836659,WITHIN_NAMED_FAMILY_ONLY; scalar tail dependence is not a cross-family order
CRR-STAGEII-CONFIRM-2026-07-22,21c5b970e734ed79636df2f3882d4d85460c5efa40b88e59b9b9a3f34a25c0ff,E4,202607224049,E4-CLAYTON-T0.00,within_family_dependence_sweep,numpy_PCG64,202607224049,512,07a52b2f9e2d26b0718817d36fdcc111367c69f0f1650257e91d86b2418b3c08,clayton,0.0,student_t_df5,0.0,WITHIN_NAMED_FAMILY_ONLY; scalar tail dependence is not a cross-family order
CRR-STAGEII-CONFIRM-2026-07-22,21c5b970e734ed79636df2f3882d4d85460c5efa40b88e59b9b9a3f34a25c0ff,E4,202607224049,E4-CLAYTON-T0.25,within_family_dependence_sweep,numpy_PCG64,202607224049,512,cf92ab9dbb193c7b0e255e2565f26b9d47bb00d718e126adacee5d95b6b40a55,clayton,0.25,student_t_df5,0.3535533905932738,WITHIN_NAMED_FAMILY_ONLY; scalar tail dependence is not a cross-family order
CRR-STAGEII-CONFIRM-2026-07-22,21c5b970e734ed79636df2f3882d4d85460c5efa40b88e59b9b9a3f34a25c0ff,E4,202607224049,E4-CLAYTON-T0.50,within_family_dependence_sweep,numpy_PCG64,202607224049,512,6ab6b3d2c4fab521099e444c9f933460705d47e31fbabc744919339c6d50b528,clayton,0.5,student_t_df5,0.7071067811865476,WITHIN_NAMED_FAMILY_ONLY; scalar tail dependence is not a cross-family order
CRR-STAGEII-CONFIRM-2026-07-22,21c5b970e734ed79636df2f3882d4d85460c5efa40b88e59b9b9a3f34a25c0ff,E4,202607224049,E4-EMPIRICAL_COPULA-TEMP,within_family_dependence_sweep,numpy_PCG64,202607224049,512,af930daa0dae4b70d01c8cf456d63f5c4ad8a1b716fb4a9be17e4ed2ab601524,empirical_copula,,student_t_df5,0.6770833333333334,EMPIRICAL_COPULA_MODEL_SENSITIVITY_NOT_PARAMETRIC_ORDER
CRR-STAGEII-CONFIRM-2026-07-22,21c5b970e734ed79636df2f3882d4d85460c5efa40b88e59b9b9a3f34a25c0ff,E4,202607224049,E4-GAUSSIAN-T0.00,within_family_dependence_sweep,numpy_PCG64,202607224049,512,8bd813bb729265e7844391dac9352e41a3b9b704c7b7e04a62f5a848094a2995,gaussian,0.0,student_t_df5,0.0,WITHIN_NAMED_FAMILY_ONLY; scalar tail dependence is not a cross-family order
CRR-STAGEII-CONFIRM-2026-07-22,21c5b970e734ed79636df2f3882d4d85460c5efa40b88e59b9b9a3f34a25c0ff,E4,202607224049,E4-GAUSSIAN-T0.25,within_family_dependence_sweep,numpy_PCG64,202607224049,512,4ff74bb063e46eee296859ec1020adb7e0e72d3102bcd938dc6f20fcaf9b2873,gaussian,0.25,student_t_df5,0.0,WITHIN_NAMED_FAMILY_ONLY; scalar tail dependence is not a cross-family order
CRR-STAGEII-CONFIRM-2026-07-22,21c5b970e734ed79636df2f3882d4d85460c5efa40b88e59b9b9a3f34a25c0ff,E4,202607224049,E4-GAUSSIAN-T0.50,within_family_dependence_sweep,numpy_PCG64,202607224049,512,0856c01e687b6b0197e996904db357318a6387c278dfac80c050ca92152877f5,gaussian,0.5,student_t_df5,0.0,WITHIN_NAMED_FAMILY_ONLY; scalar tail dependence is not a cross-family order
CRR-STAGEII-CONFIRM-2026-07-22,21c5b970e734ed79636df2f3882d4d85460c5efa40b88e59b9b9a3f34a25c0ff,E4,202607224049,E4-STUDENT_T_DF4-T0.00,within_family_dependence_sweep,numpy_PCG64,202607224049,512,e0d0ccd7320e54eebfa05fbb8b242bdd3ffe7d1f66b46ee73f2136c21d886985,student_t_df4,0.0,student_t_df5,0.0755868184216124,WITHIN_NAMED_FAMILY_ONLY; scalar tail dependence is not a cross-family order
CRR-STAGEII-CONFIRM-2026-07-22,21c5b970e734ed79636df2f3882d4d85460c5efa40b88e59b9b9a3f34a25c0ff,E4,202607224049,E4-STUDENT_T_DF4-T0.25,within_family_dependence_sweep,numpy_PCG64,202607224049,512,2bc53fe00d3cc76a3aa3bffe8663aae446b8ae6788b92ed865546955e09b743b,student_t_df4,0.25,student_t_df5,0.1953801683718518,WITHIN_NAMED_FAMILY_ONLY; scalar tail dependence is not a cross-family order
CRR-STAGEII-CONFIRM-2026-07-22,21c5b970e734ed79636df2f3882d4d85460c5efa40b88e59b9b9a3f34a25c0ff,E4,202607224049,E4-STUDENT_T_DF4-T0.50,within_family_dependence_sweep,numpy_PCG64,202607224049,512,8cfcbc7071bb5e42f868f5989342794f1a68df44de3bc1e263592c35412e5806,student_t_df4,0.5,student_t_df5,0.3968429135836659,WITHIN_NAMED_FAMILY_ONLY; scalar tail dependence is not a cross-family order
CRR-STAGEII-CONFIRM-2026-07-22,21c5b970e734ed79636df2f3882d4d85460c5efa40b88e59b9b9a3f34a25c0ff,E4,202607224050,E4-CLAYTON-T0.00,within_family_dependence_sweep,numpy_PCG64,202607224050,512,9647d11e28286918f2e395c1e53075dc8ffad1f457eea709734c7e105da9f1da,clayton,0.0,student_t_df5,0.0,WITHIN_NAMED_FAMILY_ONLY; scalar tail dependence is not a cross-family order
CRR-STAGEII-CONFIRM-2026-07-22,21c5b970e734ed79636df2f3882d4d85460c5efa40b88e59b9b9a3f34a25c0ff,E4,202607224050,E4-CLAYTON-T0.25,within_family_dependence_sweep,numpy_PCG64,202607224050,512,b9d118573613a3aa7fda349680b22129ac1439eda6c9590d5aa314681df1c9f2,clayton,0.25,student_t_df5,0.3535533905932738,WITHIN_NAMED_FAMILY_ONLY; scalar tail dependence is not a cross-family order
CRR-STAGEII-CONFIRM-2026-07-22,21c5b970e734ed79636df2f3882d4d85460c5efa40b88e59b9b9a3f34a25c0ff,E4,202607224050,E4-CLAYTON-T0.50,within_family_dependence_sweep,numpy_PCG64,202607224050,512,6cbdbf8f4726009e1d1381ff1da05ce9806d7f4873d515d122a5326104965f66,clayton,0.5,student_t_df5,0.7071067811865476,WITHIN_NAMED_FAMILY_ONLY; scalar tail dependence is not a cross-family order
CRR-STAGEII-CONFIRM-2026-07-22,21c5b970e734ed79636df2f3882d4d85460c5efa40b88e59b9b9a3f34a25c0ff,E4,202607224050,E4-EMPIRICAL_COPULA-TEMP,within_family_dependence_sweep,numpy_PCG64,202607224050,512,f99f284e615fbfbc509c6ef67fae44e5a36063bb54a1ffef614956ddb370d39f,empirical_copula,,student_t_df5,0.5924479166666666,EMPIRICAL_COPULA_MODEL_SENSITIVITY_NOT_PARAMETRIC_ORDER
CRR-STAGEII-CONFIRM-2026-07-22,21c5b970e734ed79636df2f3882d4d85460c5efa40b88e59b9b9a3f34a25c0ff,E4,202607224050,E4-GAUSSIAN-T0.00,within_family_dependence_sweep,numpy_PCG64,202607224050,512,f7114cbe758c9a3002c52828ca0aee336bcd78bb4cba10d1d2b2e171ff4c100f,gaussian,0.0,student_t_df5,0.0,WITHIN_NAMED_FAMILY_ONLY; scalar tail dependence is not a cross-family order
CRR-STAGEII-CONFIRM-2026-07-22,21c5b970e734ed79636df2f3882d4d85460c5efa40b88e59b9b9a3f34a25c0ff,E4,202607224050,E4-GAUSSIAN-T0.25,within_family_dependence_sweep,numpy_PCG64,202607224050,512,116c35ac7cdea09f6c1bf9fa863c7443db45dce6c2ca9d11de41c9697fd6e561,gaussian,0.25,student_t_df5,0.0,WITHIN_NAMED_FAMILY_ONLY; scalar tail dependence is not a cross-family order
CRR-STAGEII-CONFIRM-2026-07-22,21c5b970e734ed79636df2f3882d4d85460c5efa40b88e59b9b9a3f34a25c0ff,E4,202607224050,E4-GAUSSIAN-T0.50,within_family_dependence_sweep,numpy_PCG64,202607224050,512,86f82494e000d39de1c37cafc6ac201777ba1db83f36d9fcb4f0b93923f569c3,gaussian,0.5,student_t_df5,0.0,WITHIN_NAMED_FAMILY_ONLY; scalar tail dependence is not a cross-family order
CRR-STAGEII-CONFIRM-2026-07-22,21c5b970e734ed79636df2f3882d4d85460c5efa40b88e59b9b9a3f34a25c0ff,E4,202607224050,E4-STUDENT_T_DF4-T0.00,within_family_dependence_sweep,numpy_PCG64,202607224050,512,933d073cf3916ce9356060618b33aff2bbfa9b5ea1982b8383e4da6b3466754c,student_t_df4,0.0,student_t_df5,0.0755868184216124,WITHIN_NAMED_FAMILY_ONLY; scalar tail dependence is not a cross-family order
CRR-STAGEII-CONFIRM-2026-07-22,21c5b970e734ed79636df2f3882d4d85460c5efa40b88e59b9b9a3f34a25c0ff,E4,202607224050,E4-STUDENT_T_DF4-T0.25,within_family_dependence_sweep,numpy_PCG64,202607224050,512,9fc1845baefc053ed5ec924085c365fa623b3f184d84234bb1017a1cb8ff7c10,student_t_df4,0.25,student_t_df5,0.1953801683718518,WITHIN_NAMED_FAMILY_ONLY; scalar tail dependence is not a cross-family order
CRR-STAGEII-CONFIRM-2026-07-22,21c5b970e734ed79636df2f3882d4d85460c5efa40b88e59b9b9a3f34a25c0ff,E4,202607224050,E4-STUDENT_T_DF4-T0.50,within_family_dependence_sweep,numpy_PCG64,202607224050,512,5bf5b4464a82bc080e93f3d2101be6cac75cd2027ce1f16d5a2f50e92d95bf42,student_t_df4,0.5,student_t_df5,0.3968429135836659,WITHIN_NAMED_FAMILY_ONLY; scalar tail dependence is not a cross-family order
CRR-STAGEII-CONFIRM-2026-07-22,21c5b970e734ed79636df2f3882d4d85460c5efa40b88e59b9b9a3f34a25c0ff,E4,202607224051,E4-CLAYTON-T0.00,within_family_dependence_sweep,numpy_PCG64,202607224051,512,7b1a3f987541c62f024b2b0d7c73ee230aa5f816f5963e2ce432b86b1bcc9ca2,clayton,0.0,student_t_df5,0.0,WITHIN_NAMED_FAMILY_ONLY; scalar tail dependence is not a cross-family order
CRR-STAGEII-CONFIRM-2026-07-22,21c5b970e734ed79636df2f3882d4d85460c5efa40b88e59b9b9a3f34a25c0ff,E4,202607224051,E4-CLAYTON-T0.25,within_family_dependence_sweep,numpy_PCG64,202607224051,512,b78d22b564b920c3fc736d3a7b4204ec854d0a1e9fdcfaf1e75cf3eecb431ea8,clayton,0.25,student_t_df5,0.3535533905932738,WITHIN_NAMED_FAMILY_ONLY; scalar tail dependence is not a cross-family order
CRR-STAGEII-CONFIRM-2026-07-22,21c5b970e734ed79636df2f3882d4d85460c5efa40b88e59b9b9a3f34a25c0ff,E4,202607224051,E4-CLAYTON-T0.50,within_family_dependence_sweep,numpy_PCG64,202607224051,512,7cd85b1f32333669839cf7bdb5bc96771c33ae4c04eb1dff99477ae2697115e8,clayton,0.5,student_t_df5,0.7071067811865476,WITHIN_NAMED_FAMILY_ONLY; scalar tail dependence is not a cross-family order
CRR-STAGEII-CONFIRM-2026-07-22,21c5b970e734ed79636df2f3882d4d85460c5efa40b88e59b9b9a3f34a25c0ff,E4,202607224051,E4-EMPIRICAL_COPULA-TEMP,within_family_dependence_sweep,numpy_PCG64,202607224051,512,af039465c05053b9061e773a1ea65815d91ee24b4ba1ea22a087737bb70a1449,empirical_copula,,student_t_df5,0.64453125,EMPIRICAL_COPULA_MODEL_SENSITIVITY_NOT_PARAMETRIC_ORDER
CRR-STAGEII-CONFIRM-2026-07-22,21c5b970e734ed79636df2f3882d4d85460c5efa40b88e59b9b9a3f34a25c0ff,E4,202607224051,E4-GAUSSIAN-T0.00,within_family_dependence_sweep,numpy_PCG64,202607224051,512,1b8482b5c3ae97ea467e493870bb910c6fd91e0be4aa8812232fc38197d998cd,gaussian,0.0,student_t_df5,0.0,WITHIN_NAMED_FAMILY_ONLY; scalar tail dependence is not a cross-family order
CRR-STAGEII-CONFIRM-2026-07-22,21c5b970e734ed79636df2f3882d4d85460c5efa40b88e59b9b9a3f34a25c0ff,E4,202607224051,E4-GAUSSIAN-T0.25,within_family_dependence_sweep,numpy_PCG64,202607224051,512,fdc888e7293b362b16daecb6cddda06f720c2fd6ee0e62bc493208a8cdbd1747,gaussian,0.25,student_t_df5,0.0,WITHIN_NAMED_FAMILY_ONLY; scalar tail dependence is not a cross-family order
CRR-STAGEII-CONFIRM-2026-07-22,21c5b970e734ed79636df2f3882d4d85460c5efa40b88e59b9b9a3f34a25c0ff,E4,202607224051,E4-GAUSSIAN-T0.50,within_family_dependence_sweep,numpy_PCG64,202607224051,512,68360d48419d91221d22a5dad66dc5695d05e1ad740268f77a5b2401d2749077,gaussian,0.5,student_t_df5,0.0,WITHIN_NAMED_FAMILY_ONLY; scalar tail dependence is not a cross-family order
CRR-STAGEII-CONFIRM-2026-07-22,21c5b970e734ed79636df2f3882d4d85460c5efa40b88e59b9b9a3f34a25c0ff,E4,202607224051,E4-STUDENT_T_DF4-T0.00,within_family_dependence_sweep,numpy_PCG64,202607224051,512,effb3a791259dd3b0e33593032043420c1851d3b2554ed54fb2d249e909e9c6f,student_t_df4,0.0,student_t_df5,0.0755868184216124,WITHIN_NAMED_FAMILY_ONLY; scalar tail dependence is not a cross-family order
CRR-STAGEII-CONFIRM-2026-07-22,21c5b970e734ed79636df2f3882d4d85460c5efa40b88e59b9b9a3f34a25c0ff,E4,202607224051,E4-STUDENT_T_DF4-T0.25,within_family_dependence_sweep,numpy_PCG64,202607224051,512,1297d7f0f3cd1fd3ede7fb36a19243b8e80fe8290c27725f1fa20ba934c47ad3,student_t_df4,0.25,student_t_df5,0.1953801683718518,WITHIN_NAMED_FAMILY_ONLY; scalar tail dependence is not a cross-family order
CRR-STAGEII-CONFIRM-2026-07-22,21c5b970e734ed79636df2f3882d4d85460c5efa40b88e59b9b9a3f34a25c0ff,E4,202607224051,E4-STUDENT_T_DF4-T0.50,within_family_dependence_sweep,numpy_PCG64,202607224051,512,e9f06e6bbd5f4dd7edde6347522a01e002dcd8212cf083cbed06ce47a6cff27c,student_t_df4,0.5,student_t_df5,0.3968429135836659,WITHIN_NAMED_FAMILY_ONLY; scalar tail dependence is not a cross-family order
CRR-STAGEII-CONFIRM-2026-07-22,21c5b970e734ed79636df2f3882d4d85460c5efa40b88e59b9b9a3f34a25c0ff,E4,202607224052,E4-CLAYTON-T0.00,within_family_dependence_sweep,numpy_PCG64,202607224052,512,56788edc4158014903f543a772922b1d9feeb22101b04a2b7ff29bd61b70f9c4,clayton,0.0,student_t_df5,0.0,WITHIN_NAMED_FAMILY_ONLY; scalar tail dependence is not a cross-family order
CRR-STAGEII-CONFIRM-2026-07-22,21c5b970e734ed79636df2f3882d4d85460c5efa40b88e59b9b9a3f34a25c0ff,E4,202607224052,E4-CLAYTON-T0.25,within_family_dependence_sweep,numpy_PCG64,202607224052,512,c8a0a55b5fd54701e8707328ecac91d36ab62213e83953fa0a5757128f0d31a1,clayton,0.25,student_t_df5,0.3535533905932738,WITHIN_NAMED_FAMILY_ONLY; scalar tail dependence is not a cross-family order
CRR-STAGEII-CONFIRM-2026-07-22,21c5b970e734ed79636df2f3882d4d85460c5efa40b88e59b9b9a3f34a25c0ff,E4,202607224052,E4-CLAYTON-T0.50,within_family_dependence_sweep,numpy_PCG64,202607224052,512,7302d0ab7948f943d8cde4b65fe5bb89ea278679dc3bc3d7000c72e494227167,clayton,0.5,student_t_df5,0.7071067811865476,WITHIN_NAMED_FAMILY_ONLY; scalar tail dependence is not a cross-family order
CRR-STAGEII-CONFIRM-2026-07-22,21c5b970e734ed79636df2f3882d4d85460c5efa40b88e59b9b9a3f34a25c0ff,E4,202607224052,E4-EMPIRICAL_COPULA-TEMP,within_family_dependence_sweep,numpy_PCG64,202607224052,512,d7d9a9e57e8d1caf483039b824025c6fdff49321d2b9ad2ddba59c37fd7874cc,empirical_copula,,student_t_df5,0.72265625,EMPIRICAL_COPULA_MODEL_SENSITIVITY_NOT_PARAMETRIC_ORDER
CRR-STAGEII-CONFIRM-2026-07-22,21c5b970e734ed79636df2f3882d4d85460c5efa40b88e59b9b9a3f34a25c0ff,E4,202607224052,E4-GAUSSIAN-T0.00,within_family_dependence_sweep,numpy_PCG64,202607224052,512,86c5201f3af662d7b431f87f1f054d4e2e433ff4e048dc077e74badab675e088,gaussian,0.0,student_t_df5,0.0,WITHIN_NAMED_FAMILY_ONLY; scalar tail dependence is not a cross-family order
CRR-STAGEII-CONFIRM-2026-07-22,21c5b970e734ed79636df2f3882d4d85460c5efa40b88e59b9b9a3f34a25c0ff,E4,202607224052,E4-GAUSSIAN-T0.25,within_family_dependence_sweep,numpy_PCG64,202607224052,512,9cec0ab528c37e3a7545e9d55ad072267d29622856f3e57d7c5c631eb9e42911,gaussian,0.25,student_t_df5,0.0,WITHIN_NAMED_FAMILY_ONLY; scalar tail dependence is not a cross-family order
CRR-STAGEII-CONFIRM-2026-07-22,21c5b970e734ed79636df2f3882d4d85460c5efa40b88e59b9b9a3f34a25c0ff,E4,202607224052,E4-GAUSSIAN-T0.50,within_family_dependence_sweep,numpy_PCG64,202607224052,512,16665ab6a4706b183e95276fd0de61f872aa961f42d48eafae2751fef5f6ea30,gaussian,0.5,student_t_df5,0.0,WITHIN_NAMED_FAMILY_ONLY; scalar tail dependence is not a cross-family order
CRR-STAGEII-CONFIRM-2026-07-22,21c5b970e734ed79636df2f3882d4d85460c5efa40b88e59b9b9a3f34a25c0ff,E4,202607224052,E4-STUDENT_T_DF4-T0.00,within_family_dependence_sweep,numpy_PCG64,202607224052,512,a32eed19c95978648df8864c9848db1c5e7cbfc929642632a169a3eb61912ed8,student_t_df4,0.0,student_t_df5,0.0755868184216124,WITHIN_NAMED_FAMILY_ONLY; scalar tail dependence is not a cross-family order
CRR-STAGEII-CONFIRM-2026-07-22,21c5b970e734ed79636df2f3882d4d85460c5efa40b88e59b9b9a3f34a25c0ff,E4,202607224052,E4-STUDENT_T_DF4-T0.25,within_family_dependence_sweep,numpy_PCG64,202607224052,512,1188a3285f46ea49cbfccc033b5a76b7bae2c54d3e66f7eede6f28d0106f686c,student_t_df4,0.25,student_t_df5,0.1953801683718518,WITHIN_NAMED_FAMILY_ONLY; scalar tail dependence is not a cross-family order
CRR-STAGEII-CONFIRM-2026-07-22,21c5b970e734ed79636df2f3882d4d85460c5efa40b88e59b9b9a3f34a25c0ff,E4,202607224052,E4-STUDENT_T_DF4-T0.50,within_family_dependence_sweep,numpy_PCG64,202607224052,512,b4f50c80e6f026262bd6c17b09c63e855478456de18c22f093d57b577bf055d6,student_t_df4,0.5,student_t_df5,0.3968429135836659,WITHIN_NAMED_FAMILY_ONLY; scalar tail dependence is not a cross-family order
CRR-STAGEII-CONFIRM-2026-07-22,21c5b970e734ed79636df2f3882d4d85460c5efa40b88e59b9b9a3f34a25c0ff,E4,202607224053,E4-CLAYTON-T0.00,within_family_dependence_sweep,numpy_PCG64,202607224053,512,b39bd643fd98f0edf31ed8530fca8d855f637e7abfef4f092055a743530e4e3e,clayton,0.0,student_t_df5,0.0,WITHIN_NAMED_FAMILY_ONLY; scalar tail dependence is not a cross-family order
CRR-STAGEII-CONFIRM-2026-07-22,21c5b970e734ed79636df2f3882d4d85460c5efa40b88e59b9b9a3f34a25c0ff,E4,202607224053,E4-CLAYTON-T0.25,within_family_dependence_sweep,numpy_PCG64,202607224053,512,1ff50d0e19893ae8cf6cceb7cb5634a4a0e52257f3a38b9ee72288217fb6131c,clayton,0.25,student_t_df5,0.3535533905932738,WITHIN_NAMED_FAMILY_ONLY; scalar tail dependence is not a cross-family order
CRR-STAGEII-CONFIRM-2026-07-22,21c5b970e734ed79636df2f3882d4d85460c5efa40b88e59b9b9a3f34a25c0ff,E4,202607224053,E4-CLAYTON-T0.50,within_family_dependence_sweep,numpy_PCG64,202607224053,512,daf1e78e1d319d11e59a82613894a47195d65d962bc0311695dfb2a4121aebd6,clayton,0.5,student_t_df5,0.7071067811865476,WITHIN_NAMED_FAMILY_ONLY; scalar tail dependence is not a cross-family order
CRR-STAGEII-CONFIRM-2026-07-22,21c5b970e734ed79636df2f3882d4d85460c5efa40b88e59b9b9a3f34a25c0ff,E4,202607224053,E4-EMPIRICAL_COPULA-TEMP,within_family_dependence_sweep,numpy_PCG64,202607224053,512,d8727f98fbf52565c6fba5c238c4ac92d10cca92f655af6c4d4e127ed7937b90,empirical_copula,,student_t_df5,0.5859375,EMPIRICAL_COPULA_MODEL_SENSITIVITY_NOT_PARAMETRIC_ORDER
CRR-STAGEII-CONFIRM-2026-07-22,21c5b970e734ed79636df2f3882d4d85460c5efa40b88e59b9b9a3f34a25c0ff,E4,202607224053,E4-GAUSSIAN-T0.00,within_family_dependence_sweep,numpy_PCG64,202607224053,512,9b182bfe6215dae34d813e7421114269c13a89973cae8046248767a1741122a1,gaussian,0.0,student_t_df5,0.0,WITHIN_NAMED_FAMILY_ONLY; scalar tail dependence is not a cross-family order
CRR-STAGEII-CONFIRM-2026-07-22,21c5b970e734ed79636df2f3882d4d85460c5efa40b88e59b9b9a3f34a25c0ff,E4,202607224053,E4-GAUSSIAN-T0.25,within_family_dependence_sweep,numpy_PCG64,202607224053,512,294d9f90771cd7ebf76149d9003ea29bd8b50887fd8dd1fc08c53d2146b32852,gaussian,0.25,student_t_df5,0.0,WITHIN_NAMED_FAMILY_ONLY; scalar tail dependence is not a cross-family order
CRR-STAGEII-CONFIRM-2026-07-22,21c5b970e734ed79636df2f3882d4d85460c5efa40b88e59b9b9a3f34a25c0ff,E4,202607224053,E4-GAUSSIAN-T0.50,within_family_dependence_sweep,numpy_PCG64,202607224053,512,94d0093cc4e0f474f6f07af41d38b339a0bbe218346a216603ec813606048e85,gaussian,0.5,student_t_df5,0.0,WITHIN_NAMED_FAMILY_ONLY; scalar tail dependence is not a cross-family order
CRR-STAGEII-CONFIRM-2026-07-22,21c5b970e734ed79636df2f3882d4d85460c5efa40b88e59b9b9a3f34a25c0ff,E4,202607224053,E4-STUDENT_T_DF4-T0.00,within_family_dependence_sweep,numpy_PCG64,202607224053,512,f235ba842d5180e956a8ac15ae977780b807fe0f4abda680308a938ec0f1e716,student_t_df4,0.0,student_t_df5,0.0755868184216124,WITHIN_NAMED_FAMILY_ONLY; scalar tail dependence is not a cross-family order
CRR-STAGEII-CONFIRM-2026-07-22,21c5b970e734ed79636df2f3882d4d85460c5efa40b88e59b9b9a3f34a25c0ff,E4,202607224053,E4-STUDENT_T_DF4-T0.25,within_family_dependence_sweep,numpy_PCG64,202607224053,512,5345b48b2a205dc069285e020d747d3abeea6d4fb846c50e2d34843269f7257a,student_t_df4,0.25,student_t_df5,0.1953801683718518,WITHIN_NAMED_FAMILY_ONLY; scalar tail dependence is not a cross-family order
CRR-STAGEII-CONFIRM-2026-07-22,21c5b970e734ed79636df2f3882d4d85460c5efa40b88e59b9b9a3f34a25c0ff,E4,202607224053,E4-STUDENT_T_DF4-T0.50,within_family_dependence_sweep,numpy_PCG64,202607224053,512,5535fe1fd965fe80a721b75352ecc22a4e8e5162cedb087374233a47ddbc4cee,student_t_df4,0.5,student_t_df5,0.3968429135836659,WITHIN_NAMED_FAMILY_ONLY; scalar tail dependence is not a cross-family order
CRR-STAGEII-CONFIRM-2026-07-22,21c5b970e734ed79636df2f3882d4d85460c5efa40b88e59b9b9a3f34a25c0ff,E4,202607224054,E4-CLAYTON-T0.00,within_family_dependence_sweep,numpy_PCG64,202607224054,512,e09d831cf0f264689ec8f1bc17c6c034938d633d1c72791ab043de3e85f6e652,clayton,0.0,student_t_df5,0.0,WITHIN_NAMED_FAMILY_ONLY; scalar tail dependence is not a cross-family order
CRR-STAGEII-CONFIRM-2026-07-22,21c5b970e734ed79636df2f3882d4d85460c5efa40b88e59b9b9a3f34a25c0ff,E4,202607224054,E4-CLAYTON-T0.25,within_family_dependence_sweep,numpy_PCG64,202607224054,512,efb9115ee47029919705664b3c8155fdef278e0caeb50bc0b25f98679ec35e4a,clayton,0.25,student_t_df5,0.3535533905932738,WITHIN_NAMED_FAMILY_ONLY; scalar tail dependence is not a cross-family order
CRR-STAGEII-CONFIRM-2026-07-22,21c5b970e734ed79636df2f3882d4d85460c5efa40b88e59b9b9a3f34a25c0ff,E4,202607224054,E4-CLAYTON-T0.50,within_family_dependence_sweep,numpy_PCG64,202607224054,512,1ceb2ce1d119628f8d801ff2f8b5597e2d4e6b6ba4f4d3a3b7907f4dd3bb8ab2,clayton,0.5,student_t_df5,0.7071067811865476,WITHIN_NAMED_FAMILY_ONLY; scalar tail dependence is not a cross-family order
CRR-STAGEII-CONFIRM-2026-07-22,21c5b970e734ed79636df2f3882d4d85460c5efa40b88e59b9b9a3f34a25c0ff,E4,202607224054,E4-EMPIRICAL_COPULA-TEMP,within_family_dependence_sweep,numpy_PCG64,202607224054,512,91a29b97cb00c4b698dcce6a99113cd4f582f0702e66d1f9ee962acc106863ba,empirical_copula,,student_t_df5,0.7486979166666666,EMPIRICAL_COPULA_MODEL_SENSITIVITY_NOT_PARAMETRIC_ORDER
CRR-STAGEII-CONFIRM-2026-07-22,21c5b970e734ed79636df2f3882d4d85460c5efa40b88e59b9b9a3f34a25c0ff,E4,202607224054,E4-GAUSSIAN-T0.00,within_family_dependence_sweep,numpy_PCG64,202607224054,512,2f0b2ba962a6651b688e29d1493b1a057e435836cf81990458d70f344ea2296e,gaussian,0.0,student_t_df5,0.0,WITHIN_NAMED_FAMILY_ONLY; scalar tail dependence is not a cross-family order
CRR-STAGEII-CONFIRM-2026-07-22,21c5b970e734ed79636df2f3882d4d85460c5efa40b88e59b9b9a3f34a25c0ff,E4,202607224054,E4-GAUSSIAN-T0.25,within_family_dependence_sweep,numpy_PCG64,202607224054,512,e09e4bd867ecd8fbea41e2dbaaf739f8fa3f8ce1c824a86ece2ee65e542e92a9,gaussian,0.25,student_t_df5,0.0,WITHIN_NAMED_FAMILY_ONLY; scalar tail dependence is not a cross-family order
CRR-STAGEII-CONFIRM-2026-07-22,21c5b970e734ed79636df2f3882d4d85460c5efa40b88e59b9b9a3f34a25c0ff,E4,202607224054,E4-GAUSSIAN-T0.50,within_family_dependence_sweep,numpy_PCG64,202607224054,512,eb1c80b273539c46a6f2ebd205fa22e1d002636e73398b284ef20ba10997e17c,gaussian,0.5,student_t_df5,0.0,WITHIN_NAMED_FAMILY_ONLY; scalar tail dependence is not a cross-family order
CRR-STAGEII-CONFIRM-2026-07-22,21c5b970e734ed79636df2f3882d4d85460c5efa40b88e59b9b9a3f34a25c0ff,E4,202607224054,E4-STUDENT_T_DF4-T0.00,within_family_dependence_sweep,numpy_PCG64,202607224054,512,9c9fce66ae687517129db502f06aa3d4f3964217320ac938fa2af8a43e9f7a96,student_t_df4,0.0,student_t_df5,0.0755868184216124,WITHIN_NAMED_FAMILY_ONLY; scalar tail dependence is not a cross-family order
CRR-STAGEII-CONFIRM-2026-07-22,21c5b970e734ed79636df2f3882d4d85460c5efa40b88e59b9b9a3f34a25c0ff,E4,202607224054,E4-STUDENT_T_DF4-T0.25,within_family_dependence_sweep,numpy_PCG64,202607224054,512,713fe96d59d39fcfbc8b4e8df37d1d6e41a8492d96ad22a40413a7d5b4e8e855,student_t_df4,0.25,student_t_df5,0.1953801683718518,WITHIN_NAMED_FAMILY_ONLY; scalar tail dependence is not a cross-family order
CRR-STAGEII-CONFIRM-2026-07-22,21c5b970e734ed79636df2f3882d4d85460c5efa40b88e59b9b9a3f34a25c0ff,E4,202607224054,E4-STUDENT_T_DF4-T0.50,within_family_dependence_sweep,numpy_PCG64,202607224054,512,80ec322d4da4dd93e17c5a53ad3682af87f0ff7fef5e0bf5c971080bc2132186,student_t_df4,0.5,student_t_df5,0.3968429135836659,WITHIN_NAMED_FAMILY_ONLY; scalar tail dependence is not a cross-family order
CRR-STAGEII-CONFIRM-2026-07-22,21c5b970e734ed79636df2f3882d4d85460c5efa40b88e59b9b9a3f34a25c0ff,E4,202607224055,E4-CLAYTON-T0.00,within_family_dependence_sweep,numpy_PCG64,202607224055,512,f29b574b36f80ad023afb605df775ac676bf5047eac5af59644c4360982a786f,clayton,0.0,student_t_df5,0.0,WITHIN_NAMED_FAMILY_ONLY; scalar tail dependence is not a cross-family order
CRR-STAGEII-CONFIRM-2026-07-22,21c5b970e734ed79636df2f3882d4d85460c5efa40b88e59b9b9a3f34a25c0ff,E4,202607224055,E4-CLAYTON-T0.25,within_family_dependence_sweep,numpy_PCG64,202607224055,512,49158dfefa223003179ad5e9395574103c1a31c1231830ae8c92971036c7dc03,clayton,0.25,student_t_df5,0.3535533905932738,WITHIN_NAMED_FAMILY_ONLY; scalar tail dependence is not a cross-family order
CRR-STAGEII-CONFIRM-2026-07-22,21c5b970e734ed79636df2f3882d4d85460c5efa40b88e59b9b9a3f34a25c0ff,E4,202607224055,E4-CLAYTON-T0.50,within_family_dependence_sweep,numpy_PCG64,202607224055,512,418bc743f260d9fd8fca96c539b4aea96553023181d172a647f4e2cadb3f09d7,clayton,0.5,student_t_df5,0.7071067811865476,WITHIN_NAMED_FAMILY_ONLY; scalar tail dependence is not a cross-family order
CRR-STAGEII-CONFIRM-2026-07-22,21c5b970e734ed79636df2f3882d4d85460c5efa40b88e59b9b9a3f34a25c0ff,E4,202607224055,E4-EMPIRICAL_COPULA-TEMP,within_family_dependence_sweep,numpy_PCG64,202607224055,512,caab59fbf0329aed7e1ab7f94f9aacfde418ae29b7a50bd9f497ab376b6eebfa,empirical_copula,,student_t_df5,0.6575520833333334,EMPIRICAL_COPULA_MODEL_SENSITIVITY_NOT_PARAMETRIC_ORDER
CRR-STAGEII-CONFIRM-2026-07-22,21c5b970e734ed79636df2f3882d4d85460c5efa40b88e59b9b9a3f34a25c0ff,E4,202607224055,E4-GAUSSIAN-T0.00,within_family_dependence_sweep,numpy_PCG64,202607224055,512,a74c7fa9a9b4c063b30f08a76f8c6aa940c3d213e2e84c95d2af455cd50ca981,gaussian,0.0,student_t_df5,0.0,WITHIN_NAMED_FAMILY_ONLY; scalar tail dependence is not a cross-family order
CRR-STAGEII-CONFIRM-2026-07-22,21c5b970e734ed79636df2f3882d4d85460c5efa40b88e59b9b9a3f34a25c0ff,E4,202607224055,E4-GAUSSIAN-T0.25,within_family_dependence_sweep,numpy_PCG64,202607224055,512,e0c770a34a0a50314771fb9e25a02379b06a7ae2eb6db0ec4e1d5eb41b491623,gaussian,0.25,student_t_df5,0.0,WITHIN_NAMED_FAMILY_ONLY; scalar tail dependence is not a cross-family order
CRR-STAGEII-CONFIRM-2026-07-22,21c5b970e734ed79636df2f3882d4d85460c5efa40b88e59b9b9a3f34a25c0ff,E4,202607224055,E4-GAUSSIAN-T0.50,within_family_dependence_sweep,numpy_PCG64,202607224055,512,1d65fef146f854db50a971392e9ee9674029fe6f2269f4d857dd2a0b8bfbabb3,gaussian,0.5,student_t_df5,0.0,WITHIN_NAMED_FAMILY_ONLY; scalar tail dependence is not a cross-family order
CRR-STAGEII-CONFIRM-2026-07-22,21c5b970e734ed79636df2f3882d4d85460c5efa40b88e59b9b9a3f34a25c0ff,E4,202607224055,E4-STUDENT_T_DF4-T0.00,within_family_dependence_sweep,numpy_PCG64,202607224055,512,23eabb72ba49a3aad92c2a2732fd130d7637b4f17cc55562c9886ef8d951fdf2,student_t_df4,0.0,student_t_df5,0.0755868184216124,WITHIN_NAMED_FAMILY_ONLY; scalar tail dependence is not a cross-family order
CRR-STAGEII-CONFIRM-2026-07-22,21c5b970e734ed79636df2f3882d4d85460c5efa40b88e59b9b9a3f34a25c0ff,E4,202607224055,E4-STUDENT_T_DF4-T0.25,within_family_dependence_sweep,numpy_PCG64,202607224055,512,361b96ae25fb60235305a88380c2ce4b2cb0a41b485625b318511a780f672a90,student_t_df4,0.25,student_t_df5,0.1953801683718518,WITHIN_NAMED_FAMILY_ONLY; scalar tail dependence is not a cross-family order
CRR-STAGEII-CONFIRM-2026-07-22,21c5b970e734ed79636df2f3882d4d85460c5efa40b88e59b9b9a3f34a25c0ff,E4,202607224055,E4-STUDENT_T_DF4-T0.50,within_family_dependence_sweep,numpy_PCG64,202607224055,512,9ccc0490d60d429d949a0a4d01ee1164a26fe166b37ca208aab40c10cb336cec,student_t_df4,0.5,student_t_df5,0.3968429135836659,WITHIN_NAMED_FAMILY_ONLY; scalar tail dependence is not a cross-family order
CRR-STAGEII-CONFIRM-2026-07-22,21c5b970e734ed79636df2f3882d4d85460c5efa40b88e59b9b9a3f34a25c0ff,E4,202607224056,E4-CLAYTON-T0.00,within_family_dependence_sweep,numpy_PCG64,202607224056,512,b672cd53a17d737b56751819bb55be1a1be69e48a8a9696097f392f65d0341f3,clayton,0.0,student_t_df5,0.0,WITHIN_NAMED_FAMILY_ONLY; scalar tail dependence is not a cross-family order
CRR-STAGEII-CONFIRM-2026-07-22,21c5b970e734ed79636df2f3882d4d85460c5efa40b88e59b9b9a3f34a25c0ff,E4,202607224056,E4-CLAYTON-T0.25,within_family_dependence_sweep,numpy_PCG64,202607224056,512,abc9128fde3568b010e23aac72c28c3da0c1be5a5bec0b0b4c781811a9e61819,clayton,0.25,student_t_df5,0.3535533905932738,WITHIN_NAMED_FAMILY_ONLY; scalar tail dependence is not a cross-family order
CRR-STAGEII-CONFIRM-2026-07-22,21c5b970e734ed79636df2f3882d4d85460c5efa40b88e59b9b9a3f34a25c0ff,E4,202607224056,E4-CLAYTON-T0.50,within_family_dependence_sweep,numpy_PCG64,202607224056,512,f6bf22f7941ee846395682a5188fc2ad7eff46afdcc91f0251d1016b1aa25dbd,clayton,0.5,student_t_df5,0.7071067811865476,WITHIN_NAMED_FAMILY_ONLY; scalar tail dependence is not a cross-family order
CRR-STAGEII-CONFIRM-2026-07-22,21c5b970e734ed79636df2f3882d4d85460c5efa40b88e59b9b9a3f34a25c0ff,E4,202607224056,E4-EMPIRICAL_COPULA-TEMP,within_family_dependence_sweep,numpy_PCG64,202607224056,512,565a70293ded554d0cedfc7e7d8f8058a0f9d3946fbe6380fc6e313c1d66f6d7,empirical_copula,,student_t_df5,0.5143229166666666,EMPIRICAL_COPULA_MODEL_SENSITIVITY_NOT_PARAMETRIC_ORDER
CRR-STAGEII-CONFIRM-2026-07-22,21c5b970e734ed79636df2f3882d4d85460c5efa40b88e59b9b9a3f34a25c0ff,E4,202607224056,E4-GAUSSIAN-T0.00,within_family_dependence_sweep,numpy_PCG64,202607224056,512,054706a57301a878e21f35009d78bcc1a39eac7318cc54db544bfba42291ce95,gaussian,0.0,student_t_df5,0.0,WITHIN_NAMED_FAMILY_ONLY; scalar tail dependence is not a cross-family order
CRR-STAGEII-CONFIRM-2026-07-22,21c5b970e734ed79636df2f3882d4d85460c5efa40b88e59b9b9a3f34a25c0ff,E4,202607224056,E4-GAUSSIAN-T0.25,within_family_dependence_sweep,numpy_PCG64,202607224056,512,f81e13f14a6eed85fcd36a57705ba17c2aa54d226033c4956da4bbe3a56f81d2,gaussian,0.25,student_t_df5,0.0,WITHIN_NAMED_FAMILY_ONLY; scalar tail dependence is not a cross-family order
CRR-STAGEII-CONFIRM-2026-07-22,21c5b970e734ed79636df2f3882d4d85460c5efa40b88e59b9b9a3f34a25c0ff,E4,202607224056,E4-GAUSSIAN-T0.50,within_family_dependence_sweep,numpy_PCG64,202607224056,512,9db5e8c39e2387def5fd376ad97d544c324cb474ba0088156803e7a289b9369a,gaussian,0.5,student_t_df5,0.0,WITHIN_NAMED_FAMILY_ONLY; scalar tail dependence is not a cross-family order
CRR-STAGEII-CONFIRM-2026-07-22,21c5b970e734ed79636df2f3882d4d85460c5efa40b88e59b9b9a3f34a25c0ff,E4,202607224056,E4-STUDENT_T_DF4-T0.00,within_family_dependence_sweep,numpy_PCG64,202607224056,512,291941fbf0c9cc8187b1f5b1cd895220ab024b5631b0ae92f9d54e064bca7758,student_t_df4,0.0,student_t_df5,0.0755868184216124,WITHIN_NAMED_FAMILY_ONLY; scalar tail dependence is not a cross-family order
CRR-STAGEII-CONFIRM-2026-07-22,21c5b970e734ed79636df2f3882d4d85460c5efa40b88e59b9b9a3f34a25c0ff,E4,202607224056,E4-STUDENT_T_DF4-T0.25,within_family_dependence_sweep,numpy_PCG64,202607224056,512,d7599dd7af8a3d067ca51a0a915f19b2fb50a83a5432826ae303067807c43366,student_t_df4,0.25,student_t_df5,0.1953801683718518,WITHIN_NAMED_FAMILY_ONLY; scalar tail dependence is not a cross-family order
CRR-STAGEII-CONFIRM-2026-07-22,21c5b970e734ed79636df2f3882d4d85460c5efa40b88e59b9b9a3f34a25c0ff,E4,202607224056,E4-STUDENT_T_DF4-T0.50,within_family_dependence_sweep,numpy_PCG64,202607224056,512,7d8e34374bf25f16280fa8990a47f4197eef1cffd5c1b07bb64cbbbfd2d6a6c7,student_t_df4,0.5,student_t_df5,0.3968429135836659,WITHIN_NAMED_FAMILY_ONLY; scalar tail dependence is not a cross-family order
CRR-STAGEII-CONFIRM-2026-07-22,21c5b970e734ed79636df2f3882d4d85460c5efa40b88e59b9b9a3f34a25c0ff,E4,202607224057,E4-CLAYTON-T0.00,within_family_dependence_sweep,numpy_PCG64,202607224057,512,a74eae422d099a5e8776b72086fe157b691bfc297b991883ae763f70e18082a1,clayton,0.0,student_t_df5,0.0,WITHIN_NAMED_FAMILY_ONLY; scalar tail dependence is not a cross-family order
CRR-STAGEII-CONFIRM-2026-07-22,21c5b970e734ed79636df2f3882d4d85460c5efa40b88e59b9b9a3f34a25c0ff,E4,202607224057,E4-CLAYTON-T0.25,within_family_dependence_sweep,numpy_PCG64,202607224057,512,f725d8165d3d84e79798c2cdcd97875ffcb6cc866c561942e1c748f2b744ecb3,clayton,0.25,student_t_df5,0.3535533905932738,WITHIN_NAMED_FAMILY_ONLY; scalar tail dependence is not a cross-family order
CRR-STAGEII-CONFIRM-2026-07-22,21c5b970e734ed79636df2f3882d4d85460c5efa40b88e59b9b9a3f34a25c0ff,E4,202607224057,E4-CLAYTON-T0.50,within_family_dependence_sweep,numpy_PCG64,202607224057,512,e725f653cdd834dd3c1f555f1e939bc4207bdd2b6342a8398bdd2f152b8282ff,clayton,0.5,student_t_df5,0.7071067811865476,WITHIN_NAMED_FAMILY_ONLY; scalar tail dependence is not a cross-family order
CRR-STAGEII-CONFIRM-2026-07-22,21c5b970e734ed79636df2f3882d4d85460c5efa40b88e59b9b9a3f34a25c0ff,E4,202607224057,E4-EMPIRICAL_COPULA-TEMP,within_family_dependence_sweep,numpy_PCG64,202607224057,512,fa934d46eb810e0deb7d1db0e2c0a5499f2f7ae464711176f501b13718658d16,empirical_copula,,student_t_df5,0.5729166666666666,EMPIRICAL_COPULA_MODEL_SENSITIVITY_NOT_PARAMETRIC_ORDER
CRR-STAGEII-CONFIRM-2026-07-22,21c5b970e734ed79636df2f3882d4d85460c5efa40b88e59b9b9a3f34a25c0ff,E4,202607224057,E4-GAUSSIAN-T0.00,within_family_dependence_sweep,numpy_PCG64,202607224057,512,d050ff63cbe2bb994f8716dd3c1b4d22ba6092b9cf134b87e32c394c49328617,gaussian,0.0,student_t_df5,0.0,WITHIN_NAMED_FAMILY_ONLY; scalar tail dependence is not a cross-family order
CRR-STAGEII-CONFIRM-2026-07-22,21c5b970e734ed79636df2f3882d4d85460c5efa40b88e59b9b9a3f34a25c0ff,E4,202607224057,E4-GAUSSIAN-T0.25,within_family_dependence_sweep,numpy_PCG64,202607224057,512,fcc7c4ebd59cb21ec596fe18f27940fc4df44c528c79301722875ec7dccdeb2f,gaussian,0.25,student_t_df5,0.0,WITHIN_NAMED_FAMILY_ONLY; scalar tail dependence is not a cross-family order
CRR-STAGEII-CONFIRM-2026-07-22,21c5b970e734ed79636df2f3882d4d85460c5efa40b88e59b9b9a3f34a25c0ff,E4,202607224057,E4-GAUSSIAN-T0.50,within_family_dependence_sweep,numpy_PCG64,202607224057,512,cc0bcf76083b227a4353dcb62064dfa3d0ed6b8e4a62e1cbd679e43b8e674299,gaussian,0.5,student_t_df5,0.0,WITHIN_NAMED_FAMILY_ONLY; scalar tail dependence is not a cross-family order
CRR-STAGEII-CONFIRM-2026-07-22,21c5b970e734ed79636df2f3882d4d85460c5efa40b88e59b9b9a3f34a25c0ff,E4,202607224057,E4-STUDENT_T_DF4-T0.00,within_family_dependence_sweep,numpy_PCG64,202607224057,512,ff863c3351577e992f223fc07f755111d9605d484aabd8e557d8f46bdb41df6e,student_t_df4,0.0,student_t_df5,0.0755868184216124,WITHIN_NAMED_FAMILY_ONLY; scalar tail dependence is not a cross-family order
CRR-STAGEII-CONFIRM-2026-07-22,21c5b970e734ed79636df2f3882d4d85460c5efa40b88e59b9b9a3f34a25c0ff,E4,202607224057,E4-STUDENT_T_DF4-T0.25,within_family_dependence_sweep,numpy_PCG64,202607224057,512,20e92117c76930f49a6f97014d589f6511805383a56d2fdee43a276733711a3d,student_t_df4,0.25,student_t_df5,0.1953801683718518,WITHIN_NAMED_FAMILY_ONLY; scalar tail dependence is not a cross-family order
CRR-STAGEII-CONFIRM-2026-07-22,21c5b970e734ed79636df2f3882d4d85460c5efa40b88e59b9b9a3f34a25c0ff,E4,202607224057,E4-STUDENT_T_DF4-T0.50,within_family_dependence_sweep,numpy_PCG64,202607224057,512,53f7920b9d639045a688778fe3024bb018dc782f64fad1d0f0fc1d21ba14e5d5,student_t_df4,0.5,student_t_df5,0.3968429135836659,WITHIN_NAMED_FAMILY_ONLY; scalar tail dependence is not a cross-family order
CRR-STAGEII-CONFIRM-2026-07-22,21c5b970e734ed79636df2f3882d4d85460c5efa40b88e59b9b9a3f34a25c0ff,E4,202607224058,E4-CLAYTON-T0.00,within_family_dependence_sweep,numpy_PCG64,202607224058,512,f2f252696ef7dc79c162ffbc1997df4c509c70813919ae72a68db13b31a8cb23,clayton,0.0,student_t_df5,0.0,WITHIN_NAMED_FAMILY_ONLY; scalar tail dependence is not a cross-family order
CRR-STAGEII-CONFIRM-2026-07-22,21c5b970e734ed79636df2f3882d4d85460c5efa40b88e59b9b9a3f34a25c0ff,E4,202607224058,E4-CLAYTON-T0.25,within_family_dependence_sweep,numpy_PCG64,202607224058,512,d2ae0c69b08504e3864037d2014207f2ac4a85ff9795a48a66a004a744399a47,clayton,0.25,student_t_df5,0.3535533905932738,WITHIN_NAMED_FAMILY_ONLY; scalar tail dependence is not a cross-family order
CRR-STAGEII-CONFIRM-2026-07-22,21c5b970e734ed79636df2f3882d4d85460c5efa40b88e59b9b9a3f34a25c0ff,E4,202607224058,E4-CLAYTON-T0.50,within_family_dependence_sweep,numpy_PCG64,202607224058,512,e3fdf18824971060b1fcf14b7a02671d8942f456722f5a1f9f0f7511eb5b1b34,clayton,0.5,student_t_df5,0.7071067811865476,WITHIN_NAMED_FAMILY_ONLY; scalar tail dependence is not a cross-family order
CRR-STAGEII-CONFIRM-2026-07-22,21c5b970e734ed79636df2f3882d4d85460c5efa40b88e59b9b9a3f34a25c0ff,E4,202607224058,E4-EMPIRICAL_COPULA-TEMP,within_family_dependence_sweep,numpy_PCG64,202607224058,512,b0c6024508cba569e2ea26f131142427612b9fe28feabaa35e078670ddb197df,empirical_copula,,student_t_df5,0.546875,EMPIRICAL_COPULA_MODEL_SENSITIVITY_NOT_PARAMETRIC_ORDER
CRR-STAGEII-CONFIRM-2026-07-22,21c5b970e734ed79636df2f3882d4d85460c5efa40b88e59b9b9a3f34a25c0ff,E4,202607224058,E4-GAUSSIAN-T0.00,within_family_dependence_sweep,numpy_PCG64,202607224058,512,4e6219a4a19d8fb3e0badc2ad9b34d3fa5e7a6518d0656a61a86b3d8135e203a,gaussian,0.0,student_t_df5,0.0,WITHIN_NAMED_FAMILY_ONLY; scalar tail dependence is not a cross-family order
CRR-STAGEII-CONFIRM-2026-07-22,21c5b970e734ed79636df2f3882d4d85460c5efa40b88e59b9b9a3f34a25c0ff,E4,202607224058,E4-GAUSSIAN-T0.25,within_family_dependence_sweep,numpy_PCG64,202607224058,512,e4990ce7e2cf1ec80c72aa2a41944198270e2528ec03b4bcecd1ef0e314fbd3f,gaussian,0.25,student_t_df5,0.0,WITHIN_NAMED_FAMILY_ONLY; scalar tail dependence is not a cross-family order
CRR-STAGEII-CONFIRM-2026-07-22,21c5b970e734ed79636df2f3882d4d85460c5efa40b88e59b9b9a3f34a25c0ff,E4,202607224058,E4-GAUSSIAN-T0.50,within_family_dependence_sweep,numpy_PCG64,202607224058,512,777cf6f60db4f98d28ddcddd5e78f2071874137d2f21b95fa992dcedab936d18,gaussian,0.5,student_t_df5,0.0,WITHIN_NAMED_FAMILY_ONLY; scalar tail dependence is not a cross-family order
CRR-STAGEII-CONFIRM-2026-07-22,21c5b970e734ed79636df2f3882d4d85460c5efa40b88e59b9b9a3f34a25c0ff,E4,202607224058,E4-STUDENT_T_DF4-T0.00,within_family_dependence_sweep,numpy_PCG64,202607224058,512,d014a0b34cc540fe6b58509e399f779be090852c91e2e87c566cc300087779ad,student_t_df4,0.0,student_t_df5,0.0755868184216124,WITHIN_NAMED_FAMILY_ONLY; scalar tail dependence is not a cross-family order
CRR-STAGEII-CONFIRM-2026-07-22,21c5b970e734ed79636df2f3882d4d85460c5efa40b88e59b9b9a3f34a25c0ff,E4,202607224058,E4-STUDENT_T_DF4-T0.25,within_family_dependence_sweep,numpy_PCG64,202607224058,512,5cf03ed84e86849e48230d8a8075eaf055c5242b64e2eeaf1a8b7b328ef2dca3,student_t_df4,0.25,student_t_df5,0.1953801683718518,WITHIN_NAMED_FAMILY_ONLY; scalar tail dependence is not a cross-family order
CRR-STAGEII-CONFIRM-2026-07-22,21c5b970e734ed79636df2f3882d4d85460c5efa40b88e59b9b9a3f34a25c0ff,E4,202607224058,E4-STUDENT_T_DF4-T0.50,within_family_dependence_sweep,numpy_PCG64,202607224058,512,03f401f88a25f4e3a1e73afdfab774f36ddb436dee64ca1632cb677755e31eaf,student_t_df4,0.5,student_t_df5,0.3968429135836659,WITHIN_NAMED_FAMILY_ONLY; scalar tail dependence is not a cross-family order
CRR-STAGEII-CONFIRM-2026-07-22,21c5b970e734ed79636df2f3882d4d85460c5efa40b88e59b9b9a3f34a25c0ff,E4,202607224059,E4-CLAYTON-T0.00,within_family_dependence_sweep,numpy_PCG64,202607224059,512,18b08e0367c5c5fbf2f62766e20c65090868e5e885a6f84e837161b48507e5a7,clayton,0.0,student_t_df5,0.0,WITHIN_NAMED_FAMILY_ONLY; scalar tail dependence is not a cross-family order
CRR-STAGEII-CONFIRM-2026-07-22,21c5b970e734ed79636df2f3882d4d85460c5efa40b88e59b9b9a3f34a25c0ff,E4,202607224059,E4-CLAYTON-T0.25,within_family_dependence_sweep,numpy_PCG64,202607224059,512,06de5a12cc82d6f447591b41133f1cde2b86def2184787017875f448a17a1439,clayton,0.25,student_t_df5,0.3535533905932738,WITHIN_NAMED_FAMILY_ONLY; scalar tail dependence is not a cross-family order
CRR-STAGEII-CONFIRM-2026-07-22,21c5b970e734ed79636df2f3882d4d85460c5efa40b88e59b9b9a3f34a25c0ff,E4,202607224059,E4-CLAYTON-T0.50,within_family_dependence_sweep,numpy_PCG64,202607224059,512,700a01d67098da9185febf095d7569dddb58ecf2470195e9d62a1ba4d3652b20,clayton,0.5,student_t_df5,0.7071067811865476,WITHIN_NAMED_FAMILY_ONLY; scalar tail dependence is not a cross-family order
CRR-STAGEII-CONFIRM-2026-07-22,21c5b970e734ed79636df2f3882d4d85460c5efa40b88e59b9b9a3f34a25c0ff,E4,202607224059,E4-EMPIRICAL_COPULA-TEMP,within_family_dependence_sweep,numpy_PCG64,202607224059,512,cb978dfb32d31e6deba05e0b08e77884de5582c31a2621337410d6f585766674,empirical_copula,,student_t_df5,0.52734375,EMPIRICAL_COPULA_MODEL_SENSITIVITY_NOT_PARAMETRIC_ORDER
CRR-STAGEII-CONFIRM-2026-07-22,21c5b970e734ed79636df2f3882d4d85460c5efa40b88e59b9b9a3f34a25c0ff,E4,202607224059,E4-GAUSSIAN-T0.00,within_family_dependence_sweep,numpy_PCG64,202607224059,512,c506982577d08b0cf8652b1779268e2ba473b8313aaeb86241b39c4806264225,gaussian,0.0,student_t_df5,0.0,WITHIN_NAMED_FAMILY_ONLY; scalar tail dependence is not a cross-family order
CRR-STAGEII-CONFIRM-2026-07-22,21c5b970e734ed79636df2f3882d4d85460c5efa40b88e59b9b9a3f34a25c0ff,E4,202607224059,E4-GAUSSIAN-T0.25,within_family_dependence_sweep,numpy_PCG64,202607224059,512,798c4123e62f7835aa6ed1749e350f7db9d9b51bc74cbf397686546d276f9be1,gaussian,0.25,student_t_df5,0.0,WITHIN_NAMED_FAMILY_ONLY; scalar tail dependence is not a cross-family order
CRR-STAGEII-CONFIRM-2026-07-22,21c5b970e734ed79636df2f3882d4d85460c5efa40b88e59b9b9a3f34a25c0ff,E4,202607224059,E4-GAUSSIAN-T0.50,within_family_dependence_sweep,numpy_PCG64,202607224059,512,34c2e7bbe07604cca8c0b1bd4b36ee62a2452ea7e21580ba21a16d18239607da,gaussian,0.5,student_t_df5,0.0,WITHIN_NAMED_FAMILY_ONLY; scalar tail dependence is not a cross-family order
CRR-STAGEII-CONFIRM-2026-07-22,21c5b970e734ed79636df2f3882d4d85460c5efa40b88e59b9b9a3f34a25c0ff,E4,202607224059,E4-STUDENT_T_DF4-T0.00,within_family_dependence_sweep,numpy_PCG64,202607224059,512,32ccba4aaa222b033bb1651f9883e99e74169cfde70bd76dedfc0a7772da647a,student_t_df4,0.0,student_t_df5,0.0755868184216124,WITHIN_NAMED_FAMILY_ONLY; scalar tail dependence is not a cross-family order
CRR-STAGEII-CONFIRM-2026-07-22,21c5b970e734ed79636df2f3882d4d85460c5efa40b88e59b9b9a3f34a25c0ff,E4,202607224059,E4-STUDENT_T_DF4-T0.25,within_family_dependence_sweep,numpy_PCG64,202607224059,512,84c0dbf11ccf64b2f46b0c321bf26d89203a2192fdaf4ff585407a040f8c1a73,student_t_df4,0.25,student_t_df5,0.1953801683718518,WITHIN_NAMED_FAMILY_ONLY; scalar tail dependence is not a cross-family order
CRR-STAGEII-CONFIRM-2026-07-22,21c5b970e734ed79636df2f3882d4d85460c5efa40b88e59b9b9a3f34a25c0ff,E4,202607224059,E4-STUDENT_T_DF4-T0.50,within_family_dependence_sweep,numpy_PCG64,202607224059,512,d1b96f8b4c47ae3a60fad985aecd8eb6b33d8b3b3ddb41f80266b9300bfc7ee6,student_t_df4,0.5,student_t_df5,0.3968429135836659,WITHIN_NAMED_FAMILY_ONLY; scalar tail dependence is not a cross-family order
CRR-STAGEII-CONFIRM-2026-07-22,21c5b970e734ed79636df2f3882d4d85460c5efa40b88e59b9b9a3f34a25c0ff,E4,202607224060,E4-CLAYTON-T0.00,within_family_dependence_sweep,numpy_PCG64,202607224060,512,8d6a46e57b52829b6bcd692f67bd51e75f0bbb580e79a17723b8e2eb6c49a7c9,clayton,0.0,student_t_df5,0.0,WITHIN_NAMED_FAMILY_ONLY; scalar tail dependence is not a cross-family order
CRR-STAGEII-CONFIRM-2026-07-22,21c5b970e734ed79636df2f3882d4d85460c5efa40b88e59b9b9a3f34a25c0ff,E4,202607224060,E4-CLAYTON-T0.25,within_family_dependence_sweep,numpy_PCG64,202607224060,512,77f105f1f51bdebe876bcc2b4fda9a3f38d685a6083dc6c849faa4ee4c00dfb5,clayton,0.25,student_t_df5,0.3535533905932738,WITHIN_NAMED_FAMILY_ONLY; scalar tail dependence is not a cross-family order
CRR-STAGEII-CONFIRM-2026-07-22,21c5b970e734ed79636df2f3882d4d85460c5efa40b88e59b9b9a3f34a25c0ff,E4,202607224060,E4-CLAYTON-T0.50,within_family_dependence_sweep,numpy_PCG64,202607224060,512,3ffef1e6cd22ea9b6cedf401d58fd78bc115958e4412d3051a3453389d8f1bcf,clayton,0.5,student_t_df5,0.7071067811865476,WITHIN_NAMED_FAMILY_ONLY; scalar tail dependence is not a cross-family order
CRR-STAGEII-CONFIRM-2026-07-22,21c5b970e734ed79636df2f3882d4d85460c5efa40b88e59b9b9a3f34a25c0ff,E4,202607224060,E4-EMPIRICAL_COPULA-TEMP,within_family_dependence_sweep,numpy_PCG64,202607224060,512,8815b41502b315910ba0f7f36ce1e8d299b5cc428b19a0913813e29cd63a812b,empirical_copula,,student_t_df5,0.7942708333333334,EMPIRICAL_COPULA_MODEL_SENSITIVITY_NOT_PARAMETRIC_ORDER
CRR-STAGEII-CONFIRM-2026-07-22,21c5b970e734ed79636df2f3882d4d85460c5efa40b88e59b9b9a3f34a25c0ff,E4,202607224060,E4-GAUSSIAN-T0.00,within_family_dependence_sweep,numpy_PCG64,202607224060,512,08619c57b58d63ad3c8105c1b9e7ac44181d5de88eb3a50ee5b29f105294e6b4,gaussian,0.0,student_t_df5,0.0,WITHIN_NAMED_FAMILY_ONLY; scalar tail dependence is not a cross-family order
CRR-STAGEII-CONFIRM-2026-07-22,21c5b970e734ed79636df2f3882d4d85460c5efa40b88e59b9b9a3f34a25c0ff,E4,202607224060,E4-GAUSSIAN-T0.25,within_family_dependence_sweep,numpy_PCG64,202607224060,512,20d6b79d88aae6eda1d4cc4d5c6dcfbfe9f3fb05c4d9f4eb48d91bdb22c42db5,gaussian,0.25,student_t_df5,0.0,WITHIN_NAMED_FAMILY_ONLY; scalar tail dependence is not a cross-family order
CRR-STAGEII-CONFIRM-2026-07-22,21c5b970e734ed79636df2f3882d4d85460c5efa40b88e59b9b9a3f34a25c0ff,E4,202607224060,E4-GAUSSIAN-T0.50,within_family_dependence_sweep,numpy_PCG64,202607224060,512,34eb97733cb9c36acbbe712da08df9ea929a9203a28f76cd92c47e9e079087b1,gaussian,0.5,student_t_df5,0.0,WITHIN_NAMED_FAMILY_ONLY; scalar tail dependence is not a cross-family order
CRR-STAGEII-CONFIRM-2026-07-22,21c5b970e734ed79636df2f3882d4d85460c5efa40b88e59b9b9a3f34a25c0ff,E4,202607224060,E4-STUDENT_T_DF4-T0.00,within_family_dependence_sweep,numpy_PCG64,202607224060,512,107034e19007315c946097d70db1da8584ebe59400b1fa861e1e99693f7a3a86,student_t_df4,0.0,student_t_df5,0.0755868184216124,WITHIN_NAMED_FAMILY_ONLY; scalar tail dependence is not a cross-family order
CRR-STAGEII-CONFIRM-2026-07-22,21c5b970e734ed79636df2f3882d4d85460c5efa40b88e59b9b9a3f34a25c0ff,E4,202607224060,E4-STUDENT_T_DF4-T0.25,within_family_dependence_sweep,numpy_PCG64,202607224060,512,559c7ae4fd25d28861bb45123b7b21677a53ba7c352a5318a8f1e3a27dcc74ee,student_t_df4,0.25,student_t_df5,0.1953801683718518,WITHIN_NAMED_FAMILY_ONLY; scalar tail dependence is not a cross-family order
CRR-STAGEII-CONFIRM-2026-07-22,21c5b970e734ed79636df2f3882d4d85460c5efa40b88e59b9b9a3f34a25c0ff,E4,202607224060,E4-STUDENT_T_DF4-T0.50,within_family_dependence_sweep,numpy_PCG64,202607224060,512,088a2ecd3a6e8d138e1d4e6d1b697ce856d7c9fd9a5865fdb818a835a4777555,student_t_df4,0.5,student_t_df5,0.3968429135836659,WITHIN_NAMED_FAMILY_ONLY; scalar tail dependence is not a cross-family order
CRR-STAGEII-CONFIRM-2026-07-22,21c5b970e734ed79636df2f3882d4d85460c5efa40b88e59b9b9a3f34a25c0ff,E4,202607224061,E4-CLAYTON-T0.00,within_family_dependence_sweep,numpy_PCG64,202607224061,512,813e429e76c08baa8161aff8f5bb69b98a815c753d9218a7e748088e26bb32c2,clayton,0.0,student_t_df5,0.0,WITHIN_NAMED_FAMILY_ONLY; scalar tail dependence is not a cross-family order
CRR-STAGEII-CONFIRM-2026-07-22,21c5b970e734ed79636df2f3882d4d85460c5efa40b88e59b9b9a3f34a25c0ff,E4,202607224061,E4-CLAYTON-T0.25,within_family_dependence_sweep,numpy_PCG64,202607224061,512,33923addb8452340a81a6e48c4d9db9c4de2e26c4d2885e749f1000a57c08d55,clayton,0.25,student_t_df5,0.3535533905932738,WITHIN_NAMED_FAMILY_ONLY; scalar tail dependence is not a cross-family order
CRR-STAGEII-CONFIRM-2026-07-22,21c5b970e734ed79636df2f3882d4d85460c5efa40b88e59b9b9a3f34a25c0ff,E4,202607224061,E4-CLAYTON-T0.50,within_family_dependence_sweep,numpy_PCG64,202607224061,512,cb5a89e0e24cd3b4ea731e773d19c34a12623553b454d333a45aa6d88c184c7e,clayton,0.5,student_t_df5,0.7071067811865476,WITHIN_NAMED_FAMILY_ONLY; scalar tail dependence is not a cross-family order
CRR-STAGEII-CONFIRM-2026-07-22,21c5b970e734ed79636df2f3882d4d85460c5efa40b88e59b9b9a3f34a25c0ff,E4,202607224061,E4-EMPIRICAL_COPULA-TEMP,within_family_dependence_sweep,numpy_PCG64,202607224061,512,84e3f76370eada6948977bee564f8f662452e45bedac1482af41ddb41d4aee9f,empirical_copula,,student_t_df5,0.6184895833333334,EMPIRICAL_COPULA_MODEL_SENSITIVITY_NOT_PARAMETRIC_ORDER
CRR-STAGEII-CONFIRM-2026-07-22,21c5b970e734ed79636df2f3882d4d85460c5efa40b88e59b9b9a3f34a25c0ff,E4,202607224061,E4-GAUSSIAN-T0.00,within_family_dependence_sweep,numpy_PCG64,202607224061,512,2e6cc17bb448106483fa71daad3265d77180deddff2e778af9dfe23bc6253d2b,gaussian,0.0,student_t_df5,0.0,WITHIN_NAMED_FAMILY_ONLY; scalar tail dependence is not a cross-family order
CRR-STAGEII-CONFIRM-2026-07-22,21c5b970e734ed79636df2f3882d4d85460c5efa40b88e59b9b9a3f34a25c0ff,E4,202607224061,E4-GAUSSIAN-T0.25,within_family_dependence_sweep,numpy_PCG64,202607224061,512,9b9814b9c32551350b01d7d1b36616bb666b26b73386b6cfcd2c327c52e11cf0,gaussian,0.25,student_t_df5,0.0,WITHIN_NAMED_FAMILY_ONLY; scalar tail dependence is not a cross-family order
CRR-STAGEII-CONFIRM-2026-07-22,21c5b970e734ed79636df2f3882d4d85460c5efa40b88e59b9b9a3f34a25c0ff,E4,202607224061,E4-GAUSSIAN-T0.50,within_family_dependence_sweep,numpy_PCG64,202607224061,512,97a4434ecf198c3a0d2592796152682069ce0835cdc7961b5d58b7b5f3dad840,gaussian,0.5,student_t_df5,0.0,WITHIN_NAMED_FAMILY_ONLY; scalar tail dependence is not a cross-family order
CRR-STAGEII-CONFIRM-2026-07-22,21c5b970e734ed79636df2f3882d4d85460c5efa40b88e59b9b9a3f34a25c0ff,E4,202607224061,E4-STUDENT_T_DF4-T0.00,within_family_dependence_sweep,numpy_PCG64,202607224061,512,7c19f1bbbc24f3d65f73fe09194c6a01091124a7658eb0d826d1992507a8fc49,student_t_df4,0.0,student_t_df5,0.0755868184216124,WITHIN_NAMED_FAMILY_ONLY; scalar tail dependence is not a cross-family order
CRR-STAGEII-CONFIRM-2026-07-22,21c5b970e734ed79636df2f3882d4d85460c5efa40b88e59b9b9a3f34a25c0ff,E4,202607224061,E4-STUDENT_T_DF4-T0.25,within_family_dependence_sweep,numpy_PCG64,202607224061,512,4f76018f029a01861c9a8724008a00984e0e90c9a3b09c3e4fee82b14b7ba1bc,student_t_df4,0.25,student_t_df5,0.1953801683718518,WITHIN_NAMED_FAMILY_ONLY; scalar tail dependence is not a cross-family order
CRR-STAGEII-CONFIRM-2026-07-22,21c5b970e734ed79636df2f3882d4d85460c5efa40b88e59b9b9a3f34a25c0ff,E4,202607224061,E4-STUDENT_T_DF4-T0.50,within_family_dependence_sweep,numpy_PCG64,202607224061,512,fce0c66abc3b43dd2522b835cb620ce80f979ceb5b621729f316eeb2b63c2cdb,student_t_df4,0.5,student_t_df5,0.3968429135836659,WITHIN_NAMED_FAMILY_ONLY; scalar tail dependence is not a cross-family order
CRR-STAGEII-CONFIRM-2026-07-22,21c5b970e734ed79636df2f3882d4d85460c5efa40b88e59b9b9a3f34a25c0ff,E4,202607224062,E4-CLAYTON-T0.00,within_family_dependence_sweep,numpy_PCG64,202607224062,512,c8023d9388a15bd8bc9967ff30d7dc7b4d1ee2bf6d1b12b665b930603343af8d,clayton,0.0,student_t_df5,0.0,WITHIN_NAMED_FAMILY_ONLY; scalar tail dependence is not a cross-family order
CRR-STAGEII-CONFIRM-2026-07-22,21c5b970e734ed79636df2f3882d4d85460c5efa40b88e59b9b9a3f34a25c0ff,E4,202607224062,E4-CLAYTON-T0.25,within_family_dependence_sweep,numpy_PCG64,202607224062,512,3f6ff88270e191497dc75fb9380354b4fe4dd9f56a8579a58006f4ba40d00115,clayton,0.25,student_t_df5,0.3535533905932738,WITHIN_NAMED_FAMILY_ONLY; scalar tail dependence is not a cross-family order
CRR-STAGEII-CONFIRM-2026-07-22,21c5b970e734ed79636df2f3882d4d85460c5efa40b88e59b9b9a3f34a25c0ff,E4,202607224062,E4-CLAYTON-T0.50,within_family_dependence_sweep,numpy_PCG64,202607224062,512,9ad955ff32b9b6287e4b7441d6c115c59f073f2743806a224708a96f1bc08c07,clayton,0.5,student_t_df5,0.7071067811865476,WITHIN_NAMED_FAMILY_ONLY; scalar tail dependence is not a cross-family order
CRR-STAGEII-CONFIRM-2026-07-22,21c5b970e734ed79636df2f3882d4d85460c5efa40b88e59b9b9a3f34a25c0ff,E4,202607224062,E4-EMPIRICAL_COPULA-TEMP,within_family_dependence_sweep,numpy_PCG64,202607224062,512,2c702637ffabb87dcde21b6ae643314cb910ef752b6e46debdc6db1ec705b113,empirical_copula,,student_t_df5,0.7356770833333334,EMPIRICAL_COPULA_MODEL_SENSITIVITY_NOT_PARAMETRIC_ORDER
CRR-STAGEII-CONFIRM-2026-07-22,21c5b970e734ed79636df2f3882d4d85460c5efa40b88e59b9b9a3f34a25c0ff,E4,202607224062,E4-GAUSSIAN-T0.00,within_family_dependence_sweep,numpy_PCG64,202607224062,512,3def076e58e09ae4a0dd96d6fad89246ad53123dee1c5137203a67cd4976c4d5,gaussian,0.0,student_t_df5,0.0,WITHIN_NAMED_FAMILY_ONLY; scalar tail dependence is not a cross-family order
CRR-STAGEII-CONFIRM-2026-07-22,21c5b970e734ed79636df2f3882d4d85460c5efa40b88e59b9b9a3f34a25c0ff,E4,202607224062,E4-GAUSSIAN-T0.25,within_family_dependence_sweep,numpy_PCG64,202607224062,512,37091e494a6b808f294f40f5d8db9f3200fbd0cac7c953c13a3e1be52c20eadc,gaussian,0.25,student_t_df5,0.0,WITHIN_NAMED_FAMILY_ONLY; scalar tail dependence is not a cross-family order
CRR-STAGEII-CONFIRM-2026-07-22,21c5b970e734ed79636df2f3882d4d85460c5efa40b88e59b9b9a3f34a25c0ff,E4,202607224062,E4-GAUSSIAN-T0.50,within_family_dependence_sweep,numpy_PCG64,202607224062,512,381f0eb3debfcc6da461bd9d4dc44e70e489ca3a663096476d179376aa1e9996,gaussian,0.5,student_t_df5,0.0,WITHIN_NAMED_FAMILY_ONLY; scalar tail dependence is not a cross-family order
CRR-STAGEII-CONFIRM-2026-07-22,21c5b970e734ed79636df2f3882d4d85460c5efa40b88e59b9b9a3f34a25c0ff,E4,202607224062,E4-STUDENT_T_DF4-T0.00,within_family_dependence_sweep,numpy_PCG64,202607224062,512,0b78d0cf3a221ebfc047a452583171be2d363608a84b586982908e7a264097be,student_t_df4,0.0,student_t_df5,0.0755868184216124,WITHIN_NAMED_FAMILY_ONLY; scalar tail dependence is not a cross-family order
CRR-STAGEII-CONFIRM-2026-07-22,21c5b970e734ed79636df2f3882d4d85460c5efa40b88e59b9b9a3f34a25c0ff,E4,202607224062,E4-STUDENT_T_DF4-T0.25,within_family_dependence_sweep,numpy_PCG64,202607224062,512,efd21aebfa4a2de8681572f4dcf98ea8a63f62ce29f9c1b26d586856ddb3d6d3,student_t_df4,0.25,student_t_df5,0.1953801683718518,WITHIN_NAMED_FAMILY_ONLY; scalar tail dependence is not a cross-family order
CRR-STAGEII-CONFIRM-2026-07-22,21c5b970e734ed79636df2f3882d4d85460c5efa40b88e59b9b9a3f34a25c0ff,E4,202607224062,E4-STUDENT_T_DF4-T0.50,within_family_dependence_sweep,numpy_PCG64,202607224062,512,627fd3d79be23247fafb27915735fd0aba8064deaccb0cfde462a845701b523a,student_t_df4,0.5,student_t_df5,0.3968429135836659,WITHIN_NAMED_FAMILY_ONLY; scalar tail dependence is not a cross-family order
CRR-STAGEII-CONFIRM-2026-07-22,21c5b970e734ed79636df2f3882d4d85460c5efa40b88e59b9b9a3f34a25c0ff,E4,202607224063,E4-CLAYTON-T0.00,within_family_dependence_sweep,numpy_PCG64,202607224063,512,c7d59634f5b6f91b724370c94eb7d0d51df87f92781a5cbdeebbb300dd5f0589,clayton,0.0,student_t_df5,0.0,WITHIN_NAMED_FAMILY_ONLY; scalar tail dependence is not a cross-family order
CRR-STAGEII-CONFIRM-2026-07-22,21c5b970e734ed79636df2f3882d4d85460c5efa40b88e59b9b9a3f34a25c0ff,E4,202607224063,E4-CLAYTON-T0.25,within_family_dependence_sweep,numpy_PCG64,202607224063,512,63b47144634d4765fc01bb6f6ec42839873af56b4a4f1e53cfebbb2ccdfdca71,clayton,0.25,student_t_df5,0.3535533905932738,WITHIN_NAMED_FAMILY_ONLY; scalar tail dependence is not a cross-family order
CRR-STAGEII-CONFIRM-2026-07-22,21c5b970e734ed79636df2f3882d4d85460c5efa40b88e59b9b9a3f34a25c0ff,E4,202607224063,E4-CLAYTON-T0.50,within_family_dependence_sweep,numpy_PCG64,202607224063,512,fec37940196eb197f3d0f68d27ea93f0cc6b40ce6a2ad77a5c6764d062f52162,clayton,0.5,student_t_df5,0.7071067811865476,WITHIN_NAMED_FAMILY_ONLY; scalar tail dependence is not a cross-family order
CRR-STAGEII-CONFIRM-2026-07-22,21c5b970e734ed79636df2f3882d4d85460c5efa40b88e59b9b9a3f34a25c0ff,E4,202607224063,E4-EMPIRICAL_COPULA-TEMP,within_family_dependence_sweep,numpy_PCG64,202607224063,512,60330ef4da39ec7eff63ddd856256af94997725bf31b4cb325b313f4c4d7e860,empirical_copula,,student_t_df5,0.6640625,EMPIRICAL_COPULA_MODEL_SENSITIVITY_NOT_PARAMETRIC_ORDER
CRR-STAGEII-CONFIRM-2026-07-22,21c5b970e734ed79636df2f3882d4d85460c5efa40b88e59b9b9a3f34a25c0ff,E4,202607224063,E4-GAUSSIAN-T0.00,within_family_dependence_sweep,numpy_PCG64,202607224063,512,92454f18e43e12b64db368168264e0d980a2c489d66482be20dc921a24798963,gaussian,0.0,student_t_df5,0.0,WITHIN_NAMED_FAMILY_ONLY; scalar tail dependence is not a cross-family order
CRR-STAGEII-CONFIRM-2026-07-22,21c5b970e734ed79636df2f3882d4d85460c5efa40b88e59b9b9a3f34a25c0ff,E4,202607224063,E4-GAUSSIAN-T0.25,within_family_dependence_sweep,numpy_PCG64,202607224063,512,0d7cc3714829b623282e37d76ebfcfa5c361fa37de02f487474cf3441bd30d7f,gaussian,0.25,student_t_df5,0.0,WITHIN_NAMED_FAMILY_ONLY; scalar tail dependence is not a cross-family order
CRR-STAGEII-CONFIRM-2026-07-22,21c5b970e734ed79636df2f3882d4d85460c5efa40b88e59b9b9a3f34a25c0ff,E4,202607224063,E4-GAUSSIAN-T0.50,within_family_dependence_sweep,numpy_PCG64,202607224063,512,03d8c77eeec36b82875769637f3d13d5e799f9987d924a8accfc989828156d07,gaussian,0.5,student_t_df5,0.0,WITHIN_NAMED_FAMILY_ONLY; scalar tail dependence is not a cross-family order
CRR-STAGEII-CONFIRM-2026-07-22,21c5b970e734ed79636df2f3882d4d85460c5efa40b88e59b9b9a3f34a25c0ff,E4,202607224063,E4-STUDENT_T_DF4-T0.00,within_family_dependence_sweep,numpy_PCG64,202607224063,512,6249a1baaa017c7b0555a5a0e5f50744a83040adca881187e5e92d37c78cf9d0,student_t_df4,0.0,student_t_df5,0.0755868184216124,WITHIN_NAMED_FAMILY_ONLY; scalar tail dependence is not a cross-family order
CRR-STAGEII-CONFIRM-2026-07-22,21c5b970e734ed79636df2f3882d4d85460c5efa40b88e59b9b9a3f34a25c0ff,E4,202607224063,E4-STUDENT_T_DF4-T0.25,within_family_dependence_sweep,numpy_PCG64,202607224063,512,9fee1f2a280f059a6bf706ebf78f468aa1bbac8351ab1809c9232633a7573212,student_t_df4,0.25,student_t_df5,0.1953801683718518,WITHIN_NAMED_FAMILY_ONLY; scalar tail dependence is not a cross-family order
CRR-STAGEII-CONFIRM-2026-07-22,21c5b970e734ed79636df2f3882d4d85460c5efa40b88e59b9b9a3f34a25c0ff,E4,202607224063,E4-STUDENT_T_DF4-T0.50,within_family_dependence_sweep,numpy_PCG64,202607224063,512,ef47a3fddf5fef20145a1f2ba0a0c645e13a827ebfc501592cc3b70785cac6bb,student_t_df4,0.5,student_t_df5,0.3968429135836659,WITHIN_NAMED_FAMILY_ONLY; scalar tail dependence is not a cross-family order
CRR-STAGEII-CONFIRM-2026-07-22,21c5b970e734ed79636df2f3882d4d85460c5efa40b88e59b9b9a3f34a25c0ff,E4,202607224064,E4-CLAYTON-T0.00,within_family_dependence_sweep,numpy_PCG64,202607224064,512,d9d5065807b6afcd0128281abc170fbadb0d1c8d013dac9dc5abb12e0b2a198b,clayton,0.0,student_t_df5,0.0,WITHIN_NAMED_FAMILY_ONLY; scalar tail dependence is not a cross-family order
CRR-STAGEII-CONFIRM-2026-07-22,21c5b970e734ed79636df2f3882d4d85460c5efa40b88e59b9b9a3f34a25c0ff,E4,202607224064,E4-CLAYTON-T0.25,within_family_dependence_sweep,numpy_PCG64,202607224064,512,4ea3a881f408e21e33b0534ae90a55ed9c196e0c61b9b8c3f4b251f87c1227f7,clayton,0.25,student_t_df5,0.3535533905932738,WITHIN_NAMED_FAMILY_ONLY; scalar tail dependence is not a cross-family order
CRR-STAGEII-CONFIRM-2026-07-22,21c5b970e734ed79636df2f3882d4d85460c5efa40b88e59b9b9a3f34a25c0ff,E4,202607224064,E4-CLAYTON-T0.50,within_family_dependence_sweep,numpy_PCG64,202607224064,512,d2b436e25548d07b35f46ca466ac271a3522dea3733a0b85593d7e6ed89306fe,clayton,0.5,student_t_df5,0.7071067811865476,WITHIN_NAMED_FAMILY_ONLY; scalar tail dependence is not a cross-family order
CRR-STAGEII-CONFIRM-2026-07-22,21c5b970e734ed79636df2f3882d4d85460c5efa40b88e59b9b9a3f34a25c0ff,E4,202607224064,E4-EMPIRICAL_COPULA-TEMP,within_family_dependence_sweep,numpy_PCG64,202607224064,512,72d5928669335e36bd5f3e8df64b3d1f37cea4563ea5e12346644140cbaa5cbd,empirical_copula,,student_t_df5,0.5078125,EMPIRICAL_COPULA_MODEL_SENSITIVITY_NOT_PARAMETRIC_ORDER
CRR-STAGEII-CONFIRM-2026-07-22,21c5b970e734ed79636df2f3882d4d85460c5efa40b88e59b9b9a3f34a25c0ff,E4,202607224064,E4-GAUSSIAN-T0.00,within_family_dependence_sweep,numpy_PCG64,202607224064,512,13867b8ae9ca12927512e242986be8d885efbb190bbf8b4b821f152e1eb6bd0b,gaussian,0.0,student_t_df5,0.0,WITHIN_NAMED_FAMILY_ONLY; scalar tail dependence is not a cross-family order
CRR-STAGEII-CONFIRM-2026-07-22,21c5b970e734ed79636df2f3882d4d85460c5efa40b88e59b9b9a3f34a25c0ff,E4,202607224064,E4-GAUSSIAN-T0.25,within_family_dependence_sweep,numpy_PCG64,202607224064,512,9f289d616eb21013160e27e764d8cfd092b0f896fe295eb5830c448c99cfb19a,gaussian,0.25,student_t_df5,0.0,WITHIN_NAMED_FAMILY_ONLY; scalar tail dependence is not a cross-family order
CRR-STAGEII-CONFIRM-2026-07-22,21c5b970e734ed79636df2f3882d4d85460c5efa40b88e59b9b9a3f34a25c0ff,E4,202607224064,E4-GAUSSIAN-T0.50,within_family_dependence_sweep,numpy_PCG64,202607224064,512,0a7c8dee9fd46a8d3de45201cbb39a11a7cacf1b358f9f35d026e99a42c8e35a,gaussian,0.5,student_t_df5,0.0,WITHIN_NAMED_FAMILY_ONLY; scalar tail dependence is not a cross-family order
CRR-STAGEII-CONFIRM-2026-07-22,21c5b970e734ed79636df2f3882d4d85460c5efa40b88e59b9b9a3f34a25c0ff,E4,202607224064,E4-STUDENT_T_DF4-T0.00,within_family_dependence_sweep,numpy_PCG64,202607224064,512,264fe508c85e6784ea2c11ac9bd2d5b1cdcbb7836af95983fb21fa55e8cb5277,student_t_df4,0.0,student_t_df5,0.0755868184216124,WITHIN_NAMED_FAMILY_ONLY; scalar tail dependence is not a cross-family order
CRR-STAGEII-CONFIRM-2026-07-22,21c5b970e734ed79636df2f3882d4d85460c5efa40b88e59b9b9a3f34a25c0ff,E4,202607224064,E4-STUDENT_T_DF4-T0.25,within_family_dependence_sweep,numpy_PCG64,202607224064,512,ac18f1aef9d4d74d884e6629deaf96e1095c77e667117004028f75aaff672fa2,student_t_df4,0.25,student_t_df5,0.1953801683718518,WITHIN_NAMED_FAMILY_ONLY; scalar tail dependence is not a cross-family order
CRR-STAGEII-CONFIRM-2026-07-22,21c5b970e734ed79636df2f3882d4d85460c5efa40b88e59b9b9a3f34a25c0ff,E4,202607224064,E4-STUDENT_T_DF4-T0.50,within_family_dependence_sweep,numpy_PCG64,202607224064,512,da9ba626e2ff1fc2be688a38cdb0536314179da620e05b0161b0d0b7a69e46c0,student_t_df4,0.5,student_t_df5,0.3968429135836659,WITHIN_NAMED_FAMILY_ONLY; scalar tail dependence is not a cross-family order
CRR-STAGEII-CONFIRM-2026-07-22,21c5b970e734ed79636df2f3882d4d85460c5efa40b88e59b9b9a3f34a25c0ff,E5,202607225001,ASSUMED-clayton,assumed_law_optimization,numpy_PCG64,202607225001,512,5735965ccace22ac20da4b5cc4e00a03ca4f23eb6a0db882f16c8b20d45c459d,clayton,0.25,student_t_df5,0.3535533905932738,WITHIN_NAMED_FAMILY_ONLY; scalar tail dependence is not a cross-family order
CRR-STAGEII-CONFIRM-2026-07-22,21c5b970e734ed79636df2f3882d4d85460c5efa40b88e59b9b9a3f34a25c0ff,E5,202607225001,ASSUMED-empirical_copula,assumed_law_optimization,numpy_PCG64,202607225001,512,bc81b40b78b3ed2d5ba84844c740a377b086f62cd90851ce82458429204aa979,empirical_copula,,student_t_df5,0.6770833333333334,EMPIRICAL_COPULA_MODEL_SENSITIVITY_NOT_PARAMETRIC_ORDER
CRR-STAGEII-CONFIRM-2026-07-22,21c5b970e734ed79636df2f3882d4d85460c5efa40b88e59b9b9a3f34a25c0ff,E5,202607225001,ASSUMED-gaussian,assumed_law_optimization,numpy_PCG64,202607225001,512,90870b8b534d8cb4f496298fca39ae206b37cfa8e14eb57ec43ede92da6f4960,gaussian,0.25,student_t_df5,0.0,WITHIN_NAMED_FAMILY_ONLY; scalar tail dependence is not a cross-family order
CRR-STAGEII-CONFIRM-2026-07-22,21c5b970e734ed79636df2f3882d4d85460c5efa40b88e59b9b9a3f34a25c0ff,E5,202607225001,ASSUMED-student_t_df4,assumed_law_optimization,numpy_PCG64,202607225001,512,dbea0329f706e5396077184d969687c86ea4e8230dc6ae7748080d0b3b1c8f53,student_t_df4,0.25,student_t_df5,0.1953801683718518,WITHIN_NAMED_FAMILY_ONLY; scalar tail dependence is not a cross-family order
CRR-STAGEII-CONFIRM-2026-07-22,21c5b970e734ed79636df2f3882d4d85460c5efa40b88e59b9b9a3f34a25c0ff,E5,202607225001,TRUE-clayton,independent_true_law_evaluation,numpy_PCG64,202607745001,4096,3aca251bdc00bea8da1b70a61e26c0936830aac2e37c795e38fabd4860429f0b,clayton,0.25,student_t_df5,0.3535533905932738,WITHIN_NAMED_FAMILY_ONLY; scalar tail dependence is not a cross-family order
CRR-STAGEII-CONFIRM-2026-07-22,21c5b970e734ed79636df2f3882d4d85460c5efa40b88e59b9b9a3f34a25c0ff,E5,202607225001,TRUE-empirical_copula,independent_true_law_evaluation,numpy_PCG64,202607755001,4096,49cc85c38424cfb91bf00efc07f87ca526689840c1bb58117f4cb4db96ad74c5,empirical_copula,,student_t_df5,0.6282552083333334,EMPIRICAL_COPULA_MODEL_SENSITIVITY_NOT_PARAMETRIC_ORDER
CRR-STAGEII-CONFIRM-2026-07-22,21c5b970e734ed79636df2f3882d4d85460c5efa40b88e59b9b9a3f34a25c0ff,E5,202607225001,TRUE-gaussian,independent_true_law_evaluation,numpy_PCG64,202607725001,4096,31c9cc22da9c55f536978c35154bb70c962b84c22a0339fde26af9edf6ae69ef,gaussian,0.25,student_t_df5,0.0,WITHIN_NAMED_FAMILY_ONLY; scalar tail dependence is not a cross-family order
CRR-STAGEII-CONFIRM-2026-07-22,21c5b970e734ed79636df2f3882d4d85460c5efa40b88e59b9b9a3f34a25c0ff,E5,202607225001,TRUE-student_t_df4,independent_true_law_evaluation,numpy_PCG64,202607735001,4096,53c6037deaf7d0952f357b2701723398367ce6ed8706644dbed0ff640caa9ca0,student_t_df4,0.25,student_t_df5,0.1953801683718518,WITHIN_NAMED_FAMILY_ONLY; scalar tail dependence is not a cross-family order
CRR-STAGEII-CONFIRM-2026-07-22,21c5b970e734ed79636df2f3882d4d85460c5efa40b88e59b9b9a3f34a25c0ff,E5,202607225002,ASSUMED-clayton,assumed_law_optimization,numpy_PCG64,202607225002,512,976c2810e5f421b68968868a5169d3ee7b636441a75345e183acbbae8e77ae46,clayton,0.25,student_t_df5,0.3535533905932738,WITHIN_NAMED_FAMILY_ONLY; scalar tail dependence is not a cross-family order
CRR-STAGEII-CONFIRM-2026-07-22,21c5b970e734ed79636df2f3882d4d85460c5efa40b88e59b9b9a3f34a25c0ff,E5,202607225002,ASSUMED-empirical_copula,assumed_law_optimization,numpy_PCG64,202607225002,512,6c9cbdef01963c80db46a03fd81896f5269528d0511f4b1bde567b35be03888d,empirical_copula,,student_t_df5,0.6770833333333334,EMPIRICAL_COPULA_MODEL_SENSITIVITY_NOT_PARAMETRIC_ORDER
CRR-STAGEII-CONFIRM-2026-07-22,21c5b970e734ed79636df2f3882d4d85460c5efa40b88e59b9b9a3f34a25c0ff,E5,202607225002,ASSUMED-gaussian,assumed_law_optimization,numpy_PCG64,202607225002,512,59a66ba3f742dbde8d0abe379dfc45c4437370a3fdc68e12fa83fdf4b4ba8448,gaussian,0.25,student_t_df5,0.0,WITHIN_NAMED_FAMILY_ONLY; scalar tail dependence is not a cross-family order
CRR-STAGEII-CONFIRM-2026-07-22,21c5b970e734ed79636df2f3882d4d85460c5efa40b88e59b9b9a3f34a25c0ff,E5,202607225002,ASSUMED-student_t_df4,assumed_law_optimization,numpy_PCG64,202607225002,512,4f127c5c10628c13f54a95d48d2f3d154ab9fd3663d9513b6ad4ccd3ae8f3fd5,student_t_df4,0.25,student_t_df5,0.1953801683718518,WITHIN_NAMED_FAMILY_ONLY; scalar tail dependence is not a cross-family order
CRR-STAGEII-CONFIRM-2026-07-22,21c5b970e734ed79636df2f3882d4d85460c5efa40b88e59b9b9a3f34a25c0ff,E5,202607225002,TRUE-clayton,independent_true_law_evaluation,numpy_PCG64,202607745002,4096,80c932be8a63e9d4d3a4389f2eee436e7d34c979d46dbd3dc5f6fc401486c7a4,clayton,0.25,student_t_df5,0.3535533905932738,WITHIN_NAMED_FAMILY_ONLY; scalar tail dependence is not a cross-family order
CRR-STAGEII-CONFIRM-2026-07-22,21c5b970e734ed79636df2f3882d4d85460c5efa40b88e59b9b9a3f34a25c0ff,E5,202607225002,TRUE-empirical_copula,independent_true_law_evaluation,numpy_PCG64,202607755002,4096,4672af181b17094f7f9b1fbba062143ac7b14584b62d0d7232b2e34ba1446d04,empirical_copula,,student_t_df5,0.60791015625,EMPIRICAL_COPULA_MODEL_SENSITIVITY_NOT_PARAMETRIC_ORDER
CRR-STAGEII-CONFIRM-2026-07-22,21c5b970e734ed79636df2f3882d4d85460c5efa40b88e59b9b9a3f34a25c0ff,E5,202607225002,TRUE-gaussian,independent_true_law_evaluation,numpy_PCG64,202607725002,4096,01aa4f13c3cbd3b45352d93c02071fbac56f6a8374c6e09c4b437651cd536e39,gaussian,0.25,student_t_df5,0.0,WITHIN_NAMED_FAMILY_ONLY; scalar tail dependence is not a cross-family order
CRR-STAGEII-CONFIRM-2026-07-22,21c5b970e734ed79636df2f3882d4d85460c5efa40b88e59b9b9a3f34a25c0ff,E5,202607225002,TRUE-student_t_df4,independent_true_law_evaluation,numpy_PCG64,202607735002,4096,fd4eb4666ec53f91209db2776dcfda3a73f1f02361619e5a36e6b87c86fd9136,student_t_df4,0.25,student_t_df5,0.1953801683718518,WITHIN_NAMED_FAMILY_ONLY; scalar tail dependence is not a cross-family order
CRR-STAGEII-CONFIRM-2026-07-22,21c5b970e734ed79636df2f3882d4d85460c5efa40b88e59b9b9a3f34a25c0ff,E5,202607225003,ASSUMED-clayton,assumed_law_optimization,numpy_PCG64,202607225003,512,718fd85bb4954c45044dc9b1aaf2dc5e85af4b011be48dfdf7762738ee91d629,clayton,0.25,student_t_df5,0.3535533905932738,WITHIN_NAMED_FAMILY_ONLY; scalar tail dependence is not a cross-family order
CRR-STAGEII-CONFIRM-2026-07-22,21c5b970e734ed79636df2f3882d4d85460c5efa40b88e59b9b9a3f34a25c0ff,E5,202607225003,ASSUMED-empirical_copula,assumed_law_optimization,numpy_PCG64,202607225003,512,20cc068c8685edea5b160642cdc67556b4c387090df4b635352b962ddb6c8434,empirical_copula,,student_t_df5,0.6510416666666666,EMPIRICAL_COPULA_MODEL_SENSITIVITY_NOT_PARAMETRIC_ORDER
CRR-STAGEII-CONFIRM-2026-07-22,21c5b970e734ed79636df2f3882d4d85460c5efa40b88e59b9b9a3f34a25c0ff,E5,202607225003,ASSUMED-gaussian,assumed_law_optimization,numpy_PCG64,202607225003,512,73c523d7969141103ab0dd24f7737b7cf6e50be6c11a8a44c7170ff5ea27819c,gaussian,0.25,student_t_df5,0.0,WITHIN_NAMED_FAMILY_ONLY; scalar tail dependence is not a cross-family order
CRR-STAGEII-CONFIRM-2026-07-22,21c5b970e734ed79636df2f3882d4d85460c5efa40b88e59b9b9a3f34a25c0ff,E5,202607225003,ASSUMED-student_t_df4,assumed_law_optimization,numpy_PCG64,202607225003,512,fde38ff619d7d3d31d665a25494ab6e9d6184d26a47b591c7cc09472b5b3ac6f,student_t_df4,0.25,student_t_df5,0.1953801683718518,WITHIN_NAMED_FAMILY_ONLY; scalar tail dependence is not a cross-family order
CRR-STAGEII-CONFIRM-2026-07-22,21c5b970e734ed79636df2f3882d4d85460c5efa40b88e59b9b9a3f34a25c0ff,E5,202607225003,TRUE-clayton,independent_true_law_evaluation,numpy_PCG64,202607745003,4096,b722439568caebcea0352904864fab1504f11490c87bc2e011f3fc8ac7d6ab3d,clayton,0.25,student_t_df5,0.3535533905932738,WITHIN_NAMED_FAMILY_ONLY; scalar tail dependence is not a cross-family order
CRR-STAGEII-CONFIRM-2026-07-22,21c5b970e734ed79636df2f3882d4d85460c5efa40b88e59b9b9a3f34a25c0ff,E5,202607225003,TRUE-empirical_copula,independent_true_law_evaluation,numpy_PCG64,202607755003,4096,b876ec25505f4871c87e17d30bd3fcba81f40c3d89c13f4f5b5451bb8546f39e,empirical_copula,,student_t_df5,0.6705729166666666,EMPIRICAL_COPULA_MODEL_SENSITIVITY_NOT_PARAMETRIC_ORDER
CRR-STAGEII-CONFIRM-2026-07-22,21c5b970e734ed79636df2f3882d4d85460c5efa40b88e59b9b9a3f34a25c0ff,E5,202607225003,TRUE-gaussian,independent_true_law_evaluation,numpy_PCG64,202607725003,4096,a6ab28cedce45e8bbd93321589135d9d97ec38b3a34a449c81c35808a6133999,gaussian,0.25,student_t_df5,0.0,WITHIN_NAMED_FAMILY_ONLY; scalar tail dependence is not a cross-family order
CRR-STAGEII-CONFIRM-2026-07-22,21c5b970e734ed79636df2f3882d4d85460c5efa40b88e59b9b9a3f34a25c0ff,E5,202607225003,TRUE-student_t_df4,independent_true_law_evaluation,numpy_PCG64,202607735003,4096,1781874eb1cc6690d9a0b9d48c2f8b9ca163240878b70e0c66f79d0c04dce39e,student_t_df4,0.25,student_t_df5,0.1953801683718518,WITHIN_NAMED_FAMILY_ONLY; scalar tail dependence is not a cross-family order
CRR-STAGEII-CONFIRM-2026-07-22,21c5b970e734ed79636df2f3882d4d85460c5efa40b88e59b9b9a3f34a25c0ff,E5,202607225004,ASSUMED-clayton,assumed_law_optimization,numpy_PCG64,202607225004,512,800b0cdf6c62e1cb86b6c1f2d2cce01c922d4998e04edbaac78d548ed3b83e90,clayton,0.25,student_t_df5,0.3535533905932738,WITHIN_NAMED_FAMILY_ONLY; scalar tail dependence is not a cross-family order
CRR-STAGEII-CONFIRM-2026-07-22,21c5b970e734ed79636df2f3882d4d85460c5efa40b88e59b9b9a3f34a25c0ff,E5,202607225004,ASSUMED-empirical_copula,assumed_law_optimization,numpy_PCG64,202607225004,512,fce9e3937eab3fe1a83382ce4cfdf42c4904b04c5c0238330dba4934fabdc395,empirical_copula,,student_t_df5,0.5989583333333334,EMPIRICAL_COPULA_MODEL_SENSITIVITY_NOT_PARAMETRIC_ORDER
CRR-STAGEII-CONFIRM-2026-07-22,21c5b970e734ed79636df2f3882d4d85460c5efa40b88e59b9b9a3f34a25c0ff,E5,202607225004,ASSUMED-gaussian,assumed_law_optimization,numpy_PCG64,202607225004,512,4b3ebc39da43b1b3da0ba55fcdc84a15c9261a21ee0843ad07df62b26994784d,gaussian,0.25,student_t_df5,0.0,WITHIN_NAMED_FAMILY_ONLY; scalar tail dependence is not a cross-family order
CRR-STAGEII-CONFIRM-2026-07-22,21c5b970e734ed79636df2f3882d4d85460c5efa40b88e59b9b9a3f34a25c0ff,E5,202607225004,ASSUMED-student_t_df4,assumed_law_optimization,numpy_PCG64,202607225004,512,5d5ea35c5455d05dccf966aaff01234b6568551021753722f9959305bfb4dd79,student_t_df4,0.25,student_t_df5,0.1953801683718518,WITHIN_NAMED_FAMILY_ONLY; scalar tail dependence is not a cross-family order
CRR-STAGEII-CONFIRM-2026-07-22,21c5b970e734ed79636df2f3882d4d85460c5efa40b88e59b9b9a3f34a25c0ff,E5,202607225004,TRUE-clayton,independent_true_law_evaluation,numpy_PCG64,202607745004,4096,0496f20df87a5c5f0c60dd12158a429f62dfa1b6c0d54371aea63cf785c4ef33,clayton,0.25,student_t_df5,0.3535533905932738,WITHIN_NAMED_FAMILY_ONLY; scalar tail dependence is not a cross-family order
CRR-STAGEII-CONFIRM-2026-07-22,21c5b970e734ed79636df2f3882d4d85460c5efa40b88e59b9b9a3f34a25c0ff,E5,202607225004,TRUE-empirical_copula,independent_true_law_evaluation,numpy_PCG64,202607755004,4096,188ac7300448b4b596f71e6756611f7a5ef421dd58b971117eaa9045f3efd80c,empirical_copula,,student_t_df5,0.6087239583333334,EMPIRICAL_COPULA_MODEL_SENSITIVITY_NOT_PARAMETRIC_ORDER
CRR-STAGEII-CONFIRM-2026-07-22,21c5b970e734ed79636df2f3882d4d85460c5efa40b88e59b9b9a3f34a25c0ff,E5,202607225004,TRUE-gaussian,independent_true_law_evaluation,numpy_PCG64,202607725004,4096,a48853de5af2073a8aeda6736e5681c5b87e12305537ab507664242437cbd12d,gaussian,0.25,student_t_df5,0.0,WITHIN_NAMED_FAMILY_ONLY; scalar tail dependence is not a cross-family order
CRR-STAGEII-CONFIRM-2026-07-22,21c5b970e734ed79636df2f3882d4d85460c5efa40b88e59b9b9a3f34a25c0ff,E5,202607225004,TRUE-student_t_df4,independent_true_law_evaluation,numpy_PCG64,202607735004,4096,d8cbf86833817ed291c4762f9e887855699a4f97eec485050f2545563b69cd3c,student_t_df4,0.25,student_t_df5,0.1953801683718518,WITHIN_NAMED_FAMILY_ONLY; scalar tail dependence is not a cross-family order
CRR-STAGEII-CONFIRM-2026-07-22,21c5b970e734ed79636df2f3882d4d85460c5efa40b88e59b9b9a3f34a25c0ff,E5,202607225005,ASSUMED-clayton,assumed_law_optimization,numpy_PCG64,202607225005,512,55c37b622284172726d14bc7e82af3c085ce3c07196b27d814f11995ca573206,clayton,0.25,student_t_df5,0.3535533905932738,WITHIN_NAMED_FAMILY_ONLY; scalar tail dependence is not a cross-family order
CRR-STAGEII-CONFIRM-2026-07-22,21c5b970e734ed79636df2f3882d4d85460c5efa40b88e59b9b9a3f34a25c0ff,E5,202607225005,ASSUMED-empirical_copula,assumed_law_optimization,numpy_PCG64,202607225005,512,a456a67735897fc199f580b303dcf2903483f9aea52c7929823f46bc68cdd38b,empirical_copula,,student_t_df5,0.5989583333333334,EMPIRICAL_COPULA_MODEL_SENSITIVITY_NOT_PARAMETRIC_ORDER
CRR-STAGEII-CONFIRM-2026-07-22,21c5b970e734ed79636df2f3882d4d85460c5efa40b88e59b9b9a3f34a25c0ff,E5,202607225005,ASSUMED-gaussian,assumed_law_optimization,numpy_PCG64,202607225005,512,b9c3bf3565fe5c1b6f3a0820e598d3c359d92d13203ab1b1267a3c1519804305,gaussian,0.25,student_t_df5,0.0,WITHIN_NAMED_FAMILY_ONLY; scalar tail dependence is not a cross-family order
CRR-STAGEII-CONFIRM-2026-07-22,21c5b970e734ed79636df2f3882d4d85460c5efa40b88e59b9b9a3f34a25c0ff,E5,202607225005,ASSUMED-student_t_df4,assumed_law_optimization,numpy_PCG64,202607225005,512,00d18b83cecb847e46379b8086e4039103f4486669b13e15b129f2ec5bbc0942,student_t_df4,0.25,student_t_df5,0.1953801683718518,WITHIN_NAMED_FAMILY_ONLY; scalar tail dependence is not a cross-family order
CRR-STAGEII-CONFIRM-2026-07-22,21c5b970e734ed79636df2f3882d4d85460c5efa40b88e59b9b9a3f34a25c0ff,E5,202607225005,TRUE-clayton,independent_true_law_evaluation,numpy_PCG64,202607745005,4096,7b1a5b6d86fe7fc8395b29880596304f65f874f28058b276a6ac3cbd78356764,clayton,0.25,student_t_df5,0.3535533905932738,WITHIN_NAMED_FAMILY_ONLY; scalar tail dependence is not a cross-family order
CRR-STAGEII-CONFIRM-2026-07-22,21c5b970e734ed79636df2f3882d4d85460c5efa40b88e59b9b9a3f34a25c0ff,E5,202607225005,TRUE-empirical_copula,independent_true_law_evaluation,numpy_PCG64,202607755005,4096,04aefcb104ac8606ee31801f685703969cf66ce5e764885c29dd2bc33a8861c5,empirical_copula,,student_t_df5,0.61767578125,EMPIRICAL_COPULA_MODEL_SENSITIVITY_NOT_PARAMETRIC_ORDER
CRR-STAGEII-CONFIRM-2026-07-22,21c5b970e734ed79636df2f3882d4d85460c5efa40b88e59b9b9a3f34a25c0ff,E5,202607225005,TRUE-gaussian,independent_true_law_evaluation,numpy_PCG64,202607725005,4096,d23f3403a3e95fca553cfa071c29764063ac4b756b41b1556730afcf49f3b025,gaussian,0.25,student_t_df5,0.0,WITHIN_NAMED_FAMILY_ONLY; scalar tail dependence is not a cross-family order
CRR-STAGEII-CONFIRM-2026-07-22,21c5b970e734ed79636df2f3882d4d85460c5efa40b88e59b9b9a3f34a25c0ff,E5,202607225005,TRUE-student_t_df4,independent_true_law_evaluation,numpy_PCG64,202607735005,4096,de9b7426bd5fb730de8cee249a5e03a9587bf9e407fcb72577cb15ebd107edfc,student_t_df4,0.25,student_t_df5,0.1953801683718518,WITHIN_NAMED_FAMILY_ONLY; scalar tail dependence is not a cross-family order
CRR-STAGEII-CONFIRM-2026-07-22,21c5b970e734ed79636df2f3882d4d85460c5efa40b88e59b9b9a3f34a25c0ff,E5,202607225006,ASSUMED-clayton,assumed_law_optimization,numpy_PCG64,202607225006,512,b017fd230a6baa9757001d54e187468a069132f1a2424c8590f6596b081e4fb1,clayton,0.25,student_t_df5,0.3535533905932738,WITHIN_NAMED_FAMILY_ONLY; scalar tail dependence is not a cross-family order
CRR-STAGEII-CONFIRM-2026-07-22,21c5b970e734ed79636df2f3882d4d85460c5efa40b88e59b9b9a3f34a25c0ff,E5,202607225006,ASSUMED-empirical_copula,assumed_law_optimization,numpy_PCG64,202607225006,512,bc662101c6e1c6e0e83a052284d228b5f5c8a24749c67babb766922cb9f78870,empirical_copula,,student_t_df5,0.6184895833333334,EMPIRICAL_COPULA_MODEL_SENSITIVITY_NOT_PARAMETRIC_ORDER
CRR-STAGEII-CONFIRM-2026-07-22,21c5b970e734ed79636df2f3882d4d85460c5efa40b88e59b9b9a3f34a25c0ff,E5,202607225006,ASSUMED-gaussian,assumed_law_optimization,numpy_PCG64,202607225006,512,d24a3a1da8a1e930161cc26a74dc9b7f52d7df63fd16f43d5f1bb31eb299889a,gaussian,0.25,student_t_df5,0.0,WITHIN_NAMED_FAMILY_ONLY; scalar tail dependence is not a cross-family order
CRR-STAGEII-CONFIRM-2026-07-22,21c5b970e734ed79636df2f3882d4d85460c5efa40b88e59b9b9a3f34a25c0ff,E5,202607225006,ASSUMED-student_t_df4,assumed_law_optimization,numpy_PCG64,202607225006,512,b80d5db3f8e2969bd655e9f3fb1ca11a6b22aa66cd10d53c0a35b4435c128dab,student_t_df4,0.25,student_t_df5,0.1953801683718518,WITHIN_NAMED_FAMILY_ONLY; scalar tail dependence is not a cross-family order
CRR-STAGEII-CONFIRM-2026-07-22,21c5b970e734ed79636df2f3882d4d85460c5efa40b88e59b9b9a3f34a25c0ff,E5,202607225006,TRUE-clayton,independent_true_law_evaluation,numpy_PCG64,202607745006,4096,2c652d7fe2f4660fa32499b83860f95bd8cdd178cd0a7ab1d7e00d6f5937acce,clayton,0.25,student_t_df5,0.3535533905932738,WITHIN_NAMED_FAMILY_ONLY; scalar tail dependence is not a cross-family order
CRR-STAGEII-CONFIRM-2026-07-22,21c5b970e734ed79636df2f3882d4d85460c5efa40b88e59b9b9a3f34a25c0ff,E5,202607225006,TRUE-empirical_copula,independent_true_law_evaluation,numpy_PCG64,202607755006,4096,1807d64e2b0e4a1e573746ed201694ec1409017ade65e8082b34a545eb1903c8,empirical_copula,,student_t_df5,0.6209309895833334,EMPIRICAL_COPULA_MODEL_SENSITIVITY_NOT_PARAMETRIC_ORDER
CRR-STAGEII-CONFIRM-2026-07-22,21c5b970e734ed79636df2f3882d4d85460c5efa40b88e59b9b9a3f34a25c0ff,E5,202607225006,TRUE-gaussian,independent_true_law_evaluation,numpy_PCG64,202607725006,4096,7e886e12bf42c190caf90934015a261bdbda70490cc73b144948e77c25a632bc,gaussian,0.25,student_t_df5,0.0,WITHIN_NAMED_FAMILY_ONLY; scalar tail dependence is not a cross-family order
CRR-STAGEII-CONFIRM-2026-07-22,21c5b970e734ed79636df2f3882d4d85460c5efa40b88e59b9b9a3f34a25c0ff,E5,202607225006,TRUE-student_t_df4,independent_true_law_evaluation,numpy_PCG64,202607735006,4096,c48790181a07d8909db34c4ae346e80a3f78ae36a609f458bebf5ce6f6a9439b,student_t_df4,0.25,student_t_df5,0.1953801683718518,WITHIN_NAMED_FAMILY_ONLY; scalar tail dependence is not a cross-family order
CRR-STAGEII-CONFIRM-2026-07-22,21c5b970e734ed79636df2f3882d4d85460c5efa40b88e59b9b9a3f34a25c0ff,E5,202607225007,ASSUMED-clayton,assumed_law_optimization,numpy_PCG64,202607225007,512,a7a0f14572a4c6fae5c46fdc89c09021d3871654e04e29427e92aee3a371104f,clayton,0.25,student_t_df5,0.3535533905932738,WITHIN_NAMED_FAMILY_ONLY; scalar tail dependence is not a cross-family order
CRR-STAGEII-CONFIRM-2026-07-22,21c5b970e734ed79636df2f3882d4d85460c5efa40b88e59b9b9a3f34a25c0ff,E5,202607225007,ASSUMED-empirical_copula,assumed_law_optimization,numpy_PCG64,202607225007,512,7d18e83ee67a7bcb1ed4b9a134bfed6ae672558fe46c8dde12b02b9eecbde70a,empirical_copula,,student_t_df5,0.4817708333333333,EMPIRICAL_COPULA_MODEL_SENSITIVITY_NOT_PARAMETRIC_ORDER
CRR-STAGEII-CONFIRM-2026-07-22,21c5b970e734ed79636df2f3882d4d85460c5efa40b88e59b9b9a3f34a25c0ff,E5,202607225007,ASSUMED-gaussian,assumed_law_optimization,numpy_PCG64,202607225007,512,0993106d169406f176a356c22557c0b8f39f878190afefef84065f6be8524f19,gaussian,0.25,student_t_df5,0.0,WITHIN_NAMED_FAMILY_ONLY; scalar tail dependence is not a cross-family order
CRR-STAGEII-CONFIRM-2026-07-22,21c5b970e734ed79636df2f3882d4d85460c5efa40b88e59b9b9a3f34a25c0ff,E5,202607225007,ASSUMED-student_t_df4,assumed_law_optimization,numpy_PCG64,202607225007,512,816df4baedb90fa3de34ec1664cc931508ba061963d0965370aea3107930d358,student_t_df4,0.25,student_t_df5,0.1953801683718518,WITHIN_NAMED_FAMILY_ONLY; scalar tail dependence is not a cross-family order
CRR-STAGEII-CONFIRM-2026-07-22,21c5b970e734ed79636df2f3882d4d85460c5efa40b88e59b9b9a3f34a25c0ff,E5,202607225007,TRUE-clayton,independent_true_law_evaluation,numpy_PCG64,202607745007,4096,10815ac400c5865f6979e49c2546cce660ed11dfd6a83f59e40a537b38abb40c,clayton,0.25,student_t_df5,0.3535533905932738,WITHIN_NAMED_FAMILY_ONLY; scalar tail dependence is not a cross-family order
CRR-STAGEII-CONFIRM-2026-07-22,21c5b970e734ed79636df2f3882d4d85460c5efa40b88e59b9b9a3f34a25c0ff,E5,202607225007,TRUE-empirical_copula,independent_true_law_evaluation,numpy_PCG64,202607755007,4096,5bcfeefc26569ce2ab358e8147cc68f613adf00e38eebdbe457ae3eaada4315c,empirical_copula,,student_t_df5,0.6396484375,EMPIRICAL_COPULA_MODEL_SENSITIVITY_NOT_PARAMETRIC_ORDER
CRR-STAGEII-CONFIRM-2026-07-22,21c5b970e734ed79636df2f3882d4d85460c5efa40b88e59b9b9a3f34a25c0ff,E5,202607225007,TRUE-gaussian,independent_true_law_evaluation,numpy_PCG64,202607725007,4096,db2b5193002dec6e97155984abddfa56af7ab21657b3406e917d0466ef7e350b,gaussian,0.25,student_t_df5,0.0,WITHIN_NAMED_FAMILY_ONLY; scalar tail dependence is not a cross-family order
CRR-STAGEII-CONFIRM-2026-07-22,21c5b970e734ed79636df2f3882d4d85460c5efa40b88e59b9b9a3f34a25c0ff,E5,202607225007,TRUE-student_t_df4,independent_true_law_evaluation,numpy_PCG64,202607735007,4096,7bbd33e35427939f6e8cca16760777bb0c1f3433942ca5df869f5e8175aeed50,student_t_df4,0.25,student_t_df5,0.1953801683718518,WITHIN_NAMED_FAMILY_ONLY; scalar tail dependence is not a cross-family order
CRR-STAGEII-CONFIRM-2026-07-22,21c5b970e734ed79636df2f3882d4d85460c5efa40b88e59b9b9a3f34a25c0ff,E5,202607225008,ASSUMED-clayton,assumed_law_optimization,numpy_PCG64,202607225008,512,3f689ca3d303cceed0804ba88a3dbdcbd1b06124b9e1b500a563d2f8527fdd9b,clayton,0.25,student_t_df5,0.3535533905932738,WITHIN_NAMED_FAMILY_ONLY; scalar tail dependence is not a cross-family order
CRR-STAGEII-CONFIRM-2026-07-22,21c5b970e734ed79636df2f3882d4d85460c5efa40b88e59b9b9a3f34a25c0ff,E5,202607225008,ASSUMED-empirical_copula,assumed_law_optimization,numpy_PCG64,202607225008,512,1a80862ad3eb4f9fc3a48417b8e503c4cd1a092b68caef59e9fc14b28016eb83,empirical_copula,,student_t_df5,0.7291666666666666,EMPIRICAL_COPULA_MODEL_SENSITIVITY_NOT_PARAMETRIC_ORDER
CRR-STAGEII-CONFIRM-2026-07-22,21c5b970e734ed79636df2f3882d4d85460c5efa40b88e59b9b9a3f34a25c0ff,E5,202607225008,ASSUMED-gaussian,assumed_law_optimization,numpy_PCG64,202607225008,512,f6a4a6e8ea7e65667eae7614e839892e43e96b6949dc7f9f8958711dbe2a1d57,gaussian,0.25,student_t_df5,0.0,WITHIN_NAMED_FAMILY_ONLY; scalar tail dependence is not a cross-family order
CRR-STAGEII-CONFIRM-2026-07-22,21c5b970e734ed79636df2f3882d4d85460c5efa40b88e59b9b9a3f34a25c0ff,E5,202607225008,ASSUMED-student_t_df4,assumed_law_optimization,numpy_PCG64,202607225008,512,1dc7e39c63c2cbccafba650a9b40970588c964fea8b69abaa03bb61d84609dae,student_t_df4,0.25,student_t_df5,0.1953801683718518,WITHIN_NAMED_FAMILY_ONLY; scalar tail dependence is not a cross-family order
CRR-STAGEII-CONFIRM-2026-07-22,21c5b970e734ed79636df2f3882d4d85460c5efa40b88e59b9b9a3f34a25c0ff,E5,202607225008,TRUE-clayton,independent_true_law_evaluation,numpy_PCG64,202607745008,4096,0f0563f4faf14b91c0606c0671ec9f361b5af9cc2705609ca31939e4b2a50eae,clayton,0.25,student_t_df5,0.3535533905932738,WITHIN_NAMED_FAMILY_ONLY; scalar tail dependence is not a cross-family order
CRR-STAGEII-CONFIRM-2026-07-22,21c5b970e734ed79636df2f3882d4d85460c5efa40b88e59b9b9a3f34a25c0ff,E5,202607225008,TRUE-empirical_copula,independent_true_law_evaluation,numpy_PCG64,202607755008,4096,7ef87a06eb4b1ac8ce35c42db9082f9aad63aad464c43a08b0794c0e8cf5d9d1,empirical_copula,,student_t_df5,0.63720703125,EMPIRICAL_COPULA_MODEL_SENSITIVITY_NOT_PARAMETRIC_ORDER
CRR-STAGEII-CONFIRM-2026-07-22,21c5b970e734ed79636df2f3882d4d85460c5efa40b88e59b9b9a3f34a25c0ff,E5,202607225008,TRUE-gaussian,independent_true_law_evaluation,numpy_PCG64,202607725008,4096,5dfc93514ade705827f17acc23ae3cefbabf5fbae6ca65007f9ec79a719bab7a,gaussian,0.25,student_t_df5,0.0,WITHIN_NAMED_FAMILY_ONLY; scalar tail dependence is not a cross-family order
CRR-STAGEII-CONFIRM-2026-07-22,21c5b970e734ed79636df2f3882d4d85460c5efa40b88e59b9b9a3f34a25c0ff,E5,202607225008,TRUE-student_t_df4,independent_true_law_evaluation,numpy_PCG64,202607735008,4096,6efdf0068b2ba923b60304d4b7ed8c644067323a4448def71f38b32a994c0d47,student_t_df4,0.25,student_t_df5,0.1953801683718518,WITHIN_NAMED_FAMILY_ONLY; scalar tail dependence is not a cross-family order
CRR-STAGEII-CONFIRM-2026-07-22,21c5b970e734ed79636df2f3882d4d85460c5efa40b88e59b9b9a3f34a25c0ff,E5,202607225009,ASSUMED-clayton,assumed_law_optimization,numpy_PCG64,202607225009,512,c133b595d105af10552565f83b2b16ad6d56362ca94f407cdb9cd9c39d037b91,clayton,0.25,student_t_df5,0.3535533905932738,WITHIN_NAMED_FAMILY_ONLY; scalar tail dependence is not a cross-family order
CRR-STAGEII-CONFIRM-2026-07-22,21c5b970e734ed79636df2f3882d4d85460c5efa40b88e59b9b9a3f34a25c0ff,E5,202607225009,ASSUMED-empirical_copula,assumed_law_optimization,numpy_PCG64,202607225009,512,55d86904aa594b4279ef48afa607b5246a9488d37b99c21b11839a299e912062,empirical_copula,,student_t_df5,0.5143229166666666,EMPIRICAL_COPULA_MODEL_SENSITIVITY_NOT_PARAMETRIC_ORDER
CRR-STAGEII-CONFIRM-2026-07-22,21c5b970e734ed79636df2f3882d4d85460c5efa40b88e59b9b9a3f34a25c0ff,E5,202607225009,ASSUMED-gaussian,assumed_law_optimization,numpy_PCG64,202607225009,512,e67bdc756d29799b6f76da78c637b2e245f9a3e0015f6d7ee525c0eaca568a77,gaussian,0.25,student_t_df5,0.0,WITHIN_NAMED_FAMILY_ONLY; scalar tail dependence is not a cross-family order
CRR-STAGEII-CONFIRM-2026-07-22,21c5b970e734ed79636df2f3882d4d85460c5efa40b88e59b9b9a3f34a25c0ff,E5,202607225009,ASSUMED-student_t_df4,assumed_law_optimization,numpy_PCG64,202607225009,512,abcd8d92f112c6f8b019b7154dba8c4f97d99481918bd5c35932a7e0cf16032a,student_t_df4,0.25,student_t_df5,0.1953801683718518,WITHIN_NAMED_FAMILY_ONLY; scalar tail dependence is not a cross-family order
CRR-STAGEII-CONFIRM-2026-07-22,21c5b970e734ed79636df2f3882d4d85460c5efa40b88e59b9b9a3f34a25c0ff,E5,202607225009,TRUE-clayton,independent_true_law_evaluation,numpy_PCG64,202607745009,4096,2957117402a6e5ad9945183f5bc449defab05f655df5a4fd661975a91b1ecb2c,clayton,0.25,student_t_df5,0.3535533905932738,WITHIN_NAMED_FAMILY_ONLY; scalar tail dependence is not a cross-family order
CRR-STAGEII-CONFIRM-2026-07-22,21c5b970e734ed79636df2f3882d4d85460c5efa40b88e59b9b9a3f34a25c0ff,E5,202607225009,TRUE-empirical_copula,independent_true_law_evaluation,numpy_PCG64,202607755009,4096,038bb20810c95a42f2c39ad28b7d6b49a28ba7b30b413e0b636555dc3460169c,empirical_copula,,student_t_df5,0.6575520833333334,EMPIRICAL_COPULA_MODEL_SENSITIVITY_NOT_PARAMETRIC_ORDER
CRR-STAGEII-CONFIRM-2026-07-22,21c5b970e734ed79636df2f3882d4d85460c5efa40b88e59b9b9a3f34a25c0ff,E5,202607225009,TRUE-gaussian,independent_true_law_evaluation,numpy_PCG64,202607725009,4096,0be1943e9128b70d4d31ad3ac70f986431b42fe688246a243cc8a2c4e5492915,gaussian,0.25,student_t_df5,0.0,WITHIN_NAMED_FAMILY_ONLY; scalar tail dependence is not a cross-family order
CRR-STAGEII-CONFIRM-2026-07-22,21c5b970e734ed79636df2f3882d4d85460c5efa40b88e59b9b9a3f34a25c0ff,E5,202607225009,TRUE-student_t_df4,independent_true_law_evaluation,numpy_PCG64,202607735009,4096,c99754ef1de3e7f16c9592e0ca0c518144c2f7ab83bfe6e938b49fe33b4142bb,student_t_df4,0.25,student_t_df5,0.1953801683718518,WITHIN_NAMED_FAMILY_ONLY; scalar tail dependence is not a cross-family order
CRR-STAGEII-CONFIRM-2026-07-22,21c5b970e734ed79636df2f3882d4d85460c5efa40b88e59b9b9a3f34a25c0ff,E5,202607225010,ASSUMED-clayton,assumed_law_optimization,numpy_PCG64,202607225010,512,50554cfb71bf8050a05f0749da3d45163fc050478aee7860d999863d3f080ef3,clayton,0.25,student_t_df5,0.3535533905932738,WITHIN_NAMED_FAMILY_ONLY; scalar tail dependence is not a cross-family order
CRR-STAGEII-CONFIRM-2026-07-22,21c5b970e734ed79636df2f3882d4d85460c5efa40b88e59b9b9a3f34a25c0ff,E5,202607225010,ASSUMED-empirical_copula,assumed_law_optimization,numpy_PCG64,202607225010,512,a21e136890c2646a6e4cdc1c346a2558141e75874a8bff1b3e8993b79258bfe8,empirical_copula,,student_t_df5,0.6705729166666666,EMPIRICAL_COPULA_MODEL_SENSITIVITY_NOT_PARAMETRIC_ORDER
CRR-STAGEII-CONFIRM-2026-07-22,21c5b970e734ed79636df2f3882d4d85460c5efa40b88e59b9b9a3f34a25c0ff,E5,202607225010,ASSUMED-gaussian,assumed_law_optimization,numpy_PCG64,202607225010,512,0fb4c910dba3be387684fe53a21cb73fc22a20b17a32c941b7d953a4fede4787,gaussian,0.25,student_t_df5,0.0,WITHIN_NAMED_FAMILY_ONLY; scalar tail dependence is not a cross-family order
CRR-STAGEII-CONFIRM-2026-07-22,21c5b970e734ed79636df2f3882d4d85460c5efa40b88e59b9b9a3f34a25c0ff,E5,202607225010,ASSUMED-student_t_df4,assumed_law_optimization,numpy_PCG64,202607225010,512,0c070c38e397064dfb7b04aac7904d55cb18eeeb168cbd27e423b18b2a4f2e49,student_t_df4,0.25,student_t_df5,0.1953801683718518,WITHIN_NAMED_FAMILY_ONLY; scalar tail dependence is not a cross-family order
CRR-STAGEII-CONFIRM-2026-07-22,21c5b970e734ed79636df2f3882d4d85460c5efa40b88e59b9b9a3f34a25c0ff,E5,202607225010,TRUE-clayton,independent_true_law_evaluation,numpy_PCG64,202607745010,4096,9febf35a00591f7df8b8b40445331aa8af45715aa163b39e65da7203425ed97f,clayton,0.25,student_t_df5,0.3535533905932738,WITHIN_NAMED_FAMILY_ONLY; scalar tail dependence is not a cross-family order
CRR-STAGEII-CONFIRM-2026-07-22,21c5b970e734ed79636df2f3882d4d85460c5efa40b88e59b9b9a3f34a25c0ff,E5,202607225010,TRUE-empirical_copula,independent_true_law_evaluation,numpy_PCG64,202607755010,4096,d81a0c0ec309f78d021393aedcb3dd8c15f1fa52eaf105183d867fd94919f675,empirical_copula,,student_t_df5,0.6168619791666666,EMPIRICAL_COPULA_MODEL_SENSITIVITY_NOT_PARAMETRIC_ORDER
CRR-STAGEII-CONFIRM-2026-07-22,21c5b970e734ed79636df2f3882d4d85460c5efa40b88e59b9b9a3f34a25c0ff,E5,202607225010,TRUE-gaussian,independent_true_law_evaluation,numpy_PCG64,202607725010,4096,1854c137ec990244a73d537b03a7a270a15d8d48719e4a0744f4befd0340819d,gaussian,0.25,student_t_df5,0.0,WITHIN_NAMED_FAMILY_ONLY; scalar tail dependence is not a cross-family order
CRR-STAGEII-CONFIRM-2026-07-22,21c5b970e734ed79636df2f3882d4d85460c5efa40b88e59b9b9a3f34a25c0ff,E5,202607225010,TRUE-student_t_df4,independent_true_law_evaluation,numpy_PCG64,202607735010,4096,5b2d554efc0e88bc4f2150096973544a1516bd5bf4c34fe305b6140100d211e6,student_t_df4,0.25,student_t_df5,0.1953801683718518,WITHIN_NAMED_FAMILY_ONLY; scalar tail dependence is not a cross-family order
CRR-STAGEII-CONFIRM-2026-07-22,21c5b970e734ed79636df2f3882d4d85460c5efa40b88e59b9b9a3f34a25c0ff,E5,202607225011,ASSUMED-clayton,assumed_law_optimization,numpy_PCG64,202607225011,512,b2f8f9f16a086ecc9adfbcd532332812c0c1d16c2bf22eb769823ae133aeb809,clayton,0.25,student_t_df5,0.3535533905932738,WITHIN_NAMED_FAMILY_ONLY; scalar tail dependence is not a cross-family order
CRR-STAGEII-CONFIRM-2026-07-22,21c5b970e734ed79636df2f3882d4d85460c5efa40b88e59b9b9a3f34a25c0ff,E5,202607225011,ASSUMED-empirical_copula,assumed_law_optimization,numpy_PCG64,202607225011,512,15a41fe77700c1294527b0f8b6acd7a75bdf742430773e0ec8f6a22807c901fe,empirical_copula,,student_t_df5,0.68359375,EMPIRICAL_COPULA_MODEL_SENSITIVITY_NOT_PARAMETRIC_ORDER
CRR-STAGEII-CONFIRM-2026-07-22,21c5b970e734ed79636df2f3882d4d85460c5efa40b88e59b9b9a3f34a25c0ff,E5,202607225011,ASSUMED-gaussian,assumed_law_optimization,numpy_PCG64,202607225011,512,0180e1e5f75d61e28d165ff0e97ce7bd1b5fd9de52756d4cb9253abcb201a7a4,gaussian,0.25,student_t_df5,0.0,WITHIN_NAMED_FAMILY_ONLY; scalar tail dependence is not a cross-family order
CRR-STAGEII-CONFIRM-2026-07-22,21c5b970e734ed79636df2f3882d4d85460c5efa40b88e59b9b9a3f34a25c0ff,E5,202607225011,ASSUMED-student_t_df4,assumed_law_optimization,numpy_PCG64,202607225011,512,952e7232b634491d1a603ca7a5c924918cedf0b272ed5b37276edd8217cd5ea3,student_t_df4,0.25,student_t_df5,0.1953801683718518,WITHIN_NAMED_FAMILY_ONLY; scalar tail dependence is not a cross-family order
CRR-STAGEII-CONFIRM-2026-07-22,21c5b970e734ed79636df2f3882d4d85460c5efa40b88e59b9b9a3f34a25c0ff,E5,202607225011,TRUE-clayton,independent_true_law_evaluation,numpy_PCG64,202607745011,4096,dd50d0feb3d2750f21940b0edc88599f2c99892aa097de950d4b8fcfcc15aaa7,clayton,0.25,student_t_df5,0.3535533905932738,WITHIN_NAMED_FAMILY_ONLY; scalar tail dependence is not a cross-family order
CRR-STAGEII-CONFIRM-2026-07-22,21c5b970e734ed79636df2f3882d4d85460c5efa40b88e59b9b9a3f34a25c0ff,E5,202607225011,TRUE-empirical_copula,independent_true_law_evaluation,numpy_PCG64,202607755011,4096,c5759350e4c5ddab69c6812cf78a80d4b25f55352bfc112c07912f1b732292d9,empirical_copula,,student_t_df5,0.64453125,EMPIRICAL_COPULA_MODEL_SENSITIVITY_NOT_PARAMETRIC_ORDER
CRR-STAGEII-CONFIRM-2026-07-22,21c5b970e734ed79636df2f3882d4d85460c5efa40b88e59b9b9a3f34a25c0ff,E5,202607225011,TRUE-gaussian,independent_true_law_evaluation,numpy_PCG64,202607725011,4096,592ff3c03a0d6121b2e104c2b626d92714998462a1f73f7b4317904d43bddfe9,gaussian,0.25,student_t_df5,0.0,WITHIN_NAMED_FAMILY_ONLY; scalar tail dependence is not a cross-family order
CRR-STAGEII-CONFIRM-2026-07-22,21c5b970e734ed79636df2f3882d4d85460c5efa40b88e59b9b9a3f34a25c0ff,E5,202607225011,TRUE-student_t_df4,independent_true_law_evaluation,numpy_PCG64,202607735011,4096,6e7b34d2b3401f986b2df69dc87ab0ffbb237d049c5ee00d23bc08c551bd3ad7,student_t_df4,0.25,student_t_df5,0.1953801683718518,WITHIN_NAMED_FAMILY_ONLY; scalar tail dependence is not a cross-family order
CRR-STAGEII-CONFIRM-2026-07-22,21c5b970e734ed79636df2f3882d4d85460c5efa40b88e59b9b9a3f34a25c0ff,E5,202607225012,ASSUMED-clayton,assumed_law_optimization,numpy_PCG64,202607225012,512,b02e04391fe02926f6fc9ced8f64a8a8ecae5b08f37ac8ea3afe23fb1f341652,clayton,0.25,student_t_df5,0.3535533905932738,WITHIN_NAMED_FAMILY_ONLY; scalar tail dependence is not a cross-family order
CRR-STAGEII-CONFIRM-2026-07-22,21c5b970e734ed79636df2f3882d4d85460c5efa40b88e59b9b9a3f34a25c0ff,E5,202607225012,ASSUMED-empirical_copula,assumed_law_optimization,numpy_PCG64,202607225012,512,422f596a1102707b941526d3c2aa7ca1b616217f758cb76e76323bb8f2097f89,empirical_copula,,student_t_df5,0.8072916666666666,EMPIRICAL_COPULA_MODEL_SENSITIVITY_NOT_PARAMETRIC_ORDER
CRR-STAGEII-CONFIRM-2026-07-22,21c5b970e734ed79636df2f3882d4d85460c5efa40b88e59b9b9a3f34a25c0ff,E5,202607225012,ASSUMED-gaussian,assumed_law_optimization,numpy_PCG64,202607225012,512,63750c2805a1a1b54ff2c8b8ec519dc8dcab0e8a43a2c0bf5987edc1f7071475,gaussian,0.25,student_t_df5,0.0,WITHIN_NAMED_FAMILY_ONLY; scalar tail dependence is not a cross-family order
CRR-STAGEII-CONFIRM-2026-07-22,21c5b970e734ed79636df2f3882d4d85460c5efa40b88e59b9b9a3f34a25c0ff,E5,202607225012,ASSUMED-student_t_df4,assumed_law_optimization,numpy_PCG64,202607225012,512,c6cd0c5c6c64797961e10deb69c3ecb46d7e187545c28778f4f35db5b8b9df82,student_t_df4,0.25,student_t_df5,0.1953801683718518,WITHIN_NAMED_FAMILY_ONLY; scalar tail dependence is not a cross-family order
CRR-STAGEII-CONFIRM-2026-07-22,21c5b970e734ed79636df2f3882d4d85460c5efa40b88e59b9b9a3f34a25c0ff,E5,202607225012,TRUE-clayton,independent_true_law_evaluation,numpy_PCG64,202607745012,4096,dfc464272dfbd0bd573f57119674173c2bc586ff8bbd13a9df01c1662dd34e37,clayton,0.25,student_t_df5,0.3535533905932738,WITHIN_NAMED_FAMILY_ONLY; scalar tail dependence is not a cross-family order
CRR-STAGEII-CONFIRM-2026-07-22,21c5b970e734ed79636df2f3882d4d85460c5efa40b88e59b9b9a3f34a25c0ff,E5,202607225012,TRUE-empirical_copula,independent_true_law_evaluation,numpy_PCG64,202607755012,4096,1f2d448501bb383db66c49be0df83b3c2e73fcac5fc37b1a8d0fe5c169cdcb45,empirical_copula,,student_t_df5,0.59326171875,EMPIRICAL_COPULA_MODEL_SENSITIVITY_NOT_PARAMETRIC_ORDER
CRR-STAGEII-CONFIRM-2026-07-22,21c5b970e734ed79636df2f3882d4d85460c5efa40b88e59b9b9a3f34a25c0ff,E5,202607225012,TRUE-gaussian,independent_true_law_evaluation,numpy_PCG64,202607725012,4096,9176f3bd96f01ba0712dc1c2e747ba0bb90908e532ed3b67da8af5a5a357ff87,gaussian,0.25,student_t_df5,0.0,WITHIN_NAMED_FAMILY_ONLY; scalar tail dependence is not a cross-family order
CRR-STAGEII-CONFIRM-2026-07-22,21c5b970e734ed79636df2f3882d4d85460c5efa40b88e59b9b9a3f34a25c0ff,E5,202607225012,TRUE-student_t_df4,independent_true_law_evaluation,numpy_PCG64,202607735012,4096,598f074a1c07bdc0e79502758a8f62c1113d2a17afa463a4cfe987cb3b26d127,student_t_df4,0.25,student_t_df5,0.1953801683718518,WITHIN_NAMED_FAMILY_ONLY; scalar tail dependence is not a cross-family order
CRR-STAGEII-CONFIRM-2026-07-22,21c5b970e734ed79636df2f3882d4d85460c5efa40b88e59b9b9a3f34a25c0ff,E5,202607225013,ASSUMED-clayton,assumed_law_optimization,numpy_PCG64,202607225013,512,c0ce84030030f00ada9b636fcecb91bf71765579cbcf9063c4241d70bdc45f4e,clayton,0.25,student_t_df5,0.3535533905932738,WITHIN_NAMED_FAMILY_ONLY; scalar tail dependence is not a cross-family order
CRR-STAGEII-CONFIRM-2026-07-22,21c5b970e734ed79636df2f3882d4d85460c5efa40b88e59b9b9a3f34a25c0ff,E5,202607225013,ASSUMED-empirical_copula,assumed_law_optimization,numpy_PCG64,202607225013,512,5206c8083a989c7cf87e59e0d754ebbcefadb697dc724eee01c16f5994dad4c8,empirical_copula,,student_t_df5,0.78125,EMPIRICAL_COPULA_MODEL_SENSITIVITY_NOT_PARAMETRIC_ORDER
CRR-STAGEII-CONFIRM-2026-07-22,21c5b970e734ed79636df2f3882d4d85460c5efa40b88e59b9b9a3f34a25c0ff,E5,202607225013,ASSUMED-gaussian,assumed_law_optimization,numpy_PCG64,202607225013,512,f95edc679a0789dab71d232ce3c60cee22dea21fb7f8fff3ac886dd50730f306,gaussian,0.25,student_t_df5,0.0,WITHIN_NAMED_FAMILY_ONLY; scalar tail dependence is not a cross-family order
CRR-STAGEII-CONFIRM-2026-07-22,21c5b970e734ed79636df2f3882d4d85460c5efa40b88e59b9b9a3f34a25c0ff,E5,202607225013,ASSUMED-student_t_df4,assumed_law_optimization,numpy_PCG64,202607225013,512,166b6b9dbc62a987d4d7f2694bc39821bc9d5869ce9f52c34e17f145dd5f0409,student_t_df4,0.25,student_t_df5,0.1953801683718518,WITHIN_NAMED_FAMILY_ONLY; scalar tail dependence is not a cross-family order
CRR-STAGEII-CONFIRM-2026-07-22,21c5b970e734ed79636df2f3882d4d85460c5efa40b88e59b9b9a3f34a25c0ff,E5,202607225013,TRUE-clayton,independent_true_law_evaluation,numpy_PCG64,202607745013,4096,97829a05b67736ca2c092e3ec1a94aaf2a005d7ed97bb5e6ca63b06b23608330,clayton,0.25,student_t_df5,0.3535533905932738,WITHIN_NAMED_FAMILY_ONLY; scalar tail dependence is not a cross-family order
CRR-STAGEII-CONFIRM-2026-07-22,21c5b970e734ed79636df2f3882d4d85460c5efa40b88e59b9b9a3f34a25c0ff,E5,202607225013,TRUE-empirical_copula,independent_true_law_evaluation,numpy_PCG64,202607755013,4096,3aa5c72f65f1ce21d892ea702ed7d6faca0cc1d0b956899da256cf58179b29ed,empirical_copula,,student_t_df5,0.59326171875,EMPIRICAL_COPULA_MODEL_SENSITIVITY_NOT_PARAMETRIC_ORDER
CRR-STAGEII-CONFIRM-2026-07-22,21c5b970e734ed79636df2f3882d4d85460c5efa40b88e59b9b9a3f34a25c0ff,E5,202607225013,TRUE-gaussian,independent_true_law_evaluation,numpy_PCG64,202607725013,4096,ad950c4f49729b2100c14ac42d9db57f519efba6e29d484f6abf052f0d65190c,gaussian,0.25,student_t_df5,0.0,WITHIN_NAMED_FAMILY_ONLY; scalar tail dependence is not a cross-family order
CRR-STAGEII-CONFIRM-2026-07-22,21c5b970e734ed79636df2f3882d4d85460c5efa40b88e59b9b9a3f34a25c0ff,E5,202607225013,TRUE-student_t_df4,independent_true_law_evaluation,numpy_PCG64,202607735013,4096,518b155a6ea7724da5b3e3976a40f5a660c8df799370db93f8ccfbc12a20841b,student_t_df4,0.25,student_t_df5,0.1953801683718518,WITHIN_NAMED_FAMILY_ONLY; scalar tail dependence is not a cross-family order
CRR-STAGEII-CONFIRM-2026-07-22,21c5b970e734ed79636df2f3882d4d85460c5efa40b88e59b9b9a3f34a25c0ff,E5,202607225014,ASSUMED-clayton,assumed_law_optimization,numpy_PCG64,202607225014,512,e0fbf759819e8abb6a620c1f7545cf41e90859f1b10e7c9b0b394708c0a0cdd4,clayton,0.25,student_t_df5,0.3535533905932738,WITHIN_NAMED_FAMILY_ONLY; scalar tail dependence is not a cross-family order
CRR-STAGEII-CONFIRM-2026-07-22,21c5b970e734ed79636df2f3882d4d85460c5efa40b88e59b9b9a3f34a25c0ff,E5,202607225014,ASSUMED-empirical_copula,assumed_law_optimization,numpy_PCG64,202607225014,512,9ab01654df6446a966e7e6866b713c379b3a4960b787e330ff49c42b76819418,empirical_copula,,student_t_df5,0.5989583333333334,EMPIRICAL_COPULA_MODEL_SENSITIVITY_NOT_PARAMETRIC_ORDER
CRR-STAGEII-CONFIRM-2026-07-22,21c5b970e734ed79636df2f3882d4d85460c5efa40b88e59b9b9a3f34a25c0ff,E5,202607225014,ASSUMED-gaussian,assumed_law_optimization,numpy_PCG64,202607225014,512,81596abd562c0dc0e6c75110cb4197177ec8447996168cf0f1e2d08bbb938be2,gaussian,0.25,student_t_df5,0.0,WITHIN_NAMED_FAMILY_ONLY; scalar tail dependence is not a cross-family order
CRR-STAGEII-CONFIRM-2026-07-22,21c5b970e734ed79636df2f3882d4d85460c5efa40b88e59b9b9a3f34a25c0ff,E5,202607225014,ASSUMED-student_t_df4,assumed_law_optimization,numpy_PCG64,202607225014,512,183d14c8478189562881bd54485ac532bc7ac5ea68753bdf9ded85bb5449d8b9,student_t_df4,0.25,student_t_df5,0.1953801683718518,WITHIN_NAMED_FAMILY_ONLY; scalar tail dependence is not a cross-family order
CRR-STAGEII-CONFIRM-2026-07-22,21c5b970e734ed79636df2f3882d4d85460c5efa40b88e59b9b9a3f34a25c0ff,E5,202607225014,TRUE-clayton,independent_true_law_evaluation,numpy_PCG64,202607745014,4096,151c65779ab809aed528f24fe82da4e2d168577bcef1b7f085e3ec6fb7d4ae43,clayton,0.25,student_t_df5,0.3535533905932738,WITHIN_NAMED_FAMILY_ONLY; scalar tail dependence is not a cross-family order
CRR-STAGEII-CONFIRM-2026-07-22,21c5b970e734ed79636df2f3882d4d85460c5efa40b88e59b9b9a3f34a25c0ff,E5,202607225014,TRUE-empirical_copula,independent_true_law_evaluation,numpy_PCG64,202607755014,4096,5ea27215fb306a050333bf188e11d790ff070c833a53e9d1594e9c018b1eee84,empirical_copula,,student_t_df5,0.6315104166666666,EMPIRICAL_COPULA_MODEL_SENSITIVITY_NOT_PARAMETRIC_ORDER
CRR-STAGEII-CONFIRM-2026-07-22,21c5b970e734ed79636df2f3882d4d85460c5efa40b88e59b9b9a3f34a25c0ff,E5,202607225014,TRUE-gaussian,independent_true_law_evaluation,numpy_PCG64,202607725014,4096,4767c9ad81a60ae2630def7684147607cd267b62e62c003ce4bb31f9ecb7ec97,gaussian,0.25,student_t_df5,0.0,WITHIN_NAMED_FAMILY_ONLY; scalar tail dependence is not a cross-family order
CRR-STAGEII-CONFIRM-2026-07-22,21c5b970e734ed79636df2f3882d4d85460c5efa40b88e59b9b9a3f34a25c0ff,E5,202607225014,TRUE-student_t_df4,independent_true_law_evaluation,numpy_PCG64,202607735014,4096,521c7d4c1343bde8572aca2aff1d8314479642e57815cd83af615ee8aeb2d7c7,student_t_df4,0.25,student_t_df5,0.1953801683718518,WITHIN_NAMED_FAMILY_ONLY; scalar tail dependence is not a cross-family order
CRR-STAGEII-CONFIRM-2026-07-22,21c5b970e734ed79636df2f3882d4d85460c5efa40b88e59b9b9a3f34a25c0ff,E5,202607225015,ASSUMED-clayton,assumed_law_optimization,numpy_PCG64,202607225015,512,408ea49cca4c1119e88a8a0911b245df50ff093b80a8abe7a1c4248295a910c3,clayton,0.25,student_t_df5,0.3535533905932738,WITHIN_NAMED_FAMILY_ONLY; scalar tail dependence is not a cross-family order
CRR-STAGEII-CONFIRM-2026-07-22,21c5b970e734ed79636df2f3882d4d85460c5efa40b88e59b9b9a3f34a25c0ff,E5,202607225015,ASSUMED-empirical_copula,assumed_law_optimization,numpy_PCG64,202607225015,512,6c3c3bd06b762ce028867ab7134bd1b19a11e4342e6b8cef01051130d24acf87,empirical_copula,,student_t_df5,0.7747395833333334,EMPIRICAL_COPULA_MODEL_SENSITIVITY_NOT_PARAMETRIC_ORDER
CRR-STAGEII-CONFIRM-2026-07-22,21c5b970e734ed79636df2f3882d4d85460c5efa40b88e59b9b9a3f34a25c0ff,E5,202607225015,ASSUMED-gaussian,assumed_law_optimization,numpy_PCG64,202607225015,512,7460e48ffaa5b26d013bdf81a9f9f495963a575ee147144448f77244d4b60187,gaussian,0.25,student_t_df5,0.0,WITHIN_NAMED_FAMILY_ONLY; scalar tail dependence is not a cross-family order
CRR-STAGEII-CONFIRM-2026-07-22,21c5b970e734ed79636df2f3882d4d85460c5efa40b88e59b9b9a3f34a25c0ff,E5,202607225015,ASSUMED-student_t_df4,assumed_law_optimization,numpy_PCG64,202607225015,512,21453f8a5ede9b947746055f941e84b2349146ced3aca3942d3379527acb8af5,student_t_df4,0.25,student_t_df5,0.1953801683718518,WITHIN_NAMED_FAMILY_ONLY; scalar tail dependence is not a cross-family order
CRR-STAGEII-CONFIRM-2026-07-22,21c5b970e734ed79636df2f3882d4d85460c5efa40b88e59b9b9a3f34a25c0ff,E5,202607225015,TRUE-clayton,independent_true_law_evaluation,numpy_PCG64,202607745015,4096,c38bb156e0e879952a400af7c17ea992cd461118a672b936c163deb2d56ec42b,clayton,0.25,student_t_df5,0.3535533905932738,WITHIN_NAMED_FAMILY_ONLY; scalar tail dependence is not a cross-family order
CRR-STAGEII-CONFIRM-2026-07-22,21c5b970e734ed79636df2f3882d4d85460c5efa40b88e59b9b9a3f34a25c0ff,E5,202607225015,TRUE-empirical_copula,independent_true_law_evaluation,numpy_PCG64,202607755015,4096,ae877b26b27e97ac8d73b437cfc9f278eeb5540bfdb4b155b4f3acb3dca85b4d,empirical_copula,,student_t_df5,0.6103515625,EMPIRICAL_COPULA_MODEL_SENSITIVITY_NOT_PARAMETRIC_ORDER
CRR-STAGEII-CONFIRM-2026-07-22,21c5b970e734ed79636df2f3882d4d85460c5efa40b88e59b9b9a3f34a25c0ff,E5,202607225015,TRUE-gaussian,independent_true_law_evaluation,numpy_PCG64,202607725015,4096,b36391dda355d783ad948d26de62b62b994b5c35becdeaebd59d07aa5859b9eb,gaussian,0.25,student_t_df5,0.0,WITHIN_NAMED_FAMILY_ONLY; scalar tail dependence is not a cross-family order
CRR-STAGEII-CONFIRM-2026-07-22,21c5b970e734ed79636df2f3882d4d85460c5efa40b88e59b9b9a3f34a25c0ff,E5,202607225015,TRUE-student_t_df4,independent_true_law_evaluation,numpy_PCG64,202607735015,4096,4c5a302cc43db8825cf481b5d5bec53851cba33aefb8c3e80e2948c3237e0cb9,student_t_df4,0.25,student_t_df5,0.1953801683718518,WITHIN_NAMED_FAMILY_ONLY; scalar tail dependence is not a cross-family order
CRR-STAGEII-CONFIRM-2026-07-22,21c5b970e734ed79636df2f3882d4d85460c5efa40b88e59b9b9a3f34a25c0ff,E5,202607225016,ASSUMED-clayton,assumed_law_optimization,numpy_PCG64,202607225016,512,99e0c0bce047083883d785e2d0a59c8178da1870bf251eccbbde1916bd5d5ca4,clayton,0.25,student_t_df5,0.3535533905932738,WITHIN_NAMED_FAMILY_ONLY; scalar tail dependence is not a cross-family order
CRR-STAGEII-CONFIRM-2026-07-22,21c5b970e734ed79636df2f3882d4d85460c5efa40b88e59b9b9a3f34a25c0ff,E5,202607225016,ASSUMED-empirical_copula,assumed_law_optimization,numpy_PCG64,202607225016,512,9b510b20243cdfa810483b9083fd0969f9acf56ac683e79cdf1bec7b8aadec13,empirical_copula,,student_t_df5,0.6119791666666666,EMPIRICAL_COPULA_MODEL_SENSITIVITY_NOT_PARAMETRIC_ORDER
CRR-STAGEII-CONFIRM-2026-07-22,21c5b970e734ed79636df2f3882d4d85460c5efa40b88e59b9b9a3f34a25c0ff,E5,202607225016,ASSUMED-gaussian,assumed_law_optimization,numpy_PCG64,202607225016,512,22de15a9ad0c901107839495e58fadb411c638041ff0148ec69ae127e8087e42,gaussian,0.25,student_t_df5,0.0,WITHIN_NAMED_FAMILY_ONLY; scalar tail dependence is not a cross-family order
CRR-STAGEII-CONFIRM-2026-07-22,21c5b970e734ed79636df2f3882d4d85460c5efa40b88e59b9b9a3f34a25c0ff,E5,202607225016,ASSUMED-student_t_df4,assumed_law_optimization,numpy_PCG64,202607225016,512,225d7e17a7c02cdc8882cd84d611b3d4be16d5ce7c2491ed1a4dbfd35fa27bf9,student_t_df4,0.25,student_t_df5,0.1953801683718518,WITHIN_NAMED_FAMILY_ONLY; scalar tail dependence is not a cross-family order
CRR-STAGEII-CONFIRM-2026-07-22,21c5b970e734ed79636df2f3882d4d85460c5efa40b88e59b9b9a3f34a25c0ff,E5,202607225016,TRUE-clayton,independent_true_law_evaluation,numpy_PCG64,202607745016,4096,7880a71e8c043c3e420210ef64e151d3e7c7224154d0605bdb77f83f6fbea9b6,clayton,0.25,student_t_df5,0.3535533905932738,WITHIN_NAMED_FAMILY_ONLY; scalar tail dependence is not a cross-family order
CRR-STAGEII-CONFIRM-2026-07-22,21c5b970e734ed79636df2f3882d4d85460c5efa40b88e59b9b9a3f34a25c0ff,E5,202607225016,TRUE-empirical_copula,independent_true_law_evaluation,numpy_PCG64,202607755016,4096,bf9ad672a312eb10ad006b5de7423b7556237a919d9dd86b8ae0e8122f312b44,empirical_copula,,student_t_df5,0.64697265625,EMPIRICAL_COPULA_MODEL_SENSITIVITY_NOT_PARAMETRIC_ORDER
CRR-STAGEII-CONFIRM-2026-07-22,21c5b970e734ed79636df2f3882d4d85460c5efa40b88e59b9b9a3f34a25c0ff,E5,202607225016,TRUE-gaussian,independent_true_law_evaluation,numpy_PCG64,202607725016,4096,19eed8f7011167c308717e7d0b229cd885aea3e2b0ebf40748bdf5f44afe6072,gaussian,0.25,student_t_df5,0.0,WITHIN_NAMED_FAMILY_ONLY; scalar tail dependence is not a cross-family order
CRR-STAGEII-CONFIRM-2026-07-22,21c5b970e734ed79636df2f3882d4d85460c5efa40b88e59b9b9a3f34a25c0ff,E5,202607225016,TRUE-student_t_df4,independent_true_law_evaluation,numpy_PCG64,202607735016,4096,d68944e0adf310ca27999326eab24acc145675a2db0674e26130a05a91cf0050,student_t_df4,0.25,student_t_df5,0.1953801683718518,WITHIN_NAMED_FAMILY_ONLY; scalar tail dependence is not a cross-family order
CRR-STAGEII-CONFIRM-2026-07-22,21c5b970e734ed79636df2f3882d4d85460c5efa40b88e59b9b9a3f34a25c0ff,E5,202607225017,ASSUMED-clayton,assumed_law_optimization,numpy_PCG64,202607225017,512,13b23d57157d819c87b44f7d042d8c2b35a53eb443e15634cdb6157051e73a60,clayton,0.25,student_t_df5,0.3535533905932738,WITHIN_NAMED_FAMILY_ONLY; scalar tail dependence is not a cross-family order
CRR-STAGEII-CONFIRM-2026-07-22,21c5b970e734ed79636df2f3882d4d85460c5efa40b88e59b9b9a3f34a25c0ff,E5,202607225017,ASSUMED-empirical_copula,assumed_law_optimization,numpy_PCG64,202607225017,512,273461b549fd6e4a67160492361b9bf989aaaca6e7dadfb0b30e9e8be835a977,empirical_copula,,student_t_df5,0.68359375,EMPIRICAL_COPULA_MODEL_SENSITIVITY_NOT_PARAMETRIC_ORDER
CRR-STAGEII-CONFIRM-2026-07-22,21c5b970e734ed79636df2f3882d4d85460c5efa40b88e59b9b9a3f34a25c0ff,E5,202607225017,ASSUMED-gaussian,assumed_law_optimization,numpy_PCG64,202607225017,512,0cf93058c730f7a17fc52ac3d0120053781778eef2abb7e3969800ebdfcf04c1,gaussian,0.25,student_t_df5,0.0,WITHIN_NAMED_FAMILY_ONLY; scalar tail dependence is not a cross-family order
CRR-STAGEII-CONFIRM-2026-07-22,21c5b970e734ed79636df2f3882d4d85460c5efa40b88e59b9b9a3f34a25c0ff,E5,202607225017,ASSUMED-student_t_df4,assumed_law_optimization,numpy_PCG64,202607225017,512,6d281b57253d50f5bfe8f1e837d414cb447979584cd141ffa2cd5eb96aa25cfc,student_t_df4,0.25,student_t_df5,0.1953801683718518,WITHIN_NAMED_FAMILY_ONLY; scalar tail dependence is not a cross-family order
CRR-STAGEII-CONFIRM-2026-07-22,21c5b970e734ed79636df2f3882d4d85460c5efa40b88e59b9b9a3f34a25c0ff,E5,202607225017,TRUE-clayton,independent_true_law_evaluation,numpy_PCG64,202607745017,4096,6279685bc85cfdb20313052b3d0724b5988365a03e21eb8fa25dafcad014190f,clayton,0.25,student_t_df5,0.3535533905932738,WITHIN_NAMED_FAMILY_ONLY; scalar tail dependence is not a cross-family order
CRR-STAGEII-CONFIRM-2026-07-22,21c5b970e734ed79636df2f3882d4d85460c5efa40b88e59b9b9a3f34a25c0ff,E5,202607225017,TRUE-empirical_copula,independent_true_law_evaluation,numpy_PCG64,202607755017,4096,a7e52c38b1e226c839ab7d6f836d31130df23e3136ef8db645a8f3f68063499e,empirical_copula,,student_t_df5,0.6087239583333334,EMPIRICAL_COPULA_MODEL_SENSITIVITY_NOT_PARAMETRIC_ORDER
CRR-STAGEII-CONFIRM-2026-07-22,21c5b970e734ed79636df2f3882d4d85460c5efa40b88e59b9b9a3f34a25c0ff,E5,202607225017,TRUE-gaussian,independent_true_law_evaluation,numpy_PCG64,202607725017,4096,e9d591425f2d461afc1eaaf8cea3e1090270fce6c425e4abea8b9c6dc0e9fe8e,gaussian,0.25,student_t_df5,0.0,WITHIN_NAMED_FAMILY_ONLY; scalar tail dependence is not a cross-family order
CRR-STAGEII-CONFIRM-2026-07-22,21c5b970e734ed79636df2f3882d4d85460c5efa40b88e59b9b9a3f34a25c0ff,E5,202607225017,TRUE-student_t_df4,independent_true_law_evaluation,numpy_PCG64,202607735017,4096,53e37da9376d222db3df8af16d5d8884f6c30c6a7c8b128ad402d260c4193cf6,student_t_df4,0.25,student_t_df5,0.1953801683718518,WITHIN_NAMED_FAMILY_ONLY; scalar tail dependence is not a cross-family order
CRR-STAGEII-CONFIRM-2026-07-22,21c5b970e734ed79636df2f3882d4d85460c5efa40b88e59b9b9a3f34a25c0ff,E5,202607225018,ASSUMED-clayton,assumed_law_optimization,numpy_PCG64,202607225018,512,cf91589095875d662fe1f363a15ed848fc1f6afa5341ffca8925df02c352519a,clayton,0.25,student_t_df5,0.3535533905932738,WITHIN_NAMED_FAMILY_ONLY; scalar tail dependence is not a cross-family order
CRR-STAGEII-CONFIRM-2026-07-22,21c5b970e734ed79636df2f3882d4d85460c5efa40b88e59b9b9a3f34a25c0ff,E5,202607225018,ASSUMED-empirical_copula,assumed_law_optimization,numpy_PCG64,202607225018,512,0f36b61d9dfd399952d5a091f5d2c30e7e10d91863470ab6e07da64c0a9dfcd6,empirical_copula,,student_t_df5,0.48828125,EMPIRICAL_COPULA_MODEL_SENSITIVITY_NOT_PARAMETRIC_ORDER
CRR-STAGEII-CONFIRM-2026-07-22,21c5b970e734ed79636df2f3882d4d85460c5efa40b88e59b9b9a3f34a25c0ff,E5,202607225018,ASSUMED-gaussian,assumed_law_optimization,numpy_PCG64,202607225018,512,35d5e8d36aa8da4e32062fea425b67e981778409dcc85f6c5be42918a6747855,gaussian,0.25,student_t_df5,0.0,WITHIN_NAMED_FAMILY_ONLY; scalar tail dependence is not a cross-family order
CRR-STAGEII-CONFIRM-2026-07-22,21c5b970e734ed79636df2f3882d4d85460c5efa40b88e59b9b9a3f34a25c0ff,E5,202607225018,ASSUMED-student_t_df4,assumed_law_optimization,numpy_PCG64,202607225018,512,89d782b860a9f87ce65813212ef2848816c95830b567cc9f8aaed3d52b788af1,student_t_df4,0.25,student_t_df5,0.1953801683718518,WITHIN_NAMED_FAMILY_ONLY; scalar tail dependence is not a cross-family order
CRR-STAGEII-CONFIRM-2026-07-22,21c5b970e734ed79636df2f3882d4d85460c5efa40b88e59b9b9a3f34a25c0ff,E5,202607225018,TRUE-clayton,independent_true_law_evaluation,numpy_PCG64,202607745018,4096,f99c7b723fd30390ed04a9ffaaf4d779b9953251e5a5fdfbce268c2b602fbbf9,clayton,0.25,student_t_df5,0.3535533905932738,WITHIN_NAMED_FAMILY_ONLY; scalar tail dependence is not a cross-family order
CRR-STAGEII-CONFIRM-2026-07-22,21c5b970e734ed79636df2f3882d4d85460c5efa40b88e59b9b9a3f34a25c0ff,E5,202607225018,TRUE-empirical_copula,independent_true_law_evaluation,numpy_PCG64,202607755018,4096,d2e0157ffb729f5b8deb59c2e8aba1f145d2f03d8a35efebf4a48597ce510c3a,empirical_copula,,student_t_df5,0.6339518229166666,EMPIRICAL_COPULA_MODEL_SENSITIVITY_NOT_PARAMETRIC_ORDER
CRR-STAGEII-CONFIRM-2026-07-22,21c5b970e734ed79636df2f3882d4d85460c5efa40b88e59b9b9a3f34a25c0ff,E5,202607225018,TRUE-gaussian,independent_true_law_evaluation,numpy_PCG64,202607725018,4096,83319e1608f195d8047444f8772b577ec0b590add79869874459a86c79ac65f5,gaussian,0.25,student_t_df5,0.0,WITHIN_NAMED_FAMILY_ONLY; scalar tail dependence is not a cross-family order
CRR-STAGEII-CONFIRM-2026-07-22,21c5b970e734ed79636df2f3882d4d85460c5efa40b88e59b9b9a3f34a25c0ff,E5,202607225018,TRUE-student_t_df4,independent_true_law_evaluation,numpy_PCG64,202607735018,4096,c7557c3e07af33d290dbd87daffcd9fc7c079eeab66dbfda86fce6530011dff7,student_t_df4,0.25,student_t_df5,0.1953801683718518,WITHIN_NAMED_FAMILY_ONLY; scalar tail dependence is not a cross-family order
CRR-STAGEII-CONFIRM-2026-07-22,21c5b970e734ed79636df2f3882d4d85460c5efa40b88e59b9b9a3f34a25c0ff,E5,202607225019,ASSUMED-clayton,assumed_law_optimization,numpy_PCG64,202607225019,512,7d8d19f39c199b735995b8a91b846673aaed688fa1900a9067c681ea29702cbc,clayton,0.25,student_t_df5,0.3535533905932738,WITHIN_NAMED_FAMILY_ONLY; scalar tail dependence is not a cross-family order
CRR-STAGEII-CONFIRM-2026-07-22,21c5b970e734ed79636df2f3882d4d85460c5efa40b88e59b9b9a3f34a25c0ff,E5,202607225019,ASSUMED-empirical_copula,assumed_law_optimization,numpy_PCG64,202607225019,512,0eb8b8a7703a01a561203bf8904998acc49f06fef03f12736466b7a64b20bf71,empirical_copula,,student_t_df5,0.7486979166666666,EMPIRICAL_COPULA_MODEL_SENSITIVITY_NOT_PARAMETRIC_ORDER
CRR-STAGEII-CONFIRM-2026-07-22,21c5b970e734ed79636df2f3882d4d85460c5efa40b88e59b9b9a3f34a25c0ff,E5,202607225019,ASSUMED-gaussian,assumed_law_optimization,numpy_PCG64,202607225019,512,a2d6bb871e4fc8751b9245545102ef2240ef39a741e8a045b9f7d986d24d2f9b,gaussian,0.25,student_t_df5,0.0,WITHIN_NAMED_FAMILY_ONLY; scalar tail dependence is not a cross-family order
CRR-STAGEII-CONFIRM-2026-07-22,21c5b970e734ed79636df2f3882d4d85460c5efa40b88e59b9b9a3f34a25c0ff,E5,202607225019,ASSUMED-student_t_df4,assumed_law_optimization,numpy_PCG64,202607225019,512,cd7f44a3ca3c3a56df9f072867c44e22ffb0dd862fd70c1d0fc3aecc8a97566c,student_t_df4,0.25,student_t_df5,0.1953801683718518,WITHIN_NAMED_FAMILY_ONLY; scalar tail dependence is not a cross-family order
CRR-STAGEII-CONFIRM-2026-07-22,21c5b970e734ed79636df2f3882d4d85460c5efa40b88e59b9b9a3f34a25c0ff,E5,202607225019,TRUE-clayton,independent_true_law_evaluation,numpy_PCG64,202607745019,4096,cd0bb5a769e2018e1281ff11adf27cc133ab333299f4caf7c22ad618b12f3729,clayton,0.25,student_t_df5,0.3535533905932738,WITHIN_NAMED_FAMILY_ONLY; scalar tail dependence is not a cross-family order
CRR-STAGEII-CONFIRM-2026-07-22,21c5b970e734ed79636df2f3882d4d85460c5efa40b88e59b9b9a3f34a25c0ff,E5,202607225019,TRUE-empirical_copula,independent_true_law_evaluation,numpy_PCG64,202607755019,4096,ddebb30f72041dbd6296b3dcfeb212f6ae27a4e526ba8ed98fa05fc5045eb2bd,empirical_copula,,student_t_df5,0.5908203125,EMPIRICAL_COPULA_MODEL_SENSITIVITY_NOT_PARAMETRIC_ORDER
CRR-STAGEII-CONFIRM-2026-07-22,21c5b970e734ed79636df2f3882d4d85460c5efa40b88e59b9b9a3f34a25c0ff,E5,202607225019,TRUE-gaussian,independent_true_law_evaluation,numpy_PCG64,202607725019,4096,fcc07e4db3c2bc04ee69977852620bd525a9215d5b49ec4d74a97ac511b5e595,gaussian,0.25,student_t_df5,0.0,WITHIN_NAMED_FAMILY_ONLY; scalar tail dependence is not a cross-family order
CRR-STAGEII-CONFIRM-2026-07-22,21c5b970e734ed79636df2f3882d4d85460c5efa40b88e59b9b9a3f34a25c0ff,E5,202607225019,TRUE-student_t_df4,independent_true_law_evaluation,numpy_PCG64,202607735019,4096,de83b49b526b1257b54596f2b661e80146ea4b66119926ba1b9849c50a0aeac4,student_t_df4,0.25,student_t_df5,0.1953801683718518,WITHIN_NAMED_FAMILY_ONLY; scalar tail dependence is not a cross-family order
CRR-STAGEII-CONFIRM-2026-07-22,21c5b970e734ed79636df2f3882d4d85460c5efa40b88e59b9b9a3f34a25c0ff,E5,202607225020,ASSUMED-clayton,assumed_law_optimization,numpy_PCG64,202607225020,512,b6355ed189627f34a5be3ff5c6537706626dd1d69ffdd9db0ae0a0e28c5bb4b4,clayton,0.25,student_t_df5,0.3535533905932738,WITHIN_NAMED_FAMILY_ONLY; scalar tail dependence is not a cross-family order
CRR-STAGEII-CONFIRM-2026-07-22,21c5b970e734ed79636df2f3882d4d85460c5efa40b88e59b9b9a3f34a25c0ff,E5,202607225020,ASSUMED-empirical_copula,assumed_law_optimization,numpy_PCG64,202607225020,512,b390c7773723e7777e1e100cabfe5fc8da7e5140d6332c4b9ec4c10d5d4d95fc,empirical_copula,,student_t_df5,0.78125,EMPIRICAL_COPULA_MODEL_SENSITIVITY_NOT_PARAMETRIC_ORDER
CRR-STAGEII-CONFIRM-2026-07-22,21c5b970e734ed79636df2f3882d4d85460c5efa40b88e59b9b9a3f34a25c0ff,E5,202607225020,ASSUMED-gaussian,assumed_law_optimization,numpy_PCG64,202607225020,512,a9ecd727f1ab246aabcff642ef642b98618daed029760e29f18065638b17cd04,gaussian,0.25,student_t_df5,0.0,WITHIN_NAMED_FAMILY_ONLY; scalar tail dependence is not a cross-family order
CRR-STAGEII-CONFIRM-2026-07-22,21c5b970e734ed79636df2f3882d4d85460c5efa40b88e59b9b9a3f34a25c0ff,E5,202607225020,ASSUMED-student_t_df4,assumed_law_optimization,numpy_PCG64,202607225020,512,71d05f07bd672b2aee380fb938e78a7e695c4168eebddb996c488e72fa8e4207,student_t_df4,0.25,student_t_df5,0.1953801683718518,WITHIN_NAMED_FAMILY_ONLY; scalar tail dependence is not a cross-family order
CRR-STAGEII-CONFIRM-2026-07-22,21c5b970e734ed79636df2f3882d4d85460c5efa40b88e59b9b9a3f34a25c0ff,E5,202607225020,TRUE-clayton,independent_true_law_evaluation,numpy_PCG64,202607745020,4096,65878ea39a614d41ed7185465a804513173e7ca2c7cd2c2e7d1ccd3cdae64491,clayton,0.25,student_t_df5,0.3535533905932738,WITHIN_NAMED_FAMILY_ONLY; scalar tail dependence is not a cross-family order
CRR-STAGEII-CONFIRM-2026-07-22,21c5b970e734ed79636df2f3882d4d85460c5efa40b88e59b9b9a3f34a25c0ff,E5,202607225020,TRUE-empirical_copula,independent_true_law_evaluation,numpy_PCG64,202607755020,4096,619030ac65e1b0286f422c0a28250d96c32aade57f10bafa65d1c53fe301188b,empirical_copula,,student_t_df5,0.59814453125,EMPIRICAL_COPULA_MODEL_SENSITIVITY_NOT_PARAMETRIC_ORDER
CRR-STAGEII-CONFIRM-2026-07-22,21c5b970e734ed79636df2f3882d4d85460c5efa40b88e59b9b9a3f34a25c0ff,E5,202607225020,TRUE-gaussian,independent_true_law_evaluation,numpy_PCG64,202607725020,4096,b925623b29f518ee3f92c660914fc416898a12f97b917e0a34dd50901c3b76d3,gaussian,0.25,student_t_df5,0.0,WITHIN_NAMED_FAMILY_ONLY; scalar tail dependence is not a cross-family order
CRR-STAGEII-CONFIRM-2026-07-22,21c5b970e734ed79636df2f3882d4d85460c5efa40b88e59b9b9a3f34a25c0ff,E5,202607225020,TRUE-student_t_df4,independent_true_law_evaluation,numpy_PCG64,202607735020,4096,f0a18b012289cfbfe2ee77ca8d1d7a162a8aa3544cfe59c0f2ebfd837f669eac,student_t_df4,0.25,student_t_df5,0.1953801683718518,WITHIN_NAMED_FAMILY_ONLY; scalar tail dependence is not a cross-family order
CRR-STAGEII-CONFIRM-2026-07-22,21c5b970e734ed79636df2f3882d4d85460c5efa40b88e59b9b9a3f34a25c0ff,E5,202607225021,ASSUMED-clayton,assumed_law_optimization,numpy_PCG64,202607225021,512,de96c83cc44766ef865f4a03f3995f692eb1abc231da54490c78f42806a1a574,clayton,0.25,student_t_df5,0.3535533905932738,WITHIN_NAMED_FAMILY_ONLY; scalar tail dependence is not a cross-family order
CRR-STAGEII-CONFIRM-2026-07-22,21c5b970e734ed79636df2f3882d4d85460c5efa40b88e59b9b9a3f34a25c0ff,E5,202607225021,ASSUMED-empirical_copula,assumed_law_optimization,numpy_PCG64,202607225021,512,3515635e4b0780110ca52975a431e0801fdd230883a8944258dece348d58f98d,empirical_copula,,student_t_df5,0.56640625,EMPIRICAL_COPULA_MODEL_SENSITIVITY_NOT_PARAMETRIC_ORDER
CRR-STAGEII-CONFIRM-2026-07-22,21c5b970e734ed79636df2f3882d4d85460c5efa40b88e59b9b9a3f34a25c0ff,E5,202607225021,ASSUMED-gaussian,assumed_law_optimization,numpy_PCG64,202607225021,512,7f64b02ae9d15c66945fa5285e7e16f23cb5a00ed2554dbf321ec9db70d21e84,gaussian,0.25,student_t_df5,0.0,WITHIN_NAMED_FAMILY_ONLY; scalar tail dependence is not a cross-family order
CRR-STAGEII-CONFIRM-2026-07-22,21c5b970e734ed79636df2f3882d4d85460c5efa40b88e59b9b9a3f34a25c0ff,E5,202607225021,ASSUMED-student_t_df4,assumed_law_optimization,numpy_PCG64,202607225021,512,c4ef43af16d68b610f22eddbb689cc9d4f56f2d3d7e731e4262c59139064cae9,student_t_df4,0.25,student_t_df5,0.1953801683718518,WITHIN_NAMED_FAMILY_ONLY; scalar tail dependence is not a cross-family order
CRR-STAGEII-CONFIRM-2026-07-22,21c5b970e734ed79636df2f3882d4d85460c5efa40b88e59b9b9a3f34a25c0ff,E5,202607225021,TRUE-clayton,independent_true_law_evaluation,numpy_PCG64,202607745021,4096,7875f2d6b63ea8ad9475fae43c94d4631cf707df96b89e26b3173c78169062b6,clayton,0.25,student_t_df5,0.3535533905932738,WITHIN_NAMED_FAMILY_ONLY; scalar tail dependence is not a cross-family order
CRR-STAGEII-CONFIRM-2026-07-22,21c5b970e734ed79636df2f3882d4d85460c5efa40b88e59b9b9a3f34a25c0ff,E5,202607225021,TRUE-empirical_copula,independent_true_law_evaluation,numpy_PCG64,202607755021,4096,107d9b9e3b6ee109891d825920115d5152c69e55b2bafae6b09ac4d85c3b2443,empirical_copula,,student_t_df5,0.6136067708333334,EMPIRICAL_COPULA_MODEL_SENSITIVITY_NOT_PARAMETRIC_ORDER
CRR-STAGEII-CONFIRM-2026-07-22,21c5b970e734ed79636df2f3882d4d85460c5efa40b88e59b9b9a3f34a25c0ff,E5,202607225021,TRUE-gaussian,independent_true_law_evaluation,numpy_PCG64,202607725021,4096,c784e721158209db4c5a24aff4ed6f3a479dbe4f3f4480016fbc83dd2768ecda,gaussian,0.25,student_t_df5,0.0,WITHIN_NAMED_FAMILY_ONLY; scalar tail dependence is not a cross-family order
CRR-STAGEII-CONFIRM-2026-07-22,21c5b970e734ed79636df2f3882d4d85460c5efa40b88e59b9b9a3f34a25c0ff,E5,202607225021,TRUE-student_t_df4,independent_true_law_evaluation,numpy_PCG64,202607735021,4096,7bbe702de2dd575cfdeeeff439a89bef9fc174a2d58d4cad14c64d3e4ada911b,student_t_df4,0.25,student_t_df5,0.1953801683718518,WITHIN_NAMED_FAMILY_ONLY; scalar tail dependence is not a cross-family order
CRR-STAGEII-CONFIRM-2026-07-22,21c5b970e734ed79636df2f3882d4d85460c5efa40b88e59b9b9a3f34a25c0ff,E5,202607225022,ASSUMED-clayton,assumed_law_optimization,numpy_PCG64,202607225022,512,ef43b6ad3cceeff0ed0752dd3c6b4f6a725be8ad96814f0772f3cff4a450483e,clayton,0.25,student_t_df5,0.3535533905932738,WITHIN_NAMED_FAMILY_ONLY; scalar tail dependence is not a cross-family order
CRR-STAGEII-CONFIRM-2026-07-22,21c5b970e734ed79636df2f3882d4d85460c5efa40b88e59b9b9a3f34a25c0ff,E5,202607225022,ASSUMED-empirical_copula,assumed_law_optimization,numpy_PCG64,202607225022,512,312387261208c97eb417c852a240af7ba89113219502d7afb496bd89b551f132,empirical_copula,,student_t_df5,0.7942708333333334,EMPIRICAL_COPULA_MODEL_SENSITIVITY_NOT_PARAMETRIC_ORDER
CRR-STAGEII-CONFIRM-2026-07-22,21c5b970e734ed79636df2f3882d4d85460c5efa40b88e59b9b9a3f34a25c0ff,E5,202607225022,ASSUMED-gaussian,assumed_law_optimization,numpy_PCG64,202607225022,512,292ce597e68ff5fadb0630ba232fa0c7f895fada6edceb42fbea7b4fb1303f20,gaussian,0.25,student_t_df5,0.0,WITHIN_NAMED_FAMILY_ONLY; scalar tail dependence is not a cross-family order
CRR-STAGEII-CONFIRM-2026-07-22,21c5b970e734ed79636df2f3882d4d85460c5efa40b88e59b9b9a3f34a25c0ff,E5,202607225022,ASSUMED-student_t_df4,assumed_law_optimization,numpy_PCG64,202607225022,512,90bbeaa55f1ebd61e5f5649de02d19bd2b6c148f6c9ea57b5e1e809e1359d368,student_t_df4,0.25,student_t_df5,0.1953801683718518,WITHIN_NAMED_FAMILY_ONLY; scalar tail dependence is not a cross-family order
CRR-STAGEII-CONFIRM-2026-07-22,21c5b970e734ed79636df2f3882d4d85460c5efa40b88e59b9b9a3f34a25c0ff,E5,202607225022,TRUE-clayton,independent_true_law_evaluation,numpy_PCG64,202607745022,4096,7599d864e125444db7953a56b76ea440aa89d02ec90969dcdd8c7442d77e1cf1,clayton,0.25,student_t_df5,0.3535533905932738,WITHIN_NAMED_FAMILY_ONLY; scalar tail dependence is not a cross-family order
CRR-STAGEII-CONFIRM-2026-07-22,21c5b970e734ed79636df2f3882d4d85460c5efa40b88e59b9b9a3f34a25c0ff,E5,202607225022,TRUE-empirical_copula,independent_true_law_evaluation,numpy_PCG64,202607755022,4096,4c9a364e709f7a9fa3fac31aeb8c4c3893c0820fd304e9a3406ea935b21414bd,empirical_copula,,student_t_df5,0.62255859375,EMPIRICAL_COPULA_MODEL_SENSITIVITY_NOT_PARAMETRIC_ORDER
CRR-STAGEII-CONFIRM-2026-07-22,21c5b970e734ed79636df2f3882d4d85460c5efa40b88e59b9b9a3f34a25c0ff,E5,202607225022,TRUE-gaussian,independent_true_law_evaluation,numpy_PCG64,202607725022,4096,5aa708562fe811d95dee8cc04c1b5d7e412845e1335c6bb3f3254a4591658f7b,gaussian,0.25,student_t_df5,0.0,WITHIN_NAMED_FAMILY_ONLY; scalar tail dependence is not a cross-family order
CRR-STAGEII-CONFIRM-2026-07-22,21c5b970e734ed79636df2f3882d4d85460c5efa40b88e59b9b9a3f34a25c0ff,E5,202607225022,TRUE-student_t_df4,independent_true_law_evaluation,numpy_PCG64,202607735022,4096,255979471f60fffcbc62675d7b435ec58b9a3ff6c279c1be5581ac8d03b8569a,student_t_df4,0.25,student_t_df5,0.1953801683718518,WITHIN_NAMED_FAMILY_ONLY; scalar tail dependence is not a cross-family order
CRR-STAGEII-CONFIRM-2026-07-22,21c5b970e734ed79636df2f3882d4d85460c5efa40b88e59b9b9a3f34a25c0ff,E5,202607225023,ASSUMED-clayton,assumed_law_optimization,numpy_PCG64,202607225023,512,a2a69327b23096c93df2f3514475ce7dabdb45c87bc3bf9151bed577ef34cf15,clayton,0.25,student_t_df5,0.3535533905932738,WITHIN_NAMED_FAMILY_ONLY; scalar tail dependence is not a cross-family order
CRR-STAGEII-CONFIRM-2026-07-22,21c5b970e734ed79636df2f3882d4d85460c5efa40b88e59b9b9a3f34a25c0ff,E5,202607225023,ASSUMED-empirical_copula,assumed_law_optimization,numpy_PCG64,202607225023,512,7f7cf91aa5876ea35ff95e6e27d419663b97249c1ad5ad3da25a19e21cd113e2,empirical_copula,,student_t_df5,0.6510416666666666,EMPIRICAL_COPULA_MODEL_SENSITIVITY_NOT_PARAMETRIC_ORDER
CRR-STAGEII-CONFIRM-2026-07-22,21c5b970e734ed79636df2f3882d4d85460c5efa40b88e59b9b9a3f34a25c0ff,E5,202607225023,ASSUMED-gaussian,assumed_law_optimization,numpy_PCG64,202607225023,512,1930170515eaa798ffc2465954259f5b6378cd08aee52c31d522abe27fa63d5b,gaussian,0.25,student_t_df5,0.0,WITHIN_NAMED_FAMILY_ONLY; scalar tail dependence is not a cross-family order
CRR-STAGEII-CONFIRM-2026-07-22,21c5b970e734ed79636df2f3882d4d85460c5efa40b88e59b9b9a3f34a25c0ff,E5,202607225023,ASSUMED-student_t_df4,assumed_law_optimization,numpy_PCG64,202607225023,512,dcd9e3e07d7ae93a352858d2ec7157b9f03c99fc4b2b2c2bf6a257135375cad5,student_t_df4,0.25,student_t_df5,0.1953801683718518,WITHIN_NAMED_FAMILY_ONLY; scalar tail dependence is not a cross-family order
CRR-STAGEII-CONFIRM-2026-07-22,21c5b970e734ed79636df2f3882d4d85460c5efa40b88e59b9b9a3f34a25c0ff,E5,202607225023,TRUE-clayton,independent_true_law_evaluation,numpy_PCG64,202607745023,4096,961823f718b0720afcd8ca0a527e5e5c4ad97f531b89cb718c5b5d457c797c9e,clayton,0.25,student_t_df5,0.3535533905932738,WITHIN_NAMED_FAMILY_ONLY; scalar tail dependence is not a cross-family order
CRR-STAGEII-CONFIRM-2026-07-22,21c5b970e734ed79636df2f3882d4d85460c5efa40b88e59b9b9a3f34a25c0ff,E5,202607225023,TRUE-empirical_copula,independent_true_law_evaluation,numpy_PCG64,202607755023,4096,e2d811778bb66afe41656467b58850a2d236489bff7d3b6094543069b2adee8a,empirical_copula,,student_t_df5,0.5989583333333334,EMPIRICAL_COPULA_MODEL_SENSITIVITY_NOT_PARAMETRIC_ORDER
CRR-STAGEII-CONFIRM-2026-07-22,21c5b970e734ed79636df2f3882d4d85460c5efa40b88e59b9b9a3f34a25c0ff,E5,202607225023,TRUE-gaussian,independent_true_law_evaluation,numpy_PCG64,202607725023,4096,78e3ac39638fa518dae722fd1b825f6bbf56d58b08f66140b9e63257ace38ed8,gaussian,0.25,student_t_df5,0.0,WITHIN_NAMED_FAMILY_ONLY; scalar tail dependence is not a cross-family order
CRR-STAGEII-CONFIRM-2026-07-22,21c5b970e734ed79636df2f3882d4d85460c5efa40b88e59b9b9a3f34a25c0ff,E5,202607225023,TRUE-student_t_df4,independent_true_law_evaluation,numpy_PCG64,202607735023,4096,41c6c75bfbd9fb1a861da7d6c888d78880413a2c33a2543bfb88f27b1583d69e,student_t_df4,0.25,student_t_df5,0.1953801683718518,WITHIN_NAMED_FAMILY_ONLY; scalar tail dependence is not a cross-family order
CRR-STAGEII-CONFIRM-2026-07-22,21c5b970e734ed79636df2f3882d4d85460c5efa40b88e59b9b9a3f34a25c0ff,E5,202607225024,ASSUMED-clayton,assumed_law_optimization,numpy_PCG64,202607225024,512,ef48d137593dc2825c3fe9721e96bd7d7494697f629476d696e7dee90b12fa5d,clayton,0.25,student_t_df5,0.3535533905932738,WITHIN_NAMED_FAMILY_ONLY; scalar tail dependence is not a cross-family order
CRR-STAGEII-CONFIRM-2026-07-22,21c5b970e734ed79636df2f3882d4d85460c5efa40b88e59b9b9a3f34a25c0ff,E5,202607225024,ASSUMED-empirical_copula,assumed_law_optimization,numpy_PCG64,202607225024,512,d44d38a704a6d14da5864515fcff118fc1cb50049a7b17b03d71cbf844c79219,empirical_copula,,student_t_df5,0.5208333333333334,EMPIRICAL_COPULA_MODEL_SENSITIVITY_NOT_PARAMETRIC_ORDER
CRR-STAGEII-CONFIRM-2026-07-22,21c5b970e734ed79636df2f3882d4d85460c5efa40b88e59b9b9a3f34a25c0ff,E5,202607225024,ASSUMED-gaussian,assumed_law_optimization,numpy_PCG64,202607225024,512,91d2c7aed7f3377be337d1bb3e4abdc3b27865f55e1bb9dd9e42a5c9a38d140e,gaussian,0.25,student_t_df5,0.0,WITHIN_NAMED_FAMILY_ONLY; scalar tail dependence is not a cross-family order
CRR-STAGEII-CONFIRM-2026-07-22,21c5b970e734ed79636df2f3882d4d85460c5efa40b88e59b9b9a3f34a25c0ff,E5,202607225024,ASSUMED-student_t_df4,assumed_law_optimization,numpy_PCG64,202607225024,512,44feee786a59b99b8eb1a3dc39be82793ef779642e034d7daab018ca9b4c3a47,student_t_df4,0.25,student_t_df5,0.1953801683718518,WITHIN_NAMED_FAMILY_ONLY; scalar tail dependence is not a cross-family order
CRR-STAGEII-CONFIRM-2026-07-22,21c5b970e734ed79636df2f3882d4d85460c5efa40b88e59b9b9a3f34a25c0ff,E5,202607225024,TRUE-clayton,independent_true_law_evaluation,numpy_PCG64,202607745024,4096,8dc21038dd312e99c36a7c34a6ad1dd5899265e84a72df2865974b86a4ddf21a,clayton,0.25,student_t_df5,0.3535533905932738,WITHIN_NAMED_FAMILY_ONLY; scalar tail dependence is not a cross-family order
CRR-STAGEII-CONFIRM-2026-07-22,21c5b970e734ed79636df2f3882d4d85460c5efa40b88e59b9b9a3f34a25c0ff,E5,202607225024,TRUE-empirical_copula,independent_true_law_evaluation,numpy_PCG64,202607755024,4096,96228217e2f0df5d3a0a52109ed22396b61dc83adf48885dd4353438ef11cef9,empirical_copula,,student_t_df5,0.6998697916666666,EMPIRICAL_COPULA_MODEL_SENSITIVITY_NOT_PARAMETRIC_ORDER
CRR-STAGEII-CONFIRM-2026-07-22,21c5b970e734ed79636df2f3882d4d85460c5efa40b88e59b9b9a3f34a25c0ff,E5,202607225024,TRUE-gaussian,independent_true_law_evaluation,numpy_PCG64,202607725024,4096,5f662135912599bebadd889794d4e182aff19da7f8e96225aa28bd7244cb1395,gaussian,0.25,student_t_df5,0.0,WITHIN_NAMED_FAMILY_ONLY; scalar tail dependence is not a cross-family order
CRR-STAGEII-CONFIRM-2026-07-22,21c5b970e734ed79636df2f3882d4d85460c5efa40b88e59b9b9a3f34a25c0ff,E5,202607225024,TRUE-student_t_df4,independent_true_law_evaluation,numpy_PCG64,202607735024,4096,d99a0ad34ed9aa43e0d11b2ff0909c8663ad5a16ab2219ed8e49d3eacd033993,student_t_df4,0.25,student_t_df5,0.1953801683718518,WITHIN_NAMED_FAMILY_ONLY; scalar tail dependence is not a cross-family order
CRR-STAGEII-CONFIRM-2026-07-22,21c5b970e734ed79636df2f3882d4d85460c5efa40b88e59b9b9a3f34a25c0ff,E5,202607225025,ASSUMED-clayton,assumed_law_optimization,numpy_PCG64,202607225025,512,d5e3bc7898390b6560c82ba3a29d59ac2f2631e358598486a2a3afa08e477965,clayton,0.25,student_t_df5,0.3535533905932738,WITHIN_NAMED_FAMILY_ONLY; scalar tail dependence is not a cross-family order
CRR-STAGEII-CONFIRM-2026-07-22,21c5b970e734ed79636df2f3882d4d85460c5efa40b88e59b9b9a3f34a25c0ff,E5,202607225025,ASSUMED-empirical_copula,assumed_law_optimization,numpy_PCG64,202607225025,512,5dacb10eb53be24f5a04312e7df391dfca631fa9d9b195f16a475f70119bbb1e,empirical_copula,,student_t_df5,0.5403645833333334,EMPIRICAL_COPULA_MODEL_SENSITIVITY_NOT_PARAMETRIC_ORDER
CRR-STAGEII-CONFIRM-2026-07-22,21c5b970e734ed79636df2f3882d4d85460c5efa40b88e59b9b9a3f34a25c0ff,E5,202607225025,ASSUMED-gaussian,assumed_law_optimization,numpy_PCG64,202607225025,512,afdd5a251d4ff63292de9a4c9e68ebeffc989c7d9aecdebefb1baef380e06ef6,gaussian,0.25,student_t_df5,0.0,WITHIN_NAMED_FAMILY_ONLY; scalar tail dependence is not a cross-family order
CRR-STAGEII-CONFIRM-2026-07-22,21c5b970e734ed79636df2f3882d4d85460c5efa40b88e59b9b9a3f34a25c0ff,E5,202607225025,ASSUMED-student_t_df4,assumed_law_optimization,numpy_PCG64,202607225025,512,8c82e6b1240aa136327053a873bbd96b9f188bb7ee649e47fbdb7deec39eb48e,student_t_df4,0.25,student_t_df5,0.1953801683718518,WITHIN_NAMED_FAMILY_ONLY; scalar tail dependence is not a cross-family order
CRR-STAGEII-CONFIRM-2026-07-22,21c5b970e734ed79636df2f3882d4d85460c5efa40b88e59b9b9a3f34a25c0ff,E5,202607225025,TRUE-clayton,independent_true_law_evaluation,numpy_PCG64,202607745025,4096,6de3bef3d35340407b69e41ddb1cf652afee1b92547785029a5a5852aee18108,clayton,0.25,student_t_df5,0.3535533905932738,WITHIN_NAMED_FAMILY_ONLY; scalar tail dependence is not a cross-family order
CRR-STAGEII-CONFIRM-2026-07-22,21c5b970e734ed79636df2f3882d4d85460c5efa40b88e59b9b9a3f34a25c0ff,E5,202607225025,TRUE-empirical_copula,independent_true_law_evaluation,numpy_PCG64,202607755025,4096,bdd19c763a7e45ec074499b994f005e9a6b7edd490fc5b362e0258b2582eafd1,empirical_copula,,student_t_df5,0.6038411458333334,EMPIRICAL_COPULA_MODEL_SENSITIVITY_NOT_PARAMETRIC_ORDER
CRR-STAGEII-CONFIRM-2026-07-22,21c5b970e734ed79636df2f3882d4d85460c5efa40b88e59b9b9a3f34a25c0ff,E5,202607225025,TRUE-gaussian,independent_true_law_evaluation,numpy_PCG64,202607725025,4096,eec4b00363a85347f7a9c28017fc0c342a0916abd3908ad2268f6c197477a1b4,gaussian,0.25,student_t_df5,0.0,WITHIN_NAMED_FAMILY_ONLY; scalar tail dependence is not a cross-family order
CRR-STAGEII-CONFIRM-2026-07-22,21c5b970e734ed79636df2f3882d4d85460c5efa40b88e59b9b9a3f34a25c0ff,E5,202607225025,TRUE-student_t_df4,independent_true_law_evaluation,numpy_PCG64,202607735025,4096,cc63e17bb17023d301002655d0f2dd4acff8d309983bfd3ce5ecf737c764a14b,student_t_df4,0.25,student_t_df5,0.1953801683718518,WITHIN_NAMED_FAMILY_ONLY; scalar tail dependence is not a cross-family order
CRR-STAGEII-CONFIRM-2026-07-22,21c5b970e734ed79636df2f3882d4d85460c5efa40b88e59b9b9a3f34a25c0ff,E5,202607225026,ASSUMED-clayton,assumed_law_optimization,numpy_PCG64,202607225026,512,ad6a4db8d84cb917eadd1d630755676cb99448b7ad6469904210060b098fabac,clayton,0.25,student_t_df5,0.3535533905932738,WITHIN_NAMED_FAMILY_ONLY; scalar tail dependence is not a cross-family order
CRR-STAGEII-CONFIRM-2026-07-22,21c5b970e734ed79636df2f3882d4d85460c5efa40b88e59b9b9a3f34a25c0ff,E5,202607225026,ASSUMED-empirical_copula,assumed_law_optimization,numpy_PCG64,202607225026,512,830f7ac87ec89bb2cc635dd9578e35371f408346a188c13059a55f42549088ff,empirical_copula,,student_t_df5,0.5989583333333334,EMPIRICAL_COPULA_MODEL_SENSITIVITY_NOT_PARAMETRIC_ORDER
CRR-STAGEII-CONFIRM-2026-07-22,21c5b970e734ed79636df2f3882d4d85460c5efa40b88e59b9b9a3f34a25c0ff,E5,202607225026,ASSUMED-gaussian,assumed_law_optimization,numpy_PCG64,202607225026,512,eaa983bc769df40389901d2dcb420d8ad1ece00125fed23fdc9531d99ab1e7db,gaussian,0.25,student_t_df5,0.0,WITHIN_NAMED_FAMILY_ONLY; scalar tail dependence is not a cross-family order
CRR-STAGEII-CONFIRM-2026-07-22,21c5b970e734ed79636df2f3882d4d85460c5efa40b88e59b9b9a3f34a25c0ff,E5,202607225026,ASSUMED-student_t_df4,assumed_law_optimization,numpy_PCG64,202607225026,512,6fea089896a4a6350965f70339f90f56eb1563d4ed3dc0df5df149faa11163af,student_t_df4,0.25,student_t_df5,0.1953801683718518,WITHIN_NAMED_FAMILY_ONLY; scalar tail dependence is not a cross-family order
CRR-STAGEII-CONFIRM-2026-07-22,21c5b970e734ed79636df2f3882d4d85460c5efa40b88e59b9b9a3f34a25c0ff,E5,202607225026,TRUE-clayton,independent_true_law_evaluation,numpy_PCG64,202607745026,4096,4d06951727d31fce8f3797d878bfcd00a9455a58cfa68ddcf4788f2066306860,clayton,0.25,student_t_df5,0.3535533905932738,WITHIN_NAMED_FAMILY_ONLY; scalar tail dependence is not a cross-family order
CRR-STAGEII-CONFIRM-2026-07-22,21c5b970e734ed79636df2f3882d4d85460c5efa40b88e59b9b9a3f34a25c0ff,E5,202607225026,TRUE-empirical_copula,independent_true_law_evaluation,numpy_PCG64,202607755026,4096,6040bc6562ba99241300fba9dc12b57e443ba3aa69b18bf0f6e2b5f3c33dc0eb,empirical_copula,,student_t_df5,0.6306966145833334,EMPIRICAL_COPULA_MODEL_SENSITIVITY_NOT_PARAMETRIC_ORDER
CRR-STAGEII-CONFIRM-2026-07-22,21c5b970e734ed79636df2f3882d4d85460c5efa40b88e59b9b9a3f34a25c0ff,E5,202607225026,TRUE-gaussian,independent_true_law_evaluation,numpy_PCG64,202607725026,4096,e2fa1a8fef5c2533ea218a5a4d83b6be1053f26e1c5b049e25ce208a9c6b0367,gaussian,0.25,student_t_df5,0.0,WITHIN_NAMED_FAMILY_ONLY; scalar tail dependence is not a cross-family order
CRR-STAGEII-CONFIRM-2026-07-22,21c5b970e734ed79636df2f3882d4d85460c5efa40b88e59b9b9a3f34a25c0ff,E5,202607225026,TRUE-student_t_df4,independent_true_law_evaluation,numpy_PCG64,202607735026,4096,0b204bf25383006b8b5b1cd8253fbc9099755bfc764c965ecc1f73f615ef9a25,student_t_df4,0.25,student_t_df5,0.1953801683718518,WITHIN_NAMED_FAMILY_ONLY; scalar tail dependence is not a cross-family order
CRR-STAGEII-CONFIRM-2026-07-22,21c5b970e734ed79636df2f3882d4d85460c5efa40b88e59b9b9a3f34a25c0ff,E5,202607225027,ASSUMED-clayton,assumed_law_optimization,numpy_PCG64,202607225027,512,d3b017f8c50969843859587da85a1dca435f897244049db7e48cef78b1ae1d8b,clayton,0.25,student_t_df5,0.3535533905932738,WITHIN_NAMED_FAMILY_ONLY; scalar tail dependence is not a cross-family order
CRR-STAGEII-CONFIRM-2026-07-22,21c5b970e734ed79636df2f3882d4d85460c5efa40b88e59b9b9a3f34a25c0ff,E5,202607225027,ASSUMED-empirical_copula,assumed_law_optimization,numpy_PCG64,202607225027,512,6c19cca88808d329bd571595214f8aa48055689a92418134a529ff34a95f0f23,empirical_copula,,student_t_df5,0.6966145833333334,EMPIRICAL_COPULA_MODEL_SENSITIVITY_NOT_PARAMETRIC_ORDER
CRR-STAGEII-CONFIRM-2026-07-22,21c5b970e734ed79636df2f3882d4d85460c5efa40b88e59b9b9a3f34a25c0ff,E5,202607225027,ASSUMED-gaussian,assumed_law_optimization,numpy_PCG64,202607225027,512,1c637b48f1292ace865eafafcc4acb8fdc3ba6011e5ca66d0f6938060d0eadfe,gaussian,0.25,student_t_df5,0.0,WITHIN_NAMED_FAMILY_ONLY; scalar tail dependence is not a cross-family order
CRR-STAGEII-CONFIRM-2026-07-22,21c5b970e734ed79636df2f3882d4d85460c5efa40b88e59b9b9a3f34a25c0ff,E5,202607225027,ASSUMED-student_t_df4,assumed_law_optimization,numpy_PCG64,202607225027,512,d701a1312f2f110d2bab081e605f26dad7365fe9efae8ddb26e605cd860f3c40,student_t_df4,0.25,student_t_df5,0.1953801683718518,WITHIN_NAMED_FAMILY_ONLY; scalar tail dependence is not a cross-family order
CRR-STAGEII-CONFIRM-2026-07-22,21c5b970e734ed79636df2f3882d4d85460c5efa40b88e59b9b9a3f34a25c0ff,E5,202607225027,TRUE-clayton,independent_true_law_evaluation,numpy_PCG64,202607745027,4096,8c4be00686ba9ca657a7c182df8669ba478bc25ca2f8aa81a18831ffd030d87d,clayton,0.25,student_t_df5,0.3535533905932738,WITHIN_NAMED_FAMILY_ONLY; scalar tail dependence is not a cross-family order
CRR-STAGEII-CONFIRM-2026-07-22,21c5b970e734ed79636df2f3882d4d85460c5efa40b88e59b9b9a3f34a25c0ff,E5,202607225027,TRUE-empirical_copula,independent_true_law_evaluation,numpy_PCG64,202607755027,4096,ce5d0df5e6f77b8db6e9f737bf2812085a962555b2b7c9b3eb8c06d2a0eb37a2,empirical_copula,,student_t_df5,0.6193033854166666,EMPIRICAL_COPULA_MODEL_SENSITIVITY_NOT_PARAMETRIC_ORDER
CRR-STAGEII-CONFIRM-2026-07-22,21c5b970e734ed79636df2f3882d4d85460c5efa40b88e59b9b9a3f34a25c0ff,E5,202607225027,TRUE-gaussian,independent_true_law_evaluation,numpy_PCG64,202607725027,4096,b66f883745029d626092695d19495f98f8924b43a859b4a190a3eceb486d1ef4,gaussian,0.25,student_t_df5,0.0,WITHIN_NAMED_FAMILY_ONLY; scalar tail dependence is not a cross-family order
CRR-STAGEII-CONFIRM-2026-07-22,21c5b970e734ed79636df2f3882d4d85460c5efa40b88e59b9b9a3f34a25c0ff,E5,202607225027,TRUE-student_t_df4,independent_true_law_evaluation,numpy_PCG64,202607735027,4096,642a6763d61c5d1791263eb2cef4b167572d494140748a003437f25d239ca3a4,student_t_df4,0.25,student_t_df5,0.1953801683718518,WITHIN_NAMED_FAMILY_ONLY; scalar tail dependence is not a cross-family order
CRR-STAGEII-CONFIRM-2026-07-22,21c5b970e734ed79636df2f3882d4d85460c5efa40b88e59b9b9a3f34a25c0ff,E5,202607225028,ASSUMED-clayton,assumed_law_optimization,numpy_PCG64,202607225028,512,259238e0887e4d8820a1282fdaac9bdeafc64a5c2f4f86dee00168faf991c380,clayton,0.25,student_t_df5,0.3535533905932738,WITHIN_NAMED_FAMILY_ONLY; scalar tail dependence is not a cross-family order
CRR-STAGEII-CONFIRM-2026-07-22,21c5b970e734ed79636df2f3882d4d85460c5efa40b88e59b9b9a3f34a25c0ff,E5,202607225028,ASSUMED-empirical_copula,assumed_law_optimization,numpy_PCG64,202607225028,512,15aa56be6f26276c43766103d7725c7ee5d8fd66a0b6b6cf67eb6e7cf4f70265,empirical_copula,,student_t_df5,0.4296875,EMPIRICAL_COPULA_MODEL_SENSITIVITY_NOT_PARAMETRIC_ORDER
CRR-STAGEII-CONFIRM-2026-07-22,21c5b970e734ed79636df2f3882d4d85460c5efa40b88e59b9b9a3f34a25c0ff,E5,202607225028,ASSUMED-gaussian,assumed_law_optimization,numpy_PCG64,202607225028,512,bc4ef233f663d58ae8f032810c5395eaa1aa54bdbdf9ba32af4feee4d94c02cb,gaussian,0.25,student_t_df5,0.0,WITHIN_NAMED_FAMILY_ONLY; scalar tail dependence is not a cross-family order
CRR-STAGEII-CONFIRM-2026-07-22,21c5b970e734ed79636df2f3882d4d85460c5efa40b88e59b9b9a3f34a25c0ff,E5,202607225028,ASSUMED-student_t_df4,assumed_law_optimization,numpy_PCG64,202607225028,512,ed35a24d5ed7e905f88fb0b02db00b385c08b7809ed0d41ea7a09f051fcccb87,student_t_df4,0.25,student_t_df5,0.1953801683718518,WITHIN_NAMED_FAMILY_ONLY; scalar tail dependence is not a cross-family order
CRR-STAGEII-CONFIRM-2026-07-22,21c5b970e734ed79636df2f3882d4d85460c5efa40b88e59b9b9a3f34a25c0ff,E5,202607225028,TRUE-clayton,independent_true_law_evaluation,numpy_PCG64,202607745028,4096,7faf55bb26e763144022db6d96469ce4fe6d589d8be97e943e5f129f91d25a88,clayton,0.25,student_t_df5,0.3535533905932738,WITHIN_NAMED_FAMILY_ONLY; scalar tail dependence is not a cross-family order
CRR-STAGEII-CONFIRM-2026-07-22,21c5b970e734ed79636df2f3882d4d85460c5efa40b88e59b9b9a3f34a25c0ff,E5,202607225028,TRUE-empirical_copula,independent_true_law_evaluation,numpy_PCG64,202607755028,4096,8e603b76292824c698859711eaacb520e97500eff12746abbc54498d4383fadd,empirical_copula,,student_t_df5,0.6144205729166666,EMPIRICAL_COPULA_MODEL_SENSITIVITY_NOT_PARAMETRIC_ORDER
CRR-STAGEII-CONFIRM-2026-07-22,21c5b970e734ed79636df2f3882d4d85460c5efa40b88e59b9b9a3f34a25c0ff,E5,202607225028,TRUE-gaussian,independent_true_law_evaluation,numpy_PCG64,202607725028,4096,af53cf06fd9ef5f8adb613b028ff31f2f9e51b07c1020e80c3bc5258c57b1730,gaussian,0.25,student_t_df5,0.0,WITHIN_NAMED_FAMILY_ONLY; scalar tail dependence is not a cross-family order
CRR-STAGEII-CONFIRM-2026-07-22,21c5b970e734ed79636df2f3882d4d85460c5efa40b88e59b9b9a3f34a25c0ff,E5,202607225028,TRUE-student_t_df4,independent_true_law_evaluation,numpy_PCG64,202607735028,4096,f1a20f3fa676b90021e65bac6e5b2e718adc67e2ecf528fe561186f2d7e19e30,student_t_df4,0.25,student_t_df5,0.1953801683718518,WITHIN_NAMED_FAMILY_ONLY; scalar tail dependence is not a cross-family order
CRR-STAGEII-CONFIRM-2026-07-22,21c5b970e734ed79636df2f3882d4d85460c5efa40b88e59b9b9a3f34a25c0ff,E5,202607225029,ASSUMED-clayton,assumed_law_optimization,numpy_PCG64,202607225029,512,f0f895320863b986cff9ef2440fbd49c5ade4e325773c737f3bc03a946e175b3,clayton,0.25,student_t_df5,0.3535533905932738,WITHIN_NAMED_FAMILY_ONLY; scalar tail dependence is not a cross-family order
CRR-STAGEII-CONFIRM-2026-07-22,21c5b970e734ed79636df2f3882d4d85460c5efa40b88e59b9b9a3f34a25c0ff,E5,202607225029,ASSUMED-empirical_copula,assumed_law_optimization,numpy_PCG64,202607225029,512,b9fe1ba2ed71884a3f6d6c02cf551a8213aff21d96f159c10e646458dddf1264,empirical_copula,,student_t_df5,0.64453125,EMPIRICAL_COPULA_MODEL_SENSITIVITY_NOT_PARAMETRIC_ORDER
CRR-STAGEII-CONFIRM-2026-07-22,21c5b970e734ed79636df2f3882d4d85460c5efa40b88e59b9b9a3f34a25c0ff,E5,202607225029,ASSUMED-gaussian,assumed_law_optimization,numpy_PCG64,202607225029,512,6b3ddb08fcd9df414169ecd4a7d2839701c08d29841242d8329b37174c8a0985,gaussian,0.25,student_t_df5,0.0,WITHIN_NAMED_FAMILY_ONLY; scalar tail dependence is not a cross-family order
CRR-STAGEII-CONFIRM-2026-07-22,21c5b970e734ed79636df2f3882d4d85460c5efa40b88e59b9b9a3f34a25c0ff,E5,202607225029,ASSUMED-student_t_df4,assumed_law_optimization,numpy_PCG64,202607225029,512,1961d67340837c81e0c66ca0748e7c6414c3e1565a418cf88510c4c9e6de39c1,student_t_df4,0.25,student_t_df5,0.1953801683718518,WITHIN_NAMED_FAMILY_ONLY; scalar tail dependence is not a cross-family order
CRR-STAGEII-CONFIRM-2026-07-22,21c5b970e734ed79636df2f3882d4d85460c5efa40b88e59b9b9a3f34a25c0ff,E5,202607225029,TRUE-clayton,independent_true_law_evaluation,numpy_PCG64,202607745029,4096,e8f9c9f9c537b137448bde53d51ace3be51e9a09480b312b6fcccba991a3cb45,clayton,0.25,student_t_df5,0.3535533905932738,WITHIN_NAMED_FAMILY_ONLY; scalar tail dependence is not a cross-family order
CRR-STAGEII-CONFIRM-2026-07-22,21c5b970e734ed79636df2f3882d4d85460c5efa40b88e59b9b9a3f34a25c0ff,E5,202607225029,TRUE-empirical_copula,independent_true_law_evaluation,numpy_PCG64,202607755029,4096,0a2fb3d421bb13afd049a8bab86c32669bc14886b6cfba21fd65acd97d04e16c,empirical_copula,,student_t_df5,0.6315104166666666,EMPIRICAL_COPULA_MODEL_SENSITIVITY_NOT_PARAMETRIC_ORDER
CRR-STAGEII-CONFIRM-2026-07-22,21c5b970e734ed79636df2f3882d4d85460c5efa40b88e59b9b9a3f34a25c0ff,E5,202607225029,TRUE-gaussian,independent_true_law_evaluation,numpy_PCG64,202607725029,4096,fcc621ebd9fbb1d3d9a55c34942b0e40396f952105669e007edeb75840e713f0,gaussian,0.25,student_t_df5,0.0,WITHIN_NAMED_FAMILY_ONLY; scalar tail dependence is not a cross-family order
CRR-STAGEII-CONFIRM-2026-07-22,21c5b970e734ed79636df2f3882d4d85460c5efa40b88e59b9b9a3f34a25c0ff,E5,202607225029,TRUE-student_t_df4,independent_true_law_evaluation,numpy_PCG64,202607735029,4096,2327da9d04241dbb2f8a778c927da86969467d8c5b96512504db6d712df6ebfa,student_t_df4,0.25,student_t_df5,0.1953801683718518,WITHIN_NAMED_FAMILY_ONLY; scalar tail dependence is not a cross-family order
CRR-STAGEII-CONFIRM-2026-07-22,21c5b970e734ed79636df2f3882d4d85460c5efa40b88e59b9b9a3f34a25c0ff,E5,202607225030,ASSUMED-clayton,assumed_law_optimization,numpy_PCG64,202607225030,512,082563cd43dbc617dedc4d1806d7a6374de774f541418a7a968353cefc16928c,clayton,0.25,student_t_df5,0.3535533905932738,WITHIN_NAMED_FAMILY_ONLY; scalar tail dependence is not a cross-family order
CRR-STAGEII-CONFIRM-2026-07-22,21c5b970e734ed79636df2f3882d4d85460c5efa40b88e59b9b9a3f34a25c0ff,E5,202607225030,ASSUMED-empirical_copula,assumed_law_optimization,numpy_PCG64,202607225030,512,ba514d0e711bb3e5e83eaaf929d037ccfbf8853794248f03603e128d60604bcb,empirical_copula,,student_t_df5,0.4296875,EMPIRICAL_COPULA_MODEL_SENSITIVITY_NOT_PARAMETRIC_ORDER
CRR-STAGEII-CONFIRM-2026-07-22,21c5b970e734ed79636df2f3882d4d85460c5efa40b88e59b9b9a3f34a25c0ff,E5,202607225030,ASSUMED-gaussian,assumed_law_optimization,numpy_PCG64,202607225030,512,c25c065330d5370aeb3dad1cc81a9c9358d1be1dea81d0bc47e62062e4ee271a,gaussian,0.25,student_t_df5,0.0,WITHIN_NAMED_FAMILY_ONLY; scalar tail dependence is not a cross-family order
CRR-STAGEII-CONFIRM-2026-07-22,21c5b970e734ed79636df2f3882d4d85460c5efa40b88e59b9b9a3f34a25c0ff,E5,202607225030,ASSUMED-student_t_df4,assumed_law_optimization,numpy_PCG64,202607225030,512,458c6624c8b8655d5aba1299ec8abd8984d0c5bd9b411e83a84fd16ac4ab3df5,student_t_df4,0.25,student_t_df5,0.1953801683718518,WITHIN_NAMED_FAMILY_ONLY; scalar tail dependence is not a cross-family order
CRR-STAGEII-CONFIRM-2026-07-22,21c5b970e734ed79636df2f3882d4d85460c5efa40b88e59b9b9a3f34a25c0ff,E5,202607225030,TRUE-clayton,independent_true_law_evaluation,numpy_PCG64,202607745030,4096,f26c58011afc3ae83b3a59250013187c61f4c0f146bb36e7ae5a28f56771441e,clayton,0.25,student_t_df5,0.3535533905932738,WITHIN_NAMED_FAMILY_ONLY; scalar tail dependence is not a cross-family order
CRR-STAGEII-CONFIRM-2026-07-22,21c5b970e734ed79636df2f3882d4d85460c5efa40b88e59b9b9a3f34a25c0ff,E5,202607225030,TRUE-empirical_copula,independent_true_law_evaluation,numpy_PCG64,202607755030,4096,41257f2596d8baddfbc755b34619ecc81d610edb7e6e7e843696b1a8506da8b2,empirical_copula,,student_t_df5,0.63232421875,EMPIRICAL_COPULA_MODEL_SENSITIVITY_NOT_PARAMETRIC_ORDER
CRR-STAGEII-CONFIRM-2026-07-22,21c5b970e734ed79636df2f3882d4d85460c5efa40b88e59b9b9a3f34a25c0ff,E5,202607225030,TRUE-gaussian,independent_true_law_evaluation,numpy_PCG64,202607725030,4096,38dcbe2287e9223ee7d7ad7c5ada11aa16603e46cea4a51b9c0758587c5e9d5b,gaussian,0.25,student_t_df5,0.0,WITHIN_NAMED_FAMILY_ONLY; scalar tail dependence is not a cross-family order
CRR-STAGEII-CONFIRM-2026-07-22,21c5b970e734ed79636df2f3882d4d85460c5efa40b88e59b9b9a3f34a25c0ff,E5,202607225030,TRUE-student_t_df4,independent_true_law_evaluation,numpy_PCG64,202607735030,4096,8287c9a2d1636b1c12e2284765891093cdfffbe427556fb2854ff6423cc5df3c,student_t_df4,0.25,student_t_df5,0.1953801683718518,WITHIN_NAMED_FAMILY_ONLY; scalar tail dependence is not a cross-family order
CRR-STAGEII-CONFIRM-2026-07-22,21c5b970e734ed79636df2f3882d4d85460c5efa40b88e59b9b9a3f34a25c0ff,E5,202607225031,ASSUMED-clayton,assumed_law_optimization,numpy_PCG64,202607225031,512,7ebcf66afac9a65fc4018c244c73e37e669f65f438a0f30e99196b8e35b46bcb,clayton,0.25,student_t_df5,0.3535533905932738,WITHIN_NAMED_FAMILY_ONLY; scalar tail dependence is not a cross-family order
CRR-STAGEII-CONFIRM-2026-07-22,21c5b970e734ed79636df2f3882d4d85460c5efa40b88e59b9b9a3f34a25c0ff,E5,202607225031,ASSUMED-empirical_copula,assumed_law_optimization,numpy_PCG64,202607225031,512,822d6efe7fefc5cc8dd3157a2369aff0becf22236b56ff0aac7168832395302d,empirical_copula,,student_t_df5,0.6119791666666666,EMPIRICAL_COPULA_MODEL_SENSITIVITY_NOT_PARAMETRIC_ORDER
CRR-STAGEII-CONFIRM-2026-07-22,21c5b970e734ed79636df2f3882d4d85460c5efa40b88e59b9b9a3f34a25c0ff,E5,202607225031,ASSUMED-gaussian,assumed_law_optimization,numpy_PCG64,202607225031,512,bf21244bb7cf549498538a5b6a6729751a7c0fed0dc3c9a84a9e768d30c61fa3,gaussian,0.25,student_t_df5,0.0,WITHIN_NAMED_FAMILY_ONLY; scalar tail dependence is not a cross-family order
CRR-STAGEII-CONFIRM-2026-07-22,21c5b970e734ed79636df2f3882d4d85460c5efa40b88e59b9b9a3f34a25c0ff,E5,202607225031,ASSUMED-student_t_df4,assumed_law_optimization,numpy_PCG64,202607225031,512,a4efe07e4085e81d0632ebb7f09400c3ae1ae7152f9f09b0f354668e1e8a8f13,student_t_df4,0.25,student_t_df5,0.1953801683718518,WITHIN_NAMED_FAMILY_ONLY; scalar tail dependence is not a cross-family order
CRR-STAGEII-CONFIRM-2026-07-22,21c5b970e734ed79636df2f3882d4d85460c5efa40b88e59b9b9a3f34a25c0ff,E5,202607225031,TRUE-clayton,independent_true_law_evaluation,numpy_PCG64,202607745031,4096,a686c1c388634f8898742b179bfb8a84cb693b8e41e863f34322d1310d3c4f6e,clayton,0.25,student_t_df5,0.3535533905932738,WITHIN_NAMED_FAMILY_ONLY; scalar tail dependence is not a cross-family order
CRR-STAGEII-CONFIRM-2026-07-22,21c5b970e734ed79636df2f3882d4d85460c5efa40b88e59b9b9a3f34a25c0ff,E5,202607225031,TRUE-empirical_copula,independent_true_law_evaluation,numpy_PCG64,202607755031,4096,fd6aab51e616472faf534cd865bc32818a5ea9dedcaf5b2673959ec639c2d036,empirical_copula,,student_t_df5,0.5680338541666666,EMPIRICAL_COPULA_MODEL_SENSITIVITY_NOT_PARAMETRIC_ORDER
CRR-STAGEII-CONFIRM-2026-07-22,21c5b970e734ed79636df2f3882d4d85460c5efa40b88e59b9b9a3f34a25c0ff,E5,202607225031,TRUE-gaussian,independent_true_law_evaluation,numpy_PCG64,202607725031,4096,9a2dae1766409f4ae08e39510af03210ea1945efcbb23d525fbba81f7418bbc2,gaussian,0.25,student_t_df5,0.0,WITHIN_NAMED_FAMILY_ONLY; scalar tail dependence is not a cross-family order
CRR-STAGEII-CONFIRM-2026-07-22,21c5b970e734ed79636df2f3882d4d85460c5efa40b88e59b9b9a3f34a25c0ff,E5,202607225031,TRUE-student_t_df4,independent_true_law_evaluation,numpy_PCG64,202607735031,4096,89c8494e7cc3ad45fd264c1f338ebe416d896a831a78cd738367df658ec61724,student_t_df4,0.25,student_t_df5,0.1953801683718518,WITHIN_NAMED_FAMILY_ONLY; scalar tail dependence is not a cross-family order
CRR-STAGEII-CONFIRM-2026-07-22,21c5b970e734ed79636df2f3882d4d85460c5efa40b88e59b9b9a3f34a25c0ff,E5,202607225032,ASSUMED-clayton,assumed_law_optimization,numpy_PCG64,202607225032,512,3d5d7d6700e737ecdf7ed212df02a56e135300e95fd70e76ea8441063c8c1012,clayton,0.25,student_t_df5,0.3535533905932738,WITHIN_NAMED_FAMILY_ONLY; scalar tail dependence is not a cross-family order
CRR-STAGEII-CONFIRM-2026-07-22,21c5b970e734ed79636df2f3882d4d85460c5efa40b88e59b9b9a3f34a25c0ff,E5,202607225032,ASSUMED-empirical_copula,assumed_law_optimization,numpy_PCG64,202607225032,512,0d3adaf278b037ffefd5580ce8b779c8e79579ffbb63092dfd786b822c8b442d,empirical_copula,,student_t_df5,0.52734375,EMPIRICAL_COPULA_MODEL_SENSITIVITY_NOT_PARAMETRIC_ORDER
CRR-STAGEII-CONFIRM-2026-07-22,21c5b970e734ed79636df2f3882d4d85460c5efa40b88e59b9b9a3f34a25c0ff,E5,202607225032,ASSUMED-gaussian,assumed_law_optimization,numpy_PCG64,202607225032,512,19acddae3f801851d905e90b40cbaf6b593476ff270fbe40ffeb633c039afb18,gaussian,0.25,student_t_df5,0.0,WITHIN_NAMED_FAMILY_ONLY; scalar tail dependence is not a cross-family order
CRR-STAGEII-CONFIRM-2026-07-22,21c5b970e734ed79636df2f3882d4d85460c5efa40b88e59b9b9a3f34a25c0ff,E5,202607225032,ASSUMED-student_t_df4,assumed_law_optimization,numpy_PCG64,202607225032,512,8efdf71a1308521747eb1b037bb5668e4226d56e35637efd2de79b9936f2f098,student_t_df4,0.25,student_t_df5,0.1953801683718518,WITHIN_NAMED_FAMILY_ONLY; scalar tail dependence is not a cross-family order
CRR-STAGEII-CONFIRM-2026-07-22,21c5b970e734ed79636df2f3882d4d85460c5efa40b88e59b9b9a3f34a25c0ff,E5,202607225032,TRUE-clayton,independent_true_law_evaluation,numpy_PCG64,202607745032,4096,10fd38412f4d9fe94a2250462093a7d25b53e8e78410a189686acb2afd0c1eda,clayton,0.25,student_t_df5,0.3535533905932738,WITHIN_NAMED_FAMILY_ONLY; scalar tail dependence is not a cross-family order
CRR-STAGEII-CONFIRM-2026-07-22,21c5b970e734ed79636df2f3882d4d85460c5efa40b88e59b9b9a3f34a25c0ff,E5,202607225032,TRUE-empirical_copula,independent_true_law_evaluation,numpy_PCG64,202607755032,4096,3c9af5990ed3e39a0168cca92a2484e1a9953a1513615d5df25495cd694f875b,empirical_copula,,student_t_df5,0.6502278645833334,EMPIRICAL_COPULA_MODEL_SENSITIVITY_NOT_PARAMETRIC_ORDER
CRR-STAGEII-CONFIRM-2026-07-22,21c5b970e734ed79636df2f3882d4d85460c5efa40b88e59b9b9a3f34a25c0ff,E5,202607225032,TRUE-gaussian,independent_true_law_evaluation,numpy_PCG64,202607725032,4096,e842cbb83ebc9c26468b9930884d2ff736a5710a908e66cba0a1c3d9d0f19754,gaussian,0.25,student_t_df5,0.0,WITHIN_NAMED_FAMILY_ONLY; scalar tail dependence is not a cross-family order
CRR-STAGEII-CONFIRM-2026-07-22,21c5b970e734ed79636df2f3882d4d85460c5efa40b88e59b9b9a3f34a25c0ff,E5,202607225032,TRUE-student_t_df4,independent_true_law_evaluation,numpy_PCG64,202607735032,4096,6eacf6d344a5ff0a98a37e2d60d2b22fe0d2fa767ea00832aaba7621d7378a97,student_t_df4,0.25,student_t_df5,0.1953801683718518,WITHIN_NAMED_FAMILY_ONLY; scalar tail dependence is not a cross-family order
CRR-STAGEII-CONFIRM-2026-07-22,21c5b970e734ed79636df2f3882d4d85460c5efa40b88e59b9b9a3f34a25c0ff,E5,202607225033,ASSUMED-clayton,assumed_law_optimization,numpy_PCG64,202607225033,512,e904f2b141d18f1e43f318bff9cf1c383f4e60406efc29f4842100bb7f9ad7e2,clayton,0.25,student_t_df5,0.3535533905932738,WITHIN_NAMED_FAMILY_ONLY; scalar tail dependence is not a cross-family order
CRR-STAGEII-CONFIRM-2026-07-22,21c5b970e734ed79636df2f3882d4d85460c5efa40b88e59b9b9a3f34a25c0ff,E5,202607225033,ASSUMED-empirical_copula,assumed_law_optimization,numpy_PCG64,202607225033,512,34243489f26e79895c3e40e92825cfbfdde7fa6e7de4d9e92c44052722b83f02,empirical_copula,,student_t_df5,0.7096354166666666,EMPIRICAL_COPULA_MODEL_SENSITIVITY_NOT_PARAMETRIC_ORDER
CRR-STAGEII-CONFIRM-2026-07-22,21c5b970e734ed79636df2f3882d4d85460c5efa40b88e59b9b9a3f34a25c0ff,E5,202607225033,ASSUMED-gaussian,assumed_law_optimization,numpy_PCG64,202607225033,512,5a3bd313daa3f68f2ca44ec4ea1513beb9959c2d1160f7b6a886eacb3d7f3e30,gaussian,0.25,student_t_df5,0.0,WITHIN_NAMED_FAMILY_ONLY; scalar tail dependence is not a cross-family order
CRR-STAGEII-CONFIRM-2026-07-22,21c5b970e734ed79636df2f3882d4d85460c5efa40b88e59b9b9a3f34a25c0ff,E5,202607225033,ASSUMED-student_t_df4,assumed_law_optimization,numpy_PCG64,202607225033,512,47feb3976655234b12b7dd669af91c061a2b9239341a4842c43ea17d68678dee,student_t_df4,0.25,student_t_df5,0.1953801683718518,WITHIN_NAMED_FAMILY_ONLY; scalar tail dependence is not a cross-family order
CRR-STAGEII-CONFIRM-2026-07-22,21c5b970e734ed79636df2f3882d4d85460c5efa40b88e59b9b9a3f34a25c0ff,E5,202607225033,TRUE-clayton,independent_true_law_evaluation,numpy_PCG64,202607745033,4096,918fdf9ffe31a90918ae776a30b2366daac74c5c6539873f77408f9fdeffb855,clayton,0.25,student_t_df5,0.3535533905932738,WITHIN_NAMED_FAMILY_ONLY; scalar tail dependence is not a cross-family order
CRR-STAGEII-CONFIRM-2026-07-22,21c5b970e734ed79636df2f3882d4d85460c5efa40b88e59b9b9a3f34a25c0ff,E5,202607225033,TRUE-empirical_copula,independent_true_law_evaluation,numpy_PCG64,202607755033,4096,ac2c165d95521ce5a04fb0881bbec986a9d4de9dabb908812f977e1484cf40df,empirical_copula,,student_t_df5,0.6184895833333334,EMPIRICAL_COPULA_MODEL_SENSITIVITY_NOT_PARAMETRIC_ORDER
CRR-STAGEII-CONFIRM-2026-07-22,21c5b970e734ed79636df2f3882d4d85460c5efa40b88e59b9b9a3f34a25c0ff,E5,202607225033,TRUE-gaussian,independent_true_law_evaluation,numpy_PCG64,202607725033,4096,7e0c91e5579a26d03a05d29fc166609453dfddce02dd460673f7d91b319af348,gaussian,0.25,student_t_df5,0.0,WITHIN_NAMED_FAMILY_ONLY; scalar tail dependence is not a cross-family order
CRR-STAGEII-CONFIRM-2026-07-22,21c5b970e734ed79636df2f3882d4d85460c5efa40b88e59b9b9a3f34a25c0ff,E5,202607225033,TRUE-student_t_df4,independent_true_law_evaluation,numpy_PCG64,202607735033,4096,c5c65fdf4d4cdbe569cc73715cfec39ffb0ea744c0192bb65e81d0650e9dbc5f,student_t_df4,0.25,student_t_df5,0.1953801683718518,WITHIN_NAMED_FAMILY_ONLY; scalar tail dependence is not a cross-family order
CRR-STAGEII-CONFIRM-2026-07-22,21c5b970e734ed79636df2f3882d4d85460c5efa40b88e59b9b9a3f34a25c0ff,E5,202607225034,ASSUMED-clayton,assumed_law_optimization,numpy_PCG64,202607225034,512,8ea34b4ae48a7572659b722c79b70e97daf5e26f198be6656f22ab99b19282b5,clayton,0.25,student_t_df5,0.3535533905932738,WITHIN_NAMED_FAMILY_ONLY; scalar tail dependence is not a cross-family order
CRR-STAGEII-CONFIRM-2026-07-22,21c5b970e734ed79636df2f3882d4d85460c5efa40b88e59b9b9a3f34a25c0ff,E5,202607225034,ASSUMED-empirical_copula,assumed_law_optimization,numpy_PCG64,202607225034,512,48743e17c989b0a0a33faca43336a39b468cc091459c93dabb8da7b49aa6e983,empirical_copula,,student_t_df5,0.52734375,EMPIRICAL_COPULA_MODEL_SENSITIVITY_NOT_PARAMETRIC_ORDER
CRR-STAGEII-CONFIRM-2026-07-22,21c5b970e734ed79636df2f3882d4d85460c5efa40b88e59b9b9a3f34a25c0ff,E5,202607225034,ASSUMED-gaussian,assumed_law_optimization,numpy_PCG64,202607225034,512,b70b2359cdcae04431d7326edd041b141b7c2cf22105c989639fd59a068250e0,gaussian,0.25,student_t_df5,0.0,WITHIN_NAMED_FAMILY_ONLY; scalar tail dependence is not a cross-family order
CRR-STAGEII-CONFIRM-2026-07-22,21c5b970e734ed79636df2f3882d4d85460c5efa40b88e59b9b9a3f34a25c0ff,E5,202607225034,ASSUMED-student_t_df4,assumed_law_optimization,numpy_PCG64,202607225034,512,3218d7695718bcd9610a7c420170163915b5a10b5c5fa4a8c5c44a3410db09fe,student_t_df4,0.25,student_t_df5,0.1953801683718518,WITHIN_NAMED_FAMILY_ONLY; scalar tail dependence is not a cross-family order
CRR-STAGEII-CONFIRM-2026-07-22,21c5b970e734ed79636df2f3882d4d85460c5efa40b88e59b9b9a3f34a25c0ff,E5,202607225034,TRUE-clayton,independent_true_law_evaluation,numpy_PCG64,202607745034,4096,d6180e64ba0226e88cf212a5e1f99c1dfa711423217686115e15a04ecb7af56b,clayton,0.25,student_t_df5,0.3535533905932738,WITHIN_NAMED_FAMILY_ONLY; scalar tail dependence is not a cross-family order
CRR-STAGEII-CONFIRM-2026-07-22,21c5b970e734ed79636df2f3882d4d85460c5efa40b88e59b9b9a3f34a25c0ff,E5,202607225034,TRUE-empirical_copula,independent_true_law_evaluation,numpy_PCG64,202607755034,4096,9199b07acc32596218610e5500d7ed2189b2e6205628cb9ae59a75a5a4b80234,empirical_copula,,student_t_df5,0.6551106770833334,EMPIRICAL_COPULA_MODEL_SENSITIVITY_NOT_PARAMETRIC_ORDER
CRR-STAGEII-CONFIRM-2026-07-22,21c5b970e734ed79636df2f3882d4d85460c5efa40b88e59b9b9a3f34a25c0ff,E5,202607225034,TRUE-gaussian,independent_true_law_evaluation,numpy_PCG64,202607725034,4096,4bef6d7d9773e9ce3091b515276c4fa5ec6827eafdca18f3f4edcfbdde62f121,gaussian,0.25,student_t_df5,0.0,WITHIN_NAMED_FAMILY_ONLY; scalar tail dependence is not a cross-family order
CRR-STAGEII-CONFIRM-2026-07-22,21c5b970e734ed79636df2f3882d4d85460c5efa40b88e59b9b9a3f34a25c0ff,E5,202607225034,TRUE-student_t_df4,independent_true_law_evaluation,numpy_PCG64,202607735034,4096,4b163de47b9298ca8e6390bb4650f5a751c49a0cd63c0f8915c4bd57f448fd20,student_t_df4,0.25,student_t_df5,0.1953801683718518,WITHIN_NAMED_FAMILY_ONLY; scalar tail dependence is not a cross-family order
CRR-STAGEII-CONFIRM-2026-07-22,21c5b970e734ed79636df2f3882d4d85460c5efa40b88e59b9b9a3f34a25c0ff,E5,202607225035,ASSUMED-clayton,assumed_law_optimization,numpy_PCG64,202607225035,512,8b3d6295eae2434afbe14debe3431d735b1ed764baf36122e5543bfefccfb8b9,clayton,0.25,student_t_df5,0.3535533905932738,WITHIN_NAMED_FAMILY_ONLY; scalar tail dependence is not a cross-family order
CRR-STAGEII-CONFIRM-2026-07-22,21c5b970e734ed79636df2f3882d4d85460c5efa40b88e59b9b9a3f34a25c0ff,E5,202607225035,ASSUMED-empirical_copula,assumed_law_optimization,numpy_PCG64,202607225035,512,ebc68c8f07e6869b9852fd8f04e420a1d524d48f99bf1537d58a234ec53787ae,empirical_copula,,student_t_df5,0.6380208333333334,EMPIRICAL_COPULA_MODEL_SENSITIVITY_NOT_PARAMETRIC_ORDER
CRR-STAGEII-CONFIRM-2026-07-22,21c5b970e734ed79636df2f3882d4d85460c5efa40b88e59b9b9a3f34a25c0ff,E5,202607225035,ASSUMED-gaussian,assumed_law_optimization,numpy_PCG64,202607225035,512,279fcf3c16b29370c56582904dfeca6beca8857e10540efa9106b49b047efcd2,gaussian,0.25,student_t_df5,0.0,WITHIN_NAMED_FAMILY_ONLY; scalar tail dependence is not a cross-family order
CRR-STAGEII-CONFIRM-2026-07-22,21c5b970e734ed79636df2f3882d4d85460c5efa40b88e59b9b9a3f34a25c0ff,E5,202607225035,ASSUMED-student_t_df4,assumed_law_optimization,numpy_PCG64,202607225035,512,6a5a98b4c8eac363cce23d640b816f781a9fa63f589707d6552834b230132aa1,student_t_df4,0.25,student_t_df5,0.1953801683718518,WITHIN_NAMED_FAMILY_ONLY; scalar tail dependence is not a cross-family order
CRR-STAGEII-CONFIRM-2026-07-22,21c5b970e734ed79636df2f3882d4d85460c5efa40b88e59b9b9a3f34a25c0ff,E5,202607225035,TRUE-clayton,independent_true_law_evaluation,numpy_PCG64,202607745035,4096,6b5438911f15e3566852b82312b3caf6064a2c216caa9534084c787cde6f54f3,clayton,0.25,student_t_df5,0.3535533905932738,WITHIN_NAMED_FAMILY_ONLY; scalar tail dependence is not a cross-family order
CRR-STAGEII-CONFIRM-2026-07-22,21c5b970e734ed79636df2f3882d4d85460c5efa40b88e59b9b9a3f34a25c0ff,E5,202607225035,TRUE-empirical_copula,independent_true_law_evaluation,numpy_PCG64,202607755035,4096,6e028f3a0c9d6cf723e05f23fa10c8b557cbfddf6206d2a5c7f98275e297c9f9,empirical_copula,,student_t_df5,0.68359375,EMPIRICAL_COPULA_MODEL_SENSITIVITY_NOT_PARAMETRIC_ORDER
CRR-STAGEII-CONFIRM-2026-07-22,21c5b970e734ed79636df2f3882d4d85460c5efa40b88e59b9b9a3f34a25c0ff,E5,202607225035,TRUE-gaussian,independent_true_law_evaluation,numpy_PCG64,202607725035,4096,e7644972a17467ed6caf4e1d4902113d38567b81ea69f1aa163d453f31cd78fe,gaussian,0.25,student_t_df5,0.0,WITHIN_NAMED_FAMILY_ONLY; scalar tail dependence is not a cross-family order
CRR-STAGEII-CONFIRM-2026-07-22,21c5b970e734ed79636df2f3882d4d85460c5efa40b88e59b9b9a3f34a25c0ff,E5,202607225035,TRUE-student_t_df4,independent_true_law_evaluation,numpy_PCG64,202607735035,4096,115f42b7e42201b361810a435ff893f2e541366103cb24be2e6e6fdd58f90526,student_t_df4,0.25,student_t_df5,0.1953801683718518,WITHIN_NAMED_FAMILY_ONLY; scalar tail dependence is not a cross-family order
CRR-STAGEII-CONFIRM-2026-07-22,21c5b970e734ed79636df2f3882d4d85460c5efa40b88e59b9b9a3f34a25c0ff,E5,202607225036,ASSUMED-clayton,assumed_law_optimization,numpy_PCG64,202607225036,512,2cdcd6902531ab3994e6a8284a0d4bcc44fce10ec57b369528a9798da6189252,clayton,0.25,student_t_df5,0.3535533905932738,WITHIN_NAMED_FAMILY_ONLY; scalar tail dependence is not a cross-family order
CRR-STAGEII-CONFIRM-2026-07-22,21c5b970e734ed79636df2f3882d4d85460c5efa40b88e59b9b9a3f34a25c0ff,E5,202607225036,ASSUMED-empirical_copula,assumed_law_optimization,numpy_PCG64,202607225036,512,bdc16b19d77ae91ed63a9787c5de69c6247e65fc2c4a440d8147b2ffa5074288,empirical_copula,,student_t_df5,0.7552083333333334,EMPIRICAL_COPULA_MODEL_SENSITIVITY_NOT_PARAMETRIC_ORDER
CRR-STAGEII-CONFIRM-2026-07-22,21c5b970e734ed79636df2f3882d4d85460c5efa40b88e59b9b9a3f34a25c0ff,E5,202607225036,ASSUMED-gaussian,assumed_law_optimization,numpy_PCG64,202607225036,512,f366ed977a6e8615f4e32f337b9bf7d466602035779dc79776d3db02be777cb8,gaussian,0.25,student_t_df5,0.0,WITHIN_NAMED_FAMILY_ONLY; scalar tail dependence is not a cross-family order
CRR-STAGEII-CONFIRM-2026-07-22,21c5b970e734ed79636df2f3882d4d85460c5efa40b88e59b9b9a3f34a25c0ff,E5,202607225036,ASSUMED-student_t_df4,assumed_law_optimization,numpy_PCG64,202607225036,512,94116fc76cdd9fc99f3ddcf01125ffee40be15f2c7608549f639f77e9c219216,student_t_df4,0.25,student_t_df5,0.1953801683718518,WITHIN_NAMED_FAMILY_ONLY; scalar tail dependence is not a cross-family order
CRR-STAGEII-CONFIRM-2026-07-22,21c5b970e734ed79636df2f3882d4d85460c5efa40b88e59b9b9a3f34a25c0ff,E5,202607225036,TRUE-clayton,independent_true_law_evaluation,numpy_PCG64,202607745036,4096,38bc84363bb45e08ea9eedc67e5ac32af800430914a682b101d2db0e8297be74,clayton,0.25,student_t_df5,0.3535533905932738,WITHIN_NAMED_FAMILY_ONLY; scalar tail dependence is not a cross-family order
CRR-STAGEII-CONFIRM-2026-07-22,21c5b970e734ed79636df2f3882d4d85460c5efa40b88e59b9b9a3f34a25c0ff,E5,202607225036,TRUE-empirical_copula,independent_true_law_evaluation,numpy_PCG64,202607755036,4096,261b88812c758f4a3934dbc9daefb517af0eb34c406d39ff943b5c3356325e62,empirical_copula,,student_t_df5,0.5900065104166666,EMPIRICAL_COPULA_MODEL_SENSITIVITY_NOT_PARAMETRIC_ORDER
CRR-STAGEII-CONFIRM-2026-07-22,21c5b970e734ed79636df2f3882d4d85460c5efa40b88e59b9b9a3f34a25c0ff,E5,202607225036,TRUE-gaussian,independent_true_law_evaluation,numpy_PCG64,202607725036,4096,f5631fef19a280dd82d96664c2f8ecbf6ee0a0ee9bd00bf6738dfe48aec773ca,gaussian,0.25,student_t_df5,0.0,WITHIN_NAMED_FAMILY_ONLY; scalar tail dependence is not a cross-family order
CRR-STAGEII-CONFIRM-2026-07-22,21c5b970e734ed79636df2f3882d4d85460c5efa40b88e59b9b9a3f34a25c0ff,E5,202607225036,TRUE-student_t_df4,independent_true_law_evaluation,numpy_PCG64,202607735036,4096,69820254c03b27976918d8775d8b77e8a8d89c108770985fab6744aaa40f306e,student_t_df4,0.25,student_t_df5,0.1953801683718518,WITHIN_NAMED_FAMILY_ONLY; scalar tail dependence is not a cross-family order
CRR-STAGEII-CONFIRM-2026-07-22,21c5b970e734ed79636df2f3882d4d85460c5efa40b88e59b9b9a3f34a25c0ff,E5,202607225037,ASSUMED-clayton,assumed_law_optimization,numpy_PCG64,202607225037,512,12b72c68579955cc870c19a37299dacfd18f6e6c95039d4cac6d85cdc3b70167,clayton,0.25,student_t_df5,0.3535533905932738,WITHIN_NAMED_FAMILY_ONLY; scalar tail dependence is not a cross-family order
CRR-STAGEII-CONFIRM-2026-07-22,21c5b970e734ed79636df2f3882d4d85460c5efa40b88e59b9b9a3f34a25c0ff,E5,202607225037,ASSUMED-empirical_copula,assumed_law_optimization,numpy_PCG64,202607225037,512,2c6b450419448f431723d79a6567a15c9335c763a80e198d314addb5c50a9e5b,empirical_copula,,student_t_df5,0.64453125,EMPIRICAL_COPULA_MODEL_SENSITIVITY_NOT_PARAMETRIC_ORDER
CRR-STAGEII-CONFIRM-2026-07-22,21c5b970e734ed79636df2f3882d4d85460c5efa40b88e59b9b9a3f34a25c0ff,E5,202607225037,ASSUMED-gaussian,assumed_law_optimization,numpy_PCG64,202607225037,512,7cd855e46eb7de1531dfec7b9239451adb08ca4f08c48ddb83d1021f47cdaefe,gaussian,0.25,student_t_df5,0.0,WITHIN_NAMED_FAMILY_ONLY; scalar tail dependence is not a cross-family order
CRR-STAGEII-CONFIRM-2026-07-22,21c5b970e734ed79636df2f3882d4d85460c5efa40b88e59b9b9a3f34a25c0ff,E5,202607225037,ASSUMED-student_t_df4,assumed_law_optimization,numpy_PCG64,202607225037,512,455f5d73e1f25a01eb22a76d871789efb866eb7ba3d799f727fe726ec7f796bb,student_t_df4,0.25,student_t_df5,0.1953801683718518,WITHIN_NAMED_FAMILY_ONLY; scalar tail dependence is not a cross-family order
CRR-STAGEII-CONFIRM-2026-07-22,21c5b970e734ed79636df2f3882d4d85460c5efa40b88e59b9b9a3f34a25c0ff,E5,202607225037,TRUE-clayton,independent_true_law_evaluation,numpy_PCG64,202607745037,4096,22808ab76ffdf93264ae6ff86d63bb0266cb8c788867a6e00d41fb99750b958e,clayton,0.25,student_t_df5,0.3535533905932738,WITHIN_NAMED_FAMILY_ONLY; scalar tail dependence is not a cross-family order
CRR-STAGEII-CONFIRM-2026-07-22,21c5b970e734ed79636df2f3882d4d85460c5efa40b88e59b9b9a3f34a25c0ff,E5,202607225037,TRUE-empirical_copula,independent_true_law_evaluation,numpy_PCG64,202607755037,4096,c17d9181addd6f91848b7c118833be5d23f26b3267b88844bf3e2e1a193baf48,empirical_copula,,student_t_df5,0.59326171875,EMPIRICAL_COPULA_MODEL_SENSITIVITY_NOT_PARAMETRIC_ORDER
CRR-STAGEII-CONFIRM-2026-07-22,21c5b970e734ed79636df2f3882d4d85460c5efa40b88e59b9b9a3f34a25c0ff,E5,202607225037,TRUE-gaussian,independent_true_law_evaluation,numpy_PCG64,202607725037,4096,f4dfe68fc446a31e3c87c79168e7b9b4b2446b686f5794a373ffbad2758c51d7,gaussian,0.25,student_t_df5,0.0,WITHIN_NAMED_FAMILY_ONLY; scalar tail dependence is not a cross-family order
CRR-STAGEII-CONFIRM-2026-07-22,21c5b970e734ed79636df2f3882d4d85460c5efa40b88e59b9b9a3f34a25c0ff,E5,202607225037,TRUE-student_t_df4,independent_true_law_evaluation,numpy_PCG64,202607735037,4096,925e0965633ba862fb93333779f81b0f6ac801ad4606d412aa351206dd39ba9c,student_t_df4,0.25,student_t_df5,0.1953801683718518,WITHIN_NAMED_FAMILY_ONLY; scalar tail dependence is not a cross-family order
CRR-STAGEII-CONFIRM-2026-07-22,21c5b970e734ed79636df2f3882d4d85460c5efa40b88e59b9b9a3f34a25c0ff,E5,202607225038,ASSUMED-clayton,assumed_law_optimization,numpy_PCG64,202607225038,512,49f1b1793b092d3bd8f6d1fc591f2d5a66deb1537d0c6f5a14b3fe264e7fa167,clayton,0.25,student_t_df5,0.3535533905932738,WITHIN_NAMED_FAMILY_ONLY; scalar tail dependence is not a cross-family order
CRR-STAGEII-CONFIRM-2026-07-22,21c5b970e734ed79636df2f3882d4d85460c5efa40b88e59b9b9a3f34a25c0ff,E5,202607225038,ASSUMED-empirical_copula,assumed_law_optimization,numpy_PCG64,202607225038,512,a9fb631ce20d7daad304b93d6c287e497b0adf8ccd9b4918f9ba72aceff305f1,empirical_copula,,student_t_df5,0.7291666666666666,EMPIRICAL_COPULA_MODEL_SENSITIVITY_NOT_PARAMETRIC_ORDER
CRR-STAGEII-CONFIRM-2026-07-22,21c5b970e734ed79636df2f3882d4d85460c5efa40b88e59b9b9a3f34a25c0ff,E5,202607225038,ASSUMED-gaussian,assumed_law_optimization,numpy_PCG64,202607225038,512,4b2829823364e0593ac0fe27296cfae481d77eea6e70307cf4e1f934092865dc,gaussian,0.25,student_t_df5,0.0,WITHIN_NAMED_FAMILY_ONLY; scalar tail dependence is not a cross-family order
CRR-STAGEII-CONFIRM-2026-07-22,21c5b970e734ed79636df2f3882d4d85460c5efa40b88e59b9b9a3f34a25c0ff,E5,202607225038,ASSUMED-student_t_df4,assumed_law_optimization,numpy_PCG64,202607225038,512,0ab6e21d57636854d2cb1cb95247134f7b70420835918789d854e68d9c71b8da,student_t_df4,0.25,student_t_df5,0.1953801683718518,WITHIN_NAMED_FAMILY_ONLY; scalar tail dependence is not a cross-family order
CRR-STAGEII-CONFIRM-2026-07-22,21c5b970e734ed79636df2f3882d4d85460c5efa40b88e59b9b9a3f34a25c0ff,E5,202607225038,TRUE-clayton,independent_true_law_evaluation,numpy_PCG64,202607745038,4096,42bce33b62d90666f48c9a77ed183b497790a2de0a8383446a363d5c689afdf0,clayton,0.25,student_t_df5,0.3535533905932738,WITHIN_NAMED_FAMILY_ONLY; scalar tail dependence is not a cross-family order
CRR-STAGEII-CONFIRM-2026-07-22,21c5b970e734ed79636df2f3882d4d85460c5efa40b88e59b9b9a3f34a25c0ff,E5,202607225038,TRUE-empirical_copula,independent_true_law_evaluation,numpy_PCG64,202607755038,4096,e2e3d57e2afb44a9a4a582d611b7ac95e6e182277ad864fb7337d18246d4f1b7,empirical_copula,,student_t_df5,0.5965169270833334,EMPIRICAL_COPULA_MODEL_SENSITIVITY_NOT_PARAMETRIC_ORDER
CRR-STAGEII-CONFIRM-2026-07-22,21c5b970e734ed79636df2f3882d4d85460c5efa40b88e59b9b9a3f34a25c0ff,E5,202607225038,TRUE-gaussian,independent_true_law_evaluation,numpy_PCG64,202607725038,4096,a132f2e00e4de549c8d03accc704eb4bd1ca18e8402dde82fbd205d886466e29,gaussian,0.25,student_t_df5,0.0,WITHIN_NAMED_FAMILY_ONLY; scalar tail dependence is not a cross-family order
CRR-STAGEII-CONFIRM-2026-07-22,21c5b970e734ed79636df2f3882d4d85460c5efa40b88e59b9b9a3f34a25c0ff,E5,202607225038,TRUE-student_t_df4,independent_true_law_evaluation,numpy_PCG64,202607735038,4096,4d88b4ef9bc7e978f3c3f76a91e58bb9fdd8b60ae830b7752fc4af4a01fdde7e,student_t_df4,0.25,student_t_df5,0.1953801683718518,WITHIN_NAMED_FAMILY_ONLY; scalar tail dependence is not a cross-family order
CRR-STAGEII-CONFIRM-2026-07-22,21c5b970e734ed79636df2f3882d4d85460c5efa40b88e59b9b9a3f34a25c0ff,E5,202607225039,ASSUMED-clayton,assumed_law_optimization,numpy_PCG64,202607225039,512,420b548d4f75cd11c06b310a68eae0e45194eb50e5df1c61530c10438fd0f687,clayton,0.25,student_t_df5,0.3535533905932738,WITHIN_NAMED_FAMILY_ONLY; scalar tail dependence is not a cross-family order
CRR-STAGEII-CONFIRM-2026-07-22,21c5b970e734ed79636df2f3882d4d85460c5efa40b88e59b9b9a3f34a25c0ff,E5,202607225039,ASSUMED-empirical_copula,assumed_law_optimization,numpy_PCG64,202607225039,512,258e6e1b79a61a0349b3e61c9f2d9ffd20375663c47e947b10eee74226f91782,empirical_copula,,student_t_df5,0.46875,EMPIRICAL_COPULA_MODEL_SENSITIVITY_NOT_PARAMETRIC_ORDER
CRR-STAGEII-CONFIRM-2026-07-22,21c5b970e734ed79636df2f3882d4d85460c5efa40b88e59b9b9a3f34a25c0ff,E5,202607225039,ASSUMED-gaussian,assumed_law_optimization,numpy_PCG64,202607225039,512,0b2b05e84d62a709ab2a2042f83ebe932d29b533c40d4aa461c3b79f2e84f556,gaussian,0.25,student_t_df5,0.0,WITHIN_NAMED_FAMILY_ONLY; scalar tail dependence is not a cross-family order
CRR-STAGEII-CONFIRM-2026-07-22,21c5b970e734ed79636df2f3882d4d85460c5efa40b88e59b9b9a3f34a25c0ff,E5,202607225039,ASSUMED-student_t_df4,assumed_law_optimization,numpy_PCG64,202607225039,512,6bd1a5cd6b3d995350f01c7a50f31e08c99417efc37eb62c17f53066ee85967c,student_t_df4,0.25,student_t_df5,0.1953801683718518,WITHIN_NAMED_FAMILY_ONLY; scalar tail dependence is not a cross-family order
CRR-STAGEII-CONFIRM-2026-07-22,21c5b970e734ed79636df2f3882d4d85460c5efa40b88e59b9b9a3f34a25c0ff,E5,202607225039,TRUE-clayton,independent_true_law_evaluation,numpy_PCG64,202607745039,4096,e9acc38bfdf9a5392cee1e84d081830fa2fe722bfae7016614c4a9f6c2d7544e,clayton,0.25,student_t_df5,0.3535533905932738,WITHIN_NAMED_FAMILY_ONLY; scalar tail dependence is not a cross-family order
CRR-STAGEII-CONFIRM-2026-07-22,21c5b970e734ed79636df2f3882d4d85460c5efa40b88e59b9b9a3f34a25c0ff,E5,202607225039,TRUE-empirical_copula,independent_true_law_evaluation,numpy_PCG64,202607755039,4096,dace78b7a6b64b3717daaaf946c1384d9ddfcc81a1ee5268e6a3905ffd9e6903,empirical_copula,,student_t_df5,0.59326171875,EMPIRICAL_COPULA_MODEL_SENSITIVITY_NOT_PARAMETRIC_ORDER
CRR-STAGEII-CONFIRM-2026-07-22,21c5b970e734ed79636df2f3882d4d85460c5efa40b88e59b9b9a3f34a25c0ff,E5,202607225039,TRUE-gaussian,independent_true_law_evaluation,numpy_PCG64,202607725039,4096,d29b131fd185508ff5b2f9b54cdda305e00d7dae8f409606946035a1fc48b650,gaussian,0.25,student_t_df5,0.0,WITHIN_NAMED_FAMILY_ONLY; scalar tail dependence is not a cross-family order
CRR-STAGEII-CONFIRM-2026-07-22,21c5b970e734ed79636df2f3882d4d85460c5efa40b88e59b9b9a3f34a25c0ff,E5,202607225039,TRUE-student_t_df4,independent_true_law_evaluation,numpy_PCG64,202607735039,4096,ff8e661d7a4b6fa31af49480c75d693d09fa866808be5fda34486dcf7432eb64,student_t_df4,0.25,student_t_df5,0.1953801683718518,WITHIN_NAMED_FAMILY_ONLY; scalar tail dependence is not a cross-family order
CRR-STAGEII-CONFIRM-2026-07-22,21c5b970e734ed79636df2f3882d4d85460c5efa40b88e59b9b9a3f34a25c0ff,E5,202607225040,ASSUMED-clayton,assumed_law_optimization,numpy_PCG64,202607225040,512,f4a9d763c3ce1fd14be72cba4086008c982c23b769594d3338c8f28261e874eb,clayton,0.25,student_t_df5,0.3535533905932738,WITHIN_NAMED_FAMILY_ONLY; scalar tail dependence is not a cross-family order
CRR-STAGEII-CONFIRM-2026-07-22,21c5b970e734ed79636df2f3882d4d85460c5efa40b88e59b9b9a3f34a25c0ff,E5,202607225040,ASSUMED-empirical_copula,assumed_law_optimization,numpy_PCG64,202607225040,512,2e35ab31c081e836fd336d37a7fba61a09115f24c4b673ee3eb86f91c4cd5b64,empirical_copula,,student_t_df5,0.4036458333333333,EMPIRICAL_COPULA_MODEL_SENSITIVITY_NOT_PARAMETRIC_ORDER
CRR-STAGEII-CONFIRM-2026-07-22,21c5b970e734ed79636df2f3882d4d85460c5efa40b88e59b9b9a3f34a25c0ff,E5,202607225040,ASSUMED-gaussian,assumed_law_optimization,numpy_PCG64,202607225040,512,49e87417fd12069d6dd200cd48d9061aa7769183da33758d3a260a6591bfcfe0,gaussian,0.25,student_t_df5,0.0,WITHIN_NAMED_FAMILY_ONLY; scalar tail dependence is not a cross-family order
CRR-STAGEII-CONFIRM-2026-07-22,21c5b970e734ed79636df2f3882d4d85460c5efa40b88e59b9b9a3f34a25c0ff,E5,202607225040,ASSUMED-student_t_df4,assumed_law_optimization,numpy_PCG64,202607225040,512,3ba8796bb4edda5c532277908d702e73e937b5b7a65e6ccd1147d6b05b0dfdcc,student_t_df4,0.25,student_t_df5,0.1953801683718518,WITHIN_NAMED_FAMILY_ONLY; scalar tail dependence is not a cross-family order
CRR-STAGEII-CONFIRM-2026-07-22,21c5b970e734ed79636df2f3882d4d85460c5efa40b88e59b9b9a3f34a25c0ff,E5,202607225040,TRUE-clayton,independent_true_law_evaluation,numpy_PCG64,202607745040,4096,65aadf16a62f7397235a7cf61c25247c24e51a5ee542b8bc38c6a650d82bd489,clayton,0.25,student_t_df5,0.3535533905932738,WITHIN_NAMED_FAMILY_ONLY; scalar tail dependence is not a cross-family order
CRR-STAGEII-CONFIRM-2026-07-22,21c5b970e734ed79636df2f3882d4d85460c5efa40b88e59b9b9a3f34a25c0ff,E5,202607225040,TRUE-empirical_copula,independent_true_law_evaluation,numpy_PCG64,202607755040,4096,7d88588abfcda108751edc56e226f0de7811f947cdf3ec939d206b9bc4e4e6de,empirical_copula,,student_t_df5,0.6013997395833334,EMPIRICAL_COPULA_MODEL_SENSITIVITY_NOT_PARAMETRIC_ORDER
CRR-STAGEII-CONFIRM-2026-07-22,21c5b970e734ed79636df2f3882d4d85460c5efa40b88e59b9b9a3f34a25c0ff,E5,202607225040,TRUE-gaussian,independent_true_law_evaluation,numpy_PCG64,202607725040,4096,83fc78662363df87adc9c21befe8e2d8777554efc42c87b5e0c54966a5db78d6,gaussian,0.25,student_t_df5,0.0,WITHIN_NAMED_FAMILY_ONLY; scalar tail dependence is not a cross-family order
CRR-STAGEII-CONFIRM-2026-07-22,21c5b970e734ed79636df2f3882d4d85460c5efa40b88e59b9b9a3f34a25c0ff,E5,202607225040,TRUE-student_t_df4,independent_true_law_evaluation,numpy_PCG64,202607735040,4096,b58233ac9b4e6ae6eaf35d7a7fdf75ce6bb712c615b12145602b17d73a5dd337,student_t_df4,0.25,student_t_df5,0.1953801683718518,WITHIN_NAMED_FAMILY_ONLY; scalar tail dependence is not a cross-family order
CRR-STAGEII-CONFIRM-2026-07-22,21c5b970e734ed79636df2f3882d4d85460c5efa40b88e59b9b9a3f34a25c0ff,E5,202607225041,ASSUMED-clayton,assumed_law_optimization,numpy_PCG64,202607225041,512,8773001c1edac15bf80f9b140983e36787e92584c22cb2fe2d51b726a33eba80,clayton,0.25,student_t_df5,0.3535533905932738,WITHIN_NAMED_FAMILY_ONLY; scalar tail dependence is not a cross-family order
CRR-STAGEII-CONFIRM-2026-07-22,21c5b970e734ed79636df2f3882d4d85460c5efa40b88e59b9b9a3f34a25c0ff,E5,202607225041,ASSUMED-empirical_copula,assumed_law_optimization,numpy_PCG64,202607225041,512,721a108ed8960372c1078afa65c4169ddd6564d62f288dde5463841ab8df8404,empirical_copula,,student_t_df5,0.6575520833333334,EMPIRICAL_COPULA_MODEL_SENSITIVITY_NOT_PARAMETRIC_ORDER
CRR-STAGEII-CONFIRM-2026-07-22,21c5b970e734ed79636df2f3882d4d85460c5efa40b88e59b9b9a3f34a25c0ff,E5,202607225041,ASSUMED-gaussian,assumed_law_optimization,numpy_PCG64,202607225041,512,1eb8da19c026ef3b08767739e6373212d1ccf68db697bd91297637129bc231e8,gaussian,0.25,student_t_df5,0.0,WITHIN_NAMED_FAMILY_ONLY; scalar tail dependence is not a cross-family order
CRR-STAGEII-CONFIRM-2026-07-22,21c5b970e734ed79636df2f3882d4d85460c5efa40b88e59b9b9a3f34a25c0ff,E5,202607225041,ASSUMED-student_t_df4,assumed_law_optimization,numpy_PCG64,202607225041,512,9c9bd03d7c9e346f48f9f427fa8c53737e264131e85d52242ce16e920abf6da4,student_t_df4,0.25,student_t_df5,0.1953801683718518,WITHIN_NAMED_FAMILY_ONLY; scalar tail dependence is not a cross-family order
CRR-STAGEII-CONFIRM-2026-07-22,21c5b970e734ed79636df2f3882d4d85460c5efa40b88e59b9b9a3f34a25c0ff,E5,202607225041,TRUE-clayton,independent_true_law_evaluation,numpy_PCG64,202607745041,4096,605fa5b51ed25c7113d9cb515f71325d4f3c4c71f16d7bbea7902668f6dfc504,clayton,0.25,student_t_df5,0.3535533905932738,WITHIN_NAMED_FAMILY_ONLY; scalar tail dependence is not a cross-family order
CRR-STAGEII-CONFIRM-2026-07-22,21c5b970e734ed79636df2f3882d4d85460c5efa40b88e59b9b9a3f34a25c0ff,E5,202607225041,TRUE-empirical_copula,independent_true_law_evaluation,numpy_PCG64,202607755041,4096,d91cf9b7e46b2d93749e9a70dbce70805a0be0bc05422ca3430a893cda78c7b5,empirical_copula,,student_t_df5,0.63232421875,EMPIRICAL_COPULA_MODEL_SENSITIVITY_NOT_PARAMETRIC_ORDER
CRR-STAGEII-CONFIRM-2026-07-22,21c5b970e734ed79636df2f3882d4d85460c5efa40b88e59b9b9a3f34a25c0ff,E5,202607225041,TRUE-gaussian,independent_true_law_evaluation,numpy_PCG64,202607725041,4096,5876f56c3dfe9c8bafe64ae38872be8b70a2ca2c036cd60465ff62dff7a19c70,gaussian,0.25,student_t_df5,0.0,WITHIN_NAMED_FAMILY_ONLY; scalar tail dependence is not a cross-family order
CRR-STAGEII-CONFIRM-2026-07-22,21c5b970e734ed79636df2f3882d4d85460c5efa40b88e59b9b9a3f34a25c0ff,E5,202607225041,TRUE-student_t_df4,independent_true_law_evaluation,numpy_PCG64,202607735041,4096,cec93407bcbaa3b8ad796d7076d89c9cba056c4645abb79741e6ca809a0d63fa,student_t_df4,0.25,student_t_df5,0.1953801683718518,WITHIN_NAMED_FAMILY_ONLY; scalar tail dependence is not a cross-family order
CRR-STAGEII-CONFIRM-2026-07-22,21c5b970e734ed79636df2f3882d4d85460c5efa40b88e59b9b9a3f34a25c0ff,E5,202607225042,ASSUMED-clayton,assumed_law_optimization,numpy_PCG64,202607225042,512,330b298e81d2131c1330caea2d9e371ef878a1aed8256c5a44f5247c11378179,clayton,0.25,student_t_df5,0.3535533905932738,WITHIN_NAMED_FAMILY_ONLY; scalar tail dependence is not a cross-family order
CRR-STAGEII-CONFIRM-2026-07-22,21c5b970e734ed79636df2f3882d4d85460c5efa40b88e59b9b9a3f34a25c0ff,E5,202607225042,ASSUMED-empirical_copula,assumed_law_optimization,numpy_PCG64,202607225042,512,d1badcd1e35ea2ba1ae263a3f6ddbbfb56ec0af9a7e095f07eb14437e78bb3b2,empirical_copula,,student_t_df5,0.7486979166666666,EMPIRICAL_COPULA_MODEL_SENSITIVITY_NOT_PARAMETRIC_ORDER
CRR-STAGEII-CONFIRM-2026-07-22,21c5b970e734ed79636df2f3882d4d85460c5efa40b88e59b9b9a3f34a25c0ff,E5,202607225042,ASSUMED-gaussian,assumed_law_optimization,numpy_PCG64,202607225042,512,f4df6cbd9e1fc7f24552dc74b22f3c07faf322000250d3f8fa7641bf0297ba7b,gaussian,0.25,student_t_df5,0.0,WITHIN_NAMED_FAMILY_ONLY; scalar tail dependence is not a cross-family order
CRR-STAGEII-CONFIRM-2026-07-22,21c5b970e734ed79636df2f3882d4d85460c5efa40b88e59b9b9a3f34a25c0ff,E5,202607225042,ASSUMED-student_t_df4,assumed_law_optimization,numpy_PCG64,202607225042,512,90dc6ff9cd1ae4bd433953edff1e76543e06658daa9321e04b3773779d686984,student_t_df4,0.25,student_t_df5,0.1953801683718518,WITHIN_NAMED_FAMILY_ONLY; scalar tail dependence is not a cross-family order
CRR-STAGEII-CONFIRM-2026-07-22,21c5b970e734ed79636df2f3882d4d85460c5efa40b88e59b9b9a3f34a25c0ff,E5,202607225042,TRUE-clayton,independent_true_law_evaluation,numpy_PCG64,202607745042,4096,117479aad3da55dbc1069a7ff107eab92471bc97e847f4b5cb01983beb707860,clayton,0.25,student_t_df5,0.3535533905932738,WITHIN_NAMED_FAMILY_ONLY; scalar tail dependence is not a cross-family order
CRR-STAGEII-CONFIRM-2026-07-22,21c5b970e734ed79636df2f3882d4d85460c5efa40b88e59b9b9a3f34a25c0ff,E5,202607225042,TRUE-empirical_copula,independent_true_law_evaluation,numpy_PCG64,202607755042,4096,339ffd2e3db0b3a4a3bf1a6ff838e367816505579bd71732b6c1091ced5c0d9a,empirical_copula,,student_t_df5,0.5704752604166666,EMPIRICAL_COPULA_MODEL_SENSITIVITY_NOT_PARAMETRIC_ORDER
CRR-STAGEII-CONFIRM-2026-07-22,21c5b970e734ed79636df2f3882d4d85460c5efa40b88e59b9b9a3f34a25c0ff,E5,202607225042,TRUE-gaussian,independent_true_law_evaluation,numpy_PCG64,202607725042,4096,4c19964c2889610f127482c14eca93a4c8ba66e58f6ac073491f601234c01c9c,gaussian,0.25,student_t_df5,0.0,WITHIN_NAMED_FAMILY_ONLY; scalar tail dependence is not a cross-family order
CRR-STAGEII-CONFIRM-2026-07-22,21c5b970e734ed79636df2f3882d4d85460c5efa40b88e59b9b9a3f34a25c0ff,E5,202607225042,TRUE-student_t_df4,independent_true_law_evaluation,numpy_PCG64,202607735042,4096,e10092e4142788276471e11cad5ee1b4d6a0f0abbc07e2d25d446111575bd180,student_t_df4,0.25,student_t_df5,0.1953801683718518,WITHIN_NAMED_FAMILY_ONLY; scalar tail dependence is not a cross-family order
CRR-STAGEII-CONFIRM-2026-07-22,21c5b970e734ed79636df2f3882d4d85460c5efa40b88e59b9b9a3f34a25c0ff,E5,202607225043,ASSUMED-clayton,assumed_law_optimization,numpy_PCG64,202607225043,512,1e73c0bd1bb2b9ec30479f559a8b5c0a7c812918993e8a50e791fe9dc5deddc4,clayton,0.25,student_t_df5,0.3535533905932738,WITHIN_NAMED_FAMILY_ONLY; scalar tail dependence is not a cross-family order
CRR-STAGEII-CONFIRM-2026-07-22,21c5b970e734ed79636df2f3882d4d85460c5efa40b88e59b9b9a3f34a25c0ff,E5,202607225043,ASSUMED-empirical_copula,assumed_law_optimization,numpy_PCG64,202607225043,512,e88337aa6aa2ca2891af8fd3434571e220cd3961102532c8c5927d82eb51c7aa,empirical_copula,,student_t_df5,0.5078125,EMPIRICAL_COPULA_MODEL_SENSITIVITY_NOT_PARAMETRIC_ORDER
CRR-STAGEII-CONFIRM-2026-07-22,21c5b970e734ed79636df2f3882d4d85460c5efa40b88e59b9b9a3f34a25c0ff,E5,202607225043,ASSUMED-gaussian,assumed_law_optimization,numpy_PCG64,202607225043,512,ab9063a0ae3d7fea765bb805089eb8e02908b1c47333da6758c55a2059bbc448,gaussian,0.25,student_t_df5,0.0,WITHIN_NAMED_FAMILY_ONLY; scalar tail dependence is not a cross-family order
CRR-STAGEII-CONFIRM-2026-07-22,21c5b970e734ed79636df2f3882d4d85460c5efa40b88e59b9b9a3f34a25c0ff,E5,202607225043,ASSUMED-student_t_df4,assumed_law_optimization,numpy_PCG64,202607225043,512,28503d5cff700eb7d20f31d63516171e415e48cb5a04d82164b59769c1cc362d,student_t_df4,0.25,student_t_df5,0.1953801683718518,WITHIN_NAMED_FAMILY_ONLY; scalar tail dependence is not a cross-family order
CRR-STAGEII-CONFIRM-2026-07-22,21c5b970e734ed79636df2f3882d4d85460c5efa40b88e59b9b9a3f34a25c0ff,E5,202607225043,TRUE-clayton,independent_true_law_evaluation,numpy_PCG64,202607745043,4096,fd58ce20e7aa5140459c72e341bc061a72a82ac8d633bfe40490c732a841e3b1,clayton,0.25,student_t_df5,0.3535533905932738,WITHIN_NAMED_FAMILY_ONLY; scalar tail dependence is not a cross-family order
CRR-STAGEII-CONFIRM-2026-07-22,21c5b970e734ed79636df2f3882d4d85460c5efa40b88e59b9b9a3f34a25c0ff,E5,202607225043,TRUE-empirical_copula,independent_true_law_evaluation,numpy_PCG64,202607755043,4096,468fa154e055547a2d980b86898038cc5b1128c40a56f24fea8f3d33a097cbc8,empirical_copula,,student_t_df5,0.6722005208333334,EMPIRICAL_COPULA_MODEL_SENSITIVITY_NOT_PARAMETRIC_ORDER
CRR-STAGEII-CONFIRM-2026-07-22,21c5b970e734ed79636df2f3882d4d85460c5efa40b88e59b9b9a3f34a25c0ff,E5,202607225043,TRUE-gaussian,independent_true_law_evaluation,numpy_PCG64,202607725043,4096,4941c1c7b54c73f898238f7bdb06a3a3209c0d08ffde552ba55e715f794d51c8,gaussian,0.25,student_t_df5,0.0,WITHIN_NAMED_FAMILY_ONLY; scalar tail dependence is not a cross-family order
CRR-STAGEII-CONFIRM-2026-07-22,21c5b970e734ed79636df2f3882d4d85460c5efa40b88e59b9b9a3f34a25c0ff,E5,202607225043,TRUE-student_t_df4,independent_true_law_evaluation,numpy_PCG64,202607735043,4096,ef605c1faa1adc1c4b040548882111a60d308ee4bf77d7429d17ad8be4185fa8,student_t_df4,0.25,student_t_df5,0.1953801683718518,WITHIN_NAMED_FAMILY_ONLY; scalar tail dependence is not a cross-family order
CRR-STAGEII-CONFIRM-2026-07-22,21c5b970e734ed79636df2f3882d4d85460c5efa40b88e59b9b9a3f34a25c0ff,E5,202607225044,ASSUMED-clayton,assumed_law_optimization,numpy_PCG64,202607225044,512,cb8d46311b5085ba5c410aec9dc0f79dfc909f6e8a5ab5cd9fa5f4639ed75cff,clayton,0.25,student_t_df5,0.3535533905932738,WITHIN_NAMED_FAMILY_ONLY; scalar tail dependence is not a cross-family order
CRR-STAGEII-CONFIRM-2026-07-22,21c5b970e734ed79636df2f3882d4d85460c5efa40b88e59b9b9a3f34a25c0ff,E5,202607225044,ASSUMED-empirical_copula,assumed_law_optimization,numpy_PCG64,202607225044,512,5b7dd42214e0d6d0c4f83bbb32b47c2f39dbcdff15ab0130e0c588bf039873fc,empirical_copula,,student_t_df5,0.5598958333333334,EMPIRICAL_COPULA_MODEL_SENSITIVITY_NOT_PARAMETRIC_ORDER
CRR-STAGEII-CONFIRM-2026-07-22,21c5b970e734ed79636df2f3882d4d85460c5efa40b88e59b9b9a3f34a25c0ff,E5,202607225044,ASSUMED-gaussian,assumed_law_optimization,numpy_PCG64,202607225044,512,e8ac4323911ceb1584c6e0c629d9677da247783bb74a3263a77ab6f6448b4c01,gaussian,0.25,student_t_df5,0.0,WITHIN_NAMED_FAMILY_ONLY; scalar tail dependence is not a cross-family order
CRR-STAGEII-CONFIRM-2026-07-22,21c5b970e734ed79636df2f3882d4d85460c5efa40b88e59b9b9a3f34a25c0ff,E5,202607225044,ASSUMED-student_t_df4,assumed_law_optimization,numpy_PCG64,202607225044,512,b8f9c7d61d60e87ba3e2a14fe0f980c9a1f22534e42085cd04f2107e0f7c73bc,student_t_df4,0.25,student_t_df5,0.1953801683718518,WITHIN_NAMED_FAMILY_ONLY; scalar tail dependence is not a cross-family order
CRR-STAGEII-CONFIRM-2026-07-22,21c5b970e734ed79636df2f3882d4d85460c5efa40b88e59b9b9a3f34a25c0ff,E5,202607225044,TRUE-clayton,independent_true_law_evaluation,numpy_PCG64,202607745044,4096,3e5e853d4eed4fa40b9f470b4dbdb0573e6517c8cb6e6658eea3db2b7dca8eeb,clayton,0.25,student_t_df5,0.3535533905932738,WITHIN_NAMED_FAMILY_ONLY; scalar tail dependence is not a cross-family order
CRR-STAGEII-CONFIRM-2026-07-22,21c5b970e734ed79636df2f3882d4d85460c5efa40b88e59b9b9a3f34a25c0ff,E5,202607225044,TRUE-empirical_copula,independent_true_law_evaluation,numpy_PCG64,202607755044,4096,dd68caf1b717cbdf21921895143a6c285ee45b33db6f9f59f281eb6c706d2da4,empirical_copula,,student_t_df5,0.6754557291666666,EMPIRICAL_COPULA_MODEL_SENSITIVITY_NOT_PARAMETRIC_ORDER
CRR-STAGEII-CONFIRM-2026-07-22,21c5b970e734ed79636df2f3882d4d85460c5efa40b88e59b9b9a3f34a25c0ff,E5,202607225044,TRUE-gaussian,independent_true_law_evaluation,numpy_PCG64,202607725044,4096,1630abbeab3a1a3a009cf60f2e2072c9f75203e4f91c4a202e1388af0c38227a,gaussian,0.25,student_t_df5,0.0,WITHIN_NAMED_FAMILY_ONLY; scalar tail dependence is not a cross-family order
CRR-STAGEII-CONFIRM-2026-07-22,21c5b970e734ed79636df2f3882d4d85460c5efa40b88e59b9b9a3f34a25c0ff,E5,202607225044,TRUE-student_t_df4,independent_true_law_evaluation,numpy_PCG64,202607735044,4096,f80add5de05de9592757688af55ddfa3621af208acd8ee531721d21d9029cbfb,student_t_df4,0.25,student_t_df5,0.1953801683718518,WITHIN_NAMED_FAMILY_ONLY; scalar tail dependence is not a cross-family order
CRR-STAGEII-CONFIRM-2026-07-22,21c5b970e734ed79636df2f3882d4d85460c5efa40b88e59b9b9a3f34a25c0ff,E5,202607225045,ASSUMED-clayton,assumed_law_optimization,numpy_PCG64,202607225045,512,da76799f3a97f77a2fa0af22f64f892c97465b85d992a17bd1211a8f0e8a51c8,clayton,0.25,student_t_df5,0.3535533905932738,WITHIN_NAMED_FAMILY_ONLY; scalar tail dependence is not a cross-family order
CRR-STAGEII-CONFIRM-2026-07-22,21c5b970e734ed79636df2f3882d4d85460c5efa40b88e59b9b9a3f34a25c0ff,E5,202607225045,ASSUMED-empirical_copula,assumed_law_optimization,numpy_PCG64,202607225045,512,c08ab26a09b116ea4d372dd53f5a63e771a1323f0cba8a7025ecb92088d98a25,empirical_copula,,student_t_df5,0.5403645833333334,EMPIRICAL_COPULA_MODEL_SENSITIVITY_NOT_PARAMETRIC_ORDER
CRR-STAGEII-CONFIRM-2026-07-22,21c5b970e734ed79636df2f3882d4d85460c5efa40b88e59b9b9a3f34a25c0ff,E5,202607225045,ASSUMED-gaussian,assumed_law_optimization,numpy_PCG64,202607225045,512,99164c503ea3db34cbe78e3f4bdc675e34ee71d66ffebece81dbfb283dac8c34,gaussian,0.25,student_t_df5,0.0,WITHIN_NAMED_FAMILY_ONLY; scalar tail dependence is not a cross-family order
CRR-STAGEII-CONFIRM-2026-07-22,21c5b970e734ed79636df2f3882d4d85460c5efa40b88e59b9b9a3f34a25c0ff,E5,202607225045,ASSUMED-student_t_df4,assumed_law_optimization,numpy_PCG64,202607225045,512,a2365193328e0da0449c6483812195510f77bb00e341f2c7a018e2b9d3b7ecb3,student_t_df4,0.25,student_t_df5,0.1953801683718518,WITHIN_NAMED_FAMILY_ONLY; scalar tail dependence is not a cross-family order
CRR-STAGEII-CONFIRM-2026-07-22,21c5b970e734ed79636df2f3882d4d85460c5efa40b88e59b9b9a3f34a25c0ff,E5,202607225045,TRUE-clayton,independent_true_law_evaluation,numpy_PCG64,202607745045,4096,b7bb1c597795433583be9c2c4007f8b1a947443e375c5c07924702ac65cee93d,clayton,0.25,student_t_df5,0.3535533905932738,WITHIN_NAMED_FAMILY_ONLY; scalar tail dependence is not a cross-family order
CRR-STAGEII-CONFIRM-2026-07-22,21c5b970e734ed79636df2f3882d4d85460c5efa40b88e59b9b9a3f34a25c0ff,E5,202607225045,TRUE-empirical_copula,independent_true_law_evaluation,numpy_PCG64,202607755045,4096,1a46604e87b4027cc3984257bb8f90080683172d0dd4b035e4c962fa2c784f18,empirical_copula,,student_t_df5,0.6648763020833334,EMPIRICAL_COPULA_MODEL_SENSITIVITY_NOT_PARAMETRIC_ORDER
CRR-STAGEII-CONFIRM-2026-07-22,21c5b970e734ed79636df2f3882d4d85460c5efa40b88e59b9b9a3f34a25c0ff,E5,202607225045,TRUE-gaussian,independent_true_law_evaluation,numpy_PCG64,202607725045,4096,8e381ce1bba40035e5667f939db67f6100bcc365127034f4815770fa14a1d81c,gaussian,0.25,student_t_df5,0.0,WITHIN_NAMED_FAMILY_ONLY; scalar tail dependence is not a cross-family order
CRR-STAGEII-CONFIRM-2026-07-22,21c5b970e734ed79636df2f3882d4d85460c5efa40b88e59b9b9a3f34a25c0ff,E5,202607225045,TRUE-student_t_df4,independent_true_law_evaluation,numpy_PCG64,202607735045,4096,78eeb483bbc7457a633c7dc686fa7e423317c6188824f0f2678b6dd7d8839e32,student_t_df4,0.25,student_t_df5,0.1953801683718518,WITHIN_NAMED_FAMILY_ONLY; scalar tail dependence is not a cross-family order
CRR-STAGEII-CONFIRM-2026-07-22,21c5b970e734ed79636df2f3882d4d85460c5efa40b88e59b9b9a3f34a25c0ff,E5,202607225046,ASSUMED-clayton,assumed_law_optimization,numpy_PCG64,202607225046,512,df04abe591f083424853f1222d43c6ae7ca24e09feb76944bd46cd2f23ab41b5,clayton,0.25,student_t_df5,0.3535533905932738,WITHIN_NAMED_FAMILY_ONLY; scalar tail dependence is not a cross-family order
CRR-STAGEII-CONFIRM-2026-07-22,21c5b970e734ed79636df2f3882d4d85460c5efa40b88e59b9b9a3f34a25c0ff,E5,202607225046,ASSUMED-empirical_copula,assumed_law_optimization,numpy_PCG64,202607225046,512,dddd78c0b31e8e67bf61ead56e8c493d287a2ecf9ce809d6cec91939a5b6ccef,empirical_copula,,student_t_df5,0.7161458333333334,EMPIRICAL_COPULA_MODEL_SENSITIVITY_NOT_PARAMETRIC_ORDER
CRR-STAGEII-CONFIRM-2026-07-22,21c5b970e734ed79636df2f3882d4d85460c5efa40b88e59b9b9a3f34a25c0ff,E5,202607225046,ASSUMED-gaussian,assumed_law_optimization,numpy_PCG64,202607225046,512,751e4ebc5c35b23dd0c3ccc0d1a0272a62e92c86f1e04e8b49cebc51c3222fff,gaussian,0.25,student_t_df5,0.0,WITHIN_NAMED_FAMILY_ONLY; scalar tail dependence is not a cross-family order
CRR-STAGEII-CONFIRM-2026-07-22,21c5b970e734ed79636df2f3882d4d85460c5efa40b88e59b9b9a3f34a25c0ff,E5,202607225046,ASSUMED-student_t_df4,assumed_law_optimization,numpy_PCG64,202607225046,512,3c1659c8a70c0282024ae512d88ebb8d0ce082c46970cdad09b32b0f4c5c5924,student_t_df4,0.25,student_t_df5,0.1953801683718518,WITHIN_NAMED_FAMILY_ONLY; scalar tail dependence is not a cross-family order
CRR-STAGEII-CONFIRM-2026-07-22,21c5b970e734ed79636df2f3882d4d85460c5efa40b88e59b9b9a3f34a25c0ff,E5,202607225046,TRUE-clayton,independent_true_law_evaluation,numpy_PCG64,202607745046,4096,9e13532e8026cbd3df1f2dfd409dbc7f79c2c31e6ae108a758bb15fb0308f0c3,clayton,0.25,student_t_df5,0.3535533905932738,WITHIN_NAMED_FAMILY_ONLY; scalar tail dependence is not a cross-family order
CRR-STAGEII-CONFIRM-2026-07-22,21c5b970e734ed79636df2f3882d4d85460c5efa40b88e59b9b9a3f34a25c0ff,E5,202607225046,TRUE-empirical_copula,independent_true_law_evaluation,numpy_PCG64,202607755046,4096,520e61e29ea2261cb94a11b3b844911254d6248dd7e89ffa414e381631d09cd5,empirical_copula,,student_t_df5,0.6770833333333334,EMPIRICAL_COPULA_MODEL_SENSITIVITY_NOT_PARAMETRIC_ORDER
CRR-STAGEII-CONFIRM-2026-07-22,21c5b970e734ed79636df2f3882d4d85460c5efa40b88e59b9b9a3f34a25c0ff,E5,202607225046,TRUE-gaussian,independent_true_law_evaluation,numpy_PCG64,202607725046,4096,64000835ae7c20f81ac18d60caa017a6141b8b3e07fbed79edf498f374f7af8d,gaussian,0.25,student_t_df5,0.0,WITHIN_NAMED_FAMILY_ONLY; scalar tail dependence is not a cross-family order
CRR-STAGEII-CONFIRM-2026-07-22,21c5b970e734ed79636df2f3882d4d85460c5efa40b88e59b9b9a3f34a25c0ff,E5,202607225046,TRUE-student_t_df4,independent_true_law_evaluation,numpy_PCG64,202607735046,4096,a5dced327d6b3c96b581e64a50cd0c5c8170ce8f112437131929bafef74d70f8,student_t_df4,0.25,student_t_df5,0.1953801683718518,WITHIN_NAMED_FAMILY_ONLY; scalar tail dependence is not a cross-family order
CRR-STAGEII-CONFIRM-2026-07-22,21c5b970e734ed79636df2f3882d4d85460c5efa40b88e59b9b9a3f34a25c0ff,E5,202607225047,ASSUMED-clayton,assumed_law_optimization,numpy_PCG64,202607225047,512,f307295e0b2e38d069476c32ff2faf9804dd56b5f29c9167e767d4175a35d3a0,clayton,0.25,student_t_df5,0.3535533905932738,WITHIN_NAMED_FAMILY_ONLY; scalar tail dependence is not a cross-family order
CRR-STAGEII-CONFIRM-2026-07-22,21c5b970e734ed79636df2f3882d4d85460c5efa40b88e59b9b9a3f34a25c0ff,E5,202607225047,ASSUMED-empirical_copula,assumed_law_optimization,numpy_PCG64,202607225047,512,a630d9d97f801c5ffa4cbf05aff20aaad4ce56e83f1db9337a8774d8f03bc3bc,empirical_copula,,student_t_df5,0.5533854166666666,EMPIRICAL_COPULA_MODEL_SENSITIVITY_NOT_PARAMETRIC_ORDER
CRR-STAGEII-CONFIRM-2026-07-22,21c5b970e734ed79636df2f3882d4d85460c5efa40b88e59b9b9a3f34a25c0ff,E5,202607225047,ASSUMED-gaussian,assumed_law_optimization,numpy_PCG64,202607225047,512,e3c220097d5bfebd4b8564d75c8d6e3827eb03265cdca9bf954af8834c36f3d9,gaussian,0.25,student_t_df5,0.0,WITHIN_NAMED_FAMILY_ONLY; scalar tail dependence is not a cross-family order
CRR-STAGEII-CONFIRM-2026-07-22,21c5b970e734ed79636df2f3882d4d85460c5efa40b88e59b9b9a3f34a25c0ff,E5,202607225047,ASSUMED-student_t_df4,assumed_law_optimization,numpy_PCG64,202607225047,512,202601aa3209a7cb5a32b2fa810d154d027c55556158cee4c06bc58e882fc09b,student_t_df4,0.25,student_t_df5,0.1953801683718518,WITHIN_NAMED_FAMILY_ONLY; scalar tail dependence is not a cross-family order
CRR-STAGEII-CONFIRM-2026-07-22,21c5b970e734ed79636df2f3882d4d85460c5efa40b88e59b9b9a3f34a25c0ff,E5,202607225047,TRUE-clayton,independent_true_law_evaluation,numpy_PCG64,202607745047,4096,63fe16d84e935cc70d4b076e1638022873014098f703c7debc8f0c26e5ae93d5,clayton,0.25,student_t_df5,0.3535533905932738,WITHIN_NAMED_FAMILY_ONLY; scalar tail dependence is not a cross-family order
CRR-STAGEII-CONFIRM-2026-07-22,21c5b970e734ed79636df2f3882d4d85460c5efa40b88e59b9b9a3f34a25c0ff,E5,202607225047,TRUE-empirical_copula,independent_true_law_evaluation,numpy_PCG64,202607755047,4096,617dd9d5c6eb1279bcd2ee253fc50ae28a7003d5bed3300616653c9210becb60,empirical_copula,,student_t_df5,0.57861328125,EMPIRICAL_COPULA_MODEL_SENSITIVITY_NOT_PARAMETRIC_ORDER
CRR-STAGEII-CONFIRM-2026-07-22,21c5b970e734ed79636df2f3882d4d85460c5efa40b88e59b9b9a3f34a25c0ff,E5,202607225047,TRUE-gaussian,independent_true_law_evaluation,numpy_PCG64,202607725047,4096,248825f9434bf335c9f2fd510611aec87722328780fce75f3e849f32d8f9a889,gaussian,0.25,student_t_df5,0.0,WITHIN_NAMED_FAMILY_ONLY; scalar tail dependence is not a cross-family order
CRR-STAGEII-CONFIRM-2026-07-22,21c5b970e734ed79636df2f3882d4d85460c5efa40b88e59b9b9a3f34a25c0ff,E5,202607225047,TRUE-student_t_df4,independent_true_law_evaluation,numpy_PCG64,202607735047,4096,ba33f2921b380c569b69226e907f95fe90bd5d08aa1a497cf3ea79ff4c8aec38,student_t_df4,0.25,student_t_df5,0.1953801683718518,WITHIN_NAMED_FAMILY_ONLY; scalar tail dependence is not a cross-family order
CRR-STAGEII-CONFIRM-2026-07-22,21c5b970e734ed79636df2f3882d4d85460c5efa40b88e59b9b9a3f34a25c0ff,E5,202607225048,ASSUMED-clayton,assumed_law_optimization,numpy_PCG64,202607225048,512,c87790d3716bb5cdb0d12bc2765cf6ea41ef9e0b22008cb7f15bd2eb16ff1690,clayton,0.25,student_t_df5,0.3535533905932738,WITHIN_NAMED_FAMILY_ONLY; scalar tail dependence is not a cross-family order
CRR-STAGEII-CONFIRM-2026-07-22,21c5b970e734ed79636df2f3882d4d85460c5efa40b88e59b9b9a3f34a25c0ff,E5,202607225048,ASSUMED-empirical_copula,assumed_law_optimization,numpy_PCG64,202607225048,512,2aaaa4cc468e92e048e6cc79431ec7ab3e1d6592d69c4df8093e1c1fc097d37b,empirical_copula,,student_t_df5,0.546875,EMPIRICAL_COPULA_MODEL_SENSITIVITY_NOT_PARAMETRIC_ORDER
CRR-STAGEII-CONFIRM-2026-07-22,21c5b970e734ed79636df2f3882d4d85460c5efa40b88e59b9b9a3f34a25c0ff,E5,202607225048,ASSUMED-gaussian,assumed_law_optimization,numpy_PCG64,202607225048,512,197cf2a8962d942163200f761a81e05fc55e8392b2133c0f511f65db91331b0e,gaussian,0.25,student_t_df5,0.0,WITHIN_NAMED_FAMILY_ONLY; scalar tail dependence is not a cross-family order
CRR-STAGEII-CONFIRM-2026-07-22,21c5b970e734ed79636df2f3882d4d85460c5efa40b88e59b9b9a3f34a25c0ff,E5,202607225048,ASSUMED-student_t_df4,assumed_law_optimization,numpy_PCG64,202607225048,512,c84329efe463413c8686b1301bfd8209d2191760144cc7a9dc59c9f71aa145d5,student_t_df4,0.25,student_t_df5,0.1953801683718518,WITHIN_NAMED_FAMILY_ONLY; scalar tail dependence is not a cross-family order
CRR-STAGEII-CONFIRM-2026-07-22,21c5b970e734ed79636df2f3882d4d85460c5efa40b88e59b9b9a3f34a25c0ff,E5,202607225048,TRUE-clayton,independent_true_law_evaluation,numpy_PCG64,202607745048,4096,43ce9639021ba5bd5fcf9689618ac746efcd637fa1a50466a08c6c0876119c81,clayton,0.25,student_t_df5,0.3535533905932738,WITHIN_NAMED_FAMILY_ONLY; scalar tail dependence is not a cross-family order
CRR-STAGEII-CONFIRM-2026-07-22,21c5b970e734ed79636df2f3882d4d85460c5efa40b88e59b9b9a3f34a25c0ff,E5,202607225048,TRUE-empirical_copula,independent_true_law_evaluation,numpy_PCG64,202607755048,4096,003d2fa6d94d666a6605b0d3acecd9dc63f744cdd3cd424e483d19e959643f4f,empirical_copula,,student_t_df5,0.5769856770833334,EMPIRICAL_COPULA_MODEL_SENSITIVITY_NOT_PARAMETRIC_ORDER
CRR-STAGEII-CONFIRM-2026-07-22,21c5b970e734ed79636df2f3882d4d85460c5efa40b88e59b9b9a3f34a25c0ff,E5,202607225048,TRUE-gaussian,independent_true_law_evaluation,numpy_PCG64,202607725048,4096,63f2828abcc1827cd32fdcf7bb5de5967c006fe208170ae3a0fde8318b78c169,gaussian,0.25,student_t_df5,0.0,WITHIN_NAMED_FAMILY_ONLY; scalar tail dependence is not a cross-family order
CRR-STAGEII-CONFIRM-2026-07-22,21c5b970e734ed79636df2f3882d4d85460c5efa40b88e59b9b9a3f34a25c0ff,E5,202607225048,TRUE-student_t_df4,independent_true_law_evaluation,numpy_PCG64,202607735048,4096,b5061e0b1c48fe9745a3d3659bffb70dbd71baf8f1e964353a327b7e110f6765,student_t_df4,0.25,student_t_df5,0.1953801683718518,WITHIN_NAMED_FAMILY_ONLY; scalar tail dependence is not a cross-family order
CRR-STAGEII-CONFIRM-2026-07-22,21c5b970e734ed79636df2f3882d4d85460c5efa40b88e59b9b9a3f34a25c0ff,E5,202607225049,ASSUMED-clayton,assumed_law_optimization,numpy_PCG64,202607225049,512,c679fbd0f06ba7eb667c8242ad79610e730562758f5c20d7fb8473d4ccf7ef99,clayton,0.25,student_t_df5,0.3535533905932738,WITHIN_NAMED_FAMILY_ONLY; scalar tail dependence is not a cross-family order
CRR-STAGEII-CONFIRM-2026-07-22,21c5b970e734ed79636df2f3882d4d85460c5efa40b88e59b9b9a3f34a25c0ff,E5,202607225049,ASSUMED-empirical_copula,assumed_law_optimization,numpy_PCG64,202607225049,512,974eee498dca6fa7b33acf439f3cdc7914abd0cf491515999dafdbe65aac9552,empirical_copula,,student_t_df5,0.5078125,EMPIRICAL_COPULA_MODEL_SENSITIVITY_NOT_PARAMETRIC_ORDER
CRR-STAGEII-CONFIRM-2026-07-22,21c5b970e734ed79636df2f3882d4d85460c5efa40b88e59b9b9a3f34a25c0ff,E5,202607225049,ASSUMED-gaussian,assumed_law_optimization,numpy_PCG64,202607225049,512,6150b0872b658140aa623e5582ec68908048c22b0385a7e1e17a99abef6931c2,gaussian,0.25,student_t_df5,0.0,WITHIN_NAMED_FAMILY_ONLY; scalar tail dependence is not a cross-family order
CRR-STAGEII-CONFIRM-2026-07-22,21c5b970e734ed79636df2f3882d4d85460c5efa40b88e59b9b9a3f34a25c0ff,E5,202607225049,ASSUMED-student_t_df4,assumed_law_optimization,numpy_PCG64,202607225049,512,fc2112a77ba62daa97d73752c611d73a6870e9460a54580af0ddb1483823d1a8,student_t_df4,0.25,student_t_df5,0.1953801683718518,WITHIN_NAMED_FAMILY_ONLY; scalar tail dependence is not a cross-family order
CRR-STAGEII-CONFIRM-2026-07-22,21c5b970e734ed79636df2f3882d4d85460c5efa40b88e59b9b9a3f34a25c0ff,E5,202607225049,TRUE-clayton,independent_true_law_evaluation,numpy_PCG64,202607745049,4096,f5288e9dc94db0d24091a2668041e383758435936c87fafbd32b9d4b8af4e8d4,clayton,0.25,student_t_df5,0.3535533905932738,WITHIN_NAMED_FAMILY_ONLY; scalar tail dependence is not a cross-family order
CRR-STAGEII-CONFIRM-2026-07-22,21c5b970e734ed79636df2f3882d4d85460c5efa40b88e59b9b9a3f34a25c0ff,E5,202607225049,TRUE-empirical_copula,independent_true_law_evaluation,numpy_PCG64,202607755049,4096,757c2d07556f04a804fbee51b17f27b67929453cecab4b8757628c7dc79b8257,empirical_copula,,student_t_df5,0.6184895833333334,EMPIRICAL_COPULA_MODEL_SENSITIVITY_NOT_PARAMETRIC_ORDER
CRR-STAGEII-CONFIRM-2026-07-22,21c5b970e734ed79636df2f3882d4d85460c5efa40b88e59b9b9a3f34a25c0ff,E5,202607225049,TRUE-gaussian,independent_true_law_evaluation,numpy_PCG64,202607725049,4096,dab476f59cd308152d83f3e0264734b4f7d13e5063d35d7f5705af35ac099866,gaussian,0.25,student_t_df5,0.0,WITHIN_NAMED_FAMILY_ONLY; scalar tail dependence is not a cross-family order
CRR-STAGEII-CONFIRM-2026-07-22,21c5b970e734ed79636df2f3882d4d85460c5efa40b88e59b9b9a3f34a25c0ff,E5,202607225049,TRUE-student_t_df4,independent_true_law_evaluation,numpy_PCG64,202607735049,4096,94f695cd38c4c3f4894ec83cd1fe96501dd8a9eb9fd96cb0ebf164f2a782c06e,student_t_df4,0.25,student_t_df5,0.1953801683718518,WITHIN_NAMED_FAMILY_ONLY; scalar tail dependence is not a cross-family order
CRR-STAGEII-CONFIRM-2026-07-22,21c5b970e734ed79636df2f3882d4d85460c5efa40b88e59b9b9a3f34a25c0ff,E5,202607225050,ASSUMED-clayton,assumed_law_optimization,numpy_PCG64,202607225050,512,7c375154c34ae56864352de90c55022c0f732e83be1347c04120d0a19d8b438b,clayton,0.25,student_t_df5,0.3535533905932738,WITHIN_NAMED_FAMILY_ONLY; scalar tail dependence is not a cross-family order
CRR-STAGEII-CONFIRM-2026-07-22,21c5b970e734ed79636df2f3882d4d85460c5efa40b88e59b9b9a3f34a25c0ff,E5,202607225050,ASSUMED-empirical_copula,assumed_law_optimization,numpy_PCG64,202607225050,512,640130b309ca4f03039b4e124ec7fc8d67856b747d3dd332a1d6605580317f67,empirical_copula,,student_t_df5,0.6315104166666666,EMPIRICAL_COPULA_MODEL_SENSITIVITY_NOT_PARAMETRIC_ORDER
CRR-STAGEII-CONFIRM-2026-07-22,21c5b970e734ed79636df2f3882d4d85460c5efa40b88e59b9b9a3f34a25c0ff,E5,202607225050,ASSUMED-gaussian,assumed_law_optimization,numpy_PCG64,202607225050,512,97ec1fa2399c4e92148a33eb16f216e9b2bcd0fd8d6dc02f7f232486ead9bdcf,gaussian,0.25,student_t_df5,0.0,WITHIN_NAMED_FAMILY_ONLY; scalar tail dependence is not a cross-family order
CRR-STAGEII-CONFIRM-2026-07-22,21c5b970e734ed79636df2f3882d4d85460c5efa40b88e59b9b9a3f34a25c0ff,E5,202607225050,ASSUMED-student_t_df4,assumed_law_optimization,numpy_PCG64,202607225050,512,1583f491863944854ffb6e32a24efae2a577b8d4aef033dc651e9f9b9da608a4,student_t_df4,0.25,student_t_df5,0.1953801683718518,WITHIN_NAMED_FAMILY_ONLY; scalar tail dependence is not a cross-family order
CRR-STAGEII-CONFIRM-2026-07-22,21c5b970e734ed79636df2f3882d4d85460c5efa40b88e59b9b9a3f34a25c0ff,E5,202607225050,TRUE-clayton,independent_true_law_evaluation,numpy_PCG64,202607745050,4096,91359afe2777f814f5fca59f6ee36ede22331afb75ae72b1a6ab1201654bac72,clayton,0.25,student_t_df5,0.3535533905932738,WITHIN_NAMED_FAMILY_ONLY; scalar tail dependence is not a cross-family order
CRR-STAGEII-CONFIRM-2026-07-22,21c5b970e734ed79636df2f3882d4d85460c5efa40b88e59b9b9a3f34a25c0ff,E5,202607225050,TRUE-empirical_copula,independent_true_law_evaluation,numpy_PCG64,202607755050,4096,af65767449eb4fef39be02e285b2d307e2593c54703a22719d3e9a6dc11cadc8,empirical_copula,,student_t_df5,0.6689453125,EMPIRICAL_COPULA_MODEL_SENSITIVITY_NOT_PARAMETRIC_ORDER
CRR-STAGEII-CONFIRM-2026-07-22,21c5b970e734ed79636df2f3882d4d85460c5efa40b88e59b9b9a3f34a25c0ff,E5,202607225050,TRUE-gaussian,independent_true_law_evaluation,numpy_PCG64,202607725050,4096,87d33fb4ae25cb44e80af3fa9eef77123da2421ab5614e9653e9b619f9376386,gaussian,0.25,student_t_df5,0.0,WITHIN_NAMED_FAMILY_ONLY; scalar tail dependence is not a cross-family order
CRR-STAGEII-CONFIRM-2026-07-22,21c5b970e734ed79636df2f3882d4d85460c5efa40b88e59b9b9a3f34a25c0ff,E5,202607225050,TRUE-student_t_df4,independent_true_law_evaluation,numpy_PCG64,202607735050,4096,1711321331ecfc6d67d10fd2ef6171a8a8180e733a96e3d2ad174fdbabf2153c,student_t_df4,0.25,student_t_df5,0.1953801683718518,WITHIN_NAMED_FAMILY_ONLY; scalar tail dependence is not a cross-family order
CRR-STAGEII-CONFIRM-2026-07-22,21c5b970e734ed79636df2f3882d4d85460c5efa40b88e59b9b9a3f34a25c0ff,E5,202607225051,ASSUMED-clayton,assumed_law_optimization,numpy_PCG64,202607225051,512,72f903413ecd58fecf296913c1acf88d04f2ebfee15abf78d0644b083a619bf4,clayton,0.25,student_t_df5,0.3535533905932738,WITHIN_NAMED_FAMILY_ONLY; scalar tail dependence is not a cross-family order
CRR-STAGEII-CONFIRM-2026-07-22,21c5b970e734ed79636df2f3882d4d85460c5efa40b88e59b9b9a3f34a25c0ff,E5,202607225051,ASSUMED-empirical_copula,assumed_law_optimization,numpy_PCG64,202607225051,512,1de0ca13cce18c1c88a95d4499878d0f457979e367fb20e0ea0a6f6842236211,empirical_copula,,student_t_df5,0.546875,EMPIRICAL_COPULA_MODEL_SENSITIVITY_NOT_PARAMETRIC_ORDER
CRR-STAGEII-CONFIRM-2026-07-22,21c5b970e734ed79636df2f3882d4d85460c5efa40b88e59b9b9a3f34a25c0ff,E5,202607225051,ASSUMED-gaussian,assumed_law_optimization,numpy_PCG64,202607225051,512,e8746387757996cb313c74cb0e0546ff348a026748c86fb6a6aebf8a745485e7,gaussian,0.25,student_t_df5,0.0,WITHIN_NAMED_FAMILY_ONLY; scalar tail dependence is not a cross-family order
CRR-STAGEII-CONFIRM-2026-07-22,21c5b970e734ed79636df2f3882d4d85460c5efa40b88e59b9b9a3f34a25c0ff,E5,202607225051,ASSUMED-student_t_df4,assumed_law_optimization,numpy_PCG64,202607225051,512,e0e27cb88e260b3914e0749fb98a0b3a7e240437464ec21434cfce4081f831ef,student_t_df4,0.25,student_t_df5,0.1953801683718518,WITHIN_NAMED_FAMILY_ONLY; scalar tail dependence is not a cross-family order
CRR-STAGEII-CONFIRM-2026-07-22,21c5b970e734ed79636df2f3882d4d85460c5efa40b88e59b9b9a3f34a25c0ff,E5,202607225051,TRUE-clayton,independent_true_law_evaluation,numpy_PCG64,202607745051,4096,ac113fe4fcd0f70effd9634896799d12a3c9244f138a7babfed0c3868eef42a9,clayton,0.25,student_t_df5,0.3535533905932738,WITHIN_NAMED_FAMILY_ONLY; scalar tail dependence is not a cross-family order
CRR-STAGEII-CONFIRM-2026-07-22,21c5b970e734ed79636df2f3882d4d85460c5efa40b88e59b9b9a3f34a25c0ff,E5,202607225051,TRUE-empirical_copula,independent_true_law_evaluation,numpy_PCG64,202607755051,4096,721bbcf109163b5cf211a8aeda07679a9087511e8bd3aa070f695f80882539a1,empirical_copula,,student_t_df5,0.6217447916666666,EMPIRICAL_COPULA_MODEL_SENSITIVITY_NOT_PARAMETRIC_ORDER
CRR-STAGEII-CONFIRM-2026-07-22,21c5b970e734ed79636df2f3882d4d85460c5efa40b88e59b9b9a3f34a25c0ff,E5,202607225051,TRUE-gaussian,independent_true_law_evaluation,numpy_PCG64,202607725051,4096,3d3f85715279fa6db1ebab75aec6445b6c095348015e21a31a1ea52eae97dfdb,gaussian,0.25,student_t_df5,0.0,WITHIN_NAMED_FAMILY_ONLY; scalar tail dependence is not a cross-family order
CRR-STAGEII-CONFIRM-2026-07-22,21c5b970e734ed79636df2f3882d4d85460c5efa40b88e59b9b9a3f34a25c0ff,E5,202607225051,TRUE-student_t_df4,independent_true_law_evaluation,numpy_PCG64,202607735051,4096,427c39257cae7f485c70ade73282302a2692373a38823125f53a06192949013f,student_t_df4,0.25,student_t_df5,0.1953801683718518,WITHIN_NAMED_FAMILY_ONLY; scalar tail dependence is not a cross-family order
CRR-STAGEII-CONFIRM-2026-07-22,21c5b970e734ed79636df2f3882d4d85460c5efa40b88e59b9b9a3f34a25c0ff,E5,202607225052,ASSUMED-clayton,assumed_law_optimization,numpy_PCG64,202607225052,512,cbc4fee7a33ad30f60f9e502256494cba58136a821d22ab9c8de226e9bbf8bb1,clayton,0.25,student_t_df5,0.3535533905932738,WITHIN_NAMED_FAMILY_ONLY; scalar tail dependence is not a cross-family order
CRR-STAGEII-CONFIRM-2026-07-22,21c5b970e734ed79636df2f3882d4d85460c5efa40b88e59b9b9a3f34a25c0ff,E5,202607225052,ASSUMED-empirical_copula,assumed_law_optimization,numpy_PCG64,202607225052,512,2eb7337fef5c210f32533afd273300cc9c0ca7793d03a689006c9bf5360422f8,empirical_copula,,student_t_df5,0.6966145833333334,EMPIRICAL_COPULA_MODEL_SENSITIVITY_NOT_PARAMETRIC_ORDER
CRR-STAGEII-CONFIRM-2026-07-22,21c5b970e734ed79636df2f3882d4d85460c5efa40b88e59b9b9a3f34a25c0ff,E5,202607225052,ASSUMED-gaussian,assumed_law_optimization,numpy_PCG64,202607225052,512,1cbe5eb2722a482a9c6c49cab4c29cf8c0a503022874d4b102029d37081f279e,gaussian,0.25,student_t_df5,0.0,WITHIN_NAMED_FAMILY_ONLY; scalar tail dependence is not a cross-family order
CRR-STAGEII-CONFIRM-2026-07-22,21c5b970e734ed79636df2f3882d4d85460c5efa40b88e59b9b9a3f34a25c0ff,E5,202607225052,ASSUMED-student_t_df4,assumed_law_optimization,numpy_PCG64,202607225052,512,c46e9d06db64605cb8933a5aec05f0d7920b77c528f4bad272d4fb16dd3572c5,student_t_df4,0.25,student_t_df5,0.1953801683718518,WITHIN_NAMED_FAMILY_ONLY; scalar tail dependence is not a cross-family order
CRR-STAGEII-CONFIRM-2026-07-22,21c5b970e734ed79636df2f3882d4d85460c5efa40b88e59b9b9a3f34a25c0ff,E5,202607225052,TRUE-clayton,independent_true_law_evaluation,numpy_PCG64,202607745052,4096,e715805e1c090b9b3b455c4bb17dc171ac49a5e640aa54af7660fede72a8172c,clayton,0.25,student_t_df5,0.3535533905932738,WITHIN_NAMED_FAMILY_ONLY; scalar tail dependence is not a cross-family order
CRR-STAGEII-CONFIRM-2026-07-22,21c5b970e734ed79636df2f3882d4d85460c5efa40b88e59b9b9a3f34a25c0ff,E5,202607225052,TRUE-empirical_copula,independent_true_law_evaluation,numpy_PCG64,202607755052,4096,46e62bd47021d7260ec687e27eac8f888f310ef7ea853c4216c24f118cfe5fe6,empirical_copula,,student_t_df5,0.6209309895833334,EMPIRICAL_COPULA_MODEL_SENSITIVITY_NOT_PARAMETRIC_ORDER
CRR-STAGEII-CONFIRM-2026-07-22,21c5b970e734ed79636df2f3882d4d85460c5efa40b88e59b9b9a3f34a25c0ff,E5,202607225052,TRUE-gaussian,independent_true_law_evaluation,numpy_PCG64,202607725052,4096,07fa788ee074bef9c174e439a88d9b68dbc97ab2b72761913859fb1403a0f0d2,gaussian,0.25,student_t_df5,0.0,WITHIN_NAMED_FAMILY_ONLY; scalar tail dependence is not a cross-family order
CRR-STAGEII-CONFIRM-2026-07-22,21c5b970e734ed79636df2f3882d4d85460c5efa40b88e59b9b9a3f34a25c0ff,E5,202607225052,TRUE-student_t_df4,independent_true_law_evaluation,numpy_PCG64,202607735052,4096,60245dbed695a8d9fbe3f1db6e555e23b6efc14277d12a20c16c4add0b8cc14d,student_t_df4,0.25,student_t_df5,0.1953801683718518,WITHIN_NAMED_FAMILY_ONLY; scalar tail dependence is not a cross-family order
CRR-STAGEII-CONFIRM-2026-07-22,21c5b970e734ed79636df2f3882d4d85460c5efa40b88e59b9b9a3f34a25c0ff,E5,202607225053,ASSUMED-clayton,assumed_law_optimization,numpy_PCG64,202607225053,512,3419739d0d293fb7c6b01f63cca2630797350e203879cc51eb68f5ca09d83da4,clayton,0.25,student_t_df5,0.3535533905932738,WITHIN_NAMED_FAMILY_ONLY; scalar tail dependence is not a cross-family order
CRR-STAGEII-CONFIRM-2026-07-22,21c5b970e734ed79636df2f3882d4d85460c5efa40b88e59b9b9a3f34a25c0ff,E5,202607225053,ASSUMED-empirical_copula,assumed_law_optimization,numpy_PCG64,202607225053,512,937286639bf6732e0a7b602b81400bc74e829ebcaac5e37e48ff21aa74f0b775,empirical_copula,,student_t_df5,0.5729166666666666,EMPIRICAL_COPULA_MODEL_SENSITIVITY_NOT_PARAMETRIC_ORDER
CRR-STAGEII-CONFIRM-2026-07-22,21c5b970e734ed79636df2f3882d4d85460c5efa40b88e59b9b9a3f34a25c0ff,E5,202607225053,ASSUMED-gaussian,assumed_law_optimization,numpy_PCG64,202607225053,512,e43e396e2d602d76d81303ffebd74217c20a49c2985220043329c1a7c1850a66,gaussian,0.25,student_t_df5,0.0,WITHIN_NAMED_FAMILY_ONLY; scalar tail dependence is not a cross-family order
CRR-STAGEII-CONFIRM-2026-07-22,21c5b970e734ed79636df2f3882d4d85460c5efa40b88e59b9b9a3f34a25c0ff,E5,202607225053,ASSUMED-student_t_df4,assumed_law_optimization,numpy_PCG64,202607225053,512,3898a5116f2fec34e053ba6d9c05fb14d5d2d063bfe22908b20746660c9da36e,student_t_df4,0.25,student_t_df5,0.1953801683718518,WITHIN_NAMED_FAMILY_ONLY; scalar tail dependence is not a cross-family order
CRR-STAGEII-CONFIRM-2026-07-22,21c5b970e734ed79636df2f3882d4d85460c5efa40b88e59b9b9a3f34a25c0ff,E5,202607225053,TRUE-clayton,independent_true_law_evaluation,numpy_PCG64,202607745053,4096,07923ca966d9d6290cb16ae970703b92f09beb05a555d3b7d2837b439495a569,clayton,0.25,student_t_df5,0.3535533905932738,WITHIN_NAMED_FAMILY_ONLY; scalar tail dependence is not a cross-family order
CRR-STAGEII-CONFIRM-2026-07-22,21c5b970e734ed79636df2f3882d4d85460c5efa40b88e59b9b9a3f34a25c0ff,E5,202607225053,TRUE-empirical_copula,independent_true_law_evaluation,numpy_PCG64,202607755053,4096,4e4268aad09564b046cca88269622b224f167bdda19189c8acdcd79b91ef3e71,empirical_copula,,student_t_df5,0.6673177083333334,EMPIRICAL_COPULA_MODEL_SENSITIVITY_NOT_PARAMETRIC_ORDER
CRR-STAGEII-CONFIRM-2026-07-22,21c5b970e734ed79636df2f3882d4d85460c5efa40b88e59b9b9a3f34a25c0ff,E5,202607225053,TRUE-gaussian,independent_true_law_evaluation,numpy_PCG64,202607725053,4096,ae02acc65d9d31ff21e2d2b6f3bbb41f88af23d21847006fbc3b260d1debd95f,gaussian,0.25,student_t_df5,0.0,WITHIN_NAMED_FAMILY_ONLY; scalar tail dependence is not a cross-family order
CRR-STAGEII-CONFIRM-2026-07-22,21c5b970e734ed79636df2f3882d4d85460c5efa40b88e59b9b9a3f34a25c0ff,E5,202607225053,TRUE-student_t_df4,independent_true_law_evaluation,numpy_PCG64,202607735053,4096,e7a479a6923c312519bc895ecf0cfd3fa8851067ae2decfd5e9d156c53558c64,student_t_df4,0.25,student_t_df5,0.1953801683718518,WITHIN_NAMED_FAMILY_ONLY; scalar tail dependence is not a cross-family order
CRR-STAGEII-CONFIRM-2026-07-22,21c5b970e734ed79636df2f3882d4d85460c5efa40b88e59b9b9a3f34a25c0ff,E5,202607225054,ASSUMED-clayton,assumed_law_optimization,numpy_PCG64,202607225054,512,7b5f1292d607d2aae3abcca1bc961f06dac1c437673e3799f5770812bb60c2d4,clayton,0.25,student_t_df5,0.3535533905932738,WITHIN_NAMED_FAMILY_ONLY; scalar tail dependence is not a cross-family order
CRR-STAGEII-CONFIRM-2026-07-22,21c5b970e734ed79636df2f3882d4d85460c5efa40b88e59b9b9a3f34a25c0ff,E5,202607225054,ASSUMED-empirical_copula,assumed_law_optimization,numpy_PCG64,202607225054,512,756f6a118ea4c62189ad379572f06ce24adf8546c7d6fd312c403af08f6960e5,empirical_copula,,student_t_df5,0.5403645833333334,EMPIRICAL_COPULA_MODEL_SENSITIVITY_NOT_PARAMETRIC_ORDER
CRR-STAGEII-CONFIRM-2026-07-22,21c5b970e734ed79636df2f3882d4d85460c5efa40b88e59b9b9a3f34a25c0ff,E5,202607225054,ASSUMED-gaussian,assumed_law_optimization,numpy_PCG64,202607225054,512,747596d796e1c1a04a31233d87acaf8f7de9d6cc02ae3eac1c9191abfc3029f7,gaussian,0.25,student_t_df5,0.0,WITHIN_NAMED_FAMILY_ONLY; scalar tail dependence is not a cross-family order
CRR-STAGEII-CONFIRM-2026-07-22,21c5b970e734ed79636df2f3882d4d85460c5efa40b88e59b9b9a3f34a25c0ff,E5,202607225054,ASSUMED-student_t_df4,assumed_law_optimization,numpy_PCG64,202607225054,512,40ca5abde4815c04e67cd2f5d29b72f54c22bc6c41e88e4d5929df1fb785edb8,student_t_df4,0.25,student_t_df5,0.1953801683718518,WITHIN_NAMED_FAMILY_ONLY; scalar tail dependence is not a cross-family order
CRR-STAGEII-CONFIRM-2026-07-22,21c5b970e734ed79636df2f3882d4d85460c5efa40b88e59b9b9a3f34a25c0ff,E5,202607225054,TRUE-clayton,independent_true_law_evaluation,numpy_PCG64,202607745054,4096,de403c98b7c1249d77c98b0bc93ada9168c56595256cbe72044a80b78657abae,clayton,0.25,student_t_df5,0.3535533905932738,WITHIN_NAMED_FAMILY_ONLY; scalar tail dependence is not a cross-family order
CRR-STAGEII-CONFIRM-2026-07-22,21c5b970e734ed79636df2f3882d4d85460c5efa40b88e59b9b9a3f34a25c0ff,E5,202607225054,TRUE-empirical_copula,independent_true_law_evaluation,numpy_PCG64,202607755054,4096,5bb38dfaf27002976a0774e46fbcebf7c2ede68702e8c4f67aa2c0448f6e0e1f,empirical_copula,,student_t_df5,0.576171875,EMPIRICAL_COPULA_MODEL_SENSITIVITY_NOT_PARAMETRIC_ORDER
CRR-STAGEII-CONFIRM-2026-07-22,21c5b970e734ed79636df2f3882d4d85460c5efa40b88e59b9b9a3f34a25c0ff,E5,202607225054,TRUE-gaussian,independent_true_law_evaluation,numpy_PCG64,202607725054,4096,022ba6109dd3a99a3c1de66e5b7424ecab274f97b7bd0c5fb2c0cef0d2345aac,gaussian,0.25,student_t_df5,0.0,WITHIN_NAMED_FAMILY_ONLY; scalar tail dependence is not a cross-family order
CRR-STAGEII-CONFIRM-2026-07-22,21c5b970e734ed79636df2f3882d4d85460c5efa40b88e59b9b9a3f34a25c0ff,E5,202607225054,TRUE-student_t_df4,independent_true_law_evaluation,numpy_PCG64,202607735054,4096,b02e22c28d395af8692e58d5f63c6dbd3cca35c30157363ad612aea3a5d38853,student_t_df4,0.25,student_t_df5,0.1953801683718518,WITHIN_NAMED_FAMILY_ONLY; scalar tail dependence is not a cross-family order
CRR-STAGEII-CONFIRM-2026-07-22,21c5b970e734ed79636df2f3882d4d85460c5efa40b88e59b9b9a3f34a25c0ff,E5,202607225055,ASSUMED-clayton,assumed_law_optimization,numpy_PCG64,202607225055,512,fdfa5f177d15b4d7fe0bb19c55f4d3568ea363aee94940df3ba1b717bbc1d2f3,clayton,0.25,student_t_df5,0.3535533905932738,WITHIN_NAMED_FAMILY_ONLY; scalar tail dependence is not a cross-family order
CRR-STAGEII-CONFIRM-2026-07-22,21c5b970e734ed79636df2f3882d4d85460c5efa40b88e59b9b9a3f34a25c0ff,E5,202607225055,ASSUMED-empirical_copula,assumed_law_optimization,numpy_PCG64,202607225055,512,9374f4b62b51b4bf7a8324c6c761f98dcd68b55082b6f0ee7460e4ab9c0d10bf,empirical_copula,,student_t_df5,0.5924479166666666,EMPIRICAL_COPULA_MODEL_SENSITIVITY_NOT_PARAMETRIC_ORDER
CRR-STAGEII-CONFIRM-2026-07-22,21c5b970e734ed79636df2f3882d4d85460c5efa40b88e59b9b9a3f34a25c0ff,E5,202607225055,ASSUMED-gaussian,assumed_law_optimization,numpy_PCG64,202607225055,512,98a2eb04c2a665c83aa40be2abf7609ccb420c6f361a99878b91ff82914ed65f,gaussian,0.25,student_t_df5,0.0,WITHIN_NAMED_FAMILY_ONLY; scalar tail dependence is not a cross-family order
CRR-STAGEII-CONFIRM-2026-07-22,21c5b970e734ed79636df2f3882d4d85460c5efa40b88e59b9b9a3f34a25c0ff,E5,202607225055,ASSUMED-student_t_df4,assumed_law_optimization,numpy_PCG64,202607225055,512,dcf9fa5b3247e0b86de391c20a95844db85bad32c60ce81c4eb3a405740a6aa6,student_t_df4,0.25,student_t_df5,0.1953801683718518,WITHIN_NAMED_FAMILY_ONLY; scalar tail dependence is not a cross-family order
CRR-STAGEII-CONFIRM-2026-07-22,21c5b970e734ed79636df2f3882d4d85460c5efa40b88e59b9b9a3f34a25c0ff,E5,202607225055,TRUE-clayton,independent_true_law_evaluation,numpy_PCG64,202607745055,4096,6fb46fac29957f34e58d06bd75d4597312abb657f7062c02038a8347fa462c7e,clayton,0.25,student_t_df5,0.3535533905932738,WITHIN_NAMED_FAMILY_ONLY; scalar tail dependence is not a cross-family order
CRR-STAGEII-CONFIRM-2026-07-22,21c5b970e734ed79636df2f3882d4d85460c5efa40b88e59b9b9a3f34a25c0ff,E5,202607225055,TRUE-empirical_copula,independent_true_law_evaluation,numpy_PCG64,202607755055,4096,9334c17641f7b88f8d6c0a811ed8e0e3d564ecdb67c72c02c1d7c5a936f216df,empirical_copula,,student_t_df5,0.6005859375,EMPIRICAL_COPULA_MODEL_SENSITIVITY_NOT_PARAMETRIC_ORDER
CRR-STAGEII-CONFIRM-2026-07-22,21c5b970e734ed79636df2f3882d4d85460c5efa40b88e59b9b9a3f34a25c0ff,E5,202607225055,TRUE-gaussian,independent_true_law_evaluation,numpy_PCG64,202607725055,4096,e671f15405528097065a9683fd5425658f318838a989912fc9dc865ab4b272e8,gaussian,0.25,student_t_df5,0.0,WITHIN_NAMED_FAMILY_ONLY; scalar tail dependence is not a cross-family order
CRR-STAGEII-CONFIRM-2026-07-22,21c5b970e734ed79636df2f3882d4d85460c5efa40b88e59b9b9a3f34a25c0ff,E5,202607225055,TRUE-student_t_df4,independent_true_law_evaluation,numpy_PCG64,202607735055,4096,ec6132f1b6fb4d36decfb26af16e4806f5ae53df10b303e2aeca166292e8dacc,student_t_df4,0.25,student_t_df5,0.1953801683718518,WITHIN_NAMED_FAMILY_ONLY; scalar tail dependence is not a cross-family order
CRR-STAGEII-CONFIRM-2026-07-22,21c5b970e734ed79636df2f3882d4d85460c5efa40b88e59b9b9a3f34a25c0ff,E5,202607225056,ASSUMED-clayton,assumed_law_optimization,numpy_PCG64,202607225056,512,f084e9180b107a1c15eb635c4f7ce078971678baab42b0b5f5ea47b754d0f5a3,clayton,0.25,student_t_df5,0.3535533905932738,WITHIN_NAMED_FAMILY_ONLY; scalar tail dependence is not a cross-family order
CRR-STAGEII-CONFIRM-2026-07-22,21c5b970e734ed79636df2f3882d4d85460c5efa40b88e59b9b9a3f34a25c0ff,E5,202607225056,ASSUMED-empirical_copula,assumed_law_optimization,numpy_PCG64,202607225056,512,2e5c8b6464360089e1e8f6fda95a4d6cebcbca8285444180a37df907b6b103f7,empirical_copula,,student_t_df5,0.6770833333333334,EMPIRICAL_COPULA_MODEL_SENSITIVITY_NOT_PARAMETRIC_ORDER
CRR-STAGEII-CONFIRM-2026-07-22,21c5b970e734ed79636df2f3882d4d85460c5efa40b88e59b9b9a3f34a25c0ff,E5,202607225056,ASSUMED-gaussian,assumed_law_optimization,numpy_PCG64,202607225056,512,39a5194a7556dfdcdcee9102aae3162a73b06b6fe4e7581017660f7c80772abc,gaussian,0.25,student_t_df5,0.0,WITHIN_NAMED_FAMILY_ONLY; scalar tail dependence is not a cross-family order
CRR-STAGEII-CONFIRM-2026-07-22,21c5b970e734ed79636df2f3882d4d85460c5efa40b88e59b9b9a3f34a25c0ff,E5,202607225056,ASSUMED-student_t_df4,assumed_law_optimization,numpy_PCG64,202607225056,512,fd18af217e498f7a0fcc5565ac4595d8392e606e1a63a83468f108645aeef371,student_t_df4,0.25,student_t_df5,0.1953801683718518,WITHIN_NAMED_FAMILY_ONLY; scalar tail dependence is not a cross-family order
CRR-STAGEII-CONFIRM-2026-07-22,21c5b970e734ed79636df2f3882d4d85460c5efa40b88e59b9b9a3f34a25c0ff,E5,202607225056,TRUE-clayton,independent_true_law_evaluation,numpy_PCG64,202607745056,4096,7e02c2a90ad2a3ed301ab3b77176ce1e2fbae3a208b195860b41ab0d342108a0,clayton,0.25,student_t_df5,0.3535533905932738,WITHIN_NAMED_FAMILY_ONLY; scalar tail dependence is not a cross-family order
CRR-STAGEII-CONFIRM-2026-07-22,21c5b970e734ed79636df2f3882d4d85460c5efa40b88e59b9b9a3f34a25c0ff,E5,202607225056,TRUE-empirical_copula,independent_true_law_evaluation,numpy_PCG64,202607755056,4096,2679221c397b1e8da408daaa941182e54f0c8bf352153d85a78e483a704adb53,empirical_copula,,student_t_df5,0.6306966145833334,EMPIRICAL_COPULA_MODEL_SENSITIVITY_NOT_PARAMETRIC_ORDER
CRR-STAGEII-CONFIRM-2026-07-22,21c5b970e734ed79636df2f3882d4d85460c5efa40b88e59b9b9a3f34a25c0ff,E5,202607225056,TRUE-gaussian,independent_true_law_evaluation,numpy_PCG64,202607725056,4096,4a6ed5f5a09ae8a7651b00817ef2b12566aaddff700dec232bc41059895ffe61,gaussian,0.25,student_t_df5,0.0,WITHIN_NAMED_FAMILY_ONLY; scalar tail dependence is not a cross-family order
CRR-STAGEII-CONFIRM-2026-07-22,21c5b970e734ed79636df2f3882d4d85460c5efa40b88e59b9b9a3f34a25c0ff,E5,202607225056,TRUE-student_t_df4,independent_true_law_evaluation,numpy_PCG64,202607735056,4096,d28c02454f9c810a737894ea4c874af186cce572ce7b44ed6a723aa813ad43a2,student_t_df4,0.25,student_t_df5,0.1953801683718518,WITHIN_NAMED_FAMILY_ONLY; scalar tail dependence is not a cross-family order
CRR-STAGEII-CONFIRM-2026-07-22,21c5b970e734ed79636df2f3882d4d85460c5efa40b88e59b9b9a3f34a25c0ff,E5,202607225057,ASSUMED-clayton,assumed_law_optimization,numpy_PCG64,202607225057,512,24d343fa7149a77e0d1d83ebfb1811cf9744369a3e3cefecd5298c9cba43429a,clayton,0.25,student_t_df5,0.3535533905932738,WITHIN_NAMED_FAMILY_ONLY; scalar tail dependence is not a cross-family order
CRR-STAGEII-CONFIRM-2026-07-22,21c5b970e734ed79636df2f3882d4d85460c5efa40b88e59b9b9a3f34a25c0ff,E5,202607225057,ASSUMED-empirical_copula,assumed_law_optimization,numpy_PCG64,202607225057,512,899f2b4f3dde1de596c2785ce0887fb8e0751368704cc6459f8497ea63261e95,empirical_copula,,student_t_df5,0.625,EMPIRICAL_COPULA_MODEL_SENSITIVITY_NOT_PARAMETRIC_ORDER
CRR-STAGEII-CONFIRM-2026-07-22,21c5b970e734ed79636df2f3882d4d85460c5efa40b88e59b9b9a3f34a25c0ff,E5,202607225057,ASSUMED-gaussian,assumed_law_optimization,numpy_PCG64,202607225057,512,7393795c9a8675eaf99534e2319ed75605f55f7e128956bf57f24617ab7121e8,gaussian,0.25,student_t_df5,0.0,WITHIN_NAMED_FAMILY_ONLY; scalar tail dependence is not a cross-family order
CRR-STAGEII-CONFIRM-2026-07-22,21c5b970e734ed79636df2f3882d4d85460c5efa40b88e59b9b9a3f34a25c0ff,E5,202607225057,ASSUMED-student_t_df4,assumed_law_optimization,numpy_PCG64,202607225057,512,ff04ea1635df079f139c0752c2b343de63deb90395b9d2cf062fad2403a90045,student_t_df4,0.25,student_t_df5,0.1953801683718518,WITHIN_NAMED_FAMILY_ONLY; scalar tail dependence is not a cross-family order
CRR-STAGEII-CONFIRM-2026-07-22,21c5b970e734ed79636df2f3882d4d85460c5efa40b88e59b9b9a3f34a25c0ff,E5,202607225057,TRUE-clayton,independent_true_law_evaluation,numpy_PCG64,202607745057,4096,4f18f95295d58901456bfcf1a324f3ed2d7790ad916e37244c9c58cfe4a68374,clayton,0.25,student_t_df5,0.3535533905932738,WITHIN_NAMED_FAMILY_ONLY; scalar tail dependence is not a cross-family order
CRR-STAGEII-CONFIRM-2026-07-22,21c5b970e734ed79636df2f3882d4d85460c5efa40b88e59b9b9a3f34a25c0ff,E5,202607225057,TRUE-empirical_copula,independent_true_law_evaluation,numpy_PCG64,202607755057,4096,2758792fc8eeda6938a8748ef0d7368e48b143289298976c57d3df4de907001f,empirical_copula,,student_t_df5,0.5989583333333334,EMPIRICAL_COPULA_MODEL_SENSITIVITY_NOT_PARAMETRIC_ORDER
CRR-STAGEII-CONFIRM-2026-07-22,21c5b970e734ed79636df2f3882d4d85460c5efa40b88e59b9b9a3f34a25c0ff,E5,202607225057,TRUE-gaussian,independent_true_law_evaluation,numpy_PCG64,202607725057,4096,f2aa3796f25f8fb66816473bd7a91d5e2e55896e981d1ad057c180a14b55bc38,gaussian,0.25,student_t_df5,0.0,WITHIN_NAMED_FAMILY_ONLY; scalar tail dependence is not a cross-family order
CRR-STAGEII-CONFIRM-2026-07-22,21c5b970e734ed79636df2f3882d4d85460c5efa40b88e59b9b9a3f34a25c0ff,E5,202607225057,TRUE-student_t_df4,independent_true_law_evaluation,numpy_PCG64,202607735057,4096,f8ef3fb89d76686a77458391533e2521a2326ca6fe290369ef4f5d3fea12af55,student_t_df4,0.25,student_t_df5,0.1953801683718518,WITHIN_NAMED_FAMILY_ONLY; scalar tail dependence is not a cross-family order
CRR-STAGEII-CONFIRM-2026-07-22,21c5b970e734ed79636df2f3882d4d85460c5efa40b88e59b9b9a3f34a25c0ff,E5,202607225058,ASSUMED-clayton,assumed_law_optimization,numpy_PCG64,202607225058,512,67080faea594968edfc1efac025f469a7aae459b52ff602e86ae77f1becef532,clayton,0.25,student_t_df5,0.3535533905932738,WITHIN_NAMED_FAMILY_ONLY; scalar tail dependence is not a cross-family order
CRR-STAGEII-CONFIRM-2026-07-22,21c5b970e734ed79636df2f3882d4d85460c5efa40b88e59b9b9a3f34a25c0ff,E5,202607225058,ASSUMED-empirical_copula,assumed_law_optimization,numpy_PCG64,202607225058,512,d2d347541240dd2a7b2b3c79aab82ba604ac2aafa4bf169c091b06633a99a5a1,empirical_copula,,student_t_df5,0.6705729166666666,EMPIRICAL_COPULA_MODEL_SENSITIVITY_NOT_PARAMETRIC_ORDER
CRR-STAGEII-CONFIRM-2026-07-22,21c5b970e734ed79636df2f3882d4d85460c5efa40b88e59b9b9a3f34a25c0ff,E5,202607225058,ASSUMED-gaussian,assumed_law_optimization,numpy_PCG64,202607225058,512,1c30fe7cabf9533fb06d69d1992d3c65ed95e9d70cf01d3cad31c5a9e09d6bad,gaussian,0.25,student_t_df5,0.0,WITHIN_NAMED_FAMILY_ONLY; scalar tail dependence is not a cross-family order
CRR-STAGEII-CONFIRM-2026-07-22,21c5b970e734ed79636df2f3882d4d85460c5efa40b88e59b9b9a3f34a25c0ff,E5,202607225058,ASSUMED-student_t_df4,assumed_law_optimization,numpy_PCG64,202607225058,512,be20adcb82319fbc90b97b9c09703832f234678bb4ac691c27c3ed347335b3b0,student_t_df4,0.25,student_t_df5,0.1953801683718518,WITHIN_NAMED_FAMILY_ONLY; scalar tail dependence is not a cross-family order
CRR-STAGEII-CONFIRM-2026-07-22,21c5b970e734ed79636df2f3882d4d85460c5efa40b88e59b9b9a3f34a25c0ff,E5,202607225058,TRUE-clayton,independent_true_law_evaluation,numpy_PCG64,202607745058,4096,de7655b966bc3fcec711d2d0e74c9f54bef812ab7fa0c35fccf85df480ce5bde,clayton,0.25,student_t_df5,0.3535533905932738,WITHIN_NAMED_FAMILY_ONLY; scalar tail dependence is not a cross-family order
CRR-STAGEII-CONFIRM-2026-07-22,21c5b970e734ed79636df2f3882d4d85460c5efa40b88e59b9b9a3f34a25c0ff,E5,202607225058,TRUE-empirical_copula,independent_true_law_evaluation,numpy_PCG64,202607755058,4096,5ffa1c01459e8dc87f7443eaea60b4a759f3b790291d684aeda1f12837e18376,empirical_copula,,student_t_df5,0.6494140625,EMPIRICAL_COPULA_MODEL_SENSITIVITY_NOT_PARAMETRIC_ORDER
CRR-STAGEII-CONFIRM-2026-07-22,21c5b970e734ed79636df2f3882d4d85460c5efa40b88e59b9b9a3f34a25c0ff,E5,202607225058,TRUE-gaussian,independent_true_law_evaluation,numpy_PCG64,202607725058,4096,472431f1add0c7a1695d302973018cadcab2357f575f2314d2415e57ccf4ed26,gaussian,0.25,student_t_df5,0.0,WITHIN_NAMED_FAMILY_ONLY; scalar tail dependence is not a cross-family order
CRR-STAGEII-CONFIRM-2026-07-22,21c5b970e734ed79636df2f3882d4d85460c5efa40b88e59b9b9a3f34a25c0ff,E5,202607225058,TRUE-student_t_df4,independent_true_law_evaluation,numpy_PCG64,202607735058,4096,d2472fb7cdf2e4c587721b0edc117893bfb07ab3e79881c8e27dfdf97ce34fe5,student_t_df4,0.25,student_t_df5,0.1953801683718518,WITHIN_NAMED_FAMILY_ONLY; scalar tail dependence is not a cross-family order
CRR-STAGEII-CONFIRM-2026-07-22,21c5b970e734ed79636df2f3882d4d85460c5efa40b88e59b9b9a3f34a25c0ff,E5,202607225059,ASSUMED-clayton,assumed_law_optimization,numpy_PCG64,202607225059,512,ebcf93ae2fd971e699448999fd49e3e94911953dbd043e0bea2aefd2a8dc34f5,clayton,0.25,student_t_df5,0.3535533905932738,WITHIN_NAMED_FAMILY_ONLY; scalar tail dependence is not a cross-family order
CRR-STAGEII-CONFIRM-2026-07-22,21c5b970e734ed79636df2f3882d4d85460c5efa40b88e59b9b9a3f34a25c0ff,E5,202607225059,ASSUMED-empirical_copula,assumed_law_optimization,numpy_PCG64,202607225059,512,dd4a1948d04c3c149667c353a38e671cac7d1a05178592fee5e2577e21fa1386,empirical_copula,,student_t_df5,0.6901041666666666,EMPIRICAL_COPULA_MODEL_SENSITIVITY_NOT_PARAMETRIC_ORDER
CRR-STAGEII-CONFIRM-2026-07-22,21c5b970e734ed79636df2f3882d4d85460c5efa40b88e59b9b9a3f34a25c0ff,E5,202607225059,ASSUMED-gaussian,assumed_law_optimization,numpy_PCG64,202607225059,512,e8b738e2343fcfad61aaeffd06d0c09b96a131f05ac7872be4f8301bad5c3475,gaussian,0.25,student_t_df5,0.0,WITHIN_NAMED_FAMILY_ONLY; scalar tail dependence is not a cross-family order
CRR-STAGEII-CONFIRM-2026-07-22,21c5b970e734ed79636df2f3882d4d85460c5efa40b88e59b9b9a3f34a25c0ff,E5,202607225059,ASSUMED-student_t_df4,assumed_law_optimization,numpy_PCG64,202607225059,512,934fd992adae98f3d2564b36949ac204d0e67aebb04f793b77dd30c4a7fedce3,student_t_df4,0.25,student_t_df5,0.1953801683718518,WITHIN_NAMED_FAMILY_ONLY; scalar tail dependence is not a cross-family order
CRR-STAGEII-CONFIRM-2026-07-22,21c5b970e734ed79636df2f3882d4d85460c5efa40b88e59b9b9a3f34a25c0ff,E5,202607225059,TRUE-clayton,independent_true_law_evaluation,numpy_PCG64,202607745059,4096,24cb951ec1f959ec13e13fb6fec7ca3dce13e83a965703fcfdc05fa8de1e7368,clayton,0.25,student_t_df5,0.3535533905932738,WITHIN_NAMED_FAMILY_ONLY; scalar tail dependence is not a cross-family order
CRR-STAGEII-CONFIRM-2026-07-22,21c5b970e734ed79636df2f3882d4d85460c5efa40b88e59b9b9a3f34a25c0ff,E5,202607225059,TRUE-empirical_copula,independent_true_law_evaluation,numpy_PCG64,202607755059,4096,15cbc82cc8fc065a680e9428dff9b94d373e7fd7b5153b9053d0d9591665585f,empirical_copula,,student_t_df5,0.63720703125,EMPIRICAL_COPULA_MODEL_SENSITIVITY_NOT_PARAMETRIC_ORDER
CRR-STAGEII-CONFIRM-2026-07-22,21c5b970e734ed79636df2f3882d4d85460c5efa40b88e59b9b9a3f34a25c0ff,E5,202607225059,TRUE-gaussian,independent_true_law_evaluation,numpy_PCG64,202607725059,4096,6afbc033c7646394ebda71061cdf156da56a26a81603f70e8af1bd4e166510c2,gaussian,0.25,student_t_df5,0.0,WITHIN_NAMED_FAMILY_ONLY; scalar tail dependence is not a cross-family order
CRR-STAGEII-CONFIRM-2026-07-22,21c5b970e734ed79636df2f3882d4d85460c5efa40b88e59b9b9a3f34a25c0ff,E5,202607225059,TRUE-student_t_df4,independent_true_law_evaluation,numpy_PCG64,202607735059,4096,e2417802ab96c1253f1c3cebc1dc3605abde5a20a09f885f16bbb0d985d5a96c,student_t_df4,0.25,student_t_df5,0.1953801683718518,WITHIN_NAMED_FAMILY_ONLY; scalar tail dependence is not a cross-family order
CRR-STAGEII-CONFIRM-2026-07-22,21c5b970e734ed79636df2f3882d4d85460c5efa40b88e59b9b9a3f34a25c0ff,E5,202607225060,ASSUMED-clayton,assumed_law_optimization,numpy_PCG64,202607225060,512,12aaa55d9f255155ac89e34f520a6c3c2c18cd9b2acf7dad3c16b7a0badf8961,clayton,0.25,student_t_df5,0.3535533905932738,WITHIN_NAMED_FAMILY_ONLY; scalar tail dependence is not a cross-family order
CRR-STAGEII-CONFIRM-2026-07-22,21c5b970e734ed79636df2f3882d4d85460c5efa40b88e59b9b9a3f34a25c0ff,E5,202607225060,ASSUMED-empirical_copula,assumed_law_optimization,numpy_PCG64,202607225060,512,74c32f9e27bab66324bd0ef1caa1abb055631459555ae26d47e4791090c0c4c0,empirical_copula,,student_t_df5,0.6315104166666666,EMPIRICAL_COPULA_MODEL_SENSITIVITY_NOT_PARAMETRIC_ORDER
CRR-STAGEII-CONFIRM-2026-07-22,21c5b970e734ed79636df2f3882d4d85460c5efa40b88e59b9b9a3f34a25c0ff,E5,202607225060,ASSUMED-gaussian,assumed_law_optimization,numpy_PCG64,202607225060,512,abfa53ab4873038143580f6faa9b41cef4c1d7bc5007dd38a53e520726500008,gaussian,0.25,student_t_df5,0.0,WITHIN_NAMED_FAMILY_ONLY; scalar tail dependence is not a cross-family order
CRR-STAGEII-CONFIRM-2026-07-22,21c5b970e734ed79636df2f3882d4d85460c5efa40b88e59b9b9a3f34a25c0ff,E5,202607225060,ASSUMED-student_t_df4,assumed_law_optimization,numpy_PCG64,202607225060,512,13916c0058281db38104405eff587d0e10d0a152b293771bfe177f932acb1aba,student_t_df4,0.25,student_t_df5,0.1953801683718518,WITHIN_NAMED_FAMILY_ONLY; scalar tail dependence is not a cross-family order
CRR-STAGEII-CONFIRM-2026-07-22,21c5b970e734ed79636df2f3882d4d85460c5efa40b88e59b9b9a3f34a25c0ff,E5,202607225060,TRUE-clayton,independent_true_law_evaluation,numpy_PCG64,202607745060,4096,19066e2b50d8ebd24b5b544ed2c572cf6ae5b893a6f4c826681e88c13c33b320,clayton,0.25,student_t_df5,0.3535533905932738,WITHIN_NAMED_FAMILY_ONLY; scalar tail dependence is not a cross-family order
CRR-STAGEII-CONFIRM-2026-07-22,21c5b970e734ed79636df2f3882d4d85460c5efa40b88e59b9b9a3f34a25c0ff,E5,202607225060,TRUE-empirical_copula,independent_true_law_evaluation,numpy_PCG64,202607755060,4096,fdd48a1e1f5f2e6b7f1966e6d955e8868c8315d3276ad84b839db0de17985328,empirical_copula,,student_t_df5,0.6070963541666666,EMPIRICAL_COPULA_MODEL_SENSITIVITY_NOT_PARAMETRIC_ORDER
CRR-STAGEII-CONFIRM-2026-07-22,21c5b970e734ed79636df2f3882d4d85460c5efa40b88e59b9b9a3f34a25c0ff,E5,202607225060,TRUE-gaussian,independent_true_law_evaluation,numpy_PCG64,202607725060,4096,8168fdc4e4d6dab1c23628cc2028cbccecfa085534994a4575d6435ef118b5bd,gaussian,0.25,student_t_df5,0.0,WITHIN_NAMED_FAMILY_ONLY; scalar tail dependence is not a cross-family order
CRR-STAGEII-CONFIRM-2026-07-22,21c5b970e734ed79636df2f3882d4d85460c5efa40b88e59b9b9a3f34a25c0ff,E5,202607225060,TRUE-student_t_df4,independent_true_law_evaluation,numpy_PCG64,202607735060,4096,05ded20c2e1d76e9a9f3a0d02a2a9bfc1ab4969988a23713b37d8b298320e708,student_t_df4,0.25,student_t_df5,0.1953801683718518,WITHIN_NAMED_FAMILY_ONLY; scalar tail dependence is not a cross-family order
CRR-STAGEII-CONFIRM-2026-07-22,21c5b970e734ed79636df2f3882d4d85460c5efa40b88e59b9b9a3f34a25c0ff,E5,202607225061,ASSUMED-clayton,assumed_law_optimization,numpy_PCG64,202607225061,512,370f6077a955f290dd3d4c046e5d218a962f386c53ca4c77bf712b4901ea13dd,clayton,0.25,student_t_df5,0.3535533905932738,WITHIN_NAMED_FAMILY_ONLY; scalar tail dependence is not a cross-family order
CRR-STAGEII-CONFIRM-2026-07-22,21c5b970e734ed79636df2f3882d4d85460c5efa40b88e59b9b9a3f34a25c0ff,E5,202607225061,ASSUMED-empirical_copula,assumed_law_optimization,numpy_PCG64,202607225061,512,7ddecbce0cbc2f9fedf2d45b755b9576ab5764dc815cd245995c70427c5a356a,empirical_copula,,student_t_df5,0.5794270833333334,EMPIRICAL_COPULA_MODEL_SENSITIVITY_NOT_PARAMETRIC_ORDER
CRR-STAGEII-CONFIRM-2026-07-22,21c5b970e734ed79636df2f3882d4d85460c5efa40b88e59b9b9a3f34a25c0ff,E5,202607225061,ASSUMED-gaussian,assumed_law_optimization,numpy_PCG64,202607225061,512,75ff547038b70b806d7d9558a1e6fca9f9db38ffd3c6b792334490fadc39c62a,gaussian,0.25,student_t_df5,0.0,WITHIN_NAMED_FAMILY_ONLY; scalar tail dependence is not a cross-family order
CRR-STAGEII-CONFIRM-2026-07-22,21c5b970e734ed79636df2f3882d4d85460c5efa40b88e59b9b9a3f34a25c0ff,E5,202607225061,ASSUMED-student_t_df4,assumed_law_optimization,numpy_PCG64,202607225061,512,6da5e95a9bf841bbb216697a671d4d43cac47e1ae377baa4822e76bdfd65c434,student_t_df4,0.25,student_t_df5,0.1953801683718518,WITHIN_NAMED_FAMILY_ONLY; scalar tail dependence is not a cross-family order
CRR-STAGEII-CONFIRM-2026-07-22,21c5b970e734ed79636df2f3882d4d85460c5efa40b88e59b9b9a3f34a25c0ff,E5,202607225061,TRUE-clayton,independent_true_law_evaluation,numpy_PCG64,202607745061,4096,85953e9bca2117ec2f9ac99f7286268ed2a9310af35853b59a6a1c35cd6b803b,clayton,0.25,student_t_df5,0.3535533905932738,WITHIN_NAMED_FAMILY_ONLY; scalar tail dependence is not a cross-family order
CRR-STAGEII-CONFIRM-2026-07-22,21c5b970e734ed79636df2f3882d4d85460c5efa40b88e59b9b9a3f34a25c0ff,E5,202607225061,TRUE-empirical_copula,independent_true_law_evaluation,numpy_PCG64,202607755061,4096,8dc0998ffe92244a7a8d09cacfb8c514f1b7ab9f06997d9d3eba0287c9e9a855,empirical_copula,,student_t_df5,0.6013997395833334,EMPIRICAL_COPULA_MODEL_SENSITIVITY_NOT_PARAMETRIC_ORDER
CRR-STAGEII-CONFIRM-2026-07-22,21c5b970e734ed79636df2f3882d4d85460c5efa40b88e59b9b9a3f34a25c0ff,E5,202607225061,TRUE-gaussian,independent_true_law_evaluation,numpy_PCG64,202607725061,4096,44ea7adcc962b424d54dfe14ae4f23117b5b5a93bf6c48a3813a517421f19d3e,gaussian,0.25,student_t_df5,0.0,WITHIN_NAMED_FAMILY_ONLY; scalar tail dependence is not a cross-family order
CRR-STAGEII-CONFIRM-2026-07-22,21c5b970e734ed79636df2f3882d4d85460c5efa40b88e59b9b9a3f34a25c0ff,E5,202607225061,TRUE-student_t_df4,independent_true_law_evaluation,numpy_PCG64,202607735061,4096,9867ae43cdfcf0dec2bac553d4cc3b85e25a74c78fdb865185bba0b13a962773,student_t_df4,0.25,student_t_df5,0.1953801683718518,WITHIN_NAMED_FAMILY_ONLY; scalar tail dependence is not a cross-family order
CRR-STAGEII-CONFIRM-2026-07-22,21c5b970e734ed79636df2f3882d4d85460c5efa40b88e59b9b9a3f34a25c0ff,E5,202607225062,ASSUMED-clayton,assumed_law_optimization,numpy_PCG64,202607225062,512,ad9d1719b14293a73d4b40dbd388174c3c5ba41950b15ce90b42f0be044053bf,clayton,0.25,student_t_df5,0.3535533905932738,WITHIN_NAMED_FAMILY_ONLY; scalar tail dependence is not a cross-family order
CRR-STAGEII-CONFIRM-2026-07-22,21c5b970e734ed79636df2f3882d4d85460c5efa40b88e59b9b9a3f34a25c0ff,E5,202607225062,ASSUMED-empirical_copula,assumed_law_optimization,numpy_PCG64,202607225062,512,6d1b5201295264fbc4ad1703db933aca7bf7a33cecf589a1f8a5a912f09e331d,empirical_copula,,student_t_df5,0.5729166666666666,EMPIRICAL_COPULA_MODEL_SENSITIVITY_NOT_PARAMETRIC_ORDER
CRR-STAGEII-CONFIRM-2026-07-22,21c5b970e734ed79636df2f3882d4d85460c5efa40b88e59b9b9a3f34a25c0ff,E5,202607225062,ASSUMED-gaussian,assumed_law_optimization,numpy_PCG64,202607225062,512,05b0751939e5d6e8c0550aee9f3778581a44f19cba52b5557ba6a34fc2697fc4,gaussian,0.25,student_t_df5,0.0,WITHIN_NAMED_FAMILY_ONLY; scalar tail dependence is not a cross-family order
CRR-STAGEII-CONFIRM-2026-07-22,21c5b970e734ed79636df2f3882d4d85460c5efa40b88e59b9b9a3f34a25c0ff,E5,202607225062,ASSUMED-student_t_df4,assumed_law_optimization,numpy_PCG64,202607225062,512,6e672f114e76ac23d644e282bb93efed0c764e7888523a3cd471a81020a3cb7f,student_t_df4,0.25,student_t_df5,0.1953801683718518,WITHIN_NAMED_FAMILY_ONLY; scalar tail dependence is not a cross-family order
CRR-STAGEII-CONFIRM-2026-07-22,21c5b970e734ed79636df2f3882d4d85460c5efa40b88e59b9b9a3f34a25c0ff,E5,202607225062,TRUE-clayton,independent_true_law_evaluation,numpy_PCG64,202607745062,4096,2348b073a7411b3bc43fb01222b5a2ecb810cfec8436ed6897bd650ab19b8503,clayton,0.25,student_t_df5,0.3535533905932738,WITHIN_NAMED_FAMILY_ONLY; scalar tail dependence is not a cross-family order
CRR-STAGEII-CONFIRM-2026-07-22,21c5b970e734ed79636df2f3882d4d85460c5efa40b88e59b9b9a3f34a25c0ff,E5,202607225062,TRUE-empirical_copula,independent_true_law_evaluation,numpy_PCG64,202607755062,4096,d8348bd2684659f663f0aece58190e9bb29cbafe01d334b2671eda94192bb94b,empirical_copula,,student_t_df5,0.6282552083333334,EMPIRICAL_COPULA_MODEL_SENSITIVITY_NOT_PARAMETRIC_ORDER
CRR-STAGEII-CONFIRM-2026-07-22,21c5b970e734ed79636df2f3882d4d85460c5efa40b88e59b9b9a3f34a25c0ff,E5,202607225062,TRUE-gaussian,independent_true_law_evaluation,numpy_PCG64,202607725062,4096,95e49a32cb65f1d7529023fa0e3f204358734d80b737304e7c69178728ecc16a,gaussian,0.25,student_t_df5,0.0,WITHIN_NAMED_FAMILY_ONLY; scalar tail dependence is not a cross-family order
CRR-STAGEII-CONFIRM-2026-07-22,21c5b970e734ed79636df2f3882d4d85460c5efa40b88e59b9b9a3f34a25c0ff,E5,202607225062,TRUE-student_t_df4,independent_true_law_evaluation,numpy_PCG64,202607735062,4096,3f2073a3d897638c69d3c250767b09371766f369f2daa5729f9543548ec59db7,student_t_df4,0.25,student_t_df5,0.1953801683718518,WITHIN_NAMED_FAMILY_ONLY; scalar tail dependence is not a cross-family order
CRR-STAGEII-CONFIRM-2026-07-22,21c5b970e734ed79636df2f3882d4d85460c5efa40b88e59b9b9a3f34a25c0ff,E5,202607225063,ASSUMED-clayton,assumed_law_optimization,numpy_PCG64,202607225063,512,da96eef8a9c2628136559616b6c2b29d4cc02a642a2a93bf654dbb6593fe450a,clayton,0.25,student_t_df5,0.3535533905932738,WITHIN_NAMED_FAMILY_ONLY; scalar tail dependence is not a cross-family order
CRR-STAGEII-CONFIRM-2026-07-22,21c5b970e734ed79636df2f3882d4d85460c5efa40b88e59b9b9a3f34a25c0ff,E5,202607225063,ASSUMED-empirical_copula,assumed_law_optimization,numpy_PCG64,202607225063,512,117df55ca29dcd5de1cb72af66e076c6d4cbf6efc13f25b4c096034d9f04ef8c,empirical_copula,,student_t_df5,0.6184895833333334,EMPIRICAL_COPULA_MODEL_SENSITIVITY_NOT_PARAMETRIC_ORDER
CRR-STAGEII-CONFIRM-2026-07-22,21c5b970e734ed79636df2f3882d4d85460c5efa40b88e59b9b9a3f34a25c0ff,E5,202607225063,ASSUMED-gaussian,assumed_law_optimization,numpy_PCG64,202607225063,512,00f45997799044ac5e15ed1ddf87cd2f844756aeca88c62a7ceb440427aa9b26,gaussian,0.25,student_t_df5,0.0,WITHIN_NAMED_FAMILY_ONLY; scalar tail dependence is not a cross-family order
CRR-STAGEII-CONFIRM-2026-07-22,21c5b970e734ed79636df2f3882d4d85460c5efa40b88e59b9b9a3f34a25c0ff,E5,202607225063,ASSUMED-student_t_df4,assumed_law_optimization,numpy_PCG64,202607225063,512,3324a0c7026975300336dfee02effd75e5d79242efca468c112e65c9c77e17e4,student_t_df4,0.25,student_t_df5,0.1953801683718518,WITHIN_NAMED_FAMILY_ONLY; scalar tail dependence is not a cross-family order
CRR-STAGEII-CONFIRM-2026-07-22,21c5b970e734ed79636df2f3882d4d85460c5efa40b88e59b9b9a3f34a25c0ff,E5,202607225063,TRUE-clayton,independent_true_law_evaluation,numpy_PCG64,202607745063,4096,77853aef9001402f5794e5f9def5cdd3636495eadde420d983bf1de63118b2fb,clayton,0.25,student_t_df5,0.3535533905932738,WITHIN_NAMED_FAMILY_ONLY; scalar tail dependence is not a cross-family order
CRR-STAGEII-CONFIRM-2026-07-22,21c5b970e734ed79636df2f3882d4d85460c5efa40b88e59b9b9a3f34a25c0ff,E5,202607225063,TRUE-empirical_copula,independent_true_law_evaluation,numpy_PCG64,202607755063,4096,dc5f88b35a8b8cce6c47d2268ed74440d41f6c6b2973919ef7cb7590de256ffc,empirical_copula,,student_t_df5,0.5802408854166666,EMPIRICAL_COPULA_MODEL_SENSITIVITY_NOT_PARAMETRIC_ORDER
CRR-STAGEII-CONFIRM-2026-07-22,21c5b970e734ed79636df2f3882d4d85460c5efa40b88e59b9b9a3f34a25c0ff,E5,202607225063,TRUE-gaussian,independent_true_law_evaluation,numpy_PCG64,202607725063,4096,42a0d275172ff274b577b8057e2b927ac7b3f5f36016ebb312fa53dbc6193a2e,gaussian,0.25,student_t_df5,0.0,WITHIN_NAMED_FAMILY_ONLY; scalar tail dependence is not a cross-family order
CRR-STAGEII-CONFIRM-2026-07-22,21c5b970e734ed79636df2f3882d4d85460c5efa40b88e59b9b9a3f34a25c0ff,E5,202607225063,TRUE-student_t_df4,independent_true_law_evaluation,numpy_PCG64,202607735063,4096,7f65a74ca5565fc76d8a513c13b54659306822f50b7b9150f5dd7395004293a1,student_t_df4,0.25,student_t_df5,0.1953801683718518,WITHIN_NAMED_FAMILY_ONLY; scalar tail dependence is not a cross-family order
CRR-STAGEII-CONFIRM-2026-07-22,21c5b970e734ed79636df2f3882d4d85460c5efa40b88e59b9b9a3f34a25c0ff,E5,202607225064,ASSUMED-clayton,assumed_law_optimization,numpy_PCG64,202607225064,512,c653b64b587ed475edd5f872a51274907261e0a332c1db2e3b3851ab25221e1a,clayton,0.25,student_t_df5,0.3535533905932738,WITHIN_NAMED_FAMILY_ONLY; scalar tail dependence is not a cross-family order
CRR-STAGEII-CONFIRM-2026-07-22,21c5b970e734ed79636df2f3882d4d85460c5efa40b88e59b9b9a3f34a25c0ff,E5,202607225064,ASSUMED-empirical_copula,assumed_law_optimization,numpy_PCG64,202607225064,512,6c199ec6b3ba7d028ebbfb990470b224464262f991224d54b773099e8cf889ae,empirical_copula,,student_t_df5,0.6510416666666666,EMPIRICAL_COPULA_MODEL_SENSITIVITY_NOT_PARAMETRIC_ORDER
CRR-STAGEII-CONFIRM-2026-07-22,21c5b970e734ed79636df2f3882d4d85460c5efa40b88e59b9b9a3f34a25c0ff,E5,202607225064,ASSUMED-gaussian,assumed_law_optimization,numpy_PCG64,202607225064,512,659922025c25aacac84bb805de8b8d1f9583ff17c3957ad19792bb3010e5dede,gaussian,0.25,student_t_df5,0.0,WITHIN_NAMED_FAMILY_ONLY; scalar tail dependence is not a cross-family order
CRR-STAGEII-CONFIRM-2026-07-22,21c5b970e734ed79636df2f3882d4d85460c5efa40b88e59b9b9a3f34a25c0ff,E5,202607225064,ASSUMED-student_t_df4,assumed_law_optimization,numpy_PCG64,202607225064,512,eb9cc72e7f10146616fe57cd6ac037923703a4b3e56d8084049ad26f624224a0,student_t_df4,0.25,student_t_df5,0.1953801683718518,WITHIN_NAMED_FAMILY_ONLY; scalar tail dependence is not a cross-family order
CRR-STAGEII-CONFIRM-2026-07-22,21c5b970e734ed79636df2f3882d4d85460c5efa40b88e59b9b9a3f34a25c0ff,E5,202607225064,TRUE-clayton,independent_true_law_evaluation,numpy_PCG64,202607745064,4096,0a6ac0a1dcc81d6e3cea837834aec8b26342db399de0db6506bc0c271a3c260a,clayton,0.25,student_t_df5,0.3535533905932738,WITHIN_NAMED_FAMILY_ONLY; scalar tail dependence is not a cross-family order
CRR-STAGEII-CONFIRM-2026-07-22,21c5b970e734ed79636df2f3882d4d85460c5efa40b88e59b9b9a3f34a25c0ff,E5,202607225064,TRUE-empirical_copula,independent_true_law_evaluation,numpy_PCG64,202607755064,4096,ac1c066dede4a85176517b3946f755fdf9e966a7022e137f6f1670488444f6c3,empirical_copula,,student_t_df5,0.5948893229166666,EMPIRICAL_COPULA_MODEL_SENSITIVITY_NOT_PARAMETRIC_ORDER
CRR-STAGEII-CONFIRM-2026-07-22,21c5b970e734ed79636df2f3882d4d85460c5efa40b88e59b9b9a3f34a25c0ff,E5,202607225064,TRUE-gaussian,independent_true_law_evaluation,numpy_PCG64,202607725064,4096,4762dae559f3c4c21b5b9bb106aad29f5a767a700105c9b8aa712dbb5276c1fd,gaussian,0.25,student_t_df5,0.0,WITHIN_NAMED_FAMILY_ONLY; scalar tail dependence is not a cross-family order
CRR-STAGEII-CONFIRM-2026-07-22,21c5b970e734ed79636df2f3882d4d85460c5efa40b88e59b9b9a3f34a25c0ff,E5,202607225064,TRUE-student_t_df4,independent_true_law_evaluation,numpy_PCG64,202607735064,4096,ab48c98511c1d8da9c6f44c6ae7d4258b858c3bbdefc1d89dbdb0bc0e11486bc,student_t_df4,0.25,student_t_df5,0.1953801683718518,WITHIN_NAMED_FAMILY_ONLY; scalar tail dependence is not a cross-family order
