state,year,crop,planted_acres_1000,yield_bushels_per_acre,source_path,source_url,source_sha256,source_report_year,source_unit_acres,source_unit_yield
Alabama,2016,corn,330,120,empirical/goal16/raw/usda_nass/crop_production_2018_summary.pdf,https://www.nass.usda.gov/Publications/Todays_Reports/reports/cropan19.pdf,659b038284fe830330b7329eb0eca9ae4f6b06ff12b77a5b874adfc9818db0fd,2018,"1,000 acres",bushels per acre
Alabama,2016,soybeans,420,32,empirical/goal16/raw/usda_nass/crop_production_2018_summary.pdf,https://www.nass.usda.gov/Publications/Todays_Reports/reports/cropan19.pdf,659b038284fe830330b7329eb0eca9ae4f6b06ff12b77a5b874adfc9818db0fd,2018,"1,000 acres",bushels per acre
Alabama,2016,winter_wheat,230,70,empirical/goal16/raw/usda_nass/crop_production_2018_summary.pdf,https://www.nass.usda.gov/Publications/Todays_Reports/reports/cropan19.pdf,659b038284fe830330b7329eb0eca9ae4f6b06ff12b77a5b874adfc9818db0fd,2018,"1,000 acres",bushels per acre
Alabama,2017,corn,250,167,empirical/goal16/raw/usda_nass/crop_production_2018_summary.pdf,https://www.nass.usda.gov/Publications/Todays_Reports/reports/cropan19.pdf,659b038284fe830330b7329eb0eca9ae4f6b06ff12b77a5b874adfc9818db0fd,2018,"1,000 acres",bushels per acre
Alabama,2017,soybeans,350,46,empirical/goal16/raw/usda_nass/crop_production_2018_summary.pdf,https://www.nass.usda.gov/Publications/Todays_Reports/reports/cropan19.pdf,659b038284fe830330b7329eb0eca9ae4f6b06ff12b77a5b874adfc9818db0fd,2018,"1,000 acres",bushels per acre
Alabama,2017,winter_wheat,150,77,empirical/goal16/raw/usda_nass/crop_production_2018_summary.pdf,https://www.nass.usda.gov/Publications/Todays_Reports/reports/cropan19.pdf,659b038284fe830330b7329eb0eca9ae4f6b06ff12b77a5b874adfc9818db0fd,2018,"1,000 acres",bushels per acre
Alabama,2018,corn,260,156,empirical/goal16/raw/usda_nass/crop_production_2018_summary.pdf,https://www.nass.usda.gov/Publications/Todays_Reports/reports/cropan19.pdf,659b038284fe830330b7329eb0eca9ae4f6b06ff12b77a5b874adfc9818db0fd,2018,"1,000 acres",bushels per acre
Alabama,2018,soybeans,345,41,empirical/goal16/raw/usda_nass/crop_production_2018_summary.pdf,https://www.nass.usda.gov/Publications/Todays_Reports/reports/cropan19.pdf,659b038284fe830330b7329eb0eca9ae4f6b06ff12b77a5b874adfc9818db0fd,2018,"1,000 acres",bushels per acre
Alabama,2018,winter_wheat,160,72,empirical/goal16/raw/usda_nass/crop_production_2018_summary.pdf,https://www.nass.usda.gov/Publications/Todays_Reports/reports/cropan19.pdf,659b038284fe830330b7329eb0eca9ae4f6b06ff12b77a5b874adfc9818db0fd,2018,"1,000 acres",bushels per acre
Alabama,2019,corn,320,147,empirical/goal16/raw/usda_nass/crop_production_2021_summary.pdf,https://www.nass.usda.gov/Publications/Todays_Reports/reports/cropan22.pdf,e54c9e6270e4c527e5496c4925111a3ea898d33009b99cf7c69cc978d2bbf080,2021,"1,000 acres",bushels per acre
Alabama,2019,soybeans,265,36,empirical/goal16/raw/usda_nass/crop_production_2021_summary.pdf,https://www.nass.usda.gov/Publications/Todays_Reports/reports/cropan22.pdf,e54c9e6270e4c527e5496c4925111a3ea898d33009b99cf7c69cc978d2bbf080,2021,"1,000 acres",bushels per acre
Alabama,2019,winter_wheat,130,72,empirical/goal16/raw/usda_nass/crop_production_2021_summary.pdf,https://www.nass.usda.gov/Publications/Todays_Reports/reports/cropan22.pdf,e54c9e6270e4c527e5496c4925111a3ea898d33009b99cf7c69cc978d2bbf080,2021,"1,000 acres",bushels per acre
Alabama,2020,corn,330,158,empirical/goal16/raw/usda_nass/crop_production_2021_summary.pdf,https://www.nass.usda.gov/Publications/Todays_Reports/reports/cropan22.pdf,e54c9e6270e4c527e5496c4925111a3ea898d33009b99cf7c69cc978d2bbf080,2021,"1,000 acres",bushels per acre
Alabama,2020,soybeans,280,41,empirical/goal16/raw/usda_nass/crop_production_2021_summary.pdf,https://www.nass.usda.gov/Publications/Todays_Reports/reports/cropan22.pdf,e54c9e6270e4c527e5496c4925111a3ea898d33009b99cf7c69cc978d2bbf080,2021,"1,000 acres",bushels per acre
Alabama,2020,winter_wheat,135,72,empirical/goal16/raw/usda_nass/crop_production_2021_summary.pdf,https://www.nass.usda.gov/Publications/Todays_Reports/reports/cropan22.pdf,e54c9e6270e4c527e5496c4925111a3ea898d33009b99cf7c69cc978d2bbf080,2021,"1,000 acres",bushels per acre
Alabama,2021,corn,355,163,empirical/goal16/raw/usda_nass/crop_production_2021_summary.pdf,https://www.nass.usda.gov/Publications/Todays_Reports/reports/cropan22.pdf,e54c9e6270e4c527e5496c4925111a3ea898d33009b99cf7c69cc978d2bbf080,2021,"1,000 acres",bushels per acre
Alabama,2021,soybeans,310,46,empirical/goal16/raw/usda_nass/crop_production_2021_summary.pdf,https://www.nass.usda.gov/Publications/Todays_Reports/reports/cropan22.pdf,e54c9e6270e4c527e5496c4925111a3ea898d33009b99cf7c69cc978d2bbf080,2021,"1,000 acres",bushels per acre
Alabama,2021,winter_wheat,175,83,empirical/goal16/raw/usda_nass/crop_production_2021_summary.pdf,https://www.nass.usda.gov/Publications/Todays_Reports/reports/cropan22.pdf,e54c9e6270e4c527e5496c4925111a3ea898d33009b99cf7c69cc978d2bbf080,2021,"1,000 acres",bushels per acre
Alabama,2022,corn,300,118,empirical/goal16/raw/usda_nass/crop_production_2024_summary.pdf,https://www.nass.usda.gov/Publications/Todays_Reports/reports/cropan25.pdf,0e3add3bc4c95c8ea5061d8e1e75d166e5d9a4a73dcf9204784be6697e94c0c9,2024,"1,000 acres",bushels per acre
Alabama,2022,soybeans,360,41,empirical/goal16/raw/usda_nass/crop_production_2024_summary.pdf,https://www.nass.usda.gov/Publications/Todays_Reports/reports/cropan25.pdf,0e3add3bc4c95c8ea5061d8e1e75d166e5d9a4a73dcf9204784be6697e94c0c9,2024,"1,000 acres",bushels per acre
Alabama,2022,winter_wheat,180,72,empirical/goal16/raw/usda_nass/crop_production_2024_summary.pdf,https://www.nass.usda.gov/Publications/Todays_Reports/reports/cropan25.pdf,0e3add3bc4c95c8ea5061d8e1e75d166e5d9a4a73dcf9204784be6697e94c0c9,2024,"1,000 acres",bushels per acre
Alabama,2023,corn,330,164,empirical/goal16/raw/usda_nass/crop_production_2024_summary.pdf,https://www.nass.usda.gov/Publications/Todays_Reports/reports/cropan25.pdf,0e3add3bc4c95c8ea5061d8e1e75d166e5d9a4a73dcf9204784be6697e94c0c9,2024,"1,000 acres",bushels per acre
Alabama,2023,soybeans,350,43,empirical/goal16/raw/usda_nass/crop_production_2024_summary.pdf,https://www.nass.usda.gov/Publications/Todays_Reports/reports/cropan25.pdf,0e3add3bc4c95c8ea5061d8e1e75d166e5d9a4a73dcf9204784be6697e94c0c9,2024,"1,000 acres",bushels per acre
Alabama,2023,winter_wheat,205,75,empirical/goal16/raw/usda_nass/crop_production_2024_summary.pdf,https://www.nass.usda.gov/Publications/Todays_Reports/reports/cropan25.pdf,0e3add3bc4c95c8ea5061d8e1e75d166e5d9a4a73dcf9204784be6697e94c0c9,2024,"1,000 acres",bushels per acre
Alabama,2024,corn,270,112,empirical/goal16/raw/usda_nass/crop_production_2024_summary.pdf,https://www.nass.usda.gov/Publications/Todays_Reports/reports/cropan25.pdf,0e3add3bc4c95c8ea5061d8e1e75d166e5d9a4a73dcf9204784be6697e94c0c9,2024,"1,000 acres",bushels per acre
Alabama,2024,soybeans,360,31,empirical/goal16/raw/usda_nass/crop_production_2024_summary.pdf,https://www.nass.usda.gov/Publications/Todays_Reports/reports/cropan25.pdf,0e3add3bc4c95c8ea5061d8e1e75d166e5d9a4a73dcf9204784be6697e94c0c9,2024,"1,000 acres",bushels per acre
Alabama,2024,winter_wheat,110,71,empirical/goal16/raw/usda_nass/crop_production_2024_summary.pdf,https://www.nass.usda.gov/Publications/Todays_Reports/reports/cropan25.pdf,0e3add3bc4c95c8ea5061d8e1e75d166e5d9a4a73dcf9204784be6697e94c0c9,2024,"1,000 acres",bushels per acre
Arizona,2016,corn,95,215,empirical/goal16/raw/usda_nass/crop_production_2018_summary.pdf,https://www.nass.usda.gov/Publications/Todays_Reports/reports/cropan19.pdf,659b038284fe830330b7329eb0eca9ae4f6b06ff12b77a5b874adfc9818db0fd,2018,"1,000 acres",bushels per acre
Arizona,2016,winter_wheat,14,95,empirical/goal16/raw/usda_nass/crop_production_2018_summary.pdf,https://www.nass.usda.gov/Publications/Todays_Reports/reports/cropan19.pdf,659b038284fe830330b7329eb0eca9ae4f6b06ff12b77a5b874adfc9818db0fd,2018,"1,000 acres",bushels per acre
Arizona,2017,corn,65,195,empirical/goal16/raw/usda_nass/crop_production_2018_summary.pdf,https://www.nass.usda.gov/Publications/Todays_Reports/reports/cropan19.pdf,659b038284fe830330b7329eb0eca9ae4f6b06ff12b77a5b874adfc9818db0fd,2018,"1,000 acres",bushels per acre
Arizona,2017,winter_wheat,25,100,empirical/goal16/raw/usda_nass/crop_production_2018_summary.pdf,https://www.nass.usda.gov/Publications/Todays_Reports/reports/cropan19.pdf,659b038284fe830330b7329eb0eca9ae4f6b06ff12b77a5b874adfc9818db0fd,2018,"1,000 acres",bushels per acre
Arizona,2018,corn,70,220,empirical/goal16/raw/usda_nass/crop_production_2018_summary.pdf,https://www.nass.usda.gov/Publications/Todays_Reports/reports/cropan19.pdf,659b038284fe830330b7329eb0eca9ae4f6b06ff12b77a5b874adfc9818db0fd,2018,"1,000 acres",bushels per acre
Arizona,2018,winter_wheat,20,40,empirical/goal16/raw/usda_nass/crop_production_2018_summary.pdf,https://www.nass.usda.gov/Publications/Todays_Reports/reports/cropan19.pdf,659b038284fe830330b7329eb0eca9ae4f6b06ff12b77a5b874adfc9818db0fd,2018,"1,000 acres",bushels per acre
Arizona,2019,corn,90,231,empirical/goal16/raw/usda_nass/crop_production_2021_summary.pdf,https://www.nass.usda.gov/Publications/Todays_Reports/reports/cropan22.pdf,e54c9e6270e4c527e5496c4925111a3ea898d33009b99cf7c69cc978d2bbf080,2021,"1,000 acres",bushels per acre
Arizona,2020,corn,75,202,empirical/goal16/raw/usda_nass/crop_production_2021_summary.pdf,https://www.nass.usda.gov/Publications/Todays_Reports/reports/cropan22.pdf,e54c9e6270e4c527e5496c4925111a3ea898d33009b99cf7c69cc978d2bbf080,2021,"1,000 acres",bushels per acre
Arizona,2021,corn,95,181,empirical/goal16/raw/usda_nass/crop_production_2021_summary.pdf,https://www.nass.usda.gov/Publications/Todays_Reports/reports/cropan22.pdf,e54c9e6270e4c527e5496c4925111a3ea898d33009b99cf7c69cc978d2bbf080,2021,"1,000 acres",bushels per acre
Arizona,2022,corn,90,220,empirical/goal16/raw/usda_nass/crop_production_2024_summary.pdf,https://www.nass.usda.gov/Publications/Todays_Reports/reports/cropan25.pdf,0e3add3bc4c95c8ea5061d8e1e75d166e5d9a4a73dcf9204784be6697e94c0c9,2024,"1,000 acres",bushels per acre
Arizona,2023,corn,105,206,empirical/goal16/raw/usda_nass/crop_production_2024_summary.pdf,https://www.nass.usda.gov/Publications/Todays_Reports/reports/cropan25.pdf,0e3add3bc4c95c8ea5061d8e1e75d166e5d9a4a73dcf9204784be6697e94c0c9,2024,"1,000 acres",bushels per acre
Arizona,2024,corn,70,225,empirical/goal16/raw/usda_nass/crop_production_2024_summary.pdf,https://www.nass.usda.gov/Publications/Todays_Reports/reports/cropan25.pdf,0e3add3bc4c95c8ea5061d8e1e75d166e5d9a4a73dcf9204784be6697e94c0c9,2024,"1,000 acres",bushels per acre
Arkansas,2016,corn,760,171,empirical/goal16/raw/usda_nass/crop_production_2018_summary.pdf,https://www.nass.usda.gov/Publications/Todays_Reports/reports/cropan19.pdf,659b038284fe830330b7329eb0eca9ae4f6b06ff12b77a5b874adfc9818db0fd,2018,"1,000 acres",bushels per acre
Arkansas,2016,soybeans,3130,47,empirical/goal16/raw/usda_nass/crop_production_2018_summary.pdf,https://www.nass.usda.gov/Publications/Todays_Reports/reports/cropan19.pdf,659b038284fe830330b7329eb0eca9ae4f6b06ff12b77a5b874adfc9818db0fd,2018,"1,000 acres",bushels per acre
Arkansas,2016,winter_wheat,195,54,empirical/goal16/raw/usda_nass/crop_production_2018_summary.pdf,https://www.nass.usda.gov/Publications/Todays_Reports/reports/cropan19.pdf,659b038284fe830330b7329eb0eca9ae4f6b06ff12b77a5b874adfc9818db0fd,2018,"1,000 acres",bushels per acre
Arkansas,2017,corn,620,183,empirical/goal16/raw/usda_nass/crop_production_2018_summary.pdf,https://www.nass.usda.gov/Publications/Todays_Reports/reports/cropan19.pdf,659b038284fe830330b7329eb0eca9ae4f6b06ff12b77a5b874adfc9818db0fd,2018,"1,000 acres",bushels per acre
Arkansas,2017,soybeans,3530,51,empirical/goal16/raw/usda_nass/crop_production_2018_summary.pdf,https://www.nass.usda.gov/Publications/Todays_Reports/reports/cropan19.pdf,659b038284fe830330b7329eb0eca9ae4f6b06ff12b77a5b874adfc9818db0fd,2018,"1,000 acres",bushels per acre
Arkansas,2017,winter_wheat,200,52,empirical/goal16/raw/usda_nass/crop_production_2018_summary.pdf,https://www.nass.usda.gov/Publications/Todays_Reports/reports/cropan19.pdf,659b038284fe830330b7329eb0eca9ae4f6b06ff12b77a5b874adfc9818db0fd,2018,"1,000 acres",bushels per acre
Arkansas,2018,corn,660,181,empirical/goal16/raw/usda_nass/crop_production_2018_summary.pdf,https://www.nass.usda.gov/Publications/Todays_Reports/reports/cropan19.pdf,659b038284fe830330b7329eb0eca9ae4f6b06ff12b77a5b874adfc9818db0fd,2018,"1,000 acres",bushels per acre
Arkansas,2018,soybeans,3280,51,empirical/goal16/raw/usda_nass/crop_production_2018_summary.pdf,https://www.nass.usda.gov/Publications/Todays_Reports/reports/cropan19.pdf,659b038284fe830330b7329eb0eca9ae4f6b06ff12b77a5b874adfc9818db0fd,2018,"1,000 acres",bushels per acre
Arkansas,2018,winter_wheat,175,55,empirical/goal16/raw/usda_nass/crop_production_2018_summary.pdf,https://www.nass.usda.gov/Publications/Todays_Reports/reports/cropan19.pdf,659b038284fe830330b7329eb0eca9ae4f6b06ff12b77a5b874adfc9818db0fd,2018,"1,000 acres",bushels per acre
Arkansas,2019,corn,770,175,empirical/goal16/raw/usda_nass/crop_production_2021_summary.pdf,https://www.nass.usda.gov/Publications/Todays_Reports/reports/cropan22.pdf,e54c9e6270e4c527e5496c4925111a3ea898d33009b99cf7c69cc978d2bbf080,2021,"1,000 acres",bushels per acre
Arkansas,2019,soybeans,2650,49,empirical/goal16/raw/usda_nass/crop_production_2021_summary.pdf,https://www.nass.usda.gov/Publications/Todays_Reports/reports/cropan22.pdf,e54c9e6270e4c527e5496c4925111a3ea898d33009b99cf7c69cc978d2bbf080,2021,"1,000 acres",bushels per acre
Arkansas,2019,winter_wheat,110,52,empirical/goal16/raw/usda_nass/crop_production_2021_summary.pdf,https://www.nass.usda.gov/Publications/Todays_Reports/reports/cropan22.pdf,e54c9e6270e4c527e5496c4925111a3ea898d33009b99cf7c69cc978d2bbf080,2021,"1,000 acres",bushels per acre
Arkansas,2020,corn,620,184,empirical/goal16/raw/usda_nass/crop_production_2021_summary.pdf,https://www.nass.usda.gov/Publications/Todays_Reports/reports/cropan22.pdf,e54c9e6270e4c527e5496c4925111a3ea898d33009b99cf7c69cc978d2bbf080,2021,"1,000 acres",bushels per acre
Arkansas,2020,soybeans,2820,51.5,empirical/goal16/raw/usda_nass/crop_production_2021_summary.pdf,https://www.nass.usda.gov/Publications/Todays_Reports/reports/cropan22.pdf,e54c9e6270e4c527e5496c4925111a3ea898d33009b99cf7c69cc978d2bbf080,2021,"1,000 acres",bushels per acre
Arkansas,2020,winter_wheat,145,55,empirical/goal16/raw/usda_nass/crop_production_2021_summary.pdf,https://www.nass.usda.gov/Publications/Todays_Reports/reports/cropan22.pdf,e54c9e6270e4c527e5496c4925111a3ea898d33009b99cf7c69cc978d2bbf080,2021,"1,000 acres",bushels per acre
Arkansas,2021,corn,850,184,empirical/goal16/raw/usda_nass/crop_production_2021_summary.pdf,https://www.nass.usda.gov/Publications/Todays_Reports/reports/cropan22.pdf,e54c9e6270e4c527e5496c4925111a3ea898d33009b99cf7c69cc978d2bbf080,2021,"1,000 acres",bushels per acre
Arkansas,2021,soybeans,3040,51,empirical/goal16/raw/usda_nass/crop_production_2021_summary.pdf,https://www.nass.usda.gov/Publications/Todays_Reports/reports/cropan22.pdf,e54c9e6270e4c527e5496c4925111a3ea898d33009b99cf7c69cc978d2bbf080,2021,"1,000 acres",bushels per acre
Arkansas,2021,winter_wheat,210,58,empirical/goal16/raw/usda_nass/crop_production_2021_summary.pdf,https://www.nass.usda.gov/Publications/Todays_Reports/reports/cropan22.pdf,e54c9e6270e4c527e5496c4925111a3ea898d33009b99cf7c69cc978d2bbf080,2021,"1,000 acres",bushels per acre
Arkansas,2022,corn,710,173,empirical/goal16/raw/usda_nass/crop_production_2024_summary.pdf,https://www.nass.usda.gov/Publications/Todays_Reports/reports/cropan25.pdf,0e3add3bc4c95c8ea5061d8e1e75d166e5d9a4a73dcf9204784be6697e94c0c9,2024,"1,000 acres",bushels per acre
Arkansas,2022,soybeans,3180,52,empirical/goal16/raw/usda_nass/crop_production_2024_summary.pdf,https://www.nass.usda.gov/Publications/Todays_Reports/reports/cropan25.pdf,0e3add3bc4c95c8ea5061d8e1e75d166e5d9a4a73dcf9204784be6697e94c0c9,2024,"1,000 acres",bushels per acre
Arkansas,2022,winter_wheat,220,53,empirical/goal16/raw/usda_nass/crop_production_2024_summary.pdf,https://www.nass.usda.gov/Publications/Todays_Reports/reports/cropan25.pdf,0e3add3bc4c95c8ea5061d8e1e75d166e5d9a4a73dcf9204784be6697e94c0c9,2024,"1,000 acres",bushels per acre
Arkansas,2023,corn,850,183,empirical/goal16/raw/usda_nass/crop_production_2024_summary.pdf,https://www.nass.usda.gov/Publications/Todays_Reports/reports/cropan25.pdf,0e3add3bc4c95c8ea5061d8e1e75d166e5d9a4a73dcf9204784be6697e94c0c9,2024,"1,000 acres",bushels per acre
Arkansas,2023,soybeans,2980,54,empirical/goal16/raw/usda_nass/crop_production_2024_summary.pdf,https://www.nass.usda.gov/Publications/Todays_Reports/reports/cropan25.pdf,0e3add3bc4c95c8ea5061d8e1e75d166e5d9a4a73dcf9204784be6697e94c0c9,2024,"1,000 acres",bushels per acre
Arkansas,2023,winter_wheat,230,57,empirical/goal16/raw/usda_nass/crop_production_2024_summary.pdf,https://www.nass.usda.gov/Publications/Todays_Reports/reports/cropan25.pdf,0e3add3bc4c95c8ea5061d8e1e75d166e5d9a4a73dcf9204784be6697e94c0c9,2024,"1,000 acres",bushels per acre
Arkansas,2024,corn,500,187,empirical/goal16/raw/usda_nass/crop_production_2024_summary.pdf,https://www.nass.usda.gov/Publications/Todays_Reports/reports/cropan25.pdf,0e3add3bc4c95c8ea5061d8e1e75d166e5d9a4a73dcf9204784be6697e94c0c9,2024,"1,000 acres",bushels per acre
Arkansas,2024,soybeans,3050,55,empirical/goal16/raw/usda_nass/crop_production_2024_summary.pdf,https://www.nass.usda.gov/Publications/Todays_Reports/reports/cropan25.pdf,0e3add3bc4c95c8ea5061d8e1e75d166e5d9a4a73dcf9204784be6697e94c0c9,2024,"1,000 acres",bushels per acre
Arkansas,2024,winter_wheat,130,56,empirical/goal16/raw/usda_nass/crop_production_2024_summary.pdf,https://www.nass.usda.gov/Publications/Todays_Reports/reports/cropan25.pdf,0e3add3bc4c95c8ea5061d8e1e75d166e5d9a4a73dcf9204784be6697e94c0c9,2024,"1,000 acres",bushels per acre
California,2016,corn,420,185,empirical/goal16/raw/usda_nass/crop_production_2018_summary.pdf,https://www.nass.usda.gov/Publications/Todays_Reports/reports/cropan19.pdf,659b038284fe830330b7329eb0eca9ae4f6b06ff12b77a5b874adfc9818db0fd,2018,"1,000 acres",bushels per acre
California,2016,winter_wheat,425,78,empirical/goal16/raw/usda_nass/crop_production_2018_summary.pdf,https://www.nass.usda.gov/Publications/Todays_Reports/reports/cropan19.pdf,659b038284fe830330b7329eb0eca9ae4f6b06ff12b77a5b874adfc9818db0fd,2018,"1,000 acres",bushels per acre
California,2017,corn,430,167,empirical/goal16/raw/usda_nass/crop_production_2018_summary.pdf,https://www.nass.usda.gov/Publications/Todays_Reports/reports/cropan19.pdf,659b038284fe830330b7329eb0eca9ae4f6b06ff12b77a5b874adfc9818db0fd,2018,"1,000 acres",bushels per acre
California,2017,winter_wheat,385,64,empirical/goal16/raw/usda_nass/crop_production_2018_summary.pdf,https://www.nass.usda.gov/Publications/Todays_Reports/reports/cropan19.pdf,659b038284fe830330b7329eb0eca9ae4f6b06ff12b77a5b874adfc9818db0fd,2018,"1,000 acres",bushels per acre
California,2018,corn,430,173,empirical/goal16/raw/usda_nass/crop_production_2018_summary.pdf,https://www.nass.usda.gov/Publications/Todays_Reports/reports/cropan19.pdf,659b038284fe830330b7329eb0eca9ae4f6b06ff12b77a5b874adfc9818db0fd,2018,"1,000 acres",bushels per acre
California,2018,winter_wheat,380,77,empirical/goal16/raw/usda_nass/crop_production_2018_summary.pdf,https://www.nass.usda.gov/Publications/Todays_Reports/reports/cropan19.pdf,659b038284fe830330b7329eb0eca9ae4f6b06ff12b77a5b874adfc9818db0fd,2018,"1,000 acres",bushels per acre
California,2019,corn,480,168,empirical/goal16/raw/usda_nass/crop_production_2021_summary.pdf,https://www.nass.usda.gov/Publications/Todays_Reports/reports/cropan22.pdf,e54c9e6270e4c527e5496c4925111a3ea898d33009b99cf7c69cc978d2bbf080,2021,"1,000 acres",bushels per acre
California,2019,winter_wheat,390,50,empirical/goal16/raw/usda_nass/crop_production_2021_summary.pdf,https://www.nass.usda.gov/Publications/Todays_Reports/reports/cropan22.pdf,e54c9e6270e4c527e5496c4925111a3ea898d33009b99cf7c69cc978d2bbf080,2021,"1,000 acres",bushels per acre
California,2020,corn,440,187,empirical/goal16/raw/usda_nass/crop_production_2021_summary.pdf,https://www.nass.usda.gov/Publications/Todays_Reports/reports/cropan22.pdf,e54c9e6270e4c527e5496c4925111a3ea898d33009b99cf7c69cc978d2bbf080,2021,"1,000 acres",bushels per acre
California,2020,winter_wheat,385,75,empirical/goal16/raw/usda_nass/crop_production_2021_summary.pdf,https://www.nass.usda.gov/Publications/Todays_Reports/reports/cropan22.pdf,e54c9e6270e4c527e5496c4925111a3ea898d33009b99cf7c69cc978d2bbf080,2021,"1,000 acres",bushels per acre
California,2021,corn,420,188,empirical/goal16/raw/usda_nass/crop_production_2021_summary.pdf,https://www.nass.usda.gov/Publications/Todays_Reports/reports/cropan22.pdf,e54c9e6270e4c527e5496c4925111a3ea898d33009b99cf7c69cc978d2bbf080,2021,"1,000 acres",bushels per acre
California,2021,winter_wheat,340,82,empirical/goal16/raw/usda_nass/crop_production_2021_summary.pdf,https://www.nass.usda.gov/Publications/Todays_Reports/reports/cropan22.pdf,e54c9e6270e4c527e5496c4925111a3ea898d33009b99cf7c69cc978d2bbf080,2021,"1,000 acres",bushels per acre
California,2022,corn,360,177,empirical/goal16/raw/usda_nass/crop_production_2024_summary.pdf,https://www.nass.usda.gov/Publications/Todays_Reports/reports/cropan25.pdf,0e3add3bc4c95c8ea5061d8e1e75d166e5d9a4a73dcf9204784be6697e94c0c9,2024,"1,000 acres",bushels per acre
California,2022,winter_wheat,350,73,empirical/goal16/raw/usda_nass/crop_production_2024_summary.pdf,https://www.nass.usda.gov/Publications/Todays_Reports/reports/cropan25.pdf,0e3add3bc4c95c8ea5061d8e1e75d166e5d9a4a73dcf9204784be6697e94c0c9,2024,"1,000 acres",bushels per acre
California,2023,corn,400,178,empirical/goal16/raw/usda_nass/crop_production_2024_summary.pdf,https://www.nass.usda.gov/Publications/Todays_Reports/reports/cropan25.pdf,0e3add3bc4c95c8ea5061d8e1e75d166e5d9a4a73dcf9204784be6697e94c0c9,2024,"1,000 acres",bushels per acre
California,2023,winter_wheat,320,80,empirical/goal16/raw/usda_nass/crop_production_2024_summary.pdf,https://www.nass.usda.gov/Publications/Todays_Reports/reports/cropan25.pdf,0e3add3bc4c95c8ea5061d8e1e75d166e5d9a4a73dcf9204784be6697e94c0c9,2024,"1,000 acres",bushels per acre
California,2024,corn,410,182,empirical/goal16/raw/usda_nass/crop_production_2024_summary.pdf,https://www.nass.usda.gov/Publications/Todays_Reports/reports/cropan25.pdf,0e3add3bc4c95c8ea5061d8e1e75d166e5d9a4a73dcf9204784be6697e94c0c9,2024,"1,000 acres",bushels per acre
California,2024,winter_wheat,290,78,empirical/goal16/raw/usda_nass/crop_production_2024_summary.pdf,https://www.nass.usda.gov/Publications/Todays_Reports/reports/cropan25.pdf,0e3add3bc4c95c8ea5061d8e1e75d166e5d9a4a73dcf9204784be6697e94c0c9,2024,"1,000 acres",bushels per acre
Colorado,2016,corn,1340,137,empirical/goal16/raw/usda_nass/crop_production_2018_summary.pdf,https://www.nass.usda.gov/Publications/Todays_Reports/reports/cropan19.pdf,659b038284fe830330b7329eb0eca9ae4f6b06ff12b77a5b874adfc9818db0fd,2018,"1,000 acres",bushels per acre
Colorado,2016,winter_wheat,2350,48,empirical/goal16/raw/usda_nass/crop_production_2018_summary.pdf,https://www.nass.usda.gov/Publications/Todays_Reports/reports/cropan19.pdf,659b038284fe830330b7329eb0eca9ae4f6b06ff12b77a5b874adfc9818db0fd,2018,"1,000 acres",bushels per acre
Colorado,2017,corn,1460,143,empirical/goal16/raw/usda_nass/crop_production_2018_summary.pdf,https://www.nass.usda.gov/Publications/Todays_Reports/reports/cropan19.pdf,659b038284fe830330b7329eb0eca9ae4f6b06ff12b77a5b874adfc9818db0fd,2018,"1,000 acres",bushels per acre
Colorado,2017,winter_wheat,2250,43,empirical/goal16/raw/usda_nass/crop_production_2018_summary.pdf,https://www.nass.usda.gov/Publications/Todays_Reports/reports/cropan19.pdf,659b038284fe830330b7329eb0eca9ae4f6b06ff12b77a5b874adfc9818db0fd,2018,"1,000 acres",bushels per acre
Colorado,2018,corn,1470,130,empirical/goal16/raw/usda_nass/crop_production_2018_summary.pdf,https://www.nass.usda.gov/Publications/Todays_Reports/reports/cropan19.pdf,659b038284fe830330b7329eb0eca9ae4f6b06ff12b77a5b874adfc9818db0fd,2018,"1,000 acres",bushels per acre
Colorado,2018,winter_wheat,2250,36,empirical/goal16/raw/usda_nass/crop_production_2018_summary.pdf,https://www.nass.usda.gov/Publications/Todays_Reports/reports/cropan19.pdf,659b038284fe830330b7329eb0eca9ae4f6b06ff12b77a5b874adfc9818db0fd,2018,"1,000 acres",bushels per acre
Colorado,2019,corn,1550,123,empirical/goal16/raw/usda_nass/crop_production_2021_summary.pdf,https://www.nass.usda.gov/Publications/Todays_Reports/reports/cropan22.pdf,e54c9e6270e4c527e5496c4925111a3ea898d33009b99cf7c69cc978d2bbf080,2021,"1,000 acres",bushels per acre
Colorado,2019,winter_wheat,2150,49,empirical/goal16/raw/usda_nass/crop_production_2021_summary.pdf,https://www.nass.usda.gov/Publications/Todays_Reports/reports/cropan22.pdf,e54c9e6270e4c527e5496c4925111a3ea898d33009b99cf7c69cc978d2bbf080,2021,"1,000 acres",bushels per acre
Colorado,2020,corn,1420,116,empirical/goal16/raw/usda_nass/crop_production_2021_summary.pdf,https://www.nass.usda.gov/Publications/Todays_Reports/reports/cropan22.pdf,e54c9e6270e4c527e5496c4925111a3ea898d33009b99cf7c69cc978d2bbf080,2021,"1,000 acres",bushels per acre
Colorado,2020,winter_wheat,1900,27,empirical/goal16/raw/usda_nass/crop_production_2021_summary.pdf,https://www.nass.usda.gov/Publications/Todays_Reports/reports/cropan22.pdf,e54c9e6270e4c527e5496c4925111a3ea898d33009b99cf7c69cc978d2bbf080,2021,"1,000 acres",bushels per acre
Colorado,2021,corn,1380,129,empirical/goal16/raw/usda_nass/crop_production_2021_summary.pdf,https://www.nass.usda.gov/Publications/Todays_Reports/reports/cropan22.pdf,e54c9e6270e4c527e5496c4925111a3ea898d33009b99cf7c69cc978d2bbf080,2021,"1,000 acres",bushels per acre
Colorado,2021,winter_wheat,2200,37,empirical/goal16/raw/usda_nass/crop_production_2021_summary.pdf,https://www.nass.usda.gov/Publications/Todays_Reports/reports/cropan22.pdf,e54c9e6270e4c527e5496c4925111a3ea898d33009b99cf7c69cc978d2bbf080,2021,"1,000 acres",bushels per acre
Colorado,2022,corn,1340,121,empirical/goal16/raw/usda_nass/crop_production_2024_summary.pdf,https://www.nass.usda.gov/Publications/Todays_Reports/reports/cropan25.pdf,0e3add3bc4c95c8ea5061d8e1e75d166e5d9a4a73dcf9204784be6697e94c0c9,2024,"1,000 acres",bushels per acre
Colorado,2022,winter_wheat,1950,25,empirical/goal16/raw/usda_nass/crop_production_2024_summary.pdf,https://www.nass.usda.gov/Publications/Todays_Reports/reports/cropan25.pdf,0e3add3bc4c95c8ea5061d8e1e75d166e5d9a4a73dcf9204784be6697e94c0c9,2024,"1,000 acres",bushels per acre
Colorado,2023,corn,1330,122,empirical/goal16/raw/usda_nass/crop_production_2024_summary.pdf,https://www.nass.usda.gov/Publications/Todays_Reports/reports/cropan25.pdf,0e3add3bc4c95c8ea5061d8e1e75d166e5d9a4a73dcf9204784be6697e94c0c9,2024,"1,000 acres",bushels per acre
Colorado,2023,winter_wheat,2300,41,empirical/goal16/raw/usda_nass/crop_production_2024_summary.pdf,https://www.nass.usda.gov/Publications/Todays_Reports/reports/cropan25.pdf,0e3add3bc4c95c8ea5061d8e1e75d166e5d9a4a73dcf9204784be6697e94c0c9,2024,"1,000 acres",bushels per acre
Colorado,2024,corn,1460,116,empirical/goal16/raw/usda_nass/crop_production_2024_summary.pdf,https://www.nass.usda.gov/Publications/Todays_Reports/reports/cropan25.pdf,0e3add3bc4c95c8ea5061d8e1e75d166e5d9a4a73dcf9204784be6697e94c0c9,2024,"1,000 acres",bushels per acre
Colorado,2024,winter_wheat,2100,35,empirical/goal16/raw/usda_nass/crop_production_2024_summary.pdf,https://www.nass.usda.gov/Publications/Todays_Reports/reports/cropan25.pdf,0e3add3bc4c95c8ea5061d8e1e75d166e5d9a4a73dcf9204784be6697e94c0c9,2024,"1,000 acres",bushels per acre
Connecticut,2016,corn,25,,empirical/goal16/raw/usda_nass/crop_production_2018_summary.pdf,https://www.nass.usda.gov/Publications/Todays_Reports/reports/cropan19.pdf,659b038284fe830330b7329eb0eca9ae4f6b06ff12b77a5b874adfc9818db0fd,2018,"1,000 acres",bushels per acre
Connecticut,2017,corn,24,,empirical/goal16/raw/usda_nass/crop_production_2018_summary.pdf,https://www.nass.usda.gov/Publications/Todays_Reports/reports/cropan19.pdf,659b038284fe830330b7329eb0eca9ae4f6b06ff12b77a5b874adfc9818db0fd,2018,"1,000 acres",bushels per acre
Connecticut,2018,corn,23,,empirical/goal16/raw/usda_nass/crop_production_2018_summary.pdf,https://www.nass.usda.gov/Publications/Todays_Reports/reports/cropan19.pdf,659b038284fe830330b7329eb0eca9ae4f6b06ff12b77a5b874adfc9818db0fd,2018,"1,000 acres",bushels per acre
Connecticut,2019,corn,23,,empirical/goal16/raw/usda_nass/crop_production_2021_summary.pdf,https://www.nass.usda.gov/Publications/Todays_Reports/reports/cropan22.pdf,e54c9e6270e4c527e5496c4925111a3ea898d33009b99cf7c69cc978d2bbf080,2021,"1,000 acres",bushels per acre
Connecticut,2020,corn,24,,empirical/goal16/raw/usda_nass/crop_production_2021_summary.pdf,https://www.nass.usda.gov/Publications/Todays_Reports/reports/cropan22.pdf,e54c9e6270e4c527e5496c4925111a3ea898d33009b99cf7c69cc978d2bbf080,2021,"1,000 acres",bushels per acre
Connecticut,2021,corn,24,,empirical/goal16/raw/usda_nass/crop_production_2021_summary.pdf,https://www.nass.usda.gov/Publications/Todays_Reports/reports/cropan22.pdf,e54c9e6270e4c527e5496c4925111a3ea898d33009b99cf7c69cc978d2bbf080,2021,"1,000 acres",bushels per acre
Connecticut,2022,corn,24,,empirical/goal16/raw/usda_nass/crop_production_2024_summary.pdf,https://www.nass.usda.gov/Publications/Todays_Reports/reports/cropan25.pdf,0e3add3bc4c95c8ea5061d8e1e75d166e5d9a4a73dcf9204784be6697e94c0c9,2024,"1,000 acres",bushels per acre
Connecticut,2023,corn,24,,empirical/goal16/raw/usda_nass/crop_production_2024_summary.pdf,https://www.nass.usda.gov/Publications/Todays_Reports/reports/cropan25.pdf,0e3add3bc4c95c8ea5061d8e1e75d166e5d9a4a73dcf9204784be6697e94c0c9,2024,"1,000 acres",bushels per acre
Connecticut,2024,corn,24,,empirical/goal16/raw/usda_nass/crop_production_2024_summary.pdf,https://www.nass.usda.gov/Publications/Todays_Reports/reports/cropan25.pdf,0e3add3bc4c95c8ea5061d8e1e75d166e5d9a4a73dcf9204784be6697e94c0c9,2024,"1,000 acres",bushels per acre
Delaware,2016,corn,170,170,empirical/goal16/raw/usda_nass/crop_production_2018_summary.pdf,https://www.nass.usda.gov/Publications/Todays_Reports/reports/cropan19.pdf,659b038284fe830330b7329eb0eca9ae4f6b06ff12b77a5b874adfc9818db0fd,2018,"1,000 acres",bushels per acre
Delaware,2016,soybeans,165,41.5,empirical/goal16/raw/usda_nass/crop_production_2018_summary.pdf,https://www.nass.usda.gov/Publications/Todays_Reports/reports/cropan19.pdf,659b038284fe830330b7329eb0eca9ae4f6b06ff12b77a5b874adfc9818db0fd,2018,"1,000 acres",bushels per acre
Delaware,2016,winter_wheat,70,67,empirical/goal16/raw/usda_nass/crop_production_2018_summary.pdf,https://www.nass.usda.gov/Publications/Todays_Reports/reports/cropan19.pdf,659b038284fe830330b7329eb0eca9ae4f6b06ff12b77a5b874adfc9818db0fd,2018,"1,000 acres",bushels per acre
Delaware,2017,corn,180,189,empirical/goal16/raw/usda_nass/crop_production_2018_summary.pdf,https://www.nass.usda.gov/Publications/Todays_Reports/reports/cropan19.pdf,659b038284fe830330b7329eb0eca9ae4f6b06ff12b77a5b874adfc9818db0fd,2018,"1,000 acres",bushels per acre
Delaware,2017,soybeans,160,51,empirical/goal16/raw/usda_nass/crop_production_2018_summary.pdf,https://www.nass.usda.gov/Publications/Todays_Reports/reports/cropan19.pdf,659b038284fe830330b7329eb0eca9ae4f6b06ff12b77a5b874adfc9818db0fd,2018,"1,000 acres",bushels per acre
Delaware,2017,winter_wheat,75,73,empirical/goal16/raw/usda_nass/crop_production_2018_summary.pdf,https://www.nass.usda.gov/Publications/Todays_Reports/reports/cropan19.pdf,659b038284fe830330b7329eb0eca9ae4f6b06ff12b77a5b874adfc9818db0fd,2018,"1,000 acres",bushels per acre
Delaware,2018,corn,170,145,empirical/goal16/raw/usda_nass/crop_production_2018_summary.pdf,https://www.nass.usda.gov/Publications/Todays_Reports/reports/cropan19.pdf,659b038284fe830330b7329eb0eca9ae4f6b06ff12b77a5b874adfc9818db0fd,2018,"1,000 acres",bushels per acre
Delaware,2018,soybeans,170,42,empirical/goal16/raw/usda_nass/crop_production_2018_summary.pdf,https://www.nass.usda.gov/Publications/Todays_Reports/reports/cropan19.pdf,659b038284fe830330b7329eb0eca9ae4f6b06ff12b77a5b874adfc9818db0fd,2018,"1,000 acres",bushels per acre
Delaware,2018,winter_wheat,75,71,empirical/goal16/raw/usda_nass/crop_production_2018_summary.pdf,https://www.nass.usda.gov/Publications/Todays_Reports/reports/cropan19.pdf,659b038284fe830330b7329eb0eca9ae4f6b06ff12b77a5b874adfc9818db0fd,2018,"1,000 acres",bushels per acre
Delaware,2019,corn,185,161,empirical/goal16/raw/usda_nass/crop_production_2021_summary.pdf,https://www.nass.usda.gov/Publications/Todays_Reports/reports/cropan22.pdf,e54c9e6270e4c527e5496c4925111a3ea898d33009b99cf7c69cc978d2bbf080,2021,"1,000 acres",bushels per acre
Delaware,2019,soybeans,155,47,empirical/goal16/raw/usda_nass/crop_production_2021_summary.pdf,https://www.nass.usda.gov/Publications/Todays_Reports/reports/cropan22.pdf,e54c9e6270e4c527e5496c4925111a3ea898d33009b99cf7c69cc978d2bbf080,2021,"1,000 acres",bushels per acre
Delaware,2019,winter_wheat,60,72,empirical/goal16/raw/usda_nass/crop_production_2021_summary.pdf,https://www.nass.usda.gov/Publications/Todays_Reports/reports/cropan22.pdf,e54c9e6270e4c527e5496c4925111a3ea898d33009b99cf7c69cc978d2bbf080,2021,"1,000 acres",bushels per acre
Delaware,2020,corn,180,160,empirical/goal16/raw/usda_nass/crop_production_2021_summary.pdf,https://www.nass.usda.gov/Publications/Todays_Reports/reports/cropan22.pdf,e54c9e6270e4c527e5496c4925111a3ea898d33009b99cf7c69cc978d2bbf080,2021,"1,000 acres",bushels per acre
Delaware,2020,soybeans,150,49,empirical/goal16/raw/usda_nass/crop_production_2021_summary.pdf,https://www.nass.usda.gov/Publications/Todays_Reports/reports/cropan22.pdf,e54c9e6270e4c527e5496c4925111a3ea898d33009b99cf7c69cc978d2bbf080,2021,"1,000 acres",bushels per acre
Delaware,2020,winter_wheat,75,73,empirical/goal16/raw/usda_nass/crop_production_2021_summary.pdf,https://www.nass.usda.gov/Publications/Todays_Reports/reports/cropan22.pdf,e54c9e6270e4c527e5496c4925111a3ea898d33009b99cf7c69cc978d2bbf080,2021,"1,000 acres",bushels per acre
Delaware,2021,corn,175,184,empirical/goal16/raw/usda_nass/crop_production_2021_summary.pdf,https://www.nass.usda.gov/Publications/Todays_Reports/reports/cropan22.pdf,e54c9e6270e4c527e5496c4925111a3ea898d33009b99cf7c69cc978d2bbf080,2021,"1,000 acres",bushels per acre
Delaware,2021,soybeans,155,51,empirical/goal16/raw/usda_nass/crop_production_2021_summary.pdf,https://www.nass.usda.gov/Publications/Todays_Reports/reports/cropan22.pdf,e54c9e6270e4c527e5496c4925111a3ea898d33009b99cf7c69cc978d2bbf080,2021,"1,000 acres",bushels per acre
Delaware,2021,winter_wheat,60,70,empirical/goal16/raw/usda_nass/crop_production_2021_summary.pdf,https://www.nass.usda.gov/Publications/Todays_Reports/reports/cropan22.pdf,e54c9e6270e4c527e5496c4925111a3ea898d33009b99cf7c69cc978d2bbf080,2021,"1,000 acres",bushels per acre
Delaware,2022,corn,160,170,empirical/goal16/raw/usda_nass/crop_production_2024_summary.pdf,https://www.nass.usda.gov/Publications/Todays_Reports/reports/cropan25.pdf,0e3add3bc4c95c8ea5061d8e1e75d166e5d9a4a73dcf9204784be6697e94c0c9,2024,"1,000 acres",bushels per acre
Delaware,2022,soybeans,160,43,empirical/goal16/raw/usda_nass/crop_production_2024_summary.pdf,https://www.nass.usda.gov/Publications/Todays_Reports/reports/cropan25.pdf,0e3add3bc4c95c8ea5061d8e1e75d166e5d9a4a73dcf9204784be6697e94c0c9,2024,"1,000 acres",bushels per acre
Delaware,2022,winter_wheat,80,76,empirical/goal16/raw/usda_nass/crop_production_2024_summary.pdf,https://www.nass.usda.gov/Publications/Todays_Reports/reports/cropan25.pdf,0e3add3bc4c95c8ea5061d8e1e75d166e5d9a4a73dcf9204784be6697e94c0c9,2024,"1,000 acres",bushels per acre
Delaware,2023,corn,175,189,empirical/goal16/raw/usda_nass/crop_production_2024_summary.pdf,https://www.nass.usda.gov/Publications/Todays_Reports/reports/cropan25.pdf,0e3add3bc4c95c8ea5061d8e1e75d166e5d9a4a73dcf9204784be6697e94c0c9,2024,"1,000 acres",bushels per acre
Delaware,2023,soybeans,150,46,empirical/goal16/raw/usda_nass/crop_production_2024_summary.pdf,https://www.nass.usda.gov/Publications/Todays_Reports/reports/cropan25.pdf,0e3add3bc4c95c8ea5061d8e1e75d166e5d9a4a73dcf9204784be6697e94c0c9,2024,"1,000 acres",bushels per acre
Delaware,2023,winter_wheat,80,92,empirical/goal16/raw/usda_nass/crop_production_2024_summary.pdf,https://www.nass.usda.gov/Publications/Todays_Reports/reports/cropan25.pdf,0e3add3bc4c95c8ea5061d8e1e75d166e5d9a4a73dcf9204784be6697e94c0c9,2024,"1,000 acres",bushels per acre
Delaware,2024,corn,165,171,empirical/goal16/raw/usda_nass/crop_production_2024_summary.pdf,https://www.nass.usda.gov/Publications/Todays_Reports/reports/cropan25.pdf,0e3add3bc4c95c8ea5061d8e1e75d166e5d9a4a73dcf9204784be6697e94c0c9,2024,"1,000 acres",bushels per acre
Delaware,2024,soybeans,155,45,empirical/goal16/raw/usda_nass/crop_production_2024_summary.pdf,https://www.nass.usda.gov/Publications/Todays_Reports/reports/cropan25.pdf,0e3add3bc4c95c8ea5061d8e1e75d166e5d9a4a73dcf9204784be6697e94c0c9,2024,"1,000 acres",bushels per acre
Delaware,2024,winter_wheat,70,72,empirical/goal16/raw/usda_nass/crop_production_2024_summary.pdf,https://www.nass.usda.gov/Publications/Todays_Reports/reports/cropan25.pdf,0e3add3bc4c95c8ea5061d8e1e75d166e5d9a4a73dcf9204784be6697e94c0c9,2024,"1,000 acres",bushels per acre
Florida,2016,corn,80,145,empirical/goal16/raw/usda_nass/crop_production_2018_summary.pdf,https://www.nass.usda.gov/Publications/Todays_Reports/reports/cropan19.pdf,659b038284fe830330b7329eb0eca9ae4f6b06ff12b77a5b874adfc9818db0fd,2018,"1,000 acres",bushels per acre
Florida,2016,soybeans,31,36,empirical/goal16/raw/usda_nass/crop_production_2018_summary.pdf,https://www.nass.usda.gov/Publications/Todays_Reports/reports/cropan19.pdf,659b038284fe830330b7329eb0eca9ae4f6b06ff12b77a5b874adfc9818db0fd,2018,"1,000 acres",bushels per acre
Florida,2016,winter_wheat,22,30,empirical/goal16/raw/usda_nass/crop_production_2018_summary.pdf,https://www.nass.usda.gov/Publications/Todays_Reports/reports/cropan19.pdf,659b038284fe830330b7329eb0eca9ae4f6b06ff12b77a5b874adfc9818db0fd,2018,"1,000 acres",bushels per acre
Florida,2017,corn,75,161,empirical/goal16/raw/usda_nass/crop_production_2018_summary.pdf,https://www.nass.usda.gov/Publications/Todays_Reports/reports/cropan19.pdf,659b038284fe830330b7329eb0eca9ae4f6b06ff12b77a5b874adfc9818db0fd,2018,"1,000 acres",bushels per acre
Florida,2017,soybeans,15,34,empirical/goal16/raw/usda_nass/crop_production_2018_summary.pdf,https://www.nass.usda.gov/Publications/Todays_Reports/reports/cropan19.pdf,659b038284fe830330b7329eb0eca9ae4f6b06ff12b77a5b874adfc9818db0fd,2018,"1,000 acres",bushels per acre
Florida,2017,winter_wheat,20,37,empirical/goal16/raw/usda_nass/crop_production_2018_summary.pdf,https://www.nass.usda.gov/Publications/Todays_Reports/reports/cropan19.pdf,659b038284fe830330b7329eb0eca9ae4f6b06ff12b77a5b874adfc9818db0fd,2018,"1,000 acres",bushels per acre
Florida,2018,corn,100,157,empirical/goal16/raw/usda_nass/crop_production_2018_summary.pdf,https://www.nass.usda.gov/Publications/Todays_Reports/reports/cropan19.pdf,659b038284fe830330b7329eb0eca9ae4f6b06ff12b77a5b874adfc9818db0fd,2018,"1,000 acres",bushels per acre
Florida,2018,soybeans,18,38,empirical/goal16/raw/usda_nass/crop_production_2018_summary.pdf,https://www.nass.usda.gov/Publications/Todays_Reports/reports/cropan19.pdf,659b038284fe830330b7329eb0eca9ae4f6b06ff12b77a5b874adfc9818db0fd,2018,"1,000 acres",bushels per acre
Florida,2018,winter_wheat,15,36,empirical/goal16/raw/usda_nass/crop_production_2018_summary.pdf,https://www.nass.usda.gov/Publications/Todays_Reports/reports/cropan19.pdf,659b038284fe830330b7329eb0eca9ae4f6b06ff12b77a5b874adfc9818db0fd,2018,"1,000 acres",bushels per acre
Florida,2019,corn,95,161,empirical/goal16/raw/usda_nass/crop_production_2021_summary.pdf,https://www.nass.usda.gov/Publications/Todays_Reports/reports/cropan22.pdf,e54c9e6270e4c527e5496c4925111a3ea898d33009b99cf7c69cc978d2bbf080,2021,"1,000 acres",bushels per acre
Florida,2020,corn,100,138,empirical/goal16/raw/usda_nass/crop_production_2021_summary.pdf,https://www.nass.usda.gov/Publications/Todays_Reports/reports/cropan22.pdf,e54c9e6270e4c527e5496c4925111a3ea898d33009b99cf7c69cc978d2bbf080,2021,"1,000 acres",bushels per acre
Florida,2021,corn,95,176,empirical/goal16/raw/usda_nass/crop_production_2021_summary.pdf,https://www.nass.usda.gov/Publications/Todays_Reports/reports/cropan22.pdf,e54c9e6270e4c527e5496c4925111a3ea898d33009b99cf7c69cc978d2bbf080,2021,"1,000 acres",bushels per acre
Florida,2022,corn,85,164,empirical/goal16/raw/usda_nass/crop_production_2024_summary.pdf,https://www.nass.usda.gov/Publications/Todays_Reports/reports/cropan25.pdf,0e3add3bc4c95c8ea5061d8e1e75d166e5d9a4a73dcf9204784be6697e94c0c9,2024,"1,000 acres",bushels per acre
Florida,2023,corn,90,158,empirical/goal16/raw/usda_nass/crop_production_2024_summary.pdf,https://www.nass.usda.gov/Publications/Todays_Reports/reports/cropan25.pdf,0e3add3bc4c95c8ea5061d8e1e75d166e5d9a4a73dcf9204784be6697e94c0c9,2024,"1,000 acres",bushels per acre
Florida,2024,corn,85,141,empirical/goal16/raw/usda_nass/crop_production_2024_summary.pdf,https://www.nass.usda.gov/Publications/Todays_Reports/reports/cropan25.pdf,0e3add3bc4c95c8ea5061d8e1e75d166e5d9a4a73dcf9204784be6697e94c0c9,2024,"1,000 acres",bushels per acre
Georgia,2016,corn,410,165,empirical/goal16/raw/usda_nass/crop_production_2018_summary.pdf,https://www.nass.usda.gov/Publications/Todays_Reports/reports/cropan19.pdf,659b038284fe830330b7329eb0eca9ae4f6b06ff12b77a5b874adfc9818db0fd,2018,"1,000 acres",bushels per acre
Georgia,2016,soybeans,260,30,empirical/goal16/raw/usda_nass/crop_production_2018_summary.pdf,https://www.nass.usda.gov/Publications/Todays_Reports/reports/cropan19.pdf,659b038284fe830330b7329eb0eca9ae4f6b06ff12b77a5b874adfc9818db0fd,2018,"1,000 acres",bushels per acre
Georgia,2016,winter_wheat,180,46,empirical/goal16/raw/usda_nass/crop_production_2018_summary.pdf,https://www.nass.usda.gov/Publications/Todays_Reports/reports/cropan19.pdf,659b038284fe830330b7329eb0eca9ae4f6b06ff12b77a5b874adfc9818db0fd,2018,"1,000 acres",bushels per acre
Georgia,2017,corn,290,176,empirical/goal16/raw/usda_nass/crop_production_2018_summary.pdf,https://www.nass.usda.gov/Publications/Todays_Reports/reports/cropan19.pdf,659b038284fe830330b7329eb0eca9ae4f6b06ff12b77a5b874adfc9818db0fd,2018,"1,000 acres",bushels per acre
Georgia,2017,soybeans,155,42,empirical/goal16/raw/usda_nass/crop_production_2018_summary.pdf,https://www.nass.usda.gov/Publications/Todays_Reports/reports/cropan19.pdf,659b038284fe830330b7329eb0eca9ae4f6b06ff12b77a5b874adfc9818db0fd,2018,"1,000 acres",bushels per acre
Georgia,2017,winter_wheat,160,47,empirical/goal16/raw/usda_nass/crop_production_2018_summary.pdf,https://www.nass.usda.gov/Publications/Todays_Reports/reports/cropan19.pdf,659b038284fe830330b7329eb0eca9ae4f6b06ff12b77a5b874adfc9818db0fd,2018,"1,000 acres",bushels per acre
Georgia,2018,corn,325,176,empirical/goal16/raw/usda_nass/crop_production_2018_summary.pdf,https://www.nass.usda.gov/Publications/Todays_Reports/reports/cropan19.pdf,659b038284fe830330b7329eb0eca9ae4f6b06ff12b77a5b874adfc9818db0fd,2018,"1,000 acres",bushels per acre
Georgia,2018,soybeans,145,40,empirical/goal16/raw/usda_nass/crop_production_2018_summary.pdf,https://www.nass.usda.gov/Publications/Todays_Reports/reports/cropan19.pdf,659b038284fe830330b7329eb0eca9ae4f6b06ff12b77a5b874adfc9818db0fd,2018,"1,000 acres",bushels per acre
Georgia,2018,winter_wheat,200,54,empirical/goal16/raw/usda_nass/crop_production_2018_summary.pdf,https://www.nass.usda.gov/Publications/Todays_Reports/reports/cropan19.pdf,659b038284fe830330b7329eb0eca9ae4f6b06ff12b77a5b874adfc9818db0fd,2018,"1,000 acres",bushels per acre
Georgia,2019,corn,395,160,empirical/goal16/raw/usda_nass/crop_production_2021_summary.pdf,https://www.nass.usda.gov/Publications/Todays_Reports/reports/cropan22.pdf,e54c9e6270e4c527e5496c4925111a3ea898d33009b99cf7c69cc978d2bbf080,2021,"1,000 acres",bushels per acre
Georgia,2019,soybeans,100,29,empirical/goal16/raw/usda_nass/crop_production_2021_summary.pdf,https://www.nass.usda.gov/Publications/Todays_Reports/reports/cropan22.pdf,e54c9e6270e4c527e5496c4925111a3ea898d33009b99cf7c69cc978d2bbf080,2021,"1,000 acres",bushels per acre
Georgia,2019,winter_wheat,150,56,empirical/goal16/raw/usda_nass/crop_production_2021_summary.pdf,https://www.nass.usda.gov/Publications/Todays_Reports/reports/cropan22.pdf,e54c9e6270e4c527e5496c4925111a3ea898d33009b99cf7c69cc978d2bbf080,2021,"1,000 acres",bushels per acre
Georgia,2020,corn,420,180,empirical/goal16/raw/usda_nass/crop_production_2021_summary.pdf,https://www.nass.usda.gov/Publications/Todays_Reports/reports/cropan22.pdf,e54c9e6270e4c527e5496c4925111a3ea898d33009b99cf7c69cc978d2bbf080,2021,"1,000 acres",bushels per acre
Georgia,2020,soybeans,100,41,empirical/goal16/raw/usda_nass/crop_production_2021_summary.pdf,https://www.nass.usda.gov/Publications/Todays_Reports/reports/cropan22.pdf,e54c9e6270e4c527e5496c4925111a3ea898d33009b99cf7c69cc978d2bbf080,2021,"1,000 acres",bushels per acre
Georgia,2020,winter_wheat,190,55,empirical/goal16/raw/usda_nass/crop_production_2021_summary.pdf,https://www.nass.usda.gov/Publications/Todays_Reports/reports/cropan22.pdf,e54c9e6270e4c527e5496c4925111a3ea898d33009b99cf7c69cc978d2bbf080,2021,"1,000 acres",bushels per acre
Georgia,2021,corn,480,182,empirical/goal16/raw/usda_nass/crop_production_2021_summary.pdf,https://www.nass.usda.gov/Publications/Todays_Reports/reports/cropan22.pdf,e54c9e6270e4c527e5496c4925111a3ea898d33009b99cf7c69cc978d2bbf080,2021,"1,000 acres",bushels per acre
Georgia,2021,soybeans,140,46,empirical/goal16/raw/usda_nass/crop_production_2021_summary.pdf,https://www.nass.usda.gov/Publications/Todays_Reports/reports/cropan22.pdf,e54c9e6270e4c527e5496c4925111a3ea898d33009b99cf7c69cc978d2bbf080,2021,"1,000 acres",bushels per acre
Georgia,2021,winter_wheat,220,56,empirical/goal16/raw/usda_nass/crop_production_2021_summary.pdf,https://www.nass.usda.gov/Publications/Todays_Reports/reports/cropan22.pdf,e54c9e6270e4c527e5496c4925111a3ea898d33009b99cf7c69cc978d2bbf080,2021,"1,000 acres",bushels per acre
Georgia,2022,corn,415,175,empirical/goal16/raw/usda_nass/crop_production_2024_summary.pdf,https://www.nass.usda.gov/Publications/Todays_Reports/reports/cropan25.pdf,0e3add3bc4c95c8ea5061d8e1e75d166e5d9a4a73dcf9204784be6697e94c0c9,2024,"1,000 acres",bushels per acre
Georgia,2022,soybeans,165,41,empirical/goal16/raw/usda_nass/crop_production_2024_summary.pdf,https://www.nass.usda.gov/Publications/Todays_Reports/reports/cropan25.pdf,0e3add3bc4c95c8ea5061d8e1e75d166e5d9a4a73dcf9204784be6697e94c0c9,2024,"1,000 acres",bushels per acre
Georgia,2022,winter_wheat,200,58,empirical/goal16/raw/usda_nass/crop_production_2024_summary.pdf,https://www.nass.usda.gov/Publications/Todays_Reports/reports/cropan25.pdf,0e3add3bc4c95c8ea5061d8e1e75d166e5d9a4a73dcf9204784be6697e94c0c9,2024,"1,000 acres",bushels per acre
Georgia,2023,corn,485,174,empirical/goal16/raw/usda_nass/crop_production_2024_summary.pdf,https://www.nass.usda.gov/Publications/Todays_Reports/reports/cropan25.pdf,0e3add3bc4c95c8ea5061d8e1e75d166e5d9a4a73dcf9204784be6697e94c0c9,2024,"1,000 acres",bushels per acre
Georgia,2023,soybeans,160,43,empirical/goal16/raw/usda_nass/crop_production_2024_summary.pdf,https://www.nass.usda.gov/Publications/Todays_Reports/reports/cropan25.pdf,0e3add3bc4c95c8ea5061d8e1e75d166e5d9a4a73dcf9204784be6697e94c0c9,2024,"1,000 acres",bushels per acre
Georgia,2023,winter_wheat,195,55,empirical/goal16/raw/usda_nass/crop_production_2024_summary.pdf,https://www.nass.usda.gov/Publications/Todays_Reports/reports/cropan25.pdf,0e3add3bc4c95c8ea5061d8e1e75d166e5d9a4a73dcf9204784be6697e94c0c9,2024,"1,000 acres",bushels per acre
Georgia,2024,corn,375,163,empirical/goal16/raw/usda_nass/crop_production_2024_summary.pdf,https://www.nass.usda.gov/Publications/Todays_Reports/reports/cropan25.pdf,0e3add3bc4c95c8ea5061d8e1e75d166e5d9a4a73dcf9204784be6697e94c0c9,2024,"1,000 acres",bushels per acre
Georgia,2024,soybeans,170,47,empirical/goal16/raw/usda_nass/crop_production_2024_summary.pdf,https://www.nass.usda.gov/Publications/Todays_Reports/reports/cropan25.pdf,0e3add3bc4c95c8ea5061d8e1e75d166e5d9a4a73dcf9204784be6697e94c0c9,2024,"1,000 acres",bushels per acre
Georgia,2024,winter_wheat,145,59,empirical/goal16/raw/usda_nass/crop_production_2024_summary.pdf,https://www.nass.usda.gov/Publications/Todays_Reports/reports/cropan25.pdf,0e3add3bc4c95c8ea5061d8e1e75d166e5d9a4a73dcf9204784be6697e94c0c9,2024,"1,000 acres",bushels per acre
Idaho,2016,corn,340,188,empirical/goal16/raw/usda_nass/crop_production_2018_summary.pdf,https://www.nass.usda.gov/Publications/Todays_Reports/reports/cropan19.pdf,659b038284fe830330b7329eb0eca9ae4f6b06ff12b77a5b874adfc9818db0fd,2018,"1,000 acres",bushels per acre
Idaho,2016,winter_wheat,770,94,empirical/goal16/raw/usda_nass/crop_production_2018_summary.pdf,https://www.nass.usda.gov/Publications/Todays_Reports/reports/cropan19.pdf,659b038284fe830330b7329eb0eca9ae4f6b06ff12b77a5b874adfc9818db0fd,2018,"1,000 acres",bushels per acre
Idaho,2017,corn,340,203,empirical/goal16/raw/usda_nass/crop_production_2018_summary.pdf,https://www.nass.usda.gov/Publications/Todays_Reports/reports/cropan19.pdf,659b038284fe830330b7329eb0eca9ae4f6b06ff12b77a5b874adfc9818db0fd,2018,"1,000 acres",bushels per acre
Idaho,2017,winter_wheat,720,80,empirical/goal16/raw/usda_nass/crop_production_2018_summary.pdf,https://www.nass.usda.gov/Publications/Todays_Reports/reports/cropan19.pdf,659b038284fe830330b7329eb0eca9ae4f6b06ff12b77a5b874adfc9818db0fd,2018,"1,000 acres",bushels per acre
Idaho,2018,corn,360,213,empirical/goal16/raw/usda_nass/crop_production_2018_summary.pdf,https://www.nass.usda.gov/Publications/Todays_Reports/reports/cropan19.pdf,659b038284fe830330b7329eb0eca9ae4f6b06ff12b77a5b874adfc9818db0fd,2018,"1,000 acres",bushels per acre
Idaho,2018,winter_wheat,720,90,empirical/goal16/raw/usda_nass/crop_production_2018_summary.pdf,https://www.nass.usda.gov/Publications/Todays_Reports/reports/cropan19.pdf,659b038284fe830330b7329eb0eca9ae4f6b06ff12b77a5b874adfc9818db0fd,2018,"1,000 acres",bushels per acre
Idaho,2019,corn,390,205,empirical/goal16/raw/usda_nass/crop_production_2021_summary.pdf,https://www.nass.usda.gov/Publications/Todays_Reports/reports/cropan22.pdf,e54c9e6270e4c527e5496c4925111a3ea898d33009b99cf7c69cc978d2bbf080,2021,"1,000 acres",bushels per acre
Idaho,2019,winter_wheat,730,87,empirical/goal16/raw/usda_nass/crop_production_2021_summary.pdf,https://www.nass.usda.gov/Publications/Todays_Reports/reports/cropan22.pdf,e54c9e6270e4c527e5496c4925111a3ea898d33009b99cf7c69cc978d2bbf080,2021,"1,000 acres",bushels per acre
Idaho,2020,corn,390,199,empirical/goal16/raw/usda_nass/crop_production_2021_summary.pdf,https://www.nass.usda.gov/Publications/Todays_Reports/reports/cropan22.pdf,e54c9e6270e4c527e5496c4925111a3ea898d33009b99cf7c69cc978d2bbf080,2021,"1,000 acres",bushels per acre
Idaho,2020,winter_wheat,720,101,empirical/goal16/raw/usda_nass/crop_production_2021_summary.pdf,https://www.nass.usda.gov/Publications/Todays_Reports/reports/cropan22.pdf,e54c9e6270e4c527e5496c4925111a3ea898d33009b99cf7c69cc978d2bbf080,2021,"1,000 acres",bushels per acre
Idaho,2021,corn,380,210,empirical/goal16/raw/usda_nass/crop_production_2021_summary.pdf,https://www.nass.usda.gov/Publications/Todays_Reports/reports/cropan22.pdf,e54c9e6270e4c527e5496c4925111a3ea898d33009b99cf7c69cc978d2bbf080,2021,"1,000 acres",bushels per acre
Idaho,2021,winter_wheat,710,71,empirical/goal16/raw/usda_nass/crop_production_2021_summary.pdf,https://www.nass.usda.gov/Publications/Todays_Reports/reports/cropan22.pdf,e54c9e6270e4c527e5496c4925111a3ea898d33009b99cf7c69cc978d2bbf080,2021,"1,000 acres",bushels per acre
Idaho,2022,corn,310,216,empirical/goal16/raw/usda_nass/crop_production_2024_summary.pdf,https://www.nass.usda.gov/Publications/Todays_Reports/reports/cropan25.pdf,0e3add3bc4c95c8ea5061d8e1e75d166e5d9a4a73dcf9204784be6697e94c0c9,2024,"1,000 acres",bushels per acre
Idaho,2022,winter_wheat,770,90,empirical/goal16/raw/usda_nass/crop_production_2024_summary.pdf,https://www.nass.usda.gov/Publications/Todays_Reports/reports/cropan25.pdf,0e3add3bc4c95c8ea5061d8e1e75d166e5d9a4a73dcf9204784be6697e94c0c9,2024,"1,000 acres",bushels per acre
Idaho,2023,corn,360,203,empirical/goal16/raw/usda_nass/crop_production_2024_summary.pdf,https://www.nass.usda.gov/Publications/Todays_Reports/reports/cropan25.pdf,0e3add3bc4c95c8ea5061d8e1e75d166e5d9a4a73dcf9204784be6697e94c0c9,2024,"1,000 acres",bushels per acre
Idaho,2023,winter_wheat,750,89,empirical/goal16/raw/usda_nass/crop_production_2024_summary.pdf,https://www.nass.usda.gov/Publications/Todays_Reports/reports/cropan25.pdf,0e3add3bc4c95c8ea5061d8e1e75d166e5d9a4a73dcf9204784be6697e94c0c9,2024,"1,000 acres",bushels per acre
Idaho,2024,corn,380,206,empirical/goal16/raw/usda_nass/crop_production_2024_summary.pdf,https://www.nass.usda.gov/Publications/Todays_Reports/reports/cropan25.pdf,0e3add3bc4c95c8ea5061d8e1e75d166e5d9a4a73dcf9204784be6697e94c0c9,2024,"1,000 acres",bushels per acre
Idaho,2024,winter_wheat,760,89,empirical/goal16/raw/usda_nass/crop_production_2024_summary.pdf,https://www.nass.usda.gov/Publications/Todays_Reports/reports/cropan25.pdf,0e3add3bc4c95c8ea5061d8e1e75d166e5d9a4a73dcf9204784be6697e94c0c9,2024,"1,000 acres",bushels per acre
Illinois,2016,corn,11600,197,empirical/goal16/raw/usda_nass/crop_production_2018_summary.pdf,https://www.nass.usda.gov/Publications/Todays_Reports/reports/cropan19.pdf,659b038284fe830330b7329eb0eca9ae4f6b06ff12b77a5b874adfc9818db0fd,2018,"1,000 acres",bushels per acre
Illinois,2016,soybeans,10100,59,empirical/goal16/raw/usda_nass/crop_production_2018_summary.pdf,https://www.nass.usda.gov/Publications/Todays_Reports/reports/cropan19.pdf,659b038284fe830330b7329eb0eca9ae4f6b06ff12b77a5b874adfc9818db0fd,2018,"1,000 acres",bushels per acre
Illinois,2016,winter_wheat,520,74,empirical/goal16/raw/usda_nass/crop_production_2018_summary.pdf,https://www.nass.usda.gov/Publications/Todays_Reports/reports/cropan19.pdf,659b038284fe830330b7329eb0eca9ae4f6b06ff12b77a5b874adfc9818db0fd,2018,"1,000 acres",bushels per acre
Illinois,2017,corn,11200,201,empirical/goal16/raw/usda_nass/crop_production_2018_summary.pdf,https://www.nass.usda.gov/Publications/Todays_Reports/reports/cropan19.pdf,659b038284fe830330b7329eb0eca9ae4f6b06ff12b77a5b874adfc9818db0fd,2018,"1,000 acres",bushels per acre
Illinois,2017,soybeans,10600,58,empirical/goal16/raw/usda_nass/crop_production_2018_summary.pdf,https://www.nass.usda.gov/Publications/Todays_Reports/reports/cropan19.pdf,659b038284fe830330b7329eb0eca9ae4f6b06ff12b77a5b874adfc9818db0fd,2018,"1,000 acres",bushels per acre
Illinois,2017,winter_wheat,500,76,empirical/goal16/raw/usda_nass/crop_production_2018_summary.pdf,https://www.nass.usda.gov/Publications/Todays_Reports/reports/cropan19.pdf,659b038284fe830330b7329eb0eca9ae4f6b06ff12b77a5b874adfc9818db0fd,2018,"1,000 acres",bushels per acre
Illinois,2018,corn,11000,210,empirical/goal16/raw/usda_nass/crop_production_2018_summary.pdf,https://www.nass.usda.gov/Publications/Todays_Reports/reports/cropan19.pdf,659b038284fe830330b7329eb0eca9ae4f6b06ff12b77a5b874adfc9818db0fd,2018,"1,000 acres",bushels per acre
Illinois,2018,soybeans,10800,65,empirical/goal16/raw/usda_nass/crop_production_2018_summary.pdf,https://www.nass.usda.gov/Publications/Todays_Reports/reports/cropan19.pdf,659b038284fe830330b7329eb0eca9ae4f6b06ff12b77a5b874adfc9818db0fd,2018,"1,000 acres",bushels per acre
Illinois,2018,winter_wheat,600,66,empirical/goal16/raw/usda_nass/crop_production_2018_summary.pdf,https://www.nass.usda.gov/Publications/Todays_Reports/reports/cropan19.pdf,659b038284fe830330b7329eb0eca9ae4f6b06ff12b77a5b874adfc9818db0fd,2018,"1,000 acres",bushels per acre
Illinois,2019,corn,10500,181,empirical/goal16/raw/usda_nass/crop_production_2021_summary.pdf,https://www.nass.usda.gov/Publications/Todays_Reports/reports/cropan22.pdf,e54c9e6270e4c527e5496c4925111a3ea898d33009b99cf7c69cc978d2bbf080,2021,"1,000 acres",bushels per acre
Illinois,2019,soybeans,9950,54,empirical/goal16/raw/usda_nass/crop_production_2021_summary.pdf,https://www.nass.usda.gov/Publications/Todays_Reports/reports/cropan22.pdf,e54c9e6270e4c527e5496c4925111a3ea898d33009b99cf7c69cc978d2bbf080,2021,"1,000 acres",bushels per acre
Illinois,2019,winter_wheat,650,67,empirical/goal16/raw/usda_nass/crop_production_2021_summary.pdf,https://www.nass.usda.gov/Publications/Todays_Reports/reports/cropan22.pdf,e54c9e6270e4c527e5496c4925111a3ea898d33009b99cf7c69cc978d2bbf080,2021,"1,000 acres",bushels per acre
Illinois,2020,corn,11300,191,empirical/goal16/raw/usda_nass/crop_production_2021_summary.pdf,https://www.nass.usda.gov/Publications/Todays_Reports/reports/cropan22.pdf,e54c9e6270e4c527e5496c4925111a3ea898d33009b99cf7c69cc978d2bbf080,2021,"1,000 acres",bushels per acre
Illinois,2020,soybeans,10300,60,empirical/goal16/raw/usda_nass/crop_production_2021_summary.pdf,https://www.nass.usda.gov/Publications/Todays_Reports/reports/cropan22.pdf,e54c9e6270e4c527e5496c4925111a3ea898d33009b99cf7c69cc978d2bbf080,2021,"1,000 acres",bushels per acre
Illinois,2020,winter_wheat,570,68,empirical/goal16/raw/usda_nass/crop_production_2021_summary.pdf,https://www.nass.usda.gov/Publications/Todays_Reports/reports/cropan22.pdf,e54c9e6270e4c527e5496c4925111a3ea898d33009b99cf7c69cc978d2bbf080,2021,"1,000 acres",bushels per acre
Illinois,2021,corn,11000,202,empirical/goal16/raw/usda_nass/crop_production_2021_summary.pdf,https://www.nass.usda.gov/Publications/Todays_Reports/reports/cropan22.pdf,e54c9e6270e4c527e5496c4925111a3ea898d33009b99cf7c69cc978d2bbf080,2021,"1,000 acres",bushels per acre
Illinois,2021,soybeans,10600,64,empirical/goal16/raw/usda_nass/crop_production_2021_summary.pdf,https://www.nass.usda.gov/Publications/Todays_Reports/reports/cropan22.pdf,e54c9e6270e4c527e5496c4925111a3ea898d33009b99cf7c69cc978d2bbf080,2021,"1,000 acres",bushels per acre
Illinois,2021,winter_wheat,670,79,empirical/goal16/raw/usda_nass/crop_production_2021_summary.pdf,https://www.nass.usda.gov/Publications/Todays_Reports/reports/cropan22.pdf,e54c9e6270e4c527e5496c4925111a3ea898d33009b99cf7c69cc978d2bbf080,2021,"1,000 acres",bushels per acre
Illinois,2022,corn,10800,214,empirical/goal16/raw/usda_nass/crop_production_2024_summary.pdf,https://www.nass.usda.gov/Publications/Todays_Reports/reports/cropan25.pdf,0e3add3bc4c95c8ea5061d8e1e75d166e5d9a4a73dcf9204784be6697e94c0c9,2024,"1,000 acres",bushels per acre
Illinois,2022,soybeans,10800,63,empirical/goal16/raw/usda_nass/crop_production_2024_summary.pdf,https://www.nass.usda.gov/Publications/Todays_Reports/reports/cropan25.pdf,0e3add3bc4c95c8ea5061d8e1e75d166e5d9a4a73dcf9204784be6697e94c0c9,2024,"1,000 acres",bushels per acre
Illinois,2022,winter_wheat,650,79,empirical/goal16/raw/usda_nass/crop_production_2024_summary.pdf,https://www.nass.usda.gov/Publications/Todays_Reports/reports/cropan25.pdf,0e3add3bc4c95c8ea5061d8e1e75d166e5d9a4a73dcf9204784be6697e94c0c9,2024,"1,000 acres",bushels per acre
Illinois,2023,corn,11200,206,empirical/goal16/raw/usda_nass/crop_production_2024_summary.pdf,https://www.nass.usda.gov/Publications/Todays_Reports/reports/cropan25.pdf,0e3add3bc4c95c8ea5061d8e1e75d166e5d9a4a73dcf9204784be6697e94c0c9,2024,"1,000 acres",bushels per acre
Illinois,2023,soybeans,10350,63,empirical/goal16/raw/usda_nass/crop_production_2024_summary.pdf,https://www.nass.usda.gov/Publications/Todays_Reports/reports/cropan25.pdf,0e3add3bc4c95c8ea5061d8e1e75d166e5d9a4a73dcf9204784be6697e94c0c9,2024,"1,000 acres",bushels per acre
Illinois,2023,winter_wheat,840,87,empirical/goal16/raw/usda_nass/crop_production_2024_summary.pdf,https://www.nass.usda.gov/Publications/Todays_Reports/reports/cropan25.pdf,0e3add3bc4c95c8ea5061d8e1e75d166e5d9a4a73dcf9204784be6697e94c0c9,2024,"1,000 acres",bushels per acre
Illinois,2024,corn,10800,217,empirical/goal16/raw/usda_nass/crop_production_2024_summary.pdf,https://www.nass.usda.gov/Publications/Todays_Reports/reports/cropan25.pdf,0e3add3bc4c95c8ea5061d8e1e75d166e5d9a4a73dcf9204784be6697e94c0c9,2024,"1,000 acres",bushels per acre
Illinois,2024,soybeans,10800,64,empirical/goal16/raw/usda_nass/crop_production_2024_summary.pdf,https://www.nass.usda.gov/Publications/Todays_Reports/reports/cropan25.pdf,0e3add3bc4c95c8ea5061d8e1e75d166e5d9a4a73dcf9204784be6697e94c0c9,2024,"1,000 acres",bushels per acre
Illinois,2024,winter_wheat,770,86,empirical/goal16/raw/usda_nass/crop_production_2024_summary.pdf,https://www.nass.usda.gov/Publications/Todays_Reports/reports/cropan25.pdf,0e3add3bc4c95c8ea5061d8e1e75d166e5d9a4a73dcf9204784be6697e94c0c9,2024,"1,000 acres",bushels per acre
Indiana,2016,corn,5600,173,empirical/goal16/raw/usda_nass/crop_production_2018_summary.pdf,https://www.nass.usda.gov/Publications/Todays_Reports/reports/cropan19.pdf,659b038284fe830330b7329eb0eca9ae4f6b06ff12b77a5b874adfc9818db0fd,2018,"1,000 acres",bushels per acre
Indiana,2016,soybeans,5650,57.5,empirical/goal16/raw/usda_nass/crop_production_2018_summary.pdf,https://www.nass.usda.gov/Publications/Todays_Reports/reports/cropan19.pdf,659b038284fe830330b7329eb0eca9ae4f6b06ff12b77a5b874adfc9818db0fd,2018,"1,000 acres",bushels per acre
Indiana,2016,winter_wheat,330,81,empirical/goal16/raw/usda_nass/crop_production_2018_summary.pdf,https://www.nass.usda.gov/Publications/Todays_Reports/reports/cropan19.pdf,659b038284fe830330b7329eb0eca9ae4f6b06ff12b77a5b874adfc9818db0fd,2018,"1,000 acres",bushels per acre
Indiana,2017,corn,5350,180,empirical/goal16/raw/usda_nass/crop_production_2018_summary.pdf,https://www.nass.usda.gov/Publications/Todays_Reports/reports/cropan19.pdf,659b038284fe830330b7329eb0eca9ae4f6b06ff12b77a5b874adfc9818db0fd,2018,"1,000 acres",bushels per acre
Indiana,2017,soybeans,5950,54,empirical/goal16/raw/usda_nass/crop_production_2018_summary.pdf,https://www.nass.usda.gov/Publications/Todays_Reports/reports/cropan19.pdf,659b038284fe830330b7329eb0eca9ae4f6b06ff12b77a5b874adfc9818db0fd,2018,"1,000 acres",bushels per acre
Indiana,2017,winter_wheat,290,74,empirical/goal16/raw/usda_nass/crop_production_2018_summary.pdf,https://www.nass.usda.gov/Publications/Todays_Reports/reports/cropan19.pdf,659b038284fe830330b7329eb0eca9ae4f6b06ff12b77a5b874adfc9818db0fd,2018,"1,000 acres",bushels per acre
Indiana,2018,corn,5350,189,empirical/goal16/raw/usda_nass/crop_production_2018_summary.pdf,https://www.nass.usda.gov/Publications/Todays_Reports/reports/cropan19.pdf,659b038284fe830330b7329eb0eca9ae4f6b06ff12b77a5b874adfc9818db0fd,2018,"1,000 acres",bushels per acre
Indiana,2018,soybeans,5950,58.5,empirical/goal16/raw/usda_nass/crop_production_2018_summary.pdf,https://www.nass.usda.gov/Publications/Todays_Reports/reports/cropan19.pdf,659b038284fe830330b7329eb0eca9ae4f6b06ff12b77a5b874adfc9818db0fd,2018,"1,000 acres",bushels per acre
Indiana,2018,winter_wheat,310,71,empirical/goal16/raw/usda_nass/crop_production_2018_summary.pdf,https://www.nass.usda.gov/Publications/Todays_Reports/reports/cropan19.pdf,659b038284fe830330b7329eb0eca9ae4f6b06ff12b77a5b874adfc9818db0fd,2018,"1,000 acres",bushels per acre
Indiana,2019,corn,5000,169,empirical/goal16/raw/usda_nass/crop_production_2021_summary.pdf,https://www.nass.usda.gov/Publications/Todays_Reports/reports/cropan22.pdf,e54c9e6270e4c527e5496c4925111a3ea898d33009b99cf7c69cc978d2bbf080,2021,"1,000 acres",bushels per acre
Indiana,2019,soybeans,5400,51,empirical/goal16/raw/usda_nass/crop_production_2021_summary.pdf,https://www.nass.usda.gov/Publications/Todays_Reports/reports/cropan22.pdf,e54c9e6270e4c527e5496c4925111a3ea898d33009b99cf7c69cc978d2bbf080,2021,"1,000 acres",bushels per acre
Indiana,2019,winter_wheat,330,62,empirical/goal16/raw/usda_nass/crop_production_2021_summary.pdf,https://www.nass.usda.gov/Publications/Todays_Reports/reports/cropan22.pdf,e54c9e6270e4c527e5496c4925111a3ea898d33009b99cf7c69cc978d2bbf080,2021,"1,000 acres",bushels per acre
Indiana,2020,corn,5400,187,empirical/goal16/raw/usda_nass/crop_production_2021_summary.pdf,https://www.nass.usda.gov/Publications/Todays_Reports/reports/cropan22.pdf,e54c9e6270e4c527e5496c4925111a3ea898d33009b99cf7c69cc978d2bbf080,2021,"1,000 acres",bushels per acre
Indiana,2020,soybeans,5750,59,empirical/goal16/raw/usda_nass/crop_production_2021_summary.pdf,https://www.nass.usda.gov/Publications/Todays_Reports/reports/cropan22.pdf,e54c9e6270e4c527e5496c4925111a3ea898d33009b99cf7c69cc978d2bbf080,2021,"1,000 acres",bushels per acre
Indiana,2020,winter_wheat,300,70,empirical/goal16/raw/usda_nass/crop_production_2021_summary.pdf,https://www.nass.usda.gov/Publications/Todays_Reports/reports/cropan22.pdf,e54c9e6270e4c527e5496c4925111a3ea898d33009b99cf7c69cc978d2bbf080,2021,"1,000 acres",bushels per acre
Indiana,2021,corn,5400,195,empirical/goal16/raw/usda_nass/crop_production_2021_summary.pdf,https://www.nass.usda.gov/Publications/Todays_Reports/reports/cropan22.pdf,e54c9e6270e4c527e5496c4925111a3ea898d33009b99cf7c69cc978d2bbf080,2021,"1,000 acres",bushels per acre
Indiana,2021,soybeans,5650,59.5,empirical/goal16/raw/usda_nass/crop_production_2021_summary.pdf,https://www.nass.usda.gov/Publications/Todays_Reports/reports/cropan22.pdf,e54c9e6270e4c527e5496c4925111a3ea898d33009b99cf7c69cc978d2bbf080,2021,"1,000 acres",bushels per acre
Indiana,2021,winter_wheat,340,85,empirical/goal16/raw/usda_nass/crop_production_2021_summary.pdf,https://www.nass.usda.gov/Publications/Todays_Reports/reports/cropan22.pdf,e54c9e6270e4c527e5496c4925111a3ea898d33009b99cf7c69cc978d2bbf080,2021,"1,000 acres",bushels per acre
Indiana,2022,corn,5250,190,empirical/goal16/raw/usda_nass/crop_production_2024_summary.pdf,https://www.nass.usda.gov/Publications/Todays_Reports/reports/cropan25.pdf,0e3add3bc4c95c8ea5061d8e1e75d166e5d9a4a73dcf9204784be6697e94c0c9,2024,"1,000 acres",bushels per acre
Indiana,2022,soybeans,5850,57.5,empirical/goal16/raw/usda_nass/crop_production_2024_summary.pdf,https://www.nass.usda.gov/Publications/Todays_Reports/reports/cropan25.pdf,0e3add3bc4c95c8ea5061d8e1e75d166e5d9a4a73dcf9204784be6697e94c0c9,2024,"1,000 acres",bushels per acre
Indiana,2022,winter_wheat,290,81,empirical/goal16/raw/usda_nass/crop_production_2024_summary.pdf,https://www.nass.usda.gov/Publications/Todays_Reports/reports/cropan25.pdf,0e3add3bc4c95c8ea5061d8e1e75d166e5d9a4a73dcf9204784be6697e94c0c9,2024,"1,000 acres",bushels per acre
Indiana,2023,corn,5450,203,empirical/goal16/raw/usda_nass/crop_production_2024_summary.pdf,https://www.nass.usda.gov/Publications/Todays_Reports/reports/cropan25.pdf,0e3add3bc4c95c8ea5061d8e1e75d166e5d9a4a73dcf9204784be6697e94c0c9,2024,"1,000 acres",bushels per acre
Indiana,2023,soybeans,5500,61,empirical/goal16/raw/usda_nass/crop_production_2024_summary.pdf,https://www.nass.usda.gov/Publications/Todays_Reports/reports/cropan25.pdf,0e3add3bc4c95c8ea5061d8e1e75d166e5d9a4a73dcf9204784be6697e94c0c9,2024,"1,000 acres",bushels per acre
Indiana,2023,winter_wheat,405,92,empirical/goal16/raw/usda_nass/crop_production_2024_summary.pdf,https://www.nass.usda.gov/Publications/Todays_Reports/reports/cropan25.pdf,0e3add3bc4c95c8ea5061d8e1e75d166e5d9a4a73dcf9204784be6697e94c0c9,2024,"1,000 acres",bushels per acre
Indiana,2024,corn,5200,198,empirical/goal16/raw/usda_nass/crop_production_2024_summary.pdf,https://www.nass.usda.gov/Publications/Todays_Reports/reports/cropan25.pdf,0e3add3bc4c95c8ea5061d8e1e75d166e5d9a4a73dcf9204784be6697e94c0c9,2024,"1,000 acres",bushels per acre
Indiana,2024,soybeans,5800,59,empirical/goal16/raw/usda_nass/crop_production_2024_summary.pdf,https://www.nass.usda.gov/Publications/Todays_Reports/reports/cropan25.pdf,0e3add3bc4c95c8ea5061d8e1e75d166e5d9a4a73dcf9204784be6697e94c0c9,2024,"1,000 acres",bushels per acre
Indiana,2024,winter_wheat,310,89,empirical/goal16/raw/usda_nass/crop_production_2024_summary.pdf,https://www.nass.usda.gov/Publications/Todays_Reports/reports/cropan25.pdf,0e3add3bc4c95c8ea5061d8e1e75d166e5d9a4a73dcf9204784be6697e94c0c9,2024,"1,000 acres",bushels per acre
Iowa,2016,corn,13900,203,empirical/goal16/raw/usda_nass/crop_production_2018_summary.pdf,https://www.nass.usda.gov/Publications/Todays_Reports/reports/cropan19.pdf,659b038284fe830330b7329eb0eca9ae4f6b06ff12b77a5b874adfc9818db0fd,2018,"1,000 acres",bushels per acre
Iowa,2016,soybeans,9500,60,empirical/goal16/raw/usda_nass/crop_production_2018_summary.pdf,https://www.nass.usda.gov/Publications/Todays_Reports/reports/cropan19.pdf,659b038284fe830330b7329eb0eca9ae4f6b06ff12b77a5b874adfc9818db0fd,2018,"1,000 acres",bushels per acre
Iowa,2016,winter_wheat,25,63,empirical/goal16/raw/usda_nass/crop_production_2018_summary.pdf,https://www.nass.usda.gov/Publications/Todays_Reports/reports/cropan19.pdf,659b038284fe830330b7329eb0eca9ae4f6b06ff12b77a5b874adfc9818db0fd,2018,"1,000 acres",bushels per acre
Iowa,2017,corn,13300,202,empirical/goal16/raw/usda_nass/crop_production_2018_summary.pdf,https://www.nass.usda.gov/Publications/Todays_Reports/reports/cropan19.pdf,659b038284fe830330b7329eb0eca9ae4f6b06ff12b77a5b874adfc9818db0fd,2018,"1,000 acres",bushels per acre
Iowa,2017,soybeans,10000,57,empirical/goal16/raw/usda_nass/crop_production_2018_summary.pdf,https://www.nass.usda.gov/Publications/Todays_Reports/reports/cropan19.pdf,659b038284fe830330b7329eb0eca9ae4f6b06ff12b77a5b874adfc9818db0fd,2018,"1,000 acres",bushels per acre
Iowa,2017,winter_wheat,16,68,empirical/goal16/raw/usda_nass/crop_production_2018_summary.pdf,https://www.nass.usda.gov/Publications/Todays_Reports/reports/cropan19.pdf,659b038284fe830330b7329eb0eca9ae4f6b06ff12b77a5b874adfc9818db0fd,2018,"1,000 acres",bushels per acre
Iowa,2018,corn,13200,196,empirical/goal16/raw/usda_nass/crop_production_2018_summary.pdf,https://www.nass.usda.gov/Publications/Todays_Reports/reports/cropan19.pdf,659b038284fe830330b7329eb0eca9ae4f6b06ff12b77a5b874adfc9818db0fd,2018,"1,000 acres",bushels per acre
Iowa,2018,soybeans,10000,57,empirical/goal16/raw/usda_nass/crop_production_2018_summary.pdf,https://www.nass.usda.gov/Publications/Todays_Reports/reports/cropan19.pdf,659b038284fe830330b7329eb0eca9ae4f6b06ff12b77a5b874adfc9818db0fd,2018,"1,000 acres",bushels per acre
Iowa,2018,winter_wheat,16,58,empirical/goal16/raw/usda_nass/crop_production_2018_summary.pdf,https://www.nass.usda.gov/Publications/Todays_Reports/reports/cropan19.pdf,659b038284fe830330b7329eb0eca9ae4f6b06ff12b77a5b874adfc9818db0fd,2018,"1,000 acres",bushels per acre
Iowa,2019,corn,13500,198,empirical/goal16/raw/usda_nass/crop_production_2021_summary.pdf,https://www.nass.usda.gov/Publications/Todays_Reports/reports/cropan22.pdf,e54c9e6270e4c527e5496c4925111a3ea898d33009b99cf7c69cc978d2bbf080,2021,"1,000 acres",bushels per acre
Iowa,2019,soybeans,9200,55,empirical/goal16/raw/usda_nass/crop_production_2021_summary.pdf,https://www.nass.usda.gov/Publications/Todays_Reports/reports/cropan22.pdf,e54c9e6270e4c527e5496c4925111a3ea898d33009b99cf7c69cc978d2bbf080,2021,"1,000 acres",bushels per acre
Iowa,2020,corn,13600,177,empirical/goal16/raw/usda_nass/crop_production_2021_summary.pdf,https://www.nass.usda.gov/Publications/Todays_Reports/reports/cropan22.pdf,e54c9e6270e4c527e5496c4925111a3ea898d33009b99cf7c69cc978d2bbf080,2021,"1,000 acres",bushels per acre
Iowa,2020,soybeans,9450,54,empirical/goal16/raw/usda_nass/crop_production_2021_summary.pdf,https://www.nass.usda.gov/Publications/Todays_Reports/reports/cropan22.pdf,e54c9e6270e4c527e5496c4925111a3ea898d33009b99cf7c69cc978d2bbf080,2021,"1,000 acres",bushels per acre
Iowa,2021,corn,12900,205,empirical/goal16/raw/usda_nass/crop_production_2021_summary.pdf,https://www.nass.usda.gov/Publications/Todays_Reports/reports/cropan22.pdf,e54c9e6270e4c527e5496c4925111a3ea898d33009b99cf7c69cc978d2bbf080,2021,"1,000 acres",bushels per acre
Iowa,2021,soybeans,10100,62,empirical/goal16/raw/usda_nass/crop_production_2021_summary.pdf,https://www.nass.usda.gov/Publications/Todays_Reports/reports/cropan22.pdf,e54c9e6270e4c527e5496c4925111a3ea898d33009b99cf7c69cc978d2bbf080,2021,"1,000 acres",bushels per acre
Iowa,2022,corn,12900,200,empirical/goal16/raw/usda_nass/crop_production_2024_summary.pdf,https://www.nass.usda.gov/Publications/Todays_Reports/reports/cropan25.pdf,0e3add3bc4c95c8ea5061d8e1e75d166e5d9a4a73dcf9204784be6697e94c0c9,2024,"1,000 acres",bushels per acre
Iowa,2022,soybeans,10100,58.5,empirical/goal16/raw/usda_nass/crop_production_2024_summary.pdf,https://www.nass.usda.gov/Publications/Todays_Reports/reports/cropan25.pdf,0e3add3bc4c95c8ea5061d8e1e75d166e5d9a4a73dcf9204784be6697e94c0c9,2024,"1,000 acres",bushels per acre
Iowa,2023,corn,13100,201,empirical/goal16/raw/usda_nass/crop_production_2024_summary.pdf,https://www.nass.usda.gov/Publications/Todays_Reports/reports/cropan25.pdf,0e3add3bc4c95c8ea5061d8e1e75d166e5d9a4a73dcf9204784be6697e94c0c9,2024,"1,000 acres",bushels per acre
Iowa,2023,soybeans,9950,58,empirical/goal16/raw/usda_nass/crop_production_2024_summary.pdf,https://www.nass.usda.gov/Publications/Todays_Reports/reports/cropan25.pdf,0e3add3bc4c95c8ea5061d8e1e75d166e5d9a4a73dcf9204784be6697e94c0c9,2024,"1,000 acres",bushels per acre
Iowa,2024,corn,12900,211,empirical/goal16/raw/usda_nass/crop_production_2024_summary.pdf,https://www.nass.usda.gov/Publications/Todays_Reports/reports/cropan25.pdf,0e3add3bc4c95c8ea5061d8e1e75d166e5d9a4a73dcf9204784be6697e94c0c9,2024,"1,000 acres",bushels per acre
Iowa,2024,soybeans,10050,60,empirical/goal16/raw/usda_nass/crop_production_2024_summary.pdf,https://www.nass.usda.gov/Publications/Todays_Reports/reports/cropan25.pdf,0e3add3bc4c95c8ea5061d8e1e75d166e5d9a4a73dcf9204784be6697e94c0c9,2024,"1,000 acres",bushels per acre
Kansas,2016,corn,5100,142,empirical/goal16/raw/usda_nass/crop_production_2018_summary.pdf,https://www.nass.usda.gov/Publications/Todays_Reports/reports/cropan19.pdf,659b038284fe830330b7329eb0eca9ae4f6b06ff12b77a5b874adfc9818db0fd,2018,"1,000 acres",bushels per acre
Kansas,2016,soybeans,4050,48,empirical/goal16/raw/usda_nass/crop_production_2018_summary.pdf,https://www.nass.usda.gov/Publications/Todays_Reports/reports/cropan19.pdf,659b038284fe830330b7329eb0eca9ae4f6b06ff12b77a5b874adfc9818db0fd,2018,"1,000 acres",bushels per acre
Kansas,2016,winter_wheat,8500,57,empirical/goal16/raw/usda_nass/crop_production_2018_summary.pdf,https://www.nass.usda.gov/Publications/Todays_Reports/reports/cropan19.pdf,659b038284fe830330b7329eb0eca9ae4f6b06ff12b77a5b874adfc9818db0fd,2018,"1,000 acres",bushels per acre
Kansas,2017,corn,5500,132,empirical/goal16/raw/usda_nass/crop_production_2018_summary.pdf,https://www.nass.usda.gov/Publications/Todays_Reports/reports/cropan19.pdf,659b038284fe830330b7329eb0eca9ae4f6b06ff12b77a5b874adfc9818db0fd,2018,"1,000 acres",bushels per acre
Kansas,2017,soybeans,5150,37.5,empirical/goal16/raw/usda_nass/crop_production_2018_summary.pdf,https://www.nass.usda.gov/Publications/Todays_Reports/reports/cropan19.pdf,659b038284fe830330b7329eb0eca9ae4f6b06ff12b77a5b874adfc9818db0fd,2018,"1,000 acres",bushels per acre
Kansas,2017,winter_wheat,7600,48,empirical/goal16/raw/usda_nass/crop_production_2018_summary.pdf,https://www.nass.usda.gov/Publications/Todays_Reports/reports/cropan19.pdf,659b038284fe830330b7329eb0eca9ae4f6b06ff12b77a5b874adfc9818db0fd,2018,"1,000 acres",bushels per acre
Kansas,2018,corn,5450,129,empirical/goal16/raw/usda_nass/crop_production_2018_summary.pdf,https://www.nass.usda.gov/Publications/Todays_Reports/reports/cropan19.pdf,659b038284fe830330b7329eb0eca9ae4f6b06ff12b77a5b874adfc9818db0fd,2018,"1,000 acres",bushels per acre
Kansas,2018,soybeans,4750,43.5,empirical/goal16/raw/usda_nass/crop_production_2018_summary.pdf,https://www.nass.usda.gov/Publications/Todays_Reports/reports/cropan19.pdf,659b038284fe830330b7329eb0eca9ae4f6b06ff12b77a5b874adfc9818db0fd,2018,"1,000 acres",bushels per acre
Kansas,2018,winter_wheat,7700,38,empirical/goal16/raw/usda_nass/crop_production_2018_summary.pdf,https://www.nass.usda.gov/Publications/Todays_Reports/reports/cropan19.pdf,659b038284fe830330b7329eb0eca9ae4f6b06ff12b77a5b874adfc9818db0fd,2018,"1,000 acres",bushels per acre
Kansas,2019,corn,6400,133,empirical/goal16/raw/usda_nass/crop_production_2021_summary.pdf,https://www.nass.usda.gov/Publications/Todays_Reports/reports/cropan22.pdf,e54c9e6270e4c527e5496c4925111a3ea898d33009b99cf7c69cc978d2bbf080,2021,"1,000 acres",bushels per acre
Kansas,2019,soybeans,4550,41.5,empirical/goal16/raw/usda_nass/crop_production_2021_summary.pdf,https://www.nass.usda.gov/Publications/Todays_Reports/reports/cropan22.pdf,e54c9e6270e4c527e5496c4925111a3ea898d33009b99cf7c69cc978d2bbf080,2021,"1,000 acres",bushels per acre
Kansas,2019,winter_wheat,7100,52,empirical/goal16/raw/usda_nass/crop_production_2021_summary.pdf,https://www.nass.usda.gov/Publications/Todays_Reports/reports/cropan22.pdf,e54c9e6270e4c527e5496c4925111a3ea898d33009b99cf7c69cc978d2bbf080,2021,"1,000 acres",bushels per acre
Kansas,2020,corn,6100,134,empirical/goal16/raw/usda_nass/crop_production_2021_summary.pdf,https://www.nass.usda.gov/Publications/Todays_Reports/reports/cropan22.pdf,e54c9e6270e4c527e5496c4925111a3ea898d33009b99cf7c69cc978d2bbf080,2021,"1,000 acres",bushels per acre
Kansas,2020,soybeans,4800,41,empirical/goal16/raw/usda_nass/crop_production_2021_summary.pdf,https://www.nass.usda.gov/Publications/Todays_Reports/reports/cropan22.pdf,e54c9e6270e4c527e5496c4925111a3ea898d33009b99cf7c69cc978d2bbf080,2021,"1,000 acres",bushels per acre
Kansas,2020,winter_wheat,6600,45,empirical/goal16/raw/usda_nass/crop_production_2021_summary.pdf,https://www.nass.usda.gov/Publications/Todays_Reports/reports/cropan22.pdf,e54c9e6270e4c527e5496c4925111a3ea898d33009b99cf7c69cc978d2bbf080,2021,"1,000 acres",bushels per acre
Kansas,2021,corn,5700,139,empirical/goal16/raw/usda_nass/crop_production_2021_summary.pdf,https://www.nass.usda.gov/Publications/Todays_Reports/reports/cropan22.pdf,e54c9e6270e4c527e5496c4925111a3ea898d33009b99cf7c69cc978d2bbf080,2021,"1,000 acres",bushels per acre
Kansas,2021,soybeans,4850,39.5,empirical/goal16/raw/usda_nass/crop_production_2021_summary.pdf,https://www.nass.usda.gov/Publications/Todays_Reports/reports/cropan22.pdf,e54c9e6270e4c527e5496c4925111a3ea898d33009b99cf7c69cc978d2bbf080,2021,"1,000 acres",bushels per acre
Kansas,2021,winter_wheat,7300,52,empirical/goal16/raw/usda_nass/crop_production_2021_summary.pdf,https://www.nass.usda.gov/Publications/Todays_Reports/reports/cropan22.pdf,e54c9e6270e4c527e5496c4925111a3ea898d33009b99cf7c69cc978d2bbf080,2021,"1,000 acres",bushels per acre
Kansas,2022,corn,5500,115,empirical/goal16/raw/usda_nass/crop_production_2024_summary.pdf,https://www.nass.usda.gov/Publications/Todays_Reports/reports/cropan25.pdf,0e3add3bc4c95c8ea5061d8e1e75d166e5d9a4a73dcf9204784be6697e94c0c9,2024,"1,000 acres",bushels per acre
Kansas,2022,soybeans,5050,27.5,empirical/goal16/raw/usda_nass/crop_production_2024_summary.pdf,https://www.nass.usda.gov/Publications/Todays_Reports/reports/cropan25.pdf,0e3add3bc4c95c8ea5061d8e1e75d166e5d9a4a73dcf9204784be6697e94c0c9,2024,"1,000 acres",bushels per acre
Kansas,2022,winter_wheat,7300,37,empirical/goal16/raw/usda_nass/crop_production_2024_summary.pdf,https://www.nass.usda.gov/Publications/Todays_Reports/reports/cropan25.pdf,0e3add3bc4c95c8ea5061d8e1e75d166e5d9a4a73dcf9204784be6697e94c0c9,2024,"1,000 acres",bushels per acre
Kansas,2023,corn,5750,119,empirical/goal16/raw/usda_nass/crop_production_2024_summary.pdf,https://www.nass.usda.gov/Publications/Todays_Reports/reports/cropan25.pdf,0e3add3bc4c95c8ea5061d8e1e75d166e5d9a4a73dcf9204784be6697e94c0c9,2024,"1,000 acres",bushels per acre
Kansas,2023,soybeans,4430,26,empirical/goal16/raw/usda_nass/crop_production_2024_summary.pdf,https://www.nass.usda.gov/Publications/Todays_Reports/reports/cropan25.pdf,0e3add3bc4c95c8ea5061d8e1e75d166e5d9a4a73dcf9204784be6697e94c0c9,2024,"1,000 acres",bushels per acre
Kansas,2023,winter_wheat,8100,35,empirical/goal16/raw/usda_nass/crop_production_2024_summary.pdf,https://www.nass.usda.gov/Publications/Todays_Reports/reports/cropan25.pdf,0e3add3bc4c95c8ea5061d8e1e75d166e5d9a4a73dcf9204784be6697e94c0c9,2024,"1,000 acres",bushels per acre
Kansas,2024,corn,6300,129,empirical/goal16/raw/usda_nass/crop_production_2024_summary.pdf,https://www.nass.usda.gov/Publications/Todays_Reports/reports/cropan25.pdf,0e3add3bc4c95c8ea5061d8e1e75d166e5d9a4a73dcf9204784be6697e94c0c9,2024,"1,000 acres",bushels per acre
Kansas,2024,soybeans,4530,35,empirical/goal16/raw/usda_nass/crop_production_2024_summary.pdf,https://www.nass.usda.gov/Publications/Todays_Reports/reports/cropan25.pdf,0e3add3bc4c95c8ea5061d8e1e75d166e5d9a4a73dcf9204784be6697e94c0c9,2024,"1,000 acres",bushels per acre
Kansas,2024,winter_wheat,7600,43,empirical/goal16/raw/usda_nass/crop_production_2024_summary.pdf,https://www.nass.usda.gov/Publications/Todays_Reports/reports/cropan25.pdf,0e3add3bc4c95c8ea5061d8e1e75d166e5d9a4a73dcf9204784be6697e94c0c9,2024,"1,000 acres",bushels per acre
Kentucky,2016,corn,1500,159,empirical/goal16/raw/usda_nass/crop_production_2018_summary.pdf,https://www.nass.usda.gov/Publications/Todays_Reports/reports/cropan19.pdf,659b038284fe830330b7329eb0eca9ae4f6b06ff12b77a5b874adfc9818db0fd,2018,"1,000 acres",bushels per acre
Kentucky,2016,soybeans,1790,50,empirical/goal16/raw/usda_nass/crop_production_2018_summary.pdf,https://www.nass.usda.gov/Publications/Todays_Reports/reports/cropan19.pdf,659b038284fe830330b7329eb0eca9ae4f6b06ff12b77a5b874adfc9818db0fd,2018,"1,000 acres",bushels per acre
Kentucky,2016,winter_wheat,510,80,empirical/goal16/raw/usda_nass/crop_production_2018_summary.pdf,https://www.nass.usda.gov/Publications/Todays_Reports/reports/cropan19.pdf,659b038284fe830330b7329eb0eca9ae4f6b06ff12b77a5b874adfc9818db0fd,2018,"1,000 acres",bushels per acre
Kentucky,2017,corn,1320,178,empirical/goal16/raw/usda_nass/crop_production_2018_summary.pdf,https://www.nass.usda.gov/Publications/Todays_Reports/reports/cropan19.pdf,659b038284fe830330b7329eb0eca9ae4f6b06ff12b77a5b874adfc9818db0fd,2018,"1,000 acres",bushels per acre
Kentucky,2017,soybeans,1950,53,empirical/goal16/raw/usda_nass/crop_production_2018_summary.pdf,https://www.nass.usda.gov/Publications/Todays_Reports/reports/cropan19.pdf,659b038284fe830330b7329eb0eca9ae4f6b06ff12b77a5b874adfc9818db0fd,2018,"1,000 acres",bushels per acre
Kentucky,2017,winter_wheat,480,77,empirical/goal16/raw/usda_nass/crop_production_2018_summary.pdf,https://www.nass.usda.gov/Publications/Todays_Reports/reports/cropan19.pdf,659b038284fe830330b7329eb0eca9ae4f6b06ff12b77a5b874adfc9818db0fd,2018,"1,000 acres",bushels per acre
Kentucky,2018,corn,1340,175,empirical/goal16/raw/usda_nass/crop_production_2018_summary.pdf,https://www.nass.usda.gov/Publications/Todays_Reports/reports/cropan19.pdf,659b038284fe830330b7329eb0eca9ae4f6b06ff12b77a5b874adfc9818db0fd,2018,"1,000 acres",bushels per acre
Kentucky,2018,soybeans,2000,52,empirical/goal16/raw/usda_nass/crop_production_2018_summary.pdf,https://www.nass.usda.gov/Publications/Todays_Reports/reports/cropan19.pdf,659b038284fe830330b7329eb0eca9ae4f6b06ff12b77a5b874adfc9818db0fd,2018,"1,000 acres",bushels per acre
Kentucky,2018,winter_wheat,450,66,empirical/goal16/raw/usda_nass/crop_production_2018_summary.pdf,https://www.nass.usda.gov/Publications/Todays_Reports/reports/cropan19.pdf,659b038284fe830330b7329eb0eca9ae4f6b06ff12b77a5b874adfc9818db0fd,2018,"1,000 acres",bushels per acre
Kentucky,2019,corn,1550,169,empirical/goal16/raw/usda_nass/crop_production_2021_summary.pdf,https://www.nass.usda.gov/Publications/Todays_Reports/reports/cropan22.pdf,e54c9e6270e4c527e5496c4925111a3ea898d33009b99cf7c69cc978d2bbf080,2021,"1,000 acres",bushels per acre
Kentucky,2019,soybeans,1700,46,empirical/goal16/raw/usda_nass/crop_production_2021_summary.pdf,https://www.nass.usda.gov/Publications/Todays_Reports/reports/cropan22.pdf,e54c9e6270e4c527e5496c4925111a3ea898d33009b99cf7c69cc978d2bbf080,2021,"1,000 acres",bushels per acre
Kentucky,2019,winter_wheat,460,76,empirical/goal16/raw/usda_nass/crop_production_2021_summary.pdf,https://www.nass.usda.gov/Publications/Todays_Reports/reports/cropan22.pdf,e54c9e6270e4c527e5496c4925111a3ea898d33009b99cf7c69cc978d2bbf080,2021,"1,000 acres",bushels per acre
Kentucky,2020,corn,1470,184,empirical/goal16/raw/usda_nass/crop_production_2021_summary.pdf,https://www.nass.usda.gov/Publications/Todays_Reports/reports/cropan22.pdf,e54c9e6270e4c527e5496c4925111a3ea898d33009b99cf7c69cc978d2bbf080,2021,"1,000 acres",bushels per acre
Kentucky,2020,soybeans,1850,55,empirical/goal16/raw/usda_nass/crop_production_2021_summary.pdf,https://www.nass.usda.gov/Publications/Todays_Reports/reports/cropan22.pdf,e54c9e6270e4c527e5496c4925111a3ea898d33009b99cf7c69cc978d2bbf080,2021,"1,000 acres",bushels per acre
Kentucky,2020,winter_wheat,510,63,empirical/goal16/raw/usda_nass/crop_production_2021_summary.pdf,https://www.nass.usda.gov/Publications/Todays_Reports/reports/cropan22.pdf,e54c9e6270e4c527e5496c4925111a3ea898d33009b99cf7c69cc978d2bbf080,2021,"1,000 acres",bushels per acre
Kentucky,2021,corn,1550,192,empirical/goal16/raw/usda_nass/crop_production_2021_summary.pdf,https://www.nass.usda.gov/Publications/Todays_Reports/reports/cropan22.pdf,e54c9e6270e4c527e5496c4925111a3ea898d33009b99cf7c69cc978d2bbf080,2021,"1,000 acres",bushels per acre
Kentucky,2021,soybeans,1850,56,empirical/goal16/raw/usda_nass/crop_production_2021_summary.pdf,https://www.nass.usda.gov/Publications/Todays_Reports/reports/cropan22.pdf,e54c9e6270e4c527e5496c4925111a3ea898d33009b99cf7c69cc978d2bbf080,2021,"1,000 acres",bushels per acre
Kentucky,2021,winter_wheat,510,87,empirical/goal16/raw/usda_nass/crop_production_2021_summary.pdf,https://www.nass.usda.gov/Publications/Todays_Reports/reports/cropan22.pdf,e54c9e6270e4c527e5496c4925111a3ea898d33009b99cf7c69cc978d2bbf080,2021,"1,000 acres",bushels per acre
Kentucky,2022,corn,1420,156,empirical/goal16/raw/usda_nass/crop_production_2024_summary.pdf,https://www.nass.usda.gov/Publications/Todays_Reports/reports/cropan25.pdf,0e3add3bc4c95c8ea5061d8e1e75d166e5d9a4a73dcf9204784be6697e94c0c9,2024,"1,000 acres",bushels per acre
Kentucky,2022,soybeans,1950,51,empirical/goal16/raw/usda_nass/crop_production_2024_summary.pdf,https://www.nass.usda.gov/Publications/Todays_Reports/reports/cropan25.pdf,0e3add3bc4c95c8ea5061d8e1e75d166e5d9a4a73dcf9204784be6697e94c0c9,2024,"1,000 acres",bushels per acre
Kentucky,2022,winter_wheat,530,80,empirical/goal16/raw/usda_nass/crop_production_2024_summary.pdf,https://www.nass.usda.gov/Publications/Todays_Reports/reports/cropan25.pdf,0e3add3bc4c95c8ea5061d8e1e75d166e5d9a4a73dcf9204784be6697e94c0c9,2024,"1,000 acres",bushels per acre
Kentucky,2023,corn,1600,187,empirical/goal16/raw/usda_nass/crop_production_2024_summary.pdf,https://www.nass.usda.gov/Publications/Todays_Reports/reports/cropan25.pdf,0e3add3bc4c95c8ea5061d8e1e75d166e5d9a4a73dcf9204784be6697e94c0c9,2024,"1,000 acres",bushels per acre
Kentucky,2023,soybeans,1830,55,empirical/goal16/raw/usda_nass/crop_production_2024_summary.pdf,https://www.nass.usda.gov/Publications/Todays_Reports/reports/cropan25.pdf,0e3add3bc4c95c8ea5061d8e1e75d166e5d9a4a73dcf9204784be6697e94c0c9,2024,"1,000 acres",bushels per acre
Kentucky,2023,winter_wheat,610,88,empirical/goal16/raw/usda_nass/crop_production_2024_summary.pdf,https://www.nass.usda.gov/Publications/Todays_Reports/reports/cropan25.pdf,0e3add3bc4c95c8ea5061d8e1e75d166e5d9a4a73dcf9204784be6697e94c0c9,2024,"1,000 acres",bushels per acre
Kentucky,2024,corn,1370,178,empirical/goal16/raw/usda_nass/crop_production_2024_summary.pdf,https://www.nass.usda.gov/Publications/Todays_Reports/reports/cropan25.pdf,0e3add3bc4c95c8ea5061d8e1e75d166e5d9a4a73dcf9204784be6697e94c0c9,2024,"1,000 acres",bushels per acre
Kentucky,2024,soybeans,2050,48,empirical/goal16/raw/usda_nass/crop_production_2024_summary.pdf,https://www.nass.usda.gov/Publications/Todays_Reports/reports/cropan25.pdf,0e3add3bc4c95c8ea5061d8e1e75d166e5d9a4a73dcf9204784be6697e94c0c9,2024,"1,000 acres",bushels per acre
Kentucky,2024,winter_wheat,560,75,empirical/goal16/raw/usda_nass/crop_production_2024_summary.pdf,https://www.nass.usda.gov/Publications/Todays_Reports/reports/cropan25.pdf,0e3add3bc4c95c8ea5061d8e1e75d166e5d9a4a73dcf9204784be6697e94c0c9,2024,"1,000 acres",bushels per acre
Louisiana,2016,corn,620,165,empirical/goal16/raw/usda_nass/crop_production_2018_summary.pdf,https://www.nass.usda.gov/Publications/Todays_Reports/reports/cropan19.pdf,659b038284fe830330b7329eb0eca9ae4f6b06ff12b77a5b874adfc9818db0fd,2018,"1,000 acres",bushels per acre
Louisiana,2016,soybeans,1230,48.5,empirical/goal16/raw/usda_nass/crop_production_2018_summary.pdf,https://www.nass.usda.gov/Publications/Todays_Reports/reports/cropan19.pdf,659b038284fe830330b7329eb0eca9ae4f6b06ff12b77a5b874adfc9818db0fd,2018,"1,000 acres",bushels per acre
Louisiana,2016,winter_wheat,25,45,empirical/goal16/raw/usda_nass/crop_production_2018_summary.pdf,https://www.nass.usda.gov/Publications/Todays_Reports/reports/cropan19.pdf,659b038284fe830330b7329eb0eca9ae4f6b06ff12b77a5b874adfc9818db0fd,2018,"1,000 acres",bushels per acre
Louisiana,2017,corn,500,184,empirical/goal16/raw/usda_nass/crop_production_2018_summary.pdf,https://www.nass.usda.gov/Publications/Todays_Reports/reports/cropan19.pdf,659b038284fe830330b7329eb0eca9ae4f6b06ff12b77a5b874adfc9818db0fd,2018,"1,000 acres",bushels per acre
Louisiana,2017,soybeans,1270,54,empirical/goal16/raw/usda_nass/crop_production_2018_summary.pdf,https://www.nass.usda.gov/Publications/Todays_Reports/reports/cropan19.pdf,659b038284fe830330b7329eb0eca9ae4f6b06ff12b77a5b874adfc9818db0fd,2018,"1,000 acres",bushels per acre
Louisiana,2017,winter_wheat,20,46,empirical/goal16/raw/usda_nass/crop_production_2018_summary.pdf,https://www.nass.usda.gov/Publications/Todays_Reports/reports/cropan19.pdf,659b038284fe830330b7329eb0eca9ae4f6b06ff12b77a5b874adfc9818db0fd,2018,"1,000 acres",bushels per acre
Louisiana,2018,corn,460,173,empirical/goal16/raw/usda_nass/crop_production_2018_summary.pdf,https://www.nass.usda.gov/Publications/Todays_Reports/reports/cropan19.pdf,659b038284fe830330b7329eb0eca9ae4f6b06ff12b77a5b874adfc9818db0fd,2018,"1,000 acres",bushels per acre
Louisiana,2018,soybeans,1340,52,empirical/goal16/raw/usda_nass/crop_production_2018_summary.pdf,https://www.nass.usda.gov/Publications/Todays_Reports/reports/cropan19.pdf,659b038284fe830330b7329eb0eca9ae4f6b06ff12b77a5b874adfc9818db0fd,2018,"1,000 acres",bushels per acre
Louisiana,2018,winter_wheat,15,65,empirical/goal16/raw/usda_nass/crop_production_2018_summary.pdf,https://www.nass.usda.gov/Publications/Todays_Reports/reports/cropan19.pdf,659b038284fe830330b7329eb0eca9ae4f6b06ff12b77a5b874adfc9818db0fd,2018,"1,000 acres",bushels per acre
Louisiana,2019,corn,570,165,empirical/goal16/raw/usda_nass/crop_production_2021_summary.pdf,https://www.nass.usda.gov/Publications/Todays_Reports/reports/cropan22.pdf,e54c9e6270e4c527e5496c4925111a3ea898d33009b99cf7c69cc978d2bbf080,2021,"1,000 acres",bushels per acre
Louisiana,2019,soybeans,890,48,empirical/goal16/raw/usda_nass/crop_production_2021_summary.pdf,https://www.nass.usda.gov/Publications/Todays_Reports/reports/cropan22.pdf,e54c9e6270e4c527e5496c4925111a3ea898d33009b99cf7c69cc978d2bbf080,2021,"1,000 acres",bushels per acre
Louisiana,2020,corn,500,181,empirical/goal16/raw/usda_nass/crop_production_2021_summary.pdf,https://www.nass.usda.gov/Publications/Todays_Reports/reports/cropan22.pdf,e54c9e6270e4c527e5496c4925111a3ea898d33009b99cf7c69cc978d2bbf080,2021,"1,000 acres",bushels per acre
Louisiana,2020,soybeans,1050,53,empirical/goal16/raw/usda_nass/crop_production_2021_summary.pdf,https://www.nass.usda.gov/Publications/Todays_Reports/reports/cropan22.pdf,e54c9e6270e4c527e5496c4925111a3ea898d33009b99cf7c69cc978d2bbf080,2021,"1,000 acres",bushels per acre
Louisiana,2021,corn,580,183,empirical/goal16/raw/usda_nass/crop_production_2021_summary.pdf,https://www.nass.usda.gov/Publications/Todays_Reports/reports/cropan22.pdf,e54c9e6270e4c527e5496c4925111a3ea898d33009b99cf7c69cc978d2bbf080,2021,"1,000 acres",bushels per acre
Louisiana,2021,soybeans,1080,52,empirical/goal16/raw/usda_nass/crop_production_2021_summary.pdf,https://www.nass.usda.gov/Publications/Todays_Reports/reports/cropan22.pdf,e54c9e6270e4c527e5496c4925111a3ea898d33009b99cf7c69cc978d2bbf080,2021,"1,000 acres",bushels per acre
Louisiana,2022,corn,450,170,empirical/goal16/raw/usda_nass/crop_production_2024_summary.pdf,https://www.nass.usda.gov/Publications/Todays_Reports/reports/cropan25.pdf,0e3add3bc4c95c8ea5061d8e1e75d166e5d9a4a73dcf9204784be6697e94c0c9,2024,"1,000 acres",bushels per acre
Louisiana,2022,soybeans,1260,47,empirical/goal16/raw/usda_nass/crop_production_2024_summary.pdf,https://www.nass.usda.gov/Publications/Todays_Reports/reports/cropan25.pdf,0e3add3bc4c95c8ea5061d8e1e75d166e5d9a4a73dcf9204784be6697e94c0c9,2024,"1,000 acres",bushels per acre
Louisiana,2023,corn,700,175,empirical/goal16/raw/usda_nass/crop_production_2024_summary.pdf,https://www.nass.usda.gov/Publications/Todays_Reports/reports/cropan25.pdf,0e3add3bc4c95c8ea5061d8e1e75d166e5d9a4a73dcf9204784be6697e94c0c9,2024,"1,000 acres",bushels per acre
Louisiana,2023,soybeans,1030,40,empirical/goal16/raw/usda_nass/crop_production_2024_summary.pdf,https://www.nass.usda.gov/Publications/Todays_Reports/reports/cropan25.pdf,0e3add3bc4c95c8ea5061d8e1e75d166e5d9a4a73dcf9204784be6697e94c0c9,2024,"1,000 acres",bushels per acre
Louisiana,2024,corn,470,185,empirical/goal16/raw/usda_nass/crop_production_2024_summary.pdf,https://www.nass.usda.gov/Publications/Todays_Reports/reports/cropan25.pdf,0e3add3bc4c95c8ea5061d8e1e75d166e5d9a4a73dcf9204784be6697e94c0c9,2024,"1,000 acres",bushels per acre
Louisiana,2024,soybeans,1100,52,empirical/goal16/raw/usda_nass/crop_production_2024_summary.pdf,https://www.nass.usda.gov/Publications/Todays_Reports/reports/cropan25.pdf,0e3add3bc4c95c8ea5061d8e1e75d166e5d9a4a73dcf9204784be6697e94c0c9,2024,"1,000 acres",bushels per acre
Maine,2016,corn,31,,empirical/goal16/raw/usda_nass/crop_production_2018_summary.pdf,https://www.nass.usda.gov/Publications/Todays_Reports/reports/cropan19.pdf,659b038284fe830330b7329eb0eca9ae4f6b06ff12b77a5b874adfc9818db0fd,2018,"1,000 acres",bushels per acre
Maine,2017,corn,31,,empirical/goal16/raw/usda_nass/crop_production_2018_summary.pdf,https://www.nass.usda.gov/Publications/Todays_Reports/reports/cropan19.pdf,659b038284fe830330b7329eb0eca9ae4f6b06ff12b77a5b874adfc9818db0fd,2018,"1,000 acres",bushels per acre
Maine,2018,corn,31,,empirical/goal16/raw/usda_nass/crop_production_2018_summary.pdf,https://www.nass.usda.gov/Publications/Todays_Reports/reports/cropan19.pdf,659b038284fe830330b7329eb0eca9ae4f6b06ff12b77a5b874adfc9818db0fd,2018,"1,000 acres",bushels per acre
Maine,2019,corn,29,,empirical/goal16/raw/usda_nass/crop_production_2021_summary.pdf,https://www.nass.usda.gov/Publications/Todays_Reports/reports/cropan22.pdf,e54c9e6270e4c527e5496c4925111a3ea898d33009b99cf7c69cc978d2bbf080,2021,"1,000 acres",bushels per acre
Maine,2020,corn,30,,empirical/goal16/raw/usda_nass/crop_production_2021_summary.pdf,https://www.nass.usda.gov/Publications/Todays_Reports/reports/cropan22.pdf,e54c9e6270e4c527e5496c4925111a3ea898d33009b99cf7c69cc978d2bbf080,2021,"1,000 acres",bushels per acre
Maine,2021,corn,30,,empirical/goal16/raw/usda_nass/crop_production_2021_summary.pdf,https://www.nass.usda.gov/Publications/Todays_Reports/reports/cropan22.pdf,e54c9e6270e4c527e5496c4925111a3ea898d33009b99cf7c69cc978d2bbf080,2021,"1,000 acres",bushels per acre
Maine,2022,corn,29,,empirical/goal16/raw/usda_nass/crop_production_2024_summary.pdf,https://www.nass.usda.gov/Publications/Todays_Reports/reports/cropan25.pdf,0e3add3bc4c95c8ea5061d8e1e75d166e5d9a4a73dcf9204784be6697e94c0c9,2024,"1,000 acres",bushels per acre
Maine,2023,corn,28,,empirical/goal16/raw/usda_nass/crop_production_2024_summary.pdf,https://www.nass.usda.gov/Publications/Todays_Reports/reports/cropan25.pdf,0e3add3bc4c95c8ea5061d8e1e75d166e5d9a4a73dcf9204784be6697e94c0c9,2024,"1,000 acres",bushels per acre
Maine,2024,corn,30,,empirical/goal16/raw/usda_nass/crop_production_2024_summary.pdf,https://www.nass.usda.gov/Publications/Todays_Reports/reports/cropan25.pdf,0e3add3bc4c95c8ea5061d8e1e75d166e5d9a4a73dcf9204784be6697e94c0c9,2024,"1,000 acres",bushels per acre
Maryland,2016,corn,460,152,empirical/goal16/raw/usda_nass/crop_production_2018_summary.pdf,https://www.nass.usda.gov/Publications/Todays_Reports/reports/cropan19.pdf,659b038284fe830330b7329eb0eca9ae4f6b06ff12b77a5b874adfc9818db0fd,2018,"1,000 acres",bushels per acre
Maryland,2016,soybeans,520,41.5,empirical/goal16/raw/usda_nass/crop_production_2018_summary.pdf,https://www.nass.usda.gov/Publications/Todays_Reports/reports/cropan19.pdf,659b038284fe830330b7329eb0eca9ae4f6b06ff12b77a5b874adfc9818db0fd,2018,"1,000 acres",bushels per acre
Maryland,2016,winter_wheat,360,64,empirical/goal16/raw/usda_nass/crop_production_2018_summary.pdf,https://www.nass.usda.gov/Publications/Todays_Reports/reports/cropan19.pdf,659b038284fe830330b7329eb0eca9ae4f6b06ff12b77a5b874adfc9818db0fd,2018,"1,000 acres",bushels per acre
Maryland,2017,corn,480,172,empirical/goal16/raw/usda_nass/crop_production_2018_summary.pdf,https://www.nass.usda.gov/Publications/Todays_Reports/reports/cropan19.pdf,659b038284fe830330b7329eb0eca9ae4f6b06ff12b77a5b874adfc9818db0fd,2018,"1,000 acres",bushels per acre
Maryland,2017,soybeans,500,51,empirical/goal16/raw/usda_nass/crop_production_2018_summary.pdf,https://www.nass.usda.gov/Publications/Todays_Reports/reports/cropan19.pdf,659b038284fe830330b7329eb0eca9ae4f6b06ff12b77a5b874adfc9818db0fd,2018,"1,000 acres",bushels per acre
Maryland,2017,winter_wheat,410,71,empirical/goal16/raw/usda_nass/crop_production_2018_summary.pdf,https://www.nass.usda.gov/Publications/Todays_Reports/reports/cropan19.pdf,659b038284fe830330b7329eb0eca9ae4f6b06ff12b77a5b874adfc9818db0fd,2018,"1,000 acres",bushels per acre
Maryland,2018,corn,450,146,empirical/goal16/raw/usda_nass/crop_production_2018_summary.pdf,https://www.nass.usda.gov/Publications/Todays_Reports/reports/cropan19.pdf,659b038284fe830330b7329eb0eca9ae4f6b06ff12b77a5b874adfc9818db0fd,2018,"1,000 acres",bushels per acre
Maryland,2018,soybeans,520,47.5,empirical/goal16/raw/usda_nass/crop_production_2018_summary.pdf,https://www.nass.usda.gov/Publications/Todays_Reports/reports/cropan19.pdf,659b038284fe830330b7329eb0eca9ae4f6b06ff12b77a5b874adfc9818db0fd,2018,"1,000 acres",bushels per acre
Maryland,2018,winter_wheat,360,63,empirical/goal16/raw/usda_nass/crop_production_2018_summary.pdf,https://www.nass.usda.gov/Publications/Todays_Reports/reports/cropan19.pdf,659b038284fe830330b7329eb0eca9ae4f6b06ff12b77a5b874adfc9818db0fd,2018,"1,000 acres",bushels per acre
Maryland,2019,corn,510,161,empirical/goal16/raw/usda_nass/crop_production_2021_summary.pdf,https://www.nass.usda.gov/Publications/Todays_Reports/reports/cropan22.pdf,e54c9e6270e4c527e5496c4925111a3ea898d33009b99cf7c69cc978d2bbf080,2021,"1,000 acres",bushels per acre
Maryland,2019,soybeans,480,44,empirical/goal16/raw/usda_nass/crop_production_2021_summary.pdf,https://www.nass.usda.gov/Publications/Todays_Reports/reports/cropan22.pdf,e54c9e6270e4c527e5496c4925111a3ea898d33009b99cf7c69cc978d2bbf080,2021,"1,000 acres",bushels per acre
Maryland,2019,winter_wheat,345,75,empirical/goal16/raw/usda_nass/crop_production_2021_summary.pdf,https://www.nass.usda.gov/Publications/Todays_Reports/reports/cropan22.pdf,e54c9e6270e4c527e5496c4925111a3ea898d33009b99cf7c69cc978d2bbf080,2021,"1,000 acres",bushels per acre
Maryland,2020,corn,480,155,empirical/goal16/raw/usda_nass/crop_production_2021_summary.pdf,https://www.nass.usda.gov/Publications/Todays_Reports/reports/cropan22.pdf,e54c9e6270e4c527e5496c4925111a3ea898d33009b99cf7c69cc978d2bbf080,2021,"1,000 acres",bushels per acre
Maryland,2020,soybeans,485,47,empirical/goal16/raw/usda_nass/crop_production_2021_summary.pdf,https://www.nass.usda.gov/Publications/Todays_Reports/reports/cropan22.pdf,e54c9e6270e4c527e5496c4925111a3ea898d33009b99cf7c69cc978d2bbf080,2021,"1,000 acres",bushels per acre
Maryland,2020,winter_wheat,355,73,empirical/goal16/raw/usda_nass/crop_production_2021_summary.pdf,https://www.nass.usda.gov/Publications/Todays_Reports/reports/cropan22.pdf,e54c9e6270e4c527e5496c4925111a3ea898d33009b99cf7c69cc978d2bbf080,2021,"1,000 acres",bushels per acre
Maryland,2021,corn,470,175,empirical/goal16/raw/usda_nass/crop_production_2021_summary.pdf,https://www.nass.usda.gov/Publications/Todays_Reports/reports/cropan22.pdf,e54c9e6270e4c527e5496c4925111a3ea898d33009b99cf7c69cc978d2bbf080,2021,"1,000 acres",bushels per acre
Maryland,2021,soybeans,490,53,empirical/goal16/raw/usda_nass/crop_production_2021_summary.pdf,https://www.nass.usda.gov/Publications/Todays_Reports/reports/cropan22.pdf,e54c9e6270e4c527e5496c4925111a3ea898d33009b99cf7c69cc978d2bbf080,2021,"1,000 acres",bushels per acre
Maryland,2021,winter_wheat,345,79,empirical/goal16/raw/usda_nass/crop_production_2021_summary.pdf,https://www.nass.usda.gov/Publications/Todays_Reports/reports/cropan22.pdf,e54c9e6270e4c527e5496c4925111a3ea898d33009b99cf7c69cc978d2bbf080,2021,"1,000 acres",bushels per acre
Maryland,2022,corn,420,165,empirical/goal16/raw/usda_nass/crop_production_2024_summary.pdf,https://www.nass.usda.gov/Publications/Todays_Reports/reports/cropan25.pdf,0e3add3bc4c95c8ea5061d8e1e75d166e5d9a4a73dcf9204784be6697e94c0c9,2024,"1,000 acres",bushels per acre
Maryland,2022,soybeans,520,43,empirical/goal16/raw/usda_nass/crop_production_2024_summary.pdf,https://www.nass.usda.gov/Publications/Todays_Reports/reports/cropan25.pdf,0e3add3bc4c95c8ea5061d8e1e75d166e5d9a4a73dcf9204784be6697e94c0c9,2024,"1,000 acres",bushels per acre
Maryland,2022,winter_wheat,355,78,empirical/goal16/raw/usda_nass/crop_production_2024_summary.pdf,https://www.nass.usda.gov/Publications/Todays_Reports/reports/cropan25.pdf,0e3add3bc4c95c8ea5061d8e1e75d166e5d9a4a73dcf9204784be6697e94c0c9,2024,"1,000 acres",bushels per acre
Maryland,2023,corn,480,165,empirical/goal16/raw/usda_nass/crop_production_2024_summary.pdf,https://www.nass.usda.gov/Publications/Todays_Reports/reports/cropan25.pdf,0e3add3bc4c95c8ea5061d8e1e75d166e5d9a4a73dcf9204784be6697e94c0c9,2024,"1,000 acres",bushels per acre
Maryland,2023,soybeans,470,47,empirical/goal16/raw/usda_nass/crop_production_2024_summary.pdf,https://www.nass.usda.gov/Publications/Todays_Reports/reports/cropan25.pdf,0e3add3bc4c95c8ea5061d8e1e75d166e5d9a4a73dcf9204784be6697e94c0c9,2024,"1,000 acres",bushels per acre
Maryland,2023,winter_wheat,340,85,empirical/goal16/raw/usda_nass/crop_production_2024_summary.pdf,https://www.nass.usda.gov/Publications/Todays_Reports/reports/cropan25.pdf,0e3add3bc4c95c8ea5061d8e1e75d166e5d9a4a73dcf9204784be6697e94c0c9,2024,"1,000 acres",bushels per acre
Maryland,2024,corn,440,143,empirical/goal16/raw/usda_nass/crop_production_2024_summary.pdf,https://www.nass.usda.gov/Publications/Todays_Reports/reports/cropan25.pdf,0e3add3bc4c95c8ea5061d8e1e75d166e5d9a4a73dcf9204784be6697e94c0c9,2024,"1,000 acres",bushels per acre
Maryland,2024,soybeans,495,44,empirical/goal16/raw/usda_nass/crop_production_2024_summary.pdf,https://www.nass.usda.gov/Publications/Todays_Reports/reports/cropan25.pdf,0e3add3bc4c95c8ea5061d8e1e75d166e5d9a4a73dcf9204784be6697e94c0c9,2024,"1,000 acres",bushels per acre
Maryland,2024,winter_wheat,325,75,empirical/goal16/raw/usda_nass/crop_production_2024_summary.pdf,https://www.nass.usda.gov/Publications/Todays_Reports/reports/cropan25.pdf,0e3add3bc4c95c8ea5061d8e1e75d166e5d9a4a73dcf9204784be6697e94c0c9,2024,"1,000 acres",bushels per acre
Massachusetts,2016,corn,16,,empirical/goal16/raw/usda_nass/crop_production_2018_summary.pdf,https://www.nass.usda.gov/Publications/Todays_Reports/reports/cropan19.pdf,659b038284fe830330b7329eb0eca9ae4f6b06ff12b77a5b874adfc9818db0fd,2018,"1,000 acres",bushels per acre
Massachusetts,2017,corn,15,,empirical/goal16/raw/usda_nass/crop_production_2018_summary.pdf,https://www.nass.usda.gov/Publications/Todays_Reports/reports/cropan19.pdf,659b038284fe830330b7329eb0eca9ae4f6b06ff12b77a5b874adfc9818db0fd,2018,"1,000 acres",bushels per acre
Massachusetts,2018,corn,14,,empirical/goal16/raw/usda_nass/crop_production_2018_summary.pdf,https://www.nass.usda.gov/Publications/Todays_Reports/reports/cropan19.pdf,659b038284fe830330b7329eb0eca9ae4f6b06ff12b77a5b874adfc9818db0fd,2018,"1,000 acres",bushels per acre
Massachusetts,2019,corn,14,,empirical/goal16/raw/usda_nass/crop_production_2021_summary.pdf,https://www.nass.usda.gov/Publications/Todays_Reports/reports/cropan22.pdf,e54c9e6270e4c527e5496c4925111a3ea898d33009b99cf7c69cc978d2bbf080,2021,"1,000 acres",bushels per acre
Massachusetts,2020,corn,14,,empirical/goal16/raw/usda_nass/crop_production_2021_summary.pdf,https://www.nass.usda.gov/Publications/Todays_Reports/reports/cropan22.pdf,e54c9e6270e4c527e5496c4925111a3ea898d33009b99cf7c69cc978d2bbf080,2021,"1,000 acres",bushels per acre
Massachusetts,2021,corn,14,,empirical/goal16/raw/usda_nass/crop_production_2021_summary.pdf,https://www.nass.usda.gov/Publications/Todays_Reports/reports/cropan22.pdf,e54c9e6270e4c527e5496c4925111a3ea898d33009b99cf7c69cc978d2bbf080,2021,"1,000 acres",bushels per acre
Massachusetts,2022,corn,14,,empirical/goal16/raw/usda_nass/crop_production_2024_summary.pdf,https://www.nass.usda.gov/Publications/Todays_Reports/reports/cropan25.pdf,0e3add3bc4c95c8ea5061d8e1e75d166e5d9a4a73dcf9204784be6697e94c0c9,2024,"1,000 acres",bushels per acre
Massachusetts,2023,corn,14,,empirical/goal16/raw/usda_nass/crop_production_2024_summary.pdf,https://www.nass.usda.gov/Publications/Todays_Reports/reports/cropan25.pdf,0e3add3bc4c95c8ea5061d8e1e75d166e5d9a4a73dcf9204784be6697e94c0c9,2024,"1,000 acres",bushels per acre
Massachusetts,2024,corn,14,,empirical/goal16/raw/usda_nass/crop_production_2024_summary.pdf,https://www.nass.usda.gov/Publications/Todays_Reports/reports/cropan25.pdf,0e3add3bc4c95c8ea5061d8e1e75d166e5d9a4a73dcf9204784be6697e94c0c9,2024,"1,000 acres",bushels per acre
Michigan,2016,corn,2400,157,empirical/goal16/raw/usda_nass/crop_production_2018_summary.pdf,https://www.nass.usda.gov/Publications/Todays_Reports/reports/cropan19.pdf,659b038284fe830330b7329eb0eca9ae4f6b06ff12b77a5b874adfc9818db0fd,2018,"1,000 acres",bushels per acre
Michigan,2016,soybeans,2070,50.5,empirical/goal16/raw/usda_nass/crop_production_2018_summary.pdf,https://www.nass.usda.gov/Publications/Todays_Reports/reports/cropan19.pdf,659b038284fe830330b7329eb0eca9ae4f6b06ff12b77a5b874adfc9818db0fd,2018,"1,000 acres",bushels per acre
Michigan,2016,winter_wheat,610,89,empirical/goal16/raw/usda_nass/crop_production_2018_summary.pdf,https://www.nass.usda.gov/Publications/Todays_Reports/reports/cropan19.pdf,659b038284fe830330b7329eb0eca9ae4f6b06ff12b77a5b874adfc9818db0fd,2018,"1,000 acres",bushels per acre
Michigan,2017,corn,2250,159,empirical/goal16/raw/usda_nass/crop_production_2018_summary.pdf,https://www.nass.usda.gov/Publications/Todays_Reports/reports/cropan19.pdf,659b038284fe830330b7329eb0eca9ae4f6b06ff12b77a5b874adfc9818db0fd,2018,"1,000 acres",bushels per acre
Michigan,2017,soybeans,2280,42.5,empirical/goal16/raw/usda_nass/crop_production_2018_summary.pdf,https://www.nass.usda.gov/Publications/Todays_Reports/reports/cropan19.pdf,659b038284fe830330b7329eb0eca9ae4f6b06ff12b77a5b874adfc9818db0fd,2018,"1,000 acres",bushels per acre
Michigan,2017,winter_wheat,480,79,empirical/goal16/raw/usda_nass/crop_production_2018_summary.pdf,https://www.nass.usda.gov/Publications/Todays_Reports/reports/cropan19.pdf,659b038284fe830330b7329eb0eca9ae4f6b06ff12b77a5b874adfc9818db0fd,2018,"1,000 acres",bushels per acre
Michigan,2018,corn,2300,153,empirical/goal16/raw/usda_nass/crop_production_2018_summary.pdf,https://www.nass.usda.gov/Publications/Todays_Reports/reports/cropan19.pdf,659b038284fe830330b7329eb0eca9ae4f6b06ff12b77a5b874adfc9818db0fd,2018,"1,000 acres",bushels per acre
Michigan,2018,soybeans,2300,48,empirical/goal16/raw/usda_nass/crop_production_2018_summary.pdf,https://www.nass.usda.gov/Publications/Todays_Reports/reports/cropan19.pdf,659b038284fe830330b7329eb0eca9ae4f6b06ff12b77a5b874adfc9818db0fd,2018,"1,000 acres",bushels per acre
Michigan,2018,winter_wheat,510,76,empirical/goal16/raw/usda_nass/crop_production_2018_summary.pdf,https://www.nass.usda.gov/Publications/Todays_Reports/reports/cropan19.pdf,659b038284fe830330b7329eb0eca9ae4f6b06ff12b77a5b874adfc9818db0fd,2018,"1,000 acres",bushels per acre
Michigan,2019,corn,2000,147,empirical/goal16/raw/usda_nass/crop_production_2021_summary.pdf,https://www.nass.usda.gov/Publications/Todays_Reports/reports/cropan22.pdf,e54c9e6270e4c527e5496c4925111a3ea898d33009b99cf7c69cc978d2bbf080,2021,"1,000 acres",bushels per acre
Michigan,2019,soybeans,1760,40.5,empirical/goal16/raw/usda_nass/crop_production_2021_summary.pdf,https://www.nass.usda.gov/Publications/Todays_Reports/reports/cropan22.pdf,e54c9e6270e4c527e5496c4925111a3ea898d33009b99cf7c69cc978d2bbf080,2021,"1,000 acres",bushels per acre
Michigan,2019,winter_wheat,550,71,empirical/goal16/raw/usda_nass/crop_production_2021_summary.pdf,https://www.nass.usda.gov/Publications/Todays_Reports/reports/cropan22.pdf,e54c9e6270e4c527e5496c4925111a3ea898d33009b99cf7c69cc978d2bbf080,2021,"1,000 acres",bushels per acre
Michigan,2020,corn,2350,153,empirical/goal16/raw/usda_nass/crop_production_2021_summary.pdf,https://www.nass.usda.gov/Publications/Todays_Reports/reports/cropan22.pdf,e54c9e6270e4c527e5496c4925111a3ea898d33009b99cf7c69cc978d2bbf080,2021,"1,000 acres",bushels per acre
Michigan,2020,soybeans,2200,48,empirical/goal16/raw/usda_nass/crop_production_2021_summary.pdf,https://www.nass.usda.gov/Publications/Todays_Reports/reports/cropan22.pdf,e54c9e6270e4c527e5496c4925111a3ea898d33009b99cf7c69cc978d2bbf080,2021,"1,000 acres",bushels per acre
Michigan,2020,winter_wheat,490,75,empirical/goal16/raw/usda_nass/crop_production_2021_summary.pdf,https://www.nass.usda.gov/Publications/Todays_Reports/reports/cropan22.pdf,e54c9e6270e4c527e5496c4925111a3ea898d33009b99cf7c69cc978d2bbf080,2021,"1,000 acres",bushels per acre
Michigan,2021,corn,2350,174,empirical/goal16/raw/usda_nass/crop_production_2021_summary.pdf,https://www.nass.usda.gov/Publications/Todays_Reports/reports/cropan22.pdf,e54c9e6270e4c527e5496c4925111a3ea898d33009b99cf7c69cc978d2bbf080,2021,"1,000 acres",bushels per acre
Michigan,2021,soybeans,2150,51,empirical/goal16/raw/usda_nass/crop_production_2021_summary.pdf,https://www.nass.usda.gov/Publications/Todays_Reports/reports/cropan22.pdf,e54c9e6270e4c527e5496c4925111a3ea898d33009b99cf7c69cc978d2bbf080,2021,"1,000 acres",bushels per acre
Michigan,2021,winter_wheat,610,81,empirical/goal16/raw/usda_nass/crop_production_2021_summary.pdf,https://www.nass.usda.gov/Publications/Todays_Reports/reports/cropan22.pdf,e54c9e6270e4c527e5496c4925111a3ea898d33009b99cf7c69cc978d2bbf080,2021,"1,000 acres",bushels per acre
Michigan,2022,corn,2300,168,empirical/goal16/raw/usda_nass/crop_production_2024_summary.pdf,https://www.nass.usda.gov/Publications/Todays_Reports/reports/cropan25.pdf,0e3add3bc4c95c8ea5061d8e1e75d166e5d9a4a73dcf9204784be6697e94c0c9,2024,"1,000 acres",bushels per acre
Michigan,2022,soybeans,2250,47,empirical/goal16/raw/usda_nass/crop_production_2024_summary.pdf,https://www.nass.usda.gov/Publications/Todays_Reports/reports/cropan25.pdf,0e3add3bc4c95c8ea5061d8e1e75d166e5d9a4a73dcf9204784be6697e94c0c9,2024,"1,000 acres",bushels per acre
Michigan,2022,winter_wheat,460,83,empirical/goal16/raw/usda_nass/crop_production_2024_summary.pdf,https://www.nass.usda.gov/Publications/Todays_Reports/reports/cropan25.pdf,0e3add3bc4c95c8ea5061d8e1e75d166e5d9a4a73dcf9204784be6697e94c0c9,2024,"1,000 acres",bushels per acre
Michigan,2023,corn,2400,168,empirical/goal16/raw/usda_nass/crop_production_2024_summary.pdf,https://www.nass.usda.gov/Publications/Todays_Reports/reports/cropan25.pdf,0e3add3bc4c95c8ea5061d8e1e75d166e5d9a4a73dcf9204784be6697e94c0c9,2024,"1,000 acres",bushels per acre
Michigan,2023,soybeans,2040,46,empirical/goal16/raw/usda_nass/crop_production_2024_summary.pdf,https://www.nass.usda.gov/Publications/Todays_Reports/reports/cropan25.pdf,0e3add3bc4c95c8ea5061d8e1e75d166e5d9a4a73dcf9204784be6697e94c0c9,2024,"1,000 acres",bushels per acre
Michigan,2023,winter_wheat,600,83,empirical/goal16/raw/usda_nass/crop_production_2024_summary.pdf,https://www.nass.usda.gov/Publications/Todays_Reports/reports/cropan25.pdf,0e3add3bc4c95c8ea5061d8e1e75d166e5d9a4a73dcf9204784be6697e94c0c9,2024,"1,000 acres",bushels per acre
Michigan,2024,corn,2250,181,empirical/goal16/raw/usda_nass/crop_production_2024_summary.pdf,https://www.nass.usda.gov/Publications/Todays_Reports/reports/cropan25.pdf,0e3add3bc4c95c8ea5061d8e1e75d166e5d9a4a73dcf9204784be6697e94c0c9,2024,"1,000 acres",bushels per acre
Michigan,2024,soybeans,2200,49,empirical/goal16/raw/usda_nass/crop_production_2024_summary.pdf,https://www.nass.usda.gov/Publications/Todays_Reports/reports/cropan25.pdf,0e3add3bc4c95c8ea5061d8e1e75d166e5d9a4a73dcf9204784be6697e94c0c9,2024,"1,000 acres",bushels per acre
Michigan,2024,winter_wheat,400,87,empirical/goal16/raw/usda_nass/crop_production_2024_summary.pdf,https://www.nass.usda.gov/Publications/Todays_Reports/reports/cropan25.pdf,0e3add3bc4c95c8ea5061d8e1e75d166e5d9a4a73dcf9204784be6697e94c0c9,2024,"1,000 acres",bushels per acre
Minnesota,2016,corn,8450,193,empirical/goal16/raw/usda_nass/crop_production_2018_summary.pdf,https://www.nass.usda.gov/Publications/Todays_Reports/reports/cropan19.pdf,659b038284fe830330b7329eb0eca9ae4f6b06ff12b77a5b874adfc9818db0fd,2018,"1,000 acres",bushels per acre
Minnesota,2016,soybeans,7550,52,empirical/goal16/raw/usda_nass/crop_production_2018_summary.pdf,https://www.nass.usda.gov/Publications/Todays_Reports/reports/cropan19.pdf,659b038284fe830330b7329eb0eca9ae4f6b06ff12b77a5b874adfc9818db0fd,2018,"1,000 acres",bushels per acre
Minnesota,2016,winter_wheat,11,61,empirical/goal16/raw/usda_nass/crop_production_2018_summary.pdf,https://www.nass.usda.gov/Publications/Todays_Reports/reports/cropan19.pdf,659b038284fe830330b7329eb0eca9ae4f6b06ff12b77a5b874adfc9818db0fd,2018,"1,000 acres",bushels per acre
Minnesota,2017,corn,8050,194,empirical/goal16/raw/usda_nass/crop_production_2018_summary.pdf,https://www.nass.usda.gov/Publications/Todays_Reports/reports/cropan19.pdf,659b038284fe830330b7329eb0eca9ae4f6b06ff12b77a5b874adfc9818db0fd,2018,"1,000 acres",bushels per acre
Minnesota,2017,soybeans,8150,47.5,empirical/goal16/raw/usda_nass/crop_production_2018_summary.pdf,https://www.nass.usda.gov/Publications/Todays_Reports/reports/cropan19.pdf,659b038284fe830330b7329eb0eca9ae4f6b06ff12b77a5b874adfc9818db0fd,2018,"1,000 acres",bushels per acre
Minnesota,2017,winter_wheat,10,45,empirical/goal16/raw/usda_nass/crop_production_2018_summary.pdf,https://www.nass.usda.gov/Publications/Todays_Reports/reports/cropan19.pdf,659b038284fe830330b7329eb0eca9ae4f6b06ff12b77a5b874adfc9818db0fd,2018,"1,000 acres",bushels per acre
Minnesota,2018,corn,7900,182,empirical/goal16/raw/usda_nass/crop_production_2018_summary.pdf,https://www.nass.usda.gov/Publications/Todays_Reports/reports/cropan19.pdf,659b038284fe830330b7329eb0eca9ae4f6b06ff12b77a5b874adfc9818db0fd,2018,"1,000 acres",bushels per acre
Minnesota,2018,soybeans,7800,50.5,empirical/goal16/raw/usda_nass/crop_production_2018_summary.pdf,https://www.nass.usda.gov/Publications/Todays_Reports/reports/cropan19.pdf,659b038284fe830330b7329eb0eca9ae4f6b06ff12b77a5b874adfc9818db0fd,2018,"1,000 acres",bushels per acre
Minnesota,2018,winter_wheat,11,60,empirical/goal16/raw/usda_nass/crop_production_2018_summary.pdf,https://www.nass.usda.gov/Publications/Todays_Reports/reports/cropan19.pdf,659b038284fe830330b7329eb0eca9ae4f6b06ff12b77a5b874adfc9818db0fd,2018,"1,000 acres",bushels per acre
Minnesota,2019,corn,7800,173,empirical/goal16/raw/usda_nass/crop_production_2021_summary.pdf,https://www.nass.usda.gov/Publications/Todays_Reports/reports/cropan22.pdf,e54c9e6270e4c527e5496c4925111a3ea898d33009b99cf7c69cc978d2bbf080,2021,"1,000 acres",bushels per acre
Minnesota,2019,soybeans,6850,44,empirical/goal16/raw/usda_nass/crop_production_2021_summary.pdf,https://www.nass.usda.gov/Publications/Todays_Reports/reports/cropan22.pdf,e54c9e6270e4c527e5496c4925111a3ea898d33009b99cf7c69cc978d2bbf080,2021,"1,000 acres",bushels per acre
Minnesota,2020,corn,8000,191,empirical/goal16/raw/usda_nass/crop_production_2021_summary.pdf,https://www.nass.usda.gov/Publications/Todays_Reports/reports/cropan22.pdf,e54c9e6270e4c527e5496c4925111a3ea898d33009b99cf7c69cc978d2bbf080,2021,"1,000 acres",bushels per acre
Minnesota,2020,soybeans,7450,50,empirical/goal16/raw/usda_nass/crop_production_2021_summary.pdf,https://www.nass.usda.gov/Publications/Todays_Reports/reports/cropan22.pdf,e54c9e6270e4c527e5496c4925111a3ea898d33009b99cf7c69cc978d2bbf080,2021,"1,000 acres",bushels per acre
Minnesota,2021,corn,8400,178,empirical/goal16/raw/usda_nass/crop_production_2021_summary.pdf,https://www.nass.usda.gov/Publications/Todays_Reports/reports/cropan22.pdf,e54c9e6270e4c527e5496c4925111a3ea898d33009b99cf7c69cc978d2bbf080,2021,"1,000 acres",bushels per acre
Minnesota,2021,soybeans,7650,47,empirical/goal16/raw/usda_nass/crop_production_2021_summary.pdf,https://www.nass.usda.gov/Publications/Todays_Reports/reports/cropan22.pdf,e54c9e6270e4c527e5496c4925111a3ea898d33009b99cf7c69cc978d2bbf080,2021,"1,000 acres",bushels per acre
Minnesota,2022,corn,8000,195,empirical/goal16/raw/usda_nass/crop_production_2024_summary.pdf,https://www.nass.usda.gov/Publications/Todays_Reports/reports/cropan25.pdf,0e3add3bc4c95c8ea5061d8e1e75d166e5d9a4a73dcf9204784be6697e94c0c9,2024,"1,000 acres",bushels per acre
Minnesota,2022,soybeans,7450,50,empirical/goal16/raw/usda_nass/crop_production_2024_summary.pdf,https://www.nass.usda.gov/Publications/Todays_Reports/reports/cropan25.pdf,0e3add3bc4c95c8ea5061d8e1e75d166e5d9a4a73dcf9204784be6697e94c0c9,2024,"1,000 acres",bushels per acre
Minnesota,2023,corn,8600,185,empirical/goal16/raw/usda_nass/crop_production_2024_summary.pdf,https://www.nass.usda.gov/Publications/Todays_Reports/reports/cropan25.pdf,0e3add3bc4c95c8ea5061d8e1e75d166e5d9a4a73dcf9204784be6697e94c0c9,2024,"1,000 acres",bushels per acre
Minnesota,2023,soybeans,7350,48,empirical/goal16/raw/usda_nass/crop_production_2024_summary.pdf,https://www.nass.usda.gov/Publications/Todays_Reports/reports/cropan25.pdf,0e3add3bc4c95c8ea5061d8e1e75d166e5d9a4a73dcf9204784be6697e94c0c9,2024,"1,000 acres",bushels per acre
Minnesota,2024,corn,8200,174,empirical/goal16/raw/usda_nass/crop_production_2024_summary.pdf,https://www.nass.usda.gov/Publications/Todays_Reports/reports/cropan25.pdf,0e3add3bc4c95c8ea5061d8e1e75d166e5d9a4a73dcf9204784be6697e94c0c9,2024,"1,000 acres",bushels per acre
Minnesota,2024,soybeans,7400,45,empirical/goal16/raw/usda_nass/crop_production_2024_summary.pdf,https://www.nass.usda.gov/Publications/Todays_Reports/reports/cropan25.pdf,0e3add3bc4c95c8ea5061d8e1e75d166e5d9a4a73dcf9204784be6697e94c0c9,2024,"1,000 acres",bushels per acre
Mississippi,2016,corn,750,166,empirical/goal16/raw/usda_nass/crop_production_2018_summary.pdf,https://www.nass.usda.gov/Publications/Todays_Reports/reports/cropan19.pdf,659b038284fe830330b7329eb0eca9ae4f6b06ff12b77a5b874adfc9818db0fd,2018,"1,000 acres",bushels per acre
Mississippi,2016,soybeans,2040,48,empirical/goal16/raw/usda_nass/crop_production_2018_summary.pdf,https://www.nass.usda.gov/Publications/Todays_Reports/reports/cropan19.pdf,659b038284fe830330b7329eb0eca9ae4f6b06ff12b77a5b874adfc9818db0fd,2018,"1,000 acres",bushels per acre
Mississippi,2016,winter_wheat,65,48,empirical/goal16/raw/usda_nass/crop_production_2018_summary.pdf,https://www.nass.usda.gov/Publications/Todays_Reports/reports/cropan19.pdf,659b038284fe830330b7329eb0eca9ae4f6b06ff12b77a5b874adfc9818db0fd,2018,"1,000 acres",bushels per acre
Mississippi,2017,corn,520,189,empirical/goal16/raw/usda_nass/crop_production_2018_summary.pdf,https://www.nass.usda.gov/Publications/Todays_Reports/reports/cropan19.pdf,659b038284fe830330b7329eb0eca9ae4f6b06ff12b77a5b874adfc9818db0fd,2018,"1,000 acres",bushels per acre
Mississippi,2017,soybeans,2190,53,empirical/goal16/raw/usda_nass/crop_production_2018_summary.pdf,https://www.nass.usda.gov/Publications/Todays_Reports/reports/cropan19.pdf,659b038284fe830330b7329eb0eca9ae4f6b06ff12b77a5b874adfc9818db0fd,2018,"1,000 acres",bushels per acre
Mississippi,2017,winter_wheat,45,58,empirical/goal16/raw/usda_nass/crop_production_2018_summary.pdf,https://www.nass.usda.gov/Publications/Todays_Reports/reports/cropan19.pdf,659b038284fe830330b7329eb0eca9ae4f6b06ff12b77a5b874adfc9818db0fd,2018,"1,000 acres",bushels per acre
Mississippi,2018,corn,480,185,empirical/goal16/raw/usda_nass/crop_production_2018_summary.pdf,https://www.nass.usda.gov/Publications/Todays_Reports/reports/cropan19.pdf,659b038284fe830330b7329eb0eca9ae4f6b06ff12b77a5b874adfc9818db0fd,2018,"1,000 acres",bushels per acre
Mississippi,2018,soybeans,2230,54.5,empirical/goal16/raw/usda_nass/crop_production_2018_summary.pdf,https://www.nass.usda.gov/Publications/Todays_Reports/reports/cropan19.pdf,659b038284fe830330b7329eb0eca9ae4f6b06ff12b77a5b874adfc9818db0fd,2018,"1,000 acres",bushels per acre
Mississippi,2018,winter_wheat,55,49,empirical/goal16/raw/usda_nass/crop_production_2018_summary.pdf,https://www.nass.usda.gov/Publications/Todays_Reports/reports/cropan19.pdf,659b038284fe830330b7329eb0eca9ae4f6b06ff12b77a5b874adfc9818db0fd,2018,"1,000 acres",bushels per acre
Mississippi,2019,corn,660,174,empirical/goal16/raw/usda_nass/crop_production_2021_summary.pdf,https://www.nass.usda.gov/Publications/Todays_Reports/reports/cropan22.pdf,e54c9e6270e4c527e5496c4925111a3ea898d33009b99cf7c69cc978d2bbf080,2021,"1,000 acres",bushels per acre
Mississippi,2019,soybeans,1660,50,empirical/goal16/raw/usda_nass/crop_production_2021_summary.pdf,https://www.nass.usda.gov/Publications/Todays_Reports/reports/cropan22.pdf,e54c9e6270e4c527e5496c4925111a3ea898d33009b99cf7c69cc978d2bbf080,2021,"1,000 acres",bushels per acre
Mississippi,2019,winter_wheat,45,47,empirical/goal16/raw/usda_nass/crop_production_2021_summary.pdf,https://www.nass.usda.gov/Publications/Todays_Reports/reports/cropan22.pdf,e54c9e6270e4c527e5496c4925111a3ea898d33009b99cf7c69cc978d2bbf080,2021,"1,000 acres",bushels per acre
Mississippi,2020,corn,510,180,empirical/goal16/raw/usda_nass/crop_production_2021_summary.pdf,https://www.nass.usda.gov/Publications/Todays_Reports/reports/cropan22.pdf,e54c9e6270e4c527e5496c4925111a3ea898d33009b99cf7c69cc978d2bbf080,2021,"1,000 acres",bushels per acre
Mississippi,2020,soybeans,2090,54,empirical/goal16/raw/usda_nass/crop_production_2021_summary.pdf,https://www.nass.usda.gov/Publications/Todays_Reports/reports/cropan22.pdf,e54c9e6270e4c527e5496c4925111a3ea898d33009b99cf7c69cc978d2bbf080,2021,"1,000 acres",bushels per acre
Mississippi,2020,winter_wheat,40,48,empirical/goal16/raw/usda_nass/crop_production_2021_summary.pdf,https://www.nass.usda.gov/Publications/Todays_Reports/reports/cropan22.pdf,e54c9e6270e4c527e5496c4925111a3ea898d33009b99cf7c69cc978d2bbf080,2021,"1,000 acres",bushels per acre
Mississippi,2021,corn,730,181,empirical/goal16/raw/usda_nass/crop_production_2021_summary.pdf,https://www.nass.usda.gov/Publications/Todays_Reports/reports/cropan22.pdf,e54c9e6270e4c527e5496c4925111a3ea898d33009b99cf7c69cc978d2bbf080,2021,"1,000 acres",bushels per acre
Mississippi,2021,soybeans,2220,54,empirical/goal16/raw/usda_nass/crop_production_2021_summary.pdf,https://www.nass.usda.gov/Publications/Todays_Reports/reports/cropan22.pdf,e54c9e6270e4c527e5496c4925111a3ea898d33009b99cf7c69cc978d2bbf080,2021,"1,000 acres",bushels per acre
Mississippi,2021,winter_wheat,95,59,empirical/goal16/raw/usda_nass/crop_production_2021_summary.pdf,https://www.nass.usda.gov/Publications/Todays_Reports/reports/cropan22.pdf,e54c9e6270e4c527e5496c4925111a3ea898d33009b99cf7c69cc978d2bbf080,2021,"1,000 acres",bushels per acre
Mississippi,2022,corn,580,165,empirical/goal16/raw/usda_nass/crop_production_2024_summary.pdf,https://www.nass.usda.gov/Publications/Todays_Reports/reports/cropan25.pdf,0e3add3bc4c95c8ea5061d8e1e75d166e5d9a4a73dcf9204784be6697e94c0c9,2024,"1,000 acres",bushels per acre
Mississippi,2022,soybeans,2310,54,empirical/goal16/raw/usda_nass/crop_production_2024_summary.pdf,https://www.nass.usda.gov/Publications/Todays_Reports/reports/cropan25.pdf,0e3add3bc4c95c8ea5061d8e1e75d166e5d9a4a73dcf9204784be6697e94c0c9,2024,"1,000 acres",bushels per acre
Mississippi,2022,winter_wheat,100,52,empirical/goal16/raw/usda_nass/crop_production_2024_summary.pdf,https://www.nass.usda.gov/Publications/Todays_Reports/reports/cropan25.pdf,0e3add3bc4c95c8ea5061d8e1e75d166e5d9a4a73dcf9204784be6697e94c0c9,2024,"1,000 acres",bushels per acre
Mississippi,2023,corn,790,181,empirical/goal16/raw/usda_nass/crop_production_2024_summary.pdf,https://www.nass.usda.gov/Publications/Todays_Reports/reports/cropan25.pdf,0e3add3bc4c95c8ea5061d8e1e75d166e5d9a4a73dcf9204784be6697e94c0c9,2024,"1,000 acres",bushels per acre
Mississippi,2023,soybeans,2180,56,empirical/goal16/raw/usda_nass/crop_production_2024_summary.pdf,https://www.nass.usda.gov/Publications/Todays_Reports/reports/cropan25.pdf,0e3add3bc4c95c8ea5061d8e1e75d166e5d9a4a73dcf9204784be6697e94c0c9,2024,"1,000 acres",bushels per acre
Mississippi,2023,winter_wheat,120,52,empirical/goal16/raw/usda_nass/crop_production_2024_summary.pdf,https://www.nass.usda.gov/Publications/Todays_Reports/reports/cropan25.pdf,0e3add3bc4c95c8ea5061d8e1e75d166e5d9a4a73dcf9204784be6697e94c0c9,2024,"1,000 acres",bushels per acre
Mississippi,2024,corn,490,186,empirical/goal16/raw/usda_nass/crop_production_2024_summary.pdf,https://www.nass.usda.gov/Publications/Todays_Reports/reports/cropan25.pdf,0e3add3bc4c95c8ea5061d8e1e75d166e5d9a4a73dcf9204784be6697e94c0c9,2024,"1,000 acres",bushels per acre
Mississippi,2024,soybeans,2300,56,empirical/goal16/raw/usda_nass/crop_production_2024_summary.pdf,https://www.nass.usda.gov/Publications/Todays_Reports/reports/cropan25.pdf,0e3add3bc4c95c8ea5061d8e1e75d166e5d9a4a73dcf9204784be6697e94c0c9,2024,"1,000 acres",bushels per acre
Mississippi,2024,winter_wheat,60,50,empirical/goal16/raw/usda_nass/crop_production_2024_summary.pdf,https://www.nass.usda.gov/Publications/Todays_Reports/reports/cropan25.pdf,0e3add3bc4c95c8ea5061d8e1e75d166e5d9a4a73dcf9204784be6697e94c0c9,2024,"1,000 acres",bushels per acre
Missouri,2016,corn,3650,163,empirical/goal16/raw/usda_nass/crop_production_2018_summary.pdf,https://www.nass.usda.gov/Publications/Todays_Reports/reports/cropan19.pdf,659b038284fe830330b7329eb0eca9ae4f6b06ff12b77a5b874adfc9818db0fd,2018,"1,000 acres",bushels per acre
Missouri,2016,soybeans,5600,49,empirical/goal16/raw/usda_nass/crop_production_2018_summary.pdf,https://www.nass.usda.gov/Publications/Todays_Reports/reports/cropan19.pdf,659b038284fe830330b7329eb0eca9ae4f6b06ff12b77a5b874adfc9818db0fd,2018,"1,000 acres",bushels per acre
Missouri,2016,winter_wheat,690,70,empirical/goal16/raw/usda_nass/crop_production_2018_summary.pdf,https://www.nass.usda.gov/Publications/Todays_Reports/reports/cropan19.pdf,659b038284fe830330b7329eb0eca9ae4f6b06ff12b77a5b874adfc9818db0fd,2018,"1,000 acres",bushels per acre
Missouri,2017,corn,3400,170,empirical/goal16/raw/usda_nass/crop_production_2018_summary.pdf,https://www.nass.usda.gov/Publications/Todays_Reports/reports/cropan19.pdf,659b038284fe830330b7329eb0eca9ae4f6b06ff12b77a5b874adfc9818db0fd,2018,"1,000 acres",bushels per acre
Missouri,2017,soybeans,5950,49.5,empirical/goal16/raw/usda_nass/crop_production_2018_summary.pdf,https://www.nass.usda.gov/Publications/Todays_Reports/reports/cropan19.pdf,659b038284fe830330b7329eb0eca9ae4f6b06ff12b77a5b874adfc9818db0fd,2018,"1,000 acres",bushels per acre
Missouri,2017,winter_wheat,640,68,empirical/goal16/raw/usda_nass/crop_production_2018_summary.pdf,https://www.nass.usda.gov/Publications/Todays_Reports/reports/cropan19.pdf,659b038284fe830330b7329eb0eca9ae4f6b06ff12b77a5b874adfc9818db0fd,2018,"1,000 acres",bushels per acre
Missouri,2018,corn,3500,140,empirical/goal16/raw/usda_nass/crop_production_2018_summary.pdf,https://www.nass.usda.gov/Publications/Todays_Reports/reports/cropan19.pdf,659b038284fe830330b7329eb0eca9ae4f6b06ff12b77a5b874adfc9818db0fd,2018,"1,000 acres",bushels per acre
Missouri,2018,soybeans,5850,45,empirical/goal16/raw/usda_nass/crop_production_2018_summary.pdf,https://www.nass.usda.gov/Publications/Todays_Reports/reports/cropan19.pdf,659b038284fe830330b7329eb0eca9ae4f6b06ff12b77a5b874adfc9818db0fd,2018,"1,000 acres",bushels per acre
Missouri,2018,winter_wheat,740,59,empirical/goal16/raw/usda_nass/crop_production_2018_summary.pdf,https://www.nass.usda.gov/Publications/Todays_Reports/reports/cropan19.pdf,659b038284fe830330b7329eb0eca9ae4f6b06ff12b77a5b874adfc9818db0fd,2018,"1,000 acres",bushels per acre
Missouri,2019,corn,3200,155,empirical/goal16/raw/usda_nass/crop_production_2021_summary.pdf,https://www.nass.usda.gov/Publications/Todays_Reports/reports/cropan22.pdf,e54c9e6270e4c527e5496c4925111a3ea898d33009b99cf7c69cc978d2bbf080,2021,"1,000 acres",bushels per acre
Missouri,2019,soybeans,5100,46,empirical/goal16/raw/usda_nass/crop_production_2021_summary.pdf,https://www.nass.usda.gov/Publications/Todays_Reports/reports/cropan22.pdf,e54c9e6270e4c527e5496c4925111a3ea898d33009b99cf7c69cc978d2bbf080,2021,"1,000 acres",bushels per acre
Missouri,2019,winter_wheat,550,63,empirical/goal16/raw/usda_nass/crop_production_2021_summary.pdf,https://www.nass.usda.gov/Publications/Todays_Reports/reports/cropan22.pdf,e54c9e6270e4c527e5496c4925111a3ea898d33009b99cf7c69cc978d2bbf080,2021,"1,000 acres",bushels per acre
Missouri,2020,corn,3450,171,empirical/goal16/raw/usda_nass/crop_production_2021_summary.pdf,https://www.nass.usda.gov/Publications/Todays_Reports/reports/cropan22.pdf,e54c9e6270e4c527e5496c4925111a3ea898d33009b99cf7c69cc978d2bbf080,2021,"1,000 acres",bushels per acre
Missouri,2020,soybeans,5850,51,empirical/goal16/raw/usda_nass/crop_production_2021_summary.pdf,https://www.nass.usda.gov/Publications/Todays_Reports/reports/cropan22.pdf,e54c9e6270e4c527e5496c4925111a3ea898d33009b99cf7c69cc978d2bbf080,2021,"1,000 acres",bushels per acre
Missouri,2020,winter_wheat,480,62,empirical/goal16/raw/usda_nass/crop_production_2021_summary.pdf,https://www.nass.usda.gov/Publications/Todays_Reports/reports/cropan22.pdf,e54c9e6270e4c527e5496c4925111a3ea898d33009b99cf7c69cc978d2bbf080,2021,"1,000 acres",bushels per acre
Missouri,2021,corn,3600,160,empirical/goal16/raw/usda_nass/crop_production_2021_summary.pdf,https://www.nass.usda.gov/Publications/Todays_Reports/reports/cropan22.pdf,e54c9e6270e4c527e5496c4925111a3ea898d33009b99cf7c69cc978d2bbf080,2021,"1,000 acres",bushels per acre
Missouri,2021,soybeans,5700,49,empirical/goal16/raw/usda_nass/crop_production_2021_summary.pdf,https://www.nass.usda.gov/Publications/Todays_Reports/reports/cropan22.pdf,e54c9e6270e4c527e5496c4925111a3ea898d33009b99cf7c69cc978d2bbf080,2021,"1,000 acres",bushels per acre
Missouri,2021,winter_wheat,640,65,empirical/goal16/raw/usda_nass/crop_production_2021_summary.pdf,https://www.nass.usda.gov/Publications/Todays_Reports/reports/cropan22.pdf,e54c9e6270e4c527e5496c4925111a3ea898d33009b99cf7c69cc978d2bbf080,2021,"1,000 acres",bushels per acre
Missouri,2022,corn,3350,161,empirical/goal16/raw/usda_nass/crop_production_2024_summary.pdf,https://www.nass.usda.gov/Publications/Todays_Reports/reports/cropan25.pdf,0e3add3bc4c95c8ea5061d8e1e75d166e5d9a4a73dcf9204784be6697e94c0c9,2024,"1,000 acres",bushels per acre
Missouri,2022,soybeans,6100,45.5,empirical/goal16/raw/usda_nass/crop_production_2024_summary.pdf,https://www.nass.usda.gov/Publications/Todays_Reports/reports/cropan25.pdf,0e3add3bc4c95c8ea5061d8e1e75d166e5d9a4a73dcf9204784be6697e94c0c9,2024,"1,000 acres",bushels per acre
Missouri,2022,winter_wheat,630,60,empirical/goal16/raw/usda_nass/crop_production_2024_summary.pdf,https://www.nass.usda.gov/Publications/Todays_Reports/reports/cropan25.pdf,0e3add3bc4c95c8ea5061d8e1e75d166e5d9a4a73dcf9204784be6697e94c0c9,2024,"1,000 acres",bushels per acre
Missouri,2023,corn,3850,153,empirical/goal16/raw/usda_nass/crop_production_2024_summary.pdf,https://www.nass.usda.gov/Publications/Todays_Reports/reports/cropan25.pdf,0e3add3bc4c95c8ea5061d8e1e75d166e5d9a4a73dcf9204784be6697e94c0c9,2024,"1,000 acres",bushels per acre
Missouri,2023,soybeans,5600,48,empirical/goal16/raw/usda_nass/crop_production_2024_summary.pdf,https://www.nass.usda.gov/Publications/Todays_Reports/reports/cropan25.pdf,0e3add3bc4c95c8ea5061d8e1e75d166e5d9a4a73dcf9204784be6697e94c0c9,2024,"1,000 acres",bushels per acre
Missouri,2023,winter_wheat,780,70,empirical/goal16/raw/usda_nass/crop_production_2024_summary.pdf,https://www.nass.usda.gov/Publications/Todays_Reports/reports/cropan25.pdf,0e3add3bc4c95c8ea5061d8e1e75d166e5d9a4a73dcf9204784be6697e94c0c9,2024,"1,000 acres",bushels per acre
Missouri,2024,corn,3450,183,empirical/goal16/raw/usda_nass/crop_production_2024_summary.pdf,https://www.nass.usda.gov/Publications/Todays_Reports/reports/cropan25.pdf,0e3add3bc4c95c8ea5061d8e1e75d166e5d9a4a73dcf9204784be6697e94c0c9,2024,"1,000 acres",bushels per acre
Missouri,2024,soybeans,5900,49,empirical/goal16/raw/usda_nass/crop_production_2024_summary.pdf,https://www.nass.usda.gov/Publications/Todays_Reports/reports/cropan25.pdf,0e3add3bc4c95c8ea5061d8e1e75d166e5d9a4a73dcf9204784be6697e94c0c9,2024,"1,000 acres",bushels per acre
Missouri,2024,winter_wheat,670,75,empirical/goal16/raw/usda_nass/crop_production_2024_summary.pdf,https://www.nass.usda.gov/Publications/Todays_Reports/reports/cropan25.pdf,0e3add3bc4c95c8ea5061d8e1e75d166e5d9a4a73dcf9204784be6697e94c0c9,2024,"1,000 acres",bushels per acre
Montana,2016,corn,115,100,empirical/goal16/raw/usda_nass/crop_production_2018_summary.pdf,https://www.nass.usda.gov/Publications/Todays_Reports/reports/cropan19.pdf,659b038284fe830330b7329eb0eca9ae4f6b06ff12b77a5b874adfc9818db0fd,2018,"1,000 acres",bushels per acre
Montana,2016,winter_wheat,2250,49,empirical/goal16/raw/usda_nass/crop_production_2018_summary.pdf,https://www.nass.usda.gov/Publications/Todays_Reports/reports/cropan19.pdf,659b038284fe830330b7329eb0eca9ae4f6b06ff12b77a5b874adfc9818db0fd,2018,"1,000 acres",bushels per acre
Montana,2017,corn,115,70,empirical/goal16/raw/usda_nass/crop_production_2018_summary.pdf,https://www.nass.usda.gov/Publications/Todays_Reports/reports/cropan19.pdf,659b038284fe830330b7329eb0eca9ae4f6b06ff12b77a5b874adfc9818db0fd,2018,"1,000 acres",bushels per acre
Montana,2017,winter_wheat,1750,42,empirical/goal16/raw/usda_nass/crop_production_2018_summary.pdf,https://www.nass.usda.gov/Publications/Todays_Reports/reports/cropan19.pdf,659b038284fe830330b7329eb0eca9ae4f6b06ff12b77a5b874adfc9818db0fd,2018,"1,000 acres",bushels per acre
Montana,2018,corn,115,85,empirical/goal16/raw/usda_nass/crop_production_2018_summary.pdf,https://www.nass.usda.gov/Publications/Todays_Reports/reports/cropan19.pdf,659b038284fe830330b7329eb0eca9ae4f6b06ff12b77a5b874adfc9818db0fd,2018,"1,000 acres",bushels per acre
Montana,2018,winter_wheat,1650,50,empirical/goal16/raw/usda_nass/crop_production_2018_summary.pdf,https://www.nass.usda.gov/Publications/Todays_Reports/reports/cropan19.pdf,659b038284fe830330b7329eb0eca9ae4f6b06ff12b77a5b874adfc9818db0fd,2018,"1,000 acres",bushels per acre
Montana,2019,corn,115,95,empirical/goal16/raw/usda_nass/crop_production_2021_summary.pdf,https://www.nass.usda.gov/Publications/Todays_Reports/reports/cropan22.pdf,e54c9e6270e4c527e5496c4925111a3ea898d33009b99cf7c69cc978d2bbf080,2021,"1,000 acres",bushels per acre
Montana,2019,winter_wheat,2000,50,empirical/goal16/raw/usda_nass/crop_production_2021_summary.pdf,https://www.nass.usda.gov/Publications/Todays_Reports/reports/cropan22.pdf,e54c9e6270e4c527e5496c4925111a3ea898d33009b99cf7c69cc978d2bbf080,2021,"1,000 acres",bushels per acre
Montana,2020,corn,115,109,empirical/goal16/raw/usda_nass/crop_production_2021_summary.pdf,https://www.nass.usda.gov/Publications/Todays_Reports/reports/cropan22.pdf,e54c9e6270e4c527e5496c4925111a3ea898d33009b99cf7c69cc978d2bbf080,2021,"1,000 acres",bushels per acre
Montana,2020,winter_wheat,1550,51,empirical/goal16/raw/usda_nass/crop_production_2021_summary.pdf,https://www.nass.usda.gov/Publications/Todays_Reports/reports/cropan22.pdf,e54c9e6270e4c527e5496c4925111a3ea898d33009b99cf7c69cc978d2bbf080,2021,"1,000 acres",bushels per acre
Montana,2021,corn,120,100,empirical/goal16/raw/usda_nass/crop_production_2021_summary.pdf,https://www.nass.usda.gov/Publications/Todays_Reports/reports/cropan22.pdf,e54c9e6270e4c527e5496c4925111a3ea898d33009b99cf7c69cc978d2bbf080,2021,"1,000 acres",bushels per acre
Montana,2021,winter_wheat,1950,31,empirical/goal16/raw/usda_nass/crop_production_2021_summary.pdf,https://www.nass.usda.gov/Publications/Todays_Reports/reports/cropan22.pdf,e54c9e6270e4c527e5496c4925111a3ea898d33009b99cf7c69cc978d2bbf080,2021,"1,000 acres",bushels per acre
Montana,2022,corn,130,112,empirical/goal16/raw/usda_nass/crop_production_2024_summary.pdf,https://www.nass.usda.gov/Publications/Todays_Reports/reports/cropan25.pdf,0e3add3bc4c95c8ea5061d8e1e75d166e5d9a4a73dcf9204784be6697e94c0c9,2024,"1,000 acres",bushels per acre
Montana,2022,winter_wheat,2050,33,empirical/goal16/raw/usda_nass/crop_production_2024_summary.pdf,https://www.nass.usda.gov/Publications/Todays_Reports/reports/cropan25.pdf,0e3add3bc4c95c8ea5061d8e1e75d166e5d9a4a73dcf9204784be6697e94c0c9,2024,"1,000 acres",bushels per acre
Montana,2023,corn,135,129,empirical/goal16/raw/usda_nass/crop_production_2024_summary.pdf,https://www.nass.usda.gov/Publications/Todays_Reports/reports/cropan25.pdf,0e3add3bc4c95c8ea5061d8e1e75d166e5d9a4a73dcf9204784be6697e94c0c9,2024,"1,000 acres",bushels per acre
Montana,2023,winter_wheat,1850,51,empirical/goal16/raw/usda_nass/crop_production_2024_summary.pdf,https://www.nass.usda.gov/Publications/Todays_Reports/reports/cropan25.pdf,0e3add3bc4c95c8ea5061d8e1e75d166e5d9a4a73dcf9204784be6697e94c0c9,2024,"1,000 acres",bushels per acre
Montana,2024,corn,130,85,empirical/goal16/raw/usda_nass/crop_production_2024_summary.pdf,https://www.nass.usda.gov/Publications/Todays_Reports/reports/cropan25.pdf,0e3add3bc4c95c8ea5061d8e1e75d166e5d9a4a73dcf9204784be6697e94c0c9,2024,"1,000 acres",bushels per acre
Montana,2024,winter_wheat,1950,50,empirical/goal16/raw/usda_nass/crop_production_2024_summary.pdf,https://www.nass.usda.gov/Publications/Todays_Reports/reports/cropan25.pdf,0e3add3bc4c95c8ea5061d8e1e75d166e5d9a4a73dcf9204784be6697e94c0c9,2024,"1,000 acres",bushels per acre
Nebraska,2016,corn,9850,178,empirical/goal16/raw/usda_nass/crop_production_2018_summary.pdf,https://www.nass.usda.gov/Publications/Todays_Reports/reports/cropan19.pdf,659b038284fe830330b7329eb0eca9ae4f6b06ff12b77a5b874adfc9818db0fd,2018,"1,000 acres",bushels per acre
Nebraska,2016,soybeans,5200,61,empirical/goal16/raw/usda_nass/crop_production_2018_summary.pdf,https://www.nass.usda.gov/Publications/Todays_Reports/reports/cropan19.pdf,659b038284fe830330b7329eb0eca9ae4f6b06ff12b77a5b874adfc9818db0fd,2018,"1,000 acres",bushels per acre
Nebraska,2016,winter_wheat,1370,54,empirical/goal16/raw/usda_nass/crop_production_2018_summary.pdf,https://www.nass.usda.gov/Publications/Todays_Reports/reports/cropan19.pdf,659b038284fe830330b7329eb0eca9ae4f6b06ff12b77a5b874adfc9818db0fd,2018,"1,000 acres",bushels per acre
Nebraska,2017,corn,9550,181,empirical/goal16/raw/usda_nass/crop_production_2018_summary.pdf,https://www.nass.usda.gov/Publications/Todays_Reports/reports/cropan19.pdf,659b038284fe830330b7329eb0eca9ae4f6b06ff12b77a5b874adfc9818db0fd,2018,"1,000 acres",bushels per acre
Nebraska,2017,soybeans,5700,57.5,empirical/goal16/raw/usda_nass/crop_production_2018_summary.pdf,https://www.nass.usda.gov/Publications/Todays_Reports/reports/cropan19.pdf,659b038284fe830330b7329eb0eca9ae4f6b06ff12b77a5b874adfc9818db0fd,2018,"1,000 acres",bushels per acre
Nebraska,2017,winter_wheat,1120,46,empirical/goal16/raw/usda_nass/crop_production_2018_summary.pdf,https://www.nass.usda.gov/Publications/Todays_Reports/reports/cropan19.pdf,659b038284fe830330b7329eb0eca9ae4f6b06ff12b77a5b874adfc9818db0fd,2018,"1,000 acres",bushels per acre
Nebraska,2018,corn,9600,192,empirical/goal16/raw/usda_nass/crop_production_2018_summary.pdf,https://www.nass.usda.gov/Publications/Todays_Reports/reports/cropan19.pdf,659b038284fe830330b7329eb0eca9ae4f6b06ff12b77a5b874adfc9818db0fd,2018,"1,000 acres",bushels per acre
Nebraska,2018,soybeans,5700,59,empirical/goal16/raw/usda_nass/crop_production_2018_summary.pdf,https://www.nass.usda.gov/Publications/Todays_Reports/reports/cropan19.pdf,659b038284fe830330b7329eb0eca9ae4f6b06ff12b77a5b874adfc9818db0fd,2018,"1,000 acres",bushels per acre
Nebraska,2018,winter_wheat,1100,49,empirical/goal16/raw/usda_nass/crop_production_2018_summary.pdf,https://www.nass.usda.gov/Publications/Todays_Reports/reports/cropan19.pdf,659b038284fe830330b7329eb0eca9ae4f6b06ff12b77a5b874adfc9818db0fd,2018,"1,000 acres",bushels per acre
Nebraska,2019,corn,10100,182,empirical/goal16/raw/usda_nass/crop_production_2021_summary.pdf,https://www.nass.usda.gov/Publications/Todays_Reports/reports/cropan22.pdf,e54c9e6270e4c527e5496c4925111a3ea898d33009b99cf7c69cc978d2bbf080,2021,"1,000 acres",bushels per acre
Nebraska,2019,soybeans,4900,58.5,empirical/goal16/raw/usda_nass/crop_production_2021_summary.pdf,https://www.nass.usda.gov/Publications/Todays_Reports/reports/cropan22.pdf,e54c9e6270e4c527e5496c4925111a3ea898d33009b99cf7c69cc978d2bbf080,2021,"1,000 acres",bushels per acre
Nebraska,2019,winter_wheat,1070,57,empirical/goal16/raw/usda_nass/crop_production_2021_summary.pdf,https://www.nass.usda.gov/Publications/Todays_Reports/reports/cropan22.pdf,e54c9e6270e4c527e5496c4925111a3ea898d33009b99cf7c69cc978d2bbf080,2021,"1,000 acres",bushels per acre
Nebraska,2020,corn,10200,180,empirical/goal16/raw/usda_nass/crop_production_2021_summary.pdf,https://www.nass.usda.gov/Publications/Todays_Reports/reports/cropan22.pdf,e54c9e6270e4c527e5496c4925111a3ea898d33009b99cf7c69cc978d2bbf080,2021,"1,000 acres",bushels per acre
Nebraska,2020,soybeans,5200,58,empirical/goal16/raw/usda_nass/crop_production_2021_summary.pdf,https://www.nass.usda.gov/Publications/Todays_Reports/reports/cropan22.pdf,e54c9e6270e4c527e5496c4925111a3ea898d33009b99cf7c69cc978d2bbf080,2021,"1,000 acres",bushels per acre
Nebraska,2020,winter_wheat,900,41,empirical/goal16/raw/usda_nass/crop_production_2021_summary.pdf,https://www.nass.usda.gov/Publications/Todays_Reports/reports/cropan22.pdf,e54c9e6270e4c527e5496c4925111a3ea898d33009b99cf7c69cc978d2bbf080,2021,"1,000 acres",bushels per acre
Nebraska,2021,corn,9900,194,empirical/goal16/raw/usda_nass/crop_production_2021_summary.pdf,https://www.nass.usda.gov/Publications/Todays_Reports/reports/cropan22.pdf,e54c9e6270e4c527e5496c4925111a3ea898d33009b99cf7c69cc978d2bbf080,2021,"1,000 acres",bushels per acre
Nebraska,2021,soybeans,5600,63,empirical/goal16/raw/usda_nass/crop_production_2021_summary.pdf,https://www.nass.usda.gov/Publications/Todays_Reports/reports/cropan22.pdf,e54c9e6270e4c527e5496c4925111a3ea898d33009b99cf7c69cc978d2bbf080,2021,"1,000 acres",bushels per acre
Nebraska,2021,winter_wheat,920,49,empirical/goal16/raw/usda_nass/crop_production_2021_summary.pdf,https://www.nass.usda.gov/Publications/Todays_Reports/reports/cropan22.pdf,e54c9e6270e4c527e5496c4925111a3ea898d33009b99cf7c69cc978d2bbf080,2021,"1,000 acres",bushels per acre
Nebraska,2022,corn,9600,165,empirical/goal16/raw/usda_nass/crop_production_2024_summary.pdf,https://www.nass.usda.gov/Publications/Todays_Reports/reports/cropan25.pdf,0e3add3bc4c95c8ea5061d8e1e75d166e5d9a4a73dcf9204784be6697e94c0c9,2024,"1,000 acres",bushels per acre
Nebraska,2022,soybeans,5750,49,empirical/goal16/raw/usda_nass/crop_production_2024_summary.pdf,https://www.nass.usda.gov/Publications/Todays_Reports/reports/cropan25.pdf,0e3add3bc4c95c8ea5061d8e1e75d166e5d9a4a73dcf9204784be6697e94c0c9,2024,"1,000 acres",bushels per acre
Nebraska,2022,winter_wheat,980,32,empirical/goal16/raw/usda_nass/crop_production_2024_summary.pdf,https://www.nass.usda.gov/Publications/Todays_Reports/reports/cropan25.pdf,0e3add3bc4c95c8ea5061d8e1e75d166e5d9a4a73dcf9204784be6697e94c0c9,2024,"1,000 acres",bushels per acre
Nebraska,2023,corn,9950,182,empirical/goal16/raw/usda_nass/crop_production_2024_summary.pdf,https://www.nass.usda.gov/Publications/Todays_Reports/reports/cropan25.pdf,0e3add3bc4c95c8ea5061d8e1e75d166e5d9a4a73dcf9204784be6697e94c0c9,2024,"1,000 acres",bushels per acre
Nebraska,2023,soybeans,5250,51.5,empirical/goal16/raw/usda_nass/crop_production_2024_summary.pdf,https://www.nass.usda.gov/Publications/Todays_Reports/reports/cropan25.pdf,0e3add3bc4c95c8ea5061d8e1e75d166e5d9a4a73dcf9204784be6697e94c0c9,2024,"1,000 acres",bushels per acre
Nebraska,2023,winter_wheat,1130,42,empirical/goal16/raw/usda_nass/crop_production_2024_summary.pdf,https://www.nass.usda.gov/Publications/Todays_Reports/reports/cropan25.pdf,0e3add3bc4c95c8ea5061d8e1e75d166e5d9a4a73dcf9204784be6697e94c0c9,2024,"1,000 acres",bushels per acre
Nebraska,2024,corn,10050,188,empirical/goal16/raw/usda_nass/crop_production_2024_summary.pdf,https://www.nass.usda.gov/Publications/Todays_Reports/reports/cropan25.pdf,0e3add3bc4c95c8ea5061d8e1e75d166e5d9a4a73dcf9204784be6697e94c0c9,2024,"1,000 acres",bushels per acre
Nebraska,2024,soybeans,5300,57.5,empirical/goal16/raw/usda_nass/crop_production_2024_summary.pdf,https://www.nass.usda.gov/Publications/Todays_Reports/reports/cropan25.pdf,0e3add3bc4c95c8ea5061d8e1e75d166e5d9a4a73dcf9204784be6697e94c0c9,2024,"1,000 acres",bushels per acre
Nebraska,2024,winter_wheat,1000,52,empirical/goal16/raw/usda_nass/crop_production_2024_summary.pdf,https://www.nass.usda.gov/Publications/Todays_Reports/reports/cropan25.pdf,0e3add3bc4c95c8ea5061d8e1e75d166e5d9a4a73dcf9204784be6697e94c0c9,2024,"1,000 acres",bushels per acre
Nevada,2016,corn,11,,empirical/goal16/raw/usda_nass/crop_production_2018_summary.pdf,https://www.nass.usda.gov/Publications/Todays_Reports/reports/cropan19.pdf,659b038284fe830330b7329eb0eca9ae4f6b06ff12b77a5b874adfc9818db0fd,2018,"1,000 acres",bushels per acre
Nevada,2016,winter_wheat,10,75,empirical/goal16/raw/usda_nass/crop_production_2018_summary.pdf,https://www.nass.usda.gov/Publications/Todays_Reports/reports/cropan19.pdf,659b038284fe830330b7329eb0eca9ae4f6b06ff12b77a5b874adfc9818db0fd,2018,"1,000 acres",bushels per acre
Nevada,2017,corn,12,,empirical/goal16/raw/usda_nass/crop_production_2018_summary.pdf,https://www.nass.usda.gov/Publications/Todays_Reports/reports/cropan19.pdf,659b038284fe830330b7329eb0eca9ae4f6b06ff12b77a5b874adfc9818db0fd,2018,"1,000 acres",bushels per acre
Nevada,2017,winter_wheat,14,107,empirical/goal16/raw/usda_nass/crop_production_2018_summary.pdf,https://www.nass.usda.gov/Publications/Todays_Reports/reports/cropan19.pdf,659b038284fe830330b7329eb0eca9ae4f6b06ff12b77a5b874adfc9818db0fd,2018,"1,000 acres",bushels per acre
Nevada,2018,corn,13,,empirical/goal16/raw/usda_nass/crop_production_2018_summary.pdf,https://www.nass.usda.gov/Publications/Todays_Reports/reports/cropan19.pdf,659b038284fe830330b7329eb0eca9ae4f6b06ff12b77a5b874adfc9818db0fd,2018,"1,000 acres",bushels per acre
Nevada,2018,winter_wheat,13,120,empirical/goal16/raw/usda_nass/crop_production_2018_summary.pdf,https://www.nass.usda.gov/Publications/Todays_Reports/reports/cropan19.pdf,659b038284fe830330b7329eb0eca9ae4f6b06ff12b77a5b874adfc9818db0fd,2018,"1,000 acres",bushels per acre
Nevada,2019,corn,15,,empirical/goal16/raw/usda_nass/crop_production_2021_summary.pdf,https://www.nass.usda.gov/Publications/Todays_Reports/reports/cropan22.pdf,e54c9e6270e4c527e5496c4925111a3ea898d33009b99cf7c69cc978d2bbf080,2021,"1,000 acres",bushels per acre
Nevada,2020,corn,13,,empirical/goal16/raw/usda_nass/crop_production_2021_summary.pdf,https://www.nass.usda.gov/Publications/Todays_Reports/reports/cropan22.pdf,e54c9e6270e4c527e5496c4925111a3ea898d33009b99cf7c69cc978d2bbf080,2021,"1,000 acres",bushels per acre
Nevada,2021,corn,15,,empirical/goal16/raw/usda_nass/crop_production_2021_summary.pdf,https://www.nass.usda.gov/Publications/Todays_Reports/reports/cropan22.pdf,e54c9e6270e4c527e5496c4925111a3ea898d33009b99cf7c69cc978d2bbf080,2021,"1,000 acres",bushels per acre
Nevada,2022,corn,12,,empirical/goal16/raw/usda_nass/crop_production_2024_summary.pdf,https://www.nass.usda.gov/Publications/Todays_Reports/reports/cropan25.pdf,0e3add3bc4c95c8ea5061d8e1e75d166e5d9a4a73dcf9204784be6697e94c0c9,2024,"1,000 acres",bushels per acre
Nevada,2023,corn,13,,empirical/goal16/raw/usda_nass/crop_production_2024_summary.pdf,https://www.nass.usda.gov/Publications/Todays_Reports/reports/cropan25.pdf,0e3add3bc4c95c8ea5061d8e1e75d166e5d9a4a73dcf9204784be6697e94c0c9,2024,"1,000 acres",bushels per acre
Nevada,2024,corn,20,,empirical/goal16/raw/usda_nass/crop_production_2024_summary.pdf,https://www.nass.usda.gov/Publications/Todays_Reports/reports/cropan25.pdf,0e3add3bc4c95c8ea5061d8e1e75d166e5d9a4a73dcf9204784be6697e94c0c9,2024,"1,000 acres",bushels per acre
New Hampshire,2016,corn,15,,empirical/goal16/raw/usda_nass/crop_production_2018_summary.pdf,https://www.nass.usda.gov/Publications/Todays_Reports/reports/cropan19.pdf,659b038284fe830330b7329eb0eca9ae4f6b06ff12b77a5b874adfc9818db0fd,2018,"1,000 acres",bushels per acre
New Hampshire,2017,corn,14,,empirical/goal16/raw/usda_nass/crop_production_2018_summary.pdf,https://www.nass.usda.gov/Publications/Todays_Reports/reports/cropan19.pdf,659b038284fe830330b7329eb0eca9ae4f6b06ff12b77a5b874adfc9818db0fd,2018,"1,000 acres",bushels per acre
New Hampshire,2018,corn,13,,empirical/goal16/raw/usda_nass/crop_production_2018_summary.pdf,https://www.nass.usda.gov/Publications/Todays_Reports/reports/cropan19.pdf,659b038284fe830330b7329eb0eca9ae4f6b06ff12b77a5b874adfc9818db0fd,2018,"1,000 acres",bushels per acre
New Hampshire,2019,corn,12,,empirical/goal16/raw/usda_nass/crop_production_2021_summary.pdf,https://www.nass.usda.gov/Publications/Todays_Reports/reports/cropan22.pdf,e54c9e6270e4c527e5496c4925111a3ea898d33009b99cf7c69cc978d2bbf080,2021,"1,000 acres",bushels per acre
New Hampshire,2020,corn,13,,empirical/goal16/raw/usda_nass/crop_production_2021_summary.pdf,https://www.nass.usda.gov/Publications/Todays_Reports/reports/cropan22.pdf,e54c9e6270e4c527e5496c4925111a3ea898d33009b99cf7c69cc978d2bbf080,2021,"1,000 acres",bushels per acre
New Hampshire,2021,corn,13,,empirical/goal16/raw/usda_nass/crop_production_2021_summary.pdf,https://www.nass.usda.gov/Publications/Todays_Reports/reports/cropan22.pdf,e54c9e6270e4c527e5496c4925111a3ea898d33009b99cf7c69cc978d2bbf080,2021,"1,000 acres",bushels per acre
New Hampshire,2022,corn,13,,empirical/goal16/raw/usda_nass/crop_production_2024_summary.pdf,https://www.nass.usda.gov/Publications/Todays_Reports/reports/cropan25.pdf,0e3add3bc4c95c8ea5061d8e1e75d166e5d9a4a73dcf9204784be6697e94c0c9,2024,"1,000 acres",bushels per acre
New Hampshire,2023,corn,13,,empirical/goal16/raw/usda_nass/crop_production_2024_summary.pdf,https://www.nass.usda.gov/Publications/Todays_Reports/reports/cropan25.pdf,0e3add3bc4c95c8ea5061d8e1e75d166e5d9a4a73dcf9204784be6697e94c0c9,2024,"1,000 acres",bushels per acre
New Hampshire,2024,corn,12,,empirical/goal16/raw/usda_nass/crop_production_2024_summary.pdf,https://www.nass.usda.gov/Publications/Todays_Reports/reports/cropan25.pdf,0e3add3bc4c95c8ea5061d8e1e75d166e5d9a4a73dcf9204784be6697e94c0c9,2024,"1,000 acres",bushels per acre
New Jersey,2016,corn,80,145,empirical/goal16/raw/usda_nass/crop_production_2018_summary.pdf,https://www.nass.usda.gov/Publications/Todays_Reports/reports/cropan19.pdf,659b038284fe830330b7329eb0eca9ae4f6b06ff12b77a5b874adfc9818db0fd,2018,"1,000 acres",bushels per acre
New Jersey,2016,soybeans,100,36,empirical/goal16/raw/usda_nass/crop_production_2018_summary.pdf,https://www.nass.usda.gov/Publications/Todays_Reports/reports/cropan19.pdf,659b038284fe830330b7329eb0eca9ae4f6b06ff12b77a5b874adfc9818db0fd,2018,"1,000 acres",bushels per acre
New Jersey,2016,winter_wheat,25,64,empirical/goal16/raw/usda_nass/crop_production_2018_summary.pdf,https://www.nass.usda.gov/Publications/Todays_Reports/reports/cropan19.pdf,659b038284fe830330b7329eb0eca9ae4f6b06ff12b77a5b874adfc9818db0fd,2018,"1,000 acres",bushels per acre
New Jersey,2017,corn,77,167,empirical/goal16/raw/usda_nass/crop_production_2018_summary.pdf,https://www.nass.usda.gov/Publications/Todays_Reports/reports/cropan19.pdf,659b038284fe830330b7329eb0eca9ae4f6b06ff12b77a5b874adfc9818db0fd,2018,"1,000 acres",bushels per acre
New Jersey,2017,soybeans,100,45,empirical/goal16/raw/usda_nass/crop_production_2018_summary.pdf,https://www.nass.usda.gov/Publications/Todays_Reports/reports/cropan19.pdf,659b038284fe830330b7329eb0eca9ae4f6b06ff12b77a5b874adfc9818db0fd,2018,"1,000 acres",bushels per acre
New Jersey,2017,winter_wheat,23,64,empirical/goal16/raw/usda_nass/crop_production_2018_summary.pdf,https://www.nass.usda.gov/Publications/Todays_Reports/reports/cropan19.pdf,659b038284fe830330b7329eb0eca9ae4f6b06ff12b77a5b874adfc9818db0fd,2018,"1,000 acres",bushels per acre
New Jersey,2018,corn,72,141,empirical/goal16/raw/usda_nass/crop_production_2018_summary.pdf,https://www.nass.usda.gov/Publications/Todays_Reports/reports/cropan19.pdf,659b038284fe830330b7329eb0eca9ae4f6b06ff12b77a5b874adfc9818db0fd,2018,"1,000 acres",bushels per acre
New Jersey,2018,soybeans,105,40,empirical/goal16/raw/usda_nass/crop_production_2018_summary.pdf,https://www.nass.usda.gov/Publications/Todays_Reports/reports/cropan19.pdf,659b038284fe830330b7329eb0eca9ae4f6b06ff12b77a5b874adfc9818db0fd,2018,"1,000 acres",bushels per acre
New Jersey,2018,winter_wheat,18,62,empirical/goal16/raw/usda_nass/crop_production_2018_summary.pdf,https://www.nass.usda.gov/Publications/Todays_Reports/reports/cropan19.pdf,659b038284fe830330b7329eb0eca9ae4f6b06ff12b77a5b874adfc9818db0fd,2018,"1,000 acres",bushels per acre
New Jersey,2019,corn,77,155,empirical/goal16/raw/usda_nass/crop_production_2021_summary.pdf,https://www.nass.usda.gov/Publications/Todays_Reports/reports/cropan22.pdf,e54c9e6270e4c527e5496c4925111a3ea898d33009b99cf7c69cc978d2bbf080,2021,"1,000 acres",bushels per acre
New Jersey,2019,soybeans,95,37,empirical/goal16/raw/usda_nass/crop_production_2021_summary.pdf,https://www.nass.usda.gov/Publications/Todays_Reports/reports/cropan22.pdf,e54c9e6270e4c527e5496c4925111a3ea898d33009b99cf7c69cc978d2bbf080,2021,"1,000 acres",bushels per acre
New Jersey,2019,winter_wheat,19,66,empirical/goal16/raw/usda_nass/crop_production_2021_summary.pdf,https://www.nass.usda.gov/Publications/Todays_Reports/reports/cropan22.pdf,e54c9e6270e4c527e5496c4925111a3ea898d33009b99cf7c69cc978d2bbf080,2021,"1,000 acres",bushels per acre
New Jersey,2020,corn,80,156,empirical/goal16/raw/usda_nass/crop_production_2021_summary.pdf,https://www.nass.usda.gov/Publications/Todays_Reports/reports/cropan22.pdf,e54c9e6270e4c527e5496c4925111a3ea898d33009b99cf7c69cc978d2bbf080,2021,"1,000 acres",bushels per acre
New Jersey,2020,soybeans,94,46,empirical/goal16/raw/usda_nass/crop_production_2021_summary.pdf,https://www.nass.usda.gov/Publications/Todays_Reports/reports/cropan22.pdf,e54c9e6270e4c527e5496c4925111a3ea898d33009b99cf7c69cc978d2bbf080,2021,"1,000 acres",bushels per acre
New Jersey,2020,winter_wheat,25,67,empirical/goal16/raw/usda_nass/crop_production_2021_summary.pdf,https://www.nass.usda.gov/Publications/Todays_Reports/reports/cropan22.pdf,e54c9e6270e4c527e5496c4925111a3ea898d33009b99cf7c69cc978d2bbf080,2021,"1,000 acres",bushels per acre
New Jersey,2021,corn,78,163,empirical/goal16/raw/usda_nass/crop_production_2021_summary.pdf,https://www.nass.usda.gov/Publications/Todays_Reports/reports/cropan22.pdf,e54c9e6270e4c527e5496c4925111a3ea898d33009b99cf7c69cc978d2bbf080,2021,"1,000 acres",bushels per acre
New Jersey,2021,soybeans,100,46,empirical/goal16/raw/usda_nass/crop_production_2021_summary.pdf,https://www.nass.usda.gov/Publications/Todays_Reports/reports/cropan22.pdf,e54c9e6270e4c527e5496c4925111a3ea898d33009b99cf7c69cc978d2bbf080,2021,"1,000 acres",bushels per acre
New Jersey,2021,winter_wheat,23,67,empirical/goal16/raw/usda_nass/crop_production_2021_summary.pdf,https://www.nass.usda.gov/Publications/Todays_Reports/reports/cropan22.pdf,e54c9e6270e4c527e5496c4925111a3ea898d33009b99cf7c69cc978d2bbf080,2021,"1,000 acres",bushels per acre
New Jersey,2022,corn,68,114,empirical/goal16/raw/usda_nass/crop_production_2024_summary.pdf,https://www.nass.usda.gov/Publications/Todays_Reports/reports/cropan25.pdf,0e3add3bc4c95c8ea5061d8e1e75d166e5d9a4a73dcf9204784be6697e94c0c9,2024,"1,000 acres",bushels per acre
New Jersey,2022,soybeans,110,28,empirical/goal16/raw/usda_nass/crop_production_2024_summary.pdf,https://www.nass.usda.gov/Publications/Todays_Reports/reports/cropan25.pdf,0e3add3bc4c95c8ea5061d8e1e75d166e5d9a4a73dcf9204784be6697e94c0c9,2024,"1,000 acres",bushels per acre
New Jersey,2022,winter_wheat,26,70,empirical/goal16/raw/usda_nass/crop_production_2024_summary.pdf,https://www.nass.usda.gov/Publications/Todays_Reports/reports/cropan25.pdf,0e3add3bc4c95c8ea5061d8e1e75d166e5d9a4a73dcf9204784be6697e94c0c9,2024,"1,000 acres",bushels per acre
New Jersey,2023,corn,74,168,empirical/goal16/raw/usda_nass/crop_production_2024_summary.pdf,https://www.nass.usda.gov/Publications/Todays_Reports/reports/cropan25.pdf,0e3add3bc4c95c8ea5061d8e1e75d166e5d9a4a73dcf9204784be6697e94c0c9,2024,"1,000 acres",bushels per acre
New Jersey,2023,soybeans,100,43,empirical/goal16/raw/usda_nass/crop_production_2024_summary.pdf,https://www.nass.usda.gov/Publications/Todays_Reports/reports/cropan25.pdf,0e3add3bc4c95c8ea5061d8e1e75d166e5d9a4a73dcf9204784be6697e94c0c9,2024,"1,000 acres",bushels per acre
New Jersey,2023,winter_wheat,34,82,empirical/goal16/raw/usda_nass/crop_production_2024_summary.pdf,https://www.nass.usda.gov/Publications/Todays_Reports/reports/cropan25.pdf,0e3add3bc4c95c8ea5061d8e1e75d166e5d9a4a73dcf9204784be6697e94c0c9,2024,"1,000 acres",bushels per acre
New Jersey,2024,corn,72,157,empirical/goal16/raw/usda_nass/crop_production_2024_summary.pdf,https://www.nass.usda.gov/Publications/Todays_Reports/reports/cropan25.pdf,0e3add3bc4c95c8ea5061d8e1e75d166e5d9a4a73dcf9204784be6697e94c0c9,2024,"1,000 acres",bushels per acre
New Jersey,2024,soybeans,105,43,empirical/goal16/raw/usda_nass/crop_production_2024_summary.pdf,https://www.nass.usda.gov/Publications/Todays_Reports/reports/cropan25.pdf,0e3add3bc4c95c8ea5061d8e1e75d166e5d9a4a73dcf9204784be6697e94c0c9,2024,"1,000 acres",bushels per acre
New Jersey,2024,winter_wheat,,,empirical/goal16/raw/usda_nass/crop_production_2024_summary.pdf,https://www.nass.usda.gov/Publications/Todays_Reports/reports/cropan25.pdf,0e3add3bc4c95c8ea5061d8e1e75d166e5d9a4a73dcf9204784be6697e94c0c9,2024,"1,000 acres",bushels per acre
New Mexico,2016,corn,120,150,empirical/goal16/raw/usda_nass/crop_production_2018_summary.pdf,https://www.nass.usda.gov/Publications/Todays_Reports/reports/cropan19.pdf,659b038284fe830330b7329eb0eca9ae4f6b06ff12b77a5b874adfc9818db0fd,2018,"1,000 acres",bushels per acre
New Mexico,2016,winter_wheat,345,22,empirical/goal16/raw/usda_nass/crop_production_2018_summary.pdf,https://www.nass.usda.gov/Publications/Todays_Reports/reports/cropan19.pdf,659b038284fe830330b7329eb0eca9ae4f6b06ff12b77a5b874adfc9818db0fd,2018,"1,000 acres",bushels per acre
New Mexico,2017,corn,125,134,empirical/goal16/raw/usda_nass/crop_production_2018_summary.pdf,https://www.nass.usda.gov/Publications/Todays_Reports/reports/cropan19.pdf,659b038284fe830330b7329eb0eca9ae4f6b06ff12b77a5b874adfc9818db0fd,2018,"1,000 acres",bushels per acre
New Mexico,2017,winter_wheat,330,30,empirical/goal16/raw/usda_nass/crop_production_2018_summary.pdf,https://www.nass.usda.gov/Publications/Todays_Reports/reports/cropan19.pdf,659b038284fe830330b7329eb0eca9ae4f6b06ff12b77a5b874adfc9818db0fd,2018,"1,000 acres",bushels per acre
New Mexico,2018,corn,135,187,empirical/goal16/raw/usda_nass/crop_production_2018_summary.pdf,https://www.nass.usda.gov/Publications/Todays_Reports/reports/cropan19.pdf,659b038284fe830330b7329eb0eca9ae4f6b06ff12b77a5b874adfc9818db0fd,2018,"1,000 acres",bushels per acre
New Mexico,2018,winter_wheat,315,15,empirical/goal16/raw/usda_nass/crop_production_2018_summary.pdf,https://www.nass.usda.gov/Publications/Todays_Reports/reports/cropan19.pdf,659b038284fe830330b7329eb0eca9ae4f6b06ff12b77a5b874adfc9818db0fd,2018,"1,000 acres",bushels per acre
New Mexico,2019,corn,150,135,empirical/goal16/raw/usda_nass/crop_production_2021_summary.pdf,https://www.nass.usda.gov/Publications/Todays_Reports/reports/cropan22.pdf,e54c9e6270e4c527e5496c4925111a3ea898d33009b99cf7c69cc978d2bbf080,2021,"1,000 acres",bushels per acre
New Mexico,2019,winter_wheat,365,30,empirical/goal16/raw/usda_nass/crop_production_2021_summary.pdf,https://www.nass.usda.gov/Publications/Todays_Reports/reports/cropan22.pdf,e54c9e6270e4c527e5496c4925111a3ea898d33009b99cf7c69cc978d2bbf080,2021,"1,000 acres",bushels per acre
New Mexico,2020,corn,125,195,empirical/goal16/raw/usda_nass/crop_production_2021_summary.pdf,https://www.nass.usda.gov/Publications/Todays_Reports/reports/cropan22.pdf,e54c9e6270e4c527e5496c4925111a3ea898d33009b99cf7c69cc978d2bbf080,2021,"1,000 acres",bushels per acre
New Mexico,2020,winter_wheat,335,28,empirical/goal16/raw/usda_nass/crop_production_2021_summary.pdf,https://www.nass.usda.gov/Publications/Todays_Reports/reports/cropan22.pdf,e54c9e6270e4c527e5496c4925111a3ea898d33009b99cf7c69cc978d2bbf080,2021,"1,000 acres",bushels per acre
New Mexico,2021,corn,120,184,empirical/goal16/raw/usda_nass/crop_production_2021_summary.pdf,https://www.nass.usda.gov/Publications/Todays_Reports/reports/cropan22.pdf,e54c9e6270e4c527e5496c4925111a3ea898d33009b99cf7c69cc978d2bbf080,2021,"1,000 acres",bushels per acre
New Mexico,2021,winter_wheat,370,36,empirical/goal16/raw/usda_nass/crop_production_2021_summary.pdf,https://www.nass.usda.gov/Publications/Todays_Reports/reports/cropan22.pdf,e54c9e6270e4c527e5496c4925111a3ea898d33009b99cf7c69cc978d2bbf080,2021,"1,000 acres",bushels per acre
New Mexico,2022,corn,100,149,empirical/goal16/raw/usda_nass/crop_production_2024_summary.pdf,https://www.nass.usda.gov/Publications/Todays_Reports/reports/cropan25.pdf,0e3add3bc4c95c8ea5061d8e1e75d166e5d9a4a73dcf9204784be6697e94c0c9,2024,"1,000 acres",bushels per acre
New Mexico,2022,winter_wheat,360,17,empirical/goal16/raw/usda_nass/crop_production_2024_summary.pdf,https://www.nass.usda.gov/Publications/Todays_Reports/reports/cropan25.pdf,0e3add3bc4c95c8ea5061d8e1e75d166e5d9a4a73dcf9204784be6697e94c0c9,2024,"1,000 acres",bushels per acre
New Mexico,2023,corn,125,155,empirical/goal16/raw/usda_nass/crop_production_2024_summary.pdf,https://www.nass.usda.gov/Publications/Todays_Reports/reports/cropan25.pdf,0e3add3bc4c95c8ea5061d8e1e75d166e5d9a4a73dcf9204784be6697e94c0c9,2024,"1,000 acres",bushels per acre
New Mexico,2023,winter_wheat,405,11,empirical/goal16/raw/usda_nass/crop_production_2024_summary.pdf,https://www.nass.usda.gov/Publications/Todays_Reports/reports/cropan25.pdf,0e3add3bc4c95c8ea5061d8e1e75d166e5d9a4a73dcf9204784be6697e94c0c9,2024,"1,000 acres",bushels per acre
New Mexico,2024,corn,100,157,empirical/goal16/raw/usda_nass/crop_production_2024_summary.pdf,https://www.nass.usda.gov/Publications/Todays_Reports/reports/cropan25.pdf,0e3add3bc4c95c8ea5061d8e1e75d166e5d9a4a73dcf9204784be6697e94c0c9,2024,"1,000 acres",bushels per acre
New Mexico,2024,winter_wheat,370,12,empirical/goal16/raw/usda_nass/crop_production_2024_summary.pdf,https://www.nass.usda.gov/Publications/Todays_Reports/reports/cropan25.pdf,0e3add3bc4c95c8ea5061d8e1e75d166e5d9a4a73dcf9204784be6697e94c0c9,2024,"1,000 acres",bushels per acre
New York,2016,corn,1100,129,empirical/goal16/raw/usda_nass/crop_production_2018_summary.pdf,https://www.nass.usda.gov/Publications/Todays_Reports/reports/cropan19.pdf,659b038284fe830330b7329eb0eca9ae4f6b06ff12b77a5b874adfc9818db0fd,2018,"1,000 acres",bushels per acre
New York,2016,soybeans,330,41,empirical/goal16/raw/usda_nass/crop_production_2018_summary.pdf,https://www.nass.usda.gov/Publications/Todays_Reports/reports/cropan19.pdf,659b038284fe830330b7329eb0eca9ae4f6b06ff12b77a5b874adfc9818db0fd,2018,"1,000 acres",bushels per acre
New York,2016,winter_wheat,120,74,empirical/goal16/raw/usda_nass/crop_production_2018_summary.pdf,https://www.nass.usda.gov/Publications/Todays_Reports/reports/cropan19.pdf,659b038284fe830330b7329eb0eca9ae4f6b06ff12b77a5b874adfc9818db0fd,2018,"1,000 acres",bushels per acre
New York,2017,corn,1000,161,empirical/goal16/raw/usda_nass/crop_production_2018_summary.pdf,https://www.nass.usda.gov/Publications/Todays_Reports/reports/cropan19.pdf,659b038284fe830330b7329eb0eca9ae4f6b06ff12b77a5b874adfc9818db0fd,2018,"1,000 acres",bushels per acre
New York,2017,soybeans,270,45,empirical/goal16/raw/usda_nass/crop_production_2018_summary.pdf,https://www.nass.usda.gov/Publications/Todays_Reports/reports/cropan19.pdf,659b038284fe830330b7329eb0eca9ae4f6b06ff12b77a5b874adfc9818db0fd,2018,"1,000 acres",bushels per acre
New York,2017,winter_wheat,140,67,empirical/goal16/raw/usda_nass/crop_production_2018_summary.pdf,https://www.nass.usda.gov/Publications/Todays_Reports/reports/cropan19.pdf,659b038284fe830330b7329eb0eca9ae4f6b06ff12b77a5b874adfc9818db0fd,2018,"1,000 acres",bushels per acre
New York,2018,corn,1100,159,empirical/goal16/raw/usda_nass/crop_production_2018_summary.pdf,https://www.nass.usda.gov/Publications/Todays_Reports/reports/cropan19.pdf,659b038284fe830330b7329eb0eca9ae4f6b06ff12b77a5b874adfc9818db0fd,2018,"1,000 acres",bushels per acre
New York,2018,soybeans,330,52.5,empirical/goal16/raw/usda_nass/crop_production_2018_summary.pdf,https://www.nass.usda.gov/Publications/Todays_Reports/reports/cropan19.pdf,659b038284fe830330b7329eb0eca9ae4f6b06ff12b77a5b874adfc9818db0fd,2018,"1,000 acres",bushels per acre
New York,2018,winter_wheat,110,69,empirical/goal16/raw/usda_nass/crop_production_2018_summary.pdf,https://www.nass.usda.gov/Publications/Todays_Reports/reports/cropan19.pdf,659b038284fe830330b7329eb0eca9ae4f6b06ff12b77a5b874adfc9818db0fd,2018,"1,000 acres",bushels per acre
New York,2019,corn,1020,158,empirical/goal16/raw/usda_nass/crop_production_2021_summary.pdf,https://www.nass.usda.gov/Publications/Todays_Reports/reports/cropan22.pdf,e54c9e6270e4c527e5496c4925111a3ea898d33009b99cf7c69cc978d2bbf080,2021,"1,000 acres",bushels per acre
New York,2019,soybeans,235,48,empirical/goal16/raw/usda_nass/crop_production_2021_summary.pdf,https://www.nass.usda.gov/Publications/Todays_Reports/reports/cropan22.pdf,e54c9e6270e4c527e5496c4925111a3ea898d33009b99cf7c69cc978d2bbf080,2021,"1,000 acres",bushels per acre
New York,2019,winter_wheat,90,63,empirical/goal16/raw/usda_nass/crop_production_2021_summary.pdf,https://www.nass.usda.gov/Publications/Todays_Reports/reports/cropan22.pdf,e54c9e6270e4c527e5496c4925111a3ea898d33009b99cf7c69cc978d2bbf080,2021,"1,000 acres",bushels per acre
New York,2020,corn,1030,157,empirical/goal16/raw/usda_nass/crop_production_2021_summary.pdf,https://www.nass.usda.gov/Publications/Todays_Reports/reports/cropan22.pdf,e54c9e6270e4c527e5496c4925111a3ea898d33009b99cf7c69cc978d2bbf080,2021,"1,000 acres",bushels per acre
New York,2020,soybeans,315,51,empirical/goal16/raw/usda_nass/crop_production_2021_summary.pdf,https://www.nass.usda.gov/Publications/Todays_Reports/reports/cropan22.pdf,e54c9e6270e4c527e5496c4925111a3ea898d33009b99cf7c69cc978d2bbf080,2021,"1,000 acres",bushels per acre
New York,2020,winter_wheat,150,66,empirical/goal16/raw/usda_nass/crop_production_2021_summary.pdf,https://www.nass.usda.gov/Publications/Todays_Reports/reports/cropan22.pdf,e54c9e6270e4c527e5496c4925111a3ea898d33009b99cf7c69cc978d2bbf080,2021,"1,000 acres",bushels per acre
New York,2021,corn,1050,167,empirical/goal16/raw/usda_nass/crop_production_2021_summary.pdf,https://www.nass.usda.gov/Publications/Todays_Reports/reports/cropan22.pdf,e54c9e6270e4c527e5496c4925111a3ea898d33009b99cf7c69cc978d2bbf080,2021,"1,000 acres",bushels per acre
New York,2021,soybeans,325,53,empirical/goal16/raw/usda_nass/crop_production_2021_summary.pdf,https://www.nass.usda.gov/Publications/Todays_Reports/reports/cropan22.pdf,e54c9e6270e4c527e5496c4925111a3ea898d33009b99cf7c69cc978d2bbf080,2021,"1,000 acres",bushels per acre
New York,2021,winter_wheat,155,77,empirical/goal16/raw/usda_nass/crop_production_2021_summary.pdf,https://www.nass.usda.gov/Publications/Todays_Reports/reports/cropan22.pdf,e54c9e6270e4c527e5496c4925111a3ea898d33009b99cf7c69cc978d2bbf080,2021,"1,000 acres",bushels per acre
New York,2022,corn,1010,142,empirical/goal16/raw/usda_nass/crop_production_2024_summary.pdf,https://www.nass.usda.gov/Publications/Todays_Reports/reports/cropan25.pdf,0e3add3bc4c95c8ea5061d8e1e75d166e5d9a4a73dcf9204784be6697e94c0c9,2024,"1,000 acres",bushels per acre
New York,2022,soybeans,350,45,empirical/goal16/raw/usda_nass/crop_production_2024_summary.pdf,https://www.nass.usda.gov/Publications/Todays_Reports/reports/cropan25.pdf,0e3add3bc4c95c8ea5061d8e1e75d166e5d9a4a73dcf9204784be6697e94c0c9,2024,"1,000 acres",bushels per acre
New York,2022,winter_wheat,140,72,empirical/goal16/raw/usda_nass/crop_production_2024_summary.pdf,https://www.nass.usda.gov/Publications/Todays_Reports/reports/cropan25.pdf,0e3add3bc4c95c8ea5061d8e1e75d166e5d9a4a73dcf9204784be6697e94c0c9,2024,"1,000 acres",bushels per acre
New York,2023,corn,1040,159,empirical/goal16/raw/usda_nass/crop_production_2024_summary.pdf,https://www.nass.usda.gov/Publications/Todays_Reports/reports/cropan25.pdf,0e3add3bc4c95c8ea5061d8e1e75d166e5d9a4a73dcf9204784be6697e94c0c9,2024,"1,000 acres",bushels per acre
New York,2023,soybeans,350,51,empirical/goal16/raw/usda_nass/crop_production_2024_summary.pdf,https://www.nass.usda.gov/Publications/Todays_Reports/reports/cropan25.pdf,0e3add3bc4c95c8ea5061d8e1e75d166e5d9a4a73dcf9204784be6697e94c0c9,2024,"1,000 acres",bushels per acre
New York,2023,winter_wheat,150,81,empirical/goal16/raw/usda_nass/crop_production_2024_summary.pdf,https://www.nass.usda.gov/Publications/Todays_Reports/reports/cropan25.pdf,0e3add3bc4c95c8ea5061d8e1e75d166e5d9a4a73dcf9204784be6697e94c0c9,2024,"1,000 acres",bushels per acre
New York,2024,corn,1020,169,empirical/goal16/raw/usda_nass/crop_production_2024_summary.pdf,https://www.nass.usda.gov/Publications/Todays_Reports/reports/cropan25.pdf,0e3add3bc4c95c8ea5061d8e1e75d166e5d9a4a73dcf9204784be6697e94c0c9,2024,"1,000 acres",bushels per acre
New York,2024,soybeans,370,51,empirical/goal16/raw/usda_nass/crop_production_2024_summary.pdf,https://www.nass.usda.gov/Publications/Todays_Reports/reports/cropan25.pdf,0e3add3bc4c95c8ea5061d8e1e75d166e5d9a4a73dcf9204784be6697e94c0c9,2024,"1,000 acres",bushels per acre
New York,2024,winter_wheat,135,75,empirical/goal16/raw/usda_nass/crop_production_2024_summary.pdf,https://www.nass.usda.gov/Publications/Todays_Reports/reports/cropan25.pdf,0e3add3bc4c95c8ea5061d8e1e75d166e5d9a4a73dcf9204784be6697e94c0c9,2024,"1,000 acres",bushels per acre
North Carolina,2016,corn,1000,129,empirical/goal16/raw/usda_nass/crop_production_2018_summary.pdf,https://www.nass.usda.gov/Publications/Todays_Reports/reports/cropan19.pdf,659b038284fe830330b7329eb0eca9ae4f6b06ff12b77a5b874adfc9818db0fd,2018,"1,000 acres",bushels per acre
North Carolina,2016,soybeans,1690,35,empirical/goal16/raw/usda_nass/crop_production_2018_summary.pdf,https://www.nass.usda.gov/Publications/Todays_Reports/reports/cropan19.pdf,659b038284fe830330b7329eb0eca9ae4f6b06ff12b77a5b874adfc9818db0fd,2018,"1,000 acres",bushels per acre
North Carolina,2016,winter_wheat,420,41,empirical/goal16/raw/usda_nass/crop_production_2018_summary.pdf,https://www.nass.usda.gov/Publications/Todays_Reports/reports/cropan19.pdf,659b038284fe830330b7329eb0eca9ae4f6b06ff12b77a5b874adfc9818db0fd,2018,"1,000 acres",bushels per acre
North Carolina,2017,corn,890,142,empirical/goal16/raw/usda_nass/crop_production_2018_summary.pdf,https://www.nass.usda.gov/Publications/Todays_Reports/reports/cropan19.pdf,659b038284fe830330b7329eb0eca9ae4f6b06ff12b77a5b874adfc9818db0fd,2018,"1,000 acres",bushels per acre
North Carolina,2017,soybeans,1700,40,empirical/goal16/raw/usda_nass/crop_production_2018_summary.pdf,https://www.nass.usda.gov/Publications/Todays_Reports/reports/cropan19.pdf,659b038284fe830330b7329eb0eca9ae4f6b06ff12b77a5b874adfc9818db0fd,2018,"1,000 acres",bushels per acre
North Carolina,2017,winter_wheat,450,55,empirical/goal16/raw/usda_nass/crop_production_2018_summary.pdf,https://www.nass.usda.gov/Publications/Todays_Reports/reports/cropan19.pdf,659b038284fe830330b7329eb0eca9ae4f6b06ff12b77a5b874adfc9818db0fd,2018,"1,000 acres",bushels per acre
North Carolina,2018,corn,910,113,empirical/goal16/raw/usda_nass/crop_production_2018_summary.pdf,https://www.nass.usda.gov/Publications/Todays_Reports/reports/cropan19.pdf,659b038284fe830330b7329eb0eca9ae4f6b06ff12b77a5b874adfc9818db0fd,2018,"1,000 acres",bushels per acre
North Carolina,2018,soybeans,1650,34,empirical/goal16/raw/usda_nass/crop_production_2018_summary.pdf,https://www.nass.usda.gov/Publications/Todays_Reports/reports/cropan19.pdf,659b038284fe830330b7329eb0eca9ae4f6b06ff12b77a5b874adfc9818db0fd,2018,"1,000 acres",bushels per acre
North Carolina,2018,winter_wheat,460,57,empirical/goal16/raw/usda_nass/crop_production_2018_summary.pdf,https://www.nass.usda.gov/Publications/Todays_Reports/reports/cropan19.pdf,659b038284fe830330b7329eb0eca9ae4f6b06ff12b77a5b874adfc9818db0fd,2018,"1,000 acres",bushels per acre
North Carolina,2019,corn,990,111,empirical/goal16/raw/usda_nass/crop_production_2021_summary.pdf,https://www.nass.usda.gov/Publications/Todays_Reports/reports/cropan22.pdf,e54c9e6270e4c527e5496c4925111a3ea898d33009b99cf7c69cc978d2bbf080,2021,"1,000 acres",bushels per acre
North Carolina,2019,soybeans,1540,35,empirical/goal16/raw/usda_nass/crop_production_2021_summary.pdf,https://www.nass.usda.gov/Publications/Todays_Reports/reports/cropan22.pdf,e54c9e6270e4c527e5496c4925111a3ea898d33009b99cf7c69cc978d2bbf080,2021,"1,000 acres",bushels per acre
North Carolina,2019,winter_wheat,290,56,empirical/goal16/raw/usda_nass/crop_production_2021_summary.pdf,https://www.nass.usda.gov/Publications/Todays_Reports/reports/cropan22.pdf,e54c9e6270e4c527e5496c4925111a3ea898d33009b99cf7c69cc978d2bbf080,2021,"1,000 acres",bushels per acre
North Carolina,2020,corn,990,113,empirical/goal16/raw/usda_nass/crop_production_2021_summary.pdf,https://www.nass.usda.gov/Publications/Todays_Reports/reports/cropan22.pdf,e54c9e6270e4c527e5496c4925111a3ea898d33009b99cf7c69cc978d2bbf080,2021,"1,000 acres",bushels per acre
North Carolina,2020,soybeans,1600,38,empirical/goal16/raw/usda_nass/crop_production_2021_summary.pdf,https://www.nass.usda.gov/Publications/Todays_Reports/reports/cropan22.pdf,e54c9e6270e4c527e5496c4925111a3ea898d33009b99cf7c69cc978d2bbf080,2021,"1,000 acres",bushels per acre
North Carolina,2020,winter_wheat,450,60,empirical/goal16/raw/usda_nass/crop_production_2021_summary.pdf,https://www.nass.usda.gov/Publications/Todays_Reports/reports/cropan22.pdf,e54c9e6270e4c527e5496c4925111a3ea898d33009b99cf7c69cc978d2bbf080,2021,"1,000 acres",bushels per acre
North Carolina,2021,corn,960,149,empirical/goal16/raw/usda_nass/crop_production_2021_summary.pdf,https://www.nass.usda.gov/Publications/Todays_Reports/reports/cropan22.pdf,e54c9e6270e4c527e5496c4925111a3ea898d33009b99cf7c69cc978d2bbf080,2021,"1,000 acres",bushels per acre
North Carolina,2021,soybeans,1650,40,empirical/goal16/raw/usda_nass/crop_production_2021_summary.pdf,https://www.nass.usda.gov/Publications/Todays_Reports/reports/cropan22.pdf,e54c9e6270e4c527e5496c4925111a3ea898d33009b99cf7c69cc978d2bbf080,2021,"1,000 acres",bushels per acre
North Carolina,2021,winter_wheat,450,56,empirical/goal16/raw/usda_nass/crop_production_2021_summary.pdf,https://www.nass.usda.gov/Publications/Todays_Reports/reports/cropan22.pdf,e54c9e6270e4c527e5496c4925111a3ea898d33009b99cf7c69cc978d2bbf080,2021,"1,000 acres",bushels per acre
North Carolina,2022,corn,820,126,empirical/goal16/raw/usda_nass/crop_production_2024_summary.pdf,https://www.nass.usda.gov/Publications/Todays_Reports/reports/cropan25.pdf,0e3add3bc4c95c8ea5061d8e1e75d166e5d9a4a73dcf9204784be6697e94c0c9,2024,"1,000 acres",bushels per acre
North Carolina,2022,soybeans,1700,38.5,empirical/goal16/raw/usda_nass/crop_production_2024_summary.pdf,https://www.nass.usda.gov/Publications/Todays_Reports/reports/cropan25.pdf,0e3add3bc4c95c8ea5061d8e1e75d166e5d9a4a73dcf9204784be6697e94c0c9,2024,"1,000 acres",bushels per acre
North Carolina,2022,winter_wheat,480,64,empirical/goal16/raw/usda_nass/crop_production_2024_summary.pdf,https://www.nass.usda.gov/Publications/Todays_Reports/reports/cropan25.pdf,0e3add3bc4c95c8ea5061d8e1e75d166e5d9a4a73dcf9204784be6697e94c0c9,2024,"1,000 acres",bushels per acre
North Carolina,2023,corn,950,147,empirical/goal16/raw/usda_nass/crop_production_2024_summary.pdf,https://www.nass.usda.gov/Publications/Todays_Reports/reports/cropan25.pdf,0e3add3bc4c95c8ea5061d8e1e75d166e5d9a4a73dcf9204784be6697e94c0c9,2024,"1,000 acres",bushels per acre
North Carolina,2023,soybeans,1640,38.5,empirical/goal16/raw/usda_nass/crop_production_2024_summary.pdf,https://www.nass.usda.gov/Publications/Todays_Reports/reports/cropan25.pdf,0e3add3bc4c95c8ea5061d8e1e75d166e5d9a4a73dcf9204784be6697e94c0c9,2024,"1,000 acres",bushels per acre
North Carolina,2023,winter_wheat,480,70,empirical/goal16/raw/usda_nass/crop_production_2024_summary.pdf,https://www.nass.usda.gov/Publications/Todays_Reports/reports/cropan25.pdf,0e3add3bc4c95c8ea5061d8e1e75d166e5d9a4a73dcf9204784be6697e94c0c9,2024,"1,000 acres",bushels per acre
North Carolina,2024,corn,890,87,empirical/goal16/raw/usda_nass/crop_production_2024_summary.pdf,https://www.nass.usda.gov/Publications/Todays_Reports/reports/cropan25.pdf,0e3add3bc4c95c8ea5061d8e1e75d166e5d9a4a73dcf9204784be6697e94c0c9,2024,"1,000 acres",bushels per acre
North Carolina,2024,soybeans,1630,39,empirical/goal16/raw/usda_nass/crop_production_2024_summary.pdf,https://www.nass.usda.gov/Publications/Todays_Reports/reports/cropan25.pdf,0e3add3bc4c95c8ea5061d8e1e75d166e5d9a4a73dcf9204784be6697e94c0c9,2024,"1,000 acres",bushels per acre
North Carolina,2024,winter_wheat,410,57,empirical/goal16/raw/usda_nass/crop_production_2024_summary.pdf,https://www.nass.usda.gov/Publications/Todays_Reports/reports/cropan25.pdf,0e3add3bc4c95c8ea5061d8e1e75d166e5d9a4a73dcf9204784be6697e94c0c9,2024,"1,000 acres",bushels per acre
North Dakota,2016,corn,3450,158,empirical/goal16/raw/usda_nass/crop_production_2018_summary.pdf,https://www.nass.usda.gov/Publications/Todays_Reports/reports/cropan19.pdf,659b038284fe830330b7329eb0eca9ae4f6b06ff12b77a5b874adfc9818db0fd,2018,"1,000 acres",bushels per acre
North Dakota,2016,soybeans,6050,41.5,empirical/goal16/raw/usda_nass/crop_production_2018_summary.pdf,https://www.nass.usda.gov/Publications/Todays_Reports/reports/cropan19.pdf,659b038284fe830330b7329eb0eca9ae4f6b06ff12b77a5b874adfc9818db0fd,2018,"1,000 acres",bushels per acre
North Dakota,2016,winter_wheat,130,48,empirical/goal16/raw/usda_nass/crop_production_2018_summary.pdf,https://www.nass.usda.gov/Publications/Todays_Reports/reports/cropan19.pdf,659b038284fe830330b7329eb0eca9ae4f6b06ff12b77a5b874adfc9818db0fd,2018,"1,000 acres",bushels per acre
North Dakota,2017,corn,3420,139,empirical/goal16/raw/usda_nass/crop_production_2018_summary.pdf,https://www.nass.usda.gov/Publications/Todays_Reports/reports/cropan19.pdf,659b038284fe830330b7329eb0eca9ae4f6b06ff12b77a5b874adfc9818db0fd,2018,"1,000 acres",bushels per acre
North Dakota,2017,soybeans,7100,34.5,empirical/goal16/raw/usda_nass/crop_production_2018_summary.pdf,https://www.nass.usda.gov/Publications/Todays_Reports/reports/cropan19.pdf,659b038284fe830330b7329eb0eca9ae4f6b06ff12b77a5b874adfc9818db0fd,2018,"1,000 acres",bushels per acre
North Dakota,2017,winter_wheat,70,37,empirical/goal16/raw/usda_nass/crop_production_2018_summary.pdf,https://www.nass.usda.gov/Publications/Todays_Reports/reports/cropan19.pdf,659b038284fe830330b7329eb0eca9ae4f6b06ff12b77a5b874adfc9818db0fd,2018,"1,000 acres",bushels per acre
North Dakota,2018,corn,3150,153,empirical/goal16/raw/usda_nass/crop_production_2018_summary.pdf,https://www.nass.usda.gov/Publications/Todays_Reports/reports/cropan19.pdf,659b038284fe830330b7329eb0eca9ae4f6b06ff12b77a5b874adfc9818db0fd,2018,"1,000 acres",bushels per acre
North Dakota,2018,soybeans,6900,35.5,empirical/goal16/raw/usda_nass/crop_production_2018_summary.pdf,https://www.nass.usda.gov/Publications/Todays_Reports/reports/cropan19.pdf,659b038284fe830330b7329eb0eca9ae4f6b06ff12b77a5b874adfc9818db0fd,2018,"1,000 acres",bushels per acre
North Dakota,2018,winter_wheat,85,43,empirical/goal16/raw/usda_nass/crop_production_2018_summary.pdf,https://www.nass.usda.gov/Publications/Todays_Reports/reports/cropan19.pdf,659b038284fe830330b7329eb0eca9ae4f6b06ff12b77a5b874adfc9818db0fd,2018,"1,000 acres",bushels per acre
North Dakota,2019,corn,3500,131,empirical/goal16/raw/usda_nass/crop_production_2021_summary.pdf,https://www.nass.usda.gov/Publications/Todays_Reports/reports/cropan22.pdf,e54c9e6270e4c527e5496c4925111a3ea898d33009b99cf7c69cc978d2bbf080,2021,"1,000 acres",bushels per acre
North Dakota,2019,soybeans,5600,31.5,empirical/goal16/raw/usda_nass/crop_production_2021_summary.pdf,https://www.nass.usda.gov/Publications/Todays_Reports/reports/cropan22.pdf,e54c9e6270e4c527e5496c4925111a3ea898d33009b99cf7c69cc978d2bbf080,2021,"1,000 acres",bushels per acre
North Dakota,2019,winter_wheat,85,53,empirical/goal16/raw/usda_nass/crop_production_2021_summary.pdf,https://www.nass.usda.gov/Publications/Todays_Reports/reports/cropan22.pdf,e54c9e6270e4c527e5496c4925111a3ea898d33009b99cf7c69cc978d2bbf080,2021,"1,000 acres",bushels per acre
North Dakota,2020,corn,1950,139,empirical/goal16/raw/usda_nass/crop_production_2021_summary.pdf,https://www.nass.usda.gov/Publications/Todays_Reports/reports/cropan22.pdf,e54c9e6270e4c527e5496c4925111a3ea898d33009b99cf7c69cc978d2bbf080,2021,"1,000 acres",bushels per acre
North Dakota,2020,soybeans,5750,34,empirical/goal16/raw/usda_nass/crop_production_2021_summary.pdf,https://www.nass.usda.gov/Publications/Todays_Reports/reports/cropan22.pdf,e54c9e6270e4c527e5496c4925111a3ea898d33009b99cf7c69cc978d2bbf080,2021,"1,000 acres",bushels per acre
North Dakota,2020,winter_wheat,40,49,empirical/goal16/raw/usda_nass/crop_production_2021_summary.pdf,https://www.nass.usda.gov/Publications/Todays_Reports/reports/cropan22.pdf,e54c9e6270e4c527e5496c4925111a3ea898d33009b99cf7c69cc978d2bbf080,2021,"1,000 acres",bushels per acre
North Dakota,2021,corn,4100,105,empirical/goal16/raw/usda_nass/crop_production_2021_summary.pdf,https://www.nass.usda.gov/Publications/Todays_Reports/reports/cropan22.pdf,e54c9e6270e4c527e5496c4925111a3ea898d33009b99cf7c69cc978d2bbf080,2021,"1,000 acres",bushels per acre
North Dakota,2021,soybeans,7250,25.5,empirical/goal16/raw/usda_nass/crop_production_2021_summary.pdf,https://www.nass.usda.gov/Publications/Todays_Reports/reports/cropan22.pdf,e54c9e6270e4c527e5496c4925111a3ea898d33009b99cf7c69cc978d2bbf080,2021,"1,000 acres",bushels per acre
North Dakota,2021,winter_wheat,90,33,empirical/goal16/raw/usda_nass/crop_production_2021_summary.pdf,https://www.nass.usda.gov/Publications/Todays_Reports/reports/cropan22.pdf,e54c9e6270e4c527e5496c4925111a3ea898d33009b99cf7c69cc978d2bbf080,2021,"1,000 acres",bushels per acre
North Dakota,2022,corn,2950,130,empirical/goal16/raw/usda_nass/crop_production_2024_summary.pdf,https://www.nass.usda.gov/Publications/Todays_Reports/reports/cropan25.pdf,0e3add3bc4c95c8ea5061d8e1e75d166e5d9a4a73dcf9204784be6697e94c0c9,2024,"1,000 acres",bushels per acre
North Dakota,2022,soybeans,5700,35,empirical/goal16/raw/usda_nass/crop_production_2024_summary.pdf,https://www.nass.usda.gov/Publications/Todays_Reports/reports/cropan25.pdf,0e3add3bc4c95c8ea5061d8e1e75d166e5d9a4a73dcf9204784be6697e94c0c9,2024,"1,000 acres",bushels per acre
North Dakota,2022,winter_wheat,105,60,empirical/goal16/raw/usda_nass/crop_production_2024_summary.pdf,https://www.nass.usda.gov/Publications/Todays_Reports/reports/cropan25.pdf,0e3add3bc4c95c8ea5061d8e1e75d166e5d9a4a73dcf9204784be6697e94c0c9,2024,"1,000 acres",bushels per acre
North Dakota,2023,corn,4050,143,empirical/goal16/raw/usda_nass/crop_production_2024_summary.pdf,https://www.nass.usda.gov/Publications/Todays_Reports/reports/cropan25.pdf,0e3add3bc4c95c8ea5061d8e1e75d166e5d9a4a73dcf9204784be6697e94c0c9,2024,"1,000 acres",bushels per acre
North Dakota,2023,soybeans,6200,35.5,empirical/goal16/raw/usda_nass/crop_production_2024_summary.pdf,https://www.nass.usda.gov/Publications/Todays_Reports/reports/cropan25.pdf,0e3add3bc4c95c8ea5061d8e1e75d166e5d9a4a73dcf9204784be6697e94c0c9,2024,"1,000 acres",bushels per acre
North Dakota,2023,winter_wheat,155,56,empirical/goal16/raw/usda_nass/crop_production_2024_summary.pdf,https://www.nass.usda.gov/Publications/Todays_Reports/reports/cropan25.pdf,0e3add3bc4c95c8ea5061d8e1e75d166e5d9a4a73dcf9204784be6697e94c0c9,2024,"1,000 acres",bushels per acre
North Dakota,2024,corn,3950,149,empirical/goal16/raw/usda_nass/crop_production_2024_summary.pdf,https://www.nass.usda.gov/Publications/Todays_Reports/reports/cropan25.pdf,0e3add3bc4c95c8ea5061d8e1e75d166e5d9a4a73dcf9204784be6697e94c0c9,2024,"1,000 acres",bushels per acre
North Dakota,2024,soybeans,6600,37.5,empirical/goal16/raw/usda_nass/crop_production_2024_summary.pdf,https://www.nass.usda.gov/Publications/Todays_Reports/reports/cropan25.pdf,0e3add3bc4c95c8ea5061d8e1e75d166e5d9a4a73dcf9204784be6697e94c0c9,2024,"1,000 acres",bushels per acre
North Dakota,2024,winter_wheat,125,54,empirical/goal16/raw/usda_nass/crop_production_2024_summary.pdf,https://www.nass.usda.gov/Publications/Todays_Reports/reports/cropan25.pdf,0e3add3bc4c95c8ea5061d8e1e75d166e5d9a4a73dcf9204784be6697e94c0c9,2024,"1,000 acres",bushels per acre
Ohio,2016,corn,3550,159,empirical/goal16/raw/usda_nass/crop_production_2018_summary.pdf,https://www.nass.usda.gov/Publications/Todays_Reports/reports/cropan19.pdf,659b038284fe830330b7329eb0eca9ae4f6b06ff12b77a5b874adfc9818db0fd,2018,"1,000 acres",bushels per acre
Ohio,2016,soybeans,4850,54.5,empirical/goal16/raw/usda_nass/crop_production_2018_summary.pdf,https://www.nass.usda.gov/Publications/Todays_Reports/reports/cropan19.pdf,659b038284fe830330b7329eb0eca9ae4f6b06ff12b77a5b874adfc9818db0fd,2018,"1,000 acres",bushels per acre
Ohio,2016,winter_wheat,580,80,empirical/goal16/raw/usda_nass/crop_production_2018_summary.pdf,https://www.nass.usda.gov/Publications/Todays_Reports/reports/cropan19.pdf,659b038284fe830330b7329eb0eca9ae4f6b06ff12b77a5b874adfc9818db0fd,2018,"1,000 acres",bushels per acre
Ohio,2017,corn,3400,177,empirical/goal16/raw/usda_nass/crop_production_2018_summary.pdf,https://www.nass.usda.gov/Publications/Todays_Reports/reports/cropan19.pdf,659b038284fe830330b7329eb0eca9ae4f6b06ff12b77a5b874adfc9818db0fd,2018,"1,000 acres",bushels per acre
Ohio,2017,soybeans,5100,49.5,empirical/goal16/raw/usda_nass/crop_production_2018_summary.pdf,https://www.nass.usda.gov/Publications/Todays_Reports/reports/cropan19.pdf,659b038284fe830330b7329eb0eca9ae4f6b06ff12b77a5b874adfc9818db0fd,2018,"1,000 acres",bushels per acre
Ohio,2017,winter_wheat,490,74,empirical/goal16/raw/usda_nass/crop_production_2018_summary.pdf,https://www.nass.usda.gov/Publications/Todays_Reports/reports/cropan19.pdf,659b038284fe830330b7329eb0eca9ae4f6b06ff12b77a5b874adfc9818db0fd,2018,"1,000 acres",bushels per acre
Ohio,2018,corn,3500,187,empirical/goal16/raw/usda_nass/crop_production_2018_summary.pdf,https://www.nass.usda.gov/Publications/Todays_Reports/reports/cropan19.pdf,659b038284fe830330b7329eb0eca9ae4f6b06ff12b77a5b874adfc9818db0fd,2018,"1,000 acres",bushels per acre
Ohio,2018,soybeans,5000,58,empirical/goal16/raw/usda_nass/crop_production_2018_summary.pdf,https://www.nass.usda.gov/Publications/Todays_Reports/reports/cropan19.pdf,659b038284fe830330b7329eb0eca9ae4f6b06ff12b77a5b874adfc9818db0fd,2018,"1,000 acres",bushels per acre
Ohio,2018,winter_wheat,490,75,empirical/goal16/raw/usda_nass/crop_production_2018_summary.pdf,https://www.nass.usda.gov/Publications/Todays_Reports/reports/cropan19.pdf,659b038284fe830330b7329eb0eca9ae4f6b06ff12b77a5b874adfc9818db0fd,2018,"1,000 acres",bushels per acre
Ohio,2019,corn,2800,164,empirical/goal16/raw/usda_nass/crop_production_2021_summary.pdf,https://www.nass.usda.gov/Publications/Todays_Reports/reports/cropan22.pdf,e54c9e6270e4c527e5496c4925111a3ea898d33009b99cf7c69cc978d2bbf080,2021,"1,000 acres",bushels per acre
Ohio,2019,soybeans,4300,49,empirical/goal16/raw/usda_nass/crop_production_2021_summary.pdf,https://www.nass.usda.gov/Publications/Todays_Reports/reports/cropan22.pdf,e54c9e6270e4c527e5496c4925111a3ea898d33009b99cf7c69cc978d2bbf080,2021,"1,000 acres",bushels per acre
Ohio,2019,winter_wheat,500,56,empirical/goal16/raw/usda_nass/crop_production_2021_summary.pdf,https://www.nass.usda.gov/Publications/Todays_Reports/reports/cropan22.pdf,e54c9e6270e4c527e5496c4925111a3ea898d33009b99cf7c69cc978d2bbf080,2021,"1,000 acres",bushels per acre
Ohio,2020,corn,3550,171,empirical/goal16/raw/usda_nass/crop_production_2021_summary.pdf,https://www.nass.usda.gov/Publications/Todays_Reports/reports/cropan22.pdf,e54c9e6270e4c527e5496c4925111a3ea898d33009b99cf7c69cc978d2bbf080,2021,"1,000 acres",bushels per acre
Ohio,2020,soybeans,4950,55,empirical/goal16/raw/usda_nass/crop_production_2021_summary.pdf,https://www.nass.usda.gov/Publications/Todays_Reports/reports/cropan22.pdf,e54c9e6270e4c527e5496c4925111a3ea898d33009b99cf7c69cc978d2bbf080,2021,"1,000 acres",bushels per acre
Ohio,2020,winter_wheat,530,71,empirical/goal16/raw/usda_nass/crop_production_2021_summary.pdf,https://www.nass.usda.gov/Publications/Todays_Reports/reports/cropan22.pdf,e54c9e6270e4c527e5496c4925111a3ea898d33009b99cf7c69cc978d2bbf080,2021,"1,000 acres",bushels per acre
Ohio,2021,corn,3550,193,empirical/goal16/raw/usda_nass/crop_production_2021_summary.pdf,https://www.nass.usda.gov/Publications/Todays_Reports/reports/cropan22.pdf,e54c9e6270e4c527e5496c4925111a3ea898d33009b99cf7c69cc978d2bbf080,2021,"1,000 acres",bushels per acre
Ohio,2021,soybeans,4900,56.5,empirical/goal16/raw/usda_nass/crop_production_2021_summary.pdf,https://www.nass.usda.gov/Publications/Todays_Reports/reports/cropan22.pdf,e54c9e6270e4c527e5496c4925111a3ea898d33009b99cf7c69cc978d2bbf080,2021,"1,000 acres",bushels per acre
Ohio,2021,winter_wheat,580,85,empirical/goal16/raw/usda_nass/crop_production_2021_summary.pdf,https://www.nass.usda.gov/Publications/Todays_Reports/reports/cropan22.pdf,e54c9e6270e4c527e5496c4925111a3ea898d33009b99cf7c69cc978d2bbf080,2021,"1,000 acres",bushels per acre
Ohio,2022,corn,3400,187,empirical/goal16/raw/usda_nass/crop_production_2024_summary.pdf,https://www.nass.usda.gov/Publications/Todays_Reports/reports/cropan25.pdf,0e3add3bc4c95c8ea5061d8e1e75d166e5d9a4a73dcf9204784be6697e94c0c9,2024,"1,000 acres",bushels per acre
Ohio,2022,soybeans,5100,55.5,empirical/goal16/raw/usda_nass/crop_production_2024_summary.pdf,https://www.nass.usda.gov/Publications/Todays_Reports/reports/cropan25.pdf,0e3add3bc4c95c8ea5061d8e1e75d166e5d9a4a73dcf9204784be6697e94c0c9,2024,"1,000 acres",bushels per acre
Ohio,2022,winter_wheat,510,79,empirical/goal16/raw/usda_nass/crop_production_2024_summary.pdf,https://www.nass.usda.gov/Publications/Todays_Reports/reports/cropan25.pdf,0e3add3bc4c95c8ea5061d8e1e75d166e5d9a4a73dcf9204784be6697e94c0c9,2024,"1,000 acres",bushels per acre
Ohio,2023,corn,3600,198,empirical/goal16/raw/usda_nass/crop_production_2024_summary.pdf,https://www.nass.usda.gov/Publications/Todays_Reports/reports/cropan25.pdf,0e3add3bc4c95c8ea5061d8e1e75d166e5d9a4a73dcf9204784be6697e94c0c9,2024,"1,000 acres",bushels per acre
Ohio,2023,soybeans,4750,58,empirical/goal16/raw/usda_nass/crop_production_2024_summary.pdf,https://www.nass.usda.gov/Publications/Todays_Reports/reports/cropan25.pdf,0e3add3bc4c95c8ea5061d8e1e75d166e5d9a4a73dcf9204784be6697e94c0c9,2024,"1,000 acres",bushels per acre
Ohio,2023,winter_wheat,650,90,empirical/goal16/raw/usda_nass/crop_production_2024_summary.pdf,https://www.nass.usda.gov/Publications/Todays_Reports/reports/cropan25.pdf,0e3add3bc4c95c8ea5061d8e1e75d166e5d9a4a73dcf9204784be6697e94c0c9,2024,"1,000 acres",bushels per acre
Ohio,2024,corn,3400,177,empirical/goal16/raw/usda_nass/crop_production_2024_summary.pdf,https://www.nass.usda.gov/Publications/Todays_Reports/reports/cropan25.pdf,0e3add3bc4c95c8ea5061d8e1e75d166e5d9a4a73dcf9204784be6697e94c0c9,2024,"1,000 acres",bushels per acre
Ohio,2024,soybeans,5050,50,empirical/goal16/raw/usda_nass/crop_production_2024_summary.pdf,https://www.nass.usda.gov/Publications/Todays_Reports/reports/cropan25.pdf,0e3add3bc4c95c8ea5061d8e1e75d166e5d9a4a73dcf9204784be6697e94c0c9,2024,"1,000 acres",bushels per acre
Ohio,2024,winter_wheat,520,85,empirical/goal16/raw/usda_nass/crop_production_2024_summary.pdf,https://www.nass.usda.gov/Publications/Todays_Reports/reports/cropan25.pdf,0e3add3bc4c95c8ea5061d8e1e75d166e5d9a4a73dcf9204784be6697e94c0c9,2024,"1,000 acres",bushels per acre
Oklahoma,2016,corn,400,121,empirical/goal16/raw/usda_nass/crop_production_2018_summary.pdf,https://www.nass.usda.gov/Publications/Todays_Reports/reports/cropan19.pdf,659b038284fe830330b7329eb0eca9ae4f6b06ff12b77a5b874adfc9818db0fd,2018,"1,000 acres",bushels per acre
Oklahoma,2016,soybeans,485,29,empirical/goal16/raw/usda_nass/crop_production_2018_summary.pdf,https://www.nass.usda.gov/Publications/Todays_Reports/reports/cropan19.pdf,659b038284fe830330b7329eb0eca9ae4f6b06ff12b77a5b874adfc9818db0fd,2018,"1,000 acres",bushels per acre
Oklahoma,2016,winter_wheat,5000,39,empirical/goal16/raw/usda_nass/crop_production_2018_summary.pdf,https://www.nass.usda.gov/Publications/Todays_Reports/reports/cropan19.pdf,659b038284fe830330b7329eb0eca9ae4f6b06ff12b77a5b874adfc9818db0fd,2018,"1,000 acres",bushels per acre
Oklahoma,2017,corn,350,126,empirical/goal16/raw/usda_nass/crop_production_2018_summary.pdf,https://www.nass.usda.gov/Publications/Todays_Reports/reports/cropan19.pdf,659b038284fe830330b7329eb0eca9ae4f6b06ff12b77a5b874adfc9818db0fd,2018,"1,000 acres",bushels per acre
Oklahoma,2017,soybeans,655,29,empirical/goal16/raw/usda_nass/crop_production_2018_summary.pdf,https://www.nass.usda.gov/Publications/Todays_Reports/reports/cropan19.pdf,659b038284fe830330b7329eb0eca9ae4f6b06ff12b77a5b874adfc9818db0fd,2018,"1,000 acres",bushels per acre
Oklahoma,2017,winter_wheat,4500,34,empirical/goal16/raw/usda_nass/crop_production_2018_summary.pdf,https://www.nass.usda.gov/Publications/Todays_Reports/reports/cropan19.pdf,659b038284fe830330b7329eb0eca9ae4f6b06ff12b77a5b874adfc9818db0fd,2018,"1,000 acres",bushels per acre
Oklahoma,2018,corn,320,134,empirical/goal16/raw/usda_nass/crop_production_2018_summary.pdf,https://www.nass.usda.gov/Publications/Todays_Reports/reports/cropan19.pdf,659b038284fe830330b7329eb0eca9ae4f6b06ff12b77a5b874adfc9818db0fd,2018,"1,000 acres",bushels per acre
Oklahoma,2018,soybeans,630,30,empirical/goal16/raw/usda_nass/crop_production_2018_summary.pdf,https://www.nass.usda.gov/Publications/Todays_Reports/reports/cropan19.pdf,659b038284fe830330b7329eb0eca9ae4f6b06ff12b77a5b874adfc9818db0fd,2018,"1,000 acres",bushels per acre
Oklahoma,2018,winter_wheat,4400,28,empirical/goal16/raw/usda_nass/crop_production_2018_summary.pdf,https://www.nass.usda.gov/Publications/Todays_Reports/reports/cropan19.pdf,659b038284fe830330b7329eb0eca9ae4f6b06ff12b77a5b874adfc9818db0fd,2018,"1,000 acres",bushels per acre
Oklahoma,2019,corn,370,137,empirical/goal16/raw/usda_nass/crop_production_2021_summary.pdf,https://www.nass.usda.gov/Publications/Todays_Reports/reports/cropan22.pdf,e54c9e6270e4c527e5496c4925111a3ea898d33009b99cf7c69cc978d2bbf080,2021,"1,000 acres",bushels per acre
Oklahoma,2019,soybeans,465,29,empirical/goal16/raw/usda_nass/crop_production_2021_summary.pdf,https://www.nass.usda.gov/Publications/Todays_Reports/reports/cropan22.pdf,e54c9e6270e4c527e5496c4925111a3ea898d33009b99cf7c69cc978d2bbf080,2021,"1,000 acres",bushels per acre
Oklahoma,2019,winter_wheat,4200,40,empirical/goal16/raw/usda_nass/crop_production_2021_summary.pdf,https://www.nass.usda.gov/Publications/Todays_Reports/reports/cropan22.pdf,e54c9e6270e4c527e5496c4925111a3ea898d33009b99cf7c69cc978d2bbf080,2021,"1,000 acres",bushels per acre
Oklahoma,2020,corn,360,135,empirical/goal16/raw/usda_nass/crop_production_2021_summary.pdf,https://www.nass.usda.gov/Publications/Todays_Reports/reports/cropan22.pdf,e54c9e6270e4c527e5496c4925111a3ea898d33009b99cf7c69cc978d2bbf080,2021,"1,000 acres",bushels per acre
Oklahoma,2020,soybeans,560,30,empirical/goal16/raw/usda_nass/crop_production_2021_summary.pdf,https://www.nass.usda.gov/Publications/Todays_Reports/reports/cropan22.pdf,e54c9e6270e4c527e5496c4925111a3ea898d33009b99cf7c69cc978d2bbf080,2021,"1,000 acres",bushels per acre
Oklahoma,2020,winter_wheat,4250,40,empirical/goal16/raw/usda_nass/crop_production_2021_summary.pdf,https://www.nass.usda.gov/Publications/Todays_Reports/reports/cropan22.pdf,e54c9e6270e4c527e5496c4925111a3ea898d33009b99cf7c69cc978d2bbf080,2021,"1,000 acres",bushels per acre
Oklahoma,2021,corn,340,150,empirical/goal16/raw/usda_nass/crop_production_2021_summary.pdf,https://www.nass.usda.gov/Publications/Todays_Reports/reports/cropan22.pdf,e54c9e6270e4c527e5496c4925111a3ea898d33009b99cf7c69cc978d2bbf080,2021,"1,000 acres",bushels per acre
Oklahoma,2021,soybeans,580,23,empirical/goal16/raw/usda_nass/crop_production_2021_summary.pdf,https://www.nass.usda.gov/Publications/Todays_Reports/reports/cropan22.pdf,e54c9e6270e4c527e5496c4925111a3ea898d33009b99cf7c69cc978d2bbf080,2021,"1,000 acres",bushels per acre
Oklahoma,2021,winter_wheat,4400,39,empirical/goal16/raw/usda_nass/crop_production_2021_summary.pdf,https://www.nass.usda.gov/Publications/Todays_Reports/reports/cropan22.pdf,e54c9e6270e4c527e5496c4925111a3ea898d33009b99cf7c69cc978d2bbf080,2021,"1,000 acres",bushels per acre
Oklahoma,2022,corn,350,122,empirical/goal16/raw/usda_nass/crop_production_2024_summary.pdf,https://www.nass.usda.gov/Publications/Todays_Reports/reports/cropan25.pdf,0e3add3bc4c95c8ea5061d8e1e75d166e5d9a4a73dcf9204784be6697e94c0c9,2024,"1,000 acres",bushels per acre
Oklahoma,2022,soybeans,545,17,empirical/goal16/raw/usda_nass/crop_production_2024_summary.pdf,https://www.nass.usda.gov/Publications/Todays_Reports/reports/cropan25.pdf,0e3add3bc4c95c8ea5061d8e1e75d166e5d9a4a73dcf9204784be6697e94c0c9,2024,"1,000 acres",bushels per acre
Oklahoma,2022,winter_wheat,4300,28,empirical/goal16/raw/usda_nass/crop_production_2024_summary.pdf,https://www.nass.usda.gov/Publications/Todays_Reports/reports/cropan25.pdf,0e3add3bc4c95c8ea5061d8e1e75d166e5d9a4a73dcf9204784be6697e94c0c9,2024,"1,000 acres",bushels per acre
Oklahoma,2023,corn,390,149,empirical/goal16/raw/usda_nass/crop_production_2024_summary.pdf,https://www.nass.usda.gov/Publications/Todays_Reports/reports/cropan25.pdf,0e3add3bc4c95c8ea5061d8e1e75d166e5d9a4a73dcf9204784be6697e94c0c9,2024,"1,000 acres",bushels per acre
Oklahoma,2023,soybeans,460,26,empirical/goal16/raw/usda_nass/crop_production_2024_summary.pdf,https://www.nass.usda.gov/Publications/Todays_Reports/reports/cropan25.pdf,0e3add3bc4c95c8ea5061d8e1e75d166e5d9a4a73dcf9204784be6697e94c0c9,2024,"1,000 acres",bushels per acre
Oklahoma,2023,winter_wheat,4550,28,empirical/goal16/raw/usda_nass/crop_production_2024_summary.pdf,https://www.nass.usda.gov/Publications/Todays_Reports/reports/cropan25.pdf,0e3add3bc4c95c8ea5061d8e1e75d166e5d9a4a73dcf9204784be6697e94c0c9,2024,"1,000 acres",bushels per acre
Oklahoma,2024,corn,450,98,empirical/goal16/raw/usda_nass/crop_production_2024_summary.pdf,https://www.nass.usda.gov/Publications/Todays_Reports/reports/cropan25.pdf,0e3add3bc4c95c8ea5061d8e1e75d166e5d9a4a73dcf9204784be6697e94c0c9,2024,"1,000 acres",bushels per acre
Oklahoma,2024,soybeans,505,20,empirical/goal16/raw/usda_nass/crop_production_2024_summary.pdf,https://www.nass.usda.gov/Publications/Todays_Reports/reports/cropan25.pdf,0e3add3bc4c95c8ea5061d8e1e75d166e5d9a4a73dcf9204784be6697e94c0c9,2024,"1,000 acres",bushels per acre
Oklahoma,2024,winter_wheat,4350,38,empirical/goal16/raw/usda_nass/crop_production_2024_summary.pdf,https://www.nass.usda.gov/Publications/Todays_Reports/reports/cropan25.pdf,0e3add3bc4c95c8ea5061d8e1e75d166e5d9a4a73dcf9204784be6697e94c0c9,2024,"1,000 acres",bushels per acre
Oregon,2016,corn,80,230,empirical/goal16/raw/usda_nass/crop_production_2018_summary.pdf,https://www.nass.usda.gov/Publications/Todays_Reports/reports/cropan19.pdf,659b038284fe830330b7329eb0eca9ae4f6b06ff12b77a5b874adfc9818db0fd,2018,"1,000 acres",bushels per acre
Oregon,2016,winter_wheat,720,50,empirical/goal16/raw/usda_nass/crop_production_2018_summary.pdf,https://www.nass.usda.gov/Publications/Todays_Reports/reports/cropan19.pdf,659b038284fe830330b7329eb0eca9ae4f6b06ff12b77a5b874adfc9818db0fd,2018,"1,000 acres",bushels per acre
Oregon,2017,corn,85,212,empirical/goal16/raw/usda_nass/crop_production_2018_summary.pdf,https://www.nass.usda.gov/Publications/Todays_Reports/reports/cropan19.pdf,659b038284fe830330b7329eb0eca9ae4f6b06ff12b77a5b874adfc9818db0fd,2018,"1,000 acres",bushels per acre
Oregon,2017,winter_wheat,700,63,empirical/goal16/raw/usda_nass/crop_production_2018_summary.pdf,https://www.nass.usda.gov/Publications/Todays_Reports/reports/cropan19.pdf,659b038284fe830330b7329eb0eca9ae4f6b06ff12b77a5b874adfc9818db0fd,2018,"1,000 acres",bushels per acre
Oregon,2018,corn,80,195,empirical/goal16/raw/usda_nass/crop_production_2018_summary.pdf,https://www.nass.usda.gov/Publications/Todays_Reports/reports/cropan19.pdf,659b038284fe830330b7329eb0eca9ae4f6b06ff12b77a5b874adfc9818db0fd,2018,"1,000 acres",bushels per acre
Oregon,2018,winter_wheat,720,67,empirical/goal16/raw/usda_nass/crop_production_2018_summary.pdf,https://www.nass.usda.gov/Publications/Todays_Reports/reports/cropan19.pdf,659b038284fe830330b7329eb0eca9ae4f6b06ff12b77a5b874adfc9818db0fd,2018,"1,000 acres",bushels per acre
Oregon,2019,corn,85,237,empirical/goal16/raw/usda_nass/crop_production_2021_summary.pdf,https://www.nass.usda.gov/Publications/Todays_Reports/reports/cropan22.pdf,e54c9e6270e4c527e5496c4925111a3ea898d33009b99cf7c69cc978d2bbf080,2021,"1,000 acres",bushels per acre
Oregon,2019,winter_wheat,740,68,empirical/goal16/raw/usda_nass/crop_production_2021_summary.pdf,https://www.nass.usda.gov/Publications/Todays_Reports/reports/cropan22.pdf,e54c9e6270e4c527e5496c4925111a3ea898d33009b99cf7c69cc978d2bbf080,2021,"1,000 acres",bushels per acre
Oregon,2020,corn,100,241,empirical/goal16/raw/usda_nass/crop_production_2021_summary.pdf,https://www.nass.usda.gov/Publications/Todays_Reports/reports/cropan22.pdf,e54c9e6270e4c527e5496c4925111a3ea898d33009b99cf7c69cc978d2bbf080,2021,"1,000 acres",bushels per acre
Oregon,2020,winter_wheat,740,64,empirical/goal16/raw/usda_nass/crop_production_2021_summary.pdf,https://www.nass.usda.gov/Publications/Todays_Reports/reports/cropan22.pdf,e54c9e6270e4c527e5496c4925111a3ea898d33009b99cf7c69cc978d2bbf080,2021,"1,000 acres",bushels per acre
Oregon,2021,corn,95,240,empirical/goal16/raw/usda_nass/crop_production_2021_summary.pdf,https://www.nass.usda.gov/Publications/Todays_Reports/reports/cropan22.pdf,e54c9e6270e4c527e5496c4925111a3ea898d33009b99cf7c69cc978d2bbf080,2021,"1,000 acres",bushels per acre
Oregon,2021,winter_wheat,720,45,empirical/goal16/raw/usda_nass/crop_production_2021_summary.pdf,https://www.nass.usda.gov/Publications/Todays_Reports/reports/cropan22.pdf,e54c9e6270e4c527e5496c4925111a3ea898d33009b99cf7c69cc978d2bbf080,2021,"1,000 acres",bushels per acre
Oregon,2022,corn,80,237,empirical/goal16/raw/usda_nass/crop_production_2024_summary.pdf,https://www.nass.usda.gov/Publications/Todays_Reports/reports/cropan25.pdf,0e3add3bc4c95c8ea5061d8e1e75d166e5d9a4a73dcf9204784be6697e94c0c9,2024,"1,000 acres",bushels per acre
Oregon,2022,winter_wheat,730,68,empirical/goal16/raw/usda_nass/crop_production_2024_summary.pdf,https://www.nass.usda.gov/Publications/Todays_Reports/reports/cropan25.pdf,0e3add3bc4c95c8ea5061d8e1e75d166e5d9a4a73dcf9204784be6697e94c0c9,2024,"1,000 acres",bushels per acre
Oregon,2023,corn,95,214,empirical/goal16/raw/usda_nass/crop_production_2024_summary.pdf,https://www.nass.usda.gov/Publications/Todays_Reports/reports/cropan25.pdf,0e3add3bc4c95c8ea5061d8e1e75d166e5d9a4a73dcf9204784be6697e94c0c9,2024,"1,000 acres",bushels per acre
Oregon,2023,winter_wheat,740,56,empirical/goal16/raw/usda_nass/crop_production_2024_summary.pdf,https://www.nass.usda.gov/Publications/Todays_Reports/reports/cropan25.pdf,0e3add3bc4c95c8ea5061d8e1e75d166e5d9a4a73dcf9204784be6697e94c0c9,2024,"1,000 acres",bushels per acre
Oregon,2024,corn,100,208,empirical/goal16/raw/usda_nass/crop_production_2024_summary.pdf,https://www.nass.usda.gov/Publications/Todays_Reports/reports/cropan25.pdf,0e3add3bc4c95c8ea5061d8e1e75d166e5d9a4a73dcf9204784be6697e94c0c9,2024,"1,000 acres",bushels per acre
Oregon,2024,winter_wheat,740,70,empirical/goal16/raw/usda_nass/crop_production_2024_summary.pdf,https://www.nass.usda.gov/Publications/Todays_Reports/reports/cropan25.pdf,0e3add3bc4c95c8ea5061d8e1e75d166e5d9a4a73dcf9204784be6697e94c0c9,2024,"1,000 acres",bushels per acre
Pennsylvania,2016,corn,1400,129,empirical/goal16/raw/usda_nass/crop_production_2018_summary.pdf,https://www.nass.usda.gov/Publications/Todays_Reports/reports/cropan19.pdf,659b038284fe830330b7329eb0eca9ae4f6b06ff12b77a5b874adfc9818db0fd,2018,"1,000 acres",bushels per acre
Pennsylvania,2016,soybeans,600,44,empirical/goal16/raw/usda_nass/crop_production_2018_summary.pdf,https://www.nass.usda.gov/Publications/Todays_Reports/reports/cropan19.pdf,659b038284fe830330b7329eb0eca9ae4f6b06ff12b77a5b874adfc9818db0fd,2018,"1,000 acres",bushels per acre
Pennsylvania,2016,winter_wheat,190,68,empirical/goal16/raw/usda_nass/crop_production_2018_summary.pdf,https://www.nass.usda.gov/Publications/Todays_Reports/reports/cropan19.pdf,659b038284fe830330b7329eb0eca9ae4f6b06ff12b77a5b874adfc9818db0fd,2018,"1,000 acres",bushels per acre
Pennsylvania,2017,corn,1350,161,empirical/goal16/raw/usda_nass/crop_production_2018_summary.pdf,https://www.nass.usda.gov/Publications/Todays_Reports/reports/cropan19.pdf,659b038284fe830330b7329eb0eca9ae4f6b06ff12b77a5b874adfc9818db0fd,2018,"1,000 acres",bushels per acre
Pennsylvania,2017,soybeans,610,48,empirical/goal16/raw/usda_nass/crop_production_2018_summary.pdf,https://www.nass.usda.gov/Publications/Todays_Reports/reports/cropan19.pdf,659b038284fe830330b7329eb0eca9ae4f6b06ff12b77a5b874adfc9818db0fd,2018,"1,000 acres",bushels per acre
Pennsylvania,2017,winter_wheat,210,72,empirical/goal16/raw/usda_nass/crop_production_2018_summary.pdf,https://www.nass.usda.gov/Publications/Todays_Reports/reports/cropan19.pdf,659b038284fe830330b7329eb0eca9ae4f6b06ff12b77a5b874adfc9818db0fd,2018,"1,000 acres",bushels per acre
Pennsylvania,2018,corn,1350,140,empirical/goal16/raw/usda_nass/crop_production_2018_summary.pdf,https://www.nass.usda.gov/Publications/Todays_Reports/reports/cropan19.pdf,659b038284fe830330b7329eb0eca9ae4f6b06ff12b77a5b874adfc9818db0fd,2018,"1,000 acres",bushels per acre
Pennsylvania,2018,soybeans,640,45,empirical/goal16/raw/usda_nass/crop_production_2018_summary.pdf,https://www.nass.usda.gov/Publications/Todays_Reports/reports/cropan19.pdf,659b038284fe830330b7329eb0eca9ae4f6b06ff12b77a5b874adfc9818db0fd,2018,"1,000 acres",bushels per acre
Pennsylvania,2018,winter_wheat,195,65,empirical/goal16/raw/usda_nass/crop_production_2018_summary.pdf,https://www.nass.usda.gov/Publications/Todays_Reports/reports/cropan19.pdf,659b038284fe830330b7329eb0eca9ae4f6b06ff12b77a5b874adfc9818db0fd,2018,"1,000 acres",bushels per acre
Pennsylvania,2019,corn,1450,153,empirical/goal16/raw/usda_nass/crop_production_2021_summary.pdf,https://www.nass.usda.gov/Publications/Todays_Reports/reports/cropan22.pdf,e54c9e6270e4c527e5496c4925111a3ea898d33009b99cf7c69cc978d2bbf080,2021,"1,000 acres",bushels per acre
Pennsylvania,2019,soybeans,620,49,empirical/goal16/raw/usda_nass/crop_production_2021_summary.pdf,https://www.nass.usda.gov/Publications/Todays_Reports/reports/cropan22.pdf,e54c9e6270e4c527e5496c4925111a3ea898d33009b99cf7c69cc978d2bbf080,2021,"1,000 acres",bushels per acre
Pennsylvania,2019,winter_wheat,180,73,empirical/goal16/raw/usda_nass/crop_production_2021_summary.pdf,https://www.nass.usda.gov/Publications/Todays_Reports/reports/cropan22.pdf,e54c9e6270e4c527e5496c4925111a3ea898d33009b99cf7c69cc978d2bbf080,2021,"1,000 acres",bushels per acre
Pennsylvania,2020,corn,1500,138,empirical/goal16/raw/usda_nass/crop_production_2021_summary.pdf,https://www.nass.usda.gov/Publications/Todays_Reports/reports/cropan22.pdf,e54c9e6270e4c527e5496c4925111a3ea898d33009b99cf7c69cc978d2bbf080,2021,"1,000 acres",bushels per acre
Pennsylvania,2020,soybeans,640,46,empirical/goal16/raw/usda_nass/crop_production_2021_summary.pdf,https://www.nass.usda.gov/Publications/Todays_Reports/reports/cropan22.pdf,e54c9e6270e4c527e5496c4925111a3ea898d33009b99cf7c69cc978d2bbf080,2021,"1,000 acres",bushels per acre
Pennsylvania,2020,winter_wheat,235,71,empirical/goal16/raw/usda_nass/crop_production_2021_summary.pdf,https://www.nass.usda.gov/Publications/Todays_Reports/reports/cropan22.pdf,e54c9e6270e4c527e5496c4925111a3ea898d33009b99cf7c69cc978d2bbf080,2021,"1,000 acres",bushels per acre
Pennsylvania,2021,corn,1330,169,empirical/goal16/raw/usda_nass/crop_production_2021_summary.pdf,https://www.nass.usda.gov/Publications/Todays_Reports/reports/cropan22.pdf,e54c9e6270e4c527e5496c4925111a3ea898d33009b99cf7c69cc978d2bbf080,2021,"1,000 acres",bushels per acre
Pennsylvania,2021,soybeans,600,53,empirical/goal16/raw/usda_nass/crop_production_2021_summary.pdf,https://www.nass.usda.gov/Publications/Todays_Reports/reports/cropan22.pdf,e54c9e6270e4c527e5496c4925111a3ea898d33009b99cf7c69cc978d2bbf080,2021,"1,000 acres",bushels per acre
Pennsylvania,2021,winter_wheat,270,77,empirical/goal16/raw/usda_nass/crop_production_2021_summary.pdf,https://www.nass.usda.gov/Publications/Todays_Reports/reports/cropan22.pdf,e54c9e6270e4c527e5496c4925111a3ea898d33009b99cf7c69cc978d2bbf080,2021,"1,000 acres",bushels per acre
Pennsylvania,2022,corn,1020,140,empirical/goal16/raw/usda_nass/crop_production_2024_summary.pdf,https://www.nass.usda.gov/Publications/Todays_Reports/reports/cropan25.pdf,0e3add3bc4c95c8ea5061d8e1e75d166e5d9a4a73dcf9204784be6697e94c0c9,2024,"1,000 acres",bushels per acre
Pennsylvania,2022,soybeans,600,43,empirical/goal16/raw/usda_nass/crop_production_2024_summary.pdf,https://www.nass.usda.gov/Publications/Todays_Reports/reports/cropan25.pdf,0e3add3bc4c95c8ea5061d8e1e75d166e5d9a4a73dcf9204784be6697e94c0c9,2024,"1,000 acres",bushels per acre
Pennsylvania,2022,winter_wheat,270,73,empirical/goal16/raw/usda_nass/crop_production_2024_summary.pdf,https://www.nass.usda.gov/Publications/Todays_Reports/reports/cropan25.pdf,0e3add3bc4c95c8ea5061d8e1e75d166e5d9a4a73dcf9204784be6697e94c0c9,2024,"1,000 acres",bushels per acre
Pennsylvania,2023,corn,1040,157,empirical/goal16/raw/usda_nass/crop_production_2024_summary.pdf,https://www.nass.usda.gov/Publications/Todays_Reports/reports/cropan25.pdf,0e3add3bc4c95c8ea5061d8e1e75d166e5d9a4a73dcf9204784be6697e94c0c9,2024,"1,000 acres",bushels per acre
Pennsylvania,2023,soybeans,570,47,empirical/goal16/raw/usda_nass/crop_production_2024_summary.pdf,https://www.nass.usda.gov/Publications/Todays_Reports/reports/cropan25.pdf,0e3add3bc4c95c8ea5061d8e1e75d166e5d9a4a73dcf9204784be6697e94c0c9,2024,"1,000 acres",bushels per acre
Pennsylvania,2023,winter_wheat,280,76,empirical/goal16/raw/usda_nass/crop_production_2024_summary.pdf,https://www.nass.usda.gov/Publications/Todays_Reports/reports/cropan25.pdf,0e3add3bc4c95c8ea5061d8e1e75d166e5d9a4a73dcf9204784be6697e94c0c9,2024,"1,000 acres",bushels per acre
Pennsylvania,2024,corn,990,138,empirical/goal16/raw/usda_nass/crop_production_2024_summary.pdf,https://www.nass.usda.gov/Publications/Todays_Reports/reports/cropan25.pdf,0e3add3bc4c95c8ea5061d8e1e75d166e5d9a4a73dcf9204784be6697e94c0c9,2024,"1,000 acres",bushels per acre
Pennsylvania,2024,soybeans,610,45,empirical/goal16/raw/usda_nass/crop_production_2024_summary.pdf,https://www.nass.usda.gov/Publications/Todays_Reports/reports/cropan25.pdf,0e3add3bc4c95c8ea5061d8e1e75d166e5d9a4a73dcf9204784be6697e94c0c9,2024,"1,000 acres",bushels per acre
Pennsylvania,2024,winter_wheat,240,75,empirical/goal16/raw/usda_nass/crop_production_2024_summary.pdf,https://www.nass.usda.gov/Publications/Todays_Reports/reports/cropan25.pdf,0e3add3bc4c95c8ea5061d8e1e75d166e5d9a4a73dcf9204784be6697e94c0c9,2024,"1,000 acres",bushels per acre
Rhode Island,2016,corn,2,,empirical/goal16/raw/usda_nass/crop_production_2018_summary.pdf,https://www.nass.usda.gov/Publications/Todays_Reports/reports/cropan19.pdf,659b038284fe830330b7329eb0eca9ae4f6b06ff12b77a5b874adfc9818db0fd,2018,"1,000 acres",bushels per acre
Rhode Island,2017,corn,2,,empirical/goal16/raw/usda_nass/crop_production_2018_summary.pdf,https://www.nass.usda.gov/Publications/Todays_Reports/reports/cropan19.pdf,659b038284fe830330b7329eb0eca9ae4f6b06ff12b77a5b874adfc9818db0fd,2018,"1,000 acres",bushels per acre
Rhode Island,2018,corn,2,,empirical/goal16/raw/usda_nass/crop_production_2018_summary.pdf,https://www.nass.usda.gov/Publications/Todays_Reports/reports/cropan19.pdf,659b038284fe830330b7329eb0eca9ae4f6b06ff12b77a5b874adfc9818db0fd,2018,"1,000 acres",bushels per acre
Rhode Island,2019,corn,2,,empirical/goal16/raw/usda_nass/crop_production_2021_summary.pdf,https://www.nass.usda.gov/Publications/Todays_Reports/reports/cropan22.pdf,e54c9e6270e4c527e5496c4925111a3ea898d33009b99cf7c69cc978d2bbf080,2021,"1,000 acres",bushels per acre
Rhode Island,2020,corn,2,,empirical/goal16/raw/usda_nass/crop_production_2021_summary.pdf,https://www.nass.usda.gov/Publications/Todays_Reports/reports/cropan22.pdf,e54c9e6270e4c527e5496c4925111a3ea898d33009b99cf7c69cc978d2bbf080,2021,"1,000 acres",bushels per acre
Rhode Island,2021,corn,2,,empirical/goal16/raw/usda_nass/crop_production_2021_summary.pdf,https://www.nass.usda.gov/Publications/Todays_Reports/reports/cropan22.pdf,e54c9e6270e4c527e5496c4925111a3ea898d33009b99cf7c69cc978d2bbf080,2021,"1,000 acres",bushels per acre
Rhode Island,2022,corn,2,,empirical/goal16/raw/usda_nass/crop_production_2024_summary.pdf,https://www.nass.usda.gov/Publications/Todays_Reports/reports/cropan25.pdf,0e3add3bc4c95c8ea5061d8e1e75d166e5d9a4a73dcf9204784be6697e94c0c9,2024,"1,000 acres",bushels per acre
Rhode Island,2023,corn,2,,empirical/goal16/raw/usda_nass/crop_production_2024_summary.pdf,https://www.nass.usda.gov/Publications/Todays_Reports/reports/cropan25.pdf,0e3add3bc4c95c8ea5061d8e1e75d166e5d9a4a73dcf9204784be6697e94c0c9,2024,"1,000 acres",bushels per acre
Rhode Island,2024,corn,2,,empirical/goal16/raw/usda_nass/crop_production_2024_summary.pdf,https://www.nass.usda.gov/Publications/Todays_Reports/reports/cropan25.pdf,0e3add3bc4c95c8ea5061d8e1e75d166e5d9a4a73dcf9204784be6697e94c0c9,2024,"1,000 acres",bushels per acre
South Carolina,2016,corn,375,127,empirical/goal16/raw/usda_nass/crop_production_2018_summary.pdf,https://www.nass.usda.gov/Publications/Todays_Reports/reports/cropan19.pdf,659b038284fe830330b7329eb0eca9ae4f6b06ff12b77a5b874adfc9818db0fd,2018,"1,000 acres",bushels per acre
South Carolina,2016,soybeans,420,31,empirical/goal16/raw/usda_nass/crop_production_2018_summary.pdf,https://www.nass.usda.gov/Publications/Todays_Reports/reports/cropan19.pdf,659b038284fe830330b7329eb0eca9ae4f6b06ff12b77a5b874adfc9818db0fd,2018,"1,000 acres",bushels per acre
South Carolina,2016,winter_wheat,60,43,empirical/goal16/raw/usda_nass/crop_production_2018_summary.pdf,https://www.nass.usda.gov/Publications/Todays_Reports/reports/cropan19.pdf,659b038284fe830330b7329eb0eca9ae4f6b06ff12b77a5b874adfc9818db0fd,2018,"1,000 acres",bushels per acre
South Carolina,2017,corn,350,136,empirical/goal16/raw/usda_nass/crop_production_2018_summary.pdf,https://www.nass.usda.gov/Publications/Todays_Reports/reports/cropan19.pdf,659b038284fe830330b7329eb0eca9ae4f6b06ff12b77a5b874adfc9818db0fd,2018,"1,000 acres",bushels per acre
South Carolina,2017,soybeans,400,38,empirical/goal16/raw/usda_nass/crop_production_2018_summary.pdf,https://www.nass.usda.gov/Publications/Todays_Reports/reports/cropan19.pdf,659b038284fe830330b7329eb0eca9ae4f6b06ff12b77a5b874adfc9818db0fd,2018,"1,000 acres",bushels per acre
South Carolina,2017,winter_wheat,90,49,empirical/goal16/raw/usda_nass/crop_production_2018_summary.pdf,https://www.nass.usda.gov/Publications/Todays_Reports/reports/cropan19.pdf,659b038284fe830330b7329eb0eca9ae4f6b06ff12b77a5b874adfc9818db0fd,2018,"1,000 acres",bushels per acre
South Carolina,2018,corn,340,127,empirical/goal16/raw/usda_nass/crop_production_2018_summary.pdf,https://www.nass.usda.gov/Publications/Todays_Reports/reports/cropan19.pdf,659b038284fe830330b7329eb0eca9ae4f6b06ff12b77a5b874adfc9818db0fd,2018,"1,000 acres",bushels per acre
South Carolina,2018,soybeans,390,29.5,empirical/goal16/raw/usda_nass/crop_production_2018_summary.pdf,https://www.nass.usda.gov/Publications/Todays_Reports/reports/cropan19.pdf,659b038284fe830330b7329eb0eca9ae4f6b06ff12b77a5b874adfc9818db0fd,2018,"1,000 acres",bushels per acre
South Carolina,2018,winter_wheat,80,54,empirical/goal16/raw/usda_nass/crop_production_2018_summary.pdf,https://www.nass.usda.gov/Publications/Todays_Reports/reports/cropan19.pdf,659b038284fe830330b7329eb0eca9ae4f6b06ff12b77a5b874adfc9818db0fd,2018,"1,000 acres",bushels per acre
South Carolina,2019,corn,380,106,empirical/goal16/raw/usda_nass/crop_production_2021_summary.pdf,https://www.nass.usda.gov/Publications/Todays_Reports/reports/cropan22.pdf,e54c9e6270e4c527e5496c4925111a3ea898d33009b99cf7c69cc978d2bbf080,2021,"1,000 acres",bushels per acre
South Carolina,2019,soybeans,335,26,empirical/goal16/raw/usda_nass/crop_production_2021_summary.pdf,https://www.nass.usda.gov/Publications/Todays_Reports/reports/cropan22.pdf,e54c9e6270e4c527e5496c4925111a3ea898d33009b99cf7c69cc978d2bbf080,2021,"1,000 acres",bushels per acre
South Carolina,2019,winter_wheat,70,48,empirical/goal16/raw/usda_nass/crop_production_2021_summary.pdf,https://www.nass.usda.gov/Publications/Todays_Reports/reports/cropan22.pdf,e54c9e6270e4c527e5496c4925111a3ea898d33009b99cf7c69cc978d2bbf080,2021,"1,000 acres",bushels per acre
South Carolina,2020,corn,390,132,empirical/goal16/raw/usda_nass/crop_production_2021_summary.pdf,https://www.nass.usda.gov/Publications/Todays_Reports/reports/cropan22.pdf,e54c9e6270e4c527e5496c4925111a3ea898d33009b99cf7c69cc978d2bbf080,2021,"1,000 acres",bushels per acre
South Carolina,2020,soybeans,310,35,empirical/goal16/raw/usda_nass/crop_production_2021_summary.pdf,https://www.nass.usda.gov/Publications/Todays_Reports/reports/cropan22.pdf,e54c9e6270e4c527e5496c4925111a3ea898d33009b99cf7c69cc978d2bbf080,2021,"1,000 acres",bushels per acre
South Carolina,2020,winter_wheat,110,51,empirical/goal16/raw/usda_nass/crop_production_2021_summary.pdf,https://www.nass.usda.gov/Publications/Todays_Reports/reports/cropan22.pdf,e54c9e6270e4c527e5496c4925111a3ea898d33009b99cf7c69cc978d2bbf080,2021,"1,000 acres",bushels per acre
South Carolina,2021,corn,400,139,empirical/goal16/raw/usda_nass/crop_production_2021_summary.pdf,https://www.nass.usda.gov/Publications/Todays_Reports/reports/cropan22.pdf,e54c9e6270e4c527e5496c4925111a3ea898d33009b99cf7c69cc978d2bbf080,2021,"1,000 acres",bushels per acre
South Carolina,2021,soybeans,395,38,empirical/goal16/raw/usda_nass/crop_production_2021_summary.pdf,https://www.nass.usda.gov/Publications/Todays_Reports/reports/cropan22.pdf,e54c9e6270e4c527e5496c4925111a3ea898d33009b99cf7c69cc978d2bbf080,2021,"1,000 acres",bushels per acre
South Carolina,2021,winter_wheat,125,53,empirical/goal16/raw/usda_nass/crop_production_2021_summary.pdf,https://www.nass.usda.gov/Publications/Todays_Reports/reports/cropan22.pdf,e54c9e6270e4c527e5496c4925111a3ea898d33009b99cf7c69cc978d2bbf080,2021,"1,000 acres",bushels per acre
South Carolina,2022,corn,320,122,empirical/goal16/raw/usda_nass/crop_production_2024_summary.pdf,https://www.nass.usda.gov/Publications/Todays_Reports/reports/cropan25.pdf,0e3add3bc4c95c8ea5061d8e1e75d166e5d9a4a73dcf9204784be6697e94c0c9,2024,"1,000 acres",bushels per acre
South Carolina,2022,soybeans,405,37,empirical/goal16/raw/usda_nass/crop_production_2024_summary.pdf,https://www.nass.usda.gov/Publications/Todays_Reports/reports/cropan25.pdf,0e3add3bc4c95c8ea5061d8e1e75d166e5d9a4a73dcf9204784be6697e94c0c9,2024,"1,000 acres",bushels per acre
South Carolina,2022,winter_wheat,120,57,empirical/goal16/raw/usda_nass/crop_production_2024_summary.pdf,https://www.nass.usda.gov/Publications/Todays_Reports/reports/cropan25.pdf,0e3add3bc4c95c8ea5061d8e1e75d166e5d9a4a73dcf9204784be6697e94c0c9,2024,"1,000 acres",bushels per acre
South Carolina,2023,corn,365,150,empirical/goal16/raw/usda_nass/crop_production_2024_summary.pdf,https://www.nass.usda.gov/Publications/Todays_Reports/reports/cropan25.pdf,0e3add3bc4c95c8ea5061d8e1e75d166e5d9a4a73dcf9204784be6697e94c0c9,2024,"1,000 acres",bushels per acre
South Carolina,2023,soybeans,395,39,empirical/goal16/raw/usda_nass/crop_production_2024_summary.pdf,https://www.nass.usda.gov/Publications/Todays_Reports/reports/cropan25.pdf,0e3add3bc4c95c8ea5061d8e1e75d166e5d9a4a73dcf9204784be6697e94c0c9,2024,"1,000 acres",bushels per acre
South Carolina,2023,winter_wheat,110,58,empirical/goal16/raw/usda_nass/crop_production_2024_summary.pdf,https://www.nass.usda.gov/Publications/Todays_Reports/reports/cropan25.pdf,0e3add3bc4c95c8ea5061d8e1e75d166e5d9a4a73dcf9204784be6697e94c0c9,2024,"1,000 acres",bushels per acre
South Carolina,2024,corn,330,101,empirical/goal16/raw/usda_nass/crop_production_2024_summary.pdf,https://www.nass.usda.gov/Publications/Todays_Reports/reports/cropan25.pdf,0e3add3bc4c95c8ea5061d8e1e75d166e5d9a4a73dcf9204784be6697e94c0c9,2024,"1,000 acres",bushels per acre
South Carolina,2024,soybeans,390,34,empirical/goal16/raw/usda_nass/crop_production_2024_summary.pdf,https://www.nass.usda.gov/Publications/Todays_Reports/reports/cropan25.pdf,0e3add3bc4c95c8ea5061d8e1e75d166e5d9a4a73dcf9204784be6697e94c0c9,2024,"1,000 acres",bushels per acre
South Carolina,2024,winter_wheat,80,54,empirical/goal16/raw/usda_nass/crop_production_2024_summary.pdf,https://www.nass.usda.gov/Publications/Todays_Reports/reports/cropan25.pdf,0e3add3bc4c95c8ea5061d8e1e75d166e5d9a4a73dcf9204784be6697e94c0c9,2024,"1,000 acres",bushels per acre
South Dakota,2016,corn,5600,161,empirical/goal16/raw/usda_nass/crop_production_2018_summary.pdf,https://www.nass.usda.gov/Publications/Todays_Reports/reports/cropan19.pdf,659b038284fe830330b7329eb0eca9ae4f6b06ff12b77a5b874adfc9818db0fd,2018,"1,000 acres",bushels per acre
South Dakota,2016,soybeans,5200,49.5,empirical/goal16/raw/usda_nass/crop_production_2018_summary.pdf,https://www.nass.usda.gov/Publications/Todays_Reports/reports/cropan19.pdf,659b038284fe830330b7329eb0eca9ae4f6b06ff12b77a5b874adfc9818db0fd,2018,"1,000 acres",bushels per acre
South Dakota,2016,winter_wheat,1180,58,empirical/goal16/raw/usda_nass/crop_production_2018_summary.pdf,https://www.nass.usda.gov/Publications/Todays_Reports/reports/cropan19.pdf,659b038284fe830330b7329eb0eca9ae4f6b06ff12b77a5b874adfc9818db0fd,2018,"1,000 acres",bushels per acre
South Dakota,2017,corn,5700,145,empirical/goal16/raw/usda_nass/crop_production_2018_summary.pdf,https://www.nass.usda.gov/Publications/Todays_Reports/reports/cropan19.pdf,659b038284fe830330b7329eb0eca9ae4f6b06ff12b77a5b874adfc9818db0fd,2018,"1,000 acres",bushels per acre
South Dakota,2017,soybeans,5650,43,empirical/goal16/raw/usda_nass/crop_production_2018_summary.pdf,https://www.nass.usda.gov/Publications/Todays_Reports/reports/cropan19.pdf,659b038284fe830330b7329eb0eca9ae4f6b06ff12b77a5b874adfc9818db0fd,2018,"1,000 acres",bushels per acre
South Dakota,2017,winter_wheat,910,40,empirical/goal16/raw/usda_nass/crop_production_2018_summary.pdf,https://www.nass.usda.gov/Publications/Todays_Reports/reports/cropan19.pdf,659b038284fe830330b7329eb0eca9ae4f6b06ff12b77a5b874adfc9818db0fd,2018,"1,000 acres",bushels per acre
South Dakota,2018,corn,5300,160,empirical/goal16/raw/usda_nass/crop_production_2018_summary.pdf,https://www.nass.usda.gov/Publications/Todays_Reports/reports/cropan19.pdf,659b038284fe830330b7329eb0eca9ae4f6b06ff12b77a5b874adfc9818db0fd,2018,"1,000 acres",bushels per acre
South Dakota,2018,soybeans,5650,46,empirical/goal16/raw/usda_nass/crop_production_2018_summary.pdf,https://www.nass.usda.gov/Publications/Todays_Reports/reports/cropan19.pdf,659b038284fe830330b7329eb0eca9ae4f6b06ff12b77a5b874adfc9818db0fd,2018,"1,000 acres",bushels per acre
South Dakota,2018,winter_wheat,830,48,empirical/goal16/raw/usda_nass/crop_production_2018_summary.pdf,https://www.nass.usda.gov/Publications/Todays_Reports/reports/cropan19.pdf,659b038284fe830330b7329eb0eca9ae4f6b06ff12b77a5b874adfc9818db0fd,2018,"1,000 acres",bushels per acre
South Dakota,2019,corn,4350,144,empirical/goal16/raw/usda_nass/crop_production_2021_summary.pdf,https://www.nass.usda.gov/Publications/Todays_Reports/reports/cropan22.pdf,e54c9e6270e4c527e5496c4925111a3ea898d33009b99cf7c69cc978d2bbf080,2021,"1,000 acres",bushels per acre
South Dakota,2019,soybeans,3500,42.5,empirical/goal16/raw/usda_nass/crop_production_2021_summary.pdf,https://www.nass.usda.gov/Publications/Todays_Reports/reports/cropan22.pdf,e54c9e6270e4c527e5496c4925111a3ea898d33009b99cf7c69cc978d2bbf080,2021,"1,000 acres",bushels per acre
South Dakota,2019,winter_wheat,860,52,empirical/goal16/raw/usda_nass/crop_production_2021_summary.pdf,https://www.nass.usda.gov/Publications/Todays_Reports/reports/cropan22.pdf,e54c9e6270e4c527e5496c4925111a3ea898d33009b99cf7c69cc978d2bbf080,2021,"1,000 acres",bushels per acre
South Dakota,2020,corn,4900,162,empirical/goal16/raw/usda_nass/crop_production_2021_summary.pdf,https://www.nass.usda.gov/Publications/Todays_Reports/reports/cropan22.pdf,e54c9e6270e4c527e5496c4925111a3ea898d33009b99cf7c69cc978d2bbf080,2021,"1,000 acres",bushels per acre
South Dakota,2020,soybeans,4950,46,empirical/goal16/raw/usda_nass/crop_production_2021_summary.pdf,https://www.nass.usda.gov/Publications/Todays_Reports/reports/cropan22.pdf,e54c9e6270e4c527e5496c4925111a3ea898d33009b99cf7c69cc978d2bbf080,2021,"1,000 acres",bushels per acre
South Dakota,2020,winter_wheat,630,58,empirical/goal16/raw/usda_nass/crop_production_2021_summary.pdf,https://www.nass.usda.gov/Publications/Todays_Reports/reports/cropan22.pdf,e54c9e6270e4c527e5496c4925111a3ea898d33009b99cf7c69cc978d2bbf080,2021,"1,000 acres",bushels per acre
South Dakota,2021,corn,6150,135,empirical/goal16/raw/usda_nass/crop_production_2021_summary.pdf,https://www.nass.usda.gov/Publications/Todays_Reports/reports/cropan22.pdf,e54c9e6270e4c527e5496c4925111a3ea898d33009b99cf7c69cc978d2bbf080,2021,"1,000 acres",bushels per acre
South Dakota,2021,soybeans,5450,40,empirical/goal16/raw/usda_nass/crop_production_2021_summary.pdf,https://www.nass.usda.gov/Publications/Todays_Reports/reports/cropan22.pdf,e54c9e6270e4c527e5496c4925111a3ea898d33009b99cf7c69cc978d2bbf080,2021,"1,000 acres",bushels per acre
South Dakota,2021,winter_wheat,800,38,empirical/goal16/raw/usda_nass/crop_production_2021_summary.pdf,https://www.nass.usda.gov/Publications/Todays_Reports/reports/cropan22.pdf,e54c9e6270e4c527e5496c4925111a3ea898d33009b99cf7c69cc978d2bbf080,2021,"1,000 acres",bushels per acre
South Dakota,2022,corn,5750,132,empirical/goal16/raw/usda_nass/crop_production_2024_summary.pdf,https://www.nass.usda.gov/Publications/Todays_Reports/reports/cropan25.pdf,0e3add3bc4c95c8ea5061d8e1e75d166e5d9a4a73dcf9204784be6697e94c0c9,2024,"1,000 acres",bushels per acre
South Dakota,2022,soybeans,5100,38,empirical/goal16/raw/usda_nass/crop_production_2024_summary.pdf,https://www.nass.usda.gov/Publications/Todays_Reports/reports/cropan25.pdf,0e3add3bc4c95c8ea5061d8e1e75d166e5d9a4a73dcf9204784be6697e94c0c9,2024,"1,000 acres",bushels per acre
South Dakota,2022,winter_wheat,830,52,empirical/goal16/raw/usda_nass/crop_production_2024_summary.pdf,https://www.nass.usda.gov/Publications/Todays_Reports/reports/cropan25.pdf,0e3add3bc4c95c8ea5061d8e1e75d166e5d9a4a73dcf9204784be6697e94c0c9,2024,"1,000 acres",bushels per acre
South Dakota,2023,corn,6300,152,empirical/goal16/raw/usda_nass/crop_production_2024_summary.pdf,https://www.nass.usda.gov/Publications/Todays_Reports/reports/cropan25.pdf,0e3add3bc4c95c8ea5061d8e1e75d166e5d9a4a73dcf9204784be6697e94c0c9,2024,"1,000 acres",bushels per acre
South Dakota,2023,soybeans,5100,44,empirical/goal16/raw/usda_nass/crop_production_2024_summary.pdf,https://www.nass.usda.gov/Publications/Todays_Reports/reports/cropan25.pdf,0e3add3bc4c95c8ea5061d8e1e75d166e5d9a4a73dcf9204784be6697e94c0c9,2024,"1,000 acres",bushels per acre
South Dakota,2023,winter_wheat,920,47,empirical/goal16/raw/usda_nass/crop_production_2024_summary.pdf,https://www.nass.usda.gov/Publications/Todays_Reports/reports/cropan25.pdf,0e3add3bc4c95c8ea5061d8e1e75d166e5d9a4a73dcf9204784be6697e94c0c9,2024,"1,000 acres",bushels per acre
South Dakota,2024,corn,5900,164,empirical/goal16/raw/usda_nass/crop_production_2024_summary.pdf,https://www.nass.usda.gov/Publications/Todays_Reports/reports/cropan25.pdf,0e3add3bc4c95c8ea5061d8e1e75d166e5d9a4a73dcf9204784be6697e94c0c9,2024,"1,000 acres",bushels per acre
South Dakota,2024,soybeans,5450,43,empirical/goal16/raw/usda_nass/crop_production_2024_summary.pdf,https://www.nass.usda.gov/Publications/Todays_Reports/reports/cropan25.pdf,0e3add3bc4c95c8ea5061d8e1e75d166e5d9a4a73dcf9204784be6697e94c0c9,2024,"1,000 acres",bushels per acre
South Dakota,2024,winter_wheat,860,63,empirical/goal16/raw/usda_nass/crop_production_2024_summary.pdf,https://www.nass.usda.gov/Publications/Todays_Reports/reports/cropan25.pdf,0e3add3bc4c95c8ea5061d8e1e75d166e5d9a4a73dcf9204784be6697e94c0c9,2024,"1,000 acres",bushels per acre
Tennessee,2016,corn,880,151,empirical/goal16/raw/usda_nass/crop_production_2018_summary.pdf,https://www.nass.usda.gov/Publications/Todays_Reports/reports/cropan19.pdf,659b038284fe830330b7329eb0eca9ae4f6b06ff12b77a5b874adfc9818db0fd,2018,"1,000 acres",bushels per acre
Tennessee,2016,soybeans,1660,45,empirical/goal16/raw/usda_nass/crop_production_2018_summary.pdf,https://www.nass.usda.gov/Publications/Todays_Reports/reports/cropan19.pdf,659b038284fe830330b7329eb0eca9ae4f6b06ff12b77a5b874adfc9818db0fd,2018,"1,000 acres",bushels per acre
Tennessee,2016,winter_wheat,400,73,empirical/goal16/raw/usda_nass/crop_production_2018_summary.pdf,https://www.nass.usda.gov/Publications/Todays_Reports/reports/cropan19.pdf,659b038284fe830330b7329eb0eca9ae4f6b06ff12b77a5b874adfc9818db0fd,2018,"1,000 acres",bushels per acre
Tennessee,2017,corn,750,171,empirical/goal16/raw/usda_nass/crop_production_2018_summary.pdf,https://www.nass.usda.gov/Publications/Todays_Reports/reports/cropan19.pdf,659b038284fe830330b7329eb0eca9ae4f6b06ff12b77a5b874adfc9818db0fd,2018,"1,000 acres",bushels per acre
Tennessee,2017,soybeans,1690,50,empirical/goal16/raw/usda_nass/crop_production_2018_summary.pdf,https://www.nass.usda.gov/Publications/Todays_Reports/reports/cropan19.pdf,659b038284fe830330b7329eb0eca9ae4f6b06ff12b77a5b874adfc9818db0fd,2018,"1,000 acres",bushels per acre
Tennessee,2017,winter_wheat,370,70,empirical/goal16/raw/usda_nass/crop_production_2018_summary.pdf,https://www.nass.usda.gov/Publications/Todays_Reports/reports/cropan19.pdf,659b038284fe830330b7329eb0eca9ae4f6b06ff12b77a5b874adfc9818db0fd,2018,"1,000 acres",bushels per acre
Tennessee,2018,corn,740,168,empirical/goal16/raw/usda_nass/crop_production_2018_summary.pdf,https://www.nass.usda.gov/Publications/Todays_Reports/reports/cropan19.pdf,659b038284fe830330b7329eb0eca9ae4f6b06ff12b77a5b874adfc9818db0fd,2018,"1,000 acres",bushels per acre
Tennessee,2018,soybeans,1700,46,empirical/goal16/raw/usda_nass/crop_production_2018_summary.pdf,https://www.nass.usda.gov/Publications/Todays_Reports/reports/cropan19.pdf,659b038284fe830330b7329eb0eca9ae4f6b06ff12b77a5b874adfc9818db0fd,2018,"1,000 acres",bushels per acre
Tennessee,2018,winter_wheat,380,65,empirical/goal16/raw/usda_nass/crop_production_2018_summary.pdf,https://www.nass.usda.gov/Publications/Todays_Reports/reports/cropan19.pdf,659b038284fe830330b7329eb0eca9ae4f6b06ff12b77a5b874adfc9818db0fd,2018,"1,000 acres",bushels per acre
Tennessee,2019,corn,970,177,empirical/goal16/raw/usda_nass/crop_production_2021_summary.pdf,https://www.nass.usda.gov/Publications/Todays_Reports/reports/cropan22.pdf,e54c9e6270e4c527e5496c4925111a3ea898d33009b99cf7c69cc978d2bbf080,2021,"1,000 acres",bushels per acre
Tennessee,2019,soybeans,1400,47,empirical/goal16/raw/usda_nass/crop_production_2021_summary.pdf,https://www.nass.usda.gov/Publications/Todays_Reports/reports/cropan22.pdf,e54c9e6270e4c527e5496c4925111a3ea898d33009b99cf7c69cc978d2bbf080,2021,"1,000 acres",bushels per acre
Tennessee,2019,winter_wheat,280,67,empirical/goal16/raw/usda_nass/crop_production_2021_summary.pdf,https://www.nass.usda.gov/Publications/Todays_Reports/reports/cropan22.pdf,e54c9e6270e4c527e5496c4925111a3ea898d33009b99cf7c69cc978d2bbf080,2021,"1,000 acres",bushels per acre
Tennessee,2020,corn,860,170,empirical/goal16/raw/usda_nass/crop_production_2021_summary.pdf,https://www.nass.usda.gov/Publications/Todays_Reports/reports/cropan22.pdf,e54c9e6270e4c527e5496c4925111a3ea898d33009b99cf7c69cc978d2bbf080,2021,"1,000 acres",bushels per acre
Tennessee,2020,soybeans,1650,50,empirical/goal16/raw/usda_nass/crop_production_2021_summary.pdf,https://www.nass.usda.gov/Publications/Todays_Reports/reports/cropan22.pdf,e54c9e6270e4c527e5496c4925111a3ea898d33009b99cf7c69cc978d2bbf080,2021,"1,000 acres",bushels per acre
Tennessee,2020,winter_wheat,300,59,empirical/goal16/raw/usda_nass/crop_production_2021_summary.pdf,https://www.nass.usda.gov/Publications/Todays_Reports/reports/cropan22.pdf,e54c9e6270e4c527e5496c4925111a3ea898d33009b99cf7c69cc978d2bbf080,2021,"1,000 acres",bushels per acre
Tennessee,2021,corn,1020,170,empirical/goal16/raw/usda_nass/crop_production_2021_summary.pdf,https://www.nass.usda.gov/Publications/Todays_Reports/reports/cropan22.pdf,e54c9e6270e4c527e5496c4925111a3ea898d33009b99cf7c69cc978d2bbf080,2021,"1,000 acres",bushels per acre
Tennessee,2021,soybeans,1550,50,empirical/goal16/raw/usda_nass/crop_production_2021_summary.pdf,https://www.nass.usda.gov/Publications/Todays_Reports/reports/cropan22.pdf,e54c9e6270e4c527e5496c4925111a3ea898d33009b99cf7c69cc978d2bbf080,2021,"1,000 acres",bushels per acre
Tennessee,2021,winter_wheat,400,71,empirical/goal16/raw/usda_nass/crop_production_2021_summary.pdf,https://www.nass.usda.gov/Publications/Todays_Reports/reports/cropan22.pdf,e54c9e6270e4c527e5496c4925111a3ea898d33009b99cf7c69cc978d2bbf080,2021,"1,000 acres",bushels per acre
Tennessee,2022,corn,830,130,empirical/goal16/raw/usda_nass/crop_production_2024_summary.pdf,https://www.nass.usda.gov/Publications/Todays_Reports/reports/cropan25.pdf,0e3add3bc4c95c8ea5061d8e1e75d166e5d9a4a73dcf9204784be6697e94c0c9,2024,"1,000 acres",bushels per acre
Tennessee,2022,soybeans,1650,48,empirical/goal16/raw/usda_nass/crop_production_2024_summary.pdf,https://www.nass.usda.gov/Publications/Todays_Reports/reports/cropan25.pdf,0e3add3bc4c95c8ea5061d8e1e75d166e5d9a4a73dcf9204784be6697e94c0c9,2024,"1,000 acres",bushels per acre
Tennessee,2022,winter_wheat,410,73,empirical/goal16/raw/usda_nass/crop_production_2024_summary.pdf,https://www.nass.usda.gov/Publications/Todays_Reports/reports/cropan25.pdf,0e3add3bc4c95c8ea5061d8e1e75d166e5d9a4a73dcf9204784be6697e94c0c9,2024,"1,000 acres",bushels per acre
Tennessee,2023,corn,940,173,empirical/goal16/raw/usda_nass/crop_production_2024_summary.pdf,https://www.nass.usda.gov/Publications/Todays_Reports/reports/cropan25.pdf,0e3add3bc4c95c8ea5061d8e1e75d166e5d9a4a73dcf9204784be6697e94c0c9,2024,"1,000 acres",bushels per acre
Tennessee,2023,soybeans,1600,51,empirical/goal16/raw/usda_nass/crop_production_2024_summary.pdf,https://www.nass.usda.gov/Publications/Todays_Reports/reports/cropan25.pdf,0e3add3bc4c95c8ea5061d8e1e75d166e5d9a4a73dcf9204784be6697e94c0c9,2024,"1,000 acres",bushels per acre
Tennessee,2023,winter_wheat,470,80,empirical/goal16/raw/usda_nass/crop_production_2024_summary.pdf,https://www.nass.usda.gov/Publications/Todays_Reports/reports/cropan25.pdf,0e3add3bc4c95c8ea5061d8e1e75d166e5d9a4a73dcf9204784be6697e94c0c9,2024,"1,000 acres",bushels per acre
Tennessee,2024,corn,700,152,empirical/goal16/raw/usda_nass/crop_production_2024_summary.pdf,https://www.nass.usda.gov/Publications/Todays_Reports/reports/cropan25.pdf,0e3add3bc4c95c8ea5061d8e1e75d166e5d9a4a73dcf9204784be6697e94c0c9,2024,"1,000 acres",bushels per acre
Tennessee,2024,soybeans,1820,42,empirical/goal16/raw/usda_nass/crop_production_2024_summary.pdf,https://www.nass.usda.gov/Publications/Todays_Reports/reports/cropan25.pdf,0e3add3bc4c95c8ea5061d8e1e75d166e5d9a4a73dcf9204784be6697e94c0c9,2024,"1,000 acres",bushels per acre
Tennessee,2024,winter_wheat,380,75,empirical/goal16/raw/usda_nass/crop_production_2024_summary.pdf,https://www.nass.usda.gov/Publications/Todays_Reports/reports/cropan25.pdf,0e3add3bc4c95c8ea5061d8e1e75d166e5d9a4a73dcf9204784be6697e94c0c9,2024,"1,000 acres",bushels per acre
Texas,2016,corn,2900,127,empirical/goal16/raw/usda_nass/crop_production_2018_summary.pdf,https://www.nass.usda.gov/Publications/Todays_Reports/reports/cropan19.pdf,659b038284fe830330b7329eb0eca9ae4f6b06ff12b77a5b874adfc9818db0fd,2018,"1,000 acres",bushels per acre
Texas,2016,soybeans,165,31,empirical/goal16/raw/usda_nass/crop_production_2018_summary.pdf,https://www.nass.usda.gov/Publications/Todays_Reports/reports/cropan19.pdf,659b038284fe830330b7329eb0eca9ae4f6b06ff12b77a5b874adfc9818db0fd,2018,"1,000 acres",bushels per acre
Texas,2016,winter_wheat,5000,32,empirical/goal16/raw/usda_nass/crop_production_2018_summary.pdf,https://www.nass.usda.gov/Publications/Todays_Reports/reports/cropan19.pdf,659b038284fe830330b7329eb0eca9ae4f6b06ff12b77a5b874adfc9818db0fd,2018,"1,000 acres",bushels per acre
Texas,2017,corn,2450,140,empirical/goal16/raw/usda_nass/crop_production_2018_summary.pdf,https://www.nass.usda.gov/Publications/Todays_Reports/reports/cropan19.pdf,659b038284fe830330b7329eb0eca9ae4f6b06ff12b77a5b874adfc9818db0fd,2018,"1,000 acres",bushels per acre
Texas,2017,soybeans,210,37,empirical/goal16/raw/usda_nass/crop_production_2018_summary.pdf,https://www.nass.usda.gov/Publications/Todays_Reports/reports/cropan19.pdf,659b038284fe830330b7329eb0eca9ae4f6b06ff12b77a5b874adfc9818db0fd,2018,"1,000 acres",bushels per acre
Texas,2017,winter_wheat,4700,29,empirical/goal16/raw/usda_nass/crop_production_2018_summary.pdf,https://www.nass.usda.gov/Publications/Todays_Reports/reports/cropan19.pdf,659b038284fe830330b7329eb0eca9ae4f6b06ff12b77a5b874adfc9818db0fd,2018,"1,000 acres",bushels per acre
Texas,2018,corn,2200,108,empirical/goal16/raw/usda_nass/crop_production_2018_summary.pdf,https://www.nass.usda.gov/Publications/Todays_Reports/reports/cropan19.pdf,659b038284fe830330b7329eb0eca9ae4f6b06ff12b77a5b874adfc9818db0fd,2018,"1,000 acres",bushels per acre
Texas,2018,soybeans,175,32,empirical/goal16/raw/usda_nass/crop_production_2018_summary.pdf,https://www.nass.usda.gov/Publications/Todays_Reports/reports/cropan19.pdf,659b038284fe830330b7329eb0eca9ae4f6b06ff12b77a5b874adfc9818db0fd,2018,"1,000 acres",bushels per acre
Texas,2018,winter_wheat,4500,32,empirical/goal16/raw/usda_nass/crop_production_2018_summary.pdf,https://www.nass.usda.gov/Publications/Todays_Reports/reports/cropan19.pdf,659b038284fe830330b7329eb0eca9ae4f6b06ff12b77a5b874adfc9818db0fd,2018,"1,000 acres",bushels per acre
Texas,2019,corn,2500,133,empirical/goal16/raw/usda_nass/crop_production_2021_summary.pdf,https://www.nass.usda.gov/Publications/Todays_Reports/reports/cropan22.pdf,e54c9e6270e4c527e5496c4925111a3ea898d33009b99cf7c69cc978d2bbf080,2021,"1,000 acres",bushels per acre
Texas,2019,soybeans,80,28,empirical/goal16/raw/usda_nass/crop_production_2021_summary.pdf,https://www.nass.usda.gov/Publications/Todays_Reports/reports/cropan22.pdf,e54c9e6270e4c527e5496c4925111a3ea898d33009b99cf7c69cc978d2bbf080,2021,"1,000 acres",bushels per acre
Texas,2019,winter_wheat,4600,34,empirical/goal16/raw/usda_nass/crop_production_2021_summary.pdf,https://www.nass.usda.gov/Publications/Todays_Reports/reports/cropan22.pdf,e54c9e6270e4c527e5496c4925111a3ea898d33009b99cf7c69cc978d2bbf080,2021,"1,000 acres",bushels per acre
Texas,2020,corn,2250,128,empirical/goal16/raw/usda_nass/crop_production_2021_summary.pdf,https://www.nass.usda.gov/Publications/Todays_Reports/reports/cropan22.pdf,e54c9e6270e4c527e5496c4925111a3ea898d33009b99cf7c69cc978d2bbf080,2021,"1,000 acres",bushels per acre
Texas,2020,soybeans,120,34,empirical/goal16/raw/usda_nass/crop_production_2021_summary.pdf,https://www.nass.usda.gov/Publications/Todays_Reports/reports/cropan22.pdf,e54c9e6270e4c527e5496c4925111a3ea898d33009b99cf7c69cc978d2bbf080,2021,"1,000 acres",bushels per acre
Texas,2020,winter_wheat,4900,30,empirical/goal16/raw/usda_nass/crop_production_2021_summary.pdf,https://www.nass.usda.gov/Publications/Todays_Reports/reports/cropan22.pdf,e54c9e6270e4c527e5496c4925111a3ea898d33009b99cf7c69cc978d2bbf080,2021,"1,000 acres",bushels per acre
Texas,2021,corn,2150,128,empirical/goal16/raw/usda_nass/crop_production_2021_summary.pdf,https://www.nass.usda.gov/Publications/Todays_Reports/reports/cropan22.pdf,e54c9e6270e4c527e5496c4925111a3ea898d33009b99cf7c69cc978d2bbf080,2021,"1,000 acres",bushels per acre
Texas,2021,soybeans,110,38,empirical/goal16/raw/usda_nass/crop_production_2021_summary.pdf,https://www.nass.usda.gov/Publications/Todays_Reports/reports/cropan22.pdf,e54c9e6270e4c527e5496c4925111a3ea898d33009b99cf7c69cc978d2bbf080,2021,"1,000 acres",bushels per acre
Texas,2021,winter_wheat,5500,37,empirical/goal16/raw/usda_nass/crop_production_2021_summary.pdf,https://www.nass.usda.gov/Publications/Todays_Reports/reports/cropan22.pdf,e54c9e6270e4c527e5496c4925111a3ea898d33009b99cf7c69cc978d2bbf080,2021,"1,000 acres",bushels per acre
Texas,2022,corn,2150,95,empirical/goal16/raw/usda_nass/crop_production_2024_summary.pdf,https://www.nass.usda.gov/Publications/Todays_Reports/reports/cropan25.pdf,0e3add3bc4c95c8ea5061d8e1e75d166e5d9a4a73dcf9204784be6697e94c0c9,2024,"1,000 acres",bushels per acre
Texas,2022,soybeans,155,20,empirical/goal16/raw/usda_nass/crop_production_2024_summary.pdf,https://www.nass.usda.gov/Publications/Todays_Reports/reports/cropan25.pdf,0e3add3bc4c95c8ea5061d8e1e75d166e5d9a4a73dcf9204784be6697e94c0c9,2024,"1,000 acres",bushels per acre
Texas,2022,winter_wheat,5300,30,empirical/goal16/raw/usda_nass/crop_production_2024_summary.pdf,https://www.nass.usda.gov/Publications/Todays_Reports/reports/cropan25.pdf,0e3add3bc4c95c8ea5061d8e1e75d166e5d9a4a73dcf9204784be6697e94c0c9,2024,"1,000 acres",bushels per acre
Texas,2023,corn,2500,122,empirical/goal16/raw/usda_nass/crop_production_2024_summary.pdf,https://www.nass.usda.gov/Publications/Todays_Reports/reports/cropan25.pdf,0e3add3bc4c95c8ea5061d8e1e75d166e5d9a4a73dcf9204784be6697e94c0c9,2024,"1,000 acres",bushels per acre
Texas,2023,soybeans,125,25,empirical/goal16/raw/usda_nass/crop_production_2024_summary.pdf,https://www.nass.usda.gov/Publications/Todays_Reports/reports/cropan25.pdf,0e3add3bc4c95c8ea5061d8e1e75d166e5d9a4a73dcf9204784be6697e94c0c9,2024,"1,000 acres",bushels per acre
Texas,2023,winter_wheat,6400,37,empirical/goal16/raw/usda_nass/crop_production_2024_summary.pdf,https://www.nass.usda.gov/Publications/Todays_Reports/reports/cropan25.pdf,0e3add3bc4c95c8ea5061d8e1e75d166e5d9a4a73dcf9204784be6697e94c0c9,2024,"1,000 acres",bushels per acre
Texas,2024,corn,2150,112,empirical/goal16/raw/usda_nass/crop_production_2024_summary.pdf,https://www.nass.usda.gov/Publications/Todays_Reports/reports/cropan25.pdf,0e3add3bc4c95c8ea5061d8e1e75d166e5d9a4a73dcf9204784be6697e94c0c9,2024,"1,000 acres",bushels per acre
Texas,2024,soybeans,100,32,empirical/goal16/raw/usda_nass/crop_production_2024_summary.pdf,https://www.nass.usda.gov/Publications/Todays_Reports/reports/cropan25.pdf,0e3add3bc4c95c8ea5061d8e1e75d166e5d9a4a73dcf9204784be6697e94c0c9,2024,"1,000 acres",bushels per acre
Texas,2024,winter_wheat,5500,31,empirical/goal16/raw/usda_nass/crop_production_2024_summary.pdf,https://www.nass.usda.gov/Publications/Todays_Reports/reports/cropan25.pdf,0e3add3bc4c95c8ea5061d8e1e75d166e5d9a4a73dcf9204784be6697e94c0c9,2024,"1,000 acres",bushels per acre
United States,2016,corn,94004,174.6,empirical/goal16/raw/usda_nass/crop_production_2018_summary.pdf,https://www.nass.usda.gov/Publications/Todays_Reports/reports/cropan19.pdf,659b038284fe830330b7329eb0eca9ae4f6b06ff12b77a5b874adfc9818db0fd,2018,"1,000 acres",bushels per acre
United States,2016,soybeans,83453,51.9,empirical/goal16/raw/usda_nass/crop_production_2018_summary.pdf,https://www.nass.usda.gov/Publications/Todays_Reports/reports/cropan19.pdf,659b038284fe830330b7329eb0eca9ae4f6b06ff12b77a5b874adfc9818db0fd,2018,"1,000 acres",bushels per acre
United States,2016,winter_wheat,36149,55.3,empirical/goal16/raw/usda_nass/crop_production_2018_summary.pdf,https://www.nass.usda.gov/Publications/Todays_Reports/reports/cropan19.pdf,659b038284fe830330b7329eb0eca9ae4f6b06ff12b77a5b874adfc9818db0fd,2018,"1,000 acres",bushels per acre
United States,2017,corn,90167,176.6,empirical/goal16/raw/usda_nass/crop_production_2018_summary.pdf,https://www.nass.usda.gov/Publications/Todays_Reports/reports/cropan19.pdf,659b038284fe830330b7329eb0eca9ae4f6b06ff12b77a5b874adfc9818db0fd,2018,"1,000 acres",bushels per acre
United States,2017,soybeans,90162,49.3,empirical/goal16/raw/usda_nass/crop_production_2018_summary.pdf,https://www.nass.usda.gov/Publications/Todays_Reports/reports/cropan19.pdf,659b038284fe830330b7329eb0eca9ae4f6b06ff12b77a5b874adfc9818db0fd,2018,"1,000 acres",bushels per acre
United States,2017,winter_wheat,32726,50.2,empirical/goal16/raw/usda_nass/crop_production_2018_summary.pdf,https://www.nass.usda.gov/Publications/Todays_Reports/reports/cropan19.pdf,659b038284fe830330b7329eb0eca9ae4f6b06ff12b77a5b874adfc9818db0fd,2018,"1,000 acres",bushels per acre
United States,2018,corn,89129,176.4,empirical/goal16/raw/usda_nass/crop_production_2018_summary.pdf,https://www.nass.usda.gov/Publications/Todays_Reports/reports/cropan19.pdf,659b038284fe830330b7329eb0eca9ae4f6b06ff12b77a5b874adfc9818db0fd,2018,"1,000 acres",bushels per acre
United States,2018,soybeans,89196,51.6,empirical/goal16/raw/usda_nass/crop_production_2018_summary.pdf,https://www.nass.usda.gov/Publications/Todays_Reports/reports/cropan19.pdf,659b038284fe830330b7329eb0eca9ae4f6b06ff12b77a5b874adfc9818db0fd,2018,"1,000 acres",bushels per acre
United States,2018,winter_wheat,32535,47.9,empirical/goal16/raw/usda_nass/crop_production_2018_summary.pdf,https://www.nass.usda.gov/Publications/Todays_Reports/reports/cropan19.pdf,659b038284fe830330b7329eb0eca9ae4f6b06ff12b77a5b874adfc9818db0fd,2018,"1,000 acres",bushels per acre
United States,2019,corn,89745,167.5,empirical/goal16/raw/usda_nass/crop_production_2021_summary.pdf,https://www.nass.usda.gov/Publications/Todays_Reports/reports/cropan22.pdf,e54c9e6270e4c527e5496c4925111a3ea898d33009b99cf7c69cc978d2bbf080,2021,"1,000 acres",bushels per acre
United States,2019,soybeans,76100,47.4,empirical/goal16/raw/usda_nass/crop_production_2021_summary.pdf,https://www.nass.usda.gov/Publications/Todays_Reports/reports/cropan22.pdf,e54c9e6270e4c527e5496c4925111a3ea898d33009b99cf7c69cc978d2bbf080,2021,"1,000 acres",bushels per acre
United States,2019,winter_wheat,31474,53.6,empirical/goal16/raw/usda_nass/crop_production_2021_summary.pdf,https://www.nass.usda.gov/Publications/Todays_Reports/reports/cropan22.pdf,e54c9e6270e4c527e5496c4925111a3ea898d33009b99cf7c69cc978d2bbf080,2021,"1,000 acres",bushels per acre
United States,2020,corn,90652,171.4,empirical/goal16/raw/usda_nass/crop_production_2021_summary.pdf,https://www.nass.usda.gov/Publications/Todays_Reports/reports/cropan22.pdf,e54c9e6270e4c527e5496c4925111a3ea898d33009b99cf7c69cc978d2bbf080,2021,"1,000 acres",bushels per acre
United States,2020,soybeans,83354,51,empirical/goal16/raw/usda_nass/crop_production_2021_summary.pdf,https://www.nass.usda.gov/Publications/Todays_Reports/reports/cropan22.pdf,e54c9e6270e4c527e5496c4925111a3ea898d33009b99cf7c69cc978d2bbf080,2021,"1,000 acres",bushels per acre
United States,2020,winter_wheat,30450,50.9,empirical/goal16/raw/usda_nass/crop_production_2021_summary.pdf,https://www.nass.usda.gov/Publications/Todays_Reports/reports/cropan22.pdf,e54c9e6270e4c527e5496c4925111a3ea898d33009b99cf7c69cc978d2bbf080,2021,"1,000 acres",bushels per acre
United States,2021,corn,93357,177,empirical/goal16/raw/usda_nass/crop_production_2021_summary.pdf,https://www.nass.usda.gov/Publications/Todays_Reports/reports/cropan22.pdf,e54c9e6270e4c527e5496c4925111a3ea898d33009b99cf7c69cc978d2bbf080,2021,"1,000 acres",bushels per acre
United States,2021,soybeans,87195,51.4,empirical/goal16/raw/usda_nass/crop_production_2021_summary.pdf,https://www.nass.usda.gov/Publications/Todays_Reports/reports/cropan22.pdf,e54c9e6270e4c527e5496c4925111a3ea898d33009b99cf7c69cc978d2bbf080,2021,"1,000 acres",bushels per acre
United States,2021,winter_wheat,33648,50.2,empirical/goal16/raw/usda_nass/crop_production_2021_summary.pdf,https://www.nass.usda.gov/Publications/Todays_Reports/reports/cropan22.pdf,e54c9e6270e4c527e5496c4925111a3ea898d33009b99cf7c69cc978d2bbf080,2021,"1,000 acres",bushels per acre
United States,2022,corn,88162,173.4,empirical/goal16/raw/usda_nass/crop_production_2024_summary.pdf,https://www.nass.usda.gov/Publications/Todays_Reports/reports/cropan25.pdf,0e3add3bc4c95c8ea5061d8e1e75d166e5d9a4a73dcf9204784be6697e94c0c9,2024,"1,000 acres",bushels per acre
United States,2022,soybeans,87450,49.6,empirical/goal16/raw/usda_nass/crop_production_2024_summary.pdf,https://www.nass.usda.gov/Publications/Todays_Reports/reports/cropan25.pdf,0e3add3bc4c95c8ea5061d8e1e75d166e5d9a4a73dcf9204784be6697e94c0c9,2024,"1,000 acres",bushels per acre
United States,2022,winter_wheat,33281,47,empirical/goal16/raw/usda_nass/crop_production_2024_summary.pdf,https://www.nass.usda.gov/Publications/Todays_Reports/reports/cropan25.pdf,0e3add3bc4c95c8ea5061d8e1e75d166e5d9a4a73dcf9204784be6697e94c0c9,2024,"1,000 acres",bushels per acre
United States,2023,corn,94641,177.3,empirical/goal16/raw/usda_nass/crop_production_2024_summary.pdf,https://www.nass.usda.gov/Publications/Todays_Reports/reports/cropan25.pdf,0e3add3bc4c95c8ea5061d8e1e75d166e5d9a4a73dcf9204784be6697e94c0c9,2024,"1,000 acres",bushels per acre
United States,2023,soybeans,83600,50.6,empirical/goal16/raw/usda_nass/crop_production_2024_summary.pdf,https://www.nass.usda.gov/Publications/Todays_Reports/reports/cropan25.pdf,0e3add3bc4c95c8ea5061d8e1e75d166e5d9a4a73dcf9204784be6697e94c0c9,2024,"1,000 acres",bushels per acre
United States,2023,winter_wheat,36699,50.6,empirical/goal16/raw/usda_nass/crop_production_2024_summary.pdf,https://www.nass.usda.gov/Publications/Todays_Reports/reports/cropan25.pdf,0e3add3bc4c95c8ea5061d8e1e75d166e5d9a4a73dcf9204784be6697e94c0c9,2024,"1,000 acres",bushels per acre
United States,2024,corn,90594,179.3,empirical/goal16/raw/usda_nass/crop_production_2024_summary.pdf,https://www.nass.usda.gov/Publications/Todays_Reports/reports/cropan25.pdf,0e3add3bc4c95c8ea5061d8e1e75d166e5d9a4a73dcf9204784be6697e94c0c9,2024,"1,000 acres",bushels per acre
United States,2024,soybeans,87050,50.7,empirical/goal16/raw/usda_nass/crop_production_2024_summary.pdf,https://www.nass.usda.gov/Publications/Todays_Reports/reports/cropan25.pdf,0e3add3bc4c95c8ea5061d8e1e75d166e5d9a4a73dcf9204784be6697e94c0c9,2024,"1,000 acres",bushels per acre
United States,2024,winter_wheat,33390,51.7,empirical/goal16/raw/usda_nass/crop_production_2024_summary.pdf,https://www.nass.usda.gov/Publications/Todays_Reports/reports/cropan25.pdf,0e3add3bc4c95c8ea5061d8e1e75d166e5d9a4a73dcf9204784be6697e94c0c9,2024,"1,000 acres",bushels per acre
Utah,2016,corn,80,175,empirical/goal16/raw/usda_nass/crop_production_2018_summary.pdf,https://www.nass.usda.gov/Publications/Todays_Reports/reports/cropan19.pdf,659b038284fe830330b7329eb0eca9ae4f6b06ff12b77a5b874adfc9818db0fd,2018,"1,000 acres",bushels per acre
Utah,2016,winter_wheat,120,60,empirical/goal16/raw/usda_nass/crop_production_2018_summary.pdf,https://www.nass.usda.gov/Publications/Todays_Reports/reports/cropan19.pdf,659b038284fe830330b7329eb0eca9ae4f6b06ff12b77a5b874adfc9818db0fd,2018,"1,000 acres",bushels per acre
Utah,2017,corn,80,176,empirical/goal16/raw/usda_nass/crop_production_2018_summary.pdf,https://www.nass.usda.gov/Publications/Todays_Reports/reports/cropan19.pdf,659b038284fe830330b7329eb0eca9ae4f6b06ff12b77a5b874adfc9818db0fd,2018,"1,000 acres",bushels per acre
Utah,2017,winter_wheat,120,52,empirical/goal16/raw/usda_nass/crop_production_2018_summary.pdf,https://www.nass.usda.gov/Publications/Todays_Reports/reports/cropan19.pdf,659b038284fe830330b7329eb0eca9ae4f6b06ff12b77a5b874adfc9818db0fd,2018,"1,000 acres",bushels per acre
Utah,2018,corn,70,182,empirical/goal16/raw/usda_nass/crop_production_2018_summary.pdf,https://www.nass.usda.gov/Publications/Todays_Reports/reports/cropan19.pdf,659b038284fe830330b7329eb0eca9ae4f6b06ff12b77a5b874adfc9818db0fd,2018,"1,000 acres",bushels per acre
Utah,2018,winter_wheat,120,52,empirical/goal16/raw/usda_nass/crop_production_2018_summary.pdf,https://www.nass.usda.gov/Publications/Todays_Reports/reports/cropan19.pdf,659b038284fe830330b7329eb0eca9ae4f6b06ff12b77a5b874adfc9818db0fd,2018,"1,000 acres",bushels per acre
Utah,2019,corn,85,143,empirical/goal16/raw/usda_nass/crop_production_2021_summary.pdf,https://www.nass.usda.gov/Publications/Todays_Reports/reports/cropan22.pdf,e54c9e6270e4c527e5496c4925111a3ea898d33009b99cf7c69cc978d2bbf080,2021,"1,000 acres",bushels per acre
Utah,2019,winter_wheat,125,54,empirical/goal16/raw/usda_nass/crop_production_2021_summary.pdf,https://www.nass.usda.gov/Publications/Todays_Reports/reports/cropan22.pdf,e54c9e6270e4c527e5496c4925111a3ea898d33009b99cf7c69cc978d2bbf080,2021,"1,000 acres",bushels per acre
Utah,2020,corn,85,149,empirical/goal16/raw/usda_nass/crop_production_2021_summary.pdf,https://www.nass.usda.gov/Publications/Todays_Reports/reports/cropan22.pdf,e54c9e6270e4c527e5496c4925111a3ea898d33009b99cf7c69cc978d2bbf080,2021,"1,000 acres",bushels per acre
Utah,2020,winter_wheat,110,53,empirical/goal16/raw/usda_nass/crop_production_2021_summary.pdf,https://www.nass.usda.gov/Publications/Todays_Reports/reports/cropan22.pdf,e54c9e6270e4c527e5496c4925111a3ea898d33009b99cf7c69cc978d2bbf080,2021,"1,000 acres",bushels per acre
Utah,2021,corn,70,179,empirical/goal16/raw/usda_nass/crop_production_2021_summary.pdf,https://www.nass.usda.gov/Publications/Todays_Reports/reports/cropan22.pdf,e54c9e6270e4c527e5496c4925111a3ea898d33009b99cf7c69cc978d2bbf080,2021,"1,000 acres",bushels per acre
Utah,2021,winter_wheat,110,46,empirical/goal16/raw/usda_nass/crop_production_2021_summary.pdf,https://www.nass.usda.gov/Publications/Todays_Reports/reports/cropan22.pdf,e54c9e6270e4c527e5496c4925111a3ea898d33009b99cf7c69cc978d2bbf080,2021,"1,000 acres",bushels per acre
Utah,2022,corn,60,165,empirical/goal16/raw/usda_nass/crop_production_2024_summary.pdf,https://www.nass.usda.gov/Publications/Todays_Reports/reports/cropan25.pdf,0e3add3bc4c95c8ea5061d8e1e75d166e5d9a4a73dcf9204784be6697e94c0c9,2024,"1,000 acres",bushels per acre
Utah,2022,winter_wheat,110,36,empirical/goal16/raw/usda_nass/crop_production_2024_summary.pdf,https://www.nass.usda.gov/Publications/Todays_Reports/reports/cropan25.pdf,0e3add3bc4c95c8ea5061d8e1e75d166e5d9a4a73dcf9204784be6697e94c0c9,2024,"1,000 acres",bushels per acre
Utah,2023,corn,75,185,empirical/goal16/raw/usda_nass/crop_production_2024_summary.pdf,https://www.nass.usda.gov/Publications/Todays_Reports/reports/cropan25.pdf,0e3add3bc4c95c8ea5061d8e1e75d166e5d9a4a73dcf9204784be6697e94c0c9,2024,"1,000 acres",bushels per acre
Utah,2023,winter_wheat,105,53,empirical/goal16/raw/usda_nass/crop_production_2024_summary.pdf,https://www.nass.usda.gov/Publications/Todays_Reports/reports/cropan25.pdf,0e3add3bc4c95c8ea5061d8e1e75d166e5d9a4a73dcf9204784be6697e94c0c9,2024,"1,000 acres",bushels per acre
Utah,2024,corn,70,167,empirical/goal16/raw/usda_nass/crop_production_2024_summary.pdf,https://www.nass.usda.gov/Publications/Todays_Reports/reports/cropan25.pdf,0e3add3bc4c95c8ea5061d8e1e75d166e5d9a4a73dcf9204784be6697e94c0c9,2024,"1,000 acres",bushels per acre
Utah,2024,winter_wheat,105,49,empirical/goal16/raw/usda_nass/crop_production_2024_summary.pdf,https://www.nass.usda.gov/Publications/Todays_Reports/reports/cropan25.pdf,0e3add3bc4c95c8ea5061d8e1e75d166e5d9a4a73dcf9204784be6697e94c0c9,2024,"1,000 acres",bushels per acre
Vermont,2016,corn,90,,empirical/goal16/raw/usda_nass/crop_production_2018_summary.pdf,https://www.nass.usda.gov/Publications/Todays_Reports/reports/cropan19.pdf,659b038284fe830330b7329eb0eca9ae4f6b06ff12b77a5b874adfc9818db0fd,2018,"1,000 acres",bushels per acre
Vermont,2017,corn,82,,empirical/goal16/raw/usda_nass/crop_production_2018_summary.pdf,https://www.nass.usda.gov/Publications/Todays_Reports/reports/cropan19.pdf,659b038284fe830330b7329eb0eca9ae4f6b06ff12b77a5b874adfc9818db0fd,2018,"1,000 acres",bushels per acre
Vermont,2018,corn,85,,empirical/goal16/raw/usda_nass/crop_production_2018_summary.pdf,https://www.nass.usda.gov/Publications/Todays_Reports/reports/cropan19.pdf,659b038284fe830330b7329eb0eca9ae4f6b06ff12b77a5b874adfc9818db0fd,2018,"1,000 acres",bushels per acre
Vermont,2019,corn,81,,empirical/goal16/raw/usda_nass/crop_production_2021_summary.pdf,https://www.nass.usda.gov/Publications/Todays_Reports/reports/cropan22.pdf,e54c9e6270e4c527e5496c4925111a3ea898d33009b99cf7c69cc978d2bbf080,2021,"1,000 acres",bushels per acre
Vermont,2020,corn,85,,empirical/goal16/raw/usda_nass/crop_production_2021_summary.pdf,https://www.nass.usda.gov/Publications/Todays_Reports/reports/cropan22.pdf,e54c9e6270e4c527e5496c4925111a3ea898d33009b99cf7c69cc978d2bbf080,2021,"1,000 acres",bushels per acre
Vermont,2021,corn,85,,empirical/goal16/raw/usda_nass/crop_production_2021_summary.pdf,https://www.nass.usda.gov/Publications/Todays_Reports/reports/cropan22.pdf,e54c9e6270e4c527e5496c4925111a3ea898d33009b99cf7c69cc978d2bbf080,2021,"1,000 acres",bushels per acre
Vermont,2022,corn,90,,empirical/goal16/raw/usda_nass/crop_production_2024_summary.pdf,https://www.nass.usda.gov/Publications/Todays_Reports/reports/cropan25.pdf,0e3add3bc4c95c8ea5061d8e1e75d166e5d9a4a73dcf9204784be6697e94c0c9,2024,"1,000 acres",bushels per acre
Vermont,2023,corn,89,,empirical/goal16/raw/usda_nass/crop_production_2024_summary.pdf,https://www.nass.usda.gov/Publications/Todays_Reports/reports/cropan25.pdf,0e3add3bc4c95c8ea5061d8e1e75d166e5d9a4a73dcf9204784be6697e94c0c9,2024,"1,000 acres",bushels per acre
Vermont,2024,corn,94,,empirical/goal16/raw/usda_nass/crop_production_2024_summary.pdf,https://www.nass.usda.gov/Publications/Todays_Reports/reports/cropan25.pdf,0e3add3bc4c95c8ea5061d8e1e75d166e5d9a4a73dcf9204784be6697e94c0c9,2024,"1,000 acres",bushels per acre
Virginia,2016,corn,490,148,empirical/goal16/raw/usda_nass/crop_production_2018_summary.pdf,https://www.nass.usda.gov/Publications/Todays_Reports/reports/cropan19.pdf,659b038284fe830330b7329eb0eca9ae4f6b06ff12b77a5b874adfc9818db0fd,2018,"1,000 acres",bushels per acre
Virginia,2016,soybeans,610,36,empirical/goal16/raw/usda_nass/crop_production_2018_summary.pdf,https://www.nass.usda.gov/Publications/Todays_Reports/reports/cropan19.pdf,659b038284fe830330b7329eb0eca9ae4f6b06ff12b77a5b874adfc9818db0fd,2018,"1,000 acres",bushels per acre
Virginia,2016,winter_wheat,210,53,empirical/goal16/raw/usda_nass/crop_production_2018_summary.pdf,https://www.nass.usda.gov/Publications/Todays_Reports/reports/cropan19.pdf,659b038284fe830330b7329eb0eca9ae4f6b06ff12b77a5b874adfc9818db0fd,2018,"1,000 acres",bushels per acre
Virginia,2017,corn,500,140,empirical/goal16/raw/usda_nass/crop_production_2018_summary.pdf,https://www.nass.usda.gov/Publications/Todays_Reports/reports/cropan19.pdf,659b038284fe830330b7329eb0eca9ae4f6b06ff12b77a5b874adfc9818db0fd,2018,"1,000 acres",bushels per acre
Virginia,2017,soybeans,600,44,empirical/goal16/raw/usda_nass/crop_production_2018_summary.pdf,https://www.nass.usda.gov/Publications/Todays_Reports/reports/cropan19.pdf,659b038284fe830330b7329eb0eca9ae4f6b06ff12b77a5b874adfc9818db0fd,2018,"1,000 acres",bushels per acre
Virginia,2017,winter_wheat,210,66,empirical/goal16/raw/usda_nass/crop_production_2018_summary.pdf,https://www.nass.usda.gov/Publications/Todays_Reports/reports/cropan19.pdf,659b038284fe830330b7329eb0eca9ae4f6b06ff12b77a5b874adfc9818db0fd,2018,"1,000 acres",bushels per acre
Virginia,2018,corn,485,146,empirical/goal16/raw/usda_nass/crop_production_2018_summary.pdf,https://www.nass.usda.gov/Publications/Todays_Reports/reports/cropan19.pdf,659b038284fe830330b7329eb0eca9ae4f6b06ff12b77a5b874adfc9818db0fd,2018,"1,000 acres",bushels per acre
Virginia,2018,soybeans,600,43,empirical/goal16/raw/usda_nass/crop_production_2018_summary.pdf,https://www.nass.usda.gov/Publications/Todays_Reports/reports/cropan19.pdf,659b038284fe830330b7329eb0eca9ae4f6b06ff12b77a5b874adfc9818db0fd,2018,"1,000 acres",bushels per acre
Virginia,2018,winter_wheat,230,60,empirical/goal16/raw/usda_nass/crop_production_2018_summary.pdf,https://www.nass.usda.gov/Publications/Todays_Reports/reports/cropan19.pdf,659b038284fe830330b7329eb0eca9ae4f6b06ff12b77a5b874adfc9818db0fd,2018,"1,000 acres",bushels per acre
Virginia,2019,corn,540,144,empirical/goal16/raw/usda_nass/crop_production_2021_summary.pdf,https://www.nass.usda.gov/Publications/Todays_Reports/reports/cropan22.pdf,e54c9e6270e4c527e5496c4925111a3ea898d33009b99cf7c69cc978d2bbf080,2021,"1,000 acres",bushels per acre
Virginia,2019,soybeans,570,34,empirical/goal16/raw/usda_nass/crop_production_2021_summary.pdf,https://www.nass.usda.gov/Publications/Todays_Reports/reports/cropan22.pdf,e54c9e6270e4c527e5496c4925111a3ea898d33009b99cf7c69cc978d2bbf080,2021,"1,000 acres",bushels per acre
Virginia,2019,winter_wheat,180,62,empirical/goal16/raw/usda_nass/crop_production_2021_summary.pdf,https://www.nass.usda.gov/Publications/Todays_Reports/reports/cropan22.pdf,e54c9e6270e4c527e5496c4925111a3ea898d33009b99cf7c69cc978d2bbf080,2021,"1,000 acres",bushels per acre
Virginia,2020,corn,560,122,empirical/goal16/raw/usda_nass/crop_production_2021_summary.pdf,https://www.nass.usda.gov/Publications/Todays_Reports/reports/cropan22.pdf,e54c9e6270e4c527e5496c4925111a3ea898d33009b99cf7c69cc978d2bbf080,2021,"1,000 acres",bushels per acre
Virginia,2020,soybeans,570,42,empirical/goal16/raw/usda_nass/crop_production_2021_summary.pdf,https://www.nass.usda.gov/Publications/Todays_Reports/reports/cropan22.pdf,e54c9e6270e4c527e5496c4925111a3ea898d33009b99cf7c69cc978d2bbf080,2021,"1,000 acres",bushels per acre
Virginia,2020,winter_wheat,220,60,empirical/goal16/raw/usda_nass/crop_production_2021_summary.pdf,https://www.nass.usda.gov/Publications/Todays_Reports/reports/cropan22.pdf,e54c9e6270e4c527e5496c4925111a3ea898d33009b99cf7c69cc978d2bbf080,2021,"1,000 acres",bushels per acre
Virginia,2021,corn,520,160,empirical/goal16/raw/usda_nass/crop_production_2021_summary.pdf,https://www.nass.usda.gov/Publications/Todays_Reports/reports/cropan22.pdf,e54c9e6270e4c527e5496c4925111a3ea898d33009b99cf7c69cc978d2bbf080,2021,"1,000 acres",bushels per acre
Virginia,2021,soybeans,600,46,empirical/goal16/raw/usda_nass/crop_production_2021_summary.pdf,https://www.nass.usda.gov/Publications/Todays_Reports/reports/cropan22.pdf,e54c9e6270e4c527e5496c4925111a3ea898d33009b99cf7c69cc978d2bbf080,2021,"1,000 acres",bushels per acre
Virginia,2021,winter_wheat,205,67,empirical/goal16/raw/usda_nass/crop_production_2021_summary.pdf,https://www.nass.usda.gov/Publications/Todays_Reports/reports/cropan22.pdf,e54c9e6270e4c527e5496c4925111a3ea898d33009b99cf7c69cc978d2bbf080,2021,"1,000 acres",bushels per acre
Virginia,2022,corn,430,167,empirical/goal16/raw/usda_nass/crop_production_2024_summary.pdf,https://www.nass.usda.gov/Publications/Todays_Reports/reports/cropan25.pdf,0e3add3bc4c95c8ea5061d8e1e75d166e5d9a4a73dcf9204784be6697e94c0c9,2024,"1,000 acres",bushels per acre
Virginia,2022,soybeans,620,41,empirical/goal16/raw/usda_nass/crop_production_2024_summary.pdf,https://www.nass.usda.gov/Publications/Todays_Reports/reports/cropan25.pdf,0e3add3bc4c95c8ea5061d8e1e75d166e5d9a4a73dcf9204784be6697e94c0c9,2024,"1,000 acres",bushels per acre
Virginia,2022,winter_wheat,230,68,empirical/goal16/raw/usda_nass/crop_production_2024_summary.pdf,https://www.nass.usda.gov/Publications/Todays_Reports/reports/cropan25.pdf,0e3add3bc4c95c8ea5061d8e1e75d166e5d9a4a73dcf9204784be6697e94c0c9,2024,"1,000 acres",bushels per acre
Virginia,2023,corn,495,157,empirical/goal16/raw/usda_nass/crop_production_2024_summary.pdf,https://www.nass.usda.gov/Publications/Todays_Reports/reports/cropan25.pdf,0e3add3bc4c95c8ea5061d8e1e75d166e5d9a4a73dcf9204784be6697e94c0c9,2024,"1,000 acres",bushels per acre
Virginia,2023,soybeans,580,38,empirical/goal16/raw/usda_nass/crop_production_2024_summary.pdf,https://www.nass.usda.gov/Publications/Todays_Reports/reports/cropan25.pdf,0e3add3bc4c95c8ea5061d8e1e75d166e5d9a4a73dcf9204784be6697e94c0c9,2024,"1,000 acres",bushels per acre
Virginia,2023,winter_wheat,200,78,empirical/goal16/raw/usda_nass/crop_production_2024_summary.pdf,https://www.nass.usda.gov/Publications/Todays_Reports/reports/cropan25.pdf,0e3add3bc4c95c8ea5061d8e1e75d166e5d9a4a73dcf9204784be6697e94c0c9,2024,"1,000 acres",bushels per acre
Virginia,2024,corn,460,114,empirical/goal16/raw/usda_nass/crop_production_2024_summary.pdf,https://www.nass.usda.gov/Publications/Todays_Reports/reports/cropan25.pdf,0e3add3bc4c95c8ea5061d8e1e75d166e5d9a4a73dcf9204784be6697e94c0c9,2024,"1,000 acres",bushels per acre
Virginia,2024,soybeans,610,44,empirical/goal16/raw/usda_nass/crop_production_2024_summary.pdf,https://www.nass.usda.gov/Publications/Todays_Reports/reports/cropan25.pdf,0e3add3bc4c95c8ea5061d8e1e75d166e5d9a4a73dcf9204784be6697e94c0c9,2024,"1,000 acres",bushels per acre
Virginia,2024,winter_wheat,150,66,empirical/goal16/raw/usda_nass/crop_production_2024_summary.pdf,https://www.nass.usda.gov/Publications/Todays_Reports/reports/cropan25.pdf,0e3add3bc4c95c8ea5061d8e1e75d166e5d9a4a73dcf9204784be6697e94c0c9,2024,"1,000 acres",bushels per acre
Washington,2016,corn,170,235,empirical/goal16/raw/usda_nass/crop_production_2018_summary.pdf,https://www.nass.usda.gov/Publications/Todays_Reports/reports/cropan19.pdf,659b038284fe830330b7329eb0eca9ae4f6b06ff12b77a5b874adfc9818db0fd,2018,"1,000 acres",bushels per acre
Washington,2016,winter_wheat,1700,78,empirical/goal16/raw/usda_nass/crop_production_2018_summary.pdf,https://www.nass.usda.gov/Publications/Todays_Reports/reports/cropan19.pdf,659b038284fe830330b7329eb0eca9ae4f6b06ff12b77a5b874adfc9818db0fd,2018,"1,000 acres",bushels per acre
Washington,2017,corn,170,225,empirical/goal16/raw/usda_nass/crop_production_2018_summary.pdf,https://www.nass.usda.gov/Publications/Todays_Reports/reports/cropan19.pdf,659b038284fe830330b7329eb0eca9ae4f6b06ff12b77a5b874adfc9818db0fd,2018,"1,000 acres",bushels per acre
Washington,2017,winter_wheat,1700,73,empirical/goal16/raw/usda_nass/crop_production_2018_summary.pdf,https://www.nass.usda.gov/Publications/Todays_Reports/reports/cropan19.pdf,659b038284fe830330b7329eb0eca9ae4f6b06ff12b77a5b874adfc9818db0fd,2018,"1,000 acres",bushels per acre
Washington,2018,corn,165,220,empirical/goal16/raw/usda_nass/crop_production_2018_summary.pdf,https://www.nass.usda.gov/Publications/Todays_Reports/reports/cropan19.pdf,659b038284fe830330b7329eb0eca9ae4f6b06ff12b77a5b874adfc9818db0fd,2018,"1,000 acres",bushels per acre
Washington,2018,winter_wheat,1700,76,empirical/goal16/raw/usda_nass/crop_production_2018_summary.pdf,https://www.nass.usda.gov/Publications/Todays_Reports/reports/cropan19.pdf,659b038284fe830330b7329eb0eca9ae4f6b06ff12b77a5b874adfc9818db0fd,2018,"1,000 acres",bushels per acre
Washington,2019,corn,175,237,empirical/goal16/raw/usda_nass/crop_production_2021_summary.pdf,https://www.nass.usda.gov/Publications/Todays_Reports/reports/cropan22.pdf,e54c9e6270e4c527e5496c4925111a3ea898d33009b99cf7c69cc978d2bbf080,2021,"1,000 acres",bushels per acre
Washington,2019,winter_wheat,1750,70,empirical/goal16/raw/usda_nass/crop_production_2021_summary.pdf,https://www.nass.usda.gov/Publications/Todays_Reports/reports/cropan22.pdf,e54c9e6270e4c527e5496c4925111a3ea898d33009b99cf7c69cc978d2bbf080,2021,"1,000 acres",bushels per acre
Washington,2020,corn,195,228,empirical/goal16/raw/usda_nass/crop_production_2021_summary.pdf,https://www.nass.usda.gov/Publications/Todays_Reports/reports/cropan22.pdf,e54c9e6270e4c527e5496c4925111a3ea898d33009b99cf7c69cc978d2bbf080,2021,"1,000 acres",bushels per acre
Washington,2020,winter_wheat,1800,76,empirical/goal16/raw/usda_nass/crop_production_2021_summary.pdf,https://www.nass.usda.gov/Publications/Todays_Reports/reports/cropan22.pdf,e54c9e6270e4c527e5496c4925111a3ea898d33009b99cf7c69cc978d2bbf080,2021,"1,000 acres",bushels per acre
Washington,2021,corn,165,248,empirical/goal16/raw/usda_nass/crop_production_2021_summary.pdf,https://www.nass.usda.gov/Publications/Todays_Reports/reports/cropan22.pdf,e54c9e6270e4c527e5496c4925111a3ea898d33009b99cf7c69cc978d2bbf080,2021,"1,000 acres",bushels per acre
Washington,2021,winter_wheat,1750,42,empirical/goal16/raw/usda_nass/crop_production_2021_summary.pdf,https://www.nass.usda.gov/Publications/Todays_Reports/reports/cropan22.pdf,e54c9e6270e4c527e5496c4925111a3ea898d33009b99cf7c69cc978d2bbf080,2021,"1,000 acres",bushels per acre
Washington,2022,corn,135,220,empirical/goal16/raw/usda_nass/crop_production_2024_summary.pdf,https://www.nass.usda.gov/Publications/Todays_Reports/reports/cropan25.pdf,0e3add3bc4c95c8ea5061d8e1e75d166e5d9a4a73dcf9204784be6697e94c0c9,2024,"1,000 acres",bushels per acre
Washington,2022,winter_wheat,1850,68,empirical/goal16/raw/usda_nass/crop_production_2024_summary.pdf,https://www.nass.usda.gov/Publications/Todays_Reports/reports/cropan25.pdf,0e3add3bc4c95c8ea5061d8e1e75d166e5d9a4a73dcf9204784be6697e94c0c9,2024,"1,000 acres",bushels per acre
Washington,2023,corn,160,240,empirical/goal16/raw/usda_nass/crop_production_2024_summary.pdf,https://www.nass.usda.gov/Publications/Todays_Reports/reports/cropan25.pdf,0e3add3bc4c95c8ea5061d8e1e75d166e5d9a4a73dcf9204784be6697e94c0c9,2024,"1,000 acres",bushels per acre
Washington,2023,winter_wheat,1800,54,empirical/goal16/raw/usda_nass/crop_production_2024_summary.pdf,https://www.nass.usda.gov/Publications/Todays_Reports/reports/cropan25.pdf,0e3add3bc4c95c8ea5061d8e1e75d166e5d9a4a73dcf9204784be6697e94c0c9,2024,"1,000 acres",bushels per acre
Washington,2024,corn,175,235,empirical/goal16/raw/usda_nass/crop_production_2024_summary.pdf,https://www.nass.usda.gov/Publications/Todays_Reports/reports/cropan25.pdf,0e3add3bc4c95c8ea5061d8e1e75d166e5d9a4a73dcf9204784be6697e94c0c9,2024,"1,000 acres",bushels per acre
Washington,2024,winter_wheat,1800,70,empirical/goal16/raw/usda_nass/crop_production_2024_summary.pdf,https://www.nass.usda.gov/Publications/Todays_Reports/reports/cropan25.pdf,0e3add3bc4c95c8ea5061d8e1e75d166e5d9a4a73dcf9204784be6697e94c0c9,2024,"1,000 acres",bushels per acre
West Virginia,2016,corn,49,145,empirical/goal16/raw/usda_nass/crop_production_2018_summary.pdf,https://www.nass.usda.gov/Publications/Todays_Reports/reports/cropan19.pdf,659b038284fe830330b7329eb0eca9ae4f6b06ff12b77a5b874adfc9818db0fd,2018,"1,000 acres",bushels per acre
West Virginia,2016,soybeans,27,51,empirical/goal16/raw/usda_nass/crop_production_2018_summary.pdf,https://www.nass.usda.gov/Publications/Todays_Reports/reports/cropan19.pdf,659b038284fe830330b7329eb0eca9ae4f6b06ff12b77a5b874adfc9818db0fd,2018,"1,000 acres",bushels per acre
West Virginia,2016,winter_wheat,7,61,empirical/goal16/raw/usda_nass/crop_production_2018_summary.pdf,https://www.nass.usda.gov/Publications/Todays_Reports/reports/cropan19.pdf,659b038284fe830330b7329eb0eca9ae4f6b06ff12b77a5b874adfc9818db0fd,2018,"1,000 acres",bushels per acre
West Virginia,2017,corn,50,152,empirical/goal16/raw/usda_nass/crop_production_2018_summary.pdf,https://www.nass.usda.gov/Publications/Todays_Reports/reports/cropan19.pdf,659b038284fe830330b7329eb0eca9ae4f6b06ff12b77a5b874adfc9818db0fd,2018,"1,000 acres",bushels per acre
West Virginia,2017,soybeans,27,54,empirical/goal16/raw/usda_nass/crop_production_2018_summary.pdf,https://www.nass.usda.gov/Publications/Todays_Reports/reports/cropan19.pdf,659b038284fe830330b7329eb0eca9ae4f6b06ff12b77a5b874adfc9818db0fd,2018,"1,000 acres",bushels per acre
West Virginia,2017,winter_wheat,8,69,empirical/goal16/raw/usda_nass/crop_production_2018_summary.pdf,https://www.nass.usda.gov/Publications/Todays_Reports/reports/cropan19.pdf,659b038284fe830330b7329eb0eca9ae4f6b06ff12b77a5b874adfc9818db0fd,2018,"1,000 acres",bushels per acre
West Virginia,2018,corn,46,152,empirical/goal16/raw/usda_nass/crop_production_2018_summary.pdf,https://www.nass.usda.gov/Publications/Todays_Reports/reports/cropan19.pdf,659b038284fe830330b7329eb0eca9ae4f6b06ff12b77a5b874adfc9818db0fd,2018,"1,000 acres",bushels per acre
West Virginia,2018,soybeans,28,53.5,empirical/goal16/raw/usda_nass/crop_production_2018_summary.pdf,https://www.nass.usda.gov/Publications/Todays_Reports/reports/cropan19.pdf,659b038284fe830330b7329eb0eca9ae4f6b06ff12b77a5b874adfc9818db0fd,2018,"1,000 acres",bushels per acre
West Virginia,2018,winter_wheat,7,46,empirical/goal16/raw/usda_nass/crop_production_2018_summary.pdf,https://www.nass.usda.gov/Publications/Todays_Reports/reports/cropan19.pdf,659b038284fe830330b7329eb0eca9ae4f6b06ff12b77a5b874adfc9818db0fd,2018,"1,000 acres",bushels per acre
West Virginia,2019,corn,52,165,empirical/goal16/raw/usda_nass/crop_production_2021_summary.pdf,https://www.nass.usda.gov/Publications/Todays_Reports/reports/cropan22.pdf,e54c9e6270e4c527e5496c4925111a3ea898d33009b99cf7c69cc978d2bbf080,2021,"1,000 acres",bushels per acre
West Virginia,2020,corn,51,144,empirical/goal16/raw/usda_nass/crop_production_2021_summary.pdf,https://www.nass.usda.gov/Publications/Todays_Reports/reports/cropan22.pdf,e54c9e6270e4c527e5496c4925111a3ea898d33009b99cf7c69cc978d2bbf080,2021,"1,000 acres",bushels per acre
West Virginia,2021,corn,51,144,empirical/goal16/raw/usda_nass/crop_production_2021_summary.pdf,https://www.nass.usda.gov/Publications/Todays_Reports/reports/cropan22.pdf,e54c9e6270e4c527e5496c4925111a3ea898d33009b99cf7c69cc978d2bbf080,2021,"1,000 acres",bushels per acre
West Virginia,2022,corn,40,168,empirical/goal16/raw/usda_nass/crop_production_2024_summary.pdf,https://www.nass.usda.gov/Publications/Todays_Reports/reports/cropan25.pdf,0e3add3bc4c95c8ea5061d8e1e75d166e5d9a4a73dcf9204784be6697e94c0c9,2024,"1,000 acres",bushels per acre
West Virginia,2023,corn,44,145,empirical/goal16/raw/usda_nass/crop_production_2024_summary.pdf,https://www.nass.usda.gov/Publications/Todays_Reports/reports/cropan25.pdf,0e3add3bc4c95c8ea5061d8e1e75d166e5d9a4a73dcf9204784be6697e94c0c9,2024,"1,000 acres",bushels per acre
West Virginia,2024,corn,41,110,empirical/goal16/raw/usda_nass/crop_production_2024_summary.pdf,https://www.nass.usda.gov/Publications/Todays_Reports/reports/cropan25.pdf,0e3add3bc4c95c8ea5061d8e1e75d166e5d9a4a73dcf9204784be6697e94c0c9,2024,"1,000 acres",bushels per acre
Wisconsin,2016,corn,4050,178,empirical/goal16/raw/usda_nass/crop_production_2018_summary.pdf,https://www.nass.usda.gov/Publications/Todays_Reports/reports/cropan19.pdf,659b038284fe830330b7329eb0eca9ae4f6b06ff12b77a5b874adfc9818db0fd,2018,"1,000 acres",bushels per acre
Wisconsin,2016,soybeans,1960,55,empirical/goal16/raw/usda_nass/crop_production_2018_summary.pdf,https://www.nass.usda.gov/Publications/Todays_Reports/reports/cropan19.pdf,659b038284fe830330b7329eb0eca9ae4f6b06ff12b77a5b874adfc9818db0fd,2018,"1,000 acres",bushels per acre
Wisconsin,2016,winter_wheat,270,79,empirical/goal16/raw/usda_nass/crop_production_2018_summary.pdf,https://www.nass.usda.gov/Publications/Todays_Reports/reports/cropan19.pdf,659b038284fe830330b7329eb0eca9ae4f6b06ff12b77a5b874adfc9818db0fd,2018,"1,000 acres",bushels per acre
Wisconsin,2017,corn,3900,174,empirical/goal16/raw/usda_nass/crop_production_2018_summary.pdf,https://www.nass.usda.gov/Publications/Todays_Reports/reports/cropan19.pdf,659b038284fe830330b7329eb0eca9ae4f6b06ff12b77a5b874adfc9818db0fd,2018,"1,000 acres",bushels per acre
Wisconsin,2017,soybeans,2150,47.5,empirical/goal16/raw/usda_nass/crop_production_2018_summary.pdf,https://www.nass.usda.gov/Publications/Todays_Reports/reports/cropan19.pdf,659b038284fe830330b7329eb0eca9ae4f6b06ff12b77a5b874adfc9818db0fd,2018,"1,000 acres",bushels per acre
Wisconsin,2017,winter_wheat,210,68,empirical/goal16/raw/usda_nass/crop_production_2018_summary.pdf,https://www.nass.usda.gov/Publications/Todays_Reports/reports/cropan19.pdf,659b038284fe830330b7329eb0eca9ae4f6b06ff12b77a5b874adfc9818db0fd,2018,"1,000 acres",bushels per acre
Wisconsin,2018,corn,3900,172,empirical/goal16/raw/usda_nass/crop_production_2018_summary.pdf,https://www.nass.usda.gov/Publications/Todays_Reports/reports/cropan19.pdf,659b038284fe830330b7329eb0eca9ae4f6b06ff12b77a5b874adfc9818db0fd,2018,"1,000 acres",bushels per acre
Wisconsin,2018,soybeans,2200,49,empirical/goal16/raw/usda_nass/crop_production_2018_summary.pdf,https://www.nass.usda.gov/Publications/Todays_Reports/reports/cropan19.pdf,659b038284fe830330b7329eb0eca9ae4f6b06ff12b77a5b874adfc9818db0fd,2018,"1,000 acres",bushels per acre
Wisconsin,2018,winter_wheat,240,71,empirical/goal16/raw/usda_nass/crop_production_2018_summary.pdf,https://www.nass.usda.gov/Publications/Todays_Reports/reports/cropan19.pdf,659b038284fe830330b7329eb0eca9ae4f6b06ff12b77a5b874adfc9818db0fd,2018,"1,000 acres",bushels per acre
Wisconsin,2019,corn,3800,166,empirical/goal16/raw/usda_nass/crop_production_2021_summary.pdf,https://www.nass.usda.gov/Publications/Todays_Reports/reports/cropan22.pdf,e54c9e6270e4c527e5496c4925111a3ea898d33009b99cf7c69cc978d2bbf080,2021,"1,000 acres",bushels per acre
Wisconsin,2019,soybeans,1750,47,empirical/goal16/raw/usda_nass/crop_production_2021_summary.pdf,https://www.nass.usda.gov/Publications/Todays_Reports/reports/cropan22.pdf,e54c9e6270e4c527e5496c4925111a3ea898d33009b99cf7c69cc978d2bbf080,2021,"1,000 acres",bushels per acre
Wisconsin,2019,winter_wheat,195,64,empirical/goal16/raw/usda_nass/crop_production_2021_summary.pdf,https://www.nass.usda.gov/Publications/Todays_Reports/reports/cropan22.pdf,e54c9e6270e4c527e5496c4925111a3ea898d33009b99cf7c69cc978d2bbf080,2021,"1,000 acres",bushels per acre
Wisconsin,2020,corn,3950,173,empirical/goal16/raw/usda_nass/crop_production_2021_summary.pdf,https://www.nass.usda.gov/Publications/Todays_Reports/reports/cropan22.pdf,e54c9e6270e4c527e5496c4925111a3ea898d33009b99cf7c69cc978d2bbf080,2021,"1,000 acres",bushels per acre
Wisconsin,2020,soybeans,2020,52,empirical/goal16/raw/usda_nass/crop_production_2021_summary.pdf,https://www.nass.usda.gov/Publications/Todays_Reports/reports/cropan22.pdf,e54c9e6270e4c527e5496c4925111a3ea898d33009b99cf7c69cc978d2bbf080,2021,"1,000 acres",bushels per acre
Wisconsin,2020,winter_wheat,160,69,empirical/goal16/raw/usda_nass/crop_production_2021_summary.pdf,https://www.nass.usda.gov/Publications/Todays_Reports/reports/cropan22.pdf,e54c9e6270e4c527e5496c4925111a3ea898d33009b99cf7c69cc978d2bbf080,2021,"1,000 acres",bushels per acre
Wisconsin,2021,corn,4000,180,empirical/goal16/raw/usda_nass/crop_production_2021_summary.pdf,https://www.nass.usda.gov/Publications/Todays_Reports/reports/cropan22.pdf,e54c9e6270e4c527e5496c4925111a3ea898d33009b99cf7c69cc978d2bbf080,2021,"1,000 acres",bushels per acre
Wisconsin,2021,soybeans,2100,55,empirical/goal16/raw/usda_nass/crop_production_2021_summary.pdf,https://www.nass.usda.gov/Publications/Todays_Reports/reports/cropan22.pdf,e54c9e6270e4c527e5496c4925111a3ea898d33009b99cf7c69cc978d2bbf080,2021,"1,000 acres",bushels per acre
Wisconsin,2021,winter_wheat,290,75,empirical/goal16/raw/usda_nass/crop_production_2021_summary.pdf,https://www.nass.usda.gov/Publications/Todays_Reports/reports/cropan22.pdf,e54c9e6270e4c527e5496c4925111a3ea898d33009b99cf7c69cc978d2bbf080,2021,"1,000 acres",bushels per acre
Wisconsin,2022,corn,3900,180,empirical/goal16/raw/usda_nass/crop_production_2024_summary.pdf,https://www.nass.usda.gov/Publications/Todays_Reports/reports/cropan25.pdf,0e3add3bc4c95c8ea5061d8e1e75d166e5d9a4a73dcf9204784be6697e94c0c9,2024,"1,000 acres",bushels per acre
Wisconsin,2022,soybeans,2160,54,empirical/goal16/raw/usda_nass/crop_production_2024_summary.pdf,https://www.nass.usda.gov/Publications/Todays_Reports/reports/cropan25.pdf,0e3add3bc4c95c8ea5061d8e1e75d166e5d9a4a73dcf9204784be6697e94c0c9,2024,"1,000 acres",bushels per acre
Wisconsin,2022,winter_wheat,300,78,empirical/goal16/raw/usda_nass/crop_production_2024_summary.pdf,https://www.nass.usda.gov/Publications/Todays_Reports/reports/cropan25.pdf,0e3add3bc4c95c8ea5061d8e1e75d166e5d9a4a73dcf9204784be6697e94c0c9,2024,"1,000 acres",bushels per acre
Wisconsin,2023,corn,4000,176,empirical/goal16/raw/usda_nass/crop_production_2024_summary.pdf,https://www.nass.usda.gov/Publications/Todays_Reports/reports/cropan25.pdf,0e3add3bc4c95c8ea5061d8e1e75d166e5d9a4a73dcf9204784be6697e94c0c9,2024,"1,000 acres",bushels per acre
Wisconsin,2023,soybeans,2110,51,empirical/goal16/raw/usda_nass/crop_production_2024_summary.pdf,https://www.nass.usda.gov/Publications/Todays_Reports/reports/cropan25.pdf,0e3add3bc4c95c8ea5061d8e1e75d166e5d9a4a73dcf9204784be6697e94c0c9,2024,"1,000 acres",bushels per acre
Wisconsin,2023,winter_wheat,280,76,empirical/goal16/raw/usda_nass/crop_production_2024_summary.pdf,https://www.nass.usda.gov/Publications/Todays_Reports/reports/cropan25.pdf,0e3add3bc4c95c8ea5061d8e1e75d166e5d9a4a73dcf9204784be6697e94c0c9,2024,"1,000 acres",bushels per acre
Wisconsin,2024,corn,3750,174,empirical/goal16/raw/usda_nass/crop_production_2024_summary.pdf,https://www.nass.usda.gov/Publications/Todays_Reports/reports/cropan25.pdf,0e3add3bc4c95c8ea5061d8e1e75d166e5d9a4a73dcf9204784be6697e94c0c9,2024,"1,000 acres",bushels per acre
Wisconsin,2024,soybeans,2150,48,empirical/goal16/raw/usda_nass/crop_production_2024_summary.pdf,https://www.nass.usda.gov/Publications/Todays_Reports/reports/cropan25.pdf,0e3add3bc4c95c8ea5061d8e1e75d166e5d9a4a73dcf9204784be6697e94c0c9,2024,"1,000 acres",bushels per acre
Wisconsin,2024,winter_wheat,265,82,empirical/goal16/raw/usda_nass/crop_production_2024_summary.pdf,https://www.nass.usda.gov/Publications/Todays_Reports/reports/cropan25.pdf,0e3add3bc4c95c8ea5061d8e1e75d166e5d9a4a73dcf9204784be6697e94c0c9,2024,"1,000 acres",bushels per acre
Wyoming,2016,corn,100,147,empirical/goal16/raw/usda_nass/crop_production_2018_summary.pdf,https://www.nass.usda.gov/Publications/Todays_Reports/reports/cropan19.pdf,659b038284fe830330b7329eb0eca9ae4f6b06ff12b77a5b874adfc9818db0fd,2018,"1,000 acres",bushels per acre
Wyoming,2016,winter_wheat,140,34,empirical/goal16/raw/usda_nass/crop_production_2018_summary.pdf,https://www.nass.usda.gov/Publications/Todays_Reports/reports/cropan19.pdf,659b038284fe830330b7329eb0eca9ae4f6b06ff12b77a5b874adfc9818db0fd,2018,"1,000 acres",bushels per acre
Wyoming,2017,corn,95,155,empirical/goal16/raw/usda_nass/crop_production_2018_summary.pdf,https://www.nass.usda.gov/Publications/Todays_Reports/reports/cropan19.pdf,659b038284fe830330b7329eb0eca9ae4f6b06ff12b77a5b874adfc9818db0fd,2018,"1,000 acres",bushels per acre
Wyoming,2017,winter_wheat,135,28,empirical/goal16/raw/usda_nass/crop_production_2018_summary.pdf,https://www.nass.usda.gov/Publications/Todays_Reports/reports/cropan19.pdf,659b038284fe830330b7329eb0eca9ae4f6b06ff12b77a5b874adfc9818db0fd,2018,"1,000 acres",bushels per acre
Wyoming,2018,corn,95,164,empirical/goal16/raw/usda_nass/crop_production_2018_summary.pdf,https://www.nass.usda.gov/Publications/Todays_Reports/reports/cropan19.pdf,659b038284fe830330b7329eb0eca9ae4f6b06ff12b77a5b874adfc9818db0fd,2018,"1,000 acres",bushels per acre
Wyoming,2018,winter_wheat,130,34,empirical/goal16/raw/usda_nass/crop_production_2018_summary.pdf,https://www.nass.usda.gov/Publications/Todays_Reports/reports/cropan19.pdf,659b038284fe830330b7329eb0eca9ae4f6b06ff12b77a5b874adfc9818db0fd,2018,"1,000 acres",bushels per acre
Wyoming,2019,corn,95,123,empirical/goal16/raw/usda_nass/crop_production_2021_summary.pdf,https://www.nass.usda.gov/Publications/Todays_Reports/reports/cropan22.pdf,e54c9e6270e4c527e5496c4925111a3ea898d33009b99cf7c69cc978d2bbf080,2021,"1,000 acres",bushels per acre
Wyoming,2019,winter_wheat,125,43,empirical/goal16/raw/usda_nass/crop_production_2021_summary.pdf,https://www.nass.usda.gov/Publications/Todays_Reports/reports/cropan22.pdf,e54c9e6270e4c527e5496c4925111a3ea898d33009b99cf7c69cc978d2bbf080,2021,"1,000 acres",bushels per acre
Wyoming,2020,corn,95,122,empirical/goal16/raw/usda_nass/crop_production_2021_summary.pdf,https://www.nass.usda.gov/Publications/Todays_Reports/reports/cropan22.pdf,e54c9e6270e4c527e5496c4925111a3ea898d33009b99cf7c69cc978d2bbf080,2021,"1,000 acres",bushels per acre
Wyoming,2020,winter_wheat,120,26,empirical/goal16/raw/usda_nass/crop_production_2021_summary.pdf,https://www.nass.usda.gov/Publications/Todays_Reports/reports/cropan22.pdf,e54c9e6270e4c527e5496c4925111a3ea898d33009b99cf7c69cc978d2bbf080,2021,"1,000 acres",bushels per acre
Wyoming,2021,corn,95,132,empirical/goal16/raw/usda_nass/crop_production_2021_summary.pdf,https://www.nass.usda.gov/Publications/Todays_Reports/reports/cropan22.pdf,e54c9e6270e4c527e5496c4925111a3ea898d33009b99cf7c69cc978d2bbf080,2021,"1,000 acres",bushels per acre
Wyoming,2021,winter_wheat,115,32,empirical/goal16/raw/usda_nass/crop_production_2021_summary.pdf,https://www.nass.usda.gov/Publications/Todays_Reports/reports/cropan22.pdf,e54c9e6270e4c527e5496c4925111a3ea898d33009b99cf7c69cc978d2bbf080,2021,"1,000 acres",bushels per acre
Wyoming,2022,corn,95,153,empirical/goal16/raw/usda_nass/crop_production_2024_summary.pdf,https://www.nass.usda.gov/Publications/Todays_Reports/reports/cropan25.pdf,0e3add3bc4c95c8ea5061d8e1e75d166e5d9a4a73dcf9204784be6697e94c0c9,2024,"1,000 acres",bushels per acre
Wyoming,2022,winter_wheat,115,17,empirical/goal16/raw/usda_nass/crop_production_2024_summary.pdf,https://www.nass.usda.gov/Publications/Todays_Reports/reports/cropan25.pdf,0e3add3bc4c95c8ea5061d8e1e75d166e5d9a4a73dcf9204784be6697e94c0c9,2024,"1,000 acres",bushels per acre
Wyoming,2023,corn,85,153,empirical/goal16/raw/usda_nass/crop_production_2024_summary.pdf,https://www.nass.usda.gov/Publications/Todays_Reports/reports/cropan25.pdf,0e3add3bc4c95c8ea5061d8e1e75d166e5d9a4a73dcf9204784be6697e94c0c9,2024,"1,000 acres",bushels per acre
Wyoming,2023,winter_wheat,115,30,empirical/goal16/raw/usda_nass/crop_production_2024_summary.pdf,https://www.nass.usda.gov/Publications/Todays_Reports/reports/cropan25.pdf,0e3add3bc4c95c8ea5061d8e1e75d166e5d9a4a73dcf9204784be6697e94c0c9,2024,"1,000 acres",bushels per acre
Wyoming,2024,corn,85,155,empirical/goal16/raw/usda_nass/crop_production_2024_summary.pdf,https://www.nass.usda.gov/Publications/Todays_Reports/reports/cropan25.pdf,0e3add3bc4c95c8ea5061d8e1e75d166e5d9a4a73dcf9204784be6697e94c0c9,2024,"1,000 acres",bushels per acre
Wyoming,2024,winter_wheat,110,31,empirical/goal16/raw/usda_nass/crop_production_2024_summary.pdf,https://www.nass.usda.gov/Publications/Todays_Reports/reports/cropan25.pdf,0e3add3bc4c95c8ea5061d8e1e75d166e5d9a4a73dcf9204784be6697e94c0c9,2024,"1,000 acres",bushels per acre
