asset_id,relative_path,asset_name,asset_type,scientific_role,classification,source_workspace_path,source_git_branch,source_git_commit,generating_script,generation_command,config_file,input_assets,output_assets,random_seed,data_source,license_or_access_condition,dimensions_or_row_count,checksum_sha256,last_verified_date,verification_method,associated_claim_ids,associated_table_ids,associated_figure_ids,limitations,migration_decision
A0001,CLAIM_EVIDENCE_MAP.csv,CLAIM_EVIDENCE_MAP.csv,csv,"reproducibility code, configuration, test, or provenance",VERIFIED_REPRODUCIBLE,/Users/luxinyu/Desktop/论文 1/CLAIM_EVIDENCE_MAP.csv,codex/final-crop-ranking-paper,8da55744bfa3cb73ffae89d59c9282e4737ff792,,copied byte-for-byte from source,,,,,historical Git workspace,Repository-owned code/provenance; license not supplied,4,47b4e8d46b04ebc864d85ba40e22cf13c0dbdb9e9e067d91da656ed2b543b1ed,2026-07-18,selected tests + checksum + static scan,,,,Uncommitted source tree captured; no historical manuscript claim is verified by migration alone,COPIED_CANONICAL
A0002,EXCLUDED_ASSETS_REPORT.md,EXCLUDED_ASSETS_REPORT.md,md,"reproducibility code, configuration, test, or provenance",VERIFIED_REPRODUCIBLE,/Users/luxinyu/Desktop/论文 1/EXCLUDED_ASSETS_REPORT.md,codex/final-crop-ranking-paper,8da55744bfa3cb73ffae89d59c9282e4737ff792,,copied byte-for-byte from source,,,,,historical Git workspace,Repository-owned code/provenance; license not supplied,11,87c419df8e1682b28e9f5e367e095da7ae81b3c2972fe83017631e820fcecfb5,2026-07-18,selected tests + checksum + static scan,,,,Uncommitted source tree captured; no historical manuscript claim is verified by migration alone,COPIED_CANONICAL
A0003,KNOWN_LIMITATIONS.md,KNOWN_LIMITATIONS.md,md,"reproducibility code, configuration, test, or provenance",VERIFIED_REPRODUCIBLE,/Users/luxinyu/Desktop/论文 1/KNOWN_LIMITATIONS.md,codex/final-crop-ranking-paper,8da55744bfa3cb73ffae89d59c9282e4737ff792,,copied byte-for-byte from source,,,,,historical Git workspace,Repository-owned code/provenance; license not supplied,8,8dfee753ff23fa9f0ee3616b61cd65da3804504da5c49498cff8d30d70dcdec5,2026-07-18,selected tests + checksum + static scan,,,,Uncommitted source tree captured; no historical manuscript claim is verified by migration alone,COPIED_CANONICAL
A0004,LICENSE_AND_DATA_ACCESS.md,LICENSE_AND_DATA_ACCESS.md,md,"reproducibility code, configuration, test, or provenance",VERIFIED_REPRODUCIBLE,/Users/luxinyu/Desktop/论文 1/LICENSE_AND_DATA_ACCESS.md,codex/final-crop-ranking-paper,8da55744bfa3cb73ffae89d59c9282e4737ff792,,copied byte-for-byte from source,,,,,historical Git workspace,Repository-owned code/provenance; license not supplied,3,c7c2e571b688d4473f3c215c185b8a3950e72e5a99e4d63f81503d8c9dbc5d90,2026-07-18,selected tests + checksum + static scan,,,,Uncommitted source tree captured; no historical manuscript claim is verified by migration alone,COPIED_CANONICAL
A0005,README_MIGRATION.md,README_MIGRATION.md,md,"reproducibility code, configuration, test, or provenance",VERIFIED_REPRODUCIBLE,/Users/luxinyu/Desktop/论文 1/README_MIGRATION.md,codex/final-crop-ranking-paper,8da55744bfa3cb73ffae89d59c9282e4737ff792,,copied byte-for-byte from source,,,,,historical Git workspace,Repository-owned code/provenance; license not supplied,9,10b464430bf89b52134a36f37470ab206a7134538fe8e92d2d70a5e17b7e9cf9,2026-07-18,selected tests + checksum + static scan,,,,Uncommitted source tree captured; no historical manuscript claim is verified by migration alone,COPIED_CANONICAL
A0006,REPRODUCIBILITY_STATUS.csv,REPRODUCIBILITY_STATUS.csv,csv,"reproducibility code, configuration, test, or provenance",VERIFIED_REPRODUCIBLE,/Users/luxinyu/Desktop/论文 1/REPRODUCIBILITY_STATUS.csv,codex/final-crop-ranking-paper,8da55744bfa3cb73ffae89d59c9282e4737ff792,,copied byte-for-byte from source,,,,,historical Git workspace,Repository-owned code/provenance; license not supplied,6,10d798526f1a4773716c3e12eca14c21fcb4d8dfd2252a7dbf0b4d7ce5250435,2026-07-18,selected tests + checksum + static scan,,,,Uncommitted source tree captured; no historical manuscript claim is verified by migration alone,COPIED_CANONICAL
A0007,REPRODUCTION_GUIDE.md,REPRODUCTION_GUIDE.md,md,"reproducibility code, configuration, test, or provenance",VERIFIED_REPRODUCIBLE,/Users/luxinyu/Desktop/论文 1/REPRODUCTION_GUIDE.md,codex/final-crop-ranking-paper,8da55744bfa3cb73ffae89d59c9282e4737ff792,,copied byte-for-byte from source,,,,,historical Git workspace,Repository-owned code/provenance; license not supplied,13,174f0909c5bdb87dcf25a8f25d24e03ae51eaa7b4d71968a5992dbc6e3c93267,2026-07-18,selected tests + checksum + static scan,,,,Uncommitted source tree captured; no historical manuscript claim is verified by migration alone,COPIED_CANONICAL
A0008,SOURCE_SNAPSHOT.md,SOURCE_SNAPSHOT.md,md,"reproducibility code, configuration, test, or provenance",VERIFIED_REPRODUCIBLE,/Users/luxinyu/Desktop/论文 1/SOURCE_SNAPSHOT.md,codex/final-crop-ranking-paper,8da55744bfa3cb73ffae89d59c9282e4737ff792,,copied byte-for-byte from source,,,,,historical Git workspace,Repository-owned code/provenance; license not supplied,14,970b00ed16e2853db7b11fea196544e17c49566e786810da6b77fe16184ae877,2026-07-18,selected tests + checksum + static scan,,,,Uncommitted source tree captured; no historical manuscript claim is verified by migration alone,COPIED_CANONICAL
A0009,code/tests/__pycache__/conftest.cpython-311-pytest-8.4.2.pyc,conftest.cpython-311-pytest-8.4.2.pyc,pyc,"reproducibility code, configuration, test, or provenance",VERIFIED_REPRODUCIBLE,/Users/luxinyu/Desktop/论文 1/tests/__pycache__/conftest.cpython-311-pytest-8.4.2.pyc,codex/final-crop-ranking-paper,8da55744bfa3cb73ffae89d59c9282e4737ff792,,copied byte-for-byte from source,,,,,historical Git workspace,Repository-owned code/provenance; license not supplied,2698 bytes,c3844f79c73ce2f31c4a1c65d43e20cfa0c84ef1b93f1766834a8d3a065d0d34,2026-07-18,selected tests + checksum + static scan,,,,Uncommitted source tree captured; no historical manuscript claim is verified by migration alone,COPIED_CANONICAL
A0010,code/tests/__pycache__/test_cvar.cpython-311-pytest-8.4.2.pyc,test_cvar.cpython-311-pytest-8.4.2.pyc,pyc,"reproducibility code, configuration, test, or provenance",VERIFIED_REPRODUCIBLE,/Users/luxinyu/Desktop/论文 1/tests/__pycache__/test_cvar.cpython-311-pytest-8.4.2.pyc,codex/final-crop-ranking-paper,8da55744bfa3cb73ffae89d59c9282e4737ff792,,copied byte-for-byte from source,,,,,historical Git workspace,Repository-owned code/provenance; license not supplied,10356 bytes,5d7e790841b6fccec31b5132cf0cc1b3af149edc184c202150862497d43e6928,2026-07-18,selected tests + checksum + static scan,,,,Uncommitted source tree captured; no historical manuscript claim is verified by migration alone,COPIED_CANONICAL
A0011,code/tests/__pycache__/test_empirical_pipeline.cpython-311-pytest-8.4.2.pyc,test_empirical_pipeline.cpython-311-pytest-8.4.2.pyc,pyc,"reproducibility code, configuration, test, or provenance",VERIFIED_REPRODUCIBLE,/Users/luxinyu/Desktop/论文 1/tests/__pycache__/test_empirical_pipeline.cpython-311-pytest-8.4.2.pyc,codex/final-crop-ranking-paper,8da55744bfa3cb73ffae89d59c9282e4737ff792,,copied byte-for-byte from source,,,,,historical Git workspace,Repository-owned code/provenance; license not supplied,28151 bytes,fb29a5c3d27ccd8e7e4d48b33fed363ae3fb1c9063c4d7b5a9a6707442fc043d,2026-07-18,selected tests + checksum + static scan,,,,Uncommitted source tree captured; no historical manuscript claim is verified by migration alone,COPIED_CANONICAL
A0012,code/tests/__pycache__/test_optimizer_feasibility.cpython-311-pytest-8.4.2.pyc,test_optimizer_feasibility.cpython-311-pytest-8.4.2.pyc,pyc,"reproducibility code, configuration, test, or provenance",VERIFIED_REPRODUCIBLE,/Users/luxinyu/Desktop/论文 1/tests/__pycache__/test_optimizer_feasibility.cpython-311-pytest-8.4.2.pyc,codex/final-crop-ranking-paper,8da55744bfa3cb73ffae89d59c9282e4737ff792,,copied byte-for-byte from source,,,,,historical Git workspace,Repository-owned code/provenance; license not supplied,15126 bytes,d93ddfa75cb81980515c17efd3d8fd5e55eb87e816ed0717b843b904ec78dad5,2026-07-18,selected tests + checksum + static scan,,,,Uncommitted source tree captured; no historical manuscript claim is verified by migration alone,COPIED_CANONICAL
A0013,code/tests/__pycache__/test_publication_tables.cpython-311-pytest-8.4.2.pyc,test_publication_tables.cpython-311-pytest-8.4.2.pyc,pyc,"reproducibility code, configuration, test, or provenance",VERIFIED_REPRODUCIBLE,/Users/luxinyu/Desktop/论文 1/tests/__pycache__/test_publication_tables.cpython-311-pytest-8.4.2.pyc,codex/final-crop-ranking-paper,8da55744bfa3cb73ffae89d59c9282e4737ff792,,copied byte-for-byte from source,,,,,historical Git workspace,Repository-owned code/provenance; license not supplied,9332 bytes,5f81ec59b970f2a645fa3c59cf0239cbba589bd46b601840b6c6a53b1e8c757c,2026-07-18,selected tests + checksum + static scan,,,,Uncommitted source tree captured; no historical manuscript claim is verified by migration alone,COPIED_CANONICAL
A0014,code/tests/__pycache__/test_ranking_reversal.cpython-311-pytest-8.4.2.pyc,test_ranking_reversal.cpython-311-pytest-8.4.2.pyc,pyc,"reproducibility code, configuration, test, or provenance",VERIFIED_REPRODUCIBLE,/Users/luxinyu/Desktop/论文 1/tests/__pycache__/test_ranking_reversal.cpython-311-pytest-8.4.2.pyc,codex/final-crop-ranking-paper,8da55744bfa3cb73ffae89d59c9282e4737ff792,,copied byte-for-byte from source,,,,,historical Git workspace,Repository-owned code/provenance; license not supplied,5598 bytes,2c9192f6ef77a307085d8437fab4bc23cd17bbf6c8fb3b9648d2a315a2806080,2026-07-18,selected tests + checksum + static scan,,,,Uncommitted source tree captured; no historical manuscript claim is verified by migration alone,COPIED_CANONICAL
A0015,code/tests/__pycache__/test_reproducibility.cpython-311-pytest-8.4.2.pyc,test_reproducibility.cpython-311-pytest-8.4.2.pyc,pyc,"reproducibility code, configuration, test, or provenance",VERIFIED_REPRODUCIBLE,/Users/luxinyu/Desktop/论文 1/tests/__pycache__/test_reproducibility.cpython-311-pytest-8.4.2.pyc,codex/final-crop-ranking-paper,8da55744bfa3cb73ffae89d59c9282e4737ff792,,copied byte-for-byte from source,,,,,historical Git workspace,Repository-owned code/provenance; license not supplied,8568 bytes,1e116b401cf9ff37086fe5a9d7764044e71d1450c0d51c4ef72e1d6c5f8e8bd0,2026-07-18,selected tests + checksum + static scan,,,,Uncommitted source tree captured; no historical manuscript claim is verified by migration alone,COPIED_CANONICAL
A0016,code/tests/__pycache__/test_scenarios.cpython-311-pytest-8.4.2.pyc,test_scenarios.cpython-311-pytest-8.4.2.pyc,pyc,"reproducibility code, configuration, test, or provenance",VERIFIED_REPRODUCIBLE,/Users/luxinyu/Desktop/论文 1/tests/__pycache__/test_scenarios.cpython-311-pytest-8.4.2.pyc,codex/final-crop-ranking-paper,8da55744bfa3cb73ffae89d59c9282e4737ff792,,copied byte-for-byte from source,,,,20260703,historical Git workspace,Repository-owned code/provenance; license not supplied,6095 bytes,fd9f0f5def691baff605b3cb741751446522c60727dae4e14bcfed28cfce960a,2026-07-18,selected tests + checksum + static scan,,,,Uncommitted source tree captured; no historical manuscript claim is verified by migration alone,COPIED_CANONICAL
A0017,code/tests/conftest.py,conftest.py,py,"reproducibility code, configuration, test, or provenance",VERIFIED_REPRODUCIBLE,/Users/luxinyu/Desktop/论文 1/tests/conftest.py,codex/final-crop-ranking-paper,8da55744bfa3cb73ffae89d59c9282e4737ff792,,copied byte-for-byte from source,,,,,historical Git workspace,Repository-owned code/provenance; license not supplied,60,40077a47af0d8f8cb02b70142d40518f79c8a4ef5e35f529c6834c0fbf1711b8,2026-07-18,selected tests + checksum + static scan,,,,Uncommitted source tree captured; no historical manuscript claim is verified by migration alone,COPIED_CANONICAL
A0018,code/tests/test_benchmarks.py,test_benchmarks.py,py,"reproducibility code, configuration, test, or provenance",VERIFIED_REPRODUCIBLE,/Users/luxinyu/Desktop/论文 1/tests/test_benchmarks.py,codex/final-crop-ranking-paper,8da55744bfa3cb73ffae89d59c9282e4737ff792,,copied byte-for-byte from source,,,,,historical Git workspace,Repository-owned code/provenance; license not supplied,40,934cbfc844d58b31971465d0d00867cbfaf1ccf4d7022f87aeb6fd486f738cbf,2026-07-18,selected tests + checksum + static scan,,,,Uncommitted source tree captured; no historical manuscript claim is verified by migration alone,COPIED_CANONICAL
A0019,code/tests/test_constraint_diagnostics.py,test_constraint_diagnostics.py,py,"reproducibility code, configuration, test, or provenance",VERIFIED_REPRODUCIBLE,/Users/luxinyu/Desktop/论文 1/tests/test_constraint_diagnostics.py,codex/final-crop-ranking-paper,8da55744bfa3cb73ffae89d59c9282e4737ff792,,copied byte-for-byte from source,,,,,historical Git workspace,Repository-owned code/provenance; license not supplied,77,644e3bab9551fcf5b4cdd402687788d9d99b9f63ad7d0b9fadff6cdf7274d23e,2026-07-18,selected tests + checksum + static scan,,,,Uncommitted source tree captured; no historical manuscript claim is verified by migration alone,COPIED_CANONICAL
A0020,code/tests/test_copulas.py,test_copulas.py,py,"reproducibility code, configuration, test, or provenance",VERIFIED_REPRODUCIBLE,/Users/luxinyu/Desktop/论文 1/tests/test_copulas.py,codex/final-crop-ranking-paper,8da55744bfa3cb73ffae89d59c9282e4737ff792,,copied byte-for-byte from source,,,,,historical Git workspace,Repository-owned code/provenance; license not supplied,20,7e30a0ba291da68b4c5b1c12f18b21d5128e52cb40f4284b683ed69243119b29,2026-07-18,selected tests + checksum + static scan,,,,Uncommitted source tree captured; no historical manuscript claim is verified by migration alone,COPIED_CANONICAL
A0021,code/tests/test_cvar.py,test_cvar.py,py,"reproducibility code, configuration, test, or provenance",VERIFIED_REPRODUCIBLE,/Users/luxinyu/Desktop/论文 1/tests/test_cvar.py,codex/final-crop-ranking-paper,8da55744bfa3cb73ffae89d59c9282e4737ff792,,copied byte-for-byte from source,,,,,historical Git workspace,Repository-owned code/provenance; license not supplied,74,d939e2f9db0a9e86590d24cff6d981cb405a725c115d4eb188facfae48ce56bc,2026-07-18,selected tests + checksum + static scan,,,,Uncommitted source tree captured; no historical manuscript claim is verified by migration alone,COPIED_CANONICAL
A0022,code/tests/test_cvar_sign.py,test_cvar_sign.py,py,"reproducibility code, configuration, test, or provenance",VERIFIED_REPRODUCIBLE,/Users/luxinyu/Desktop/论文 1/tests/test_cvar_sign.py,codex/final-crop-ranking-paper,8da55744bfa3cb73ffae89d59c9282e4737ff792,,copied byte-for-byte from source,,,,,historical Git workspace,Repository-owned code/provenance; license not supplied,40,01c5cc335ebf1f91324f33939693e318a7850dd603d686e7a73575855a7f3473,2026-07-18,selected tests + checksum + static scan,,,,Uncommitted source tree captured; no historical manuscript claim is verified by migration alone,COPIED_CANONICAL
A0023,code/tests/test_empirical_pipeline.py,test_empirical_pipeline.py,py,"reproducibility code, configuration, test, or provenance",VERIFIED_REPRODUCIBLE,/Users/luxinyu/Desktop/论文 1/tests/test_empirical_pipeline.py,codex/final-crop-ranking-paper,8da55744bfa3cb73ffae89d59c9282e4737ff792,,copied byte-for-byte from source,,,,,historical Git workspace,Repository-owned code/provenance; license not supplied,252,89ec074a41526bd1c62060c97f907b07a92bf5a3064950503c9ccfa027ce6a20,2026-07-18,selected tests + checksum + static scan,,,,Uncommitted source tree captured; no historical manuscript claim is verified by migration alone,COPIED_CANONICAL
A0024,code/tests/test_information_flexibility.py,test_information_flexibility.py,py,"reproducibility code, configuration, test, or provenance",VERIFIED_REPRODUCIBLE,/Users/luxinyu/Desktop/论文 1/tests/test_information_flexibility.py,codex/final-crop-ranking-paper,8da55744bfa3cb73ffae89d59c9282e4737ff792,,copied byte-for-byte from source,,,,,historical Git workspace,Repository-owned code/provenance; license not supplied,39,f83f1db8f2ae44db49e950948c23e8f49c57b9507f2ff4b101247c6c133ec589,2026-07-18,selected tests + checksum + static scan,,,,Uncommitted source tree captured; no historical manuscript claim is verified by migration alone,COPIED_CANONICAL
A0025,code/tests/test_optimizer_feasibility.py,test_optimizer_feasibility.py,py,"reproducibility code, configuration, test, or provenance",VERIFIED_REPRODUCIBLE,/Users/luxinyu/Desktop/论文 1/tests/test_optimizer_feasibility.py,codex/final-crop-ranking-paper,8da55744bfa3cb73ffae89d59c9282e4737ff792,,copied byte-for-byte from source,,,,,historical Git workspace,Repository-owned code/provenance; license not supplied,79,0965a8b8ac002f2afb5828a440d1d7be7f2e73f022d2d8da074545dd2587a789,2026-07-18,selected tests + checksum + static scan,,,,Uncommitted source tree captured; no historical manuscript claim is verified by migration alone,COPIED_CANONICAL
A0026,code/tests/test_publication_tables.py,test_publication_tables.py,py,"reproducibility code, configuration, test, or provenance",VERIFIED_REPRODUCIBLE,/Users/luxinyu/Desktop/论文 1/tests/test_publication_tables.py,codex/final-crop-ranking-paper,8da55744bfa3cb73ffae89d59c9282e4737ff792,,copied byte-for-byte from source,,,,,historical Git workspace,Repository-owned code/provenance; license not supplied,41,b81780b63f3ede5f865ceae22c9d7ff3ae9e191e5f3a20e53e402de5f9b3e956,2026-07-18,selected tests + checksum + static scan,,,,Uncommitted source tree captured; no historical manuscript claim is verified by migration alone,COPIED_CANONICAL
A0027,code/tests/test_ranking_reversal.py,test_ranking_reversal.py,py,"reproducibility code, configuration, test, or provenance",VERIFIED_REPRODUCIBLE,/Users/luxinyu/Desktop/论文 1/tests/test_ranking_reversal.py,codex/final-crop-ranking-paper,8da55744bfa3cb73ffae89d59c9282e4737ff792,,copied byte-for-byte from source,,,,,historical Git workspace,Repository-owned code/provenance; license not supplied,29,5d978ae4ad16709634ec2d4cb2b3bddae25c38bc2d0bee33f4916ce45a5a6fd7,2026-07-18,selected tests + checksum + static scan,,,,Uncommitted source tree captured; no historical manuscript claim is verified by migration alone,COPIED_CANONICAL
A0028,code/tests/test_reproducibility.py,test_reproducibility.py,py,"reproducibility code, configuration, test, or provenance",VERIFIED_REPRODUCIBLE,/Users/luxinyu/Desktop/论文 1/tests/test_reproducibility.py,codex/final-crop-ranking-paper,8da55744bfa3cb73ffae89d59c9282e4737ff792,,copied byte-for-byte from source,,,,,historical Git workspace,Repository-owned code/provenance; license not supplied,61,abde822d205ed50d2dae981f21d76e496f13a9f2a8d74cc3d31f7da3e34012bb,2026-07-18,selected tests + checksum + static scan,,,,Uncommitted source tree captured; no historical manuscript claim is verified by migration alone,COPIED_CANONICAL
A0029,code/tests/test_scenarios.py,test_scenarios.py,py,"reproducibility code, configuration, test, or provenance",VERIFIED_REPRODUCIBLE,/Users/luxinyu/Desktop/论文 1/tests/test_scenarios.py,codex/final-crop-ranking-paper,8da55744bfa3cb73ffae89d59c9282e4737ff792,,copied byte-for-byte from source,,,,20260703,historical Git workspace,Repository-owned code/provenance; license not supplied,73,33109ef6879a7f33f323d250348dda8f2556e0851000494f833a213775c2d974,2026-07-18,selected tests + checksum + static scan,,,,Uncommitted source tree captured; no historical manuscript claim is verified by migration alone,COPIED_CANONICAL
A0030,code/utilities/src/__init__.py,__init__.py,py,"reproducibility code, configuration, test, or provenance",VERIFIED_REPRODUCIBLE,/Users/luxinyu/Desktop/论文 1/src/__init__.py,codex/final-crop-ranking-paper,8da55744bfa3cb73ffae89d59c9282e4737ff792,,copied byte-for-byte from source,,,,,historical Git workspace,Repository-owned code/provenance; license not supplied,19,6635f8899049f23cfde2b9a042eb5fa37ac9fd0b05b304a391d8236eac1f0278,2026-07-18,selected tests + checksum + static scan,,,,Uncommitted source tree captured; no historical manuscript claim is verified by migration alone,COPIED_CANONICAL
A0031,code/utilities/src/__pycache__/__init__.cpython-311.pyc,__init__.cpython-311.pyc,pyc,"reproducibility code, configuration, test, or provenance",VERIFIED_REPRODUCIBLE,/Users/luxinyu/Desktop/论文 1/src/__pycache__/__init__.cpython-311.pyc,codex/final-crop-ranking-paper,8da55744bfa3cb73ffae89d59c9282e4737ff792,,copied byte-for-byte from source,,,,,historical Git workspace,Repository-owned code/provenance; license not supplied,593 bytes,ac7088053e9bb89224679a3816988e6992204b5d8023c08c593ebbdfa9305d6d,2026-07-18,selected tests + checksum + static scan,,,,Uncommitted source tree captured; no historical manuscript claim is verified by migration alone,COPIED_CANONICAL
A0032,code/utilities/src/__pycache__/__init__.cpython-314.pyc,__init__.cpython-314.pyc,pyc,"reproducibility code, configuration, test, or provenance",VERIFIED_REPRODUCIBLE,/Users/luxinyu/Desktop/论文 1/src/__pycache__/__init__.cpython-314.pyc,codex/final-crop-ranking-paper,8da55744bfa3cb73ffae89d59c9282e4737ff792,,copied byte-for-byte from source,,,,,historical Git workspace,Repository-owned code/provenance; license not supplied,481 bytes,512e4eb81623946d7b4090a78a28b9846b376df09eb09ccd2cc18a6b1faff774,2026-07-18,selected tests + checksum + static scan,,,,Uncommitted source tree captured; no historical manuscript claim is verified by migration alone,COPIED_CANONICAL
A0033,code/utilities/src/__pycache__/__init__.cpython-39.pyc,__init__.cpython-39.pyc,pyc,"reproducibility code, configuration, test, or provenance",VERIFIED_REPRODUCIBLE,/Users/luxinyu/Desktop/论文 1/src/__pycache__/__init__.cpython-39.pyc,codex/final-crop-ranking-paper,8da55744bfa3cb73ffae89d59c9282e4737ff792,,copied byte-for-byte from source,,,,,historical Git workspace,Repository-owned code/provenance; license not supplied,500 bytes,33c301bb0e8b2a693556197b35b45fab64a67b72264e8dbe2591423adda09f4b,2026-07-18,selected tests + checksum + static scan,,,,Uncommitted source tree captured; no historical manuscript claim is verified by migration alone,COPIED_CANONICAL
A0034,code/utilities/src/__pycache__/benchmark_policies.cpython-311.pyc,benchmark_policies.cpython-311.pyc,pyc,"reproducibility code, configuration, test, or provenance",VERIFIED_REPRODUCIBLE,/Users/luxinyu/Desktop/论文 1/src/__pycache__/benchmark_policies.cpython-311.pyc,codex/final-crop-ranking-paper,8da55744bfa3cb73ffae89d59c9282e4737ff792,,copied byte-for-byte from source,,,,,historical Git workspace,Repository-owned code/provenance; license not supplied,13164 bytes,dc912ecf0e48ead6211efaabf66b033c58527d8579e7934b4417eb6ea8bc94c6,2026-07-18,selected tests + checksum + static scan,,,,Uncommitted source tree captured; no historical manuscript claim is verified by migration alone,COPIED_CANONICAL
A0035,code/utilities/src/__pycache__/benchmark_policies.cpython-314.pyc,benchmark_policies.cpython-314.pyc,pyc,"reproducibility code, configuration, test, or provenance",VERIFIED_REPRODUCIBLE,/Users/luxinyu/Desktop/论文 1/src/__pycache__/benchmark_policies.cpython-314.pyc,codex/final-crop-ranking-paper,8da55744bfa3cb73ffae89d59c9282e4737ff792,,copied byte-for-byte from source,,,,,historical Git workspace,Repository-owned code/provenance; license not supplied,13055 bytes,db4f160d0e736bba43f5a8fa35286e956180bd938d3ce6b7467c46635c4bee80,2026-07-18,selected tests + checksum + static scan,,,,Uncommitted source tree captured; no historical manuscript claim is verified by migration alone,COPIED_CANONICAL
A0036,code/utilities/src/__pycache__/benchmark_policies.cpython-39.pyc,benchmark_policies.cpython-39.pyc,pyc,"reproducibility code, configuration, test, or provenance",VERIFIED_REPRODUCIBLE,/Users/luxinyu/Desktop/论文 1/src/__pycache__/benchmark_policies.cpython-39.pyc,codex/final-crop-ranking-paper,8da55744bfa3cb73ffae89d59c9282e4737ff792,,copied byte-for-byte from source,,,,,historical Git workspace,Repository-owned code/provenance; license not supplied,6685 bytes,46045d1099c6607aac2679a39027333a6f13708acaccfb4a3adeb308d3ccc148,2026-07-18,selected tests + checksum + static scan,,,,Uncommitted source tree captured; no historical manuscript claim is verified by migration alone,COPIED_CANONICAL
A0037,code/utilities/src/__pycache__/copula_models.cpython-311.pyc,copula_models.cpython-311.pyc,pyc,"reproducibility code, configuration, test, or provenance",VERIFIED_REPRODUCIBLE,/Users/luxinyu/Desktop/论文 1/src/__pycache__/copula_models.cpython-311.pyc,codex/final-crop-ranking-paper,8da55744bfa3cb73ffae89d59c9282e4737ff792,,copied byte-for-byte from source,,,,,historical Git workspace,Repository-owned code/provenance; license not supplied,7552 bytes,4ce010de282b834230481552eefb5d5d265c78e7d72ffc324a79923034183bd8,2026-07-18,selected tests + checksum + static scan,,,,Uncommitted source tree captured; no historical manuscript claim is verified by migration alone,COPIED_CANONICAL
A0038,code/utilities/src/__pycache__/copula_models.cpython-314.pyc,copula_models.cpython-314.pyc,pyc,"reproducibility code, configuration, test, or provenance",VERIFIED_REPRODUCIBLE,/Users/luxinyu/Desktop/论文 1/src/__pycache__/copula_models.cpython-314.pyc,codex/final-crop-ranking-paper,8da55744bfa3cb73ffae89d59c9282e4737ff792,,copied byte-for-byte from source,,,,,historical Git workspace,Repository-owned code/provenance; license not supplied,8082 bytes,009ce5bce19460a69aafaa4c6d398e9193f17e60a10e3c79ba514de35249155c,2026-07-18,selected tests + checksum + static scan,,,,Uncommitted source tree captured; no historical manuscript claim is verified by migration alone,COPIED_CANONICAL
A0039,code/utilities/src/__pycache__/copula_models.cpython-39.pyc,copula_models.cpython-39.pyc,pyc,"reproducibility code, configuration, test, or provenance",VERIFIED_REPRODUCIBLE,/Users/luxinyu/Desktop/论文 1/src/__pycache__/copula_models.cpython-39.pyc,codex/final-crop-ranking-paper,8da55744bfa3cb73ffae89d59c9282e4737ff792,,copied byte-for-byte from source,,,,,historical Git workspace,Repository-owned code/provenance; license not supplied,4084 bytes,96f88ced2c984458c43c7fa8d2ea0ed21136e291706d899f16e1a59a4761fe20,2026-07-18,selected tests + checksum + static scan,,,,Uncommitted source tree captured; no historical manuscript claim is verified by migration alone,COPIED_CANONICAL
A0040,code/utilities/src/__pycache__/cvar_optimizer.cpython-311.pyc,cvar_optimizer.cpython-311.pyc,pyc,"reproducibility code, configuration, test, or provenance",VERIFIED_REPRODUCIBLE,/Users/luxinyu/Desktop/论文 1/src/__pycache__/cvar_optimizer.cpython-311.pyc,codex/final-crop-ranking-paper,8da55744bfa3cb73ffae89d59c9282e4737ff792,,copied byte-for-byte from source,,,,,historical Git workspace,Repository-owned code/provenance; license not supplied,18104 bytes,9e60f28c2816c954f5ca3bb5cf70299458fc914576018f013bbbc29b873c5971,2026-07-18,selected tests + checksum + static scan,,,,Uncommitted source tree captured; no historical manuscript claim is verified by migration alone,COPIED_CANONICAL
A0041,code/utilities/src/__pycache__/cvar_optimizer.cpython-314.pyc,cvar_optimizer.cpython-314.pyc,pyc,"reproducibility code, configuration, test, or provenance",VERIFIED_REPRODUCIBLE,/Users/luxinyu/Desktop/论文 1/src/__pycache__/cvar_optimizer.cpython-314.pyc,codex/final-crop-ranking-paper,8da55744bfa3cb73ffae89d59c9282e4737ff792,,copied byte-for-byte from source,,,,,historical Git workspace,Repository-owned code/provenance; license not supplied,17016 bytes,97ebb984465e7b0babb32cb4028ad734279fb9595d7fd405d8d1d44704351489,2026-07-18,selected tests + checksum + static scan,,,,Uncommitted source tree captured; no historical manuscript claim is verified by migration alone,COPIED_CANONICAL
A0042,code/utilities/src/__pycache__/cvar_optimizer.cpython-39.pyc,cvar_optimizer.cpython-39.pyc,pyc,"reproducibility code, configuration, test, or provenance",VERIFIED_REPRODUCIBLE,/Users/luxinyu/Desktop/论文 1/src/__pycache__/cvar_optimizer.cpython-39.pyc,codex/final-crop-ranking-paper,8da55744bfa3cb73ffae89d59c9282e4737ff792,,copied byte-for-byte from source,,,,,historical Git workspace,Repository-owned code/provenance; license not supplied,8362 bytes,045852dc4ab6fd6324b23bbcb8116519550dcf09d478f8e85c0282dfe7c67420,2026-07-18,selected tests + checksum + static scan,,,,Uncommitted source tree captured; no historical manuscript claim is verified by migration alone,COPIED_CANONICAL
A0043,code/utilities/src/__pycache__/empirical_data.cpython-311.pyc,empirical_data.cpython-311.pyc,pyc,"reproducibility code, configuration, test, or provenance",VERIFIED_REPRODUCIBLE,/Users/luxinyu/Desktop/论文 1/src/__pycache__/empirical_data.cpython-311.pyc,codex/final-crop-ranking-paper,8da55744bfa3cb73ffae89d59c9282e4737ff792,,copied byte-for-byte from source,,,,,historical Git workspace,Repository-owned code/provenance; license not supplied,58365 bytes,2b64758c60aaf67efe625f60e8a9574a36c2dd7d8ab37d9172e55078a1334dd3,2026-07-18,selected tests + checksum + static scan,,,,Uncommitted source tree captured; no historical manuscript claim is verified by migration alone,COPIED_CANONICAL
A0044,code/utilities/src/__pycache__/empirical_data.cpython-314.pyc,empirical_data.cpython-314.pyc,pyc,"reproducibility code, configuration, test, or provenance",VERIFIED_REPRODUCIBLE,/Users/luxinyu/Desktop/论文 1/src/__pycache__/empirical_data.cpython-314.pyc,codex/final-crop-ranking-paper,8da55744bfa3cb73ffae89d59c9282e4737ff792,,copied byte-for-byte from source,,,,,historical Git workspace,Repository-owned code/provenance; license not supplied,59802 bytes,78f0b0938f96ae3776949a3c02bb8a978bcbdbdc505c5cf9bccdde19de0a5744,2026-07-18,selected tests + checksum + static scan,,,,Uncommitted source tree captured; no historical manuscript claim is verified by migration alone,COPIED_CANONICAL
A0045,code/utilities/src/__pycache__/empirical_data.cpython-39.pyc,empirical_data.cpython-39.pyc,pyc,"reproducibility code, configuration, test, or provenance",VERIFIED_REPRODUCIBLE,/Users/luxinyu/Desktop/论文 1/src/__pycache__/empirical_data.cpython-39.pyc,codex/final-crop-ranking-paper,8da55744bfa3cb73ffae89d59c9282e4737ff792,,copied byte-for-byte from source,,,,,historical Git workspace,Repository-owned code/provenance; license not supplied,29926 bytes,3345f0ca31dd78aea860cfc8776469d6a858df72232cb6bddfd2184e36e12be3,2026-07-18,selected tests + checksum + static scan,,,,Uncommitted source tree captured; no historical manuscript claim is verified by migration alone,COPIED_CANONICAL
A0046,code/utilities/src/__pycache__/empirical_dependence.cpython-311.pyc,empirical_dependence.cpython-311.pyc,pyc,"reproducibility code, configuration, test, or provenance",VERIFIED_REPRODUCIBLE,/Users/luxinyu/Desktop/论文 1/src/__pycache__/empirical_dependence.cpython-311.pyc,codex/final-crop-ranking-paper,8da55744bfa3cb73ffae89d59c9282e4737ff792,,copied byte-for-byte from source,,,,,historical Git workspace,Repository-owned code/provenance; license not supplied,11395 bytes,926f7aa22370b3afba279f75897cd04d7faa456ab54a1cfd8f4d93b17c233225,2026-07-18,selected tests + checksum + static scan,,,,Uncommitted source tree captured; no historical manuscript claim is verified by migration alone,COPIED_CANONICAL
A0047,code/utilities/src/__pycache__/empirical_dependence.cpython-314.pyc,empirical_dependence.cpython-314.pyc,pyc,"reproducibility code, configuration, test, or provenance",VERIFIED_REPRODUCIBLE,/Users/luxinyu/Desktop/论文 1/src/__pycache__/empirical_dependence.cpython-314.pyc,codex/final-crop-ranking-paper,8da55744bfa3cb73ffae89d59c9282e4737ff792,,copied byte-for-byte from source,,,,,historical Git workspace,Repository-owned code/provenance; license not supplied,11458 bytes,cffc0752eacec7a7681549c318c87067c8efeab477739482e09bb3d6649ceb10,2026-07-18,selected tests + checksum + static scan,,,,Uncommitted source tree captured; no historical manuscript claim is verified by migration alone,COPIED_CANONICAL
A0048,code/utilities/src/__pycache__/empirical_dependence.cpython-39.pyc,empirical_dependence.cpython-39.pyc,pyc,"reproducibility code, configuration, test, or provenance",VERIFIED_REPRODUCIBLE,/Users/luxinyu/Desktop/论文 1/src/__pycache__/empirical_dependence.cpython-39.pyc,codex/final-crop-ranking-paper,8da55744bfa3cb73ffae89d59c9282e4737ff792,,copied byte-for-byte from source,,,,,historical Git workspace,Repository-owned code/provenance; license not supplied,6295 bytes,92ae028e09c3db85e20668110ebec433d5b2d726b7daa194bbad5b407f3ae005,2026-07-18,selected tests + checksum + static scan,,,,Uncommitted source tree captured; no historical manuscript claim is verified by migration alone,COPIED_CANONICAL
A0049,code/utilities/src/__pycache__/empirical_scenarios.cpython-311.pyc,empirical_scenarios.cpython-311.pyc,pyc,"reproducibility code, configuration, test, or provenance",VERIFIED_REPRODUCIBLE,/Users/luxinyu/Desktop/论文 1/src/__pycache__/empirical_scenarios.cpython-311.pyc,codex/final-crop-ranking-paper,8da55744bfa3cb73ffae89d59c9282e4737ff792,,copied byte-for-byte from source,,,,20260703,historical Git workspace,Repository-owned code/provenance; license not supplied,5748 bytes,bb35c1177366970b3117e7ca8939a7f0ebe8759c3dbb8feb76b69191ca67d7ea,2026-07-18,selected tests + checksum + static scan,,,,Uncommitted source tree captured; no historical manuscript claim is verified by migration alone,COPIED_CANONICAL
A0050,code/utilities/src/__pycache__/empirical_scenarios.cpython-314.pyc,empirical_scenarios.cpython-314.pyc,pyc,"reproducibility code, configuration, test, or provenance",VERIFIED_REPRODUCIBLE,/Users/luxinyu/Desktop/论文 1/src/__pycache__/empirical_scenarios.cpython-314.pyc,codex/final-crop-ranking-paper,8da55744bfa3cb73ffae89d59c9282e4737ff792,,copied byte-for-byte from source,,,,20260703,historical Git workspace,Repository-owned code/provenance; license not supplied,5639 bytes,97eda0b9d3fc005197c493ec31bfeab8390c62d9841392994f518e8234210807,2026-07-18,selected tests + checksum + static scan,,,,Uncommitted source tree captured; no historical manuscript claim is verified by migration alone,COPIED_CANONICAL
A0051,code/utilities/src/__pycache__/empirical_scenarios.cpython-39.pyc,empirical_scenarios.cpython-39.pyc,pyc,"reproducibility code, configuration, test, or provenance",VERIFIED_REPRODUCIBLE,/Users/luxinyu/Desktop/论文 1/src/__pycache__/empirical_scenarios.cpython-39.pyc,codex/final-crop-ranking-paper,8da55744bfa3cb73ffae89d59c9282e4737ff792,,copied byte-for-byte from source,,,,20260703,historical Git workspace,Repository-owned code/provenance; license not supplied,2981 bytes,e46abdcf09ccda13bff0d5a14e5a995bcabcaf04235d579fdc4c3366808dc0fc,2026-07-18,selected tests + checksum + static scan,,,,Uncommitted source tree captured; no historical manuscript claim is verified by migration alone,COPIED_CANONICAL
A0052,code/utilities/src/__pycache__/empirical_validation.cpython-311.pyc,empirical_validation.cpython-311.pyc,pyc,"reproducibility code, configuration, test, or provenance",VERIFIED_REPRODUCIBLE,/Users/luxinyu/Desktop/论文 1/src/__pycache__/empirical_validation.cpython-311.pyc,codex/final-crop-ranking-paper,8da55744bfa3cb73ffae89d59c9282e4737ff792,,copied byte-for-byte from source,,,,,historical Git workspace,Repository-owned code/provenance; license not supplied,32282 bytes,52d1fc81c5e443216f0a10444c53711893dc6ffc48bbf44b8ccbde394a693fe8,2026-07-18,selected tests + checksum + static scan,,,,Uncommitted source tree captured; no historical manuscript claim is verified by migration alone,COPIED_CANONICAL
A0053,code/utilities/src/__pycache__/empirical_validation.cpython-314.pyc,empirical_validation.cpython-314.pyc,pyc,"reproducibility code, configuration, test, or provenance",VERIFIED_REPRODUCIBLE,/Users/luxinyu/Desktop/论文 1/src/__pycache__/empirical_validation.cpython-314.pyc,codex/final-crop-ranking-paper,8da55744bfa3cb73ffae89d59c9282e4737ff792,,copied byte-for-byte from source,,,,,historical Git workspace,Repository-owned code/provenance; license not supplied,30944 bytes,22356c32a716c03522ab7cb670e6524f1e6b377c7db135309a65f199c5cf35cd,2026-07-18,selected tests + checksum + static scan,,,,Uncommitted source tree captured; no historical manuscript claim is verified by migration alone,COPIED_CANONICAL
A0054,code/utilities/src/__pycache__/empirical_validation.cpython-39.pyc,empirical_validation.cpython-39.pyc,pyc,"reproducibility code, configuration, test, or provenance",VERIFIED_REPRODUCIBLE,/Users/luxinyu/Desktop/论文 1/src/__pycache__/empirical_validation.cpython-39.pyc,codex/final-crop-ranking-paper,8da55744bfa3cb73ffae89d59c9282e4737ff792,,copied byte-for-byte from source,,,,,historical Git workspace,Repository-owned code/provenance; license not supplied,14518 bytes,c558639d738304ad451258f9b8e43c348bf1fe3b118e6992a0a248feccc04823,2026-07-18,selected tests + checksum + static scan,,,,Uncommitted source tree captured; no historical manuscript claim is verified by migration alone,COPIED_CANONICAL
A0055,code/utilities/src/__pycache__/evaluation.cpython-311.pyc,evaluation.cpython-311.pyc,pyc,"reproducibility code, configuration, test, or provenance",VERIFIED_REPRODUCIBLE,/Users/luxinyu/Desktop/论文 1/src/__pycache__/evaluation.cpython-311.pyc,codex/final-crop-ranking-paper,8da55744bfa3cb73ffae89d59c9282e4737ff792,,copied byte-for-byte from source,,,,,historical Git workspace,Repository-owned code/provenance; license not supplied,7374 bytes,0eb72ad701bcd3a2c68102cb048273ffc6f483689832f4c6cc7161785967cf67,2026-07-18,selected tests + checksum + static scan,,,,Uncommitted source tree captured; no historical manuscript claim is verified by migration alone,COPIED_CANONICAL
A0056,code/utilities/src/__pycache__/evaluation.cpython-314.pyc,evaluation.cpython-314.pyc,pyc,"reproducibility code, configuration, test, or provenance",VERIFIED_REPRODUCIBLE,/Users/luxinyu/Desktop/论文 1/src/__pycache__/evaluation.cpython-314.pyc,codex/final-crop-ranking-paper,8da55744bfa3cb73ffae89d59c9282e4737ff792,,copied byte-for-byte from source,,,,,historical Git workspace,Repository-owned code/provenance; license not supplied,7632 bytes,6984804663a103af330939c2a3446ac399568893568c065a234ca9a742e181be,2026-07-18,selected tests + checksum + static scan,,,,Uncommitted source tree captured; no historical manuscript claim is verified by migration alone,COPIED_CANONICAL
A0057,code/utilities/src/__pycache__/evaluation.cpython-39.pyc,evaluation.cpython-39.pyc,pyc,"reproducibility code, configuration, test, or provenance",VERIFIED_REPRODUCIBLE,/Users/luxinyu/Desktop/论文 1/src/__pycache__/evaluation.cpython-39.pyc,codex/final-crop-ranking-paper,8da55744bfa3cb73ffae89d59c9282e4737ff792,,copied byte-for-byte from source,,,,,historical Git workspace,Repository-owned code/provenance; license not supplied,3700 bytes,3f3ccfe22ed531c948f478bdfc4f6cbbe6938385f57d23752e0dc04ac95dd3cd,2026-07-18,selected tests + checksum + static scan,,,,Uncommitted source tree captured; no historical manuscript claim is verified by migration alone,COPIED_CANONICAL
A0058,code/utilities/src/__pycache__/information_flexibility.cpython-314.pyc,information_flexibility.cpython-314.pyc,pyc,"reproducibility code, configuration, test, or provenance",VERIFIED_REPRODUCIBLE,/Users/luxinyu/Desktop/论文 1/src/__pycache__/information_flexibility.cpython-314.pyc,codex/final-crop-ranking-paper,8da55744bfa3cb73ffae89d59c9282e4737ff792,,copied byte-for-byte from source,,,,,historical Git workspace,Repository-owned code/provenance; license not supplied,6616 bytes,4ebe27a26054d063f12c6e58beffc59f1a1ec0175441036abddf3fb926d11dc0,2026-07-18,selected tests + checksum + static scan,,,,Uncommitted source tree captured; no historical manuscript claim is verified by migration alone,COPIED_CANONICAL
A0059,code/utilities/src/__pycache__/information_flexibility.cpython-39.pyc,information_flexibility.cpython-39.pyc,pyc,"reproducibility code, configuration, test, or provenance",VERIFIED_REPRODUCIBLE,/Users/luxinyu/Desktop/论文 1/src/__pycache__/information_flexibility.cpython-39.pyc,codex/final-crop-ranking-paper,8da55744bfa3cb73ffae89d59c9282e4737ff792,,copied byte-for-byte from source,,,,,historical Git workspace,Repository-owned code/provenance; license not supplied,3637 bytes,b625181f57aea069dd9a7cd09e86db1c082e51ca93cd3ad1116c9748969f1209,2026-07-18,selected tests + checksum + static scan,,,,Uncommitted source tree captured; no historical manuscript claim is verified by migration alone,COPIED_CANONICAL
A0060,code/utilities/src/__pycache__/numerical_tolerances.cpython-314.pyc,numerical_tolerances.cpython-314.pyc,pyc,"reproducibility code, configuration, test, or provenance",VERIFIED_REPRODUCIBLE,/Users/luxinyu/Desktop/论文 1/src/__pycache__/numerical_tolerances.cpython-314.pyc,codex/final-crop-ranking-paper,8da55744bfa3cb73ffae89d59c9282e4737ff792,,copied byte-for-byte from source,,,,,historical Git workspace,Repository-owned code/provenance; license not supplied,6214 bytes,4e4be319e49bc9b0162cc1d5219945df8c22344d728f4b852c7b67f7e71ebcae,2026-07-18,selected tests + checksum + static scan,,,,Uncommitted source tree captured; no historical manuscript claim is verified by migration alone,COPIED_CANONICAL
A0061,code/utilities/src/__pycache__/numerical_tolerances.cpython-39.pyc,numerical_tolerances.cpython-39.pyc,pyc,"reproducibility code, configuration, test, or provenance",VERIFIED_REPRODUCIBLE,/Users/luxinyu/Desktop/论文 1/src/__pycache__/numerical_tolerances.cpython-39.pyc,codex/final-crop-ranking-paper,8da55744bfa3cb73ffae89d59c9282e4737ff792,,copied byte-for-byte from source,,,,,historical Git workspace,Repository-owned code/provenance; license not supplied,3261 bytes,07de506571f5e41a7b1b39f498171fc206fe0f569fb3a9073b6c066fadfa35b8,2026-07-18,selected tests + checksum + static scan,,,,Uncommitted source tree captured; no historical manuscript claim is verified by migration alone,COPIED_CANONICAL
A0062,code/utilities/src/__pycache__/optimal_set_audit.cpython-314.pyc,optimal_set_audit.cpython-314.pyc,pyc,"reproducibility code, configuration, test, or provenance",VERIFIED_REPRODUCIBLE,/Users/luxinyu/Desktop/论文 1/src/__pycache__/optimal_set_audit.cpython-314.pyc,codex/final-crop-ranking-paper,8da55744bfa3cb73ffae89d59c9282e4737ff792,,copied byte-for-byte from source,,,,,historical Git workspace,Repository-owned code/provenance; license not supplied,11189 bytes,2fccd40f9d7df627977fb17ecbaf11dd023e193f2292ea46c188482259964a63,2026-07-18,selected tests + checksum + static scan,,,,Uncommitted source tree captured; no historical manuscript claim is verified by migration alone,COPIED_CANONICAL
A0063,code/utilities/src/__pycache__/optimal_set_audit.cpython-39.pyc,optimal_set_audit.cpython-39.pyc,pyc,"reproducibility code, configuration, test, or provenance",VERIFIED_REPRODUCIBLE,/Users/luxinyu/Desktop/论文 1/src/__pycache__/optimal_set_audit.cpython-39.pyc,codex/final-crop-ranking-paper,8da55744bfa3cb73ffae89d59c9282e4737ff792,,copied byte-for-byte from source,,,,,historical Git workspace,Repository-owned code/provenance; license not supplied,5800 bytes,0305d5029e023322f2f16c5a485bdf485433eb5427ad2199bb0d48d44f1e2aea,2026-07-18,selected tests + checksum + static scan,,,,Uncommitted source tree captured; no historical manuscript claim is verified by migration alone,COPIED_CANONICAL
A0064,code/utilities/src/__pycache__/plotting.cpython-314.pyc,plotting.cpython-314.pyc,pyc,"reproducibility code, configuration, test, or provenance",VERIFIED_REPRODUCIBLE,/Users/luxinyu/Desktop/论文 1/src/__pycache__/plotting.cpython-314.pyc,codex/final-crop-ranking-paper,8da55744bfa3cb73ffae89d59c9282e4737ff792,,copied byte-for-byte from source,,,,,historical Git workspace,Repository-owned code/provenance; license not supplied,19860 bytes,1955825d75f3f2685c035e7315caddc66d4a84b8695610daf16e60e3b0af70f8,2026-07-18,selected tests + checksum + static scan,,,,Uncommitted source tree captured; no historical manuscript claim is verified by migration alone,COPIED_CANONICAL
A0065,code/utilities/src/__pycache__/plotting.cpython-39.pyc,plotting.cpython-39.pyc,pyc,"reproducibility code, configuration, test, or provenance",VERIFIED_REPRODUCIBLE,/Users/luxinyu/Desktop/论文 1/src/__pycache__/plotting.cpython-39.pyc,codex/final-crop-ranking-paper,8da55744bfa3cb73ffae89d59c9282e4737ff792,,copied byte-for-byte from source,,,,,historical Git workspace,Repository-owned code/provenance; license not supplied,10879 bytes,836086a18df7fbd84ba3d5cc5794e55dac304d8b58ccbd0e336016b6172d93f1,2026-07-18,selected tests + checksum + static scan,,,,Uncommitted source tree captured; no historical manuscript claim is verified by migration alone,COPIED_CANONICAL
A0066,code/utilities/src/__pycache__/publication_tables.cpython-314.pyc,publication_tables.cpython-314.pyc,pyc,"reproducibility code, configuration, test, or provenance",VERIFIED_REPRODUCIBLE,/Users/luxinyu/Desktop/论文 1/src/__pycache__/publication_tables.cpython-314.pyc,codex/final-crop-ranking-paper,8da55744bfa3cb73ffae89d59c9282e4737ff792,,copied byte-for-byte from source,,,,,historical Git workspace,Repository-owned code/provenance; license not supplied,47323 bytes,91373acc46523fe8f3b177cfc1b774da1c26d3a177472c372450552f5e7232a1,2026-07-18,selected tests + checksum + static scan,,,,Uncommitted source tree captured; no historical manuscript claim is verified by migration alone,COPIED_CANONICAL
A0067,code/utilities/src/__pycache__/publication_tables.cpython-39.pyc,publication_tables.cpython-39.pyc,pyc,"reproducibility code, configuration, test, or provenance",VERIFIED_REPRODUCIBLE,/Users/luxinyu/Desktop/论文 1/src/__pycache__/publication_tables.cpython-39.pyc,codex/final-crop-ranking-paper,8da55744bfa3cb73ffae89d59c9282e4737ff792,,copied byte-for-byte from source,,,,,historical Git workspace,Repository-owned code/provenance; license not supplied,31394 bytes,5de367b5c9d1b34c4e64523d4e031cae440890d56b14500ecacc901b8f16e65e,2026-07-18,selected tests + checksum + static scan,,,,Uncommitted source tree captured; no historical manuscript claim is verified by migration alone,COPIED_CANONICAL
A0068,code/utilities/src/__pycache__/robustness.cpython-311.pyc,robustness.cpython-311.pyc,pyc,"reproducibility code, configuration, test, or provenance",VERIFIED_REPRODUCIBLE,/Users/luxinyu/Desktop/论文 1/src/__pycache__/robustness.cpython-311.pyc,codex/final-crop-ranking-paper,8da55744bfa3cb73ffae89d59c9282e4737ff792,,copied byte-for-byte from source,,,,,historical Git workspace,Repository-owned code/provenance; license not supplied,11153 bytes,2a0aa4ee8d6a203a2fe0be2f40a696e62e64f20eac503a243334d1ce28081332,2026-07-18,selected tests + checksum + static scan,,,,Uncommitted source tree captured; no historical manuscript claim is verified by migration alone,COPIED_CANONICAL
A0069,code/utilities/src/__pycache__/robustness.cpython-314.pyc,robustness.cpython-314.pyc,pyc,"reproducibility code, configuration, test, or provenance",VERIFIED_REPRODUCIBLE,/Users/luxinyu/Desktop/论文 1/src/__pycache__/robustness.cpython-314.pyc,codex/final-crop-ranking-paper,8da55744bfa3cb73ffae89d59c9282e4737ff792,,copied byte-for-byte from source,,,,,historical Git workspace,Repository-owned code/provenance; license not supplied,10563 bytes,04adf679a1fbad14ae9aaab69d73f81feb93f450e44153c4f69226f76c36b7c5,2026-07-18,selected tests + checksum + static scan,,,,Uncommitted source tree captured; no historical manuscript claim is verified by migration alone,COPIED_CANONICAL
A0070,code/utilities/src/__pycache__/robustness.cpython-39.pyc,robustness.cpython-39.pyc,pyc,"reproducibility code, configuration, test, or provenance",VERIFIED_REPRODUCIBLE,/Users/luxinyu/Desktop/论文 1/src/__pycache__/robustness.cpython-39.pyc,codex/final-crop-ranking-paper,8da55744bfa3cb73ffae89d59c9282e4737ff792,,copied byte-for-byte from source,,,,,historical Git workspace,Repository-owned code/provenance; license not supplied,5771 bytes,0aa0bbb9ba01352aac2a233bf3ea164216d8ec126e76cc9d0e7139576f475a21,2026-07-18,selected tests + checksum + static scan,,,,Uncommitted source tree captured; no historical manuscript claim is verified by migration alone,COPIED_CANONICAL
A0071,code/utilities/src/__pycache__/scenario_generation.cpython-311.pyc,scenario_generation.cpython-311.pyc,pyc,"reproducibility code, configuration, test, or provenance",VERIFIED_REPRODUCIBLE,/Users/luxinyu/Desktop/论文 1/src/__pycache__/scenario_generation.cpython-311.pyc,codex/final-crop-ranking-paper,8da55744bfa3cb73ffae89d59c9282e4737ff792,,copied byte-for-byte from source,,,,20260703,historical Git workspace,Repository-owned code/provenance; license not supplied,7972 bytes,5c22d49bd6b5264c32b49f642bdc09a0f00a8f021be3378e915ba8496d35efa4,2026-07-18,selected tests + checksum + static scan,,,,Uncommitted source tree captured; no historical manuscript claim is verified by migration alone,COPIED_CANONICAL
A0072,code/utilities/src/__pycache__/scenario_generation.cpython-314.pyc,scenario_generation.cpython-314.pyc,pyc,"reproducibility code, configuration, test, or provenance",VERIFIED_REPRODUCIBLE,/Users/luxinyu/Desktop/论文 1/src/__pycache__/scenario_generation.cpython-314.pyc,codex/final-crop-ranking-paper,8da55744bfa3cb73ffae89d59c9282e4737ff792,,copied byte-for-byte from source,,,,20260703,historical Git workspace,Repository-owned code/provenance; license not supplied,7977 bytes,fb0fba8131084620a4e6a9216f0c4fba1637bc7b3245fc5263425696d77b95db,2026-07-18,selected tests + checksum + static scan,,,,Uncommitted source tree captured; no historical manuscript claim is verified by migration alone,COPIED_CANONICAL
A0073,code/utilities/src/__pycache__/scenario_generation.cpython-39.pyc,scenario_generation.cpython-39.pyc,pyc,"reproducibility code, configuration, test, or provenance",VERIFIED_REPRODUCIBLE,/Users/luxinyu/Desktop/论文 1/src/__pycache__/scenario_generation.cpython-39.pyc,codex/final-crop-ranking-paper,8da55744bfa3cb73ffae89d59c9282e4737ff792,,copied byte-for-byte from source,,,,20260703,historical Git workspace,Repository-owned code/provenance; license not supplied,4546 bytes,d506eced26802834e1e9573e9df9084f6f9529769d213961cfdef21165fc5319,2026-07-18,selected tests + checksum + static scan,,,,Uncommitted source tree captured; no historical manuscript claim is verified by migration alone,COPIED_CANONICAL
A0074,code/utilities/src/__pycache__/stress_calibration.cpython-314.pyc,stress_calibration.cpython-314.pyc,pyc,"reproducibility code, configuration, test, or provenance",VERIFIED_REPRODUCIBLE,/Users/luxinyu/Desktop/论文 1/src/__pycache__/stress_calibration.cpython-314.pyc,codex/final-crop-ranking-paper,8da55744bfa3cb73ffae89d59c9282e4737ff792,,copied byte-for-byte from source,,,,,historical Git workspace,Repository-owned code/provenance; license not supplied,37727 bytes,583739cd8c1e48776a174ac5a2ba410a0020a7736c80c525873f45ec7ae8043f,2026-07-18,selected tests + checksum + static scan,,,,Uncommitted source tree captured; no historical manuscript claim is verified by migration alone,COPIED_CANONICAL
A0075,code/utilities/src/__pycache__/stress_calibration.cpython-39.pyc,stress_calibration.cpython-39.pyc,pyc,"reproducibility code, configuration, test, or provenance",VERIFIED_REPRODUCIBLE,/Users/luxinyu/Desktop/论文 1/src/__pycache__/stress_calibration.cpython-39.pyc,codex/final-crop-ranking-paper,8da55744bfa3cb73ffae89d59c9282e4737ff792,,copied byte-for-byte from source,,,,,historical Git workspace,Repository-owned code/provenance; license not supplied,17525 bytes,cad81fdd86c9b1ab5a63be79e58fe082cb1e1cdbeefa80d458ecf1439832fbc0,2026-07-18,selected tests + checksum + static scan,,,,Uncommitted source tree captured; no historical manuscript claim is verified by migration alone,COPIED_CANONICAL
A0076,code/utilities/src/__pycache__/suitability.cpython-311.pyc,suitability.cpython-311.pyc,pyc,"reproducibility code, configuration, test, or provenance",VERIFIED_REPRODUCIBLE,/Users/luxinyu/Desktop/论文 1/src/__pycache__/suitability.cpython-311.pyc,codex/final-crop-ranking-paper,8da55744bfa3cb73ffae89d59c9282e4737ff792,,copied byte-for-byte from source,,,,,historical Git workspace,Repository-owned code/provenance; license not supplied,6104 bytes,977d7dbb0f95506555d2ce87e1f0bceba874e5c758ed681788d07015f0fa60ca,2026-07-18,selected tests + checksum + static scan,,,,Uncommitted source tree captured; no historical manuscript claim is verified by migration alone,COPIED_CANONICAL
A0077,code/utilities/src/__pycache__/suitability.cpython-314.pyc,suitability.cpython-314.pyc,pyc,"reproducibility code, configuration, test, or provenance",VERIFIED_REPRODUCIBLE,/Users/luxinyu/Desktop/论文 1/src/__pycache__/suitability.cpython-314.pyc,codex/final-crop-ranking-paper,8da55744bfa3cb73ffae89d59c9282e4737ff792,,copied byte-for-byte from source,,,,,historical Git workspace,Repository-owned code/provenance; license not supplied,6049 bytes,9359d4b1d136bb208323cf22d25a338d97b168501b573cc0d7d9444c473117e5,2026-07-18,selected tests + checksum + static scan,,,,Uncommitted source tree captured; no historical manuscript claim is verified by migration alone,COPIED_CANONICAL
A0078,code/utilities/src/__pycache__/suitability.cpython-39.pyc,suitability.cpython-39.pyc,pyc,"reproducibility code, configuration, test, or provenance",VERIFIED_REPRODUCIBLE,/Users/luxinyu/Desktop/论文 1/src/__pycache__/suitability.cpython-39.pyc,codex/final-crop-ranking-paper,8da55744bfa3cb73ffae89d59c9282e4737ff792,,copied byte-for-byte from source,,,,,historical Git workspace,Repository-owned code/provenance; license not supplied,2980 bytes,af2393d6c286a242b5093c2e5481e11e84e19d257f67a2380cddc3eca0a4d6b7,2026-07-18,selected tests + checksum + static scan,,,,Uncommitted source tree captured; no historical manuscript claim is verified by migration alone,COPIED_CANONICAL
A0079,code/utilities/src/__pycache__/supervisor_final_audit.cpython-314.pyc,supervisor_final_audit.cpython-314.pyc,pyc,"reproducibility code, configuration, test, or provenance",VERIFIED_REPRODUCIBLE,/Users/luxinyu/Desktop/论文 1/src/__pycache__/supervisor_final_audit.cpython-314.pyc,codex/final-crop-ranking-paper,8da55744bfa3cb73ffae89d59c9282e4737ff792,,copied byte-for-byte from source,,,,,historical Git workspace,Repository-owned code/provenance; license not supplied,52956 bytes,b3057646359518a7fd5dcc5c6665fb233e3cebffbe4cf8b99f0f4222f798135b,2026-07-18,selected tests + checksum + static scan,,,,Uncommitted source tree captured; no historical manuscript claim is verified by migration alone,COPIED_CANONICAL
A0080,code/utilities/src/__pycache__/supervisor_final_audit.cpython-39.pyc,supervisor_final_audit.cpython-39.pyc,pyc,"reproducibility code, configuration, test, or provenance",VERIFIED_REPRODUCIBLE,/Users/luxinyu/Desktop/论文 1/src/__pycache__/supervisor_final_audit.cpython-39.pyc,codex/final-crop-ranking-paper,8da55744bfa3cb73ffae89d59c9282e4737ff792,,copied byte-for-byte from source,,,,,historical Git workspace,Repository-owned code/provenance; license not supplied,25957 bytes,b170f1e68d4ffd27c493370105b85391b201f5ec10bc8feb0ec470ac0b36591d,2026-07-18,selected tests + checksum + static scan,,,,Uncommitted source tree captured; no historical manuscript claim is verified by migration alone,COPIED_CANONICAL
A0081,code/utilities/src/__pycache__/table_export.cpython-314.pyc,table_export.cpython-314.pyc,pyc,"reproducibility code, configuration, test, or provenance",VERIFIED_REPRODUCIBLE,/Users/luxinyu/Desktop/论文 1/src/__pycache__/table_export.cpython-314.pyc,codex/final-crop-ranking-paper,8da55744bfa3cb73ffae89d59c9282e4737ff792,,copied byte-for-byte from source,,,,,historical Git workspace,Repository-owned code/provenance; license not supplied,4124 bytes,6cf9faa9ef8425517b99d7306752de29c99cd7633f61e41ca6e2ac12126d1b6e,2026-07-18,selected tests + checksum + static scan,,,,Uncommitted source tree captured; no historical manuscript claim is verified by migration alone,COPIED_CANONICAL
A0082,code/utilities/src/__pycache__/table_export.cpython-39.pyc,table_export.cpython-39.pyc,pyc,"reproducibility code, configuration, test, or provenance",VERIFIED_REPRODUCIBLE,/Users/luxinyu/Desktop/论文 1/src/__pycache__/table_export.cpython-39.pyc,codex/final-crop-ranking-paper,8da55744bfa3cb73ffae89d59c9282e4737ff792,,copied byte-for-byte from source,,,,,historical Git workspace,Repository-owned code/provenance; license not supplied,2179 bytes,ad4cb23fb1bd23b50bda001bbee94ae4b470e1bd6543a24ef4bcf0f91fd96dcd,2026-07-18,selected tests + checksum + static scan,,,,Uncommitted source tree captured; no historical manuscript claim is verified by migration alone,COPIED_CANONICAL
A0083,code/utilities/src/__pycache__/teacher_review_analysis.cpython-314.pyc,teacher_review_analysis.cpython-314.pyc,pyc,"reproducibility code, configuration, test, or provenance",VERIFIED_REPRODUCIBLE,/Users/luxinyu/Desktop/论文 1/src/__pycache__/teacher_review_analysis.cpython-314.pyc,codex/final-crop-ranking-paper,8da55744bfa3cb73ffae89d59c9282e4737ff792,,copied byte-for-byte from source,,,,,historical Git workspace,Repository-owned code/provenance; license not supplied,60180 bytes,fc3255f8c89c89d198aaeee41a4be2500325a7f2610b296f96441b9369c6781f,2026-07-18,selected tests + checksum + static scan,,,,Uncommitted source tree captured; no historical manuscript claim is verified by migration alone,COPIED_CANONICAL
A0084,code/utilities/src/__pycache__/teacher_review_analysis.cpython-39.pyc,teacher_review_analysis.cpython-39.pyc,pyc,"reproducibility code, configuration, test, or provenance",VERIFIED_REPRODUCIBLE,/Users/luxinyu/Desktop/论文 1/src/__pycache__/teacher_review_analysis.cpython-39.pyc,codex/final-crop-ranking-paper,8da55744bfa3cb73ffae89d59c9282e4737ff792,,copied byte-for-byte from source,,,,,historical Git workspace,Repository-owned code/provenance; license not supplied,28730 bytes,67e90daff1ed33a85bc2c72f5fd139da8ae36b4b2bc1074512b9c2cc86bc49e2,2026-07-18,selected tests + checksum + static scan,,,,Uncommitted source tree captured; no historical manuscript claim is verified by migration alone,COPIED_CANONICAL
A0085,code/utilities/src/__pycache__/visualization_style.cpython-314.pyc,visualization_style.cpython-314.pyc,pyc,"reproducibility code, configuration, test, or provenance",VERIFIED_REPRODUCIBLE,/Users/luxinyu/Desktop/论文 1/src/__pycache__/visualization_style.cpython-314.pyc,codex/final-crop-ranking-paper,8da55744bfa3cb73ffae89d59c9282e4737ff792,,copied byte-for-byte from source,,,,,historical Git workspace,Repository-owned code/provenance; license not supplied,7604 bytes,e986388fee5838453e5da641e757064b4b8521533d108178e792b58202900980,2026-07-18,selected tests + checksum + static scan,,,,Uncommitted source tree captured; no historical manuscript claim is verified by migration alone,COPIED_CANONICAL
A0086,code/utilities/src/__pycache__/visualization_style.cpython-39.pyc,visualization_style.cpython-39.pyc,pyc,"reproducibility code, configuration, test, or provenance",VERIFIED_REPRODUCIBLE,/Users/luxinyu/Desktop/论文 1/src/__pycache__/visualization_style.cpython-39.pyc,codex/final-crop-ranking-paper,8da55744bfa3cb73ffae89d59c9282e4737ff792,,copied byte-for-byte from source,,,,,historical Git workspace,Repository-owned code/provenance; license not supplied,5030 bytes,8441c1418d7c82463622318191e5226083e4cc6fee1e6851be2a5c2eda5eeeb0,2026-07-18,selected tests + checksum + static scan,,,,Uncommitted source tree captured; no historical manuscript claim is verified by migration alone,COPIED_CANONICAL
A0087,code/utilities/src/benchmark_policies.py,benchmark_policies.py,py,"reproducibility code, configuration, test, or provenance",VERIFIED_REPRODUCIBLE,/Users/luxinyu/Desktop/论文 1/src/benchmark_policies.py,codex/final-crop-ranking-paper,8da55744bfa3cb73ffae89d59c9282e4737ff792,,copied byte-for-byte from source,,,,,historical Git workspace,Repository-owned code/provenance; license not supplied,274,8f92c2e63abcd21ad2f9bd14511c0c728ccdef6e2a4250ea928aa0ed40ec1eeb,2026-07-18,selected tests + checksum + static scan,,,,Uncommitted source tree captured; no historical manuscript claim is verified by migration alone,COPIED_CANONICAL
A0088,code/utilities/src/copula_models.py,copula_models.py,py,"reproducibility code, configuration, test, or provenance",VERIFIED_REPRODUCIBLE,/Users/luxinyu/Desktop/论文 1/src/copula_models.py,codex/final-crop-ranking-paper,8da55744bfa3cb73ffae89d59c9282e4737ff792,,copied byte-for-byte from source,,,,,historical Git workspace,Repository-owned code/provenance; license not supplied,134,b8922168cca52f5bff1252610c83fdca26282fe2c3190d482084b5670849d1c1,2026-07-18,selected tests + checksum + static scan,,,,Uncommitted source tree captured; no historical manuscript claim is verified by migration alone,COPIED_CANONICAL
A0089,code/utilities/src/cvar_optimizer.py,cvar_optimizer.py,py,"reproducibility code, configuration, test, or provenance",VERIFIED_REPRODUCIBLE,/Users/luxinyu/Desktop/论文 1/src/cvar_optimizer.py,codex/final-crop-ranking-paper,8da55744bfa3cb73ffae89d59c9282e4737ff792,,copied byte-for-byte from source,,,,,historical Git workspace,Repository-owned code/provenance; license not supplied,344,8edf4bc8486dcef788bf5748f4cf555292f882a8ca36d395762e1dca6ef1ceb8,2026-07-18,selected tests + checksum + static scan,,,,Uncommitted source tree captured; no historical manuscript claim is verified by migration alone,COPIED_CANONICAL
A0090,code/utilities/src/empirical_data.py,empirical_data.py,py,"reproducibility code, configuration, test, or provenance",VERIFIED_REPRODUCIBLE,/Users/luxinyu/Desktop/论文 1/src/empirical_data.py,codex/final-crop-ranking-paper,8da55744bfa3cb73ffae89d59c9282e4737ff792,,copied byte-for-byte from source,,,,,historical Git workspace,Repository-owned code/provenance; license not supplied,975,8d6945cc42b003a68b549b13927da46629193ba884a46fdf3202a6a6e29a6d05,2026-07-18,selected tests + checksum + static scan,,,,Uncommitted source tree captured; no historical manuscript claim is verified by migration alone,COPIED_CANONICAL
A0091,code/utilities/src/empirical_dependence.py,empirical_dependence.py,py,"reproducibility code, configuration, test, or provenance",VERIFIED_REPRODUCIBLE,/Users/luxinyu/Desktop/论文 1/src/empirical_dependence.py,codex/final-crop-ranking-paper,8da55744bfa3cb73ffae89d59c9282e4737ff792,,copied byte-for-byte from source,,,,,historical Git workspace,Repository-owned code/provenance; license not supplied,199,65abb92372f4e5df7e6de0e8536724f1de23a5373ff088de5a32c63f78c2261b,2026-07-18,selected tests + checksum + static scan,,,,Uncommitted source tree captured; no historical manuscript claim is verified by migration alone,COPIED_CANONICAL
A0092,code/utilities/src/empirical_scenarios.py,empirical_scenarios.py,py,"reproducibility code, configuration, test, or provenance",VERIFIED_REPRODUCIBLE,/Users/luxinyu/Desktop/论文 1/src/empirical_scenarios.py,codex/final-crop-ranking-paper,8da55744bfa3cb73ffae89d59c9282e4737ff792,,copied byte-for-byte from source,,,,20260703,historical Git workspace,Repository-owned code/provenance; license not supplied,89,04d6e83ff4d2e5ca63292df82ecddf8dd9d6aefe784a7c88d9cba8206ab02c22,2026-07-18,selected tests + checksum + static scan,,,,Uncommitted source tree captured; no historical manuscript claim is verified by migration alone,COPIED_CANONICAL
A0093,code/utilities/src/empirical_validation.py,empirical_validation.py,py,"reproducibility code, configuration, test, or provenance",VERIFIED_REPRODUCIBLE,/Users/luxinyu/Desktop/论文 1/src/empirical_validation.py,codex/final-crop-ranking-paper,8da55744bfa3cb73ffae89d59c9282e4737ff792,,copied byte-for-byte from source,,,,,historical Git workspace,Repository-owned code/provenance; license not supplied,443,1e1ebda349b41b4b97214bfb37cad3bd65da23b1713f873f614190ea14a25b05,2026-07-18,selected tests + checksum + static scan,,,,Uncommitted source tree captured; no historical manuscript claim is verified by migration alone,COPIED_CANONICAL
A0094,code/utilities/src/evaluation.py,evaluation.py,py,"reproducibility code, configuration, test, or provenance",VERIFIED_REPRODUCIBLE,/Users/luxinyu/Desktop/论文 1/src/evaluation.py,codex/final-crop-ranking-paper,8da55744bfa3cb73ffae89d59c9282e4737ff792,,copied byte-for-byte from source,,,,,historical Git workspace,Repository-owned code/provenance; license not supplied,115,6b605d40a2eba11ac68563a49434fe700c9f461524efe0fdacd3ee094983679b,2026-07-18,selected tests + checksum + static scan,,,,Uncommitted source tree captured; no historical manuscript claim is verified by migration alone,COPIED_CANONICAL
A0095,code/utilities/src/information_flexibility.py,information_flexibility.py,py,"reproducibility code, configuration, test, or provenance",VERIFIED_REPRODUCIBLE,/Users/luxinyu/Desktop/论文 1/src/information_flexibility.py,codex/final-crop-ranking-paper,8da55744bfa3cb73ffae89d59c9282e4737ff792,,copied byte-for-byte from source,,,,,historical Git workspace,Repository-owned code/provenance; license not supplied,122,243080c97b15dfeaae0634dd8e70acb59cb846af199dc1a56f1afe68c5aa223f,2026-07-18,selected tests + checksum + static scan,,,,Uncommitted source tree captured; no historical manuscript claim is verified by migration alone,COPIED_CANONICAL
A0096,code/utilities/src/numerical_tolerances.py,numerical_tolerances.py,py,"reproducibility code, configuration, test, or provenance",VERIFIED_REPRODUCIBLE,/Users/luxinyu/Desktop/论文 1/src/numerical_tolerances.py,codex/final-crop-ranking-paper,8da55744bfa3cb73ffae89d59c9282e4737ff792,,copied byte-for-byte from source,,,,,historical Git workspace,Repository-owned code/provenance; license not supplied,67,be0a672d74dd3fe155378f7360f6aed1dee1ed5cf0bd737413b6b76d98d24480,2026-07-18,selected tests + checksum + static scan,,,,Uncommitted source tree captured; no historical manuscript claim is verified by migration alone,COPIED_CANONICAL
A0097,code/utilities/src/optimal_set_audit.py,optimal_set_audit.py,py,"reproducibility code, configuration, test, or provenance",VERIFIED_REPRODUCIBLE,/Users/luxinyu/Desktop/论文 1/src/optimal_set_audit.py,codex/final-crop-ranking-paper,8da55744bfa3cb73ffae89d59c9282e4737ff792,,copied byte-for-byte from source,,,,,historical Git workspace,Repository-owned code/provenance; license not supplied,166,8198ed92282bf8cd8720154b21bb414ec94c30b3e10a5e70079a74da9c64d90a,2026-07-18,selected tests + checksum + static scan,,,,Uncommitted source tree captured; no historical manuscript claim is verified by migration alone,COPIED_CANONICAL
A0098,code/utilities/src/plotting.py,plotting.py,py,"reproducibility code, configuration, test, or provenance",VERIFIED_REPRODUCIBLE,/Users/luxinyu/Desktop/论文 1/src/plotting.py,codex/final-crop-ranking-paper,8da55744bfa3cb73ffae89d59c9282e4737ff792,,copied byte-for-byte from source,,,,,historical Git workspace,Repository-owned code/provenance; license not supplied,359,800d75aae3ccde459a0fcdff2fc4a54ba1fe5f8de5f3196d4fb5f8e2adfc44ff,2026-07-18,selected tests + checksum + static scan,,,,Uncommitted source tree captured; no historical manuscript claim is verified by migration alone,COPIED_CANONICAL
A0099,code/utilities/src/publication_tables.py,publication_tables.py,py,"reproducibility code, configuration, test, or provenance",VERIFIED_REPRODUCIBLE,/Users/luxinyu/Desktop/论文 1/src/publication_tables.py,codex/final-crop-ranking-paper,8da55744bfa3cb73ffae89d59c9282e4737ff792,,copied byte-for-byte from source,,,,,historical Git workspace,Repository-owned code/provenance; license not supplied,857,7684e8596b746cf71dec5bdcf84e15f78dc66d4a6fc72ddf718104bbd142bf40,2026-07-18,selected tests + checksum + static scan,,,,Uncommitted source tree captured; no historical manuscript claim is verified by migration alone,COPIED_CANONICAL
A0100,code/utilities/src/robustness.py,robustness.py,py,"reproducibility code, configuration, test, or provenance",VERIFIED_REPRODUCIBLE,/Users/luxinyu/Desktop/论文 1/src/robustness.py,codex/final-crop-ranking-paper,8da55744bfa3cb73ffae89d59c9282e4737ff792,,copied byte-for-byte from source,,,,,historical Git workspace,Repository-owned code/provenance; license not supplied,174,d149ee3d28b1ad144a9cab56436f7747b3e53512db0ec6b960a9b2dd4d9f2c53,2026-07-18,selected tests + checksum + static scan,,,,Uncommitted source tree captured; no historical manuscript claim is verified by migration alone,COPIED_CANONICAL
A0101,code/utilities/src/scenario_generation.py,scenario_generation.py,py,"reproducibility code, configuration, test, or provenance",VERIFIED_REPRODUCIBLE,/Users/luxinyu/Desktop/论文 1/src/scenario_generation.py,codex/final-crop-ranking-paper,8da55744bfa3cb73ffae89d59c9282e4737ff792,,copied byte-for-byte from source,,,,20260703,historical Git workspace,Repository-owned code/provenance; license not supplied,136,c37d9709f37d046a627da8544283d69d80c1084b436f642bfef3906403c29216,2026-07-18,selected tests + checksum + static scan,,,,Uncommitted source tree captured; no historical manuscript claim is verified by migration alone,COPIED_CANONICAL
A0102,code/utilities/src/stress_calibration.py,stress_calibration.py,py,"reproducibility code, configuration, test, or provenance",VERIFIED_REPRODUCIBLE,/Users/luxinyu/Desktop/论文 1/src/stress_calibration.py,codex/final-crop-ranking-paper,8da55744bfa3cb73ffae89d59c9282e4737ff792,,copied byte-for-byte from source,,,,,historical Git workspace,Repository-owned code/provenance; license not supplied,657,388ca93de73d22d5f013c0b43983dd98171bb2e7f6fb49bc205eac879abe6002,2026-07-18,selected tests + checksum + static scan,,,,Uncommitted source tree captured; no historical manuscript claim is verified by migration alone,COPIED_CANONICAL
A0103,code/utilities/src/suitability.py,suitability.py,py,"reproducibility code, configuration, test, or provenance",VERIFIED_REPRODUCIBLE,/Users/luxinyu/Desktop/论文 1/src/suitability.py,codex/final-crop-ranking-paper,8da55744bfa3cb73ffae89d59c9282e4737ff792,,copied byte-for-byte from source,,,,,historical Git workspace,Repository-owned code/provenance; license not supplied,100,c135cad3ddfcb28f79d7012214ba06a4a0fee1a4a3222ab238c7548829386f11,2026-07-18,selected tests + checksum + static scan,,,,Uncommitted source tree captured; no historical manuscript claim is verified by migration alone,COPIED_CANONICAL
A0104,code/utilities/src/supervisor_final_audit.py,supervisor_final_audit.py,py,"reproducibility code, configuration, test, or provenance",VERIFIED_REPRODUCIBLE,/Users/luxinyu/Desktop/论文 1/src/supervisor_final_audit.py,codex/final-crop-ranking-paper,8da55744bfa3cb73ffae89d59c9282e4737ff792,,copied byte-for-byte from source,,,,,historical Git workspace,Repository-owned code/provenance; license not supplied,625,468d22745e60801279c34189550f6f7e30be40888ca4449594555875a8be619a,2026-07-18,selected tests + checksum + static scan,,,,Uncommitted source tree captured; no historical manuscript claim is verified by migration alone,COPIED_CANONICAL
A0105,code/utilities/src/table_export.py,table_export.py,py,"reproducibility code, configuration, test, or provenance",VERIFIED_REPRODUCIBLE,/Users/luxinyu/Desktop/论文 1/src/table_export.py,codex/final-crop-ranking-paper,8da55744bfa3cb73ffae89d59c9282e4737ff792,,copied byte-for-byte from source,,,,,historical Git workspace,Repository-owned code/provenance; license not supplied,75,2167e0032b1e9517606be3cab00035fa372eeefd73204df6e54d9198bd028e0e,2026-07-18,selected tests + checksum + static scan,,,,Uncommitted source tree captured; no historical manuscript claim is verified by migration alone,COPIED_CANONICAL
A0106,code/utilities/src/teacher_review_analysis.py,teacher_review_analysis.py,py,"reproducibility code, configuration, test, or provenance",VERIFIED_REPRODUCIBLE,/Users/luxinyu/Desktop/论文 1/src/teacher_review_analysis.py,codex/final-crop-ranking-paper,8da55744bfa3cb73ffae89d59c9282e4737ff792,,copied byte-for-byte from source,,,,,historical Git workspace,Repository-owned code/provenance; license not supplied,645,8f0e307123fb6a77f2937e7558164d2a6ffc299cedd215af437b2813a3fe538d,2026-07-18,selected tests + checksum + static scan,,,,Uncommitted source tree captured; no historical manuscript claim is verified by migration alone,COPIED_CANONICAL
A0107,code/utilities/src/visualization_style.py,visualization_style.py,py,"reproducibility code, configuration, test, or provenance",VERIFIED_REPRODUCIBLE,/Users/luxinyu/Desktop/论文 1/src/visualization_style.py,codex/final-crop-ranking-paper,8da55744bfa3cb73ffae89d59c9282e4737ff792,,copied byte-for-byte from source,,,,,historical Git workspace,Repository-owned code/provenance; license not supplied,215,c1d683a97c5b20fc8280c79d5a5763b1e8ca5d367b437081ad01cabfc414451b,2026-07-18,selected tests + checksum + static scan,,,,Uncommitted source tree captured; no historical manuscript claim is verified by migration alone,COPIED_CANONICAL
A0108,configs/base_config.yaml,base_config.yaml,yaml,"reproducibility code, configuration, test, or provenance",VERIFIED_REPRODUCIBLE,/Users/luxinyu/Desktop/论文 1/configs/base_config.yaml,codex/final-crop-ranking-paper,8da55744bfa3cb73ffae89d59c9282e4737ff792,,copied byte-for-byte from source,,,,,historical Git workspace,Repository-owned code/provenance; license not supplied,82,729a9875be6867f7d7a4f2ba12afc956dbdf4bc9a4ea281e53055d22f76e7534,2026-07-18,selected tests + checksum + static scan,,,,Uncommitted source tree captured; no historical manuscript claim is verified by migration alone,COPIED_CANONICAL
A0109,configs/empirical_data_sources.yaml,empirical_data_sources.yaml,yaml,"reproducibility code, configuration, test, or provenance",VERIFIED_REPRODUCIBLE,/Users/luxinyu/Desktop/论文 1/configs/empirical_data_sources.yaml,codex/final-crop-ranking-paper,8da55744bfa3cb73ffae89d59c9282e4737ff792,,copied byte-for-byte from source,,,,,historical Git workspace,Repository-owned code/provenance; license not supplied,113,5f9c0680e066a841f78ca1d05e8d1837243b77f4ae508d8ca6553ae3ff4f9693,2026-07-18,selected tests + checksum + static scan,,,,Uncommitted source tree captured; no historical manuscript claim is verified by migration alone,COPIED_CANONICAL
A0110,configs/empirical_pilot.yaml,empirical_pilot.yaml,yaml,"reproducibility code, configuration, test, or provenance",VERIFIED_REPRODUCIBLE,/Users/luxinyu/Desktop/论文 1/configs/empirical_pilot.yaml,codex/final-crop-ranking-paper,8da55744bfa3cb73ffae89d59c9282e4737ff792,,copied byte-for-byte from source,,,,,historical Git workspace,Repository-owned code/provenance; license not supplied,43,d02920fcbed6eeddfa4865fa15bbb8f65939d243ac87f65bf5d68ab22da4c1bb,2026-07-18,selected tests + checksum + static scan,,,,Uncommitted source tree captured; no historical manuscript claim is verified by migration alone,COPIED_CANONICAL
A0111,configs/empirical_primary_spec.yaml,empirical_primary_spec.yaml,yaml,"reproducibility code, configuration, test, or provenance",VERIFIED_REPRODUCIBLE,/Users/luxinyu/Desktop/论文 1/configs/empirical_primary_spec.yaml,codex/final-crop-ranking-paper,8da55744bfa3cb73ffae89d59c9282e4737ff792,,copied byte-for-byte from source,,,,,historical Git workspace,Repository-owned code/provenance; license not supplied,57,1c1c29375caed97480e7eee148c9ff10ac5842cf22f1a90dba6e347bd9ca88c9,2026-07-18,selected tests + checksum + static scan,,,,Uncommitted source tree captured; no historical manuscript claim is verified by migration alone,COPIED_CANONICAL
A0112,configs/figure_style.yaml,figure_style.yaml,yaml,"reproducibility code, configuration, test, or provenance",VERIFIED_REPRODUCIBLE,/Users/luxinyu/Desktop/论文 1/configs/figure_style.yaml,codex/final-crop-ranking-paper,8da55744bfa3cb73ffae89d59c9282e4737ff792,,copied byte-for-byte from source,,,,,historical Git workspace,Repository-owned code/provenance; license not supplied,53,2c2ce55b82599eed922753400a6ce4df51fca22a49002af2323ab9b95aa4646c,2026-07-18,selected tests + checksum + static scan,,,,Uncommitted source tree captured; no historical manuscript claim is verified by migration alone,COPIED_CANONICAL
A0113,configs/numerical_tolerances.yaml,numerical_tolerances.yaml,yaml,"reproducibility code, configuration, test, or provenance",VERIFIED_REPRODUCIBLE,/Users/luxinyu/Desktop/论文 1/configs/numerical_tolerances.yaml,codex/final-crop-ranking-paper,8da55744bfa3cb73ffae89d59c9282e4737ff792,,copied byte-for-byte from source,,,,,historical Git workspace,Repository-owned code/provenance; license not supplied,26,4b927fe78b9d1e7774669b066289d898b41f0710d74cccabffe7cb4f8d606c87,2026-07-18,selected tests + checksum + static scan,,,,Uncommitted source tree captured; no historical manuscript claim is verified by migration alone,COPIED_CANONICAL
A0114,configs/submission_target.yaml,submission_target.yaml,yaml,"reproducibility code, configuration, test, or provenance",VERIFIED_REPRODUCIBLE,/Users/luxinyu/Desktop/论文 1/configs/submission_target.yaml,codex/final-crop-ranking-paper,8da55744bfa3cb73ffae89d59c9282e4737ff792,,copied byte-for-byte from source,,,,,historical Git workspace,Repository-owned code/provenance; license not supplied,16,04ff3d976a81c527d6dad5d5e57ea2923e420c071357dba878a5144d1ae67401,2026-07-18,selected tests + checksum + static scan,,,,Uncommitted source tree captured; no historical manuscript claim is verified by migration alone,COPIED_CANONICAL
A0115,data/processed/county_year_crop_panel.csv,county_year_crop_panel.csv,csv,processed empirical panel or suitability input,VERIFIED_REPRODUCIBLE,/Users/luxinyu/Desktop/论文 1/data/processed/county_year_crop_panel.csv,codex/final-crop-ranking-paper,8da55744bfa3cb73ffae89d59c9282e4737ff792,,copied byte-for-byte from source,,,,,derived from documented public inputs,Public source; confirm agency terms and citation before publication,95182,a43ecf5848f6eb1effedc204c7404fb51f574a1fa23a10ea1f017aa534c22262,2026-07-18,selected tests + checksum + static scan,,,,Uncommitted source tree captured; no historical manuscript claim is verified by migration alone,COPIED_CANONICAL
A0116,data/processed/county_year_crop_panel.parquet,county_year_crop_panel.parquet,parquet,processed empirical panel or suitability input,VERIFIED_REPRODUCIBLE,/Users/luxinyu/Desktop/论文 1/data/processed/county_year_crop_panel.parquet,codex/final-crop-ranking-paper,8da55744bfa3cb73ffae89d59c9282e4737ff792,,copied byte-for-byte from source,,,,,derived from documented public inputs,Public source; confirm agency terms and citation before publication,1380011 bytes,5d39b7cefcae9912df2a9ee4e434ac9cf197420973ec61dd8457683ecc8e888f,2026-07-18,selected tests + checksum + static scan,,,,Uncommitted source tree captured; no historical manuscript claim is verified by migration alone,COPIED_CANONICAL
A0117,data/processed/empirical_suitability_scores.csv,empirical_suitability_scores.csv,csv,processed empirical panel or suitability input,VERIFIED_REPRODUCIBLE,/Users/luxinyu/Desktop/论文 1/data/processed/empirical_suitability_scores.csv,codex/final-crop-ranking-paper,8da55744bfa3cb73ffae89d59c9282e4737ff792,,copied byte-for-byte from source,,,,,derived from documented public inputs,Public source; confirm agency terms and citation before publication,132413,459f9c60c7bdf17514f5ab29d81d55ecfc600c9becb00a2d171d3e7bd274fea4,2026-07-18,selected tests + checksum + static scan,,,,Uncommitted source tree captured; no historical manuscript claim is verified by migration alone,COPIED_CANONICAL
A0118,data/raw/acreage/nass_acreage_harvested_barley_2005_2025.csv,nass_acreage_harvested_barley_2005_2025.csv,csv,raw public agricultural/economic input,REPRODUCIBLE_WITH_EXTERNAL_DOWNLOAD,/Users/luxinyu/Desktop/论文 1/data/raw/acreage/nass_acreage_harvested_barley_2005_2025.csv,codex/final-crop-ranking-paper,8da55744bfa3cb73ffae89d59c9282e4737ff792,,copied byte-for-byte from source,,,,,USDA NASS/ERS or BEA; see sidecar metadata,Public source; confirm agency terms and citation before publication,5527,f51f65812d631eae4dadc980035ea6a5ffc59f0189ff9bb88cbd8f333b9bbea2,2026-07-18,selected tests + checksum + static scan,,,,Uncommitted source tree captured; no historical manuscript claim is verified by migration alone,COPIED_CANONICAL
A0119,data/raw/acreage/nass_acreage_harvested_barley_2005_2025.metadata.json,nass_acreage_harvested_barley_2005_2025.metadata.json,json,raw public agricultural/economic input,REPRODUCIBLE_WITH_EXTERNAL_DOWNLOAD,/Users/luxinyu/Desktop/论文 1/data/raw/acreage/nass_acreage_harvested_barley_2005_2025.metadata.json,codex/final-crop-ranking-paper,8da55744bfa3cb73ffae89d59c9282e4737ff792,,copied byte-for-byte from source,,,,,USDA NASS/ERS or BEA; see sidecar metadata,Public source; confirm agency terms and citation before publication,669 bytes,ba931c192f89c6c4bdfdcc3914ce99ff3b655421470606b21b0a3c03fe1cca29,2026-07-18,selected tests + checksum + static scan,,,,Uncommitted source tree captured; no historical manuscript claim is verified by migration alone,COPIED_CANONICAL
A0120,data/raw/acreage/nass_acreage_harvested_corn_2005_2025.csv,nass_acreage_harvested_corn_2005_2025.csv,csv,raw public agricultural/economic input,REPRODUCIBLE_WITH_EXTERNAL_DOWNLOAD,/Users/luxinyu/Desktop/论文 1/data/raw/acreage/nass_acreage_harvested_corn_2005_2025.csv,codex/final-crop-ranking-paper,8da55744bfa3cb73ffae89d59c9282e4737ff792,,copied byte-for-byte from source,,,,,USDA NASS/ERS or BEA; see sidecar metadata,Public source; confirm agency terms and citation before publication,47729,02322506547870e6bc3a58d03019735ec91d8fd7363ea12729587dce19a9364c,2026-07-18,selected tests + checksum + static scan,,,,Uncommitted source tree captured; no historical manuscript claim is verified by migration alone,COPIED_CANONICAL
A0121,data/raw/acreage/nass_acreage_harvested_corn_2005_2025.metadata.json,nass_acreage_harvested_corn_2005_2025.metadata.json,json,raw public agricultural/economic input,REPRODUCIBLE_WITH_EXTERNAL_DOWNLOAD,/Users/luxinyu/Desktop/论文 1/data/raw/acreage/nass_acreage_harvested_corn_2005_2025.metadata.json,codex/final-crop-ranking-paper,8da55744bfa3cb73ffae89d59c9282e4737ff792,,copied byte-for-byte from source,,,,,USDA NASS/ERS or BEA; see sidecar metadata,Public source; confirm agency terms and citation before publication,668 bytes,df2dc9b4b0e7a54eddcae383a9b3f9d5ba33add671a59a4cf92b6cec01d9002d,2026-07-18,selected tests + checksum + static scan,,,,Uncommitted source tree captured; no historical manuscript claim is verified by migration alone,COPIED_CANONICAL
A0122,data/raw/acreage/nass_acreage_harvested_oats_2005_2025.csv,nass_acreage_harvested_oats_2005_2025.csv,csv,raw public agricultural/economic input,REPRODUCIBLE_WITH_EXTERNAL_DOWNLOAD,/Users/luxinyu/Desktop/论文 1/data/raw/acreage/nass_acreage_harvested_oats_2005_2025.csv,codex/final-crop-ranking-paper,8da55744bfa3cb73ffae89d59c9282e4737ff792,,copied byte-for-byte from source,,,,,USDA NASS/ERS or BEA; see sidecar metadata,Public source; confirm agency terms and citation before publication,9732,9e182471c37c8cde9979fdf268ac241751126b80d489b96c00f9f0dba99d6ca0,2026-07-18,selected tests + checksum + static scan,,,,Uncommitted source tree captured; no historical manuscript claim is verified by migration alone,COPIED_CANONICAL
A0123,data/raw/acreage/nass_acreage_harvested_oats_2005_2025.metadata.json,nass_acreage_harvested_oats_2005_2025.metadata.json,json,raw public agricultural/economic input,REPRODUCIBLE_WITH_EXTERNAL_DOWNLOAD,/Users/luxinyu/Desktop/论文 1/data/raw/acreage/nass_acreage_harvested_oats_2005_2025.metadata.json,codex/final-crop-ranking-paper,8da55744bfa3cb73ffae89d59c9282e4737ff792,,copied byte-for-byte from source,,,,,USDA NASS/ERS or BEA; see sidecar metadata,Public source; confirm agency terms and citation before publication,667 bytes,3e8dbe5f1cd41dc6ebc25a08e669412d89384c3f84bc503205aca038a40761dd,2026-07-18,selected tests + checksum + static scan,,,,Uncommitted source tree captured; no historical manuscript claim is verified by migration alone,COPIED_CANONICAL
A0124,data/raw/acreage/nass_acreage_harvested_soybean_2005_2025.csv,nass_acreage_harvested_soybean_2005_2025.csv,csv,raw public agricultural/economic input,REPRODUCIBLE_WITH_EXTERNAL_DOWNLOAD,/Users/luxinyu/Desktop/论文 1/data/raw/acreage/nass_acreage_harvested_soybean_2005_2025.csv,codex/final-crop-ranking-paper,8da55744bfa3cb73ffae89d59c9282e4737ff792,,copied byte-for-byte from source,,,,,USDA NASS/ERS or BEA; see sidecar metadata,Public source; confirm agency terms and citation before publication,33378,e33e8092f5f2d4a070fdb5274c94902fca197936846c5cd784aafbf7741f9963,2026-07-18,selected tests + checksum + static scan,,,,Uncommitted source tree captured; no historical manuscript claim is verified by migration alone,COPIED_CANONICAL
A0125,data/raw/acreage/nass_acreage_harvested_soybean_2005_2025.metadata.json,nass_acreage_harvested_soybean_2005_2025.metadata.json,json,raw public agricultural/economic input,REPRODUCIBLE_WITH_EXTERNAL_DOWNLOAD,/Users/luxinyu/Desktop/论文 1/data/raw/acreage/nass_acreage_harvested_soybean_2005_2025.metadata.json,codex/final-crop-ranking-paper,8da55744bfa3cb73ffae89d59c9282e4737ff792,,copied byte-for-byte from source,,,,,USDA NASS/ERS or BEA; see sidecar metadata,Public source; confirm agency terms and citation before publication,672 bytes,f5bf94ef5e22d3d60ea60ffed8e2a224fee7e7585cafd490388b33a5a69853e6,2026-07-18,selected tests + checksum + static scan,,,,Uncommitted source tree captured; no historical manuscript claim is verified by migration alone,COPIED_CANONICAL
A0126,data/raw/acreage/nass_acreage_harvested_winter_wheat_2005_2025.csv,nass_acreage_harvested_winter_wheat_2005_2025.csv,csv,raw public agricultural/economic input,REPRODUCIBLE_WITH_EXTERNAL_DOWNLOAD,/Users/luxinyu/Desktop/论文 1/data/raw/acreage/nass_acreage_harvested_winter_wheat_2005_2025.csv,codex/final-crop-ranking-paper,8da55744bfa3cb73ffae89d59c9282e4737ff792,,copied byte-for-byte from source,,,,,USDA NASS/ERS or BEA; see sidecar metadata,Public source; confirm agency terms and citation before publication,29825,4cbb7ffb91158066afc2d2fbda2662d67a3d0f057bcd8771b8c805722b09117a,2026-07-18,selected tests + checksum + static scan,,,,Uncommitted source tree captured; no historical manuscript claim is verified by migration alone,COPIED_CANONICAL
A0127,data/raw/acreage/nass_acreage_harvested_winter_wheat_2005_2025.metadata.json,nass_acreage_harvested_winter_wheat_2005_2025.metadata.json,json,raw public agricultural/economic input,REPRODUCIBLE_WITH_EXTERNAL_DOWNLOAD,/Users/luxinyu/Desktop/论文 1/data/raw/acreage/nass_acreage_harvested_winter_wheat_2005_2025.metadata.json,codex/final-crop-ranking-paper,8da55744bfa3cb73ffae89d59c9282e4737ff792,,copied byte-for-byte from source,,,,,USDA NASS/ERS or BEA; see sidecar metadata,Public source; confirm agency terms and citation before publication,697 bytes,7607c443447959aaf60e7483900eb2e526d6fbf620e04e9cb7db5366c12c5e22,2026-07-18,selected tests + checksum + static scan,,,,Uncommitted source tree captured; no historical manuscript claim is verified by migration alone,COPIED_CANONICAL
A0128,data/raw/acreage/nass_acreage_planted_barley_2005_2025.csv,nass_acreage_planted_barley_2005_2025.csv,csv,raw public agricultural/economic input,REPRODUCIBLE_WITH_EXTERNAL_DOWNLOAD,/Users/luxinyu/Desktop/论文 1/data/raw/acreage/nass_acreage_planted_barley_2005_2025.csv,codex/final-crop-ranking-paper,8da55744bfa3cb73ffae89d59c9282e4737ff792,,copied byte-for-byte from source,,,,,USDA NASS/ERS or BEA; see sidecar metadata,Public source; confirm agency terms and citation before publication,5599,ff875c3537339f4c5c6b107182fe53b169a774e5caae938f7b24dd450875f61a,2026-07-18,selected tests + checksum + static scan,,,,Uncommitted source tree captured; no historical manuscript claim is verified by migration alone,COPIED_CANONICAL
A0129,data/raw/acreage/nass_acreage_planted_barley_2005_2025.metadata.json,nass_acreage_planted_barley_2005_2025.metadata.json,json,raw public agricultural/economic input,REPRODUCIBLE_WITH_EXTERNAL_DOWNLOAD,/Users/luxinyu/Desktop/论文 1/data/raw/acreage/nass_acreage_planted_barley_2005_2025.metadata.json,codex/final-crop-ranking-paper,8da55744bfa3cb73ffae89d59c9282e4737ff792,,copied byte-for-byte from source,,,,,USDA NASS/ERS or BEA; see sidecar metadata,Public source; confirm agency terms and citation before publication,667 bytes,b468af8613aadad700b3b0d6297c7a5c7a20e32135ceefda7259207376be5b03,2026-07-18,selected tests + checksum + static scan,,,,Uncommitted source tree captured; no historical manuscript claim is verified by migration alone,COPIED_CANONICAL
A0130,data/raw/acreage/nass_acreage_planted_corn_2005_2025.csv,nass_acreage_planted_corn_2005_2025.csv,csv,raw public agricultural/economic input,REPRODUCIBLE_WITH_EXTERNAL_DOWNLOAD,/Users/luxinyu/Desktop/论文 1/data/raw/acreage/nass_acreage_planted_corn_2005_2025.csv,codex/final-crop-ranking-paper,8da55744bfa3cb73ffae89d59c9282e4737ff792,,copied byte-for-byte from source,,,,,USDA NASS/ERS or BEA; see sidecar metadata,Public source; confirm agency terms and citation before publication,39854,5dbedf840b898fd5148bd09315cd217c40b4a0a4453a6d3c2bfa241a47d72700,2026-07-18,selected tests + checksum + static scan,,,,Uncommitted source tree captured; no historical manuscript claim is verified by migration alone,COPIED_CANONICAL
A0131,data/raw/acreage/nass_acreage_planted_corn_2005_2025.metadata.json,nass_acreage_planted_corn_2005_2025.metadata.json,json,raw public agricultural/economic input,REPRODUCIBLE_WITH_EXTERNAL_DOWNLOAD,/Users/luxinyu/Desktop/论文 1/data/raw/acreage/nass_acreage_planted_corn_2005_2025.metadata.json,codex/final-crop-ranking-paper,8da55744bfa3cb73ffae89d59c9282e4737ff792,,copied byte-for-byte from source,,,,,USDA NASS/ERS or BEA; see sidecar metadata,Public source; confirm agency terms and citation before publication,666 bytes,da13d141d7f1c7d26828376d85da9e8b96572a240cafccda719b6dac42b14f2c,2026-07-18,selected tests + checksum + static scan,,,,Uncommitted source tree captured; no historical manuscript claim is verified by migration alone,COPIED_CANONICAL
A0132,data/raw/acreage/nass_acreage_planted_oats_2005_2025.csv,nass_acreage_planted_oats_2005_2025.csv,csv,raw public agricultural/economic input,REPRODUCIBLE_WITH_EXTERNAL_DOWNLOAD,/Users/luxinyu/Desktop/论文 1/data/raw/acreage/nass_acreage_planted_oats_2005_2025.csv,codex/final-crop-ranking-paper,8da55744bfa3cb73ffae89d59c9282e4737ff792,,copied byte-for-byte from source,,,,,USDA NASS/ERS or BEA; see sidecar metadata,Public source; confirm agency terms and citation before publication,9890,c46c5945b4ab0425776ab3576a07669cb59aa65ae0d014922eae08438b4eb69a,2026-07-18,selected tests + checksum + static scan,,,,Uncommitted source tree captured; no historical manuscript claim is verified by migration alone,COPIED_CANONICAL
A0133,data/raw/acreage/nass_acreage_planted_oats_2005_2025.metadata.json,nass_acreage_planted_oats_2005_2025.metadata.json,json,raw public agricultural/economic input,REPRODUCIBLE_WITH_EXTERNAL_DOWNLOAD,/Users/luxinyu/Desktop/论文 1/data/raw/acreage/nass_acreage_planted_oats_2005_2025.metadata.json,codex/final-crop-ranking-paper,8da55744bfa3cb73ffae89d59c9282e4737ff792,,copied byte-for-byte from source,,,,,USDA NASS/ERS or BEA; see sidecar metadata,Public source; confirm agency terms and citation before publication,665 bytes,2217d0d7b65993b21ca91a2af532c631191ea7e7f87295084c38aae7fe7ae5f7,2026-07-18,selected tests + checksum + static scan,,,,Uncommitted source tree captured; no historical manuscript claim is verified by migration alone,COPIED_CANONICAL
A0134,data/raw/acreage/nass_acreage_planted_soybean_2005_2025.csv,nass_acreage_planted_soybean_2005_2025.csv,csv,raw public agricultural/economic input,REPRODUCIBLE_WITH_EXTERNAL_DOWNLOAD,/Users/luxinyu/Desktop/论文 1/data/raw/acreage/nass_acreage_planted_soybean_2005_2025.csv,codex/final-crop-ranking-paper,8da55744bfa3cb73ffae89d59c9282e4737ff792,,copied byte-for-byte from source,,,,,USDA NASS/ERS or BEA; see sidecar metadata,Public source; confirm agency terms and citation before publication,33383,668275bc5eb9354900f7e9c453d1c66ff82b8223a378ef713ee5614800052fe9,2026-07-18,selected tests + checksum + static scan,,,,Uncommitted source tree captured; no historical manuscript claim is verified by migration alone,COPIED_CANONICAL
A0135,data/raw/acreage/nass_acreage_planted_soybean_2005_2025.metadata.json,nass_acreage_planted_soybean_2005_2025.metadata.json,json,raw public agricultural/economic input,REPRODUCIBLE_WITH_EXTERNAL_DOWNLOAD,/Users/luxinyu/Desktop/论文 1/data/raw/acreage/nass_acreage_planted_soybean_2005_2025.metadata.json,codex/final-crop-ranking-paper,8da55744bfa3cb73ffae89d59c9282e4737ff792,,copied byte-for-byte from source,,,,,USDA NASS/ERS or BEA; see sidecar metadata,Public source; confirm agency terms and citation before publication,670 bytes,de567aaa09cf53065b16419de54e5a0181f5701bedc8b96f139ededcb2e831fc,2026-07-18,selected tests + checksum + static scan,,,,Uncommitted source tree captured; no historical manuscript claim is verified by migration alone,COPIED_CANONICAL
A0136,data/raw/acreage/nass_acreage_planted_winter_wheat_2005_2025.csv,nass_acreage_planted_winter_wheat_2005_2025.csv,csv,raw public agricultural/economic input,REPRODUCIBLE_WITH_EXTERNAL_DOWNLOAD,/Users/luxinyu/Desktop/论文 1/data/raw/acreage/nass_acreage_planted_winter_wheat_2005_2025.csv,codex/final-crop-ranking-paper,8da55744bfa3cb73ffae89d59c9282e4737ff792,,copied byte-for-byte from source,,,,,USDA NASS/ERS or BEA; see sidecar metadata,Public source; confirm agency terms and citation before publication,29928,9ef4d00f674f06161e42db6f182c00306041a523ddbfefa38ed589a2e41580ba,2026-07-18,selected tests + checksum + static scan,,,,Uncommitted source tree captured; no historical manuscript claim is verified by migration alone,COPIED_CANONICAL
A0137,data/raw/acreage/nass_acreage_planted_winter_wheat_2005_2025.metadata.json,nass_acreage_planted_winter_wheat_2005_2025.metadata.json,json,raw public agricultural/economic input,REPRODUCIBLE_WITH_EXTERNAL_DOWNLOAD,/Users/luxinyu/Desktop/论文 1/data/raw/acreage/nass_acreage_planted_winter_wheat_2005_2025.metadata.json,codex/final-crop-ranking-paper,8da55744bfa3cb73ffae89d59c9282e4737ff792,,copied byte-for-byte from source,,,,,USDA NASS/ERS or BEA; see sidecar metadata,Public source; confirm agency terms and citation before publication,695 bytes,be9611323b46229b19383a970ed7d1b61f1c31dcc725c5d8a96e6ebd6e39e67b,2026-07-18,selected tests + checksum + static scan,,,,Uncommitted source tree captured; no historical manuscript claim is verified by migration alone,COPIED_CANONICAL
A0138,data/raw/cost/ers_costs_barley.csv,ers_costs_barley.csv,csv,raw public agricultural/economic input,REPRODUCIBLE_WITH_EXTERNAL_DOWNLOAD,/Users/luxinyu/Desktop/论文 1/data/raw/cost/ers_costs_barley.csv,codex/final-crop-ranking-paper,8da55744bfa3cb73ffae89d59c9282e4737ff792,,copied byte-for-byte from source,,,,,USDA NASS/ERS or BEA; see sidecar metadata,Public source; confirm agency terms and citation before publication,3322,0a457ce5ec065ab116449f0f045ac8f5a789d7c6887a5bbcd0ce345d503ea687,2026-07-18,selected tests + checksum + static scan,,,,Uncommitted source tree captured; no historical manuscript claim is verified by migration alone,COPIED_CANONICAL
A0139,data/raw/cost/ers_costs_barley.metadata.json,ers_costs_barley.metadata.json,json,raw public agricultural/economic input,REPRODUCIBLE_WITH_EXTERNAL_DOWNLOAD,/Users/luxinyu/Desktop/论文 1/data/raw/cost/ers_costs_barley.metadata.json,codex/final-crop-ranking-paper,8da55744bfa3cb73ffae89d59c9282e4737ff792,,copied byte-for-byte from source,,,,,USDA NASS/ERS or BEA; see sidecar metadata,Public source; confirm agency terms and citation before publication,350 bytes,e1c0e4d4415654dd816a183b6d9f0845fa1a2c0c586d18a8e8ad77ac3c1a3957,2026-07-18,selected tests + checksum + static scan,,,,Uncommitted source tree captured; no historical manuscript claim is verified by migration alone,COPIED_CANONICAL
A0140,data/raw/cost/ers_costs_corn.csv,ers_costs_corn.csv,csv,raw public agricultural/economic input,REPRODUCIBLE_WITH_EXTERNAL_DOWNLOAD,/Users/luxinyu/Desktop/论文 1/data/raw/cost/ers_costs_corn.csv,codex/final-crop-ranking-paper,8da55744bfa3cb73ffae89d59c9282e4737ff792,,copied byte-for-byte from source,,,,,USDA NASS/ERS or BEA; see sidecar metadata,Public source; confirm agency terms and citation before publication,5666,107a04eb8efd4d538766429c206cb1851dc9bea2d97cc090552dc5048c21aee3,2026-07-18,selected tests + checksum + static scan,,,,Uncommitted source tree captured; no historical manuscript claim is verified by migration alone,COPIED_CANONICAL
A0141,data/raw/cost/ers_costs_corn.metadata.json,ers_costs_corn.metadata.json,json,raw public agricultural/economic input,REPRODUCIBLE_WITH_EXTERNAL_DOWNLOAD,/Users/luxinyu/Desktop/论文 1/data/raw/cost/ers_costs_corn.metadata.json,codex/final-crop-ranking-paper,8da55744bfa3cb73ffae89d59c9282e4737ff792,,copied byte-for-byte from source,,,,,USDA NASS/ERS or BEA; see sidecar metadata,Public source; confirm agency terms and citation before publication,348 bytes,323b94e305859b6f05aab22ef4e3f37ef987db3dac7f33198cc48cc6e215d047,2026-07-18,selected tests + checksum + static scan,,,,Uncommitted source tree captured; no historical manuscript claim is verified by migration alone,COPIED_CANONICAL
A0142,data/raw/cost/ers_costs_oats.csv,ers_costs_oats.csv,csv,raw public agricultural/economic input,REPRODUCIBLE_WITH_EXTERNAL_DOWNLOAD,/Users/luxinyu/Desktop/论文 1/data/raw/cost/ers_costs_oats.csv,codex/final-crop-ranking-paper,8da55744bfa3cb73ffae89d59c9282e4737ff792,,copied byte-for-byte from source,,,,,USDA NASS/ERS or BEA; see sidecar metadata,Public source; confirm agency terms and citation before publication,2941,ebbf9204439767da0e8af61b08238f3b6ddddc25a36b14a3a0f65173376a414e,2026-07-18,selected tests + checksum + static scan,,,,Uncommitted source tree captured; no historical manuscript claim is verified by migration alone,COPIED_CANONICAL
A0143,data/raw/cost/ers_costs_oats.metadata.json,ers_costs_oats.metadata.json,json,raw public agricultural/economic input,REPRODUCIBLE_WITH_EXTERNAL_DOWNLOAD,/Users/luxinyu/Desktop/论文 1/data/raw/cost/ers_costs_oats.metadata.json,codex/final-crop-ranking-paper,8da55744bfa3cb73ffae89d59c9282e4737ff792,,copied byte-for-byte from source,,,,,USDA NASS/ERS or BEA; see sidecar metadata,Public source; confirm agency terms and citation before publication,348 bytes,f6ad739d87e3ea3e4a96f0dc9a74a3f8b7ff3dd7bba8f7cedd9191cbaa73c053,2026-07-18,selected tests + checksum + static scan,,,,Uncommitted source tree captured; no historical manuscript claim is verified by migration alone,COPIED_CANONICAL
A0144,data/raw/cost/ers_costs_soybean.csv,ers_costs_soybean.csv,csv,raw public agricultural/economic input,REPRODUCIBLE_WITH_EXTERNAL_DOWNLOAD,/Users/luxinyu/Desktop/论文 1/data/raw/cost/ers_costs_soybean.csv,codex/final-crop-ranking-paper,8da55744bfa3cb73ffae89d59c9282e4737ff792,,copied byte-for-byte from source,,,,,USDA NASS/ERS or BEA; see sidecar metadata,Public source; confirm agency terms and citation before publication,6027,914feeb12e79cdec12cd546a50c30917047b5a143bca716401f80156dff82269,2026-07-18,selected tests + checksum + static scan,,,,Uncommitted source tree captured; no historical manuscript claim is verified by migration alone,COPIED_CANONICAL
A0145,data/raw/cost/ers_costs_soybean.metadata.json,ers_costs_soybean.metadata.json,json,raw public agricultural/economic input,REPRODUCIBLE_WITH_EXTERNAL_DOWNLOAD,/Users/luxinyu/Desktop/论文 1/data/raw/cost/ers_costs_soybean.metadata.json,codex/final-crop-ranking-paper,8da55744bfa3cb73ffae89d59c9282e4737ff792,,copied byte-for-byte from source,,,,,USDA NASS/ERS or BEA; see sidecar metadata,Public source; confirm agency terms and citation before publication,353 bytes,4c20cea9963556c9623a19bc0b7fa0bf52681ae44e1f1102276ad06d3f1f15e8,2026-07-18,selected tests + checksum + static scan,,,,Uncommitted source tree captured; no historical manuscript claim is verified by migration alone,COPIED_CANONICAL
A0146,data/raw/cost/ers_costs_winter_wheat.csv,ers_costs_winter_wheat.csv,csv,raw public agricultural/economic input,REPRODUCIBLE_WITH_EXTERNAL_DOWNLOAD,/Users/luxinyu/Desktop/论文 1/data/raw/cost/ers_costs_winter_wheat.csv,codex/final-crop-ranking-paper,8da55744bfa3cb73ffae89d59c9282e4737ff792,,copied byte-for-byte from source,,,,,USDA NASS/ERS or BEA; see sidecar metadata,Public source; confirm agency terms and citation before publication,6205,8ead5dd384ec57b7c7729d4db7344864664690a1bfcc83ae5be9afd2cf82895f,2026-07-18,selected tests + checksum + static scan,,,,Uncommitted source tree captured; no historical manuscript claim is verified by migration alone,COPIED_CANONICAL
A0147,data/raw/cost/ers_costs_winter_wheat.metadata.json,ers_costs_winter_wheat.metadata.json,json,raw public agricultural/economic input,REPRODUCIBLE_WITH_EXTERNAL_DOWNLOAD,/Users/luxinyu/Desktop/论文 1/data/raw/cost/ers_costs_winter_wheat.metadata.json,codex/final-crop-ranking-paper,8da55744bfa3cb73ffae89d59c9282e4737ff792,,copied byte-for-byte from source,,,,,USDA NASS/ERS or BEA; see sidecar metadata,Public source; confirm agency terms and citation before publication,350 bytes,1be19c566ed4bffcb856105e6eb915cc95647fb8782d3bbbf32b64df05f66bc7,2026-07-18,selected tests + checksum + static scan,,,,Uncommitted source tree captured; no historical manuscript claim is verified by migration alone,COPIED_CANONICAL
A0148,data/raw/deflator/bea_gdpdef_annual_2008_2023.csv,bea_gdpdef_annual_2008_2023.csv,csv,raw public agricultural/economic input,REPRODUCIBLE_WITH_EXTERNAL_DOWNLOAD,/Users/luxinyu/Desktop/论文 1/data/raw/deflator/bea_gdpdef_annual_2008_2023.csv,codex/final-crop-ranking-paper,8da55744bfa3cb73ffae89d59c9282e4737ff792,,copied byte-for-byte from source,,,,,USDA NASS/ERS or BEA; see sidecar metadata,Public source; confirm agency terms and citation before publication,17,d2f8aee869030b230e46126028120299c07744567a7f89f4bf4fb41d07f2f54a,2026-07-18,selected tests + checksum + static scan,,,,Uncommitted source tree captured; no historical manuscript claim is verified by migration alone,COPIED_CANONICAL
A0149,data/raw/price/nass_price_barley_2005_2025.csv,nass_price_barley_2005_2025.csv,csv,raw public agricultural/economic input,REPRODUCIBLE_WITH_EXTERNAL_DOWNLOAD,/Users/luxinyu/Desktop/论文 1/data/raw/price/nass_price_barley_2005_2025.csv,codex/final-crop-ranking-paper,8da55744bfa3cb73ffae89d59c9282e4737ff792,,copied byte-for-byte from source,,,,,USDA NASS/ERS or BEA; see sidecar metadata,Public source; confirm agency terms and citation before publication,6774,ee3a8d084578b267e324673e30739ff272b3588a94331fc9ef5c83591b55f02c,2026-07-18,selected tests + checksum + static scan,,,,Uncommitted source tree captured; no historical manuscript claim is verified by migration alone,COPIED_CANONICAL
A0150,data/raw/price/nass_price_barley_2005_2025.metadata.json,nass_price_barley_2005_2025.metadata.json,json,raw public agricultural/economic input,REPRODUCIBLE_WITH_EXTERNAL_DOWNLOAD,/Users/luxinyu/Desktop/论文 1/data/raw/price/nass_price_barley_2005_2025.metadata.json,codex/final-crop-ranking-paper,8da55744bfa3cb73ffae89d59c9282e4737ff792,,copied byte-for-byte from source,,,,,USDA NASS/ERS or BEA; see sidecar metadata,Public source; confirm agency terms and citation before publication,668 bytes,05b264bec55d60745d9af27c997699900259c948d2293b01fdcb35d3721bf787,2026-07-18,selected tests + checksum + static scan,,,,Uncommitted source tree captured; no historical manuscript claim is verified by migration alone,COPIED_CANONICAL
A0151,data/raw/price/nass_price_corn_2005_2025.csv,nass_price_corn_2005_2025.csv,csv,raw public agricultural/economic input,REPRODUCIBLE_WITH_EXTERNAL_DOWNLOAD,/Users/luxinyu/Desktop/论文 1/data/raw/price/nass_price_corn_2005_2025.csv,codex/final-crop-ranking-paper,8da55744bfa3cb73ffae89d59c9282e4737ff792,,copied byte-for-byte from source,,,,,USDA NASS/ERS or BEA; see sidecar metadata,Public source; confirm agency terms and citation before publication,7073,1a754c966b9adf6ccdd2c646425d5a806961cf8e290c00c08beef109e7fc8804,2026-07-18,selected tests + checksum + static scan,,,,Uncommitted source tree captured; no historical manuscript claim is verified by migration alone,COPIED_CANONICAL
A0152,data/raw/price/nass_price_corn_2005_2025.metadata.json,nass_price_corn_2005_2025.metadata.json,json,raw public agricultural/economic input,REPRODUCIBLE_WITH_EXTERNAL_DOWNLOAD,/Users/luxinyu/Desktop/论文 1/data/raw/price/nass_price_corn_2005_2025.metadata.json,codex/final-crop-ranking-paper,8da55744bfa3cb73ffae89d59c9282e4737ff792,,copied byte-for-byte from source,,,,,USDA NASS/ERS or BEA; see sidecar metadata,Public source; confirm agency terms and citation before publication,666 bytes,d6608a476999925e5688cfc027b43e9056919608870645e42192b6bb2223718d,2026-07-18,selected tests + checksum + static scan,,,,Uncommitted source tree captured; no historical manuscript claim is verified by migration alone,COPIED_CANONICAL
A0153,data/raw/price/nass_price_oats_2005_2025.csv,nass_price_oats_2005_2025.csv,csv,raw public agricultural/economic input,REPRODUCIBLE_WITH_EXTERNAL_DOWNLOAD,/Users/luxinyu/Desktop/论文 1/data/raw/price/nass_price_oats_2005_2025.csv,codex/final-crop-ranking-paper,8da55744bfa3cb73ffae89d59c9282e4737ff792,,copied byte-for-byte from source,,,,,USDA NASS/ERS or BEA; see sidecar metadata,Public source; confirm agency terms and citation before publication,3734,111b74858430b351a5d02d6b516e017bb684d211435f24eb5c780cb7bdd08c23,2026-07-18,selected tests + checksum + static scan,,,,Uncommitted source tree captured; no historical manuscript claim is verified by migration alone,COPIED_CANONICAL
A0154,data/raw/price/nass_price_oats_2005_2025.metadata.json,nass_price_oats_2005_2025.metadata.json,json,raw public agricultural/economic input,REPRODUCIBLE_WITH_EXTERNAL_DOWNLOAD,/Users/luxinyu/Desktop/论文 1/data/raw/price/nass_price_oats_2005_2025.metadata.json,codex/final-crop-ranking-paper,8da55744bfa3cb73ffae89d59c9282e4737ff792,,copied byte-for-byte from source,,,,,USDA NASS/ERS or BEA; see sidecar metadata,Public source; confirm agency terms and citation before publication,665 bytes,ce4bb76e6805011673b07dc06ea1e7d018b8e9869a6c54ee65bf8a7fdb145655,2026-07-18,selected tests + checksum + static scan,,,,Uncommitted source tree captured; no historical manuscript claim is verified by migration alone,COPIED_CANONICAL
A0155,data/raw/price/nass_price_soybean_2005_2025.csv,nass_price_soybean_2005_2025.csv,csv,raw public agricultural/economic input,REPRODUCIBLE_WITH_EXTERNAL_DOWNLOAD,/Users/luxinyu/Desktop/论文 1/data/raw/price/nass_price_soybean_2005_2025.csv,codex/final-crop-ranking-paper,8da55744bfa3cb73ffae89d59c9282e4737ff792,,copied byte-for-byte from source,,,,,USDA NASS/ERS or BEA; see sidecar metadata,Public source; confirm agency terms and citation before publication,5254,79f979827c052f45e2f9dfece5b5fed88046ce8131b7094360dcecbcf05c4140,2026-07-18,selected tests + checksum + static scan,,,,Uncommitted source tree captured; no historical manuscript claim is verified by migration alone,COPIED_CANONICAL
A0156,data/raw/price/nass_price_soybean_2005_2025.metadata.json,nass_price_soybean_2005_2025.metadata.json,json,raw public agricultural/economic input,REPRODUCIBLE_WITH_EXTERNAL_DOWNLOAD,/Users/luxinyu/Desktop/论文 1/data/raw/price/nass_price_soybean_2005_2025.metadata.json,codex/final-crop-ranking-paper,8da55744bfa3cb73ffae89d59c9282e4737ff792,,copied byte-for-byte from source,,,,,USDA NASS/ERS or BEA; see sidecar metadata,Public source; confirm agency terms and citation before publication,669 bytes,56f3396154050552e361f2bb5769fd90922509be44bc7b969b9cbafdcabbe75a,2026-07-18,selected tests + checksum + static scan,,,,Uncommitted source tree captured; no historical manuscript claim is verified by migration alone,COPIED_CANONICAL
A0157,data/raw/price/nass_price_winter_wheat_2005_2025.csv,nass_price_winter_wheat_2005_2025.csv,csv,raw public agricultural/economic input,REPRODUCIBLE_WITH_EXTERNAL_DOWNLOAD,/Users/luxinyu/Desktop/论文 1/data/raw/price/nass_price_winter_wheat_2005_2025.csv,codex/final-crop-ranking-paper,8da55744bfa3cb73ffae89d59c9282e4737ff792,,copied byte-for-byte from source,,,,,USDA NASS/ERS or BEA; see sidecar metadata,Public source; confirm agency terms and citation before publication,5805,4a8b5959be663e74dbea288db6e85b0fed28692acfc02769df87f1e10a24b72a,2026-07-18,selected tests + checksum + static scan,,,,Uncommitted source tree captured; no historical manuscript claim is verified by migration alone,COPIED_CANONICAL
A0158,data/raw/price/nass_price_winter_wheat_2005_2025.metadata.json,nass_price_winter_wheat_2005_2025.metadata.json,json,raw public agricultural/economic input,REPRODUCIBLE_WITH_EXTERNAL_DOWNLOAD,/Users/luxinyu/Desktop/论文 1/data/raw/price/nass_price_winter_wheat_2005_2025.metadata.json,codex/final-crop-ranking-paper,8da55744bfa3cb73ffae89d59c9282e4737ff792,,copied byte-for-byte from source,,,,,USDA NASS/ERS or BEA; see sidecar metadata,Public source; confirm agency terms and citation before publication,695 bytes,e96211be0c7932aa64cf12cff45bdc230bc020814ff0f6d5fe80d94ad8cb35ef,2026-07-18,selected tests + checksum + static scan,,,,Uncommitted source tree captured; no historical manuscript claim is verified by migration alone,COPIED_CANONICAL
A0159,data/raw/yield/nass_yield_barley_2005_2025.csv,nass_yield_barley_2005_2025.csv,csv,raw public agricultural/economic input,REPRODUCIBLE_WITH_EXTERNAL_DOWNLOAD,/Users/luxinyu/Desktop/论文 1/data/raw/yield/nass_yield_barley_2005_2025.csv,codex/final-crop-ranking-paper,8da55744bfa3cb73ffae89d59c9282e4737ff792,,copied byte-for-byte from source,,,,,USDA NASS/ERS or BEA; see sidecar metadata,Public source; confirm agency terms and citation before publication,5594,400ffe1c658e2b95897bfa60709e157e6a9bc4a0d7a86afeaee37b52dbe9b679,2026-07-18,selected tests + checksum + static scan,,,,Uncommitted source tree captured; no historical manuscript claim is verified by migration alone,COPIED_CANONICAL
A0160,data/raw/yield/nass_yield_barley_2005_2025.metadata.json,nass_yield_barley_2005_2025.metadata.json,json,raw public agricultural/economic input,REPRODUCIBLE_WITH_EXTERNAL_DOWNLOAD,/Users/luxinyu/Desktop/论文 1/data/raw/yield/nass_yield_barley_2005_2025.metadata.json,codex/final-crop-ranking-paper,8da55744bfa3cb73ffae89d59c9282e4737ff792,,copied byte-for-byte from source,,,,,USDA NASS/ERS or BEA; see sidecar metadata,Public source; confirm agency terms and citation before publication,660 bytes,c5ac8716ec7b812db5efe8d7d0e3d11c34d5cc9b03886fadd6eda872baf0a193,2026-07-18,selected tests + checksum + static scan,,,,Uncommitted source tree captured; no historical manuscript claim is verified by migration alone,COPIED_CANONICAL
A0161,data/raw/yield/nass_yield_corn_2005_2025.csv,nass_yield_corn_2005_2025.csv,csv,raw public agricultural/economic input,REPRODUCIBLE_WITH_EXTERNAL_DOWNLOAD,/Users/luxinyu/Desktop/论文 1/data/raw/yield/nass_yield_corn_2005_2025.csv,codex/final-crop-ranking-paper,8da55744bfa3cb73ffae89d59c9282e4737ff792,,copied byte-for-byte from source,,,,,USDA NASS/ERS or BEA; see sidecar metadata,Public source; confirm agency terms and citation before publication,47906,ef9171f4abffadd94548e8f12fdf73464cbb67d7d99295f47c7bea81c4413d3e,2026-07-18,selected tests + checksum + static scan,,,,Uncommitted source tree captured; no historical manuscript claim is verified by migration alone,COPIED_CANONICAL
A0162,data/raw/yield/nass_yield_corn_2005_2025.metadata.json,nass_yield_corn_2005_2025.metadata.json,json,raw public agricultural/economic input,REPRODUCIBLE_WITH_EXTERNAL_DOWNLOAD,/Users/luxinyu/Desktop/论文 1/data/raw/yield/nass_yield_corn_2005_2025.metadata.json,codex/final-crop-ranking-paper,8da55744bfa3cb73ffae89d59c9282e4737ff792,,copied byte-for-byte from source,,,,,USDA NASS/ERS or BEA; see sidecar metadata,Public source; confirm agency terms and citation before publication,659 bytes,51e3dcb6be6add52e585e633222b7aa3f99d599c157ddd5bc12259d4d761cc45,2026-07-18,selected tests + checksum + static scan,,,,Uncommitted source tree captured; no historical manuscript claim is verified by migration alone,COPIED_CANONICAL
A0163,data/raw/yield/nass_yield_oats_2005_2025.csv,nass_yield_oats_2005_2025.csv,csv,raw public agricultural/economic input,REPRODUCIBLE_WITH_EXTERNAL_DOWNLOAD,/Users/luxinyu/Desktop/论文 1/data/raw/yield/nass_yield_oats_2005_2025.csv,codex/final-crop-ranking-paper,8da55744bfa3cb73ffae89d59c9282e4737ff792,,copied byte-for-byte from source,,,,,USDA NASS/ERS or BEA; see sidecar metadata,Public source; confirm agency terms and citation before publication,9883,596d08accdaebf535dd5a50a78674d8fc81f5b732ef47b29c89024694a1756ec,2026-07-18,selected tests + checksum + static scan,,,,Uncommitted source tree captured; no historical manuscript claim is verified by migration alone,COPIED_CANONICAL
A0164,data/raw/yield/nass_yield_oats_2005_2025.metadata.json,nass_yield_oats_2005_2025.metadata.json,json,raw public agricultural/economic input,REPRODUCIBLE_WITH_EXTERNAL_DOWNLOAD,/Users/luxinyu/Desktop/论文 1/data/raw/yield/nass_yield_oats_2005_2025.metadata.json,codex/final-crop-ranking-paper,8da55744bfa3cb73ffae89d59c9282e4737ff792,,copied byte-for-byte from source,,,,,USDA NASS/ERS or BEA; see sidecar metadata,Public source; confirm agency terms and citation before publication,658 bytes,5911ccb5da522f16db7c1623958d75cbe053bf95d793dc8d8353d17edb8e6657,2026-07-18,selected tests + checksum + static scan,,,,Uncommitted source tree captured; no historical manuscript claim is verified by migration alone,COPIED_CANONICAL
A0165,data/raw/yield/nass_yield_soybean_2005_2025.csv,nass_yield_soybean_2005_2025.csv,csv,raw public agricultural/economic input,REPRODUCIBLE_WITH_EXTERNAL_DOWNLOAD,/Users/luxinyu/Desktop/论文 1/data/raw/yield/nass_yield_soybean_2005_2025.csv,codex/final-crop-ranking-paper,8da55744bfa3cb73ffae89d59c9282e4737ff792,,copied byte-for-byte from source,,,,,USDA NASS/ERS or BEA; see sidecar metadata,Public source; confirm agency terms and citation before publication,33382,bc73707c5d3dea922f6be9d2f9d2da72d923655c48066812eac1d7ce55999a86,2026-07-18,selected tests + checksum + static scan,,,,Uncommitted source tree captured; no historical manuscript claim is verified by migration alone,COPIED_CANONICAL
A0166,data/raw/yield/nass_yield_soybean_2005_2025.metadata.json,nass_yield_soybean_2005_2025.metadata.json,json,raw public agricultural/economic input,REPRODUCIBLE_WITH_EXTERNAL_DOWNLOAD,/Users/luxinyu/Desktop/论文 1/data/raw/yield/nass_yield_soybean_2005_2025.metadata.json,codex/final-crop-ranking-paper,8da55744bfa3cb73ffae89d59c9282e4737ff792,,copied byte-for-byte from source,,,,,USDA NASS/ERS or BEA; see sidecar metadata,Public source; confirm agency terms and citation before publication,663 bytes,5a2df9a18791efdfda34e51544e7295e5cabab0d6c3526f9cbd48438fc581107,2026-07-18,selected tests + checksum + static scan,,,,Uncommitted source tree captured; no historical manuscript claim is verified by migration alone,COPIED_CANONICAL
A0167,data/raw/yield/nass_yield_winter_wheat_2005_2025.csv,nass_yield_winter_wheat_2005_2025.csv,csv,raw public agricultural/economic input,REPRODUCIBLE_WITH_EXTERNAL_DOWNLOAD,/Users/luxinyu/Desktop/论文 1/data/raw/yield/nass_yield_winter_wheat_2005_2025.csv,codex/final-crop-ranking-paper,8da55744bfa3cb73ffae89d59c9282e4737ff792,,copied byte-for-byte from source,,,,,USDA NASS/ERS or BEA; see sidecar metadata,Public source; confirm agency terms and citation before publication,31812,fe20d89861bd9f08ce17bfdeb104d612675368023f7c88e0b00475de70913832,2026-07-18,selected tests + checksum + static scan,,,,Uncommitted source tree captured; no historical manuscript claim is verified by migration alone,COPIED_CANONICAL
A0168,data/raw/yield/nass_yield_winter_wheat_2005_2025.metadata.json,nass_yield_winter_wheat_2005_2025.metadata.json,json,raw public agricultural/economic input,REPRODUCIBLE_WITH_EXTERNAL_DOWNLOAD,/Users/luxinyu/Desktop/论文 1/data/raw/yield/nass_yield_winter_wheat_2005_2025.metadata.json,codex/final-crop-ranking-paper,8da55744bfa3cb73ffae89d59c9282e4737ff792,,copied byte-for-byte from source,,,,,USDA NASS/ERS or BEA; see sidecar metadata,Public source; confirm agency terms and citation before publication,688 bytes,bfe8e66919edd1c9cbf988d50ac5f95ab26b33eb2ade59ed72ac92d1838a4975,2026-07-18,selected tests + checksum + static scan,,,,Uncommitted source tree captured; no historical manuscript claim is verified by migration alone,COPIED_CANONICAL
A0169,data/raw_manifest/processed_panel_validation.json,processed_panel_validation.json,json,"reproducibility code, configuration, test, or provenance",VERIFIED_REPRODUCIBLE,/Users/luxinyu/Desktop/论文 1/data/metadata/processed_panel_validation.json,codex/final-crop-ranking-paper,8da55744bfa3cb73ffae89d59c9282e4737ff792,,copied byte-for-byte from source,,,,,historical Git workspace,Public source; confirm agency terms and citation before publication,134 bytes,9752b872cc125eff0183009ca764458b2a00ca17975750fe020eacc7e5a76c0a,2026-07-18,selected tests + checksum + static scan,,,,Uncommitted source tree captured; no historical manuscript claim is verified by migration alone,COPIED_CANONICAL
A0170,data/raw_manifest/raw_file_manifest.csv,raw_file_manifest.csv,csv,"reproducibility code, configuration, test, or provenance",VERIFIED_REPRODUCIBLE,/Users/luxinyu/Desktop/论文 1/data/metadata/raw_file_manifest.csv,codex/final-crop-ranking-paper,8da55744bfa3cb73ffae89d59c9282e4737ff792,,copied byte-for-byte from source,,,,,historical Git workspace,Public source; confirm agency terms and citation before publication,26,4c02a73148f499ccde946b04d3703d19e8c9087be6bf9b2a5b7d25b0522aa790,2026-07-18,selected tests + checksum + static scan,,,,Uncommitted source tree captured; no historical manuscript claim is verified by migration alone,COPIED_CANONICAL
A0171,data/schemas/processed_panel_validation.json,processed_panel_validation.json,json,"reproducibility code, configuration, test, or provenance",VERIFIED_REPRODUCIBLE,/Users/luxinyu/Desktop/论文 1/data/schemas/processed_panel_validation.json,codex/final-crop-ranking-paper,8da55744bfa3cb73ffae89d59c9282e4737ff792,,copied byte-for-byte from source,,,,,historical Git workspace,Public source; confirm agency terms and citation before publication,134 bytes,9752b872cc125eff0183009ca764458b2a00ca17975750fe020eacc7e5a76c0a,2026-07-18,selected tests + checksum + static scan,,,,Uncommitted source tree captured; no historical manuscript claim is verified by migration alone,COPIED_CANONICAL
A0172,environment/environment_notes.md,environment_notes.md,md,"reproducibility code, configuration, test, or provenance",VERIFIED_REPRODUCIBLE,/Users/luxinyu/Desktop/论文 1/environment_notes.md,codex/final-crop-ranking-paper,8da55744bfa3cb73ffae89d59c9282e4737ff792,,copied byte-for-byte from source,,,,,historical Git workspace,Repository-owned code/provenance; license not supplied,3,4972f7ff3f46db598e07570b8dbe971e8c65c734af79afc7e7cedd0e1639c675,2026-07-18,selected tests + checksum + static scan,,,,Uncommitted source tree captured; no historical manuscript claim is verified by migration alone,COPIED_CANONICAL
A0173,environment/pyproject.toml,pyproject.toml,toml,"reproducibility code, configuration, test, or provenance",VERIFIED_REPRODUCIBLE,/Users/luxinyu/Desktop/论文 1/pyproject.toml,codex/final-crop-ranking-paper,8da55744bfa3cb73ffae89d59c9282e4737ff792,,copied byte-for-byte from source,,,,,historical Git workspace,Repository-owned code/provenance; license not supplied,756 bytes,de19d61a59b889b668421925064e7c00cb673b10ca704a05d03eeed0b4fab6c8,2026-07-18,selected tests + checksum + static scan,,,,Uncommitted source tree captured; no historical manuscript claim is verified by migration alone,COPIED_CANONICAL
A0174,environment/requirements.txt,requirements.txt,txt,"reproducibility code, configuration, test, or provenance",VERIFIED_REPRODUCIBLE,/Users/luxinyu/Desktop/论文 1/requirements.txt,codex/final-crop-ranking-paper,8da55744bfa3cb73ffae89d59c9282e4737ff792,,copied byte-for-byte from source,,,,,historical Git workspace,Repository-owned code/provenance; license not supplied,10,b21a12622871b4c9879a15d6ceaac2aac40b028896fe715da56d7850310bd4b4,2026-07-18,selected tests + checksum + static scan,,,,Uncommitted source tree captured; no historical manuscript claim is verified by migration alone,COPIED_CANONICAL
A0175,environment/system_info.txt,system_info.txt,txt,"reproducibility code, configuration, test, or provenance",VERIFIED_REPRODUCIBLE,/Users/luxinyu/Desktop/论文 1/system_info.txt,codex/final-crop-ranking-paper,8da55744bfa3cb73ffae89d59c9282e4737ff792,,copied byte-for-byte from source,,,,,historical Git workspace,Repository-owned code/provenance; license not supplied,12,040e0123df5350b58248e0452b0930c518ae8f8eef28c1ff6dafd85f5d669320,2026-07-18,selected tests + checksum + static scan,,,,Uncommitted source tree captured; no historical manuscript claim is verified by migration alone,COPIED_CANONICAL
A0176,migration_tests/expected_results/smoke_empirical_summary.csv,smoke_empirical_summary.csv,csv,"reproducibility code, configuration, test, or provenance",VERIFIED_REPRODUCIBLE,/Users/luxinyu/Desktop/论文 1/migration_tests/expected_results/smoke_empirical_summary.csv,codex/final-crop-ranking-paper,8da55744bfa3cb73ffae89d59c9282e4737ff792,,copied byte-for-byte from source,,,,,historical Git workspace,Repository-owned code/provenance; license not supplied,2,2a0b1e6f07eb557cdf772ec896b998752402151596f9731a5b1e2e0618d06099,2026-07-18,selected tests + checksum + static scan,,,,Uncommitted source tree captured; no historical manuscript claim is verified by migration alone,COPIED_CANONICAL
A0177,migration_tests/expected_results/smoke_optimization.json,smoke_optimization.json,json,"reproducibility code, configuration, test, or provenance",VERIFIED_REPRODUCIBLE,/Users/luxinyu/Desktop/论文 1/migration_tests/expected_results/smoke_optimization.json,codex/final-crop-ranking-paper,8da55744bfa3cb73ffae89d59c9282e4737ff792,,copied byte-for-byte from source,configs/base_config.yaml,,,,historical Git workspace,Repository-owned code/provenance; license not supplied,808 bytes,f4b715f647c91e62aeecd69486eff38041e6aeecf6cee4eaedcc3e87083fc200,2026-07-18,selected tests + checksum + static scan,,,,Uncommitted source tree captured; no historical manuscript claim is verified by migration alone,COPIED_CANONICAL
A0178,migration_tests/generate_records.py,generate_records.py,py,"reproducibility code, configuration, test, or provenance",VERIFIED_REPRODUCIBLE,/Users/luxinyu/Desktop/论文 1/migration_tests/generate_records.py,codex/final-crop-ranking-paper,8da55744bfa3cb73ffae89d59c9282e4737ff792,,copied byte-for-byte from source,,,,,historical Git workspace,Repository-owned code/provenance; license not supplied,58,58a87cd6ca30a133422a90010ab7cd8cbd17bd799934154324087899c755dc7d,2026-07-18,selected tests + checksum + static scan,,,,Uncommitted source tree captured; no historical manuscript claim is verified by migration alone,COPIED_CANONICAL
A0179,migration_tests/smoke_test.py,smoke_test.py,py,"reproducibility code, configuration, test, or provenance",VERIFIED_REPRODUCIBLE,/Users/luxinyu/Desktop/论文 1/migration_tests/smoke_test.py,codex/final-crop-ranking-paper,8da55744bfa3cb73ffae89d59c9282e4737ff792,,copied byte-for-byte from source,,,,,historical Git workspace,Repository-owned code/provenance; license not supplied,55,ff2e13339f31fdf8b8b3a7ed5651b493bab3af5f6cb7876772485b7789632d64,2026-07-18,selected tests + checksum + static scan,,,,Uncommitted source tree captured; no historical manuscript claim is verified by migration alone,COPIED_CANONICAL
A0180,migration_tests/smoke_test.sh,smoke_test.sh,sh,"reproducibility code, configuration, test, or provenance",VERIFIED_REPRODUCIBLE,/Users/luxinyu/Desktop/论文 1/migration_tests/smoke_test.sh,codex/final-crop-ranking-paper,8da55744bfa3cb73ffae89d59c9282e4737ff792,,copied byte-for-byte from source,,,,,historical Git workspace,Repository-owned code/provenance; license not supplied,117 bytes,80355cfe85e4506629f93d7e03501d54c3a6ec15a8074f16bc693798ee359782,2026-07-18,selected tests + checksum + static scan,,,,Uncommitted source tree captured; no historical manuscript claim is verified by migration alone,COPIED_CANONICAL
A0181,migration_tests/validate_checksums.py,validate_checksums.py,py,"reproducibility code, configuration, test, or provenance",VERIFIED_REPRODUCIBLE,/Users/luxinyu/Desktop/论文 1/migration_tests/validate_checksums.py,codex/final-crop-ranking-paper,8da55744bfa3cb73ffae89d59c9282e4737ff792,,copied byte-for-byte from source,,,,,historical Git workspace,Repository-owned code/provenance; license not supplied,15,3fca9e0a16ac693cc7dfe330623b6cd61fb61e30ebd665b44afca9410433752b,2026-07-18,selected tests + checksum + static scan,,,,Uncommitted source tree captured; no historical manuscript claim is verified by migration alone,COPIED_CANONICAL
A0182,migration_tests/validate_manifest.py,validate_manifest.py,py,"reproducibility code, configuration, test, or provenance",VERIFIED_REPRODUCIBLE,/Users/luxinyu/Desktop/论文 1/migration_tests/validate_manifest.py,codex/final-crop-ranking-paper,8da55744bfa3cb73ffae89d59c9282e4737ff792,,copied byte-for-byte from source,,,,,historical Git workspace,Repository-owned code/provenance; license not supplied,9,3edc8cd5e1c7cc494297bc31fc77e0d8d67f71e9406548f327c0dc366785ebc2,2026-07-18,selected tests + checksum + static scan,,,,Uncommitted source tree captured; no historical manuscript claim is verified by migration alone,COPIED_CANONICAL
A0183,provenance/commands/smoke_command.txt,smoke_command.txt,txt,"reproducibility code, configuration, test, or provenance",VERIFIED_REPRODUCIBLE,/Users/luxinyu/Desktop/论文 1/provenance/commands/smoke_command.txt,codex/final-crop-ranking-paper,8da55744bfa3cb73ffae89d59c9282e4737ff792,,copied byte-for-byte from source,,,,,historical Git workspace,Repository-owned code/provenance; license not supplied,1,a753fcf7ef7e0b7dc2015a7c0855d4086efad9114f3454426de6d41a6e5f130c,2026-07-18,selected tests + checksum + static scan,,,,Uncommitted source tree captured; no historical manuscript claim is verified by migration alone,COPIED_CANONICAL
A0184,provenance/git/UNCOMMITTED_BUT_CAPTURED.patch,UNCOMMITTED_BUT_CAPTURED.patch,patch,"reproducibility code, configuration, test, or provenance",VERIFIED_REPRODUCIBLE,/Users/luxinyu/Desktop/论文 1/provenance/git/UNCOMMITTED_BUT_CAPTURED.patch,codex/final-crop-ranking-paper,8da55744bfa3cb73ffae89d59c9282e4737ff792,,copied byte-for-byte from source,,,,,historical Git workspace,Repository-owned code/provenance; license not supplied,106541 bytes,ee8b35b69c90bb98869cf0e6f0a7ac1b7dcd3e659d5841fd5cff96b396d17032,2026-07-18,selected tests + checksum + static scan,,,,Uncommitted source tree captured; no historical manuscript claim is verified by migration alone,COPIED_CANONICAL
A0185,provenance/git/git_diff_stat.txt,git_diff_stat.txt,txt,"reproducibility code, configuration, test, or provenance",VERIFIED_REPRODUCIBLE,/Users/luxinyu/Desktop/论文 1/provenance/git/git_diff_stat.txt,codex/final-crop-ranking-paper,8da55744bfa3cb73ffae89d59c9282e4737ff792,,copied byte-for-byte from source,,,,,historical Git workspace,Repository-owned code/provenance; license not supplied,128,cecc731656c7dbebdf495e857f9794603fc82330a17f0dc33dc42f2dab455387,2026-07-18,selected tests + checksum + static scan,,,,Uncommitted source tree captured; no historical manuscript claim is verified by migration alone,COPIED_CANONICAL
A0186,provenance/git/git_status_short.txt,git_status_short.txt,txt,"reproducibility code, configuration, test, or provenance",VERIFIED_REPRODUCIBLE,/Users/luxinyu/Desktop/论文 1/provenance/git/git_status_short.txt,codex/final-crop-ranking-paper,8da55744bfa3cb73ffae89d59c9282e4737ff792,,copied byte-for-byte from source,,,,,historical Git workspace,Repository-owned code/provenance; license not supplied,166,0f37c0929e3d0cbf76ec2d120a4d7ad1a399da9aedb667d0a8da43c99b10e5fe,2026-07-18,selected tests + checksum + static scan,,,,Uncommitted source tree captured; no historical manuscript claim is verified by migration alone,COPIED_CANONICAL
A0187,provenance/git/source_tracked_files.txt,source_tracked_files.txt,txt,"reproducibility code, configuration, test, or provenance",VERIFIED_REPRODUCIBLE,/Users/luxinyu/Desktop/论文 1/provenance/git/source_tracked_files.txt,codex/final-crop-ranking-paper,8da55744bfa3cb73ffae89d59c9282e4737ff792,,copied byte-for-byte from source,,,,,historical Git workspace,Repository-owned code/provenance; license not supplied,110,d733dc50341918967996ac2efc67a9dee4ebcedcc902eea69dc1d6967cf09e65,2026-07-18,selected tests + checksum + static scan,,,,Uncommitted source tree captured; no historical manuscript claim is verified by migration alone,COPIED_CANONICAL
A0188,provenance/logs/smoke_run_1.log,smoke_run_1.log,log,"reproducibility code, configuration, test, or provenance",VERIFIED_REPRODUCIBLE,/Users/luxinyu/Desktop/论文 1/provenance/logs/smoke_run_1.log,codex/final-crop-ranking-paper,8da55744bfa3cb73ffae89d59c9282e4737ff792,,copied byte-for-byte from source,,,,,historical Git workspace,Repository-owned code/provenance; license not supplied,120 bytes,895961a83a88b0c3ba771b8dc2e387109c8f1517a16885641b769cb9376abc03,2026-07-18,selected tests + checksum + static scan,,,,Uncommitted source tree captured; no historical manuscript claim is verified by migration alone,COPIED_CANONICAL
A0189,provenance/logs/smoke_run_2.log,smoke_run_2.log,log,"reproducibility code, configuration, test, or provenance",VERIFIED_REPRODUCIBLE,/Users/luxinyu/Desktop/论文 1/provenance/logs/smoke_run_2.log,codex/final-crop-ranking-paper,8da55744bfa3cb73ffae89d59c9282e4737ff792,,copied byte-for-byte from source,,,,,historical Git workspace,Repository-owned code/provenance; license not supplied,120 bytes,895961a83a88b0c3ba771b8dc2e387109c8f1517a16885641b769cb9376abc03,2026-07-18,selected tests + checksum + static scan,,,,Uncommitted source tree captured; no historical manuscript claim is verified by migration alone,COPIED_CANONICAL
A0190,provenance/output_lineage/numerical_comparison.txt,numerical_comparison.txt,txt,"reproducibility code, configuration, test, or provenance",VERIFIED_REPRODUCIBLE,/Users/luxinyu/Desktop/论文 1/provenance/output_lineage/numerical_comparison.txt,codex/final-crop-ranking-paper,8da55744bfa3cb73ffae89d59c9282e4737ff792,,copied byte-for-byte from source,,,,,historical Git workspace,Repository-owned code/provenance; license not supplied,1,57adbcb2b34844ef56215d9e608c6e62f7b3c1cb10922891b897fe25a96aec06,2026-07-18,selected tests + checksum + static scan,,,,Uncommitted source tree captured; no historical manuscript claim is verified by migration alone,COPIED_CANONICAL
A0191,provenance/seeds/seed_registry.txt,seed_registry.txt,txt,"reproducibility code, configuration, test, or provenance",VERIFIED_REPRODUCIBLE,/Users/luxinyu/Desktop/论文 1/provenance/seeds/seed_registry.txt,codex/final-crop-ranking-paper,8da55744bfa3cb73ffae89d59c9282e4737ff792,,copied byte-for-byte from source,,,,,historical Git workspace,Repository-owned code/provenance; license not supplied,1,28dfa223aee2c01850d6b1ea8e64cca37bd26c8071bcf112a49bd56f796031f7,2026-07-18,selected tests + checksum + static scan,,,,Uncommitted source tree captured; no historical manuscript claim is verified by migration alone,COPIED_CANONICAL
A0192,review_required/README.md,README.md,md,review-directory documentation,VERIFIED_REPRODUCIBLE,/Users/luxinyu/Desktop/论文 1/review_required/README.md,codex/final-crop-ranking-paper,8da55744bfa3cb73ffae89d59c9282e4737ff792,,copied byte-for-byte from source,,,,,generated migration documentation,Repository-owned code/provenance; license not supplied,3,c962f6251edfdf9861d853cd0f20e0bcd236b1625e9f10f2199c9940d95d4fb7,2026-07-18,selected tests + checksum + static scan,,,,Uncommitted source tree captured; no historical manuscript claim is verified by migration alone,COPIED_CANONICAL
A0193,verified_outputs/figures/smoke_allocation.png,smoke_allocation.png,png,bounded smoke-reproduction output,VERIFIED_REPRODUCIBLE,GENERATED_IN_MIGRATION,codex/final-crop-ranking-paper,8da55744bfa3cb73ffae89d59c9282e4737ff792,migration_tests/smoke_test.py,python migration_tests/smoke_test.py,configs/base_config.yaml,data/processed/county_year_crop_panel.csv; code/utilities/src,verified_outputs/figures/smoke_allocation.png,20260703,generated inside migration package,Repository-owned code/provenance; license not supplied,28065 bytes,d59750eb3431e66f884f8be2f6bc927ee2bc4940a292f18b8c90874bfec65bcd,2026-07-18,fresh smoke reproduction,SMOKE_EMPIRICAL;SMOKE_OPTIMIZATION,,SMOKE_FIGURE,Uncommitted source tree captured; no historical manuscript claim is verified by migration alone,COPIED_CANONICAL
A0194,verified_outputs/figures/smoke_allocation_figure_data.csv,smoke_allocation_figure_data.csv,csv,bounded smoke-reproduction output,VERIFIED_REPRODUCIBLE,GENERATED_IN_MIGRATION,codex/final-crop-ranking-paper,8da55744bfa3cb73ffae89d59c9282e4737ff792,migration_tests/smoke_test.py,python migration_tests/smoke_test.py,configs/base_config.yaml,data/processed/county_year_crop_panel.csv; code/utilities/src,verified_outputs/figures/smoke_allocation_figure_data.csv,20260703,generated inside migration package,Repository-owned code/provenance; license not supplied,4,a3fe8b585b336426a45e750248ad5bf298321f8b0d2522f5b10565e248eb1d02,2026-07-18,fresh smoke reproduction,SMOKE_EMPIRICAL;SMOKE_OPTIMIZATION,,SMOKE_FIGURE,Uncommitted source tree captured; no historical manuscript claim is verified by migration alone,COPIED_CANONICAL
A0195,verified_outputs/metrics/smoke_optimization.json,smoke_optimization.json,json,bounded smoke-reproduction output,VERIFIED_REPRODUCIBLE,GENERATED_IN_MIGRATION,codex/final-crop-ranking-paper,8da55744bfa3cb73ffae89d59c9282e4737ff792,migration_tests/smoke_test.py,python migration_tests/smoke_test.py,configs/base_config.yaml,data/processed/county_year_crop_panel.csv; code/utilities/src,verified_outputs/metrics/smoke_optimization.json,20260703,generated inside migration package,Repository-owned code/provenance; license not supplied,808 bytes,f4b715f647c91e62aeecd69486eff38041e6aeecf6cee4eaedcc3e87083fc200,2026-07-18,fresh smoke reproduction,SMOKE_EMPIRICAL;SMOKE_OPTIMIZATION,,,Uncommitted source tree captured; no historical manuscript claim is verified by migration alone,COPIED_CANONICAL
A0196,verified_outputs/tables/smoke_empirical_summary.csv,smoke_empirical_summary.csv,csv,bounded smoke-reproduction output,VERIFIED_REPRODUCIBLE,GENERATED_IN_MIGRATION,codex/final-crop-ranking-paper,8da55744bfa3cb73ffae89d59c9282e4737ff792,migration_tests/smoke_test.py,python migration_tests/smoke_test.py,configs/base_config.yaml,data/processed/county_year_crop_panel.csv; code/utilities/src,verified_outputs/tables/smoke_empirical_summary.csv,20260703,generated inside migration package,Repository-owned code/provenance; license not supplied,2,2a0b1e6f07eb557cdf772ec896b998752402151596f9731a5b1e2e0618d06099,2026-07-18,fresh smoke reproduction,SMOKE_EMPIRICAL;SMOKE_OPTIMIZATION,SMOKE_TABLE,,Uncommitted source tree captured; no historical manuscript claim is verified by migration alone,COPIED_CANONICAL
